timestamp,model,line_id,from_bus,to_bus,v_surface_ms,p_tower,p_span,p_line,towers,spans,design_line_load_n,design_tower_load_kn
2024-09-01 00:00:00,schloemer,L0,22,23,60.21625271502986,1.3450573987938697e-11,8.735073686594319e-08,6.988594836165873e-07,4,8,2184616.11112,34734.983586
2024-09-01 00:00:00,schloemer,L1,23,69,56.92905085273751,9.945377854592152e-13,1.633260193756314e-11,1.3463896664234198e-10,4,8,2184616.11112,34734.983586
2024-09-01 00:00:00,schloemer,L2,23,71,59.25235175695875,6.264877505657296e-12,9.560668368102654e-09,7.65104039013309e-08,4,8,2184616.11112,34734.983586
2024-09-01 00:00:00,schloemer,L3,29,37,42.69236144822609,0.0,0.0,0.0,4,8,2184616.11112,34734.983586
2024-09-01 00:00:00,schloemer,L4,32,36,41.55117719308154,0.0,0.0,0.0,4,8,2184616.11112,34734.983586
2024-09-01 00:00:00,schloemer,L5,33,36,42.58452194017795,0.0,0.0,0.0,4,8,2184616.11112,34734.983586
2024-09-01 00:00:00,schloemer,L6,33,42,43.90670405425342,0.0,0.0,0.0,4,8,2184616.11112,34734.983586
2024-09-01 00:00:00,schloemer,L7,34,36,41.29771097421215,0.0,0.0,0.0,4,8,2184616.11112,34734.983586
2024-09-01 00:00:00,schloemer,L8,36,38,42.1941649552415,0.0,0.0,0.0,4,8,2184616.11112,34734.983586
2024-09-01 00:00:00,schloemer,L9,36,39,42.94371637356205,0.0,0.0,0.0,4,8,2184616.11112,34734.983586
2024-09-01 00:00:00,schloemer,L10,37,36,42.78093063112256,0.0,0.0,0.0,20,48,2185542.33716,34764.744572
2024-09-01 00:00:00,schloemer,L11,37,64,44.845018955340564,1.1102230246251565e-16,0.0,4.440892098500626e-16,4,8,2184616.11112,34734.983586
2024-09-01 00:00:00,schloemer,L12,38,39,43.03319701163001,0.0,0.0,0.0,4,8,2184616.11112,34734.983586
2024-09-01 00:00:00,schloemer,L13,39,40,44.34876378734763,1.1102230246251565e-16,0.0,4.440892098500626e-16,4,8,2184616.11112,34734.983586
2024-09-01 00:00:00,schloemer,L14,39,41,45.12061429156972,1.1102230246251565e-16,0.0,4.440892098500626e-16,4,8,2184616.11112,34734.983586
2024-09-01 00:00:00,schloemer,L15,40,41,45.68799310821217,2.220446049250313e-16,0.0,8.881784197001252e-16,4,8,2184616.11112,34734.983586
2024-09-01 00:00:00,schloemer,L16,41,48,48.25884031225568,1.2212453270876722e-15,0.0,4.884981308350689e-15,4,8,2184616.11112,34734.983586
2024-09-01 00:00:00,schloemer,L17,41,48,48.25884031225568,1.2212453270876722e-15,0.0,4.884981308350689e-15,4,8,2184616.11112,34734.983586
2024-09-01 00:00:00,schloemer,L18,42,43,45.8159448726098,2.220446049250313e-16,0.0,8.881784197001252e-16,4,8,2184616.11112,34734.983586
2024-09-01 00:00:00,schloemer,L19,43,44,47.99377559280205,9.992007221626409e-16,0.0,3.9968028886505635e-15,4,8,2184616.11112,34734.983586
2024-09-01 00:00:00,schloemer,L20,44,45,50.118894376459735,4.9960036108132044e-15,0.0,1.9984014443252818e-14,4,8,2184616.11112,34734.983586
2024-09-01 00:00:00,schloemer,L21,44,48,49.62513680866081,3.4416913763379853e-15,0.0,1.3766765505351941e-14,4,8,2184616.11112,34734.983586
2024-09-01 00:00:00,schloemer,L22,45,46,51.21941788352936,1.1546319456101628e-14,0.0,4.618527782440651e-14,4,8,2184616.11112,34734.983586
2024-09-01 00:00:00,schloemer,L23,45,47,51.56007704041357,1.4988010832439613e-14,0.0,5.995204332975845e-14,4,8,2184616.11112,34734.983586
2024-09-01 00:00:00,schloemer,L24,46,48,50.720015932332075,7.882583474838611e-15,0.0,3.1530333899354446e-14,4,8,2184616.11112,34734.983586
2024-09-01 00:00:00,schloemer,L25,46,68,51.36577049948799,1.2989609388114332e-14,0.0,5.1958437552457326e-14,4,8,2184616.11112,34734.983586
2024-09-01 00:00:00,schloemer,L26,47,48,51.03502746610439,1.0103029524088925e-14,0.0,4.04121180963557e-14,4,8,2184616.11112,34734.983586
2024-09-01 00:00:00,schloemer,L27,48,49,50.65592458712196,7.549516567451064e-15,0.0,3.019806626980426e-14,4,8,2184616.11112,34734.983586
2024-09-01 00:00:00,schloemer,L28,48,50,51.215863740311214,1.1546319456101628e-14,0.0,4.618527782440651e-14,4,8,2184616.11112,34734.983586
2024-09-01 00:00:00,schloemer,L29,48,53,50.162908145019586,5.218048215738236e-15,0.0,2.0872192862952943e-14,4,8,2184616.11112,34734.983586
2024-09-01 00:00:00,schloemer,L30,48,53,50.162908145019586,5.218048215738236e-15,0.0,2.0872192862952943e-14,4,8,2184616.11112,34734.983586
2024-09-01 00:00:00,schloemer,L31,48,65,48.694167625534256,1.6653345369377348e-15,0.0,6.661338147750939e-15,4,8,2184616.11112,34734.983586
2024-09-01 00:00:00,schloemer,L32,48,65,48.694167625534256,1.6653345369377348e-15,0.0,6.661338147750939e-15,4,8,2184616.11112,34734.983586
2024-09-01 00:00:00,schloemer,L33,48,68,50.85132556482781,8.770761894538737e-15,0.0,3.5083047578154947e-14,4,8,2184616.11112,34734.983586
2024-09-01 00:00:00,schloemer,L34,49,56,51.274717329315855,1.2101430968414206e-14,0.0,4.8405723873656825e-14,4,8,2184616.11112,34734.983586
2024-09-01 00:00:00,schloemer,L35,50,51,52.94170379436829,4.363176486776865e-14,0.0,1.745270594710746e-13,4,8,2184616.11112,34734.983586
2024-09-01 00:00:00,schloemer,L36,50,57,52.26469258859404,2.5868196473766147e-14,0.0,1.0347278589506459e-13,4,8,2184616.11112,34734.983586
2024-09-01 00:00:00,schloemer,L37,51,52,52.77112814650212,3.8191672047105385e-14,0.0,1.5276668818842154e-13,4,8,2184616.11112,34734.983586
2024-09-01 00:00:00,schloemer,L38,52,53,51.024081375825645,9.992007221626409e-15,0.0,3.9968028886505635e-14,4,8,2184616.11112,34734.983586
2024-09-01 00:00:00,schloemer,L39,53,54,49.73275289626074,3.774758283725532e-15,0.0,1.509903313490213e-14,4,8,2184616.11112,34734.983586
2024-09-01 00:00:00,schloemer,L40,53,55,50.16782260638788,5.218048215738236e-15,0.0,2.0872192862952943e-14,4,8,2184616.11112,34734.983586
2024-09-01 00:00:00,schloemer,L41,53,58,49.11008046373574,2.3314683517128287e-15,0.0,9.325873406851315e-15,4,8,2184616.11112,34734.983586
2024-09-01 00:00:00,schloemer,L42,54,55,49.80247975662385,3.9968028886505635e-15,0.0,1.5987211554602254e-14,4,8,2184616.11112,34734.983586
2024-09-01 00:00:00,schloemer,L43,54,58,48.76023803330127,1.7763568394002505e-15,0.0,7.105427357601002e-15,4,8,2184616.11112,34734.983586
2024-09-01 00:00:00,schloemer,L44,55,56,50.80114825480791,8.43769498715119e-15,0.0,3.375077994860476e-14,4,8,2184616.11112,34734.983586
2024-09-01 00:00:00,schloemer,L45,55,57,51.21098685865297,1.1546319456101628e-14,0.0,4.618527782440651e-14,4,8,2184616.11112,34734.983586
2024-09-01 00:00:00,schloemer,L46,55,58,49.18455319185073,2.4424906541753444e-15,0.0,9.769962616701378e-15,4,8,2184616.11112,34734.983586
2024-09-01 00:00:00,schloemer,L47,55,58,49.18455319185073,2.4424906541753444e-15,0.0,9.769962616701378e-15,4,8,2184616.11112,34734.983586
2024-09-01 00:00:00,schloemer,L48,58,59,47.276504805447594,5.551115123125783e-16,0.0,2.220446049250313e-15,4,8,2184616.11112,34734.983586
2024-09-01 00:00:00,schloemer,L49,58,60,47.25663170177041,5.551115123125783e-16,0.0,2.220446049250313e-15,4,8,2184616.11112,34734.983586
2024-09-01 00:00:00,schloemer,L50,59,60,46.39987350114733,3.3306690738754696e-16,0.0,1.3322676295501878e-15,4,8,2184616.11112,34734.983586
2024-09-01 00:00:00,schloemer,L51,59,61,46.35654079491618,3.3306690738754696e-16,0.0,1.3322676295501878e-15,4,8,2184616.11112,34734.983586
2024-09-01 00:00:00,schloemer,L52,60,61,46.327999047231984,3.3306690738754696e-16,0.0,1.3322676295501878e-15,4,8,2184616.11112,34734.983586
2024-09-01 00:00:00,schloemer,L53,61,65,46.80498097556883,4.440892098500626e-16,0.0,1.7763568394002505e-15,4,8,2184616.11112,34734.983586
2024-09-01 00:00:00,schloemer,L54,61,66,46.02003444591739,2.220446049250313e-16,0.0,8.881784197001252e-16,4,8,2184616.11112,34734.983586
2024-09-01 00:00:00,schloemer,L55,62,58,47.582374351838645,7.771561172376096e-16,0.0,1.0103029524088925e-14,13,30,2185148.89802,34751.629934
2024-09-01 00:00:00,schloemer,L56,62,63,46.73281676832311,4.440892098500626e-16,0.0,1.7763568394002505e-15,4,8,2184616.11112,34734.983586
2024-09-01 00:00:00,schloemer,L57,63,60,46.42090492052588,3.3306690738754696e-16,0.0,6.661338147750939e-15,20,47,2185512.78098,34763.759366
2024-09-01 00:00:00,schloemer,L58,63,64,46.40137981780778,3.3306690738754696e-16,0.0,1.3322676295501878e-15,4,8,2184616.11112,34734.983586
2024-09-01 00:00:00,schloemer,L59,64,65,46.81788877266086,4.440892098500626e-16,0.0,8.881784197001252e-15,20,48,2185545.98792,34764.866264
2024-09-01 00:00:00,schloemer,L60,64,67,47.27830750822454,5.551115123125783e-16,0.0,2.1094237467877974e-14,38,93,2186503.81292,34796.793764
2024-09-01 00:00:00,schloemer,L61,65,66,46.532292783960926,3.3306690738754696e-16,0.0,1.3322676295501878e-15,4,8,2184616.11112,34734.983586
2024-09-01 00:00:00,schloemer,L62,67,68,49.749593419129646,3.6637359812630166e-15,0.0,1.0258460747536446e-13,28,68,2185978.45538,34779.281846
2024-09-01 00:00:00,schloemer,L63,68,69,53.25014915703518,5.540012892879531e-14,0.0,2.2160051571518125e-13,4,8,2184616.11112,34734.983586
2024-09-01 00:00:00,schloemer,L64,68,74,52.06569223680839,2.220446049250313e-14,0.0,8.881784197001252e-14,4,8,2184616.11112,34734.983586
2024-09-01 00:00:00,schloemer,L65,68,76,50.81129131976317,8.43769498715119e-15,0.0,3.375077994860476e-14,4,8,2184616.11112,34734.983586
2024-09-01 00:00:00,schloemer,L66,69,70,56.436982690530776,6.742384428548576e-13,3.4329206144434465e-12,3.0160318686967e-11,4,8,2184616.11112,34734.983586
2024-09-01 00:00:00,schloemer,L67,69,73,54.862215380742214,1.9517720772910252e-13,1.3322676295501878e-14,8.872902412804251e-13,4,8,2184616.11112,34734.983586
2024-09-01 00:00:00,schloemer,L68,69,74,53.895639316997844,9.159339953157541e-14,3.3306690738754696e-16,3.6903813338540203e-13,4,8,2184616.11112,34734.983586
2024-09-01 00:00:00,schloemer,L69,70,71,58.690050299743596,4.011346810273153e-12,2.354234585055792e-09,1.8849921956665128e-08,4,8,2184616.11112,34734.983586
2024-09-01 00:00:00,schloemer,L70,70,72,58.36986474205118,3.112177182629239e-12,1.0198786259962844e-09,8.171477716700792e-09,4,8,2184616.11112,34734.983586
2024-09-01 00:00:00,schloemer,L71,73,74,53.608869502828526,7.327471962526033e-14,1.1102230246251565e-16,2.9398705692074145e-13,4,8,2184616.11112,34734.983586
2024-09-01 00:00:00,schloemer,L72,74,76,51.37410292355325,1.2989609388114332e-14,0.0,5.1958437552457326e-14,4,8,2184616.11112,34734.983586
2024-09-01 00:00:00,schloemer,L73,74,117,52.846541033297164,4.0523140398818214e-14,0.0,1.6209256159527285e-13,4,8,2184616.11112,34734.983586
2024-09-01 00:00:00,schloemer,L74,75,76,50.86899124050002,8.881784197001252e-15,0.0,3.552713678800501e-14,4,8,2184616.11112,34734.983586
2024-09-01 00:00:00,schloemer,L75,75,117,52.29965494126247,2.653433028854124e-14,0.0,1.0613732115416497e-13,4,8,2184616.11112,34734.983586
2024-09-01 00:00:00,schloemer,L76,76,77,50.00444362731523,4.551914400963142e-15,0.0,1.8207657603852567e-14,4,8,2184616.11112,34734.983586
2024-09-01 00:00:00,schloemer,L77,76,79,48.74931805484139,1.7763568394002505e-15,0.0,7.105427357601002e-15,4,8,2184616.11112,34734.983586
2024-09-01 00:00:00,schloemer,L78,76,79,48.74931805484139,1.7763568394002505e-15,0.0,7.105427357601002e-15,4,8,2184616.11112,34734.983586
2024-09-01 00:00:00,schloemer,L79,76,81,49.08226491883408,2.3314683517128287e-15,0.0,9.325873406851315e-15,4,8,2184616.11112,34734.983586
2024-09-01 00:00:00,schloemer,L80,77,78,49.267141644565726,2.6645352591003757e-15,0.0,1.0658141036401503e-14,4,8,2184616.11112,34734.983586
2024-09-01 00:00:00,schloemer,L81,78,79,48.06092104221063,1.1102230246251565e-15,0.0,4.440892098500626e-15,4,8,2184616.11112,34734.983586
2024-09-01 00:00:00,schloemer,L82,79,95,46.72515810380715,4.440892098500626e-16,0.0,1.7763568394002505e-15,4,8,2184616.11112,34734.983586
2024-09-01 00:00:00,schloemer,L83,79,96,46.8341960902286,4.440892098500626e-16,0.0,1.7763568394002505e-15,4,8,2184616.11112,34734.983586
2024-09-01 00:00:00,schloemer,L84,79,97,47.22330958272295,5.551115123125783e-16,0.0,2.220446049250313e-15,4,8,2184616.11112,34734.983586
2024-09-01 00:00:00,schloemer,L85,79,98,46.54834705553993,3.3306690738754696e-16,0.0,1.3322676295501878e-15,4,8,2184616.11112,34734.983586
2024-09-01 00:00:00,schloemer,L86,80,67,48.000036338546714,9.992007221626409e-16,0.0,2.9976021664879227e-14,30,72,2186055.70436,34781.856812
2024-09-01 00:00:00,schloemer,L87,80,79,47.62448086297675,7.771561172376096e-16,0.0,2.1760371282653068e-14,28,69,2185981.58126,34779.386042
2024-09-01 00:00:00,schloemer,L88,81,82,47.86703027927838,8.881784197001252e-16,0.0,3.552713678800501e-15,4,8,2184616.11112,34734.983586
2024-09-01 00:00:00,schloemer,L89,81,95,47.013978405643286,4.440892098500626e-16,0.0,1.7763568394002505e-15,4,8,2184616.11112,34734.983586
2024-09-01 00:00:00,schloemer,L90,93,95,45.16769812199422,1.1102230246251565e-16,0.0,4.440892098500626e-16,4,8,2184616.11112,34734.983586
2024-09-01 00:00:00,schloemer,L91,95,96,46.12053600643807,2.220446049250313e-16,0.0,8.881784197001252e-16,4,8,2184616.11112,34734.983586
2024-09-01 00:00:00,schloemer,L92,115,67,47.92587400179215,9.992007221626409e-16,0.0,1.2989609388114332e-14,13,29,2185126.88168,34750.896056
2024-09-01 01:00:00,schloemer,L0,22,23,61.63129213073731,4.121281094171536e-11,1.5083503684953925e-06,1.2066904094054642e-05,4,8,2184616.11112,34734.983586
2024-09-01 01:00:00,schloemer,L1,23,69,58.210718432481016,2.743361093848762e-12,6.657594475711903e-10,5.337049024944918e-09,4,8,2184616.11112,34734.983586
2024-09-01 01:00:00,schloemer,L2,23,71,60.62311306532729,1.8565482484689255e-11,2.0761085617326813e-07,1.6609599043926337e-06,4,8,2184616.11112,34734.983586
2024-09-01 01:00:00,schloemer,L3,29,37,43.41323808241795,0.0,0.0,0.0,4,8,2184616.11112,34734.983586
2024-09-01 01:00:00,schloemer,L4,32,36,42.23822277952706,0.0,0.0,0.0,4,8,2184616.11112,34734.983586
2024-09-01 01:00:00,schloemer,L5,33,36,43.30583951288647,0.0,0.0,0.0,4,8,2184616.11112,34734.983586
2024-09-01 01:00:00,schloemer,L6,33,42,44.67380904308839,1.1102230246251565e-16,0.0,4.440892098500626e-16,4,8,2184616.11112,34734.983586
2024-09-01 01:00:00,schloemer,L7,34,36,41.97505987460689,0.0,0.0,0.0,4,8,2184616.11112,34734.983586
2024-09-01 01:00:00,schloemer,L8,36,38,42.9034364756725,0.0,0.0,0.0,4,8,2184616.11112,34734.983586
2024-09-01 01:00:00,schloemer,L9,36,39,43.67878261899584,0.0,0.0,0.0,4,8,2184616.11112,34734.983586
2024-09-01 01:00:00,schloemer,L10,37,36,43.508111872210605,0.0,0.0,0.0,20,48,2185542.33716,34764.744572
2024-09-01 01:00:00,schloemer,L11,37,64,45.6442140739433,2.220446049250313e-16,0.0,8.881784197001252e-16,4,8,2184616.11112,34734.983586
2024-09-01 01:00:00,schloemer,L12,38,39,43.77235955333557,0.0,0.0,0.0,4,8,2184616.11112,34734.983586
2024-09-01 01:00:00,schloemer,L13,39,40,45.134900511676776,1.1102230246251565e-16,0.0,4.440892098500626e-16,4,8,2184616.11112,34734.983586
2024-09-01 01:00:00,schloemer,L14,39,41,45.93413071093063,2.220446049250313e-16,0.0,8.881784197001252e-16,4,8,2184616.11112,34734.983586
2024-09-01 01:00:00,schloemer,L15,40,41,46.52279621889448,3.3306690738754696e-16,0.0,1.3322676295501878e-15,4,8,2184616.11112,34734.983586
2024-09-01 01:00:00,schloemer,L16,41,48,49.1881447899333,2.4424906541753444e-15,0.0,9.769962616701378e-15,4,8,2184616.11112,34734.983586
2024-09-01 01:00:00,schloemer,L17,41,48,49.1881447899333,2.4424906541753444e-15,0.0,9.769962616701378e-15,4,8,2184616.11112,34734.983586
2024-09-01 01:00:00,schloemer,L18,42,43,46.65233390130027,3.3306690738754696e-16,0.0,1.3322676295501878e-15,4,8,2184616.11112,34734.983586
2024-09-01 01:00:00,schloemer,L19,43,44,48.912707871265376,1.9984014443252818e-15,0.0,7.993605777301127e-15,4,8,2184616.11112,34734.983586
2024-09-01 01:00:00,schloemer,L20,44,45,51.121714438870534,1.0769163338864018e-14,0.0,4.3076653355456074e-14,4,8,2184616.11112,34734.983586
2024-09-01 01:00:00,schloemer,L21,44,48,50.60644122934575,7.216449660063518e-15,0.0,2.886579864025407e-14,4,8,2184616.11112,34734.983586
2024-09-01 01:00:00,schloemer,L22,45,46,52.268727599145,2.5868196473766147e-14,0.0,1.0347278589506459e-13,4,8,2184616.11112,34734.983586
2024-09-01 01:00:00,schloemer,L23,45,47,52.61963508338082,3.397282455352979e-14,0.0,1.3589129821411916e-13,4,8,2184616.11112,34734.983586
2024-09-01 01:00:00,schloemer,L24,46,48,51.74752647159379,1.7319479184152442e-14,0.0,6.927791673660977e-14,4,8,2184616.11112,34734.983586
2024-09-01 01:00:00,schloemer,L25,46,68,52.42427671730324,2.919886554764162e-14,0.0,1.1679546219056647e-13,4,8,2184616.11112,34734.983586
2024-09-01 01:00:00,schloemer,L26,47,48,52.071126990637836,2.2315482794965646e-14,0.0,8.926193117986259e-14,4,8,2184616.11112,34734.983586
2024-09-01 01:00:00,schloemer,L27,48,49,51.67134908892582,1.63202784619898e-14,0.0,6.52811138479592e-14,4,8,2184616.11112,34734.983586
2024-09-01 01:00:00,schloemer,L28,48,50,52.251745400316196,2.55351295663786e-14,0.0,1.021405182655144e-13,4,8,2184616.11112,34734.983586
2024-09-01 01:00:00,schloemer,L29,48,53,51.15358224673443,1.099120794378905e-14,0.0,4.39648317751562e-14,4,8,2184616.11112,34734.983586
2024-09-01 01:00:00,schloemer,L30,48,53,51.15358224673443,1.099120794378905e-14,0.0,4.39648317751562e-14,4,8,2184616.11112,34734.983586
2024-09-01 01:00:00,schloemer,L31,48,65,49.63385688543941,3.4416913763379853e-15,0.0,1.3766765505351941e-14,4,8,2184616.11112,34734.983586
2024-09-01 01:00:00,schloemer,L32,48,65,49.63385688543941,3.4416913763379853e-15,0.0,1.3766765505351941e-14,4,8,2184616.11112,34734.983586
2024-09-01 01:00:00,schloemer,L33,48,68,51.88735407633957,1.9317880628477724e-14,0.0,7.72715225139109e-14,4,8,2184616.11112,34734.983586
2024-09-01 01:00:00,schloemer,L34,49,56,52.300771665364515,2.653433028854124e-14,0.0,1.0613732115416497e-13,4,8,2184616.11112,34734.983586
2024-09-01 01:00:00,schloemer,L35,50,51,54.02820356963772,1.0158540675320182e-13,4.440892098500626e-16,4.098943406916078e-13,4,8,2184616.11112,34734.983586
2024-09-01 01:00:00,schloemer,L36,50,57,53.32405546881412,5.873079800267078e-14,0.0,2.349231920106831e-13,4,8,2184616.11112,34734.983586
2024-09-01 01:00:00,schloemer,L37,51,52,53.83631543687221,8.748557434046234e-14,2.220446049250313e-16,3.517186542012496e-13,4,8,2184616.11112,34734.983586
2024-09-01 01:00:00,schloemer,L38,52,53,52.02625929420726,2.1538326677728037e-14,0.0,8.615330671091215e-14,4,8,2184616.11112,34734.983586
2024-09-01 01:00:00,schloemer,L39,53,54,50.68471040991985,7.66053886991358e-15,0.0,3.064215547965432e-14,4,8,2184616.11112,34734.983586
2024-09-01 01:00:00,schloemer,L40,53,55,51.13867487667752,1.0880185641326534e-14,0.0,4.3520742565306136e-14,4,8,2184616.11112,34734.983586
2024-09-01 01:00:00,schloemer,L41,53,58,50.04092875804051,4.773959005888173e-15,0.0,1.9095836023552692e-14,4,8,2184616.11112,34734.983586
2024-09-01 01:00:00,schloemer,L42,54,55,50.750609737865844,8.104628079763643e-15,0.0,3.241851231905457e-14,4,8,2184616.11112,34734.983586
2024-09-01 01:00:00,schloemer,L43,54,58,49.66977874560131,3.552713678800501e-15,0.0,1.4210854715202004e-14,4,8,2184616.11112,34734.983586
2024-09-01 01:00:00,schloemer,L44,55,56,51.795079070885386,1.7985612998927536e-14,0.0,7.194245199571014e-14,4,8,2184616.11112,34734.983586
2024-09-01 01:00:00,schloemer,L45,55,57,52.21738831204863,2.4868995751603507e-14,0.0,9.947598300641403e-14,4,8,2184616.11112,34734.983586
2024-09-01 01:00:00,schloemer,L46,55,58,50.11219357797461,4.9960036108132044e-15,0.0,1.9984014443252818e-14,4,8,2184616.11112,34734.983586
2024-09-01 01:00:00,schloemer,L47,55,58,50.11219357797461,4.9960036108132044e-15,0.0,1.9984014443252818e-14,4,8,2184616.11112,34734.983586
2024-09-01 01:00:00,schloemer,L48,58,59,48.13256971743662,1.1102230246251565e-15,0.0,4.440892098500626e-15,4,8,2184616.11112,34734.983586
2024-09-01 01:00:00,schloemer,L49,58,60,48.115591995598294,1.1102230246251565e-15,0.0,4.440892098500626e-15,4,8,2184616.11112,34734.983586
2024-09-01 01:00:00,schloemer,L50,59,60,47.22647385977556,5.551115123125783e-16,0.0,2.220446049250313e-15,4,8,2184616.11112,34734.983586
2024-09-01 01:00:00,schloemer,L51,59,61,47.18506728937406,5.551115123125783e-16,0.0,2.220446049250313e-15,4,8,2184616.11112,34734.983586
2024-09-01 01:00:00,schloemer,L52,60,61,47.1586271972296,5.551115123125783e-16,0.0,2.220446049250313e-15,4,8,2184616.11112,34734.983586
2024-09-01 01:00:00,schloemer,L53,61,65,47.66299048440921,7.771561172376096e-16,0.0,3.1086244689504383e-15,4,8,2184616.11112,34734.983586
2024-09-01 01:00:00,schloemer,L54,61,66,46.84558255920551,4.440892098500626e-16,0.0,1.7763568394002505e-15,4,8,2184616.11112,34734.983586
2024-09-01 01:00:00,schloemer,L55,62,58,48.4538922325102,1.4432899320127035e-15,0.0,1.8762769116165146e-14,13,30,2185148.89802,34751.629934
2024-09-01 01:00:00,schloemer,L56,62,63,47.582605073361954,7.771561172376096e-16,0.0,3.1086244689504383e-15,4,8,2184616.11112,34734.983586
2024-09-01 01:00:00,schloemer,L57,63,60,47.25871058433541,5.551115123125783e-16,0.0,1.1102230246251565e-14,20,47,2185512.78098,34763.759366
2024-09-01 01:00:00,schloemer,L58,63,64,47.25244625302425,5.551115123125783e-16,0.0,2.220446049250313e-15,4,8,2184616.11112,34734.983586
2024-09-01 01:00:00,schloemer,L59,64,65,47.68686597456581,7.771561172376096e-16,0.0,1.554312234475219e-14,20,48,2185545.98792,34764.866264
2024-09-01 01:00:00,schloemer,L60,64,67,48.173418347562794,1.1102230246251565e-15,0.0,4.218847493575595e-14,38,93,2186503.81292,34796.793764
2024-09-01 01:00:00,schloemer,L61,65,66,47.382864325062876,6.661338147750939e-16,0.0,2.6645352591003757e-15,4,8,2184616.11112,34734.983586
2024-09-01 01:00:00,schloemer,L62,67,68,50.743603596785015,7.882583474838611e-15,0.0,2.2071233729548112e-13,28,68,2185978.45538,34779.281846
2024-09-01 01:00:00,schloemer,L63,68,69,54.384496162657925,1.3422596367718143e-13,2.1094237467877974e-15,5.537792446830281e-13,4,8,2184616.11112,34734.983586
2024-09-01 01:00:00,schloemer,L64,68,74,53.15122461137531,5.129230373768223e-14,0.0,2.0516921495072893e-13,4,8,2184616.11112,34734.983586
2024-09-01 01:00:00,schloemer,L65,68,76,51.84467301125553,1.865174681370263e-14,0.0,7.460698725481052e-14,4,8,2184616.11112,34734.983586
2024-09-01 01:00:00,schloemer,L66,69,70,57.69469177954623,1.822764161829582e-12,1.5879508818983368e-10,1.2776517621659877e-09,4,8,2184616.11112,34734.983586
2024-09-01 01:00:00,schloemer,L67,69,73,56.05786642298018,4.99933427988708e-13,9.772183062750628e-13,9.817480162155334e-12,4,8,2184616.11112,34734.983586
2024-09-01 01:00:00,schloemer,L68,69,74,55.0526836175947,2.2670754162845697e-13,2.7422508708241367e-14,1.1262102361797588e-12,4,8,2184616.11112,34734.983586
2024-09-01 01:00:00,schloemer,L69,70,71,60.03216803222963,1.1624923246245089e-11,5.8280083869988175e-08,4.6628707550677717e-07,4,8,2184616.11112,34734.983586
2024-09-01 01:00:00,schloemer,L70,70,72,59.690686371577065,8.868239476100825e-12,2.691243938812704e-08,2.1533496774583938e-07,4,8,2184616.11112,34734.983586
2024-09-01 01:00:00,schloemer,L71,73,74,54.75234737138599,1.7907897387203775e-13,8.770761894538737e-15,7.864819906444609e-13,4,8,2184616.11112,34734.983586
2024-09-01 01:00:00,schloemer,L72,74,76,52.425698463622716,2.930988785010413e-14,0.0,1.1723955140041653e-13,4,8,2184616.11112,34734.983586
2024-09-01 01:00:00,schloemer,L73,74,117,53.95635635058894,9.603429163007604e-14,3.3306690738754696e-16,3.8680170177940454e-13,4,8,2184616.11112,34734.983586
2024-09-01 01:00:00,schloemer,L74,75,76,51.89513391345398,1.942890293094024e-14,0.0,7.771561172376096e-14,4,8,2184616.11112,34734.983586
2024-09-01 01:00:00,schloemer,L75,75,117,53.381029793004146,6.139533326177116e-14,0.0,2.4558133304708463e-13,4,8,2184616.11112,34734.983586
2024-09-01 01:00:00,schloemer,L76,76,77,50.99457453382224,9.769962616701378e-15,0.0,3.907985046680551e-14,4,8,2184616.11112,34734.983586
2024-09-01 01:00:00,schloemer,L77,76,79,49.69235191814724,3.6637359812630166e-15,0.0,1.4654943925052066e-14,4,8,2184616.11112,34734.983586
2024-09-01 01:00:00,schloemer,L78,76,79,49.69235191814724,3.6637359812630166e-15,0.0,1.4654943925052066e-14,4,8,2184616.11112,34734.983586
2024-09-01 01:00:00,schloemer,L79,76,81,50.03550270223224,4.6629367034256575e-15,0.0,1.865174681370263e-14,4,8,2184616.11112,34734.983586
2024-09-01 01:00:00,schloemer,L80,77,78,50.221141034499155,5.440092820663267e-15,0.0,2.1760371282653068e-14,4,8,2184616.11112,34734.983586
2024-09-01 01:00:00,schloemer,L81,78,79,48.971140029307946,2.1094237467877974e-15,0.0,8.43769498715119e-15,4,8,2184616.11112,34734.983586
2024-09-01 01:00:00,schloemer,L82,79,95,47.58561453056353,7.771561172376096e-16,0.0,3.1086244689504383e-15,4,8,2184616.11112,34734.983586
2024-09-01 01:00:00,schloemer,L83,79,96,47.697527873139734,7.771561172376096e-16,0.0,3.1086244689504383e-15,4,8,2184616.11112,34734.983586
2024-09-01 01:00:00,schloemer,L84,79,97,48.100863338325176,1.1102230246251565e-15,0.0,4.440892098500626e-15,4,8,2184616.11112,34734.983586
2024-09-01 01:00:00,schloemer,L85,79,98,47.404813402563605,6.661338147750939e-16,0.0,2.6645352591003757e-15,4,8,2184616.11112,34734.983586
2024-09-01 01:00:00,schloemer,L86,80,67,48.92507543938829,1.9984014443252818e-15,0.0,5.995204332975845e-14,30,72,2186055.70436,34781.856812
2024-09-01 01:00:00,schloemer,L87,80,79,48.52813872358831,1.4432899320127035e-15,0.0,4.04121180963557e-14,28,69,2185981.58126,34779.386042
2024-09-01 01:00:00,schloemer,L88,81,82,48.76123912264111,1.7763568394002505e-15,0.0,7.105427357601002e-15,4,8,2184616.11112,34734.983586
2024-09-01 01:00:00,schloemer,L89,81,95,47.88229541293362,8.881784197001252e-16,0.0,3.552713678800501e-15,4,8,2184616.11112,34734.983586
2024-09-01 01:00:00,schloemer,L90,93,95,45.966047875928226,2.220446049250313e-16,0.0,8.881784197001252e-16,4,8,2184616.11112,34734.983586
2024-09-01 01:00:00,schloemer,L91,95,96,46.95425554121394,4.440892098500626e-16,0.0,1.7763568394002505e-15,4,8,2184616.11112,34734.983586
2024-09-01 01:00:00,schloemer,L92,115,67,48.84849597330124,1.887379141862766e-15,0.0,2.453592884421596e-14,13,29,2185126.88168,34750.896056
2024-09-01 02:00:00,schloemer,L0,22,23,63.093463069413545,1.3041667745739005e-10,1.8371201131905934e-05,0.0001469606809635371,4,8,2184616.11112,34734.983586
2024-09-01 02:00:00,schloemer,L1,23,69,59.53397802286197,7.83217934952063e-12,1.869469834492321e-08,1.4958890570682115e-07,4,8,2184616.11112,34734.983586
2024-09-01 02:00:00,schloemer,L2,23,71,62.03862042211428,5.68437519277154e-11,3.1589229793071993e-06,2.527133179919261e-05,4,8,2184616.11112,34734.983586
2024-09-01 02:00:00,schloemer,L3,29,37,44.14688030841216,1.1102230246251565e-16,0.0,4.440892098500626e-16,4,8,2184616.11112,34734.983586
2024-09-01 02:00:00,schloemer,L4,32,36,42.936831891947854,0.0,0.0,0.0,4,8,2184616.11112,34734.983586
2024-09-01 02:00:00,schloemer,L5,33,36,44.04022480460452,1.1102230246251565e-16,0.0,4.440892098500626e-16,4,8,2184616.11112,34734.983586
2024-09-01 02:00:00,schloemer,L6,33,42,45.45610187573173,1.1102230246251565e-16,0.0,4.440892098500626e-16,4,8,2184616.11112,34734.983586
2024-09-01 02:00:00,schloemer,L7,34,36,42.663462231359716,0.0,0.0,0.0,4,8,2184616.11112,34734.983586
2024-09-01 02:00:00,schloemer,L8,36,38,43.62530897407179,0.0,0.0,0.0,4,8,2184616.11112,34734.983586
2024-09-01 02:00:00,schloemer,L9,36,39,44.42764329418968,1.1102230246251565e-16,0.0,4.440892098500626e-16,4,8,2184616.11112,34734.983586
2024-09-01 02:00:00,schloemer,L10,37,36,44.24857059299955,1.1102230246251565e-16,0.0,2.220446049250313e-15,20,48,2185542.33716,34764.744572
2024-09-01 02:00:00,schloemer,L11,37,64,46.46003369233935,3.3306690738754696e-16,0.0,1.3322676295501878e-15,4,8,2184616.11112,34734.983586
2024-09-01 02:00:00,schloemer,L12,38,39,44.52557285957704,1.1102230246251565e-16,0.0,4.440892098500626e-16,4,8,2184616.11112,34734.983586
2024-09-01 02:00:00,schloemer,L13,39,40,45.937366318420345,2.220446049250313e-16,0.0,8.881784197001252e-16,4,8,2184616.11112,34734.983586
2024-09-01 02:00:00,schloemer,L14,39,41,46.765282130824616,4.440892098500626e-16,0.0,1.7763568394002505e-15,4,8,2184616.11112,34734.983586
2024-09-01 02:00:00,schloemer,L15,40,41,47.376327137229964,6.661338147750939e-16,0.0,2.6645352591003757e-15,4,8,2184616.11112,34734.983586
2024-09-01 02:00:00,schloemer,L16,41,48,50.140808373873355,5.10702591327572e-15,0.0,2.042810365310288e-14,4,8,2184616.11112,34734.983586
2024-09-01 02:00:00,schloemer,L17,41,48,50.140808373873355,5.10702591327572e-15,0.0,2.042810365310288e-14,4,8,2184616.11112,34734.983586
2024-09-01 02:00:00,schloemer,L18,42,43,47.50730228014342,6.661338147750939e-16,0.0,2.6645352591003757e-15,4,8,2184616.11112,34734.983586
2024-09-01 02:00:00,schloemer,L19,43,44,49.85444890287686,4.107825191113079e-15,0.0,1.6431300764452317e-14,4,8,2184616.11112,34734.983586
2024-09-01 02:00:00,schloemer,L20,44,45,52.151805581287896,2.3647750424515834e-14,0.0,9.459100169806334e-14,4,8,2184616.11112,34734.983586
2024-09-01 02:00:00,schloemer,L21,44,48,51.61371548771798,1.5654144647214707e-14,0.0,6.261657858885883e-14,4,8,2184616.11112,34734.983586
2024-09-01 02:00:00,schloemer,L22,45,46,53.34799150572328,5.984102102729594e-14,0.0,2.3936408410918375e-13,4,8,2184616.11112,34734.983586
2024-09-01 02:00:00,schloemer,L23,45,47,53.70938637321583,7.926992395823618e-14,1.1102230246251565e-16,3.1796787425264483e-13,4,8,2184616.11112,34734.983586
2024-09-01 02:00:00,schloemer,L24,46,48,52.80367967753324,3.9190872769268026e-14,0.0,1.567634910770721e-13,4,8,2184616.11112,34734.983586
2024-09-01 02:00:00,schloemer,L25,46,68,53.513498991192066,6.80566714095221e-14,0.0,2.722266856380884e-13,4,8,2184616.11112,34734.983586
2024-09-01 02:00:00,schloemer,L26,47,48,53.13597278095755,5.0737192225369654e-14,0.0,2.0294876890147862e-13,4,8,2184616.11112,34734.983586
2024-09-01 02:00:00,schloemer,L27,48,49,52.71394968677759,3.652633751016765e-14,0.0,1.461053500406706e-13,4,8,2184616.11112,34734.983586
2024-09-01 02:00:00,schloemer,L28,48,50,53.31569582139269,5.828670879282072e-14,0.0,2.3314683517128287e-13,4,8,2184616.11112,34734.983586
2024-09-01 02:00:00,schloemer,L29,48,53,52.169698413999875,2.398081733190338e-14,0.0,9.592326932761353e-14,4,8,2184616.11112,34734.983586
2024-09-01 02:00:00,schloemer,L30,48,53,52.169698413999875,2.398081733190338e-14,0.0,9.592326932761353e-14,4,8,2184616.11112,34734.983586
2024-09-01 02:00:00,schloemer,L31,48,65,50.59691816182479,7.216449660063518e-15,0.0,2.886579864025407e-14,4,8,2184616.11112,34734.983586
2024-09-01 02:00:00,schloemer,L32,48,65,50.59691816182479,7.216449660063518e-15,0.0,2.886579864025407e-14,4,8,2184616.11112,34734.983586
2024-09-01 02:00:00,schloemer,L33,48,68,52.95275410280385,4.39648317751562e-14,0.0,1.758593271006248e-13,4,8,2184616.11112,34734.983586
2024-09-01 02:00:00,schloemer,L34,49,56,53.35329087322687,6.006306563222097e-14,0.0,2.402522625288839e-13,4,8,2184616.11112,34734.983586
2024-09-01 02:00:00,schloemer,L35,50,51,55.14357709362766,2.4347190930029683e-13,3.8413716652030416e-14,1.2811973704174306e-12,4,8,2184616.11112,34734.983586
2024-09-01 02:00:00,schloemer,L36,50,57,54.410964858368054,1.3700152123874432e-13,2.3314683517128287e-15,5.666578317686799e-13,4,8,2184616.11112,34734.983586
2024-09-01 02:00:00,schloemer,L37,51,52,54.92795524468288,2.0550228185811648e-13,1.709743457922741e-14,9.587886040662852e-13,4,8,2184616.11112,34734.983586
2024-09-01 02:00:00,schloemer,L38,52,53,53.05245772464591,4.75175454539567e-14,0.0,1.900701818158268e-13,4,8,2184616.11112,34734.983586
2024-09-01 02:00:00,schloemer,L39,53,54,51.658277925636966,1.6209256159527285e-14,0.0,6.483702463810914e-14,4,8,2184616.11112,34734.983586
2024-09-01 02:00:00,schloemer,L40,53,55,52.13222579315277,2.3314683517128287e-14,0.0,9.325873406851315e-14,4,8,2184616.11112,34734.983586
2024-09-01 02:00:00,schloemer,L41,53,58,50.99261750446327,9.769962616701378e-15,0.0,3.907985046680551e-14,4,8,2184616.11112,34734.983586
2024-09-01 02:00:00,schloemer,L42,54,55,51.71959998450639,1.6986412276764895e-14,0.0,6.794564910705958e-14,4,8,2184616.11112,34734.983586
2024-09-01 02:00:00,schloemer,L43,54,58,50.59847130963937,7.216449660063518e-15,0.0,2.886579864025407e-14,4,8,2184616.11112,34734.983586
2024-09-01 02:00:00,schloemer,L44,55,56,52.81267746410435,3.952393967665557e-14,0.0,1.580957587066223e-13,4,8,2184616.11112,34734.983586
2024-09-01 02:00:00,schloemer,L45,55,57,53.24772930872434,5.5289106626332796e-14,0.0,2.2115642650533118e-13,4,8,2184616.11112,34734.983586
2024-09-01 02:00:00,schloemer,L46,55,58,51.060003855926915,1.021405182655144e-14,0.0,4.085620730620576e-14,4,8,2184616.11112,34734.983586
2024-09-01 02:00:00,schloemer,L47,55,58,51.060003855926915,1.021405182655144e-14,0.0,4.085620730620576e-14,4,8,2184616.11112,34734.983586
2024-09-01 02:00:00,schloemer,L48,58,59,49.00547236210151,2.220446049250313e-15,0.0,8.881784197001252e-15,4,8,2184616.11112,34734.983586
2024-09-01 02:00:00,schloemer,L49,58,60,48.99181792785676,2.1094237467877974e-15,0.0,8.43769498715119e-15,4,8,2184616.11112,34734.983586
2024-09-01 02:00:00,schloemer,L50,59,60,48.06877518749213,1.1102230246251565e-15,0.0,4.440892098500626e-15,4,8,2184616.11112,34734.983586
2024-09-01 02:00:00,schloemer,L51,59,61,48.02965972178367,9.992007221626409e-16,0.0,3.9968028886505635e-15,4,8,2184616.11112,34734.983586
2024-09-01 02:00:00,schloemer,L52,60,61,48.005666163586916,9.992007221626409e-16,0.0,3.9968028886505635e-15,4,8,2184616.11112,34734.983586
2024-09-01 02:00:00,schloemer,L53,61,65,48.539485753268394,1.5543122344752192e-15,0.0,6.217248937900877e-15,4,8,2184616.11112,34734.983586
2024-09-01 02:00:00,schloemer,L54,61,66,47.68778497000525,7.771561172376096e-16,0.0,3.1086244689504383e-15,4,8,2184616.11112,34734.983586
2024-09-01 02:00:00,schloemer,L55,62,58,49.34329935414929,2.7755575615628914e-15,0.0,3.608224830031759e-14,13,30,2185148.89802,34751.629934
2024-09-01 02:00:00,schloemer,L56,62,63,48.45004484983564,1.4432899320127035e-15,0.0,5.773159728050814e-15,4,8,2184616.11112,34734.983586
2024-09-01 02:00:00,schloemer,L57,63,60,48.113560610131096,1.1102230246251565e-15,0.0,2.220446049250313e-14,20,47,2185512.78098,34763.759366
2024-09-01 02:00:00,schloemer,L58,63,64,48.122288968677154,1.1102230246251565e-15,0.0,4.440892098500626e-15,4,8,2184616.11112,34734.983586
2024-09-01 02:00:00,schloemer,L59,64,65,48.575692940845286,1.5543122344752192e-15,0.0,3.108624468950438e-14,20,48,2185545.98792,34764.866264
2024-09-01 02:00:00,schloemer,L60,64,67,49.09037768087692,2.220446049250313e-15,0.0,8.43769498715119e-14,38,93,2186503.81292,34796.793764
2024-09-01 02:00:00,schloemer,L61,65,66,48.25177159604176,1.2212453270876722e-15,0.0,4.884981308350689e-15,4,8,2184616.11112,34734.983586
2024-09-01 02:00:00,schloemer,L62,67,68,51.764867724573314,1.709743457922741e-14,0.0,4.787281682183675e-13,28,68,2185978.45538,34779.281846
2024-09-01 02:00:00,schloemer,L63,68,69,55.55347281648332,3.3595348725157237e-13,1.7008616737257398e-13,2.7045032879868813e-12,4,8,2184616.11112,34734.983586
2024-09-01 02:00:00,schloemer,L64,68,74,54.268737507259765,1.226796442210798e-13,1.3322676295501878e-15,5.013767179207207e-13,4,8,2184616.11112,34734.983586
2024-09-01 02:00:00,schloemer,L65,68,76,52.90708819900479,4.2521541843143495e-14,0.0,1.7008616737257398e-13,4,8,2184616.11112,34734.983586
2024-09-01 02:00:00,schloemer,L66,69,70,58.99241787535109,5.098033106776256e-12,5.0548031316210995e-09,4.0458816519262086e-08,4,8,2184616.11112,34734.983586
2024-09-01 02:00:00,schloemer,L67,69,73,57.290784428279174,1.3239409568654992e-12,4.89270846060208e-11,3.967124406756284e-10,4,8,2184616.11112,34734.983586
2024-09-01 02:00:00,schloemer,L68,69,74,56.24513436231478,5.794253965518692e-13,1.8288703884650204e-12,1.694866469392764e-11,4,8,2184616.11112,34734.983586
2024-09-01 02:00:00,schloemer,L69,70,71,61.417132256744516,3.4796610037801656e-11,1.0084296295786999e-06,8.067547747958592e-06,4,8,2184616.11112,34734.983586
2024-09-01 02:00:00,schloemer,L70,70,72,61.05244077753184,2.607880578153754e-11,4.96555997320236e-07,3.9725453894190466e-06,4,8,2184616.11112,34734.983586
2024-09-01 02:00:00,schloemer,L71,73,74,55.93033106847695,4.5208281562736374e-13,6.333822355486518e-13,6.8753891468986694e-12,4,8,2184616.11112,34734.983586
2024-09-01 02:00:00,schloemer,L72,74,76,53.506854760361875,6.772360450213455e-14,0.0,2.708944180085382e-13,4,8,2184616.11112,34734.983586
2024-09-01 02:00:00,schloemer,L73,74,117,55.09865462978542,2.3503421431314564e-13,3.2529534621517087e-14,1.2003731342247193e-12,4,8,2184616.11112,34734.983586
2024-09-01 02:00:00,schloemer,L74,75,76,52.94898693846182,4.3853809472693683e-14,0.0,1.7541523789077473e-13,4,8,2184616.11112,34734.983586
2024-09-01 02:00:00,schloemer,L75,75,117,54.492768806984955,1.461053500406706e-13,3.219646771412954e-15,6.10178574333986e-13,4,8,2184616.11112,34734.983586
2024-09-01 02:00:00,schloemer,L76,76,77,52.01037796035811,2.120525977034049e-14,0.0,8.482103908136196e-14,4,8,2184616.11112,34734.983586
2024-09-01 02:00:00,schloemer,L77,76,79,50.65880964108277,7.549516567451064e-15,0.0,3.019806626980426e-14,4,8,2184616.11112,34734.983586
2024-09-01 02:00:00,schloemer,L78,76,79,50.65880964108277,7.549516567451064e-15,0.0,3.019806626980426e-14,4,8,2184616.11112,34734.983586
2024-09-01 02:00:00,schloemer,L79,76,81,51.012438560535024,9.880984919163893e-15,0.0,3.952393967665557e-14,4,8,2184616.11112,34734.983586
2024-09-01 02:00:00,schloemer,L80,77,78,51.198288341470445,1.1435297153639112e-14,0.0,4.574118861455645e-14,4,8,2184616.11112,34734.983586
2024-09-01 02:00:00,schloemer,L81,78,79,49.90254381802493,4.218847493575595e-15,0.0,1.687538997430238e-14,4,8,2184616.11112,34734.983586
2024-09-01 02:00:00,schloemer,L82,79,95,48.464841335516105,1.4432899320127035e-15,0.0,5.773159728050814e-15,4,8,2184616.11112,34734.983586
2024-09-01 02:00:00,schloemer,L83,79,96,48.57966831864904,1.5543122344752192e-15,0.0,6.217248937900877e-15,4,8,2184616.11112,34734.983586
2024-09-01 02:00:00,schloemer,L84,79,97,48.997894677650564,2.1094237467877974e-15,0.0,8.43769498715119e-15,4,8,2184616.11112,34734.983586
2024-09-01 02:00:00,schloemer,L85,79,98,48.280077732559455,1.2212453270876722e-15,0.0,4.884981308350689e-15,4,8,2184616.11112,34734.983586
2024-09-01 02:00:00,schloemer,L86,80,67,49.873637950893354,4.107825191113079e-15,0.0,1.2323475573339238e-13,30,72,2186055.70436,34781.856812
2024-09-01 02:00:00,schloemer,L87,80,79,49.45355189639532,2.9976021664879227e-15,0.0,8.393286066166183e-14,28,69,2185981.58126,34779.386042
2024-09-01 02:00:00,schloemer,L88,81,82,49.675077774902775,3.552713678800501e-15,0.0,1.4210854715202004e-14,4,8,2184616.11112,34734.983586
2024-09-01 02:00:00,schloemer,L89,81,95,48.76951574346279,1.7763568394002505e-15,0.0,7.105427357601002e-15,4,8,2184616.11112,34734.983586
2024-09-01 02:00:00,schloemer,L90,93,95,46.77976474638933,4.440892098500626e-16,0.0,1.7763568394002505e-15,4,8,2184616.11112,34734.983586
2024-09-01 02:00:00,schloemer,L91,95,96,47.805076599643385,8.881784197001252e-16,0.0,3.552713678800501e-15,4,8,2184616.11112,34734.983586
2024-09-01 02:00:00,schloemer,L92,115,67,49.79457437441974,3.885780586188048e-15,0.0,5.051514762044462e-14,13,29,2185126.88168,34750.896056
2024-09-01 03:00:00,schloemer,L0,22,23,64.60295974512236,4.247419083114323e-10,0.00016048144193336888,0.001283132343451232,4,8,2184616.11112,34734.983586
2024-09-01 03:00:00,schloemer,L1,23,69,60.899110550130246,2.3099078205746082e-11,3.654217667348192e-07,2.923462791071252e-06,4,8,2184616.11112,34734.983586
2024-09-01 03:00:00,schloemer,L2,23,71,63.49899417718971,1.7927681561502595e-10,3.4189280106566855e-05,0.00027348223060918997,4,8,2184616.11112,34734.983586
2024-09-01 03:00:00,schloemer,L3,29,37,44.891939491672375,1.1102230246251565e-16,0.0,4.440892098500626e-16,4,8,2184616.11112,34734.983586
2024-09-01 03:00:00,schloemer,L4,32,36,43.645622629207544,0.0,0.0,0.0,4,8,2184616.11112,34734.983586
2024-09-01 03:00:00,schloemer,L5,33,36,44.78636979808129,1.1102230246251565e-16,0.0,4.440892098500626e-16,4,8,2184616.11112,34734.983586
2024-09-01 03:00:00,schloemer,L6,33,42,46.25238906976407,3.3306690738754696e-16,0.0,1.3322676295501878e-15,4,8,2184616.11112,34734.983586
2024-09-01 03:00:00,schloemer,L7,34,36,43.36150446182606,0.0,0.0,0.0,4,8,2184616.11112,34734.983586
2024-09-01 03:00:00,schloemer,L8,36,38,44.35845665698066,1.1102230246251565e-16,0.0,4.440892098500626e-16,4,8,2184616.11112,34734.983586
2024-09-01 03:00:00,schloemer,L9,36,39,45.18903707032127,1.1102230246251565e-16,0.0,4.440892098500626e-16,4,8,2184616.11112,34734.983586
2024-09-01 03:00:00,schloemer,L10,37,36,45.001004803074515,1.1102230246251565e-16,0.0,2.220446049250313e-15,20,48,2185542.33716,34764.744572
2024-09-01 03:00:00,schloemer,L11,37,64,47.291357303038716,5.551115123125783e-16,0.0,2.220446049250313e-15,4,8,2184616.11112,34734.983586
2024-09-01 03:00:00,schloemer,L12,38,39,45.29159484475333,1.1102230246251565e-16,0.0,4.440892098500626e-16,4,8,2184616.11112,34734.983586
2024-09-01 03:00:00,schloemer,L13,39,40,46.755052848047995,4.440892098500626e-16,0.0,1.7763568394002505e-15,4,8,2184616.11112,34734.983586
2024-09-01 03:00:00,schloemer,L14,39,41,47.61303561368299,7.771561172376096e-16,0.0,3.1086244689504383e-15,4,8,2184616.11112,34734.983586
2024-09-01 03:00:00,schloemer,L15,40,41,48.24762282913552,1.2212453270876722e-15,0.0,4.884981308350689e-15,4,8,2184616.11112,34734.983586
2024-09-01 03:00:00,schloemer,L16,41,48,51.116143088476754,1.0658141036401503e-14,0.0,4.263256414560601e-14,4,8,2184616.11112,34734.983586
2024-09-01 03:00:00,schloemer,L17,41,48,51.116143088476754,1.0658141036401503e-14,0.0,4.263256414560601e-14,4,8,2184616.11112,34734.983586
2024-09-01 03:00:00,schloemer,L18,42,43,48.379857621766966,1.3322676295501878e-15,0.0,5.329070518200751e-15,4,8,2184616.11112,34734.983586
2024-09-01 03:00:00,schloemer,L19,43,44,50.818274242680864,8.548717289613705e-15,0.0,3.419486915845482e-14,4,8,2184616.11112,34734.983586
2024-09-01 03:00:00,schloemer,L20,44,45,53.208737188636704,5.362377208939506e-14,0.0,2.1449508835758024e-13,4,8,2184616.11112,34734.983586
2024-09-01 03:00:00,schloemer,L21,44,48,52.64642768269978,3.47499806707674e-14,0.0,1.389999226830696e-13,4,8,2184616.11112,34734.983586
2024-09-01 03:00:00,schloemer,L22,45,46,54.45697419021506,1.4210854715202004e-13,2.7755575615628914e-15,5.906386491005833e-13,4,8,2184616.11112,34734.983586
2024-09-01 03:00:00,schloemer,L23,45,47,54.82907545935759,1.9018120411828932e-13,1.176836406102666e-14,8.548717289613705e-13,4,8,2184616.11112,34734.983586
2024-09-01 03:00:00,schloemer,L24,46,48,53.88813967094084,9.103828801926284e-14,2.220446049250313e-16,3.659295089164516e-13,4,8,2184616.11112,34734.983586
2024-09-01 03:00:00,schloemer,L25,46,68,54.63327784564128,1.630917623174355e-13,5.551115123125783e-15,6.967759702547482e-13,4,8,2184616.11112,34734.983586
2024-09-01 03:00:00,schloemer,L26,47,48,54.229195521898646,1.1890488593735427e-13,1.1102230246251565e-15,4.845013279464183e-13,4,8,2184616.11112,34734.983586
2024-09-01 03:00:00,schloemer,L27,48,49,53.78320409763837,8.393286066166183e-14,2.220446049250313e-16,3.375077994860476e-13,4,8,2184616.11112,34734.983586
2024-09-01 03:00:00,schloemer,L28,48,50,54.40722532642141,1.3666845433135677e-13,2.220446049250313e-15,5.644373857194296e-13,4,8,2184616.11112,34734.983586
2024-09-01 03:00:00,schloemer,L29,48,53,53.2105780434385,5.3734794391857577e-14,0.0,2.149391775674303e-13,4,8,2184616.11112,34734.983586
2024-09-01 03:00:00,schloemer,L30,48,53,53.2105780434385,5.3734794391857577e-14,0.0,2.149391775674303e-13,4,8,2184616.11112,34734.983586
2024-09-01 03:00:00,schloemer,L31,48,65,51.582609851305286,1.532107773982716e-14,0.0,6.128431095930864e-14,4,8,2184616.11112,34734.983586
2024-09-01 03:00:00,schloemer,L32,48,65,51.582609851305286,1.532107773982716e-14,0.0,6.128431095930864e-14,4,8,2184616.11112,34734.983586
2024-09-01 03:00:00,schloemer,L33,48,68,54.04726611707313,1.0313971898767704e-13,5.551115123125783e-16,4.169997680492088e-13,4,8,2184616.11112,34734.983586
2024-09-01 03:00:00,schloemer,L34,49,56,54.43155903276898,1.3933298959045715e-13,2.55351295663786e-15,5.777600620149315e-13,4,8,2184616.11112,34734.983586
2024-09-01 03:00:00,schloemer,L35,50,51,56.28714596749858,5.98965321785272e-13,2.101541163312959e-12,1.9208190593644758e-11,4,8,2184616.11112,34734.983586
2024-09-01 03:00:00,schloemer,L36,50,57,55.52468306070301,3.285149929865838e-13,1.5354384430565915e-13,2.5424107263916085e-12,4,8,2184616.11112,34734.983586
2024-09-01 03:00:00,schloemer,L37,51,52,56.04507099662566,4.948264020754323e-13,9.35918009759007e-13,9.466649686373785e-12,4,8,2184616.11112,34734.983586
2024-09-01 03:00:00,schloemer,L38,52,53,54.10167735095135,1.0758061108617767e-13,6.661338147750939e-16,4.3565151486291143e-13,4,8,2184616.11112,34734.983586
2024-09-01 03:00:00,schloemer,L39,53,54,52.652343527564625,3.4861002973229915e-14,0.0,1.3944401189291966e-13,4,8,2184616.11112,34734.983586
2024-09-01 03:00:00,schloemer,L40,53,55,53.147437903471584,5.1181281435219717e-14,0.0,2.0472512574087887e-13,4,8,2184616.11112,34734.983586
2024-09-01 03:00:00,schloemer,L41,53,58,51.96402671024703,2.0539125955565396e-14,0.0,8.215650382226158e-14,4,8,2184616.11112,34734.983586
2024-09-01 03:00:00,schloemer,L42,54,55,52.70823367693969,3.6415315207705135e-14,0.0,1.4566126083082054e-13,4,8,2184616.11112,34734.983586
2024-09-01 03:00:00,schloemer,L43,54,58,51.54503441345382,1.4876988529977098e-14,0.0,5.950795411990839e-14,4,8,2184616.11112,34734.983586
2024-09-01 03:00:00,schloemer,L44,55,56,53.852933589059084,8.859579736508749e-14,2.220446049250313e-16,3.561595462997502e-13,4,8,2184616.11112,34734.983586
2024-09-01 03:00:00,schloemer,L45,55,57,54.30096972389085,1.2578826869003024e-13,1.4432899320127035e-15,5.146993942162226e-13,4,8,2184616.11112,34734.983586
2024-09-01 03:00:00,schloemer,L46,55,58,52.02676973782595,2.1538326677728037e-14,0.0,8.615330671091215e-14,4,8,2184616.11112,34734.983586
2024-09-01 03:00:00,schloemer,L47,55,58,52.02676973782595,2.1538326677728037e-14,0.0,8.615330671091215e-14,4,8,2184616.11112,34734.983586
2024-09-01 03:00:00,schloemer,L48,58,59,49.89384486356072,4.218847493575595e-15,0.0,1.687538997430238e-14,4,8,2184616.11112,34734.983586
2024-09-01 03:00:00,schloemer,L49,58,60,49.88399496047382,4.218847493575595e-15,0.0,1.687538997430238e-14,4,8,2184616.11112,34734.983586
2024-09-01 03:00:00,schloemer,L50,59,60,48.9253811450831,1.9984014443252818e-15,0.0,7.993605777301127e-15,4,8,2184616.11112,34734.983586
2024-09-01 03:00:00,schloemer,L51,59,61,48.888969350797154,1.9984014443252818e-15,0.0,7.993605777301127e-15,4,8,2184616.11112,34734.983586
2024-09-01 03:00:00,schloemer,L52,60,61,48.86781092391781,1.9984014443252818e-15,0.0,7.993605777301127e-15,4,8,2184616.11112,34734.983586
2024-09-01 03:00:00,schloemer,L53,61,65,49.43335327238927,2.9976021664879227e-15,0.0,1.199040866595169e-14,4,8,2184616.11112,34734.983586
2024-09-01 03:00:00,schloemer,L54,61,66,48.54540034753084,1.5543122344752192e-15,0.0,6.217248937900877e-15,4,8,2184616.11112,34734.983586
2024-09-01 03:00:00,schloemer,L55,62,58,50.249315366682325,5.440092820663267e-15,0.0,7.072120666862247e-14,13,30,2185148.89802,34751.629934
2024-09-01 03:00:00,schloemer,L56,62,63,49.33393086867669,2.7755575615628914e-15,0.0,1.1102230246251565e-14,4,8,2184616.11112,34734.983586
2024-09-01 03:00:00,schloemer,L57,63,60,48.984213978979284,2.1094237467877974e-15,0.0,4.218847493575595e-14,20,47,2185512.78098,34763.759366
2024-09-01 03:00:00,schloemer,L58,63,64,49.00987594733447,2.220446049250313e-15,0.0,8.881784197001252e-15,4,8,2184616.11112,34734.983586
2024-09-01 03:00:00,schloemer,L59,64,65,49.483419872652824,3.1086244689504383e-15,0.0,6.217248937900877e-14,20,48,2185545.98792,34764.866264
2024-09-01 03:00:00,schloemer,L60,64,67,50.02842483938198,4.551914400963142e-15,0.0,1.729727472365994e-13,38,93,2186503.81292,34796.793764
2024-09-01 03:00:00,schloemer,L61,65,66,49.137914802768684,2.4424906541753444e-15,0.0,9.769962616701378e-15,4,8,2184616.11112,34734.983586
2024-09-01 03:00:00,schloemer,L62,67,68,52.81299507289094,3.8413716652030416e-14,0.0,1.0755840662568517e-12,28,68,2185978.45538,34779.281846
2024-09-01 03:00:00,schloemer,L63,68,69,56.757133914880264,8.681944052568724e-13,9.55602263985611e-12,7.992095873987637e-11,4,8,2184616.11112,34734.983586
2024-09-01 03:00:00,schloemer,L64,68,74,55.418117705150316,3.020916850005051e-13,1.0480505352461478e-13,2.0468071681989386e-12,4,8,2184616.11112,34734.983586
2024-09-01 03:00:00,schloemer,L65,68,76,53.998213159111586,9.9253938401489e-14,4.440892098500626e-16,4.005684672847565e-13,4,8,2184616.11112,34734.983586
2024-09-01 03:00:00,schloemer,L66,69,70,60.33031771763798,1.4722778551856663e-11,1.1178636027953104e-07,8.943494234081584e-07,4,8,2184616.11112,34734.983586
2024-09-01 03:00:00,schloemer,L67,69,73,58.56107565584611,3.621436484024798e-12,1.686541906131822e-09,1.3506820883968373e-08,4,8,2184616.11112,34734.983586
2024-09-01 03:00:00,schloemer,L68,69,74,57.47302470311696,1.5294432387236157e-12,8.373535198558102e-11,6.760005888395426e-10,4,8,2184616.11112,34734.983586
2024-09-01 03:00:00,schloemer,L69,70,71,62.8449297724926,1.0727685406664023e-10,1.236925730085936e-05,9.895020361916362e-05,4,8,2184616.11112,34734.983586
2024-09-01 03:00:00,schloemer,L70,70,72,62.45490546933885,7.892186904001619e-11,6.493798148432539e-06,5.194952013021226e-05,4,8,2184616.11112,34734.983586
2024-09-01 03:00:00,schloemer,L71,73,74,57.1427749179321,1.177724584522366e-12,3.138633797306056e-11,2.5580160212257397e-10,4,8,2184616.11112,34734.983586
2024-09-01 03:00:00,schloemer,L72,74,76,54.61722005824075,1.6109336087311021e-13,5.218048215738236e-15,6.861178292183467e-13,4,8,2184616.11112,34734.983586
2024-09-01 03:00:00,schloemer,L73,74,117,56.27323757649875,5.924150059399835e-13,2.0071722062198205e-12,1.8427037673518498e-11,4,8,2184616.11112,34734.983586
2024-09-01 03:00:00,schloemer,L74,75,76,54.03001571794646,1.0180745135812685e-13,4.440892098500626e-16,4.107825191113079e-13,4,8,2184616.11112,34734.983586
2024-09-01 03:00:00,schloemer,L75,75,117,55.63446153502601,3.581579477440755e-13,2.2659651932599445e-13,3.2454039455842576e-12,4,8,2184616.11112,34734.983586
2024-09-01 03:00:00,schloemer,L76,76,77,53.05117471126061,4.75175454539567e-14,0.0,1.900701818158268e-13,4,8,2184616.11112,34734.983586
2024-09-01 03:00:00,schloemer,L77,76,79,51.64789909504841,1.609823385706477e-14,0.0,6.439293542825908e-14,4,8,2184616.11112,34734.983586
2024-09-01 03:00:00,schloemer,L78,76,79,51.64789909504841,1.609823385706477e-14,0.0,6.439293542825908e-14,4,8,2184616.11112,34734.983586
2024-09-01 03:00:00,schloemer,L79,76,81,52.012265250134625,2.1316282072803006e-14,0.0,8.526512829121202e-14,4,8,2184616.11112,34734.983586
2024-09-01 03:00:00,schloemer,L80,77,78,52.19766904804236,2.453592884421596e-14,0.0,9.814371537686384e-14,4,8,2184616.11112,34734.983586
2024-09-01 03:00:00,schloemer,L81,78,79,50.85413567653102,8.770761894538737e-15,0.0,3.5083047578154947e-14,4,8,2184616.11112,34734.983586
2024-09-01 03:00:00,schloemer,L82,79,95,49.36171098353413,2.886579864025407e-15,0.0,1.1546319456101628e-14,4,8,2184616.11112,34734.983586
2024-09-01 03:00:00,schloemer,L83,79,96,49.47947959803526,3.1086244689504383e-15,0.0,1.2434497875801753e-14,4,8,2184616.11112,34734.983586
2024-09-01 03:00:00,schloemer,L84,79,97,49.913299521023234,4.3298697960381105e-15,0.0,1.7319479184152442e-14,4,8,2184616.11112,34734.983586
2024-09-01 03:00:00,schloemer,L85,79,98,49.173041113960174,2.4424906541753444e-15,0.0,9.769962616701378e-15,4,8,2184616.11112,34734.983586
2024-09-01 03:00:00,schloemer,L86,80,67,50.84507249037871,8.43769498715119e-15,0.0,2.531308496145357e-13,30,72,2186055.70436,34781.856812
2024-09-01 03:00:00,schloemer,L87,80,79,50.39986968162039,6.106226635438361e-15,0.0,1.709743457922741e-13,28,69,2185981.58126,34779.386042
2024-09-01 03:00:00,schloemer,L88,81,82,50.607368705064076,7.216449660063518e-15,0.0,2.886579864025407e-14,4,8,2184616.11112,34734.983586
2024-09-01 03:00:00,schloemer,L89,81,95,49.67448867520755,3.552713678800501e-15,0.0,1.4210854715202004e-14,4,8,2184616.11112,34734.983586
2024-09-01 03:00:00,schloemer,L90,93,95,47.607488343770996,7.771561172376096e-16,0.0,3.1086244689504383e-15,4,8,2184616.11112,34734.983586
2024-09-01 03:00:00,schloemer,L91,95,96,48.67173573046194,1.6653345369377348e-15,0.0,6.661338147750939e-15,4,8,2184616.11112,34734.983586
2024-09-01 03:00:00,schloemer,L92,115,67,50.76346395278755,8.104628079763643e-15,0.0,1.0536016503692736e-13,13,29,2185126.88168,34750.896056
2024-09-01 04:00:00,schloemer,L0,22,23,66.1598043374385,1.4176193552373206e-09,0.0010251802697365253,0.008172080194078446,4,8,2184616.11112,34734.983586
2024-09-01 04:00:00,schloemer,L1,23,69,62.30632405929685,7.020317660533237e-11,5.0409936390716226e-06,4.032751839588844e-05,4,8,2184616.11112,34734.983586
2024-09-01 04:00:00,schloemer,L2,23,71,65.0042006567807,5.80253955995147e-10,0.0002679664044844543,0.0021417240612587873,4,8,2184616.11112,34734.983586
2024-09-01 04:00:00,schloemer,L3,29,37,45.646850788153,2.220446049250313e-16,0.0,8.881784197001252e-16,4,8,2184616.11112,34734.983586
2024-09-01 04:00:00,schloemer,L4,32,36,44.362994101525985,1.1102230246251565e-16,0.0,4.440892098500626e-16,4,8,2184616.11112,34734.983586
2024-09-01 04:00:00,schloemer,L5,33,36,45.54275477128987,2.220446049250313e-16,0.0,8.881784197001252e-16,4,8,2184616.11112,34734.983586
2024-09-01 04:00:00,schloemer,L6,33,42,47.061277401943634,5.551115123125783e-16,0.0,2.220446049250313e-15,4,8,2184616.11112,34734.983586
2024-09-01 04:00:00,schloemer,L7,34,36,44.06755099381169,1.1102230246251565e-16,0.0,4.440892098500626e-16,4,8,2184616.11112,34734.983586
2024-09-01 04:00:00,schloemer,L8,36,38,45.10134024404249,1.1102230246251565e-16,0.0,4.440892098500626e-16,4,8,2184616.11112,34734.983586
2024-09-01 04:00:00,schloemer,L9,36,39,45.96149574922981,2.220446049250313e-16,0.0,8.881784197001252e-16,4,8,2184616.11112,34734.983586
2024-09-01 04:00:00,schloemer,L10,37,36,45.76390135871468,2.220446049250313e-16,0.0,4.440892098500626e-15,20,48,2185542.33716,34764.744572
2024-09-01 04:00:00,schloemer,L11,37,64,48.13687242774229,1.1102230246251565e-15,0.0,4.440892098500626e-15,4,8,2184616.11112,34734.983586
2024-09-01 04:00:00,schloemer,L12,38,39,46.06897853636351,2.220446049250313e-16,0.0,8.881784197001252e-16,4,8,2184616.11112,34734.983586
2024-09-01 04:00:00,schloemer,L13,39,40,47.58666145073217,7.771561172376096e-16,0.0,3.1086244689504383e-15,4,8,2184616.11112,34734.983586
2024-09-01 04:00:00,schloemer,L14,39,41,48.47617650842905,1.4432899320127035e-15,0.0,5.773159728050814e-15,4,8,2184616.11112,34734.983586
2024-09-01 04:00:00,schloemer,L15,40,41,49.13554663752353,2.4424906541753444e-15,0.0,9.769962616701378e-15,4,8,2184616.11112,34734.983586
2024-09-01 04:00:00,schloemer,L16,41,48,52.11331950314376,2.298161660974074e-14,0.0,9.192646643896296e-14,4,8,2184616.11112,34734.983586
2024-09-01 04:00:00,schloemer,L17,41,48,52.11331950314376,2.298161660974074e-14,0.0,9.192646643896296e-14,4,8,2184616.11112,34734.983586
2024-09-01 04:00:00,schloemer,L18,42,43,49.26883024867091,2.6645352591003757e-15,0.0,1.0658141036401503e-14,4,8,2184616.11112,34734.983586
2024-09-01 04:00:00,schloemer,L19,43,44,51.803313619134926,1.8096635301390052e-14,0.0,7.238654120556021e-14,4,8,2184616.11112,34734.983586
2024-09-01 04:00:00,schloemer,L20,44,45,54.291967826525834,1.249000902703301e-13,1.4432899320127035e-15,5.111466805374221e-13,4,8,2184616.11112,34734.983586
2024-09-01 04:00:00,schloemer,L21,44,48,53.703922347792385,7.893685705084863e-14,1.1102230246251565e-16,3.1663560662309465e-13,4,8,2184616.11112,34734.983586
2024-09-01 04:00:00,schloemer,L22,45,46,55.59535320967904,3.4727776210274897e-13,1.9739765377835283e-13,2.9682922786378185e-12,4,8,2184616.11112,34734.983586
2024-09-01 04:00:00,schloemer,L23,45,47,55.97835517555497,4.695133171139787e-13,7.462919171530302e-13,7.848388605680157e-12,4,8,2184616.11112,34734.983586
2024-09-01 04:00:00,schloemer,L24,46,48,55.00047108685815,2.1760371282653068e-13,2.2537527399890678e-14,1.0507150705052481e-12,4,8,2184616.11112,34734.983586
2024-09-01 04:00:00,schloemer,L25,46,68,55.783376478958985,4.026778910315443e-13,3.815836535636663e-13,4.6633807926355075e-12,4,8,2184616.11112,34734.983586
2024-09-01 04:00:00,schloemer,L26,47,48,55.35031997918393,2.8632651805082787e-13,8.204548151979907e-14,1.801669924361704e-12,4,8,2184616.11112,34734.983586
2024-09-01 04:00:00,schloemer,L27,48,49,54.87846336599409,1.9773072068574038e-13,1.4210854715202004e-14,9.046097204645775e-13,4,8,2184616.11112,34734.983586
2024-09-01 04:00:00,schloemer,L28,48,50,55.52571931817987,3.2873703759150885e-13,1.5409895581797173e-13,2.5477397969098092e-12,4,8,2184616.11112,34734.983586
2024-09-01 04:00:00,schloemer,L29,48,53,54.27539544657093,1.2323475573339238e-13,1.3322676295501878e-15,5.03597163969971e-13,4,8,2184616.11112,34734.983586
2024-09-01 04:00:00,schloemer,L30,48,53,54.27539544657093,1.2323475573339238e-13,1.3322676295501878e-15,5.03597163969971e-13,4,8,2184616.11112,34734.983586
2024-09-01 04:00:00,schloemer,L31,48,65,52.590040224296125,3.319566843629218e-14,0.0,1.3278267374516872e-13,4,8,2184616.11112,34734.983586
2024-09-01 04:00:00,schloemer,L32,48,65,52.590040224296125,3.319566843629218e-14,0.0,1.3278267374516872e-13,4,8,2184616.11112,34734.983586
2024-09-01 04:00:00,schloemer,L33,48,68,55.17054148162792,2.4868995751603507e-13,4.2521541843143495e-14,1.3349321648092882e-12,4,8,2184616.11112,34734.983586
2024-09-01 04:00:00,schloemer,L34,49,56,55.53470149867522,3.310685059432217e-13,1.5909495942878493e-13,2.597033699203166e-12,4,8,2184616.11112,34734.983586
2024-09-01 04:00:00,schloemer,L35,50,51,57.45806592824272,1.5113466034222256e-12,8.015321739662795e-11,6.472711255867125e-10,4,8,2184616.11112,34734.983586
2024-09-01 04:00:00,schloemer,L36,50,57,56.664303459695944,8.067990719951013e-13,7.126188528161492e-12,6.023670451327234e-11,4,8,2184616.11112,34734.983586
2024-09-01 04:00:00,schloemer,L37,51,52,57.186478485602116,1.2191359033408844e-12,3.5808023213235174e-11,2.9134072931924493e-10,4,8,2184616.11112,34734.983586
2024-09-01 04:00:00,schloemer,L38,52,53,55.17272120437716,2.490230244234226e-13,4.285460875053104e-14,1.3389289676979388e-12,4,8,2184616.11112,34734.983586
2024-09-01 04:00:00,schloemer,L39,53,54,53.66558943534188,7.66053886991358e-14,1.1102230246251565e-16,3.0730973321624333e-13,4,8,2184616.11112,34734.983586
2024-09-01 04:00:00,schloemer,L40,53,55,54.18307581154346,1.1468603844377867e-13,8.881784197001252e-16,4.658495811327157e-13,4,8,2184616.11112,34734.983586
2024-09-01 04:00:00,schloemer,L41,53,58,52.95383237878422,4.4075854077618715e-14,0.0,1.7630341631047486e-13,4,8,2184616.11112,34734.983586
2024-09-01 04:00:00,schloemer,L42,54,55,53.71507367762689,7.960299086562372e-14,1.1102230246251565e-16,3.19300141882195e-13,4,8,2184616.11112,34734.983586
2024-09-01 04:00:00,schloemer,L43,54,58,52.50796294730551,3.11972669919669e-14,0.0,1.247890679678676e-13,4,8,2184616.11112,34734.983586
2024-09-01 04:00:00,schloemer,L44,55,56,54.91463986091773,2.0339285811132868e-13,1.63202784619898e-14,9.441336601412331e-13,4,8,2184616.11112,34734.983586
2024-09-01 04:00:00,schloemer,L45,55,57,55.37586488111469,2.922107000813412e-13,8.992806499463768e-14,1.8882673202824662e-12,4,8,2184616.11112,34734.983586
2024-09-01 04:00:00,schloemer,L46,55,58,53.011060007900525,4.6074255521943996e-14,0.0,1.8429702208777599e-13,4,8,2184616.11112,34734.983586
2024-09-01 04:00:00,schloemer,L47,55,58,53.011060007900525,4.6074255521943996e-14,0.0,1.8429702208777599e-13,4,8,2184616.11112,34734.983586
2024-09-01 04:00:00,schloemer,L48,58,59,50.79609031990166,8.326672684688674e-15,0.0,3.3306690738754696e-14,4,8,2184616.11112,34734.983586
2024-09-01 04:00:00,schloemer,L49,58,60,50.790586313375414,8.326672684688674e-15,0.0,3.3306690738754696e-14,4,8,2184616.11112,34734.983586
2024-09-01 04:00:00,schloemer,L50,59,60,49.79466570138795,3.885780586188048e-15,0.0,1.554312234475219e-14,4,8,2184616.11112,34734.983586
2024-09-01 04:00:00,schloemer,L51,59,61,49.76142374454298,3.774758283725532e-15,0.0,1.509903313490213e-14,4,8,2184616.11112,34734.983586
2024-09-01 04:00:00,schloemer,L52,60,61,49.74353829256829,3.774758283725532e-15,0.0,1.509903313490213e-14,4,8,2184616.11112,34734.983586
2024-09-01 04:00:00,schloemer,L53,61,65,50.343284543040596,5.995204332975845e-15,0.0,2.398081733190338e-14,4,8,2184616.11112,34734.983586
2024-09-01 04:00:00,schloemer,L54,61,66,49.41697801789413,2.9976021664879227e-15,0.0,1.199040866595169e-14,4,8,2184616.11112,34734.983586
2024-09-01 04:00:00,schloemer,L55,62,58,51.17044090501935,1.1102230246251565e-14,0.0,1.4432899320127035e-13,13,30,2185148.89802,34751.629934
2024-09-01 04:00:00,schloemer,L56,62,63,50.232851238545464,5.440092820663267e-15,0.0,2.1760371282653068e-14,4,8,2184616.11112,34734.983586
2024-09-01 04:00:00,schloemer,L57,63,60,49.86921931436535,4.107825191113079e-15,0.0,8.215650382226158e-14,20,47,2185512.78098,34763.759366
2024-09-01 04:00:00,schloemer,L58,63,64,49.91399179578266,4.3298697960381105e-15,0.0,1.7319479184152442e-14,4,8,2184616.11112,34734.983586
2024-09-01 04:00:00,schloemer,L59,64,65,50.4089234867313,6.106226635438361e-15,0.0,1.2212453270876722e-13,20,48,2185545.98792,34764.866264
2024-09-01 04:00:00,schloemer,L60,64,67,50.98664958936147,9.325873406851315e-15,0.0,3.5438318946034997e-13,38,93,2186503.81292,34796.793764
2024-09-01 04:00:00,schloemer,L61,65,66,50.040001651964715,4.773959005888173e-15,0.0,1.9095836023552692e-14,4,8,2184616.11112,34734.983586
2024-09-01 04:00:00,schloemer,L62,67,68,53.887489410841724,8.859579736508749e-14,2.220446049250313e-16,2.495781359357352e-12,28,68,2185978.45538,34779.281846
2024-09-01 04:00:00,schloemer,L63,68,69,57.9954746418021,2.3131496718065137e-12,3.6963931915323656e-10,2.9663671519131185e-09,4,8,2184616.11112,34734.983586
2024-09-01 04:00:00,schloemer,L64,68,74,56.59917457756823,7.66275931596283e-13,5.790812274142354e-12,4.9391601919523964e-11,4,8,2184616.11112,34734.983586
2024-09-01 04:00:00,schloemer,L65,68,76,55.11762072451786,2.384759056894836e-13,3.4861002973229915e-14,1.2327916465437738e-12,4,8,2184616.11112,34734.983586
2024-09-01 04:00:00,schloemer,L66,69,70,61.708462234629486,4.380296125816585e-11,1.7397020475318214e-06,1.3917706846222622e-05,4,8,2184616.11112,34734.983586
2024-09-01 04:00:00,schloemer,L67,69,73,59.86877574657086,1.0212830581224352e-11,4.041315770919596e-08,3.2334606725470394e-07,4,8,2184616.11112,34734.983586
2024-09-01 04:00:00,schloemer,L68,69,74,58.73631654268245,4.161226918597549e-12,2.6504964889539906e-09,2.122061659726171e-08,4,8,2184616.11112,34734.983586
2024-09-01 04:00:00,schloemer,L69,70,71,64.3153859649316,3.394602376971534e-10,0.00010939685876587557,0.0008748412052508314,4,8,2184616.11112,34734.983586
2024-09-01 04:00:00,schloemer,L70,70,72,63.8976695246402,2.4495605543961574e-10,6.119689181194321e-05,0.0004894712650056476,4,8,2184616.11112,34734.983586
2024-09-01 04:00:00,schloemer,L71,73,74,58.38955136364186,3.1610269957127457e-12,1.0745958567426328e-09,8.609410961923913e-09,4,8,2184616.11112,34734.983586
2024-09-01 04:00:00,schloemer,L72,74,76,55.75632948034825,3.9412917374193057e-13,3.473887844052115e-13,4.355626970209414e-12,4,8,2184616.11112,34734.983586
2024-09-01 04:00:00,schloemer,L73,74,117,57.47980653724598,1.5376588891058418e-12,8.540990137362314e-11,6.894298465454085e-10,4,8,2184616.11112,34734.983586
2024-09-01 04:00:00,schloemer,L74,75,76,55.137545826253,2.4225066397320916e-13,3.7636560534792807e-14,1.270095140171179e-12,4,8,2184616.11112,34734.983586
2024-09-01 04:00:00,schloemer,L75,75,117,56.80556630771504,9.020562075079397e-13,1.1124323684441606e-11,9.260281430556461e-11,4,8,2184616.11112,34734.983586
2024-09-01 04:00:00,schloemer,L76,76,77,54.116128440063044,1.0880185641326534e-13,6.661338147750939e-16,4.405364961712621e-13,4,8,2184616.11112,34734.983586
2024-09-01 04:00:00,schloemer,L77,76,79,52.65866106354483,3.5083047578154947e-14,0.0,1.4033219031261979e-13,4,8,2184616.11112,34734.983586
2024-09-01 04:00:00,schloemer,L78,76,79,52.65866106354483,3.5083047578154947e-14,0.0,1.4033219031261979e-13,4,8,2184616.11112,34734.983586
2024-09-01 04:00:00,schloemer,L79,76,81,53.03400397558666,4.6851411639181606e-14,0.0,1.8740564655672642e-13,4,8,2184616.11112,34734.983586
2024-09-01 04:00:00,schloemer,L80,77,78,53.21817915031094,5.4067861299245124e-14,0.0,2.162714451969805e-13,4,8,2184616.11112,34734.983586
2024-09-01 04:00:00,schloemer,L81,78,79,51.82472395662187,1.84297022087776e-14,0.0,7.37188088351104e-14,4,8,2184616.11112,34734.983586
2024-09-01 04:00:00,schloemer,L82,79,95,50.274888446964006,5.662137425588298e-15,0.0,2.2648549702353193e-14,4,8,2184616.11112,34734.983586
2024-09-01 04:00:00,schloemer,L83,79,96,50.39561433136883,6.217248937900877e-15,0.0,2.4868995751603507e-14,4,8,2184616.11112,34734.983586
2024-09-01 04:00:00,schloemer,L84,79,97,50.845767247721305,8.659739592076221e-15,0.0,3.4638958368304884e-14,4,8,2184616.11112,34734.983586
2024-09-01 04:00:00,schloemer,L85,79,98,50.082402233140876,4.884981308350689e-15,0.0,1.9539925233402755e-14,4,8,2184616.11112,34734.983586
2024-09-01 04:00:00,schloemer,L86,80,67,51.8385888502223,1.8096635301390052e-14,0.0,5.428990590417015e-13,30,72,2186055.70436,34781.856812
2024-09-01 04:00:00,schloemer,L87,80,79,51.36607157918417,1.2656542480726785e-14,0.0,3.5438318946034997e-13,28,69,2185981.58126,34779.386042
2024-09-01 04:00:00,schloemer,L88,81,82,51.55671361636091,1.4988010832439613e-14,0.0,5.995204332975845e-14,4,8,2184616.11112,34734.983586
2024-09-01 04:00:00,schloemer,L89,81,95,50.59585113748247,7.216449660063518e-15,0.0,2.886579864025407e-14,4,8,2184616.11112,34734.983586
2024-09-01 04:00:00,schloemer,L90,93,95,48.447624759943714,1.4432899320127035e-15,0.0,5.773159728050814e-15,4,8,2184616.11112,34734.983586
2024-09-01 04:00:00,schloemer,L91,95,96,49.55274521432054,3.219646771412954e-15,0.0,1.2878587085651816e-14,4,8,2184616.11112,34734.983586
2024-09-01 04:00:00,schloemer,L92,115,67,51.75438273648423,1.7319479184152442e-14,0.0,2.2515322939398175e-13,13,29,2185126.88168,34750.896056
2024-09-01 05:00:00,schloemer,L0,22,23,67.76386926672312,4.8246437955867805e-09,0.0048946096460874555,0.03849262062951886,4,8,2184616.11112,34734.983586
2024-09-01 05:00:00,schloemer,L1,23,69,63.75580731312347,2.1922219595182924e-10,4.9903954630448055e-05,0.0003991627892103722,4,8,2184616.11112,34734.983586
2024-09-01 05:00:00,schloemer,L2,23,71,66.55408349614744,1.9189421163190445e-09,0.0015522560622718284,0.012350799153445391,4,8,2184616.11112,34734.983586
2024-09-01 05:00:00,schloemer,L3,29,37,46.409855941049564,3.3306690738754696e-16,0.0,1.3322676295501878e-15,4,8,2184616.11112,34734.983586
2024-09-01 05:00:00,schloemer,L4,32,36,45.087147797628965,1.1102230246251565e-16,0.0,4.440892098500626e-16,4,8,2184616.11112,34734.983586
2024-09-01 05:00:00,schloemer,L5,33,36,46.307671701160096,3.3306690738754696e-16,0.0,1.3322676295501878e-15,4,8,2184616.11112,34734.983586
2024-09-01 05:00:00,schloemer,L6,33,42,47.88120041940836,8.881784197001252e-16,0.0,3.552713678800501e-15,4,8,2184616.11112,34734.983586
2024-09-01 05:00:00,schloemer,L7,34,36,44.779764962728464,1.1102230246251565e-16,0.0,4.440892098500626e-16,4,8,2184616.11112,34734.983586
2024-09-01 05:00:00,schloemer,L8,36,38,45.85222974498422,2.220446049250313e-16,0.0,8.881784197001252e-16,4,8,2184616.11112,34734.983586
2024-09-01 05:00:00,schloemer,L9,36,39,46.74336875222002,4.440892098500626e-16,0.0,1.7763568394002505e-15,4,8,2184616.11112,34734.983586
2024-09-01 05:00:00,schloemer,L10,37,36,46.53555962854656,3.3306690738754696e-16,0.0,6.661338147750939e-15,20,48,2185542.33716,34764.744572
2024-09-01 05:00:00,schloemer,L11,37,64,48.99510326527315,2.1094237467877974e-15,0.0,8.43769498715119e-15,4,8,2184616.11112,34734.983586
2024-09-01 05:00:00,schloemer,L12,38,39,46.85609695967916,4.440892098500626e-16,0.0,1.7763568394002505e-15,4,8,2184616.11112,34734.983586
2024-09-01 05:00:00,schloemer,L13,39,40,48.43073166354844,1.4432899320127035e-15,0.0,5.773159728050814e-15,4,8,2184616.11112,34734.983586
2024-09-01 05:00:00,schloemer,L14,39,41,49.35333908977691,2.7755575615628914e-15,0.0,1.1102230246251565e-14,4,8,2184616.11112,34734.983586
2024-09-01 05:00:00,schloemer,L15,40,41,50.03882083811561,4.6629367034256575e-15,0.0,1.865174681370263e-14,4,8,2184616.11112,34734.983586
2024-09-01 05:00:00,schloemer,L16,41,48,53.13140734647832,5.051514762044462e-14,0.0,2.020605904817785e-13,4,8,2184616.11112,34734.983586
2024-09-01 05:00:00,schloemer,L17,41,48,53.13140734647832,5.051514762044462e-14,0.0,2.020605904817785e-13,4,8,2184616.11112,34734.983586
2024-09-01 05:00:00,schloemer,L18,42,43,50.17290522872158,5.218048215738236e-15,0.0,2.0872192862952943e-14,4,8,2184616.11112,34734.983586
2024-09-01 05:00:00,schloemer,L19,43,44,52.80859051962163,3.930189507173054e-14,0.0,1.5720758028692217e-13,4,8,2184616.11112,34734.983586
2024-09-01 05:00:00,schloemer,L20,44,45,55.40089306604833,2.97983859809392e-13,9.847678228425139e-14,1.979749697511579e-12,4,8,2184616.11112,34734.983586
2024-09-01 05:00:00,schloemer,L21,44,48,54.78546549069855,1.837419105754634e-13,9.992007221626409e-15,8.149037000748649e-13,4,8,2184616.11112,34734.983586
2024-09-01 05:00:00,schloemer,L22,45,46,56.76277221533382,8.720801858430605e-13,9.726996985648384e-12,8.130429662855931e-11,4,8,2184616.11112,34734.983586
2024-09-01 05:00:00,schloemer,L23,45,47,57.156839010987454,1.190825216212943e-12,3.274824855736824e-11,2.667492893237977e-10,4,8,2184616.11112,34734.983586
2024-09-01 05:00:00,schloemer,L24,46,48,56.14018947948737,5.334621633323877e-13,1.2890799538922693e-12,1.2446488284467705e-11,4,8,2184616.11112,34734.983586
2024-09-01 05:00:00,schloemer,L25,46,68,56.963535841281804,1.0220713164699191e-12,1.81658021958242e-11,1.4941470283247327e-10,4,8,2184616.11112,34734.983586
2024-09-01 05:00:00,schloemer,L26,47,48,56.4988143330288,7.078782005009998e-13,4.194533609336304e-12,3.638778167669443e-11,4,8,2184616.11112,34734.983586
2024-09-01 05:00:00,schloemer,L27,48,49,55.998996991203725,4.771738559838923e-13,8.005818230572004e-13,8.313350008393172e-12,4,8,2184616.11112,34734.983586
2024-09-01 05:00:00,schloemer,L28,48,50,56.67048404857014,8.106848525812893e-13,7.267408896893812e-12,6.138201058547565e-11,4,8,2184616.11112,34734.983586
2024-09-01 05:00:00,schloemer,L29,48,53,55.36321883180701,2.893241202173158e-13,8.593126210598712e-14,1.84474657771716e-12,4,8,2184616.11112,34734.983586
2024-09-01 05:00:00,schloemer,L30,48,53,55.36321883180701,2.893241202173158e-13,8.593126210598712e-14,1.84474657771716e-12,4,8,2184616.11112,34734.983586
2024-09-01 05:00:00,schloemer,L31,48,65,53.618206785267624,7.382983113757291e-14,1.1102230246251565e-16,2.9620750296999176e-13,4,8,2184616.11112,34734.983586
2024-09-01 05:00:00,schloemer,L32,48,65,53.618206785267624,7.382983113757291e-14,1.1102230246251565e-16,2.9620750296999176e-13,4,8,2184616.11112,34734.983586
2024-09-01 05:00:00,schloemer,L33,48,68,56.322194949765404,6.158407117595743e-13,2.3587798381186076e-12,2.1333601551987158e-11,4,8,2184616.11112,34734.983586
2024-09-01 05:00:00,schloemer,L34,49,56,56.66172437933917,8.051337374581635e-13,7.068123863973597e-12,5.976552586162143e-11,4,8,2184616.11112,34734.983586
2024-09-01 05:00:00,schloemer,L35,50,51,58.655365581309546,3.902544953859888e-12,2.1532324812056913e-09,1.7241469918438668e-08,4,8,2184616.11112,34734.983586
2024-09-01 05:00:00,schloemer,L36,50,57,57.82878855013778,2.027045198360611e-12,2.3220025902048747e-10,1.865710252957342e-09,4,8,2184616.11112,34734.983586
2024-09-01 05:00:00,schloemer,L37,51,52,58.35081723616132,3.0655478155949822e-12,9.694901548229495e-10,7.768183429845976e-09,4,8,2184616.11112,34734.983586
2024-09-01 05:00:00,schloemer,L38,52,53,56.26422708321833,5.883071807488705e-13,1.9482193636122247e-12,1.793898363189328e-11,4,8,2184616.11112,34734.983586
2024-09-01 05:00:00,schloemer,L39,53,54,54.69652223363543,1.7141843500212417e-13,7.105427357601002e-15,7.425171588693047e-13,4,8,2184616.11112,34734.983586
2024-09-01 05:00:00,schloemer,L40,53,55,55.23773804547857,2.6212365611399946e-13,5.440092820663267e-14,1.4837020501090592e-12,4,8,2184616.11112,34734.983586
2024-09-01 05:00:00,schloemer,L41,53,58,53.96053662172108,9.636735853746359e-14,3.3306690738754696e-16,3.8813396940895473e-13,4,8,2184616.11112,34734.983586
2024-09-01 05:00:00,schloemer,L42,54,55,54.73849038775097,1.7719159473017498e-13,8.326672684688674e-15,7.753797603982093e-13,4,8,2184616.11112,34734.983586
2024-09-01 05:00:00,schloemer,L43,54,58,53.48555457102692,6.661338147750939e-14,0.0,2.6645352591003757e-13,4,8,2184616.11112,34734.983586
2024-09-01 05:00:00,schloemer,L44,55,56,55.99642323815204,4.762856775641922e-13,7.935874180020619e-13,8.253842054273264e-12,4,8,2184616.11112,34734.983586
2024-09-01 05:00:00,schloemer,L45,55,57,56.47099688333228,6.925571227611726e-13,3.8336001040306655e-12,3.3439029323290015e-11,4,8,2184616.11112,34734.983586
2024-09-01 05:00:00,schloemer,L46,55,58,54.01125452028683,1.0025313912365164e-13,4.440892098500626e-16,4.0456527017340704e-13,4,8,2184616.11112,34734.983586
2024-09-01 05:00:00,schloemer,L47,55,58,54.01125452028683,1.0025313912365164e-13,4.440892098500626e-16,4.0456527017340704e-13,4,8,2184616.11112,34734.983586
2024-09-01 05:00:00,schloemer,L48,58,59,51.71040741240351,1.687538997430238e-14,0.0,6.750155989720952e-14,4,8,2184616.11112,34734.983586
2024-09-01 05:00:00,schloemer,L49,58,60,51.70985864368785,1.687538997430238e-14,0.0,6.750155989720952e-14,4,8,2184616.11112,34734.983586
2024-09-01 05:00:00,schloemer,L50,59,60,50.67479694508441,7.66053886991358e-15,0.0,3.064215547965432e-14,4,8,2184616.11112,34734.983586
2024-09-01 05:00:00,schloemer,L51,59,61,50.645251506488165,7.438494264988549e-15,0.0,2.9753977059954195e-14,4,8,2184616.11112,34734.983586
2024-09-01 05:00:00,schloemer,L52,60,61,50.6311325099445,7.438494264988549e-15,0.0,2.9753977059954195e-14,4,8,2184616.11112,34734.983586
2024-09-01 05:00:00,schloemer,L53,61,65,51.26780591363374,1.199040866595169e-14,0.0,4.796163466380676e-14,4,8,2184616.11112,34734.983586
2024-09-01 05:00:00,schloemer,L54,61,66,50.30088473507772,5.773159728050814e-15,0.0,2.3092638912203256e-14,4,8,2184616.11112,34734.983586
2024-09-01 05:00:00,schloemer,L55,62,58,52.10498404755444,2.2648549702353193e-14,0.0,2.944311461305915e-13,13,30,2185148.89802,34751.629934
2024-09-01 05:00:00,schloemer,L56,62,63,51.14521521512229,1.099120794378905e-14,0.0,4.39648317751562e-14,4,8,2184616.11112,34734.983586
2024-09-01 05:00:00,schloemer,L57,63,60,50.76694182136196,8.104628079763643e-15,0.0,1.6209256159527285e-13,20,47,2185512.78098,34763.759366
2024-09-01 05:00:00,schloemer,L58,63,64,50.83326923657376,8.659739592076221e-15,0.0,3.4638958368304884e-14,4,8,2184616.11112,34734.983586
2024-09-01 05:00:00,schloemer,L59,64,65,51.35094060037141,1.2545520178264269e-14,0.0,2.509104035652854e-13,20,48,2185545.98792,34764.866264
2024-09-01 05:00:00,schloemer,L60,64,67,51.964030410332406,1.9761969838327786e-14,0.0,7.509548538564559e-13,38,93,2186503.81292,34796.793764
2024-09-01 05:00:00,schloemer,L61,65,66,50.95657738241967,9.43689570931383e-15,0.0,3.774758283725532e-14,4,8,2184616.11112,34734.983586
2024-09-01 05:00:00,schloemer,L62,67,68,54.98779751627629,2.0961010704922955e-13,2.0095036745715333e-14,7.23554549608707e-12,28,68,2185978.45538,34779.281846
2024-09-01 05:00:00,schloemer,L63,68,69,59.26848961751688,6.345479697245082e-12,9.940713030509585e-09,7.95510833873081e-08,4,8,2184616.11112,34734.983586
2024-09-01 05:00:00,schloemer,L64,68,74,57.81169528966881,1.999733711954832e-12,2.212869887330271e-10,1.7782948447120361e-09,4,8,2184616.11112,34734.983586
2024-09-01 05:00:00,schloemer,L65,68,76,56.26482969223231,5.885292253537955e-13,1.9521051441984127e-12,1.7970958055002484e-11,4,8,2184616.11112,34734.983586
2024-09-01 05:00:00,schloemer,L66,69,70,63.12688842706202,1.3388556929783135e-10,1.9358088846122e-05,0.0001548547540376477,4,8,2184616.11112,34734.983586
2024-09-01 05:00:00,schloemer,L67,69,73,61.21390609303053,2.96316304826405e-11,6.819486818576692e-07,5.4556949592443615e-06,4,8,2184616.11112,34734.983586
2024-09-01 05:00:00,schloemer,L68,69,74,60.034957104510596,1.165056939811393e-11,5.8642104505679526e-08,4.6918334206669243e-07,4,8,2184616.11112,34734.983586
2024-09-01 05:00:00,schloemer,L69,70,71,65.82819729966623,1.0980147902017734e-09,0.0007114206189706707,0.005677218124217842,4,8,2184616.11112,34734.983586
2024-09-01 05:00:00,schloemer,L70,70,72,65.38016242948547,7.766383092189244e-10,0.0004236028176610729,0.003383805589973865,4,8,2184616.11112,34734.983586
2024-09-01 05:00:00,schloemer,L71,73,74,59.67050539392618,8.727463196578356e-12,2.5687793003825732e-08,2.0553723545368996e-07,4,8,2184616.11112,34734.983586
2024-09-01 05:00:00,schloemer,L72,74,76,56.92365270499548,9.903189379656396e-13,1.6062373653369377e-11,1.3246026497881758e-10,4,8,2184616.11112,34734.983586
2024-09-01 05:00:00,schloemer,L73,74,117,58.718013137247176,4.101274875267791e-12,2.529255249683615e-09,2.0250446874925387e-08,4,8,2184616.11112,34734.983586
2024-09-01 05:00:00,schloemer,L74,75,76,56.27080518547012,5.913047829153584e-13,1.9910739723627557e-12,1.829381091056348e-11,4,8,2184616.11112,34734.983586
2024-09-01 05:00:00,schloemer,L75,75,117,58.00545460284164,2.3315793740152913e-12,3.799751624455894e-10,3.049127617060776e-09,4,8,2184616.11112,34734.983586
2024-09-01 05:00:00,schloemer,L76,76,77,55.20428405893816,2.55351295663786e-13,4.807265696626928e-14,1.4059864383852982e-12,4,8,2184616.11112,34734.983586
2024-09-01 05:00:00,schloemer,L77,76,79,53.69000505294261,7.80486786311485e-14,1.1102230246251565e-16,3.1308289294429414e-13,4,8,2184616.11112,34734.983586
2024-09-01 05:00:00,schloemer,L78,76,79,53.69000505294261,7.80486786311485e-14,1.1102230246251565e-16,3.1308289294429414e-13,4,8,2184616.11112,34734.983586
2024-09-01 05:00:00,schloemer,L79,76,81,54.0765395638558,1.0547118733938987e-13,5.551115123125783e-16,4.263256414560601e-13,4,8,2184616.11112,34734.983586
2024-09-01 05:00:00,schloemer,L80,77,78,54.25855712682525,1.2168044349891716e-13,1.2212453270876722e-15,4.9649173661237e-13,4,8,2184616.11112,34734.983586
2024-09-01 05:00:00,schloemer,L81,78,79,52.81295236475282,3.952393967665557e-14,0.0,1.580957587066223e-13,4,8,2184616.11112,34734.983586
2024-09-01 05:00:00,schloemer,L82,79,95,51.202858383812426,1.1435297153639112e-14,0.0,4.574118861455645e-14,4,8,2184616.11112,34734.983586
2024-09-01 05:00:00,schloemer,L83,79,96,51.32654248271618,1.2545520178264269e-14,0.0,5.0182080713057076e-14,4,8,2184616.11112,34734.983586
2024-09-01 05:00:00,schloemer,L84,79,97,51.79380837167946,1.7985612998927536e-14,0.0,7.194245199571014e-14,4,8,2184616.11112,34734.983586
2024-09-01 05:00:00,schloemer,L85,79,98,51.006685340777636,9.880984919163893e-15,0.0,3.952393967665557e-14,4,8,2184616.11112,34734.983586
2024-09-01 05:00:00,schloemer,L86,80,67,52.85329875475426,3.963496197911809e-14,0.0,1.1890488593735427e-12,30,72,2186055.70436,34781.856812
2024-09-01 05:00:00,schloemer,L87,80,79,52.3510018638881,2.6867397195928788e-14,0.0,7.522871214860061e-13,28,69,2185981.58126,34779.386042
2024-09-01 05:00:00,schloemer,L88,81,82,52.52151906695773,3.1530333899354446e-14,0.0,1.2612133559741778e-13,4,8,2184616.11112,34734.983586
2024-09-01 05:00:00,schloemer,L89,81,95,51.532054242415484,1.4654943925052066e-14,0.0,5.861977570020827e-14,4,8,2184616.11112,34734.983586
2024-09-01 05:00:00,schloemer,L90,93,95,49.29836833176904,2.6645352591003757e-15,0.0,1.0658141036401503e-14,4,8,2184616.11112,34734.983586
2024-09-01 05:00:00,schloemer,L91,95,96,50.446416983823084,6.439293542825908e-15,0.0,2.5757174171303632e-14,4,8,2184616.11112,34734.983586
2024-09-01 05:00:00,schloemer,L92,115,67,52.76645317201424,3.774758283725532e-14,0.0,4.907185768843192e-13,13,29,2185126.88168,34750.896056
2024-09-01 06:00:00,schloemer,L0,22,23,69.41490639289523,1.664802007361743e-08,0.017884347639940845,0.13443231926842858,4,8,2184616.11112,34734.983586
2024-09-01 06:00:00,schloemer,L1,23,69,65.24780262066783,7.009530733625979e-10,0.0003614063537846768,0.002887599060804047,4,8,2184616.11112,34734.983586
2024-09-01 06:00:00,schloemer,L2,23,71,68.14840632333078,6.451748024716153e-09,0.00679647435992492,0.05309587379960856,4,8,2184616.11112,34734.983586
2024-09-01 06:00:00,schloemer,L3,29,37,47.1790415935277,5.551115123125783e-16,0.0,2.220446049250313e-15,4,8,2184616.11112,34734.983586
2024-09-01 06:00:00,schloemer,L4,32,36,45.816124228333905,2.220446049250313e-16,0.0,8.881784197001252e-16,4,8,2184616.11112,34734.983586
2024-09-01 06:00:00,schloemer,L5,33,36,47.07926337249834,5.551115123125783e-16,0.0,2.220446049250313e-15,4,8,2184616.11112,34734.983586
2024-09-01 06:00:00,schloemer,L6,33,42,48.710461309578214,1.7763568394002505e-15,0.0,7.105427357601002e-15,4,8,2184616.11112,34734.983586
2024-09-01 06:00:00,schloemer,L7,34,36,45.496144016929186,2.220446049250313e-16,0.0,8.881784197001252e-16,4,8,2184616.11112,34734.983586
2024-09-01 06:00:00,schloemer,L8,36,38,46.60924282990604,3.3306690738754696e-16,0.0,1.3322676295501878e-15,4,8,2184616.11112,34734.983586
2024-09-01 06:00:00,schloemer,L9,36,39,47.53286357089115,7.771561172376096e-16,0.0,3.1086244689504383e-15,4,8,2184616.11112,34734.983586
2024-09-01 06:00:00,schloemer,L10,37,36,47.31413090601527,6.661338147750939e-16,0.0,1.3322676295501878e-14,20,48,2185542.33716,34764.744572
2024-09-01 06:00:00,schloemer,L11,37,64,49.864456116464844,4.107825191113079e-15,0.0,1.6431300764452317e-14,4,8,2184616.11112,34734.983586
2024-09-01 06:00:00,schloemer,L12,38,39,47.65118408986708,7.771561172376096e-16,0.0,3.1086244689504383e-15,4,8,2184616.11112,34734.983586
2024-09-01 06:00:00,schloemer,L13,39,40,49.28568652938441,2.6645352591003757e-15,0.0,1.0658141036401503e-14,4,8,2184616.11112,34734.983586
2024-09-01 06:00:00,schloemer,L14,39,41,50.243054481517284,5.551115123125783e-15,0.0,2.220446049250313e-14,4,8,2184616.11112,34734.983586
2024-09-01 06:00:00,schloemer,L15,40,41,50.956076893476244,9.43689570931383e-15,0.0,3.774758283725532e-14,4,8,2184616.11112,34734.983586
2024-09-01 06:00:00,schloemer,L16,41,48,54.16943540660535,1.13464793116691e-13,8.881784197001252e-16,4.60964599824365e-13,4,8,2184616.11112,34734.983586
2024-09-01 06:00:00,schloemer,L17,41,48,54.16943540660535,1.13464793116691e-13,8.881784197001252e-16,4.60964599824365e-13,4,8,2184616.11112,34734.983586
2024-09-01 06:00:00,schloemer,L18,42,43,51.09067192441926,1.0547118733938987e-14,0.0,4.218847493575595e-14,4,8,2184616.11112,34734.983586
2024-09-01 06:00:00,schloemer,L19,43,44,53.833080849149376,8.72635297355373e-14,2.220446049250313e-16,3.5083047578154947e-13,4,8,2184616.11112,34734.983586
2024-09-01 06:00:00,schloemer,L20,44,45,56.53491403546219,7.284173264565652e-13,4.7122306057190144e-12,4.0611514151578376e-11,4,8,2184616.11112,34734.983586
2024-09-01 06:00:00,schloemer,L21,44,48,55.8903097447303,4.3809400551708677e-13,5.522249324485529e-13,6.17017548165677e-12,4,8,2184616.11112,34734.983586
2024-09-01 06:00:00,schloemer,L22,45,46,57.958915899447774,2.247091401841317e-12,3.340376864002792e-10,2.681289856809599e-09,4,8,2184616.11112,34734.983586
2024-09-01 06:00:00,schloemer,L23,45,47,58.36417495434095,3.0980773502164993e-12,1.0045692055982158e-09,8.048945954186593e-09,4,8,2184616.11112,34734.983586
2024-09-01 06:00:00,schloemer,L24,46,48,57.30683296742145,1.340927369142264e-12,5.1318949090273236e-11,4.1591530219875494e-10,4,8,2184616.11112,34734.983586
2024-09-01 06:00:00,schloemer,L25,46,68,58.17355208731555,2.663758102983138e-12,6.020151044339173e-10,4.826775867883271e-09,4,8,2184616.11112,34734.983586
2024-09-01 06:00:00,schloemer,L26,47,48,57.674160342768566,1.7934542739794779e-12,1.4974921302979283e-10,1.2051675213342605e-09,4,8,2184616.11112,34734.983586
2024-09-01 06:00:00,schloemer,L27,48,49,57.144057880631244,1.1788348075469912e-12,3.1508240461164405e-11,2.567812629195032e-10,4,8,2184616.11112,34734.983586
2024-09-01 06:00:00,schloemer,L28,48,50,57.84081220848804,2.046474101291551e-12,2.40185316080499e-10,1.929668425049158e-09,4,8,2184616.11112,34734.983586
2024-09-01 06:00:00,schloemer,L29,48,53,56.473070169665434,6.936673457857978e-13,3.859357278201969e-12,3.3649527608758945e-11,4,8,2184616.11112,34734.983586
2024-09-01 06:00:00,schloemer,L30,48,53,56.473070169665434,6.936673457857978e-13,3.859357278201969e-12,3.3649527608758945e-11,4,8,2184616.11112,34734.983586
2024-09-01 06:00:00,schloemer,L31,48,65,54.666054465411996,1.673106098110111e-13,6.328271240363392e-15,7.198686091669515e-13,4,8,2184616.11112,34734.983586
2024-09-01 06:00:00,schloemer,L32,48,65,54.666054465411996,1.673106098110111e-13,6.328271240363392e-15,7.198686091669515e-13,4,8,2184616.11112,34734.983586
2024-09-01 06:00:00,schloemer,L33,48,68,57.50187896753989,1.5647483309066956e-12,9.108613863162418e-11,7.349481023766202e-10,4,8,2184616.11112,34734.983586
2024-09-01 06:00:00,schloemer,L34,49,56,57.81157221352207,1.9996226896523694e-12,2.212102723220255e-10,1.7776806693348135e-09,4,8,2184616.11112,34734.983586
2024-09-01 06:00:00,schloemer,L35,50,51,59.878002619864006,1.0287881657689013e-11,4.1264591632561576e-08,3.301578369585556e-07,4,8,2184616.11112,34734.983586
2024-09-01 06:00:00,schloemer,L36,50,57,59.01702551502243,5.198508290504833e-12,5.373293698873738e-09,4.3007142846995805e-08,4,8,2184616.11112,34734.983586
2024-09-01 06:00:00,schloemer,L37,51,52,59.536597703521714,7.848499627982619e-12,1.8809874768876966e-08,1.5051038226854274e-07,4,8,2184616.11112,34734.983586
2024-09-01 06:00:00,schloemer,L38,52,53,57.374716522103405,1.4148682225822995e-12,6.274436525899318e-11,5.076143949622747e-10,4,8,2184616.11112,34734.983586
2024-09-01 06:00:00,schloemer,L39,53,54,55.74351941868549,3.902433931557425e-13,3.3217872896784684e-13,4.218403404365745e-12,4,8,2184616.11112,34734.983586
2024-09-01 06:00:00,schloemer,L40,53,55,56.309905541179,6.098455074265985e-13,2.265188037142707e-12,2.056088632684805e-11,4,8,2184616.11112,34734.983586
2024-09-01 06:00:00,schloemer,L41,53,58,54.982514183518916,2.1449508835758024e-13,2.1094237467877974e-14,1.0267342531733448e-12,4,8,2184616.11112,34734.983586
2024-09-01 06:00:00,schloemer,L42,54,55,55.7767053498642,4.005684672847565e-13,3.729239139715901e-13,4.5856651809117466e-12,4,8,2184616.11112,34734.983586
2024-09-01 06:00:00,schloemer,L43,54,58,54.47595191855096,1.4421797089880783e-13,2.9976021664879227e-15,6.008527009271347e-13,4,8,2184616.11112,34734.983586
2024-09-01 06:00:00,schloemer,L44,55,56,57.09679407579192,1.1356471318890726e-12,2.7304603023026175e-11,2.229794127117657e-10,4,8,2184616.11112,34734.983586
2024-09-01 06:00:00,schloemer,L45,55,57,57.58482219265049,1.6708856520608606e-12,1.1584755377214151e-10,9.334639727853755e-10,4,8,2184616.11112,34734.983586
2024-09-01 06:00:00,schloemer,L46,55,58,55.02558809300425,2.219335826225688e-13,2.475797344914099e-14,1.085798118083403e-12,4,8,2184616.11112,34734.983586
2024-09-01 06:00:00,schloemer,L47,55,58,55.02558809300425,2.219335826225688e-13,2.475797344914099e-14,1.085798118083403e-12,4,8,2184616.11112,34734.983586
2024-09-01 06:00:00,schloemer,L48,58,59,52.63483042832804,3.441691376337985e-14,0.0,1.376676550535194e-13,4,8,2184616.11112,34734.983586
2024-09-01 06:00:00,schloemer,L49,58,60,52.63992339387975,3.452793606584237e-14,0.0,1.3811174426336947e-13,4,8,2184616.11112,34734.983586
2024-09-01 06:00:00,schloemer,L50,59,60,51.563776241969954,1.509903313490213e-14,0.0,6.039613253960852e-14,4,8,2184616.11112,34734.983586
2024-09-01 06:00:00,schloemer,L51,59,61,51.53852256974465,1.4765966227514582e-14,0.0,5.906386491005833e-14,4,8,2184616.11112,34734.983586
2024-09-01 06:00:00,schloemer,L52,60,61,51.52872661185702,1.4654943925052066e-14,0.0,5.861977570020827e-14,4,8,2184616.11112,34734.983586
2024-09-01 06:00:00,schloemer,L53,61,65,52.20532517171252,2.4646951146678475e-14,0.0,9.85878045867139e-14,4,8,2184616.11112,34734.983586
2024-09-01 06:00:00,schloemer,L54,61,66,51.1953475640712,1.1324274851176597e-14,0.0,4.529709940470639e-14,4,8,2184616.11112,34734.983586
2024-09-01 06:00:00,schloemer,L55,62,58,53.0511025793443,4.707345624410664e-14,0.0,6.119549311733863e-13,13,30,2185148.89802,34751.629934
2024-09-01 06:00:00,schloemer,L56,62,63,52.0692972732736,2.220446049250313e-14,0.0,8.881784197001252e-14,4,8,2184616.11112,34734.983586
2024-09-01 06:00:00,schloemer,L57,63,60,51.67560632159001,1.6209256159527285e-14,0.0,3.241851231905457e-13,20,47,2185512.78098,34763.759366
2024-09-01 06:00:00,schloemer,L58,63,64,51.76623785022711,1.765254609153999e-14,0.0,7.061018436615996e-14,4,8,2184616.11112,34734.983586
2024-09-01 06:00:00,schloemer,L59,64,65,52.308119437789784,2.631228568361621e-14,0.0,5.262457136723242e-13,20,48,2185545.98792,34764.866264
2024-09-01 06:00:00,schloemer,L60,64,67,52.959491687236614,4.263256414560601e-14,0.0,1.6200374375330284e-12,38,93,2186503.81292,34796.793764
2024-09-01 06:00:00,schloemer,L61,65,66,51.88607164726577,1.9317880628477724e-14,0.0,7.72715225139109e-14,4,8,2184616.11112,34734.983586
2024-09-01 06:00:00,schloemer,L62,67,68,56.11337882934854,5.077049891610841e-13,1.1110001807423942e-12,8.976375198699316e-11,28,68,2185978.45538,34779.281846
2024-09-01 06:00:00,schloemer,L63,68,69,60.57625479841047,1.788913461808761e-11,1.8828127446024467e-07,1.5063207594590011e-06,4,8,2184616.11112,34734.983586
2024-09-01 06:00:00,schloemer,L64,68,74,59.05552231459878,5.359601651377943e-12,5.910360201255571e-09,4.730431901744936e-08,4,8,2184616.11112,34734.983586
2024-09-01 06:00:00,schloemer,L65,68,76,57.439375462522364,1.4891421429297225e-12,7.588463191154915e-11,6.130336238641121e-10,4,8,2184616.11112,34734.983586
2024-09-01 06:00:00,schloemer,L66,69,70,64.58567062669196,4.190621183397525e-10,0.0001568856022773346,0.0012543975419810893,4,8,2184616.11112,34734.983586
2024-09-01 06:00:00,schloemer,L67,69,73,62.5965517014199,8.823419772596708e-11,8.233813207025875e-06,6.586896032201306e-05,4,8,2184616.11112,34734.983586
2024-09-01 06:00:00,schloemer,L68,69,74,61.36895752009429,3.3496427853663135e-11,9.198651513830924e-07,7.359031503617608e-06,4,8,2184616.11112,34734.983586
2024-09-01 06:00:00,schloemer,L69,70,71,67.38297662339009,3.6135154868333075e-09,0.003476364281242428,0.027474887755962074,4,8,2184616.11112,34734.983586
2024-09-01 06:00:00,schloemer,L70,70,72,66.90169566790635,2.5038231488139218e-09,0.0021999472097448125,0.017464668630343017,4,8,2184616.11112,34734.983586
2024-09-01 06:00:00,schloemer,L71,73,74,60.98553059666874,2.473410365411155e-11,4.346455464432353e-07,3.477258017969831e-06,4,8,2184616.11112,34734.983586
2024-09-01 06:00:00,schloemer,L72,74,76,58.118662349682644,2.550293309866447e-12,5.18487808243151e-10,4.158103639184674e-09,4,8,2184616.11112,34734.983586
2024-09-01 06:00:00,schloemer,L73,74,117,59.98753092507155,1.1220802065281532e-11,5.276747128135639e-08,4.2218457552145594e-07,4,8,2184616.11112,34734.983586
2024-09-01 06:00:00,schloemer,L74,75,76,57.428985764966505,1.4770407119613083e-12,7.360756448804295e-11,5.947686787521889e-10,4,8,2184616.11112,34734.983586
2024-09-01 06:00:00,schloemer,L75,75,117,59.233475105986464,6.171729793891245e-12,9.133733769317587e-09,7.309455474224791e-08,4,8,2184616.11112,34734.983586
2024-09-01 06:00:00,schloemer,L76,76,77,56.314624961890566,6.121769757783113e-13,2.300715173930712e-12,2.085442929455894e-11,4,8,2184616.11112,34734.983586
2024-09-01 06:00:00,schloemer,L77,76,79,54.740763507564495,1.7741363933510002e-13,8.43769498715119e-15,7.771561172376096e-13,4,8,2184616.11112,34734.983586
2024-09-01 06:00:00,schloemer,L78,76,79,54.740763507564495,1.7741363933510002e-13,8.43769498715119e-15,7.771561172376096e-13,4,8,2184616.11112,34734.983586
2024-09-01 06:00:00,schloemer,L79,76,81,55.13867385668444,2.424727085781342e-13,3.774758283725532e-14,1.2718714970105793e-12,4,8,2184616.11112,34734.983586
2024-09-01 06:00:00,schloemer,L80,77,78,55.31743338402189,2.7911006839076435e-13,7.283063041541027e-14,1.6990853168863396e-12,4,8,2184616.11112,34734.983586
2024-09-01 06:00:00,schloemer,L81,78,79,53.81734748573436,8.615330671091215e-14,2.220446049250313e-16,3.4638958368304884e-13,4,8,2184616.11112,34734.983586
2024-09-01 06:00:00,schloemer,L82,79,95,52.14396901478386,2.353672812205332e-14,0.0,9.414691248821327e-14,4,8,2184616.11112,34734.983586
2024-09-01 06:00:00,schloemer,L83,79,96,52.27059488761835,2.5979218776228663e-14,0.0,1.0391687510491465e-13,4,8,2184616.11112,34734.983586
2024-09-01 06:00:00,schloemer,L84,79,97,52.75579898680422,3.774758283725532e-14,0.0,1.509903313490213e-13,4,8,2184616.11112,34734.983586
2024-09-01 06:00:00,schloemer,L85,79,98,51.94428506959163,2.020605904817785e-14,0.0,8.08242361927114e-14,4,8,2184616.11112,34734.983586
2024-09-01 06:00:00,schloemer,L86,80,67,53.888276184709675,8.859579736508749e-14,2.220446049250313e-16,2.673861132507227e-12,30,72,2186055.70436,34781.856812
2024-09-01 06:00:00,schloemer,L87,80,79,53.35342239952459,5.850875339774575e-14,0.0,1.638245095136881e-12,28,69,2185981.58126,34779.386042
2024-09-01 06:00:00,schloemer,L88,81,82,53.50003836920861,6.727951529228449e-14,0.0,2.6911806116913795e-13,4,8,2184616.11112,34734.983586
2024-09-01 06:00:00,schloemer,L89,81,95,52.48140635976085,3.0531133177191805e-14,0.0,1.2212453270876722e-13,4,8,2184616.11112,34734.983586
2024-09-01 06:00:00,schloemer,L90,93,95,50.15773905957026,5.10702591327572e-15,0.0,2.042810365310288e-14,4,8,2184616.11112,34734.983586
2024-09-01 06:00:00,schloemer,L91,95,96,51.35090259901931,1.27675647831893e-14,0.0,5.10702591327572e-14,4,8,2184616.11112,34734.983586
2024-09-01 06:00:00,schloemer,L92,115,67,53.798762893960145,8.415490526658687e-14,2.220446049250313e-16,1.1004530620084552e-12,13,29,2185126.88168,34750.896056
2024-09-01 07:00:00,schloemer,L0,22,23,71.11257671527308,5.787474688379035e-08,0.05128860306341476,0.3437446725083877,4,8,2184616.11112,34734.983586
2024-09-01 07:00:00,schloemer,L1,23,69,66.78269742799289,2.2860887627373927e-09,0.0019558256799413476,0.01553992527026582,4,8,2184616.11112,34734.983586
2024-09-01 07:00:00,schloemer,L2,23,71,69.7869027625078,2.1929872029424757e-08,0.023040229844746074,0.17012361691585298,4,8,2184616.11112,34734.983586
2024-09-01 07:00:00,schloemer,L3,29,37,47.95239525538225,9.992007221626409e-16,0.0,3.9968028886505635e-15,4,8,2184616.11112,34734.983586
2024-09-01 07:00:00,schloemer,L4,32,36,46.547857051736706,3.3306690738754696e-16,0.0,1.3322676295501878e-15,4,8,2184616.11112,34734.983586
2024-09-01 07:00:00,schloemer,L5,33,36,47.85558040282015,8.881784197001252e-16,0.0,3.552713678800501e-15,4,8,2184616.11112,34734.983586
2024-09-01 07:00:00,schloemer,L6,33,42,49.5472943601021,3.219646771412954e-15,0.0,1.2878587085651816e-14,4,8,2184616.11112,34734.983586
2024-09-01 07:00:00,schloemer,L7,34,36,46.21457341175498,3.3306690738754696e-16,0.0,1.3322676295501878e-15,4,8,2184616.11112,34734.983586
2024-09-01 07:00:00,schloemer,L8,36,38,47.370401019742864,6.661338147750939e-16,0.0,2.6645352591003757e-15,4,8,2184616.11112,34734.983586
2024-09-01 07:00:00,schloemer,L9,36,39,48.32810442448836,1.3322676295501878e-15,0.0,5.329070518200751e-15,4,8,2184616.11112,34734.983586
2024-09-01 07:00:00,schloemer,L10,37,36,48.09767576633654,1.1102230246251565e-15,0.0,2.220446049250313e-14,20,48,2185542.33716,34764.744572
2024-09-01 07:00:00,schloemer,L11,37,64,50.74328380351226,8.104628079763643e-15,0.0,3.241851231905457e-14,4,8,2184616.11112,34734.983586
2024-09-01 07:00:00,schloemer,L12,38,39,48.452394138374245,1.4432899320127035e-15,0.0,5.773159728050814e-15,4,8,2184616.11112,34734.983586
2024-09-01 07:00:00,schloemer,L13,39,40,50.14989707595699,5.10702591327572e-15,0.0,2.042810365310288e-14,4,8,2184616.11112,34734.983586
2024-09-01 07:00:00,schloemer,L14,39,41,51.143818196114964,1.0880185641326534e-14,0.0,4.3520742565306136e-14,4,8,2184616.11112,34734.983586
2024-09-01 07:00:00,schloemer,L15,40,41,51.88592577165005,1.9317880628477724e-14,0.0,7.72715225139109e-14,4,8,2184616.11112,34734.983586
2024-09-01 07:00:00,schloemer,L16,41,48,55.22647307843606,2.5979218776228663e-13,5.218048215738236e-14,1.4566126083082054e-12,4,8,2184616.11112,34734.983586
2024-09-01 07:00:00,schloemer,L17,41,48,55.22647307843606,2.5979218776228663e-13,5.218048215738236e-14,1.4566126083082054e-12,4,8,2184616.11112,34734.983586
2024-09-01 07:00:00,schloemer,L18,42,43,52.02069333989351,2.142730437526552e-14,0.0,8.570921750106208e-14,4,8,2184616.11112,34734.983586
2024-09-01 07:00:00,schloemer,L19,43,44,54.875793013144644,1.9728663147589032e-13,1.4099832412739488e-14,9.019451852054772e-13,4,8,2184616.11112,34734.983586
2024-09-01 07:00:00,schloemer,L20,44,45,57.693529073183946,1.8210988272926443e-12,1.5826906452076628e-10,1.2734369114753008e-09,4,8,2184616.11112,34734.983586
2024-09-01 07:00:00,schloemer,L21,44,48,57.01778193648251,1.066813304362313e-12,2.1458279597652563e-11,1.7593348999866976e-10,4,8,2184616.11112,34734.983586
2024-09-01 07:00:00,schloemer,L22,45,46,59.183609189080485,5.932476732084524e-12,8.091755265837719e-09,6.475777014625095e-08,4,8,2184616.11112,34734.983586
2024-09-01 07:00:00,schloemer,L23,45,47,59.60014302007482,8.253953076575726e-12,2.182013503215785e-08,1.745940827468928e-07,4,8,2184616.11112,34734.983586
2024-09-01 07:00:00,schloemer,L24,46,48,58.50005749658491,3.450462138232524e-12,1.4380351354148502e-09,1.1518082820849429e-08,4,8,2184616.11112,34734.983586
2024-09-01 07:00:00,schloemer,L25,46,68,59.413378981907904,7.117972877779266e-12,1.4063549103049411e-08,1.1253685916479128e-07,4,8,2184616.11112,34734.983586
2024-09-01 07:00:00,schloemer,L26,47,48,58.875946502914616,4.648281759500605e-12,3.777003043659022e-09,3.023461703222097e-08,4,8,2184616.11112,34734.983586
2024-09-01 07:00:00,schloemer,L27,48,49,58.31296908547766,2.9749536167855695e-12,8.763673120526505e-10,7.022838310888346e-09,4,8,2184616.11112,34734.983586
2024-09-01 07:00:00,schloemer,L28,48,50,59.0360701432,5.277556169858144e-12,5.6328696151908275e-09,4.508406625802763e-08,4,8,2184616.11112,34734.983586
2024-09-01 07:00:00,schloemer,L29,48,53,57.604005744529985,1.6965318039297017e-12,1.2243694946789674e-10,9.862817229588927e-10,4,8,2184616.11112,34734.983586
2024-09-01 07:00:00,schloemer,L30,48,53,57.604005744529985,1.6965318039297017e-12,1.2243694946789674e-10,9.862817229588927e-10,4,8,2184616.11112,34734.983586
2024-09-01 07:00:00,schloemer,L31,48,65,55.732554774158196,3.8691272408186705e-13,3.197442310920451e-13,4.105604745063829e-12,4,8,2184616.11112,34734.983586
2024-09-01 07:00:00,schloemer,L32,48,65,55.732554774158196,3.8691272408186705e-13,3.197442310920451e-13,4.105604745063829e-12,4,8,2184616.11112,34734.983586
2024-09-01 07:00:00,schloemer,L33,48,68,58.709382303246365,4.073297255047237e-12,2.473945936998234e-09,1.9807860462961457e-08,4,8,2184616.11112,34734.983586
2024-09-01 07:00:00,schloemer,L34,49,56,58.98320516901491,5.060951657753776e-12,4.940277964493589e-09,3.954246685644591e-08,4,8,2184616.11112,34734.983586
2024-09-01 07:00:00,schloemer,L35,50,51,61.1249381757265,2.761813000518032e-11,5.729834616774454e-07,4.5839689727378286e-06,4,8,2184616.11112,34734.983586
2024-09-01 07:00:00,schloemer,L36,50,57,60.227900219445246,1.3575363055906564e-11,8.959155373133854e-08,7.167865065937917e-07,4,8,2184616.11112,34734.983586
2024-09-01 07:00:00,schloemer,L37,51,52,60.74226459309938,2.0402124434326652e-11,2.655721432764935e-07,2.1246567797339466e-06,4,8,2184616.11112,34734.983586
2024-09-01 07:00:00,schloemer,L38,52,53,58.50266125764496,3.457567565590125e-12,1.447880593197226e-09,1.1596874904817867e-08,4,8,2184616.11112,34734.983586
2024-09-01 07:00:00,schloemer,L39,53,54,56.80489345338313,9.016121182980896e-13,1.1100897978622015e-11,9.241363230216848e-11,4,8,2184616.11112,34734.983586
2024-09-01 07:00:00,schloemer,L40,53,55,57.398007912845195,1.4411805082659157e-12,6.720257683667796e-11,5.433853367264874e-10,4,8,2184616.11112,34734.983586
2024-09-01 07:00:00,schloemer,L41,53,58,56.018076729985765,4.845013279464183e-13,8.540945728441329e-13,8.770761894538737e-12,4,8,2184616.11112,34734.983586
2024-09-01 07:00:00,schloemer,L42,54,55,56.82785162516372,9.18043419062542e-13,1.1926903908943132e-11,9.908740494779522e-11,4,8,2184616.11112,34734.983586
2024-09-01 07:00:00,schloemer,L43,54,58,55.477201660212344,3.164135620181696e-13,1.2956302697375577e-13,2.3021584638627246e-12,4,8,2184616.11112,34734.983586
2024-09-01 07:00:00,schloemer,L44,55,56,58.21421255689196,2.750910610416213e-12,6.72075062269073e-10,5.387604140594249e-09,4,8,2184616.11112,34734.983586
2024-09-01 07:00:00,schloemer,L45,55,57,58.71573628088588,4.093836381002802e-12,2.514550345722455e-09,2.0132777889259046e-08,4,8,2184616.11112,34734.983586
2024-09-01 07:00:00,schloemer,L46,55,58,56.052211498324276,4.977129819394577e-13,9.587886040662852e-13,9.661160760288112e-12,4,8,2184616.11112,34734.983586
2024-09-01 07:00:00,schloemer,L47,55,58,56.052211498324276,4.977129819394577e-13,9.587886040662852e-13,9.661160760288112e-12,4,8,2184616.11112,34734.983586
2024-09-01 07:00:00,schloemer,L48,58,59,53.56728613873497,7.09432512735475e-14,1.1102230246251565e-16,2.8466118351389014e-13,4,8,2184616.11112,34734.983586
2024-09-01 07:00:00,schloemer,L49,58,60,53.57879532058887,7.16093850883226e-14,1.1102230246251565e-16,2.873257187729905e-13,4,8,2184616.11112,34734.983586
2024-09-01 07:00:00,schloemer,L50,59,60,52.45949430892971,3.008704396734174e-14,0.0,1.2034817586936697e-13,4,8,2184616.11112,34734.983586
2024-09-01 07:00:00,schloemer,L51,59,61,52.43920569701826,2.9531932455029164e-14,0.0,1.1812772982011666e-13,4,8,2184616.11112,34734.983586
2024-09-01 07:00:00,schloemer,L52,60,61,52.43436127756456,2.942091015256665e-14,0.0,1.176836406102666e-13,4,8,2184616.11112,34734.983586
2024-09-01 07:00:00,schloemer,L53,61,65,53.154196780398436,5.140332604014475e-14,0.0,2.05613304160579e-13,4,8,2184616.11112,34734.983586
2024-09-01 07:00:00,schloemer,L54,61,66,52.098514715845326,2.275957200481571e-14,0.0,9.103828801926284e-14,4,8,2184616.11112,34734.983586
2024-09-01 07:00:00,schloemer,L55,62,58,54.00686354930404,9.892087149410145e-14,4.440892098500626e-16,1.2992940057188207e-12,13,30,2185148.89802,34751.629934
2024-09-01 07:00:00,schloemer,L56,62,63,53.00329920515693,4.574118861455645e-14,0.0,1.829647544582258e-13,4,8,2184616.11112,34734.983586
2024-09-01 07:00:00,schloemer,L57,63,60,52.59335815358145,3.275157922644212e-14,0.0,6.550315845288424e-13,20,47,2185512.78098,34763.759366
2024-09-01 07:00:00,schloemer,L58,63,64,52.711392170359424,3.652633751016765e-14,0.0,1.461053500406706e-13,4,8,2184616.11112,34734.983586
2024-09-01 07:00:00,schloemer,L59,64,65,53.27909082584084,5.573319583618286e-14,0.0,1.1146639167236572e-12,20,48,2185545.98792,34764.866264
2024-09-01 07:00:00,schloemer,L60,64,67,53.971982269041355,9.370282327836321e-14,3.3306690738754696e-16,3.591682506964844e-12,38,93,2186503.81292,34796.793764
2024-09-01 07:00:00,schloemer,L61,65,66,52.82686421050018,3.985700658404312e-14,0.0,1.5942802633617248e-13,4,8,2184616.11112,34734.983586
2024-09-01 07:00:00,schloemer,L62,67,68,57.263798881923535,1.25910393222739e-12,4.280154008995396e-11,2.945759636219236e-09,28,68,2185978.45538,34779.281846
2024-09-01 07:00:00,schloemer,L63,68,69,61.91903441465885,5.172517969498358e-11,2.551709777587341e-06,2.0413702803923073e-05,4,8,2184616.11112,34734.983586
2024-09-01 07:00:00,schloemer,L64,68,74,60.330655674371286,1.472666433244285e-11,1.1186756920800178e-07,8.949991099349575e-07,4,8,2184616.11112,34734.983586
2024-09-01 07:00:00,schloemer,L65,68,76,58.64090435584299,3.858025010572419e-12,2.0743813333723438e-09,1.6610482655998737e-08,4,8,2184616.11112,34734.983586
2024-09-01 07:00:00,schloemer,L66,69,70,66.08501106573488,1.338327004773987e-09,0.0009453464337664252,0.007537801001464617,4,8,2184616.11112,34734.983586
2024-09-01 07:00:00,schloemer,L67,69,73,64.0169617829348,2.6890067950091634e-10,7.245568748792675e-05,0.0005794996010359821,4,8,2184616.11112,34734.983586
2024-09-01 07:00:00,schloemer,L68,69,74,62.73849518985778,9.86618564624564e-11,1.0404756417781158e-05,8.323541476906726e-05,4,8,2184616.11112,34734.983586
2024-09-01 07:00:00,schloemer,L69,70,71,68.97930828647632,1.203620991763188e-08,0.013065949274264965,0.09987039966248068,4,8,2184616.11112,34734.983586
2024-09-01 07:00:00,schloemer,L70,70,72,68.46151451643745,8.166587739388831e-09,0.00877082200398438,0.06805001428667268,4,8,2184616.11112,34734.983586
2024-09-01 07:00:00,schloemer,L71,73,74,62.334668609058006,7.178890815140448e-11,5.292285844005207e-06,4.2337789671664794e-05,4,8,2184616.11112,34734.983586
2024-09-01 07:00:00,schloemer,L72,74,76,59.340925238093064,6.720624057265923e-12,1.1831571056220014e-08,9.467944706020859e-08,4,8,2184616.11112,34734.983586
2024-09-01 07:00:00,schloemer,L73,74,117,61.28814987584511,3.142341942208304e-11,7.875363140508185e-07,6.300398839309551e-06,4,8,2184616.11112,34734.983586
2024-09-01 07:00:00,schloemer,L74,75,76,58.61132679326947,3.768652057090094e-12,1.921639514179674e-09,1.538819061064345e-08,4,8,2184616.11112,34734.983586
2024-09-01 07:00:00,schloemer,L75,75,117,60.489039135473064,1.6695200777405717e-11,1.5675407438742184e-07,1.2540986877862537e-06,4,8,2184616.11112,34734.983586
2024-09-01 07:00:00,schloemer,L76,76,77,57.44615105763585,1.4972467710094861e-12,7.740608154449546e-11,6.252376394400017e-10,4,8,2184616.11112,34734.983586
2024-09-01 07:00:00,schloemer,L77,76,79,55.80976656432709,4.1111558601869547e-13,4.1822101337629647e-13,4.990230451085154e-12,4,8,2184616.11112,34734.983586
2024-09-01 07:00:00,schloemer,L78,76,79,55.80976656432709,4.1111558601869547e-13,4.1822101337629647e-13,4.990230451085154e-12,4,8,2184616.11112,34734.983586
2024-09-01 07:00:00,schloemer,L79,76,81,56.219199348346265,5.677680547933051e-13,1.6779910794184616e-12,1.5695000854520913e-11,4,8,2184616.11112,34734.983586
2024-09-01 07:00:00,schloemer,L80,77,78,56.39339898681385,6.513678485475793e-13,2.9786173527668325e-12,2.6434410216324977e-11,4,8,2184616.11112,34734.983586
2024-09-01 07:00:00,schloemer,L81,78,79,54.83638552797746,1.9129142714291447e-13,1.2101430968414206e-14,8.619771563189715e-13,4,8,2184616.11112,34734.983586
2024-09-01 07:00:00,schloemer,L82,79,95,53.09649474050917,4.9182879990894435e-14,0.0,1.9673151996357774e-13,4,8,2184616.11112,34734.983586
2024-09-01 07:00:00,schloemer,L83,79,96,53.2260254228835,5.440092820663267e-14,0.0,2.1760371282653068e-13,4,8,2184616.11112,34734.983586
2024-09-01 07:00:00,schloemer,L84,79,97,53.730043967265644,8.049116928532385e-14,1.1102230246251565e-16,3.228528555609955e-13,4,8,2184616.11112,34734.983586
2024-09-01 07:00:00,schloemer,L85,79,98,52.89353023064353,4.207745263329343e-14,0.0,1.6830981053317373e-13,4,8,2184616.11112,34734.983586
2024-09-01 07:00:00,schloemer,L86,80,67,54.942639819777185,2.0194956817931597e-13,1.687538997430238e-14,7.2735151235292506e-12,30,72,2186055.70436,34781.856812
2024-09-01 07:00:00,schloemer,L87,80,79,54.37208597481362,1.2934098236883074e-13,1.887379141862766e-15,3.7517766671157915e-12,28,69,2185981.58126,34779.386042
2024-09-01 07:00:00,schloemer,L88,81,82,54.49043153755572,1.4588330543574557e-13,3.1086244689504383e-15,6.084022174945858e-13,4,8,2184616.11112,34734.983586
2024-09-01 07:00:00,schloemer,L89,81,95,53.442134698067655,6.439293542825908e-14,0.0,2.575717417130363e-13,4,8,2184616.11112,34734.983586
2024-09-01 07:00:00,schloemer,L90,93,95,51.023637682200594,9.992007221626409e-15,0.0,3.9968028886505635e-14,4,8,2184616.11112,34734.983586
2024-09-01 07:00:00,schloemer,L91,95,96,52.26425125245376,2.5868196473766147e-14,0.0,1.0347278589506459e-13,4,8,2184616.11112,34734.983586
2024-09-01 07:00:00,schloemer,L92,115,67,54.85044769641612,1.915134717478395e-13,1.2434497875801753e-14,2.8502755711201644e-12,13,29,2185126.88168,34750.896056
2024-09-01 08:00:00,schloemer,L0,22,23,72.85646882539649,2.012936428652523e-07,0.11852284499933463,0.6355078825527538,4,8,2184616.11112,34734.983586
2024-09-01 08:00:00,schloemer,L1,23,69,68.36113170340903,7.572918181431021e-09,0.008091735824923174,0.06292995323514472,4,8,2184616.11112,34734.983586
2024-09-01 08:00:00,schloemer,L2,23,71,71.46932565715856,7.490132092335955e-08,0.06202000344092262,0.40083217587196884,4,8,2184616.11112,34734.983586
2024-09-01 08:00:00,schloemer,L3,29,37,48.727880642225614,1.7763568394002505e-15,0.0,7.105427357601002e-15,4,8,2184616.11112,34734.983586
2024-09-01 08:00:00,schloemer,L4,32,36,47.280246504659004,5.551115123125783e-16,0.0,2.220446049250313e-15,4,8,2184616.11112,34734.983586
2024-09-01 08:00:00,schloemer,L5,33,36,48.63465799328172,1.6653345369377348e-15,0.0,6.661338147750939e-15,4,8,2184616.11112,34734.983586
2024-09-01 08:00:00,schloemer,L6,33,42,50.38994681182196,6.106226635438361e-15,0.0,2.4424906541753444e-14,4,8,2184616.11112,34734.983586
2024-09-01 08:00:00,schloemer,L7,34,36,46.93289819178394,4.440892098500626e-16,0.0,1.7763568394002505e-15,4,8,2184616.11112,34734.983586
2024-09-01 08:00:00,schloemer,L8,36,38,48.13370553525759,1.1102230246251565e-15,0.0,4.440892098500626e-15,4,8,2184616.11112,34734.983586
2024-09-01 08:00:00,schloemer,L9,36,39,49.12721096729588,2.3314683517128287e-15,0.0,9.325873406851315e-15,4,8,2184616.11112,34734.983586
2024-09-01 08:00:00,schloemer,L10,37,36,48.884241157621226,1.9984014443252818e-15,0.0,3.9968028886505635e-14,20,48,2185542.33716,34764.744572
2024-09-01 08:00:00,schloemer,L11,37,64,51.62997084195885,1.587618925213974e-14,0.0,6.350475700855895e-14,4,8,2184616.11112,34734.983586
2024-09-01 08:00:00,schloemer,L12,38,39,49.25788104250343,2.6645352591003757e-15,0.0,1.0658141036401503e-14,4,8,2184616.11112,34734.983586
2024-09-01 08:00:00,schloemer,L13,39,40,51.02176785389561,9.992007221626409e-15,0.0,3.9968028886505635e-14,4,8,2184616.11112,34734.983586
2024-09-01 08:00:00,schloemer,L14,39,41,52.05417918361967,2.19824158875781e-14,0.0,8.79296635503124e-14,4,8,2184616.11112,34734.983586
2024-09-01 08:00:00,schloemer,L15,40,41,52.82705024619785,3.9968028886505635e-14,0.0,1.5987211554602254e-13,4,8,2184616.11112,34734.983586
2024-09-01 08:00:00,schloemer,L16,41,48,56.30173535522972,6.059597268404104e-13,2.205124971510486e-12,2.006483867944553e-11,4,8,2184616.11112,34734.983586
2024-09-01 08:00:00,schloemer,L17,41,48,56.30173535522972,6.059597268404104e-13,2.205124971510486e-12,2.006483867944553e-11,4,8,2184616.11112,34734.983586
2024-09-01 08:00:00,schloemer,L18,42,43,52.961597074002114,4.4297898682543746e-14,0.0,1.7719159473017498e-13,4,8,2184616.11112,34734.983586
2024-09-01 08:00:00,schloemer,L19,43,44,55.93587122295245,4.54081217071689e-13,6.45483666517066e-13,6.980194200423284e-12,4,8,2184616.11112,34734.983586
2024-09-01 08:00:00,schloemer,L20,44,45,58.876450178610746,4.650169138642468e-12,3.781795543389421e-09,3.027296457958073e-08,4,8,2184616.11112,34734.983586
2024-09-01 08:00:00,schloemer,L21,44,48,58.167394711838604,2.6507684935950238e-12,5.920376411339134e-10,4.746904203045688e-09,4,8,2184616.11112,34734.983586
2024-09-01 08:00:00,schloemer,L22,45,46,60.43694235561323,1.6020296200736084e-11,1.4038135442984156e-07,1.12311436473167e-06,4,8,2184616.11112,34734.983586
2024-09-01 08:00:00,schloemer,L23,45,47,60.86477781499617,2.2479906824912632e-11,3.4092617606784614e-07,2.72749607344025e-06,4,8,2184616.11112,34734.983586
2024-09-01 08:00:00,schloemer,L24,46,48,59.71975737347048,9.07496300328603e-12,2.8774722382607365e-08,2.3023405570921085e-07,4,8,2184616.11112,34734.983586
2024-09-01 08:00:00,schloemer,L25,46,68,60.68325711685726,1.9470980383573533e-11,2.3518177239001403e-07,1.8815305142805272e-06,4,8,2184616.11112,34734.983586
2024-09-01 08:00:00,schloemer,L26,47,48,60.10398553654693,1.2305712004945235e-11,6.83138177137721e-08,5.465596338849465e-07,4,8,2184616.11112,34734.983586
2024-09-01 08:00:00,schloemer,L27,48,49,59.50523343968551,7.65565388860523e-12,1.7474302338449377e-08,1.3982503277443215e-07,4,8,2184616.11112,34734.983586
2024-09-01 08:00:00,schloemer,L28,48,50,60.25580757081,1.387878700853662e-11,9.518461319135696e-08,7.615321669929287e-07,4,8,2184616.11112,34734.983586
2024-09-01 08:00:00,schloemer,L29,48,53,58.755218360433126,4.224065541791333e-12,2.78153711175122e-09,2.226919293413232e-08,4,8,2184616.11112,34734.983586
2024-09-01 08:00:00,schloemer,L30,48,53,58.755218360433126,4.224065541791333e-12,2.78153711175122e-09,2.226919293413232e-08,4,8,2184616.11112,34734.983586
2024-09-01 08:00:00,schloemer,L31,48,65,56.81680738430872,9.100498132852408e-13,1.1522449661072187e-11,9.581979654171846e-11,4,8,2184616.11112,34734.983586
2024-09-01 08:00:00,schloemer,L32,48,65,56.81680738430872,9.100498132852408e-13,1.1522449661072187e-11,9.581979654171846e-11,4,8,2184616.11112,34734.983586
2024-09-01 08:00:00,schloemer,L33,48,68,59.94475484010919,1.0846767928285317e-11,4.7952659731897995e-08,3.836646005339617e-07,4,8,2184616.11112,34734.983586
2024-09-01 08:00:00,schloemer,L34,49,56,60.175696038194616,1.3025247547204799e-11,7.995623763079607e-08,6.397018230686058e-07,4,8,2184616.11112,34734.983586
2024-09-01 08:00:00,schloemer,L35,50,51,62.39522855318421,7.529754597612737e-11,5.868832495536935e-06,4.6949996742262634e-05,4,8,2184616.11112,34734.983586
2024-09-01 08:00:00,schloemer,L36,50,57,61.46038923383669,3.600686415694554e-11,1.094729570327857e-06,8.757947032811408e-06,4,8,2184616.11112,34734.983586
2024-09-01 08:00:00,schloemer,L37,51,52,61.96627516620624,5.368994138166272e-11,2.7771923597486037e-06,2.221753767583934e-05,4,8,2184616.11112,34734.983586
2024-09-01 08:00:00,schloemer,L38,52,53,59.64656703640991,8.56348325584122e-12,2.4303953183313354e-08,1.9446586285720713e-07,4,8,2184616.11112,34734.983586
2024-09-01 08:00:00,schloemer,L39,53,54,57.878973584003106,2.1092017021828724e-12,2.6731761249010333e-10,2.146977706729558e-09,4,8,2184616.11112,34734.983586
2024-09-01 08:00:00,schloemer,L40,53,55,58.500507703155385,3.4516833835596117e-12,1.439732888464107e-09,1.1531669730224792e-08,4,8,2184616.11112,34734.983586
2024-09-01 08:00:00,schloemer,L41,53,58,57.0655553919687,1.1078915562734437e-12,2.482947181192685e-11,2.0306734072050858e-10,4,8,2184616.11112,34734.983586
2024-09-01 08:00:00,schloemer,L42,54,55,57.89005100123781,2.127853448996575e-12,2.7573066052610784e-10,2.214356698004849e-09,4,8,2184616.11112,34734.983586
2024-09-01 08:00:00,schloemer,L43,54,58,56.48733078395566,7.015499292606364e-13,4.04165589884542e-12,3.5139446907805905e-11,4,8,2184616.11112,34734.983586
2024-09-01 08:00:00,schloemer,L44,55,56,59.347172642542,6.75404177030714e-12,1.2009837901949538e-08,9.610571538587465e-08,4,8,2184616.11112,34734.983586
2024-09-01 08:00:00,schloemer,L45,55,57,59.862155030887294,1.0159428853739882e-11,3.9812543595196814e-08,3.185409420680685e-07,4,8,2184616.11112,34734.983586
2024-09-01 08:00:00,schloemer,L46,55,58,57.089269855658706,1.1288747714388592e-12,2.6687541065939513e-11,2.1801582761327154e-10,4,8,2184616.11112,34734.983586
2024-09-01 08:00:00,schloemer,L47,55,58,57.089269855658706,1.1288747714388592e-12,2.6687541065939513e-11,2.1801582761327154e-10,4,8,2184616.11112,34734.983586
2024-09-01 08:00:00,schloemer,L48,58,59,54.50566824503882,1.475486399726833e-13,3.3306690738754696e-15,6.16839912481737e-13,4,8,2184616.11112,34734.983586
2024-09-01 08:00:00,schloemer,L49,58,60,54.52446900184117,1.4976908602193362e-13,3.6637359812630166e-15,6.283862319378386e-13,4,8,2184616.11112,34734.983586
2024-09-01 08:00:00,schloemer,L50,59,60,53.35980511622443,6.039613253960852e-14,0.0,2.4158453015843406e-13,4,8,2184616.11112,34734.983586
2024-09-01 08:00:00,schloemer,L51,59,61,53.345244178041625,5.972999872483342e-14,0.0,2.389199948993337e-13,4,8,2184616.11112,34734.983586
2024-09-01 08:00:00,schloemer,L52,60,61,53.346062223116796,5.972999872483342e-14,0.0,2.389199948993337e-13,4,8,2184616.11112,34734.983586
2024-09-01 08:00:00,schloemer,L53,61,65,54.112807035137436,1.0857981180834031e-13,6.661338147750939e-16,4.39648317751562e-13,4,8,2184616.11112,34734.983586
2024-09-01 08:00:00,schloemer,L54,61,66,53.00853558433852,4.596323321948148e-14,0.0,1.8385293287792592e-13,4,8,2184616.11112,34734.983586
2024-09-01 08:00:00,schloemer,L55,62,58,54.97032087447214,2.1027624086400465e-13,1.965094753586527e-14,3.3231195573080186e-12,13,30,2185148.89802,34751.629934
2024-09-01 08:00:00,schloemer,L56,62,63,53.94543137001103,9.525713551283843e-14,3.3306690738754696e-16,3.836930773104541e-13,4,8,2184616.11112,34734.983586
2024-09-01 08:00:00,schloemer,L57,63,60,53.51834308647153,6.716849298982197e-14,0.0,1.3433698597964394e-12,20,47,2185512.78098,34763.759366
2024-09-01 08:00:00,schloemer,L58,63,64,53.66728068983968,7.671641100159832e-14,1.1102230246251565e-16,3.077538224260934e-13,4,8,2184616.11112,34734.983586
2024-09-01 08:00:00,schloemer,L59,64,65,54.26256090166402,1.197930643570544e-13,1.2212453270876722e-15,2.454481062841296e-12,20,48,2185545.98792,34764.866264
2024-09-01 08:00:00,schloemer,L60,64,67,55.00057735643202,2.0938806244430452e-13,2.0650148258027912e-14,9.877210160880168e-12,38,93,2186503.81292,34796.793764
2024-09-01 08:00:00,schloemer,L61,65,66,53.77737083768884,8.359979375427429e-14,2.220446049250313e-16,3.361755318564974e-13,4,8,2184616.11112,34734.983586
2024-09-01 08:00:00,schloemer,L62,67,68,58.43884856170605,3.191447106587475e-12,1.1667710131391118e-09,7.942978630381958e-08,28,68,2185978.45538,34779.281846
2024-09-01 08:00:00,schloemer,L63,68,69,63.29741409611118,1.5306222955757676e-10,2.5200921472401383e-05,0.0002015902023805305,4,8,2184616.11112,34734.983586
2024-09-01 08:00:00,schloemer,L64,68,74,61.63738148938401,4.1411540863123264e-11,1.5254998846359058e-06,1.2204099561263781e-05,4,8,2184616.11112,34734.983586
2024-09-01 08:00:00,schloemer,L65,68,76,59.8692933527929,1.0217049428717928e-11,4.0460475192460876e-08,3.2372462388519097e-07,4,8,2184616.11112,34734.983586
2024-09-01 08:00:00,schloemer,L66,69,70,67.62534749154229,4.343797987971243e-09,0.00433055182223796,0.03412385178350963,4,8,2184616.11112,34734.983586
2024-09-01 08:00:00,schloemer,L67,69,73,65.47567277752042,8.362250891735812e-10,0.0004742661428634998,0.003787840450969915,4,8,2184616.11112,34734.983586
2024-09-01 08:00:00,schloemer,L68,69,74,64.14404044034444,2.9696667347423045e-10,8.650779239072204e-05,0.0006918540216724889,4,8,2184616.11112,34734.983586
2024-09-01 08:00:00,schloemer,L69,70,71,70.61680665766083,4.03482823818635e-08,0.038711473145614184,0.27082796962046973,4,8,2184616.11112,34734.983586
2024-09-01 08:00:00,schloemer,L70,70,72,70.05885442541084,2.6800638042168146e-08,0.027499002071938894,0.19994397774412453,4,8,2184616.11112,34734.983586
2024-09-01 08:00:00,schloemer,L71,73,74,63.71823254249313,2.1286805651499208e-10,4.725160248053584e-05,0.00037795116091199343,4,8,2184616.11112,34734.983586
2024-09-01 08:00:00,schloemer,L72,74,76,60.59021790674067,1.8088086584100438e-11,1.9385529281823466e-07,1.5509136425118086e-06,4,8,2184616.11112,34734.983586
2024-09-01 08:00:00,schloemer,L73,74,117,62.61989454969947,8.987044441965963e-11,8.559134726526807e-06,6.847138605836633e-05,4,8,2184616.11112,34734.983586
2024-09-01 08:00:00,schloemer,L74,75,76,59.81722064761326,9.803935441254907e-12,3.5955114663366317e-08,2.8768009685542495e-07,4,8,2184616.11112,34734.983586
2024-09-01 08:00:00,schloemer,L75,75,117,61.77172807083028,4.604694403553822e-11,1.9537854668572052e-06,1.5630361036356177e-05,4,8,2184616.11112,34734.983586
2024-09-01 08:00:00,schloemer,L76,76,77,58.59797885137227,3.729017095110976e-12,1.8562964498869405e-09,1.4865287556453666e-08,4,8,2184616.11112,34734.983586
2024-09-01 08:00:00,schloemer,L77,76,79,56.89593883824428,9.688916335903741e-13,1.474154132097283e-11,1.2180789710214412e-10,4,8,2184616.11112,34734.983586
2024-09-01 08:00:00,schloemer,L78,76,79,56.89593883824428,9.688916335903741e-13,1.474154132097283e-11,1.2180789710214412e-10,4,8,2184616.11112,34734.983586
2024-09-01 08:00:00,schloemer,L79,76,81,57.31699440626285,1.351696532481128e-12,5.2891357960049845e-11,4.2853764981032327e-10,4,8,2184616.11112,34734.983586
2024-09-01 08:00:00,schloemer,L80,77,78,57.48509473081189,1.5440981826486677e-12,8.673795015567975e-11,7.000799939760327e-10,4,8,2184616.11112,34734.983586
2024-09-01 08:00:00,schloemer,L81,78,79,55.868579612022344,4.306555112520982e-13,5.123679258645097e-13,5.821565451924471e-12,4,8,2184616.11112,34734.983586
2024-09-01 08:00:00,schloemer,L82,79,95,54.058718971410876,1.0402789740737717e-13,5.551115123125783e-16,4.205524817280093e-13,4,8,2184616.11112,34734.983586
2024-09-01 08:00:00,schloemer,L83,79,96,54.19109324823691,1.1535217225855376e-13,9.992007221626409e-16,4.694022948115162e-13,4,8,2184616.11112,34734.983586
2024-09-01 08:00:00,schloemer,L84,79,97,54.714860305076414,1.7386092565629951e-13,7.549516567451064e-15,7.558398351648066e-13,4,8,2184616.11112,34734.983586
2024-09-01 08:00:00,schloemer,L85,79,98,53.852768148794794,8.859579736508749e-14,2.220446049250313e-16,3.561595462997502e-13,4,8,2184616.11112,34734.983586
2024-09-01 08:00:00,schloemer,L86,80,67,56.01565965441081,4.694022948115162e-13,7.956968417488497e-13,7.137224145026266e-11,30,72,2186055.70436,34781.856812
2024-09-01 08:00:00,schloemer,L87,80,79,55.40583189480796,2.9098945475425353e-13,9.414691248821327e-14,1.4643841694805815e-11,28,69,2185981.58126,34779.386042
2024-09-01 08:00:00,schloemer,L88,81,82,55.49084437535007,3.198552533945076e-13,1.361133428190442e-13,2.368327756130384e-12,4,8,2184616.11112,34734.983586
2024-09-01 08:00:00,schloemer,L89,81,95,54.41246675659705,1.3722356584366935e-13,2.3314683517128287e-15,5.6754601018838e-13,4,8,2184616.11112,34734.983586
2024-09-01 08:00:00,schloemer,L90,93,95,51.89391989104081,1.942890293094024e-14,0.0,7.771561172376096e-14,4,8,2184616.11112,34734.983586
2024-09-01 08:00:00,schloemer,L91,95,96,53.1844872185624,5.262457136723242e-14,0.0,2.1049828546892968e-13,4,8,2184616.11112,34734.983586
2024-09-01 08:00:00,schloemer,L92,115,67,55.92079878976697,4.4420023215252513e-13,5.995204332975845e-13,2.3160695583612778e-11,13,29,2185126.88168,34750.896056
2024-09-01 09:00:00,schloemer,L0,22,23,74.64608676203409,6.952659180603504e-07,0.22676303136024534,0.8722091765029962,4,8,2184616.11112,34734.983586
2024-09-01 09:00:00,schloemer,L1,23,69,69.98411458271084,2.536516119366894e-08,0.026211896295215475,0.19143363145054537,4,8,2184616.11112,34734.983586
2024-09-01 09:00:00,schloemer,L2,23,71,73.19548169472735,2.55388611480889e-07,0.13605503400186403,0.6896239627705035,4,8,2184616.11112,34734.983586
2024-09-01 09:00:00,schloemer,L3,29,37,49.503533528125715,3.1086244689504383e-15,0.0,1.2434497875801753e-14,4,8,2184616.11112,34734.983586
2024-09-01 09:00:00,schloemer,L4,32,36,48.0112534269699,9.992007221626409e-16,0.0,3.9968028886505635e-15,4,8,2184616.11112,34734.983586
2024-09-01 09:00:00,schloemer,L5,33,36,49.414613659188554,2.9976021664879227e-15,0.0,1.199040866595169e-14,4,8,2184616.11112,34734.983586
2024-09-01 09:00:00,schloemer,L6,33,42,51.2367823234332,1.176836406102666e-14,0.0,4.707345624410664e-14,4,8,2184616.11112,34734.983586
2024-09-01 09:00:00,schloemer,L7,34,36,47.64901572127267,7.771561172376096e-16,0.0,3.1086244689504383e-15,4,8,2184616.11112,34734.983586
2024-09-01 09:00:00,schloemer,L8,36,38,48.89723409833912,1.9984014443252818e-15,0.0,7.993605777301127e-15,4,8,2184616.11112,34734.983586
2024-09-01 09:00:00,schloemer,L9,36,39,49.92839833364221,4.3298697960381105e-15,0.0,1.7319479184152442e-14,4,8,2184616.11112,34734.983586
2024-09-01 09:00:00,schloemer,L10,37,36,49.671958451400826,3.552713678800501e-15,0.0,7.105427357601002e-14,20,48,2185542.33716,34764.744572
2024-09-01 09:00:00,schloemer,L11,37,64,52.523040505394746,3.1530333899354446e-14,0.0,1.2612133559741778e-13,4,8,2184616.11112,34734.983586
2024-09-01 09:00:00,schloemer,L12,38,39,50.065899474963054,4.773959005888173e-15,0.0,1.9095836023552692e-14,4,8,2184616.11112,34734.983586
2024-09-01 09:00:00,schloemer,L13,39,40,51.89984486036554,1.9539925233402755e-14,0.0,7.815970093361102e-14,4,8,2184616.11112,34734.983586
2024-09-01 09:00:00,schloemer,L14,39,41,52.97285168924222,4.474198789239381e-14,0.0,1.7896795156957523e-13,4,8,2184616.11112,34734.983586
2024-09-01 09:00:00,schloemer,L15,40,41,53.778320489874666,8.359979375427429e-14,2.220446049250313e-16,3.361755318564974e-13,4,8,2184616.11112,34734.983586
2024-09-01 09:00:00,schloemer,L16,41,48,57.394712317204814,1.4375167722846527e-12,6.655365147878456e-11,5.381792789194151e-10,4,8,2184616.11112,34734.983586
2024-09-01 09:00:00,schloemer,L17,41,48,57.394712317204814,1.4375167722846527e-12,6.655365147878456e-11,5.381792789194151e-10,4,8,2184616.11112,34734.983586
2024-09-01 09:00:00,schloemer,L18,42,43,53.912189052346854,9.281464485866309e-14,3.3306690738754696e-16,3.739231146937527e-13,4,8,2184616.11112,34734.983586
2024-09-01 09:00:00,schloemer,L19,43,44,57.012723092784675,1.0625944568687373e-12,2.1128321314733967e-11,1.7327694834534668e-10,4,8,2184616.11112,34734.983586
2024-09-01 09:00:00,schloemer,L20,44,45,60.08374505523986,1.2109868663401357e-11,6.533118201978994e-08,5.226977761729756e-07,4,8,2184616.11112,34734.983586
2024-09-01 09:00:00,schloemer,L21,44,48,59.33898298568783,6.710298983136909e-12,1.1776666419827109e-08,9.424016866876883e-08,4,8,2184616.11112,34734.983586
2024-09-01 09:00:00,schloemer,L22,45,46,61.71942269005485,4.418376775561228e-11,1.7751406872212883e-06,1.4201213999087692e-05,4,8,2184616.11112,34734.983586
2024-09-01 09:00:00,schloemer,L23,45,47,62.15851635529803,6.248146444676195e-11,3.9013888103456296e-06,3.1210934220760045e-05,4,8,2184616.11112,34734.983586
2024-09-01 09:00:00,schloemer,L24,46,48,60.966211750857454,2.4358848271788247e-11,4.181733379571284e-07,3.3454792424114643e-06,4,8,2184616.11112,34734.983586
2024-09-01 09:00:00,schloemer,L25,46,68,61.9838708204512,5.444056316861179e-11,2.865844260568906e-06,2.2926741877316026e-05,4,8,2184616.11112,34734.983586
2024-09-01 09:00:00,schloemer,L26,47,48,61.35845648360889,3.321953823132162e-11,9.015571650339282e-07,7.212567438963369e-06,4,8,2184616.11112,34734.983586
2024-09-01 09:00:00,schloemer,L27,48,49,60.720666116257924,2.0056289962155915e-11,2.5404120251870665e-07,2.0324080381994847e-06,4,8,2184616.11112,34734.983586
2024-09-01 09:00:00,schloemer,L28,48,50,61.4998894523693,3.714861751547005e-11,1.179556562425077e-06,9.436562134590432e-06,4,8,2184616.11112,34734.983586
2024-09-01 09:00:00,schloemer,L29,48,53,59.92616107386595,1.0688117058066382e-11,4.599275715833073e-08,3.679847505599909e-07,4,8,2184616.11112,34734.983586
2024-09-01 09:00:00,schloemer,L30,48,53,59.92616107386595,1.0688117058066382e-11,4.599275715833073e-08,3.679847505599909e-07,4,8,2184616.11112,34734.983586
2024-09-01 09:00:00,schloemer,L31,48,65,57.91816477049672,2.1757040613579193e-12,2.982422087072223e-10,2.39464048590321e-09,4,8,2184616.11112,34734.983586
2024-09-01 09:00:00,schloemer,L32,48,65,57.91816477049672,2.1757040613579193e-12,2.982422087072223e-10,2.39464048590321e-09,4,8,2184616.11112,34734.983586
2024-09-01 09:00:00,schloemer,L33,48,68,61.208459437421766,2.9504287901716e-11,6.747526025696615e-07,5.398126088906885e-06,4,8,2184616.11112,34734.983586
2024-09-01 09:00:00,schloemer,L34,49,56,61.388345935967116,3.401379178313846e-11,9.545905022001477e-07,7.636834557067651e-06,4,8,2184616.11112,34734.983586
2024-09-01 09:00:00,schloemer,L35,50,51,63.688131769698046,2.0791002253162105e-10,4.522089217984249e-05,0.0003617107159418209,4,8,2184616.11112,34734.983586
2024-09-01 09:00:00,schloemer,L36,50,57,62.713667860378614,9.675338308312575e-11,9.990255357306133e-06,7.991963535114444e-05,4,8,2184616.11112,34734.983586
2024-09-01 09:00:00,schloemer,L37,51,52,63.20718957649516,1.4259871061739204e-10,2.1932750902675657e-05,0.00017544910883127152,4,8,2184616.11112,34734.983586
2024-09-01 09:00:00,schloemer,L38,52,53,60.80507320219698,2.144229238609796e-11,3.019819583283123e-07,2.415938882172064e-06,4,8,2184616.11112,34734.983586
2024-09-01 09:00:00,schloemer,L39,53,54,58.96420447561398,4.9852344474743404e-12,4.711866674611542e-09,3.771487366854842e-08,4,8,2184616.11112,34734.983586
2024-09-01 09:00:00,schloemer,L40,53,55,59.61600155423294,8.358425063192954e-12,2.264006637719973e-08,1.811539503959736e-07,4,8,2184616.11112,34734.983586
2024-09-01 09:00:00,schloemer,L41,53,58,58.12340095625805,2.559952250180686e-12,5.252347445861005e-10,4.212117765689527e-09,4,8,2184616.11112,34734.983586
2024-09-01 09:00:00,schloemer,L42,54,55,58.96150685544006,4.974576306437939e-12,4.680268950174593e-09,3.746204924048868e-08,4,8,2184616.11112,34734.983586
2024-09-01 09:00:00,schloemer,L43,54,58,57.50443936840493,1.567856955375646e-12,9.176770454644156e-11,7.404130641930351e-10,4,8,2184616.11112,34734.983586
2024-09-01 09:00:00,schloemer,L44,55,56,60.494302114952326,1.6764922783352176e-11,1.585051663255399e-07,1.268107686747122e-06,4,8,2184616.11112,34734.983586
2024-09-01 09:00:00,schloemer,L45,55,57,61.022611111506464,2.5470514586345416e-11,4.6799255026819253e-07,3.74403615144292e-06,4,8,2184616.11112,34734.983586
2024-09-01 09:00:00,schloemer,L46,55,58,58.13499759855694,2.5836000006052018e-12,5.421043614006749e-10,4.34716929120782e-09,4,8,2184616.11112,34734.983586
2024-09-01 09:00:00,schloemer,L47,55,58,58.13499759855694,2.5836000006052018e-12,5.421043614006749e-10,4.34716929120782e-09,4,8,2184616.11112,34734.983586
2024-09-01 09:00:00,schloemer,L48,58,59,55.447929181307174,3.091971123581061e-13,1.1668443988810395e-13,2.170263968537256e-12,4,8,2184616.11112,34734.983586
2024-09-01 09:00:00,schloemer,L49,58,60,55.4750132074434,3.1585845050585704e-13,1.2856382625159313e-13,2.291944412036173e-12,4,8,2184616.11112,34734.983586
2024-09-01 09:00:00,schloemer,L50,59,60,54.262617683470864,1.220135104063047e-13,1.2212453270876722e-15,4.978240042419202e-13,4,8,2184616.11112,34734.983586
2024-09-01 09:00:00,schloemer,L51,59,61,54.254649884919694,1.212363542890671e-13,1.2212453270876722e-15,4.947153797729698e-13,4,8,2184616.11112,34734.983586
2024-09-01 09:00:00,schloemer,L52,60,61,54.2619363893572,1.220135104063047e-13,1.2212453270876722e-15,4.978240042419202e-13,4,8,2184616.11112,34734.983586
2024-09-01 09:00:00,schloemer,L53,61,65,55.079679618025324,2.3148150063434514e-13,3.0309088572266774e-14,1.1683987111155147e-12,4,8,2184616.11112,34734.983586
2024-09-01 09:00:00,schloemer,L54,61,66,53.92366046664985,9.370282327836321e-14,3.3306690738754696e-16,3.774758283725532e-13,4,8,2184616.11112,34734.983586
2024-09-01 09:00:00,schloemer,L55,62,58,55.93961080368148,4.5063952569535104e-13,6.387113060668526e-13,2.501965301604514e-11,13,30,2185148.89802,34751.629934
2024-09-01 09:00:00,schloemer,L56,62,63,54.8940133954876,2.000621890374532e-13,1.509903313490213e-14,9.210410212290299e-13,4,8,2184616.11112,34734.983586
2024-09-01 09:00:00,schloemer,L57,63,60,54.44880658831358,1.3866685577568205e-13,2.55351295663786e-15,2.8933522244756205e-12,20,47,2185512.78098,34763.759366
2024-09-01 09:00:00,schloemer,L58,63,64,54.63261661864234,1.6298074001497298e-13,5.551115123125783e-15,6.963318810448982e-13,4,8,2184616.11112,34734.983586
2024-09-01 09:00:00,schloemer,L59,64,65,55.25742623568637,2.6123547769429933e-13,5.595524044110789e-14,7.910561095059165e-12,20,48,2185545.98792,34764.866264
2024-09-01 09:00:00,schloemer,L60,64,67,56.044605029612946,4.756195437494171e-13,8.608669332943464e-13,9.813416745885206e-11,38,93,2186503.81292,34796.793764
2024-09-01 09:00:00,schloemer,L61,65,66,54.736149997207775,1.7685852782278744e-13,8.215650382226158e-15,7.73159314348959e-13,4,8,2184616.11112,34734.983586
2024-09-01 09:00:00,schloemer,L62,67,68,59.638690503216424,8.25761681255699e-12,2.2856887160749295e-08,1.5544983497095544e-06,28,68,2185978.45538,34779.281846
2024-09-01 09:00:00,schloemer,L63,68,69,64.71245989851641,4.6252912611066677e-10,0.000185045024599928,0.001479403632415166,4,8,2184616.11112,34734.983586
2024-09-01 09:00:00,schloemer,L64,68,74,62.97642729123535,1.1895973095477075e-10,1.5270799586186712e-05,0.00012216034314471713,4,8,2184616.11112,34734.983586
2024-09-01 09:00:00,schloemer,L65,68,76,61.12479606241254,2.761513240301383e-11,5.728233398727411e-07,4.582687991416812e-06,4,8,2184616.11112,34734.983586
2024-09-01 09:00:00,schloemer,L66,69,70,69.2074724680669,1.4268418668805793e-08,0.01543768629502884,0.11703062522160401,4,8,2184616.11112,34734.983586
2024-09-01 09:00:00,schloemer,L67,69,73,66.97365137125887,2.645286989455542e-09,0.002360045212151052,0.018725151258066952,4,8,2184616.11112,34734.983586
2024-09-01 09:00:00,schloemer,L68,69,74,65.5865062919601,9.11062336683699e-10,0.000539795383773356,0.004310216887174367,4,8,2184616.11112,34734.983586
2024-09-01 09:00:00,schloemer,L69,70,71,72.29516684461238,1.3530360276625686e-07,0.09273169543778725,0.5409228494034098,4,8,2184616.11112,34734.983586
2024-09-01 09:00:00,schloemer,L70,70,72,71.6929922192053,8.798078487970429e-08,0.06950968618517084,0.438053850348881,4,8,2184616.11112,34734.983586
2024-09-01 09:00:00,schloemer,L71,73,74,65.13695333887998,6.432230303943243e-10,0.00031576450167181136,0.0025233285400082517,4,8,2184616.11112,34734.983586
2024-09-01 09:00:00,schloemer,L72,74,76,61.866666610988105,4.9630854981330685e-11,2.321841160446425e-06,1.8574776857516184e-05,4,8,2184616.11112,34734.983586
2024-09-01 09:00:00,schloemer,L73,74,117,63.983165273795834,2.618905092788282e-10,6.908761631518878e-05,0.0005525683492053624,4,8,2184616.11112,34734.983586
2024-09-01 09:00:00,schloemer,L74,75,76,61.046341494709715,2.5953239557452434e-11,4.905851034298081e-07,3.9247779011208905e-06,4,8,2184616.11112,34734.983586
2024-09-01 09:00:00,schloemer,L75,75,117,63.081422046579895,1.2918899283675955e-10,1.8027243179230545e-05,0.00014420936296144493,4,8,2184616.11112,34734.983586
2024-09-01 09:00:00,schloemer,L76,76,77,59.769463815816444,9.439671266875393e-12,3.224648048583134e-08,2.58009573483875e-07,4,8,2184616.11112,34734.983586
2024-09-01 09:00:00,schloemer,L77,76,79,57.998418878513114,2.318589764627177e-12,3.7266012498093914e-10,2.990555358906022e-09,4,8,2184616.11112,34734.983586
2024-09-01 09:00:00,schloemer,L78,76,79,57.998418878513114,2.318589764627177e-12,3.7266012498093914e-10,2.990555358906022e-09,4,8,2184616.11112,34734.983586
2024-09-01 09:00:00,schloemer,L79,76,81,58.43114050250622,3.267053294564448e-12,1.1996026394456294e-09,9.609889328743293e-09,4,8,2184616.11112,34734.983586
2024-09-01 09:00:00,schloemer,L80,77,78,58.59132062742967,3.7093661475751105e-12,1.8245037702868672e-09,1.4610867515862935e-08,4,8,2184616.11112,34734.983586
2024-09-01 09:00:00,schloemer,L81,78,79,56.91258807141413,9.816591983735634e-13,1.552180606267939e-11,1.2810108529492936e-10,4,8,2184616.11112,34734.983586
2024-09-01 09:00:00,schloemer,L82,79,95,55.02903788648421,2.2248869413488137e-13,2.5091040356528538e-14,1.0906830993917538e-12,4,8,2184616.11112,34734.983586
2024-09-01 09:00:00,schloemer,L83,79,96,55.16416577925399,2.473576898864849e-13,4.1522341120980855e-14,1.3216094885137863e-12,4,8,2184616.11112,34734.983586
2024-09-01 09:00:00,schloemer,L84,79,97,55.708681169715256,3.7969627442180354e-13,2.9409807922320397e-13,3.871569731472846e-12,4,8,2184616.11112,34734.983586
2024-09-01 09:00:00,schloemer,L85,79,98,54.82047036879937,1.8884893648873913e-13,1.1435297153639112e-14,8.468781231840694e-13,4,8,2184616.11112,34734.983586
2024-09-01 09:00:00,schloemer,L86,80,67,57.106889180682145,1.110334046927619e-12,2.6591395752006974e-11,1.9478905155523307e-09,30,72,2186055.70436,34781.856812
2024-09-01 09:00:00,schloemer,L87,80,79,56.453704829882554,6.640243910283061e-13,3.4228175849193576e-12,2.5476709630822825e-10,28,69,2185981.58126,34779.386042
2024-09-01 09:00:00,schloemer,L88,81,82,56.499506901642604,7.083222897108499e-13,4.203859482743155e-12,3.646416502078864e-11,4,8,2184616.11112,34734.983586
2024-09-01 09:00:00,schloemer,L89,81,95,55.39073222050873,2.956523914576792e-13,9.492406860545088e-14,1.942002114674324e-12,4,8,2184616.11112,34734.983586
2024-09-01 09:00:00,schloemer,L90,93,95,52.766490467167856,3.808064974464287e-14,0.0,1.5232259897857148e-13,4,8,2184616.11112,34734.983586
2024-09-01 09:00:00,schloemer,L91,95,96,54.109707417644685,1.0824674490095276e-13,6.661338147750939e-16,4.383160501220118e-13,4,8,2184616.11112,34734.983586
2024-09-01 09:00:00,schloemer,L92,115,67,57.00939577703879,1.048938713665848e-12,2.0491053298599127e-11,6.078767489370307e-10,13,29,2185126.88168,34750.896056
2024-09-01 10:00:00,schloemer,L0,22,23,76.48077722980258,2.3660558836624546e-06,0.36917042024018754,0.9749220354435266,4,8,2184616.11112,34734.983586
2024-09-01 10:00:00,schloemer,L1,23,69,71.65313875741101,8.549712826599887e-08,0.06813111019557405,0.4313587551977317,4,8,2184616.11112,34734.983586
2024-09-01 10:00:00,schloemer,L2,23,71,74.96522973958639,8.633297912119531e-07,0.24974870490880585,0.8996187659375253,4,8,2184616.11112,34734.983586
2024-09-01 10:00:00,schloemer,L3,29,37,50.27757854261158,5.662137425588298e-15,0.0,2.2648549702353193e-14,4,8,2184616.11112,34734.983586
2024-09-01 10:00:00,schloemer,L4,32,36,48.739014491866776,1.7763568394002505e-15,0.0,7.105427357601002e-15,4,8,2184616.11112,34734.983586
2024-09-01 10:00:00,schloemer,L5,33,36,50.193766506899,5.329070518200751e-15,0.0,2.1316282072803006e-14,4,8,2184616.11112,34734.983586
2024-09-01 10:00:00,schloemer,L6,33,42,52.086406557734286,2.2537527399890678e-14,0.0,9.015010959956271e-14,4,8,2184616.11112,34734.983586
2024-09-01 10:00:00,schloemer,L7,34,36,48.360989145755966,1.3322676295501878e-15,0.0,5.329070518200751e-15,4,8,2184616.11112,34734.983586
2024-09-01 10:00:00,schloemer,L8,36,38,49.659259303475324,3.552713678800501e-15,0.0,1.4210854715202004e-14,4,8,2184616.11112,34734.983586
2024-09-01 10:00:00,schloemer,L9,36,39,50.730099125080265,7.993605777301127e-15,0.0,3.197442310920451e-14,4,8,2184616.11112,34734.983586
2024-09-01 10:00:00,schloemer,L10,37,36,50.45916298368911,6.328271240363392e-15,0.0,1.2656542480726785e-13,20,48,2185542.33716,34764.744572
2024-09-01 10:00:00,schloemer,L11,37,64,53.42128418045581,6.328271240363392e-14,0.0,2.531308496145357e-13,4,8,2184616.11112,34734.983586
2024-09-01 10:00:00,schloemer,L12,38,39,50.87492801222946,8.881784197001252e-15,0.0,3.552713678800501e-14,4,8,2184616.11112,34734.983586
2024-09-01 10:00:00,schloemer,L13,39,40,52.78294648321863,3.852473895449293e-14,0.0,1.5409895581797173e-13,4,8,2184616.11112,34734.983586
2024-09-01 10:00:00,schloemer,L14,39,41,53.89885050777411,9.181544413650045e-14,3.3306690738754696e-16,3.6992631180510216e-13,4,8,2184616.11112,34734.983586
2024-09-01 10:00:00,schloemer,L15,40,41,54.7389335535718,1.7719159473017498e-13,8.326672684688674e-15,7.753797603982093e-13,4,8,2184616.11112,34734.983586
2024-09-01 10:00:00,schloemer,L16,41,48,58.50532328406499,3.464895037552651e-12,1.458013376698375e-09,1.1677966482714908e-08,4,8,2184616.11112,34734.983586
2024-09-01 10:00:00,schloemer,L17,41,48,58.50532328406499,3.464895037552651e-12,1.458013376698375e-09,1.1677966482714908e-08,4,8,2184616.11112,34734.983586
2024-09-01 10:00:00,schloemer,L18,42,43,54.87159045339687,1.9662049766111522e-13,1.3877787807814457e-14,8.975042931069765e-13,4,8,2184616.11112,34734.983586
2024-09-01 10:00:00,schloemer,L19,43,44,58.10617172960351,2.5252022695099186e-12,5.010999393206816e-10,4.018900323643493e-09,4,8,2184616.11112,34734.983586
2024-09-01 10:00:00,schloemer,L20,44,45,61.316004442285525,3.212308197220182e-11,8.30981823130017e-07,6.647963741612806e-06,4,8,2184616.11112,34734.983586
2024-09-01 10:00:00,schloemer,L21,44,48,60.53286492139685,1.72849512480866e-11,1.719127964427969e-07,1.3753706836761026e-06,4,8,2184616.11112,34734.983586
2024-09-01 10:00:00,schloemer,L22,45,46,63.032152122154635,1.2428424955857054e-10,1.6680972902971547e-05,0.00013344048941832387,4,8,2184616.11112,34734.983586
2024-09-01 10:00:00,schloemer,L23,45,47,63.482369898749496,1.769557833597446e-10,3.3349100883595106e-05,0.0002667623762291349,4,8,2184616.11112,34734.983586
2024-09-01 10:00:00,schloemer,L24,46,48,62.24025655172934,6.664080398621763e-11,4.497824419913421e-06,3.598229546619702e-05,4,8,2184616.11112,34734.983586
2024-09-01 10:00:00,schloemer,L25,46,68,63.316532419218554,1.5537549025168573e-10,2.59487542985104e-05,0.0002075718032796825,4,8,2184616.11112,34734.983586
2024-09-01 10:00:00,schloemer,L26,47,48,62.64007029020181,9.130896039266645e-11,8.849906380503647e-06,7.079742330917682e-05,4,8,2184616.11112,34734.983586
2024-09-01 10:00:00,schloemer,L27,48,49,61.95954875550662,5.340572428735868e-11,2.743986080799843e-06,2.1951891440941118e-05,4,8,2184616.11112,34734.983586
2024-09-01 10:00:00,schloemer,L28,48,50,62.768648136742584,1.0103018421858678e-10,1.092963969262506e-05,8.743417690293409e-05,4,8,2184616.11112,34734.983586
2024-09-01 10:00:00,schloemer,L29,48,53,61.11669099509265,2.743860694209843e-11,5.637607015662738e-07,4.510186467410193e-06,4,8,2184616.11112,34734.983586
2024-09-01 10:00:00,schloemer,L30,48,53,61.11669099509265,2.743860694209843e-11,5.637607015662738e-07,4.510186467410193e-06,4,8,2184616.11112,34734.983586
2024-09-01 10:00:00,schloemer,L31,48,65,59.03637949685468,5.278888437487694e-12,5.637183497775311e-09,4.511858264777402e-08,4,8,2184616.11112,34734.983586
2024-09-01 10:00:00,schloemer,L32,48,65,59.03637949685468,5.278888437487694e-12,5.637183497775311e-09,4.511858264777402e-08,4,8,2184616.11112,34734.983586
2024-09-01 10:00:00,schloemer,L33,48,68,62.50155061616768,8.187517330782157e-11,7.0248696097952035e-06,5.619790261379709e-05,4,8,2184616.11112,34734.983586
2024-09-01 10:00:00,schloemer,L34,49,56,62.62081592439684,8.993561451120513e-11,8.572217560676165e-06,6.857604271692797e-05,4,8,2184616.11112,34734.983586
2024-09-01 10:00:00,schloemer,L35,50,51,65.00322404648634,5.798141966550929e-10,0.00026764036459248075,0.0021391206260640283,4,8,2184616.11112,34734.983586
2024-09-01 10:00:00,schloemer,L36,50,57,63.98723011109301,2.627239537034143e-10,6.948498740122488e-05,0.0005557457797298326,4,8,2184616.11112,34734.983586
2024-09-01 10:00:00,schloemer,L37,51,52,64.46376806899852,3.810967097450657e-10,0.00013353643259905734,0.0010677938214703753,4,8,2184616.11112,34734.983586
2024-09-01 10:00:00,schloemer,L38,52,53,61.977064804117944,5.414901860234522e-11,2.831244134360311e-06,2.264994522094277e-05,4,8,2184616.11112,34734.983586
2024-09-01 10:00:00,schloemer,L39,53,54,60.05925930057017,1.1877165917439925e-11,6.188825429909173e-08,4.951534358088594e-07,4,8,2184616.11112,34734.983586
2024-09-01 10:00:00,schloemer,L40,53,55,60.74333574318661,2.0419443913510804e-11,2.661566964601292e-07,2.129333265710187e-06,4,8,2184616.11112,34734.983586
2024-09-01 10:00:00,schloemer,L41,53,58,59.19029979054097,5.9640070659838784e-12,8.224649516996863e-09,6.58210502768597e-08,4,8,2184616.11112,34734.983586
2024-09-01 10:00:00,schloemer,L42,54,55,60.04061004515538,1.1702971924876238e-11,5.9382421202514024e-08,4.751060828089848e-07,4,8,2184616.11112,34734.983586
2024-09-01 10:00:00,schloemer,L43,54,58,58.526807840827566,3.5244029916725594e-12,1.5423192722963108e-09,1.2352651679314874e-08,4,8,2184616.11112,34734.983586
2024-09-01 10:00:00,schloemer,L44,55,56,61.654475647362304,4.197442393660822e-11,1.5746256271098602e-06,1.2597103488221073e-05,4,8,2184616.11112,34734.983586
2024-09-01 10:00:00,schloemer,L45,55,57,62.195861799424286,6.4348748551879e-11,4.164078354573775e-06,3.331239871973146e-05,4,8,2184616.11112,34734.983586
2024-09-01 10:00:00,schloemer,L46,55,58,59.187827847460674,5.952349724225314e-12,8.175308652269564e-09,6.542627672967427e-08,4,8,2184616.11112,34734.983586
2024-09-01 10:00:00,schloemer,L47,55,58,59.187827847460674,5.952349724225314e-12,8.175308652269564e-09,6.542627672967427e-08,4,8,2184616.11112,34734.983586
2024-09-01 10:00:00,schloemer,L48,58,59,56.39218797064893,6.508127370352668e-13,2.966848988705806e-12,2.6338042857787514e-11,4,8,2184616.11112,34734.983586
2024-09-01 10:00:00,schloemer,L49,58,60,56.428681941680395,6.697975507563569e-13,3.341549259516796e-12,2.94115842791598e-11,4,8,2184616.11112,34734.983586
2024-09-01 10:00:00,schloemer,L50,59,60,55.166004837261916,2.4780177909633494e-13,4.1744385725905886e-14,1.3251622021925868e-12,4,8,2184616.11112,34734.983586
2024-09-01 10:00:00,schloemer,L51,59,61,55.16561486332439,2.476907567938724e-13,4.1744385725905886e-14,1.3247181129827368e-12,4,8,2184616.11112,34734.983586
2024-09-01 10:00:00,schloemer,L52,60,61,55.180286206188875,2.5057733665789783e-13,4.4075854077618715e-14,1.354916179252541e-12,4,8,2184616.11112,34734.983586
2024-09-01 10:00:00,schloemer,L53,61,65,56.0536010777417,4.982680934517703e-13,9.633405184672483e-13,9.699796521545068e-12,4,8,2184616.11112,34734.983586
2024-09-01 10:00:00,schloemer,L54,61,66,54.842359533287464,1.921796055626146e-13,1.2434497875801753e-14,8.681944052568724e-13,4,8,2184616.11112,34734.983586
2024-09-01 10:00:00,schloemer,L55,62,58,56.91306394390723,9.715561688494745e-13,1.521427428485822e-11,4.690584587407898e-10,13,30,2185148.89802,34751.629934
2024-09-01 10:00:00,schloemer,L56,62,63,55.84759365075566,4.235500838944972e-13,4.766187444715797e-13,5.5071502913506265e-12,4,8,2184616.11112,34734.983586
2024-09-01 10:00:00,schloemer,L57,63,60,55.383211833313034,2.886579864025407e-13,8.870681966755001e-14,9.942380252425664e-12,20,47,2185512.78098,34763.759366
2024-09-01 10:00:00,schloemer,L58,63,64,55.606410379906485,3.502753642692369e-13,2.0528023725319144e-13,3.043343355102479e-12,4,8,2184616.11112,34734.983586
2024-09-01 10:00:00,schloemer,L59,64,65,56.26291141811429,5.765388166878438e-13,1.8643975252530254e-12,1.010218575459021e-10,20,48,2185545.98792,34764.866264
2024-09-01 10:00:00,schloemer,L60,64,67,57.103797956344145,1.0970113706321172e-12,2.5878188480987774e-11,2.4483579608158834e-09,38,93,2186503.81292,34796.793764
2024-09-01 10:00:00,schloemer,L61,65,66,55.70203007985761,3.7769787297747826e-13,2.873257187729905e-13,3.809397242093837e-12,4,8,2184616.11112,34734.983586
2024-09-01 10:00:00,schloemer,L62,67,68,60.864032975605326,2.1787571746756385e-11,3.275708291283763e-07,2.227518198549827e-05,28,68,2185978.45538,34779.281846
2024-09-01 10:00:00,schloemer,L63,68,69,66.16590105125147,1.424283913031843e-09,0.0010319427049461094,0.008225791389244841,4,8,2184616.11112,34734.983586
2024-09-01 10:00:00,schloemer,L64,68,74,64.34914312137072,3.485172150874405e-10,0.0001145097303232312,0.000915712170057037,4,8,2184616.11112,34734.983586
2024-09-01 10:00:00,schloemer,L65,68,76,62.40821456839937,7.607192653580341e-11,5.999853900151564e-06,4.799812753542021e-05,4,8,2184616.11112,34734.983586
2024-09-01 10:00:00,schloemer,L66,69,70,70.8326547773865,4.722550694946648e-08,0.04386670788961611,0.30153050888144806,4,8,2184616.11112,34734.983586
2024-09-01 10:00:00,schloemer,L67,69,73,68.51245218856815,8.485124602941596e-09,0.009133095060195773,0.07077139467948679,4,8,2184616.11112,34734.983586
2024-09-01 10:00:00,schloemer,L68,69,74,67.06741789529003,2.8415269026638157e-09,0.0025837467117909574,0.02048402670909477,4,8,2184616.11112,34734.983586
2024-09-01 10:00:00,schloemer,L69,70,71,74.01419003582701,4.5100712231516127e-07,0.18428212344958994,0.8039715722247261,4,8,2184616.11112,34734.983586
2024-09-01 10:00:00,schloemer,L70,70,72,73.36327693128909,2.871640301105316e-07,0.1452709903303977,0.7151428957270065,4,8,2184616.11112,34734.983586
2024-09-01 10:00:00,schloemer,L71,73,74,66.59214589439334,1.9757490088423424e-09,0.0016139099178482663,0.01283859033431245,4,8,2184616.11112,34734.983586
2024-09-01 10:00:00,schloemer,L72,74,76,63.17091072851992,1.3859458025677895e-10,2.0732706096815434e-05,0.00016585016789716356,4,8,2184616.11112,34734.983586
2024-09-01 10:00:00,schloemer,L73,74,117,65.37889989301048,7.758794717815931e-10,0.000422966884458309,0.003378733176343851,4,8,2184616.11112,34734.983586
2024-09-01 10:00:00,schloemer,L74,75,76,62.2987954154149,6.97878421718201e-11,4.976143630153196e-06,3.980873485220915e-05,4,8,2184616.11112,34734.983586
2024-09-01 10:00:00,schloemer,L75,75,117,64.41844744850142,3.6786929058507667e-10,0.00012569442257992502,0.0010051145873677392,4,8,2184616.11112,34734.983586
2024-09-01 10:00:00,schloemer,L76,76,77,60.96034407781365,2.424604961248633e-11,4.1328812294683104e-07,3.306397184821286e-06,4,8,2184616.11112,34734.983586
2024-09-01 10:00:00,schloemer,L77,76,79,59.11670090915359,5.625944154985518e-12,6.870874647013636e-09,5.49894996204614e-08,4,8,2184616.11112,34734.983586
2024-09-01 10:00:00,schloemer,L78,76,79,59.11670090915359,5.625944154985518e-12,6.870874647013636e-09,5.49894996204614e-08,4,8,2184616.11112,34734.983586
2024-09-01 10:00:00,schloemer,L79,76,81,59.56106078645628,8.00215449459074e-12,1.9918578564315226e-08,1.5938062603026992e-07,4,8,2184616.11112,34734.983586
2024-09-01 10:00:00,schloemer,L80,77,78,59.71116468442351,9.013345625419333e-12,2.8211869729233285e-08,2.2573098890088517e-07,4,8,2184616.11112,34734.983586
2024-09-01 10:00:00,schloemer,L81,78,79,57.96734320933603,2.262190434976219e-12,3.419394767334438e-10,2.7445645756074555e-09,4,8,2184616.11112,34734.983586
2024-09-01 10:00:00,schloemer,L82,79,95,56.00608492612818,4.799494135454552e-13,8.200107259881406e-13,8.479883462086946e-12,4,8,2184616.11112,34734.983586
2024-09-01 10:00:00,schloemer,L83,79,96,56.143842123399054,5.350164755668629e-13,1.304956143144409e-12,1.2579715047422724e-11,4,8,2184616.11112,34734.983586
2024-09-01 10:00:00,schloemer,L84,79,97,56.710180314904385,8.365530490550555e-13,8.241074489490074e-12,6.927480811214082e-11,4,8,2184616.11112,34734.983586
2024-09-01 10:00:00,schloemer,L85,79,98,55.79535968454698,4.064526493152698e-13,3.977929097231936e-13,4.808153875046628e-12,4,8,2184616.11112,34734.983586
2024-09-01 10:00:00,schloemer,L86,80,67,58.21632374810945,2.6711965972481266e-12,6.417739673025835e-10,4.6287860544502735e-08,30,72,2186055.70436,34781.856812
2024-09-01 10:00:00,schloemer,L87,80,79,57.51509704765615,1.5358825322664416e-12,8.983525034977902e-11,6.2416369850382125e-09,28,69,2185981.58126,34779.386042
2024-09-01 10:00:00,schloemer,L88,81,82,57.51485025226006,1.5808465647637604e-12,9.458978045273625e-11,7.63041629880945e-10,4,8,2184616.11112,34734.983586
2024-09-01 10:00:00,schloemer,L89,81,95,56.37548491871406,6.422640197456531e-13,2.8091973192090336e-12,2.504263463265488e-11,4,8,2184616.11112,34734.983586
2024-09-01 10:00:00,schloemer,L90,93,95,53.63941727723007,7.505107646466058e-14,1.1102230246251565e-16,3.0109248427834245e-13,4,8,2184616.11112,34734.983586
2024-09-01 10:00:00,schloemer,L91,95,96,55.038198865301396,2.240430063693566e-13,2.5979218776228663e-14,1.1040057756872557e-12,4,8,2184616.11112,34734.983586
2024-09-01 10:00:00,schloemer,L92,115,67,58.116266016375604,2.5187629759670926e-12,5.056407514913985e-10,1.4696325600915827e-08,13,29,2185126.88168,34750.896056
2024-09-01 11:00:00,schloemer,L0,22,23,78.35955123772332,7.86772547178849e-06,0.5255313021841106,0.997431693447102,4,8,2184616.11112,34734.983586
2024-09-01 11:00:00,schloemer,L1,23,69,73.37027413686916,2.8856946987509957e-07,0.14566295774984783,0.7161862750976227,4,8,2184616.11112,34734.983586
2024-09-01 11:00:00,schloemer,L2,23,71,76.77841045242103,2.8726100509413044e-06,0.3938898066351234,0.9817859001556729,4,8,2184616.11112,34734.983586
2024-09-01 11:00:00,schloemer,L3,29,37,51.04856653952236,1.021405182655144e-14,0.0,4.085620730620576e-14,4,8,2184616.11112,34734.983586
2024-09-01 11:00:00,schloemer,L4,32,36,49.46197848152508,3.1086244689504383e-15,0.0,1.2434497875801753e-14,4,8,2184616.11112,34734.983586
2024-09-01 11:00:00,schloemer,L5,33,36,50.97077784702804,9.547918011776346e-15,0.0,3.8191672047105385e-14,4,8,2184616.11112,34734.983586
2024-09-01 11:00:00,schloemer,L6,33,42,52.93781461132369,4.3520742565306136e-14,0.0,1.7408297026122455e-13,4,8,2184616.11112,34734.983586
2024-09-01 11:00:00,schloemer,L7,34,36,49.067181587176464,2.220446049250313e-15,0.0,8.881784197001252e-15,4,8,2184616.11112,34734.983586
2024-09-01 11:00:00,schloemer,L8,36,38,50.41838840840541,6.328271240363392e-15,0.0,2.531308496145357e-14,4,8,2184616.11112,34734.983586
2024-09-01 11:00:00,schloemer,L9,36,39,51.53110717600318,1.4654943925052066e-14,0.0,5.861977570020827e-14,4,8,2184616.11112,34734.983586
2024-09-01 11:00:00,schloemer,L10,37,36,51.24453483426316,1.1657341758564144e-14,0.0,2.3314683517128287e-13,20,48,2185542.33716,34764.744572
2024-09-01 11:00:00,schloemer,L11,37,64,54.32391259087779,1.2800871473928055e-13,1.6653345369377348e-15,5.253575352526241e-13,4,8,2184616.11112,34734.983586
2024-09-01 11:00:00,schloemer,L12,38,39,51.683814339315454,1.6542323066914832e-14,0.0,6.616929226765933e-14,4,8,2184616.11112,34734.983586
2024-09-01 11:00:00,schloemer,L13,39,40,53.670317338833236,7.682743330406083e-14,1.1102230246251565e-16,3.0819791163594346e-13,4,8,2184616.11112,34734.983586
2024-09-01 11:00:00,schloemer,L14,39,41,54.831649445776684,1.9051427102567686e-13,1.1879386363489175e-14,8.570921750106208e-13,4,8,2184616.11112,34734.983586
2024-09-01 11:00:00,schloemer,L15,40,41,55.708576539125495,3.79585252119341e-13,2.9398705692074145e-13,3.870237463843296e-12,4,8,2184616.11112,34734.983586
2024-09-01 11:00:00,schloemer,L16,41,48,59.63409482165567,8.47921732827217e-12,2.361139872508744e-08,1.8892509101586796e-07,4,8,2184616.11112,34734.983586
2024-09-01 11:00:00,schloemer,L17,41,48,59.63409482165567,8.47921732827217e-12,2.361139872508744e-08,1.8892509101586796e-07,4,8,2184616.11112,34734.983586
2024-09-01 11:00:00,schloemer,L18,42,43,55.83939741604168,4.2077452633293433e-13,4.632960681760778e-13,5.38946665074036e-12,4,8,2184616.11112,34734.983586
2024-09-01 11:00:00,schloemer,L19,43,44,59.216631564403116,6.089906356976371e-12,8.7682129334965e-09,7.017006098397616e-08,4,8,2184616.11112,34734.983586
2024-09-01 11:00:00,schloemer,L20,44,45,62.574533165065084,8.67179661412365e-11,7.937523739842689e-06,6.349877267675108e-05,4,8,2184616.11112,34734.983586
2024-09-01 11:00:00,schloemer,L21,44,48,61.75002593971528,4.526456987008487e-11,1.8777093274691126e-06,1.502175695355934e-05,4,8,2184616.11112,34734.983586
2024-09-01 11:00:00,schloemer,L22,45,46,64.37702863522587,3.5617930826958855e-10,0.00011889631037198534,0.0009507761831336614,4,8,2184616.11112,34734.983586
2024-09-01 11:00:00,schloemer,L23,45,47,64.8381167949529,5.100118105616502e-10,0.0002173920203439872,0.0017378155142956375,4,8,2184616.11112,34734.983586
2024-09-01 11:00:00,schloemer,L24,46,48,63.5434799086268,1.856375053677084e-10,3.653433367567516e-05,0.00029223804125799724,4,8,2184616.11112,34734.983586
2024-09-01 11:00:00,schloemer,L25,46,68,64.68339204402442,4.5218495614562926e-10,0.0001782126738468781,0.0014248142406272368,4,8,2184616.11112,34734.983586
2024-09-01 11:00:00,schloemer,L26,47,48,63.95025619132622,2.552388300713915e-10,6.594623494460272e-05,0.0005274491466675801,4,8,2184616.11112,34734.983586
2024-09-01 11:00:00,schloemer,L27,48,49,63.22280221703245,1.4435708184379337e-10,2.246867938748842e-05,0.00017973587749609,4,8,2184616.11112,34734.983586
2024-09-01 11:00:00,schloemer,L28,48,50,64.06305207640544,2.787619024502419e-10,7.729110895504654e-05,0.0006181627422184865,4,8,2184616.11112,34734.983586
2024-09-01 11:00:00,schloemer,L29,48,53,62.327230152604514,7.136935487039864e-11,5.2252321185441986e-06,4.1801377936412365e-05,4,8,2184616.11112,34734.983586
2024-09-01 11:00:00,schloemer,L30,48,53,62.327230152604514,7.136935487039864e-11,5.2252321185441986e-06,4.1801377936412365e-05,4,8,2184616.11112,34734.983586
2024-09-01 11:00:00,schloemer,L31,48,65,60.171772599706685,1.2984835429108443e-11,7.927332124069153e-08,6.342383332968993e-07,4,8,2184616.11112,34734.983586
2024-09-01 11:00:00,schloemer,L32,48,65,60.171772599706685,1.2984835429108443e-11,7.927332124069153e-08,6.342383332968993e-07,4,8,2184616.11112,34734.983586
2024-09-01 11:00:00,schloemer,L33,48,68,63.82587847157809,2.3157897821590723e-10,5.521828772314663e-05,0.00044166186345928615,4,8,2184616.11112,34734.983586
2024-09-01 11:00:00,schloemer,L34,49,56,63.87326979824546,2.4032575929311406e-10,5.910147665166843e-05,0.0004727149820545895,4,8,2184616.11112,34734.983586
2024-09-01 11:00:00,schloemer,L35,50,51,66.34051862100216,1.628884471749359e-09,0.0012430915385864827,0.009901578420210777,4,8,2184616.11112,34734.983586
2024-09-01 11:00:00,schloemer,L36,50,57,65.2810141604929,7.192278994594403e-10,0.00037618936390082514,0.0030055582431325334,4,8,2184616.11112,34734.983586
2024-09-01 11:00:00,schloemer,L37,51,52,65.73506728014193,1.0218625945412896e-09,0.0006402608612496863,0.005110627491650588,4,8,2184616.11112,34734.983586
2024-09-01 11:00:00,schloemer,L38,52,53,63.16179201047311,1.376058156310478e-10,2.044077088247942e-05,0.00016351501876810115,4,8,2184616.11112,34734.983586
2024-09-01 11:00:00,schloemer,L39,53,54,61.16316330388999,2.846600732908655e-11,6.176189020212774e-07,4.941054398965861e-06,4,8,2184616.11112,34734.983586
2024-09-01 11:00:00,schloemer,L40,53,55,61.88173181600635,5.0224491232597757e-11,2.385899899981503e-06,1.908724070420753e-05,4,8,2184616.11112,34734.983586
2024-09-01 11:00:00,schloemer,L41,53,58,60.26530211862527,1.3983592062061234e-11,9.716187554520417e-08,7.773506743857794e-07,4,8,2184616.11112,34734.983586
2024-09-01 11:00:00,schloemer,L42,54,55,61.126053563034766,2.7642554911722073e-11,5.742416562259933e-07,4.59403458641372e-06,4,8,2184616.11112,34734.983586
2024-09-01 11:00:00,schloemer,L43,54,58,59.5530152883596,7.951306280062909e-12,1.9547243268469572e-08,1.564097407147358e-07,4,8,2184616.11112,34734.983586
2024-09-01 11:00:00,schloemer,L44,55,56,62.82693594645049,1.0576961528840911e-10,1.201463785405199e-05,9.611348412474907e-05,4,8,2184616.11112,34734.983586
2024-09-01 11:00:00,schloemer,L45,55,57,63.38100270659262,1.6343537634355698e-10,2.862414662396784e-05,0.00022897088632733986,4,8,2184616.11112,34734.983586
2024-09-01 11:00:00,schloemer,L46,55,58,60.24651251871594,1.3776979557178493e-11,9.328593220114811e-08,7.463423218334597e-07,4,8,2184616.11112,34734.983586
2024-09-01 11:00:00,schloemer,L47,55,58,60.24651251871594,1.3776979557178493e-11,9.328593220114811e-08,7.463423218334597e-07,4,8,2184616.11112,34734.983586
2024-09-01 11:00:00,schloemer,L48,58,59,57.33685163116905,1.3731238368563936e-12,5.609923636740177e-11,4.5428638628663975e-10,4,8,2184616.11112,34734.983586
2024-09-01 11:00:00,schloemer,L49,58,60,57.38403977568226,1.4254153413162385e-12,6.449363265659258e-11,5.216507226180056e-10,4,8,2184616.11112,34734.983586
2024-09-01 11:00:00,schloemer,L50,59,60,56.068326896163946,5.040412531798211e-13,1.0124123761556802e-12,1.0115464021964726e-11,4,8,2184616.11112,34734.983586
2024-09-01 11:00:00,schloemer,L51,59,61,56.07663854965108,5.073719222536965e-13,1.0411671524934718e-12,1.035882490896256e-11,4,8,2184616.11112,34734.983586
2024-09-01 11:00:00,schloemer,L52,60,61,56.09974014184521,5.166977956605479e-13,1.1254330800625212e-12,1.1070255823142361e-11,4,8,2184616.11112,34734.983586
2024-09-01 11:00:00,schloemer,L53,61,65,57.033764709144286,1.0803580252627398e-12,2.2533530597002027e-11,1.8458967687706718e-10,4,8,2184616.11112,34734.983586
2024-09-01 11:00:00,schloemer,L54,61,66,55.7634596008712,3.963496197911809e-13,3.560485239972877e-13,4.433786671143025e-12,4,8,2184616.11112,34734.983586
2024-09-01 11:00:00,schloemer,L55,62,58,57.889331321399546,2.1034285424548216e-12,2.69797628682511e-10,8.121273431527243e-09,13,30,2185148.89802,34751.629934
2024-09-01 11:00:00,schloemer,L56,62,63,56.80508572368143,9.017231406005521e-13,1.1107559316769766e-11,9.246736709656034e-11,4,8,2184616.11112,34734.983586
2024-09-01 11:00:00,schloemer,L57,63,60,56.320374770308376,6.037392807911601e-13,2.2571944313654058e-12,1.1816292388999727e-10,20,47,2185512.78098,34763.759366
2024-09-01 11:00:00,schloemer,L58,63,64,56.5881228884049,7.596145934485321e-13,5.589639862080276e-12,4.7755577270436333e-11,4,8,2184616.11112,34734.983586
2024-09-01 11:00:00,schloemer,L59,64,65,57.278728215546316,1.2860823517257813e-12,4.551670151897724e-11,2.2105233199454233e-09,20,48,2185545.98792,34764.866264
2024-09-01 11:00:00,schloemer,L60,64,67,58.17846998693478,2.566835632933362e-12,5.698714833357599e-10,5.3095586260987204e-08,38,93,2186503.81292,34796.793764
2024-09-01 11:00:00,schloemer,L61,65,66,56.67425583786528,8.131273432354647e-13,7.354894471234275e-12,6.209166514281605e-11,4,8,2184616.11112,34734.983586
2024-09-01 11:00:00,schloemer,L62,67,68,62.11633060425047,5.857991869362422e-11,3.501997090427089e-06,0.00023810950679381548,28,68,2185978.45538,34779.281846
2024-09-01 11:00:00,schloemer,L63,68,69,67.66033180211446,4.460580682597026e-09,0.004467506756056228,0.0351861954671836,4,8,2184616.11112,34734.983586
2024-09-01 11:00:00,schloemer,L64,68,74,65.7577056794075,1.0398787386733943e-09,0.0006569496896237093,0.005243533198192929,4,8,2184616.11112,34734.983586
2024-09-01 11:00:00,schloemer,L65,68,76,63.72109545388282,2.1334567446018582e-10,4.74490420264706e-05,0.0003795301557281139,4,8,2184616.11112,34734.983586
2024-09-01 11:00:00,schloemer,L66,69,70,72.50274758807906,1.5678591247514362e-07,0.10179881659236467,0.5763680459115763,4,8,2184616.11112,34734.983586
2024-09-01 11:00:00,schloemer,L67,69,73,70.09438100154463,2.7510630329352637e-08,0.02812773612821451,0.20407259851423754,4,8,2184616.11112,34734.983586
2024-09-01 11:00:00,schloemer,L68,69,74,68.58909525669776,8.987582900132907e-09,0.009701464832541529,0.07502695371245971,4,8,2184616.11112,34734.983586
2024-09-01 11:00:00,schloemer,L69,70,71,75.77375740854751,1.4844849987039055e-06,0.31174113512542134,0.949648555738457,4,8,2184616.11112,34734.983586
2024-09-01 11:00:00,schloemer,L70,70,72,75.06911819108943,9.260841176139678e-07,0.2574298625483158,0.9075518485752709,4,8,2184616.11112,34734.983586
2024-09-01 11:00:00,schloemer,L71,73,74,68.08588907076553,6.154529885726845e-09,0.006450642431667042,0.050454971506433965,4,8,2184616.11112,34734.983586
2024-09-01 11:00:00,schloemer,L72,74,76,64.50428683981595,3.9332148649151577e-10,0.00014092125657549914,0.0011268157343915508,4,8,2184616.11112,34734.983586
2024-09-01 11:00:00,schloemer,L73,74,117,66.80875137038333,2.3321020670152848e-09,0.002007158374952911,0.015944924699878182,4,8,2184616.11112,34734.983586
2024-09-01 11:00:00,schloemer,L74,75,76,63.57528917590717,1.903225355093241e-10,3.8300935525370505e-05,0.0003063671734795381,4,8,2184616.11112,34734.983586
2024-09-01 11:00:00,schloemer,L75,75,117,65.78373866407786,1.0609852996168456e-09,0.0006766182918614971,0.00540014914328546,4,8,2184616.11112,34734.983586
2024-09-01 11:00:00,schloemer,L76,76,77,62.17090304992142,6.309475164556488e-11,3.986751006213041e-06,3.1893815387040725e-05,4,8,2184616.11112,34734.983586
2024-09-01 11:00:00,schloemer,L77,76,79,60.25079731141445,1.3823830968817674e-11,9.415666801793066e-08,7.533083912214522e-07,4,8,2184616.11112,34734.983586
2024-09-01 11:00:00,schloemer,L78,76,79,60.25079731141445,1.3823830968817674e-11,9.415666801793066e-08,7.533083912214522e-07,4,8,2184616.11112,34734.983586
2024-09-01 11:00:00,schloemer,L79,76,81,60.7066780828922,1.983535558025551e-11,2.4682772514772466e-07,1.9746994366354187e-06,4,8,2184616.11112,34734.983586
2024-09-01 11:00:00,schloemer,L80,77,78,60.844148510346265,2.211575367283558e-11,3.2696265805931546e-07,2.6157867339948737e-06,4,8,2184616.11112,34734.983586
2024-09-01 11:00:00,schloemer,L81,78,79,59.032198798939945,5.261346913698617e-12,5.5791510300551295e-09,4.465425273991741e-08,4,8,2184616.11112,34734.983586
2024-09-01 11:00:00,schloemer,L82,79,95,56.988874802269855,1.042721464727947e-12,1.9637957926477156e-11,1.6127454927072904e-10,4,8,2184616.11112,34734.983586
2024-09-01 11:00:00,schloemer,L83,79,96,57.12909566984468,1.1649570197391768e-12,3.0114133409142596e-11,2.455728953520975e-10,4,8,2184616.11112,34734.983586
2024-09-01 11:00:00,schloemer,L84,79,97,57.718415379816356,1.857403120197887e-12,1.6990331364041822e-10,1.3666561216041373e-09,4,8,2184616.11112,34734.983586
2024-09-01 11:00:00,schloemer,L85,79,98,56.776557460365275,8.816281038548368e-13,1.0157430452295557e-11,8.47859560337838e-11,4,8,2184616.11112,34734.983586
2024-09-01 11:00:00,schloemer,L86,80,67,59.344584861435436,6.529776719332858e-12,1.1389639231751403e-08,8.202495862530412e-07,30,72,2186055.70436,34781.856812
2024-09-01 11:00:00,schloemer,L87,80,79,58.589913180615994,3.596900555180582e-12,1.733423626859576e-09,1.1970693647445074e-07,28,69,2185981.58126,34779.386042
2024-09-01 11:00:00,schloemer,L88,81,82,58.53563998818765,3.5491609651217004e-12,1.5783162554683372e-09,1.2640726576584882e-08,4,8,2184616.11112,34734.983586
2024-09-01 11:00:00,schloemer,L89,81,95,57.365643393000354,1.4047651930582106e-12,6.108613614941305e-11,4.943081499675372e-10,4,8,2184616.11112,34734.983586
2024-09-01 11:00:00,schloemer,L90,93,95,54.51106410441668,1.482147737874584e-13,3.4416913763379853e-15,6.203926261605375e-13,4,8,2184616.11112,34734.983586
2024-09-01 11:00:00,schloemer,L91,95,96,55.968574766502854,4.659606034351782e-13,7.217559883088143e-13,7.637890320211227e-12,4,8,2184616.11112,34734.983586
2024-09-01 11:00:00,schloemer,L92,115,67,59.24207020866692,6.147526931954417e-12,9.170775472355785e-09,2.6603237235356403e-07,13,29,2185126.88168,34750.896056
2024-09-01 12:00:00,schloemer,L0,22,23,80.28073454919931,2.5342106406256448e-05,0.6717281443503367,0.9998651580026814,4,8,2184616.11112,34734.983586
2024-09-01 12:00:00,schloemer,L1,23,69,75.13821248148695,9.70244604103776e-07,0.26258932448898453,0.912567342404854,4,8,2184616.11112,34734.983586
2024-09-01 12:00:00,schloemer,L2,23,71,78.63466024621574,9.33724468688002e-06,0.5478131611464044,0.9982520575808246,4,8,2184616.11112,34734.983586
2024-09-01 12:00:00,schloemer,L3,29,37,51.81553131325176,1.8318679906315083e-14,0.0,7.327471962526033e-14,4,8,2184616.11112,34734.983586
2024-09-01 12:00:00,schloemer,L4,32,36,50.179062617117076,5.218048215738236e-15,0.0,2.0872192862952943e-14,4,8,2184616.11112,34734.983586
2024-09-01 12:00:00,schloemer,L5,33,36,51.74481211349242,1.7319479184152442e-14,0.0,6.927791673660977e-14,4,8,2184616.11112,34734.983586
2024-09-01 12:00:00,schloemer,L6,33,42,53.790559193345636,8.43769498715119e-14,2.220446049250313e-16,3.3928415632544784e-13,4,8,2184616.11112,34734.983586
2024-09-01 12:00:00,schloemer,L7,34,36,49.76641003272267,3.885780586188048e-15,0.0,1.554312234475219e-14,4,8,2184616.11112,34734.983586
2024-09-01 12:00:00,schloemer,L8,36,38,51.173723577181526,1.1213252548714081e-14,0.0,4.4853010194856324e-14,4,8,2184616.11112,34734.983586
2024-09-01 12:00:00,schloemer,L9,36,39,52.33074212926477,2.7200464103316335e-14,0.0,1.0880185641326534e-13,4,8,2184616.11112,34734.983586
2024-09-01 12:00:00,schloemer,L10,37,36,52.02725976601347,2.120525977034049e-14,0.0,4.241051954068098e-13,20,48,2185542.33716,34764.744572
2024-09-01 12:00:00,schloemer,L11,37,64,55.23072762635571,2.6068036618198676e-13,5.295763827461997e-14,1.4663825709249068e-12,4,8,2184616.11112,34734.983586
2024-09-01 12:00:00,schloemer,L12,38,39,52.491941573869774,3.0753177782116836e-14,0.0,1.2301271112846734e-13,4,8,2184616.11112,34734.983586
2024-09-01 12:00:00,schloemer,L13,39,40,54.56180409964537,1.5420997812043424e-13,4.218847493575595e-15,6.505906924303417e-13,4,8,2184616.11112,34734.983586
2024-09-01 12:00:00,schloemer,L14,39,41,55.77136201577335,3.9890313274781874e-13,3.660405312189141e-13,4.523936780742588e-12,4,8,2184616.11112,34734.983586
2024-09-01 12:00:00,schloemer,L15,40,41,56.68761248727953,8.217870828275409e-13,7.673084390091844e-12,6.467182345204492e-11,4,8,2184616.11112,34734.983586
2024-09-01 12:00:00,schloemer,L16,41,48,60.78236076956241,2.1060153621021982e-11,2.8830266030066554e-07,2.3065031954372373e-06,4,8,2184616.11112,34734.983586
2024-09-01 12:00:00,schloemer,L17,41,48,60.78236076956241,2.1060153621021982e-11,2.8830266030066554e-07,2.3065031954372373e-06,4,8,2184616.11112,34734.983586
2024-09-01 12:00:00,schloemer,L18,42,43,56.815862272575615,9.093836794704657e-13,1.1488365814216195e-11,9.554446123161142e-11,4,8,2184616.11112,34734.983586
2024-09-01 12:00:00,schloemer,L19,43,44,60.34530618126571,1.4898637878957288e-11,1.1544228184501293e-07,9.235974761656607e-07,4,8,2184616.11112,34734.983586
2024-09-01 12:00:00,schloemer,L20,44,45,63.861561902729115,2.381348451763188e-10,5.811954330581237e-05,0.0004648627288594831,4,8,2184616.11112,34734.983586
2024-09-01 12:00:00,schloemer,L21,44,48,62.992322919149785,1.204549793243359e-10,1.5661360809327007e-05,0.00012528450065907304,4,8,2184616.11112,34734.983586
2024-09-01 12:00:00,schloemer,L22,45,46,65.75696749648924,1.0392864346897568e-09,0.0006563994646137106,0.005239151589808144,4,8,2184616.11112,34734.983586
2024-09-01 12:00:00,schloemer,L23,45,47,66.22851119935441,1.494543155899919e-09,0.0011036995102122749,0.008795568921029284,4,8,2184616.11112,34734.983586
2024-09-01 12:00:00,schloemer,L24,46,48,64.87843755110325,5.262484892298858e-10,0.00022880578081474479,0.0018289831598744533,4,8,2184616.11112,34734.983586
2024-09-01 12:00:00,schloemer,L25,46,68,66.08766940753648,1.3410685895109964e-09,0.0009480869082512111,0.007559579930741744,4,8,2184616.11112,34734.983586
2024-09-01 12:00:00,schloemer,L26,47,48,65.29136425976029,7.250189337781876e-10,0.00038090597109152746,0.003043191251325128,4,8,2184616.11112,34734.983586
2024-09-01 12:00:00,schloemer,L27,48,49,64.51217313773682,3.9574554744348234e-10,0.0001424009957328165,0.0011386419234994394,4,8,2184616.11112,34734.983586
2024-09-01 12:00:00,schloemer,L28,48,50,65.38488523242675,7.794833667418288e-10,0.00042598926815073934,0.003402840507205296,4,8,2184616.11112,34734.983586
2024-09-01 12:00:00,schloemer,L29,48,53,63.55893864950775,1.8789980682498708e-10,3.738328731062168e-05,0.0002990279225002501,4,8,2184616.11112,34734.983586
2024-09-01 12:00:00,schloemer,L30,48,53,63.55893864950775,1.8789980682498708e-10,3.738328731062168e-05,0.0002990279225002501,4,8,2184616.11112,34734.983586
2024-09-01 12:00:00,schloemer,L31,48,65,61.325420265794946,3.2363112190125776e-11,8.461712256435661e-07,6.769479208634799e-06,4,8,2184616.11112,34734.983586
2024-09-01 12:00:00,schloemer,L32,48,65,61.325420265794946,3.2363112190125776e-11,8.461712256435661e-07,6.769479208634799e-06,4,8,2184616.11112,34734.983586
2024-09-01 12:00:00,schloemer,L33,48,68,65.18431463145807,6.67288668765309e-10,0.00033459000609992184,0.002673590194340214,4,8,2184616.11112,34734.983586
2024-09-01 12:00:00,schloemer,L34,49,56,65.14652093566416,6.480143088793966e-10,0.00031948887489485767,0.0025530573621451724,4,8,2184616.11112,34734.983586
2024-09-01 12:00:00,schloemer,L35,50,51,67.70057590779545,4.598753378104448e-09,0.004629592483449629,0.03644215470272749,4,8,2184616.11112,34734.983586
2024-09-01 12:00:00,schloemer,L36,50,57,66.59552391703,1.980870134588031e-09,0.0016194836875265128,0.012882678331133657,4,8,2184616.11112,34734.983586
2024-09-01 12:00:00,schloemer,L37,51,52,67.02052489506015,2.7416539039037957e-09,0.0024696820599668934,0.01958752695784527,4,8,2184616.11112,34734.983586
2024-09-01 12:00:00,schloemer,L38,52,53,64.35898940326926,3.512038437847309e-10,0.00011604150248822886,0.0009279564732604939,4,8,2184616.11112,34734.983586
2024-09-01 12:00:00,schloemer,L39,53,54,62.27542209768476,6.85139722733652e-11,4.77973614687599e-06,3.8237523542039575e-05,4,8,2184616.11112,34734.983586
2024-09-01 12:00:00,schloemer,L40,53,55,63.03091614909967,1.2416367933809624e-10,1.6648429795318442e-05,0.0001331801744435257,4,8,2184616.11112,34734.983586
2024-09-01 12:00:00,schloemer,L41,53,58,61.347957656748775,3.294498007733182e-11,8.83596214640292e-07,7.068879635419023e-06,4,8,2184616.11112,34734.983586
2024-09-01 12:00:00,schloemer,L42,54,55,62.21694991814185,6.542755226490726e-11,4.319618692405491e-06,3.455668879004392e-05,4,8,2184616.11112,34734.983586
2024-09-01 12:00:00,schloemer,L43,54,58,60.582063862216344,1.797162418881726e-11,1.9058154032691732e-07,1.524723192036781e-06,4,8,2184616.11112,34734.983586
2024-09-01 12:00:00,schloemer,L44,55,56,64.0114158880276,2.677377208826215e-10,7.189289655840092e-05,0.0005749995431290067,4,8,2184616.11112,34734.983586
2024-09-01 12:00:00,schloemer,L45,55,57,64.57757960423434,4.1643000159297117e-10,0.00015522804794598777,0.0012411515757262404,4,8,2184616.11112,34734.983586
2024-09-01 12:00:00,schloemer,L46,55,58,61.3102478740564,3.197719866676607e-11,8.218222741218639e-07,6.57468718989751e-06,4,8,2184616.11112,34734.983586
2024-09-01 12:00:00,schloemer,L47,55,58,61.3102478740564,3.197719866676607e-11,8.218222741218639e-07,6.57468718989751e-06,4,8,2184616.11112,34734.983586
2024-09-01 12:00:00,schloemer,L48,58,59,58.28074635429147,2.899902540320909e-12,8.039118259972611e-10,6.442894218139372e-09,4,8,2184616.11112,34734.983586
2024-09-01 12:00:00,schloemer,L49,58,60,58.34009782183326,3.0395685968187536e-12,9.421932123387933e-10,7.549703973097621e-09,4,8,2184616.11112,34734.983586
2024-09-01 12:00:00,schloemer,L50,59,60,56.96836708632849,1.0259570970561072e-12,1.8438028881462287e-11,1.5160805943992273e-10,4,8,2184616.11112,34734.983586
2024-09-01 12:00:00,schloemer,L51,59,61,56.98666755492288,1.0409451078885468e-12,1.9505175252731988e-11,1.602051824534101e-10,4,8,2184616.11112,34734.983586
2024-09-01 12:00:00,schloemer,L52,60,61,57.01939661145,1.0681455719918631e-12,2.156452794110919e-11,1.7678880581684098e-10,4,8,2184616.11112,34734.983586
2024-09-01 12:00:00,schloemer,L53,61,65,58.019930190875115,2.35844677121122e-12,3.954624405722029e-10,3.1731333116624683e-09,4,8,2184616.11112,34734.983586
2024-09-01 12:00:00,schloemer,L54,61,66,56.686296189323,8.208989044078407e-13,7.64110996698264e-12,6.441247535349248e-11,4,8,2184616.11112,34734.983586
2024-09-01 12:00:00,schloemer,L55,62,58,58.867520638138565,4.566014233375881e-12,3.6313893003736553e-09,1.0900103142308382e-07,13,30,2185148.89802,34751.629934
2024-09-01 12:00:00,schloemer,L56,62,63,57.765918980665205,1.9285684160763594e-12,1.9443824328391202e-10,1.5632202199356016e-09,4,8,2184616.11112,34734.983586
2024-09-01 12:00:00,schloemer,L57,63,60,57.2596134511632,1.2677636718194663e-12,4.304723244530351e-11,2.048575198365654e-09,20,47,2185512.78098,34763.759366
2024-09-01 12:00:00,schloemer,L58,63,64,57.577837673238555,1.6616708009564718e-12,1.13534404100335e-10,9.149219160065059e-10,4,8,2184616.11112,34734.983586
2024-09-01 12:00:00,schloemer,L59,64,65,58.30525442522026,2.8985702726913587e-12,8.304252840929394e-10,3.99183842647588e-08,20,48,2185545.98792,34764.866264
2024-09-01 12:00:00,schloemer,L60,64,67,59.26971650402084,6.0919047584206965e-12,9.372332021584384e-09,8.718579943556293e-07,38,93,2186503.81292,34796.793764
2024-09-01 12:00:00,schloemer,L61,65,66,57.652651683967996,1.7631451854072111e-12,1.4080592247722734e-10,1.1334999605594476e-09,4,8,2184616.11112,34734.983586
2024-09-01 12:00:00,schloemer,L62,67,68,63.398010146811885,1.604655297526847e-10,2.8504975003951216e-05,0.0019364929932738084,28,68,2185978.45538,34779.281846
2024-09-01 12:00:00,schloemer,L63,68,69,69.19942451396258,1.418317019385995e-08,0.015348498843161917,0.11639054548838124,4,8,2184616.11112,34734.983586
2024-09-01 12:00:00,schloemer,L64,68,74,67.20534061235254,3.156558014971722e-09,0.002946005903662452,0.02332647550021194,4,8,2184616.11112,34734.983586
2024-09-01 12:00:00,schloemer,L65,68,76,65.06594675544424,6.087439441415654e-10,0.0002893215622939982,0.0023122324883685375,4,8,2184616.11112,34734.983586
2024-09-01 12:00:00,schloemer,L66,69,70,74.22026016587424,5.196864638623566e-07,0.19766383751727368,0.8282684725458938,4,8,2184616.11112,34734.983586
2024-09-01 12:00:00,schloemer,L67,69,73,71.72264910476054,8.987462474241426e-08,0.07054807211997971,0.44305115908359616,4,8,2184616.11112,34734.983586
2024-09-01 12:00:00,schloemer,L68,69,74,70.15483899414036,2.8761521386755362e-08,0.02922319685712771,0.21122148607065916,4,8,2184616.11112,34734.983586
2024-09-01 12:00:00,schloemer,L69,70,71,77.57371545113722,4.791891414446248e-06,0.46047470962722026,0.9928206333580707,4,8,2184616.11112,34734.983586
2024-09-01 12:00:00,schloemer,L70,70,72,76.80990147143879,2.931950892404167e-06,0.3965168510024467,0.9824079646359324,4,8,2184616.11112,34734.983586
2024-09-01 12:00:00,schloemer,L71,73,74,69.62121019763482,1.940014238144272e-08,0.020615704549427516,0.15350372279137614,4,8,2184616.11112,34734.983586
2024-09-01 12:00:00,schloemer,L72,74,76,65.86902886093351,1.1331482419052463e-09,0.0007447747809372629,0.005942694560998496,4,8,2184616.11112,34734.983586
2024-09-01 12:00:00,schloemer,L73,74,117,68.27527369947565,7.099016929856816e-09,0.007546175600844696,0.05879881650681529,4,8,2184616.11112,34734.983586
2024-09-01 12:00:00,schloemer,L74,75,76,64.87731300367335,5.257887458753885e-10,0.00022848025291721807,0.0018263831000683295,4,8,2184616.11112,34734.983586
2024-09-01 12:00:00,schloemer,L75,75,117,67.17900703573684,3.093858280678319e-09,0.002873643506466128,0.022759265109834503,4,8,2184616.11112,34734.983586
2024-09-01 12:00:00,schloemer,L76,76,77,63.4021470733309,1.661681903186718e-10,2.955553032057967e-05,0.00023642044970362264,4,8,2184616.11112,34734.983586
2024-09-01 12:00:00,schloemer,L77,76,79,61.401419053189294,3.4367175771876646e-11,9.786970430747388e-07,7.829686992533169e-06,4,8,2184616.11112,34734.983586
2024-09-01 12:00:00,schloemer,L78,76,79,61.401419053189294,3.4367175771876646e-11,9.786970430747388e-07,7.829686992533169e-06,4,8,2184616.11112,34734.983586
2024-09-01 12:00:00,schloemer,L79,76,81,61.868589036526615,4.9706239124702734e-11,2.329924868371691e-06,1.863944576963039e-05,4,8,2184616.11112,34734.983586
2024-09-01 12:00:00,schloemer,L80,77,78,61.99038578103537,5.4721116526934566e-11,2.8993350534856077e-06,2.3194663936632054e-05,4,8,2184616.11112,34734.983586
2024-09-01 12:00:00,schloemer,L81,78,79,60.107093369020824,1.2336021093517502e-11,6.878308944635592e-08,5.503139272056146e-07,4,8,2184616.11112,34734.983586
2024-09-01 12:00:00,schloemer,L82,79,95,57.97696472046467,2.2795099141603714e-12,3.511807511458187e-10,2.818564048823191e-09,4,8,2184616.11112,34734.983586
2024-09-01 12:00:00,schloemer,L83,79,96,58.119433412484945,2.551958644403385e-12,5.195799346324748e-10,4.166847311637412e-09,4,8,2184616.11112,34734.983586
2024-09-01 12:00:00,schloemer,L84,79,97,58.732987478354005,4.15023571065376e-12,2.6280383425003606e-09,2.1040907460800895e-08,4,8,2184616.11112,34734.983586
2024-09-01 12:00:00,schloemer,L85,79,98,57.76374917062101,1.925237747002484e-12,1.932467519338843e-10,1.5536749664590843e-09,4,8,2184616.11112,34734.983586
2024-09-01 12:00:00,schloemer,L86,80,67,60.493129319335246,1.6217138743002124e-11,1.5159646549189887e-07,1.0915373283792995e-05,30,72,2186055.70436,34781.856812
2024-09-01 12:00:00,schloemer,L87,80,79,59.67875566162221,8.52329318234979e-12,2.5078082499518928e-08,1.7306248688564452e-06,28,69,2185981.58126,34779.386042
2024-09-01 12:00:00,schloemer,L88,81,82,59.56112244850143,8.002598583800591e-12,1.9921450378213024e-08,1.5940360231780915e-07,4,8,2184616.11112,34734.983586
2024-09-01 12:00:00,schloemer,L89,81,95,58.36064748115777,3.0895286329268856e-12,9.951890422854603e-10,7.97387045281539e-09,4,8,2184616.11112,34734.983586
2024-09-01 12:00:00,schloemer,L90,93,95,55.38024026395872,2.9320990080350384e-13,9.137135492665038e-14,1.9038104426272184e-12,4,8,2184616.11112,34734.983586
2024-09-01 12:00:00,schloemer,L91,95,96,56.89992693263275,9.71889235756862e-13,1.4924839142338442e-11,1.2328627008173498e-10,4,8,2184616.11112,34734.983586
2024-09-01 12:00:00,schloemer,L92,115,67,60.38831321961223,1.5247025864084662e-11,1.24678421142832e-07,3.6158661126384217e-06,13,29,2185126.88168,34750.896056
2024-09-01 13:00:00,schloemer,L0,22,23,82.24135299490936,7.834744343893085e-05,0.7903914535611152,0.9999962749184771,4,8,2184616.11112,34734.983586
2024-09-01 13:00:00,schloemer,L1,23,69,76.96022048525715,3.2318686625787407e-06,0.4090785961248189,0.9851326983520181,4,8,2184616.11112,34734.983586
2024-09-01 13:00:00,schloemer,L2,23,71,80.53304312197025,2.9413864678695667e-05,0.6889258715416077,0.999912328175138,4,8,2184616.11112,34734.983586
2024-09-01 13:00:00,schloemer,L3,29,37,52.578163578872704,3.297362383136715e-14,0.0,1.318944953254686e-13,4,8,2184616.11112,34734.983586
2024-09-01 13:00:00,schloemer,L4,32,36,50.88982710895661,8.992806499463768e-15,0.0,3.597122599785507e-14,4,8,2184616.11112,34734.983586
2024-09-01 13:00:00,schloemer,L5,33,36,52.515716238791775,3.141931159689193e-14,0.0,1.2567724638756772e-13,4,8,2184616.11112,34734.983586
2024-09-01 13:00:00,schloemer,L6,33,42,54.64493765961687,1.6464607455191071e-13,5.773159728050814e-15,7.047695760320494e-13,4,8,2184616.11112,34734.983586
2024-09-01 13:00:00,schloemer,L7,34,36,50.45811701641476,6.439293542825908e-15,0.0,2.5757174171303632e-14,4,8,2184616.11112,34734.983586
2024-09-01 13:00:00,schloemer,L8,36,38,51.9250407914774,1.9872992140790302e-14,0.0,7.949196856316121e-14,4,8,2184616.11112,34734.983586
2024-09-01 13:00:00,schloemer,L9,36,39,53.12903305866096,5.040412531798211e-14,0.0,2.0161650127192843e-13,4,8,2184616.11112,34734.983586
2024-09-01 13:00:00,schloemer,L10,37,36,52.80720842207577,3.863576125695545e-14,0.0,7.72715225139109e-13,20,48,2185542.33716,34764.744572
2024-09-01 13:00:00,schloemer,L11,37,64,56.14231268738445,5.343503417520878e-13,1.298294804996658e-12,1.2523759806981616e-11,4,8,2184616.11112,34734.983586
2024-09-01 13:00:00,schloemer,L12,38,39,53.29941401190886,5.762057497804562e-14,0.0,2.304822999121825e-13,4,8,2184616.11112,34734.983586
2024-09-01 13:00:00,schloemer,L13,39,40,55.45805166412316,3.1163960301228144e-13,1.2101430968414206e-13,2.2146728895222623e-12,4,8,2184616.11112,34734.983586
2024-09-01 13:00:00,schloemer,L14,39,41,56.7189426384662,8.423262087831063e-13,8.472333945519495e-12,7.114797639928838e-11,4,8,2184616.11112,34734.983586
2024-09-01 13:00:00,schloemer,L15,40,41,57.67728725773024,1.7978951660779785e-12,1.5109413720182374e-10,1.2159446782789018e-09,4,8,2184616.11112,34734.983586
2024-09-01 13:00:00,schloemer,L16,41,48,61.95248139746192,5.310873962827145e-11,2.70949724545666e-06,2.167598483671096e-05,4,8,2184616.11112,34734.983586
2024-09-01 13:00:00,schloemer,L17,41,48,61.95248139746192,5.310873962827145e-11,2.70949724545666e-06,2.167598483671096e-05,4,8,2184616.11112,34734.983586
2024-09-01 13:00:00,schloemer,L18,42,43,57.80209423400369,1.98463467881993e-12,2.1537560623841046e-10,1.7309433886225634e-09,4,8,2184616.11112,34734.983586
2024-09-01 13:00:00,schloemer,L19,43,44,61.49440538642677,3.698796824380679e-11,1.1674209583478756e-06,9.339477456959955e-06,4,8,2184616.11112,34734.983586
2024-09-01 13:00:00,schloemer,L20,44,45,65.1804750063231,6.653049222649088e-10,0.00033302707319537994,0.0026611159103211435,4,8,2184616.11112,34734.983586
2024-09-01 13:00:00,schloemer,L21,44,48,64.26270423955984,3.257901726172463e-10,0.00010183190308055146,0.000814366233249042,4,8,2184616.11112,34734.983586
2024-09-01 13:00:00,schloemer,L22,45,46,67.17613601912487,3.087097133480654e-09,0.0028658475976081066,0.022698139926057848,4,8,2184616.11112,34734.983586
2024-09-01 13:00:00,schloemer,L23,45,47,67.65749973601827,4.451012780570807e-09,0.004456284532340815,0.035099184439660425,4,8,2184616.11112,34734.983586
2024-09-01 13:00:00,schloemer,L24,46,48,66.2488825784389,1.518133840860969e-09,0.0011279764830389727,0.008988272871479519,4,8,2184616.11112,34734.983586
2024-09-01 13:00:00,schloemer,L25,46,68,67.53390174662137,4.052588709058114e-09,0.003989336665439547,0.03147263216693763,4,8,2184616.11112,34734.983586
2024-09-01 13:00:00,schloemer,L26,47,48,66.66687712333386,2.092158557509549e-09,0.0017412128628033763,0.013845115116796092,4,8,2184616.11112,34734.983586
2024-09-01 13:00:00,schloemer,L27,48,49,65.83042723692988,1.09990550001271e-09,0.0007132073502776892,0.005691440862287678,4,8,2184616.11112,34734.983586
2024-09-01 13:00:00,schloemer,L28,48,50,66.73692861197281,2.207418359212454e-09,0.001868412345838566,0.01484992486546921,4,8,2184616.11112,34734.983586
2024-09-01 13:00:00,schloemer,L29,48,53,64.81389328870466,5.004970882183102e-10,0.0002107849064104661,0.0016850377264638894,4,8,2184616.11112,34734.983586
2024-09-01 13:00:00,schloemer,L30,48,53,64.81389328870466,5.004970882183102e-10,0.0002107849064104661,0.0016850377264638894,4,8,2184616.11112,34734.983586
2024-09-01 13:00:00,schloemer,L31,48,65,62.49935465681463,8.173361987218186e-11,6.998986965434106e-06,5.599085105589818e-05,4,8,2184616.11112,34734.983586
2024-09-01 13:00:00,schloemer,L32,48,65,62.49935465681463,8.173361987218186e-11,6.998986965434106e-06,5.599085105589818e-05,4,8,2184616.11112,34734.983586
2024-09-01 13:00:00,schloemer,L33,48,68,66.58099514384193,1.958937012602746e-09,0.0015956299210015956,0.012693985177103184,4,8,2184616.11112,34734.983586
2024-09-01 13:00:00,schloemer,L34,49,56,66.44217334215118,1.761101930952691e-09,0.0013827581464617156,0.011008683376598327,4,8,2184616.11112,34734.983586
2024-09-01 13:00:00,schloemer,L35,50,51,69.08458993595991,1.301995145031043e-08,0.014120583455571767,0.1075366866796682,4,8,2184616.11112,34734.983586
2024-09-01 13:00:00,schloemer,L36,50,57,67.9319338925548,5.4788988901322e-09,0.005661491510564498,0.04440457385812158,4,8,2184616.11112,34734.983586
2024-09-01 13:00:00,schloemer,L37,51,52,68.32001849536134,7.342226160389487e-09,0.007826532394167862,0.06092374368760156,4,8,2184616.11112,34734.983586
2024-09-01 13:00:00,schloemer,L38,52,53,65.56898522413857,8.988051414249298e-10,0.0005289265908595686,0.004223591214516542,4,8,2184616.11112,34734.983586
2024-09-01 13:00:00,schloemer,L39,53,54,63.39614699358676,1.6538814762157017e-10,2.9288434870378133e-05,0.00023428412301984558,4,8,2184616.11112,34734.983586
2024-09-01 13:00:00,schloemer,L40,53,55,64.19124514405188,3.0811642126593597e-10,9.233206243175474e-05,0.0007384190692119041,4,8,2184616.11112,34734.983586
2024-09-01 13:00:00,schloemer,L41,53,58,62.438451877240425,7.790568190557678e-11,6.31556735963823e-06,5.052373367919749e-05,4,8,2184616.11112,34734.983586
2024-09-01 13:00:00,schloemer,L42,54,55,63.31294328584462,1.5493861749149573e-10,2.580681909791771e-05,0.00020643652559881875,4,8,2184616.11112,34734.983586
2024-09-01 13:00:00,schloemer,L43,54,58,61.6135026946132,4.063760439265707e-11,1.45928074379853e-06,1.1674348873058626e-05,4,8,2184616.11112,34734.983586
2024-09-01 13:00:00,schloemer,L44,55,56,65.20825216904515,6.79789224911076e-10,0.00034448337130776885,0.0027525492441898836,4,8,2184616.11112,34734.983586
2024-09-01 13:00:00,schloemer,L45,55,57,65.7856879802407,1.0625826885046763e-09,0.0006781119006539216,0.00541204147869645,4,8,2184616.11112,34734.983586
2024-09-01 13:00:00,schloemer,L46,55,58,62.37879846791341,7.432909843174684e-11,5.706883145384367e-06,4.565445055793038e-05,4,8,2184616.11112,34734.983586
2024-09-01 13:00:00,schloemer,L47,55,58,62.37879846791341,7.432909843174684e-11,5.706883145384367e-06,4.565445055793038e-05,4,8,2184616.11112,34734.983586
2024-09-01 13:00:00,schloemer,L48,58,59,59.22325335799848,6.121991802388038e-12,8.910213011859014e-09,7.130618984163561e-08,4,8,2184616.11112,34734.983586
2024-09-01 13:00:00,schloemer,L49,58,60,59.296455384300586,6.487810289002027e-12,1.0633711911012256e-08,8.509564330960728e-08,4,8,2184616.11112,34734.983586
2024-09-01 13:00:00,schloemer,L50,59,60,57.86547429365997,2.0867751970854442e-12,2.573987689657997e-10,2.0675372525147395e-09,4,8,2184616.11112,34734.983586
2024-09-01 13:00:00,schloemer,L51,59,61,57.89524376996374,2.1366242108911138e-12,2.7976165828391686e-10,2.2466397631148993e-09,4,8,2184616.11112,34734.983586
2024-09-01 13:00:00,schloemer,L52,60,61,57.938977147168416,2.2118973319606994e-12,3.1603586414519214e-10,2.53713450248938e-09,4,8,2184616.11112,34734.983586
2024-09-01 13:00:00,schloemer,L53,61,65,59.01259518249924,5.180189610598518e-12,5.3145706724322395e-09,4.253728536074419e-08,4,8,2184616.11112,34734.983586
2024-09-01 13:00:00,schloemer,L54,61,66,57.61087724538897,1.7057466550340905e-12,1.2488399203647305e-10,1.0058949229119207e-09,4,8,2184616.11112,34734.983586
2024-09-01 13:00:00,schloemer,L55,62,58,59.84733750913776,9.927281219290762e-12,3.78673903345117e-08,1.1361501408568841e-06,13,30,2185148.89802,34751.629934
2024-09-01 13:00:00,schloemer,L56,62,63,58.7301990888895,4.141020859549371e-12,2.6093680549621467e-09,2.0891508301090767e-08,4,8,2184616.11112,34734.983586
2024-09-01 13:00:00,schloemer,L57,63,60,58.20090765553518,2.670641485735814e-12,6.277074415805828e-10,2.9555662139912897e-08,20,47,2185512.78098,34763.759366
2024-09-01 13:00:00,schloemer,L58,63,64,58.576448913271335,3.665845405009804e-12,1.7553666298297799e-09,1.4057596309235976e-08,4,8,2184616.11112,34734.983586
2024-09-01 13:00:00,schloemer,L59,64,65,59.34372956526179,6.600719970606406e-12,1.1556419710068155e-08,5.548400097143968e-07,20,48,2185545.98792,34764.866264
2024-09-01 13:00:00,schloemer,L60,64,67,60.379636587199236,1.467237442653868e-11,1.1750535966470466e-07,1.0928496924633713e-05,38,93,2186503.81292,34796.793764
2024-09-01 13:00:00,schloemer,L61,65,66,58.637798401678616,3.848588114863105e-12,2.057810699618301e-09,1.6477879838383558e-08,4,8,2184616.11112,34734.983586
2024-09-01 13:00:00,schloemer,L62,67,68,64.71271831827548,4.480169568665815e-10,0.00018034018204737823,0.012189351408036009,28,68,2185978.45538,34779.281846
2024-09-01 13:00:00,schloemer,L63,68,69,70.78814171938772,4.5719221630768914e-08,0.042764025598647004,0.2950602272175853,4,8,2184616.11112,34734.983586
2024-09-01 13:00:00,schloemer,L64,68,74,68.6965552241858,9.741706330501643e-09,0.010547264193353834,0.08132814281641632,4,8,2184616.11112,34734.983586
2024-09-01 13:00:00,schloemer,L65,68,76,66.44647076122601,1.7669191665348194e-09,0.0013889541906694225,0.011057772885274764,4,8,2184616.11112,34734.983586
2024-09-01 13:00:00,schloemer,L66,69,70,75.98835883926996,1.7114538584106498e-06,0.3289246993491739,0.9588692087846988,4,8,2184616.11112,34734.983586
2024-09-01 13:00:00,schloemer,L67,69,73,73.40149724322205,2.9492288522448007e-07,0.1474194292848814,0.7208208769853124,4,8,2184616.11112,34734.983586
2024-09-01 13:00:00,schloemer,L68,69,74,71.76910353927309,9.2921487948594e-08,0.07219616417101127,0.45090290239960173,4,8,2184616.11112,34734.983586
2024-09-01 13:00:00,schloemer,L69,70,71,79.41362119359569,1.5061581314035344e-05,0.6087482617530845,0.9994509346019682,4,8,2184616.11112,34734.983586
2024-09-01 13:00:00,schloemer,L70,70,72,78.58478902874475,9.05267260331577e-06,0.5437990492491923,0.9981239959909878,4,8,2184616.11112,34734.983586
2024-09-01 13:00:00,schloemer,L71,73,74,71.2022599488695,6.175945688191575e-08,0.05384929341898592,0.3577820543707253,4,8,2184616.11112,34734.983586
2024-09-01 13:00:00,schloemer,L72,74,76,67.26847729969974,3.3120378661877226e-09,0.003125920902399937,0.02473548528675673,4,8,2184616.11112,34734.983586
2024-09-01 13:00:00,schloemer,L73,74,117,69.78210496546629,2.1852262332977546e-08,0.02296700966617582,0.16962591232755608,4,8,2184616.11112,34734.983586
2024-09-01 13:00:00,schloemer,L74,75,76,66.207330619112,1.470399690894908e-09,0.0010789474646764052,0.008599060217792442,4,8,2184616.11112,34734.983586
2024-09-01 13:00:00,schloemer,L75,75,117,68.60690689504827,9.108482301734e-09,0.009837651752180654,0.0760440907914508,4,8,2184616.11112,34734.983586
2024-09-01 13:00:00,schloemer,L76,76,77,64.65599237869641,4.426444766281179e-10,0.00017198249108907326,0.0013750337982979532,4,8,2184616.11112,34734.983586
2024-09-01 13:00:00,schloemer,L77,76,79,62.57016992648816,8.642053739293942e-11,7.880000803317522e-06,6.303861347078943e-05,4,8,2184616.11112,34734.983586
2024-09-01 13:00:00,schloemer,L78,76,79,62.57016992648816,8.642053739293942e-11,7.880000803317522e-06,6.303861347078943e-05,4,8,2184616.11112,34734.983586
2024-09-01 13:00:00,schloemer,L79,76,81,63.0482496387887,1.2586609532405646e-10,1.711023272588097e-05,0.00013687416820118425,4,8,2184616.11112,34734.983586
2024-09-01 13:00:00,schloemer,L80,77,78,63.15074797407799,1.364177659723964e-10,2.0092285821560196e-05,0.0001607275290114174,4,8,2184616.11112,34734.983586
2024-09-01 13:00:00,schloemer,L81,78,79,61.1927249927403,2.913935759352171e-11,6.543641440925896e-07,5.235017720206514e-06,4,8,2184616.11112,34734.983586
2024-09-01 13:00:00,schloemer,L82,79,95,58.97062937980122,5.0106585547382565e-12,4.787946816797728e-09,3.832361650246696e-08,4,8,2184616.11112,34734.983586
2024-09-01 13:00:00,schloemer,L83,79,96,59.11506842937186,5.618727705325455e-12,6.843409727785854e-09,5.4769751400840505e-08,4,8,2184616.11112,34734.983586
2024-09-01 13:00:00,schloemer,L84,79,97,59.754213262758334,9.326317496061165e-12,3.114099622614219e-08,2.491652478786577e-07,4,8,2184616.11112,34734.983586
2024-09-01 13:00:00,schloemer,L85,79,98,58.75736501107779,4.231170969148934e-12,2.796805786964285e-09,2.239137075754627e-08,4,8,2184616.11112,34734.983586
2024-09-01 13:00:00,schloemer,L86,80,67,61.664481261755455,4.094102834528712e-11,1.544845081413726e-06,0.00011122397416352126,30,72,2186055.70436,34781.856812
2024-09-01 13:00:00,schloemer,L87,80,79,60.783127915993035,2.0435320102762944e-11,2.7775481215019937e-07,1.9165473228888175e-05,28,69,2185981.58126,34779.386042
2024-09-01 13:00:00,schloemer,L88,81,82,60.59117941233992,1.810185334960579e-11,1.9424481634278123e-07,1.5540298815563958e-06,4,8,2184616.11112,34734.983586
2024-09-01 13:00:00,schloemer,L89,81,95,59.36062711938153,6.8264283115127e-12,1.2402503135611198e-08,9.924732646826584e-08,4,8,2184616.11112,34734.983586
2024-09-01 13:00:00,schloemer,L90,93,95,56.246363889422916,5.799805080641818e-13,1.836308882730009e-12,1.70103930940968e-11,4,8,2184616.11112,34734.983586
2024-09-01 13:00:00,schloemer,L91,95,96,57.831991078437284,2.0321522242738865e-12,2.343018001838004e-10,1.882543010367499e-09,4,8,2184616.11112,34734.983586
2024-09-01 13:00:00,schloemer,L92,115,67,61.55757834736675,3.8450687078750434e-11,1.2970026115333155e-06,3.7612892602956194e-05,13,29,2185126.88168,34750.896056
2024-09-01 14:00:00,schloemer,L0,22,23,84.23612086555124,0.00023023651317888305,0.8755449349059531,0.9999999424956627,4,8,2184616.11112,34734.983586
2024-09-01 14:00:00,schloemer,L1,23,69,78.83993775408318,1.0601369570428787e-05,0.5642064150608154,0.9986991469272256,4,8,2184616.11112,34734.983586
2024-09-01 14:00:00,schloemer,L2,23,71,82.47140828698883,8.904521250230335e-05,0.8020038836571912,0.9999976389853621,4,8,2184616.11112,34734.983586
2024-09-01 14:00:00,schloemer,L3,29,37,53.33699929476741,5.928590951498336e-14,0.0,2.3714363805993344e-13,4,8,2184616.11112,34734.983586
2024-09-01 14:00:00,schloemer,L4,32,36,51.59466527383405,1.5432100042289676e-14,0.0,6.17284001691587e-14,4,8,2184616.11112,34734.983586
2024-09-01 14:00:00,schloemer,L5,33,36,53.28421485161365,5.695444116327053e-14,0.0,2.278177646530821e-13,4,8,2184616.11112,34734.983586
2024-09-01 14:00:00,schloemer,L6,33,42,55.50219525368692,3.22741833258533e-13,1.4166445794216997e-13,2.424282996571492e-12,4,8,2184616.11112,34734.983586
2024-09-01 14:00:00,schloemer,L7,34,36,51.14255734906417,1.0880185641326534e-14,0.0,4.3520742565306136e-14,4,8,2184616.11112,34734.983586
2024-09-01 14:00:00,schloemer,L8,36,38,52.67298486339056,3.5416114485542494e-14,0.0,1.4166445794216997e-13,4,8,2184616.11112,34734.983586
2024-09-01 14:00:00,schloemer,L9,36,39,53.92691862469686,9.392486788328824e-14,3.3306690738754696e-16,3.7836400679225335e-13,4,8,2184616.11112,34734.983586
2024-09-01 14:00:00,schloemer,L10,37,36,53.58513108780769,7.061018436615996e-14,1.1102230246251565e-16,1.4175327578413999e-12,20,48,2185542.33716,34764.744572
2024-09-01 14:00:00,schloemer,L11,37,64,57.06023866946128,1.103228619570018e-12,2.4430346634574107e-11,1.9985568755487293e-10,4,8,2184616.11112,34734.983586
2024-09-01 14:00:00,schloemer,L12,38,39,54.10725986639943,1.0813572259849025e-13,6.661338147750939e-16,4.3787196091216174e-13,4,8,2184616.11112,34734.983586
2024-09-01 14:00:00,schloemer,L13,39,40,56.3607173433976,6.348255254806645e-13,2.67663669006879e-12,2.3952395622472977e-11,4,8,2184616.11112,34734.983586
2024-09-01 14:00:00,schloemer,L14,39,41,57.67640594337156,1.7965628984484283e-12,1.5071388581588963e-10,1.2128973381209107e-09,4,8,2184616.11112,34734.983586
2024-09-01 14:00:00,schloemer,L15,40,41,58.679954996084405,3.9793723871639486e-12,2.2939473653948994e-09,1.836749630168555e-08,4,8,2184616.11112,34734.983586
2024-09-01 14:00:00,schloemer,L16,41,48,63.14807764806834,1.361319945658579e-10,2.0008854633268847e-05,0.0001600601720361805,4,8,2184616.11112,34734.983586
2024-09-01 14:00:00,schloemer,L17,41,48,63.14807764806834,1.361319945658579e-10,2.0008854633268847e-05,0.0001600601720361805,4,8,2184616.11112,34734.983586
2024-09-01 14:00:00,schloemer,L18,42,43,58.80027667419161,4.377609386096992e-12,3.1194148375490727e-09,2.4972828915892364e-08,4,8,2184616.11112,34734.983586
2024-09-01 14:00:00,schloemer,L19,43,44,62.66737767950795,9.329259587076422e-11,9.25810034368979e-06,7.406277598887012e-05,4,8,2184616.11112,34734.983586
2024-09-01 14:00:00,schloemer,L20,44,45,66.53604760095693,1.892590639762659e-09,0.0015237678790755993,0.012125335942246296,4,8,2184616.11112,34734.983586
2024-09-01 14:00:00,schloemer,L21,44,48,65.56543948842267,8.963446651577556e-10,0.000526750987077218,0.0042062505813869056,4,8,2184616.11112,34734.983586
2024-09-01 14:00:00,schloemer,L22,45,46,68.64019242166387,9.33871835417932e-09,0.01009638000775015,0.07797375491132008,4,8,2184616.11112,34734.983586
2024-09-01 14:00:00,schloemer,L23,45,47,69.13043438979689,1.3472633675348789e-08,0.014600883105520879,0.11100907746407473,4,8,2184616.11112,34734.983586
2024-09-01 14:00:00,schloemer,L24,46,48,67.66000142532909,4.459463465167346e-09,0.0044661963818578565,0.035176035891397284,4,8,2184616.11112,34734.983586
2024-09-01 14:00:00,schloemer,L25,46,68,69.02819903014829,1.2483599598489548e-08,0.013547437770907722,0.10337752700990399,4,8,2184616.11112,34734.983586
2024-09-01 14:00:00,schloemer,L26,47,48,68.081620705548,6.13473649657692e-09,0.006427579814174966,0.05027862771690461,4,8,2184616.11112,34734.983586
2024-09-01 14:00:00,schloemer,L27,48,49,67.18153944738128,3.0998340561083637e-09,0.002880535136059792,0.022813297348558192,4,8,2184616.11112,34734.983586
2024-09-01 14:00:00,schloemer,L28,48,50,68.12313189540525,6.329923807335547e-09,0.0066548352298198,0.05201504239078181,4,8,2184616.11112,34734.983586
2024-09-01 14:00:00,schloemer,L29,48,53,66.0952623261634,1.3489298567037622e-09,0.0009559531155760581,0.0076220914440101595,4,8,2184616.11112,34734.983586
2024-09-01 14:00:00,schloemer,L30,48,53,66.0952623261634,1.3489298567037622e-09,0.0009559531155760581,0.0076220914440101595,4,8,2184616.11112,34734.983586
2024-09-01 14:00:00,schloemer,L31,48,65,63.6967731908472,2.0932156008512948e-10,4.5795513736512916e-05,0.0003663062298355779,4,8,2184616.11112,34734.983586
2024-09-01 14:00:00,schloemer,L32,48,65,63.6967731908472,2.0932156008512948e-10,4.5795513736512916e-05,0.0003663062298355779,4,8,2184616.11112,34734.983586
2024-09-01 14:00:00,schloemer,L33,48,68,68.02157258906904,5.862837215708794e-09,0.00611040196743462,0.0478504806914164,4,8,2184616.11112,34734.983586
2024-09-01 14:00:00,schloemer,L34,49,56,67.76274356160278,4.820532195637384e-09,0.00488978615586011,0.03845533491371411,4,8,2184616.11112,34734.983586
2024-09-01 14:00:00,schloemer,L35,50,51,70.494430819905,3.689574690213249e-08,0.03599861005290994,0.25420199612804395,4,8,2184616.11112,34734.983586
2024-09-01 14:00:00,schloemer,L36,50,57,69.29216023753317,1.5196576108600368e-08,0.01640176263480364,0.12392374794745764,4,8,2184616.11112,34734.983586
2024-09-01 14:00:00,schloemer,L37,51,52,69.63388045024952,1.958301676374674e-08,0.020793656526447712,0.15473339332344882,4,8,2184616.11112,34734.983586
2024-09-01 14:00:00,schloemer,L38,52,53,66.79278772572171,2.30380159393917e-09,0.0019755688841146535,0.01569571043327944,4,8,2184616.11112,34734.983586
2024-09-01 14:00:00,schloemer,L39,53,54,64.52616749189475,4.0008374391220514e-10,0.00014506159358340653,0.0011599053178096286,4,8,2184616.11112,34734.983586
2024-09-01 14:00:00,schloemer,L40,53,55,65.36381532040609,7.668696788698526e-10,0.0004154347195943764,0.0033186524188949518,4,8,2184616.11112,34734.983586
2024-09-01 14:00:00,schloemer,L41,53,58,63.53773421588096,1.8480350583160998e-10,3.622334374109304e-05,0.0002897507519324938,4,8,2184616.11112,34734.983586
2024-09-01 14:00:00,schloemer,L42,54,55,64.41430635707331,3.66683572394777e-10,0.00012499917845298913,0.0009995575079987384,4,8,2184616.11112,34734.983586
2024-09-01 14:00:00,schloemer,L43,54,58,62.647542998978906,9.184764060421458e-11,8.95991383853545e-06,7.167743027125528e-05,4,8,2184616.11112,34734.983586
2024-09-01 14:00:00,schloemer,L44,55,56,66.41847821514972,1.7293652065930587e-09,0.0013490277677883356,0.010741409711702787,4,8,2184616.11112,34734.983586
2024-09-01 14:00:00,schloemer,L45,55,57,67.00604702146734,2.711524893506123e-09,0.00243535746374679,0.019317609706911876,4,8,2184616.11112,34734.983586
2024-09-01 14:00:00,schloemer,L46,55,58,63.45261053139864,1.7287515863273484e-10,3.1892398929089794e-05,0.0002551114050703962,4,8,2184616.11112,34734.983586
2024-09-01 14:00:00,schloemer,L47,55,58,63.45261053139864,1.7287515863273484e-10,3.1892398929089794e-05,0.0002551114050703962,4,8,2184616.11112,34734.983586
2024-09-01 14:00:00,schloemer,L48,58,59,60.16444293063815,1.2909562308038858e-11,7.801232704274241e-08,6.241500841719372e-07,4,8,2184616.11112,34734.983586
2024-09-01 14:00:00,schloemer,L49,58,60,60.253440925176385,1.385280778976039e-11,9.469773298853568e-08,7.576370240069963e-07,4,8,2184616.11112,34734.983586
2024-09-01 14:00:00,schloemer,L50,59,60,58.75970751551915,4.239053552623773e-12,2.813559163428181e-09,2.2525429299591337e-08,4,8,2184616.11112,34734.983586
2024-09-01 14:00:00,schloemer,L51,59,61,58.80265531066825,4.385936058781681e-12,3.138302506755508e-09,2.5123963576234587e-08,4,8,2184616.11112,34734.983586
2024-09-01 14:00:00,schloemer,L52,60,61,58.8589835091669,4.586220292424059e-12,3.6189541363640387e-09,2.89699776390151e-08,4,8,2184616.11112,34734.983586
2024-09-01 14:00:00,schloemer,L53,61,65,60.01317386123849,1.1451173342891252e-11,5.587055651457007e-08,4.470101694353801e-07,4,8,2184616.11112,34734.983586
2024-09-01 14:00:00,schloemer,L54,61,66,58.53805377416003,3.555933325571914e-12,1.5882933857014336e-09,1.2720570707891454e-08,4,8,2184616.11112,34734.983586
2024-09-01 14:00:00,schloemer,L55,62,58,60.829224998871254,2.160549517071786e-11,3.1245165588167367e-07,9.373788077970957e-06,13,30,2185148.89802,34751.629934
2024-09-01 14:00:00,schloemer,L56,62,63,59.69887311527842,8.925971073381334e-12,2.7424927995234327e-08,2.1943510675193068e-07,4,8,2184616.11112,34734.983586
2024-09-01 14:00:00,schloemer,L57,63,60,59.14506363164049,5.643263634169671e-12,7.149695280261881e-09,3.3614848815588516e-07,20,47,2185512.78098,34763.759366
2024-09-01 14:00:00,schloemer,L58,63,64,59.58586143914408,8.1610274094146e-12,2.1106028036399493e-08,1.6888085596633573e-07,4,8,2184616.11112,34734.983586
2024-09-01 14:00:00,schloemer,L59,64,65,60.39646352380821,1.5198953207118393e-11,1.2530834470059204e-07,6.015086810862158e-06,20,48,2185545.98792,34764.866264
2024-09-01 14:00:00,schloemer,L60,64,67,61.51157426688384,3.5908276352358826e-11,1.1469148455400813e-06,0.00010665881786031672,38,93,2186503.81292,34796.793764
2024-09-01 14:00:00,schloemer,L61,65,66,59.6312186817537,8.459899447643693e-12,2.3454383102361476e-08,1.8766888898458234e-07,4,8,2184616.11112,34734.983586
2024-09-01 14:00:00,schloemer,L62,67,68,66.06558718923726,1.2764150847388578e-09,0.0009049337525458556,0.059706661809673545,28,68,2185978.45538,34779.281846
2024-09-01 14:00:00,schloemer,L63,68,69,72.43292829745909,1.4921312374571727e-07,0.09868756629199771,0.5644854801208334,4,8,2184616.11112,34734.983586
2024-09-01 14:00:00,schloemer,L64,68,74,70.23736995928198,3.0559565544763245e-08,0.030771370071265403,0.22122891049564364,4,8,2184616.11112,34734.983586
2024-09-01 14:00:00,schloemer,L65,68,76,67.86780521775101,5.219535248457419e-09,0.005357692440621786,0.04206637812539493,4,8,2184616.11112,34734.983586
2024-09-01 14:00:00,schloemer,L66,69,70,77.8107470680825,5.570706752111576e-06,0.4802572679047262,0.9946752683835569,4,8,2184616.11112,34734.983586
2024-09-01 14:00:00,schloemer,L67,69,73,75.13625691968244,9.689671461865501e-07,0.26244275116154003,0.912428214982951,4,8,2184616.11112,34734.983586
2024-09-01 14:00:00,schloemer,L68,69,74,73.4376345165164,3.0244632953646544e-07,0.1494674597127681,0.7261410459387592,4,8,2184616.11112,34734.983586
2024-09-01 14:00:00,schloemer,L69,70,71,81.2922777506384,4.575001857531902e-05,0.7373143171359688,0.999977332076037,4,8,2184616.11112,34734.983586
2024-09-01 14:00:00,schloemer,L70,70,72,80.39235317898707,2.7072473250289164e-05,0.6794026413058131,0.9998884081468522,4,8,2184616.11112,34734.983586
2024-09-01 14:00:00,schloemer,L71,73,74,72.83445680919839,1.9819669494491876e-07,0.11743523629871744,0.631894479962567,4,8,2184616.11112,34734.983586
2024-09-01 14:00:00,schloemer,L72,74,76,68.70728773474102,9.820359192502792e-09,0.010634970195637639,0.0819793963912745,4,8,2184616.11112,34734.983586
2024-09-01 14:00:00,schloemer,L73,74,117,71.33413147446267,6.793899032242479e-08,0.05778057264630865,0.3788216387267055,4,8,2184616.11112,34734.983586
2024-09-01 14:00:00,schloemer,L74,75,76,67.56896717998819,4.161905597932503e-09,0.004117361979931511,0.0324681259598536,4,8,2184616.11112,34734.983586
2024-09-01 14:00:00,schloemer,L75,75,117,70.0711846116091,2.7044993688996044e-08,0.027715969839707366,0.2013708223709323,4,8,2184616.11112,34734.983586
2024-09-01 14:00:00,schloemer,L76,76,77,65.93545359746248,1.192693721563387e-09,0.0008020064047680187,0.006398074838071088,4,8,2184616.11112,34734.983586
2024-09-01 14:00:00,schloemer,L77,76,79,63.75974895685933,2.198996540414555e-10,5.0189965730251807e-05,0.0004014500792526299,4,8,2184616.11112,34734.983586
2024-09-01 14:00:00,schloemer,L78,76,79,63.75974895685933,2.198996540414555e-10,5.0189965730251807e-05,0.0004014500792526299,4,8,2184616.11112,34734.983586
2024-09-01 14:00:00,schloemer,L79,76,81,64.2481656934696,3.221147792942247e-10,9.982986033107988e-05,0.0007983611777584443,4,8,2184616.11112,34734.983586
2024-09-01 14:00:00,schloemer,L80,77,78,64.32702993357759,3.425576489135551e-10,0.00011113648104466023,0.0008887474573417986,4,8,2184616.11112,34734.983586
2024-09-01 14:00:00,schloemer,L81,78,79,62.29073185834243,6.93456403411119e-11,4.90754976101293e-06,3.9260001113206044e-05,4,8,2184616.11112,34734.983586
2024-09-01 14:00:00,schloemer,L82,79,95,59.97104513685315,1.1075140804450712e-11,5.085981047425747e-08,4.0692271197073637e-07,4,8,2184616.11112,34734.983586
2024-09-01 14:00:00,schloemer,L83,79,96,60.11710072832772,1.2434275831196828e-11,7.031506132904042e-08,5.62570089290837e-07,4,8,2184616.11112,34734.983586
2024-09-01 14:00:00,schloemer,L84,79,97,60.783304367626066,2.107591878797166e-11,2.8885911318443647e-07,2.310954872575266e-06,4,8,2184616.11112,34734.983586
2024-09-01 14:00:00,schloemer,L85,79,98,59.75877132597123,9.36006827600977e-12,3.146756244465365e-08,2.5177791207475764e-07,4,8,2184616.11112,34734.983586
2024-09-01 14:00:00,schloemer,L86,80,67,62.862484359143046,1.0520351256815275e-10,1.2306536796180545e-05,0.0008856868054033518,30,72,2186055.70436,34781.856812
2024-09-01 14:00:00,schloemer,L87,80,79,61.90565131008517,4.960953869925788e-11,2.405708255492911e-06,0.00016598168187897944,28,69,2185981.58126,34779.386042
2024-09-01 14:00:00,schloemer,L88,81,82,61.626484858502,4.10566025621506e-11,1.494939624757663e-06,1.1959618646972814e-05,4,8,2184616.11112,34734.983586
2024-09-01 14:00:00,schloemer,L89,81,95,60.3665783049405,1.5151879750874286e-11,1.208260278495743e-07,9.66668421420458e-07,4,8,2184616.11112,34734.983586
2024-09-01 14:00:00,schloemer,L90,93,95,57.10963468353935,1.1471934513451743e-12,2.8389735007294803e-11,2.3170665386373912e-10,4,8,2184616.11112,34734.983586
2024-09-01 14:00:00,schloemer,L91,95,96,58.76532039110482,4.258038366344863e-12,2.8540938501464552e-09,2.2849782732592416e-08,4,8,2184616.11112,34734.983586
2024-09-01 14:00:00,schloemer,L92,115,67,62.75378246119312,9.873313278063733e-11,1.0540867907193885e-05,0.0003056413461083318,13,29,2185126.88168,34750.896056
2024-09-01 15:00:00,schloemer,L0,22,23,86.25585321936133,0.0006364704950572175,0.9305218236098787,0.9999999994583967,4,8,2184616.11112,34734.983586
2024-09-01 15:00:00,schloemer,L1,23,69,80.78092449718791,3.401439891226321e-05,0.7052886024998379,0.9999430994630649,4,8,2184616.11112,34734.983586
2024-09-01 15:00:00,schloemer,L2,23,71,84.44534948142304,0.0002567134011987049,0.8825591945583738,0.9999999638501788,4,8,2184616.11112,34734.983586
2024-09-01 15:00:00,schloemer,L3,29,37,54.0936185982848,1.0691447727140257e-13,6.661338147750939e-16,4.3298697960381105e-13,4,8,2184616.11112,34734.983586
2024-09-01 15:00:00,schloemer,L4,32,36,52.29500579886407,2.6423307986078726e-14,0.0,1.056932319443149e-13,4,8,2184616.11112,34734.983586
2024-09-01 15:00:00,schloemer,L5,33,36,54.05211792954689,1.0347278589506459e-13,5.551115123125783e-16,4.18332035678759e-13,4,8,2184616.11112,34734.983586
2024-09-01 15:00:00,schloemer,L6,33,42,56.36474119612068,6.368239269249898e-13,2.712163826856795e-12,2.424460632255432e-11,4,8,2184616.11112,34734.983586
2024-09-01 15:00:00,schloemer,L7,34,36,51.82099635309979,1.8318679906315083e-14,0.0,7.327471962526033e-14,4,8,2184616.11112,34734.983586
2024-09-01 15:00:00,schloemer,L8,36,38,53.41927725722563,6.317169010117141e-14,0.0,2.5268676040468563e-13,4,8,2184616.11112,34734.983586
2024-09-01 15:00:00,schloemer,L9,36,39,54.726460559051645,1.7552626019323725e-13,7.993605777301127e-15,7.66053886991358e-13,4,8,2184616.11112,34734.983586
2024-09-01 15:00:00,schloemer,L10,37,36,54.36286458012772,1.2956302697375577e-13,1.7763568394002505e-15,2.6765256677663274e-12,20,48,2185542.33716,34764.744572
2024-09-01 15:00:00,schloemer,L11,37,64,57.987281939977876,2.298161660974074e-12,3.613570553895329e-10,2.9000490897601594e-09,4,8,2184616.11112,34734.983586
2024-09-01 15:00:00,schloemer,L12,38,39,54.917647904665486,2.0383694732117874e-13,1.6542323066914832e-14,9.476863738200336e-13,4,8,2184616.11112,34734.983586
2024-09-01 15:00:00,schloemer,L13,39,40,57.272700126456996,1.305178187749334e-12,4.636069306229729e-11,3.7610625724937563e-10,4,8,2184616.11112,34734.983586
2024-09-01 15:00:00,schloemer,L14,39,41,58.64706112158661,3.876898801991047e-12,2.1076073108972082e-09,1.6876365971363327e-08,4,8,2184616.11112,34734.983586
2024-09-01 15:00:00,schloemer,L15,40,41,59.69931913739686,8.929190720152747e-12,2.745311433738351e-08,2.1966061036771123e-07,4,8,2184616.11112,34734.983586
2024-09-01 15:00:00,schloemer,L16,41,48,64.37427502057857,3.55415363806344e-10,0.00011845644280861212,0.000947260161843877,4,8,2184616.11112,34734.983586
2024-09-01 15:00:00,schloemer,L17,41,48,64.37427502057857,3.55415363806344e-10,0.00011845644280861212,0.000947260161843877,4,8,2184616.11112,34734.983586
2024-09-01 15:00:00,schloemer,L18,42,43,59.813897377447084,9.778178267083604e-12,3.56844239712828e-08,2.855144688451716e-07,4,8,2184616.11112,34734.983586
2024-09-01 15:00:00,schloemer,L19,43,44,63.86915300106784,2.3955304406797495e-10,5.8754483996836804e-05,0.0004699401825910554,4,8,2184616.11112,34734.983586
2024-09-01 15:00:00,schloemer,L20,44,45,67.93468225492907,5.490293775167743e-09,0.00567482973755995,0.044507117252450934,4,8,2184616.11112,34734.983586
2024-09-01 15:00:00,schloemer,L21,44,48,66.90635016923825,2.5127434577498775e-09,0.0022100104408780963,0.017543940107389133,4,8,2184616.11112,34734.983586
2024-09-01 15:00:00,schloemer,L22,45,46,70.1565146201462,2.87969733614446e-08,0.02925402004105815,0.21142182029408563,4,8,2184616.11112,34734.983586
2024-09-01 15:00:00,schloemer,L23,45,47,70.65426423123742,4.146696186424492e-08,0.039571788360275306,0.27603229020248565,4,8,2184616.11112,34734.983586
2024-09-01 15:00:00,schloemer,L24,46,48,69.11864399987853,1.3354755079575398e-08,0.014476114111707239,0.11010818181669868,4,8,2184616.11112,34734.983586
2024-09-01 15:00:00,schloemer,L25,46,68,70.57849280738378,3.923463498534119e-08,0.03784610871307914,0.26556010992430623,4,8,2184616.11112,34734.983586
2024-09-01 15:00:00,schloemer,L26,47,48,69.54195929571695,1.82937487380741e-08,0.019529835679126584,0.14596625848964595,4,8,2184616.11112,34734.983586
2024-09-01 15:00:00,schloemer,L27,48,49,68.57086699025727,8.865490785936458e-09,0.009563707997148785,0.07399709480566452,4,8,2184616.11112,34734.983586
2024-09-01 15:00:00,schloemer,L28,48,50,69.54875823409785,1.8386183686658342e-08,0.01962117163011501,0.14660251319698736,4,8,2184616.11112,34734.983586
2024-09-01 15:00:00,schloemer,L29,48,53,67.40746367688624,3.6814213899560855e-09,0.003555532113171611,0.028092806529008474,4,8,2184616.11112,34734.983586
2024-09-01 15:00:00,schloemer,L30,48,53,67.40746367688624,3.6814213899560855e-09,0.003555532113171611,0.028092806529008474,4,8,2184616.11112,34734.983586
2024-09-01 15:00:00,schloemer,L31,48,65,64.9222486541232,5.444715789337806e-10,0.0002418186432496805,0.0019329147761368848,4,8,2184616.11112,34734.983586
2024-09-01 15:00:00,schloemer,L32,48,65,64.9222486541232,5.444715789337806e-10,0.0002418186432496805,0.0019329147761368848,4,8,2184616.11112,34734.983586
2024-09-01 15:00:00,schloemer,L33,48,68,69.51346586064214,1.7911305660867072e-08,0.019150728477208778,0.14332092351844528,4,8,2184616.11112,34734.983586
2024-09-01 15:00:00,schloemer,L34,49,56,69.11174558321923,1.3286256428379772e-08,0.014403514299202835,0.10958360665373301,4,8,2184616.11112,34734.983586
2024-09-01 15:00:00,schloemer,L35,50,51,71.93261627595301,1.044703529240465e-07,0.0782083788213036,0.47873103603368217,4,8,2184616.11112,34734.983586
2024-09-01 15:00:00,schloemer,L36,50,57,70.67887522492573,4.221845961716042e-08,0.04014479879440913,0.27948055281126005,4,8,2184616.11112,34734.983586
2024-09-01 15:00:00,schloemer,L37,51,52,70.96284599489087,5.1915523879841885e-08,0.04721272162925638,0.32084718007996016,4,8,2184616.11112,34734.983586
2024-09-01 15:00:00,schloemer,L38,52,53,68.03213223391143,5.9097757798554085e-09,0.0061652043231078535,0.04827040652568482,4,8,2184616.11112,34734.983586
2024-09-01 15:00:00,schloemer,L39,53,54,65.66711844639995,9.696211611398553e-10,0.0005924116324197426,0.004729481910534905,4,8,2184616.11112,34734.983586
2024-09-01 15:00:00,schloemer,L40,53,55,66.55054461700806,1.9137432749616323e-09,0.0015466298477048168,0.012306275333256678,4,8,2184616.11112,34734.983586
2024-09-01 15:00:00,schloemer,L41,53,58,64.64762723260675,4.3977166352959784e-10,0.00017012012645856167,0.0013601527000075553,4,8,2184616.11112,34734.983586
2024-09-01 15:00:00,schloemer,L42,54,55,65.52200938606771,8.667421225183602e-10,0.000500743679636817,0.003998939078565078,4,8,2184616.11112,34734.983586
2024-09-01 15:00:00,schloemer,L43,54,58,63.68515404117753,2.0742574324827956e-10,4.5024423840134276e-05,0.00036013946367152716,4,8,2184616.11112,34734.983586
2024-09-01 15:00:00,schloemer,L44,55,56,67.64388069934205,4.405284026454126e-09,0.0044026526629868945,0.03468325723005239,4,8,2184616.11112,34734.983586
2024-09-01 15:00:00,schloemer,L45,55,57,68.2400311821444,6.9130576818565714e-09,0.007331303190633354,0.05716737278171702,4,8,2184616.11112,34734.983586
2024-09-01 15:00:00,schloemer,L46,55,58,64.5329036165754,4.0218872676689443e-10,0.00014635828377618232,0.0011702682716928647,4,8,2184616.11112,34734.983586
2024-09-01 15:00:00,schloemer,L47,55,58,64.5329036165754,4.0218872676689443e-10,0.00014635828377618232,0.0011702682716928647,4,8,2184616.11112,34734.983586
2024-09-01 15:00:00,schloemer,L48,58,59,61.10519865250851,2.7190250051489784e-11,5.511421046211495e-07,4.409237092328766e-06,4,8,2184616.11112,34734.983586
2024-09-01 15:00:00,schloemer,L49,58,60,61.21224443294509,2.959266165447616e-11,6.797456807428048e-07,5.4380708783829945e-06,4,8,2184616.11112,34734.983586
2024-09-01 15:00:00,schloemer,L50,59,60,59.65197502585678,8.600231637956313e-12,2.4610225413113085e-08,1.9691618724504423e-07,4,8,2184616.11112,34734.983586
2024-09-01 15:00:00,schloemer,L51,59,61,59.71008347326198,9.00568508654942e-12,2.8141793784186575e-08,2.251703508093783e-07,4,8,2184616.11112,34734.983586
2024-09-01 15:00:00,schloemer,L52,60,61,59.78085207599106,9.525269462073993e-12,3.309625884462264e-08,2.6480814119267393e-07,4,8,2184616.11112,34734.983586
2024-09-01 15:00:00,schloemer,L53,61,65,61.024176003995855,2.550204492024477e-11,4.6945164400291617e-07,3.7557089891393503e-06,4,8,2184616.11112,34734.983586
2024-09-01 15:00:00,schloemer,L54,61,66,59.46969137785094,7.44293515708705e-12,1.6070194508444047e-08,1.2859132059173106e-07,4,8,2184616.11112,34734.983586
2024-09-01 15:00:00,schloemer,L55,62,58,61.814493123824676,4.7074677489433725e-11,2.0834610665598774e-06,6.25025557137171e-05,13,30,2185148.89802,34751.629934
2024-09-01 15:00:00,schloemer,L56,62,63,60.67389240238243,1.9327095479582113e-11,2.306723289047241e-07,1.8454544495893899e-06,4,8,2184616.11112,34734.983586
2024-09-01 15:00:00,schloemer,L57,63,60,60.09387742896332,1.196920340618135e-11,6.501505123157614e-08,3.0559422218301435e-06,20,47,2185512.78098,34763.759366
2024-09-01 15:00:00,schloemer,L58,63,64,60.60919764895446,1.8361978604275464e-11,2.016828329898246e-07,1.6135349727441906e-06,4,8,2184616.11112,34734.983586
2024-09-01 15:00:00,schloemer,L59,64,65,61.46705316384508,3.54489770870714e-11,1.0815099249494864e-06,5.1911865981413285e-05,20,48,2185545.98792,34764.866264
2024-09-01 15:00:00,schloemer,L60,64,67,62.67037529447672,8.950296059850871e-11,8.897538696928109e-06,0.0008271359155188618,38,93,2186503.81292,34796.793764
2024-09-01 15:00:00,schloemer,L61,65,66,60.63556563859502,1.8749446439869644e-11,2.1305518593806028e-07,1.7045152141959008e-06,4,8,2184616.11112,34734.983586
2024-09-01 15:00:00,schloemer,L62,67,68,67.46351065043463,3.7181777656769555e-09,0.0036714390928306306,0.22129063427120688,28,68,2185978.45538,34779.281846
2024-09-01 15:00:00,schloemer,L63,68,69,74.14185473012378,4.924352812185617e-07,0.19251649346023003,0.8192541115189853,4,8,2184616.11112,34734.983586
2024-09-01 15:00:00,schloemer,L64,68,74,71.83553107508891,9.745440732178423e-08,0.07459882755306235,0.46217598080579936,4,8,2184616.11112,34734.983586
2024-09-01 15:00:00,schloemer,L65,68,76,69.33676217944662,1.5708998546415387e-08,0.01692861996403061,0.1276708308522152,4,8,2184616.11112,34734.983586
2024-09-01 15:00:00,schloemer,L66,69,70,79.69135133367166,1.7817539376907554e-05,0.6295368177532437,0.9996452442273065,4,8,2184616.11112,34734.983586
2024-09-01 15:00:00,schloemer,L67,69,73,76.9333009849849,3.1760703171901383e-06,0.406826698323253,0.984673349765659,4,8,2184616.11112,34734.983586
2024-09-01 15:00:00,schloemer,L68,69,74,75.16753539706144,9.895963661854523e-07,0.2647908999821871,0.9146339332209134,4,8,2184616.11112,34734.983586
2024-09-01 15:00:00,schloemer,L69,70,71,83.2069691530357,0.00013321779455310878,0.8359170615118588,0.9999994748589578,4,8,2184616.11112,34734.983586
2024-09-01 15:00:00,schloemer,L70,70,72,82.22997573102401,7.785118013781123e-05,0.7898045380936274,0.9999961906450906,4,8,2184616.11112,34734.983586
2024-09-01 15:00:00,schloemer,L71,73,74,74.52457045329359,6.400121400629288e-07,0.21826832333644508,0.8605364963260251,4,8,2184616.11112,34734.983586
2024-09-01 15:00:00,schloemer,L72,74,76,70.19162446577991,2.9549745539370065e-08,0.029905650339597356,0.2156466623555846,4,8,2184616.11112,34734.983586
2024-09-01 15:00:00,schloemer,L73,74,117,72.93760980903299,2.1312231557324424e-07,0.12258562231330739,0.6487327966410164,4,8,2184616.11112,34734.983586
2024-09-01 15:00:00,schloemer,L74,75,76,68.96718235857168,1.1927710930059732e-08,0.012948711133165536,0.0990146305844759,4,8,2184616.11112,34734.983586
2024-09-01 15:00:00,schloemer,L75,75,117,71.57679123225896,8.092914149937513e-08,0.06554374263724416,0.41860449253049337,4,8,2184616.11112,34734.983586
2024-09-01 15:00:00,schloemer,L76,76,77,67.24482341879798,3.2529222648847167e-09,0.0030574397268180453,0.02419938267663213,4,8,2184616.11112,34734.983586
2024-09-01 15:00:00,schloemer,L77,76,79,64.97415354007481,5.668719937901301e-10,0.00025809744927796086,0.002062917619317317,4,8,2184616.11112,34734.983586
2024-09-01 15:00:00,schloemer,L78,76,79,64.97415354007481,5.668719937901301e-10,0.00025809744927796086,0.002062917619317317,4,8,2184616.11112,34734.983586
2024-09-01 15:00:00,schloemer,L79,76,81,65.47207973062916,8.3390361282909e-10,0.00047226627821450595,0.0037718944516155206,4,8,2184616.11112,34734.983586
2024-09-01 15:00:00,schloemer,L80,77,78,65.52210560929221,8.66806626476091e-10,0.0005008000099485654,0.003999388144002136,4,8,2184616.11112,34734.983586
2024-09-01 15:00:00,schloemer,L81,78,79,63.40387123543864,1.663930104811584e-10,2.963269617750619e-05,0.00023703764958427076,4,8,2184616.11112,34734.983586
2024-09-01 15:00:00,schloemer,L82,79,95,60.98047742475123,2.4635404827222374e-11,4.302787885990256e-07,3.4423236661140777e-06,4,8,2184616.11112,34734.983586
2024-09-01 15:00:00,schloemer,L83,79,96,61.127700330118316,2.767863716002239e-11,5.761040279272933e-07,4.6089336442900475e-06,4,8,2184616.11112,34734.983586
2024-09-01 15:00:00,schloemer,L84,79,97,61.822547708058764,4.793199170904927e-11,2.143388412645386e-06,1.7147170391140776e-05,4,8,2184616.11112,34734.983586
2024-09-01 15:00:00,schloemer,L85,79,98,60.770467388785235,2.0862866989546092e-11,2.813752889574417e-07,2.2510835461231338e-06,4,8,2184616.11112,34734.983586
2024-09-01 15:00:00,schloemer,L86,80,67,64.09257043276675,2.7579760697449274e-10,7.820474164421665e-05,0.005615145664139898,30,72,2186055.70436,34781.856812
2024-09-01 15:00:00,schloemer,L87,80,79,63.05029062548152,1.2214274036637107e-10,1.6639994473877096e-05,0.0011475136935353847,28,69,2185981.58126,34779.386042
2024-09-01 15:00:00,schloemer,L88,81,82,62.66865594400263,9.33865207386475e-11,9.277630126036662e-06,7.421900448756347e-05,4,8,2184616.11112,34734.983586
2024-09-01 15:00:00,schloemer,L89,81,95,61.380539757245764,3.380462576529908e-11,9.404636142074096e-07,7.523819365973239e-06,4,8,2184616.11112,34734.983586
2024-09-01 15:00:00,schloemer,L90,93,95,57.97121077691277,2.2691848400313575e-12,3.4562563921980427e-10,2.7740818531185596e-09,4,8,2184616.11112,34734.983586
2024-09-01 15:00:00,schloemer,L91,95,96,59.70146150795653,8.944289753287649e-12,2.7588886064577878e-08,2.207468443593541e-07,4,8,2184616.11112,34734.983586
2024-09-01 15:00:00,schloemer,L92,115,67,63.98244855596858,2.587633440853665e-10,6.829279657527554e-05,0.001978602075412006,13,29,2185126.88168,34750.896056
2024-09-01 16:00:00,schloemer,L0,22,23,88.2850724300124,0.0016367788732882804,0.9630012896837407,0.9999999999965115,4,8,2184616.11112,34734.983586
2024-09-01 16:00:00,schloemer,L1,23,69,82.78581592984175,0.00010590355852702071,0.8170930930203397,0.9999987478485441,4,8,2184616.11112,34734.983586
2024-09-01 16:00:00,schloemer,L2,23,71,86.44660691004239,0.0006978704300146799,0.9344046012471946,0.9999999996581983,4,8,2184616.11112,34734.983586
2024-09-01 16:00:00,schloemer,L3,29,37,54.850850834175816,1.9340085088970227e-13,1.27675647831893e-14,8.757439218243235e-13,4,8,2184616.11112,34734.983586
2024-09-01 16:00:00,schloemer,L4,32,36,52.993523030518425,4.54081217071689e-14,0.0,1.816324868286756e-13,4,8,2184616.11112,34734.983586
2024-09-01 16:00:00,schloemer,L5,33,36,54.82253685511926,1.8918200339612667e-13,1.1435297153639112e-14,8.482103908136196e-13,4,8,2184616.11112,34734.983586
2024-09-01 16:00:00,schloemer,L6,33,42,57.236373565604154,1.2682077610293163e-12,4.159228517153224e-11,3.378111124163752e-10,4,8,2184616.11112,34734.983586
2024-09-01 16:00:00,schloemer,L7,34,36,52.49591532133061,3.086420008457935e-14,0.0,1.234568003383174e-13,4,8,2184616.11112,34734.983586
2024-09-01 16:00:00,schloemer,L8,36,38,54.16693276624567,1.1324274851176597e-13,8.881784197001252e-16,4.600764214046649e-13,4,8,2184616.11112,34734.983586
2024-09-01 16:00:00,schloemer,L9,36,39,55.53106663588679,3.3006930522105904e-13,1.5709655798445965e-13,2.5770496847599134e-12,4,8,2184616.11112,34734.983586
2024-09-01 16:00:00,schloemer,L10,37,36,55.143547120336066,2.389199948993337e-13,3.68594044175552e-14,6.547651310029323e-12,20,48,2185542.33716,34764.744572
2024-09-01 16:00:00,schloemer,L11,37,64,58.9276498440053,4.842792833414933e-12,4.30054292177573e-09,3.4423713990427984e-08,4,8,2184616.11112,34734.983586
2024-09-01 16:00:00,schloemer,L12,38,39,55.73411428652331,3.873568132917171e-13,3.214095656289828e-13,4.120703778198731e-12,4,8,2184616.11112,34734.983586
2024-09-01 16:00:00,schloemer,L13,39,40,58.19838150609532,2.7166047189552955e-12,6.439132560487337e-10,5.162172467265691e-09,4,8,2184616.11112,34734.983586
2024-09-01 16:00:00,schloemer,L14,39,41,59.635757635438914,8.490319558518422e-12,2.3702632301336735e-08,1.89655003923761e-07,4,8,2184616.11112,34734.983586
2024-09-01 16:00:00,schloemer,L15,40,41,60.74068520418875,2.0376700327062736e-11,2.647124460741779e-07,2.1177791131865575e-06,4,8,2184616.11112,34734.983586
2024-09-01 16:00:00,schloemer,L16,41,48,65.63794966988075,9.480142226792054e-10,0.0005728676183851533,0.004573766277749636,4,8,2184616.11112,34734.983586
2024-09-01 16:00:00,schloemer,L17,41,48,65.63794966988075,9.480142226792054e-10,0.0005728676183851533,0.004573766277749636,4,8,2184616.11112,34734.983586
2024-09-01 16:00:00,schloemer,L18,42,43,60.847987228851196,2.2183144210430328e-11,3.2951938144787363e-07,2.636240743592033e-06,4,8,2184616.11112,34734.983586
2024-09-01 16:00:00,schloemer,L19,43,44,65.10638885065718,6.281507536343156e-10,0.00030412680830993466,0.00243042874040178,4,8,2184616.11112,34734.983586
2024-09-01 16:00:00,schloemer,L20,44,45,69.3846309335823,1.6277845293899418e-08,0.01750907745637631,0.1317828827271581,4,8,2184616.11112,34734.983586
2024-09-01 16:00:00,schloemer,L21,44,48,68.29302902877495,7.194561280066125e-09,0.007656404909758607,0.0596347863135861,4,8,2184616.11112,34734.983586
2024-09-01 16:00:00,schloemer,L22,45,46,71.73439715413667,9.063580386214909e-08,0.07096237380174708,0.4450341373280797,4,8,2184616.11112,34734.983586
2024-09-01 16:00:00,schloemer,L23,45,47,72.23767956494464,1.2988103270661355e-07,0.09031793193210536,0.5310604685498368,4,8,2184616.11112,34734.983586
2024-09-01 16:00:00,schloemer,L24,46,48,70.63352992571838,4.0844024273845037e-08,0.03909381510150378,0.2731449051102013,4,8,2184616.11112,34734.983586
2024-09-01 16:00:00,schloemer,L25,46,68,72.19475729831139,1.2597124721125397e-07,0.088543114881238,0.5236909639032049,4,8,2184616.11112,34734.983586
2024-09-01 16:00:00,schloemer,L26,47,48,71.05595320942165,5.554631976600888e-08,0.04971817812917145,0.33500362696570174,4,8,2184616.11112,34734.983586
2024-09-01 16:00:00,schloemer,L27,48,49,70.00528563461727,2.5763938760192673e-08,0.026571629813551656,0.19382012828293949,4,8,2184616.11112,34734.983586
2024-09-01 16:00:00,schloemer,L28,48,50,71.02047806605368,5.4134530191873864e-08,0.04875236239661174,0.32957741580313415,4,8,2184616.11112,34734.983586
2024-09-01 16:00:00,schloemer,L29,48,53,68.75628915382796,1.0187475307787963e-08,0.011043062127625514,0.085004339046172,4,8,2184616.11112,34734.983586
2024-09-01 16:00:00,schloemer,L30,48,53,68.75628915382796,1.0187475307787963e-08,0.011043062127625514,0.085004339046172,4,8,2184616.11112,34734.983586
2024-09-01 16:00:00,schloemer,L31,48,65,66.18192980436653,1.4419535565579622e-09,0.0010499097711716976,0.008368483919451553,4,8,2184616.11112,34734.983586
2024-09-01 16:00:00,schloemer,L32,48,65,66.18192980436653,1.4419535565579622e-09,0.0010499097711716976,0.008368483919451553,4,8,2184616.11112,34734.983586
2024-09-01 16:00:00,schloemer,L33,48,68,71.06608982822996,5.5956301037163314e-08,0.049996698758024816,0.33656127393779445,4,8,2184616.11112,34734.983586
2024-09-01 16:00:00,schloemer,L34,49,56,70.49371459448462,3.687641836336297e-08,0.03598316785072153,0.2541064160481292,4,8,2184616.11112,34734.983586
2024-09-01 16:00:00,schloemer,L35,50,51,73.40217620787593,2.950625455078182e-07,0.1474577593856461,0.7209212714557601,4,8,2184616.11112,34734.983586
2024-09-01 16:00:00,schloemer,L36,50,57,72.09543500240716,1.1735938409973556e-07,0.08452565647978538,0.5066340005372069,4,8,2184616.11112,34734.983586
2024-09-01 16:00:00,schloemer,L37,51,52,72.30790604163026,1.3653482511255532e-07,0.09327228285858591,0.5431065884887664,4,8,2184616.11112,34734.983586
2024-09-01 16:00:00,schloemer,L38,52,53,69.28946802767327,1.5166177091963107e-08,0.016370387632957617,0.12370016091758962,4,8,2184616.11112,34734.983586
2024-09-01 16:00:00,schloemer,L39,53,54,66.8214861587517,2.3549242555986893e-09,0.0020326725818873292,0.01614616982714845,4,8,2184616.11112,34734.983586
2024-09-01 16:00:00,schloemer,L40,53,55,67.75420744102365,4.789467045185347e-09,0.004853341079216977,0.03817357254594822,4,8,2184616.11112,34734.983586
2024-09-01 16:00:00,schloemer,L41,53,58,65.77090282405923,1.0505259995241545e-09,0.0006668560044718053,0.005322417294351789,4,8,2184616.11112,34734.983586
2024-09-01 16:00:00,schloemer,L42,54,55,66.63774599137079,2.04599615027945e-09,0.0016905828800721778,0.013444915151299974,4,8,2184616.11112,34734.983586
2024-09-01 16:00:00,schloemer,L43,54,58,64.72812728000764,4.682015886103841e-10,0.00018882517127105647,0.001509605278612991,4,8,2184616.11112,34734.983586
2024-09-01 16:00:00,schloemer,L44,55,56,68.88699972786561,1.1234082553102098e-08,0.012194858106039153,0.09349492364350609,4,8,2184616.11112,34734.983586
2024-09-01 16:00:00,schloemer,L45,55,57,69.4896381139583,1.7597524770707196e-08,0.018838215517415047,0.1411348817192668,4,8,2184616.11112,34734.983586
2024-09-01 16:00:00,schloemer,L46,55,58,65.62172661077201,9.362037811655455e-10,0.0005622481982691108,0.004489147815561978,4,8,2184616.11112,34734.983586
2024-09-01 16:00:00,schloemer,L47,55,58,65.62172661077201,9.362037811655455e-10,0.0005622481982691108,0.004489147815561978,4,8,2184616.11112,34734.983586
2024-09-01 16:00:00,schloemer,L48,58,59,62.04732197844056,5.723521656619823e-11,3.2080074269247305e-06,2.56640001955466e-05,4,8,2184616.11112,34734.983586
2024-09-01 16:00:00,schloemer,L49,58,60,62.175031422426486,6.330047597202793e-11,4.015586927308412e-06,3.212449711764709e-05,4,8,2184616.11112,34734.983586
2024-09-01 16:00:00,schloemer,L50,59,60,60.54415969885201,1.7440160426929197e-11,1.7603882662697856e-07,1.4083795057961979e-06,4,8,2184616.11112,34734.983586
2024-09-01 16:00:00,schloemer,L51,59,61,60.61973728680594,1.851585551548851e-11,2.0615779416921498e-07,1.6493352266166994e-06,4,8,2184616.11112,34734.983586
2024-09-01 16:00:00,schloemer,L52,60,61,60.707097268554406,1.984201691840326e-11,2.470410493948805e-07,1.9764060542604156e-06,4,8,2184616.11112,34734.983586
2024-09-01 16:00:00,schloemer,L53,61,65,62.04937852445137,5.732814223335936e-11,3.2197119124166562e-06,2.5757634344647506e-05,4,8,2184616.11112,34734.983586
2024-09-01 16:00:00,schloemer,L54,61,66,60.408835232909375,1.566757834581267e-11,1.3223498351866425e-07,1.057942048743321e-06,4,8,2184616.11112,34734.983586
2024-09-01 16:00:00,schloemer,L55,62,58,62.805427991367,1.0277234618882858e-10,1.1459832609417298e-05,0.00034373919239638617,13,30,2185148.89802,34751.629934
2024-09-01 16:00:00,schloemer,L56,62,63,61.658364704918654,4.2103542874372124e-11,1.5860075822660136e-06,1.26881586386407e-05,4,8,2184616.11112,34734.983586
2024-09-01 16:00:00,schloemer,L57,63,60,61.050288690579784,2.5519031332521536e-11,4.82302286330949e-07,2.266846637111186e-05,20,47,2185512.78098,34763.759366
2024-09-01 16:00:00,schloemer,L58,63,64,61.65100493751594,4.1859515853559515e-11,1.5645328174107576e-06,1.2516361438064116e-05,4,8,2184616.11112,34734.983586
2024-09-01 16:00:00,schloemer,L59,64,65,62.56060046955257,8.397482709199267e-11,7.584663536341907e-06,0.0003640006455832845,20,48,2185545.98792,34764.866264
2024-09-01 16:00:00,schloemer,L60,64,67,63.86265475711184,2.279887389988744e-10,5.595352669751641e-05,0.005190315754973418,38,93,2186503.81292,34796.793764
2024-09-01 16:00:00,schloemer,L61,65,66,61.65480691811853,4.198541514455201e-11,1.5755921491944491e-06,1.2604835623597488e-05,4,8,2184616.11112,34734.983586
2024-09-01 16:00:00,schloemer,L62,67,68,68.91542223508681,1.1104813957274473e-08,0.01225869631451515,0.5677465512241865,28,68,2185978.45538,34779.281846
2024-09-01 16:00:00,schloemer,L63,68,69,75.92466576842752,1.6408050028671184e-06,0.32379858110516724,0.9562874873071483,4,8,2184616.11112,34734.983586
2024-09-01 16:00:00,schloemer,L64,68,74,73.50067737613982,3.160208004171494e-07,0.15307897431536,0.7353068090779702,4,8,2184616.11112,34734.983586
2024-09-01 16:00:00,schloemer,L65,68,76,70.86204858500699,4.8246703077126085e-08,0.04460632146029575,0.30584121640728623,4,8,2184616.11112,34734.983586
2024-09-01 16:00:00,schloemer,L66,69,70,81.63370573201877,5.5620735911254826e-05,0.7573687723915806,0.999987991826928,4,8,2184616.11112,34734.983586
2024-09-01 16:00:00,schloemer,L67,69,73,78.79981082003432,1.0342042669808649e-05,0.5610189753489481,0.9986210515945664,4,8,2184616.11112,34734.983586
2024-09-01 16:00:00,schloemer,L68,69,74,76.96721030002482,3.2465107622225986e-06,0.4096634552464,0.9852500104552615,4,8,2184616.11112,34734.983586
2024-09-01 16:00:00,schloemer,L69,70,71,85.15228172561481,0.00036861661730325235,0.9038699677967138,0.9999999927183092,4,8,2184616.11112,34734.983586
2024-09-01 16:00:00,schloemer,L70,70,72,84.09293727524516,0.0002136095032035934,0.8705491441415261,0.9999999212105096,4,8,2184616.11112,34734.983586
2024-09-01 16:00:00,schloemer,L71,73,74,76.28069812941715,2.0752088157882653e-06,0.35270031968994664,0.9691795102742499,4,8,2184616.11112,34734.983586
2024-09-01 16:00:00,schloemer,L72,74,76,71.72931907544466,9.030601511028635e-08,0.0707830858223808,0.44417676818224217,4,8,2184616.11112,34734.983586
2024-09-01 16:00:00,schloemer,L73,74,117,74.60021306901248,6.738838373987477e-07,0.22353888962496438,0.8678836707797088,4,8,2184616.11112,34734.983586
2024-09-01 16:00:00,schloemer,L74,75,76,70.40841088795933,3.464396081120924e-08,0.03417958398808074,0.24286906359259952,4,8,2184616.11112,34734.983586
2024-09-01 16:00:00,schloemer,L75,75,117,73.1299316606027,2.4392902164827035e-07,0.13255108439212848,0.6794093560386094,4,8,2184616.11112,34734.983586
2024-09-01 16:00:00,schloemer,L76,76,77,68.58982935780965,8.992534383800432e-09,0.009707046810416453,0.0750686629894417,4,8,2184616.11112,34734.983586
2024-09-01 16:00:00,schloemer,L77,76,79,66.21887345079818,1.4835089823250769e-09,0.0010923752917352259,0.008705669167654473,4,8,2184616.11112,34734.983586
2024-09-01 16:00:00,schloemer,L78,76,79,66.21887345079818,1.4835089823250769e-09,0.0010923752917352259,0.008705669167654473,4,8,2184616.11112,34734.983586
2024-09-01 16:00:00,schloemer,L79,76,81,66.72514315356374,2.1875974365315187e-09,0.0018464621842020357,0.014676593991068576,4,8,2184616.11112,34734.983586
2024-09-01 16:00:00,schloemer,L80,77,78,66.7400614412008,2.2127168985974777e-09,0.0018742852786534092,0.014896296335780712,4,8,2184616.11112,34734.983586
2024-09-01 16:00:00,schloemer,L81,78,79,64.53618735305496,4.0321879168914165e-10,0.00014699420373764926,0.0011753504144260685,4,8,2184616.11112,34734.983586
2024-09-01 16:00:00,schloemer,L82,79,95,62.00246397666095,5.524514179455764e-11,2.9623950935642185e-06,2.3699136003307864e-05,4,8,2184616.11112,34734.983586
2024-09-01 16:00:00,schloemer,L83,79,96,62.15028486296909,6.207723224349593e-11,3.845609653718718e-06,3.0764711450248505e-05,4,8,2184616.11112,34734.983586
2024-09-01 16:00:00,schloemer,L84,79,97,62.87547836811441,1.0988487897378718e-10,1.2993620475132417e-05,0.00010394467606078539,4,8,2184616.11112,34734.983586
2024-09-01 16:00:00,schloemer,L85,79,98,61.79628064692217,4.694822308692892e-11,2.043334575208e-06,1.634674748585141e-05,4,8,2184616.11112,34734.983586
2024-09-01 16:00:00,schloemer,L86,80,67,65.36203950096848,7.401251833627498e-10,0.00040403585799098085,0.02867725558620504,30,72,2186055.70436,34781.856812
2024-09-01 16:00:00,schloemer,L87,80,79,64.22258125813063,3.057983866128211e-10,9.377508535679535e-05,0.006449902359444093,28,69,2185981.58126,34779.386042
2024-09-01 16:00:00,schloemer,L88,81,82,63.720388304486626,2.1322765775266816e-10,4.740020343607654e-05,0.0003791395762193783,4,8,2184616.11112,34734.983586
2024-09-01 16:00:00,schloemer,L89,81,95,62.40576213455801,7.59250440296455e-11,5.974903347416571e-06,4.779853089176278e-05,4,8,2184616.11112,34734.983586
2024-09-01 16:00:00,schloemer,L90,93,95,58.83338306214466,4.494071781380171e-12,3.3923602815733034e-09,2.715685820664504e-08,4,8,2184616.11112,34734.983586
2024-09-01 16:00:00,schloemer,L91,95,96,60.64312559286091,1.8862023054566635e-11,2.164260640702409e-07,1.7314826490366642e-06,4,8,2184616.11112,34734.983586
2024-09-01 16:00:00,schloemer,L92,115,67,65.25099105419963,6.945969355243165e-10,0.0003594708594384377,0.010372370159025923,13,29,2185126.88168,34750.896056
2024-09-01 17:00:00,schloemer,L0,22,23,90.29855045049861,0.0038691428888544266,0.9808579234034469,0.9999999999999822,4,8,2184616.11112,34734.983586
2024-09-01 17:00:00,schloemer,L1,23,69,84.85486883306784,0.0003169281794762613,0.8953397650810734,0.9999999856218506,4,8,2184616.11112,34734.983586
2024-09-01 17:00:00,schloemer,L2,23,71,88.46072756062661,0.001769744230512238,0.9650264583964959,0.9999999999977776,4,8,2184616.11112,34734.983586
2024-09-01 17:00:00,schloemer,L3,29,37,55.61298035309415,3.5205172110863714e-13,2.1005419625907962e-13,3.0886404545071855e-12,4,8,2184616.11112,34734.983586
2024-09-01 17:00:00,schloemer,L4,32,36,53.694350545592116,7.827072323607354e-14,1.1102230246251565e-16,3.1397107136399427e-13,4,8,2184616.11112,34734.983586
2024-09-01 17:00:00,schloemer,L5,33,36,55.600104171291676,3.4849900742983664e-13,2.007283228522283e-13,2.999822612537173e-12,4,8,2184616.11112,34734.983586
2024-09-01 17:00:00,schloemer,L6,33,42,58.12250816713574,2.5581758933412857e-12,5.239572109516644e-10,4.20189039118668e-09,4,8,2184616.11112,34734.983586
2024-09-01 17:00:00,schloemer,L7,34,36,53.1712192571993,5.218048215738236e-14,0.0,2.0872192862952943e-13,4,8,2184616.11112,34734.983586
2024-09-01 17:00:00,schloemer,L8,36,38,54.92048049109796,2.042810365310288e-13,1.6653345369377348e-14,9.50350909079134e-13,4,8,2184616.11112,34734.983586
2024-09-01 17:00:00,schloemer,L9,36,39,56.345718681882,6.272760089132134e-13,2.5481838861196593e-12,2.2894575124610128e-11,4,8,2184616.11112,34734.983586
2024-09-01 17:00:00,schloemer,L10,37,36,55.93183635380348,4.4420023215252513e-13,6.113998196610737e-13,3.823119598678204e-11,20,48,2185542.33716,34764.744572
2024-09-01 17:00:00,schloemer,L11,37,64,59.88720829631753,1.0363154778758599e-11,4.2131061417371996e-08,3.370898942200995e-07,4,8,2184616.11112,34734.983586
2024-09-01 17:00:00,schloemer,L12,38,39,56.56179534014966,7.440714711037799e-13,5.137335001847987e-12,4.4074965899199015e-11,4,8,2184616.11112,34734.983586
2024-09-01 17:00:00,schloemer,L13,39,40,59.1438737305579,5.7485127769041355e-12,7.3438010117499175e-09,5.877340059079472e-08,4,8,2184616.11112,34734.983586
2024-09-01 17:00:00,schloemer,L14,39,41,60.64913781317756,1.8951951119561272e-11,2.19142795354621e-07,1.7532168258282965e-06,4,8,2184616.11112,34734.983586
2024-09-01 17:00:00,schloemer,L15,40,41,61.811220764650386,4.750533300068582e-11,2.0996926737293364e-06,1.6797607964580408e-05,4,8,2184616.11112,34734.983586
2024-09-01 17:00:00,schloemer,L16,41,48,66.94796619622825,2.593907089121217e-09,0.002301775295952768,0.018266544776989413,4,8,2184616.11112,34734.983586
2024-09-01 17:00:00,schloemer,L17,41,48,66.94796619622825,2.593907089121217e-09,0.002301775295952768,0.018266544776989413,4,8,2184616.11112,34734.983586
2024-09-01 17:00:00,schloemer,L18,42,43,61.90936165988902,5.133182767735889e-11,2.5077078966706523e-06,2.0061692416639687e-05,4,8,2184616.11112,34734.983586
2024-09-01 17:00:00,schloemer,L19,43,44,66.38771011305104,1.688997275373083e-09,0.0013063075667623103,0.010402811542879808,4,8,2184616.11112,34734.983586
2024-09-01 17:00:00,schloemer,L20,44,45,70.89618047178892,4.945966336489249e-08,0.04547668743730393,0.31088416109859784,4,8,2184616.11112,34734.983586
2024-09-01 17:00:00,schloemer,L21,44,48,69.73502965080586,2.1104926584136763e-08,0.022258245087843576,0.16479466084052907,4,8,2184616.11112,34734.983586
2024-09-01 17:00:00,schloemer,L22,45,46,73.38518159656287,2.915861068153447e-07,0.14650007212962102,0.7184034021891696,4,8,2184616.11112,34734.983586
2024-09-01 17:00:00,schloemer,L23,45,47,73.89116724724028,4.143006235857172e-07,0.17652300295833911,0.7885483602974962,4,8,2184616.11112,34734.983586
2024-09-01 17:00:00,schloemer,L24,46,48,72.21540279606722,1.2783728431386976e-07,0.08939387789526898,0.5272361026003147,4,8,2184616.11112,34734.983586
2024-09-01 17:00:00,schloemer,L25,46,68,73.8891679894838,4.137287676897472e-07,0.1763983554443148,0.7882921691575906,4,8,2184616.11112,34734.983586
2024-09-01 17:00:00,schloemer,L26,47,48,72.63344592340069,1.719824670454173e-07,0.10779106976531405,0.598456844140429,4,8,2184616.11112,34734.983586
2024-09-01 17:00:00,schloemer,L27,48,49,71.49326027549814,7.620461150992242e-08,0.06279292656464974,0.4047706613142107,4,8,2184616.11112,34734.983586
2024-09-01 17:00:00,schloemer,L28,48,50,72.54637667489625,1.6170703898144012e-07,0.10377473427600825,0.5837663536759541,4,8,2184616.11112,34734.983586
2024-09-01 17:00:00,schloemer,L29,48,53,70.14897025054323,2.8637690774324653e-08,0.0291154386349205,0.21052076518836527,4,8,2184616.11112,34734.983586
2024-09-01 17:00:00,schloemer,L30,48,53,70.14897025054323,2.8637690774324653e-08,0.0291154386349205,0.21052076518836527,4,8,2184616.11112,34734.983586
2024-09-01 17:00:00,schloemer,L31,48,65,67.48371802529293,3.901049816512625e-09,0.0038120344471122003,0.030092493108423768,4,8,2184616.11112,34734.983586
2024-09-01 17:00:00,schloemer,L32,48,65,67.48371802529293,3.901049816512625e-09,0.0038120344471122003,0.030092493108423768,4,8,2184616.11112,34734.983586
2024-09-01 17:00:00,schloemer,L33,48,68,72.69103651745972,1.7912601679714868e-07,0.11050112446424643,0.6081111419384899,4,8,2184616.11112,34734.983586
2024-09-01 17:00:00,schloemer,L34,49,56,71.91413651685049,1.030979277505395e-07,0.07751230670238018,0.4755736929929639,4,8,2184616.11112,34734.983586
2024-09-01 17:00:00,schloemer,L35,50,51,74.90636241443978,8.29621128128899e-07,0.24543826168678162,0.8949111122702916,4,8,2184616.11112,34734.983586
2024-09-01 17:00:00,schloemer,L36,50,57,73.54568036460631,3.260716965325372e-07,0.15568694932773308,0.7417576579322153,4,8,2184616.11112,34734.983586
2024-09-01 17:00:00,schloemer,L37,51,52,73.67002980993072,3.5548794974360476e-07,0.16302152622492538,0.7591682781614607,4,8,2184616.11112,34734.983586
2024-09-01 17:00:00,schloemer,L38,52,53,70.56785832624138,3.893090660955778e-08,0.03760851931510578,0.26410798359616283,4,8,2184616.11112,34734.983586
2024-09-01 17:00:00,schloemer,L39,53,54,67.99259339820281,5.735900976411301e-09,0.005962107996108412,0.04671335759561279,4,8,2184616.11112,34734.983586
2024-09-01 17:00:00,schloemer,L40,53,55,68.97840102581186,1.2028058549162779e-08,0.013057147736323382,0.09980617834405137,4,8,2184616.11112,34734.983586
2024-09-01 17:00:00,schloemer,L41,53,58,66.91130773657916,2.5222790522860805e-09,0.002220772815786365,0.017628712783561595,4,8,2184616.11112,34734.983586
2024-09-01 17:00:00,schloemer,L42,54,55,67.76389658184112,4.824743604636694e-09,0.004894726737702859,0.038493525735287526,4,8,2184616.11112,34734.983586
2024-09-01 17:00:00,schloemer,L43,54,58,65.77909295990412,1.0571878927834177e-09,0.0006730704344611871,0.0053719000760416025,4,8,2184616.11112,34734.983586
2024-09-01 17:00:00,schloemer,L44,55,56,70.1510471564805,2.868145365653163e-08,0.029153538385871647,0.21076857918584746,4,8,2184616.11112,34734.983586
2024-09-01 17:00:00,schloemer,L45,55,57,70.75736621051037,4.470542491752383e-08,0.042013791010525825,0.2906281031139428,4,8,2184616.11112,34734.983586
2024-09-01 17:00:00,schloemer,L46,55,58,66.72196076190932,2.1822754714406756e-09,0.0018405737173839976,0.014630090791876604,4,8,2184616.11112,34734.983586
2024-09-01 17:00:00,schloemer,L47,55,58,66.72196076190932,2.1822754714406756e-09,0.0018405737173839976,0.014630090791876604,4,8,2184616.11112,34734.983586
2024-09-01 17:00:00,schloemer,L48,58,59,62.99360510458234,1.205764377232299e-10,1.569326438188856e-05,0.00012553970171746975,4,8,2184616.11112,34734.983586
2024-09-01 17:00:00,schloemer,L49,58,60,63.14502643047032,1.3580625513043287e-10,1.9913915068614507e-05,0.000159300760337322,4,8,2184616.11112,34734.983586
2024-09-01 17:00:00,schloemer,L50,59,60,61.43921999013002,3.540945314739474e-11,1.0516631181456404e-06,8.413415613972575e-06,4,8,2184616.11112,34734.983586
2024-09-01 17:00:00,schloemer,L51,59,61,61.534965263054126,3.819267124782755e-11,1.260024113935998e-06,1.0080301226178534e-05,4,8,2184616.11112,34734.983586
2024-09-01 17:00:00,schloemer,L52,60,61,61.6414337510878,4.154421251456597e-11,1.5370135573178345e-06,1.2296208486084481e-05,4,8,2184616.11112,34734.983586
2024-09-01 17:00:00,schloemer,L53,61,65,63.09397909905635,1.304695240733622e-10,1.8386076566567766e-05,0.0001470796693432419,4,8,2184616.11112,34734.983586
2024-09-01 17:00:00,schloemer,L54,61,66,61.359859156595434,3.3256397635739177e-11,9.039826516232807e-07,7.231971356436162e-06,4,8,2184616.11112,34734.983586
2024-09-01 17:00:00,schloemer,L55,62,58,63.805367680004245,2.2518276132643678e-10,5.301320820738642e-05,0.00158917724951535,13,30,2185148.89802,34751.629934
2024-09-01 17:00:00,schloemer,L56,62,63,62.65668482403888,9.251077681682318e-11,9.096221408655403e-06,7.276782457266151e-05,4,8,2184616.11112,34734.983586
2024-09-01 17:00:00,schloemer,L57,63,60,62.01851469600401,5.482725384808873e-11,2.9799892299342545e-06,0.00014005099098457485,20,47,2185512.78098,34763.759366
2024-09-01 17:00:00,schloemer,L58,63,64,62.71745541066896,9.704215209183076e-11,1.0052482175670896e-05,8.041741613251663e-05,4,8,2184616.11112,34734.983586
2024-09-01 17:00:00,schloemer,L59,64,65,63.683923836329406,2.0283086321626342e-10,4.406084583885583e-05,0.002112736275064475,20,48,2185545.98792,34764.866264
2024-09-01 17:00:00,schloemer,L60,64,67,65.09706917759877,5.96249050133224e-10,0.0002904027917897123,0.026649859182793167,38,93,2186503.81292,34796.793764
2024-09-01 17:00:00,schloemer,L61,65,66,62.694394942303994,9.52972145640274e-11,9.679120559158427e-06,7.743072249288829e-05,4,8,2184616.11112,34734.983586
2024-09-01 17:00:00,schloemer,L62,67,68,70.43255914070981,3.41220065536163e-08,0.03422516308163792,0.9063387787795302,28,68,2185978.45538,34779.281846
2024-09-01 17:00:00,schloemer,L63,68,69,77.79266102717452,5.507233303281289e-06,0.47875134815027964,0.9945505836457728,4,8,2184616.11112,34734.983586
2024-09-01 17:00:00,schloemer,L64,68,74,75.24441799191872,1.042127295125539e-06,0.27059626899647304,0.919879798413667,4,8,2184616.11112,34734.983586
2024-09-01 17:00:00,schloemer,L65,68,76,72.45444425583135,1.5150792975759941e-07,0.09963968862592731,0.5681524318292592,4,8,2184616.11112,34734.983586
2024-09-01 17:00:00,schloemer,L66,69,70,83.63987941298493,0.0001680885522004072,0.8536576796587554,0.9999997897831764,4,8,2184616.11112,34734.983586
2024-09-01 17:00:00,schloemer,L67,69,73,80.74324902633626,3.327363966276753e-05,0.7028363206104686,0.9999391993793024,4,8,2184616.11112,34734.983586
2024-09-01 17:00:00,schloemer,L68,69,74,78.84610070814335,1.0641745790795909e-05,0.5646952002709684,0.9987107736910528,4,8,2184616.11112,34734.983586
2024-09-01 17:00:00,schloemer,L69,70,71,87.11838698088151,0.0009599837125418009,0.9465907090224975,0.9999999999340422,4,8,2184616.11112,34734.983586
2024-09-01 17:00:00,schloemer,L70,70,72,85.97312079428853,0.0005545622703215791,0.9243949545509936,0.999999998934772,4,8,2184616.11112,34734.983586
2024-09-01 17:00:00,schloemer,L71,73,74,78.1120642359886,6.737404241730083e-06,0.5052294082393808,0.9964089676255495,4,8,2184616.11112,34734.983586
2024-09-01 17:00:00,schloemer,L72,74,76,73.32996396517727,2.805637430158825e-07,0.14341324697947755,0.7101519765532811,4,8,2184616.11112,34734.983586
2024-09-01 17:00:00,schloemer,L73,74,117,76.33095125902996,2.144833396999779e-06,0.3568236610992447,0.9707155718289574,4,8,2184616.11112,34734.983586
2024-09-01 17:00:00,schloemer,L74,75,76,71.90064565970455,1.0210714984637548e-07,0.07700683049548018,0.4732704062922344,4,8,2184616.11112,34734.983586
2024-09-01 17:00:00,schloemer,L75,75,117,74.73801219262748,7.401116717264955e-07,0.23328567007619583,0.8805826699841763,4,8,2184616.11112,34734.983586
2024-09-01 17:00:00,schloemer,L76,76,77,69.9777483232362,2.5246435386705457e-08,0.026104466814803495,0.19071973930955444,4,8,2184616.11112,34734.983586
2024-09-01 17:00:00,schloemer,L77,76,79,67.50106239736613,3.952781546523454e-09,0.003872535824876455,0.030563635467216632,4,8,2184616.11112,34734.983586
2024-09-01 17:00:00,schloemer,L78,76,79,67.50106239736613,3.952781546523454e-09,0.003872535824876455,0.030563635467216632,4,8,2184616.11112,34734.983586
2024-09-01 17:00:00,schloemer,L79,76,81,68.01405852585052,5.829660310041618e-09,0.006071655660946695,0.04755348732665832,4,8,2184616.11112,34734.983586
2024-09-01 17:00:00,schloemer,L80,77,78,67.98629092344491,5.708655104186278e-09,0.005930261131892767,0.046468999847175785,4,8,2184616.11112,34734.983586
2024-09-01 17:00:00,schloemer,L81,78,79,65.6931558654768,9.893196262211745e-10,0.0006103569724270619,0.004872441443221631,4,8,2184616.11112,34734.983586
2024-09-01 17:00:00,schloemer,L82,79,95,63.04198441290724,1.2524803416624763e-10,1.6941961934024974e-05,0.0001355281598266478,4,8,2184616.11112,34734.983586
2024-09-01 17:00:00,schloemer,L83,79,96,63.18968188062715,1.4065226761061922e-10,2.1345833077890397e-05,0.0001707544696323282,4,8,2184616.11112,34734.983586
2024-09-01 17:00:00,schloemer,L84,79,97,63.94703454122765,2.545966770739483e-10,6.564584263202278e-05,0.0005250471122025813,4,8,2184616.11112,34734.983586
2024-09-01 17:00:00,schloemer,L85,79,98,62.841551693727276,1.069923039054288e-10,1.2301951124227273e-05,9.841179956115997e-05,4,8,2184616.11112,34734.983586
2024-09-01 17:00:00,schloemer,L86,80,67,66.68034417367564,2.042320645934126e-09,0.0017263184953183464,0.11697556220215832,30,72,2186055.70436,34781.856812
2024-09-01 17:00:00,schloemer,L87,80,79,65.42984910893814,7.814071611988993e-10,0.0004385766694706694,0.0298149476595726,28,69,2185981.58126,34779.386042
2024-09-01 17:00:00,schloemer,L88,81,82,64.7855631817382,4.89592255625837e-10,0.00020328833934357693,0.0016251520081088655,4,8,2184616.11112,34734.983586
2024-09-01 17:00:00,schloemer,L89,81,95,63.4468594950624,1.7209744740398492e-10,3.161773894777564e-05,0.000252914610488264,4,8,2184616.11112,34734.983586
2024-09-01 17:00:00,schloemer,L90,93,95,59.69973886788795,8.932077300016772e-12,2.74796643218167e-08,2.198730217894962e-07,4,8,2184616.11112,34734.983586
2024-09-01 17:00:00,schloemer,L91,95,96,61.59434541521482,4.002731479602062e-11,1.4081163985935063e-06,1.1265035778196264e-05,4,8,2184616.11112,34734.983586
2024-09-01 17:00:00,schloemer,L92,115,67,66.5690072140846,1.918472936068838e-09,0.0015636668662355468,0.04436750027110048,13,29,2185126.88168,34750.896056
2024-09-01 18:00:00,schloemer,L0,22,23,92.25659205119952,0.008301347892264221,0.9901510225236524,0.9999999999999999,4,8,2184616.11112,34734.983586
2024-09-01 18:00:00,schloemer,L1,23,69,86.98358216651117,0.0009010930561433872,0.9443217691681749,0.9999999999079725,4,8,2184616.11112,34734.983586
2024-09-01 18:00:00,schloemer,L2,23,71,90.4638210256353,0.0041381484715651284,0.9818877008162697,0.9999999999999886,4,8,2184616.11112,34734.983586
2024-09-01 18:00:00,schloemer,L3,29,37,56.385946904390906,6.475930902638538e-13,2.9068969453760474e-12,2.5845547924063794e-11,4,8,2184616.11112,34734.983586
2024-09-01 18:00:00,schloemer,L4,32,36,54.403292732408936,1.362243651215067e-13,2.220446049250313e-15,5.626610288800293e-13,4,8,2184616.11112,34734.983586
2024-09-01 18:00:00,schloemer,L5,33,36,56.391191689163,6.502576255229542e-13,2.957190048391567e-12,2.6258550889224352e-11,4,8,2184616.11112,34734.983586
2024-09-01 18:00:00,schloemer,L6,33,42,59.0304056908164,5.253908419433628e-12,5.554436355303949e-09,4.4456505587930906e-08,4,8,2184616.11112,34734.983586
2024-09-01 18:00:00,schloemer,L7,34,36,53.852441387116826,8.859579736508749e-14,2.220446049250313e-16,3.561595462997502e-13,4,8,2184616.11112,34734.983586
2024-09-01 18:00:00,schloemer,L8,36,38,55.68618402515629,3.730349362740526e-13,2.717825964282383e-13,3.666400516522117e-12,4,8,2184616.11112,34734.983586
2024-09-01 18:00:00,schloemer,L9,36,39,57.17720056744305,1.2101430968414206e-12,3.4821701078158185e-11,2.8341418101263116e-10,4,8,2184616.11112,34734.983586
2024-09-01 18:00:00,schloemer,L10,37,36,56.734124965919925,8.363310044501304e-13,8.557266006903319e-12,4.274753884203619e-10,20,48,2185542.33716,34764.744572
2024-09-01 18:00:00,schloemer,L11,37,64,60.87370470724819,2.2639223828946342e-11,3.4714161034621327e-07,2.777220065253161e-06,4,8,2184616.11112,34734.983586
2024-09-01 18:00:00,schloemer,L12,38,39,57.407661453035594,1.4522827385121673e-12,6.913847272471685e-11,5.589169127517835e-10,4,8,2184616.11112,34734.983586
2024-09-01 18:00:00,schloemer,L13,39,40,60.11727058302933,1.2435941165733766e-11,7.034134108518941e-08,5.627803338903448e-07,4,8,2184616.11112,34734.983586
2024-09-01 18:00:00,schloemer,L14,39,41,61.69589077381219,4.3370196323166965e-11,1.6998720667737999e-06,1.3599069105141304e-05,4,8,2184616.11112,34734.983586
2024-09-01 18:00:00,schloemer,L15,40,41,62.920216581846745,1.1381839915003411e-10,1.3960890597908282e-05,0.00011168212277734568,4,8,2184616.11112,34734.983586
2024-09-01 18:00:00,schloemer,L16,41,48,68.31539149342126,7.316700689763422e-09,0.007797144446462956,0.06070119875658586,4,8,2184616.11112,34734.983586
2024-09-01 18:00:00,schloemer,L17,41,48,68.31539149342126,7.316700689763422e-09,0.007797144446462956,0.06070119875658586,4,8,2184616.11112,34734.983586
2024-09-01 18:00:00,schloemer,L18,42,43,63.00685744064433,1.2183865027992624e-10,1.602655588062163e-05,0.00012820574275373975,4,8,2184616.11112,34734.983586
2024-09-01 18:00:00,schloemer,L19,43,44,67.7239284189645,4.68085670224383e-09,0.004725917021560777,0.03718787004695889,4,8,2184616.11112,34734.983586
2024-09-01 18:00:00,schloemer,L20,44,45,72.48176721327152,1.5447176349159264e-07,0.10085733217830428,0.5728026120273516,4,8,2184616.11112,34734.983586
2024-09-01 18:00:00,schloemer,L21,44,48,71.24399810964422,6.365330629254373e-08,0.05507203658971316,0.36439178736523004,4,8,2184616.11112,34734.983586
2024-09-01 18:00:00,schloemer,L22,45,46,75.1222637205434,9.598736064875268e-07,0.26139485401317697,0.9114278951354597,4,8,2184616.11112,34734.983586
2024-09-01 18:00:00,schloemer,L23,45,47,75.62691101932838,1.3462514981688045e-06,0.3001371625236461,0.942442605386113,4,8,2184616.11112,34734.983586
2024-09-01 18:00:00,schloemer,L24,46,48,73.87708736345999,4.1028958841504704e-07,0.17564615814963314,0.7867403866339414,4,8,2184616.11112,34734.983586
2024-09-01 18:00:00,schloemer,L25,46,68,75.67613964904717,1.3911442505731841e-06,0.30401232859177174,0.9449433279296231,4,8,2184616.11112,34734.983586
2024-09-01 18:00:00,schloemer,L26,47,48,74.28602884347136,5.436702605887689e-07,0.20203351231228928,0.8356096665451755,4,8,2184616.11112,34734.983586
2024-09-01 18:00:00,schloemer,L27,48,49,73.04480659238179,2.2979252278787499e-07,0.12808208109037156,0.6659554236301759,4,8,2184616.11112,34734.983586
2024-09-01 18:00:00,schloemer,L28,48,50,74.13582288158237,4.903972948833157e-07,0.19212332033051494,0.8185488507850364,4,8,2184616.11112,34734.983586
2024-09-01 18:00:00,schloemer,L29,48,53,71.59415024496728,8.194632117319856e-08,0.06612586858563718,0.421495659863374,4,8,2184616.11112,34734.983586
2024-09-01 18:00:00,schloemer,L30,48,53,71.59415024496728,8.194632117319856e-08,0.06612586858563718,0.421495659863374,4,8,2184616.11112,34734.983586
2024-09-01 18:00:00,schloemer,L31,48,65,68.83739915501472,1.0825031870886903e-08,0.011746748448077993,0.09019986557216153,4,8,2184616.11112,34734.983586
2024-09-01 18:00:00,schloemer,L32,48,65,68.83739915501472,1.0825031870886903e-08,0.011746748448077993,0.09019986557216153,4,8,2184616.11112,34734.983586
2024-09-01 18:00:00,schloemer,L33,48,68,74.40216108550196,5.886700035206971e-07,0.20986281122247652,0.8480785837253498,4,8,2184616.11112,34734.983586
2024-09-01 18:00:00,schloemer,L34,49,56,73.3792375743972,2.9037962723243993e-07,0.14616595966615142,0.7175203175296285,4,8,2184616.11112,34734.983586
2024-09-01 18:00:00,schloemer,L35,50,51,76.44814005343096,2.3160659037291254e-06,0.3664745053689663,0.9740517095927311,4,8,2184616.11112,34734.983586
2024-09-01 18:00:00,schloemer,L36,50,57,75.03355697732592,9.041212490901174e-07,0.2547901047735801,0.9048897477484122,4,8,2184616.11112,34734.983586
2024-09-01 18:00:00,schloemer,L37,51,52,75.04971562066635,9.140376521221683e-07,0.2559882451742914,0.906106227391718,4,8,2184616.11112,34734.983586
2024-09-01 18:00:00,schloemer,L38,52,53,71.87075924962832,9.994528626933175e-08,0.07589508606987994,0.46817339028552307,4,8,2184616.11112,34734.983586
2024-09-01 18:00:00,schloemer,L39,53,54,69.1844977576112,1.4026380834586405e-08,0.015184181008026543,0.11521020752801625,4,8,2184616.11112,34734.983586
2024-09-01 18:00:00,schloemer,L40,53,55,70.22741407241226,3.033695006315895e-08,0.030581338893848842,0.22000655728408736,4,8,2184616.11112,34734.983586
2024-09-01 18:00:00,schloemer,L41,53,58,68.07351545884853,6.097322979847775e-09,0.006383976539917291,0.04994514551059437,4,8,2184616.11112,34734.983586
2024-09-01 18:00:00,schloemer,L42,54,55,68.90340568502306,1.1372697672484833e-08,0.012346112041208834,0.09460477057038974,4,8,2184616.11112,34734.983586
2024-09-01 18:00:00,schloemer,L43,54,58,66.8414695856869,2.3911820301592e-09,0.0020732779076901853,0.016466372970591725,4,8,2184616.11112,34734.983586
2024-09-01 18:00:00,schloemer,L44,55,56,71.43971028650573,7.331884799288702e-08,0.06107299663014143,0.39597556415148694,4,8,2184616.11112,34734.983586
2024-09-01 18:00:00,schloemer,L45,55,57,72.04596822140364,1.1328752869133041e-07,0.08257121853653038,0.498144499705103,4,8,2184616.11112,34734.983586
2024-09-01 18:00:00,schloemer,L46,55,58,67.83724788065403,5.10024245059526e-09,0.005217852077207263,0.04098841248600549,4,8,2184616.11112,34734.983586
2024-09-01 18:00:00,schloemer,L47,55,58,67.83724788065403,5.10024245059526e-09,0.005217852077207263,0.04098841248600549,4,8,2184616.11112,34734.983586
2024-09-01 18:00:00,schloemer,L48,58,59,63.947857130712705,2.5476054599238296e-10,6.572242300828535e-05,0.0005256594742362175,4,8,2184616.11112,34734.983586
2024-09-01 18:00:00,schloemer,L49,58,60,64.12655076643169,2.9293800718477314e-10,8.443644400868422e-05,0.0006752931303720677,4,8,2184616.11112,34734.983586
2024-09-01 18:00:00,schloemer,L50,59,60,62.34125357286358,7.216238717688839e-11,5.352314588424889e-06,4.281800322958329e-05,4,8,2184616.11112,34734.983586
2024-09-01 18:00:00,schloemer,L51,59,61,62.460331349099626,7.925993195101455e-11,6.553592910130135e-06,5.24278577316295e-05,4,8,2184616.11112,34734.983586
2024-09-01 18:00:00,schloemer,L52,60,61,62.58886448979731,8.770184578565932e-11,8.129221863883984e-06,6.503227536680534e-05,4,8,2184616.11112,34734.983586
2024-09-01 18:00:00,schloemer,L53,61,65,64.1647183052012,3.0180069554575084e-10,8.901651667070354e-05,0.0007119115088780603,4,8,2184616.11112,34734.983586
2024-09-01 18:00:00,schloemer,L54,61,66,62.328586879044934,7.144573821449285e-11,5.237402896263177e-06,4.1898740898216325e-05,4,8,2184616.11112,34734.983586
2024-09-01 18:00:00,schloemer,L55,62,58,64.81872857519876,4.96353957935014e-10,0.00020996135868378563,0.0062797082574215235,13,30,2185148.89802,34751.629934
2024-09-01 18:00:00,schloemer,L56,62,63,63.674629903662385,2.057234382846218e-10,4.433631437883445e-05,0.0003546363026671884,4,8,2184616.11112,34734.983586
2024-09-01 18:00:00,schloemer,L57,63,60,63.00415163785879,1.1911338582137887e-10,1.5634106656503555e-05,0.0007345412315868938,20,47,2185512.78098,34763.759366
2024-09-01 18:00:00,schloemer,L58,63,64,63.81652699468536,2.2989077308466221e-10,5.448024243570604e-05,0.00043575976099197167,4,8,2184616.11112,34734.983586
2024-09-01 18:00:00,schloemer,L59,64,65,64.84575111848827,5.020490689844337e-10,0.0002156937842262563,0.010301005867564217,20,48,2185545.98792,34764.866264
2024-09-01 18:00:00,schloemer,L60,64,67,66.3845839128559,1.6103216537999288e-09,0.0012634223971711434,0.11092406568450675,38,93,2186503.81292,34796.793764
2024-09-01 18:00:00,schloemer,L61,65,66,63.761410905068246,2.2018586953720387e-10,5.03110091820691e-05,0.0004024180874425687,4,8,2184616.11112,34734.983586
2024-09-01 18:00:00,schloemer,L62,67,68,72.02868773498882,1.0828812391228126e-07,0.08102378649503805,0.9968033942996556,28,68,2185978.45538,34779.281846
2024-09-01 18:00:00,schloemer,L63,68,69,79.75828682323511,1.8550334203615293e-05,0.6344637846429965,0.999681278718957,4,8,2184616.11112,34734.983586
2024-09-01 18:00:00,schloemer,L64,68,74,77.08025127415044,3.492367404711594e-06,0.4191286250166496,0.9870391425266252,4,8,2184616.11112,34734.983586
2024-09-01 18:00:00,schloemer,L65,68,76,74.12689904042682,4.873972089258771e-07,0.19154238255460398,0.8175023768799192,4,8,2184616.11112,34734.983586
2024-09-01 18:00:00,schloemer,L66,69,70,85.70872387611962,0.000486870681606022,0.9182435619098979,0.9999999980078148,4,8,2184616.11112,34734.983586
2024-09-01 18:00:00,schloemer,L67,69,73,82.77036680022438,0.00010500949469272047,0.8163725402859481,0.999998707833194,4,8,2184616.11112,34734.983586
2024-09-01 18:00:00,schloemer,L68,69,74,80.81408710613778,3.4679357548972334e-05,0.7074367547299716,0.9999463341672258,4,8,2184616.11112,34734.983586
2024-09-01 18:00:00,schloemer,L69,70,71,89.08868276797462,0.0023286322366335988,0.9714583101894282,0.9999999999995637,4,8,2184616.11112,34734.983586
2024-09-01 18:00:00,schloemer,L70,70,72,87.85728337201618,0.0013499573782214114,0.9576107382752602,0.9999999999896318,4,8,2184616.11112,34734.983586
2024-09-01 18:00:00,schloemer,L71,73,74,80.02853559610816,2.181167758863456e-05,0.6540098173096741,0.9997946605864508,4,8,2184616.11112,34734.983586
2024-09-01 18:00:00,schloemer,L72,74,76,75.0048955917321,8.867879007778967e-07,0.25267043170431003,0.9027038212183419,4,8,2184616.11112,34734.983586
2024-09-01 18:00:00,schloemer,L73,74,117,78.1398905836129,6.856259143761534e-06,0.5075226008058755,0.9965399806595535,4,8,2184616.11112,34734.983586
2024-09-01 18:00:00,schloemer,L74,75,76,73.45342749243494,3.057926335481298e-07,0.15036758221712054,0.7284510889827882,4,8,2184616.11112,34734.983586
2024-09-01 18:00:00,schloemer,L75,75,117,76.40943192156587,2.258097537177761e-06,0.363281568868845,0.972986836322702,4,8,2184616.11112,34734.983586
2024-09-01 18:00:00,schloemer,L76,76,77,71.41745181266442,7.215105557456525e-08,0.060368034757765865,0.39233792084284924,4,8,2184616.11112,34734.983586
2024-09-01 18:00:00,schloemer,L77,76,79,68.82966859869983,1.0762612467907218e-08,0.011678137154076618,0.08969442619905232,4,8,2184616.11112,34734.983586
2024-09-01 18:00:00,schloemer,L78,76,79,68.82966859869983,1.0762612467907218e-08,0.011678137154076618,0.08969442619905232,4,8,2184616.11112,34734.983586
2024-09-01 18:00:00,schloemer,L79,76,81,69.34717120094729,1.5831007726951896e-08,0.01705350835418029,0.12855699567822376,4,8,2184616.11112,34734.983586
2024-09-01 18:00:00,schloemer,L80,77,78,69.26752834414431,1.4920663371498222e-08,0.016116496860348772,0.12188902677385371,4,8,2184616.11112,34734.983586
2024-09-01 18:00:00,schloemer,L81,78,79,66.88178857742493,2.4660230524276017e-09,0.0021573546179608494,0.017129090394608637,4,8,2184616.11112,34734.983586
2024-09-01 18:00:00,schloemer,L82,79,95,64.10560404076841,2.881843652602356e-10,8.201531773466275e-05,0.0006559353824037162,4,8,2184616.11112,34734.983586
2024-09-01 18:00:00,schloemer,L83,79,96,64.25226331758422,3.231465095510089e-10,0.00010039046423038211,0.0008028428711741586,4,8,2184616.11112,34734.983586
2024-09-01 18:00:00,schloemer,L84,79,97,65.04368086348121,5.983140649590268e-10,0.00028145030993220743,0.0022493881156498974,4,8,2184616.11112,34734.983586
2024-09-01 18:00:00,schloemer,L85,79,98,63.913297693279254,2.479683125500287e-10,6.257454155400577e-05,0.0005004877014777032,4,8,2184616.11112,34734.983586
2024-09-01 18:00:00,schloemer,L86,80,67,68.05936775782958,5.827169635708174e-09,0.006190367244198081,0.36051484999566363,30,72,2186055.70436,34781.856812
2024-09-01 18:00:00,schloemer,L87,80,79,66.68141074903899,2.047698011153898e-09,0.0017301599759068642,0.11262222825594936,28,69,2185981.58126,34779.386042
2024-09-01 18:00:00,schloemer,L88,81,82,65.86931042808274,1.1333943783498057e-09,0.0007450095228856979,0.005944562727394631,4,8,2184616.11112,34734.983586
2024-09-01 18:00:00,schloemer,L89,81,95,64.50992976002917,3.9505454463295564e-10,0.0001419786318300753,0.0011352663712149713,4,8,2184616.11112,34734.983586
2024-09-01 18:00:00,schloemer,L90,93,95,60.57530498216942,1.7875700919489645e-11,1.8790767697396404e-07,1.5033319298307646e-06,4,8,2184616.11112,34734.983586
2024-09-01 18:00:00,schloemer,L91,95,96,62.56060701930516,8.577238919116326e-11,7.755281698496042e-06,6.204091263928291e-05,4,8,2184616.11112,34734.983586
2024-09-01 18:00:00,schloemer,L92,115,67,67.9485645529795,5.483340781431423e-09,0.005703749973183014,0.15285410243695996,13,29,2185126.88168,34750.896056
2024-09-01 19:00:00,schloemer,L0,22,23,94.09919753798113,0.01595406286976153,0.9948076951941105,1.0,4,8,2184616.11112,34734.983586
2024-09-01 19:00:00,schloemer,L1,23,69,89.15893478637793,0.0024001244350860818,0.9721050705741429,0.9999999999996368,4,8,2184616.11112,34734.983586
2024-09-01 19:00:00,schloemer,L2,23,71,92.41840434183038,0.008813627923050404,0.9906848671485543,1.0,4,8,2184616.11112,34734.983586
2024-09-01 19:00:00,schloemer,L3,29,37,57.17753349678087,1.2104761637488082e-12,3.485667310343388e-11,2.8369528948246625e-10,4,8,2184616.11112,34734.983586
2024-09-01 19:00:00,schloemer,L4,32,36,55.128028696625,2.404743071338089e-13,3.630429290524262e-14,1.2523315717771766e-12,4,8,2184616.11112,34734.983586
2024-09-01 19:00:00,schloemer,L5,33,36,57.20412093591024,1.2362333379201118e-12,3.775846302289665e-11,3.0701263753485364e-10,4,8,2184616.11112,34734.983586
2024-09-01 19:00:00,schloemer,L6,33,42,59.96939030107904,1.1060707905130585e-11,5.067198483033053e-08,4.0542004953181277e-07,4,8,2184616.11112,34734.983586
2024-09-01 19:00:00,schloemer,L7,34,36,54.546938489380054,1.52433621281034e-13,3.9968028886505635e-15,6.417089082333405e-13,4,8,2184616.11112,34734.983586
2024-09-01 19:00:00,schloemer,L8,36,38,56.47225526388235,6.932232565759477e-13,3.84925424867788e-12,3.356692701572683e-11,4,8,2184616.11112,34734.983586
2024-09-01 19:00:00,schloemer,L9,36,39,58.03432046306901,2.3854251907096113e-12,4.1145920004481695e-10,3.301215301121374e-09,4,8,2184616.11112,34734.983586
2024-09-01 19:00:00,schloemer,L10,37,36,57.558747563752284,1.6051604490030513e-12,1.0370748704247035e-10,5.010062587018638e-09,20,48,2185542.33716,34764.744572
2024-09-01 19:00:00,schloemer,L11,37,64,61.896977609627434,5.0832560383184955e-11,2.452409072706274e-06,1.9619307508045303e-05,4,8,2184616.11112,34734.983586
2024-09-01 19:00:00,schloemer,L12,38,39,58.28074665452438,2.899902540320909e-12,8.039124921310759e-10,6.4428995472098904e-09,4,8,2184616.11112,34734.983586
2024-09-01 19:00:00,schloemer,L13,39,40,61.128894724734856,2.770472740110108e-11,5.774583612394579e-07,4.6197683714055415e-06,4,8,2184616.11112,34734.983586
2024-09-01 19:00:00,schloemer,L14,39,41,62.7870004701769,1.0249912030246833e-10,1.1261031242937314e-05,9.008510927988045e-05,4,8,2184616.11112,34734.983586
2024-09-01 19:00:00,schloemer,L15,40,41,64.07934083607921,2.823321576528315e-10,7.90693288188482e-05,0.0006323807320001151,4,8,2184616.11112,34734.983586
2024-09-01 19:00:00,schloemer,L16,41,48,69.75366049277743,2.1397648208854037e-08,0.022536661512437828,0.16669539489885976,4,8,2184616.11112,34734.983586
2024-09-01 19:00:00,schloemer,L17,41,48,69.75366049277743,2.1397648208854037e-08,0.022536661512437828,0.16669539489885976,4,8,2184616.11112,34734.983586
2024-09-01 19:00:00,schloemer,L18,42,43,64.1515547269306,2.9871438655959537e-10,8.741189255323523e-05,0.0006990824283555908,4,8,2184616.11112,34734.983586
2024-09-01 19:00:00,schloemer,L19,43,44,69.12821936188186,1.345041045208717e-08,0.014577376974859835,0.11083941227220562,4,8,2184616.11112,34734.983586
2024-09-01 19:00:00,schloemer,L20,44,45,74.15596511654226,4.972349586518376e-07,0.19343782938618337,0.8208973848774888,4,8,2184616.11112,34734.983586
2024-09-01 19:00:00,schloemer,L21,44,48,72.83370206822882,1.9809133555703795e-07,0.11739805489272859,0.6317703987234046,4,8,2184616.11112,34734.983586
2024-09-01 19:00:00,schloemer,L22,45,46,76.96088237668853,3.2332524459999235e-06,0.40913397620392045,0.9851438414704055,4,8,2184616.11112,34734.983586
2024-09-01 19:00:00,schloemer,L23,45,47,77.45842857456917,4.452022360990071e-06,0.45082500600199993,0.9917267090487216,4,8,2184616.11112,34734.983586
2024-09-01 19:00:00,schloemer,L24,46,48,75.63337555099858,1.352065722382001e-06,0.30064515177682294,0.9427759790888638,4,8,2184616.11112,34734.983586
2024-09-01 19:00:00,schloemer,L25,46,68,77.5721443439161,4.787096410829861e-06,0.4603433016934887,0.9928066323139799,4,8,2184616.11112,34734.983586
2024-09-01 19:00:00,schloemer,L26,47,48,76.02680083483321,1.7555069585784011e-06,0.332028576033771,0.9603667196529886,4,8,2184616.11112,34734.983586
2024-09-01 19:00:00,schloemer,L27,48,49,74.67127781116426,7.072861050172463e-07,0.2285423329089109,0.8745428064593919,4,8,2184616.11112,34734.983586
2024-09-01 19:00:00,schloemer,L28,48,50,75.79911926110827,1.5097097100236212e-06,0.3137584901962941,0.9508171996845844,4,8,2184616.11112,34734.983586
2024-09-01 19:00:00,schloemer,L29,48,53,73.10171112099779,2.391511280119829e-07,0.131059327113358,0.6749721374593245,4,8,2184616.11112,34734.983586
2024-09-01 19:00:00,schloemer,L30,48,53,73.10171112099779,2.391511280119829e-07,0.131059327113358,0.6749721374593245,4,8,2184616.11112,34734.983586
2024-09-01 19:00:00,schloemer,L31,48,65,70.25469940906136,3.09508826346061e-08,0.031104303918371934,0.22336642799057627,4,8,2184616.11112,34734.983586
2024-09-01 19:00:00,schloemer,L32,48,65,70.25469940906136,3.09508826346061e-08,0.031104303918371934,0.22336642799057627,4,8,2184616.11112,34734.983586
2024-09-01 19:00:00,schloemer,L33,48,68,76.21549370032498,1.988115594375728e-06,0.3473649370628473,0.9670875837258908,4,8,2184616.11112,34734.983586
2024-09-01 19:00:00,schloemer,L34,49,56,74.89557045750311,8.235813839796435e-07,0.24465140899615512,0.8940312145498994,4,8,2184616.11112,34734.983586
2024-09-01 19:00:00,schloemer,L35,50,51,78.02937921503158,6.395782382484505e-06,0.498401191073094,0.9959928014466051,4,8,2184616.11112,34734.983586
2024-09-01 19:00:00,schloemer,L36,50,57,76.56248484204718,2.4958138724606727e-06,0.37593378665638555,0.9769940045247208,4,8,2184616.11112,34734.983586
2024-09-01 19:00:00,schloemer,L37,51,52,76.4463229792971,2.313312869262063e-06,0.36632450979857145,0.9740025197413559,4,8,2184616.11112,34734.983586
2024-09-01 19:00:00,schloemer,L38,52,53,73.20163464704662,2.5649081525358497e-07,0.13638672594060386,0.6905759784617774,4,8,2184616.11112,34734.983586
2024-09-01 19:00:00,schloemer,L39,53,54,70.40177063757112,3.447584806526294e-08,0.034042128215838297,0.24200659324052087,4,8,2184616.11112,34734.983586
2024-09-01 19:00:00,schloemer,L40,53,55,71.50596019798003,7.690512815461403e-08,0.06320580241146356,0.40686520306838647,4,8,2184616.11112,34734.983586
2024-09-01 19:00:00,schloemer,L41,53,58,69.26297474335396,1.4870198294936188e-08,0.016064200613712054,0.12151556407272945,4,8,2184616.11112,34734.983586
2024-09-01 19:00:00,schloemer,L42,54,55,70.05954398536664,2.681424615680328e-08,0.027511101030629592,0.2000236027817638,4,8,2184616.11112,34734.983586
2024-09-01 19:00:00,schloemer,L43,54,58,67.91932191033854,5.426906923844399e-09,0.005600622342212369,0.0439364935250085,4,8,2184616.11112,34734.983586
2024-09-01 19:00:00,schloemer,L44,55,56,72.75679931397872,1.8763737419380533e-07,0.11364784916925696,0.6190656840605848,4,8,2184616.11112,34734.983586
2024-09-01 19:00:00,schloemer,L45,55,57,73.35803963117503,2.86116442649309e-07,0.14497800796354166,0.7143608145680096,4,8,2184616.11112,34734.983586
2024-09-01 19:00:00,schloemer,L46,55,58,68.97181626836172,1.1969059743321964e-08,0.012993412033124319,0.09934100464413709,4,8,2184616.11112,34734.983586
2024-09-01 19:00:00,schloemer,L47,55,58,68.97181626836172,1.1969059743321964e-08,0.012993412033124319,0.09934100464413709,4,8,2184616.11112,34734.983586
2024-09-01 19:00:00,schloemer,L48,58,59,64.9148648052049,5.413570702827997e-10,0.00023957973110255715,0.001915033623423934,4,8,2184616.11112,34734.983586
2024-09-01 19:00:00,schloemer,L49,58,60,65.12499521005448,6.37283892324092e-10,0.00031116448156720544,0.0024866090284769715,4,8,2184616.11112,34734.983586
2024-09-01 19:00:00,schloemer,L50,59,60,63.255507402665366,1.4811063486774856e-10,2.3630765864646186e-05,0.00018903108441992167,4,8,2184616.11112,34734.983586
2024-09-01 19:00:00,schloemer,L51,59,61,63.40163867784625,1.6610202102640415e-10,2.9532812176324974e-05,0.00023623874186828875,4,8,2184616.11112,34734.983586
2024-09-01 19:00:00,schloemer,L52,60,61,63.55571818779739,1.8742629670498445e-10,3.720494561632037e-05,0.00029760155947300415,4,8,2184616.11112,34734.983586
2024-09-01 19:00:00,schloemer,L53,61,65,65.26995208922773,7.130891432893804e-10,0.0003712062871970012,0.002965797769532319,4,8,2184616.11112,34734.983586
2024-09-01 19:00:00,schloemer,L54,61,66,63.32237015078439,1.560888085450074e-10,2.618115149766176e-05,0.00020943064453526894,4,8,2184616.11112,34734.983586
2024-09-01 19:00:00,schloemer,L55,62,58,65.85096141341029,1.1039524849820737e-09,0.0007233015776049179,0.021473013377948713,13,30,2185148.89802,34751.629934
2024-09-01 19:00:00,schloemer,L56,62,63,64.71940130035763,4.650339002765236e-10,0.00018671127550085043,0.0014927163149712763,4,8,2184616.11112,34734.983586
2024-09-01 19:00:00,schloemer,L57,63,60,64.01422626750887,2.6282598319937733e-10,7.085598410283556e-05,0.003324815018973526,20,47,2185512.78098,34763.759366
2024-09-01 19:00:00,schloemer,L58,63,64,64.95815105943849,5.598701502407266e-10,0.00025297629729925664,0.002022021603488522,4,8,2184616.11112,34734.983586
2024-09-01 19:00:00,schloemer,L59,64,65,66.05687842328459,1.281322492552306e-09,0.0009027836264202671,0.042426895901461203,20,48,2185545.98792,34764.866264
2024-09-01 19:00:00,schloemer,L60,64,67,67.73872180691211,4.522555219210744e-09,0.004666099417049763,0.3527113827609698,38,93,2186503.81292,34796.793764
2024-09-01 19:00:00,schloemer,L61,65,66,64.86466588520291,5.206459707807198e-10,0.00022484792824883915,0.001797370556691602,4,8,2184616.11112,34734.983586
2024-09-01 19:00:00,schloemer,L62,67,68,73.72024894565078,3.562917648691766e-07,0.16465342856507137,0.9999951367019114,28,68,2185978.45538,34779.281846
2024-09-01 19:00:00,schloemer,L63,68,69,81.83423777005363,6.232371769676615e-05,0.7686449481648592,0.9999917941490113,4,8,2184616.11112,34734.983586
2024-09-01 19:00:00,schloemer,L64,68,74,79.02320897569928,1.1866973509189194e-05,0.5786516796925026,0.999006633475717,4,8,2184616.11112,34734.983586
2024-09-01 19:00:00,schloemer,L65,68,76,75.89448742129882,1.6083231466623715e-06,0.3213772454491117,0.9550194721798214,4,8,2184616.11112,34734.983586
2024-09-01 19:00:00,schloemer,L66,69,70,87.83313359649672,0.0013352170274895103,0.957286018461145,0.9999999999889785,4,8,2184616.11112,34734.983586
2024-09-01 19:00:00,schloemer,L67,69,73,84.88548383206891,0.00032191999951047823,0.8962463789690359,0.9999999865888266,4,8,2184616.11112,34734.983586
2024-09-01 19:00:00,schloemer,L68,69,74,82.88035174121991,0.00011153226063964627,0.8214556269635045,0.9999989677721348,4,8,2184616.11112,34734.983586
2024-09-01 19:00:00,schloemer,L69,70,71,91.03680001091602,0.005203326241642325,0.9850656345018263,0.9999999999999976,4,8,2184616.11112,34734.983586
2024-09-01 19:00:00,schloemer,L70,70,72,89.72494142548123,0.0030518563511600094,0.9768382714363475,0.9999999999999182,4,8,2184616.11112,34734.983586
2024-09-01 19:00:00,schloemer,L71,73,74,82.03968599356939,6.997784944307028e-05,0.7798109433248857,0.9999944761194489,4,8,2184616.11112,34734.983586
2024-09-01 19:00:00,schloemer,L72,74,76,76.7669978225649,2.8513915283356894e-06,0.39293819648466066,0.9815558642872779,4,8,2184616.11112,34734.983586
2024-09-01 19:00:00,schloemer,L73,74,117,80.03755779816973,2.1929462948655498e-05,0.6546525313798446,0.999797692436264,4,8,2184616.11112,34734.983586
2024-09-01 19:00:00,schloemer,L74,75,76,75.07768918182427,9.314544394678492e-07,0.2580677072057883,0.9081852246216746,4,8,2184616.11112,34734.983586
2024-09-01 19:00:00,schloemer,L75,75,117,78.15314007048715,6.913556210741412e-06,0.5086136258731712,0.9966008301467928,4,8,2184616.11112,34734.983586
2024-09-01 19:00:00,schloemer,L76,76,77,72.91934285596393,2.1040167319519298e-07,0.12166363315951989,0.6457690103072269,4,8,2184616.11112,34734.983586
2024-09-01 19:00:00,schloemer,L77,76,79,70.21549799758353,3.007259474774315e-08,0.030355079855104328,0.21854898353606123,4,8,2184616.11112,34734.983586
2024-09-01 19:00:00,schloemer,L78,76,79,70.21549799758353,3.007259474774315e-08,0.030355079855104328,0.21854898353606123,4,8,2184616.11112,34734.983586
2024-09-01 19:00:00,schloemer,L79,76,81,70.73448105922984,4.396585873145398e-08,0.04146229321890238,0.28735451563979086,4,8,2184616.11112,34734.983586
2024-09-01 19:00:00,schloemer,L80,77,78,70.59179192016305,3.9617736646846424e-08,0.03814481835288075,0.26738223983815856,4,8,2184616.11112,34734.983586
2024-09-01 19:00:00,schloemer,L81,78,79,68.11067639648999,6.270723940104972e-09,0.006585949897003451,0.05148899652894878,4,8,2184616.11112,34734.983586
2024-09-01 19:00:00,schloemer,L82,79,95,65.20157594245468,6.762796989079334e-10,0.0003416980062249664,0.002730319769975398,4,8,2184616.11112,34734.983586
2024-09-01 19:00:00,schloemer,L83,79,96,65.34603562065995,7.563830672907557e-10,0.0004067112232081227,0.0032490649743593947,4,8,2184616.11112,34734.983586
2024-09-01 19:00:00,schloemer,L84,79,97,66.17348212962085,1.432614249452513e-09,0.0010404064543448888,0.008293011825485808,4,8,2184616.11112,34734.983586
2024-09-01 19:00:00,schloemer,L85,79,98,65.02033939821678,5.875704367497292e-10,0.0002734063835487799,0.0021851615282245662,4,8,2184616.11112,34734.983586
2024-09-01 19:00:00,schloemer,L86,80,67,69.51367922452448,1.7302153709763957e-08,0.01885318828985827,0.7459919074112092,30,72,2186055.70436,34781.856812
2024-09-01 19:00:00,schloemer,L87,80,79,67.98873619760431,5.534627867120889e-09,0.005836150341957946,0.33227189258783685,28,69,2185981.58126,34779.386042
2024-09-01 19:00:00,schloemer,L88,81,82,66.97800682787984,2.6540984965350845e-09,0.002370051755395841,0.01880388771020791,4,8,2184616.11112,34734.983586
2024-09-01 19:00:00,schloemer,L89,81,95,65.60262691091297,9.224857544509746e-10,0.0005499709816167986,0.004391311729540437,4,8,2184616.11112,34734.983586
2024-09-01 19:00:00,schloemer,L90,93,95,61.4666576902151,3.618572108621265e-11,1.1077968368189417e-06,8.862485074145887e-06,4,8,2184616.11112,34734.983586
2024-09-01 19:00:00,schloemer,L91,95,96,63.54894150679051,1.864336462986671e-10,3.683222252348628e-05,0.0002946205433475013,4,8,2184616.11112,34734.983586
2024-09-01 19:00:00,schloemer,L92,115,67,69.40446807804716,1.6325619967005878e-08,0.017653657099196307,0.4034123541317437,13,29,2185126.88168,34750.896056
2024-09-01 20:00:00,schloemer,L0,22,23,95.74023923938863,0.027099541514780556,0.9970871047274935,1.0,4,8,2184616.11112,34734.983586
2024-09-01 20:00:00,schloemer,L1,23,69,91.35362933458069,0.005890280721824626,0.9865869784324498,0.999999999999999,4,8,2184616.11112,34734.983586
2024-09-01 20:00:00,schloemer,L2,23,71,94.26881194668567,0.016890017251874667,0.9951074457699363,1.0,4,8,2184616.11112,34734.983586
2024-09-01 20:00:00,schloemer,L3,29,37,57.99753348349233,2.316924430090239e-12,3.717491869892342e-10,2.9832611936342346e-09,4,8,2184616.11112,34734.983586
2024-09-01 20:00:00,schloemer,L4,32,36,55.87830252320146,4.338751580235112e-13,5.297984273511247e-13,5.973888050903042e-12,4,8,2184616.11112,34734.983586
2024-09-01 20:00:00,schloemer,L5,33,36,58.04935919361827,2.4140689447449404e-12,4.288411847852558e-10,3.440385754061026e-09,4,8,2184616.11112,34734.983586
2024-09-01 20:00:00,schloemer,L6,33,42,60.95105116769678,2.4068413928546306e-11,4.056612638025925e-07,3.245381775984768e-06,4,8,2184616.11112,34734.983586
2024-09-01 20:00:00,schloemer,L7,34,36,55.264070782900234,2.6756374893466273e-13,5.995204332975845e-14,1.5498713423767185e-12,4,8,2184616.11112,34734.983586
2024-09-01 20:00:00,schloemer,L8,36,38,57.28905580299703,1.322164600026099e-12,4.867595215785059e-11,3.946962756629091e-10,4,8,2184616.11112,34734.983586
2024-09-01 20:00:00,schloemer,L9,36,39,58.92812086193554,4.8446802125567956e-12,4.305617418154384e-09,3.4464317510973785e-08,4,8,2184616.11112,34734.983586
2024-09-01 20:00:00,schloemer,L10,37,36,58.416171576560615,3.1651348209038588e-12,1.1159213553213476e-09,5.362752630855283e-08,20,48,2185542.33716,34764.744572
2024-09-01 20:00:00,schloemer,L11,37,64,62.96914154771454,1.1828049650830508e-10,1.5094818812677602e-05,0.00012075264385924545,4,8,2184616.11112,34734.983586
2024-09-01 20:00:00,schloemer,L12,38,39,59.192367746481004,5.973888050903042e-12,8.266145212765252e-09,6.615305536694649e-08,4,8,2184616.11112,34734.983586
2024-09-01 20:00:00,schloemer,L13,39,40,62.191534019137805,6.412959052681799e-11,4.132811627477473e-06,3.3062271289963086e-05,4,8,2184616.11112,34734.983586
2024-09-01 20:00:00,schloemer,L14,39,41,63.93597798746314,2.524052078456407e-10,6.462441077303982e-05,0.0005168793735910171,4,8,2184616.11112,34734.983586
2024-09-01 20:00:00,schloemer,L15,40,41,65.30287474899207,7.315134054053374e-10,0.0003862136076625555,0.003085538496195195,4,8,2184616.11112,34734.983586
2024-09-01 20:00:00,schloemer,L16,41,48,71.27865537055149,6.526894780201076e-08,0.056102448753044154,0.36991554980752983,4,8,2184616.11112,34734.983586
2024-09-01 20:00:00,schloemer,L17,41,48,71.27865537055149,6.526894780201076e-08,0.056102448753044154,0.36991554980752983,4,8,2184616.11112,34734.983586
2024-09-01 20:00:00,schloemer,L18,42,43,65.3569699990279,7.628153664285264e-10,0.0004120564588314668,0.0032917044930883543,4,8,2184616.11112,34734.983586
2024-09-01 20:00:00,schloemer,L19,43,44,70.61622338732695,4.033109879397756e-08,0.03869818880482068,0.2707473524569032,4,8,2184616.11112,34734.983586
2024-09-01 20:00:00,schloemer,L20,44,45,75.93525528441918,1.6523523752587366e-06,0.32464937516105286,0.9567255479290324,4,8,2184616.11112,34734.983586
2024-09-01 20:00:00,schloemer,L21,44,48,74.51988534442157,6.379694514890843e-07,0.2179437767766571,0.8600726201638693,4,8,2184616.11112,34734.983586
2024-09-01 20:00:00,schloemer,L22,45,46,78.91752795872648,1.1120562036004422e-05,0.5703450030622426,0.9988387128567874,4,8,2184616.11112,34734.983586
2024-09-01 20:00:00,schloemer,L23,45,47,79.39976540219443,1.4935339443744589e-05,0.6076970414743481,0.999439020848516,4,8,2184616.11112,34734.983586
2024-09-01 20:00:00,schloemer,L24,46,48,77.5006172459371,4.573615558833843e-06,0.45435779310009416,0.9921430188864362,4,8,2184616.11112,34734.983586
2024-09-01 20:00:00,schloemer,L25,46,68,79.59513614163177,1.681239381956523e-05,0.6223970444119725,0.9995867109743063,4,8,2184616.11112,34734.983586
2024-09-01 20:00:00,schloemer,L26,47,48,77.86978812994997,5.782840546642021e-06,0.4851683978428444,0.9950647229831414,4,8,2184616.11112,34734.983586
2024-09-01 20:00:00,schloemer,L27,48,49,76.38487482980204,2.222050005329379e-06,0.36125852272943204,0.9722925162621057,4,8,2184616.11112,34734.983586
2024-09-01 20:00:00,schloemer,L28,48,50,77.54681267400349,4.710418196385291e-06,0.45822414710201864,0.9925775210749889,4,8,2184616.11112,34734.983586
2024-09-01 20:00:00,schloemer,L29,48,53,74.6823794293282,7.126471333052109e-07,0.22932842968221911,0.8755618720251761,4,8,2184616.11112,34734.983586
2024-09-01 20:00:00,schloemer,L30,48,53,74.6823794293282,7.126471333052109e-07,0.22932842968221911,0.8755618720251761,4,8,2184616.11112,34734.983586
2024-09-01 20:00:00,schloemer,L31,48,65,71.7492181821322,9.160508074312901e-08,0.07148744984765365,0.44753843850144837,4,8,2184616.11112,34734.983586
2024-09-01 20:00:00,schloemer,L32,48,65,71.7492181821322,9.160508074312901e-08,0.07148744984765365,0.44753843850144837,4,8,2184616.11112,34734.983586
2024-09-01 20:00:00,schloemer,L33,48,68,78.14884159043795,6.894917391919719e-06,0.5082597315451473,0.9965811959156071,4,8,2184616.11112,34734.983586
2024-09-01 20:00:00,schloemer,L34,49,56,76.46931006341353,2.348374281480048e-06,0.36822282093957415,0.9746190779542859,4,8,2184616.11112,34734.983586
2024-09-01 20:00:00,schloemer,L35,50,51,79.64964713955179,1.7375018730780845e-05,0.6264503657492602,0.9996208977688615,4,8,2184616.11112,34734.983586
2024-09-01 20:00:00,schloemer,L36,50,57,78.13438840779084,6.832599239392501e-06,0.507069358369101,0.9965144232028627,4,8,2184616.11112,34734.983586
2024-09-01 20:00:00,schloemer,L37,51,52,77.85713949277098,5.736751219731495e-06,0.4841169149737954,0.9949835054986492,4,8,2184616.11112,34734.983586
2024-09-01 20:00:00,schloemer,L38,52,53,74.56335408301209,6.571671410382507e-07,0.22096347526765558,0.8643369998948918,4,8,2184616.11112,34734.983586
2024-09-01 20:00:00,schloemer,L39,53,54,71.64911566262383,8.525025241290507e-08,0.06799301595893026,0.43068426644982427,4,8,2184616.11112,34734.983586
2024-09-01 20:00:00,schloemer,L40,53,55,72.81872859339184,1.9601233747224e-07,0.11666191507518542,0.6293062171125948,4,8,2184616.11112,34734.983586
2024-09-01 20:00:00,schloemer,L41,53,58,70.48561637487641,3.665856396217748e-08,0.035808914571236805,0.25302712584940024,4,8,2184616.11112,34734.983586
2024-09-01 20:00:00,schloemer,L42,54,55,71.23552003985706,6.326407475665263e-08,0.054822061491474616,0.3630453690985693,4,8,2184616.11112,34734.983586
2024-09-01 20:00:00,schloemer,L43,54,58,69.01709747369179,1.2380597991246134e-08,0.013436861363155694,0.10257315588689131,4,8,2184616.11112,34734.983586
2024-09-01 20:00:00,schloemer,L44,55,56,74.10568705815074,4.803373871986594e-07,0.19016506348867446,0.8150002110443291,4,8,2184616.11112,34734.983586
2024-09-01 20:00:00,schloemer,L45,55,57,74.69539308360713,7.189816857433584e-07,0.2302514383789782,0.8767491737727858,4,8,2184616.11112,34734.983586
2024-09-01 20:00:00,schloemer,L46,55,58,70.13017033150442,2.8244522609632838e-08,0.028772309351394187,0.20828586370244773,4,8,2184616.11112,34734.983586
2024-09-01 20:00:00,schloemer,L47,55,58,70.13017033150442,2.8244522609632838e-08,0.028772309351394187,0.20828586370244773,4,8,2184616.11112,34734.983586
2024-09-01 20:00:00,schloemer,L48,58,59,65.90026455068262,1.1607734773377842e-09,0.0007712197498590534,0.006153134438912966,4,8,2184616.11112,34734.983586
2024-09-01 20:00:00,schloemer,L49,58,60,66.1467031760061,1.4034021722508783e-09,0.001010780679386758,0.008057701788920069,4,8,2184616.11112,34734.983586
2024-09-01 20:00:00,schloemer,L50,59,60,64.18831392959106,3.0741220680141623e-10,9.196023639213013e-05,0.000735446376244342,4,8,2184616.11112,34734.983586
2024-09-01 20:00:00,schloemer,L51,59,61,64.36588030489035,3.530962189302045e-10,0.00011712457829604617,0.0009366140187228034,4,8,2184616.11112,34734.983586
2024-09-01 20:00:00,schloemer,L52,60,61,64.54961490581312,4.074582893309753e-10,0.00014962073173097057,0.0011963408510917706,4,8,2184616.11112,34734.983586
2024-09-01 20:00:00,schloemer,L53,61,65,66.41964979287266,1.7309210731397684e-09,0.0013506784020616003,0.010754490521730165,4,8,2184616.11112,34734.983586
2024-09-01 20:00:00,schloemer,L54,61,66,64.35010352855265,3.487784505651348e-10,0.0001146583252419342,0.0009168999772867226,4,8,2184616.11112,34734.983586
2024-09-01 20:00:00,schloemer,L55,62,58,66.90841059527952,2.486070793672468e-09,0.00219683668746673,0.06384819470483971,13,30,2185148.89802,34751.629934
2024-09-01 20:00:00,schloemer,L56,62,63,65.79958910322098,1.0740431877209744e-09,0.0006888484841320874,0.005497524091857775,4,8,2184616.11112,34734.983586
2024-09-01 20:00:00,schloemer,L57,63,60,65.05717580870586,5.921060308722303e-10,0.0002815019102878624,0.013145300028180262,20,47,2185512.78098,34763.759366
2024-09-01 20:00:00,schloemer,L58,63,64,66.15430564051526,1.4116350310899861e-09,0.0010191147151864532,0.008123901865283778,4,8,2184616.11112,34734.983586
2024-09-01 20:00:00,schloemer,L59,64,65,67.33027143626667,3.395899339508901e-09,0.0032673375785992054,0.14537204322940445,20,48,2185545.98792,34764.866264
2024-09-01 20:00:00,schloemer,L60,64,67,69.17577069148767,1.3311623137113315e-08,0.014765894300025506,0.7492924271902995,38,93,2186503.81292,34796.793764
2024-09-01 20:00:00,schloemer,L61,65,66,66.01473626990871,1.267827953732592e-09,0.0008753933997448504,0.006981732978114219,4,8,2184616.11112,34734.983586
2024-09-01 20:00:00,schloemer,L62,67,68,75.52635202444615,1.2190175175952334e-06,0.2904390473972289,0.9999999999263309,28,68,2185978.45538,34779.281846
2024-09-01 20:00:00,schloemer,L63,68,69,84.03172750573596,0.0002068493690021711,0.8683640908265897,0.9999999099184921,4,8,2184616.11112,34734.983586
2024-09-01 20:00:00,schloemer,L64,68,74,81.08903116789313,4.0687659047633495e-05,0.7248681737033112,0.9999671711276941,4,8,2184616.11112,34734.983586
2024-09-01 20:00:00,schloemer,L65,68,76,77.7741196801775,5.4428833428099566e-06,0.47720682921902347,0.9944200566352991,4,8,2184616.11112,34734.983586
2024-09-01 20:00:00,schloemer,L66,69,70,89.99593428898085,0.003416526987415014,0.9788273642505575,0.9999999999999601,4,8,2184616.11112,34734.983586
2024-09-01 20:00:00,schloemer,L67,69,73,87.08764425602081,0.0009462519946580317,0.9460807051690131,0.999999999928828,4,8,2184616.11112,34734.983586
2024-09-01 20:00:00,schloemer,L68,69,74,85.05138072979358,0.000350263228816039,0.9010446427430343,0.9999999908186633,4,8,2184616.11112,34734.983586
2024-09-01 20:00:00,schloemer,L69,70,71,92.92328956586734,0.010591154338555953,0.9921767801221941,1.0,4,8,2184616.11112,34734.983586
2024-09-01 20:00:00,schloemer,L70,70,72,91.54612454733795,0.006345378787624978,0.9874376755436542,0.9999999999999994,4,8,2184616.11112,34734.983586
2024-09-01 20:00:00,schloemer,L71,73,74,84.15315320220047,0.00022046059689273534,0.8726697488557142,0.9999999309649341,4,8,2184616.11112,34734.983586
2024-09-01 20:00:00,schloemer,L72,74,76,78.63021764603478,9.31155103511827e-06,0.5474560565828384,0.9982409836366788,4,8,2184616.11112,34734.983586
2024-09-01 20:00:00,schloemer,L73,74,117,82.0338579317731,6.974900011647023e-05,0.7794995813755112,0.9999944133151137,4,8,2184616.11112,34734.983586
2024-09-01 20:00:00,schloemer,L74,75,76,76.78537700009784,2.885637071292635e-06,0.39447081363364145,0.9819251111988946,4,8,2184616.11112,34734.983586
2024-09-01 20:00:00,schloemer,L75,75,117,79.97784883681271,2.116107931771083e-05,0.6503870626978954,0.9997768159262553,4,8,2184616.11112,34734.983586
2024-09-01 20:00:00,schloemer,L76,76,77,74.49512864579299,6.272802365314689e-07,0.21623254544003512,0.8576043520782051,4,8,2184616.11112,34734.983586
2024-09-01 20:00:00,schloemer,L77,76,79,71.67117190735776,8.66123409659636e-08,0.06875251180499675,0.4343852004908543,4,8,2184616.11112,34734.983586
2024-09-01 20:00:00,schloemer,L78,76,79,71.67117190735776,8.66123409659636e-08,0.06875251180499675,0.4343852004908543,4,8,2184616.11112,34734.983586
2024-09-01 20:00:00,schloemer,L79,76,81,72.1875327705907,1.2532456283853577e-07,0.08824668228402033,0.5224502733710144,4,8,2184616.11112,34734.983586
2024-09-01 20:00:00,schloemer,L80,77,78,71.96819584640122,1.071631623439373e-07,0.07956052083064558,0.4848167697226252,4,8,2184616.11112,34734.983586
2024-09-01 20:00:00,schloemer,L81,78,79,69.38994042837334,1.6342174058436854e-08,0.01757443000425274,0.13224478639591175,4,8,2184616.11112,34734.983586
2024-09-01 20:00:00,schloemer,L82,79,95,66.33988016450121,1.628085888327746e-09,0.0012422550524002762,0.0098949445218659,4,8,2184616.11112,34734.983586
2024-09-01 20:00:00,schloemer,L83,79,96,66.48066373635943,1.813886041368562e-09,0.0014391274721585745,0.01145520310044501,4,8,2184616.11112,34734.983586
2024-09-01 20:00:00,schloemer,L84,79,97,67.34610334045718,3.5135855336321242e-09,0.0033600035752784363,0.026566048170442835,4,8,2184616.11112,34734.983586
2024-09-01 20:00:00,schloemer,L85,79,98,66.17337180506426,1.4324926800313165e-09,0.0010402828469134873,0.008292030144403939,4,8,2184616.11112,34734.983586
2024-09-01 20:00:00,schloemer,L86,80,67,71.06073736655166,5.383516110679665e-08,0.049209581702467364,0.9735695449041318,30,72,2186055.70436,34781.856812
2024-09-01 20:00:00,schloemer,L87,80,79,69.36554849500453,1.5528945906950753e-08,0.01701394745239515,0.6939676362954474,28,69,2185981.58126,34779.386042
2024-09-01 20:00:00,schloemer,L88,81,82,68.11918314720056,6.3110964232393485e-09,0.006632931488827487,0.05184780120068222,4,8,2184616.11112,34734.983586
2024-09-01 20:00:00,schloemer,L89,81,95,66.73416214635687,2.202749760371603e-09,0.0018632395489237563,0.014809079942310066,4,8,2184616.11112,34734.983586
2024-09-01 20:00:00,schloemer,L90,93,95,62.38198451365935,7.451594896679126e-11,5.73795827696344e-06,4.590304239981968e-05,4,8,2184616.11112,34734.983586
2024-09-01 20:00:00,schloemer,L91,95,96,64.56795839743258,4.1332137712402073e-10,0.00015327770391782014,0.0012255656506992008,4,8,2184616.11112,34734.983586
2024-09-01 20:00:00,schloemer,L92,115,67,70.95448029573468,5.099523370244441e-08,0.04677441131368376,0.7507272614389311,13,29,2185126.88168,34750.896056
2024-09-01 21:00:00,schloemer,L0,22,23,97.06519109281054,0.04014118894046159,0.9981792088993713,1.0,4,8,2184616.11112,34734.983586
2024-09-01 21:00:00,schloemer,L1,23,69,93.51765836186878,0.013069357587829344,0.9936373605085256,1.0,4,8,2184616.11112,34734.983586
2024-09-01 21:00:00,schloemer,L2,23,71,95.93781051588834,0.0287908246493358,0.997283844084223,1.0,4,8,2184616.11112,34734.983586
2024-09-01 21:00:00,schloemer,L3,29,37,58.85788721521476,4.5822234895354086e-12,3.608960574830178e-09,2.8890013159532657e-08,4,8,2184616.11112,34734.983586
2024-09-01 21:00:00,schloemer,L4,32,36,56.66609375405044,8.079092950197264e-13,7.166822690862773e-12,6.056621870698109e-11,4,8,2184616.11112,34734.983586
2024-09-01 21:00:00,schloemer,L5,33,36,58.93969345472825,4.889311178146727e-12,4.432109013130514e-09,3.547642879464519e-08,4,8,2184616.11112,34734.983586
2024-09-01 21:00:00,schloemer,L6,33,42,61.98941603105556,5.46792611189062e-11,2.8943268662873223e-06,2.3154599083974325e-05,4,8,2184616.11112,34734.983586
2024-09-01 21:00:00,schloemer,L7,34,36,56.015359952943555,4.833911049217932e-13,8.463230116717568e-13,8.704148513061227e-12,4,8,2184616.11112,34734.983586
2024-09-01 21:00:00,schloemer,L8,36,38,58.149279404933196,2.6130209107577684e-12,5.635965028005785e-10,4.519224106047659e-09,4,8,2184616.11112,34734.983586
2024-09-01 21:00:00,schloemer,L9,36,39,59.8720688085386,1.0239586956117819e-11,4.071509684955288e-08,3.2576168673692507e-07,4,8,2184616.11112,34734.983586
2024-09-01 21:00:00,schloemer,L10,37,36,59.31916373519911,6.473932501194213e-12,1.0896128999071664e-08,5.231435366015447e-07,20,48,2185542.33716,34764.744572
2024-09-01 21:00:00,schloemer,L11,37,64,64.1047314892912,2.879879668071794e-10,8.191585361594367e-05,0.000655140125105147,4,8,2184616.11112,34734.983586
2024-09-01 21:00:00,schloemer,L12,38,39,60.156325839356555,1.2826850692704284e-11,7.663809975522184e-08,6.131559410205156e-07,4,8,2184616.11112,34734.983586
2024-09-01 21:00:00,schloemer,L13,39,40,63.3206566542327,1.558790874156557e-10,2.6112739722750078e-05,0.00020888344966030203,4,8,2184616.11112,34734.983586
2024-09-01 21:00:00,schloemer,L14,39,41,65.15906388382619,6.543491304356053e-10,0.00032443127592096666,0.002592507571225755,4,8,2184616.11112,34734.983586
2024-09-01 21:00:00,schloemer,L15,40,41,66.60791198351522,1.999763021842682e-09,0.0016400683519305348,0.013045486170526255,4,8,2184616.11112,34734.983586
2024-09-01 21:00:00,schloemer,L16,41,48,72.90863590465618,2.0882276741129857e-07,0.12112520526501169,0.6440281027047939,4,8,2184616.11112,34734.983586
2024-09-01 21:00:00,schloemer,L17,41,48,72.90863590465618,2.0882276741129857e-07,0.12112520526501169,0.6440281027047939,4,8,2184616.11112,34734.983586
2024-09-01 21:00:00,schloemer,L18,42,43,66.63919865100294,2.048274105881376e-09,0.001693076812471439,0.013464631533870564,4,8,2184616.11112,34734.983586
2024-09-01 21:00:00,schloemer,L19,43,44,72.20601532494882,1.269854787988578e-07,0.08900636700720899,0.525624214116632,4,8,2184616.11112,34734.983586
2024-09-01 21:00:00,schloemer,L20,44,45,77.83742273811441,5.665609741245525e-06,0.48247714049759216,0.9948545132998068,4,8,2184616.11112,34734.983586
2024-09-01 21:00:00,schloemer,L21,44,48,76.3198302969929,2.12923391507136e-06,0.3559103489556732,0.9703812401564884,4,8,2184616.11112,34734.983586
2024-09-01 21:00:00,schloemer,L22,45,46,81.00868971516762,3.8836920344120784e-05,0.7198448114651412,0.9999620578538214,4,8,2184616.11112,34734.983586
2024-09-01 21:00:00,schloemer,L23,45,47,81.46394283614755,5.048491105108521e-05,0.7475317834074865,0.9999834968823976,4,8,2184616.11112,34734.983586
2024-09-01 21:00:00,schloemer,L24,46,48,79.49580542735636,1.5831570700286512e-05,0.6149564783053887,0.9995168843966544,4,8,2184616.11112,34734.983586
2024-09-01 21:00:00,schloemer,L25,46,68,81.76327531842497,5.9868937793639e-05,0.7646972533349647,0.9999906046715458,4,8,2184616.11112,34734.983586
2024-09-01 21:00:00,schloemer,L26,47,48,79.82880466752813,1.935339072278719e-05,0.6396181684702299,0.9997155083760517,4,8,2184616.11112,34734.983586
2024-09-01 21:00:00,schloemer,L27,48,49,78.19772235111019,7.10974344497739e-06,0.5122804664677721,0.9967985343448563,4,8,2184616.11112,34734.983586
2024-09-01 21:00:00,schloemer,L28,48,50,79.38848100532996,1.4833272951375598e-05,0.6068399503472506,0.9994291404356866,4,8,2184616.11112,34734.983586
2024-09-01 21:00:00,schloemer,L29,48,53,76.34699952190343,2.16753905035727e-06,0.35814243259278533,0.9711925006138454,4,8,2184616.11112,34734.983586
2024-09-01 21:00:00,schloemer,L30,48,53,76.34699952190343,2.16753905035727e-06,0.35814243259278533,0.9711925006138454,4,8,2184616.11112,34734.983586
2024-09-01 21:00:00,schloemer,L31,48,65,73.33616512701555,2.817810857980163e-07,0.14375801399677457,0.7110839501506124,4,8,2184616.11112,34734.983586
2024-09-01 21:00:00,schloemer,L32,48,65,73.33616512701555,2.817810857980163e-07,0.14375801399677457,0.7110839501506124,4,8,2184616.11112,34734.983586
2024-09-01 21:00:00,schloemer,L33,48,68,80.22084403609699,2.445755880697842e-05,0.6675675170698356,0.9998508630905186,4,8,2184616.11112,34734.983586
2024-09-01 21:00:00,schloemer,L34,49,56,78.10514285553296,6.708149341672076e-06,0.5046586307461296,0.9963756915694503,4,8,2184616.11112,34734.983586
2024-09-01 21:00:00,schloemer,L35,50,51,81.30449370412491,4.607255474908811e-05,0.7380503567374206,0.9999778352696257,4,8,2184616.11112,34734.983586
2024-09-01 21:00:00,schloemer,L36,50,57,79.74828407537963,1.843902896359051e-05,0.633729622487348,0.9996761213379973,4,8,2184616.11112,34734.983586
2024-09-01 21:00:00,schloemer,L37,51,52,79.27615029383733,1.3852912447154253e-05,0.5982617863459101,0.9993215449367939,4,8,2184616.11112,34734.983586
2024-09-01 21:00:00,schloemer,L38,52,53,75.95731370459424,1.6766587728200832e-06,0.32642350916125706,0.9576266836462579,4,8,2184616.11112,34734.983586
2024-09-01 21:00:00,schloemer,L39,53,54,72.93077645077993,2.1210057921106085e-07,0.1222402220106118,0.6476250395177359,4,8,2184616.11112,34734.983586
2024-09-01 21:00:00,schloemer,L40,53,55,74.1696937183396,5.019483719781448e-07,0.19433635725728182,0.8224873721847159,4,8,2184616.11112,34734.983586
2024-09-01 21:00:00,schloemer,L41,53,58,71.74736973071637,9.148364354949479e-08,0.07142181680413939,0.4472259495697273,4,8,2184616.11112,34734.983586
2024-09-01 21:00:00,schloemer,L42,54,55,72.43390181989386,1.4931621927782857e-07,0.09873051843341352,0.5646514885414118,4,8,2184616.11112,34734.983586
2024-09-01 21:00:00,schloemer,L43,54,58,70.13920600069528,2.8432822762880505e-08,0.028936833201920642,0.2093581455595348,4,8,2184616.11112,34734.983586
2024-09-01 21:00:00,schloemer,L44,55,56,75.48848090715099,1.2273967066045444e-06,0.28932569898408833,0.9349327044710259,4,8,2184616.11112,34734.983586
2024-09-01 21:00:00,schloemer,L45,55,57,76.05816628606969,1.7922603153808225e-06,0.33456646588526406,0.9615554881131029,4,8,2184616.11112,34734.983586
2024-09-01 21:00:00,schloemer,L46,55,58,71.31660307429243,6.708401079080772e-08,0.057246510059096645,0.3759993045780684,4,8,2184616.11112,34734.983586
2024-09-01 21:00:00,schloemer,L47,55,58,71.31660307429243,6.708401079080772e-08,0.057246510059096645,0.3759993045780684,4,8,2184616.11112,34734.983586
2024-09-01 21:00:00,schloemer,L48,58,59,66.91029717568108,2.5203323872347028e-09,0.0022185753086586546,0.017611404060816738,4,8,2184616.11112,34734.983586
2024-09-01 21:00:00,schloemer,L49,58,60,67.19873360881847,3.140710025384408e-09,0.0029277045288667036,0.023183047967347048,4,8,2184616.11112,34734.983586
2024-09-01 21:00:00,schloemer,L50,59,60,65.14692828783015,6.482190340051375e-10,0.00031964831761632784,0.0025543300541029934,4,8,2184616.11112,34734.983586
2024-09-01 21:00:00,schloemer,L51,59,61,65.36109060835796,7.652533051683008e-10,0.0004140870756520476,0.0033079025232251036,4,8,2184616.11112,34734.983586
2024-09-01 21:00:00,schloemer,L52,60,61,65.57933260423724,9.060239225533451e-10,0.0005353214904383341,0.004274560182386811,4,8,2184616.11112,34734.983586
2024-09-01 21:00:00,schloemer,L53,61,65,67.62528364181983,4.343587711730379e-09,0.004330305172307369,0.03412193762540816,4,8,2184616.11112,34734.983586
2024-09-01 21:00:00,schloemer,L54,61,66,65.42214917749376,8.022965625187339e-10,0.0004452451055805273,0.003556418172895759,4,8,2184616.11112,34734.983586
2024-09-01 21:00:00,schloemer,L55,62,58,67.99804344946513,5.689127946517658e-09,0.005947738694980442,0.16386482151825577,13,30,2185148.89802,34751.629934
2024-09-01 21:00:00,schloemer,L56,62,63,66.92502752783457,2.5488549049157427e-09,0.0022507944521485967,0.01786515226941565,4,8,2184616.11112,34734.983586
2024-09-01 21:00:00,schloemer,L57,63,60,66.1427270396075,1.3699442691361696e-09,0.0009917754450443628,0.045565827523556646,20,47,2185512.78098,34763.759366
2024-09-01 21:00:00,schloemer,L58,63,64,67.41902421451329,3.713916174596932e-09,0.0035934413627727313,0.028388573196578393,4,8,2184616.11112,34734.983586
2024-09-01 21:00:00,schloemer,L59,64,65,68.68107483734696,9.418585467102503e-09,0.01030451489448414,0.39175829750614954,20,48,2185545.98792,34764.866264
2024-09-01 21:00:00,schloemer,L60,64,67,70.71491292247681,4.1400870176566684e-08,0.040273827723201094,0.9781374009547036,38,93,2186503.81292,34796.793764
2024-09-01 21:00:00,schloemer,L61,65,66,67.22390176570764,3.201503617766832e-09,0.0029979483250349714,0.023733446924919743,4,8,2184616.11112,34734.983586
2024-09-01 21:00:00,schloemer,L62,67,68,77.46849189827762,4.341588905498739e-06,0.4496456190492608,1.0,28,68,2185978.45538,34779.281846
2024-09-01 21:00:00,schloemer,L63,68,69,86.357347391296,0.0006684919053054905,0.9326122485923601,0.9999999995758826,4,8,2184616.11112,34734.983586
2024-09-01 21:00:00,schloemer,L64,68,74,83.29254189648749,0.00013952097119185325,0.8395512697448393,0.9999995610168133,4,8,2184616.11112,34734.983586
2024-09-01 21:00:00,schloemer,L65,68,76,79.78384306471975,1.8837626831857968e-05,0.636336107608455,0.9996941075642466,4,8,2184616.11112,34734.983586
2024-09-01 21:00:00,schloemer,L66,69,70,92.16401132476177,0.00801999652525165,0.9898324328659844,0.9999999999999999,4,8,2184616.11112,34734.983586
2024-09-01 21:00:00,schloemer,L67,69,73,89.36607003403887,0.0026225242268582694,0.9739333559808792,0.9999999999997891,4,8,2184616.11112,34734.983586
2024-09-01 21:00:00,schloemer,L68,69,74,87.32760313731391,0.0010583757796912563,0.9499477589567747,0.9999999999607763,4,8,2184616.11112,34734.983586
2024-09-01 21:00:00,schloemer,L69,70,71,94.69298549299181,0.019433707561316682,0.9957848138753992,1.0,4,8,2184616.11112,34734.983586
2024-09-01 21:00:00,schloemer,L70,70,72,93.27964943109164,0.012023435546691275,0.9930874563378473,1.0,4,8,2184616.11112,34734.983586
2024-09-01 21:00:00,schloemer,L71,73,74,86.37189866430667,0.0006732023453460689,0.9329073605207836,0.9999999995905233,4,8,2184616.11112,34734.983586
2024-09-01 21:00:00,schloemer,L72,74,76,80.60862645572298,3.074995091434385e-05,0.6939719145413101,0.9999230804272145,4,8,2184616.11112,34734.983586
2024-09-01 21:00:00,schloemer,L73,74,117,84.13625060876345,0.00021851708348852306,0.8720773836116751,0.999999928352833,4,8,2184616.11112,34734.983586
2024-09-01 21:00:00,schloemer,L74,75,76,78.58873766024821,9.074897762362255e-06,0.5441172988887832,0.9981344403593103,4,8,2184616.11112,34734.983586
2024-09-01 21:00:00,schloemer,L75,75,117,81.8907493904063,6.434629533069725e-05,0.7717553326393594,0.9999926363467061,4,8,2184616.11112,34734.983586
2024-09-01 21:00:00,schloemer,L76,76,77,76.15734820858155,1.913436417089187e-06,0.34262202750967674,0.9651247076596229,4,8,2184616.11112,34734.983586
2024-09-01 21:00:00,schloemer,L77,76,79,73.21092335997194,2.581635214493616e-07,0.1368883646893837,0.6920109180143736,4,8,2184616.11112,34734.983586
2024-09-01 21:00:00,schloemer,L78,76,79,73.21092335997194,2.581635214493616e-07,0.1368883646893837,0.6920109180143736,4,8,2184616.11112,34734.983586
2024-09-01 21:00:00,schloemer,L79,76,81,73.71912528954232,3.677993465345253e-07,0.16596880303049266,0.765869643172217,4,8,2184616.11112,34734.983586
2024-09-01 21:00:00,schloemer,L80,77,78,73.40657658007271,2.9596924633334964e-07,0.14770631563453496,0.721571525480473,4,8,2184616.11112,34734.983586
2024-09-01 21:00:00,schloemer,L81,78,79,70.73104997621061,4.385601659606664e-08,0.04138007702396873,0.2868653653063352,4,8,2184616.11112,34734.983586
2024-09-01 21:00:00,schloemer,L82,79,95,67.53217153825692,4.047268631346412e-09,0.003983108581215311,0.03142418124306112,4,8,2184616.11112,34734.983586
2024-09-01 21:00:00,schloemer,L83,79,96,67.66739979450634,4.484547844185727e-09,0.004495618987086503,0.03540413229778583,4,8,2184616.11112,34734.983586
2024-09-01 21:00:00,schloemer,L84,79,97,68.57270375909239,8.877719115396587e-09,0.009577515404776249,0.07410036308415346,4,8,2184616.11112,34734.983586
2024-09-01 21:00:00,schloemer,L85,79,98,67.38495126538669,3.618945365602144e-09,0.0034826918928412276,0.027524288507390304,4,8,2184616.11112,34734.983586
2024-09-01 21:00:00,schloemer,L86,80,67,72.72099764908805,1.7673084851121956e-07,0.11078651485084934,0.9997869740079989,30,72,2186055.70436,34781.856812
2024-09-01 21:00:00,schloemer,L87,80,79,70.82782161546977,4.553484223013271e-08,0.04319641666533325,0.9524914066237392,28,69,2185981.58126,34779.386042
2024-09-01 21:00:00,schloemer,L88,81,82,69.30130571875766,1.530028992391408e-08,0.016508705045295113,0.12468547445189448,4,8,2184616.11112,34734.983586
2024-09-01 21:00:00,schloemer,L89,81,95,67.91520380463531,5.410035863739893e-09,0.005580867171327997,0.043784534304447065,4,8,2184616.11112,34734.983586
2024-09-01 21:00:00,schloemer,L90,93,95,63.33107856102055,1.5715884149614112e-10,2.653139985331343e-05,0.00021223211874921155,4,8,2184616.11112,34734.983586
2024-09-01 21:00:00,schloemer,L91,95,96,65.6277967120613,9.406057044358818e-10,0.0005662008871325508,0.004520644663654538,4,8,2184616.11112,34734.983586
2024-09-01 21:00:00,schloemer,L92,115,67,72.61944786444027,1.6829753790581492e-07,0.10674451193801726,0.9621301006496276,13,29,2185126.88168,34750.896056
2024-09-01 22:00:00,schloemer,L0,22,23,97.94075709060337,0.05118046326086556,0.9986662849253822,1.0,4,8,2184616.11112,34734.983586
2024-09-01 22:00:00,schloemer,L1,23,69,95.56682468683617,0.025682481371661292,0.9969028639825568,1.0,4,8,2184616.11112,34734.983586
2024-09-01 22:00:00,schloemer,L2,23,71,97.32838772608909,0.04324210879994794,0.9983417963019043,1.0,4,8,2184616.11112,34734.983586
2024-09-01 22:00:00,schloemer,L3,29,37,59.772776629783145,9.464540262626997e-12,3.249151159234742e-08,2.5996992136789743e-07,4,8,2184616.11112,34734.983586
2024-09-01 22:00:00,schloemer,L4,32,36,57.505761761139276,1.5695222899125838e-12,9.212164364669206e-11,7.432512383331868e-10,4,8,2184616.11112,34734.983586
2024-09-01 22:00:00,schloemer,L5,33,36,59.89037324883067,1.038924501983729e-11,4.2432936053771186e-08,3.395049950061235e-07,4,8,2184616.11112,34734.983586
2024-09-01 22:00:00,schloemer,L6,33,42,63.10108209962944,1.3119938468975079e-10,1.8591968160674988e-05,0.00014872659184894665,4,8,2184616.11112,34734.983586
2024-09-01 22:00:00,schloemer,L7,34,36,56.81461876022519,9.084955010507656e-13,1.1443845870928726e-11,9.518474897163287e-11,4,8,2184616.11112,34734.983586
2024-09-01 22:00:00,schloemer,L8,36,38,59.0681083020886,5.413336445769801e-12,6.096818050416175e-09,4.879619674991176e-08,4,8,2184616.11112,34734.983586
2024-09-01 22:00:00,schloemer,L9,36,39,60.88221710890071,2.279232358404215e-11,3.531680358159761e-07,2.825431963282554e-06,4,8,2184616.11112,34734.983586
2024-09-01 22:00:00,schloemer,L10,37,36,60.282921926706784,1.3893219907856746e-11,9.818573187825308e-08,4.713182118809556e-06,20,48,2185542.33716,34764.744572
2024-09-01 22:00:00,schloemer,L11,37,64,65.32078427501787,7.417332303916169e-10,0.00039460386474132747,0.0031524773728315303,4,8,2184616.11112,34734.983586
2024-09-01 22:00:00,schloemer,L12,38,39,61.18908153228494,2.905553575516251e-11,6.497264971594419e-07,5.197916378874012e-06,4,8,2184616.11112,34734.983586
2024-09-01 22:00:00,schloemer,L13,39,40,64.5345905110567,4.027175259935234e-10,0.0001466846507826025,0.001172876533122369,4,8,2184616.11112,34734.983586
2024-09-01 22:00:00,schloemer,L14,39,41,66.47537906646063,1.8065473561534873e-09,0.0014312707101555855,0.011392977720530384,4,8,2184616.11112,34734.983586
2024-09-01 22:00:00,schloemer,L15,40,41,68.01449409165372,5.831578442361263e-09,0.006073895998306766,0.047570661889329346,4,8,2184616.11112,34734.983586
2024-09-01 22:00:00,schloemer,L16,41,48,74.66391855847105,7.037538679588451e-07,0.22802189113436566,0.8738641150332193,4,8,2184616.11112,34734.983586
2024-09-01 22:00:00,schloemer,L17,41,48,74.66391855847105,7.037538679588451e-07,0.22802189113436566,0.8738641150332193,4,8,2184616.11112,34734.983586
2024-09-01 22:00:00,schloemer,L18,42,43,68.0169747921347,5.842514472220728e-09,0.006086668777329884,0.04766857361494081,4,8,2184616.11112,34734.983586
2024-09-01 22:00:00,schloemer,L19,43,44,73.9178526695819,4.220075309202542e-07,0.1781912114430808,0.7919510550148382,4,8,2184616.11112,34734.983586
2024-09-01 22:00:00,schloemer,L20,44,45,79.88031933580831,1.9960869649726654e-05,0.6433596650432357,0.9997382968221568,4,8,2184616.11112,34734.983586
2024-09-01 22:00:00,schloemer,L21,44,48,78.25143396141652,7.35320108113946e-06,0.5166891063530046,0.9970228556059523,4,8,2184616.11112,34734.983586
2024-09-01 22:00:00,schloemer,L22,45,46,83.24844865216662,0.00013623900383807896,0.8376866010905605,0.9999995184977846,4,8,2184616.11112,34734.983586
2024-09-01 22:00:00,schloemer,L23,45,47,83.66014687194685,0.0001699139860991128,0.8544493232147463,0.9999997987116511,4,8,2184616.11112,34734.983586
2024-09-01 22:00:00,schloemer,L24,46,48,81.63479431670106,5.565520936834378e-05,0.7574309908130403,0.9999880164407252,4,8,2184616.11112,34734.983586
2024-09-01 22:00:00,schloemer,L25,46,68,84.09239830303491,0.00021354908847837084,0.8705300339227964,0.9999999211173919,4,8,2184616.11112,34734.983586
2024-09-01 22:00:00,schloemer,L26,47,48,81.91539094699192,6.52474983170448e-05,0.7731023263548018,0.999992976930036,4,8,2184616.11112,34734.983586
2024-09-01 22:00:00,schloemer,L27,48,49,80.12026873511249,2.3037856517138522e-05,0.6605142792589549,0.9998235863952292,4,8,2184616.11112,34734.983586
2024-09-01 22:00:00,schloemer,L28,48,50,81.33071994994033,4.67722915241664e-05,0.7396259252257983,0.9999788796717326,4,8,2184616.11112,34734.983586
2024-09-01 22:00:00,schloemer,L29,48,53,78.10531215221062,6.708863458992909e-06,0.5046725937273159,0.9963765088126998,4,8,2184616.11112,34734.983586
2024-09-01 22:00:00,schloemer,L30,48,53,78.10531215221062,6.708863458992909e-06,0.5046725937273159,0.9963765088126998,4,8,2184616.11112,34734.983586
2024-09-01 22:00:00,schloemer,L31,48,65,75.0317892252187,9.030427442491273e-07,0.2546591643625715,0.9047559709381163,4,8,2184616.11112,34734.983586
2024-09-01 22:00:00,schloemer,L32,48,65,75.0317892252187,9.030427442491273e-07,0.2546591643625715,0.9047559709381163,4,8,2184616.11112,34734.983586
2024-09-01 22:00:00,schloemer,L33,48,68,82.44905923441497,8.794854632987459e-05,0.8008970636322188,0.9999975312987818,4,8,2184616.11112,34734.983586
2024-09-01 22:00:00,schloemer,L34,49,56,79.80460403425323,1.907413050861173e-05,0.6378534968082225,0.9997041706676636,4,8,2184616.11112,34734.983586
2024-09-01 22:00:00,schloemer,L35,50,51,82.98314656306158,0.00011797112237643681,0.8261087089732746,0.9999991643629144,4,8,2184616.11112,34734.983586
2024-09-01 22:00:00,schloemer,L36,50,57,81.39832442458771,4.86227255702687e-05,0.7436581986973282,0.9999813589236304,4,8,2184616.11112,34734.983586
2024-09-01 22:00:00,schloemer,L37,51,52,80.6925193648724,3.2300382484029555e-05,0.6995145916570643,0.9999335444913136,4,8,2184616.11112,34734.983586
2024-09-01 22:00:00,schloemer,L38,52,53,77.38222012698205,4.240215411344117e-06,0.444440105508661,0.9909251442990851,4,8,2184616.11112,34734.983586
2024-09-01 22:00:00,schloemer,L39,53,54,74.24967692151475,5.302840464516123e-07,0.19961247716528296,0.8315769384683012,4,8,2184616.11112,34734.983586
2024-09-01 22:00:00,schloemer,L40,53,55,75.56111809597303,1.2884362490250822e-06,0.2949826375500889,0.9389625668501089,4,8,2184616.11112,34734.983586
2024-09-01 22:00:00,schloemer,L41,53,58,73.05343056863107,2.3118753933459857e-07,0.12853063957976274,0.6673277474359438,4,8,2184616.11112,34734.983586
2024-09-01 22:00:00,schloemer,L42,54,55,73.65580734461827,3.519969783427612e-07,0.1621731451019689,0.7572084307223608,4,8,2184616.11112,34734.983586
2024-09-01 22:00:00,schloemer,L43,54,58,71.28940165837271,6.577801514584536e-08,0.056424749346143055,0.3716346703753055,4,8,2184616.11112,34734.983586
2024-09-01 22:00:00,schloemer,L44,55,56,76.90486473197163,3.1181363657761807e-06,0.40444891418541906,0.9841748895595201,4,8,2184616.11112,34734.983586
2024-09-01 22:00:00,schloemer,L45,55,57,77.44361711265304,4.4100757840004334e-06,0.4495843782287492,0.9915760001490136,4,8,2184616.11112,34734.983586
2024-09-01 22:00:00,schloemer,L46,55,58,72.53448563904766,1.6035105365741487e-07,0.10323377938567657,0.5817522160368115,4,8,2184616.11112,34734.983586
2024-09-01 22:00:00,schloemer,L47,55,58,72.53448563904766,1.6035105365741487e-07,0.10323377938567657,0.5817522160368115,4,8,2184616.11112,34734.983586
2024-09-01 22:00:00,schloemer,L48,58,59,67.95141122406629,5.560158555795169e-09,0.005756591146378276,0.045135483102294316,4,8,2184616.11112,34734.983586
2024-09-01 22:00:00,schloemer,L49,58,60,68.2884658931372,7.169886129254621e-09,0.007627948436430554,0.059419037049574075,4,8,2184616.11112,34734.983586
2024-09-01 22:00:00,schloemer,L50,59,60,66.13923577120491,1.3953618260842404e-09,0.0010026533103688617,0.00799313961353354,4,8,2184616.11112,34734.983586
2024-09-01 22:00:00,schloemer,L51,59,61,66.39606444496143,1.6998652485611387e-09,0.0013177880830204103,0.010493815501122161,4,8,2184616.11112,34734.983586
2024-09-01 22:00:00,schloemer,L52,60,61,66.65453977012506,2.0724839622232594e-09,0.0017196112335862157,0.01367438443567126,4,8,2184616.11112,34734.983586
2024-09-01 22:00:00,schloemer,L53,61,65,68.89956259276256,1.1340076988552994e-08,0.012310544220575759,0.09434389368331109,4,8,2184616.11112,34734.983586
2024-09-01 22:00:00,schloemer,L54,61,66,66.55013631279772,1.913144309639847e-09,0.001545981862982826,0.012301147304552895,4,8,2184616.11112,34734.983586
2024-09-01 22:00:00,schloemer,L55,62,58,69.1270085099693,1.3273433352445352e-08,0.014475446180662432,0.35431099072361716,13,30,2185148.89802,34751.629934
2024-09-01 22:00:00,schloemer,L56,62,63,68.10649911726436,6.2509920573106115e-09,0.006562981793007183,0.05131354282637457,4,8,2184616.11112,34734.983586
2024-09-01 22:00:00,schloemer,L57,63,60,67.28163631225902,3.2751936718256047e-09,0.0031240375912394702,0.13675752683790332,20,47,2185512.78098,34763.759366
2024-09-01 22:00:00,schloemer,L58,63,64,68.76827615012826,1.0279317064210147e-08,0.011144824179488033,0.08575728063191035,4,8,2184616.11112,34734.983586
2024-09-01 22:00:00,schloemer,L59,64,65,70.12647785478539,2.7550155268230014e-08,0.028435689179111767,0.7496000067116814,20,48,2185545.98792,34764.866264
2024-09-01 22:00:00,schloemer,L60,64,67,72.37821520849323,1.3711822621775838e-07,0.09494264637466965,0.9999064863161018,38,93,2186503.81292,34796.793764
2024-09-01 22:00:00,schloemer,L61,65,66,68.505941487257,8.443738375163434e-09,0.009086111031674005,0.07041884546465771,4,8,2184616.11112,34734.983586
2024-09-01 22:00:00,schloemer,L62,67,68,79.56976943383575,1.6056363248195815e-05,0.6186480299770212,1.0,28,68,2185978.45538,34779.281846
2024-09-01 22:00:00,schloemer,L63,68,69,88.80751604878222,0.0020612658108712933,0.9687276389551585,0.9999999999990928,4,8,2184616.11112,34734.983586
2024-09-01 22:00:00,schloemer,L64,68,74,85.64466175756048,0.00047166055557390507,0.9166893141453751,0.9999999976837463,4,8,2184616.11112,34734.983586
2024-09-01 22:00:00,schloemer,L65,68,76,81.94145667600844,6.621375117943362e-05,0.7745210437365989,0.9999933206669729,4,8,2184616.11112,34734.983586
2024-09-01 22:00:00,schloemer,L66,69,70,94.28056808123937,0.016956559496071222,0.9951275821877785,1.0,4,8,2184616.11112,34734.983586
2024-09-01 22:00:00,schloemer,L67,69,73,91.69313083160914,0.006713335859742986,0.9880522652191384,0.9999999999999996,4,8,2184616.11112,34734.983586
2024-09-01 22:00:00,schloemer,L68,69,74,89.69790456466487,0.003017451247563252,0.9766304626054484,0.9999999999999121,4,8,2184616.11112,34734.983586
2024-09-01 22:00:00,schloemer,L69,70,71,96.27529185346621,0.031876704873480266,0.9975899636447086,1.0,4,8,2184616.11112,34734.983586
2024-09-01 22:00:00,schloemer,L70,70,72,94.8731676990984,0.020606720363230413,0.9960438700307206,1.0,4,8,2184616.11112,34734.983586
2024-09-01 22:00:00,schloemer,L71,73,74,88.68979890298935,0.0019577861634981764,0.9675139706955785,0.9999999999987692,4,8,2184616.11112,34734.983586
2024-09-01 22:00:00,schloemer,L72,74,76,82.71477127778604,0.00010185047370137035,0.8137617637437728,0.9999985533153977,4,8,2184616.11112,34734.983586
2024-09-01 22:00:00,schloemer,L73,74,117,86.34681991200587,0.0006651029326694147,0.932398028809243,0.9999999995649701,4,8,2184616.11112,34734.983586
2024-09-01 22:00:00,schloemer,L74,75,76,80.49911050470006,2.883215067639444e-05,0.6866444640121665,0.9999070501086916,4,8,2184616.11112,34734.983586
2024-09-01 22:00:00,schloemer,L75,75,117,83.89553152802102,0.0001925177754760199,0.8633945194887662,0.9999998788257008,4,8,2184616.11112,34734.983586
2024-09-01 22:00:00,schloemer,L76,76,77,77.9185406146822,5.963834448730054e-06,0.489217686275616,0.9953668490706902,4,8,2184616.11112,34734.983586
2024-09-01 22:00:00,schloemer,L77,76,79,74.85015088476436,7.986261230108482e-07,0.2413514132525736,0.8902703894796123,4,8,2184616.11112,34734.983586
2024-09-01 22:00:00,schloemer,L78,76,79,74.85015088476436,7.986261230108482e-07,0.2413514132525736,0.8902703894796123,4,8,2184616.11112,34734.983586
2024-09-01 22:00:00,schloemer,L79,76,81,75.34275659586255,1.1132656693169096e-06,0.27808933901700716,0.9262323906218917,4,8,2184616.11112,34734.983586
2024-09-01 22:00:00,schloemer,L80,77,78,74.91686085408749,8.355377931756891e-07,0.24620472062651277,0.8957620515114758,4,8,2184616.11112,34734.983586
2024-09-01 22:00:00,schloemer,L81,78,79,72.14645116289036,1.217084111271305e-07,0.08657361466606928,0.5153946450802865,4,8,2184616.11112,34734.983586
2024-09-01 22:00:00,schloemer,L82,79,95,68.79159769037012,1.0460341481888236e-08,0.011345013857375519,0.08723691010248069,4,8,2184616.11112,34734.983586
2024-09-01 22:00:00,schloemer,L83,79,96,68.91887742550813,1.1504959873676057e-08,0.012490152530490461,0.0956605823937201,4,8,2184616.11112,34734.983586
2024-09-01 22:00:00,schloemer,L84,79,97,69.86568154986226,2.3243589497567996e-08,0.02426891699850986,0.17843660522245308,4,8,2184616.11112,34734.983586
2024-09-01 22:00:00,schloemer,L85,79,98,68.6693616708421,9.545183532466694e-09,0.010327699328536166,0.07969600922011577,4,8,2184616.11112,34734.983586
2024-09-01 22:00:00,schloemer,L86,80,67,74.51784238975102,6.156041660876355e-07,0.21610653642637057,0.9999999756499933,30,72,2186055.70436,34781.856812
2024-09-01 22:00:00,schloemer,L87,80,79,72.39361874722208,1.4042095319855008e-07,0.09598041218774,0.9990531759158731,28,69,2185981.58126,34779.386042
2024-09-01 22:00:00,schloemer,L88,81,82,70.53338929037477,3.79621994950341e-08,0.03684615509893274,0.2594314999731776,4,8,2184616.11112,34734.983586
2024-09-01 22:00:00,schloemer,L89,81,95,69.15763606010714,1.374850788771198e-08,0.014892058358686455,0.11310840735159244,4,8,2184616.11112,34734.983586
2024-09-01 22:00:00,schloemer,L90,93,95,64.32524161873533,3.4208014199066383e-10,0.0001108676778025508,0.0008865986998555231,4,8,2184616.11112,34734.983586
2024-09-01 22:00:00,schloemer,L91,95,96,66.7399630353197,2.2125502541214814e-09,0.0018741005585370951,0.014894837852803433,4,8,2184616.11112,34734.983586
2024-09-01 22:00:00,schloemer,L92,115,67,74.4232548644936,5.903038999832688e-07,0.21070687906807573,0.9989530935352532,13,29,2185126.88168,34750.896056
2024-09-01 23:00:00,schloemer,L0,22,23,98.25168219253675,0.05561761721110736,0.9988059447387148,1.0,4,8,2184616.11112,34734.983586
2024-09-01 23:00:00,schloemer,L1,23,69,97.36938639562231,0.04374156796098738,0.9983657880748639,1.0,4,8,2184616.11112,34734.983586
2024-09-01 23:00:00,schloemer,L2,23,71,98.33824438208958,0.056903539315363516,0.998842157724985,1.0,4,8,2184616.11112,34734.983586
2024-09-01 23:00:00,schloemer,L3,29,37,60.75866310232832,2.0668800004841614e-11,2.746556356791885e-07,2.1973256482121784e-06,4,8,2184616.11112,34734.983586
2024-09-01 23:00:00,schloemer,L4,32,36,58.414157200693,3.223310507394217e-12,1.1469554195286946e-09,9.188536598259134e-09,4,8,2184616.11112,34734.983586
2024-09-01 23:00:00,schloemer,L5,33,36,60.91921095114825,2.3469448606761034e-11,3.805248488530921e-07,3.0442886138626335e-06,4,8,2184616.11112,34734.983586
2024-09-01 23:00:00,schloemer,L6,33,42,64.30528335403291,3.367954803934481e-10,0.00010790764961532417,0.0008629365795919108,4,8,2184616.11112,34734.983586
2024-09-01 23:00:00,schloemer,L7,34,36,57.678045310761114,1.7988943668001411e-12,1.514218750386931e-10,1.2185705777767453e-09,4,8,2184616.11112,34734.983586
2024-09-01 23:00:00,schloemer,L8,36,38,60.06333473982713,1.1915579634091955e-11,6.244907913011133e-08,4.996401861134814e-07,4,8,2184616.11112,34734.983586
2024-09-01 23:00:00,schloemer,L9,36,39,61.97732438489795,5.4160120832591474e-11,2.8325565771814e-06,2.2660444599753582e-05,4,8,2184616.11112,34734.983586
2024-09-01 23:00:00,schloemer,L10,37,36,61.32515930874675,3.1691760327134944e-11,8.248592779924735e-07,3.959311168033608e-05,20,48,2185542.33716,34764.744572
2024-09-01 23:00:00,schloemer,L11,37,64,66.63682380022526,2.044551417057505e-09,0.001689001323302186,0.013432411595110327,4,8,2184616.11112,34734.983586
2024-09-01 23:00:00,schloemer,L12,38,39,62.30989205861012,7.040079630371565e-11,5.072002149941746e-06,4.057557849279636e-05,4,8,2184616.11112,34734.983586
2024-09-01 23:00:00,schloemer,L13,39,40,65.85464464626595,1.1206463534918498e-09,0.0007328696729370643,0.005847945119753395,4,8,2184616.11112,34734.983586
2024-09-01 23:00:00,schloemer,L14,39,41,67.90699024231658,5.376540657131557e-09,0.005541641119769736,0.04348274001467245,4,8,2184616.11112,34734.983586
2024-09-01 23:00:00,schloemer,L15,40,41,69.5456369182277,1.834369101061384e-08,0.01957919827669674,0.14631017444764605,4,8,2184616.11112,34734.983586
2024-09-01 23:00:00,schloemer,L16,41,48,76.5661341111982,2.5017664921911376e-06,0.3762363012915967,0.9770830706696613,4,8,2184616.11112,34734.983586
2024-09-01 23:00:00,schloemer,L17,41,48,76.5661341111982,2.5017664921911376e-06,0.3762363012915967,0.9770830706696613,4,8,2184616.11112,34734.983586
2024-09-01 23:00:00,schloemer,L18,42,43,69.51159737374145,1.7886502834407736e-08,0.019126074212973854,0.1431486429322968,4,8,2184616.11112,34734.983586
2024-09-01 23:00:00,schloemer,L19,43,44,75.77355407047122,1.4842844162643587e-06,0.31172497628648077,0.9496390977713299,4,8,2184616.11112,34734.983586
2024-09-01 23:00:00,schloemer,L20,44,45,82.07954633824858,7.156213662540267e-05,0.7819320379139751,0.9999948877674735,4,8,2184616.11112,34734.983586
2024-09-01 23:00:00,schloemer,L21,44,48,80.33147566009796,2.6115257483749765e-05,0.6752298571226223,0.9998762448150568,4,8,2184616.11112,34734.983586
2024-09-01 23:00:00,schloemer,L22,45,46,85.644036269724,0.0004715142359943414,0.9166740136263813,0.9999999976803396,4,8,2184616.11112,34734.983586
2024-09-01 23:00:00,schloemer,L23,45,47,85.98878051593044,0.0005588317140082788,0.924746279504707,0.999999998973751,4,8,2184616.11112,34734.983586
2024-09-01 23:00:00,schloemer,L24,46,48,83.92902323954804,0.00019595339369982145,0.864630446319091,0.9999998873250078,4,8,2184616.11112,34734.983586
2024-09-01 23:00:00,schloemer,L25,46,68,86.59121593311588,0.000747993695426219,0.9372189419091078,0.9999999997593814,4,8,2184616.11112,34734.983586
2024-09-01 23:00:00,schloemer,L26,47,48,84.13523514720545,0.000218400833063348,0.8720417242860601,0.9999999281928664,4,8,2184616.11112,34734.983586
2024-09-01 23:00:00,schloemer,L27,48,49,82.15864168142305,7.480657993752526e-05,0.7860974354378447,0.9999956187506079,4,8,2184616.11112,34734.983586
2024-09-01 23:00:00,schloemer,L28,48,50,83.37392684335167,0.00014577416164129886,0.8429488766434532,0.9999996301078427,4,8,2184616.11112,34734.983586
2024-09-01 23:00:00,schloemer,L29,48,53,79.96400935459485,2.098667872474369e-05,0.6493943890153061,0.999771695517184,4,8,2184616.11112,34734.983586
2024-09-01 23:00:00,schloemer,L30,48,53,79.96400935459485,2.098667872474369e-05,0.6493943890153061,0.999771695517184,4,8,2184616.11112,34734.983586
2024-09-01 23:00:00,schloemer,L31,48,65,76.85232608684575,3.01376526024022e-06,0.4000587291876133,0.9832171901454778,4,8,2184616.11112,34734.983586
2024-09-01 23:00:00,schloemer,L32,48,65,76.85232608684575,3.01376526024022e-06,0.4000587291876133,0.9832171901454778,4,8,2184616.11112,34734.983586
2024-09-01 23:00:00,schloemer,L33,48,68,84.84632306303176,0.0003155476703686766,0.895085507605754,0.9999999853399443,4,8,2184616.11112,34734.983586
2024-09-01 23:00:00,schloemer,L34,49,56,81.5636996683353,5.3445689498721194e-05,0.7533445198515838,0.9999863027524533,4,8,2184616.11112,34734.983586
2024-09-01 23:00:00,schloemer,L35,50,51,84.66563172196322,0.0002876345024936944,0.8895866969576336,0.9999999779366491,4,8,2184616.11112,34734.983586
2024-09-01 23:00:00,schloemer,L36,50,57,83.07124708654545,0.00012376574842243304,0.8300220465759822,0.9999993034925743,4,8,2184616.11112,34734.983586
2024-09-01 23:00:00,schloemer,L37,51,52,82.08888187890526,7.19380468421349e-05,0.7824266864502488,0.9999949798113947,4,8,2184616.11112,34734.983586
2024-09-01 23:00:00,schloemer,L38,52,53,78.83249733501361,1.0552819411202563e-05,0.5636160418198619,0.9986849814311003,4,8,2184616.11112,34734.983586
2024-09-01 23:00:00,schloemer,L39,53,54,75.60623809131319,1.3278200754474057e-06,0.2985144823053657,0.9413662908697656,4,8,2184616.11112,34734.983586
2024-09-01 23:00:00,schloemer,L40,53,55,76.99218433301009,3.299349567775778e-06,0.41175354877667647,0.9856626530404188,4,8,2184616.11112,34734.983586
2024-09-01 23:00:00,schloemer,L41,53,58,74.40721477818468,5.907081971345818e-07,0.2102067576942852,0.8486068303871934,4,8,2184616.11112,34734.983586
2024-09-01 23:00:00,schloemer,L42,54,55,74.89983204416308,8.259612810368466e-07,0.24496200004546864,0.8943792999077328,4,8,2184616.11112,34734.983586
2024-09-01 23:00:00,schloemer,L43,54,58,72.46992833347734,1.5318067048131212e-07,0.10032855930232787,0.5707886389744585,4,8,2184616.11112,34734.983586
2024-09-01 23:00:00,schloemer,L44,55,56,78.35056291482863,7.823668104034454e-06,0.5247979123638431,0.9973997618368852,4,8,2184616.11112,34734.983586
2024-09-01 23:00:00,schloemer,L45,55,57,78.84458780557121,1.0631820496209698e-05,0.5645752305880973,0.9987079284178104,4,8,2184616.11112,34734.983586
2024-09-01 23:00:00,schloemer,L46,55,58,73.78528866287259,3.850485675860327e-07,0.16998627767263474,0.7747413324226944,4,8,2184616.11112,34734.983586
2024-09-01 23:00:00,schloemer,L47,55,58,73.78528866287259,3.850485675860327e-07,0.16998627767263474,0.7747413324226944,4,8,2184616.11112,34734.983586
2024-09-01 23:00:00,schloemer,L48,58,59,69.02967650674984,1.2497371137953905e-08,0.013562209658424917,0.103484935059732,4,8,2184616.11112,34734.983586
2024-09-01 23:00:00,schloemer,L49,58,60,69.42300235268264,1.674840199861194e-08,0.017985780363702575,0.1351472265172412,4,8,2184616.11112,34734.983586
2024-09-01 23:00:00,schloemer,L50,59,60,67.17329330118821,3.080417032563787e-09,0.002858146496141023,0.0226377548115827,4,8,2184616.11112,34734.983586
2024-09-01 23:00:00,schloemer,L51,59,61,67.47990383080402,3.889763400266588e-09,0.0037988385411664716,0.029989706023801688,4,8,2184616.11112,34734.983586
2024-09-01 23:00:00,schloemer,L52,60,61,67.78535030769211,4.903766948061161e-09,0.004987429016810707,0.03920987062612602,4,8,2184616.11112,34734.983586
2024-09-01 23:00:00,schloemer,L53,61,65,70.25594564757522,3.097921263961467e-08,0.03112835277244408,0.22352062857758737,4,8,2184616.11112,34734.983586
2024-09-01 23:00:00,schloemer,L54,61,66,67.74658844642927,4.7619062026882375e-09,0.0048210065591471896,0.03792352903031837,4,8,2184616.11112,34734.983586
2024-09-01 23:00:00,schloemer,L55,62,58,70.30197473812979,3.165007966821065e-08,0.03185786353715225,0.6214062052489941,13,30,2185148.89802,34751.629934
2024-09-01 23:00:00,schloemer,L56,62,63,69.3552326947388,1.592613974032986e-08,0.017150737500708724,0.1292463546443342,4,8,2184616.11112,34734.983586
2024-09-01 23:00:00,schloemer,L57,63,60,68.48524076061472,8.138261176071637e-09,0.00883870453200386,0.34115438877440163,20,47,2185512.78098,34763.759366
2024-09-01 23:00:00,schloemer,L58,63,64,70.2196539903611,3.0164536868326763e-08,0.030433846039935264,0.21905667002317808,4,8,2184616.11112,34734.983586
2024-09-01 23:00:00,schloemer,L59,64,65,71.68535664325924,8.558333386421424e-08,0.06871564325608126,0.9671942449151105,20,48,2185545.98792,34764.866264
2024-09-01 23:00:00,schloemer,L60,64,67,74.19037343790193,4.865774279050328e-07,0.19359315825791523,0.9999999979604567,38,93,2186503.81292,34796.793764
2024-09-01 23:00:00,schloemer,L61,65,66,69.87572546398,2.341653759785345e-08,0.02442918620671275,0.17951555588060797,4,8,2184616.11112,34734.983586
2024-09-01 23:00:00,schloemer,L62,67,68,81.85321882470326,6.116489486285293e-05,0.7682836755158647,1.0,28,68,2185978.45538,34779.281846
2024-09-01 23:00:00,schloemer,L63,68,69,91.35880937516393,0.005902142769686258,0.9866105758941605,0.999999999999999,4,8,2184616.11112,34734.983586
2024-09-01 23:00:00,schloemer,L64,68,74,88.14709032464448,0.001538745274445863,0.9613354568126533,0.9999999999950361,4,8,2184616.11112,34734.983586
2024-09-01 23:00:00,schloemer,L65,68,76,84.26198126648843,0.00023336527663442297,0.8764301364011667,0.9999999456880877,4,8,2184616.11112,34734.983586
2024-09-01 23:00:00,schloemer,L66,69,70,96.2564419359936,0.03169760836216984,0.9975738041552829,1.0,4,8,2184616.11112,34734.983586
2024-09-01 23:00:00,schloemer,L67,69,73,94.01396241347729,0.015500426463827655,0.9946503542425127,1.0,4,8,2184616.11112,34734.983586
2024-09-01 23:00:00,schloemer,L68,69,74,92.13092775973817,0.00792147933673315,0.9897161939619346,0.9999999999999999,4,8,2184616.11112,34734.983586
2024-09-01 23:00:00,schloemer,L69,70,71,97.59134829301505,0.04652420835126325,0.9984897998769892,1.0,4,8,2184616.11112,34734.983586
2024-09-01 23:00:00,schloemer,L70,70,72,96.26682679676942,0.03179617650387423,0.9975827200249817,1.0,4,8,2184616.11112,34734.983586
2024-09-01 23:00:00,schloemer,L71,73,74,91.08479428748547,0.0053026348964124725,0.985306234666258,0.9999999999999979,4,8,2184616.11112,34734.983586
2024-09-01 23:00:00,schloemer,L72,74,76,84.95693268133866,0.00033385525010787287,0.8983364793292623,0.9999999886042975,4,8,2184616.11112,34734.983586
2024-09-01 23:00:00,schloemer,L73,74,117,88.65775053879456,0.001930437165501897,0.9671760801540122,0.9999999999986628,4,8,2184616.11112,34734.983586
2024-09-01 23:00:00,schloemer,L74,75,76,82.52500373817882,9.172783090904968e-05,0.8046395652893501,0.99999787903477,4,8,2184616.11112,34734.983586
2024-09-01 23:00:00,schloemer,L75,75,117,85.98947169741066,0.0005590208530753538,0.9247617531947631,0.9999999989754387,4,8,2184616.11112,34734.983586
2024-09-01 23:00:00,schloemer,L76,76,77,79.7898954770771,1.8906284112940597e-05,0.6367788055061374,0.9996970739550867,4,8,2184616.11112,34734.983586
2024-09-01 23:00:00,schloemer,L77,76,79,76.60461219857758,2.565370406548695e-06,0.3794282148354824,0.9780046056643814,4,8,2184616.11112,34734.983586
2024-09-01 23:00:00,schloemer,L78,76,79,76.60461219857758,2.565370406548695e-06,0.3794282148354824,0.9780046056643814,4,8,2184616.11112,34734.983586
2024-09-01 23:00:00,schloemer,L79,76,81,77.07168672915876,3.473129194686564e-06,0.41841112188143126,0.9869105105037672,4,8,2184616.11112,34734.983586
2024-09-01 23:00:00,schloemer,L80,77,78,76.50808255526056,2.4086774279563627e-06,0.3714284419290034,0.9756312291978655,4,8,2184616.11112,34734.983586
2024-09-01 23:00:00,schloemer,L81,78,79,73.64893039233219,3.5032098044673887e-07,0.16176380479120855,0.756257831812654,4,8,2184616.11112,34734.983586
2024-09-01 23:00:00,schloemer,L82,79,95,70.1324353624164,2.829160983264245e-08,0.028813483621032532,0.2085543357260088,4,8,2184616.11112,34734.983586
2024-09-01 23:00:00,schloemer,L83,79,96,70.2487195551187,3.081529909021441e-08,0.03098910799572585,0.22262742328521046,4,8,2184616.11112,34734.983586
2024-09-01 23:00:00,schloemer,L84,79,97,71.23821107702085,6.338736835420633e-08,0.05490131764292305,0.36347252927046203,4,8,2184616.11112,34734.983586
2024-09-01 23:00:00,schloemer,L85,79,98,70.04230803429735,2.6476127956698292e-08,0.027209915653521266,0.19803939372933033,4,8,2184616.11112,34734.983586
2024-09-01 23:00:00,schloemer,L86,80,67,76.47719706401509,2.2822099515762417e-06,0.36679411857491373,0.9999999999999949,30,72,2186055.70436,34781.856812
2024-09-01 23:00:00,schloemer,L87,80,79,74.08268297302627,4.576401009259712e-07,0.18718623145644342,0.9999993842888756,28,69,2185981.58126,34779.386042
2024-09-01 23:00:00,schloemer,L88,81,82,71.82438795806425,9.66792157441887e-08,0.07419199431117318,0.46028152153137025,4,8,2184616.11112,34734.983586
2024-09-01 23:00:00,schloemer,L89,81,95,70.47412383771855,3.635156131664985e-08,0.03556272198369459,0.2514999287745141,4,8,2184616.11112,34734.983586
2024-09-01 23:00:00,schloemer,L90,93,95,65.3770660700041,7.747785746303748e-10,0.0004220447198254318,0.0033713776459934897,4,8,2184616.11112,34734.983586
2024-09-01 23:00:00,schloemer,L91,95,96,67.91701706208984,5.417458037726419e-09,0.005589558378597426,0.04385139075032518,4,8,2184616.11112,34734.983586
2024-09-01 23:00:00,schloemer,L92,115,67,76.39246196465321,2.2076681669425113e-06,0.36114805099138636,0.9999977270282708,13,29,2185126.88168,34750.896056
2024-09-02 00:00:00,schloemer,L0,22,23,97.98175740577244,0.0517495026306245,0.9986855959830281,1.0,4,8,2184616.11112,34734.983586
2024-09-02 00:00:00,schloemer,L1,23,69,98.73669435086474,0.06311491206370246,0.9989951905281494,1.0,4,8,2184616.11112,34734.983586
2024-09-02 00:00:00,schloemer,L2,23,71,98.89685211675408,0.06574973290331365,0.9990508399810802,1.0,4,8,2184616.11112,34734.983586
2024-09-02 00:00:00,schloemer,L3,29,37,61.83424886376895,4.837685807501657e-11,2.189421663301161e-06,1.7515432591097557e-05,4,8,2184616.11112,34734.983586
2024-09-02 00:00:00,schloemer,L4,32,36,59.41069231147829,7.102873844644364e-12,1.3974053802989772e-08,1.1182083647920393e-07,4,8,2184616.11112,34734.983586
2024-09-02 00:00:00,schloemer,L5,33,36,62.046623891249716,5.720379725460134e-11,3.2040434359004166e-06,2.56322888533278e-05,4,8,2184616.11112,34734.983586
2024-09-02 00:00:00,schloemer,L6,33,42,65.62386283920523,9.377506549057557e-10,0.0005636364390133597,0.004500210057504783,4,8,2184616.11112,34734.983586
2024-09-02 00:00:00,schloemer,L7,34,36,58.62427390629369,3.807509862951974e-12,1.9871237988411394e-09,1.591222031915862e-08,4,8,2184616.11112,34734.983586
2024-09-02 00:00:00,schloemer,L8,36,38,61.15543631833902,2.8292590492640102e-11,6.083399238798748e-07,4.866822198690279e-06,4,8,2184616.11112,34734.983586
2024-09-02 00:00:00,schloemer,L9,36,39,63.178916483948356,1.3946843679946141e-10,2.0992181759105222e-05,0.00016792567356349597,4,8,2184616.11112,34734.983586
2024-09-02 00:00:00,schloemer,L10,37,36,62.46612246345883,7.796252532443759e-11,6.471657617912463e-06,0.00031059388582033165,20,48,2185542.33716,34764.744572
2024-09-02 00:00:00,schloemer,L11,37,64,68.07469900362084,6.10277217649724e-09,0.006390328042863214,0.04999372881547515,4,8,2184616.11112,34734.983586
2024-09-02 00:00:00,schloemer,L12,38,39,63.54089323990718,1.8526158385157032e-10,3.6394025490160686e-05,0.000291115860748703,4,8,2184616.11112,34734.983586
2024-09-02 00:00:00,schloemer,L13,39,40,67.30513736277466,3.4057588971236896e-09,0.003234661721717824,0.0255862296695214,4,8,2184616.11112,34734.983586
2024-09-02 00:00:00,schloemer,L14,39,41,69.47883442338282,1.7457039147572573e-08,0.01869786487956726,0.14015153568069694,4,8,2184616.11112,34734.983586
2024-09-02 00:00:00,schloemer,L15,40,41,71.2271726761188,6.288311971136551e-08,0.054576740874188956,0.36172159515870284,4,8,2184616.11112,34734.983586
2024-09-02 00:00:00,schloemer,L16,41,48,78.63677846475957,9.349519232704218e-06,0.5479833942475184,0.9982573150663231,4,8,2184616.11112,34734.983586
2024-09-02 00:00:00,schloemer,L17,41,48,78.63677846475957,9.349519232704218e-06,0.5479833942475184,0.9982573150663231,4,8,2184616.11112,34734.983586
2024-09-02 00:00:00,schloemer,L18,42,43,71.14664105369584,5.932125735075289e-08,0.05225057776761188,0.3490492620146395,4,8,2184616.11112,34734.983586
2024-09-02 00:00:00,schloemer,L19,43,44,77.79526022813961,5.516312335029916e-06,0.4789678098618856,0.994568661617135,4,8,2184616.11112,34734.983586
2024-09-02 00:00:00,schloemer,L20,44,45,84.44428648240194,0.000256571992632848,0.8825244025989061,0.9999999637643939,4,8,2184616.11112,34734.983586
2024-09-02 00:00:00,schloemer,L21,44,48,82.57253873502601,9.417059230187874e-05,0.8069552921288813,0.9999980720329638,4,8,2184616.11112,34734.983586
2024-09-02 00:00:00,schloemer,L22,45,46,88.18776525102007,0.0015670760165604758,0.9618335351529501,0.9999999999955257,4,8,2184616.11112,34734.983586
2024-09-02 00:00:00,schloemer,L23,45,47,88.43287669237314,0.0017480311874580323,0.9647123240779578,0.9999999999976125,4,8,2184616.11112,34734.983586
2024-09-02 00:00:00,schloemer,L24,46,48,86.37964565487668,0.0006757225768763142,0.9330640099877361,0.9999999995981136,4,8,2184616.11112,34734.983586
2024-09-02 00:00:00,schloemer,L25,46,68,89.252330157872,0.0024982174944925273,0.9729437583826696,0.9999999999997157,4,8,2184616.11112,34734.983586
2024-09-02 00:00:00,schloemer,L26,47,48,86.48209934845399,0.0007098783827431676,0.9351054992472648,0.9999999996863613,4,8,2184616.11112,34734.983586
2024-09-02 00:00:00,schloemer,L27,48,49,84.31041742439804,0.00023933231730177695,0.8780741733110118,0.9999999512078609,4,8,2184616.11112,34734.983586
2024-09-02 00:00:00,schloemer,L28,48,50,85.50732516465257,0.0004405213835774191,0.9132710055878472,0.9999999968044248,4,8,2184616.11112,34734.983586
2024-09-02 00:00:00,schloemer,L29,48,53,81.92375775340425,6.55561941956817e-05,0.7735584050718579,0.9999930890817657,4,8,2184616.11112,34734.983586
2024-09-02 00:00:00,schloemer,L30,48,53,81.92375775340425,6.55561941956817e-05,0.7735584050718579,0.9999930890817657,4,8,2184616.11112,34734.983586
2024-09-02 00:00:00,schloemer,L31,48,65,78.81219604786338,1.0421429464724241e-05,0.5620036954178013,0.9986456046105533,4,8,2184616.11112,34734.983586
2024-09-02 00:00:00,schloemer,L32,48,65,78.81219604786338,1.0421429464724241e-05,0.5620036954178013,0.9986456046105533,4,8,2184616.11112,34734.983586
2024-09-02 00:00:00,schloemer,L33,48,68,87.4139823055035,0.0011016180860071723,0.9512773596221945,0.9999999999683822,4,8,2184616.11112,34734.983586
2024-09-02 00:00:00,schloemer,L34,49,56,83.36968013306388,0.00014544147618733572,0.8427729970779518,0.9999996267804273,4,8,2184616.11112,34734.983586
2024-09-02 00:00:00,schloemer,L35,50,51,86.3195877065334,0.0006564095767693789,0.9318411009388767,0.999999999535442,4,8,2184616.11112,34734.983586
2024-09-02 00:00:00,schloemer,L36,50,57,84.74332460028405,0.00029934259664810003,0.8919799560735169,0.999999981485384,4,8,2184616.11112,34734.983586
2024-09-02 00:00:00,schloemer,L37,51,52,83.43970686467775,0.00015101927439786778,0.8456534607245337,0.9999996781060583,4,8,2184616.11112,34734.983586
2024-09-02 00:00:00,schloemer,L38,52,53,80.29633550463315,2.557747189890769e-05,0.6728070720109467,0.9998686630785334,4,8,2184616.11112,34734.983586
2024-09-02 00:00:00,schloemer,L39,53,54,76.99683355167888,3.3092771797305076e-06,0.41214271756491805,0.9857383599067839,4,8,2184616.11112,34734.983586
2024-09-02 00:00:00,schloemer,L40,53,55,78.45721771899072,8.362039348064343e-06,0.5334791894939978,0.9977563575652628,4,8,2184616.11112,34734.983586
2024-09-02 00:00:00,schloemer,L41,53,58,75.80893666955483,1.5195848666049727e-06,0.31454040115726345,0.9512637331201648,4,8,2184616.11112,34734.983586
2024-09-02 00:00:00,schloemer,L42,54,55,76.1607068324903,1.917675324536461e-06,0.34289559307757767,0.9652406451375509,4,8,2184616.11112,34734.983586
2024-09-02 00:00:00,schloemer,L43,54,58,73.68039810997503,3.580540983705305e-07,0.1636415392269075,0.7605918033081576,4,8,2184616.11112,34734.983586
2024-09-02 00:00:00,schloemer,L44,55,56,79.81542749661412,1.9198548397492132e-05,0.6386432757221618,0.9997092928096816,4,8,2184616.11112,34734.983586
2024-09-02 00:00:00,schloemer,L45,55,57,80.24768876027927,2.485034419696941e-05,0.6694361006755731,0.9998574391709253,4,8,2184616.11112,34734.983586
2024-09-02 00:00:00,schloemer,L46,55,58,75.0673033968282,9.249508775566184e-07,0.25729488713301696,0.9074173297484232,4,8,2184616.11112,34734.983586
2024-09-02 00:00:00,schloemer,L47,55,58,75.0673033968282,9.249508775566184e-07,0.25729488713301696,0.9074173297484232,4,8,2184616.11112,34734.983586
2024-09-02 00:00:00,schloemer,L48,58,59,70.1499683419279,2.8658713513429745e-08,0.029133743300785664,0.21063983358162708,4,8,2184616.11112,34734.983586
2024-09-02 00:00:00,schloemer,L49,58,60,70.60831962836038,4.0098954490197514e-08,0.03851851336964052,0.2696562102979998,4,8,2184616.11112,34734.983586
2024-09-02 00:00:00,schloemer,L50,59,60,68.25666413554274,7.0002169616500964e-09,0.0074320679036808945,0.05793274841062568,4,8,2184616.11112,34734.983586
2024-09-02 00:00:00,schloemer,L51,59,61,68.6213447930257,9.207655082832389e-09,0.009949197455796477,0.07687646119979752,4,8,2184616.11112,34734.983586
2024-09-02 00:00:00,schloemer,L52,60,61,68.98164708956652,1.2057248199859316e-08,0.013088660792196505,0.10003609804853808,4,8,2184616.11112,34734.983586
2024-09-02 00:00:00,schloemer,L53,61,65,71.70784620323879,8.89244078372542e-08,0.07002843514603518,0.440555250298468,4,8,2184616.11112,34734.983586
2024-09-02 00:00:00,schloemer,L54,61,66,69.02431701288992,1.244748626394454e-08,0.013508687431081912,0.10309571543436469,4,8,2184616.11112,34734.983586
2024-09-02 00:00:00,schloemer,L55,62,58,71.52819964304861,7.718854566629574e-08,0.06364740590971296,0.8609464424564295,13,30,2185148.89802,34751.629934
2024-09-02 00:00:00,schloemer,L56,62,63,70.68212463003687,4.231867223314367e-08,0.040220915448083816,0.27993752460746524,4,8,2184616.11112,34734.983586
2024-09-02 00:00:00,schloemer,L57,63,60,69.76475721606646,2.1118158333166548e-08,0.02248840362796589,0.6566555971075925,20,47,2185512.78098,34763.759366
2024-09-02 00:00:00,schloemer,L58,63,64,71.79177103520092,9.444462867325143e-08,0.0730099443627622,0.4547440193446314,4,8,2184616.11112,34734.983586
2024-09-02 00:00:00,schloemer,L59,64,65,73.37757147277456,2.837279107215096e-07,0.14519728479368532,0.9994635115219597,20,48,2185545.98792,34764.866264
2024-09-02 00:00:00,schloemer,L60,64,67,76.17803026588074,1.8550512875803449e-06,0.3416280094636469,1.0,38,93,2186503.81292,34796.793764
2024-09-02 00:00:00,schloemer,L61,65,66,71.34851360253286,6.864845847331935e-08,0.058221430628083826,0.3811429969224389,4,8,2184616.11112,34734.983586
2024-09-02 00:00:00,schloemer,L62,67,68,84.33852075884317,0.00023615802674092912,0.87813554606382,1.0,28,68,2185978.45538,34779.281846
2024-09-02 00:00:00,schloemer,L63,68,69,93.95127215423221,0.015173749314785545,0.9945316649680714,1.0,4,8,2184616.11112,34734.983586
2024-09-02 00:00:00,schloemer,L64,68,74,90.78300319266155,0.004704897076626913,0.983729621317394,0.9999999999999952,4,8,2184616.11112,34734.983586
2024-09-02 00:00:00,schloemer,L65,68,76,86.75322538221889,0.0008080584426959359,0.9402441313383522,0.9999999998379533,4,8,2184616.11112,34734.983586
2024-09-02 00:00:00,schloemer,L66,69,70,97.96417577810965,0.051504897498217295,0.9986773494904669,1.0,4,8,2184616.11112,34734.983586
2024-09-02 00:00:00,schloemer,L67,69,73,96.23233399152012,0.03146973406130782,0.9975529806516353,1.0,4,8,2184616.11112,34734.983586
2024-09-02 00:00:00,schloemer,L68,69,74,94.56182314044932,0.018615181958491878,0.9955858310751159,1.0,4,8,2184616.11112,34734.983586
2024-09-02 00:00:00,schloemer,L69,70,71,98.57281119694792,0.06050141508232254,0.9989348634110574,1.0,4,8,2184616.11112,34734.983586
2024-09-02 00:00:00,schloemer,L70,70,72,97.40211451068173,0.04414349691143382,0.9983846917526578,1.0,4,8,2184616.11112,34734.983586
2024-09-02 00:00:00,schloemer,L71,73,74,93.50872281780272,0.013028738980680687,0.9936175076298079,1.0,4,8,2184616.11112,34734.983586
2024-09-02 00:00:00,schloemer,L72,74,76,87.33473943855971,0.0010618887001886401,0.9500588343449151,0.9999999999614678,4,8,2184616.11112,34734.983586
2024-09-02 00:00:00,schloemer,L73,74,117,91.0446561797725,0.005219469255627884,0.9851052738089242,0.9999999999999977,4,8,2184616.11112,34734.983586
2024-09-02 00:00:00,schloemer,L74,75,76,84.66916943836712,0.00028815823658145945,0.889696629259654,0.9999999781118216,4,8,2184616.11112,34734.983586
2024-09-02 00:00:00,schloemer,L75,75,117,88.15937405751433,0.0015472517845543932,0.9614865001058065,0.9999999999951892,4,8,2184616.11112,34734.983586
2024-09-02 00:00:00,schloemer,L76,76,77,81.77917754331807,6.041096220799069e-05,0.7655859655122199,0.9999908848477156,4,8,2184616.11112,34734.983586
2024-09-02 00:00:00,schloemer,L77,76,79,78.48909104161358,8.529701773896115e-06,0.5360643201532093,0.9978539127488517,4,8,2184616.11112,34734.983586
2024-09-02 00:00:00,schloemer,L78,76,79,78.48909104161358,8.529701773896115e-06,0.5360643201532093,0.9978539127488517,4,8,2184616.11112,34734.983586
2024-09-02 00:00:00,schloemer,L79,76,81,78.917461400982,1.1120106415907216e-05,0.5703397515445704,0.9988385992978701,4,8,2184616.11112,34734.983586
2024-09-02 00:00:00,schloemer,L80,77,78,78.18693663356035,7.0617962583119365e-06,0.5113939675652643,0.9967516835694509,4,8,2184616.11112,34734.983586
2024-09-02 00:00:00,schloemer,L81,78,79,75.2506132116188,1.0464758892769765e-06,0.2710661132915354,0.9202917446049805,4,8,2184616.11112,34734.983586
2024-09-02 00:00:00,schloemer,L82,79,95,71.56947552186519,8.050417277249977e-08,0.06529949597802476,0.417387665084502,4,8,2184616.11112,34734.983586
2024-09-02 00:00:00,schloemer,L83,79,96,71.67089079119438,8.659484751483149e-08,0.06874279463987165,0.4343379831587396,4,8,2184616.11112,34734.983586
2024-09-02 00:00:00,schloemer,L84,79,97,72.70349686426896,1.807092515626607e-07,0.11109308135343388,0.6101926911838278,4,8,2184616.11112,34734.983586
2024-09-02 00:00:00,schloemer,L85,79,98,71.52036605131575,7.770736698553549e-08,0.0636764566101109,0.4092449890375006,4,8,2184616.11112,34734.983586
2024-09-02 00:00:00,schloemer,L86,80,67,78.62659267348525,8.98994846265655e-06,0.5450809282052568,1.0,30,72,2186055.70436,34781.856812
2024-09-02 00:00:00,schloemer,L87,80,79,75.91564672347334,1.579458134837175e-06,0.3211724968163143,0.9999999999975375,28,69,2185981.58126,34779.386042
2024-09-02 00:00:00,schloemer,L88,81,82,73.18230202807456,2.530431835179314e-07,0.13534615616116508,0.6875807594950791,4,8,2184616.11112,34734.983586
2024-09-02 00:00:00,schloemer,L89,81,95,71.87741603382717,1.0042290610190463e-07,0.0761417536479414,0.46930799744546847,4,8,2184616.11112,34734.983586
2024-09-02 00:00:00,schloemer,L90,93,95,66.5000581564938,1.8410719615502558e-09,0.0014682860880603776,0.011686108728541145,4,8,2184616.11112,34734.983586
2024-09-02 00:00:00,schloemer,L91,95,96,69.17205434521951,1.3896979345062732e-08,0.015048288290611334,0.1142330125760882,4,8,2184616.11112,34734.983586
2024-09-02 00:00:00,schloemer,L92,115,67,78.55538063338462,8.789937952280447e-06,0.5406850051503006,0.9999999998410873,13,29,2185126.88168,34750.896056
2024-09-02 01:00:00,schloemer,L0,22,23,97.32717053513667,0.04322734902597991,0.998341078687283,1.0,4,8,2184616.11112,34734.983586
2024-09-02 01:00:00,schloemer,L1,23,69,99.43499373816748,0.07520250147181273,0.9992161728148419,1.0,4,8,2184616.11112,34734.983586
2024-09-02 01:00:00,schloemer,L2,23,71,99.02665167875706,0.06794447581406626,0.999093668027503,1.0,4,8,2184616.11112,34734.983586
2024-09-02 01:00:00,schloemer,L3,29,37,63.020333840609354,1.2313561281729335e-10,1.637219442696125e-05,0.0001309705427743335,4,8,2184616.11112,34734.983586
2024-09-02 01:00:00,schloemer,L4,32,36,60.51735839461275,1.7073897851105357e-11,1.6639719058186841e-07,1.3312450448665913e-06,4,8,2184616.11112,34734.983586
2024-09-02 01:00:00,schloemer,L5,33,36,63.29559467069818,1.52843848688633e-10,2.5130799311656737e-05,0.00020102932303645016,4,8,2184616.11112,34734.983586
2024-09-02 01:00:00,schloemer,L6,33,42,67.08110065384918,2.871339277454865e-09,0.002617875618735499,0.02075212597578968,4,8,2184616.11112,34734.983586
2024-09-02 01:00:00,schloemer,L7,34,36,59.6743714951435,8.754330593774284e-12,2.5918210910802486e-08,2.0738068584602587e-07,4,8,2184616.11112,34734.983586
2024-09-02 01:00:00,schloemer,L8,36,38,62.367587930522966,7.367551013715001e-11,5.598783824445341e-06,4.478968759558111e-05,4,8,2184616.11112,34734.983586
2024-09-02 01:00:00,schloemer,L9,36,39,64.51126189692812,3.9546477204055464e-10,0.00014222929771456894,0.00113726970602257,4,8,2184616.11112,34734.983586
2024-09-02 01:00:00,schloemer,L10,37,36,63.72851630135947,2.100536411475673e-10,4.7030325155628105e-05,0.0022549666288446124,20,48,2185542.33716,34764.744572
2024-09-02 01:00:00,schloemer,L11,37,64,69.65819483451368,1.9938708906153124e-08,0.021138552224319485,0.1571122163805292,4,8,2184616.11112,34734.983586
2024-09-02 01:00:00,schloemer,L12,38,39,64.90709883052303,5.381004530846667e-10,0.00023724515320144857,0.001896388134144611,4,8,2184616.11112,34734.983586
2024-09-02 01:00:00,schloemer,L13,39,40,68.91327152546944,1.1456863235892456e-08,0.012437804574339406,0.0952769983635442,4,8,2184616.11112,34734.983586
2024-09-02 01:00:00,schloemer,L14,39,41,71.2184093411535,6.248559625277039e-08,0.05432004884537389,0.3603338833366996,4,8,2184616.11112,34734.983586
2024-09-02 01:00:00,schloemer,L15,40,41,73.0872794403518,2.367431201077963e-07,0.13030036515779053,0.6726940573303679,4,8,2184616.11112,34734.983586
2024-09-02 01:00:00,schloemer,L16,41,48,80.89457460630136,3.634493475013212e-05,0.7126097954588227,0.9999534721962454,4,8,2184616.11112,34734.983586
2024-09-02 01:00:00,schloemer,L17,41,48,80.89457460630136,3.634493475013212e-05,0.7126097954588227,0.9999534721962454,4,8,2184616.11112,34734.983586
2024-09-02 01:00:00,schloemer,L18,42,43,72.94731880455106,2.145822758370386e-07,0.12307740216254992,0.6503047595636552,4,8,2184616.11112,34734.983586
2024-09-02 01:00:00,schloemer,L19,43,44,80.0031607098951,2.1483628551033362e-05,0.6521987257902812,0.9997859022867035,4,8,2184616.11112,34734.983586
2024-09-02 01:00:00,schloemer,L20,44,45,86.96994895666818,0.0008953251534644657,0.9440875593775171,0.9999999999048275,4,8,2184616.11112,34734.983586
2024-09-02 01:00:00,schloemer,L21,44,48,84.977690761981,0.00033739904986374025,0.8989370048479471,0.9999999891319632,4,8,2184616.11112,34734.983586
2024-09-02 01:00:00,schloemer,L22,45,46,90.84239960186379,0.004817610124978278,0.9840521249734299,0.9999999999999959,4,8,2184616.11112,34734.983586
2024-09-02 01:00:00,schloemer,L23,45,47,90.94331099922131,0.005014566571855283,0.9845861374405099,0.9999999999999969,4,8,2184616.11112,34734.983586
2024-09-02 01:00:00,schloemer,L24,46,48,88.96711673476815,0.002209427124388874,0.9703060604705962,0.9999999999994009,4,8,2184616.11112,34734.983586
2024-09-02 01:00:00,schloemer,L25,46,68,92.03539690333623,0.007642870660768741,0.9893733159676523,0.9999999999999999,4,8,2184616.11112,34734.983586
2024-09-02 01:00:00,schloemer,L26,47,48,88.9276774460327,0.0021719497873121663,0.9699230461780314,0.9999999999993361,4,8,2184616.11112,34734.983586
2024-09-02 01:00:00,schloemer,L27,48,49,86.55805113343101,0.0007362148209131281,0.9365831370514224,0.9999999997391693,4,8,2184616.11112,34734.983586
2024-09-02 01:00:00,schloemer,L28,48,50,87.7015489016448,0.001257440156140488,0.9554765542470687,0.9999999999846353,4,8,2184616.11112,34734.983586
2024-09-02 01:00:00,schloemer,L29,48,53,83.97481730665717,0.00020074376009870942,0.8663056880823664,0.9999998980106837,4,8,2184616.11112,34734.983586
2024-09-02 01:00:00,schloemer,L30,48,53,83.97481730665717,0.00020074376009870942,0.8663056880823664,0.9999998980106837,4,8,2184616.11112,34734.983586
2024-09-02 01:00:00,schloemer,L31,48,65,80.92104754296717,3.690914694964853e-05,0.7142986137549117,0.999955615159658,4,8,2184616.11112,34734.983586
2024-09-02 01:00:00,schloemer,L32,48,65,80.92104754296717,3.690914694964853e-05,0.7142986137549117,0.999955615159658,4,8,2184616.11112,34734.983586
2024-09-02 01:00:00,schloemer,L33,48,68,90.12937976883654,0.0036099653564312106,0.9797466452464842,0.9999999999999721,4,8,2184616.11112,34734.983586
2024-09-02 01:00:00,schloemer,L34,49,56,85.19697756949327,0.0003770281651934715,0.9050993826666114,0.999999993431031,4,8,2184616.11112,34734.983586
2024-09-02 01:00:00,schloemer,L35,50,51,87.8975552864626,0.0013748673504052622,0.9581472321891222,0.9999999999906373,4,8,2184616.11112,34734.983586
2024-09-02 01:00:00,schloemer,L36,50,57,86.37724489821657,0.0006749406429071847,0.9330154996133734,0.9999999995957763,4,8,2184616.11112,34734.983586
2024-09-02 01:00:00,schloemer,L37,51,52,84.71022619388312,0.00029430161731358595,0.8909657578823369,0.9999999800477469,4,8,2184616.11112,34734.983586
2024-09-02 01:00:00,schloemer,L38,52,53,81.75352716204245,5.953894910315505e-05,0.7641513084570218,0.9999904288452831,4,8,2184616.11112,34734.983586
2024-09-02 01:00:00,schloemer,L39,53,54,78.41189817469987,8.129074201335129e-06,0.5297960587539783,0.9976106707553806,4,8,2184616.11112,34734.983586
2024-09-02 01:00:00,schloemer,L40,53,55,79.94353162103718,2.073113492440104e-05,0.6479228160075063,0.9997639157353624,4,8,2184616.11112,34734.983586
2024-09-02 01:00:00,schloemer,L41,53,58,77.25377795477787,3.904988690739408e-06,0.4336732705192924,0.9894189273615044,4,8,2184616.11112,34734.983586
2024-09-02 01:00:00,schloemer,L42,54,55,77.42773767072207,4.365526890759419e-06,0.448254116422366,0.9914117390882307,4,8,2184616.11112,34734.983586
2024-09-02 01:00:00,schloemer,L43,54,58,74.91640159720889,8.352781137865861e-07,0.24617117096950447,0.8957249305313554,4,8,2184616.11112,34734.983586
2024-09-02 01:00:00,schloemer,L44,55,56,81.28125995269963,4.546095229385205e-05,0.7366492960344132,0.99997686886766,4,8,2184616.11112,34734.983586
2024-09-02 01:00:00,schloemer,L45,55,57,81.63138514365242,5.554731456824946e-05,0.7572361017622955,0.9999879391942443,4,8,2184616.11112,34734.983586
2024-09-02 01:00:00,schloemer,L46,55,58,76.37406753719158,2.2063624688373196e-06,0.36036886379148636,0.9719822705096509,4,8,2184616.11112,34734.983586
2024-09-02 01:00:00,schloemer,L47,55,58,76.37406753719158,2.2063624688373196e-06,0.36036886379148636,0.9719822705096509,4,8,2184616.11112,34734.983586
2024-09-02 01:00:00,schloemer,L48,58,59,71.31488959050145,6.70009995262788e-08,0.057194493494754695,0.37572381652378495,4,8,2184616.11112,34734.983586
2024-09-02 01:00:00,schloemer,L49,58,60,71.84812259717452,9.833767022904283e-08,0.07506038530249837,0.46431822277127766,4,8,2184616.11112,34734.983586
2024-09-02 01:00:00,schloemer,L50,59,60,69.39550418171741,1.640985125561656e-08,0.01764312139555657,0.13273005679995364,4,8,2184616.11112,34734.983586
2024-09-02 01:00:00,schloemer,L51,59,61,69.82781228781559,2.2602713700692334e-08,0.023672032973029777,0.1744073840980781,4,8,2184616.11112,34734.983586
2024-09-02 01:00:00,schloemer,L52,60,61,70.25211178982106,3.089214084539549e-08,0.03105441576079493,0.22304646105614767,4,8,2184616.11112,34734.983586
2024-09-02 01:00:00,schloemer,L53,61,65,73.26740972048741,2.6856664225860527e-07,0.13996232344665205,0.700677508594941,4,8,2184616.11112,34734.983586
2024-09-02 01:00:00,schloemer,L54,61,66,70.39550247922764,3.431788953012216e-08,0.033912761201012054,0.24119409089983013,4,8,2184616.11112,34734.983586
2024-09-02 01:00:00,schloemer,L55,62,58,72.80827861942934,1.9219650104762565e-07,0.11571601354594319,0.9750108359793931,13,30,2185148.89802,34751.629934
2024-09-02 01:00:00,schloemer,L56,62,63,72.09659697577122,1.1745672978680233e-07,0.0845719364847779,0.5068334946114701,4,8,2184616.11112,34734.983586
2024-09-02 01:00:00,schloemer,L57,63,60,71.1302507248648,5.738296571244916e-08,0.05137507330656521,0.9161616893909735,20,47,2185512.78098,34763.759366
2024-09-02 01:00:00,schloemer,L58,63,64,73.50322537280456,3.165817240580182e-07,0.15322596992889448,0.7356741176856122,4,8,2184616.11112,34734.983586
2024-09-02 01:00:00,schloemer,L59,64,65,75.22273060219723,1.0049409432388856e-06,0.26774429314624104,0.9999996809902229,20,48,2185545.98792,34764.866264
2024-09-02 01:00:00,schloemer,L60,64,67,78.36834559332905,7.574091223094825e-06,0.5234872217511014,1.0,38,93,2186503.81292,34796.793764
2024-09-02 01:00:00,schloemer,L61,65,66,72.93884011193265,2.1330678157127636e-07,0.12264787289503931,0.6489321203598046,4,8,2184616.11112,34734.983586
2024-09-02 01:00:00,schloemer,L62,67,68,87.03576263696607,0.0008997082915102039,0.9447499074746947,1.0,28,68,2185978.45538,34779.281846
2024-09-02 01:00:00,schloemer,L63,68,69,96.45998031069864,0.033674796814075036,0.9977427577454715,1.0,4,8,2184616.11112,34734.983586
2024-09-02 01:00:00,schloemer,L64,68,74,93.50097149449967,0.012993590381914388,0.9936002369694862,1.0,4,8,2184616.11112,34734.983586
2024-09-02 01:00:00,schloemer,L65,68,76,89.40821214430416,0.0026699700360253154,0.9742913494138399,0.9999999999998112,4,8,2184616.11112,34734.983586
2024-09-02 01:00:00,schloemer,L66,69,70,99.24442871382952,0.07174793722498995,0.9991612183497747,1.0,4,8,2184616.11112,34734.983586
2024-09-02 01:00:00,schloemer,L67,69,73,98.19458236056946,0.054781548031676675,0.9987814398654866,1.0,4,8,2184616.11112,34734.983586
2024-09-02 01:00:00,schloemer,L68,69,74,96.87347515993245,0.03799475915027173,0.998050890349753,1.0,4,8,2184616.11112,34734.983586
2024-09-02 01:00:00,schloemer,L69,70,71,99.19260465190006,0.07082895738177275,0.9991456159339258,1.0,4,8,2184616.11112,34734.983586
2024-09-02 01:00:00,schloemer,L70,70,72,98.23466911109456,0.05536749907651406,0.9987986953825391,1.0,4,8,2184616.11112,34734.983586
2024-09-02 01:00:00,schloemer,L71,73,74,95.87338860378571,0.028230201475267114,0.9972211812991539,1.0,4,8,2184616.11112,34734.983586
2024-09-02 01:00:00,schloemer,L72,74,76,89.83241928948094,0.003192112266479974,0.9776473160139502,0.9999999999999385,4,8,2184616.11112,34734.983586
2024-09-02 01:00:00,schloemer,L73,74,117,93.45739613574825,0.01279749170282063,0.9935022965478867,1.0,4,8,2184616.11112,34734.983586
2024-09-02 01:00:00,schloemer,L74,75,76,86.92435809181013,0.0008762812266643882,0.9432979150260196,0.9999999998935197,4,8,2184616.11112,34734.983586
2024-09-02 01:00:00,schloemer,L75,75,117,90.37632477276019,0.0039937390189882516,0.9813492426413957,0.9999999999999856,4,8,2184616.11112,34734.983586
2024-09-02 01:00:00,schloemer,L76,76,77,83.88767617871632,0.00019172015391344388,0.8631033206240348,0.9999998767433878,4,8,2184616.11112,34734.983586
2024-09-02 01:00:00,schloemer,L77,76,79,80.51530883166986,2.9108464649652e-05,0.6877347673896973,0.9999096062308114,4,8,2184616.11112,34734.983586
2024-09-02 01:00:00,schloemer,L78,76,79,80.51530883166986,2.9108464649652e-05,0.6877347673896973,0.9999096062308114,4,8,2184616.11112,34734.983586
2024-09-02 01:00:00,schloemer,L79,76,81,80.88769560899112,3.61996691500277e-05,0.7121699299725959,0.9999528994020737,4,8,2184616.11112,34734.983586
2024-09-02 01:00:00,schloemer,L80,77,78,79.95575038987273,2.0883255238857146e-05,0.6488012771780319,0.9997685873238858,4,8,2184616.11112,34734.983586
2024-09-02 01:00:00,schloemer,L81,78,79,76.96147406115014,3.2344899343339506e-06,0.4091834825329518,0.9851537965347075,4,8,2184616.11112,34734.983586
2024-09-02 01:00:00,schloemer,L82,79,95,73.11706576924884,2.4173933332871655e-07,0.13186973134945634,0.6773892977619222,4,8,2184616.11112,34734.983586
2024-09-02 01:00:00,schloemer,L83,79,96,73.19870549374532,2.559655274403383e-07,0.1362287622238061,0.6901229132524219,4,8,2184616.11112,34734.983586
2024-09-02 01:00:00,schloemer,L84,79,97,74.27364757731068,5.390745517752649e-07,0.20120731454192664,0.8342430684459949,4,8,2184616.11112,34734.983586
2024-09-02 01:00:00,schloemer,L85,79,98,73.12008983249122,2.422522809020222e-07,0.13202969124208674,0.6778645405136401,4,8,2184616.11112,34734.983586
2024-09-02 01:00:00,schloemer,L86,80,67,80.99324913887185,3.728902520616639e-05,0.7171883954267984,1.0,30,72,2186055.70436,34781.856812
2024-09-02 01:00:00,schloemer,L87,80,79,77.91265826970185,5.75772403499375e-06,0.48670832483906,1.0,28,69,2185981.58126,34779.386042
2024-09-02 01:00:00,schloemer,L88,81,82,74.61293449222455,6.797486024057164e-07,0.22443090492972362,0.8690930275603265,4,8,2184616.11112,34734.983586
2024-09-02 01:00:00,schloemer,L89,81,95,73.37930203852383,2.9039268567565557e-07,0.14616958082609144,0.7175299015045266,4,8,2184616.11112,34734.983586
2024-09-02 01:00:00,schloemer,L90,93,95,67.70805588920243,4.624895910687599e-09,0.004660262705050933,0.03667964907108101,4,8,2184616.11112,34734.983586
2024-09-02 01:00:00,schloemer,L91,95,96,70.51792348251516,3.753526878202962e-08,0.03650790977446272,0.25734832626672843,4,8,2184616.11112,34734.983586
2024-09-02 01:00:00,schloemer,L92,115,67,80.94012865375672,3.692090736695519e-05,0.7149108058381515,0.9999999999999999,13,29,2185126.88168,34750.896056
2024-09-02 02:00:00,schloemer,L0,22,23,96.73824226910202,0.03653611556378089,0.9979550120918055,1.0,4,8,2184616.11112,34734.983586
2024-09-02 02:00:00,schloemer,L1,23,69,99.25541572129934,0.07194388667118234,0.9991644892599181,1.0,4,8,2184616.11112,34734.983586
2024-09-02 02:00:00,schloemer,L2,23,71,98.89475616709565,0.06571473112743886,0.9990501320266773,1.0,4,8,2184616.11112,34734.983586
2024-09-02 02:00:00,schloemer,L3,29,37,64.33952562617183,3.4591274289397234e-10,0.00011303134239248891,0.0009038944720360931,4,8,2184616.11112,34734.983586
2024-09-02 02:00:00,schloemer,L4,32,36,61.758671642195075,4.5574655160862676e-11,1.907677447121614e-06,1.526149997466142e-05,4,8,2184616.11112,34734.983586
2024-09-02 02:00:00,schloemer,L5,33,36,64.6915118408534,4.55051218928304e-10,0.0001800978408559306,0.0014398766849788025,4,8,2184616.11112,34734.983586
2024-09-02 02:00:00,schloemer,L6,33,42,68.70331797371247,9.791194410802007e-09,0.010602459714579626,0.08173803967038595,4,8,2184616.11112,34734.983586
2024-09-02 02:00:00,schloemer,L7,34,36,60.85176258656451,2.2249535547302912e-11,3.3205232152777597e-07,2.656504482945188e-06,4,8,2184616.11112,34734.983586
2024-09-02 02:00:00,schloemer,L8,36,38,63.72558203140791,2.1409640726943735e-10,4.775998113115687e-05,0.0003820168427657311,4,8,2184616.11112,34734.983586
2024-09-02 02:00:00,schloemer,L9,36,39,66.00121600382067,1.2546919059275297e-09,0.0008624732247787259,0.006878998589315954,4,8,2184616.11112,34734.983586
2024-09-02 02:00:00,schloemer,L10,37,36,65.13729253349418,6.296226873203636e-10,0.0003105892111439079,0.014799997681717803,20,48,2185542.33716,34764.744572
2024-09-02 02:00:00,schloemer,L11,37,64,71.41228902438789,7.188279982361934e-08,0.060205351707898425,0.39149575007313164,4,8,2184616.11112,34734.983586
2024-09-02 02:00:00,schloemer,L12,38,39,66.4362710054277,1.7531430751560606e-09,0.001374287637262106,0.010941570474220619,4,8,2184616.11112,34734.983586
2024-09-02 02:00:00,schloemer,L13,39,40,70.70875544820224,4.31488038632466e-08,0.04084881223734116,0.28369748409508355,4,8,2184616.11112,34734.983586
2024-09-02 02:00:00,schloemer,L14,39,41,73.15507068933594,2.4826340827566185e-07,0.13388845347661094,0.6833421957094836,4,8,2184616.11112,34734.983586
2024-09-02 02:00:00,schloemer,L15,40,41,75.15547625186119,9.815930483991764e-07,0.2638846428884035,0.9137884763321643,4,8,2184616.11112,34734.983586
2024-09-02 02:00:00,schloemer,L16,41,48,83.35082818669818,0.00014397319468040237,0.8419903644590757,0.9999996116543491,4,8,2184616.11112,34734.983586
2024-09-02 02:00:00,schloemer,L17,41,48,83.35082818669818,0.00014397319468040237,0.8419903644590757,0.9999996116543491,4,8,2184616.11112,34734.983586
2024-09-02 02:00:00,schloemer,L18,42,43,74.93927706615615,8.483082460930547e-07,0.24784456607587102,0.897562421071521,4,8,2184616.11112,34734.983586
2024-09-02 02:00:00,schloemer,L19,43,44,82.41148366381515,8.613333677953694e-05,0.7990258592362395,0.9999973394476467,4,8,2184616.11112,34734.983586
2024-09-02 02:00:00,schloemer,L20,44,45,89.62530583860989,0.0029267744272113427,0.9760637670207591,0.9999999999998935,4,8,2184616.11112,34734.983586
2024-09-02 02:00:00,schloemer,L21,44,48,87.5314426187244,0.0011630055184804755,0.9530341232034274,0.9999999999764366,4,8,2184616.11112,34734.983586
2024-09-02 02:00:00,schloemer,L22,45,46,93.51449844639897,0.013054981184616343,0.993630346733545,1.0,4,8,2184616.11112,34734.983586
2024-09-02 02:00:00,schloemer,L23,45,47,93.4135539675943,0.012602735784620678,0.9934022839715747,1.0,4,8,2184616.11112,34734.983586
2024-09-02 02:00:00,schloemer,L24,46,48,91.6327873032014,0.006560102920899258,0.9878035594490241,0.9999999999999996,4,8,2184616.11112,34734.983586
2024-09-02 02:00:00,schloemer,L25,46,68,94.83518746249972,0.020354702686413928,0.9959905988462887,1.0,4,8,2184616.11112,34734.983586
2024-09-02 02:00:00,schloemer,L26,47,48,91.40495993188382,0.0060087521474953,0.9868190666402332,0.9999999999999991,4,8,2184616.11112,34734.983586
2024-09-02 02:00:00,schloemer,L27,48,49,88.8590591931028,0.002108106010689781,0.9692457066214504,0.9999999999992064,4,8,2184616.11112,34734.983586
2024-09-02 02:00:00,schloemer,L28,48,50,89.89819874499068,0.003280760905953972,0.9781292849337874,0.9999999999999484,4,8,2184616.11112,34734.983586
2024-09-02 02:00:00,schloemer,L29,48,53,86.09090781316095,0.0005874270253087843,0.9270026821908186,0.9999999991956696,4,8,2184616.11112,34734.983586
2024-09-02 02:00:00,schloemer,L30,48,53,86.09090781316095,0.0005874270253087843,0.9270026821908186,0.9999999991956696,4,8,2184616.11112,34734.983586
2024-09-02 02:00:00,schloemer,L31,48,65,83.1790500446614,0.0001312197801072168,0.8347175798972732,0.9999994433459938,4,8,2184616.11112,34734.983586
2024-09-02 02:00:00,schloemer,L32,48,65,83.1790500446614,0.0001312197801072168,0.8347175798972732,0.9999994433459938,4,8,2184616.11112,34734.983586
2024-09-02 02:00:00,schloemer,L33,48,68,92.92256262223098,0.010588388995102282,0.9921748084200299,1.0,4,8,2184616.11112,34734.983586
2024-09-02 02:00:00,schloemer,L34,49,56,87.00271412712726,0.0009092446993649306,0.9446489614668241,0.9999999999122139,4,8,2184616.11112,34734.983586
2024-09-02 02:00:00,schloemer,L35,50,51,89.33637560804566,0.0025895476984691967,0.9736783120348614,0.999999999999772,4,8,2184616.11112,34734.983586
2024-09-02 02:00:00,schloemer,L36,50,57,87.91996458078007,0.0013889085631765274,0.958443072966544,0.9999999999911543,4,8,2184616.11112,34734.983586
2024-09-02 02:00:00,schloemer,L37,51,52,85.85668413929864,0.0005237480206014,0.9217375072348668,0.9999999985955078,4,8,2184616.11112,34734.983586
2024-09-02 02:00:00,schloemer,L38,52,53,83.17346055890002,0.00013082316423040918,0.8344766229931053,0.999999436819735,4,8,2184616.11112,34734.983586
2024-09-02 02:00:00,schloemer,L39,53,54,79.8338147630184,1.9411688975456975e-05,0.6399829406768973,0.9997178039570181,4,8,2184616.11112,34734.983586
2024-09-02 02:00:00,schloemer,L40,53,55,81.42907641016626,4.9487192141484115e-05,0.7454784891479568,0.9999823920024007,4,8,2184616.11112,34734.983586
2024-09-02 02:00:00,schloemer,L41,53,58,78.7296866552475,9.903362752083922e-06,0.5554284931924977,0.998474136115561,4,8,2184616.11112,34734.983586
2024-09-02 02:00:00,schloemer,L42,54,55,78.6831789118944,9.622306905154865e-06,0.5517069690408303,0.9983689052711838,4,8,2184616.11112,34734.983586
2024-09-02 02:00:00,schloemer,L43,54,58,76.16790774455086,1.9267941578915426e-06,0.3434822856750819,0.965488149742169,4,8,2184616.11112,34734.983586
2024-09-02 02:00:00,schloemer,L44,55,56,82.71968312764368,0.00010212593177005846,0.8139935474587809,0.9999985676582174,4,8,2184616.11112,34734.983586
2024-09-02 02:00:00,schloemer,L45,55,57,82.96438464338476,0.00011677045794855623,0.8252664484382404,0.9999991314245071,4,8,2184616.11112,34734.983586
2024-09-02 02:00:00,schloemer,L46,55,58,77.6925773083344,5.1683544491920586e-06,0.4704065487564688,0.9938122626533674,4,8,2184616.11112,34734.983586
2024-09-02 02:00:00,schloemer,L47,55,58,77.6925773083344,5.1683544491920586e-06,0.4704065487564688,0.9938122626533674,4,8,2184616.11112,34734.983586
2024-09-02 02:00:00,schloemer,L48,58,59,72.52341863028234,1.5909900508148667e-07,0.10273194228607685,0.5798761056593293,4,8,2184616.11112,34734.983586
2024-09-02 02:00:00,schloemer,L49,58,60,73.14237109037427,2.460644927815281e-07,0.13321184803089703,0.6813577915215063,4,8,2184616.11112,34734.983586
2024-09-02 02:00:00,schloemer,L50,59,60,70.59336545981594,3.9663306639070584e-08,0.038180278461213746,0.26759828374866923,4,8,2184616.11112,34734.983586
2024-09-02 02:00:00,schloemer,L51,59,61,71.1041531443447,5.7522406282650707e-08,0.051052722423292285,0.3424382030255716,4,8,2184616.11112,34734.983586
2024-09-02 02:00:00,schloemer,L52,60,61,71.60289504628093,8.24634609486452e-08,0.06642049149638884,0.422954123568526,4,8,2184616.11112,34734.983586
2024-09-02 02:00:00,schloemer,L53,61,65,74.94371503085716,8.508588821287688e-07,0.24816975457677937,0.8979161911121183,4,8,2184616.11112,34734.983586
2024-09-02 02:00:00,schloemer,L54,61,66,71.87036576706748,9.991712379697759e-08,0.07588052272010459,0.4681063363312533,4,8,2184616.11112,34734.983586
2024-09-02 02:00:00,schloemer,L55,62,58,74.14054973722438,4.860220063074294e-07,0.19184248495284106,0.9983216685626045,13,30,2185148.89802,34751.629934
2024-09-02 02:00:00,schloemer,L56,62,63,73.60499446916536,3.397950304462327e-07,0.15916208871712634,0.7501394524041062,4,8,2184616.11112,34734.983586
2024-09-02 02:00:00,schloemer,L57,63,60,72.58918298674438,1.6317422968370465e-07,0.10505174348834312,0.9945737335027627,20,47,2185512.78098,34763.759366
2024-09-02 02:00:00,schloemer,L58,63,64,75.37091771630298,1.1344888740660863e-06,0.28024866130660997,0.9279792101949513,4,8,2184616.11112,34734.983586
2024-09-02 02:00:00,schloemer,L59,64,65,77.23813234309753,3.784316039867619e-06,0.43098391936768987,0.9999999999982383,20,48,2185545.98792,34764.866264
2024-09-02 02:00:00,schloemer,L60,64,67,80.78625078295414,3.2718102846995833e-05,0.7033659806426966,1.0,38,93,2186503.81292,34796.793764
2024-09-02 02:00:00,schloemer,L61,65,66,74.65881879348855,7.013161662516865e-07,0.2276615488317263,0.8733923240400128,4,8,2184616.11112,34734.983586
2024-09-02 02:00:00,schloemer,L62,67,68,89.93371119324988,0.0032511689477230377,0.9781834956063107,1.0,28,68,2185978.45538,34779.281846
2024-09-02 02:00:00,schloemer,L63,68,69,98.64789879803772,0.061688569071975285,0.9989629412474699,1.0,4,8,2184616.11112,34734.983586
2024-09-02 02:00:00,schloemer,L64,68,74,96.18758902968344,0.031050286705791685,0.997513861565942,1.0,4,8,2184616.11112,34734.983586
2024-09-02 02:00:00,schloemer,L65,68,76,92.192525177466,0.008105755917771185,0.989931599116906,0.9999999999999999,4,8,2184616.11112,34734.983586
2024-09-02 02:00:00,schloemer,L66,69,70,99.94316120476749,0.08500435331053702,0.9993456869687839,1.0,4,8,2184616.11112,34734.983586
2024-09-02 02:00:00,schloemer,L67,69,73,99.68010588875968,0.07982219459504358,0.9992815783507479,1.0,4,8,2184616.11112,34734.983586
2024-09-02 02:00:00,schloemer,L68,69,74,98.87382853654843,0.06536600557159256,0.9990430341714407,1.0,4,8,2184616.11112,34734.983586
2024-09-02 02:00:00,schloemer,L69,70,71,99.4922655727086,0.0762640519135338,0.9992319714679082,1.0,4,8,2184616.11112,34734.983586
2024-09-02 02:00:00,schloemer,L70,70,72,98.74342302355379,0.06322399374565901,0.9989975929685988,1.0,4,8,2184616.11112,34734.983586
2024-09-02 02:00:00,schloemer,L71,73,74,98.0344681071968,0.052488183550681855,0.9987100131001639,1.0,4,8,2184616.11112,34734.983586
2024-09-02 02:00:00,schloemer,L72,74,76,92.4089319048615,0.00878290418187333,0.990654401528783,0.9999999999999999,4,8,2184616.11112,34734.983586
2024-09-02 02:00:00,schloemer,L73,74,117,95.80896578468243,0.027678456689384734,0.9971570891141007,1.0,4,8,2184616.11112,34734.983586
2024-09-02 02:00:00,schloemer,L74,75,76,89.26751630195986,0.002514502974600763,0.9730778853370958,0.9999999999997268,4,8,2184616.11112,34734.983586
2024-09-02 02:00:00,schloemer,L75,75,117,92.58974127292686,0.00938558792065014,0.9912196406695732,1.0,4,8,2184616.11112,34734.983586
2024-09-02 02:00:00,schloemer,L76,76,77,86.10593962290788,0.0005917478899262196,0.9273297419778108,0.999999999224065,4,8,2184616.11112,34734.983586
2024-09-02 02:00:00,schloemer,L77,76,79,82.68878910419069,0.00010040497172192353,0.8125320748279972,0.9999984751000425,4,8,2184616.11112,34734.983586
2024-09-02 02:00:00,schloemer,L78,76,79,82.68878910419069,0.00010040497172192353,0.8125320748279972,0.9999984751000425,4,8,2184616.11112,34734.983586
2024-09-02 02:00:00,schloemer,L79,76,81,82.98289015294277,0.00011795463561636854,0.8260972192537588,0.9999991639210449,4,8,2184616.11112,34734.983586
2024-09-02 02:00:00,schloemer,L80,77,78,81.80977638377092,6.146698834352815e-05,0.7672894165111837,0.999991401507864,4,8,2184616.11112,34734.983586
2024-09-02 02:00:00,schloemer,L81,78,79,78.78721419264916,1.0261894663576854e-05,0.5600166189892787,0.998595659713574,4,8,2184616.11112,34734.983586
2024-09-02 02:00:00,schloemer,L82,79,95,74.78769394571314,7.655039236942329e-07,0.2368445672043782,0.8849457482961576,4,8,2184616.11112,34734.983586
2024-09-02 02:00:00,schloemer,L83,79,96,74.84338179419301,7.949702670595471e-07,0.24086121528264792,0.8897018924069036,4,8,2184616.11112,34734.983586
2024-09-02 02:00:00,schloemer,L84,79,97,75.95805416451758,1.6774806579356039e-06,0.326483107530689,0.9576566681886695,4,8,2184616.11112,34734.983586
2024-09-02 02:00:00,schloemer,L85,79,98,74.85664692437604,8.021498333343757e-07,0.24182223355708155,0.890813998174313,4,8,2184616.11112,34734.983586
2024-09-02 02:00:00,schloemer,L86,80,67,83.60041841206989,0.00015970483161065196,0.8510165039822932,1.0,30,72,2186055.70436,34781.856812
2024-09-02 02:00:00,schloemer,L87,80,79,80.09112599101208,2.196123952213913e-05,0.6566820651547836,1.0,28,69,2185981.58126,34779.386042
2024-09-02 02:00:00,schloemer,L88,81,82,76.11823907343685,1.8647383098757686e-06,0.33944020785076734,0.9637511828011734,4,8,2184616.11112,34734.983586
2024-09-02 02:00:00,schloemer,L89,81,95,74.98912132338901,8.773860508126674e-07,0.25150687432177166,0.9014853079351002,4,8,2184616.11112,34734.983586
2024-09-02 02:00:00,schloemer,L90,93,95,69.0143845500732,1.235555446843506e-08,0.013409951258372743,0.10237730695460845,4,8,2184616.11112,34734.983586
2024-09-02 02:00:00,schloemer,L91,95,96,71.96610244970087,1.0700286523501745e-07,0.07948052768405067,0.48445847389319296,4,8,2184616.11112,34734.983586
2024-09-02 02:00:00,schloemer,L92,115,67,83.57083310666872,0.00016035779378476,0.8505465190512733,1.0,13,29,2185126.88168,34750.896056
2024-09-02 03:00:00,schloemer,L0,22,23,96.70218110044489,0.03615476224152936,0.9979286638704802,1.0,4,8,2184616.11112,34734.983586
2024-09-02 03:00:00,schloemer,L1,23,69,98.19014096485267,0.054716919650227624,0.99877951287364,1.0,4,8,2184616.11112,34734.983586
2024-09-02 03:00:00,schloemer,L2,23,71,98.767788812707,0.06362017920075602,0.9990062446371536,1.0,4,8,2184616.11112,34734.983586
2024-09-02 03:00:00,schloemer,L3,29,37,65.81573718288885,1.0875097489204677e-09,0.000701509956279156,0.005598324037419,4,8,2184616.11112,34734.983586
2024-09-02 03:00:00,schloemer,L4,32,36,63.161514839323495,1.3757595063168537e-10,2.043195706247225e-05,0.00016344451817495997,4,8,2184616.11112,34734.983586
2024-09-02 03:00:00,schloemer,L5,33,36,66.2618281336461,1.5333160297004156e-09,0.0011436472064094705,0.009112645364214522,4,8,2184616.11112,34734.983586
2024-09-02 03:00:00,schloemer,L6,33,42,70.518126285321,3.7540836550498113e-08,0.03651232993895892,0.2573755820532849,4,8,2184616.11112,34734.983586
2024-09-02 03:00:00,schloemer,L7,34,36,62.18205377559038,6.365197258162425e-11,4.0650847470402596e-06,3.252046988200252e-05,4,8,2184616.11112,34734.983586
2024-09-02 03:00:00,schloemer,L8,36,38,65.25760876463902,7.063005735830075e-10,0.0003657160252962255,0.002921988807329079,4,8,2184616.11112,34734.983586
2024-09-02 03:00:00,schloemer,L9,36,39,67.6778574295339,4.520242069538938e-09,0.004537489066884781,0.035728645410940896,4,8,2184616.11112,34734.983586
2024-09-02 03:00:00,schloemer,L10,37,36,66.7192313175544,2.130618903528614e-09,0.0018096336829136472,0.0832689553395124,20,48,2185542.33716,34764.744572
2024-09-02 03:00:00,schloemer,L11,37,64,73.36185058855702,2.868783575138423e-07,0.14519116472187066,0.7149299968043898,4,8,2184616.11112,34734.983586
2024-09-02 03:00:00,schloemer,L12,38,39,68.1585819610933,6.501444715922844e-09,0.0068542081642564145,0.05353612418892573,4,8,2184616.11112,34734.983586
2024-09-02 03:00:00,schloemer,L13,39,40,72.7229926101369,1.832138311064213e-07,0.11202327263421252,0.6134440601026815,4,8,2184616.11112,34734.983586
2024-09-02 03:00:00,schloemer,L14,39,41,75.31866128209047,1.0954121814066298e-06,0.2762465022016696,0.9247123914982797,4,8,2184616.11112,34734.983586
2024-09-02 03:00:00,schloemer,L15,40,41,77.46069578509352,4.4584769446354144e-06,0.45101489557553787,0.9917495669923746,4,8,2184616.11112,34734.983586
2024-09-02 03:00:00,schloemer,L16,41,48,86.00139233354399,0.0005622921867962649,0.9250281868864216,0.99999999900412,4,8,2184616.11112,34734.983586
2024-09-02 03:00:00,schloemer,L17,41,48,86.00139233354399,0.0005622921867962649,0.9250281868864216,0.99999999900412,4,8,2184616.11112,34734.983586
2024-09-02 03:00:00,schloemer,L18,42,43,77.14646016142329,3.6445916710148296e-06,0.4246768280848422,0.9879970333875007,4,8,2184616.11112,34734.983586
2024-09-02 03:00:00,schloemer,L19,43,44,85.0215631302707,0.0003450040664660925,0.9001963482850268,0.9999999901695812,4,8,2184616.11112,34734.983586
2024-09-02 03:00:00,schloemer,L20,44,45,92.33013236529715,0.008530883973360104,0.9903972062836145,0.9999999999999999,4,8,2184616.11112,34734.983586
2024-09-02 03:00:00,schloemer,L21,44,48,90.18460505811194,0.0036928246869616377,0.9801159512253557,0.9999999999999759,4,8,2184616.11112,34734.983586
2024-09-02 03:00:00,schloemer,L22,45,46,96.00548743014521,0.029389450085243518,0.9973481683692086,1.0,4,8,2184616.11112,34734.983586
2024-09-02 03:00:00,schloemer,L23,45,47,95.63733753445585,0.026251203044501126,0.9969791270432173,1.0,4,8,2184616.11112,34734.983586
2024-09-02 03:00:00,schloemer,L24,46,48,94.24644316004354,0.016764009253063095,0.9950689062647932,1.0,4,8,2184616.11112,34734.983586
2024-09-02 03:00:00,schloemer,L25,46,68,97.41985500467874,0.04436256632794011,0.9983948474581491,1.0,4,8,2184616.11112,34734.983586
2024-09-02 03:00:00,schloemer,L26,47,48,93.78175410446505,0.01431932166034422,0.9941976907182503,1.0,4,8,2184616.11112,34734.983586
2024-09-02 03:00:00,schloemer,L27,48,49,91.13224592873449,0.005402454335856621,0.9855404759377068,0.9999999999999981,4,8,2184616.11112,34734.983586
2024-09-02 03:00:00,schloemer,L28,48,50,91.99660910477614,0.007532200175148884,0.9892309798427401,0.9999999999999998,4,8,2184616.11112,34734.983586
2024-09-02 03:00:00,schloemer,L29,48,53,88.22128367708278,0.0015907763318872004,0.9622395472414621,0.999999999995893,4,8,2184616.11112,34734.983586
2024-09-02 03:00:00,schloemer,L30,48,53,88.22128367708278,0.0015907763318872004,0.9622395472414621,0.999999999995893,4,8,2184616.11112,34734.983586
2024-09-02 03:00:00,schloemer,L31,48,65,85.56961729812328,0.0004544018452665721,0.9148361675215675,0.9999999972378197,4,8,2184616.11112,34734.983586
2024-09-02 03:00:00,schloemer,L32,48,65,85.56961729812328,0.0004544018452665721,0.9148361675215675,0.9999999972378197,4,8,2184616.11112,34734.983586
2024-09-02 03:00:00,schloemer,L33,48,68,95.6323679225378,0.02621078713392966,0.996973813425044,1.0,4,8,2184616.11112,34734.983586
2024-09-02 03:00:00,schloemer,L34,49,56,88.723020157788,0.001986504380669496,0.9678608275599893,0.9999999999988707,4,8,2184616.11112,34734.983586
2024-09-02 03:00:00,schloemer,L35,50,51,90.56132916322764,0.00430451143387145,0.9824704060431151,0.9999999999999912,4,8,2184616.11112,34734.983586
2024-09-02 03:00:00,schloemer,L36,50,57,89.30345884700145,0.002553427299669897,0.9733928679950515,0.9999999999997514,4,8,2184616.11112,34734.983586
2024-09-02 03:00:00,schloemer,L37,51,52,86.82875588332105,0.000837545435442566,0.9416095872422771,0.9999999998653282,4,8,2184616.11112,34734.983586
2024-09-02 03:00:00,schloemer,L38,52,53,84.51396634877696,0.00026599644299374336,0.8847870146261649,0.999999968986606,4,8,2184616.11112,34734.983586
2024-09-02 03:00:00,schloemer,L39,53,54,81.23489624374182,4.426338853236178e-05,0.7338386584980838,0.9999748184232982,4,8,2184616.11112,34734.983586
2024-09-02 03:00:00,schloemer,L40,53,55,82.8803308257334,0.0001115309847973256,0.8214546706267811,0.9999989677278973,4,8,2184616.11112,34734.983586
2024-09-02 03:00:00,schloemer,L41,53,58,80.21499387678789,2.4372748244960718e-05,0.6671595168829181,0.9998493924272192,4,8,2184616.11112,34734.983586
2024-09-02 03:00:00,schloemer,L42,54,55,79.90084687369706,2.020796475865616e-05,0.6448448950053186,0.9997468899511865,4,8,2184616.11112,34734.983586
2024-09-02 03:00:00,schloemer,L43,54,58,77.41761357148181,4.337350566152587e-06,0.44740590485541387,0.9913055445973982,4,8,2184616.11112,34734.983586
2024-09-02 03:00:00,schloemer,L44,55,56,84.09069051226663,0.0002133577632951189,0.8704694659581429,0.9999999208216278,4,8,2184616.11112,34734.983586
2024-09-02 03:00:00,schloemer,L45,55,57,84.2050031472438,0.0002265235411271771,0.8744728785541409,0.9999999384104541,4,8,2184616.11112,34734.983586
2024-09-02 03:00:00,schloemer,L46,55,58,79.00150031035407,1.1709841676865729e-05,0.5769505912336486,0.9989740920452159,4,8,2184616.11112,34734.983586
2024-09-02 03:00:00,schloemer,L47,55,58,79.00150031035407,1.1709841676865729e-05,0.5769505912336486,0.9989740920452159,4,8,2184616.11112,34734.983586
2024-09-02 03:00:00,schloemer,L48,58,59,73.76931721336733,3.808140550676242e-07,0.1690117133243788,0.7726167048842663,4,8,2184616.11112,34734.983586
2024-09-02 03:00:00,schloemer,L49,58,60,74.48549275399769,6.231669088530012e-07,0.2155681879968605,0.8566358711766323,4,8,2184616.11112,34734.983586
2024-09-02 03:00:00,schloemer,L50,59,60,71.84970511966813,9.844923198887301e-08,0.07511853309101313,0.46458757558038566,4,8,2184616.11112,34734.983586
2024-09-02 03:00:00,schloemer,L51,59,61,72.45101411546861,1.5113979123793087e-07,0.09948750094765335,0.5675681249104817,4,8,2184616.11112,34734.983586
2024-09-02 03:00:00,schloemer,L52,60,61,73.03587118736864,2.2835578084023922e-07,0.12761832323379574,0.6645313932257779,4,8,2184616.11112,34734.983586
2024-09-02 03:00:00,schloemer,L53,61,65,76.74022556812616,2.8022073752520527e-06,0.39070686376110497,0.9810064817571055,4,8,2184616.11112,34734.983586
2024-09-02 03:00:00,schloemer,L54,61,66,73.45531992793829,3.061960228700755e-07,0.15047564862586404,0.728727277142273,4,8,2184616.11112,34734.983586
2024-09-02 03:00:00,schloemer,L55,62,58,75.51718234072415,1.236136951354716e-06,0.29084035968224875,0.9999667100338832,13,30,2185148.89802,34751.629934
2024-09-02 03:00:00,schloemer,L56,62,63,75.20842692410017,1.0172082252069004e-06,0.26787271307186433,0.9174549600619486,4,8,2184616.11112,34734.983586
2024-09-02 03:00:00,schloemer,L57,63,60,74.14445172756841,4.830120402532501e-07,0.19169470586458126,0.9999547059975274,20,47,2185512.78098,34763.759366
2024-09-02 03:00:00,schloemer,L58,63,64,77.40741561896141,4.309145568481831e-06,0.44655143994046054,0.9911974072646745,4,8,2184616.11112,34734.983586
2024-09-02 03:00:00,schloemer,L59,64,65,79.43545044919912,1.4949299834476903e-05,0.6091218961818312,1.0,20,48,2185545.98792,34764.866264
2024-09-02 03:00:00,schloemer,L60,64,67,83.44936019201619,0.00014587489760253813,0.8445733939825963,1.0,38,93,2186503.81292,34796.793764
2024-09-02 03:00:00,schloemer,L61,65,66,76.5156590581287,2.4206344381161315e-06,0.37205537970977454,0.9758249963770314,4,8,2184616.11112,34734.983586
2024-09-02 03:00:00,schloemer,L62,67,68,92.9776963540512,0.010572812131876663,0.992245450594306,1.0,28,68,2185978.45538,34779.281846
2024-09-02 03:00:00,schloemer,L63,68,69,100.0928939532063,0.08805922705457259,0.9993795760864875,1.0,4,8,2184616.11112,34734.983586
2024-09-02 03:00:00,schloemer,L64,68,74,98.62229599476673,0.061281833680257525,0.9989534516942729,1.0,4,8,2184616.11112,34734.983586
2024-09-02 03:00:00,schloemer,L65,68,76,95.02377350115235,0.021631639366957667,0.9962483448356001,1.0,4,8,2184616.11112,34734.983586
2024-09-02 03:00:00,schloemer,L66,69,70,100.00037641302343,0.0861626048583195,0.9993588509719707,1.0,4,8,2184616.11112,34734.983586
2024-09-02 03:00:00,schloemer,L67,69,73,100.42237211989114,0.09505369973836952,0.9994480597760214,1.0,4,8,2184616.11112,34734.983586
2024-09-02 03:00:00,schloemer,L68,69,74,100.27986300714834,0.09198214348389522,0.9994194252128027,1.0,4,8,2184616.11112,34734.983586
2024-09-02 03:00:00,schloemer,L69,70,71,99.56789752498722,0.07768256264430184,0.9992523460534994,1.0,4,8,2184616.11112,34734.983586
2024-09-02 03:00:00,schloemer,L70,70,72,98.9227138850929,0.06618275941325535,0.9990595319989719,1.0,4,8,2184616.11112,34734.983586
2024-09-02 03:00:00,schloemer,L71,73,74,99.78101158082275,0.08178236410264861,0.9993068843742561,1.0,4,8,2184616.11112,34734.983586
2024-09-02 03:00:00,schloemer,L72,74,76,94.98475030522792,0.021362116048724178,0.9961963837308118,1.0,4,8,2184616.11112,34734.983586
2024-09-02 03:00:00,schloemer,L73,74,117,97.96579785136882,0.05152742743923666,0.9986781124657411,1.0,4,8,2184616.11112,34734.983586
2024-09-02 03:00:00,schloemer,L74,75,76,91.65258176523311,0.006610028014044533,0.9878856847335614,0.9999999999999996,4,8,2184616.11112,34734.983586
2024-09-02 03:00:00,schloemer,L75,75,117,94.72234511859199,0.019620968351027335,0.9958281336901359,1.0,4,8,2184616.11112,34734.983586
2024-09-02 03:00:00,schloemer,L76,76,77,88.40820579561644,0.0017289987291332354,0.9644318875866079,0.9999999999974563,4,8,2184616.11112,34734.983586
2024-09-02 03:00:00,schloemer,L77,76,79,85.0043511423597,0.00034200170519438355,0.8997038767721288,0.9999999897746319,4,8,2184616.11112,34734.983586
2024-09-02 03:00:00,schloemer,L78,76,79,85.0043511423597,0.00034200170519438355,0.8997038767721288,0.9999999897746319,4,8,2184616.11112,34734.983586
2024-09-02 03:00:00,schloemer,L79,76,81,85.19208910947673,0.00037609959042717023,0.9049655755170027,0.9999999933565432,4,8,2184616.11112,34734.983586
2024-09-02 03:00:00,schloemer,L80,77,78,83.7338045599971,0.00017670549462789342,0.8572975949022577,0.9999998281524496,4,8,2184616.11112,34734.983586
2024-09-02 03:00:00,schloemer,L81,78,79,80.72637317576293,3.2946823978585726e-05,0.7017338182460824,0.9999373710858994,4,8,2184616.11112,34734.983586
2024-09-02 03:00:00,schloemer,L82,79,95,76.58997583139798,2.5409949766519446e-06,0.3782136052461532,0.9776578323518638,4,8,2184616.11112,34734.983586
2024-09-02 03:00:00,schloemer,L83,79,96,76.61201751037517,2.57778898027361e-06,0.3800429617904286,0.9781783151042193,4,8,2184616.11112,34734.983586
2024-09-02 03:00:00,schloemer,L84,79,97,77.76114869999165,5.3982960495080334e-06,0.4761259270778093,0.9943270903800944,4,8,2184616.11112,34734.983586
2024-09-02 03:00:00,schloemer,L85,79,98,76.74181364887966,2.805101928071707e-06,0.39083918232760084,0.9810394550799659,4,8,2184616.11112,34734.983586
2024-09-02 03:00:00,schloemer,L86,80,67,86.46060904394506,0.0006831524014039303,0.9341169098799913,1.0,30,72,2186055.70436,34781.856812
2024-09-02 03:00:00,schloemer,L87,80,79,82.46215244757273,8.603832391707034e-05,0.8002677739163853,1.0,28,69,2185981.58126,34779.386042
2024-09-02 03:00:00,schloemer,L88,81,82,77.69423589353626,5.173803444002978e-06,0.4705449845544113,0.9938251907583722,4,8,2184616.11112,34734.983586
2024-09-02 03:00:00,schloemer,L89,81,95,76.7117213008178,2.7507404177784522e-06,0.3883327831973139,0.9804062818179555,4,8,2184616.11112,34734.983586
2024-09-02 03:00:00,schloemer,L90,93,95,70.43068311026686,3.521372138326484e-08,0.03464371149535739,0.24577490424844473,4,8,2184616.11112,34734.983586
2024-09-02 03:00:00,schloemer,L91,95,96,73.52515063589107,3.214486218316992e-07,0.15449414765101366,0.7388245295678264,4,8,2184616.11112,34734.983586
2024-09-02 03:00:00,schloemer,L92,115,67,86.46042185249112,0.0006958648873398587,0.9344781648651963,1.0,13,29,2185126.88168,34750.896056
2024-09-02 04:00:00,schloemer,L0,22,23,97.2887161109609,0.042763071888563764,0.9983182474201184,1.0,4,8,2184616.11112,34734.983586
2024-09-02 04:00:00,schloemer,L1,23,69,96.68479634056142,0.03597204928849207,0.9979158415342704,1.0,4,8,2184616.11112,34734.983586
2024-09-02 04:00:00,schloemer,L2,23,71,98.80905677351178,0.0642954208766825,0.9990207276158872,1.0,4,8,2184616.11112,34734.983586
2024-09-02 04:00:00,schloemer,L3,29,37,67.47337021418268,3.870504916569928e-09,0.0037763250319722275,0.029814319178131377,4,8,2184616.11112,34734.983586
2024-09-02 04:00:00,schloemer,L4,32,36,64.75481809351912,4.780241757984527e-10,0.00019542626773338956,0.0015623431089050177,4,8,2184616.11112,34734.983586
2024-09-02 04:00:00,schloemer,L5,33,36,68.03543088087068,5.924514323574215e-09,0.006182408132098471,0.0484021981610786,4,8,2184616.11112,34734.983586
2024-09-02 04:00:00,schloemer,L6,33,42,72.55310581047168,1.6247934020441335e-07,0.10408166482459513,0.5849053703224627,4,8,2184616.11112,34734.983586
2024-09-02 04:00:00,schloemer,L7,34,36,63.692708289706715,2.0865631444877408e-10,4.552438315619245e-05,0.00036413787570921397,4,8,2184616.11112,34734.983586
2024-09-02 04:00:00,schloemer,L8,36,38,66.99381189270483,2.686318056888126e-09,0.0024066727248954756,0.019091992553533776,4,8,2184616.11112,34734.983586
2024-09-02 04:00:00,schloemer,L9,36,39,69.57178507612377,1.8702665860459433e-08,0.019933034581057885,0.14877185473533794,4,8,2184616.11112,34734.983586
2024-09-02 04:00:00,schloemer,L10,37,36,68.50220016916312,8.236579418507972e-09,0.008955417486782413,0.35065853564242366,20,48,2185542.33716,34764.744572
2024-09-02 04:00:00,schloemer,L11,37,64,75.5294529996802,1.2614742131988876e-06,0.29251213996092007,0.9372303444673782,4,8,2184616.11112,34734.983586
2024-09-02 04:00:00,schloemer,L12,38,39,70.10592702405948,2.7745323927241827e-08,0.028334449599896283,0.20542591691923062,4,8,2184616.11112,34734.983586
2024-09-02 04:00:00,schloemer,L13,39,40,74.98753041567075,8.764432114505283e-07,0.2513896447034859,0.901361804251237,4,8,2184616.11112,34734.983586
2024-09-02 04:00:00,schloemer,L14,39,41,77.73699323273603,5.316195895943565e-06,0.47411214312020344,0.9941502688462857,4,8,2184616.11112,34734.983586
2024-09-02 04:00:00,schloemer,L15,40,41,80.0277493615508,2.1801441840607616e-05,0.6539537777252926,0.9997943943586687,4,8,2184616.11112,34734.983586
2024-09-02 04:00:00,schloemer,L16,41,48,88.81292645755485,0.0020661381424679215,0.9687823974537336,0.9999999999991055,4,8,2184616.11112,34734.983586
2024-09-02 04:00:00,schloemer,L17,41,48,88.81292645755485,0.0020661381424679215,0.9687823974537336,0.9999999999991055,4,8,2184616.11112,34734.983586
2024-09-02 04:00:00,schloemer,L18,42,43,79.58744210658814,1.673439507776653e-05,0.6218232092960713,0.9995816595057746,4,8,2184616.11112,34734.983586
2024-09-02 04:00:00,schloemer,L19,43,44,87.810007647065,0.001321238822943882,0.9569729408146658,0.9999999999883148,4,8,2184616.11112,34734.983586
2024-09-02 04:00:00,schloemer,L20,44,45,94.91675437981985,0.020899118995108212,0.9961041478852894,1.0,4,8,2184616.11112,34734.983586
2024-09-02 04:00:00,schloemer,L21,44,48,92.82945062015811,0.010239261804100286,0.9919182352047602,1.0,4,8,2184616.11112,34734.983586
2024-09-02 04:00:00,schloemer,L22,45,46,97.92150293575851,0.05091490052116254,0.9986571188054278,1.0,4,8,2184616.11112,34734.983586
2024-09-02 04:00:00,schloemer,L23,45,47,97.24083278949242,0.04219042192640032,0.9982893804258612,1.0,4,8,2184616.11112,34734.983586
2024-09-02 04:00:00,schloemer,L24,46,48,96.54956844335109,0.03457576652115779,0.9978133763950761,1.0,4,8,2184616.11112,34734.983586
2024-09-02 04:00:00,schloemer,L25,46,68,99.30888531997284,0.072903110227718,0.9991802257970387,1.0,4,8,2184616.11112,34734.983586
2024-09-02 04:00:00,schloemer,L26,47,48,95.82108416953423,0.027781569610113355,0.9971692558401061,1.0,4,8,2184616.11112,34734.983586
2024-09-02 04:00:00,schloemer,L27,48,49,93.24068366184578,0.011859184035728831,0.9929931297261161,1.0,4,8,2184616.11112,34734.983586
2024-09-02 04:00:00,schloemer,L28,48,50,93.84083943343286,0.014612396472321598,0.9943162982051068,1.0,4,8,2184616.11112,34734.983586
2024-09-02 04:00:00,schloemer,L29,48,53,90.28198233895326,0.0038430502157659197,0.9807516883769432,0.9999999999999815,4,8,2184616.11112,34734.983586
2024-09-02 04:00:00,schloemer,L30,48,53,90.28198233895326,0.0038430502157659197,0.9807516883769432,0.9999999999999815,4,8,2184616.11112,34734.983586
2024-09-02 04:00:00,schloemer,L31,48,65,88.0485925263132,0.0014720528792327991,0.9601045325561247,0.9999999999936199,4,8,2184616.11112,34734.983586
2024-09-02 04:00:00,schloemer,L32,48,65,88.0485925263132,0.0014720528792327991,0.9601045325561247,0.9999999999936199,4,8,2184616.11112,34734.983586
2024-09-02 04:00:00,schloemer,L33,48,68,97.92228724313452,0.05092569734505037,0.9986574934075994,1.0,4,8,2184616.11112,34734.983586
2024-09-02 04:00:00,schloemer,L34,49,56,90.2728106806447,0.003828673240828806,0.9806926400299052,0.999999999999981,4,8,2184616.11112,34734.983586
2024-09-02 04:00:00,schloemer,L35,50,51,91.49783881782224,0.006228425547042393,0.9872292763212398,0.9999999999999993,4,8,2184616.11112,34734.983586
2024-09-02 04:00:00,schloemer,L36,50,57,90.45102241695446,0.0041167402702194655,0.9818098674214882,0.9999999999999882,4,8,2184616.11112,34734.983586
2024-09-02 04:00:00,schloemer,L37,51,52,87.57456678562887,0.0011863142333710108,0.9536645550585883,0.9999999999788532,4,8,2184616.11112,34734.983586
2024-09-02 04:00:00,schloemer,L38,52,53,85.72205261811409,0.0004900916942406353,0.9185637616036189,0.99999999806941,4,8,2184616.11112,34734.983586
2024-09-02 04:00:00,schloemer,L39,53,54,82.5760608315995,9.435400344692813e-05,0.8071260569400736,0.999998085635836,4,8,2184616.11112,34734.983586
2024-09-02 04:00:00,schloemer,L40,53,55,84.25123971463402,0.00023206090971661375,0.8760630835159884,0.9999999443836713,4,8,2184616.11112,34734.983586
2024-09-02 04:00:00,schloemer,L41,53,58,81.67628919702085,5.698443951240861e-05,0.7597944624620739,0.9999889193528373,4,8,2184616.11112,34734.983586
2024-09-02 04:00:00,schloemer,L42,54,55,81.04546961322387,3.967404689031451e-05,0.7221517231392661,0.9999644865601942,4,8,2184616.11112,34734.983586
2024-09-02 04:00:00,schloemer,L43,54,58,78.63955727323324,9.365645164516323e-06,0.5482066837670733,0.9982641901676936,4,8,2184616.11112,34734.983586
2024-09-02 04:00:00,schloemer,L44,55,56,85.34285816626078,0.0004057359388007775,0.9090190796434731,0.9999999953129711,4,8,2184616.11112,34734.983586
2024-09-02 04:00:00,schloemer,L45,55,57,85.30241223674739,0.0003975801964191117,0.9079464622612523,0.9999999948520649,4,8,2184616.11112,34734.983586
2024-09-02 04:00:00,schloemer,L46,55,58,80.26979851159348,2.5178348659560257e-05,0.6709706266171713,0.999862648431518,4,8,2184616.11112,34734.983586
2024-09-02 04:00:00,schloemer,L47,55,58,80.26979851159348,2.5178348659560257e-05,0.6709706266171713,0.999862648431518,4,8,2184616.11112,34734.983586
2024-09-02 04:00:00,schloemer,L48,58,59,75.03941534559613,9.077043665595141e-07,0.2552242359342394,0.9053321075101766,4,8,2184616.11112,34734.983586
2024-09-02 04:00:00,schloemer,L49,58,60,75.86438209798668,1.5765395571243346e-06,0.318966698649505,0.9537252532426804,4,8,2184616.11112,34734.983586
2024-09-02 04:00:00,schloemer,L50,59,60,73.15813847151057,2.4879745319505986e-07,0.13405220404443807,0.6838208284606146,4,8,2184616.11112,34734.983586
2024-09-02 04:00:00,schloemer,L51,59,61,73.86287800754714,4.062799521253879e-07,0.17476359851597656,0.7849069850308681,4,8,2184616.11112,34734.983586
2024-09-02 04:00:00,schloemer,L52,60,61,74.54646125385874,6.49640851890787e-07,0.21978769128215958,0.8626902894889745,4,8,2184616.11112,34734.983586
2024-09-02 04:00:00,schloemer,L53,61,65,78.65132748107794,9.434245635042693e-06,0.5491520594870196,0.998293036117073,4,8,2184616.11112,34734.983586
2024-09-02 04:00:00,schloemer,L54,61,66,75.15049897864716,9.78308082544288e-07,0.26351094212032944,0.9134377191325804,4,8,2184616.11112,34734.983586
2024-09-02 04:00:00,schloemer,L55,62,58,76.92208391370815,3.115701557199202e-06,0.4051044537061742,0.9999998289181505,13,30,2185148.89802,34751.629934
2024-09-02 04:00:00,schloemer,L56,62,63,76.90000743672812,3.108342819357901e-06,0.4040428652823945,0.9840883657315949,4,8,2184616.11112,34734.983586
2024-09-02 04:00:00,schloemer,L57,63,60,75.79186364161312,1.4714509071200865e-06,0.3119443341975261,0.9999999766495495,20,47,2185512.78098,34763.759366
2024-09-02 04:00:00,schloemer,L58,63,64,79.61693964163429,1.703531664998259e-05,0.6240208805150484,0.9996007175533628,4,8,2184616.11112,34734.983586
2024-09-02 04:00:00,schloemer,L59,64,65,81.81553123073272,6.045147703648279e-05,0.7666417740533856,1.0,20,48,2185545.98792,34764.866264
2024-09-02 04:00:00,schloemer,L60,64,67,86.35866463715985,0.0006445602800245753,0.9318778389068247,1.0,38,93,2186503.81292,34796.793764
2024-09-02 04:00:00,schloemer,L61,65,66,78.50815337286527,8.631509048284691e-06,0.5376082884585933,0.9979103895530554,4,8,2184616.11112,34734.983586
2024-09-02 04:00:00,schloemer,L62,67,68,96.02743161193845,0.029041231334112294,0.9973406593829592,1.0,28,68,2185978.45538,34779.281846
2024-09-02 04:00:00,schloemer,L63,68,69,100.09470107032128,0.0880965658827404,0.9993799741216822,1.0,4,8,2184616.11112,34734.983586
2024-09-02 04:00:00,schloemer,L64,68,74,100.40811091499651,0.09474313202439821,0.9994452594746671,1.0,4,8,2184616.11112,34734.983586
2024-09-02 04:00:00,schloemer,L65,68,76,97.7399912234436,0.04846318092968216,0.9985675593595701,1.0,4,8,2184616.11112,34734.983586
2024-09-02 04:00:00,schloemer,L66,69,70,99.57450031740518,0.07780730332363339,0.9992540988178942,1.0,4,8,2184616.11112,34734.983586
2024-09-02 04:00:00,schloemer,L67,69,73,100.20820916432723,0.09046444105431706,0.999404467269383,1.0,4,8,2184616.11112,34734.983586
2024-09-02 04:00:00,schloemer,L68,69,74,100.74165040476888,0.10219366932019969,0.9995071567900198,1.0,4,8,2184616.11112,34734.983586
2024-09-02 04:00:00,schloemer,L69,70,71,99.48500045720459,0.07612879024693331,0.9992299851975821,1.0,4,8,2184616.11112,34734.983586
2024-09-02 04:00:00,schloemer,L70,70,72,98.75214967289865,0.06336567555793637,0.999000700212948,1.0,4,8,2184616.11112,34734.983586
2024-09-02 04:00:00,schloemer,L71,73,74,100.85232121107448,0.1047526380132584,0.9995261172666007,1.0,4,8,2184616.11112,34734.983586
2024-09-02 04:00:00,schloemer,L72,74,76,97.42714634352353,0.04445284926415427,0.9983990029919144,1.0,4,8,2184616.11112,34734.983586
2024-09-02 04:00:00,schloemer,L73,74,117,99.7488866651518,0.08115459319027085,0.9992989265274004,1.0,4,8,2184616.11112,34734.983586
2024-09-02 04:00:00,schloemer,L74,75,76,94.00307302212391,0.015443261006568454,0.9946299200085386,1.0,4,8,2184616.11112,34734.983586
2024-09-02 04:00:00,schloemer,L75,75,117,96.66962892193173,0.03581324105326611,0.997904590300446,1.0,4,8,2184616.11112,34734.983586
2024-09-02 04:00:00,schloemer,L76,76,77,90.745912600984,0.004635697957826812,0.9835250952186098,0.9999999999999947,4,8,2184616.11112,34734.983586
2024-09-02 04:00:00,schloemer,L77,76,79,87.43999694202714,0.0011149534380349158,0.9516714890315929,0.9999999999703729,4,8,2184616.11112,34734.983586
2024-09-02 04:00:00,schloemer,L78,76,79,87.43999694202714,0.0011149534380349158,0.9516714890315929,0.9999999999703729,4,8,2184616.11112,34734.983586
2024-09-02 04:00:00,schloemer,L79,76,81,87.48737753051057,0.0011396198802066104,0.9523819137873553,0.9999999999736855,4,8,2184616.11112,34734.983586
2024-09-02 04:00:00,schloemer,L80,77,78,85.69831243838277,0.00048436827621711753,0.9179926867129502,0.9999999979583606,4,8,2184616.11112,34734.983586
2024-09-02 04:00:00,schloemer,L81,78,79,82.76661304367727,0.00010479333341295582,0.8161971396040966,0.9999986979247868,4,8,2184616.11112,34734.983586
2024-09-02 04:00:00,schloemer,L82,79,95,78.52590791822512,8.72737807877666e-06,0.5390448890104602,0.997961766587319,4,8,2184616.11112,34734.983586
2024-09-02 04:00:00,schloemer,L83,79,96,78.50487281398946,8.613905837395741e-06,0.5373426907562984,0.9979007679044186,4,8,2184616.11112,34734.983586
2024-09-02 04:00:00,schloemer,L84,79,97,79.6794463455611,1.769013198782421e-05,0.6286570500712483,0.9996384480288254,4,8,2184616.11112,34734.983586
2024-09-02 04:00:00,schloemer,L85,79,98,78.78113721293009,1.0223441828438595e-05,0.5595327560061879,0.9985832566725487,4,8,2184616.11112,34734.983586
2024-09-02 04:00:00,schloemer,L86,80,67,89.56317602859153,0.0027792788358624865,0.9753301526586003,1.0,30,72,2186055.70436,34781.856812
2024-09-02 04:00:00,schloemer,L87,80,79,85.02508968163379,0.00033621830863383995,0.899536860333336,1.0,28,69,2185981.58126,34779.386042
2024-09-02 04:00:00,schloemer,L88,81,82,79.32855136682451,1.4302279720435074e-05,0.6022737809074941,0.9993738924688258,4,8,2184616.11112,34734.983586
2024-09-02 04:00:00,schloemer,L89,81,95,78.5447829866229,8.830415979099726e-06,0.5405706107886087,0.998015117307848,4,8,2184616.11112,34734.983586
2024-09-02 04:00:00,schloemer,L90,93,95,71.96533079558806,1.0694383667519958e-07,0.07945105493506555,0.48432640809101235,4,8,2184616.11112,34734.983586
2024-09-02 04:00:00,schloemer,L91,95,96,75.19865902363247,1.0105454287812066e-06,0.26713532553477715,0.9167875035904106,4,8,2184616.11112,34734.983586
2024-09-02 04:00:00,schloemer,L92,115,67,89.59703442625339,0.0028672142632009123,0.9757560893732965,1.0,13,29,2185126.88168,34750.896056
2024-09-02 05:00:00,schloemer,L0,22,23,97.95331459285059,0.05135423476344303,0.9986722293730868,1.0,4,8,2184616.11112,34734.983586
2024-09-02 05:00:00,schloemer,L1,23,69,95.66592374115342,0.02648467122629572,0.9970095136546405,1.0,4,8,2184616.11112,34734.983586
2024-09-02 05:00:00,schloemer,L2,23,71,98.86365059684394,0.0651969053614938,0.9990395630232766,1.0,4,8,2184616.11112,34734.983586
2024-09-02 05:00:00,schloemer,L3,29,37,69.33602585635815,1.570040286669183e-08,0.016919813345527057,0.12760831238270887,4,8,2184616.11112,34734.983586
2024-09-02 05:00:00,schloemer,L4,32,36,66.5689799032088,1.9409797102909465e-09,0.0015761355795652632,0.012539753442127655,4,8,2184616.11112,34734.983586
2024-09-02 05:00:00,schloemer,L5,33,36,70.04154813912227,2.6461317803594397e-08,0.02719669617365339,0.19795220524101265,4,8,2184616.11112,34734.983586
2024-09-02 05:00:00,schloemer,L6,33,42,74.83355702706861,7.896929499207062e-07,0.2401504850421774,0.8888730607586873,4,8,2184616.11112,34734.983586
2024-09-02 05:00:00,schloemer,L7,34,36,65.41248595995245,7.963180115311275e-10,0.0004401783369529788,0.0035160094480630733,4,8,2184616.11112,34734.983586
2024-09-02 05:00:00,schloemer,L8,36,38,68.9654753299791,1.1912514419343267e-08,0.012932275913564273,0.09889460632773817,4,8,2184616.11112,34734.983586
2024-09-02 05:00:00,schloemer,L9,36,39,71.71385067618888,8.930865280643019e-08,0.07023889271516137,0.44156729213549284,4,8,2184616.11112,34734.983586
2024-09-02 05:00:00,schloemer,L10,37,36,70.51389964670727,3.660748570943895e-08,0.03609629732940023,0.8287562175331934,20,48,2185542.33716,34764.744572
2024-09-02 05:00:00,schloemer,L11,37,64,77.93178320243493,6.0139293616146006e-06,0.4903165910957755,0.995445994751235,4,8,2184616.11112,34734.983586
2024-09-02 05:00:00,schloemer,L12,38,39,72.31064561900727,1.3680102595170496e-07,0.09338880705802821,0.5435761032323416,4,8,2184616.11112,34734.983586
2024-09-02 05:00:00,schloemer,L13,39,40,77.5312218535182,4.6638137106702615e-06,0.45691951377453655,0.9924333179854817,4,8,2184616.11112,34734.983586
2024-09-02 05:00:00,schloemer,L14,39,41,80.43134410389,2.770297966259161e-05,0.6820588040657005,0.9998955937968808,4,8,2184616.11112,34734.983586
2024-09-02 05:00:00,schloemer,L15,40,41,82.87096475254573,0.00011096103137919755,0.8210260248597592,0.9999989477321446,4,8,2184616.11112,34734.983586
2024-09-02 05:00:00,schloemer,L16,41,48,91.69970965309822,0.006730228955690087,0.9880790837030213,0.9999999999999996,4,8,2184616.11112,34734.983586
2024-09-02 05:00:00,schloemer,L17,41,48,91.69970965309822,0.006730228955690087,0.9880790837030213,0.9999999999999996,4,8,2184616.11112,34734.983586
2024-09-02 05:00:00,schloemer,L18,42,43,82.2692364323444,7.957632762511935e-05,0.7918248237281535,0.9999964739108789,4,8,2184616.11112,34734.983586
2024-09-02 05:00:00,schloemer,L19,43,44,90.70877597870671,0.004567314234018238,0.9833178681190706,0.9999999999999941,4,8,2184616.11112,34734.983586
2024-09-02 05:00:00,schloemer,L20,44,45,97.06570607102535,0.040147080548808,0.9981795420179288,1.0,4,8,2184616.11112,34734.983586
2024-09-02 05:00:00,schloemer,L21,44,48,95.26062748076808,0.02332839996923719,0.9965490664105255,1.0,4,8,2184616.11112,34734.983586
2024-09-02 05:00:00,schloemer,L22,45,46,98.50922713750609,0.05950964684563065,0.9989104931938084,1.0,4,8,2184616.11112,34734.983586
2024-09-02 05:00:00,schloemer,L23,45,47,97.58662540013182,0.046463602211363364,0.9984872614095975,1.0,4,8,2184616.11112,34734.983586
2024-09-02 05:00:00,schloemer,L24,46,48,98.05913808723284,0.05283666707897572,0.9987212848598535,1.0,4,8,2184616.11112,34734.983586
2024-09-02 05:00:00,schloemer,L25,46,68,99.52658523279507,0.07690537867090785,0.999241285081666,1.0,4,8,2184616.11112,34734.983586
2024-09-02 05:00:00,schloemer,L26,47,48,97.13038301029638,0.040892446080527334,0.9982209007981885,1.0,4,8,2184616.11112,34734.983586
2024-09-02 05:00:00,schloemer,L27,48,49,94.97681127386676,0.021307624341375786,0.9961857262336404,1.0,4,8,2184616.11112,34734.983586
2024-09-02 05:00:00,schloemer,L28,48,50,95.2168933214578,0.023007117660501675,0.9964953855141904,1.0,4,8,2184616.11112,34734.983586
2024-09-02 05:00:00,schloemer,L29,48,53,92.14963546895166,0.007977058015634197,0.9897820797992558,0.9999999999999999,4,8,2184616.11112,34734.983586
2024-09-02 05:00:00,schloemer,L30,48,53,92.14963546895166,0.007977058015634197,0.9897820797992558,0.9999999999999999,4,8,2184616.11112,34734.983586
2024-09-02 05:00:00,schloemer,L31,48,65,90.52921035837038,0.004249070300680002,0.9822804574741549,0.9999999999999905,4,8,2184616.11112,34734.983586
2024-09-02 05:00:00,schloemer,L32,48,65,90.52921035837038,0.004249070300680002,0.9822804574741549,0.9999999999999905,4,8,2184616.11112,34734.983586
2024-09-02 05:00:00,schloemer,L33,48,68,99.11703839335551,0.06950453422892766,0.9991223424368488,1.0,4,8,2184616.11112,34734.983586
2024-09-02 05:00:00,schloemer,L34,49,56,91.55330342603342,0.006362929635881032,0.9874683796156709,0.9999999999999994,4,8,2184616.11112,34734.983586
2024-09-02 05:00:00,schloemer,L35,50,51,92.09075539792417,0.007803264657082587,0.989573326591133,0.9999999999999999,4,8,2184616.11112,34734.983586
2024-09-02 05:00:00,schloemer,L36,50,57,91.29105048534761,0.005748619522558784,0.9862987415323604,0.9999999999999988,4,8,2184616.11112,34734.983586
2024-09-02 05:00:00,schloemer,L37,51,52,88.04751113109053,0.0014713354496199704,0.9600908214285903,0.9999999999936023,4,8,2184616.11112,34734.983586
2024-09-02 05:00:00,schloemer,L38,52,53,86.73763692274873,0.0008020924651688244,0.9399588010673113,0.9999999998316548,4,8,2184616.11112,34734.983586
2024-09-02 05:00:00,schloemer,L39,53,54,83.80709889171428,0.0001837148312123782,0.8600872756069334,0.999999853263373,4,8,2184616.11112,34734.983586
2024-09-02 05:00:00,schloemer,L40,53,55,85.4843591857551,0.000435503622212563,0.9126877374265154,0.9999999966283287,4,8,2184616.11112,34734.983586
2024-09-02 05:00:00,schloemer,L41,53,58,83.06734570484213,0.00012350358804147366,0.8298502013571533,0.9999992978385941,4,8,2184616.11112,34734.983586
2024-09-02 05:00:00,schloemer,L42,54,55,82.07342104241185,7.131649972347276e-05,0.7816070477945637,0.9999948264927897,4,8,2184616.11112,34734.983586
2024-09-02 05:00:00,schloemer,L43,54,58,79.79849281569552,1.9004220703444652e-05,0.6374071746744001,0.9997012412476076,4,8,2184616.11112,34734.983586
2024-09-02 05:00:00,schloemer,L44,55,56,86.4163778913351,0.0006877906820034196,0.9338023718409675,0.9999999996322572,4,8,2184616.11112,34734.983586
2024-09-02 05:00:00,schloemer,L45,55,57,86.20057804628742,0.0006196306942933827,0.9293595009863964,0.9999999993814807,4,8,2184616.11112,34734.983586
2024-09-02 05:00:00,schloemer,L46,55,58,81.45639455163897,5.026731227586456e-05,0.747088213283105,0.9999832634772509,4,8,2184616.11112,34734.983586
2024-09-02 05:00:00,schloemer,L47,55,58,81.45639455163897,5.026731227586456e-05,0.747088213283105,0.9999832634772509,4,8,2184616.11112,34734.983586
2024-09-02 05:00:00,schloemer,L48,58,59,76.31202094469104,2.1183451736073167e-06,0.3552692795613255,0.9701445766773178,4,8,2184616.11112,34734.983586
2024-09-02 05:00:00,schloemer,L49,58,60,77.2564340536947,3.911655245936174e-06,0.43389595043804263,0.9894521657327492,4,8,2184616.11112,34734.983586
2024-09-02 05:00:00,schloemer,L50,59,60,74.50456621604904,6.313344415032063e-07,0.21688415088423985,0.8585486777200033,4,8,2184616.11112,34734.983586
2024-09-02 05:00:00,schloemer,L51,59,61,75.32586516468355,1.1007206623947496e-06,0.27679700289136455,0.9251692968521623,4,8,2184616.11112,34734.983586
2024-09-02 05:00:00,schloemer,L52,60,61,76.12110156827417,1.86826165970988e-06,0.33967286018624643,0.9638531935563395,4,8,2184616.11112,34734.983586
2024-09-02 05:00:00,schloemer,L53,61,65,80.65789433609378,3.16516847537196e-05,0.6972344150505915,0.9999294012393486,4,8,2184616.11112,34734.983586
2024-09-02 05:00:00,schloemer,L54,61,66,76.94661666566087,3.2035538678476527e-06,0.40794048595461196,0.9849020720070601,4,8,2184616.11112,34734.983586
2024-09-02 05:00:00,schloemer,L55,62,58,78.3289364525312,7.628599568598737e-06,0.5222516913053179,0.9999999997623533,13,30,2185148.89802,34751.629934
2024-09-02 05:00:00,schloemer,L56,62,63,78.66156083805548,9.494279632815683e-06,0.5499734513199914,0.9983177575508189,4,8,2184616.11112,34734.983586
2024-09-02 05:00:00,schloemer,L57,63,60,77.51707925704386,4.528208493725927e-06,0.4544045555853181,0.9999999999995706,20,47,2185512.78098,34763.759366
2024-09-02 05:00:00,schloemer,L58,63,64,81.98943838092003,6.80278494820108e-05,0.7771161490845555,0.9999939114953583,4,8,2184616.11112,34734.983586
2024-09-02 05:00:00,schloemer,L59,64,65,84.360452806901,0.00024105459568757315,0.8791533324007126,1.0,20,48,2185545.98792,34764.866264
2024-09-02 05:00:00,schloemer,L60,64,67,89.48153979742109,0.0026629628040500952,0.9745826047724102,1.0,38,93,2186503.81292,34796.793764
2024-09-02 05:00:00,schloemer,L61,65,66,80.62193312123023,3.0991063039720324e-05,0.6948551602653839,0.999924838679316,4,8,2184616.11112,34734.983586
2024-09-02 05:00:00,schloemer,L62,67,68,98.77535412572604,0.0627227070629317,0.9989980019057051,1.0,28,68,2185978.45538,34779.281846
2024-09-02 05:00:00,schloemer,L63,68,69,97.63353922860867,0.04706834536468929,0.9985122892000157,1.0,4,8,2184616.11112,34734.983586
2024-09-02 05:00:00,schloemer,L64,68,74,100.88519181493925,0.1055210649814371,0.9995316057942144,1.0,4,8,2184616.11112,34734.983586
2024-09-02 05:00:00,schloemer,L65,68,76,100.05637603322128,0.08730709586342766,0.9993714773420384,1.0,4,8,2184616.11112,34734.983586
2024-09-02 05:00:00,schloemer,L66,69,70,99.07639980391524,0.06879987931565068,0.9991095644716699,1.0,4,8,2184616.11112,34734.983586
2024-09-02 05:00:00,schloemer,L67,69,73,99.10070005109516,0.06922059707832684,0.9991172274293942,1.0,4,8,2184616.11112,34734.983586
2024-09-02 05:00:00,schloemer,L68,69,74,99.97975179481219,0.08574379550409428,0.9993541366701284,1.0,4,8,2184616.11112,34734.983586
2024-09-02 05:00:00,schloemer,L69,70,71,99.17306344075159,0.07048469814791136,0.9991396574732223,1.0,4,8,2184616.11112,34734.983586
2024-09-02 05:00:00,schloemer,L70,70,72,98.16735742817302,0.05438630114582299,0.9987695797956949,1.0,4,8,2184616.11112,34734.983586
2024-09-02 05:00:00,schloemer,L71,73,74,101.02489886552881,0.10883000023929479,0.9995542268543542,1.0,4,8,2184616.11112,34734.983586
2024-09-02 05:00:00,schloemer,L72,74,76,99.54146608204493,0.07718466968744575,0.9992452880959609,1.0,4,8,2184616.11112,34734.983586
2024-09-02 05:00:00,schloemer,L73,74,117,100.96452537270787,0.10739152211309133,0.9995445897616346,1.0,4,8,2184616.11112,34734.983586
2024-09-02 05:00:00,schloemer,L74,75,76,96.20779642710306,0.031239153739021197,0.9975316043312005,1.0,4,8,2184616.11112,34734.983586
2024-09-02 05:00:00,schloemer,L75,75,117,98.30943601001917,0.0564730978721697,0.9988302293837089,1.0,4,8,2184616.11112,34734.983586
2024-09-02 05:00:00,schloemer,L76,76,77,93.04172128327389,0.011050018152534924,0.9924916500804054,1.0,4,8,2184616.11112,34734.983586
2024-09-02 05:00:00,schloemer,L77,76,79,89.94934850745538,0.003351202416620791,0.9784972833026594,0.9999999999999549,4,8,2184616.11112,34734.983586
2024-09-02 05:00:00,schloemer,L78,76,79,89.94934850745538,0.003351202416620791,0.9784972833026594,0.9999999999999549,4,8,2184616.11112,34734.983586
2024-09-02 05:00:00,schloemer,L79,76,81,89.81772973469396,0.0031726097740046866,0.97753832886613,0.999999999999936,4,8,2184616.11112,34734.983586
2024-09-02 05:00:00,schloemer,L80,77,78,87.65578720440983,0.0012313725247796725,0.9548311045829013,0.9999999999827585,4,8,2184616.11112,34734.983586
2024-09-02 05:00:00,schloemer,L81,78,79,84.8803204826617,0.0003210730209421975,0.8960939404727866,0.9999999864303343,4,8,2184616.11112,34734.983586
2024-09-02 05:00:00,schloemer,L82,79,95,80.58729582582274,3.03671615056178e-05,0.6925528606695721,0.9999201801517522,4,8,2184616.11112,34734.983586
2024-09-02 05:00:00,schloemer,L83,79,96,80.51190938427182,2.905026842370262e-05,0.6875061385320214,0.9999090753875287,4,8,2184616.11112,34734.983586
2024-09-02 05:00:00,schloemer,L84,79,97,81.6978724463855,5.7687638491565885e-05,0.7610174985118288,0.9999893627686492,4,8,2184616.11112,34734.983586
2024-09-02 05:00:00,schloemer,L85,79,98,80.97008487468999,3.797628882595827e-05,0.7174103164115878,0.9999593384010649,4,8,2184616.11112,34734.983586
2024-09-02 05:00:00,schloemer,L86,80,67,92.85166913324615,0.010090999035621384,0.9918948053236725,1.0,30,72,2186055.70436,34781.856812
2024-09-02 05:00:00,schloemer,L87,80,79,87.7595746783226,0.0012585833446292494,0.9559036300143808,1.0,28,69,2185981.58126,34779.386042
2024-09-02 05:00:00,schloemer,L88,81,82,80.99779171701198,3.859211182755118e-05,0.7191589224869529,0.9999613082830117,4,8,2184616.11112,34734.983586
2024-09-02 05:00:00,schloemer,L89,81,95,80.47551989164768,2.843419313136586e-05,0.685052567449272,0.9999032044966137,4,8,2184616.11112,34734.983586
2024-09-02 05:00:00,schloemer,L90,93,95,73.6214142504819,3.436922879629378e-07,0.160131668002363,0.7524351104142202,4,8,2184616.11112,34734.983586
2024-09-02 05:00:00,schloemer,L91,95,96,76.98265905139492,3.279099468289637e-06,0.41095629266523503,0.9855064601015873,4,8,2184616.11112,34734.983586
2024-09-02 05:00:00,schloemer,L92,115,67,92.91828933366233,0.010491589509179056,0.9921336514208535,1.0,13,29,2185126.88168,34750.896056
2024-09-02 06:00:00,schloemer,L0,22,23,97.94130925987413,0.051188094710164944,0.9986665468676817,1.0,4,8,2184616.11112,34734.983586
2024-09-02 06:00:00,schloemer,L1,23,69,95.89969728532417,0.028458070390383505,0.9972469423789144,1.0,4,8,2184616.11112,34734.983586
2024-09-02 06:00:00,schloemer,L2,23,71,98.51207340920104,0.059553778526349355,0.9989115959322837,1.0,4,8,2184616.11112,34734.983586
2024-09-02 06:00:00,schloemer,L3,29,37,71.42450112676141,7.251891587234383e-08,0.06059066838151417,0.3934887882780066,4,8,2184616.11112,34734.983586
2024-09-02 06:00:00,schloemer,L4,32,36,68.63485962457206,9.301449832577191e-09,0.010054554898889956,0.07766205128565351,4,8,2184616.11112,34734.983586
2024-09-02 06:00:00,schloemer,L5,33,36,72.30789690589403,1.3653393826640325e-07,0.09327189444257145,0.5431050227250704,4,8,2184616.11112,34734.983586
2024-09-02 06:00:00,schloemer,L6,33,42,77.37874256275094,4.230785148218175e-06,0.4441486659202327,0.9908869895344339,4,8,2184616.11112,34734.983586
2024-09-02 06:00:00,schloemer,L7,34,36,67.37050661163629,3.5794108788067547e-09,0.0034366321108191267,0.027164641686325597,4,8,2184616.11112,34734.983586
2024-09-02 06:00:00,schloemer,L8,36,38,71.20359132949001,6.18190072465552e-08,0.05388799126984134,0.3579921597150524,4,8,2184616.11112,34734.983586
2024-09-02 06:00:00,schloemer,L9,36,39,74.13294229337221,4.894269209909652e-07,0.1919356983576186,0.8182114529600604,4,8,2184616.11112,34734.983586
2024-09-02 06:00:00,schloemer,L10,37,36,72.77978528891042,1.865585140814474e-07,0.11401326903670994,0.9970042550973901,20,48,2185542.33716,34764.744572
2024-09-02 06:00:00,schloemer,L11,37,64,80.57384149851129,3.012804950597303e-05,0.6916557620249755,0.9999182976856331,4,8,2184616.11112,34734.983586
2024-09-02 06:00:00,schloemer,L12,38,39,74.80322521828089,7.736138196712261e-07,0.2379619022867736,0.8862864730569832,4,8,2184616.11112,34734.983586
2024-09-02 06:00:00,schloemer,L13,39,40,80.37513195841187,2.6798361638435964e-05,0.6782253944807418,0.9998850874192515,4,8,2184616.11112,34734.983586
2024-09-02 06:00:00,schloemer,L14,39,41,83.40849138391413,0.00014850857698434083,0.844374633026489,0.9999996561372728,4,8,2184616.11112,34734.983586
2024-09-02 06:00:00,schloemer,L15,40,41,85.9828130237505,0.0005572011850532022,0.9246125677452405,0.9999999989590656,4,8,2184616.11112,34734.983586
2024-09-02 06:00:00,schloemer,L16,41,48,94.48548075367647,0.018152132802928045,0.9954658011718688,1.0,4,8,2184616.11112,34734.983586
2024-09-02 06:00:00,schloemer,L17,41,48,94.48548075367647,0.018152132802928045,0.9954658011718688,1.0,4,8,2184616.11112,34734.983586
2024-09-02 06:00:00,schloemer,L18,42,43,85.17698977150673,0.0003732448029579727,0.9045512597142289,0.9999999931211935,4,8,2184616.11112,34734.983586
2024-09-02 06:00:00,schloemer,L19,43,44,93.5723813960317,0.013320465834316786,0.9937576373948488,1.0,4,8,2184616.11112,34734.983586
2024-09-02 06:00:00,schloemer,L20,44,45,98.20565710679926,0.05494295404251659,0.9987862316453812,1.0,4,8,2184616.11112,34734.983586
2024-09-02 06:00:00,schloemer,L21,44,48,97.11922507425265,0.040763086325458775,0.9982138329567041,1.0,4,8,2184616.11112,34734.983586
2024-09-02 06:00:00,schloemer,L22,45,46,96.37501975005176,0.03283780948580517,0.9976736997487816,1.0,4,8,2184616.11112,34734.983586
2024-09-02 06:00:00,schloemer,L23,45,47,95.68766943600068,0.02666340247122778,0.9970324266519351,1.0,4,8,2184616.11112,34734.983586
2024-09-02 06:00:00,schloemer,L24,46,48,97.91881694544338,0.050877938338577566,0.9986558351278687,1.0,4,8,2184616.11112,34734.983586
2024-09-02 06:00:00,schloemer,L25,46,68,96.10125443989563,0.03025369676840317,0.9974366241792498,1.0,4,8,2184616.11112,34734.983586
2024-09-02 06:00:00,schloemer,L26,47,48,97.12453523369193,0.04082460957728673,0.9982172000798155,1.0,4,8,2184616.11112,34734.983586
2024-09-02 06:00:00,schloemer,L27,48,49,96.06659535426269,0.029938579272748345,0.9974049533694794,1.0,4,8,2184616.11112,34734.983586
2024-09-02 06:00:00,schloemer,L28,48,50,95.88353857657977,0.02831793808394889,0.9972311481139327,1.0,4,8,2184616.11112,34734.983586
2024-09-02 06:00:00,schloemer,L29,48,53,93.66581283305133,0.013758652238896829,0.9939578896659975,1.0,4,8,2184616.11112,34734.983586
2024-09-02 06:00:00,schloemer,L30,48,53,93.66581283305133,0.013758652238896829,0.9939578896659975,1.0,4,8,2184616.11112,34734.983586
2024-09-02 06:00:00,schloemer,L31,48,65,92.86383140607563,0.010367006218104269,0.9920139083790664,1.0,4,8,2184616.11112,34734.983586
2024-09-02 06:00:00,schloemer,L32,48,65,92.86383140607563,0.010367006218104269,0.9920139083790664,1.0,4,8,2184616.11112,34734.983586
2024-09-02 06:00:00,schloemer,L33,48,68,97.88555540430828,0.05042192996048489,0.9986398370741801,1.0,4,8,2184616.11112,34734.983586
2024-09-02 06:00:00,schloemer,L34,49,56,92.47161443787023,0.008987944361980249,0.9908542283694467,1.0,4,8,2184616.11112,34734.983586
2024-09-02 06:00:00,schloemer,L35,50,51,92.32335998405804,0.008509518891127388,0.9903747856473331,0.9999999999999999,4,8,2184616.11112,34734.983586
2024-09-02 06:00:00,schloemer,L36,50,57,91.77595273376436,0.006928725923779133,0.9883857018688078,0.9999999999999997,4,8,2184616.11112,34734.983586
2024-09-02 06:00:00,schloemer,L37,51,52,88.21238475113036,0.0015844526058400588,0.9621321420303659,0.9999999999957985,4,8,2184616.11112,34734.983586
2024-09-02 06:00:00,schloemer,L38,52,53,87.50070864514335,0.0011466491792625488,0.9525800886878448,0.9999999999745497,4,8,2184616.11112,34734.983586
2024-09-02 06:00:00,schloemer,L39,53,54,84.86954823428931,0.0003193126362093235,0.8957753014824756,0.9999999860937386,4,8,2184616.11112,34734.983586
2024-09-02 06:00:00,schloemer,L40,53,55,86.51538983561774,0.0007213135536232596,0.9357568782080725,0.9999999997106925,4,8,2184616.11112,34734.983586
2024-09-02 06:00:00,schloemer,L41,53,58,84.33022171576677,0.00024181279971802194,0.8787411671870538,0.9999999533032188,4,8,2184616.11112,34734.983586
2024-09-02 06:00:00,schloemer,L42,54,55,82.93545106861494,0.00011494133572687026,0.8239614327966316,0.9999990781443622,4,8,2184616.11112,34734.983586
2024-09-02 06:00:00,schloemer,L43,54,58,80.85066879779929,3.5427179877922654e-05,0.7097950611246144,0.9999496989733084,4,8,2184616.11112,34734.983586
2024-09-02 06:00:00,schloemer,L44,55,56,87.24960475567133,0.0010206657009020903,0.9487191109174571,0.9999999999523711,4,8,2184616.11112,34734.983586
2024-09-02 06:00:00,schloemer,L45,55,57,86.8449226127731,0.000843983608561194,0.9418982084355576,0.9999999998705656,4,8,2184616.11112,34734.983586
2024-09-02 06:00:00,schloemer,L46,55,58,82.51165600385129,9.105271012632699e-05,0.8039856109147938,0.9999978215607924,4,8,2184616.11112,34734.983586
2024-09-02 06:00:00,schloemer,L47,55,58,82.51165600385129,9.105271012632699e-05,0.8039856109147938,0.9999978215607924,4,8,2184616.11112,34734.983586
2024-09-02 06:00:00,schloemer,L48,58,59,77.555874600797,4.73771174103188e-06,0.45898232069053735,0.9926602135052349,4,8,2184616.11112,34734.983586
2024-09-02 06:00:00,schloemer,L49,58,60,78.62807514102117,9.299184131172922e-06,0.547283804259372,0.9982356201168361,4,8,2184616.11112,34734.983586
2024-09-02 06:00:00,schloemer,L50,59,60,75.86545127214403,1.577657862239512e-06,0.3190522223758395,0.9537717222460673,4,8,2184616.11112,34734.983586
2024-09-02 06:00:00,schloemer,L51,59,61,76.81557166840425,2.9427604296694554e-06,0.39699005898594464,0.9825180182502362,4,8,2184616.11112,34734.983586
2024-09-02 06:00:00,schloemer,L52,60,61,77.7346146768753,5.30817679467166e-06,0.4739137900898075,0.9941325942464072,4,8,2184616.11112,34734.983586
2024-09-02 06:00:00,schloemer,L53,61,65,82.72211914914908,0.00010226280436187452,0.8141084193299988,0.999998574720283,4,8,2184616.11112,34734.983586
2024-09-02 06:00:00,schloemer,L54,61,66,78.82126343604061,1.0479918982619907e-05,0.5627241067955294,0.9986633242196506,4,8,2184616.11112,34734.983586
2024-09-02 06:00:00,schloemer,L55,62,58,79.69991970635373,1.7704883664482196e-05,0.629451989468607,0.9999999999998838,13,30,2185148.89802,34751.629934
2024-09-02 06:00:00,schloemer,L56,62,63,80.46014038502835,2.8177568770049177e-05,0.6840121956420283,0.9999006166527878,4,8,2184616.11112,34734.983586
2024-09-02 06:00:00,schloemer,L57,63,60,79.29227781290295,1.3712587265679588e-05,0.5982510338914542,1.0,20,47,2185512.78098,34763.759366
2024-09-02 06:00:00,schloemer,L58,63,64,84.49221992621594,0.0002630211183550779,0.8840847927157774,0.9999999674413526,4,8,2184616.11112,34734.983586
2024-09-02 06:00:00,schloemer,L59,64,65,87.02189130623043,0.000901475271454566,0.9446602648820999,1.0,20,48,2185545.98792,34764.866264
2024-09-02 06:00:00,schloemer,L60,64,67,92.72060943376904,0.009553119390399822,0.9914909823402923,1.0,38,93,2186503.81292,34796.793764
2024-09-02 06:00:00,schloemer,L61,65,66,82.82349750238345,0.00010811435134749914,0.8188415813497238,0.9999988404743926,4,8,2184616.11112,34734.983586
2024-09-02 06:00:00,schloemer,L62,67,68,100.58638327305609,0.0972499177691859,0.9994734364169718,1.0,28,68,2185978.45538,34779.281846
2024-09-02 06:00:00,schloemer,L63,68,69,91.67521016121466,0.006667506573410642,0.9879789178036398,0.9999999999999996,4,8,2184616.11112,34734.983586
2024-09-02 06:00:00,schloemer,L64,68,74,99.09705421032163,0.06915735462975203,0.9991160819617316,1.0,4,8,2184616.11112,34734.983586
2024-09-02 06:00:00,schloemer,L65,68,76,101.52313816917675,0.1212002857550496,0.9996262950070017,1.0,4,8,2184616.11112,34734.983586
2024-09-02 06:00:00,schloemer,L66,69,70,98.91901918812215,0.06612076635684871,0.9990582951285049,1.0,4,8,2184616.11112,34734.983586
2024-09-02 06:00:00,schloemer,L67,69,73,97.68718180380887,0.047767281484118906,0.9985404012877035,1.0,4,8,2184616.11112,34734.983586
2024-09-02 06:00:00,schloemer,L68,69,74,98.11501744997044,0.0536325522213873,0.9987464539044503,1.0,4,8,2184616.11112,34734.983586
2024-09-02 06:00:00,schloemer,L69,70,71,98.42481633682172,0.05821203284483489,0.9988772767518616,1.0,4,8,2184616.11112,34734.983586
2024-09-02 06:00:00,schloemer,L70,70,72,97.07206922180553,0.04021993438005511,0.9981836530862243,1.0,4,8,2184616.11112,34734.983586
2024-09-02 06:00:00,schloemer,L71,73,74,100.30855850674706,0.09259494134924462,0.9994253088942253,1.0,4,8,2184616.11112,34734.983586
2024-09-02 06:00:00,schloemer,L72,74,76,101.08718771153552,0.11032776842978698,0.99956395408175,1.0,4,8,2184616.11112,34734.983586
2024-09-02 06:00:00,schloemer,L73,74,117,101.48663928604284,0.12026376493620816,0.9996214401487817,1.0,4,8,2184616.11112,34734.983586
2024-09-02 06:00:00,schloemer,L74,75,76,98.12613196759055,0.053791941549525824,0.9987514007754277,1.0,4,8,2184616.11112,34734.983586
2024-09-02 06:00:00,schloemer,L75,75,117,99.52639234460854,0.07690176327915532,0.9992412330541653,1.0,4,8,2184616.11112,34734.983586
2024-09-02 06:00:00,schloemer,L76,76,77,95.18729360192475,0.02279174275381346,0.9964585879458254,1.0,4,8,2184616.11112,34734.983586
2024-09-02 06:00:00,schloemer,L77,76,79,92.45381396589323,0.00892930177035467,0.9907979055441012,1.0,4,8,2184616.11112,34734.983586
2024-09-02 06:00:00,schloemer,L78,76,79,92.45381396589323,0.00892930177035467,0.9907979055441012,1.0,4,8,2184616.11112,34734.983586
2024-09-02 06:00:00,schloemer,L79,76,81,92.10375578937688,0.007841352166391813,0.9896197686510124,0.9999999999999999,4,8,2184616.11112,34734.983586
2024-09-02 06:00:00,schloemer,L80,77,78,89.5384761638326,0.0028215253492287484,0.9753690633058787,0.999999999999866,4,8,2184616.11112,34734.983586
2024-09-02 06:00:00,schloemer,L81,78,79,87.02010270925813,0.0009167119977917526,0.9449448424502179,0.999999999915901,4,8,2184616.11112,34734.983586
2024-09-02 06:00:00,schloemer,L82,79,95,82.75142802339165,0.0001039231611056346,0.8154862993278822,0.9999986570853487,4,8,2184616.11112,34734.983586
2024-09-02 06:00:00,schloemer,L83,79,96,82.60871150521412,9.60703456521772e-05,0.8087037189672037,0.9999982073920545,4,8,2184616.11112,34734.983586
2024-09-02 06:00:00,schloemer,L84,79,97,83.78561258410778,0.0001816335630471233,0.8592740596725181,0.999999846298638,4,8,2184616.11112,34734.983586
2024-09-02 06:00:00,schloemer,L85,79,98,83.28911868815518,0.0001392635431214373,0.8394071076910987,0.9999995578510309,4,8,2184616.11112,34734.983586
2024-09-02 06:00:00,schloemer,L86,80,67,96.18258765354881,0.03040466797777741,0.997481335370341,1.0,30,72,2186055.70436,34781.856812
2024-09-02 06:00:00,schloemer,L87,80,79,90.61462806266576,0.0042965964754096975,0.9826168768921428,1.0,28,69,2185981.58126,34779.386042
2024-09-02 06:00:00,schloemer,L88,81,82,82.66520364045377,9.910953788827559e-05,0.8114105335611517,0.999998400562497,4,8,2184616.11112,34734.983586
2024-09-02 06:00:00,schloemer,L89,81,95,82.47695248096466,8.931925217403602e-05,0.8022777487818991,0.9999976649875401,4,8,2184616.11112,34734.983586
2024-09-02 06:00:00,schloemer,L90,93,95,75.39421970410707,1.1523457181805696e-06,0.282039847946867,0.9294006463372614,4,8,2184616.11112,34734.983586
2024-09-02 06:00:00,schloemer,L91,95,96,78.86255061799527,1.0750238158663272e-05,0.565998841389252,0.9987413399841344,4,8,2184616.11112,34734.983586
2024-09-02 06:00:00,schloemer,L92,115,67,96.26202485938813,0.031541892173608144,0.9975689239373708,1.0,13,29,2185126.88168,34750.896056
2024-09-02 07:00:00,schloemer,L0,22,23,96.82325011768879,0.03744773441869231,0.9980158140551129,1.0,4,8,2184616.11112,34734.983586
2024-09-02 07:00:00,schloemer,L1,23,69,97.10256807461657,0.040570572087303525,0.9982032298218593,1.0,4,8,2184616.11112,34734.983586
2024-09-02 07:00:00,schloemer,L2,23,71,97.37804057599095,0.0438475696223537,0.9983708080233122,1.0,4,8,2184616.11112,34734.983586
2024-09-02 07:00:00,schloemer,L3,29,37,73.75371272884294,3.767205882798663e-07,0.16806246759365628,0.7705304377546172,4,8,2184616.11112,34734.983586
2024-09-02 07:00:00,schloemer,L4,32,36,70.98205564412532,5.264507196844903e-08,0.047721882460453724,0.32374522188548527,4,8,2184616.11112,34734.983586
2024-09-02 07:00:00,schloemer,L5,33,36,74.85758917823544,8.026621993728611e-07,0.24189055843046336,0.8908926898869715,4,8,2184616.11112,34734.983586
2024-09-02 07:00:00,schloemer,L6,33,42,80.19567922575997,2.4094723958811848e-05,0.665810484442694,0.9998444390062758,4,8,2184616.11112,34734.983586
2024-09-02 07:00:00,schloemer,L7,34,36,69.5947023220489,1.9022951991409798e-08,0.020247306637276696,0.15095307143845504,4,8,2184616.11112,34734.983586
2024-09-02 07:00:00,schloemer,L8,36,38,73.73638619808834,3.722255135230057e-07,0.16701186424914782,0.7682018957751316,4,8,2184616.11112,34734.983586
2024-09-02 07:00:00,schloemer,L9,36,39,76.85216397102455,3.01344847819518e-06,0.4000451890935184,0.9832141597105779,4,8,2184616.11112,34734.983586
2024-09-02 07:00:00,schloemer,L10,37,36,75.31966580675584,1.0726758530310576e-06,0.2751047697740251,0.999999803572493,20,48,2185542.33716,34764.744572
2024-09-02 07:00:00,schloemer,L11,37,64,83.43973610559948,0.0001510216448104007,0.8456546547593242,0.9999996781259823,4,8,2184616.11112,34734.983586
2024-09-02 07:00:00,schloemer,L12,38,39,77.60824695118683,4.898454589064016e-06,0.4633621468651046,0.9931223207431334,4,8,2184616.11112,34734.983586
2024-09-02 07:00:00,schloemer,L13,39,40,83.52346375616806,0.00015795381226091365,0.8490438000322198,0.9999997305158526,4,8,2184616.11112,34734.983586
2024-09-02 07:00:00,schloemer,L14,39,41,86.6466895373636,0.0007680830251199922,0.9382697856664772,0.9999999997897928,4,8,2184616.11112,34734.983586
2024-09-02 07:00:00,schloemer,L15,40,41,89.31360686147926,0.0025645145260416724,0.9734811752559519,0.9999999999997579,4,8,2184616.11112,34734.983586
2024-09-02 07:00:00,schloemer,L16,41,48,96.84404205506283,0.037673427267591264,0.9980304101902862,1.0,4,8,2184616.11112,34734.983586
2024-09-02 07:00:00,schloemer,L17,41,48,96.84404205506283,0.037673427267591264,0.9980304101902862,1.0,4,8,2184616.11112,34734.983586
2024-09-02 07:00:00,schloemer,L18,42,43,88.25710060852926,0.0016164602062676003,0.9626690153534672,0.9999999999962524,4,8,2184616.11112,34734.983586
2024-09-02 07:00:00,schloemer,L19,43,44,96.12647737176607,0.03048469951256738,0.9974594316636001,1.0,4,8,2184616.11112,34734.983586
2024-09-02 07:00:00,schloemer,L20,44,45,97.38893283321104,0.04398126955834192,0.9983771043760966,1.0,4,8,2184616.11112,34734.983586
2024-09-02 07:00:00,schloemer,L21,44,48,97.83175908269428,0.04969105761915915,0.9986135591716961,1.0,4,8,2184616.11112,34734.983586
2024-09-02 07:00:00,schloemer,L22,45,46,89.11672400926926,0.002356935905157176,0.9717181227473697,0.9999999999995945,4,8,2184616.11112,34734.983586
2024-09-02 07:00:00,schloemer,L23,45,47,90.33398605654101,0.003925477478805117,0.9810832784208526,0.9999999999999839,4,8,2184616.11112,34734.983586
2024-09-02 07:00:00,schloemer,L24,46,48,94.73390945506564,0.019695138054757533,0.9958450764738024,1.0,4,8,2184616.11112,34734.983586
2024-09-02 07:00:00,schloemer,L25,46,68,85.11505349985906,0.00036174360475227374,0.9028356326853807,0.9999999920671784,4,8,2184616.11112,34734.983586
2024-09-02 07:00:00,schloemer,L26,47,48,95.10001897066812,0.022166352524722766,0.9963478618455482,1.0,4,8,2184616.11112,34734.983586
2024-09-02 07:00:00,schloemer,L27,48,49,96.23064858794561,0.03145385260961375,0.9975515182644401,1.0,4,8,2184616.11112,34734.983586
2024-09-02 07:00:00,schloemer,L28,48,50,95.67364401390078,0.0265480132591307,0.9970176682785793,1.0,4,8,2184616.11112,34734.983586
2024-09-02 07:00:00,schloemer,L29,48,53,94.66555815073113,0.01926011566918706,0.9957439462889899,1.0,4,8,2184616.11112,34734.983586
2024-09-02 07:00:00,schloemer,L30,48,53,94.66555815073113,0.01926011566918706,0.9957439462889899,1.0,4,8,2184616.11112,34734.983586
2024-09-02 07:00:00,schloemer,L31,48,65,94.8287068185792,0.020311956625795435,0.9959814389422299,1.0,4,8,2184616.11112,34734.983586
2024-09-02 07:00:00,schloemer,L32,48,65,94.8287068185792,0.020311956625795435,0.9959814389422299,1.0,4,8,2184616.11112,34734.983586
2024-09-02 07:00:00,schloemer,L33,48,68,91.66238470117395,0.006634875236210647,0.9879261594630746,0.9999999999999996,4,8,2184616.11112,34734.983586
2024-09-02 07:00:00,schloemer,L34,49,56,92.97122048957489,0.010774857608621735,0.992305726004356,1.0,4,8,2184616.11112,34734.983586
2024-09-02 07:00:00,schloemer,L35,50,51,92.21909296287801,0.008186375890015363,0.990023157624186,0.9999999999999999,4,8,2184616.11112,34734.983586
2024-09-02 07:00:00,schloemer,L36,50,57,91.89582299231127,0.0072511176936650434,0.9888525050431272,0.9999999999999998,4,8,2184616.11112,34734.983586
2024-09-02 07:00:00,schloemer,L37,51,52,88.04785407825976,0.0014715629365827931,0.9600951701600073,0.9999999999936079,4,8,2184616.11112,34734.983586
2024-09-02 07:00:00,schloemer,L38,52,53,87.96058764299035,0.0014146945158046709,0.9589745016482116,0.9999999999920206,4,8,2184616.11112,34734.983586
2024-09-02 07:00:00,schloemer,L39,53,54,85.70276866825616,0.00048543788024324463,0.9181001460877571,0.9999999979796736,4,8,2184616.11112,34734.983586
2024-09-02 07:00:00,schloemer,L40,53,55,87.28142775863367,0.0010359005765813167,0.9492236414950348,0.999999999955996,4,8,2184616.11112,34734.983586
2024-09-02 07:00:00,schloemer,L41,53,58,85.39968405266521,0.0004174565519473594,0.9105079836491204,0.9999999958927702,4,8,2184616.11112,34734.983586
2024-09-02 07:00:00,schloemer,L42,54,55,83.58160859394653,0.00016294196303212605,0.8513624855702715,0.9999997619082254,4,8,2184616.11112,34734.983586
2024-09-02 07:00:00,schloemer,L43,54,58,81.74661472284625,5.9305995741665285e-05,0.7637636438926909,0.9999903022529337,4,8,2184616.11112,34734.983586
2024-09-02 07:00:00,schloemer,L44,55,56,87.78826895901169,0.0013082205328066587,0.9566767382718012,0.9999999999876549,4,8,2184616.11112,34734.983586
2024-09-02 07:00:00,schloemer,L45,55,57,87.19020890128873,0.000992776718774624,0.9477653330041284,0.9999999999447993,4,8,2184616.11112,34734.983586
2024-09-02 07:00:00,schloemer,L46,55,58,83.38132260308198,0.00014635524525608012,0.8432548061810741,0.9999996358338272,4,8,2184616.11112,34734.983586
2024-09-02 07:00:00,schloemer,L47,55,58,83.38132260308198,0.00014635524525608012,0.8432548061810741,0.9999996358338272,4,8,2184616.11112,34734.983586
2024-09-02 07:00:00,schloemer,L48,58,59,78.7302403631274,9.906755794042432e-06,0.5554727351325772,0.9984753504951421,4,8,2184616.11112,34734.983586
2024-09-02 07:00:00,schloemer,L49,58,60,79.93449875946243,2.0619357567697172e-05,0.6472726544220522,0.9997604052921257,4,8,2184616.11112,34734.983586
2024-09-02 07:00:00,schloemer,L50,59,60,77.20671373862679,3.788659655667992e-06,0.429727601228289,0.9888145815438109,4,8,2184616.11112,34734.983586
2024-09-02 07:00:00,schloemer,L51,59,61,78.29545724599728,7.5586867869237295e-06,0.5202947971579119,0.9971959722992878,4,8,2184616.11112,34734.983586
2024-09-02 07:00:00,schloemer,L52,60,61,79.34803016805407,1.4472843629986798e-05,0.603760537078065,0.9993923735528236,4,8,2184616.11112,34734.983586
2024-09-02 07:00:00,schloemer,L53,61,65,84.78251377988673,0.00030541495895652915,0.893170544535899,0.9999999830567204,4,8,2184616.11112,34734.983586
2024-09-02 07:00:00,schloemer,L54,61,66,80.73507823131328,3.311502254654819e-05,0.7023028342820752,0.9999383206097905,4,8,2184616.11112,34734.983586
2024-09-02 07:00:00,schloemer,L55,62,58,80.98593436357167,3.7898076738818176e-05,0.7177880405315881,1.0,13,30,2185148.89802,34751.629934
2024-09-02 07:00:00,schloemer,L56,62,63,82.24515294574687,7.851385627999363e-05,0.7905872146672297,0.9999963026620534,4,8,2184616.11112,34734.983586
2024-09-02 07:00:00,schloemer,L57,63,60,81.07316889018115,3.953949065205187e-05,0.7228434304882423,1.0,20,47,2185512.78098,34763.759366
2024-09-02 07:00:00,schloemer,L58,63,64,87.05898037197956,0.0009336108357498318,0.9456012522792572,0.9999999999236008,4,8,2184616.11112,34734.983586
2024-09-02 07:00:00,schloemer,L59,64,65,89.70525621321265,0.0029781660751538874,0.9765397324334465,1.0,20,48,2185545.98792,34764.866264
2024-09-02 07:00:00,schloemer,L60,64,67,95.85644993397155,0.02735974965221577,0.9971632166171454,1.0,38,93,2186503.81292,34796.793764
2024-09-02 07:00:00,schloemer,L61,65,66,85.05359446864087,0.00035065663410593917,0.90110737780095,0.9999999908651404,4,8,2184616.11112,34734.983586
2024-09-02 07:00:00,schloemer,L62,67,68,100.18330423629958,0.08860973250366988,0.9993924799577057,1.0,28,68,2185978.45538,34779.281846
2024-09-02 07:00:00,schloemer,L63,68,69,82.53519817619998,9.224663070106498e-05,0.8051379339335554,0.9999979219395958,4,8,2184616.11112,34734.983586
2024-09-02 07:00:00,schloemer,L64,68,74,94.08048294165978,0.01585351596129614,0.9947735412083152,1.0,4,8,2184616.11112,34734.983586
2024-09-02 07:00:00,schloemer,L65,68,76,101.54035249243269,0.12164365453410553,0.9996285628660565,1.0,4,8,2184616.11112,34734.983586
2024-09-02 07:00:00,schloemer,L66,69,70,99.08483303762615,0.06894567181430156,0.999112231374863,1.0,4,8,2184616.11112,34734.983586
2024-09-02 07:00:00,schloemer,L67,69,73,96.92740802869622,0.038589189925170464,0.9980878705255515,1.0,4,8,2184616.11112,34734.983586
2024-09-02 07:00:00,schloemer,L68,69,74,96.0412095366984,0.02970945915641665,0.9973815109612791,1.0,4,8,2184616.11112,34734.983586
2024-09-02 07:00:00,schloemer,L69,70,71,97.0332876212825,0.03977752308493698,0.9981584532351588,1.0,4,8,2184616.11112,34734.983586
2024-09-02 07:00:00,schloemer,L70,70,72,95.39668440371285,0.024351561672479205,0.9967109400224,1.0,4,8,2184616.11112,34734.983586
2024-09-02 07:00:00,schloemer,L71,73,74,99.16548926406331,0.07035159518319556,0.999137336782161,1.0,4,8,2184616.11112,34734.983586
2024-09-02 07:00:00,schloemer,L72,74,76,101.85053417058023,0.12981607290542807,0.9996671247854015,1.0,4,8,2184616.11112,34734.983586
2024-09-02 07:00:00,schloemer,L73,74,117,101.37808297865601,0.11750672299550291,0.9996066206394014,1.0,4,8,2184616.11112,34734.983586
2024-09-02 07:00:00,schloemer,L74,75,76,99.6112222255413,0.07850370903365855,0.9992637719146297,1.0,4,8,2184616.11112,34734.983586
2024-09-02 07:00:00,schloemer,L75,75,117,100.24645093760073,0.0912722260911698,0.9994124979924843,1.0,4,8,2184616.11112,34734.983586
2024-09-02 07:00:00,schloemer,L76,76,77,97.05010839661871,0.039968937156983575,0.9981694255892742,1.0,4,8,2184616.11112,34734.983586
2024-09-02 07:00:00,schloemer,L77,76,79,94.83768549179612,0.02037119948394195,0.9959941241422918,1.0,4,8,2184616.11112,34734.983586
2024-09-02 07:00:00,schloemer,L78,76,79,94.83768549179612,0.02037119948394195,0.9959941241422918,1.0,4,8,2184616.11112,34734.983586
2024-09-02 07:00:00,schloemer,L79,76,81,94.23650492515748,0.016708278457902792,0.9950516883206293,1.0,4,8,2184616.11112,34734.983586
2024-09-02 07:00:00,schloemer,L80,77,78,91.25947453263154,0.005678280535864166,0.9861510645127269,0.9999999999999987,4,8,2184616.11112,34734.983586
2024-09-02 07:00:00,schloemer,L81,78,79,89.11547203343906,0.0023556656536017906,0.9717065698524666,0.9999999999995932,4,8,2184616.11112,34734.983586
2024-09-02 07:00:00,schloemer,L82,79,95,84.97641826398267,0.0003371808096096496,0.8989002783709092,0.9999999891003177,4,8,2184616.11112,34734.983586
2024-09-02 07:00:00,schloemer,L83,79,96,84.75227417593193,0.00030071936219100426,0.8922528254191452,0.9999999818563506,4,8,2184616.11112,34734.983586
2024-09-02 07:00:00,schloemer,L84,79,97,85.89216662012387,0.0005329666671164413,0.9225558213650049,0.9999999987088279,4,8,2184616.11112,34734.983586
2024-09-02 07:00:00,schloemer,L85,79,98,85.69796911963185,0.00048428596171457006,0.9179844027153563,0.9999999979567095,4,8,2184616.11112,34734.983586
2024-09-02 07:00:00,schloemer,L86,80,67,99.25099717240347,0.07067893605759779,0.999153391475069,1.0,30,72,2186055.70436,34781.856812
2024-09-02 07:00:00,schloemer,L87,80,79,93.4954558171735,0.012701037620229116,0.9935223148302054,1.0,28,69,2185981.58126,34779.386042
2024-09-02 07:00:00,schloemer,L88,81,82,84.27939327604064,0.0002354941788796916,0.8770232282719697,0.9999999477392592,4,8,2184616.11112,34734.983586
2024-09-02 07:00:00,schloemer,L89,81,95,84.50432347297152,0.00026467326858614637,0.8844760703025136,0.9999999683104711,4,8,2184616.11112,34734.983586
2024-09-02 07:00:00,schloemer,L90,93,95,77.2683378278958,3.941667352180822e-06,0.4348939273879987,0.9896000094060391,4,8,2184616.11112,34734.983586
2024-09-02 07:00:00,schloemer,L91,95,96,80.80981082862377,3.4592924212817344e-05,0.7071603005979612,0.999945927117186,4,8,2184616.11112,34734.983586
2024-09-02 07:00:00,schloemer,L92,115,67,99.27078001403345,0.07181246606012148,0.9991656061149472,1.0,13,29,2185126.88168,34750.896056
2024-09-02 08:00:00,schloemer,L0,22,23,94.6257348598627,0.0190103650220379,0.995683915169635,1.0,4,8,2184616.11112,34734.983586
2024-09-02 08:00:00,schloemer,L1,23,69,98.11223269849235,0.05359267366597442,0.9987452113983298,1.0,4,8,2184616.11112,34734.983586
2024-09-02 08:00:00,schloemer,L2,23,71,95.3565445897175,0.024045951872826654,0.9966639781608563,1.0,4,8,2184616.11112,34734.983586
2024-09-02 08:00:00,schloemer,L3,29,37,76.32803946473153,2.1407383674620917e-06,0.35658448482365923,0.9706283384947639,4,8,2184616.11112,34734.983586
2024-09-02 08:00:00,schloemer,L4,32,36,73.6359901347971,3.471883012196031e-07,0.16099510441984355,0.7544638983180412,4,8,2184616.11112,34734.983586
2024-09-02 08:00:00,schloemer,L5,33,36,77.70400579267991,5.2060129552833345e-06,0.47136034705493,0.9939008565815393,4,8,2184616.11112,34734.983586
2024-09-02 08:00:00,schloemer,L6,33,42,83.26900230207565,0.00013775974954688408,0.8385578946761507,0.9999995387937649,4,8,2184616.11112,34734.983586
2024-09-02 08:00:00,schloemer,L7,34,36,72.10927635899601,1.1852409753654314e-07,0.08507804741061753,0.5090105285957097,4,8,2184616.11112,34734.983586
2024-09-02 08:00:00,schloemer,L8,36,38,76.58508388131617,2.532897834361947e-06,0.3778077688797553,0.9775409039489483,4,8,2184616.11112,34734.983586
2024-09-02 08:00:00,schloemer,L9,36,39,79.88230053605801,1.998459174179512e-05,0.6435031526044203,0.9997391379927163,4,8,2184616.11112,34734.983586
2024-09-02 08:00:00,schloemer,L10,37,36,78.14218664305702,6.723304353029036e-06,0.5063474091209265,0.9999999999999981,20,48,2185542.33716,34764.744572
2024-09-02 08:00:00,schloemer,L11,37,64,86.47844540731634,0.0007086334600013844,0.9350336493208387,0.999999999683571,4,8,2184616.11112,34734.983586
2024-09-02 08:00:00,schloemer,L12,38,39,80.73727667346564,3.3157629484303897e-05,0.7024464324730901,0.9999385582338155,4,8,2184616.11112,34734.983586
2024-09-02 08:00:00,schloemer,L13,39,40,86.94741725618279,0.0008858665168702817,0.9436985442549343,0.9999999998993955,4,8,2184616.11112,34734.983586
2024-09-02 08:00:00,schloemer,L14,39,41,90.07106002103956,0.0035242605604463018,0.9793496220765685,0.9999999999999674,4,8,2184616.11112,34734.983586
2024-09-02 08:00:00,schloemer,L15,40,41,92.73529901709531,0.009896327388199344,0.9916505142089305,1.0,4,8,2184616.11112,34734.983586
2024-09-02 08:00:00,schloemer,L16,41,48,98.21898546291249,0.05513768465974633,0.9987919735534344,1.0,4,8,2184616.11112,34734.983586
2024-09-02 08:00:00,schloemer,L17,41,48,98.21898546291249,0.05513768465974633,0.9987919735534344,1.0,4,8,2184616.11112,34734.983586
2024-09-02 08:00:00,schloemer,L18,42,43,91.39033389680161,0.005974784500607955,0.9867533303760346,0.9999999999999991,4,8,2184616.11112,34734.983586
2024-09-02 08:00:00,schloemer,L19,43,44,97.89620641611553,0.05056760949133432,0.9986449805427441,1.0,4,8,2184616.11112,34734.983586
2024-09-02 08:00:00,schloemer,L20,44,45,93.26456877319501,0.011959637886690189,0.9930510971395959,1.0,4,8,2184616.11112,34734.983586
2024-09-02 08:00:00,schloemer,L21,44,48,96.61012960166279,0.035195641745750295,0.9978598685858697,1.0,4,8,2184616.11112,34734.983586
2024-09-02 08:00:00,schloemer,L22,45,46,73.4898674021312,3.1365179709030855e-07,0.15245622755284427,0.7337457479262881,4,8,2184616.11112,34734.983586
2024-09-02 08:00:00,schloemer,L23,45,47,81.06703927540707,4.0172910771629766e-05,0.7234989306381483,0.9999658410326446,4,8,2184616.11112,34734.983586
2024-09-02 08:00:00,schloemer,L24,46,48,86.68357652864279,0.000781714080447915,0.9389598569367141,0.999999999807883,4,8,2184616.11112,34734.983586
2024-09-02 08:00:00,schloemer,L25,46,68,59.73296618392232,9.170553205706256e-12,2.9660853662072384e-08,2.3732348686245075e-07,4,8,2184616.11112,34734.983586
2024-09-02 08:00:00,schloemer,L26,47,48,90.6670168707088,0.004491483628612625,0.9830818888578295,0.9999999999999934,4,8,2184616.11112,34734.983586
2024-09-02 08:00:00,schloemer,L27,48,49,95.35413613441737,0.024027715270958372,0.9966611394480542,1.0,4,8,2184616.11112,34734.983586
2024-09-02 08:00:00,schloemer,L28,48,50,94.67858411787618,0.019342397565580094,0.9957634036524894,1.0,4,8,2184616.11112,34734.983586
2024-09-02 08:00:00,schloemer,L29,48,53,95.04270307692596,0.02176338918200882,0.9962732982547001,1.0,4,8,2184616.11112,34734.983586
2024-09-02 08:00:00,schloemer,L30,48,53,95.04270307692596,0.02176338918200882,0.9962732982547001,1.0,4,8,2184616.11112,34734.983586
2024-09-02 08:00:00,schloemer,L31,48,65,96.13048216405934,0.030521507653279212,0.9974630344194029,1.0,4,8,2184616.11112,34734.983586
2024-09-02 08:00:00,schloemer,L32,48,65,96.13048216405934,0.030521507653279212,0.9974630344194029,1.0,4,8,2184616.11112,34734.983586
2024-09-02 08:00:00,schloemer,L33,48,68,75.92106011674463,1.636891036271848e-06,0.323509027803908,0.9561375184280251,4,8,2184616.11112,34734.983586
2024-09-02 08:00:00,schloemer,L34,49,56,93.05795632850302,0.0111142271961292,0.9925338431678169,1.0,4,8,2184616.11112,34734.983586
2024-09-02 08:00:00,schloemer,L35,50,51,91.81392242045742,0.007029467474803819,0.9885355607102425,0.9999999999999997,4,8,2184616.11112,34734.983586
2024-09-02 08:00:00,schloemer,L36,50,57,91.67210674233705,0.006659597850266041,0.9879661720195693,0.9999999999999996,4,8,2184616.11112,34734.983586
2024-09-02 08:00:00,schloemer,L37,51,52,87.54481888084375,0.0011701903971464978,0.9532304978046728,0.999999999977214,4,8,2184616.11112,34734.983586
2024-09-02 08:00:00,schloemer,L38,52,53,88.08377625262122,0.0014955685872700686,0.9605482849173212,0.9999999999941666,4,8,2184616.11112,34734.983586
2024-09-02 08:00:00,schloemer,L39,53,54,86.25253672375285,0.0006354483556751944,0.9304525621470225,0.99999999945406,4,8,2184616.11112,34734.983586
2024-09-02 08:00:00,schloemer,L40,53,55,87.73124359271351,0.0012746229135417453,0.9558908860821359,0.9999999999857435,4,8,2184616.11112,34734.983586
2024-09-02 08:00:00,schloemer,L41,53,58,86.21132366311038,0.0006228719247618475,0.9295867889149095,0.9999999993972312,4,8,2184616.11112,34734.983586
2024-09-02 08:00:00,schloemer,L42,54,55,83.96770739536365,0.00019999291236116878,0.8660467010495362,0.9999998964190591,4,8,2184616.11112,34734.983586
2024-09-02 08:00:00,schloemer,L43,54,58,82.43613562858135,8.732020328028334e-05,0.8002549467776982,0.9999974668753354,4,8,2184616.11112,34734.983586
2024-09-02 08:00:00,schloemer,L44,55,56,87.99425013875783,0.0014363905456967752,0.9594101588299738,0.9999999999926744,4,8,2184616.11112,34734.983586
2024-09-02 08:00:00,schloemer,L45,55,57,87.20674753375707,0.0010004715701581457,0.9480325020819055,0.9999999999470196,4,8,2184616.11112,34734.983586
2024-09-02 08:00:00,schloemer,L46,55,58,84.01283928163426,0.00020480398152034063,0.8676837931351415,0.9999999061253088,4,8,2184616.11112,34734.983586
2024-09-02 08:00:00,schloemer,L47,55,58,84.01283928163426,0.00020480398152034063,0.8676837931351415,0.9999999061253088,4,8,2184616.11112,34734.983586
2024-09-02 08:00:00,schloemer,L48,58,59,79.7867846879349,1.8870966240647213e-05,0.6365513042904799,0.9996955526944421,4,8,2184616.11112,34734.983586
2024-09-02 08:00:00,schloemer,L49,58,60,81.12145997995266,4.145811684796996e-05,0.7268792313676897,0.9999690425067933,4,8,2184616.11112,34734.983586
2024-09-02 08:00:00,schloemer,L50,59,60,78.4839040789132,8.502199212223616e-06,0.5356439231798633,0.9978383056033737,4,8,2184616.11112,34734.983586
2024-09-02 08:00:00,schloemer,L51,59,61,79.71657506723201,1.8090381491031593e-05,0.6313973794100493,0.9996592499551413,4,8,2184616.11112,34734.983586
2024-09-02 08:00:00,schloemer,L52,60,61,80.90778257991356,3.662540283910776e-05,0.7134531705621548,0.9999545534171728,4,8,2184616.11112,34734.983586
2024-09-02 08:00:00,schloemer,L53,61,65,86.75114076050932,0.0008072582721375676,0.940206044671534,0.9999999998371246,4,8,2184616.11112,34734.983586
2024-09-02 08:00:00,schloemer,L54,61,66,82.62880203952668,9.714099599766879e-05,0.8096696705259759,0.9999982785467388,4,8,2184616.11112,34734.983586
2024-09-02 08:00:00,schloemer,L55,62,58,82.12923701001571,7.277750411949224e-05,0.784028809431141,1.0,13,30,2185148.89802,34751.629934
2024-09-02 08:00:00,schloemer,L56,62,63,83.94754186047567,0.00019787756009059798,0.8653099327050628,0.999999891771715,4,8,2184616.11112,34734.983586
2024-09-02 08:00:00,schloemer,L57,63,60,82.79753533047506,0.0001046006191117721,0.8168476615299253,1.0,20,47,2185512.78098,34763.759366
2024-09-02 08:00:00,schloemer,L58,63,64,89.5773970701389,0.0028682768343980536,0.9756827651219132,0.9999999999998791,4,8,2184616.11112,34734.983586
2024-09-02 08:00:00,schloemer,L59,64,65,92.251042914872,0.00816291940508429,0.9900653523444747,1.0,20,48,2185545.98792,34764.866264
2024-09-02 08:00:00,schloemer,L60,64,67,98.44239086289797,0.057153825540382286,0.9988672744521564,1.0,38,93,2186503.81292,34796.793764
2024-09-02 08:00:00,schloemer,L61,65,66,87.22175532537652,0.0010075012784044324,0.9482738760235442,0.9999999999489579,4,8,2184616.11112,34734.983586
2024-09-02 08:00:00,schloemer,L62,67,68,95.0586726734064,0.02145411129152386,0.9962553127611663,1.0,28,68,2185978.45538,34779.281846
2024-09-02 08:00:00,schloemer,L63,68,69,74.3361424945837,5.626632775257434e-07,0.20539441936250014,0.8410677947932459,4,8,2184616.11112,34734.983586
2024-09-02 08:00:00,schloemer,L64,68,74,86.09155135410334,0.000587611412830924,0.9270167106451787,0.999999999196906,4,8,2184616.11112,34734.983586
2024-09-02 08:00:00,schloemer,L65,68,76,99.58134199949274,0.07793671031905991,0.999255910644256,1.0,4,8,2184616.11112,34734.983586
2024-09-02 08:00:00,schloemer,L66,69,70,99.05410051846988,0.06841547077588217,0.9991024738463793,1.0,4,8,2184616.11112,34734.983586
2024-09-02 08:00:00,schloemer,L67,69,73,97.30679839564965,0.04298089875487221,0.9983290219772804,1.0,4,8,2184616.11112,34734.983586
2024-09-02 08:00:00,schloemer,L68,69,74,95.14189823450388,0.02246466113704626,0.9964014133167233,1.0,4,8,2184616.11112,34734.983586
2024-09-02 08:00:00,schloemer,L69,70,71,94.933018621671,0.0210091026950473,0.9961264083021263,1.0,4,8,2184616.11112,34734.983586
2024-09-02 08:00:00,schloemer,L70,70,72,93.15428880404,0.01150181796695382,0.9927795043828286,1.0,4,8,2184616.11112,34734.983586
2024-09-02 08:00:00,schloemer,L71,73,74,98.39479873148889,0.0577557786035221,0.9988652220149064,1.0,4,8,2184616.11112,34734.983586
2024-09-02 08:00:00,schloemer,L72,74,76,101.79169513996945,0.1282390994023177,0.9996601345496798,1.0,4,8,2184616.11112,34734.983586
2024-09-02 08:00:00,schloemer,L73,74,117,100.93703867055305,0.1067409249623037,0.9995401328322795,1.0,4,8,2184616.11112,34734.983586
2024-09-02 08:00:00,schloemer,L74,75,76,100.55317360490076,0.09793541070713285,0.9994730886726753,1.0,4,8,2184616.11112,34734.983586
2024-09-02 08:00:00,schloemer,L75,75,117,100.45811009754509,0.09583509465603224,0.9994550148307731,1.0,4,8,2184616.11112,34734.983586
2024-09-02 08:00:00,schloemer,L76,76,77,98.49448024466315,0.05928138984864817,0.998904761845854,1.0,4,8,2184616.11112,34734.983586
2024-09-02 08:00:00,schloemer,L77,76,79,96.9522786314248,0.038865770686825174,0.9981046878996978,1.0,4,8,2184616.11112,34734.983586
2024-09-02 08:00:00,schloemer,L78,76,79,96.9522786314248,0.038865770686825174,0.9981046878996978,1.0,4,8,2184616.11112,34734.983586
2024-09-02 08:00:00,schloemer,L79,76,81,96.08498938448865,0.03010548462339857,0.9974218093956934,1.0,4,8,2184616.11112,34734.983586
2024-09-02 08:00:00,schloemer,L80,77,78,92.71918872211609,0.009838647775431864,0.991603851817716,1.0,4,8,2184616.11112,34734.983586
2024-09-02 08:00:00,schloemer,L81,78,79,91.0729110736538,0.005277892519564342,0.9852470096876829,0.9999999999999978,4,8,2184616.11112,34734.983586
2024-09-02 08:00:00,schloemer,L82,79,95,87.1972704269729,0.0009960555636594481,0.9478795575020503,0.9999999999457583,4,8,2184616.11112,34734.983586
2024-09-02 08:00:00,schloemer,L83,79,96,86.87774005234184,0.0008571923110360924,0.9424801749999766,0.9999999998805873,4,8,2184616.11112,34734.983586
2024-09-02 08:00:00,schloemer,L84,79,97,87.94495717772706,0.001404721904355144,0.9587707640858785,0.9999999999916976,4,8,2184616.11112,34734.983586
2024-09-02 08:00:00,schloemer,L85,79,98,88.13008427314736,0.0015270384932971615,0.9611254502849411,0.9999999999948159,4,8,2184616.11112,34734.983586
2024-09-02 08:00:00,schloemer,L86,80,67,101.46069020886887,0.11786541113149662,0.9996134076229453,1.0,30,72,2186055.70436,34781.856812
2024-09-02 08:00:00,schloemer,L87,80,79,96.25149329629025,0.031073071411990005,0.9975435014976902,1.0,28,69,2185981.58126,34779.386042
2024-09-02 08:00:00,schloemer,L88,81,82,85.77516030424499,0.0005031220536070302,0.9198288030488623,0.9999999982967723,4,8,2184616.11112,34734.983586
2024-09-02 08:00:00,schloemer,L89,81,95,86.4927625067727,0.000713522887774376,0.9353147740462104,0.9999999996943666,4,8,2184616.11112,34734.983586
2024-09-02 08:00:00,schloemer,L90,93,95,79.21466385070987,1.334282634601891e-05,0.5935315217077045,0.9992549390635823,4,8,2184616.11112,34734.983586
2024-09-02 08:00:00,schloemer,L91,95,96,82.77908067412491,0.00010551290308480343,0.8167792222521708,0.9999987305532902,4,8,2184616.11112,34734.983586
2024-09-02 08:00:00,schloemer,L92,115,67,101.20496429015375,0.11262912210696485,0.9995800097373899,1.0,13,29,2185126.88168,34750.896056
2024-09-02 09:00:00,schloemer,L0,22,23,91.64128464354661,0.006581494244598973,0.9878388792982596,0.9999999999999996,4,8,2184616.11112,34734.983586
2024-09-02 09:00:00,schloemer,L1,23,69,97.96787115748295,0.05155623583214897,0.9986790870480386,1.0,4,8,2184616.11112,34734.983586
2024-09-02 09:00:00,schloemer,L2,23,71,92.5971279220191,0.009410948815459452,0.9912420152041612,1.0,4,8,2184616.11112,34734.983586
2024-09-02 09:00:00,schloemer,L3,29,37,79.13441478959909,1.2704035196597907e-05,0.5873218672073628,0.999158857483222,4,8,2184616.11112,34734.983586
2024-09-02 09:00:00,schloemer,L4,32,36,76.61300117773395,2.57944292803014e-06,0.3801246308492252,0.978201301808858,4,8,2184616.11112,34734.983586
2024-09-02 09:00:00,schloemer,L5,33,36,80.84236982417777,3.525619769029209e-05,0.709261095935765,0.9999489537380307,4,8,2184616.11112,34734.983586
2024-09-02 09:00:00,schloemer,L6,33,42,86.54469649062852,0.0007315200341727612,0.9363255050753582,0.9999999997305657,4,8,2184616.11112,34734.983586
2024-09-02 09:00:00,schloemer,L7,34,36,74.93055352713921,8.433161416965262e-07,0.2472058667275545,0.8968644611734117,4,8,2184616.11112,34734.983586
2024-09-02 09:00:00,schloemer,L8,36,38,79.75669000891038,1.853252284012008e-05,0.634346634952623,0.9996804606101677,4,8,2184616.11112,34734.983586
2024-09-02 09:00:00,schloemer,L9,36,39,83.21069471718127,0.00013348656013845162,0.8360766081123924,0.9999994789306244,4,8,2184616.11112,34734.983586
2024-09-02 09:00:00,schloemer,L10,37,36,81.23598368590494,4.34119536937283e-05,0.732856336510392,1.0,20,48,2185542.33716,34764.744572
2024-09-02 09:00:00,schloemer,L11,37,64,89.58277260617079,0.0028747880142424576,0.9757257963711914,0.9999999999998809,4,8,2184616.11112,34734.983586
2024-09-02 09:00:00,schloemer,L12,38,39,84.1764306905905,0.00022316352131523942,0.8734818513658279,0.9999999344104114,4,8,2184616.11112,34734.983586
2024-09-02 09:00:00,schloemer,L13,39,40,90.55647049364802,0.004296083903354342,0.9824417967010453,0.9999999999999911,4,8,2184616.11112,34734.983586
2024-09-02 09:00:00,schloemer,L14,39,41,93.51070122110478,0.013037723026609771,0.9936219084159973,1.0,4,8,2184616.11112,34734.983586
2024-09-02 09:00:00,schloemer,L15,40,41,95.97736447073032,0.029139482021992902,0.9973216235948641,1.0,4,8,2184616.11112,34734.983586
2024-09-02 09:00:00,schloemer,L16,41,48,97.75884157505807,0.0487134708668715,0.998577130928647,1.0,4,8,2184616.11112,34734.983586
2024-09-02 09:00:00,schloemer,L17,41,48,97.75884157505807,0.0487134708668715,0.998577130928647,1.0,4,8,2184616.11112,34734.983586
2024-09-02 09:00:00,schloemer,L18,42,43,94.35134611901736,0.017361835351327626,0.9952471096489818,1.0,4,8,2184616.11112,34734.983586
2024-09-02 09:00:00,schloemer,L19,43,44,98.13764238911611,0.053957389369229225,0.99875650330496,1.0,4,8,2184616.11112,34734.983586
2024-09-02 09:00:00,schloemer,L20,44,45,84.65081328483922,0.0002854503424102317,0.8891252273982879,0.9999999771878622,4,8,2184616.11112,34734.983586
2024-09-02 09:00:00,schloemer,L21,44,48,92.72407368732232,0.00985610679054183,0.991618027405629,1.0,4,8,2184616.11112,34734.983586
2024-09-02 09:00:00,schloemer,L22,45,46,49.269661725167886,2.6645352591003757e-15,0.0,1.0658141036401503e-14,4,8,2184616.11112,34734.983586
2024-09-02 09:00:00,schloemer,L23,45,47,70.7269376397539,4.372471906766151e-08,0.04128169685873151,0.2862796603607145,4,8,2184616.11112,34734.983586
2024-09-02 09:00:00,schloemer,L24,46,48,73.04202682737389,2.2934461763046698e-07,0.12793769910624853,0.6655126475853916,4,8,2184616.11112,34734.983586
2024-09-02 09:00:00,schloemer,L25,46,68,15.71035661787269,0.0,0.0,0.0,4,8,2184616.11112,34734.983586
2024-09-02 09:00:00,schloemer,L26,47,48,84.79496372545107,0.00030736791113128437,0.8935464661776189,0.9999999835279888,4,8,2184616.11112,34734.983586
2024-09-02 09:00:00,schloemer,L27,48,49,93.74709617453243,0.014149734331022734,0.9941269980692365,1.0,4,8,2184616.11112,34734.983586
2024-09-02 09:00:00,schloemer,L28,48,50,93.3911218991597,0.012504066326542107,0.9933505340627684,1.0,4,8,2184616.11112,34734.983586
2024-09-02 09:00:00,schloemer,L29,48,53,94.83738652536366,0.020369224548499765,0.9959937023921461,1.0,4,8,2184616.11112,34734.983586
2024-09-02 09:00:00,schloemer,L30,48,53,94.83738652536366,0.020369224548499765,0.9959937023921461,1.0,4,8,2184616.11112,34734.983586
2024-09-02 09:00:00,schloemer,L31,48,65,96.47383206975981,0.033812860942368794,0.9977538224922474,1.0,4,8,2184616.11112,34734.983586
2024-09-02 09:00:00,schloemer,L32,48,65,96.47383206975981,0.033812860942368794,0.9977538224922474,1.0,4,8,2184616.11112,34734.983586
2024-09-02 09:00:00,schloemer,L33,48,68,45.8087726380992,2.220446049250313e-16,0.0,8.881784197001252e-16,4,8,2184616.11112,34734.983586
2024-09-02 09:00:00,schloemer,L34,49,56,92.7933619050758,0.010106626855854728,0.9918166144980035,1.0,4,8,2184616.11112,34734.983586
2024-09-02 09:00:00,schloemer,L35,50,51,91.11666642365059,0.005369500767370083,0.9854639647198551,0.999999999999998,4,8,2184616.11112,34734.983586
2024-09-02 09:00:00,schloemer,L36,50,57,91.1293107402776,0.00539623231740638,0.9855260906274111,0.9999999999999981,4,8,2184616.11112,34734.983586
2024-09-02 09:00:00,schloemer,L37,51,52,86.70443058983399,0.000789518217995,0.9393469441227247,0.9999999998174216,4,8,2184616.11112,34734.983586
2024-09-02 09:00:00,schloemer,L38,52,53,87.85661612925675,0.001349548133972367,0.9576017968056957,0.9999999999896143,4,8,2184616.11112,34734.983586
2024-09-02 09:00:00,schloemer,L39,53,54,86.4797015358317,0.0007090612052010892,0.9350583573698258,0.999999999684533,4,8,2184616.11112,34734.983586
2024-09-02 09:00:00,schloemer,L40,53,55,87.83362727436709,0.0013355168846359566,0.9572926791415294,0.9999999999889922,4,8,2184616.11112,34734.983586
2024-09-02 09:00:00,schloemer,L41,53,58,86.71190972960106,0.0007923344696975088,0.9394852364838968,0.9999999998207275,4,8,2184616.11112,34734.983586
2024-09-02 09:00:00,schloemer,L42,54,55,84.06174971459224,0.00021013973084516024,0.8694395414533902,0.9999999156416173,4,8,2184616.11112,34734.983586
2024-09-02 09:00:00,schloemer,L43,54,58,82.87489680854063,0.0001111999745633252,0.8212060739870222,0.999998956172097,4,8,2184616.11112,34734.983586
2024-09-02 09:00:00,schloemer,L44,55,56,87.84982618765352,0.0013453900202845537,0.9575107094677231,0.9999999999894343,4,8,2184616.11112,34734.983586
2024-09-02 09:00:00,schloemer,L45,55,57,86.88250902258561,0.0008591274515722391,0.9425643103416658,0.9999999998819784,4,8,2184616.11112,34734.983586
2024-09-02 09:00:00,schloemer,L46,55,58,84.36291878783639,0.00024596059277381954,0.8798357924799843,0.9999999565716146,4,8,2184616.11112,34734.983586
2024-09-02 09:00:00,schloemer,L47,55,58,84.36291878783639,0.00024596059277381954,0.8798357924799843,0.9999999565716146,4,8,2184616.11112,34734.983586
2024-09-02 09:00:00,schloemer,L48,58,59,80.67368118757109,3.194590064170555e-05,0.69827533449636,0.9999313198840987,4,8,2184616.11112,34734.983586
2024-09-02 09:00:00,schloemer,L49,58,60,82.1298115158317,7.360823983793008e-05,0.784585850896339,0.9999953648271835,4,8,2184616.11112,34734.983586
2024-09-02 09:00:00,schloemer,L50,59,60,79.64438149084157,1.731989640607612e-05,0.6260597618005989,0.9996177147736574,4,8,2184616.11112,34734.983586
2024-09-02 09:00:00,schloemer,L51,59,61,81.01961395137413,3.9083795750349815e-05,0.7205312770696553,0.999962795301787,4,8,2184616.11112,34734.983586
2024-09-02 09:00:00,schloemer,L52,60,61,82.34753855648951,8.312514069142019e-05,0.7958117409836513,0.9999969793408638,4,8,2184616.11112,34734.983586
2024-09-02 09:00:00,schloemer,L53,61,65,88.51668107647416,0.0018141047734094862,0.9656497873947667,0.9999999999980757,4,8,2184616.11112,34734.983586
2024-09-02 09:00:00,schloemer,L54,61,66,84.42300214201074,0.0002537558035670129,0.8818259666935153,0.9999999620042,4,8,2184616.11112,34734.983586
2024-09-02 09:00:00,schloemer,L55,62,58,83.06906353482137,0.00012228881138065528,0.8294793159196466,1.0,13,30,2185148.89802,34751.629934
2024-09-02 09:00:00,schloemer,L56,62,63,85.48307105091016,0.0004352237538255421,0.9126549228152439,0.9999999966181742,4,8,2184616.11112,34734.983586
2024-09-02 09:00:00,schloemer,L57,63,60,84.38707620144656,0.00024458638251656506,0.8800638958991642,1.0,20,47,2185512.78098,34763.759366
2024-09-02 09:00:00,schloemer,L58,63,64,91.8797760573786,0.007207216673897898,0.9887910766124525,0.9999999999999998,4,8,2184616.11112,34734.983586
2024-09-02 09:00:00,schloemer,L59,64,65,94.42060233374853,0.017528273925429882,0.9953284464911567,1.0,20,48,2185545.98792,34764.866264
2024-09-02 09:00:00,schloemer,L60,64,67,99.61580299243815,0.07691857048489881,0.9992536458404258,1.0,38,93,2186503.81292,34796.793764
2024-09-02 09:00:00,schloemer,L61,65,66,89.20584429444473,0.0024489527833772007,0.9725293008794591,0.9999999999996788,4,8,2184616.11112,34734.983586
2024-09-02 09:00:00,schloemer,L62,67,68,80.65151005450781,3.059694768581256e-05,0.6951496088980637,1.0,28,68,2185978.45538,34779.281846
2024-09-02 09:00:00,schloemer,L63,68,69,73.68927276795414,3.602648750433701e-07,0.16417326124637666,0.7618067458167207,4,8,2184616.11112,34734.983586
2024-09-02 09:00:00,schloemer,L64,68,74,78.71123902662853,9.790952166577327e-06,0.5539536197382725,0.9984331654263475,4,8,2184616.11112,34734.983586
2024-09-02 09:00:00,schloemer,L65,68,76,95.84058489100573,0.02794815195525613,0.997188726423975,1.0,4,8,2184616.11112,34734.983586
2024-09-02 09:00:00,schloemer,L66,69,70,98.25899005013073,0.055725317262284024,0.99880904521515,1.0,4,8,2184616.11112,34734.983586
2024-09-02 09:00:00,schloemer,L67,69,73,98.20374499813053,0.05491506067264107,0.998785405667967,1.0,4,8,2184616.11112,34734.983586
2024-09-02 09:00:00,schloemer,L68,69,74,95.9573205244775,0.028962375519888783,0.9973025442442618,1.0,4,8,2184616.11112,34734.983586
2024-09-02 09:00:00,schloemer,L69,70,71,92.22499830509696,0.008204389667247014,0.9900433994123342,0.9999999999999999,4,8,2184616.11112,34734.983586
2024-09-02 09:00:00,schloemer,L70,70,72,90.44830686366207,0.004112210601205257,0.9817933123628426,0.9999999999999881,4,8,2184616.11112,34734.983586
2024-09-02 09:00:00,schloemer,L71,73,74,98.43873421419897,0.05842450096030838,0.9988828224840264,1.0,4,8,2184616.11112,34734.983586
2024-09-02 09:00:00,schloemer,L72,74,76,101.18480616675167,0.11270300514593878,0.9995787694127742,1.0,4,8,2184616.11112,34734.983586
2024-09-02 09:00:00,schloemer,L73,74,117,100.5013471662657,0.09678643451392355,0.9994633114046099,1.0,4,8,2184616.11112,34734.983586
2024-09-02 09:00:00,schloemer,L74,75,76,100.92255773356767,0.10639925156373664,0.9995377670966205,1.0,4,8,2184616.11112,34734.983586
2024-09-02 09:00:00,schloemer,L75,75,117,100.19064868184047,0.09009520545113525,0.9994007426626014,1.0,4,8,2184616.11112,34734.983586
2024-09-02 09:00:00,schloemer,L76,76,77,99.41505673250558,0.07483550355126056,0.9992105969029288,1.0,4,8,2184616.11112,34734.983586
2024-09-02 09:00:00,schloemer,L77,76,79,98.63692777845796,0.06151403209051065,0.998958885483081,1.0,4,8,2184616.11112,34734.983586
2024-09-02 09:00:00,schloemer,L78,76,79,98.63692777845796,0.06151403209051065,0.998958885483081,1.0,4,8,2184616.11112,34734.983586
2024-09-02 09:00:00,schloemer,L79,76,81,97.51625425785436,0.04556781109789043,0.9984489306959855,1.0,4,8,2184616.11112,34734.983586
2024-09-02 09:00:00,schloemer,L80,77,78,93.81793800642964,0.01449820538671076,0.9942706096462541,1.0,4,8,2184616.11112,34734.983586
2024-09-02 09:00:00,schloemer,L81,78,79,92.78202886323987,0.010065280652142516,0.9917844475784641,1.0,4,8,2184616.11112,34734.983586
2024-09-02 09:00:00,schloemer,L82,79,95,89.32459531619932,0.002576568613165575,0.9735764872479019,0.9999999999997647,4,8,2184616.11112,34734.983586
2024-09-02 09:00:00,schloemer,L83,79,96,88.89792415927995,0.002144056140756745,0.9696310663900457,0.9999999999992827,4,8,2184616.11112,34734.983586
2024-09-02 09:00:00,schloemer,L84,79,97,89.85056046844426,0.0032163447277935298,0.9777812256820386,0.9999999999999414,4,8,2184616.11112,34734.983586
2024-09-02 09:00:00,schloemer,L85,79,98,90.48939919951529,0.00418122851916114,0.9820423070838846,0.9999999999999893,4,8,2184616.11112,34734.983586
2024-09-02 09:00:00,schloemer,L86,80,67,101.71891447309602,0.12450202899391827,0.999647129786783,1.0,30,72,2186055.70436,34781.856812
2024-09-02 09:00:00,schloemer,L87,80,79,98.67516676571067,0.06112133429247535,0.9989616285878298,1.0,28,69,2185981.58126,34779.386042
2024-09-02 09:00:00,schloemer,L88,81,82,87.07752145727889,0.0009417699393442502,0.9459118190371842,0.9999999999270236,4,8,2184616.11112,34734.983586
2024-09-02 09:00:00,schloemer,L89,81,95,88.35790049161051,0.0016907698292142337,0.9638536919306674,0.9999999999971055,4,8,2184616.11112,34734.983586
2024-09-02 09:00:00,schloemer,L90,93,95,81.18788297032208,4.3079601769635545e-05,0.7309685798321308,0.9999725622057536,4,8,2184616.11112,34734.983586
2024-09-02 09:00:00,schloemer,L91,95,96,84.70667844925812,0.0002937659949249216,0.890856576347238,0.9999999798873089,4,8,2184616.11112,34734.983586
2024-09-02 09:00:00,schloemer,L92,115,67,100.5812454387953,0.09804767345719301,0.9994761294139742,1.0,13,29,2185126.88168,34750.896056
2024-09-02 10:00:00,schloemer,L0,22,23,88.21644358829029,0.0015873340544176884,0.962181164736429,0.9999999999958418,4,8,2184616.11112,34734.983586
2024-09-02 10:00:00,schloemer,L1,23,69,96.45831032650744,0.033658182144090665,0.9977414201221266,1.0,4,8,2184616.11112,34734.983586
2024-09-02 10:00:00,schloemer,L2,23,71,89.36432222947835,0.0026205728694026487,0.9739184083710498,0.9999999999997881,4,8,2184616.11112,34734.983586
2024-09-02 10:00:00,schloemer,L3,29,37,82.13242284414714,7.371603069739052e-05,0.7847230809029115,0.9999953883993353,4,8,2184616.11112,34734.983586
2024-09-02 10:00:00,schloemer,L4,32,36,79.91211602948935,2.0344850826359284e-05,0.645658868104872,0.9997514938150852,4,8,2184616.11112,34734.983586
2024-09-02 10:00:00,schloemer,L5,33,36,84.23604288486057,0.00023022713798737104,0.8755422577697651,0.9999999424857641,4,8,2184616.11112,34734.983586
2024-09-02 10:00:00,schloemer,L6,33,42,89.90475999058559,0.003289722441795706,0.9781768193125588,0.9999999999999493,4,8,2184616.11112,34734.983586
2024-09-02 10:00:00,schloemer,L7,34,36,78.06024524412207,6.521317382768288e-06,0.5009525323790044,0.9961529881829091,4,8,2184616.11112,34734.983586
2024-09-02 10:00:00,schloemer,L8,36,38,83.23174812481119,0.0001350149546004431,0.8369759459570387,0.9999995013693732,4,8,2184616.11112,34734.983586
2024-09-02 10:00:00,schloemer,L9,36,39,86.78242724003417,0.0008193441011208336,0.940775389328154,0.9999999998491331,4,8,2184616.11112,34734.983586
2024-09-02 10:00:00,schloemer,L10,37,36,84.55573816158777,0.00026676373297762623,0.8855531809559372,1.0,20,48,2185542.33716,34764.744572
2024-09-02 10:00:00,schloemer,L11,37,64,92.56089910026071,0.009287125645660366,0.9911317456447727,1.0,4,8,2184616.11112,34734.983586
2024-09-02 10:00:00,schloemer,L12,38,39,87.86464610436235,0.0013544807012386695,0.9577092893311671,0.9999999999898234,4,8,2184616.11112,34734.983586
2024-09-02 10:00:00,schloemer,L13,39,40,94.14740099078188,0.016215513548086258,0.9948946638931453,1.0,4,8,2184616.11112,34734.983586
2024-09-02 10:00:00,schloemer,L14,39,41,96.6253935463788,0.035353265335635986,0.99787143099767,1.0,4,8,2184616.11112,34734.983586
2024-09-02 10:00:00,schloemer,L15,40,41,98.51594502097234,0.05961384779802492,0.9989130941289273,1.0,4,8,2184616.11112,34734.983586
2024-09-02 10:00:00,schloemer,L16,41,48,94.42841012047633,0.017812287876267985,0.9953739865166266,1.0,4,8,2184616.11112,34734.983586
2024-09-02 10:00:00,schloemer,L17,41,48,94.42841012047633,0.017812287876267985,0.9953739865166266,1.0,4,8,2184616.11112,34734.983586
2024-09-02 10:00:00,schloemer,L18,42,43,96.75508280114019,0.03671529824618869,0.9979672024584049,1.0,4,8,2184616.11112,34734.983586
2024-09-02 10:00:00,schloemer,L19,43,44,95.88515738215109,0.02833195149890988,0.997232734437421,1.0,4,8,2184616.11112,34734.983586
2024-09-02 10:00:00,schloemer,L20,44,45,72.80288503402727,1.9383569360709174e-07,0.11588613138164483,0.6266937263295463,4,8,2184616.11112,34734.983586
2024-09-02 10:00:00,schloemer,L21,44,48,86.43518249930541,0.0006940451575951911,0.9341775735155118,0.9999999996486135,4,8,2184616.11112,34734.983586
2024-09-02 10:00:00,schloemer,L22,45,46,26.7188982331985,0.0,0.0,0.0,4,8,2184616.11112,34734.983586
2024-09-02 10:00:00,schloemer,L23,45,47,66.44084886397137,1.7593128065485075e-09,0.0013808533990340432,0.010993592172106714,4,8,2184616.11112,34734.983586
2024-09-02 10:00:00,schloemer,L24,46,48,58.66675486792616,3.93796106834543e-12,2.2173479719000966e-09,1.7754535508451852e-08,4,8,2184616.11112,34734.983586
2024-09-02 10:00:00,schloemer,L25,46,68,0.23101915779118543,0.0,0.0,0.0,4,8,2184616.11112,34734.983586
2024-09-02 10:00:00,schloemer,L26,47,48,80.58827956896563,3.0384715264175632e-05,0.6926183925322816,0.9999203161636286,4,8,2184616.11112,34734.983586
2024-09-02 10:00:00,schloemer,L27,48,49,92.22270523568463,0.008197390769913548,0.9900355441482015,0.9999999999999999,4,8,2184616.11112,34734.983586
2024-09-02 10:00:00,schloemer,L28,48,50,92.50261081187853,0.009090853208473249,0.9909515103858098,1.0,4,8,2184616.11112,34734.983586
2024-09-02 10:00:00,schloemer,L29,48,53,94.26895450005281,0.01689082282220178,0.9951076904289158,1.0,4,8,2184616.11112,34734.983586
2024-09-02 10:00:00,schloemer,L30,48,53,94.26895450005281,0.01689082282220178,0.9951076904289158,1.0,4,8,2184616.11112,34734.983586
2024-09-02 10:00:00,schloemer,L31,48,65,95.73767590047979,0.027078141333354955,0.9970844618140066,1.0,4,8,2184616.11112,34734.983586
2024-09-02 10:00:00,schloemer,L32,48,65,95.73767590047979,0.027078141333354955,0.9970844618140066,1.0,4,8,2184616.11112,34734.983586
2024-09-02 10:00:00,schloemer,L33,48,68,10.954606073637352,0.0,0.0,0.0,4,8,2184616.11112,34734.983586
2024-09-02 10:00:00,schloemer,L34,49,56,92.24387615931862,0.008262205436540215,0.9901078418462895,0.9999999999999999,4,8,2184616.11112,34734.983586
2024-09-02 10:00:00,schloemer,L35,50,51,90.098624404886,0.0035645402014408134,0.9795381785637368,0.9999999999999697,4,8,2184616.11112,34734.983586
2024-09-02 10:00:00,schloemer,L36,50,57,90.26917880889016,0.003822993324871793,0.9806692102506658,0.9999999999999808,4,8,2184616.11112,34734.983586
2024-09-02 10:00:00,schloemer,L37,51,52,85.54013909749219,0.00044778362073216726,0.9140985567819029,0.9999999970404504,4,8,2184616.11112,34734.983586
2024-09-02 10:00:00,schloemer,L38,52,53,87.28246292982824,0.0010363996201968595,0.9492399779517466,0.9999999999561092,4,8,2184616.11112,34734.983586
2024-09-02 10:00:00,schloemer,L39,53,54,86.36557285843512,0.0006711508616219497,0.9327792083973453,0.9999999995842209,4,8,2184616.11112,34734.983586
2024-09-02 10:00:00,schloemer,L40,53,55,87.57982081966627,0.001189182935349864,0.953740836833581,0.9999999999791304,4,8,2184616.11112,34734.983586
2024-09-02 10:00:00,schloemer,L41,53,58,86.8684154164526,0.0008534201119302365,0.9423153491290146,0.9999999998778203,4,8,2184616.11112,34734.983586
2024-09-02 10:00:00,schloemer,L42,54,55,83.84843951988371,0.00018778214037284968,0.8616412957542897,0.9999998658083024,4,8,2184616.11112,34734.983586
2024-09-02 10:00:00,schloemer,L43,54,58,83.031045098655,0.00012108916871000908,0.8282448236215904,0.9999992430480505,4,8,2184616.11112,34734.983586
2024-09-02 10:00:00,schloemer,L44,55,56,87.35592322769065,0.0010723794020871535,0.950387246890458,0.9999999999634503,4,8,2184616.11112,34734.983586
2024-09-02 10:00:00,schloemer,L45,55,57,86.22171020333039,0.0006260196696693532,0.9298058703735532,0.9999999994120796,4,8,2184616.11112,34734.983586
2024-09-02 10:00:00,schloemer,L46,55,58,84.40414497027129,0.0002512848393485534,0.8812043080542749,0.9999999603750296,4,8,2184616.11112,34734.983586
2024-09-02 10:00:00,schloemer,L47,55,58,84.40414497027129,0.0002512848393485534,0.8812043080542749,0.9999999603750296,4,8,2184616.11112,34734.983586
2024-09-02 10:00:00,schloemer,L48,58,59,81.34175350989179,4.7069672709620924e-05,0.7402868908540639,0.9999793048203411,4,8,2184616.11112,34734.983586
2024-09-02 10:00:00,schloemer,L49,58,60,82.90272408826343,0.00011290485187420707,0.822476340453548,0.9999990140525016,4,8,2184616.11112,34734.983586
2024-09-02 10:00:00,schloemer,L50,59,60,80.63197406714387,3.11741891910744e-05,0.6955206203310089,0.9999261400629594,4,8,2184616.11112,34734.983586
2024-09-02 10:00:00,schloemer,L51,59,61,82.14003647058425,7.403115779758274e-05,0.7851228309370264,0.9999954564681234,4,8,2184616.11112,34734.983586
2024-09-02 10:00:00,schloemer,L52,60,61,83.59383459987374,0.0001640094034199846,0.8518464089094905,0.9999997680403069,4,8,2184616.11112,34734.983586
2024-09-02 10:00:00,schloemer,L53,61,65,89.9578332529002,0.003363016613455838,0.9785577602915073,0.9999999999999559,4,8,2184616.11112,34734.983586
2024-09-02 10:00:00,schloemer,L54,61,66,86.02291276396588,0.0005682426739910262,0.92550709372231,0.9999999990539111,4,8,2184616.11112,34734.983586
2024-09-02 10:00:00,schloemer,L55,62,58,83.74981720539996,0.0001763257357049186,0.8575200417026626,1.0,13,30,2185148.89802,34751.629934
2024-09-02 10:00:00,schloemer,L56,62,63,86.7616222888136,0.0008112889165871051,0.9403973264684589,0.9999999998412492,4,8,2184616.11112,34734.983586
2024-09-02 10:00:00,schloemer,L57,63,60,85.75444101213981,0.0004893382168301708,0.9189179107855813,1.0,20,47,2185512.78098,34763.759366
2024-09-02 10:00:00,schloemer,L58,63,64,93.74768060361392,0.014152579905101992,0.9941281970817673,1.0,4,8,2184616.11112,34734.983586
2024-09-02 10:00:00,schloemer,L59,64,65,95.90620149680977,0.02815763102565605,0.9972333608597288,1.0,20,48,2185545.98792,34764.866264
2024-09-02 10:00:00,schloemer,L60,64,67,97.78836382958751,0.047954844801804675,0.9985706896971697,1.0,38,93,2186503.81292,34796.793764
2024-09-02 10:00:00,schloemer,L61,65,66,90.86282531037321,0.004856917064937183,0.9841616176518955,0.9999999999999961,4,8,2184616.11112,34734.983586
2024-09-02 10:00:00,schloemer,L62,67,68,51.36892291464066,1.2656542480726785e-14,0.0,3.5438318946034997e-13,28,68,2185978.45538,34779.281846
2024-09-02 10:00:00,schloemer,L63,68,69,81.03698191810108,3.947935821024817e-05,0.7216204414972055,0.9999639396323825,4,8,2184616.11112,34734.983586
2024-09-02 10:00:00,schloemer,L64,68,74,77.67053598416052,5.096463008058549e-06,0.46856641501958796,0.993638154428954,4,8,2184616.11112,34734.983586
2024-09-02 10:00:00,schloemer,L65,68,76,92.04089730500418,0.00765867828129263,0.9893933530872815,0.9999999999999999,4,8,2184616.11112,34734.983586
2024-09-02 10:00:00,schloemer,L66,69,70,96.48955950152279,0.03397016868209568,0.9977663203453662,1.0,4,8,2184616.11112,34734.983586
2024-09-02 10:00:00,schloemer,L67,69,73,98.51461443076754,0.05959319812372743,0.9989125794635736,1.0,4,8,2184616.11112,34734.983586
2024-09-02 10:00:00,schloemer,L68,69,74,97.44582873514538,0.04468483249214539,0.998409601770925,1.0,4,8,2184616.11112,34734.983586
2024-09-02 10:00:00,schloemer,L69,70,71,89.10733361276978,0.0023474234084646106,0.9716313634962993,0.9999999999995844,4,8,2184616.11112,34734.983586
2024-09-02 10:00:00,schloemer,L70,70,72,87.43648303116603,0.0011131436177838072,0.9516184212762943,0.9999999999701114,4,8,2184616.11112,34734.983586
2024-09-02 10:00:00,schloemer,L71,73,74,98.84287715742491,0.06485277911487985,0.9990324391309896,1.0,4,8,2184616.11112,34734.983586
2024-09-02 10:00:00,schloemer,L72,74,76,100.51784136986733,0.09715108241188708,0.9994664427735538,1.0,4,8,2184616.11112,34734.983586
2024-09-02 10:00:00,schloemer,L73,74,117,100.10651226542957,0.0883408866612615,0.9993825693331259,1.0,4,8,2184616.11112,34734.983586
2024-09-02 10:00:00,schloemer,L74,75,76,100.7702748063125,0.10285136612320644,0.9995121329559128,1.0,4,8,2184616.11112,34734.983586
2024-09-02 10:00:00,schloemer,L75,75,117,99.45919896563908,0.07564983021491245,0.9992228893401532,1.0,4,8,2184616.11112,34734.983586
2024-09-02 10:00:00,schloemer,L76,76,77,99.76605602778447,0.08148967617307123,0.9993031910048945,1.0,4,8,2184616.11112,34734.983586
2024-09-02 10:00:00,schloemer,L77,76,79,99.7594567979218,0.08136076580733409,0.9993015549998202,1.0,4,8,2184616.11112,34734.983586
2024-09-02 10:00:00,schloemer,L78,76,79,99.7594567979218,0.08136076580733409,0.9993015549998202,1.0,4,8,2184616.11112,34734.983586
2024-09-02 10:00:00,schloemer,L79,76,81,98.42531002915281,0.05821955946459845,0.9988774739391598,1.0,4,8,2184616.11112,34734.983586
2024-09-02 10:00:00,schloemer,L80,77,78,94.47238416409994,0.01807367045204933,0.9954448907722654,1.0,4,8,2184616.11112,34734.983586
2024-09-02 10:00:00,schloemer,L81,78,79,94.12950689150072,0.016118040918989496,0.9948625469543015,1.0,4,8,2184616.11112,34734.983586
2024-09-02 10:00:00,schloemer,L82,79,95,91.248658061158,0.005654359767532924,0.986100128211737,0.9999999999999987,4,8,2184616.11112,34734.983586
2024-09-02 10:00:00,schloemer,L83,79,96,90.70798164165599,0.004565861313276964,0.9833134086721897,0.9999999999999941,4,8,2184616.11112,34734.983586
2024-09-02 10:00:00,schloemer,L84,79,97,91.50182055178279,0.006237997935412576,0.9872465858726757,0.9999999999999993,4,8,2184616.11112,34734.983586
2024-09-02 10:00:00,schloemer,L85,79,98,92.65294472984894,0.009604501628430184,0.9914093128866241,1.0,4,8,2184616.11112,34734.983586
2024-09-02 10:00:00,schloemer,L86,80,67,98.21073673550968,0.0540566959052885,0.9987744014469716,1.0,30,72,2186055.70436,34781.856812
2024-09-02 10:00:00,schloemer,L87,80,79,100.52891129010692,0.09598007918288487,0.9994625800459324,1.0,28,69,2185981.58126,34779.386042
2024-09-02 10:00:00,schloemer,L88,81,82,88.10943108805101,0.0015129296368723288,0.9608689996798998,0.9999999999945357,4,8,2184616.11112,34734.983586
2024-09-02 10:00:00,schloemer,L89,81,95,90.00135442878367,0.003424200455130477,0.9788654567684787,0.9999999999999607,4,8,2184616.11112,34734.983586
2024-09-02 10:00:00,schloemer,L90,93,95,83.12541959611107,0.00012746037277266975,0.8323943595932959,0.9999993775741761,4,8,2184616.11112,34734.983586
2024-09-02 10:00:00,schloemer,L91,95,96,86.51200291374846,0.0007201424753994212,0.9356908736726846,0.9999999997083047,4,8,2184616.11112,34734.983586
2024-09-02 10:00:00,schloemer,L92,115,67,94.52714860145184,0.01827264300940512,0.9955143224179372,1.0,13,29,2185126.88168,34750.896056
2024-09-02 11:00:00,schloemer,L0,22,23,84.64075682612592,0.00028397687034698027,0.8888111361161484,0.999999976665583,4,8,2184616.11112,34734.983586
2024-09-02 11:00:00,schloemer,L1,23,69,93.8872418432703,0.014846097076561815,0.9944077833636198,1.0,4,8,2184616.11112,34734.983586
2024-09-02 11:00:00,schloemer,L2,23,71,85.92019770848216,0.0005403549562342791,0.9231970058658422,0.9999999987919462,4,8,2184616.11112,34734.983586
2024-09-02 11:00:00,schloemer,L3,29,37,85.24090727174638,0.0003854685731861096,0.9062946346206024,0.9999999940646558,4,8,2184616.11112,34734.983586
2024-09-02 11:00:00,schloemer,L4,32,36,83.50132651998325,0.0001560925569729088,0.8481535104958827,0.9999997175335534,4,8,2184616.11112,34734.983586
2024-09-02 11:00:00,schloemer,L5,33,36,87.79464406247078,0.0013120261511675446,0.9567637948021454,0.9999999999878522,4,8,2184616.11112,34734.983586
2024-09-02 11:00:00,schloemer,L6,33,42,93.13002678305358,0.011403128918321737,0.9927183830196412,1.0,4,8,2184616.11112,34734.983586
2024-09-02 11:00:00,schloemer,L7,34,36,81.4746135878535,5.079404417729361e-05,0.748157946677686,0.999983821517921,4,8,2184616.11112,34734.983586
2024-09-02 11:00:00,schloemer,L8,36,38,86.94366976868329,0.0008843022499169795,0.9436336084562321,0.9999999998984629,4,8,2184616.11112,34734.983586
2024-09-02 11:00:00,schloemer,L9,36,39,90.46882157846731,0.004146539622627676,0.9819180253235822,0.9999999999999888,4,8,2184616.11112,34734.983586
2024-09-02 11:00:00,schloemer,L10,37,36,88.00084061355592,0.0014163452148270306,0.9592545841914268,1.0,20,48,2185542.33716,34764.744572
2024-09-02 11:00:00,schloemer,L11,37,64,95.10526209016263,0.022203519782732273,0.9963546089925247,1.0,4,8,2184616.11112,34734.983586
2024-09-02 11:00:00,schloemer,L12,38,39,91.6558073337422,0.006618194794076437,0.9878990169307302,0.9999999999999996,4,8,2184616.11112,34734.983586
2024-09-02 11:00:00,schloemer,L13,39,40,97.31490089500313,0.04307878608861293,0.9983338276370297,1.0,4,8,2184616.11112,34734.983586
2024-09-02 11:00:00,schloemer,L14,39,41,98.78673075854223,0.06392945326053223,0.9990129187490653,1.0,4,8,2184616.11112,34734.983586
2024-09-02 11:00:00,schloemer,L15,40,41,99.39542406184715,0.07447538683656707,0.9992050672008325,1.0,4,8,2184616.11112,34734.983586
2024-09-02 11:00:00,schloemer,L16,41,48,87.73431798459977,0.0012764140463048523,0.9559335822167346,0.9999999999858536,4,8,2184616.11112,34734.983586
2024-09-02 11:00:00,schloemer,L17,41,48,87.73431798459977,0.0012764140463048523,0.9559335822167346,0.9999999999858536,4,8,2184616.11112,34734.983586
2024-09-02 11:00:00,schloemer,L18,42,43,98.00888365712036,0.0521286442805986,0.9986982187239003,1.0,4,8,2184616.11112,34734.983586
2024-09-02 11:00:00,schloemer,L19,43,44,90.44569690777986,0.004107861232987009,0.9817773876134225,0.999999999999988,4,8,2184616.11112,34734.983586
2024-09-02 11:00:00,schloemer,L20,44,45,64.395322387368,3.6129643721238835e-10,0.00012185652639029598,0.0009744379838489969,4,8,2184616.11112,34734.983586
2024-09-02 11:00:00,schloemer,L21,44,48,80.37342363790522,2.677131451411796e-05,0.6781084769359019,0.9998847529516676,4,8,2184616.11112,34734.983586
2024-09-02 11:00:00,schloemer,L22,45,46,35.29380635766682,0.0,0.0,0.0,4,8,2184616.11112,34734.983586
2024-09-02 11:00:00,schloemer,L23,45,47,71.86360793718741,9.943465739681301e-08,0.07563070484126222,0.4669549487969279,4,8,2184616.11112,34734.983586
2024-09-02 11:00:00,schloemer,L24,46,48,54.98831287008083,2.1549428907974288e-13,2.1538326677728037e-14,1.0342837697407958e-12,4,8,2184616.11112,34734.983586
2024-09-02 11:00:00,schloemer,L25,46,68,1.717871550888101,0.0,0.0,0.0,4,8,2184616.11112,34734.983586
2024-09-02 11:00:00,schloemer,L26,47,48,81.02639011814182,3.923767649438581e-05,0.7209565419900632,0.9999632458318723,4,8,2184616.11112,34734.983586
2024-09-02 11:00:00,schloemer,L27,48,49,91.58004343050175,0.00642867703041794,0.9875821148521071,0.9999999999999994,4,8,2184616.11112,34734.983586
2024-09-02 11:00:00,schloemer,L28,48,50,92.31317251292404,0.00847746723037801,0.990340963824488,0.9999999999999999,4,8,2184616.11112,34734.983586
2024-09-02 11:00:00,schloemer,L29,48,53,93.61511271699564,0.0135193816486332,0.993850013971979,1.0,4,8,2184616.11112,34734.983586
2024-09-02 11:00:00,schloemer,L30,48,53,93.61511271699564,0.0135193816486332,0.993850013971979,1.0,4,8,2184616.11112,34734.983586
2024-09-02 11:00:00,schloemer,L31,48,65,94.22413394595236,0.01663912260982825,0.9950301734111122,1.0,4,8,2184616.11112,34734.983586
2024-09-02 11:00:00,schloemer,L32,48,65,94.22413394595236,0.01663912260982825,0.9950301734111122,1.0,4,8,2184616.11112,34734.983586
2024-09-02 11:00:00,schloemer,L33,48,68,5.609910389370747,0.0,0.0,0.0,4,8,2184616.11112,34734.983586
2024-09-02 11:00:00,schloemer,L34,49,56,91.4258690803616,0.006057605254727871,0.9869125001430127,0.9999999999999991,4,8,2184616.11112,34734.983586
2024-09-02 11:00:00,schloemer,L35,50,51,88.72734293329627,0.001990269004630174,0.9679057079174407,0.9999999999988832,4,8,2184616.11112,34734.983586
2024-09-02 11:00:00,schloemer,L36,50,57,89.0762236552238,0.0023161547735375265,0.9713421603490605,0.9999999999995492,4,8,2184616.11112,34734.983586
2024-09-02 11:00:00,schloemer,L37,51,52,84.08293293372236,0.00021249068756745704,0.8701940470578896,0.9999999194644359,4,8,2184616.11112,34734.983586
2024-09-02 11:00:00,schloemer,L38,52,53,86.37784095758731,0.0006751347036566546,0.9330275466555764,0.9999999995963579,4,8,2184616.11112,34734.983586
2024-09-02 11:00:00,schloemer,L39,53,54,85.91230489644924,0.0005382651124655746,0.9230169351914396,0.9999999987690901,4,8,2184616.11112,34734.983586
2024-09-02 11:00:00,schloemer,L40,53,55,86.97997021638476,0.000899561620231859,0.9442598039307352,0.9999999999071494,4,8,2184616.11112,34734.983586
2024-09-02 11:00:00,schloemer,L41,53,58,86.67182317724752,0.0007773469030013525,0.9387407272602545,0.9999999998022923,4,8,2184616.11112,34734.983586
2024-09-02 11:00:00,schloemer,L42,54,55,83.33076821708111,0.00014242608943815238,0.8411542243683942,0.9999995949040327,4,8,2184616.11112,34734.983586
2024-09-02 11:00:00,schloemer,L43,54,58,82.88993292320797,0.00011211815589518004,0.8218933047395836,0.99999898784463,4,8,2184616.11112,34734.983586
2024-09-02 11:00:00,schloemer,L44,55,56,86.5278395907906,0.000725633284540339,0.9359989841194789,0.9999999997193055,4,8,2184616.11112,34734.983586
2024-09-02 11:00:00,schloemer,L45,55,57,85.24314817986534,0.00038590378673075687,0.9063552598283304,0.9999999940953168,4,8,2184616.11112,34734.983586
2024-09-02 11:00:00,schloemer,L46,55,58,84.12852026601077,0.00021763356207504803,0.8718057174170184,0.9999999271262463,4,8,2184616.11112,34734.983586
2024-09-02 11:00:00,schloemer,L47,55,58,84.12852026601077,0.00021763356207504803,0.8718057174170184,0.9999999271262463,4,8,2184616.11112,34734.983586
2024-09-02 11:00:00,schloemer,L48,58,59,81.75152523236974,5.9471394067811545e-05,0.764039081472279,0.9999903923470009,4,8,2184616.11112,34734.983586
2024-09-02 11:00:00,schloemer,L49,58,60,83.39425663504727,0.00014737669039432966,0.8437887019849015,0.9999996456409812,4,8,2184616.11112,34734.983586
2024-09-02 11:00:00,schloemer,L50,59,60,81.39387184749731,4.849875059997899e-05,0.7433939173927124,0.9999812046109093,4,8,2184616.11112,34734.983586
2024-09-02 11:00:00,schloemer,L51,59,61,83.0162510799866,0.00012011796011002218,0.8275872270448996,0.9999992195468904,4,8,2184616.11112,34734.983586
2024-09-02 11:00:00,schloemer,L52,60,61,84.57576343502156,0.00027462335405825655,0.8867632455007912,0.9999999729963686,4,8,2184616.11112,34734.983586
2024-09-02 11:00:00,schloemer,L53,61,65,90.96923761800011,0.00506630023088106,0.9847205630863098,0.9999999999999971,4,8,2184616.11112,34734.983586
2024-09-02 11:00:00,schloemer,L54,61,66,87.3304802684419,0.001059790800432503,0.9499925678481711,0.9999999999610566,4,8,2184616.11112,34734.983586
2024-09-02 11:00:00,schloemer,L55,62,58,84.12992350542612,0.00021550455236374333,0.8714939927167012,1.0,13,30,2185148.89802,34751.629934
2024-09-02 11:00:00,schloemer,L56,62,63,87.70252838359119,0.0012580035537064216,0.9554902772878553,0.9999999999846731,4,8,2184616.11112,34734.983586
2024-09-02 11:00:00,schloemer,L57,63,60,86.81615325784105,0.0008184839830280843,0.9410631435698495,1.0,20,47,2185512.78098,34763.759366
2024-09-02 11:00:00,schloemer,L58,63,64,94.94971248574895,0.02112248919082771,0.9961491266670836,1.0,4,8,2184616.11112,34734.983586
2024-09-02 11:00:00,schloemer,L59,64,65,96.40402862499957,0.03271673857858304,0.9976807006111915,1.0,20,48,2185545.98792,34764.866264
2024-09-02 11:00:00,schloemer,L60,64,67,90.2983246035877,0.0037438831316473076,0.9806055839397093,1.0,38,93,2186503.81292,34796.793764
2024-09-02 11:00:00,schloemer,L61,65,66,92.05694129335076,0.0077049493532237445,0.989451591281906,0.9999999999999999,4,8,2184616.11112,34734.983586
2024-09-02 11:00:00,schloemer,L62,67,68,13.783048377952305,0.0,0.0,0.0,28,68,2185978.45538,34779.281846
2024-09-02 11:00:00,schloemer,L63,68,69,89.6739966805789,0.0029873167547391777,0.9764452464330499,0.9999999999999064,4,8,2184616.11112,34734.983586
2024-09-02 11:00:00,schloemer,L64,68,74,83.55255418071374,0.00016043128395926143,0.8502074244154005,0.9999997466951029,4,8,2184616.11112,34734.983586
2024-09-02 11:00:00,schloemer,L65,68,76,90.75183981217275,0.004646695580379778,0.9835579425247137,0.9999999999999948,4,8,2184616.11112,34734.983586
2024-09-02 11:00:00,schloemer,L66,69,70,93.89375414510884,0.014879146499426343,0.9944205071259109,1.0,4,8,2184616.11112,34734.983586
2024-09-02 11:00:00,schloemer,L67,69,73,97.62481301325532,0.04695540056083136,0.9985076653491787,1.0,4,8,2184616.11112,34734.983586
2024-09-02 11:00:00,schloemer,L68,69,74,98.14923406315236,0.05412439733445773,0.9987616208051617,1.0,4,8,2184616.11112,34734.983586
2024-09-02 11:00:00,schloemer,L69,70,71,85.79355573396134,0.0005077095810371857,0.9202629911486752,0.9999999983692127,4,8,2184616.11112,34734.983586
2024-09-02 11:00:00,schloemer,L70,70,72,84.28496051642475,0.00023617867552516714,0.8772123659817526,0.9999999483789641,4,8,2184616.11112,34734.983586
2024-09-02 11:00:00,schloemer,L71,73,74,98.72983533733296,0.0630038623691791,0.9989927356167192,1.0,4,8,2184616.11112,34734.983586
2024-09-02 11:00:00,schloemer,L72,74,76,100.06595920277111,0.08750402952088976,0.9993736128817429,1.0,4,8,2184616.11112,34734.983586
2024-09-02 11:00:00,schloemer,L73,74,117,99.43097084397625,0.07512834303767768,0.9992150508986313,1.0,4,8,2184616.11112,34734.983586
2024-09-02 11:00:00,schloemer,L74,75,76,100.16292283670221,0.08951439823577156,0.9993948141769907,1.0,4,8,2184616.11112,34734.983586
2024-09-02 11:00:00,schloemer,L75,75,117,98.24038125730723,0.05545138068047761,0.9988011342465526,1.0,4,8,2184616.11112,34734.983586
2024-09-02 11:00:00,schloemer,L76,76,77,99.56062313609138,0.0775453021264173,0.9992504102191779,1.0,4,8,2184616.11112,34734.983586
2024-09-02 11:00:00,schloemer,L77,76,79,100.2608351870238,0.09157737810062183,0.9994154903761562,1.0,4,8,2184616.11112,34734.983586
2024-09-02 11:00:00,schloemer,L78,76,79,100.2608351870238,0.09157737810062183,0.9994154903761562,1.0,4,8,2184616.11112,34734.983586
2024-09-02 11:00:00,schloemer,L79,76,81,98.76068330577557,0.06350445314081943,0.9990037294047104,1.0,4,8,2184616.11112,34734.983586
2024-09-02 11:00:00,schloemer,L80,77,78,94.63020735105812,0.019038279074135245,0.9956906983786995,1.0,4,8,2184616.11112,34734.983586
2024-09-02 11:00:00,schloemer,L81,78,79,95.01894504478754,0.021598138955680635,0.9962419535831564,1.0,4,8,2184616.11112,34734.983586
2024-09-02 11:00:00,schloemer,L82,79,95,92.85110975479581,0.010319579532811485,0.991978635849898,1.0,4,8,2184616.11112,34734.983586
2024-09-02 11:00:00,schloemer,L83,79,96,92.1969943490796,0.008119269323398348,0.9899470573518431,0.9999999999999999,4,8,2184616.11112,34734.983586
2024-09-02 11:00:00,schloemer,L84,79,97,92.79182593416182,0.010101014662666885,0.9918122620640905,1.0,4,8,2184616.11112,34734.983586
2024-09-02 11:00:00,schloemer,L85,79,98,94.48327162982493,0.01813887793180302,0.9954622806308314,1.0,4,8,2184616.11112,34734.983586
2024-09-02 11:00:00,schloemer,L86,80,67,88.6063448203298,0.0018382510260297469,0.9663120424984858,1.0,30,72,2186055.70436,34781.856812
2024-09-02 11:00:00,schloemer,L87,80,79,101.61860850729637,0.12198868626588066,0.9996346212976168,1.0,28,69,2185981.58126,34779.386042
2024-09-02 11:00:00,schloemer,L88,81,82,88.80241274004035,0.002056679524265914,0.9686759070100337,0.9999999999990807,4,8,2184616.11112,34734.983586
2024-09-02 11:00:00,schloemer,L89,81,95,91.32214324818297,0.005818627263701859,0.9864426867737072,0.9999999999999989,4,8,2184616.11112,34734.983586
2024-09-02 11:00:00,schloemer,L90,93,95,84.94914737330414,0.00033253508239383667,0.8981104758323246,0.9999999883999863,4,8,2184616.11112,34734.983586
2024-09-02 11:00:00,schloemer,L91,95,96,88.10329691777461,0.0015087620058017448,0.9607925335970857,0.9999999999944496,4,8,2184616.11112,34734.983586
2024-09-02 11:00:00,schloemer,L92,115,67,78.06466192313832,6.46629315748104e-06,0.5005635882775546,0.9999999981974416,13,29,2185126.88168,34750.896056
2024-09-02 12:00:00,schloemer,L0,22,23,81.1179569740296,4.1374229481139224e-05,0.7266624539740898,0.9999688453804045,4,8,2184616.11112,34734.983586
2024-09-02 12:00:00,schloemer,L1,23,69,90.69333407041532,0.00453914249438836,0.9832309731825414,0.9999999999999939,4,8,2184616.11112,34734.983586
2024-09-02 12:00:00,schloemer,L2,23,71,82.47016537226244,8.898388616584985e-05,0.801942449168155,0.9999976331177837,4,8,2184616.11112,34734.983586
2024-09-02 12:00:00,schloemer,L3,29,37,88.32178841664954,0.0016638000551327803,0.9634333089909122,0.9999999999968247,4,8,2184616.11112,34734.983586
2024-09-02 12:00:00,schloemer,L4,32,36,87.29486804223856,0.001042397072112955,0.9494353795978472,0.9999999999574438,4,8,2184616.11112,34734.983586
2024-09-02 12:00:00,schloemer,L5,33,36,91.34030140488457,0.005859856318858991,0.9865260805855427,0.9999999999999989,4,8,2184616.11112,34734.983586
2024-09-02 12:00:00,schloemer,L6,33,42,95.85235265869207,0.02804906815149988,0.9972004119142763,1.0,4,8,2184616.11112,34734.983586
2024-09-02 12:00:00,schloemer,L7,34,36,85.10728251028206,0.0003603240127231233,0.9026185365008558,0.9999999919242231,4,8,2184616.11112,34734.983586
2024-09-02 12:00:00,schloemer,L8,36,38,90.74419291742836,0.0046325114785236154,0.9835155534395906,0.9999999999999947,4,8,2184616.11112,34734.983586
2024-09-02 12:00:00,schloemer,L9,36,39,94.0159776209577,0.01551102509715685,0.9946541274893944,1.0,4,8,2184616.11112,34734.983586
2024-09-02 12:00:00,schloemer,L10,37,36,91.38454155027439,0.005871518757562533,0.9866395210073439,1.0,20,48,2185542.33716,34764.744572
2024-09-02 12:00:00,schloemer,L11,37,64,96.77904209154792,0.036971425882703746,0.997984421651641,1.0,4,8,2184616.11112,34734.983586
2024-09-02 12:00:00,schloemer,L12,38,39,95.2533871076642,0.02327495707258398,0.9965402355943195,1.0,4,8,2184616.11112,34734.983586
2024-09-02 12:00:00,schloemer,L13,39,40,99.30083154052215,0.07275803213735976,0.9991778746642701,1.0,4,8,2184616.11112,34734.983586
2024-09-02 12:00:00,schloemer,L14,39,41,98.9118020358209,0.06599979482231533,0.9990558743456938,1.0,4,8,2184616.11112,34734.983586
2024-09-02 12:00:00,schloemer,L15,40,41,97.00145180577445,0.0394172219963731,0.9981375071613836,1.0,4,8,2184616.11112,34734.983586
2024-09-02 12:00:00,schloemer,L16,41,48,79.47955306675136,1.5676381222351488e-05,0.6137324660040963,0.9995044603349046,4,8,2184616.11112,34734.983586
2024-09-02 12:00:00,schloemer,L17,41,48,79.47955306675136,1.5676381222351488e-05,0.6137324660040963,0.9995044603349046,4,8,2184616.11112,34734.983586
2024-09-02 12:00:00,schloemer,L18,42,43,97.34542321002132,0.04344909644672812,0.9983518074816411,1.0,4,8,2184616.11112,34734.983586
2024-09-02 12:00:00,schloemer,L19,43,44,82.79546423879965,0.00010646554527748986,0.8175420051081845,0.9999987722265894,4,8,2184616.11112,34734.983586
2024-09-02 12:00:00,schloemer,L20,44,45,66.57061405187955,1.943412430982505e-09,0.0015787746354586352,0.012560633871507187,4,8,2184616.11112,34734.983586
2024-09-02 12:00:00,schloemer,L21,44,48,78.61459162893063,9.221715227880622e-06,0.5461992600903609,0.9982015201457898,4,8,2184616.11112,34734.983586
2024-09-02 12:00:00,schloemer,L22,45,46,58.3022059806075,2.949640531824116e-12,8.514948746096707e-10,6.823757559004662e-09,4,8,2184616.11112,34734.983586
2024-09-02 12:00:00,schloemer,L23,45,47,81.34169269129711,4.706802860510173e-05,0.7402832505792388,0.9999793024994955,4,8,2184616.11112,34734.983586
2024-09-02 12:00:00,schloemer,L24,46,48,65.17586485695907,6.629307103267479e-10,0.0003311591647460199,0.002646207336598927,4,8,2184616.11112,34734.983586
2024-09-02 12:00:00,schloemer,L25,46,68,38.03295246989778,0.0,0.0,0.0,4,8,2184616.11112,34734.983586
2024-09-02 12:00:00,schloemer,L26,47,48,85.12733833020037,0.00036399836195510904,0.9031779913586366,0.9999999922881201,4,8,2184616.11112,34734.983586
2024-09-02 12:00:00,schloemer,L27,48,49,91.823538377624,0.007055182106858071,0.9885732171377954,0.9999999999999997,4,8,2184616.11112,34734.983586
2024-09-02 12:00:00,schloemer,L28,48,50,92.4349612658291,0.008867552975292736,0.9907378879220929,1.0,4,8,2184616.11112,34734.983586
2024-09-02 12:00:00,schloemer,L29,48,53,92.99089111992225,0.010851034439821716,0.9923580459050538,1.0,4,8,2184616.11112,34734.983586
2024-09-02 12:00:00,schloemer,L30,48,53,92.99089111992225,0.010851034439821716,0.9923580459050538,1.0,4,8,2184616.11112,34734.983586
2024-09-02 12:00:00,schloemer,L31,48,65,92.70152832017966,0.009775750550435558,0.9915524095051397,1.0,4,8,2184616.11112,34734.983586
2024-09-02 12:00:00,schloemer,L32,48,65,92.70152832017966,0.009775750550435558,0.9915524095051397,1.0,4,8,2184616.11112,34734.983586
2024-09-02 12:00:00,schloemer,L33,48,68,27.957585875897024,0.0,0.0,0.0,4,8,2184616.11112,34734.983586
2024-09-02 12:00:00,schloemer,L34,49,56,90.30571641953088,0.00388047697268612,0.9809036997133418,0.9999999999999826,4,8,2184616.11112,34734.983586
2024-09-02 12:00:00,schloemer,L35,50,51,87.00954666406528,0.000912172180601134,0.9447653922990416,0.9999999999136813,4,8,2184616.11112,34734.983586
2024-09-02 12:00:00,schloemer,L36,50,57,87.54938367514555,0.0011726515524376202,0.953297342191546,0.9999999999774735,4,8,2184616.11112,34734.983586
2024-09-02 12:00:00,schloemer,L37,51,52,82.38398848441021,8.482751488003704e-05,0.7976484466184603,0.9999971900087046,4,8,2184616.11112,34734.983586
2024-09-02 12:00:00,schloemer,L38,52,53,85.17202307696465,0.0003723101635300097,0.9044146409263687,0.9999999930420049,4,8,2184616.11112,34734.983586
2024-09-02 12:00:00,schloemer,L39,53,54,85.13983593807903,0.00036630553872540883,0.9035252263339876,0.9999999925066901,4,8,2184616.11112,34734.983586
2024-09-02 12:00:00,schloemer,L40,53,55,86.05824224100553,0.0005781373897133513,0.9262874993700875,0.99999999913039,4,8,2184616.11112,34734.983586
2024-09-02 12:00:00,schloemer,L41,53,58,86.13477933549318,0.0006001198719773893,0.9279536361740417,0.9999999992758081,4,8,2184616.11112,34734.983586
2024-09-02 12:00:00,schloemer,L42,54,55,82.5290326477873,9.193253491535103e-05,0.8048366371079769,0.999997896092544,4,8,2184616.11112,34734.983586
2024-09-02 12:00:00,schloemer,L43,54,58,82.4556933316639,8.827274630862636e-05,0.8012260890233169,0.9999975637507978,4,8,2184616.11112,34734.983586
2024-09-02 12:00:00,schloemer,L44,55,56,85.39346051668844,0.0004161578035322133,0.9103459459325492,0.9999999958328765,4,8,2184616.11112,34734.983586
2024-09-02 12:00:00,schloemer,L45,55,57,83.98034139249714,0.00020132895193170075,0.8665066288933919,0.9999998992307969,4,8,2184616.11112,34734.983586
2024-09-02 12:00:00,schloemer,L46,55,58,83.54736202904854,0.0001599864465872125,0.8500002608064288,0.9999997438784718,4,8,2184616.11112,34734.983586
2024-09-02 12:00:00,schloemer,L47,55,58,83.54736202904854,0.0001599864465872125,0.8500002608064288,0.9999997438784718,4,8,2184616.11112,34734.983586
2024-09-02 12:00:00,schloemer,L48,58,59,81.8792647001254,6.393029955664709e-05,0.7711256158752029,0.9999924722281601,4,8,2184616.11112,34734.983586
2024-09-02 12:00:00,schloemer,L49,58,60,83.57674970577237,0.0001625195468683005,0.8511698147459748,0.9999997594275837,4,8,2184616.11112,34734.983586
2024-09-02 12:00:00,schloemer,L50,59,60,81.88841171554928,6.426141395676765e-05,0.7716272547790524,0.9999926032227082,4,8,2184616.11112,34734.983586
2024-09-02 12:00:00,schloemer,L51,59,61,83.59926018618643,0.00016448519959821883,0.8520607594524647,0.9999997707120055,4,8,2184616.11112,34734.983586
2024-09-02 12:00:00,schloemer,L52,60,61,85.2369416060368,0.00038469950359321103,0.9061872659287264,0.9999999940100124,4,8,2184616.11112,34734.983586
2024-09-02 12:00:00,schloemer,L53,61,65,91.49368058144391,0.006218442543959868,0.9872111754466897,0.9999999999999993,4,8,2184616.11112,34734.983586
2024-09-02 12:00:00,schloemer,L54,61,66,88.26305182973725,0.0016207639384498984,0.9627399380678976,0.9999999999963091,4,8,2184616.11112,34734.983586
2024-09-02 12:00:00,schloemer,L55,62,58,84.18842910075615,0.00022221162845370568,0.8735421871818378,1.0,13,30,2185148.89802,34751.629934
2024-09-02 12:00:00,schloemer,L56,62,63,88.25191802654508,0.0016127207595669768,0.9626071517588897,0.9999999999962025,4,8,2184616.11112,34734.983586
2024-09-02 12:00:00,schloemer,L57,63,60,87.50899346933699,0.0011319616528164822,0.9524364343429924,1.0,20,47,2185512.78098,34763.759366
2024-09-02 12:00:00,schloemer,L58,63,64,95.3308507132821,0.023851984596454323,0.9966335711462985,1.0,4,8,2184616.11112,34734.983586
2024-09-02 12:00:00,schloemer,L59,64,65,95.78991203585174,0.027170561675071703,0.9971171394790176,1.0,20,48,2185545.98792,34764.866264
2024-09-02 12:00:00,schloemer,L60,64,67,73.89569064874368,3.971561797211365e-07,0.1748198693291707,0.9999999826608291,38,93,2186503.81292,34796.793764
2024-09-02 12:00:00,schloemer,L61,65,66,92.70373013353992,0.009783573360471087,0.9915588396969653,1.0,4,8,2184616.11112,34734.983586
2024-09-02 12:00:00,schloemer,L62,67,68,5.59609346326883,0.0,0.0,0.0,28,68,2185978.45538,34779.281846
2024-09-02 12:00:00,schloemer,L63,68,69,94.88153117088422,0.020662561978671112,0.9960555068681375,1.0,4,8,2184616.11112,34734.983586
2024-09-02 12:00:00,schloemer,L64,68,74,90.78013944747025,0.004699521976982868,0.9837139163763322,0.9999999999999951,4,8,2184616.11112,34734.983586
2024-09-02 12:00:00,schloemer,L65,68,76,92.56514145931095,0.009301552280391201,0.9911447271877278,1.0,4,8,2184616.11112,34734.983586
2024-09-02 12:00:00,schloemer,L66,69,70,90.77419008607463,0.004688372648415595,0.9836812436440238,0.9999999999999951,4,8,2184616.11112,34734.983586
2024-09-02 12:00:00,schloemer,L67,69,73,95.58351718517136,0.025816197597447577,0.9969210876211614,1.0,4,8,2184616.11112,34734.983586
2024-09-02 12:00:00,schloemer,L68,69,74,97.42660683598092,0.04444616406097046,0.9983986958791417,1.0,4,8,2184616.11112,34734.983586
2024-09-02 12:00:00,schloemer,L69,70,71,82.46318041941281,8.863998253072491e-05,0.801596935920913,0.9999975998797029,4,8,2184616.11112,34734.983586
2024-09-02 12:00:00,schloemer,L70,70,72,81.13656978877985,4.182180605449837e-05,0.7278129977957516,0.9999698792066936,4,8,2184616.11112,34734.983586
2024-09-02 12:00:00,schloemer,L71,73,74,97.59371710477684,0.04655462902793184,0.9984910714704996,1.0,4,8,2184616.11112,34734.983586
2024-09-02 12:00:00,schloemer,L72,74,76,99.6042993015213,0.07837207645833855,0.9992619580004981,1.0,4,8,2184616.11112,34734.983586
2024-09-02 12:00:00,schloemer,L73,74,117,98.12700367923428,0.05380445773427733,0.9987517879329637,1.0,4,8,2184616.11112,34734.983586
2024-09-02 12:00:00,schloemer,L74,75,76,99.11484824765982,0.06946642279446125,0.9991216585013789,1.0,4,8,2184616.11112,34734.983586
2024-09-02 12:00:00,schloemer,L75,75,117,96.51444558340926,0.03422027689749407,0.9977859554274315,1.0,4,8,2184616.11112,34734.983586
2024-09-02 12:00:00,schloemer,L76,76,77,98.83691834765614,0.0647543177143014,0.9990303859089849,1.0,4,8,2184616.11112,34734.983586
2024-09-02 12:00:00,schloemer,L77,76,79,100.16836945279017,0.08962828555368396,0.9993959834414095,1.0,4,8,2184616.11112,34734.983586
2024-09-02 12:00:00,schloemer,L78,76,79,100.16836945279017,0.08962828555368396,0.9993959834414095,1.0,4,8,2184616.11112,34734.983586
2024-09-02 12:00:00,schloemer,L79,76,81,98.52683796759925,0.05978310034125223,0.9989172983115373,1.0,4,8,2184616.11112,34734.983586
2024-09-02 12:00:00,schloemer,L80,77,78,94.27748440922223,0.01693908403966249,0.9951223082059583,1.0,4,8,2184616.11112,34734.983586
2024-09-02 12:00:00,schloemer,L81,78,79,95.38970657918436,0.024298207674607775,0.9967028233247983,1.0,4,8,2184616.11112,34734.983586
2024-09-02 12:00:00,schloemer,L82,79,95,94.02411819895093,0.015553901156566075,0.9946693433311627,1.0,4,8,2184616.11112,34734.983586
2024-09-02 12:00:00,schloemer,L83,79,96,93.26567132070386,0.01196429234030194,0.9930537616514356,1.0,4,8,2184616.11112,34734.983586
2024-09-02 12:00:00,schloemer,L84,79,97,93.63241424640734,0.013600633851545862,0.9938870362008657,1.0,4,8,2184616.11112,34734.983586
2024-09-02 12:00:00,schloemer,L85,79,98,95.85202791678111,0.028046279318662437,0.9972000900878653,1.0,4,8,2184616.11112,34734.983586
2024-09-02 12:00:00,schloemer,L86,80,67,72.39674586827824,1.4047636986980194e-07,0.09606270894862523,0.9993050460989608,30,72,2186055.70436,34781.856812
2024-09-02 12:00:00,schloemer,L87,80,79,101.90094419072956,0.1294220280786298,0.9996693016588668,1.0,28,69,2185981.58126,34779.386042
2024-09-02 12:00:00,schloemer,L88,81,82,89.10770842668096,0.002347802434330637,0.9716348312006571,0.9999999999995849,4,8,2184616.11112,34734.983586
2024-09-02 12:00:00,schloemer,L89,81,95,92.23265717449824,0.008227803545026835,0.9900695927933157,0.9999999999999999,4,8,2184616.11112,34734.983586
2024-09-02 12:00:00,schloemer,L90,93,95,86.57108392032998,0.0007408231124431675,0.9368336679142767,0.9999999997473042,4,8,2184616.11112,34734.983586
2024-09-02 12:00:00,schloemer,L91,95,96,89.38833052004786,0.0026474913146715684,0.9741230334543177,0.999999999999801,4,8,2184616.11112,34734.983586
2024-09-02 12:00:00,schloemer,L92,115,67,46.50736539246866,3.3306690738754696e-16,0.0,4.3298697960381105e-15,13,29,2185126.88168,34750.896056
2024-09-02 13:00:00,schloemer,L0,22,23,77.77503866365663,5.446055700519814e-06,0.4772833978388539,0.9944265912919714,4,8,2184616.11112,34734.983586
2024-09-02 13:00:00,schloemer,L1,23,69,87.24839632013847,0.001020091229533504,0.9486998633010106,0.9999999999522278,4,8,2184616.11112,34734.983586
2024-09-02 13:00:00,schloemer,L2,23,71,79.1534613177518,1.2852947765096268e-05,0.5887993102420933,0.999182649471322,4,8,2184616.11112,34734.983586
2024-09-02 13:00:00,schloemer,L3,29,37,91.16508913420637,0.005472506283398015,0.9857005119526143,0.9999999999999983,4,8,2184616.11112,34734.983586
2024-09-02 13:00:00,schloemer,L4,32,36,91.11618073467766,0.005368476288579727,0.9854615732931739,0.999999999999998,4,8,2184616.11112,34734.983586
2024-09-02 13:00:00,schloemer,L5,33,36,94.55916862092491,0.01859891755378429,0.9955817102789547,1.0,4,8,2184616.11112,34734.983586
2024-09-02 13:00:00,schloemer,L6,33,42,97.51322157252729,0.04552951049827514,0.9984472572366297,1.0,4,8,2184616.11112,34734.983586
2024-09-02 13:00:00,schloemer,L7,34,36,88.82265544144651,0.0020749256597664134,0.9688806404643834,0.9999999999991278,4,8,2184616.11112,34734.983586
2024-09-02 13:00:00,schloemer,L8,36,38,94.34696289522802,0.01733650370274742,0.9952397915909369,1.0,4,8,2184616.11112,34734.983586
2024-09-02 13:00:00,schloemer,L9,36,39,96.96509212046482,0.03900887672439379,0.9981132948649705,1.0,4,8,2184616.11112,34734.983586
2024-09-02 13:00:00,schloemer,L10,37,36,94.39437654315242,0.017376978803025245,0.9952853727514221,1.0,20,48,2185542.33716,34764.744572
2024-09-02 13:00:00,schloemer,L11,37,64,97.07455281967393,0.04024839814627146,0.9981852551694704,1.0,4,8,2184616.11112,34734.983586
2024-09-02 13:00:00,schloemer,L12,38,39,98.10085500460136,0.05342997664659366,0.9987401220840164,1.0,4,8,2184616.11112,34734.983586
2024-09-02 13:00:00,schloemer,L13,39,40,98.76787249935767,0.06362154312811852,0.999006274222934,1.0,4,8,2184616.11112,34734.983586
2024-09-02 13:00:00,schloemer,L14,39,41,95.3393384163189,0.023915917134835207,0.996643645875147,1.0,4,8,2184616.11112,34734.983586
2024-09-02 13:00:00,schloemer,L15,40,41,89.04572077338183,0.002285860117237193,0.9710559383009139,0.999999999999512,4,8,2184616.11112,34734.983586
2024-09-02 13:00:00,schloemer,L16,41,48,74.59236702971599,6.70291204984963e-07,0.22298953393756848,0.8671340232083952,4,8,2184616.11112,34734.983586
2024-09-02 13:00:00,schloemer,L17,41,48,74.59236702971599,6.70291204984963e-07,0.22298953393756848,0.8671340232083952,4,8,2184616.11112,34734.983586
2024-09-02 13:00:00,schloemer,L18,42,43,94.13052095818202,0.0161235515520175,0.9948643723074198,1.0,4,8,2184616.11112,34734.983586
2024-09-02 13:00:00,schloemer,L19,43,44,76.88752705571119,3.0833148959574785e-06,0.40299971134802737,0.983864182523469,4,8,2184616.11112,34734.983586
2024-09-02 13:00:00,schloemer,L20,44,45,76.24040794385569,2.0209685142047462e-06,0.3494015309696967,0.9679003139341547,4,8,2184616.11112,34734.983586
2024-09-02 13:00:00,schloemer,L21,44,48,81.96570058887137,6.712458246282971e-05,0.7758349497980268,0.9999936257864861,4,8,2184616.11112,34734.983586
2024-09-02 13:00:00,schloemer,L22,45,46,78.09322304947234,6.658052847607898e-06,0.503675304205659,0.9963177309782902,4,8,2184616.11112,34734.983586
2024-09-02 13:00:00,schloemer,L23,45,47,88.49213833774692,0.0017945248369924949,0.965377650826604,0.9999999999979501,4,8,2184616.11112,34734.983586
2024-09-02 13:00:00,schloemer,L24,46,48,78.68849816880508,9.65406125608137e-06,0.5521331590807219,0.9983812696687167,4,8,2184616.11112,34734.983586
2024-09-02 13:00:00,schloemer,L25,46,68,71.74741395087457,9.148654678270418e-08,0.07142338644345192,0.44723342466667015,4,8,2184616.11112,34734.983586
2024-09-02 13:00:00,schloemer,L26,47,48,89.37912591256611,0.0026371418418004167,0.9740447596932842,0.9999999999997962,4,8,2184616.11112,34734.983586
2024-09-02 13:00:00,schloemer,L27,48,49,92.20409357245472,0.008140775312161397,0.9899715655310843,0.9999999999999999,4,8,2184616.11112,34734.983586
2024-09-02 13:00:00,schloemer,L28,48,50,92.22614555024009,0.008207893225424368,0.9900473272364231,0.9999999999999999,4,8,2184616.11112,34734.983586
2024-09-02 13:00:00,schloemer,L29,48,53,92.27064203424375,0.008344783491435748,0.990198522066924,0.9999999999999999,4,8,2184616.11112,34734.983586
2024-09-02 13:00:00,schloemer,L30,48,53,92.27064203424375,0.008344783491435748,0.990198522066924,0.9999999999999999,4,8,2184616.11112,34734.983586
2024-09-02 13:00:00,schloemer,L31,48,65,91.89948852568705,0.007261178383641709,0.9888664913940682,0.9999999999999998,4,8,2184616.11112,34734.983586
2024-09-02 13:00:00,schloemer,L32,48,65,91.89948852568705,0.007261178383641709,0.9888664913940682,0.9999999999999998,4,8,2184616.11112,34734.983586
2024-09-02 13:00:00,schloemer,L33,48,68,64.30292188784935,3.361755318564974e-10,0.00010756222324881382,0.0008601752495237536,4,8,2184616.11112,34734.983586
2024-09-02 13:00:00,schloemer,L34,49,56,88.85275817001032,0.00210232895309459,0.9691828039932389,0.9999999999991933,4,8,2184616.11112,34734.983586
2024-09-02 13:00:00,schloemer,L35,50,51,85.00468076828464,0.00034205897482864067,0.8997133273664273,0.9999999897823397,4,8,2184616.11112,34734.983586
2024-09-02 13:00:00,schloemer,L36,50,57,85.72663699697023,0.0004912040921818406,0.9186736416720502,0.9999999980901596,4,8,2184616.11112,34734.983586
2024-09-02 13:00:00,schloemer,L37,51,52,80.51053776458483,2.902681855165845e-05,0.6874138625516748,0.9999088603646005,4,8,2184616.11112,34734.983586
2024-09-02 13:00:00,schloemer,L38,52,53,83.70897074402093,0.0001743878547565414,0.8563423273943058,0.9999998187292882,4,8,2184616.11112,34734.983586
2024-09-02 13:00:00,schloemer,L39,53,54,84.0825162039994,0.00021244420229238337,0.8701792383075552,0.9999999193908892,4,8,2184616.11112,34734.983586
2024-09-02 13:00:00,schloemer,L40,53,55,84.85092393769852,0.00031629021367884924,0.8952224593954612,0.9999999854923837,4,8,2184616.11112,34734.983586
2024-09-02 13:00:00,schloemer,L41,53,58,85.28628802771513,0.00039437136043452004,0.9075158441503979,0.9999999946561597,4,8,2184616.11112,34734.983586
2024-09-02 13:00:00,schloemer,L42,54,55,81.4782658301825,5.090026095644351e-05,0.7483720201596995,0.9999839312156441,4,8,2184616.11112,34734.983586
2024-09-02 13:00:00,schloemer,L43,54,58,81.74977199320759,5.9412290586591254e-05,0.7639407654112371,0.999990360272792,4,8,2184616.11112,34734.983586
2024-09-02 13:00:00,schloemer,L44,55,56,83.99447653721973,0.0002028336144880294,0.8670196842201277,0.9999999022883188,4,8,2184616.11112,34734.983586
2024-09-02 13:00:00,schloemer,L45,55,57,82.48168717917642,8.955390837384058e-05,0.8025114050901989,0.999997686973645,4,8,2184616.11112,34734.983586
2024-09-02 13:00:00,schloemer,L46,55,58,82.68865931861946,0.00010039779985837605,0.8125259170021206,0.9999984746992412,4,8,2184616.11112,34734.983586
2024-09-02 13:00:00,schloemer,L47,55,58,82.68865931861946,0.00010039779985837605,0.8125259170021206,0.9999984746992412,4,8,2184616.11112,34734.983586
2024-09-02 13:00:00,schloemer,L48,58,59,81.72016439863724,5.842253374388484e-05,0.7622761621897398,0.9999898028133251,4,8,2184616.11112,34734.983586
2024-09-02 13:00:00,schloemer,L49,58,60,83.44447998576128,0.00015140666884527754,0.8458482716083306,0.9999996813424976,4,8,2184616.11112,34734.983586
2024-09-02 13:00:00,schloemer,L50,59,60,82.09152337891628,7.204474865918353e-05,0.7825665013797515,0.9999950055637684,4,8,2184616.11112,34734.983586
2024-09-02 13:00:00,schloemer,L51,59,61,83.86080059124926,0.00018901453616138042,0.8621032436460898,0.9999998693516219,4,8,2184616.11112,34734.983586
2024-09-02 13:00:00,schloemer,L52,60,61,85.54576695762695,0.00044904022040404,0.9142398025490414,0.9999999970791723,4,8,2184616.11112,34734.983586
2024-09-02 13:00:00,schloemer,L53,61,65,91.54216774593012,0.006335723332502541,0.9874207214896288,0.9999999999999993,4,8,2184616.11112,34734.983586
2024-09-02 13:00:00,schloemer,L54,61,66,88.77296070448239,0.0020303904398235595,0.9683758004000759,0.9999999999990078,4,8,2184616.11112,34734.983586
2024-09-02 13:00:00,schloemer,L55,62,58,83.92702299644156,0.00019367962043059794,0.8641800907541167,1.0,13,30,2185148.89802,34751.629934
2024-09-02 13:00:00,schloemer,L56,62,63,88.3940294903324,0.0017181473072523934,0.9642698168368674,0.9999999999973619,4,8,2184616.11112,34734.983586
2024-09-02 13:00:00,schloemer,L57,63,60,87.8034774256546,0.0012956733983522373,0.9566383788043766,1.0,20,47,2185512.78098,34763.759366
2024-09-02 13:00:00,schloemer,L58,63,64,94.93525169280261,0.021024240713997555,0.996129454864443,1.0,4,8,2184616.11112,34734.983586
2024-09-02 13:00:00,schloemer,L59,64,65,94.3486238240417,0.01711305982869671,0.9952089303796887,1.0,20,48,2185545.98792,34764.866264
2024-09-02 13:00:00,schloemer,L60,64,67,49.6474450696949,3.4416913763379853e-15,0.0,1.3078427230084344e-13,38,93,2186503.81292,34796.793764
2024-09-02 13:00:00,schloemer,L61,65,66,92.80959124839143,0.010166090065481193,0.9918624663187188,1.0,4,8,2184616.11112,34734.983586
2024-09-02 13:00:00,schloemer,L62,67,68,25.45696765149395,0.0,0.0,0.0,28,68,2185978.45538,34779.281846
2024-09-02 13:00:00,schloemer,L63,68,69,96.29885811953538,0.03210175489991085,0.9976100164510602,1.0,4,8,2184616.11112,34734.983586
2024-09-02 13:00:00,schloemer,L64,68,74,95.18411622362068,0.02276872231504168,0.9964546153746612,1.0,4,8,2184616.11112,34734.983586
2024-09-02 13:00:00,schloemer,L65,68,76,95.33898348984236,0.02391324088254332,0.9966432251806341,1.0,4,8,2184616.11112,34734.983586
2024-09-02 13:00:00,schloemer,L66,69,70,87.42628591223632,0.0011079068009733906,0.9514641238184072,0.9999999999693396,4,8,2184616.11112,34734.983586
2024-09-02 13:00:00,schloemer,L67,69,73,92.75957466819942,0.009983790122683023,0.9917203529700895,1.0,4,8,2184616.11112,34734.983586
2024-09-02 13:00:00,schloemer,L68,69,74,95.44123523791262,0.024694474756395524,0.99676229971854,1.0,4,8,2184616.11112,34734.983586
2024-09-02 13:00:00,schloemer,L69,70,71,79.24543870542328,1.3595846552028057e-05,0.595902116262311,0.9992890010001633,4,8,2184616.11112,34734.983586
2024-09-02 13:00:00,schloemer,L70,70,72,78.09779298810562,6.677216782158268e-06,0.5040523541370133,0.9963400507330256,4,8,2184616.11112,34734.983586
2024-09-02 13:00:00,schloemer,L71,73,74,95.47348100870293,0.024945132561887684,0.9967989795794531,1.0,4,8,2184616.11112,34734.983586
2024-09-02 13:00:00,schloemer,L72,74,76,98.68085205793466,0.06221505447993203,0.9989750285664061,1.0,4,8,2184616.11112,34734.983586
2024-09-02 13:00:00,schloemer,L73,74,117,96.0993713734864,0.030236507620390984,0.9974349133372438,1.0,4,8,2184616.11112,34734.983586
2024-09-02 13:00:00,schloemer,L74,75,76,97.60044568017122,0.04664112270868237,0.9984946775965883,1.0,4,8,2184616.11112,34734.983586
2024-09-02 13:00:00,schloemer,L75,75,117,94.32238134451237,0.017195013640922907,0.9951985462087464,1.0,4,8,2184616.11112,34734.983586
2024-09-02 13:00:00,schloemer,L76,76,77,97.62802588058175,0.04699696075373261,0.9985093694483697,1.0,4,8,2184616.11112,34734.983586
2024-09-02 13:00:00,schloemer,L77,76,79,99.55533143570996,0.07744556361661215,0.9992489988489187,1.0,4,8,2184616.11112,34734.983586
2024-09-02 13:00:00,schloemer,L78,76,79,99.55533143570996,0.07744556361661215,0.9992489988489187,1.0,4,8,2184616.11112,34734.983586
2024-09-02 13:00:00,schloemer,L79,76,81,97.76227857166799,0.048759213789065114,0.9985788692316926,1.0,4,8,2184616.11112,34734.983586
2024-09-02 13:00:00,schloemer,L80,77,78,93.43778282292352,0.012710051482404894,0.9934577385565986,1.0,4,8,2184616.11112,34734.983586
2024-09-02 13:00:00,schloemer,L81,78,79,95.22617587262083,0.023075003632776703,0.9965068475804173,1.0,4,8,2184616.11112,34734.983586
2024-09-02 13:00:00,schloemer,L82,79,95,94.69167986517397,0.019425414660355855,0.9957828772127567,1.0,4,8,2184616.11112,34734.983586
2024-09-02 13:00:00,schloemer,L83,79,96,93.84520024739906,0.014634226194583988,0.9943249576607178,1.0,4,8,2184616.11112,34734.983586
2024-09-02 13:00:00,schloemer,L84,79,97,93.97094925232585,0.015275655648214315,0.9945691933766707,1.0,4,8,2184616.11112,34734.983586
2024-09-02 13:00:00,schloemer,L85,79,98,96.66882977481345,0.03580488919580116,0.9979039958221446,1.0,4,8,2184616.11112,34734.983586
2024-09-02 13:00:00,schloemer,L86,80,67,56.90658794831304,9.477973961224961e-13,1.4376055901266227e-11,1.0635099467748432e-09,30,72,2186055.70436,34781.856812
2024-09-02 13:00:00,schloemer,L87,80,79,101.54024808779586,0.11997659388457105,0.9996243594690024,1.0,28,69,2185981.58126,34779.386042
2024-09-02 13:00:00,schloemer,L88,81,82,89.00465469017395,0.002245636837912235,0.9706663954343536,0.9999999999994568,4,8,2184616.11112,34734.983586
2024-09-02 13:00:00,schloemer,L89,81,95,92.67458964664083,0.009680474854404597,0.9914733526392032,1.0,4,8,2184616.11112,34734.983586
2024-09-02 13:00:00,schloemer,L90,93,95,87.90342494969873,0.001378532648605435,0.9582249070228661,0.9999999999907755,4,8,2184616.11112,34734.983586
2024-09-02 13:00:00,schloemer,L91,95,96,90.28851218094219,0.003853315193473539,0.9807936242424768,0.9999999999999818,4,8,2184616.11112,34734.983586
2024-09-02 13:00:00,schloemer,L92,115,67,12.147129173486594,0.0,0.0,0.0,13,29,2185126.88168,34750.896056
2024-09-02 14:00:00,schloemer,L0,22,23,74.68157648597192,7.122580691909519e-07,0.22927153373522136,0.8754883582351836,4,8,2184616.11112,34734.983586
2024-09-02 14:00:00,schloemer,L1,23,69,83.80762369630129,0.00018376594415348002,0.8601070910501445,0.9999998534295758,4,8,2184616.11112,34734.983586
2024-09-02 14:00:00,schloemer,L2,23,71,76.0532071624353,1.7864002498368947e-06,0.33416488909216624,0.9613694903054443,4,8,2184616.11112,34734.983586
2024-09-02 14:00:00,schloemer,L3,29,37,93.48634368910307,0.012927479478705095,0.9935675207772496,1.0,4,8,2184616.11112,34734.983586
2024-09-02 14:00:00,schloemer,L4,32,36,94.63949125146166,0.019096331360296093,0.9957047454342332,1.0,4,8,2184616.11112,34734.983586
2024-09-02 14:00:00,schloemer,L5,33,36,96.94253671807425,0.03875724694572724,0.9980981180487347,1.0,4,8,2184616.11112,34734.983586
2024-09-02 14:00:00,schloemer,L6,33,42,97.39070103229656,0.04400300378163102,0.9983781242089512,1.0,4,8,2184616.11112,34734.983586
2024-09-02 14:00:00,schloemer,L7,34,36,92.37677371077139,0.008679288343554359,0.9905502534899651,0.9999999999999999,4,8,2184616.11112,34734.983586
2024-09-02 14:00:00,schloemer,L8,36,38,97.24009954381013,0.04218169979320607,0.9982889345691852,1.0,4,8,2184616.11112,34734.983586
2024-09-02 14:00:00,schloemer,L9,36,39,98.5446322593392,0.0600603633174992,0.9989241311351316,1.0,4,8,2184616.11112,34734.983586
2024-09-02 14:00:00,schloemer,L10,37,36,96.55561140512486,0.034218542106418726,0.9978021600972277,1.0,20,48,2185542.33716,34764.744572
2024-09-02 14:00:00,schloemer,L11,37,64,95.64052510764397,0.026277153065916714,0.9969825304170493,1.0,4,8,2184616.11112,34734.983586
2024-09-02 14:00:00,schloemer,L12,38,39,99.21174251358576,0.07116730877394062,0.9991514112913289,1.0,4,8,2184616.11112,34734.983586
2024-09-02 14:00:00,schloemer,L13,39,40,93.58616693449905,0.013384365041819724,0.993787585779112,1.0,4,8,2184616.11112,34734.983586
2024-09-02 14:00:00,schloemer,L14,39,41,86.20708866238465,0.00062159265111561,0.9294972883820272,0.9999999993910713,4,8,2184616.11112,34734.983586
2024-09-02 14:00:00,schloemer,L15,40,41,73.92448591822553,4.2394477250962126e-07,0.17860716518084252,0.7927919878816112,4,8,2184616.11112,34734.983586
2024-09-02 14:00:00,schloemer,L16,41,48,76.50025423438102,2.396382862701607e-06,0.37078084623868446,0.9754296517809826,4,8,2184616.11112,34734.983586
2024-09-02 14:00:00,schloemer,L17,41,48,76.50025423438102,2.396382862701607e-06,0.37078084623868446,0.9754296517809826,4,8,2184616.11112,34734.983586
2024-09-02 14:00:00,schloemer,L18,42,43,88.69748400921728,0.001964396091340137,0.9675945160749584,0.9999999999987935,4,8,2184616.11112,34734.983586
2024-09-02 14:00:00,schloemer,L19,43,44,76.83788642493474,2.9856749693690787e-06,0.3988528780361641,0.9829454214680833,4,8,2184616.11112,34734.983586
2024-09-02 14:00:00,schloemer,L20,44,45,85.29200986373206,0.00039550729177917354,0.9076688500989605,0.9999999947265024,4,8,2184616.11112,34734.983586
2024-09-02 14:00:00,schloemer,L21,44,48,86.95156146500719,0.0008875993308743446,0.9437702763747949,0.9999999999004171,4,8,2184616.11112,34734.983586
2024-09-02 14:00:00,schloemer,L22,45,46,88.44285997152409,0.0017557864933586131,0.9648252248440751,0.999999999997673,4,8,2184616.11112,34734.983586
2024-09-02 14:00:00,schloemer,L23,45,47,91.74858690362292,0.006856900625896056,0.9882765294584549,0.9999999999999997,4,8,2184616.11112,34734.983586
2024-09-02 14:00:00,schloemer,L24,46,48,87.66036693572067,0.0012339589937067075,0.9548960806478894,0.9999999999829561,4,8,2184616.11112,34734.983586
2024-09-02 14:00:00,schloemer,L25,46,68,87.48422827789805,0.0011379650703498,0.9523349888859343,0.9999999999734772,4,8,2184616.11112,34734.983586
2024-09-02 14:00:00,schloemer,L26,47,48,91.68232660933025,0.006685672998640424,0.9880080962577655,0.9999999999999996,4,8,2184616.11112,34734.983586
2024-09-02 14:00:00,schloemer,L27,48,49,92.003877686059,0.007552832508380014,0.9892577916845524,0.9999999999999998,4,8,2184616.11112,34734.983586
2024-09-02 14:00:00,schloemer,L28,48,50,91.32255671178541,0.0058195632195284785,0.9864445911420655,0.9999999999999989,4,8,2184616.11112,34734.983586
2024-09-02 14:00:00,schloemer,L29,48,53,91.2447419866829,0.005645721132850778,0.9860816427538353,0.9999999999999987,4,8,2184616.11112,34734.983586
2024-09-02 14:00:00,schloemer,L30,48,53,91.2447419866829,0.005645721132850778,0.9860816427538353,0.9999999999999987,4,8,2184616.11112,34734.983586
2024-09-02 14:00:00,schloemer,L31,48,65,91.84035418311997,0.007100347138776164,0.9886387829325485,0.9999999999999998,4,8,2184616.11112,34734.983586
2024-09-02 14:00:00,schloemer,L32,48,65,91.84035418311997,0.007100347138776164,0.9886387829325485,0.9999999999999998,4,8,2184616.11112,34734.983586
2024-09-02 14:00:00,schloemer,L33,48,68,83.07829622450843,0.00012424075299599657,0.8303322019070034,0.9999993135964073,4,8,2184616.11112,34734.983586
2024-09-02 14:00:00,schloemer,L34,49,56,87.08535333824757,0.0009452359447523762,0.9460425256100919,0.9999999999284236,4,8,2184616.11112,34734.983586
2024-09-02 14:00:00,schloemer,L35,50,51,82.8073879130804,0.00010716393890874976,0.8180956291424044,0.9999988017183641,4,8,2184616.11112,34734.983586
2024-09-02 14:00:00,schloemer,L36,50,57,83.68324229627144,0.00017201673091793435,0.8553472520816012,0.999999808435665,4,8,2184616.11112,34734.983586
2024-09-02 14:00:00,schloemer,L37,51,52,78.536342336992,8.784195736910583e-06,0.5398885288303601,0.9979914195671671,4,8,2184616.11112,34734.983586
2024-09-02 14:00:00,schloemer,L38,52,53,82.04675543343018,7.025639477153955e-05,0.7801882033413894,0.9999945513875789,4,8,2184616.11112,34734.983586
2024-09-02 14:00:00,schloemer,L39,53,54,82.78662145649685,0.00010595037127170137,0.8171306041995718,0.9999987499016686,4,8,2184616.11112,34734.983586
2024-09-02 14:00:00,schloemer,L40,53,55,83.4065887290996,0.0001483568158091586,0.8442964163120241,0.9999996547520359,4,8,2184616.11112,34734.983586
2024-09-02 14:00:00,schloemer,L41,53,58,84.16739012518121,0.00022211010251826924,0.8731669503043595,0.9999999330926863,4,8,2184616.11112,34734.983586
2024-09-02 14:00:00,schloemer,L42,54,55,80.22460538503886,2.4512235841323005e-05,0.6678296913647103,0.9998518014694336,4,8,2184616.11112,34734.983586
2024-09-02 14:00:00,schloemer,L43,54,58,80.80746063092572,3.4545508455052776e-05,0.7070082952023906,0.9999457021560196,4,8,2184616.11112,34734.983586
2024-09-02 14:00:00,schloemer,L44,55,56,82.38637203069422,8.493997354486194e-05,0.7977681283940306,0.9999972032783319,4,8,2184616.11112,34734.983586
2024-09-02 14:00:00,schloemer,L45,55,57,80.80749667200386,3.454623512588739e-05,0.707010626626511,0.9999457056125969,4,8,2184616.11112,34734.983586
2024-09-02 14:00:00,schloemer,L46,55,58,81.5933433505489,5.435669421849365e-05,0.755054103136688,0.9999870441198639,4,8,2184616.11112,34734.983586
2024-09-02 14:00:00,schloemer,L47,55,58,81.5933433505489,5.435669421849365e-05,0.755054103136688,0.9999870441198639,4,8,2184616.11112,34734.983586
2024-09-02 14:00:00,schloemer,L48,58,59,81.28788955390624,4.563468054541442e-05,0.7370495841247406,0.9999771486628073,4,8,2184616.11112,34734.983586
2024-09-02 14:00:00,schloemer,L49,58,60,83.0126242566658,0.0001198809825895264,0.8274257187242826,0.9999992136781937,4,8,2184616.11112,34734.983586
2024-09-02 14:00:00,schloemer,L50,59,60,81.99971849885453,6.842257668859819e-05,0.7776693776195946,0.9999940313597462,4,8,2184616.11112,34734.983586
2024-09-02 14:00:00,schloemer,L51,59,61,83.79693750567252,0.00018272778682759672,0.8597031589736372,0.9999998500088346,4,8,2184616.11112,34734.983586
2024-09-02 14:00:00,schloemer,L52,60,61,85.49955929378845,0.0004388186910246894,0.9130741519974256,0.9999999967459141,4,8,2184616.11112,34734.983586
2024-09-02 14:00:00,schloemer,L53,61,65,91.1818374836552,0.005508535240790313,0.9857814695887184,0.9999999999999983,4,8,2184616.11112,34734.983586
2024-09-02 14:00:00,schloemer,L54,61,66,88.85782054669455,0.00210696923742526,0.969233350723895,0.9999999999992039,4,8,2184616.11112,34734.983586
2024-09-02 14:00:00,schloemer,L55,62,58,83.3674058432656,0.00014371051857364758,0.8422569675788477,1.0,13,30,2185148.89802,34751.629934
2024-09-02 14:00:00,schloemer,L56,62,63,88.14946635818218,0.0015403873692664272,0.9613647153156539,0.9999999999950661,4,8,2184616.11112,34734.983586
2024-09-02 14:00:00,schloemer,L57,63,60,87.70712167392789,0.0012398777904691904,0.9553021918592075,1.0,20,47,2185512.78098,34763.759366
2024-09-02 14:00:00,schloemer,L58,63,64,94.06019179334811,0.015745101261122496,0.9947362617631326,1.0,4,8,2184616.11112,34734.983586
2024-09-02 14:00:00,schloemer,L59,64,65,92.79414714867045,0.009964575424780908,0.9917627386318084,1.0,20,48,2185545.98792,34764.866264
2024-09-02 14:00:00,schloemer,L60,64,67,29.20268095138327,0.0,0.0,0.0,38,93,2186503.81292,34796.793764
2024-09-02 14:00:00,schloemer,L61,65,66,92.47073558113905,0.008985041243388947,0.9908514553965905,1.0,4,8,2184616.11112,34734.983586
2024-09-02 14:00:00,schloemer,L62,67,68,62.5035145208847,7.947020819187856e-11,6.820875019686312e-06,0.000463715758937,28,68,2185978.45538,34779.281846
2024-09-02 14:00:00,schloemer,L63,68,69,95.17342998328378,0.02269143977333299,0.996441222499929,1.0,4,8,2184616.11112,34734.983586
2024-09-02 14:00:00,schloemer,L64,68,74,96.29012624765848,0.032018220090327176,0.997602605747595,1.0,4,8,2184616.11112,34734.983586
2024-09-02 14:00:00,schloemer,L65,68,76,96.92042537987591,0.03851181770559409,0.9980831222943917,1.0,4,8,2184616.11112,34734.983586
2024-09-02 14:00:00,schloemer,L66,69,70,84.07250172071299,0.0002113299594173057,0.8698229528004116,0.9999999176036122,4,8,2184616.11112,34734.983586
2024-09-02 14:00:00,schloemer,L67,69,73,89.54359117935223,0.002827630323258057,0.9754105055819248,0.9999999999998679,4,8,2184616.11112,34734.983586
2024-09-02 14:00:00,schloemer,L68,69,74,92.65100091059337,0.009597704033481369,0.9914035390771918,1.0,4,8,2184616.11112,34734.983586
2024-09-02 14:00:00,schloemer,L69,70,71,76.22205438798285,1.9967164145429095e-06,0.34790098724508645,0.9673032284439476,4,8,2184616.11112,34734.983586
2024-09-02 14:00:00,schloemer,L70,70,72,75.23863949246049,1.0380869853721109e-06,0.27015830087437875,0.9194941239888531,4,8,2184616.11112,34734.983586
2024-09-02 14:00:00,schloemer,L71,73,74,92.6838294182959,0.009713063353567253,0.9915005489417942,1.0,4,8,2184616.11112,34734.983586
2024-09-02 14:00:00,schloemer,L72,74,76,97.04767464047613,0.03994119711411104,0.9981678420571873,1.0,4,8,2184616.11112,34734.983586
2024-09-02 14:00:00,schloemer,L73,74,117,93.4932420739244,0.012958621303637785,0.9935829697832852,1.0,4,8,2184616.11112,34734.983586
2024-09-02 14:00:00,schloemer,L74,75,76,95.62580827453978,0.026157517776518535,0.9969667855769984,1.0,4,8,2184616.11112,34734.983586
2024-09-02 14:00:00,schloemer,L75,75,117,91.77569899393568,0.0069280569509867496,0.9883846941064,0.9999999999999997,4,8,2184616.11112,34734.983586
2024-09-02 14:00:00,schloemer,L76,76,77,95.96926938842697,0.029067849409049273,0.9973139341985949,1.0,4,8,2184616.11112,34734.983586
2024-09-02 14:00:00,schloemer,L77,76,79,98.4830826278163,0.059105427013180334,0.9989003115337138,1.0,4,8,2184616.11112,34734.983586
2024-09-02 14:00:00,schloemer,L78,76,79,98.4830826278163,0.059105427013180334,0.9989003115337138,1.0,4,8,2184616.11112,34734.983586
2024-09-02 14:00:00,schloemer,L79,76,81,96.5178599478831,0.03425470613920145,0.9977886359702306,1.0,4,8,2184616.11112,34734.983586
2024-09-02 14:00:00,schloemer,L80,77,78,92.16638187664783,0.008027096205715178,0.9898407129890352,0.9999999999999999,4,8,2184616.11112,34734.983586
2024-09-02 14:00:00,schloemer,L81,78,79,94.55448976458095,0.01857027874502204,0.9955744377733591,1.0,4,8,2184616.11112,34734.983586
2024-09-02 14:00:00,schloemer,L82,79,95,94.8240251289728,0.020281122716910627,0.9959748089351634,1.0,4,8,2184616.11112,34734.983586
2024-09-02 14:00:00,schloemer,L83,79,96,93.90961369871034,0.01495989215562743,0.9944513754151372,1.0,4,8,2184616.11112,34734.983586
2024-09-02 14:00:00,schloemer,L84,79,97,93.79833158419196,0.014401043520224976,0.9942312099268468,1.0,4,8,2184616.11112,34734.983586
2024-09-02 14:00:00,schloemer,L85,79,98,96.90153216419108,0.03830308353368528,0.9980702160173348,1.0,4,8,2184616.11112,34734.983586
2024-09-02 14:00:00,schloemer,L86,80,67,55.47416475300902,3.065325770990057e-13,1.2001510896197942e-13,1.783706515823269e-11,30,72,2186055.70436,34781.856812
2024-09-02 14:00:00,schloemer,L87,80,79,100.80528002573608,0.10217671826425145,0.9995127407492665,1.0,28,69,2185981.58126,34779.386042
2024-09-02 14:00:00,schloemer,L88,81,82,88.5036856449073,0.0018037132520145605,0.9655059373158402,0.9999999999980101,4,8,2184616.11112,34734.983586
2024-09-02 14:00:00,schloemer,L89,81,95,92.62881909632752,0.00952042623277749,0.9913373849575088,1.0,4,8,2184616.11112,34734.983586
2024-09-02 14:00:00,schloemer,L90,93,95,88.87148507397154,0.0021195405073779483,0.9693694042910339,0.9999999999992316,4,8,2184616.11112,34734.983586
2024-09-02 14:00:00,schloemer,L91,95,96,90.75252743985097,0.004647972925671873,0.9835617491736175,0.9999999999999948,4,8,2184616.11112,34734.983586
2024-09-02 14:00:00,schloemer,L92,115,67,8.943368513677017,0.0,0.0,0.0,13,29,2185126.88168,34750.896056
2024-09-02 15:00:00,schloemer,L0,22,23,71.867880461638,9.973942327601293e-08,0.07578858230333652,0.46768284476365163,4,8,2184616.11112,34734.983586
2024-09-02 15:00:00,schloemer,L1,23,69,80.52428274438351,2.9262624694714745e-05,0.6883378283690191,0.9999109934629146,4,8,2184616.11112,34734.983586
2024-09-02 15:00:00,schloemer,L2,23,71,73.21111542954134,2.5819822113692936e-07,0.1368987489286273,0.6920405605507147,4,8,2184616.11112,34734.983586
2024-09-02 15:00:00,schloemer,L3,29,37,94.95918885058205,0.021187078545922722,0.9961619645247104,1.0,4,8,2184616.11112,34734.983586
2024-09-02 15:00:00,schloemer,L4,32,36,97.30429307014298,0.042950666842992646,0.998327533257493,1.0,4,8,2184616.11112,34734.983586
2024-09-02 15:00:00,schloemer,L5,33,36,97.74827084485726,0.04857299289194261,0.998571771352357,1.0,4,8,2184616.11112,34734.983586
2024-09-02 15:00:00,schloemer,L6,33,42,94.84586187697451,0.02042527323579535,0.9960056416216037,1.0,4,8,2184616.11112,34734.983586
2024-09-02 15:00:00,schloemer,L7,34,36,95.36540591408156,0.0241131467534228,0.9966744020507248,1.0,4,8,2184616.11112,34734.983586
2024-09-02 15:00:00,schloemer,L8,36,38,98.56748303251216,0.06041783328577033,0.998932842362272,1.0,4,8,2184616.11112,34734.983586
2024-09-02 15:00:00,schloemer,L9,36,39,97.57936706381876,0.04637057966948088,0.99848335189738,1.0,4,8,2184616.11112,34734.983586
2024-09-02 15:00:00,schloemer,L10,37,36,97.2393314498542,0.04167975572541338,0.998275886285218,1.0,20,48,2185542.33716,34764.744572
2024-09-02 15:00:00,schloemer,L11,37,64,92.72600333076738,0.009863010728321964,0.9916236206131578,1.0,4,8,2184616.11112,34734.983586
2024-09-02 15:00:00,schloemer,L12,38,39,96.96396837953876,0.03899630972710577,0.998112541591846,1.0,4,8,2184616.11112,34734.983586
2024-09-02 15:00:00,schloemer,L13,39,40,81.22372187611629,4.3979259594095765e-05,0.7331583113225866,0.9999742988212865,4,8,2184616.11112,34734.983586
2024-09-02 15:00:00,schloemer,L14,39,41,71.64265965080693,8.485553715242844e-08,0.06777181988340786,0.4296024276326357,4,8,2184616.11112,34734.983586
2024-09-02 15:00:00,schloemer,L15,40,41,55.68960209459652,3.7403413699621524e-13,2.751132655021138e-13,3.697042672001771e-12,4,8,2184616.11112,34734.983586
2024-09-02 15:00:00,schloemer,L16,41,48,82.43009136895822,8.702778591629379e-05,0.7999541095485172,0.9999974361897274,4,8,2184616.11112,34734.983586
2024-09-02 15:00:00,schloemer,L17,41,48,82.43009136895822,8.702778591629379e-05,0.7999541095485172,0.9999974361897274,4,8,2184616.11112,34734.983586
2024-09-02 15:00:00,schloemer,L18,42,43,83.28776684803059,0.00013916200634167541,0.8393501495443509,0.9999995565947418,4,8,2184616.11112,34734.983586
2024-09-02 15:00:00,schloemer,L19,43,44,81.60659164804241,5.4768569518914845e-05,0.7558155181880436,0.9999873628442105,4,8,2184616.11112,34734.983586
2024-09-02 15:00:00,schloemer,L20,44,45,90.33321917930755,0.003924250660160111,0.9810784281014341,0.9999999999999838,4,8,2184616.11112,34734.983586
2024-09-02 15:00:00,schloemer,L21,44,48,90.43689369941679,0.00409322112600663,0.9817235771081303,0.9999999999999878,4,8,2184616.11112,34734.983586
2024-09-02 15:00:00,schloemer,L22,45,46,92.10970622360378,0.007858838986786076,0.9896409591941177,0.9999999999999999,4,8,2184616.11112,34734.983586
2024-09-02 15:00:00,schloemer,L23,45,47,92.05687441505768,0.0077047559729855886,0.9894513491601958,0.9999999999999999,4,8,2184616.11112,34734.983586
2024-09-02 15:00:00,schloemer,L24,46,48,91.51595700520603,0.00627208699338333,0.9873078590345091,0.9999999999999993,4,8,2184616.11112,34734.983586
2024-09-02 15:00:00,schloemer,L25,46,68,92.87715452511434,0.010416875476371379,0.9920506873479399,1.0,4,8,2184616.11112,34734.983586
2024-09-02 15:00:00,schloemer,L26,47,48,91.89371054594928,0.007245325227346666,0.9888444370386137,0.9999999999999998,4,8,2184616.11112,34734.983586
2024-09-02 15:00:00,schloemer,L27,48,49,90.98219715394443,0.005092335154823879,0.9847873368647428,0.9999999999999972,4,8,2184616.11112,34734.983586
2024-09-02 15:00:00,schloemer,L28,48,50,89.72691423975596,0.003054380460014383,0.9768533666126276,0.9999999999999186,4,8,2184616.11112,34734.983586
2024-09-02 15:00:00,schloemer,L29,48,53,89.80307502011696,0.003153259463286484,0.9774291024652156,0.9999999999999335,4,8,2184616.11112,34734.983586
2024-09-02 15:00:00,schloemer,L30,48,53,89.80307502011696,0.003153259463286484,0.9774291024652156,0.9999999999999335,4,8,2184616.11112,34734.983586
2024-09-02 15:00:00,schloemer,L31,48,65,91.91503699618528,0.007303988915865589,0.988925631356458,0.9999999999999998,4,8,2184616.11112,34734.983586
2024-09-02 15:00:00,schloemer,L32,48,65,91.91503699618528,0.007303988915865589,0.988925631356458,0.9999999999999998,4,8,2184616.11112,34734.983586
2024-09-02 15:00:00,schloemer,L33,48,68,90.77914706815827,0.004697660597063669,0.9837084707491719,0.9999999999999951,4,8,2184616.11112,34734.983586
2024-09-02 15:00:00,schloemer,L34,49,56,85.07399136568363,0.0003543007192681191,0.9016838183168516,0.9999999912826509,4,8,2184616.11112,34734.983586
2024-09-02 15:00:00,schloemer,L35,50,51,80.5201939483233,2.91922885663487e-05,0.6880631407002461,0.9999103639214281,4,8,2184616.11112,34734.983586
2024-09-02 15:00:00,schloemer,L36,50,57,81.51196434428009,5.189026735896718e-05,0.7503414246825806,0.9999849102599593,4,8,2184616.11112,34734.983586
2024-09-02 15:00:00,schloemer,L37,51,52,76.53135804944021,2.44559262274624e-06,0.37335497032799514,0.976222371009244,4,8,2184616.11112,34734.983586
2024-09-02 15:00:00,schloemer,L38,52,53,80.25196983927718,2.4913536142978643e-05,0.6697335444425981,0.999858462198668,4,8,2184616.11112,34734.983586
2024-09-02 15:00:00,schloemer,L39,53,54,81.30736154123406,4.614858535856303e-05,0.7382229522678853,0.9999779518398928,4,8,2184616.11112,34734.983586
2024-09-02 15:00:00,schloemer,L40,53,55,81.7842602279478,6.058518017415526e-05,0.7658695220930467,0.9999909726898762,4,8,2184616.11112,34734.983586
2024-09-02 15:00:00,schloemer,L41,53,58,82.8284974935467,0.00010841094162850062,0.8190726318990981,0.9999988522540046,4,8,2184616.11112,34734.983586
2024-09-02 15:00:00,schloemer,L42,54,55,78.8206496697591,1.0475949969168674e-05,0.5626753563548712,0.9986621315606816,4,8,2184616.11112,34734.983586
2024-09-02 15:00:00,schloemer,L43,54,58,79.67344291892057,1.7626213228094656e-05,0.6282130078813927,0.9996349747504014,4,8,2184616.11112,34734.983586
2024-09-02 15:00:00,schloemer,L44,55,56,80.63391218005988,3.120965451974822e-05,0.695648966988407,0.9999263887786383,4,8,2184616.11112,34734.983586
2024-09-02 15:00:00,schloemer,L45,55,57,79.0233557967096,1.1868043062746025e-05,0.5786631751931306,0.9990068502726689,4,8,2184616.11112,34734.983586
2024-09-02 15:00:00,schloemer,L46,55,58,80.31102997253713,2.5801062114361173e-05,0.6738214557775581,0.999871885496147,4,8,2184616.11112,34734.983586
2024-09-02 15:00:00,schloemer,L47,55,58,80.31102997253713,2.5801062114361173e-05,0.6738214557775581,0.999871885496147,4,8,2184616.11112,34734.983586
2024-09-02 15:00:00,schloemer,L48,58,59,80.61117703426908,3.0796028017254784e-05,0.6941413314490601,0.9999234204429164,4,8,2184616.11112,34734.983586
2024-09-02 15:00:00,schloemer,L49,58,60,82.31277473672884,8.153154979928523e-05,0.7940486283803817,0.999996764243228,4,8,2184616.11112,34734.983586
2024-09-02 15:00:00,schloemer,L50,59,60,81.62887226230576,5.5467912598583524e-05,0.7570923813005233,0.9999878819502367,4,8,2184616.11112,34734.983586
2024-09-02 15:00:00,schloemer,L51,59,61,83.42604731643247,0.00014991576729284084,0.8450948839368675,0.9999996686662759,4,8,2184616.11112,34734.983586
2024-09-02 15:00:00,schloemer,L52,60,61,85.12102147954741,0.00036283734487452257,0.9030020791435476,0.9999999921752769,4,8,2184616.11112,34734.983586
2024-09-02 15:00:00,schloemer,L53,61,65,90.49491517046249,0.0041905706543817756,0.9820754837821705,0.9999999999999896,4,8,2184616.11112,34734.983586
2024-09-02 15:00:00,schloemer,L54,61,66,88.55406560124945,0.0018443006947980178,0.9660605258476626,0.9999999999982524,4,8,2184616.11112,34734.983586
2024-09-02 15:00:00,schloemer,L55,62,58,82.54605071308288,9.179253776692153e-05,0.8051764491868605,1.0,13,30,2185148.89802,34751.629934
2024-09-02 15:00:00,schloemer,L56,62,63,87.56173802837256,0.0011793361929953727,0.9534778183626341,0.9999999999781611,4,8,2184616.11112,34734.983586
2024-09-02 15:00:00,schloemer,L57,63,60,87.25559344508514,0.0010064293101423871,0.9485290841595301,1.0,20,47,2185512.78098,34763.759366
2024-09-02 15:00:00,schloemer,L58,63,64,93.1088353776744,0.011317522654297973,0.9926645862173783,1.0,4,8,2184616.11112,34734.983586
2024-09-02 15:00:00,schloemer,L59,64,65,91.8109413643444,0.006916926551663427,0.9884469266327526,1.0,20,48,2185545.98792,34764.866264
2024-09-02 15:00:00,schloemer,L60,64,67,39.63599297751143,0.0,0.0,0.0,38,93,2186503.81292,34796.793764
2024-09-02 15:00:00,schloemer,L61,65,66,91.81560794980433,0.0070339689476472955,0.9885421699102186,0.9999999999999997,4,8,2184616.11112,34734.983586
2024-09-02 15:00:00,schloemer,L62,67,68,82.73757558246785,0.00010018847911819062,0.8136209622980842,1.0,28,68,2185978.45538,34779.281846
2024-09-02 15:00:00,schloemer,L63,68,69,92.68948797361223,0.009733067516514149,0.9915171628269047,1.0,4,8,2184616.11112,34734.983586
2024-09-02 15:00:00,schloemer,L64,68,74,95.1217469119186,0.02232071172683403,0.996375742781597,1.0,4,8,2184616.11112,34734.983586
2024-09-02 15:00:00,schloemer,L65,68,76,96.70583218129148,0.03619322850661366,0.9979313468040559,1.0,4,8,2184616.11112,34734.983586
2024-09-02 15:00:00,schloemer,L66,69,70,80.85624658692157,3.55425398671505e-05,0.7101535977385806,0.9999501940111034,4,8,2184616.11112,34734.983586
2024-09-02 15:00:00,schloemer,L67,69,73,86.2302997966581,0.0006286338839973649,0.9299865960196072,0.9999999994240867,4,8,2184616.11112,34734.983586
2024-09-02 15:00:00,schloemer,L68,69,74,89.48285572909977,0.00275589709959545,0.9749141785303944,0.9999999999998449,4,8,2184616.11112,34734.983586
2024-09-02 15:00:00,schloemer,L69,70,71,73.43711581676403,3.0233703118831556e-07,0.14943794867767668,0.7260650196368161,4,8,2184616.11112,34734.983586
2024-09-02 15:00:00,schloemer,L70,70,72,72.59858561989029,1.6779419365064996e-07,0.10617134319062926,0.5925879187027611,4,8,2184616.11112,34734.983586
2024-09-02 15:00:00,schloemer,L71,73,74,89.56419866943475,0.002852345999965644,0.9755768082376396,0.9999999999998749,4,8,2184616.11112,34734.983586
2024-09-02 15:00:00,schloemer,L72,74,76,94.76314586381831,0.019883689479351818,0.995887609621963,1.0,4,8,2184616.11112,34734.983586
2024-09-02 15:00:00,schloemer,L73,74,117,90.54797034125576,0.004281375182554004,0.9823916386249693,0.9999999999999909,4,8,2184616.11112,34734.983586
2024-09-02 15:00:00,schloemer,L74,75,76,93.26959908951893,0.01198088614075754,0.9930632457660653,1.0,4,8,2184616.11112,34734.983586
2024-09-02 15:00:00,schloemer,L75,75,117,89.02171294851925,0.0022622671084768786,0.9708287942061307,0.9999999999994804,4,8,2184616.11112,34734.983586
2024-09-02 15:00:00,schloemer,L76,76,77,93.92481980992605,0.015037657595807219,0.9944808151839342,1.0,4,8,2184616.11112,34734.983586
2024-09-02 15:00:00,schloemer,L77,76,79,96.98762236463759,0.03926151191249394,0.9981283345976095,1.0,4,8,2184616.11112,34734.983586
2024-09-02 15:00:00,schloemer,L78,76,79,96.98762236463759,0.03926151191249394,0.9981283345976095,1.0,4,8,2184616.11112,34734.983586
2024-09-02 15:00:00,schloemer,L79,76,81,94.85553723765234,0.020489413931759515,0.996019228566034,1.0,4,8,2184616.11112,34734.983586
2024-09-02 15:00:00,schloemer,L80,77,78,90.54244330657032,0.004271835076058439,0.9823589515643465,0.9999999999999908,4,8,2184616.11112,34734.983586
2024-09-02 15:00:00,schloemer,L81,78,79,93.43221479824848,0.012685320807156675,0.9934450348587555,1.0,4,8,2184616.11112,34734.983586
2024-09-02 15:00:00,schloemer,L82,79,95,94.43844491534854,0.01787165511608413,0.9953902614070602,1.0,4,8,2184616.11112,34734.983586
2024-09-02 15:00:00,schloemer,L83,79,96,93.47660039203626,0.012883602978377318,0.9935456388279115,1.0,4,8,2184616.11112,34734.983586
2024-09-02 15:00:00,schloemer,L84,79,97,93.14586466968116,0.011467469333460878,0.9927583388411209,1.0,4,8,2184616.11112,34734.983586
2024-09-02 15:00:00,schloemer,L85,79,98,96.57531786601103,0.03483825220408465,0.9978332651436098,1.0,4,8,2184616.11112,34734.983586
2024-09-02 15:00:00,schloemer,L86,80,67,67.96815684026299,5.439317884992079e-09,0.005728926805651846,0.3387801993807117,30,72,2186055.70436,34781.856812
2024-09-02 15:00:00,schloemer,L87,80,79,99.85773812204664,0.08203665893721535,0.9993180085083736,1.0,28,69,2185981.58126,34779.386042
2024-09-02 15:00:00,schloemer,L88,81,82,87.64336275498206,0.001224380466939179,0.9546544010445717,0.9999999999822109,4,8,2184616.11112,34734.983586
2024-09-02 15:00:00,schloemer,L89,81,95,92.11579202166142,0.00787675857416481,0.9896625886791796,0.9999999999999999,4,8,2184616.11112,34734.983586
2024-09-02 15:00:00,schloemer,L90,93,95,89.42609203317899,0.0026903313249033722,0.9744418439317615,0.9999999999998199,4,8,2184616.11112,34734.983586
2024-09-02 15:00:00,schloemer,L91,95,96,90.7646935730733,0.0046706241651008895,0.9836289614577737,0.9999999999999949,4,8,2184616.11112,34734.983586
2024-09-02 15:00:00,schloemer,L92,115,67,36.08911466386059,0.0,0.0,0.0,13,29,2185126.88168,34750.896056
2024-09-02 16:00:00,schloemer,L0,22,23,69.3389145715445,1.5734151759261295e-08,0.016954384222110486,0.1278537096430672,4,8,2184616.11112,34734.983586
2024-09-02 16:00:00,schloemer,L1,23,69,77.47875964325628,4.5102258909857085e-06,0.45252767845974984,0.9919297032357408,4,8,2184616.11112,34734.983586
2024-09-02 16:00:00,schloemer,L2,23,71,70.64068680089126,4.1058000777027814e-08,0.03925830517539208,0.2741397070261038,4,8,2184616.11112,34734.983586
2024-09-02 16:00:00,schloemer,L3,29,37,95.31454706644595,0.023729572906682872,0.9966141353804713,1.0,4,8,2184616.11112,34734.983586
2024-09-02 16:00:00,schloemer,L4,32,36,98.21242604726713,0.055041784395894244,0.9987891511310096,1.0,4,8,2184616.11112,34734.983586
2024-09-02 16:00:00,schloemer,L5,33,36,96.08501559262349,0.030105722967698645,0.9974218333349972,1.0,4,8,2184616.11112,34734.983586
2024-09-02 16:00:00,schloemer,L6,33,42,89.98589285230017,0.0034023514248568976,0.9787566224227946,0.999999999999959,4,8,2184616.11112,34734.983586
2024-09-02 16:00:00,schloemer,L7,34,36,97.17201609736145,0.041377970645420925,0.9982470280624541,1.0,4,8,2184616.11112,34734.983586
2024-09-02 16:00:00,schloemer,L8,36,38,97.02780791826632,0.03971532240143327,0.9981548646731643,1.0,4,8,2184616.11112,34734.983586
2024-09-02 16:00:00,schloemer,L9,36,39,92.6193259708266,0.0094875177365783,0.9913089227661251,1.0,4,8,2184616.11112,34734.983586
2024-09-02 16:00:00,schloemer,L10,37,36,95.81642105667159,0.027394470606375343,0.9971441311783146,1.0,20,48,2185542.33716,34764.744572
2024-09-02 16:00:00,schloemer,L11,37,64,89.51782544612276,0.0027969975719328577,0.9752010832545209,0.9999999999998586,4,8,2184616.11112,34734.983586
2024-09-02 16:00:00,schloemer,L12,38,39,89.09899979553303,0.002339010122467733,0.9715541586211498,0.9999999999995753,4,8,2184616.11112,34734.983586
2024-09-02 16:00:00,schloemer,L13,39,40,61.76902492819095,4.594868929785889e-11,1.9441545480169964e-06,1.5553314343774716e-05,4,8,2184616.11112,34734.983586
2024-09-02 16:00:00,schloemer,L14,39,41,58.08634620984681,2.485900374438188e-12,4.746469883798454e-10,3.807119508536516e-09,4,8,2184616.11112,34734.983586
2024-09-02 16:00:00,schloemer,L15,40,41,47.22494738841689,5.551115123125783e-16,0.0,2.220446049250313e-15,4,8,2184616.11112,34734.983586
2024-09-02 16:00:00,schloemer,L16,41,48,87.75117505535704,0.0012862756772097361,0.9561670197902288,0.9999999999864427,4,8,2184616.11112,34734.983586
2024-09-02 16:00:00,schloemer,L17,41,48,87.75117505535704,0.0012862756772097361,0.9561670197902288,0.9999999999864427,4,8,2184616.11112,34734.983586
2024-09-02 16:00:00,schloemer,L18,42,43,81.04298499029345,3.961696118337521e-05,0.7219962672143163,0.9999643272824542,4,8,2184616.11112,34734.983586
2024-09-02 16:00:00,schloemer,L19,43,44,86.86465546720287,0.0008519033632955475,0.9422487674757347,0.9999999998766869,4,8,2184616.11112,34734.983586
2024-09-02 16:00:00,schloemer,L20,44,45,91.8623781223047,0.007159880989505263,0.9887241088091637,0.9999999999999998,4,8,2184616.11112,34734.983586
2024-09-02 16:00:00,schloemer,L21,44,48,91.65728253004387,0.006621932759410476,0.9879051096464485,0.9999999999999996,4,8,2184616.11112,34734.983586
2024-09-02 16:00:00,schloemer,L22,45,46,92.15181236985205,0.007983547262171098,0.9897897200533443,0.9999999999999999,4,8,2184616.11112,34734.983586
2024-09-02 16:00:00,schloemer,L23,45,47,90.6329893800918,0.004430517318856797,0.9828872597051795,0.9999999999999928,4,8,2184616.11112,34734.983586
2024-09-02 16:00:00,schloemer,L24,46,48,91.99875430844268,0.007538284375730786,0.9892388996145621,0.9999999999999998,4,8,2184616.11112,34734.983586
2024-09-02 16:00:00,schloemer,L25,46,68,93.36436792438748,0.012387246469699797,0.9932882969588567,1.0,4,8,2184616.11112,34734.983586
2024-09-02 16:00:00,schloemer,L26,47,48,90.63234975170027,0.004429378346035517,0.9828835809040669,0.9999999999999928,4,8,2184616.11112,34734.983586
2024-09-02 16:00:00,schloemer,L27,48,49,89.26407840035256,0.002510807887904254,0.973047575579617,0.9999999999997243,4,8,2184616.11112,34734.983586
2024-09-02 16:00:00,schloemer,L28,48,50,87.63320620475372,0.0012186915687633082,0.9545094858398563,0.9999999999817506,4,8,2184616.11112,34734.983586
2024-09-02 16:00:00,schloemer,L29,48,53,87.9774673634964,0.0014255363143088617,0.9591934890749375,0.9999999999923553,4,8,2184616.11112,34734.983586
2024-09-02 16:00:00,schloemer,L30,48,53,87.9774673634964,0.0014255363143088617,0.9591934890749375,0.9999999999923553,4,8,2184616.11112,34734.983586
2024-09-02 16:00:00,schloemer,L31,48,65,91.53819547212287,0.0063260430361034015,0.9874036790821631,0.9999999999999993,4,8,2184616.11112,34734.983586
2024-09-02 16:00:00,schloemer,L32,48,65,91.53819547212287,0.0063260430361034015,0.9874036790821631,0.9999999999999993,4,8,2184616.11112,34734.983586
2024-09-02 16:00:00,schloemer,L33,48,68,92.62645559036743,0.00951222382416883,0.9913303071621307,1.0,4,8,2184616.11112,34734.983586
2024-09-02 16:00:00,schloemer,L34,49,56,82.9154536186808,0.00011369290357343687,0.8230551180090343,0.9999990394797442,4,8,2184616.11112,34734.983586
2024-09-02 16:00:00,schloemer,L35,50,51,78.23302811902616,7.268886447198142e-06,0.5151795037489808,0.9969476442659023,4,8,2184616.11112,34734.983586
2024-09-02 16:00:00,schloemer,L36,50,57,79.30208330823075,1.407358948313231e-05,0.6002495460644088,0.9993479404256532,4,8,2184616.11112,34734.983586
2024-09-02 16:00:00,schloemer,L37,51,52,74.55426181239257,6.531057948899743e-07,0.22033027285413587,0.8634523468648857,4,8,2184616.11112,34734.983586
2024-09-02 16:00:00,schloemer,L38,52,53,78.39120010325098,8.02475700323324e-06,0.5281110902445363,0.9975413074484712,4,8,2184616.11112,34734.983586
2024-09-02 16:00:00,schloemer,L39,53,54,79.70406503821079,1.795456776587656e-05,0.6304751973629352,0.9996523697512995,4,8,2184616.11112,34734.983586
2024-09-02 16:00:00,schloemer,L40,53,55,80.04780742233072,2.206400727700064e-05,0.6553818973966704,0.9998010855349242,4,8,2184616.11112,34734.983586
2024-09-02 16:00:00,schloemer,L41,53,58,81.32631345166611,4.6654023568515335e-05,0.7393616415162807,0.9999787075514825,4,8,2184616.11112,34734.983586
2024-09-02 16:00:00,schloemer,L42,54,55,77.32014895226942,4.074895608607854e-06,0.43923743300986906,0.9902225626406478,4,8,2184616.11112,34734.983586
2024-09-02 16:00:00,schloemer,L43,54,58,78.39693328264859,8.053522736362062e-06,0.5285779864095222,0.9975607018980199,4,8,2184616.11112,34734.983586
2024-09-02 16:00:00,schloemer,L44,55,56,78.80323505688992,1.0363933257151459e-05,0.5612913092988601,0.9986278806216577,4,8,2184616.11112,34734.983586
2024-09-02 16:00:00,schloemer,L45,55,57,77.1921970990988,3.753456865318583e-06,0.42851064768196234,0.9886221913477351,4,8,2184616.11112,34734.983586
2024-09-02 16:00:00,schloemer,L46,55,58,78.8951975090785,1.0968697147895057e-05,0.5685817095339754,0.9988000328037427,4,8,2184616.11112,34734.983586
2024-09-02 16:00:00,schloemer,L47,55,58,78.8951975090785,1.0968697147895057e-05,0.5685817095339754,0.9988000328037427,4,8,2184616.11112,34734.983586
2024-09-02 16:00:00,schloemer,L48,58,59,79.72894101354237,1.822559341280172e-05,0.6323078014164947,0.9996659252423118,4,8,2184616.11112,34734.983586
2024-09-02 16:00:00,schloemer,L49,58,60,81.38723203365878,4.831443116537493e-05,0.7429994744443206,0.9999809722183641,4,8,2184616.11112,34734.983586
2024-09-02 16:00:00,schloemer,L50,59,60,81.00981667063307,3.886231969418841e-05,0.7199156777544532,0.9999621345705737,4,8,2184616.11112,34734.983586
2024-09-02 16:00:00,schloemer,L51,59,61,82.7828830593816,0.00010573328058005593,0.8169564679658241,0.9999987403455884,4,8,2184616.11112,34734.983586
2024-09-02 16:00:00,schloemer,L52,60,61,84.44984948159657,0.0002573128312808315,0.8827063849864528,0.9999999642111357,4,8,2184616.11112,34734.983586
2024-09-02 16:00:00,schloemer,L53,61,65,89.54186418295768,0.0028255677651022326,0.9753965206255354,0.9999999999998672,4,8,2184616.11112,34734.983586
2024-09-02 16:00:00,schloemer,L54,61,66,87.9177592572647,0.001387520998266889,0.9584140438937281,0.9999999999911047,4,8,2184616.11112,34734.983586
2024-09-02 16:00:00,schloemer,L55,62,58,81.50860955076591,5.121616107295335e-05,0.7495658564223336,1.0,13,30,2185148.89802,34751.629934
2024-09-02 16:00:00,schloemer,L56,62,63,86.68213097926936,0.0007811757486527737,0.9389329437580933,0.9999999998072039,4,8,2184616.11112,34734.983586
2024-09-02 16:00:00,schloemer,L57,63,60,86.49830701063529,0.000703224191627716,0.9350752577159988,1.0,20,47,2185512.78098,34763.759366
2024-09-02 16:00:00,schloemer,L58,63,64,92.30672785295266,0.008457245090475851,0.990319508720282,0.9999999999999999,4,8,2184616.11112,34734.983586
2024-09-02 16:00:00,schloemer,L59,64,65,91.48268661966289,0.0060987396206297895,0.9870778424111417,1.0,20,48,2185545.98792,34764.866264
2024-09-02 16:00:00,schloemer,L60,64,67,60.25651870332817,1.3309908730718689e-11,9.009951762450896e-08,8.379726183060932e-06,38,93,2186503.81292,34796.793764
2024-09-02 16:00:00,schloemer,L61,65,66,90.93280197952917,0.0049937298093909455,0.9845313294647662,0.9999999999999968,4,8,2184616.11112,34734.983586
2024-09-02 16:00:00,schloemer,L62,67,68,91.27511491741897,0.005584784767662332,0.9860907385338336,1.0,28,68,2185978.45538,34779.281846
2024-09-02 16:00:00,schloemer,L63,68,69,89.6217966200678,0.0029224536998524453,0.9760360505391936,0.9999999999998925,4,8,2184616.11112,34734.983586
2024-09-02 16:00:00,schloemer,L64,68,74,92.71631849240079,0.00982840188976375,0.9915955119278997,1.0,4,8,2184616.11112,34734.983586
2024-09-02 16:00:00,schloemer,L65,68,76,95.07352946643205,0.02197935807919915,0.9963135852833501,1.0,4,8,2184616.11112,34734.983586
2024-09-02 16:00:00,schloemer,L66,69,70,77.85786124810713,5.739371646829028e-06,0.48417692438054716,0.9949881719468715,4,8,2184616.11112,34734.983586
2024-09-02 16:00:00,schloemer,L67,69,73,83.0072245689406,0.00011952897886335911,0.8271850462237331,0.9999992048612831,4,8,2184616.11112,34734.983586
2024-09-02 16:00:00,schloemer,L68,69,74,86.23665268809826,0.0006305738239631431,0.9301199978511484,0.9999999994328114,4,8,2184616.11112,34734.983586
2024-09-02 16:00:00,schloemer,L69,70,71,70.9076702793403,4.9874661511850604e-08,0.045772480770025825,0.31259068883261054,4,8,2184616.11112,34734.983586
2024-09-02 16:00:00,schloemer,L70,70,72,70.19406181366489,2.9602714057830326e-08,0.0299512982940624,0.21594187693516198,4,8,2184616.11112,34734.983586
2024-09-02 16:00:00,schloemer,L71,73,74,86.37366641798046,0.0006737766644550058,0.9329431341920055,0.9999999995922677,4,8,2184616.11112,34734.983586
2024-09-02 16:00:00,schloemer,L72,74,76,92.04753094499797,0.007677780460489725,0.989417470031359,0.9999999999999999,4,8,2184616.11112,34734.983586
2024-09-02 16:00:00,schloemer,L73,74,117,87.48561433944235,0.0011386931218410057,0.9523556468169996,0.999999999973569,4,8,2184616.11112,34734.983586
2024-09-02 16:00:00,schloemer,L74,75,76,90.66322055040183,0.004484645320290581,0.9830602794526124,0.9999999999999933,4,8,2184616.11112,34734.983586
2024-09-02 16:00:00,schloemer,L75,75,117,86.20236648683724,0.0006201690675121663,0.9293973742020132,0.9999999993841299,4,8,2184616.11112,34734.983586
2024-09-02 16:00:00,schloemer,L76,76,77,91.59531351103671,0.006466488081969368,0.9876466195753382,0.9999999999999994,4,8,2184616.11112,34734.983586
2024-09-02 16:00:00,schloemer,L77,76,79,95.11239599574579,0.02225417288573084,0.996363769612901,1.0,4,8,2184616.11112,34734.983586
2024-09-02 16:00:00,schloemer,L78,76,79,95.11239599574579,0.02225417288573084,0.996363769612901,1.0,4,8,2184616.11112,34734.983586
2024-09-02 16:00:00,schloemer,L79,76,81,92.85736992886527,0.010342894333475794,0.9919960118762623,1.0,4,8,2184616.11112,34734.983586
2024-09-02 16:00:00,schloemer,L80,77,78,88.6591691961643,0.0019316404729077252,0.9671911057679571,0.9999999999986677,4,8,2184616.11112,34734.983586
2024-09-02 16:00:00,schloemer,L81,78,79,91.93795096633524,0.007367479265661836,0.9890122362254261,0.9999999999999998,4,8,2184616.11112,34734.983586
2024-09-02 16:00:00,schloemer,L82,79,95,93.58847717303617,0.013395098925979565,0.9937925909355282,1.0,4,8,2184616.11112,34734.983586
2024-09-02 16:00:00,schloemer,L83,79,96,92.59849622682654,0.009415653146361835,0.9912461538094494,1.0,4,8,2184616.11112,34734.983586
2024-09-02 16:00:00,schloemer,L84,79,97,92.07493301246473,0.0077571260638403805,0.9895165332831227,0.9999999999999999,4,8,2184616.11112,34734.983586
2024-09-02 16:00:00,schloemer,L85,79,98,95.75323098413563,0.02720821549037089,0.9971004634331319,1.0,4,8,2184616.11112,34734.983586
2024-09-02 16:00:00,schloemer,L86,80,67,81.73778936802807,5.719227823564044e-05,0.7617520117359073,1.0,30,72,2186055.70436,34781.856812
2024-09-02 16:00:00,schloemer,L87,80,79,98.66718175883878,0.06099522413106773,0.9989586754483759,1.0,28,69,2185981.58126,34779.386042
2024-09-02 16:00:00,schloemer,L88,81,82,86.48283377772061,0.0007101288501544234,0.9351199323335727,0.9999999996869193,4,8,2184616.11112,34734.983586
2024-09-02 16:00:00,schloemer,L89,81,95,91.18790393030358,0.00552163661730698,0.9858106852510746,0.9999999999999984,4,8,2184616.11112,34734.983586
2024-09-02 16:00:00,schloemer,L90,93,95,89.55122105015006,0.002836758826913699,0.9754722020328478,0.9999999999998704,4,8,2184616.11112,34734.983586
2024-09-02 16:00:00,schloemer,L91,95,96,90.3451865672455,0.0039434343841975306,0.9811539850936402,0.9999999999999843,4,8,2184616.11112,34734.983586
2024-09-02 16:00:00,schloemer,L92,115,67,66.32782903105321,1.594372966984281e-09,0.001216553437802026,0.03468571610808202,13,29,2185126.88168,34750.896056
2024-09-02 17:00:00,schloemer,L0,22,23,67.08406601259396,2.877840965531675e-09,0.0026253232475144106,0.020810622209418317,4,8,2184616.11112,34734.983586
2024-09-02 17:00:00,schloemer,L1,23,69,74.70406723700223,7.232342315033335e-07,0.2308675722801492,0.8775362028044407,4,8,2184616.11112,34734.983586
2024-09-02 17:00:00,schloemer,L2,23,71,68.33728844648645,7.438275106963488e-09,0.007937037324312057,0.06176014708500899,4,8,2184616.11112,34734.983586
2024-09-02 17:00:00,schloemer,L3,29,37,94.51462780126798,0.01832777492224258,0.9955120009379353,1.0,4,8,2184616.11112,34734.983586
2024-09-02 17:00:00,schloemer,L4,32,36,96.08124248823397,0.03007142494283055,0.997418384602728,1.0,4,8,2184616.11112,34734.983586
2024-09-02 17:00:00,schloemer,L5,33,36,91.35111002585661,0.005884519174696234,0.9865754874497585,0.999999999999999,4,8,2184616.11112,34734.983586
2024-09-02 17:00:00,schloemer,L6,33,42,84.49705221873711,0.00026367957790740526,0.8842411405128803,0.9999999677911072,4,8,2184616.11112,34734.983586
2024-09-02 17:00:00,schloemer,L7,34,36,96.9670366445375,0.039030630241682185,0.9981145976249759,1.0,4,8,2184616.11112,34734.983586
2024-09-02 17:00:00,schloemer,L8,36,38,91.01873239158262,0.005166367012552464,0.9849740899607201,0.9999999999999974,4,8,2184616.11112,34734.983586
2024-09-02 17:00:00,schloemer,L9,36,39,82.8651943146753,0.00011061124680300516,0.8207615458578623,0.9999989352262029,4,8,2184616.11112,34734.983586
2024-09-02 17:00:00,schloemer,L10,37,36,92.10743028884214,0.007736974383863449,0.9895631380085844,1.0,20,48,2185542.33716,34764.744572
2024-09-02 17:00:00,schloemer,L11,37,64,87.581275338766,0.001189978218254395,0.9537619344202682,0.9999999999792064,4,8,2184616.11112,34734.983586
2024-09-02 17:00:00,schloemer,L12,38,39,73.92742042773729,4.24804551979463e-07,0.17879134338756986,0.793163389575987,4,8,2184616.11112,34734.983586
2024-09-02 17:00:00,schloemer,L13,39,40,44.50178184390941,1.1102230246251565e-16,0.0,4.440892098500626e-16,4,8,2184616.11112,34734.983586
2024-09-02 17:00:00,schloemer,L14,39,41,55.733883637736454,3.872457909892546e-13,3.211875210240578e-13,4.118483332149481e-12,4,8,2184616.11112,34734.983586
2024-09-02 17:00:00,schloemer,L15,40,41,55.11762070083043,2.384759056894836e-13,3.4861002973229915e-14,1.2327916465437738e-12,4,8,2184616.11112,34734.983586
2024-09-02 17:00:00,schloemer,L16,41,48,90.5739602268747,0.004326488890176172,0.9825445748384856,0.9999999999999916,4,8,2184616.11112,34734.983586
2024-09-02 17:00:00,schloemer,L17,41,48,90.5739602268747,0.004326488890176172,0.9825445748384856,0.9999999999999916,4,8,2184616.11112,34734.983586
2024-09-02 17:00:00,schloemer,L18,42,43,82.70032220950547,0.00010104421087253623,0.813078668406142,0.9999985103117613,4,8,2184616.11112,34734.983586
2024-09-02 17:00:00,schloemer,L19,43,44,90.08004729821616,0.0035373489161488747,0.9794112796648808,0.9999999999999681,4,8,2184616.11112,34734.983586
2024-09-02 17:00:00,schloemer,L20,44,45,91.19760355950703,0.005542641204429821,0.9858572790220147,0.9999999999999984,4,8,2184616.11112,34734.983586
2024-09-02 17:00:00,schloemer,L21,44,48,91.10565351053323,0.005346313043340656,0.9854096471732823,0.999999999999998,4,8,2184616.11112,34734.983586
2024-09-02 17:00:00,schloemer,L22,45,46,90.4333232950766,0.0040872965749498835,0.9817017097682359,0.9999999999999877,4,8,2184616.11112,34734.983586
2024-09-02 17:00:00,schloemer,L23,45,47,88.3411979641849,0.001678247023058077,0.963659812580813,0.9999999999969788,4,8,2184616.11112,34734.983586
2024-09-02 17:00:00,schloemer,L24,46,48,90.6427619973364,0.004447951420094687,0.9829433733065754,0.999999999999993,4,8,2184616.11112,34734.983586
2024-09-02 17:00:00,schloemer,L25,46,68,91.66219184558967,0.006634385626043127,0.9879253644463855,0.9999999999999996,4,8,2184616.11112,34734.983586
2024-09-02 17:00:00,schloemer,L26,47,48,88.53394842401318,0.0018279958861637802,0.9658400681259373,0.9999999999981594,4,8,2184616.11112,34734.983586
2024-09-02 17:00:00,schloemer,L27,48,49,87.09848709525487,0.0009510744858859388,0.9462610787877708,0.9999999999307119,4,8,2184616.11112,34734.983586
2024-09-02 17:00:00,schloemer,L28,48,50,85.2657914021935,0.000390327009472613,0.906965969046744,0.999999994396537,4,8,2184616.11112,34734.983586
2024-09-02 17:00:00,schloemer,L29,48,53,85.88308897712344,0.0005305940768609574,0.9223471811870324,0.9999999986807235,4,8,2184616.11112,34734.983586
2024-09-02 17:00:00,schloemer,L30,48,53,85.88308897712344,0.0005305940768609574,0.9223471811870324,0.9999999986807235,4,8,2184616.11112,34734.983586
2024-09-02 17:00:00,schloemer,L31,48,65,90.50421273985562,0.004206359314184782,0.982131274033818,0.9999999999999898,4,8,2184616.11112,34734.983586
2024-09-02 17:00:00,schloemer,L32,48,65,90.50421273985562,0.004206359314184782,0.982131274033818,0.9999999999999898,4,8,2184616.11112,34734.983586
2024-09-02 17:00:00,schloemer,L33,48,68,91.68261445738199,0.0066864087066585975,0.9880092750445401,0.9999999999999996,4,8,2184616.11112,34734.983586
2024-09-02 17:00:00,schloemer,L34,49,56,80.70507910718273,3.25387937060162e-05,0.7003390976799287,0.9999349894056335,4,8,2184616.11112,34734.983586
2024-09-02 17:00:00,schloemer,L35,50,51,76.01379944703159,1.740486638479588e-06,0.3309779969435942,0.9598652847142877,4,8,2184616.11112,34734.983586
2024-09-02 17:00:00,schloemer,L36,50,57,77.12634447320627,3.5976797013725914e-06,0.42299091881186146,0.9877127431549065,4,8,2184616.11112,34734.983586
2024-09-02 17:00:00,schloemer,L37,51,52,72.6489779384741,1.7388122452999255e-07,0.10851776700851046,0.6010658308415153,4,8,2184616.11112,34734.983586
2024-09-02 17:00:00,schloemer,L38,52,53,76.52327616068902,2.4327132313040067e-06,0.372685847425261,0.9760184936680661,4,8,2184616.11112,34734.983586
2024-09-02 17:00:00,schloemer,L39,53,54,78.03419320101148,6.4152074937817716e-06,0.49879929017088687,0.9960181740302569,4,8,2184616.11112,34734.983586
2024-09-02 17:00:00,schloemer,L40,53,55,78.25852756780422,7.385945635873803e-06,0.5172705818154084,0.9970513902435877,4,8,2184616.11112,34734.983586
2024-09-02 17:00:00,schloemer,L41,53,58,79.71905064798598,1.8117373214221466e-05,0.6315797306474922,0.9996605962374715,4,8,2184616.11112,34734.983586
2024-09-02 17:00:00,schloemer,L42,54,55,75.77296272055042,1.483701229321177e-06,0.3116779843694255,0.9496115839901689,4,8,2184616.11112,34734.983586
2024-09-02 17:00:00,schloemer,L43,54,58,77.02687593530524,3.3741246093788035e-06,0.4146579615592014,0.9862192814264578,4,8,2184616.11112,34734.983586
2024-09-02 17:00:00,schloemer,L44,55,56,76.95402377379902,3.218941148519505e-06,0.40856014549003206,0.9850280248034186,4,8,2184616.11112,34734.983586
2024-09-02 17:00:00,schloemer,L45,55,57,75.36791806292531,1.1322097244192975e-06,0.28001837431535004,0.9277946565112387,4,8,2184616.11112,34734.983586
2024-09-02 17:00:00,schloemer,L46,55,58,77.39813097760052,4.28362004545324e-06,0.44577344540386243,0.9910979259906795,4,8,2184616.11112,34734.983586
2024-09-02 17:00:00,schloemer,L47,55,58,77.39813097760052,4.28362004545324e-06,0.44577344540386243,0.9910979259906795,4,8,2184616.11112,34734.983586
2024-09-02 17:00:00,schloemer,L48,58,59,78.68516543127649,9.634154106374915e-06,0.5518661495058301,0.9983735329637522,4,8,2184616.11112,34734.983586
2024-09-02 17:00:00,schloemer,L49,58,60,80.28362394855833,2.538554159658979e-05,0.6719281215143643,0.9998658137726527,4,8,2184616.11112,34734.983586
2024-09-02 17:00:00,schloemer,L50,59,60,80.18265867071071,2.3909005871236566e-05,0.6648993386306392,0.9998410133182628,4,8,2184616.11112,34734.983586
2024-09-02 17:00:00,schloemer,L51,59,61,81.91168583843346,6.511123615515757e-05,0.7729001517458476,0.9999929267071576,4,8,2184616.11112,34734.983586
2024-09-02 17:00:00,schloemer,L52,60,61,83.53423879054296,0.00015886725603420082,0.849475637566125,0.9999997366226835,4,8,2184616.11112,34734.983586
2024-09-02 17:00:00,schloemer,L53,61,65,88.35689272202028,0.0016900118596357983,0.9638420209957194,0.999999999997098,4,8,2184616.11112,34734.983586
2024-09-02 17:00:00,schloemer,L54,61,66,87.00640630524045,0.0009108255876008053,0.9447119058558541,0.9999999999130099,4,8,2184616.11112,34734.983586
2024-09-02 17:00:00,schloemer,L55,62,58,80.30493961495971,2.541685268320215e-05,0.6727250851269562,0.9999999999999972,13,30,2185148.89802,34751.629934
2024-09-02 17:00:00,schloemer,L56,62,63,85.56187646457653,0.0004526552304773279,0.9146430055952011,0.9999999971872807,4,8,2184616.11112,34734.983586
2024-09-02 17:00:00,schloemer,L57,63,60,85.48766270969797,0.00042858194618733414,0.9123245134549218,1.0,20,47,2185512.78098,34763.759366
2024-09-02 17:00:00,schloemer,L58,63,64,91.5817030701488,0.006432777178339788,0.9875891412058613,0.9999999999999994,4,8,2184616.11112,34734.983586
2024-09-02 17:00:00,schloemer,L59,64,65,91.3429343978635,0.0057769400859793985,0.9864489378467273,1.0,20,48,2185545.98792,34764.866264
2024-09-02 17:00:00,schloemer,L60,64,67,77.3295295643261,3.9226827787119944e-06,0.4372248530171019,1.0,38,93,2186503.81292,34796.793764
2024-09-02 17:00:00,schloemer,L61,65,66,89.84854442897931,0.0032136436867237217,0.9777663815798334,0.999999999999941,4,8,2184616.11112,34734.983586
2024-09-02 17:00:00,schloemer,L62,67,68,93.54295975796879,0.012914066182755257,0.9936288094780384,1.0,28,68,2185978.45538,34779.281846
2024-09-02 17:00:00,schloemer,L63,68,69,86.41195195617621,0.0006863261509713059,0.9337137883232781,0.9999999996282997,4,8,2184616.11112,34734.983586
2024-09-02 17:00:00,schloemer,L64,68,74,89.77191736589958,0.0031124677826734892,0.9771952127570767,0.9999999999999277,4,8,2184616.11112,34734.983586
2024-09-02 17:00:00,schloemer,L65,68,76,92.60377209627002,0.00943381092768203,0.9912620936174941,1.0,4,8,2184616.11112,34734.983586
2024-09-02 17:00:00,schloemer,L66,69,70,75.11364870879859,9.543162812208905e-07,0.26075051572310215,0.9108078600388921,4,8,2184616.11112,34734.983586
2024-09-02 17:00:00,schloemer,L67,69,73,79.97859158341576,2.117047809180317e-05,0.6504402956393435,0.9997770876503288,4,8,2184616.11112,34734.983586
2024-09-02 17:00:00,schloemer,L68,69,74,83.0932774759985,0.0001252559497302297,0.830989910087788,0.9999993345989883,4,8,2184616.11112,34734.983586
2024-09-02 17:00:00,schloemer,L69,70,71,68.63259968262072,9.285700319772161e-09,0.010036873326076279,0.07753025079171194,4,8,2184616.11112,34734.983586
2024-09-02 17:00:00,schloemer,L70,70,72,68.02530849608904,5.879401521191596e-09,0.006129743499771023,0.0479987046735898,4,8,2184616.11112,34734.983586
2024-09-02 17:00:00,schloemer,L71,73,74,83.27791541240494,0.00013842415773845929,0.8389345937631554,0.9999995473341889,4,8,2184616.11112,34734.983586
2024-09-02 17:00:00,schloemer,L72,74,76,89.1356761654655,0.0023762399890393526,0.9718924723230264,0.9999999999996141,4,8,2184616.11112,34734.983586
2024-09-02 17:00:00,schloemer,L73,74,117,84.46809189751738,0.00025975621999996257,0.8833015100883701,0.9999999656386207,4,8,2184616.11112,34734.983586
2024-09-02 17:00:00,schloemer,L74,75,76,87.94723072796627,0.001406168506693839,0.9588004563516032,0.9999999999917454,4,8,2184616.11112,34734.983586
2024-09-02 17:00:00,schloemer,L75,75,117,83.42985975384818,0.00015022299840783404,0.8452509452710764,0.9999996713277369,4,8,2184616.11112,34734.983586
2024-09-02 17:00:00,schloemer,L76,76,77,89.09960522080225,0.002339620407392884,0.9715597738927181,0.999999999999576,4,8,2184616.11112,34734.983586
2024-09-02 17:00:00,schloemer,L77,76,79,92.93505082927976,0.010635981067083633,0.9922086135194798,1.0,4,8,2184616.11112,34734.983586
2024-09-02 17:00:00,schloemer,L78,76,79,92.93505082927976,0.010635981067083633,0.9922086135194798,1.0,4,8,2184616.11112,34734.983586
2024-09-02 17:00:00,schloemer,L79,76,81,90.6243609744625,0.004415174676536515,0.9828375704211331,0.9999999999999926,4,8,2184616.11112,34734.983586
2024-09-02 17:00:00,schloemer,L80,77,78,86.61219296210717,0.000755532972372408,0.9376181663288334,0.99999999977136,4,8,2184616.11112,34734.983586
2024-09-02 17:00:00,schloemer,L81,78,79,90.16234885700499,0.003659230717139028,0.9799678897659216,0.9999999999999745,4,8,2184616.11112,34734.983586
2024-09-02 17:00:00,schloemer,L82,79,95,92.34967678122746,0.008592801660933125,0.9904616276877175,0.9999999999999999,4,8,2184616.11112,34734.983586
2024-09-02 17:00:00,schloemer,L83,79,96,91.34966400162922,0.005881214411683433,0.9865688876412769,0.999999999999999,4,8,2184616.11112,34734.983586
2024-09-02 17:00:00,schloemer,L84,79,97,90.66515570763526,0.004488129967402665,0.9830712980236134,0.9999999999999933,4,8,2184616.11112,34734.983586
2024-09-02 17:00:00,schloemer,L85,79,98,94.51489148587197,0.018329370350746332,0.9955124167790703,1.0,4,8,2184616.11112,34734.983586
2024-09-02 17:00:00,schloemer,L86,80,67,90.13943927813207,0.003535356800778988,0.9796138530086916,1.0,30,72,2186055.70436,34781.856812
2024-09-02 17:00:00,schloemer,L87,80,79,97.132340761418,0.04019986301466305,0.9982028666206796,1.0,28,69,2185981.58126,34779.386042
2024-09-02 17:00:00,schloemer,L88,81,82,85.09212043414716,0.0003575690910485596,0.9021937702436544,0.9999999916379864,4,8,2184616.11112,34734.983586
2024-09-02 17:00:00,schloemer,L89,81,95,89.91825415466039,0.00330822172057188,0.9782742752134096,0.999999999999951,4,8,2184616.11112,34734.983586
2024-09-02 17:00:00,schloemer,L90,93,95,89.26427008160726,0.0025110137803554533,0.9730492663474105,0.9999999999997244,4,8,2184616.11112,34734.983586
2024-09-02 17:00:00,schloemer,L91,95,96,89.54303879182602,0.002826970458416067,0.975406033241348,0.9999999999998677,4,8,2184616.11112,34734.983586
2024-09-02 17:00:00,schloemer,L92,115,67,83.53610420400112,0.00015740622506243973,0.8491591852817778,1.0,13,29,2185126.88168,34750.896056
2024-09-02 18:00:00,schloemer,L0,22,23,65.08369739114099,6.171876343330496e-10,0.00029573799225424136,0.0023634589420021834,4,8,2184616.11112,34734.983586
2024-09-02 18:00:00,schloemer,L1,23,69,72.2042218881616,1.268233765783222e-07,0.08893246191819326,0.5253162534488143,4,8,2184616.11112,34734.983586
2024-09-02 18:00:00,schloemer,L2,23,71,66.28528123614974,1.5612043879897897e-09,0.0011725261256748665,0.009341810441792497,4,8,2184616.11112,34734.983586
2024-09-02 18:00:00,schloemer,L3,29,37,92.91198641729713,0.010548226314152642,0.9921460678181654,1.0,4,8,2184616.11112,34734.983586
2024-09-02 18:00:00,schloemer,L4,32,36,89.52060607606083,0.002800289101473008,0.9752237642059595,0.9999999999998596,4,8,2184616.11112,34734.983586
2024-09-02 18:00:00,schloemer,L5,33,36,84.24589889346063,0.00023141489683109473,0.8758802473819189,0.9999999437237493,4,8,2184616.11112,34734.983586
2024-09-02 18:00:00,schloemer,L6,33,42,81.18737581921282,4.306699685996396e-05,0.730937509168311,0.9999725368436089,4,8,2184616.11112,34734.983586
2024-09-02 18:00:00,schloemer,L7,34,36,93.89871725073374,0.01490437552047974,0.9944301850707257,1.0,4,8,2184616.11112,34734.983586
2024-09-02 18:00:00,schloemer,L8,36,38,79.69079505193945,1.781156660074501e-05,0.62949573224294,0.9996449293485424,4,8,2184616.11112,34734.983586
2024-09-02 18:00:00,schloemer,L9,36,39,70.52766529937978,3.7803637886746344e-08,0.03672069367302777,0.2586594097544693,4,8,2184616.11112,34734.983586
2024-09-02 18:00:00,schloemer,L10,37,36,87.07457843190721,0.0009241520968114036,0.945553290826484,1.0,20,48,2185542.33716,34764.744572
2024-09-02 18:00:00,schloemer,L11,37,64,87.4938688703917,0.001143037747521114,0.952478504909451,0.9999999999741099,4,8,2184616.11112,34734.983586
2024-09-02 18:00:00,schloemer,L12,38,39,54.700441876977685,1.7197354651443675e-13,7.216449660063518e-15,7.456257833382551e-13,4,8,2184616.11112,34734.983586
2024-09-02 18:00:00,schloemer,L13,39,40,43.24574314688744,0.0,0.0,0.0,4,8,2184616.11112,34734.983586
2024-09-02 18:00:00,schloemer,L14,39,41,64.75139854004706,4.767544137251889e-10,0.00019456904984394008,0.0015554947159641674,4,8,2184616.11112,34734.983586
2024-09-02 18:00:00,schloemer,L15,40,41,69.63062512216068,1.953587047687222e-08,0.02074782025928512,0.15441680849797823,4,8,2184616.11112,34734.983586
2024-09-02 18:00:00,schloemer,L16,41,48,91.13328030426807,0.005404648508188559,0.9855455421422677,0.9999999999999981,4,8,2184616.11112,34734.983586
2024-09-02 18:00:00,schloemer,L17,41,48,91.13328030426807,0.005404648508188559,0.9855455421422677,0.9999999999999981,4,8,2184616.11112,34734.983586
2024-09-02 18:00:00,schloemer,L18,42,43,86.00836603956121,0.0005642141253139332,0.925183670884802,0.9999999990205308,4,8,2184616.11112,34734.983586
2024-09-02 18:00:00,schloemer,L19,43,44,91.05043133081787,0.005231364218116541,0.9851343490616772,0.9999999999999977,4,8,2184616.11112,34734.983586
2024-09-02 18:00:00,schloemer,L20,44,45,89.36596078159513,0.00262240221252541,0.9739324218645493,0.9999999999997891,4,8,2184616.11112,34734.983586
2024-09-02 18:00:00,schloemer,L21,44,48,89.47126333480757,0.0027423921109285265,0.9748183863630174,0.9999999999998401,4,8,2184616.11112,34734.983586
2024-09-02 18:00:00,schloemer,L22,45,46,87.95329038039681,0.0014100307174370608,0.958879499198245,0.9999999999918714,4,8,2184616.11112,34734.983586
2024-09-02 18:00:00,schloemer,L23,45,47,85.7007418332801,0.00048495112014279584,0.9180512852873677,0.999999997970007,4,8,2184616.11112,34734.983586
2024-09-02 18:00:00,schloemer,L24,46,48,88.40649201669252,0.0017276836124138217,0.9644123308357521,0.999999999997445,4,8,2184616.11112,34734.983586
2024-09-02 18:00:00,schloemer,L25,46,68,89.06723148574297,0.002307186711795084,0.9712580578322203,0.9999999999995386,4,8,2184616.11112,34734.983586
2024-09-02 18:00:00,schloemer,L26,47,48,86.05052092897732,0.0005759614253985079,0.9261175543389566,0.9999999991142131,4,8,2184616.11112,34734.983586
2024-09-02 18:00:00,schloemer,L27,48,49,84.71633993690773,0.0002952267735637504,0.8911536931129493,0.999999980321289,4,8,2184616.11112,34734.983586
2024-09-02 18:00:00,schloemer,L28,48,50,82.80614771877948,0.00010709109806561479,0.8180381055864582,0.9999987986831992,4,8,2184616.11112,34734.983586
2024-09-02 18:00:00,schloemer,L29,48,53,83.65140729616746,0.0001691245738210112,0.8541083772839848,0.999999794907861,4,8,2184616.11112,34734.983586
2024-09-02 18:00:00,schloemer,L30,48,53,83.65140729616746,0.0001691245738210112,0.8541083772839848,0.999999794907861,4,8,2184616.11112,34734.983586
2024-09-02 18:00:00,schloemer,L31,48,65,88.90207604948729,0.0021479290768120496,0.9696719677848671,0.9999999999992903,4,8,2184616.11112,34734.983586
2024-09-02 18:00:00,schloemer,L32,48,65,88.90207604948729,0.0021479290768120496,0.9696719677848671,0.9999999999992903,4,8,2184616.11112,34734.983586
2024-09-02 18:00:00,schloemer,L33,48,68,89.50191192678746,0.002778226661356298,0.9750709058506141,0.9999999999998525,4,8,2184616.11112,34734.983586
2024-09-02 18:00:00,schloemer,L34,49,56,78.52028575242596,8.696910301697613e-06,0.5385901257688218,0.9979456238440371,4,8,2184616.11112,34734.983586
2024-09-02 18:00:00,schloemer,L35,50,51,73.9072826880065,4.189383333574881e-07,0.17752945076356008,0.7906070194463328,4,8,2184616.11112,34734.983586
2024-09-02 18:00:00,schloemer,L36,50,57,75.03646433668506,9.058977427089943e-07,0.25500551622256806,0.9051094676884581,4,8,2184616.11112,34734.983586
2024-09-02 18:00:00,schloemer,L37,51,52,70.84450500557254,4.763463368195886e-08,0.044163784257252536,0.303264772575095,4,8,2184616.11112,34734.983586
2024-09-02 18:00:00,schloemer,L38,52,53,74.69458764797794,7.185880498417063e-07,0.23019426433293,0.8766759176510556,4,8,2184616.11112,34734.983586
2024-09-02 18:00:00,schloemer,L39,53,54,76.34801544641894,2.1689841979144475e-06,0.35822594815082953,0.9712224735236795,4,8,2184616.11112,34734.983586
2024-09-02 18:00:00,schloemer,L40,53,55,76.4689190629503,2.347773638056161e-06,0.36819051750239873,0.9746086940074483,4,8,2184616.11112,34734.983586
2024-09-02 18:00:00,schloemer,L41,53,58,78.0608987237146,6.524000536467511e-06,0.5010065178551153,0.9961563162306106,4,8,2184616.11112,34734.983586
2024-09-02 18:00:00,schloemer,L42,54,55,74.22129200150597,5.200546837613729e-07,0.19773202896439324,0.8283852033060662,4,8,2184616.11112,34734.983586
2024-09-02 18:00:00,schloemer,L43,54,58,75.60781614754931,1.3292183783653044e-06,0.2986382505035525,0.9414490014858459,4,8,2184616.11112,34734.983586
2024-09-02 18:00:00,schloemer,L44,55,56,75.13434865474167,9.677221556314564e-07,0.2622997532247354,0.9122922946783539,4,8,2184616.11112,34734.983586
2024-09-02 18:00:00,schloemer,L45,55,57,73.59194323639882,3.367280017041452e-07,0.1583937558977282,0.7483070756146181,4,8,2184616.11112,34734.983586
2024-09-02 18:00:00,schloemer,L46,55,58,75.86650581977356,1.578761619769331e-06,0.31913658233059083,0.9538175189119139,4,8,2184616.11112,34734.983586
2024-09-02 18:00:00,schloemer,L47,55,58,75.86650581977356,1.578761619769331e-06,0.31913658233059083,0.9538175189119139,4,8,2184616.11112,34734.983586
2024-09-02 18:00:00,schloemer,L48,58,59,77.52431573529923,4.643311731777899e-06,0.45634152907330994,0.9923686528826622,4,8,2184616.11112,34734.983586
2024-09-02 18:00:00,schloemer,L49,58,60,79.05029822256438,1.2065879927081191e-05,0.5807705119858536,0.9990459006037898,4,8,2184616.11112,34734.983586
2024-09-02 18:00:00,schloemer,L50,59,60,79.19138369051768,1.3154420531291677e-05,0.5917342548296478,0.9992281717148604,4,8,2184616.11112,34734.983586
2024-09-02 18:00:00,schloemer,L51,59,61,80.86037297865002,3.562811131763155e-05,0.710418661143969,0.999950557242939,4,8,2184616.11112,34734.983586
2024-09-02 18:00:00,schloemer,L52,60,61,82.42501141770363,8.678273472584319e-05,0.7997010095414994,0.9999974101219227,4,8,2184616.11112,34734.983586
2024-09-02 18:00:00,schloemer,L53,61,65,86.96740611492118,0.0008942530804491033,0.9440437774574205,0.9999999999042293,4,8,2184616.11112,34734.983586
2024-09-02 18:00:00,schloemer,L54,61,66,85.87174340733141,0.0005276424264079038,0.9220857266515767,0.9999999986447502,4,8,2184616.11112,34734.983586
2024-09-02 18:00:00,schloemer,L55,62,58,78.98473519877595,1.1455863901721486e-05,0.574878614261991,0.9999999999928332,13,30,2185148.89802,34751.629934
2024-09-02 18:00:00,schloemer,L56,62,63,84.25148734621753,0.00023209090338649485,0.8760715554920395,0.9999999444140849,4,8,2184616.11112,34734.983586
2024-09-02 18:00:00,schloemer,L57,63,60,84.27519279318477,0.00023074020142055396,0.876290877006421,1.0,20,47,2185512.78098,34763.759366
2024-09-02 18:00:00,schloemer,L58,63,64,90.72124114375247,0.004590167762922204,0.9833876999992817,0.9999999999999943,4,8,2184616.11112,34734.983586
2024-09-02 18:00:00,schloemer,L59,64,65,90.90078323623672,0.004854758198988396,0.9842607976745934,1.0,20,48,2185545.98792,34764.866264
2024-09-02 18:00:00,schloemer,L60,64,67,86.58256227881228,0.0007179433370333443,0.9363348296325509,1.0,38,93,2186503.81292,34796.793764
2024-09-02 18:00:00,schloemer,L61,65,66,88.56037271773145,0.0018494395299766264,0.966129372577177,0.9999999999982806,4,8,2184616.11112,34734.983586
2024-09-02 18:00:00,schloemer,L62,67,68,92.81038266003156,0.009953750377374004,0.9917828227220413,1.0,28,68,2185978.45538,34779.281846
2024-09-02 18:00:00,schloemer,L63,68,69,83.29124595474188,0.00013942346287854068,0.8394967054878562,0.999999559820929,4,8,2184616.11112,34734.983586
2024-09-02 18:00:00,schloemer,L64,68,74,86.6929784902525,0.000785223741820773,0.9391346448377683,0.9999999998122427,4,8,2184616.11112,34734.983586
2024-09-02 18:00:00,schloemer,L65,68,76,89.75630722150215,0.0030922084703398633,0.9770771781911198,0.9999999999999247,4,8,2184616.11112,34734.983586
2024-09-02 18:00:00,schloemer,L66,69,70,72.63147874823632,1.717434313652788e-07,0.10769925257052604,0.5981261423059545,4,8,2184616.11112,34734.983586
2024-09-02 18:00:00,schloemer,L67,69,73,77.19248782010527,3.754158763080717e-06,0.42853501884807066,0.9886260724539785,4,8,2184616.11112,34734.983586
2024-09-02 18:00:00,schloemer,L68,69,74,80.14823282279423,2.342451489889541e-05,0.6624836385866352,0.9998316093586816,4,8,2184616.11112,34734.983586
2024-09-02 18:00:00,schloemer,L69,70,71,66.59929007428349,1.986595110636813e-09,0.0016257177107461551,0.012931986830565845,4,8,2184616.11112,34734.983586
2024-09-02 18:00:00,schloemer,L70,70,72,66.08187088628303,1.3350957006608155e-09,0.0009421182540177986,0.007512145674631765,4,8,2184616.11112,34734.983586
2024-09-02 18:00:00,schloemer,L71,73,74,80.3687542198647,2.669751795891795e-05,0.6777887763070489,0.9998838340267777,4,8,2184616.11112,34734.983586
2024-09-02 18:00:00,schloemer,L72,74,76,86.20915777417957,0.0006222173687037147,0.9295410285152722,0.9999999993940886,4,8,2184616.11112,34734.983586
2024-09-02 18:00:00,schloemer,L73,74,117,81.59585493158956,5.443455085418769e-05,0.7551985751760157,0.9999871051301036,4,8,2184616.11112,34734.983586
2024-09-02 18:00:00,schloemer,L74,75,76,85.23951750251564,0.0003851988904268744,0.9062570191662613,0.999999994045562,4,8,2184616.11112,34734.983586
2024-09-02 18:00:00,schloemer,L75,75,117,80.78018695437346,3.3999748596191814e-05,0.7052407164746411,0.9999430254540209,4,8,2184616.11112,34734.983586
2024-09-02 18:00:00,schloemer,L76,76,77,86.54970429397069,0.0007332772828346767,0.9364222220264724,0.9999999997338243,4,8,2184616.11112,34734.983586
2024-09-02 18:00:00,schloemer,L77,76,79,90.56076193329696,0.004303526800790269,0.9824670683002502,0.9999999999999912,4,8,2184616.11112,34734.983586
2024-09-02 18:00:00,schloemer,L78,76,79,90.56076193329696,0.004303526800790269,0.9824670683002502,0.9999999999999912,4,8,2184616.11112,34734.983586
2024-09-02 18:00:00,schloemer,L79,76,81,88.26227512697307,0.0016202016640349814,0.9627306888682979,0.9999999999963017,4,8,2184616.11112,34734.983586
2024-09-02 18:00:00,schloemer,L80,77,78,84.48864236497204,0.0002625346179981891,0.8839689285500684,0.9999999671800215,4,8,2184616.11112,34734.983586
2024-09-02 18:00:00,schloemer,L81,78,79,88.1987536517604,0.0015748102539704378,0.9619670781313836,0.9999999999956495,4,8,2184616.11112,34734.983586
2024-09-02 18:00:00,schloemer,L82,79,95,90.80793824036957,0.004751928464314048,0.9838657591292803,0.9999999999999954,4,8,2184616.11112,34734.983586
2024-09-02 18:00:00,schloemer,L83,79,96,89.81489620039069,0.003168860096191106,0.9775172484374558,0.9999999999999355,4,8,2184616.11112,34734.983586
2024-09-02 18:00:00,schloemer,L84,79,97,89.00368945067859,0.002244699109713588,0.9706571810359218,0.9999999999994553,4,8,2184616.11112,34734.983586
2024-09-02 18:00:00,schloemer,L85,79,98,92.94542161495575,0.01067564290553391,0.9922365791350551,1.0,4,8,2184616.11112,34734.983586
2024-09-02 18:00:00,schloemer,L86,80,67,93.51957573463774,0.01279366151467698,0.9935729759623856,1.0,30,72,2186055.70436,34781.856812
2024-09-02 18:00:00,schloemer,L87,80,79,95.22353857812985,0.022614301347908983,0.9964667006694556,1.0,28,69,2185981.58126,34779.386042
2024-09-02 18:00:00,schloemer,L88,81,82,83.54261261305183,0.00015958055205500532,0.8498105628941266,0.9999997412753102,4,8,2184616.11112,34734.983586
2024-09-02 18:00:00,schloemer,L89,81,95,88.38930285850661,0.0017145429619441765,0.9642156285715072,0.9999999999973297,4,8,2184616.11112,34734.983586
2024-09-02 18:00:00,schloemer,L90,93,95,88.60958657677594,0.0018899834205974297,0.9666621638499201,0.9999999999984857,4,8,2184616.11112,34734.983586
2024-09-02 18:00:00,schloemer,L91,95,96,88.42541701047335,0.0017422565112685806,0.9646277447603788,0.9999999999975663,4,8,2184616.11112,34734.983586
2024-09-02 18:00:00,schloemer,L92,115,67,90.81304735499224,0.004722296070082899,0.9838357958144024,1.0,13,29,2185126.88168,34750.896056
2024-09-02 19:00:00,schloemer,L0,22,23,63.3134289835568,1.549976813564058e-10,2.5825984406480096e-05,0.0002065898205978467,4,8,2184616.11112,34734.983586
2024-09-02 19:00:00,schloemer,L1,23,69,69.96643330958925,2.5036763551256058e-08,0.0259143742395056,0.18945518159768726,4,8,2184616.11112,34734.983586
2024-09-02 19:00:00,schloemer,L2,23,71,64.46285180263816,3.8082470510403255e-10,0.00013337358076059846,0.0010664922222606288,4,8,2184616.11112,34734.983586
2024-09-02 19:00:00,schloemer,L3,29,37,91.18024800360998,0.0055051070410038205,0.9857738052500596,0.9999999999999983,4,8,2184616.11112,34734.983586
2024-09-02 19:00:00,schloemer,L4,32,36,78.26142989834159,7.399383254114156e-06,0.5175084384169677,0.9970629933896918,4,8,2184616.11112,34734.983586
2024-09-02 19:00:00,schloemer,L5,33,36,77.63854290744744,4.9938196184928785e-06,0.4658940947572612,0.9933776769547995,4,8,2184616.11112,34734.983586
2024-09-02 19:00:00,schloemer,L6,33,42,81.4484994816313,5.0040666339290496e-05,0.7466237023357031,0.9999830159618838,4,8,2184616.11112,34734.983586
2024-09-02 19:00:00,schloemer,L7,34,36,87.72391999577597,0.0012703654090854277,0.9557890267048951,0.9999999999854778,4,8,2184616.11112,34734.983586
2024-09-02 19:00:00,schloemer,L8,36,38,65.66898267798295,9.710184878386485e-10,0.0005936806858377608,0.004739592272305915,4,8,2184616.11112,34734.983586
2024-09-02 19:00:00,schloemer,L9,36,39,62.20401798324011,6.476386094078634e-11,4.223605310826883e-06,3.3788602049944494e-05,4,8,2184616.11112,34734.983586
2024-09-02 19:00:00,schloemer,L10,37,36,82.92401054025555,0.00011203087771682885,0.8226453153445786,1.0,20,48,2185542.33716,34764.744572
2024-09-02 19:00:00,schloemer,L11,37,64,88.457495991854,0.0017672124025663871,0.9649901416798827,0.9999999999977589,4,8,2184616.11112,34734.983586
2024-09-02 19:00:00,schloemer,L12,38,39,43.20372561416863,0.0,0.0,0.0,4,8,2184616.11112,34734.983586
2024-09-02 19:00:00,schloemer,L13,39,40,56.4838912909603,6.996625501187737e-13,3.996913910953026e-12,3.47739614880993e-11,4,8,2184616.11112,34734.983586
2024-09-02 19:00:00,schloemer,L14,39,41,76.06884324644223,1.804940096383767e-06,0.3354314569291901,0.9619534652662715,4,8,2184616.11112,34734.983586
2024-09-02 19:00:00,schloemer,L15,40,41,80.93913474926522,3.729940302765744e-05,0.7154488630996505,0.9999570248101259,4,8,2184616.11112,34734.983586
2024-09-02 19:00:00,schloemer,L16,41,48,90.2053702029145,0.003724414708666024,0.980253160642064,0.9999999999999772,4,8,2184616.11112,34734.983586
2024-09-02 19:00:00,schloemer,L17,41,48,90.2053702029145,0.003724414708666024,0.980253160642064,0.9999999999999772,4,8,2184616.11112,34734.983586
2024-09-02 19:00:00,schloemer,L18,42,43,88.66804336368469,0.0019391829193710075,0.9672849516468689,0.999999999998698,4,8,2184616.11112,34734.983586
2024-09-02 19:00:00,schloemer,L19,43,44,90.4236199723337,0.004071233710514877,0.9816421554048902,0.9999999999999873,4,8,2184616.11112,34734.983586
2024-09-02 19:00:00,schloemer,L20,44,45,87.00238875860931,0.0009091055060151954,0.9446434114934754,0.9999999999121434,4,8,2184616.11112,34734.983586
2024-09-02 19:00:00,schloemer,L21,44,48,87.2816559305097,0.0010360105566561417,0.9492272427753515,0.999999999956021,4,8,2184616.11112,34734.983586
2024-09-02 19:00:00,schloemer,L22,45,46,85.22552416327466,0.00038249322778793893,0.9058775568634911,0.9999999938499174,4,8,2184616.11112,34734.983586
2024-09-02 19:00:00,schloemer,L23,45,47,82.99981532825916,0.00011904755238945075,0.8268543847316703,0.9999991926066563,4,8,2184616.11112,34734.983586
2024-09-02 19:00:00,schloemer,L24,46,48,85.82756806736208,0.0005162935592588624,0.9210604051332018,0.9999999984952581,4,8,2184616.11112,34734.983586
2024-09-02 19:00:00,schloemer,L25,46,68,86.19730537544874,0.0006186466377565703,0.9292901504749075,0.9999999993766037,4,8,2184616.11112,34734.983586
2024-09-02 19:00:00,schloemer,L26,47,48,83.46037453838666,0.00015270341879247695,0.8464955946709035,0.9999996918930782,4,8,2184616.11112,34734.983586
2024-09-02 19:00:00,schloemer,L27,48,49,82.28566313775696,8.030876964570943e-05,0.7926658994990812,0.9999965862919269,4,8,2184616.11112,34734.983586
2024-09-02 19:00:00,schloemer,L28,48,50,80.37767057918391,2.683860256336157e-05,0.6783990923958934,0.9998855827509625,4,8,2184616.11112,34734.983586
2024-09-02 19:00:00,schloemer,L29,48,53,81.39268395554502,4.846572622518863e-05,0.7433233796091692,0.9999811632357045,4,8,2184616.11112,34734.983586
2024-09-02 19:00:00,schloemer,L30,48,53,81.39268395554502,4.846572622518863e-05,0.7433233796091692,0.9999811632357045,4,8,2184616.11112,34734.983586
2024-09-02 19:00:00,schloemer,L31,48,65,86.92600255346763,0.0008769616437224181,0.9433265701142789,0.9999999998939497,4,8,2184616.11112,34734.983586
2024-09-02 19:00:00,schloemer,L32,48,65,86.92600255346763,0.0008769616437224181,0.9433265701142789,0.9999999998939497,4,8,2184616.11112,34734.983586
2024-09-02 19:00:00,schloemer,L33,48,68,86.85214818906833,0.0008468757245493341,0.9420267925827538,0.999999999872841,4,8,2184616.11112,34734.983586
2024-09-02 19:00:00,schloemer,L34,49,56,76.41536453856747,2.2668903335576474e-06,0.3637706132908045,0.9731523757836744,4,8,2184616.11112,34734.983586
2024-09-02 19:00:00,schloemer,L35,50,51,71.93831167605828,1.0489691626425213e-07,0.07842376249104155,0.4797046283126478,4,8,2184616.11112,34734.983586
2024-09-02 19:00:00,schloemer,L36,50,57,73.06421956823652,2.329443919979468e-07,0.1290931402456743,0.669041693335823,4,8,2184616.11112,34734.983586
2024-09-02 19:00:00,schloemer,L37,51,52,69.15673310747071,1.37392618393406e-08,0.014882318152187324,0.11303825211373708,4,8,2184616.11112,34734.983586
2024-09-02 19:00:00,schloemer,L38,52,53,72.93769686381486,2.1313536302525193e-07,0.1225900264546198,0.6487469017687537,4,8,2184616.11112,34734.983586
2024-09-02 19:00:00,schloemer,L39,53,54,74.68531938793248,7.140734425981066e-07,0.2295368062532126,0.8758307858847876,4,8,2184616.11112,34734.983586
2024-09-02 19:00:00,schloemer,L40,53,55,74.71928199456623,7.307523364197266e-07,0.23195004223056248,0.8789082690016553,4,8,2184616.11112,34734.983586
2024-09-02 19:00:00,schloemer,L41,53,58,76.39755280372714,2.240590187940761e-06,0.3623026934023995,0.9726528061458417,4,8,2184616.11112,34734.983586
2024-09-02 19:00:00,schloemer,L42,54,55,72.6976979795418,1.7997074430731175e-07,0.11081734410694022,0.6092242992181445,4,8,2184616.11112,34734.983586
2024-09-02 19:00:00,schloemer,L43,54,58,74.17701897682664,5.044810659216026e-07,0.19481664416628064,0.8233321862401157,4,8,2184616.11112,34734.983586
2024-09-02 19:00:00,schloemer,L44,55,56,73.37876680575327,2.9028428161215203e-07,0.14613951662580216,0.7174503231981468,4,8,2184616.11112,34734.983586
2024-09-02 19:00:00,schloemer,L45,55,57,71.89258576719548,1.0151967111404758e-07,0.07670592010326849,0.47189505895059336,4,8,2184616.11112,34734.983586
2024-09-02 19:00:00,schloemer,L46,55,58,74.33843289906125,5.635465599729272e-07,0.20554866906401803,0.841314444469241,4,8,2184616.11112,34734.983586
2024-09-02 19:00:00,schloemer,L47,55,58,74.33843289906125,5.635465599729272e-07,0.20554866906401803,0.841314444469241,4,8,2184616.11112,34734.983586
2024-09-02 19:00:00,schloemer,L48,58,59,76.28764331639495,2.0846996249268557e-06,0.3532696081342086,0.9693956936463061,4,8,2184616.11112,34734.983586
2024-09-02 19:00:00,schloemer,L49,58,60,77.73251625933268,5.3011118060775075e-06,0.4737387898715838,0.9941169617594886,4,8,2184616.11112,34734.983586
2024-09-02 19:00:00,schloemer,L50,59,60,78.07945638367491,6.600641069831603e-06,0.5025390765990478,0.9962497492471938,4,8,2184616.11112,34734.983586
2024-09-02 19:00:00,schloemer,L51,59,61,79.67621702803412,1.765572187206743e-05,0.6284182271057853,0.9996365835776485,4,8,2184616.11112,34734.983586
2024-09-02 19:00:00,schloemer,L52,60,61,81.17204570450389,4.268762209957977e-05,0.7299972015368134,0.9999717595270231,4,8,2184616.11112,34734.983586
2024-09-02 19:00:00,schloemer,L53,61,65,85.41066233579444,0.0004197566864797553,0.9107932044004655,0.9999999959963678,4,8,2184616.11112,34734.983586
2024-09-02 19:00:00,schloemer,L54,61,66,84.5614296028176,0.000272599460559797,0.8863073912558421,0.9999999721141276,4,8,2184616.11112,34734.983586
2024-09-02 19:00:00,schloemer,L55,62,58,77.59376561952328,4.796363320402897e-06,0.4613603867495413,0.999999991311964,13,30,2185148.89802,34751.629934
2024-09-02 19:00:00,schloemer,L56,62,63,82.80149750947686,0.0001068183896123509,0.8178222933875461,0.9999987872360693,4,8,2184616.11112,34734.983586
2024-09-02 19:00:00,schloemer,L57,63,60,82.9112240158523,0.00011132200819563565,0.8220885993348708,1.0,20,47,2185512.78098,34763.759366
2024-09-02 19:00:00,schloemer,L58,63,64,89.5763487017365,0.002867008523247616,0.9756743645886662,0.9999999999998788,4,8,2184616.11112,34734.983586
2024-09-02 19:00:00,schloemer,L59,64,65,89.950352212799,0.0032992041795036897,0.9783674917008952,1.0,20,48,2185545.98792,34764.866264
2024-09-02 19:00:00,schloemer,L60,64,67,90.26584840059489,0.0036943970284389893,0.9803943130066743,1.0,38,93,2186503.81292,34796.793764
2024-09-02 19:00:00,schloemer,L61,65,66,87.07820505563892,0.0009420720028554541,0.9459232389520266,0.9999999999271469,4,8,2184616.11112,34734.983586
2024-09-02 19:00:00,schloemer,L62,67,68,90.7393128609999,0.0045176698918887315,0.9833305341026518,1.0,28,68,2185978.45538,34779.281846
2024-09-02 19:00:00,schloemer,L63,68,69,80.36928683783552,2.670592579090414e-05,0.6778252522904498,0.9998839391937369,4,8,2184616.11112,34734.983586
2024-09-02 19:00:00,schloemer,L64,68,74,83.6934755814703,0.00017295619124524375,0.8557436938790577,0.9999998125963796,4,8,2184616.11112,34734.983586
2024-09-02 19:00:00,schloemer,L65,68,76,86.82471571769341,0.0008359435384328595,0.9415372593677496,0.9999999998639869,4,8,2184616.11112,34734.983586
2024-09-02 19:00:00,schloemer,L66,69,70,70.4019686851081,3.4480850508167293e-08,0.03404622178217098,0.2420322908589303,4,8,2184616.11112,34734.983586
2024-09-02 19:00:00,schloemer,L67,69,73,74.66201519022029,7.028430928368579e-07,0.22788737207838716,0.8736881714276099,4,8,2184616.11112,34734.983586
2024-09-02 19:00:00,schloemer,L68,69,74,77.44230875477001,4.406388793509741e-06,0.4494747805061794,0.9915625717010423,4,8,2184616.11112,34734.983586
2024-09-02 19:00:00,schloemer,L69,70,71,64.78835934850619,4.906579587071747e-10,0.00020401737128372677,0.001630975958664016,4,8,2184616.11112,34734.983586
2024-09-02 19:00:00,schloemer,L70,70,72,64.34670038190198,3.4785385683022696e-10,0.00011413257747383554,0.0009126973583137854,4,8,2184616.11112,34734.983586
2024-09-02 19:00:00,schloemer,L71,73,74,77.68770214696411,5.1523698563205045e-06,0.4699996111332061,0.99377412272802,4,8,2184616.11112,34734.983586
2024-09-02 19:00:00,schloemer,L72,74,76,83.38517592196864,0.00014665885924525224,0.8434140148788145,0.9999996387828847,4,8,2184616.11112,34734.983586
2024-09-02 19:00:00,schloemer,L73,74,117,78.9214366675335,1.1147350386542243e-05,0.5706533633187897,0.998845363834557,4,8,2184616.11112,34734.983586
2024-09-02 19:00:00,schloemer,L74,75,76,82.62341326056381,9.685272452852889e-05,0.8094109378542365,0.9999982597344412,4,8,2184616.11112,34734.983586
2024-09-02 19:00:00,schloemer,L75,75,117,78.29706434268908,7.566291372662626e-06,0.5204262893362048,0.997202115393375,4,8,2184616.11112,34734.983586
2024-09-02 19:00:00,schloemer,L76,76,77,84.03446546182239,0.00020714743729011165,0.8684624672973035,0.9999999104557626,4,8,2184616.11112,34734.983586
2024-09-02 19:00:00,schloemer,L77,76,79,88.0977766243658,0.0015050203501425496,0.960723602831779,0.999999999994371,4,8,2184616.11112,34734.983586
2024-09-02 19:00:00,schloemer,L78,76,79,88.0977766243658,0.0015050203501425496,0.960723602831779,0.999999999994371,4,8,2184616.11112,34734.983586
2024-09-02 19:00:00,schloemer,L79,76,81,85.86530832792442,0.0005259750236371596,0.9219370920599357,0.9999999986239194,4,8,2184616.11112,34734.983586
2024-09-02 19:00:00,schloemer,L80,77,78,82.35968915804607,8.368901868482936e-05,0.7964253629171331,0.999997051209185,4,8,2184616.11112,34734.983586
2024-09-02 19:00:00,schloemer,L81,78,79,86.13366923393201,0.0005997956086399858,0.9279297084035498,0.9999999992738807,4,8,2184616.11112,34734.983586
2024-09-02 19:00:00,schloemer,L82,79,95,89.05068707386746,0.0022907681200111663,0.9711027198621726,0.9999999999995182,4,8,2184616.11112,34734.983586
2024-09-02 19:00:00,schloemer,L83,79,96,88.0798325339836,0.001492915883669177,0.9604987709498596,0.9999999999941076,4,8,2184616.11112,34734.983586
2024-09-02 19:00:00,schloemer,L84,79,97,87.17591789834847,0.000986171193978258,0.9475334776215013,0.9999999999428069,4,8,2184616.11112,34734.983586
2024-09-02 19:00:00,schloemer,L85,79,98,91.13172903903448,0.005401358175147086,0.9855379436602286,0.9999999999999981,4,8,2184616.11112,34734.983586
2024-09-02 19:00:00,schloemer,L86,80,67,93.78022695595583,0.014003921184927104,0.9941316065679849,1.0,30,72,2186055.70436,34781.856812
2024-09-02 19:00:00,schloemer,L87,80,79,93.00984599356079,0.010694937007956096,0.9923312281553129,1.0,28,69,2185981.58126,34779.386042
2024-09-02 19:00:00,schloemer,L88,81,82,81.89952682416032,6.466595154153154e-05,0.7722357833869464,0.9999927594490355,4,8,2184616.11112,34734.983586
2024-09-02 19:00:00,schloemer,L89,81,95,86.68300942515855,0.0007815028469545515,0.9389492998857791,0.9999999998076169,4,8,2184616.11112,34734.983586
2024-09-02 19:00:00,schloemer,L90,93,95,87.64836096510948,0.0012271889340350617,0.9547255621770577,0.9999999999824333,4,8,2184616.11112,34734.983586
2024-09-02 19:00:00,schloemer,L91,95,96,87.06670132965152,0.0009370005981441665,0.9457307737957434,0.999999999925045,4,8,2184616.11112,34734.983586
2024-09-02 19:00:00,schloemer,L92,115,67,92.7703075656399,0.00994584484147798,0.9917200372015775,1.0,13,29,2185126.88168,34750.896056
2024-09-02 20:00:00,schloemer,L0,22,23,61.74689258619551,4.5152659389202654e-11,1.8669577809271587e-06,1.4935745260902245e-05,4,8,2184616.11112,34734.983586
2024-09-02 20:00:00,schloemer,L1,23,69,67.9688657826857,5.63398738773202e-09,0.0058429555411092515,0.04579883183830402,4,8,2184616.11112,34734.983586
2024-09-02 20:00:00,schloemer,L2,23,71,62.84520648406399,1.0730016875015735e-10,1.2374785721358528e-05,9.899442724614627e-05,4,8,2184616.11112,34734.983586
2024-09-02 20:00:00,schloemer,L3,29,37,89.91954032180924,0.003309989766475452,0.9782835425943323,0.9999999999999512,4,8,2184616.11112,34734.983586
2024-09-02 20:00:00,schloemer,L4,32,36,65.5835540050552,9.089854424715327e-10,0.0005379501570977885,0.00429551065878897,4,8,2184616.11112,34734.983586
2024-09-02 20:00:00,schloemer,L5,33,36,75.0097200240344,8.89682825744309e-07,0.25302672859526065,0.9030742991560331,4,8,2184616.11112,34734.983586
2024-09-02 20:00:00,schloemer,L6,33,42,83.95774812933882,0.00019894556570720923,0.8656832386760775,0.9999998941487348,4,8,2184616.11112,34734.983586
2024-09-02 20:00:00,schloemer,L7,34,36,79.8965283067385,2.015574022429245e-05,0.6445327037120059,0.999745104485555,4,8,2184616.11112,34734.983586
2024-09-02 20:00:00,schloemer,L8,36,38,56.54364228908907,7.334133300673784e-13,4.846345547093733e-12,4.170441769701938e-11,4,8,2184616.11112,34734.983586
2024-09-02 20:00:00,schloemer,L9,36,39,63.07556378541566,1.285959116970048e-10,1.786206246534583e-05,0.00014288808086038163,4,8,2184616.11112,34734.983586
2024-09-02 20:00:00,schloemer,L10,37,36,81.55859408984172,5.223860476000208e-05,0.7520479035120169,1.0,20,48,2185542.33716,34764.744572
2024-09-02 20:00:00,schloemer,L11,37,64,89.34845468161902,0.00260291677045299,0.9737823386468325,0.9999999999997791,4,8,2184616.11112,34734.983586
2024-09-02 20:00:00,schloemer,L12,38,39,47.696783289751636,7.771561172376096e-16,0.0,3.1086244689504383e-15,4,8,2184616.11112,34734.983586
2024-09-02 20:00:00,schloemer,L13,39,40,71.47634466401158,7.52812447935014e-08,0.062245966613964754,0.40198593922625525,4,8,2184616.11112,34734.983586
2024-09-02 20:00:00,schloemer,L14,39,41,84.01416929221222,0.00020494738674547985,0.8677317895427148,0.9999999063974339,4,8,2184616.11112,34734.983586
2024-09-02 20:00:00,schloemer,L15,40,41,87.11613079762864,0.0009589697937092412,0.9465534281773405,0.9999999999336727,4,8,2184616.11112,34734.983586
2024-09-02 20:00:00,schloemer,L16,41,48,88.4489264422976,0.0017605142822132436,0.9648936677689829,0.999999999997709,4,8,2184616.11112,34734.983586
2024-09-02 20:00:00,schloemer,L17,41,48,88.4489264422976,0.0017605142822132436,0.9648936677689829,0.999999999997709,4,8,2184616.11112,34734.983586
2024-09-02 20:00:00,schloemer,L18,42,43,89.85704397707939,0.0032250448982512614,0.9778289005913772,0.9999999999999424,4,8,2184616.11112,34734.983586
2024-09-02 20:00:00,schloemer,L19,43,44,88.85831153323679,0.0021074197764791025,0.9692382490239245,0.9999999999992049,4,8,2184616.11112,34734.983586
2024-09-02 20:00:00,schloemer,L20,44,45,84.46532565216692,0.0002593843247419292,0.8832114278645679,0.9999999654258004,4,8,2184616.11112,34734.983586
2024-09-02 20:00:00,schloemer,L21,44,48,84.87262889421322,0.0003198151556008666,0.8958665102011815,0.9999999861908254,4,8,2184616.11112,34734.983586
2024-09-02 20:00:00,schloemer,L22,45,46,82.50632085946867,9.07841723990499e-05,0.8037237680134334,0.9999977981690061,4,8,2184616.11112,34734.983586
2024-09-02 20:00:00,schloemer,L23,45,47,80.38797157398233,2.7002479093707343e-05,0.6791033510799914,0.999887571984212,4,8,2184616.11112,34734.983586
2024-09-02 20:00:00,schloemer,L24,46,48,83.19162328829884,0.00013211607219076882,0.8352586024591188,0.9999994577588871,4,8,2184616.11112,34734.983586
2024-09-02 20:00:00,schloemer,L25,46,68,83.34366741802557,0.00014341912865400985,0.8416922866822751,0.9999996057538657,4,8,2184616.11112,34734.983586
2024-09-02 20:00:00,schloemer,L26,47,48,80.9200128695425,3.688694000214543e-05,0.7142327254310104,0.9999555332014862,4,8,2184616.11112,34734.983586
2024-09-02 20:00:00,schloemer,L27,48,49,79.91267933023322,2.0351716354838345e-05,0.6456995295986891,0.9997517218637393,4,8,2184616.11112,34734.983586
2024-09-02 20:00:00,schloemer,L28,48,50,78.05396662959994,6.495591621469288e-06,0.5004337769340612,0.9961208796703602,4,8,2184616.11112,34734.983586
2024-09-02 20:00:00,schloemer,L29,48,53,79.1846454210056,1.3100364003593157e-05,0.5912134127511806,0.9992202590488088,4,8,2184616.11112,34734.983586
2024-09-02 20:00:00,schloemer,L30,48,53,79.1846454210056,1.3100364003593157e-05,0.5912134127511806,0.9992202590488088,4,8,2184616.11112,34734.983586
2024-09-02 20:00:00,schloemer,L31,48,65,84.76090488926869,0.00030205264805549525,0.8925154247411687,0.9999999822071974,4,8,2184616.11112,34734.983586
2024-09-02 20:00:00,schloemer,L32,48,65,84.76090488926869,0.00030205264805549525,0.8925154247411687,0.9999999822071974,4,8,2184616.11112,34734.983586
2024-09-02 20:00:00,schloemer,L33,48,68,84.10844711416702,0.00021535488846491369,0.8710980874891602,0.9999999238445939,4,8,2184616.11112,34734.983586
2024-09-02 20:00:00,schloemer,L34,49,56,74.42305643477478,5.971417526007272e-07,0.21128664838051414,0.8502549397549664,4,8,2184616.11112,34734.983586
2024-09-02 20:00:00,schloemer,L35,50,51,70.116388107185,2.795965947655077e-08,0.028522751474150287,0.20665694483885022,4,8,2184616.11112,34734.983586
2024-09-02 20:00:00,schloemer,L36,50,57,71.2250786597623,6.278790631863984e-08,0.05451532434955153,0.3613898090819987,4,8,2184616.11112,34734.983586
2024-09-02 20:00:00,schloemer,L37,51,52,67.59109886498163,4.2323928806098365e-09,0.004199956092501789,0.033109882525988676,4,8,2184616.11112,34734.983586
2024-09-02 20:00:00,schloemer,L38,52,53,71.27231807809659,6.497055005105778e-08,0.055913003554477925,0.36890314800743296,4,8,2184616.11112,34734.983586
2024-09-02 20:00:00,schloemer,L39,53,54,73.07441220472505,2.3461607845387533e-07,0.12962590895409098,0.6706579158078089,4,8,2184616.11112,34734.983586
2024-09-02 20:00:00,schloemer,L40,53,55,73.03710900526049,2.285542886060199e-07,0.1276825067338193,0.6647287933801205,4,8,2184616.11112,34734.983586
2024-09-02 20:00:00,schloemer,L41,53,58,74.76386895221248,7.532233338158889e-07,0.23513497684887352,0.8828675837449261,4,8,2184616.11112,34734.983586
2024-09-02 20:00:00,schloemer,L42,54,55,71.22480212031904,6.277534281284858e-08,0.05450721730731323,0.3613460017176423,4,8,2184616.11112,34734.983586
2024-09-02 20:00:00,schloemer,L43,54,58,72.76307906690606,1.8847045846204225e-07,0.11395123831913267,0.6201075554397382,4,8,2184616.11112,34734.983586
2024-09-02 20:00:00,schloemer,L44,55,56,71.70893124280423,8.899372305748443e-08,0.07006643342939045,0.44073809389608476,4,8,2184616.11112,34734.983586
2024-09-02 20:00:00,schloemer,L45,55,57,70.28630372497763,3.167723350294693e-08,0.03171859387372489,0.22729685033445424,4,8,2184616.11112,34734.983586
2024-09-02 20:00:00,schloemer,L46,55,58,72.8422445827368,1.9928703764993116e-07,0.11781931819429681,0.6331740930832164,4,8,2184616.11112,34734.983586
2024-09-02 20:00:00,schloemer,L47,55,58,72.8422445827368,1.9928703764993116e-07,0.11781931819429681,0.6331740930832164,4,8,2184616.11112,34734.983586
2024-09-02 20:00:00,schloemer,L48,58,59,75.01060806061867,8.902166936941569e-07,0.2530923344164622,0.9031423814328075,4,8,2184616.11112,34734.983586
2024-09-02 20:00:00,schloemer,L49,58,60,76.36959803011875,2.1999059593991177e-06,0.36000105268850857,0.9718531203919589,4,8,2184616.11112,34734.983586
2024-09-02 20:00:00,schloemer,L50,59,60,76.88657362911668,3.081410915761751e-06,0.4029200297701907,0.9838469451802757,4,8,2184616.11112,34734.983586
2024-09-02 20:00:00,schloemer,L51,59,61,78.40267952011709,8.082453140767498e-06,0.5290458117162034,0.9975800005493921,4,8,2184616.11112,34734.983586
2024-09-02 20:00:00,schloemer,L52,60,61,79.82166651413861,1.927061824280596e-05,0.6390981279503056,0.9997122074139544,4,8,2184616.11112,34734.983586
2024-09-02 20:00:00,schloemer,L53,61,65,83.73532929534633,0.00017684872649303962,0.8573560796419595,0.9999998287151761,4,8,2184616.11112,34734.983586
2024-09-02 20:00:00,schloemer,L54,61,66,83.1218144882584,0.00012721132083548525,0.8322372860635231,0.9999993728917087,4,8,2184616.11112,34734.983586
2024-09-02 20:00:00,schloemer,L55,62,58,76.17105520643243,1.9077227617625425e-06,0.3429820827722102,0.9999966325153543,13,30,2185148.89802,34751.629934
2024-09-02 20:00:00,schloemer,L56,62,63,81.26092532305748,4.493198361121831e-05,0.7354190022422349,0.9999759900562573,4,8,2184616.11112,34734.983586
2024-09-02 20:00:00,schloemer,L57,63,60,81.44399379768265,4.895707010965644e-05,0.7453726724607759,1.0,20,47,2185512.78098,34763.759366
2024-09-02 20:00:00,schloemer,L58,63,64,88.12567970664607,0.0015240196270488449,0.9610708883732461,0.9999999999947574,4,8,2184616.11112,34734.983586
2024-09-02 20:00:00,schloemer,L59,64,65,88.5299748735717,0.0017943499534147644,0.965588515024303,1.0,20,48,2185545.98792,34764.866264
2024-09-02 20:00:00,schloemer,L60,64,67,90.81073945134801,0.004606377211183177,0.9836666181068504,1.0,38,93,2186503.81292,34796.793764
2024-09-02 20:00:00,schloemer,L61,65,66,85.43806322888636,0.00042554890261981004,0.9115016879356364,0.9999999962438711,4,8,2184616.11112,34734.983586
2024-09-02 20:00:00,schloemer,L62,67,68,88.14704893666001,0.0015003675908517033,0.9609951768239013,1.0,28,68,2185978.45538,34779.281846
2024-09-02 20:00:00,schloemer,L63,68,69,77.68801967903674,5.153409526892361e-06,0.470026117246205,0.9937766132414864,4,8,2184616.11112,34734.983586
2024-09-02 20:00:00,schloemer,L64,68,74,80.87546070064155,3.594266161432991e-05,0.7113865458692026,0.9999518639843142,4,8,2184616.11112,34734.983586
2024-09-02 20:00:00,schloemer,L65,68,76,83.97449234561738,0.00020070938500005298,0.866293859855142,0.9999998979384616,4,8,2184616.11112,34734.983586
2024-09-02 20:00:00,schloemer,L66,69,70,68.4059898180663,7.832767878745983e-09,0.008389585487007523,0.06517865279048041,4,8,2184616.11112,34734.983586
2024-09-02 20:00:00,schloemer,L67,69,73,72.37975337569172,1.4368621470417509e-07,0.09635989950235668,0.5554058826965835,4,8,2184616.11112,34734.983586
2024-09-02 20:00:00,schloemer,L68,69,74,74.98350869902289,8.740641480597944e-07,0.2510933941840079,0.9010490945951385,4,8,2184616.11112,34734.983586
2024-09-02 20:00:00,schloemer,L69,70,71,63.17689447924206,1.3924728037295608e-10,2.0926364502904526e-05,0.0001673992118758072,4,8,2184616.11112,34734.983586
2024-09-02 20:00:00,schloemer,L70,70,72,62.799088835347014,1.0347833701018772e-10,1.1484382446469432e-05,9.18717805826752e-05,4,8,2184616.11112,34734.983586
2024-09-02 20:00:00,schloemer,L71,73,74,75.24480189710556,1.0423962591987745e-06,0.2706253755250563,0.9199053722133853,4,8,2184616.11112,34734.983586
2024-09-02 20:00:00,schloemer,L72,74,76,80.7282516070417,3.298305013865743e-05,0.7018566605165484,0.9999375771497385,4,8,2184616.11112,34734.983586
2024-09-02 20:00:00,schloemer,L73,74,117,76.46452828243898,2.341038820463659e-06,0.3678277956405348,0.9744918415238629,4,8,2184616.11112,34734.983586
2024-09-02 20:00:00,schloemer,L74,75,76,80.1491722072524,2.3437610369159145e-05,0.6625496842587371,0.999831872794342,4,8,2184616.11112,34734.983586
2024-09-02 20:00:00,schloemer,L75,75,117,75.99953033863355,1.7241446637061841e-06,0.3298259452891992,0.9593090444692489,4,8,2184616.11112,34734.983586
2024-09-02 20:00:00,schloemer,L76,76,77,81.61474971946653,5.502366155396565e-05,0.756283576256864,0.9999875553471766,4,8,2184616.11112,34734.983586
2024-09-02 20:00:00,schloemer,L77,76,79,85.63714664431235,0.00046990532772328564,0.9165053205034889,0.999999997642488,4,8,2184616.11112,34734.983586
2024-09-02 20:00:00,schloemer,L78,76,79,85.63714664431235,0.00046990532772328564,0.9165053205034889,0.999999997642488,4,8,2184616.11112,34734.983586
2024-09-02 20:00:00,schloemer,L79,76,81,83.50621107993878,0.00015650146658452435,0.8483503088677233,0.9999997204494515,4,8,2184616.11112,34734.983586
2024-09-02 20:00:00,schloemer,L80,77,78,80.27761819159487,2.5295338696329495e-05,0.6715123815374917,0.9998644473247356,4,8,2184616.11112,34734.983586
2024-09-02 20:00:00,schloemer,L81,78,79,84.03938229687654,0.0002076837166312684,0.8686389820406603,0.9999999114127498,4,8,2184616.11112,34734.983586
2024-09-02 20:00:00,schloemer,L82,79,95,87.15949967278154,0.0009786320117134428,0.9472659676788978,0.9999999999404301,4,8,2184616.11112,34734.983586
2024-09-02 20:00:00,schloemer,L83,79,96,86.22320481165697,0.0006264738286034799,0.9298373464936212,0.9999999994141865,4,8,2184616.11112,34734.983586
2024-09-02 20:00:00,schloemer,L84,79,97,85.25791394587947,0.0003887828935745796,0.9067538937249557,0.999999994293496,4,8,2184616.11112,34734.983586
2024-09-02 20:00:00,schloemer,L85,79,98,89.158501394208,0.0023996774184364966,0.9721011228377947,0.9999999999996365,4,8,2184616.11112,34734.983586
2024-09-02 20:00:00,schloemer,L86,80,67,92.385964914822,0.008510567366830979,0.9904808730188055,1.0,30,72,2186055.70436,34781.856812
2024-09-02 20:00:00,schloemer,L87,80,79,90.60974519005019,0.004288146169829421,0.9825883618271493,1.0,28,69,2185981.58126,34779.386042
2024-09-02 20:00:00,schloemer,L88,81,82,80.21719283082712,2.4404593904292504e-05,0.6673129087263763,0.9998499468198612,4,8,2184616.11112,34734.983586
2024-09-02 20:00:00,schloemer,L89,81,95,84.87321218343583,0.0003199103848080531,0.895883771996473,0.9999999862091328,4,8,2184616.11112,34734.983586
2024-09-02 20:00:00,schloemer,L90,93,95,86.44832319370084,0.0006984467695122509,0.9344386475976765,0.9999999996596157,4,8,2184616.11112,34734.983586
2024-09-02 20:00:00,schloemer,L91,95,96,85.53945548405943,0.00044763120385959976,0.9140813860708994,0.9999999970357126,4,8,2184616.11112,34734.983586
2024-09-02 20:00:00,schloemer,L92,115,67,92.12989568390671,0.007856173888515783,0.9896744245721297,1.0,13,29,2185126.88168,34750.896056
2024-09-02 21:00:00,schloemer,L0,22,23,60.35748194592346,1.504307789446102e-11,1.1849532877139524e-07,9.480224092417444e-07,4,8,2184616.11112,34734.983586
2024-09-02 21:00:00,schloemer,L1,23,69,66.18546599499457,1.4458808594852712e-09,0.0010539105271984983,0.008400255053068295,4,8,2184616.11112,34734.983586
2024-09-02 21:00:00,schloemer,L2,23,71,61.40664696759237,3.450950636363359e-11,9.884965517237276e-07,7.908083091257012e-06,4,8,2184616.11112,34734.983586
2024-09-02 21:00:00,schloemer,L3,29,37,89.27178203415413,0.0025190945988595725,0.9731154493154037,0.9999999999997299,4,8,2184616.11112,34734.983586
2024-09-02 21:00:00,schloemer,L4,32,36,58.43008958931625,3.2642777370028853e-12,1.1962786317099017e-09,9.583286164627225e-09,4,8,2184616.11112,34734.983586
2024-09-02 21:00:00,schloemer,L5,33,36,76.92707582568588,3.16329964666906e-06,0.4063060721977284,0.9845654006259382,4,8,2184616.11112,34734.983586
2024-09-02 21:00:00,schloemer,L6,33,42,86.59543096387962,0.0007495030383567469,0.9372993419387747,0.999999999761837,4,8,2184616.11112,34734.983586
2024-09-02 21:00:00,schloemer,L7,34,36,73.84323967142345,4.008010020539743e-07,0.17354773175229687,0.7823585997609541,4,8,2184616.11112,34734.983586
2024-09-02 21:00:00,schloemer,L8,36,38,57.95488450530352,2.239985974483716e-12,3.303202156246243e-10,2.6515216688949295e-09,4,8,2184616.11112,34734.983586
2024-09-02 21:00:00,schloemer,L9,36,39,70.4007632111627,3.445041274474647e-08,0.034021310897457746,0.24187589942773324,4,8,2184616.11112,34734.983586
2024-09-02 21:00:00,schloemer,L10,37,36,82.81325773102805,0.0001054389635276598,0.8175533298890247,1.0,20,48,2185542.33716,34764.744572
2024-09-02 21:00:00,schloemer,L11,37,64,89.56309027504979,0.002851011744354981,0.9755678903706549,0.9999999999998744,4,8,2184616.11112,34734.983586
2024-09-02 21:00:00,schloemer,L12,38,39,61.36501900643517,3.339239995625576e-11,9.129579492395123e-07,7.303773824740567e-06,4,8,2184616.11112,34734.983586
2024-09-02 21:00:00,schloemer,L13,39,40,81.56658832914493,5.353382422013109e-05,0.7535114694734372,0.9999863767500284,4,8,2184616.11112,34734.983586
2024-09-02 21:00:00,schloemer,L14,39,41,88.07070096822132,0.0014867899933421747,0.9603839042556976,0.999999999993969,4,8,2184616.11112,34734.983586
2024-09-02 21:00:00,schloemer,L15,40,41,89.53350460293834,0.0028156028917082354,0.975328720611102,0.9999999999998643,4,8,2184616.11112,34734.983586
2024-09-02 21:00:00,schloemer,L16,41,48,86.29833231298652,0.0006496969467646441,0.9314035978906111,0.9999999995110306,4,8,2184616.11112,34734.983586
2024-09-02 21:00:00,schloemer,L17,41,48,86.29833231298652,0.0006496969467646441,0.9314035978906111,0.9999999995110306,4,8,2184616.11112,34734.983586
2024-09-02 21:00:00,schloemer,L18,42,43,89.72105076068125,0.003046883911714371,0.9768084745443839,0.9999999999999173,4,8,2184616.11112,34734.983586
2024-09-02 21:00:00,schloemer,L19,43,44,86.81815845601918,0.0008333496043169131,0.9414196996501526,0.999999999861782,4,8,2184616.11112,34734.983586
2024-09-02 21:00:00,schloemer,L20,44,45,81.94543733092195,6.636249730196386e-05,0.7747371503034468,0.9999933717130169,4,8,2184616.11112,34734.983586
2024-09-02 21:00:00,schloemer,L21,44,48,82.43854072327728,8.743681736578246e-05,0.8003745610664044,0.9999974789864926,4,8,2184616.11112,34734.983586
2024-09-02 21:00:00,schloemer,L22,45,46,79.9163696466555,2.039674868825614e-05,0.6459658517918739,0.9997532110008602,4,8,2184616.11112,34734.983586
2024-09-02 21:00:00,schloemer,L23,45,47,77.93505587200875,6.02637154112351e-06,0.4905880979832248,0.9954653660758902,4,8,2184616.11112,34734.983586
2024-09-02 21:00:00,schloemer,L24,46,48,80.64210364260771,3.135997298520099e-05,0.6961910644917273,0.9999274312127399,4,8,2184616.11112,34734.983586
2024-09-02 21:00:00,schloemer,L25,46,68,80.63690011765308,3.1264405578323995e-05,0.6958467715312399,0.9999267706578262,4,8,2184616.11112,34734.983586
2024-09-02 21:00:00,schloemer,L26,47,48,78.50914262441553,8.636824051166947e-06,0.5376883700464961,0.9979132830389488,4,8,2184616.11112,34734.983586
2024-09-02 21:00:00,schloemer,L27,48,49,77.65646760341926,5.051080112838946e-06,0.4673915027324448,0.9935247587648537,4,8,2184616.11112,34734.983586
2024-09-02 21:00:00,schloemer,L28,48,50,75.87245896330582,1.585006578208592e-06,0.31961292752431614,0.9540753692533326,4,8,2184616.11112,34734.983586
2024-09-02 21:00:00,schloemer,L29,48,53,77.07472294040979,3.479937615069595e-06,0.4186654776087706,0.9869562379334974,4,8,2184616.11112,34734.983586
2024-09-02 21:00:00,schloemer,L30,48,53,77.07472294040979,3.479937615069595e-06,0.4186654776087706,0.9869562379334974,4,8,2184616.11112,34734.983586
2024-09-02 21:00:00,schloemer,L31,48,65,82.54382280587988,9.268769779025021e-05,0.8055588207985267,0.9999979575805046,4,8,2184616.11112,34734.983586
2024-09-02 21:00:00,schloemer,L32,48,65,82.54382280587988,9.268769779025021e-05,0.8055588207985267,0.9999979575805046,4,8,2184616.11112,34734.983586
2024-09-02 21:00:00,schloemer,L33,48,68,81.44853755973135,5.0041757133190146e-05,0.7466259440617211,0.9999830171640398,4,8,2184616.11112,34734.983586
2024-09-02 21:00:00,schloemer,L34,49,56,72.55890202300395,1.6314745343581905e-07,0.10434650876720775,0.5858860110042732,4,8,2184616.11112,34734.983586
2024-09-02 21:00:00,schloemer,L35,50,51,68.4401655521958,8.036610377182285e-09,0.008622572421806973,0.0669343602819562,4,8,2184616.11112,34734.983586
2024-09-02 21:00:00,schloemer,L36,50,57,69.52240785567085,1.8030473003527447e-08,0.019269066428026282,0.1441474309218509,4,8,2184616.11112,34734.983586
2024-09-02 21:00:00,schloemer,L37,51,52,66.14532764144745,1.401917693044652e-09,0.0010092792221941815,0.008045774793595917,4,8,2184616.11112,34734.983586
2024-09-02 21:00:00,schloemer,L38,52,53,69.7075257334381,2.06799669610902e-08,0.021852191042801783,0.16201575084170683,4,8,2184616.11112,34734.983586
2024-09-02 21:00:00,schloemer,L39,53,54,71.53287758888851,7.841075011505438e-08,0.06408722459331417,0.41131513811676823,4,8,2184616.11112,34734.983586
2024-09-02 21:00:00,schloemer,L40,53,55,71.43837146290623,7.324808704023411e-08,0.0610304293517846,0.39575645637011947,4,8,2184616.11112,34734.983586
2024-09-02 21:00:00,schloemer,L41,53,58,73.1836168769778,2.53276226214183e-07,0.13541677772554372,0.6877848389511656,4,8,2184616.11112,34734.983586
2024-09-02 21:00:00,schloemer,L42,54,55,69.81619036196157,2.240953322907302e-08,0.02349117929003519,0.1731831366072909,4,8,2184616.11112,34734.983586
2024-09-02 21:00:00,schloemer,L43,54,58,71.38586805430594,7.05251788080119e-08,0.059377692928998194,0.3871953263118141,4,8,2184616.11112,34734.983586
2024-09-02 21:00:00,schloemer,L44,55,56,70.13560050149388,2.8357538206513766e-08,0.028871096466518198,0.20892985985174584,4,8,2184616.11112,34734.983586
2024-09-02 21:00:00,schloemer,L45,55,57,68.77988562416492,1.036904251350279e-08,0.01124411339042497,0.08649140297139424,4,8,2184616.11112,34734.983586
2024-09-02 21:00:00,schloemer,L46,55,58,71.39676097448563,7.108183697202008e-08,0.059717933629336306,0.38896638766136515,4,8,2184616.11112,34734.983586
2024-09-02 21:00:00,schloemer,L47,55,58,71.39676097448563,7.108183697202008e-08,0.059717933629336306,0.38896638766136515,4,8,2184616.11112,34734.983586
2024-09-02 21:00:00,schloemer,L48,58,59,73.72150312494992,3.6840603423460294e-07,0.16611228195844618,0.7661916705724308,4,8,2184616.11112,34734.983586
2024-09-02 21:00:00,schloemer,L49,58,60,74.99323239910001,8.798270029197752e-07,0.25180991059933766,0.9018039358081285,4,8,2184616.11112,34734.983586
2024-09-02 21:00:00,schloemer,L50,59,60,75.64655972010932,1.3639989920877227e-06,0.30168200998378025,0.9434511894918567,4,8,2184616.11112,34734.983586
2024-09-02 21:00:00,schloemer,L51,59,61,77.07718780105343,3.4854742847478803e-06,0.41887197372452833,0.9869932584202183,4,8,2184616.11112,34734.983586
2024-09-02 21:00:00,schloemer,L52,60,61,78.4144252876501,8.1418993906901e-06,0.5300016632171444,0.9976190162874276,4,8,2184616.11112,34734.983586
2024-09-02 21:00:00,schloemer,L53,61,65,81.99341349150386,6.818022682730795e-05,0.7773301872956719,0.9999939581170785,4,8,2184616.11112,34734.983586
2024-09-02 21:00:00,schloemer,L54,61,66,81.59754595215999,5.448703028632096e-05,0.7552958137707899,0.9999871460520804,4,8,2184616.11112,34734.983586
2024-09-02 21:00:00,schloemer,L55,62,58,74.74733264732355,7.358079626706981e-07,0.2333004772275189,0.9996542584029784,13,30,2185148.89802,34751.629934
2024-09-02 21:00:00,schloemer,L56,62,63,79.6739875319086,1.763200265070264e-05,0.6282533009583056,0.9996352911209141,4,8,2184616.11112,34734.983586
2024-09-02 21:00:00,schloemer,L57,63,60,79.91730772263631,2.000766033083412e-05,0.644849590835796,1.0,20,47,2185512.78098,34763.759366
2024-09-02 21:00:00,schloemer,L58,63,64,86.43344542491903,0.0006934652176374678,0.9341429932940739,0.9999999996471332,4,8,2184616.11112,34734.983586
2024-09-02 21:00:00,schloemer,L59,64,65,86.77931605683915,0.0008037627138177683,0.9403833103941632,1.0,20,48,2185545.98792,34764.866264
2024-09-02 21:00:00,schloemer,L60,64,67,89.73992789876684,0.002970035830332729,0.9766557415760884,1.0,38,93,2186503.81292,34796.793764
2024-09-02 21:00:00,schloemer,L61,65,66,83.6926430856173,0.00017287958551082117,0.8557114751582697,0.999999812261217,4,8,2184616.11112,34734.983586
2024-09-02 21:00:00,schloemer,L62,67,68,85.43082757305655,0.0004126174871629251,0.910625465669255,1.0,28,68,2185978.45538,34779.281846
2024-09-02 21:00:00,schloemer,L63,68,69,75.25288523603479,1.048075085163802e-06,0.2712384987140469,0.9204424218616197,4,8,2184616.11112,34734.983586
2024-09-02 21:00:00,schloemer,L64,68,74,78.278177547009,7.477382997223003e-06,0.518880368418673,0.9971291425007174,4,8,2184616.11112,34734.983586
2024-09-02 21:00:00,schloemer,L65,68,76,81.28798677701842,4.563723294237487e-05,0.7370554513539086,0.9999771527417887,4,8,2184616.11112,34734.983586
2024-09-02 21:00:00,schloemer,L66,69,70,66.61952760536383,2.017639499918289e-09,0.0016595767816834917,0.013199760189270049,4,8,2184616.11112,34734.983586
2024-09-02 21:00:00,schloemer,L67,69,73,70.32707011060083,3.2638881708457745e-08,0.03252463583550724,0.23242775445049046,4,8,2184616.11112,34734.983586
2024-09-02 21:00:00,schloemer,L68,69,74,72.76131140333537,1.8823559277958424e-07,0.11386578726149454,0.619814359745649,4,8,2184616.11112,34734.983586
2024-09-02 21:00:00,schloemer,L69,70,71,61.74061912899721,4.4929504561253e-11,1.845604813421886e-06,1.4764922847909645e-05,4,8,2184616.11112,34734.983586
2024-09-02 21:00:00,schloemer,L70,70,72,61.41671166790147,3.4785063718345555e-11,1.007622843052225e-06,8.061093455080659e-06,4,8,2184616.11112,34734.983586
2024-09-02 21:00:00,schloemer,L71,73,74,73.03165931413409,2.2768158380870318e-07,0.1274000748243096,0.6638593962662422,4,8,2184616.11112,34734.983586
2024-09-02 21:00:00,schloemer,L72,74,76,78.26612323319178,7.4211627366649324e-06,0.5178930094950326,0.9970816690694522,4,8,2184616.11112,34734.983586
2024-09-02 21:00:00,schloemer,L73,74,117,74.2241239693128,5.210665995347696e-07,0.19791924652614246,0.8287053272023983,4,8,2184616.11112,34734.983586
2024-09-02 21:00:00,schloemer,L74,75,76,77.84095018550697,5.6782748426575935e-06,0.48277056941258367,0.9948778067027388,4,8,2184616.11112,34734.983586
2024-09-02 21:00:00,schloemer,L75,75,117,73.8895459532292,4.1383681936846273e-07,0.176421916738144,0.7883406160779658,4,8,2184616.11112,34734.983586
2024-09-02 21:00:00,schloemer,L76,76,77,79.32605484603594,1.4280558517931752e-05,0.6020830478420458,0.9993714863361561,4,8,2184616.11112,34734.983586
2024-09-02 21:00:00,schloemer,L77,76,79,83.24424545911354,0.00013592995858058288,0.8375079713438873,0.9999995142415823,4,8,2184616.11112,34734.983586
2024-09-02 21:00:00,schloemer,L78,76,79,83.24424545911354,0.00013592995858058288,0.8375079713438873,0.9999995142415823,4,8,2184616.11112,34734.983586
2024-09-02 21:00:00,schloemer,L79,76,81,81.23409252973556,4.4242894719714876e-05,0.7337897627600165,0.9999747813891438,4,8,2184616.11112,34734.983586
2024-09-02 21:00:00,schloemer,L80,77,78,78.27658437371541,7.469929224401817e-06,0.5187499035503433,0.9971229085937783,4,8,2184616.11112,34734.983586
2024-09-02 21:00:00,schloemer,L81,78,79,81.97042237373127,6.730334814064598e-05,0.7760902145754457,0.9999936836284568,4,8,2184616.11112,34734.983586
2024-09-02 21:00:00,schloemer,L82,79,95,85.20425313644786,0.00037841411188044294,0.9052982323311156,0.9999999935403768,4,8,2184616.11112,34734.983586
2024-09-02 21:00:00,schloemer,L83,79,96,84.31134896244048,0.00023944845869139364,0.8781056144504072,0.9999999513084493,4,8,2184616.11112,34734.983586
2024-09-02 21:00:00,schloemer,L84,79,97,83.31160005032095,0.00014096233468596786,0.8403520170378308,0.9999995782427146,4,8,2184616.11112,34734.983586
2024-09-02 21:00:00,schloemer,L85,79,98,87.10207970682528,0.0009526772944843387,0.946320723211276,0.9999999999313252,4,8,2184616.11112,34734.983586
2024-09-02 21:00:00,schloemer,L86,80,67,90.21054541506348,0.003640318608853499,0.9800909577088439,1.0,30,72,2186055.70436,34781.856812
2024-09-02 21:00:00,schloemer,L87,80,79,88.1401636503715,0.0014956397066001603,0.9609088347118869,1.0,28,69,2185981.58126,34779.386042
2024-09-02 21:00:00,schloemer,L88,81,82,78.53714657910253,8.788589686115067e-06,0.5399535328235817,0.9979936886387597,4,8,2184616.11112,34734.983586
2024-09-02 21:00:00,schloemer,L89,81,95,83.02083387670577,0.0001204180302175617,0.827791140001817,0.999999226901672,4,8,2184616.11112,34734.983586
2024-09-02 21:00:00,schloemer,L90,93,95,85.07542343715795,0.00035455788661153953,0.9017241829705167,0.9999999913112507,4,8,2184616.11112,34734.983586
2024-09-02 21:00:00,schloemer,L91,95,96,83.90811097820011,0.00019380153669712463,0.8638597981478886,0.9999998820889733,4,8,2184616.11112,34734.983586
2024-09-02 21:00:00,schloemer,L92,115,67,90.29389446428463,0.0038293126977386738,0.9807604198425739,1.0,13,29,2185126.88168,34750.896056
2024-09-02 22:00:00,schloemer,L0,22,23,59.11945301949778,5.6382676305588575e-12,6.917414863139015e-09,5.536187064336673e-08,4,8,2184616.11112,34734.983586
2024-09-02 22:00:00,schloemer,L1,23,69,64.58891681015851,4.2012282541747936e-10,0.00015755512749793255,0.0012597478560260056,4,8,2184616.11112,34734.983586
2024-09-02 22:00:00,schloemer,L2,23,71,60.12190053563271,1.2481682354348322e-11,7.106128696587888e-08,5.685400810140351e-07,4,8,2184616.11112,34734.983586
2024-09-02 22:00:00,schloemer,L3,29,37,88.9592043723678,0.0022018620664677746,0.9702295849279848,0.9999999999993884,4,8,2184616.11112,34734.983586
2024-09-02 22:00:00,schloemer,L4,32,36,60.59946144465805,1.822098028014807e-11,1.976308363627055e-07,1.581118481142063e-06,4,8,2184616.11112,34734.983586
2024-09-02 22:00:00,schloemer,L5,33,36,80.90790020259793,3.662790972791541e-05,0.713460674171073,0.9999545629373885,4,8,2184616.11112,34734.983586
2024-09-02 22:00:00,schloemer,L6,33,42,88.21666002816573,0.0015874878425453653,0.9621837772639332,0.9999999999958441,4,8,2184616.11112,34734.983586
2024-09-02 22:00:00,schloemer,L7,34,36,72.47445787505865,1.5367339289973359e-07,0.10053065494886515,0.5715593530067669,4,8,2184616.11112,34734.983586
2024-09-02 22:00:00,schloemer,L8,36,38,66.51115933571839,1.8568137027941134e-09,0.0014852079888405534,0.011820090776004655,4,8,2184616.11112,34734.983586
2024-09-02 22:00:00,schloemer,L9,36,39,78.30564780959786,7.607031669465414e-06,0.5211284215948271,0.9972347189308751,4,8,2184616.11112,34734.983586
2024-09-02 22:00:00,schloemer,L10,37,36,85.04775853837005,0.00034321915780022305,0.900429448517589,1.0,20,48,2185542.33716,34764.744572
2024-09-02 22:00:00,schloemer,L11,37,64,89.02347021493242,0.002263986559108422,0.9708454762209078,0.9999999999994827,4,8,2184616.11112,34734.983586
2024-09-02 22:00:00,schloemer,L12,38,39,74.01354729598947,4.5080737332003906e-07,0.18424113342675663,0.8038927543953791,4,8,2184616.11112,34734.983586
2024-09-02 22:00:00,schloemer,L13,39,40,86.76991845853584,0.0008144922559433221,0.9405483397800886,0.9999999998444405,4,8,2184616.11112,34734.983586
2024-09-02 22:00:00,schloemer,L14,39,41,89.38472876523919,0.002643437250947067,0.9740924313187627,0.9999999999997992,4,8,2184616.11112,34734.983586
2024-09-02 22:00:00,schloemer,L15,40,41,89.70938570448776,0.0030320187713450686,0.9767189210981366,0.9999999999999147,4,8,2184616.11112,34734.983586
2024-09-02 22:00:00,schloemer,L16,41,48,84.0114149627266,0.0002046505116168884,0.8676323777003205,0.9999999058330311,4,8,2184616.11112,34734.983586
2024-09-02 22:00:00,schloemer,L17,41,48,84.0114149627266,0.0002046505116168884,0.8676323777003205,0.9999999058330311,4,8,2184616.11112,34734.983586
2024-09-02 22:00:00,schloemer,L18,42,43,88.67338921749165,0.0019437393454827534,0.9673413650829376,0.9999999999987159,4,8,2184616.11112,34734.983586
2024-09-02 22:00:00,schloemer,L19,43,44,84.58840777531397,0.00027642029478802677,0.8871641041892557,0.9999999737518928,4,8,2184616.11112,34734.983586
2024-09-02 22:00:00,schloemer,L20,44,45,79.5368029284442,1.6229586135452223e-05,0.6180359236694244,0.9995469439209852,4,8,2184616.11112,34734.983586
2024-09-02 22:00:00,schloemer,L21,44,48,80.0830637555571,2.2532836100097597e-05,0.6578843422006625,0.9998123517727392,4,8,2184616.11112,34734.983586
2024-09-02 22:00:00,schloemer,L22,45,46,77.5048864912631,4.586096483572e-06,0.4547152008652301,0.9921840969873997,4,8,2184616.11112,34734.983586
2024-09-02 22:00:00,schloemer,L23,45,47,75.66621146809284,1.3819754980382015e-06,0.30322956512928934,0.9444460024045098,4,8,2184616.11112,34734.983586
2024-09-02 22:00:00,schloemer,L24,46,48,78.24390620193051,7.318604714035004e-06,0.5160718442121255,0.9969923007113878,4,8,2184616.11112,34734.983586
2024-09-02 22:00:00,schloemer,L25,46,68,78.12714795619536,6.801583910531761e-06,0.5064727768881647,0.9964805314211637,4,8,2184616.11112,34734.983586
2024-09-02 22:00:00,schloemer,L26,47,48,76.26153886692693,2.04924285063246e-06,0.35113083644278154,0.9685765746408888,4,8,2184616.11112,34734.983586
2024-09-02 22:00:00,schloemer,L27,48,49,75.54403078967964,1.2738183249316748e-06,0.2936486492249659,0.9380324926082445,4,8,2184616.11112,34734.983586
2024-09-02 22:00:00,schloemer,L28,48,50,73.84654224274489,4.017173436121624e-07,0.17375188709717249,0.782788333861292,4,8,2184616.11112,34734.983586
2024-09-02 22:00:00,schloemer,L29,48,53,75.08689169153644,9.372540404894991e-07,0.2587532393933417,0.9088617176740246,4,8,2184616.11112,34734.983586
2024-09-02 22:00:00,schloemer,L30,48,53,75.08689169153644,9.372540404894991e-07,0.2587532393933417,0.9088617176740246,4,8,2184616.11112,34734.983586
2024-09-02 22:00:00,schloemer,L31,48,65,80.3628291019492,2.6604154490517118e-05,0.6773828375857728,0.9998826579909905,4,8,2184616.11112,34734.983586
2024-09-02 22:00:00,schloemer,L32,48,65,80.3628291019492,2.6604154490517118e-05,0.6773828375857728,0.9998826579909905,4,8,2184616.11112,34734.983586
2024-09-02 22:00:00,schloemer,L33,48,68,78.94949667792822,1.1341479921100905e-05,0.5728645137812438,0.9988920873298774,4,8,2184616.11112,34734.983586
2024-09-02 22:00:00,schloemer,L34,49,56,70.82601462993212,4.699776390282295e-08,0.0437008933719657,0.3005608802229601,4,8,2184616.11112,34734.983586
2024-09-02 22:00:00,schloemer,L35,50,51,66.90119317410412,2.5028620287415038e-09,0.0021988631784408685,0.01745612901501936,4,8,2184616.11112,34734.983586
2024-09-02 22:00:00,schloemer,L36,50,57,67.95128281579318,5.5596189874052016e-09,0.005755959798881882,0.045130632355181555,4,8,2184616.11112,34734.983586
2024-09-02 22:00:00,schloemer,L37,51,52,64.81187649298916,4.99712826673715e-10,0.00021024308409223202,0.0016807095281884399,4,8,2184616.11112,34734.983586
2024-09-02 22:00:00,schloemer,L38,52,53,68.24432356548267,6.935447549594187e-09,0.007357197104931101,0.05736410636665046,4,8,2184616.11112,34734.983586
2024-09-02 22:00:00,schloemer,L39,53,54,70.06931965494508,2.7007894809472077e-08,0.02768306833162315,0.20115459558753546,4,8,2184616.11112,34734.983586
2024-09-02 22:00:00,schloemer,L40,53,55,69.92971903400537,2.436813228978707e-08,0.025304990216999945,0.1853896976023407,4,8,2184616.11112,34734.983586
2024-09-02 22:00:00,schloemer,L41,53,58,71.67068043072956,8.658175931763878e-08,0.06873552386896953,0.43430265100994003,4,8,2184616.11112,34734.983586
2024-09-02 22:00:00,schloemer,L42,54,55,68.47796917471585,8.268177476011829e-09,0.008886522302867239,0.06891990714672169,4,8,2184616.11112,34734.983586
2024-09-02 22:00:00,schloemer,L43,54,58,70.05742396077808,2.6772430161692284e-08,0.027473916418095712,0.19977886324857752,4,8,2184616.11112,34734.983586
2024-09-02 22:00:00,schloemer,L44,55,56,68.6611387952244,9.486530228031143e-09,0.010262052554468104,0.07920753203242592,4,8,2184616.11112,34734.983586
2024-09-02 22:00:00,schloemer,L45,55,57,67.37285871180028,3.585819308149496e-09,0.003444096476079239,0.02722293330273462,4,8,2184616.11112,34734.983586
2024-09-02 22:00:00,schloemer,L46,55,58,70.01251559711972,2.5901526368166117e-08,0.026695354758800027,0.19463950241745231,4,8,2184616.11112,34734.983586
2024-09-02 22:00:00,schloemer,L47,55,58,70.01251559711972,2.5901526368166117e-08,0.026695354758800027,0.19463950241745231,4,8,2184616.11112,34734.983586
2024-09-02 22:00:00,schloemer,L48,58,59,72.4411741769797,1.5008855969167456e-07,0.0990517613446591,0.565891325751312,4,8,2184616.11112,34734.983586
2024-09-02 22:00:00,schloemer,L49,58,60,73.62698216097826,3.45023685288659e-07,0.16046119242358325,0.7532111070614042,4,8,2184616.11112,34734.983586
2024-09-02 22:00:00,schloemer,L50,59,60,74.38634422902916,5.823349651379317e-07,0.20878807325643967,0.8464175504700064,4,8,2184616.11112,34734.983586
2024-09-02 22:00:00,schloemer,L51,59,61,75.72988041609314,1.4418045007902336e-06,0.3082600356315004,0.9475747593257858,4,8,2184616.11112,34734.983586
2024-09-02 22:00:00,schloemer,L52,60,61,76.98351130933248,3.2809064230976404e-06,0.4110276218792781,0.9855204948151627,4,8,2184616.11112,34734.983586
2024-09-02 22:00:00,schloemer,L53,61,65,80.2315593378114,2.4613628761716022e-05,0.6683140904836539,0.9998535216561504,4,8,2184616.11112,34734.983586
2024-09-02 22:00:00,schloemer,L54,61,66,80.02885267238119,2.1815806802938376e-05,0.6540324158207503,0.9997947678600368,4,8,2184616.11112,34734.983586
2024-09-02 22:00:00,schloemer,L55,62,58,73.34476041859153,2.8002122143266917e-07,0.14373872140643096,0.9904898455584641,13,30,2185148.89802,34751.629934
2024-09-02 22:00:00,schloemer,L56,62,63,78.07712665479849,6.590972407849449e-06,0.5023467360288907,0.9962381332785966,4,8,2184616.11112,34734.983586
2024-09-02 22:00:00,schloemer,L57,63,60,78.368004435711,7.750670727779685e-06,0.5249091857930204,0.9999999999999993,20,47,2185512.78098,34763.759366
2024-09-02 22:00:00,schloemer,L58,63,64,84.59112529621858,0.0002768079187503991,0.887250102107601,0.999999973911547,4,8,2184616.11112,34734.983586
2024-09-02 22:00:00,schloemer,L59,64,65,84.84344763715544,0.00030926313097445757,0.8944607003122902,1.0,20,48,2185545.98792,34764.866264
2024-09-02 22:00:00,schloemer,L60,64,67,87.89652712294968,0.001326311923611878,0.957628062418082,1.0,38,93,2186503.81292,34796.793764
2024-09-02 22:00:00,schloemer,L61,65,66,81.89633473948994,6.454952921786106e-05,0.7720611407707219,0.9999927149116051,4,8,2184616.11112,34734.983586
2024-09-02 22:00:00,schloemer,L62,67,68,82.77842261668985,0.00010246366762034498,0.8155423623061374,1.0,28,68,2185978.45538,34779.281846
2024-09-02 22:00:00,schloemer,L63,68,69,73.05046359683286,2.3070667276581247e-07,0.1283762117709506,0.6668558475095088,4,8,2184616.11112,34734.983586
2024-09-02 22:00:00,schloemer,L64,68,74,75.90682150943421,1.6215228898497358e-06,0.3223662694439957,0.9555412437559329,4,8,2184616.11112,34734.983586
2024-09-02 22:00:00,schloemer,L65,68,76,78.79774140905167,1.0328834722073132e-05,0.5608543625025548,0.9986169093695285,4,8,2184616.11112,34734.983586
2024-09-02 22:00:00,schloemer,L66,69,70,65.0167548017189,5.859375207251105e-10,0.0002721895796384821,0.002175445663973985,4,8,2184616.11112,34734.983586
2024-09-02 22:00:00,schloemer,L67,69,73,68.47992213597433,8.28031709865229e-09,0.00890033808220747,0.0690237336038867,4,8,2184616.11112,34734.983586
2024-09-02 22:00:00,schloemer,L68,69,74,70.75553976149119,4.464595582120978e-08,0.041969576719097956,0.2903661414057862,4,8,2184616.11112,34734.983586
2024-09-02 22:00:00,schloemer,L69,70,71,60.45532094450032,1.6255219392746767e-11,1.459628725664075e-07,1.1677674047749775e-06,4,8,2184616.11112,34734.983586
2024-09-02 22:00:00,schloemer,L70,70,72,60.177023283081205,1.3038903290407688e-11,8.018852060143189e-08,6.415601403464422e-07,4,8,2184616.11112,34734.983586
2024-09-02 22:00:00,schloemer,L71,73,74,71.02990903995769,5.450638507209504e-08,0.049007770476796275,0.33101612118016566,4,8,2184616.11112,34734.983586
2024-09-02 22:00:00,schloemer,L72,74,76,76.00314369150314,1.728268852807524e-06,0.3301175820794833,0.9594504880477444,4,8,2184616.11112,34734.983586
2024-09-02 22:00:00,schloemer,L73,74,117,72.1871470516037,1.2529012749507018e-07,0.08823087429420995,0.5223840311830729,4,8,2184616.11112,34734.983586
2024-09-02 22:00:00,schloemer,L74,75,76,75.70455294082959,1.4177104448176436e-06,0.3062559131759912,0.9463472616651453,4,8,2184616.11112,34734.983586
2024-09-02 22:00:00,schloemer,L75,75,117,71.95820261976579,1.0640006065099072e-07,0.07917915096928729,0.4831066240615103,4,8,2184616.11112,34734.983586
2024-09-02 22:00:00,schloemer,L76,76,77,77.18415482331747,3.7340901231086576e-06,0.4278364713071474,0.9885143683839988,4,8,2184616.11112,34734.983586
2024-09-02 22:00:00,schloemer,L77,76,79,80.95936254118736,3.7740480835601886e-05,0.7167317662702778,0.9999585506777586,4,8,2184616.11112,34734.983586
2024-09-02 22:00:00,schloemer,L78,76,79,80.95936254118736,3.7740480835601886e-05,0.7167317662702778,0.9999585506777586,4,8,2184616.11112,34734.983586
2024-09-02 22:00:00,schloemer,L79,76,81,79.07719037267121,1.2266489560763816e-05,0.5828696226575788,0.999083456171917,4,8,2184616.11112,34734.983586
2024-09-02 22:00:00,schloemer,L80,77,78,76.37548280357369,2.2084107277331455e-06,0.3604853455929893,0.9720230627023841,4,8,2184616.11112,34734.983586
2024-09-02 22:00:00,schloemer,L81,78,79,79.96366692879086,2.0982380994460925e-05,0.6493698085617736,0.9997715674330488,4,8,2184616.11112,34734.983586
2024-09-02 22:00:00,schloemer,L82,79,95,83.23978170076644,0.00013560247480781662,0.837318099970285,0.9999995096814692,4,8,2184616.11112,34734.983586
2024-09-02 22:00:00,schloemer,L83,79,96,82.3955310149603,8.537341384362573e-05,0.7982275312561531,0.9999972537065137,4,8,2184616.11112,34734.983586
2024-09-02 22:00:00,schloemer,L84,79,97,81.383009528098,4.819756071006154e-05,0.7427484224348102,0.9999808230010767,4,8,2184616.11112,34734.983586
2024-09-02 22:00:00,schloemer,L85,79,98,85.02501171005929,0.0003456085503994455,0.900294772679327,0.9999999902468941,4,8,2184616.11112,34734.983586
2024-09-02 22:00:00,schloemer,L86,80,67,87.73157376165032,0.001240800453712665,0.9554924273262418,1.0,30,72,2186055.70436,34781.856812
2024-09-02 22:00:00,schloemer,L87,80,79,85.69126187007232,0.00046976480309657287,0.917173191987398,1.0,28,69,2185981.58126,34779.386042
2024-09-02 22:00:00,schloemer,L88,81,82,76.88840189524063,3.0850629360035242e-06,0.40307282625401086,0.9838799851504544,4,8,2184616.11112,34734.983586
2024-09-02 22:00:00,schloemer,L89,81,95,81.17202367917525,4.268707932342242e-05,0.7299958490221743,0.9999717583952306,4,8,2184616.11112,34734.983586
2024-09-02 22:00:00,schloemer,L90,93,95,83.5882643907716,0.00016352226489879662,0.8516260875641313,0.9999997652658383,4,8,2184616.11112,34734.983586
2024-09-02 22:00:00,schloemer,L91,95,96,82.22546219703642,7.765512719148937e-05,0.789571369153522,0.9999961567049226,4,8,2184616.11112,34734.983586
2024-09-02 22:00:00,schloemer,L92,115,67,87.96500821117549,0.0014046640918359277,0.9588982151458998,1.0,13,29,2185126.88168,34750.896056
2024-09-02 23:00:00,schloemer,L0,22,23,58.0086045220806,2.337352533743342e-12,3.8329484031152106e-10,3.075708132627142e-09,4,8,2184616.11112,34734.983586
2024-09-02 23:00:00,schloemer,L1,23,69,63.15241374014114,1.3659628983475613e-10,2.0144493483753578e-05,0.0001611451322076629,4,8,2184616.11112,34734.983586
2024-09-02 23:00:00,schloemer,L2,23,71,58.966958772422466,4.996114633115667e-12,4.744338810702686e-09,3.797469427802014e-08,4,8,2184616.11112,34734.983586
2024-09-02 23:00:00,schloemer,L3,29,37,88.61475960688492,0.001894291369500145,0.966717715199986,0.9999999999985058,4,8,2184616.11112,34734.983586
2024-09-02 23:00:00,schloemer,L4,32,36,68.41665607902019,7.895834652771327e-09,0.008461732425938395,0.06572263542386536,4,8,2184616.11112,34734.983586
2024-09-02 23:00:00,schloemer,L5,33,36,84.49349995999924,0.0002631953895664285,0.8841262250001738,0.9999999675343599,4,8,2184616.11112,34734.983586
2024-09-02 23:00:00,schloemer,L6,33,42,88.65490220970814,0.0019280232495240135,0.967145893050236,0.999999999998653,4,8,2184616.11112,34734.983586
2024-09-02 23:00:00,schloemer,L7,34,36,75.29727882915971,1.0798012000101664e-06,0.27461484381675083,0.9233437732993734,4,8,2184616.11112,34734.983586
2024-09-02 23:00:00,schloemer,L8,36,38,75.60364542859112,1.3255258269895265e-06,0.29831117310781985,0.94123020345292,4,8,2184616.11112,34734.983586
2024-09-02 23:00:00,schloemer,L9,36,39,83.83738629481346,0.0001866865004379603,0.8612271673152995,0.9999998625605878,4,8,2184616.11112,34734.983586
2024-09-02 23:00:00,schloemer,L10,37,36,86.87099981731141,0.0008395525657818315,0.9420346473179388,1.0,20,48,2185542.33716,34764.744572
2024-09-02 23:00:00,schloemer,L11,37,64,87.89159744887006,0.001371156044577715,0.9580682557113236,0.9999999999904948,4,8,2184616.11112,34734.983586
2024-09-02 23:00:00,schloemer,L12,38,39,82.10767038578273,7.270025033556671e-05,0.7834197614604692,0.999995160234451,4,8,2184616.11112,34734.983586
2024-09-02 23:00:00,schloemer,L13,39,40,88.72307409143208,0.001986551310897311,0.9678613878731044,0.9999999999988708,4,8,2184616.11112,34734.983586
2024-09-02 23:00:00,schloemer,L14,39,41,89.05455830716825,0.00229460047541441,0.9711391373052898,0.999999999999523,4,8,2184616.11112,34734.983586
2024-09-02 23:00:00,schloemer,L15,40,41,88.66299204405253,0.0019348863868842159,0.9672315635415841,0.9999999999986809,4,8,2184616.11112,34734.983586
2024-09-02 23:00:00,schloemer,L16,41,48,81.73101728461286,5.8783513379956354e-05,0.7628872783782644,0.9999900106616532,4,8,2184616.11112,34734.983586
2024-09-02 23:00:00,schloemer,L17,41,48,81.73101728461286,5.8783513379956354e-05,0.7628872783782644,0.9999900106616532,4,8,2184616.11112,34734.983586
2024-09-02 23:00:00,schloemer,L18,42,43,87.08536958938566,0.000945243148815833,0.9460427965308233,0.9999999999284265,4,8,2184616.11112,34734.983586
2024-09-02 23:00:00,schloemer,L19,43,44,82.33166758094374,8.239400034959488e-05,0.7950081924949981,0.9999968829131737,4,8,2184616.11112,34734.983586
2024-09-02 23:00:00,schloemer,L20,44,45,77.27926386508456,3.9694092957009985e-06,0.4358099264248092,0.9897341094125681,4,8,2184616.11112,34734.983586
2024-09-02 23:00:00,schloemer,L21,44,48,77.85519380959047,5.729692884592907e-06,0.48395513782347044,0.9949709064479766,4,8,2184616.11112,34734.983586
2024-09-02 23:00:00,schloemer,L22,45,46,75.28366238779611,1.06997255711061e-06,0.2735776244739083,0.9224624908557335,4,8,2184616.11112,34734.983586
2024-09-02 23:00:00,schloemer,L23,45,47,73.58220453883911,3.3445697944500807e-07,0.15782178352764853,0.7469353696053911,4,8,2184616.11112,34734.983586
2024-09-02 23:00:00,schloemer,L24,46,48,76.01916272183179,1.7466676474064968e-06,0.33141127602573717,0.9600727547121848,4,8,2184616.11112,34734.983586
2024-09-02 23:00:00,schloemer,L25,46,68,75.82419760460049,1.535059670820793e-06,0.31575696592052427,0.9519514361243462,4,8,2184616.11112,34734.983586
2024-09-02 23:00:00,schloemer,L26,47,48,74.18456014044034,5.071013748914055e-07,0.19531170634731354,0.8241993055717562,4,8,2184616.11112,34734.983586
2024-09-02 23:00:00,schloemer,L27,48,49,73.58206271286542,3.3442401659034005e-07,0.1578134623466132,0.7469153655454545,4,8,2184616.11112,34734.983586
2024-09-02 23:00:00,schloemer,L28,48,50,71.97470079568188,1.0766276259399632e-07,0.07980943796765194,0.4859302964001041,4,8,2184616.11112,34734.983586
2024-09-02 23:00:00,schloemer,L29,48,53,73.22877432651075,2.614079900320476e-07,0.13785546389435133,0.6947608838802912,4,8,2184616.11112,34734.983586
2024-09-02 23:00:00,schloemer,L30,48,53,73.22877432651075,2.614079900320476e-07,0.13785546389435133,0.6947608838802912,4,8,2184616.11112,34734.983586
2024-09-02 23:00:00,schloemer,L31,48,65,78.26786098551128,7.4292423827282406e-06,0.5180353802366342,0.9970885565269304,4,8,2184616.11112,34734.983586
2024-09-02 23:00:00,schloemer,L32,48,65,78.26786098551128,7.4292423827282406e-06,0.5180353802366342,0.9970885565269304,4,8,2184616.11112,34734.983586
2024-09-02 23:00:00,schloemer,L33,48,68,76.63675480910693,2.619694666528005e-06,0.382097518416195,0.9787501942518586,4,8,2184616.11112,34734.983586
2024-09-02 23:00:00,schloemer,L34,49,56,69.21923984941512,1.4393972680437628e-08,0.015568844207073051,0.11797118117137029,4,8,2184616.11112,34734.983586
2024-09-02 23:00:00,schloemer,L35,50,51,65.48679495327248,8.434516418631688e-10,0.0004805047438275478,0.0038375827458119183,4,8,2184616.11112,34734.983586
2024-09-02 23:00:00,schloemer,L36,50,57,66.50156666746439,1.8432032566906287e-09,0.0014705756021478056,0.011704237278196472,4,8,2184616.11112,34734.983586
2024-09-02 23:00:00,schloemer,L37,51,52,63.57993479428588,1.9101653592201728e-10,3.856541785496326e-05,0.0003084824657213492,4,8,2184616.11112,34734.983586
2024-09-02 23:00:00,schloemer,L38,52,53,66.87806563235141,2.4590165459414948e-09,0.0021494690877513767,0.01706695092927213,4,8,2184616.11112,34734.983586
2024-09-02 23:00:00,schloemer,L39,53,54,68.68544765061,9.660957589474606e-09,0.01045712056485093,0.08065836762289746,4,8,2184616.11112,34734.983586
2024-09-02 23:00:00,schloemer,L40,53,55,68.51087693561794,8.47509296075799e-09,0.009121708948862217,0.0706859686311948,4,8,2184616.11112,34734.983586
2024-09-02 23:00:00,schloemer,L41,53,58,70.23096634233508,3.0416196339366763e-08,0.030649038460575317,0.2204422191516503,4,8,2184616.11112,34734.983586
2024-09-02 23:00:00,schloemer,L42,54,55,67.21052701826196,3.169053797158483e-09,0.002960441171937167,0.02343959142868912,4,8,2184616.11112,34734.983586
2024-09-02 23:00:00,schloemer,L43,54,58,68.7833438175853,1.0395918348393707e-08,0.011273829166375093,0.08671101449799767,4,8,2184616.11112,34734.983586
2024-09-02 23:00:00,schloemer,L44,55,56,67.28194435968722,3.3461667880985146e-09,0.0031654958751955453,0.025045179132032747,4,8,2184616.11112,34734.983586
2024-09-02 23:00:00,schloemer,L45,55,57,66.05971469705284,1.3125143194514521e-09,0.0009196166832747821,0.007333302724136681,4,8,2184616.11112,34734.983586
2024-09-02 23:00:00,schloemer,L46,55,58,68.6934244451471,9.718879590003837e-09,0.010521791874786635,0.08113892451156968,4,8,2184616.11112,34734.983586
2024-09-02 23:00:00,schloemer,L47,55,58,68.6934244451471,9.718879590003837e-09,0.010521791874786635,0.08113892451156968,4,8,2184616.11112,34734.983586
2024-09-02 23:00:00,schloemer,L48,58,59,71.18356565106563,6.09291977982096e-08,0.053308045911339086,0.3548371039178696,4,8,2184616.11112,34734.983586
2024-09-02 23:00:00,schloemer,L49,58,60,72.28676367077573,1.3449738900384034e-07,0.0923762391776457,0.5394819882676887,4,8,2184616.11112,34734.983586
2024-09-02 23:00:00,schloemer,L50,59,60,73.12587383807076,2.432363300775009e-07,0.13233596324532737,0.6787727692603862,4,8,2184616.11112,34734.983586
2024-09-02 23:00:00,schloemer,L51,59,61,74.38332276892027,5.811323484650188e-07,0.20858306773192758,0.8460989112753465,4,8,2184616.11112,34734.983586
2024-09-02 23:00:00,schloemer,L52,60,61,75.55411845690334,1.282428647053635e-06,0.2944359448605155,0.9385828933387905,4,8,2184616.11112,34734.983586
2024-09-02 23:00:00,schloemer,L53,61,65,78.48606993159615,8.513672752119561e-06,0.5358194771142177,0.997844835039677,4,8,2184616.11112,34734.983586
2024-09-02 23:00:00,schloemer,L54,61,66,78.44887213078268,8.318663704987017e-06,0.5328015899944074,0.9977301539757496,4,8,2184616.11112,34734.983586
2024-09-02 23:00:00,schloemer,L55,62,58,71.97765143943924,1.0656819260379535e-07,0.07958652443787351,0.9169215372748949,13,30,2185148.89802,34751.629934
2024-09-02 23:00:00,schloemer,L56,62,63,76.49759609297719,2.3922219730687644e-06,0.37056099403818665,0.9753608873389543,4,8,2184616.11112,34734.983586
2024-09-02 23:00:00,schloemer,L57,63,60,76.8244701658361,2.899331335570743e-06,0.396417324922512,0.9999999999505003,20,47,2185512.78098,34763.759366
2024-09-02 23:00:00,schloemer,L58,63,64,82.68205219134305,0.00010003333042307716,0.8122122330103436,0.9999984541597989,4,8,2184616.11112,34734.983586
2024-09-02 23:00:00,schloemer,L59,64,65,82.83555793255438,0.00010672772250996942,0.8185842355216242,1.0,20,48,2185545.98792,34764.866264
2024-09-02 23:00:00,schloemer,L60,64,67,85.7298573411319,0.0004737752602951284,0.917860608887699,1.0,38,93,2186503.81292,34796.793764
2024-09-02 23:00:00,schloemer,L61,65,66,80.09497766394624,2.269339696725492e-05,0.6587277227085537,0.9998160208275569,4,8,2184616.11112,34734.983586
2024-09-02 23:00:00,schloemer,L62,67,68,80.27180467916862,2.445499427694564e-05,0.6693734495316911,1.0,28,68,2185978.45538,34779.281846
2024-09-02 23:00:00,schloemer,L63,68,69,71.0584048559511,5.5645207552856846e-08,0.04978543708716132,0.33538007037439344,4,8,2184616.11112,34734.983586
2024-09-02 23:00:00,schloemer,L64,68,74,73.74898218180206,3.7548811604448673e-07,0.16777527325669572,0.7698959462930136,4,8,2184616.11112,34734.983586
2024-09-02 23:00:00,schloemer,L65,68,76,76.50803972869366,2.408610002557765e-06,0.37142489861520667,0.9756301302181778,4,8,2184616.11112,34734.983586
2024-09-02 23:00:00,schloemer,L66,69,70,63.571935642631594,1.898231571928477e-10,3.811105159423622e-05,0.0003048485062516759,4,8,2184616.11112,34734.983586
2024-09-02 23:00:00,schloemer,L67,69,73,66.81239058774096,2.3386015346460454e-09,0.002014420982800358,0.016002212704177454,4,8,2184616.11112,34734.983586
2024-09-02 23:00:00,schloemer,L68,69,74,68.94173610474921,1.170314334331124e-08,0.012705470830144505,0.09723684923452058,4,8,2184616.11112,34734.983586
2024-09-02 23:00:00,schloemer,L69,70,71,59.29777568003918,6.494582649452241e-12,1.0667544181330868e-08,8.536632856159798e-08,4,8,2184616.11112,34734.983586
2024-09-02 23:00:00,schloemer,L70,70,72,59.058193704706284,5.37092592622912e-12,5.9494743576138376e-09,4.7617277565414895e-08,4,8,2184616.11112,34734.983586
2024-09-02 23:00:00,schloemer,L71,73,74,69.21651358807861,1.4364788025744701e-08,0.015538377956609395,0.11775278065166539,4,8,2184616.11112,34734.983586
2024-09-02 23:00:00,schloemer,L72,74,76,73.92991894701886,4.255379267847914e-07,0.17894823623928358,0.7934793098375595,4,8,2184616.11112,34734.983586
2024-09-02 23:00:00,schloemer,L73,74,117,70.33419449389882,3.2809854055848575e-08,0.03266709299045778,0.23333146643748848,4,8,2184616.11112,34734.983586
2024-09-02 23:00:00,schloemer,L74,75,76,73.73398939224025,3.7160782440093243e-07,0.1668668145979959,0.767878791125677,4,8,2184616.11112,34734.983586
2024-09-02 23:00:00,schloemer,L75,75,117,70.1903119652468,2.9521260769271862e-08,0.029881091321892428,0.2154877939712152,4,8,2184616.11112,34734.983586
2024-09-02 23:00:00,schloemer,L76,76,77,75.19099464469197,1.0053470829163302e-06,0.2665572709062488,0.9162609722274437,4,8,2184616.11112,34734.983586
2024-09-02 23:00:00,schloemer,L77,76,79,78.80254214347086,1.0359499999279542e-05,0.5612362059935231,0.9986265012481096,4,8,2184616.11112,34734.983586
2024-09-02 23:00:00,schloemer,L78,76,79,78.80254214347086,1.0359499999279542e-05,0.5612362059935231,0.9986265012481096,4,8,2184616.11112,34734.983586
2024-09-02 23:00:00,schloemer,L79,76,81,77.04761683078699,3.4196067354441695e-06,0.4163949299672669,0.9865430540309783,4,8,2184616.11112,34734.983586
2024-09-02 23:00:00,schloemer,L80,77,78,74.5815441710869,6.653659950783819e-07,0.22223275749649662,0.8660952364203749,4,8,2184616.11112,34734.983586
2024-09-02 23:00:00,schloemer,L81,78,79,78.04077939089451,6.441875440854616e-06,0.4993438359580189,0.9960526526009151,4,8,2184616.11112,34734.983586
2024-09-02 23:00:00,schloemer,L82,79,95,81.30532287876436,4.6094525197659664e-05,0.7381002668477906,0.9999778690339898,4,8,2184616.11112,34734.983586
2024-09-02 23:00:00,schloemer,L83,79,96,80.5119219644352,2.9050483583592523e-05,0.6875069847902098,0.9999090773574368,4,8,2184616.11112,34734.983586
2024-09-02 23:00:00,schloemer,L84,79,97,79.50311261508287,1.590182193111911e-05,0.6155062046896111,0.9995223749872006,4,8,2184616.11112,34734.983586
2024-09-02 23:00:00,schloemer,L85,79,98,82.97359482208755,0.00011735841968629757,0.8256803023456709,0.9999991477483956,4,8,2184616.11112,34734.983586
2024-09-02 23:00:00,schloemer,L86,80,67,85.19794710127152,0.0003664321961327488,0.9043559038594258,1.0,30,72,2186055.70436,34781.856812
2024-09-02 23:00:00,schloemer,L87,80,79,83.32181051688754,0.00013773024154095648,0.8396876706451557,1.0,28,69,2185981.58126,34779.386042
2024-09-02 23:00:00,schloemer,L88,81,82,75.28905950901459,1.073857908928666e-06,0.27398857405949584,0.9228127124075968,4,8,2184616.11112,34734.983586
2024-09-02 23:00:00,schloemer,L89,81,95,79.35869047582358,1.4567010083288423e-05,0.6045731387477241,0.9994022714028059,4,8,2184616.11112,34734.983586
2024-09-02 23:00:00,schloemer,L90,93,95,82.03517544268264,6.980067268247403e-05,0.7795699963979321,0.9999944275728239,4,8,2184616.11112,34734.983586
2024-09-02 23:00:00,schloemer,L91,95,96,80.53161107749835,2.9389091043219295e-05,0.6888297902426278,0.9999121112988982,4,8,2184616.11112,34734.983586
2024-09-02 23:00:00,schloemer,L92,115,67,85.49208704081497,0.0004329357489706309,0.9126300417629201,1.0,13,29,2185126.88168,34750.896056
2024-09-03 00:00:00,schloemer,L0,22,23,57.002685864258545,1.0541567618815861e-12,2.04881667187351e-11,1.6812196079740716e-10,4,8,2184616.11112,34734.983586
2024-09-03 00:00:00,schloemer,L1,23,69,61.8507062232291,4.9009463154447985e-11,2.255735860323682e-06,1.804594044385599e-05,4,8,2184616.11112,34734.983586
2024-09-03 00:00:00,schloemer,L2,23,71,57.91959202339457,2.178257574314557e-12,2.994310355219909e-10,2.4041613144731855e-09,4,8,2184616.11112,34734.983586
2024-09-03 00:00:00,schloemer,L3,29,37,88.01258583670263,0.0014483348020939424,0.9596456741840113,0.9999999999930079,4,8,2184616.11112,34734.983586
2024-09-03 00:00:00,schloemer,L4,32,36,76.41471583097791,2.2659272705949363e-06,0.3637171325104447,0.9731343161007171,4,8,2184616.11112,34734.983586
2024-09-03 00:00:00,schloemer,L5,33,36,86.69864610432413,0.0007873463822424265,0.9392397937294605,0.9999999998148236,4,8,2184616.11112,34734.983586
2024-09-03 00:00:00,schloemer,L6,33,42,88.15811269069235,0.0015463763266474473,0.9614710150505407,0.9999999999951737,4,8,2184616.11112,34734.983586
2024-09-03 00:00:00,schloemer,L7,34,36,79.5914295115491,1.6774774436068007e-05,0.6221206501302816,0.9995842845790551,4,8,2184616.11112,34734.983586
2024-09-03 00:00:00,schloemer,L8,36,38,82.0350775582765,6.979683242991364e-05,0.7795647654700989,0.9999944265147558,4,8,2184616.11112,34734.983586
2024-09-03 00:00:00,schloemer,L9,36,39,86.76892606962824,0.0008141084626087647,0.9405302935293282,0.9999999998440622,4,8,2184616.11112,34734.983586
2024-09-03 00:00:00,schloemer,L10,37,36,87.75226910769071,0.0012650239067373281,0.9559246220046262,1.0,20,48,2185542.33716,34764.744572
2024-09-03 00:00:00,schloemer,L11,37,64,86.37122340984462,0.0006729830831685435,0.9328936910864382,0.9999999995898551,4,8,2184616.11112,34734.983586
2024-09-03 00:00:00,schloemer,L12,38,39,86.25076495171251,0.0006349029171204279,0.9304155356819794,0.9999999994517293,4,8,2184616.11112,34734.983586
2024-09-03 00:00:00,schloemer,L13,39,40,88.7764034376131,0.002033447741497496,0.9684110177360563,0.9999999999990166,4,8,2184616.11112,34734.983586
2024-09-03 00:00:00,schloemer,L14,39,41,87.81627531366931,0.001325014042309336,0.9570579980703264,0.9999999999884985,4,8,2184616.11112,34734.983586
2024-09-03 00:00:00,schloemer,L15,40,41,86.9951973896207,0.0009060339956501462,0.9445206172968029,0.999999999910571,4,8,2184616.11112,34734.983586
2024-09-03 00:00:00,schloemer,L16,41,48,79.53031405373055,1.6165960445402305e-05,0.6175493106013663,0.9995423057024977,4,8,2184616.11112,34734.983586
2024-09-03 00:00:00,schloemer,L17,41,48,79.53031405373055,1.6165960445402305e-05,0.6175493106013663,0.9995423057024977,4,8,2184616.11112,34734.983586
2024-09-03 00:00:00,schloemer,L18,42,43,85.21820937526323,0.0003810859062958194,0.9056786779181261,0.99999999374515,4,8,2184616.11112,34734.983586
2024-09-03 00:00:00,schloemer,L19,43,44,80.13417002325744,2.3229303361627096e-05,0.6614940636765541,0.999827618776039,4,8,2184616.11112,34734.983586
2024-09-03 00:00:00,schloemer,L20,44,45,75.18288513152268,9.99875028218078e-07,0.26594615909246233,0.9157011623296328,4,8,2184616.11112,34734.983586
2024-09-03 00:00:00,schloemer,L21,44,48,75.77220641310915,1.4829556848061642e-06,0.31161788703068927,0.9495763778150261,4,8,2184616.11112,34734.983586
2024-09-03 00:00:00,schloemer,L22,45,46,73.24541093838307,2.6446747125596914e-07,0.13876038733616602,0.6973145700753957,4,8,2184616.11112,34734.983586
2024-09-03 00:00:00,schloemer,L23,45,47,71.67114906809792,8.661091965844747e-08,0.06875172229895332,0.43438136427753826,4,8,2184616.11112,34734.983586
2024-09-03 00:00:00,schloemer,L24,46,48,73.96727996692303,4.3665216631350035e-07,0.18130290242569136,0.7981702197318683,4,8,2184616.11112,34734.983586
2024-09-03 00:00:00,schloemer,L25,46,68,73.7180819104374,3.6753344256901244e-07,0.1659058667411708,0.765728265111041,4,8,2184616.11112,34734.983586
2024-09-03 00:00:00,schloemer,L26,47,48,72.27107220271647,1.330044592240398e-07,0.09171489432391788,0.5367906582468832,4,8,2184616.11112,34734.983586
2024-09-03 00:00:00,schloemer,L27,48,49,71.76520271985115,9.266180511779964e-08,0.0720567572146128,0.4502425189310394,4,8,2184616.11112,34734.983586
2024-09-03 00:00:00,schloemer,L28,48,50,70.24682232473637,3.077240440241269e-08,0.030952628244445446,0.2223932701999135,4,8,2184616.11112,34734.983586
2024-09-03 00:00:00,schloemer,L29,48,53,71.49747557374229,7.643642896404401e-08,0.06292975423884706,0.4054655114377216,4,8,2184616.11112,34734.983586
2024-09-03 00:00:00,schloemer,L30,48,53,71.49747557374229,7.643642896404401e-08,0.06292975423884706,0.4054655114377216,4,8,2184616.11112,34734.983586
2024-09-03 00:00:00,schloemer,L31,48,65,76.28255088291895,2.077736572347888e-06,0.3528521693025062,0.9692373043859643,4,8,2184616.11112,34734.983586
2024-09-03 00:00:00,schloemer,L32,48,65,76.28255088291895,2.077736572347888e-06,0.3528521693025062,0.9692373043859643,4,8,2184616.11112,34734.983586
2024-09-03 00:00:00,schloemer,L33,48,68,74.50955506433236,6.334878205338512e-07,0.2172289674299761,0.8590461752459917,4,8,2184616.11112,34734.983586
2024-09-03 00:00:00,schloemer,L34,49,56,67.72840469297657,4.696758759692443e-09,0.004744573798571627,0.03733224676209801,4,8,2184616.11112,34734.983586
2024-09-03 00:00:00,schloemer,L35,50,51,64.18217121462773,3.059413833383928e-10,9.1185457495091e-05,0.0007292521112330919,4,8,2184616.11112,34734.983586
2024-09-03 00:00:00,schloemer,L36,50,57,65.16023193487725,6.5494221157536e-10,0.00032489501261701026,0.0025962090440980745,4,8,2184616.11112,34734.983586
2024-09-03 00:00:00,schloemer,L37,51,52,62.43697333357047,7.781497668446491e-11,6.299776488805087e-06,5.039741192758296e-05,4,8,2184616.11112,34734.983586
2024-09-03 00:00:00,schloemer,L38,52,53,65.60049991992987,9.209704110446637e-10,0.0005486186655488945,0.004380534724448437,4,8,2184616.11112,34734.983586
2024-09-03 00:00:00,schloemer,L39,53,54,67.37808806306339,3.6001075454095144e-09,0.0034607415897606186,0.027352909314636187,4,8,2184616.11112,34734.983586
2024-09-03 00:00:00,schloemer,L40,53,55,67.17683705319533,3.088746702850642e-09,0.002867749489474769,0.02271305234962606,4,8,2184616.11112,34734.983586
2024-09-03 00:00:00,schloemer,L41,53,58,68.86446284920041,1.1046372594414322e-08,0.011989551187517877,0.09198655092864116,4,8,2184616.11112,34734.983586
2024-09-03 00:00:00,schloemer,L42,54,55,66.01021380107386,1.2634189250348982e-09,0.0008710527234090382,0.006947219256048576,4,8,2184616.11112,34734.983586
2024-09-03 00:00:00,schloemer,L43,54,58,67.56432448551253,4.147266641219005e-09,0.004100212622546451,0.03233482867045834,4,8,2184616.11112,34734.983586
2024-09-03 00:00:00,schloemer,L44,55,56,65.9905356930399,1.2444104635633835e-09,0.0008523865782508189,0.006798788453770244,4,8,2184616.11112,34734.983586
2024-09-03 00:00:00,schloemer,L45,55,57,64.8317751013785,5.075037057267195e-10,0.00021564443982458048,0.0017238560358453503,4,8,2184616.11112,34734.983586
2024-09-03 00:00:00,schloemer,L46,55,58,67.43851814516363,3.7693523857740274e-09,0.0036581497586144485,0.028893243941746305,4,8,2184616.11112,34734.983586
2024-09-03 00:00:00,schloemer,L47,55,58,67.43851814516363,3.7693523857740274e-09,0.0036581497586144485,0.028893243941746305,4,8,2184616.11112,34734.983586
2024-09-03 00:00:00,schloemer,L48,58,59,69.95676638641311,2.4858985869791184e-08,0.025752825160339943,0.18837914582716775,4,8,2184616.11112,34734.983586
2024-09-03 00:00:00,schloemer,L49,58,60,70.98194597225739,5.264087854506272e-08,0.04771896416106558,0.32372864238933186,4,8,2184616.11112,34734.983586
2024-09-03 00:00:00,schloemer,L50,59,60,71.87871366821311,1.0051626986307127e-07,0.0761899014867744,0.469529217838886,4,8,2184616.11112,34734.983586
2024-09-03 00:00:00,schloemer,L51,59,61,73.05302621086871,2.31121946359103e-07,0.1285095865820436,0.6672634482169901,4,8,2184616.11112,34734.983586
2024-09-03 00:00:00,schloemer,L52,60,61,74.1437687141098,4.930836785543846e-07,0.19264133705562503,0.819477549465325,4,8,2184616.11112,34734.983586
2024-09-03 00:00:00,schloemer,L53,61,65,76.78176347115313,2.878872900846652e-06,0.39416943559096196,0.9818530167651903,4,8,2184616.11112,34734.983586
2024-09-03 00:00:00,schloemer,L54,61,66,76.88237910885529,3.0730479609886174e-06,0.4025694930455601,0.983770922829399,4,8,2184616.11112,34734.983586
2024-09-03 00:00:00,schloemer,L55,62,58,70.65376097849303,4.0942764734097636e-08,0.039361078282132755,0.7002182908820191,13,30,2185148.89802,34751.629934
2024-09-03 00:00:00,schloemer,L56,62,63,74.95365518374894,8.565987955622134e-07,0.24889874650155708,0.8987053738156884,4,8,2184616.11112,34734.983586
2024-09-03 00:00:00,schloemer,L57,63,60,75.30653671396652,1.0640242041892733e-06,0.27414299379766427,0.9999997116026966,20,47,2185512.78098,34763.759366
2024-09-03 00:00:00,schloemer,L58,63,64,80.76849063025647,3.37682157294239e-05,0.7044806728597957,0.9999418394571095,4,8,2184616.11112,34734.983586
2024-09-03 00:00:00,schloemer,L59,64,65,80.83174670200782,3.433519310169775e-05,0.7074666230475146,1.0,20,48,2185545.98792,34764.866264
2024-09-03 00:00:00,schloemer,L60,64,67,83.47422099794171,0.00014783634783765986,0.8455910935893383,1.0,38,93,2186503.81292,34796.793764
2024-09-03 00:00:00,schloemer,L61,65,66,78.321910607312,7.684798357443512e-06,0.5224579617490959,0.9972955464909733,4,8,2184616.11112,34734.983586
2024-09-03 00:00:00,schloemer,L62,67,68,77.9391587939858,5.8554045501146845e-06,0.4889128797705019,1.0,28,68,2185978.45538,34779.281846
2024-09-03 00:00:00,schloemer,L63,68,69,69.25099268492622,1.4738207987363694e-08,0.01592724358010711,0.12053685541895676,4,8,2184616.11112,34734.983586
2024-09-03 00:00:00,schloemer,L64,68,74,71.78395314022147,9.391656952129068e-08,0.07272856381810022,0.4534185453171615,4,8,2184616.11112,34734.983586
2024-09-03 00:00:00,schloemer,L65,68,76,74.40805979031599,5.910496649885744e-07,0.21026429402279567,0.8486950398720864,4,8,2184616.11112,34734.983586
2024-09-03 00:00:00,schloemer,L66,69,70,62.26057664863977,6.771683214168434e-11,4.658771147636465e-06,3.7269832327768704e-05,4,8,2184616.11112,34734.983586
2024-09-03 00:00:00,schloemer,L67,69,73,65.29878948853232,7.292019210680678e-10,0.0003843222968956672,0.003070448758794142,4,8,2184616.11112,34734.983586
2024-09-03 00:00:00,schloemer,L68,69,74,67.29435468033255,3.3779247177179172e-09,0.003202345958723707,0.02533347199329694,4,8,2184616.11112,34734.983586
2024-09-03 00:00:00,schloemer,L69,70,71,58.246330950997304,2.8218538616897604e-12,7.328899709335701e-10,5.87440718291532e-09,4,8,2184616.11112,34734.983586
2024-09-03 00:00:00,schloemer,L70,70,72,58.039723318525226,2.3957502648386253e-12,4.1762449054516537e-10,3.3505789254206775e-09,4,8,2184616.11112,34734.983586
2024-09-03 00:00:00,schloemer,L71,73,74,67.56699511592723,4.155681243567244e-09,0.004110070037894542,0.03241144964172449,4,8,2184616.11112,34734.983586
2024-09-03 00:00:00,schloemer,L72,74,76,72.02973439717795,1.1198156335545661e-07,0.08193652150778585,0.4953602065302539,4,8,2184616.11112,34734.983586
2024-09-03 00:00:00,schloemer,L73,74,117,68.6432128800646,9.359892083615762e-09,0.010120132996213727,0.07815073415462959,4,8,2184616.11112,34734.983586
2024-09-03 00:00:00,schloemer,L74,75,76,71.91637819238974,1.0326346544520248e-07,0.07759651698532555,0.47595655356238176,4,8,2184616.11112,34734.983586
2024-09-03 00:00:00,schloemer,L75,75,117,68.56760280524617,8.84380046972666e-09,0.00953921096606658,0.07381385195880974,4,8,2184616.11112,34734.983586
2024-09-03 00:00:00,schloemer,L76,76,77,73.3396536694132,2.824681758495373e-07,0.14395217817771,0.7116076593956242,4,8,2184616.11112,34734.983586
2024-09-03 00:00:00,schloemer,L77,76,79,76.77931317834047,2.8742948913196287e-06,0.3939650884524457,0.9818039906469583,4,8,2184616.11112,34734.983586
2024-09-03 00:00:00,schloemer,L78,76,79,76.77931317834047,2.8742948913196287e-06,0.3939650884524457,0.9818039906469583,4,8,2184616.11112,34734.983586
2024-09-03 00:00:00,schloemer,L79,76,81,75.14618553952457,9.75469858000011e-07,0.2631872471679375,0.9131328890280048,4,8,2184616.11112,34734.983586
2024-09-03 00:00:00,schloemer,L80,77,78,72.89378571324369,2.0665197764113685e-07,0.12038085267609877,0.6416090485167328,4,8,2184616.11112,34734.983586
2024-09-03 00:00:00,schloemer,L81,78,79,76.21159454096397,1.983020899487542e-06,0.3470464354728786,0.9669588669567626,4,8,2184616.11112,34734.983586
2024-09-03 00:00:00,schloemer,L82,79,95,79.4260865783487,1.517602500589188e-05,0.609692880003997,0.9994614507486644,4,8,2184616.11112,34734.983586
2024-09-03 00:00:00,schloemer,L83,79,96,78.68340351538339,9.623645695344685e-06,0.5517249675706254,0.9983694291012567,4,8,2184616.11112,34734.983586
2024-09-03 00:00:00,schloemer,L84,79,97,77.69017407897773,5.160468837361876e-06,0.47020595222367456,0.9937934875210791,4,8,2184616.11112,34734.983586
2024-09-03 00:00:00,schloemer,L85,79,98,80.97848675046355,3.816204059536865e-05,0.717941296863018,0.9999599456450093,4,8,2184616.11112,34734.983586
2024-09-03 00:00:00,schloemer,L86,80,67,82.73256628906864,9.974453943117911e-05,0.8133151896060682,1.0,30,72,2186055.70436,34781.856812
2024-09-03 00:00:00,schloemer,L87,80,79,81.0641286954555,3.891981959924795e-05,0.7217347015901738,1.0,28,69,2185981.58126,34779.386042
2024-09-03 00:00:00,schloemer,L88,81,82,73.74850184070509,3.753631899749976e-07,0.16774612637043507,0.7698314670665737,4,8,2184616.11112,34734.983586
2024-09-03 00:00:00,schloemer,L89,81,95,77.6005168548279,4.874403667143312e-06,0.4627159104036147,0.9930557815638675,4,8,2184616.11112,34734.983586
2024-09-03 00:00:00,schloemer,L90,93,95,80.4534138176465,2.806602184779461e-05,0.6835565318170969,0.9998994642946817,4,8,2184616.11112,34734.983586
2024-09-03 00:00:00,schloemer,L91,95,96,78.85470040846057,1.0698332184810866e-05,0.5653769018836132,0.998726837492208,4,8,2184616.11112,34734.983586
2024-09-03 00:00:00,schloemer,L92,115,67,83.04442012411918,0.0001207180294960919,0.8284075984073878,1.0,13,29,2185126.88168,34750.896056
2024-09-03 01:00:00,schloemer,L0,22,23,56.081624845367216,5.093703236980218e-13,1.0588196985850118e-12,1.0508038883472182e-11,4,8,2184616.11112,34734.983586
2024-09-03 01:00:00,schloemer,L1,23,69,60.66067900224921,1.9125923067520034e-11,2.244485766134119e-07,1.79566370595019e-06,4,8,2184616.11112,34734.983586
2024-09-03 01:00:00,schloemer,L2,23,71,56.95964752023604,1.0188516696985062e-12,1.7949530750627218e-11,1.4767165268381177e-10,4,8,2184616.11112,34734.983586
2024-09-03 01:00:00,schloemer,L3,29,37,87.09236042429438,0.0009483468169404485,0.9461592266451478,0.9999999999296536,4,8,2184616.11112,34734.983586
2024-09-03 01:00:00,schloemer,L4,32,36,82.08127532940797,7.163161703938048e-05,0.7820237102578083,0.9999949049364318,4,8,2184616.11112,34734.983586
2024-09-03 01:00:00,schloemer,L5,33,36,87.53571933448073,0.0011652983164528452,0.953096990070982,0.999999999976688,4,8,2184616.11112,34734.983586
2024-09-03 01:00:00,schloemer,L6,33,42,87.03558610671227,0.0009234083091952394,0.9452071105286265,0.9999999999190552,4,8,2184616.11112,34734.983586
2024-09-03 01:00:00,schloemer,L7,34,36,83.23741727858558,0.00013542930880272586,0.8372174562866705,0.9999995072491698,4,8,2184616.11112,34734.983586
2024-09-03 01:00:00,schloemer,L8,36,38,85.60508829525156,0.00046248537278859025,0.9157164788262586,0.9999999974582211,4,8,2184616.11112,34734.983586
2024-09-03 01:00:00,schloemer,L9,36,39,87.77016222146803,0.0012974663709960366,0.9564286064520136,0.9999999999870772,4,8,2184616.11112,34734.983586
2024-09-03 01:00:00,schloemer,L10,37,36,87.7208935096738,0.0012470069398937689,0.9554871285625042,1.0,20,48,2185542.33716,34764.744572
2024-09-03 01:00:00,schloemer,L11,37,64,84.63032849087514,0.00028245638506319004,0.8884846454073306,0.9999999761116248,4,8,2184616.11112,34734.983586
2024-09-03 01:00:00,schloemer,L12,38,39,87.78808860896501,0.0013081130189257495,0.956674273143648,0.9999999999876492,4,8,2184616.11112,34734.983586
2024-09-03 01:00:00,schloemer,L13,39,40,87.7831361797498,0.0013051638142922428,0.9566065305403276,0.9999999999874938,4,8,2184616.11112,34734.983586
2024-09-03 01:00:00,schloemer,L14,39,41,86.1121264112149,0.0005935347587078255,0.9274639795198052,0.9999999992354631,4,8,2184616.11112,34734.983586
2024-09-03 01:00:00,schloemer,L15,40,41,85.04388981450586,0.0003489350472520858,0.9008321075227027,0.9999999906596662,4,8,2184616.11112,34734.983586
2024-09-03 01:00:00,schloemer,L16,41,48,77.44181376935165,4.404994683349095e-06,0.4494333165445561,0.9915574864527278,4,8,2184616.11112,34734.983586
2024-09-03 01:00:00,schloemer,L17,41,48,77.44181376935165,4.404994683349095e-06,0.4494333165445561,0.9915574864527278,4,8,2184616.11112,34734.983586
2024-09-03 01:00:00,schloemer,L18,42,43,83.23680161944579,0.0001353842530826821,0.8371912422504768,0.9999995066139135,4,8,2184616.11112,34734.983586
2024-09-03 01:00:00,schloemer,L19,43,44,78.03674799331269,6.425539425425342e-06,0.49901053511993076,0.9960315804137811,4,8,2184616.11112,34734.983586
2024-09-03 01:00:00,schloemer,L20,44,45,73.24197635747932,2.638330074411499e-07,0.13857328312417505,0.6967881021107233,4,8,2184616.11112,34734.983586
2024-09-03 01:00:00,schloemer,L21,44,48,73.8336865589968,3.9816179286944475e-07,0.17295790772965103,0.7811128752881398,4,8,2184616.11112,34734.983586
2024-09-03 01:00:00,schloemer,L22,45,46,71.37378202511893,6.991253931332153e-08,0.059001806297644954,0.38523349580801935,4,8,2184616.11112,34734.983586
2024-09-03 01:00:00,schloemer,L23,45,47,69.91525244367293,2.4109510721181948e-08,0.025067967645021172,0.18380359697094284,4,8,2184616.11112,34734.983586
2024-09-03 01:00:00,schloemer,L24,46,48,72.0761998593284,1.1575933867025157e-07,0.08376201518650794,0.5033320463488593,4,8,2184616.11112,34734.983586
2024-09-03 01:00:00,schloemer,L25,46,68,71.78989765242233,9.431782743707373e-08,0.07294244947120787,0.4544263339064367,4,8,2184616.11112,34734.983586
2024-09-03 01:00:00,schloemer,L26,47,48,70.50660969185311,3.722593777677474e-08,0.03626196145592897,0.25583037035438316,4,8,2184616.11112,34734.983586
2024-09-03 01:00:00,schloemer,L27,48,49,70.08151725528589,2.7251444878473308e-08,0.027898807191121366,0.20257148595790886,4,8,2184616.11112,34734.983586
2024-09-03 01:00:00,schloemer,L28,48,50,68.6483758506331,9.396194489141863e-09,0.01016084140799045,0.07845397608343618,4,8,2184616.11112,34734.983586
2024-09-03 01:00:00,schloemer,L29,48,53,69.88389527117737,2.355814621157748e-08,0.024560160291239197,0.18039636758476862,4,8,2184616.11112,34734.983586
2024-09-03 01:00:00,schloemer,L30,48,53,69.88389527117737,2.355814621157748e-08,0.024560160291239197,0.18039636758476862,4,8,2184616.11112,34734.983586
2024-09-03 01:00:00,schloemer,L31,48,65,74.41371853113118,5.933412943193161e-07,0.21064978665817347,0.8492848831049146,4,8,2184616.11112,34734.983586
2024-09-03 01:00:00,schloemer,L32,48,65,74.41371853113118,5.933412943193161e-07,0.21064978665817347,0.8492848831049146,4,8,2184616.11112,34734.983586
2024-09-03 01:00:00,schloemer,L33,48,68,72.55446372633527,1.6263562363505457e-07,0.10414367282239934,0.5851351500307297,4,8,2184616.11112,34734.983586
2024-09-03 01:00:00,schloemer,L34,49,56,66.34069504271878,1.6291051840866544e-09,0.0012433227682057124,0.009903412219828711,4,8,2184616.11112,34734.983586
2024-09-03 01:00:00,schloemer,L35,50,51,62.97187306657271,1.1853473758094424e-10,1.5160574944883543e-05,0.00012127863823074847,4,8,2184616.11112,34734.983586
2024-09-03 01:00:00,schloemer,L36,50,57,63.913030780793775,2.479165761570812e-10,6.255077629035988e-05,0.0005002976624080002,4,8,2184616.11112,34734.983586
2024-09-03 01:00:00,schloemer,L37,51,52,61.3698929451121,3.352129684941474e-11,9.215128717876553e-07,7.37221328128701e-06,4,8,2184616.11112,34734.983586
2024-09-03 01:00:00,schloemer,L38,52,53,64.40137618018954,3.6300573658110125e-10,0.00012285079132390297,0.0009823853001276195,4,8,2184616.11112,34734.983586
2024-09-03 01:00:00,schloemer,L39,53,54,66.14091701426354,1.397168047923003e-09,0.001004478092158534,0.008007635631023358,4,8,2184616.11112,34734.983586
2024-09-03 01:00:00,schloemer,L40,53,55,65.91967222465274,1.1782723685627161e-09,0.0007880671959110686,0.0062871802344434125,4,8,2184616.11112,34734.983586
2024-09-03 01:00:00,schloemer,L41,53,58,67.56712219896461,4.156082145101436e-09,0.004110539610346797,0.03241509946171406,4,8,2184616.11112,34734.983586
2024-09-03 01:00:00,schloemer,L42,54,55,64.87079040315396,5.231302058206211e-10,0.0002266003602827693,0.0018113678861394478,4,8,2184616.11112,34734.983586
2024-09-03 01:00:00,schloemer,L43,54,58,66.39762049641237,1.7018970677185052e-09,0.0013199361652123098,0.010510842143558019,4,8,2184616.11112,34734.983586
2024-09-03 01:00:00,schloemer,L44,55,56,64.77721235822169,4.86423012979742e-10,0.00020112507008629432,0.0016078703225157476,4,8,2184616.11112,34734.983586
2024-09-03 01:00:00,schloemer,L45,55,57,63.67865624888879,2.0637302977632999e-10,4.459842348736309e-05,0.0003567325255213749,4,8,2184616.11112,34734.983586
2024-09-03 01:00:00,schloemer,L46,55,58,66.24351293438545,1.511880065585558e-09,0.0011215321607314088,0.008937122805117825,4,8,2184616.11112,34734.983586
2024-09-03 01:00:00,schloemer,L47,55,58,66.24351293438545,1.511880065585558e-09,0.0011215321607314088,0.008937122805117825,4,8,2184616.11112,34734.983586
2024-09-03 01:00:00,schloemer,L48,58,59,68.76426028865181,1.0248458082173784e-08,0.011110646699287852,0.08550446054429028,4,8,2184616.11112,34734.983586
2024-09-03 01:00:00,schloemer,L49,58,60,69.71672122371089,2.0821101953671928e-08,0.021987293261993668,0.16294124593520476,4,8,2184616.11112,34734.983586
2024-09-03 01:00:00,schloemer,L50,59,60,70.65305618679336,4.143041354431887e-08,0.03954382054651262,0.2758636165185788,4,8,2184616.11112,34734.983586
2024-09-03 01:00:00,schloemer,L51,59,61,71.74848500617185,9.155689462136962e-08,0.07146141193849365,0.44741448654615634,4,8,2184616.11112,34734.983586
2024-09-03 01:00:00,schloemer,L52,60,61,72.76331897898518,1.8850235716794117e-07,0.11396283906002869,0.6201473441053937,4,8,2184616.11112,34734.983586
2024-09-03 01:00:00,schloemer,L53,61,65,75.13320845102776,9.669790033139947e-07,0.26221432514119813,0.9122110067801404,4,8,2184616.11112,34734.983586
2024-09-03 01:00:00,schloemer,L54,61,66,75.34599710115457,1.1156881170037991e-06,0.27833751060130185,0.9264350204262501,4,8,2184616.11112,34734.983586
2024-09-03 01:00:00,schloemer,L55,62,58,69.37578452966648,1.5972768108163393e-08,0.017297430839674166,0.40753506223001756,13,30,2185148.89802,34751.629934
2024-09-03 01:00:00,schloemer,L56,62,63,73.45582228503825,3.0630319169944187e-07,0.15050434286048775,0.7288005704418956,4,8,2184616.11112,34734.983586
2024-09-03 01:00:00,schloemer,L57,63,60,73.82643315951412,3.8787966960551756e-07,0.17157913034718275,0.9998561880103827,20,47,2185512.78098,34763.759366
2024-09-03 01:00:00,schloemer,L58,63,64,78.89108339075734,1.0940935160075327e-05,0.5682565422906639,0.9987927780694604,4,8,2184616.11112,34734.983586
2024-09-03 01:00:00,schloemer,L59,64,65,78.87757385990028,1.062577971133738e-05,0.5658595573988192,1.0,20,48,2185545.98792,34764.866264
2024-09-03 01:00:00,schloemer,L60,64,67,81.24778131038218,4.277500794258593e-05,0.7324862166902109,1.0,38,93,2186503.81292,34796.793764
2024-09-03 01:00:00,schloemer,L61,65,66,76.59824882957228,2.5547452596752507e-06,0.3789000772372981,0.9778544044590738,4,8,2184616.11112,34734.983586
2024-09-03 01:00:00,schloemer,L62,67,68,75.78162762089097,1.4451366040502123e-06,0.31049041964225554,0.9999999999895113,28,68,2185978.45538,34779.281846
2024-09-03 01:00:00,schloemer,L63,68,69,67.60222767938028,4.268280506813937e-09,0.004242018953870996,0.033436567950700935,4,8,2184616.11112,34734.983586
2024-09-03 01:00:00,schloemer,L64,68,74,69.9879624854514,2.54371871344361e-08,0.026276995574530337,0.19186596207034046,4,8,2184616.11112,34734.983586
2024-09-03 01:00:00,schloemer,L65,68,76,72.47967694707135,1.5424303956290686e-07,0.10076384169295638,0.5724471314198769,4,8,2184616.11112,34734.983586
2024-09-03 01:00:00,schloemer,L66,69,70,61.06009383833203,2.6237123584849087e-11,5.04144962665265e-07,4.033257532842782e-06,4,8,2184616.11112,34734.983586
2024-09-03 01:00:00,schloemer,L67,69,73,63.91488473152,2.4827628841705973e-10,6.271601856600029e-05,0.0005016190225765049,4,8,2184616.11112,34734.983586
2024-09-03 01:00:00,schloemer,L68,69,74,65.7886111960522,1.064982546594706e-09,0.0006803572254697743,0.005429918854805038,4,8,2184616.11112,34734.983586
2024-09-03 01:00:00,schloemer,L69,70,71,57.2812581292077,1.3140599719463353e-12,4.755851268356537e-11,3.857243413563083e-10,4,8,2184616.11112,34734.983586
2024-09-03 01:00:00,schloemer,L70,70,72,57.10283093195632,1.1410872247097359e-12,2.780975449923062e-11,2.270423848926839e-10,4,8,2184616.11112,34734.983586
2024-09-03 01:00:00,schloemer,L71,73,74,66.0573541336533,1.3101307816398844e-09,0.0009172475587283513,0.007314471232466535,4,8,2184616.11112,34734.983586
2024-09-03 01:00:00,schloemer,L72,74,76,70.28264992913242,3.159241246386557e-08,0.03164710413419658,0.22684033300305206,4,8,2184616.11112,34734.983586
2024-09-03 01:00:00,schloemer,L73,74,117,67.09177656080196,2.8948146102436567e-09,0.0026447743569769644,0.020963383481493292,4,8,2184616.11112,34734.983586
2024-09-03 01:00:00,schloemer,L74,75,76,70.23537324699822,3.051479058324702e-08,0.030733185683809783,0.22098342856329933,4,8,2184616.11112,34734.983586
2024-09-03 01:00:00,schloemer,L75,75,117,67.0708544423731,2.848985714010155e-09,0.002592282128295653,0.02055108260488203,4,8,2184616.11112,34734.983586
2024-09-03 01:00:00,schloemer,L76,76,77,71.6180954244932,8.336996659696894e-08,0.06693479924594059,0.425492378130785,4,8,2184616.11112,34734.983586
2024-09-03 01:00:00,schloemer,L77,76,79,74.88573043082786,8.181115562777563e-07,0.2439348804637842,0.8932243557891447,4,8,2184616.11112,34734.983586
2024-09-03 01:00:00,schloemer,L78,76,79,74.88573043082786,8.181115562777563e-07,0.2439348804637842,0.8932243557891447,4,8,2184616.11112,34734.983586
2024-09-03 01:00:00,schloemer,L79,76,81,73.36647438490898,2.8780543326334396e-07,0.1454500286831908,0.7156198941625705,4,8,2184616.11112,34734.983586
2024-09-03 01:00:00,schloemer,L80,77,78,71.30591434424838,6.656782480796153e-08,0.056922583870303356,0.37428200674869316,4,8,2184616.11112,34734.983586
2024-09-03 01:00:00,schloemer,L81,78,79,74.4775006027755,6.197751251102446e-07,0.21501788307945335,0.8558292933576883,4,8,2184616.11112,34734.983586
2024-09-03 01:00:00,schloemer,L82,79,95,77.61592437647039,4.922454508116125e-06,0.46400389998053293,0.9931878455419522,4,8,2184616.11112,34734.983586
2024-09-03 01:00:00,schloemer,L83,79,96,76.92223989607534,3.153413081991019e-06,0.40590166529410987,0.9844810904414092,4,8,2184616.11112,34734.983586
2024-09-03 01:00:00,schloemer,L84,79,97,75.95266771830731,1.6715107612474966e-06,0.3260496265179462,0.9574381552876324,4,8,2184616.11112,34734.983586
2024-09-03 01:00:00,schloemer,L85,79,98,79.05721336588824,1.2117163713631918e-05,0.5813106964782133,0.9990556915471096,4,8,2184616.11112,34734.983586
2024-09-03 01:00:00,schloemer,L86,80,67,80.39014562810205,2.6184640832149775e-05,0.6774405643506316,1.0,30,72,2186055.70436,34781.856812
2024-09-03 01:00:00,schloemer,L87,80,79,78.9314273594262,1.0873349690521117e-05,0.5694959647644925,1.0,28,69,2185981.58126,34779.386042
2024-09-03 01:00:00,schloemer,L88,81,82,72.26964755326948,1.328697178948346e-07,0.09165500518122527,0.5365462623720674,4,8,2184616.11112,34734.983586
2024-09-03 01:00:00,schloemer,L89,81,95,75.90758127655971,1.622339394824479e-06,0.32242721916191086,0.9555732245493933,4,8,2184616.11112,34734.983586
2024-09-03 01:00:00,schloemer,L90,93,95,78.86983663498894,1.079862919506347e-05,0.5665757824441526,0.998754663745645,4,8,2184616.11112,34734.983586
2024-09-03 01:00:00,schloemer,L91,95,96,77.21268743673787,3.8032379479080447e-06,0.4302283977690585,0.9888929227454613,4,8,2184616.11112,34734.983586
2024-09-03 01:00:00,schloemer,L92,115,67,80.69909488373534,3.2075975147205504e-05,0.6993268663965126,0.9999999999999992,13,29,2185126.88168,34750.896056
2024-09-03 02:00:00,schloemer,L0,22,23,55.22763256942598,2.6001423236721166e-13,5.240252676230739e-14,1.4592771435673058e-12,4,8,2184616.11112,34734.983586
2024-09-03 02:00:00,schloemer,L1,23,69,59.56164347925922,8.005818230572004e-12,1.99457320659846e-08,1.5959786869856885e-07,4,8,2184616.11112,34734.983586
2024-09-03 02:00:00,schloemer,L2,23,71,56.06919997788874,5.043743200872086e-13,1.0154099783221682e-12,1.014077710692618e-11,4,8,2184616.11112,34734.983586
2024-09-03 02:00:00,schloemer,L3,29,37,85.89190807974894,0.0005328989581911969,0.9225498858489963,0.9999999987080357,4,8,2184616.11112,34734.983586
2024-09-03 02:00:00,schloemer,L4,32,36,85.26447412065941,0.000390068404844901,0.906930534182159,0.9999999943794344,4,8,2184616.11112,34734.983586
2024-09-03 02:00:00,schloemer,L5,33,36,87.3431206239614,0.0010660280108699682,0.9501890019442052,0.9999999999622646,4,8,2184616.11112,34734.983586
2024-09-03 02:00:00,schloemer,L6,33,42,85.5362498106259,0.0004469171140430994,0.9140008278461219,0.9999999970133961,4,8,2184616.11112,34734.983586
2024-09-03 02:00:00,schloemer,L7,34,36,85.50276294659257,0.0004395203633997813,0.9131554065440228,0.9999999967701779,4,8,2184616.11112,34734.983586
2024-09-03 02:00:00,schloemer,L8,36,38,87.05672750389353,0.0009326238657408892,0.9455634074459266,0.9999999999231743,4,8,2184616.11112,34734.983586
2024-09-03 02:00:00,schloemer,L9,36,39,87.52670569681547,0.0011604707957109106,0.9529644022484657,0.9999999999761551,4,8,2184616.11112,34734.983586
2024-09-03 02:00:00,schloemer,L10,37,36,86.99806551442275,0.0008914815577822921,0.9442539436323124,1.0,20,48,2185542.33716,34764.744572
2024-09-03 02:00:00,schloemer,L11,37,64,82.78672597644608,0.00010595644681743455,0.8171354709810708,0.9999987501678294,4,8,2184616.11112,34734.983586
2024-09-03 02:00:00,schloemer,L12,38,39,87.76477292105342,0.0012942810519982473,0.9563545027838147,0.9999999999869001,4,8,2184616.11112,34734.983586
2024-09-03 02:00:00,schloemer,L13,39,40,86.24138764850339,0.0006320232884354793,0.9302192798843784,0.9999999994392293,4,8,2184616.11112,34734.983586
2024-09-03 02:00:00,schloemer,L14,39,41,84.19603833636286,0.0002254642651983163,0.8741626242992574,0.9999999371817975,4,8,2184616.11112,34734.983586
2024-09-03 02:00:00,schloemer,L15,40,41,82.99409493073874,0.00011867710722079927,0.826598760760485,0.9999991830200474,4,8,2184616.11112,34734.983586
2024-09-03 02:00:00,schloemer,L16,41,48,75.47500747989132,1.2163864469005858e-06,0.28828040650043896,0.934163116719555,4,8,2184616.11112,34734.983586
2024-09-03 02:00:00,schloemer,L17,41,48,75.47500747989132,1.2163864469005858e-06,0.28828040650043896,0.934163116719555,4,8,2184616.11112,34734.983586
2024-09-03 02:00:00,schloemer,L18,42,43,81.23822308485259,4.434831497113212e-05,0.7340409915049084,0.999974971167084,4,8,2184616.11112,34734.983586
2024-09-03 02:00:00,schloemer,L19,43,44,76.05411307326163,1.7874693570840705e-06,0.3342382385603888,0.961403522140224,4,8,2184616.11112,34734.983586
2024-09-03 02:00:00,schloemer,L20,44,45,71.44311492677255,7.349909525444787e-08,0.0611813406057109,0.39653293259833433,4,8,2184616.11112,34734.983586
2024-09-03 02:00:00,schloemer,L21,44,48,72.02993899683605,1.1199793104044176e-07,0.08194450020228605,0.4953952912333002,4,8,2184616.11112,34734.983586
2024-09-03 02:00:00,schloemer,L22,45,46,69.64886061548586,1.9801415840348113e-08,0.02100561688811564,0.15619602623438744,4,8,2184616.11112,34734.983586
2024-09-03 02:00:00,schloemer,L23,45,47,68.29467372589643,7.2034754827754455e-09,0.0076666832015727104,0.05971270288932007,4,8,2184616.11112,34734.983586
2024-09-03 02:00:00,schloemer,L24,46,48,70.32874032687096,3.267888537550334e-08,0.032557990332894415,0.2326394304327175,4,8,2184616.11112,34734.983586
2024-09-03 02:00:00,schloemer,L25,46,68,70.0175465180066,2.599769077793468e-08,0.02678171171636634,0.19521097344957172,4,8,2184616.11112,34734.983586
2024-09-03 02:00:00,schloemer,L26,47,48,68.87362294477538,1.1122292087328844e-08,0.01207265456166462,0.09259736879818936,4,8,2184616.11112,34734.983586
2024-09-03 02:00:00,schloemer,L27,48,49,68.5160163414501,8.507865079110388e-09,0.00915890060979363,0.07096497934413415,4,8,2184616.11112,34734.983586
2024-09-03 02:00:00,schloemer,L28,48,50,67.16308875533373,3.0565547870509135e-09,0.0028306484920114228,0.022422113542670763,4,8,2184616.11112,34734.983586
2024-09-03 02:00:00,schloemer,L29,48,53,68.37572877450816,7.656529188437844e-09,0.008187676228020857,0.063654798393452,4,8,2184616.11112,34734.983586
2024-09-03 02:00:00,schloemer,L30,48,53,68.37572877450816,7.656529188437844e-09,0.008187676228020857,0.063654798393452,4,8,2184616.11112,34734.983586
2024-09-03 02:00:00,schloemer,L31,48,65,72.65814188128172,1.7501107107964486e-07,0.10894797475524665,0.6026033616358757,4,8,2184616.11112,34734.983586
2024-09-03 02:00:00,schloemer,L32,48,65,72.65814188128172,1.7501107107964486e-07,0.10894797475524665,0.6026033616358757,4,8,2184616.11112,34734.983586
2024-09-03 02:00:00,schloemer,L33,48,68,70.75263727394528,4.4551610400844766e-08,0.04189938524267878,0.2899500957022665,4,8,2184616.11112,34734.983586
2024-09-03 02:00:00,schloemer,L34,49,56,65.0423153855633,5.976802386342683e-10,0.00028097393391990355,0.0022455846006167457,4,8,2184616.11112,34734.983586
2024-09-03 02:00:00,schloemer,L35,50,51,61.84079894868401,4.8627657456279394e-11,2.215593019827544e-06,1.7724801218532704e-05,4,8,2184616.11112,34734.983586
2024-09-03 02:00:00,schloemer,L36,50,57,62.74564901534283,9.921874433160838e-11,1.0527123278980532e-05,8.421428016969212e-05,4,8,2184616.11112,34734.983586
2024-09-03 02:00:00,schloemer,L37,51,52,60.365842580745195,1.5142997966677285e-11,1.206359140359936e-07,9.651474767169432e-07,4,8,2184616.11112,34734.983586
2024-09-03 02:00:00,schloemer,L38,52,53,63.269646180344644,1.497632018399031e-10,2.4150124539046303e-05,0.00019318526563982807,4,8,2184616.11112,34734.983586
2024-09-03 02:00:00,schloemer,L39,53,54,64.96584460063396,5.632256883103537e-10,0.0002554268519412428,0.0020415911962157196,4,8,2184616.11112,34734.983586
2024-09-03 02:00:00,schloemer,L40,53,55,64.72994182517522,4.688629484661533e-10,0.00018926746195202515,0.0015131389269984474,4,8,2184616.11112,34734.983586
2024-09-03 02:00:00,schloemer,L41,53,58,66.33242355022831,1.6187875484519054e-09,0.0012325221925604257,0.009817753534864249,4,8,2184616.11112,34734.983586
2024-09-03 02:00:00,schloemer,L42,54,55,63.784596697596164,2.2421786649573505e-10,5.202785564240031e-05,0.0004161479563862258,4,8,2184616.11112,34734.983586
2024-09-03 02:00:00,schloemer,L43,54,58,65.27829830804303,7.177158867222033e-10,0.0003749604413378904,0.002995752674461616,4,8,2184616.11112,34734.983586
2024-09-03 02:00:00,schloemer,L44,55,56,63.63130578008514,1.9886026159099401e-10,4.160414897547149e-05,0.00033278552566673447,4,8,2184616.11112,34734.983586
2024-09-03 02:00:00,schloemer,L45,55,57,62.58936345167624,8.773637372172516e-11,8.135972999534502e-06,6.508628151546958e-05,4,8,2184616.11112,34734.983586
2024-09-03 02:00:00,schloemer,L46,55,58,65.10211921652345,6.26073304310637e-10,0.0003025322018052057,0.00241769894217736,4,8,2184616.11112,34734.983586
2024-09-03 02:00:00,schloemer,L47,55,58,65.10211921652345,6.26073304310637e-10,0.0003025322018052057,0.00241769894217736,4,8,2184616.11112,34734.983586
2024-09-03 02:00:00,schloemer,L48,58,59,67.60616889747259,4.281061838362632e-09,0.004257001132028093,0.0335529052084822,4,8,2184616.11112,34734.983586
2024-09-03 02:00:00,schloemer,L49,58,60,68.49148630904399,8.352560976199186e-09,0.008982511507623081,0.06964106280910387,4,8,2184616.11112,34734.983586
2024-09-03 02:00:00,schloemer,L50,59,60,69.45288683686908,1.7124115014865993e-08,0.018364183415687907,0.13780968946431982,4,8,2184616.11112,34734.983586
2024-09-03 02:00:00,schloemer,L51,59,61,70.47443888751994,3.635994361150807e-08,0.03556945382212007,0.25154172443367595,4,8,2184616.11112,34734.983586
2024-09-03 02:00:00,schloemer,L52,60,61,71.41830132559478,7.219528952440157e-08,0.06039483344384422,0.39247655326979947,4,8,2184616.11112,34734.983586
2024-09-03 02:00:00,schloemer,L53,61,65,73.54693856470536,3.263571239919827e-07,0.15576022002584633,0.7419368889092731,4,8,2184616.11112,34734.983586
2024-09-03 02:00:00,schloemer,L54,61,66,73.84937239661814,4.0250422705945255e-07,0.17392694086455485,0.7831562195515172,4,8,2184616.11112,34734.983586
2024-09-03 02:00:00,schloemer,L55,62,58,68.14280649028346,6.3459499877183134e-09,0.006718225583751902,0.18309046288415753,13,30,2185148.89802,34751.629934
2024-09-03 02:00:00,schloemer,L56,62,63,72.00857555966208,1.1030144875245895e-07,0.08111423214732727,0.49173288868555576,4,8,2184616.11112,34734.983586
2024-09-03 02:00:00,schloemer,L57,63,60,72.39027380717633,1.4171530371420715e-07,0.09617189998281395,0.9913695543513134,20,47,2185512.78098,34763.759366
2024-09-03 02:00:00,schloemer,L58,63,64,77.07299472715637,3.476060684071136e-06,0.41852069737982545,0.986930226878438,4,8,2184616.11112,34734.983586
2024-09-03 02:00:00,schloemer,L59,64,65,76.99675301744938,3.2390532022086305e-06,0.410764841414049,0.9999999999905849,20,48,2185545.98792,34764.866264
2024-09-03 02:00:00,schloemer,L60,64,67,79.10594940820944,1.1958000728617968e-05,0.5824487673183089,1.0,38,93,2186503.81292,34796.793764
2024-09-03 02:00:00,schloemer,L61,65,66,74.93510070056983,8.459147289308078e-07,0.24753870619624785,0.8972286999735317,4,8,2184616.11112,34734.983586
2024-09-03 02:00:00,schloemer,L62,67,68,73.78735159094549,3.7324800494786814e-07,0.16870954918306058,0.999996507106873,28,68,2185978.45538,34779.281846
2024-09-03 02:00:00,schloemer,L63,68,69,66.08749188450479,1.3408852916896308e-09,0.0009479036819486364,0.007558123819051077,4,8,2184616.11112,34734.983586
2024-09-03 02:00:00,schloemer,L64,68,74,68.33706973629755,7.4370510860788386e-09,0.007935629785325249,0.061749497629486894,4,8,2184616.11112,34734.983586
2024-09-03 02:00:00,schloemer,L65,68,76,70.70200168233461,4.293677891009651e-08,0.04068888439482632,0.2827414415743633,4,8,2184616.11112,34734.983586
2024-09-03 02:00:00,schloemer,L66,69,70,59.9501683303989,1.0893397295319573e-11,4.853804302928921e-08,3.883478518762473e-07,4,8,2184616.11112,34734.983586
2024-09-03 02:00:00,schloemer,L67,69,73,62.63855969891858,9.120049160316057e-11,8.827821753931708e-06,7.062075679398205e-05,4,8,2184616.11112,34734.983586
2024-09-03 02:00:00,schloemer,L68,69,74,64.4015103937981,3.6304370620854343e-10,0.00012287291771884146,0.0009825621592591816,4,8,2184616.11112,34734.983586
2024-09-03 02:00:00,schloemer,L69,70,71,56.38494355727083,6.470379787515412e-13,2.8974600496667335e-12,2.5767832312340033e-11,4,8,2184616.11112,34734.983586
2024-09-03 02:00:00,schloemer,L70,70,72,56.23067995157839,5.728750807065808e-13,1.7432721932664208e-12,1.623767786895769e-11,4,8,2184616.11112,34734.983586
2024-09-03 02:00:00,schloemer,L71,73,74,64.66516436251683,4.458157176756572e-10,0.0001740457032987086,0.0013915195289573301,4,8,2184616.11112,34734.983586
2024-09-03 02:00:00,schloemer,L72,74,76,68.66801939930237,9.535584877262693e-09,0.010316959841505158,0.07961611228833365,4,8,2184616.11112,34734.983586
2024-09-03 02:00:00,schloemer,L73,74,117,65.65844926100952,9.631490049955005e-10,0.0005865418804315015,0.004682717291329741,4,8,2184616.11112,34734.983586
2024-09-03 02:00:00,schloemer,L74,75,76,68.67344116921446,9.574414705504353e-09,0.010360395824055013,0.07993921901293599,4,8,2184616.11112,34734.983586
2024-09-03 02:00:00,schloemer,L75,75,117,65.68126496984857,9.802749723064608e-10,0.0006021024169029499,0.00480668468690848,4,8,2184616.11112,34734.983586
2024-09-03 02:00:00,schloemer,L76,76,77,70.01181657484513,2.5888192367595764e-08,0.026683373014608325,0.19456018464565517,4,8,2184616.11112,34734.983586
2024-09-03 02:00:00,schloemer,L77,76,79,73.11225653421043,2.409257598978698e-07,0.13161558253428174,0.6766329568718215,4,8,2184616.11112,34734.983586
2024-09-03 02:00:00,schloemer,L78,76,79,73.11225653421043,2.409257598978698e-07,0.13161558253428174,0.6766329568718215,4,8,2184616.11112,34734.983586
2024-09-03 02:00:00,schloemer,L79,76,81,71.69791493057485,8.829241837648993e-08,0.06968130583839982,0.43888247886601595,4,8,2184616.11112,34734.983586
2024-09-03 02:00:00,schloemer,L80,77,78,69.8085774578888,2.2283870415584772e-08,0.023373300599690783,0.17238432904887968,4,8,2184616.11112,34734.983586
2024-09-03 02:00:00,schloemer,L81,78,79,72.83434082492208,1.9818050034370316e-07,0.11742952199776735,0.6318754126613737,4,8,2184616.11112,34734.983586
2024-09-03 02:00:00,schloemer,L82,79,95,75.8802428928983,1.5932080953406924e-06,0.3202360593736716,0.9544107743775004,4,8,2184616.11112,34734.983586
2024-09-03 02:00:00,schloemer,L83,79,96,75.23287190420729,1.0340694336363754e-06,0.2697214224074651,0.9191077916961317,4,8,2184616.11112,34734.983586
2024-09-03 02:00:00,schloemer,L84,79,97,74.2920948892296,5.459357342862958e-07,0.2024389012686244,0.8362765997971349,4,8,2184616.11112,34734.983586
2024-09-03 02:00:00,schloemer,L85,79,98,77.21733958757589,3.814628497855743e-06,0.4306184081742539,0.9889536003585597,4,8,2184616.11112,34734.983586
2024-09-03 02:00:00,schloemer,L86,80,67,78.18903471429924,6.840947215924764e-06,0.509448649742432,1.0,30,72,2186055.70436,34781.856812
2024-09-03 02:00:00,schloemer,L87,80,79,76.92444293616143,3.05902886454934e-06,0.40407683539218275,0.9999999999999997,28,69,2185981.58126,34779.386042
2024-09-03 02:00:00,schloemer,L88,81,82,70.85096927332452,4.785927232298093e-08,0.04432646553428854,0.304212871030755,4,8,2184616.11112,34734.983586
2024-09-03 02:00:00,schloemer,L89,81,95,74.28297499804333,5.425332045838616e-07,0.2018295764346859,0.8352732597865911,4,8,2184616.11112,34734.983586
2024-09-03 02:00:00,schloemer,L90,93,95,77.30240795869128,4.02879552607871e-06,0.4377501959640818,0.9900131735417879,4,8,2184616.11112,34734.983586
2024-09-03 02:00:00,schloemer,L91,95,96,75.61551799136463,1.336063386925268e-06,0.29924254558157526,0.9418513696499982,4,8,2184616.11112,34734.983586
2024-09-03 02:00:00,schloemer,L92,115,67,78.48557083360002,8.416300332325655e-06,0.5350353050805137,0.9999999997734668,13,29,2185126.88168,34750.896056
2024-09-03 03:00:00,schloemer,L0,22,23,54.42522149198692,1.3855583347321954e-13,2.4424906541753444e-15,5.737632591262809e-13,4,8,2184616.11112,34734.983586
2024-09-03 03:00:00,schloemer,L1,23,69,58.53544376116177,3.548605853609388e-12,1.5775077910618052e-09,1.2634256640886576e-08,4,8,2184616.11112,34734.983586
2024-09-03 03:00:00,schloemer,L2,23,71,55.23259861228432,2.610134330893743e-13,5.340172748447003e-14,1.4712675522332574e-12,4,8,2184616.11112,34734.983586
2024-09-03 03:00:00,schloemer,L3,29,37,84.48344571836455,0.0002618294358901485,0.8838004568522859,0.9999999667967603,4,8,2184616.11112,34734.983586
2024-09-03 03:00:00,schloemer,L4,32,36,86.57363108345791,0.000741726856628655,0.9368825296190125,0.9999999997488648,4,8,2184616.11112,34734.983586
2024-09-03 03:00:00,schloemer,L5,33,36,86.46481307102368,0.0007040065067138723,0.9347649655113689,0.9999999996729427,4,8,2184616.11112,34734.983586
2024-09-03 03:00:00,schloemer,L6,33,42,83.8322060819081,0.0001861750758639369,0.8610327379578804,0.9999998610122389,4,8,2184616.11112,34734.983586
2024-09-03 03:00:00,schloemer,L7,34,36,86.46153768723566,0.0007028989511439487,0.9347002636260353,0.9999999996703373,4,8,2184616.11112,34734.983586
2024-09-03 03:00:00,schloemer,L8,36,38,87.13316713780951,0.0009666501206597733,0.9468343566575631,0.999999999936413,4,8,2184616.11112,34734.983586
2024-09-03 03:00:00,schloemer,L9,36,39,86.53457246678573,0.0007279792960424025,0.9361295786790331,0.9999999997238576,4,8,2184616.11112,34734.983586
2024-09-03 03:00:00,schloemer,L10,37,36,85.81186496607336,0.000503113709658054,0.9202659087316964,1.0,20,48,2185542.33716,34764.744572
2024-09-03 03:00:00,schloemer,L11,37,64,80.91572666701943,3.679508120835173e-05,0.7139596766134717,0.9999551921441867,4,8,2184616.11112,34734.983586
2024-09-03 03:00:00,schloemer,L12,38,39,86.84814591501103,0.0008452726510200792,0.941955600778983,0.9999999998715856,4,8,2184616.11112,34734.983586
2024-09-03 03:00:00,schloemer,L13,39,40,84.43377982626755,0.00025517821040987876,0.8821800600971657,0.9999999629057129,4,8,2184616.11112,34734.983586
2024-09-03 03:00:00,schloemer,L14,39,41,82.20962512513479,7.697089313862815e-05,0.7887517406733912,0.9999960352902819,4,8,2184616.11112,34734.983586
2024-09-03 03:00:00,schloemer,L15,40,41,80.94405028461102,3.740613691483041e-05,0.7157609578821165,0.999957400464366,4,8,2184616.11112,34734.983586
2024-09-03 03:00:00,schloemer,L16,41,48,73.62689285855902,3.45002291846086e-07,0.1604559042944259,0.7531986708760459,4,8,2184616.11112,34734.983586
2024-09-03 03:00:00,schloemer,L17,41,48,73.62689285855902,3.45002291846086e-07,0.1604559042944259,0.7531986708760459,4,8,2184616.11112,34734.983586
2024-09-03 03:00:00,schloemer,L18,42,43,79.27580719831808,1.385001514975226e-05,0.5982354588504412,0.9993211891525626,4,8,2184616.11112,34734.983586
2024-09-03 03:00:00,schloemer,L19,43,44,74.18650460533163,5.077791540575305e-07,0.19543945830704923,0.8244224623472327,4,8,2184616.11112,34734.983586
2024-09-03 03:00:00,schloemer,L20,44,45,69.76972051467656,2.165317392055499e-08,0.022778853148044953,0.16834574487809917,4,8,2184616.11112,34734.983586
2024-09-03 03:00:00,schloemer,L21,44,48,70.34696796878625,3.311859575472198e-08,0.03292370038673509,0.2349569698658729,4,8,2184616.11112,34734.983586
2024-09-03 03:00:00,schloemer,L22,45,46,68.05017117414042,5.990818396917064e-09,0.006259779038218061,0.048994708959325894,4,8,2184616.11112,34734.983586
2024-09-03 03:00:00,schloemer,L23,45,47,66.78969654758305,2.2983609460069943e-09,0.001969502182071592,0.015647842983317117,4,8,2184616.11112,34734.983586
2024-09-03 03:00:00,schloemer,L24,46,48,68.70615038992261,9.811994661212964e-09,0.010625647508481051,0.08191019075173789,4,8,2184616.11112,34734.983586
2024-09-03 03:00:00,schloemer,L25,46,68,68.3787699204381,7.674062718621144e-09,0.008207783043169714,0.06380664641362166,4,8,2184616.11112,34734.983586
2024-09-03 03:00:00,schloemer,L26,47,48,67.3539550184318,3.5346332527552704e-09,0.00338449700298582,0.02675741671807763,4,8,2184616.11112,34734.983586
2024-09-03 03:00:00,schloemer,L27,48,49,67.05284506826845,2.8101110327583e-09,0.0025478212257367128,0.020201745050536735,4,8,2184616.11112,34734.983586
2024-09-03 03:00:00,schloemer,L28,48,50,65.77460986272055,1.0535361472108207e-09,0.0006696624468434109,0.005344764031386728,4,8,2184616.11112,34734.983586
2024-09-03 03:00:00,schloemer,L29,48,53,66.95946572251383,2.6167874533911117e-09,0.0023277073483862765,0.018470663081640026,4,8,2184616.11112,34734.983586
2024-09-03 03:00:00,schloemer,L30,48,53,66.95946572251383,2.6167874533911117e-09,0.0023277073483862765,0.018470663081640026,4,8,2184616.11112,34734.983586
2024-09-03 03:00:00,schloemer,L31,48,65,71.00710393567297,5.361145516413757e-08,0.04839183946106773,0.32754199421394703,4,8,2184616.11112,34734.983586
2024-09-03 03:00:00,schloemer,L32,48,65,71.00710393567297,5.361145516413757e-08,0.04839183946106773,0.32754199421394703,4,8,2184616.11112,34734.983586
2024-09-03 03:00:00,schloemer,L33,48,68,69.08374054105302,1.3011706934129563e-08,0.014111806910112046,0.10747312521450436,4,8,2184616.11112,34734.983586
2024-09-03 03:00:00,schloemer,L34,49,56,63.81959966295059,2.304441082401354e-10,5.4721742374530535e-05,0.00043769102441038044,4,8,2184616.11112,34734.983586
2024-09-03 03:00:00,schloemer,L35,50,51,60.77483828730206,2.093514250844919e-11,2.839026499446007e-07,2.27130268304343e-06,4,8,2184616.11112,34734.983586
2024-09-03 03:00:00,schloemer,L36,50,57,61.644469643772695,4.164402156447977e-11,1.5456928207369103e-06,1.2365642243383768e-05,4,8,2184616.11112,34734.983586
2024-09-03 03:00:00,schloemer,L37,51,52,59.41277557579704,7.114531186402928e-12,1.404340155275463e-08,1.1237566499566753e-07,4,8,2184616.11112,34734.983586
2024-09-03 03:00:00,schloemer,L38,52,53,62.19431881829275,6.427047782864292e-11,4.15290559241388e-06,3.322301891117707e-05,4,8,2184616.11112,34734.983586
2024-09-03 03:00:00,schloemer,L39,53,54,63.8440601125092,2.348966576803946e-10,5.6679535110903956e-05,0.00045334727829238197,4,8,2184616.11112,34734.983586
2024-09-03 03:00:00,schloemer,L40,53,55,63.59772507192366,1.936975024818821e-10,3.9593854863184674e-05,0.0003167077220722625,4,8,2184616.11112,34734.983586
2024-09-03 03:00:00,schloemer,L41,53,58,65.15258626466506,6.510699757100724e-10,0.000321870330140972,0.0025720662910663217,4,8,2184616.11112,34734.983586
2024-09-03 03:00:00,schloemer,L42,54,55,62.74344268031927,9.904665976279148e-11,1.0489241917821523e-05,8.391125088313967e-05,4,8,2184616.11112,34734.983586
2024-09-03 03:00:00,schloemer,L43,54,58,64.20024460841358,3.1028879465822e-10,9.348223581406856e-05,0.0007476144824872799,4,8,2184616.11112,34734.983586
2024-09-03 03:00:00,schloemer,L44,55,56,62.542077332191056,8.453016064891017e-11,7.5188292382177835e-06,6.014938911169665e-05,4,8,2184616.11112,34734.983586
2024-09-03 03:00:00,schloemer,L45,55,57,61.553071309864464,3.874300880113424e-11,1.3035526121862873e-06,1.0428528289030403e-05,4,8,2184616.11112,34734.983586
2024-09-03 03:00:00,schloemer,L46,55,58,64.00706546410628,2.6682889231466334e-10,7.145422202869955e-05,0.0005714919035998411,4,8,2184616.11112,34734.983586
2024-09-03 03:00:00,schloemer,L47,55,58,64.00706546410628,2.6682889231466334e-10,7.145422202869955e-05,0.0005714919035998411,4,8,2184616.11112,34734.983586
2024-09-03 03:00:00,schloemer,L48,58,59,66.48035952410348,1.813462824351575e-09,0.0014386741743473985,0.011451613085046941,4,8,2184616.11112,34734.983586
2024-09-03 03:00:00,schloemer,L49,58,60,67.30408018621068,3.4030199769219394e-09,0.0032314810210395395,0.025561354370459255,4,8,2184616.11112,34734.983586
2024-09-03 03:00:00,schloemer,L50,59,60,68.27912507299948,7.119635103691735e-09,0.007569972658579394,0.058979346408590594,4,8,2184616.11112,34734.983586
2024-09-03 03:00:00,schloemer,L51,59,61,69.23213698157032,1.4532828052082891e-08,0.015713624223461453,0.11900840550341363,4,8,2184616.11112,34734.983586
2024-09-03 03:00:00,schloemer,L52,60,61,70.11031019982443,2.7834933247206095e-08,0.028413230406790002,0.2059411514989472,4,8,2184616.11112,34734.983586
2024-09-03 03:00:00,schloemer,L53,61,65,72.02377280524675,1.1150567125195465e-07,0.08170427012736659,0.49433799201419104,4,8,2184616.11112,34734.983586
2024-09-03 03:00:00,schloemer,L54,61,66,72.39674183500381,1.4542988524546274e-07,0.09709961523994726,0.5583090996267214,4,8,2184616.11112,34734.983586
2024-09-03 03:00:00,schloemer,L55,62,58,66.95156004377806,2.5693714933439082e-09,0.002291542184976292,0.06651014799944888,13,30,2185148.89802,34751.629934
2024-09-03 03:00:00,schloemer,L56,62,63,70.61206897190402,4.020891419820316e-08,0.03860366850625163,0.2701735227115183,4,8,2184616.11112,34734.983586
2024-09-03 03:00:00,schloemer,L57,63,60,70.99965838443104,5.219618837148943e-08,0.047802731563292844,0.8999619271351027,20,47,2185512.78098,34763.759366
2024-09-03 03:00:00,schloemer,L58,63,64,75.32486757404813,1.0999840631686908e-06,0.2767207462960013,0.9251061504217517,4,8,2184616.11112,34734.983586
2024-09-03 03:00:00,schloemer,L59,64,65,75.19861735478845,9.8876780507684e-07,0.2659260681586959,0.9999996406630312,20,48,2185545.98792,34764.866264
2024-09-03 03:00:00,schloemer,L60,64,67,77.07034440001075,3.3200496341034835e-06,0.4155114748716594,1.0,38,93,2186503.81292,34796.793764
2024-09-03 03:00:00,schloemer,L61,65,66,73.33625024569066,2.817978310698521e-07,0.14376274969591996,0.7110967334067336,4,8,2184616.11112,34734.983586
2024-09-03 03:00:00,schloemer,L62,67,68,71.9389397473458,1.0155785057364142e-07,0.07760182293102513,0.9958842175347348,28,68,2185978.45538,34779.281846
2024-09-03 03:00:00,schloemer,L63,68,69,64.68439504659689,4.5253800706746006e-10,0.00017844456859117397,0.001426667085432709,4,8,2184616.11112,34734.983586
2024-09-03 03:00:00,schloemer,L64,68,74,66.80872075705798,2.3320474440424732e-09,0.0020070973781509682,0.01594444354009683,4,8,2184616.11112,34734.983586
2024-09-03 03:00:00,schloemer,L65,68,76,69.0539594814114,1.2725864917406682e-08,0.013806872084513366,0.10526226628442392,4,8,2184616.11112,34734.983586
2024-09-03 03:00:00,schloemer,L66,69,70,58.91289924610111,4.786504526066437e-12,4.144494081259609e-09,3.3175098224091926e-08,4,8,2184616.11112,34734.983586
2024-09-03 03:00:00,schloemer,L67,69,73,61.45013570259438,3.5716318791401136e-11,1.0736669252553455e-06,8.589445988915756e-06,4,8,2184616.11112,34734.983586
2024-09-03 03:00:00,schloemer,L68,69,74,63.11237047637029,1.323677834008663e-10,1.892357187760485e-05,0.0001513790779472668,4,8,2184616.11112,34734.983586
2024-09-03 03:00:00,schloemer,L69,70,71,55.54196572437994,3.3295588508508445e-13,1.6331380692236053e-13,2.638333995719222e-12,4,8,2184616.11112,34734.983586
2024-09-03 03:00:00,schloemer,L70,70,72,55.408486620027126,2.9976021664879227e-13,1.0125233984581428e-13,2.0090595853616833e-12,4,8,2184616.11112,34734.983586
2024-09-03 03:00:00,schloemer,L71,73,74,63.37015293542244,1.6205048414263956e-10,2.8156804423362658e-05,0.00022523288613507386,4,8,2184616.11112,34734.983586
2024-09-03 03:00:00,schloemer,L72,74,76,67.16598224463515,3.0633022785053754e-09,0.0028384222601063325,0.022483080195604743,4,8,2184616.11112,34734.983586
2024-09-03 03:00:00,schloemer,L73,74,117,64.32355377411483,3.416300575764808e-10,0.0001106145195500785,0.0008845750014795373,4,8,2184616.11112,34734.983586
2024-09-03 03:00:00,schloemer,L74,75,76,67.21331059024341,3.175780416420082e-09,0.0029682137440195655,0.023500493183505333,4,8,2184616.11112,34734.983586
2024-09-03 03:00:00,schloemer,L75,75,117,64.38128722303662,3.5736402725916605e-10,0.0001195795125239485,0.0009562372447459166,4,8,2184616.11112,34734.983586
2024-09-03 03:00:00,schloemer,L76,76,77,68.50562612699942,8.441738752473782e-09,0.009083840348272143,0.0704018042071124,4,8,2184616.11112,34734.983586
2024-09-03 03:00:00,schloemer,L77,76,79,71.44652715086863,7.368017884701317e-08,0.0612900628135673,0.39709179439879205,4,8,2184616.11112,34734.983586
2024-09-03 03:00:00,schloemer,L78,76,79,71.44652715086863,7.368017884701317e-08,0.0612900628135673,0.39709179439879205,4,8,2184616.11112,34734.983586
2024-09-03 03:00:00,schloemer,L79,76,81,70.12799115612975,2.8199292789743424e-08,0.028732738687461734,0.20802777271469597,4,8,2184616.11112,34734.983586
2024-09-03 03:00:00,schloemer,L80,77,78,68.39100828744654,7.745022734262363e-09,0.008289113802799952,0.0644206419520732,4,8,2184616.11112,34734.983586
2024-09-03 03:00:00,schloemer,L81,78,79,71.2746853895466,6.50818607894621e-08,0.055983717359988416,0.3692812114341717,4,8,2184616.11112,34734.983586
2024-09-03 03:00:00,schloemer,L82,79,95,74.21864778718079,5.191115789449086e-07,0.1975573027589681,0.8280859662899069,4,8,2184616.11112,34734.983586
2024-09-03 03:00:00,schloemer,L83,79,96,73.61440642806596,3.420236815987465e-07,0.15971745972358986,0.7514566639041025,4,8,2184616.11112,34734.983586
2024-09-03 03:00:00,schloemer,L84,79,97,72.70538130905148,1.8094987741523738e-07,0.11118277979950553,0.6105072600484694,4,8,2184616.11112,34734.983586
2024-09-03 03:00:00,schloemer,L85,79,98,75.45949945199071,1.203831853091586e-06,0.28707884756181457,0.9332686497616642,4,8,2184616.11112,34734.983586
2024-09-03 03:00:00,schloemer,L86,80,67,76.12870954567215,1.8151589773474086e-06,0.3382541303988893,0.9999999999998771,30,72,2186055.70436,34781.856812
2024-09-03 03:00:00,schloemer,L87,80,79,75.03648939892466,8.770621506837273e-07,0.25327277540216087,0.999999998229213,28,69,2185981.58126,34779.386042
2024-09-03 03:00:00,schloemer,L88,81,82,69.4881502629441,1.7578111743965508e-08,0.018818837177954073,0.14099916882217045,4,8,2184616.11112,34734.983586
2024-09-03 03:00:00,schloemer,L89,81,95,72.72508321112215,1.83484407334511e-07,0.11212331035121836,0.613792312254717,4,8,2184616.11112,34734.983586
2024-09-03 03:00:00,schloemer,L90,93,95,75.76202896455825,1.4729582364925164e-06,0.31080950096546744,0.9491007133984848,4,8,2184616.11112,34734.983586
2024-09-03 03:00:00,schloemer,L91,95,96,74.0672645450388,4.678016515269334e-07,0.18768310215078166,0.810415386437715,4,8,2184616.11112,34734.983586
2024-09-03 03:00:00,schloemer,L92,115,67,76.408937867801,2.2316352304985188e-06,0.36250489561164867,0.999997862942705,13,29,2185126.88168,34750.896056
2024-09-03 04:00:00,schloemer,L0,22,23,53.6611596789126,7.627232179174825e-14,1.1102230246251565e-16,3.0597746558669314e-13,4,8,2184616.11112,34734.983586
2024-09-03 04:00:00,schloemer,L1,23,69,57.56644247858501,1.6467938124264947e-12,1.09855791130542e-10,8.85433504294042e-10,4,8,2184616.11112,34734.983586
2024-09-03 04:00:00,schloemer,L2,23,71,54.436439266728165,1.397770788003072e-13,2.55351295663786e-15,5.795364188543317e-13,4,8,2184616.11112,34734.983586
2024-09-03 04:00:00,schloemer,L3,29,37,82.93847672700332,0.0001151313440915791,0.8240982501581604,0.9999990838612287,4,8,2184616.11112,34734.983586
2024-09-03 04:00:00,schloemer,L4,32,36,86.63528048451128,0.0007639113357452709,0.9380549482879954,0.9999999997838649,4,8,2184616.11112,34734.983586
2024-09-03 04:00:00,schloemer,L5,33,36,85.16206878463947,0.00037044347906745045,0.9041403267905264,0.9999999928805916,4,8,2184616.11112,34734.983586
2024-09-03 04:00:00,schloemer,L6,33,42,82.0336594439656,6.974121858616122e-05,0.7794889717033695,0.9999944111640912,4,8,2184616.11112,34734.983586
2024-09-03 04:00:00,schloemer,L7,34,36,86.43212722060233,0.0006930254189079221,0.9341167408658471,0.9999999996460057,4,8,2184616.11112,34734.983586
2024-09-03 04:00:00,schloemer,L8,36,38,86.36901534294508,0.0006722665590140897,0.9328489751746918,0.9999999995876624,4,8,2184616.11112,34734.983586
2024-09-03 04:00:00,schloemer,L9,36,39,85.11429545977623,0.00036160489925196604,0.9028144736376145,0.9999999920533434,4,8,2184616.11112,34734.983586
2024-09-03 04:00:00,schloemer,L10,37,36,84.34011874269473,0.00023853495152570403,0.8784728904405636,1.0,20,48,2185542.33716,34764.744572
2024-09-03 04:00:00,schloemer,L11,37,64,79.06199110660602,1.2152717847935257e-05,0.581683749139983,0.999062401766578,4,8,2184616.11112,34734.983586
2024-09-03 04:00:00,schloemer,L12,38,39,85.43833456204443,0.00042560662718804654,0.911508679336693,0.9999999962462451,4,8,2184616.11112,34734.983586
2024-09-03 04:00:00,schloemer,L13,39,40,82.51811485538582,9.137880889609207e-05,0.8043022566107023,0.9999978495577018,4,8,2184616.11112,34734.983586
2024-09-03 04:00:00,schloemer,L14,39,41,80.22919693118462,2.4579138740432604e-05,0.668149574398445,0.9998529394002293,4,8,2184616.11112,34734.983586
2024-09-03 04:00:00,schloemer,L15,40,41,78.9431050373178,1.1296977830310695e-05,0.5723612381579983,0.9988816007102205,4,8,2184616.11112,34734.983586
2024-09-03 04:00:00,schloemer,L16,41,48,71.8881856252711,1.0120034343863438e-07,0.07654198394848366,0.4711444474673909,4,8,2184616.11112,34734.983586
2024-09-03 04:00:00,schloemer,L17,41,48,71.8881856252711,1.0120034343863438e-07,0.07654198394848366,0.4711444474673909,4,8,2184616.11112,34734.983586
2024-09-03 04:00:00,schloemer,L18,42,43,77.37597518210656,4.223295139160754e-06,0.4439167395289081,0.9908565259100769,4,8,2184616.11112,34734.983586
2024-09-03 04:00:00,schloemer,L19,43,44,72.42663130560204,1.485479514951038e-07,0.09841003402589199,0.563411492441648,4,8,2184616.11112,34734.983586
2024-09-03 04:00:00,schloemer,L20,44,45,68.20463315582232,6.73110844839897e-09,0.007120653359804274,0.05556558808425738,4,8,2184616.11112,34734.983586
2024-09-03 04:00:00,schloemer,L21,44,48,68.76938419015987,1.028784768486446e-08,0.011154269456416621,0.08582713911918294,4,8,2184616.11112,34734.983586
2024-09-03 04:00:00,schloemer,L22,45,46,66.558280258009,1.9251257254992993e-09,0.0015589513977785074,0.012403781320246554,4,8,2184616.11112,34734.983586
2024-09-03 04:00:00,schloemer,L23,45,47,65.38191049424329,7.776901345124543e-10,0.00042448472237921475,0.0033908399164050973,4,8,2184616.11112,34734.983586
2024-09-03 04:00:00,schloemer,L24,46,48,67.19006883147003,3.1200451111601524e-09,0.0029038516169256345,0.02299608547795029,4,8,2184616.11112,34734.983586
2024-09-03 04:00:00,schloemer,L25,46,68,66.85270930542318,2.411817079384093e-09,0.00209642474407179,0.016648862153232136,4,8,2184616.11112,34734.983586
2024-09-03 04:00:00,schloemer,L26,47,48,65.93024516993971,1.187914988598493e-09,0.0007973819901764267,0.00636128610092479,4,8,2184616.11112,34734.983586
2024-09-03 04:00:00,schloemer,L27,48,49,65.67660393689926,9.767520126047202e-10,0.0005988939904640889,0.0047811249599408745,4,8,2184616.11112,34734.983586
2024-09-03 04:00:00,schloemer,L28,48,50,64.46750158867596,3.8220726583659825e-10,0.00013420187663726324,0.0010731123915922458,4,8,2184616.11112,34734.983586
2024-09-03 04:00:00,schloemer,L29,48,53,65.62166929145397,9.36162369846727e-10,0.0005622109910033979,0.004488851326764021,4,8,2184616.11112,34734.983586
2024-09-03 04:00:00,schloemer,L30,48,53,65.62166929145397,9.36162369846727e-10,0.0005622109910033979,0.004488851326764021,4,8,2184616.11112,34734.983586
2024-09-03 04:00:00,schloemer,L31,48,65,69.44932992941487,1.7078966574324284e-08,0.01831881489530518,0.1374908531286193,4,8,2184616.11112,34734.983586
2024-09-03 04:00:00,schloemer,L32,48,65,69.44932992941487,1.7078966574324284e-08,0.01831881489530518,0.1374908531286193,4,8,2184616.11112,34734.983586
2024-09-03 04:00:00,schloemer,L33,48,68,67.52802838869555,4.0345573548705715e-09,0.003968228564291021,0.03130841465752643,4,8,2184616.11112,34734.983586
2024-09-03 04:00:00,schloemer,L34,49,56,62.65971944594593,9.273204426563098e-11,9.141893047570626e-06,7.313317524659801e-05,4,8,2184616.11112,34734.983586
2024-09-03 04:00:00,schloemer,L35,50,51,59.76125938476043,9.378497978218547e-12,3.164719475368116e-08,2.5321504393271965e-07,4,8,2184616.11112,34734.983586
2024-09-03 04:00:00,schloemer,L36,50,57,60.59704912238389,1.8186230299477302e-11,1.96638860194831e-07,1.57318254367933e-06,4,8,2184616.11112,34734.983586
2024-09-03 04:00:00,schloemer,L37,51,52,58.499803913177104,3.449796004417749e-12,1.4370796774798578e-09,1.151043649283423e-08,4,8,2184616.11112,34734.983586
2024-09-03 04:00:00,schloemer,L38,52,53,61.16503920675933,2.8508195804022307e-11,6.198916253641329e-07,4.9592362757477915e-06,4,8,2184616.11112,34734.983586
2024-09-03 04:00:00,schloemer,L39,53,54,62.76678217603314,1.0088196944479932e-10,1.0896457720788177e-05,8.716874081327042e-05,4,8,2184616.11112,34734.983586
2024-09-03 04:00:00,schloemer,L40,53,55,62.513343947452626,8.263911777106614e-11,7.165402616360339e-06,5.732211388509434e-05,4,8,2184616.11112,34734.983586
2024-09-03 04:00:00,schloemer,L41,53,58,64.01946192762875,2.6942670316998374e-10,7.271071442760402e-05,0.000581538782282176,4,8,2184616.11112,34734.983586
2024-09-03 04:00:00,schloemer,L42,54,55,61.73925467570495,4.48812098596818e-11,1.8409910506056448e-06,1.4728013028375564e-05,4,8,2184616.11112,34734.983586
2024-09-03 04:00:00,schloemer,L43,54,58,63.156933083860324,1.3708190138572718e-10,2.0286768986910175e-05,0.00016228317711763918,4,8,2184616.11112,34734.983586
2024-09-03 04:00:00,schloemer,L44,55,56,61.49933170449229,3.713229723700806e-11,1.178316936023549e-06,9.426645139920531e-06,4,8,2184616.11112,34734.983586
2024-09-03 04:00:00,schloemer,L45,55,57,60.55965200685062,1.7655543693706477e-11,1.818509863804607e-07,1.4548775871814357e-06,4,8,2184616.11112,34734.983586
2024-09-03 04:00:00,schloemer,L46,55,58,62.95085795648542,1.1659295751087484e-10,1.466143409045717e-05,0.00011728592040305408,4,8,2184616.11112,34734.983586
2024-09-03 04:00:00,schloemer,L47,55,58,62.95085795648542,1.1659295751087484e-10,1.466143409045717e-05,0.00011728592040305408,4,8,2184616.11112,34734.983586
2024-09-03 04:00:00,schloemer,L48,58,59,65.38336208270222,7.785646571889515e-10,0.00042521830286856854,0.0033966911329014193,4,8,2184616.11112,34734.983586
2024-09-03 04:00:00,schloemer,L49,58,60,66.1508070652716,1.4078403998141198e-09,0.0010152719772028584,0.008093378172912447,4,8,2184616.11112,34734.983586
2024-09-03 04:00:00,schloemer,L50,59,60,67.130633946496,2.9818685298721448e-09,0.002744703934000836,0.02174786189425637,4,8,2184616.11112,34734.983586
2024-09-03 04:00:00,schloemer,L51,59,61,68.02046699218144,5.857944018750061e-09,0.006104687930244768,0.047806687259489,4,8,2184616.11112,34734.983586
2024-09-03 04:00:00,schloemer,L52,60,61,68.83825825194357,1.0831990526760649e-08,0.011754393545022501,0.09025616956121518,4,8,2184616.11112,34734.983586
2024-09-03 04:00:00,schloemer,L53,61,65,70.56082838119129,3.873139264864989e-08,0.037452078605574646,0.26315046007838583,4,8,2184616.11112,34734.983586
2024-09-03 04:00:00,schloemer,L54,61,66,70.9884989803947,5.289201920888331e-08,0.04789356564758118,0.3247199658704548,4,8,2184616.11112,34734.983586
2024-09-03 04:00:00,schloemer,L55,62,58,65.79744497941088,1.0593044219575631e-09,0.0006809819942537043,0.02022902421257633,13,30,2185148.89802,34751.629934
2024-09-03 04:00:00,schloemer,L56,62,63,69.26363289752157,1.4877481913089241e-08,0.016071750794684703,0.12156949069267453,4,8,2184616.11112,34734.983586
2024-09-03 04:00:00,schloemer,L57,63,60,69.65312954865081,1.94445231027629e-08,0.020863635515770418,0.6287817626378613,20,47,2185512.78098,34763.759366
2024-09-03 04:00:00,schloemer,L58,63,64,73.6491021617491,3.50362748036126e-07,0.16177402215547276,0.756281598865967,4,8,2184616.11112,34734.983586
2024-09-03 04:00:00,schloemer,L59,64,65,73.48365749090736,3.0550331286960386e-07,0.1512022179470116,0.9996175270923306,20,48,2185545.98792,34764.866264
2024-09-03 04:00:00,schloemer,L60,64,67,75.14469702175306,9.316038224183032e-07,0.2606461261960882,0.9999999999993643,38,93,2186503.81292,34796.793764
2024-09-03 04:00:00,schloemer,L61,65,66,71.80059278675395,9.504397802118092e-08,0.07332835709407848,0.4562405447021427,4,8,2184616.11112,34734.983586
2024-09-03 04:00:00,schloemer,L62,67,68,70.21745304957152,2.9142077750954343e-08,0.029979556234389526,0.8737881921716617,28,68,2185978.45538,34779.281846
2024-09-03 04:00:00,schloemer,L63,68,69,63.37314569577819,1.6243140166238845e-10,2.828500662011013e-05,0.00022625830264189073,4,8,2184616.11112,34734.983586
2024-09-03 04:00:00,schloemer,L64,68,74,65.382526344748,7.780610600249815e-10,0.0004247958125092044,0.003393321250655168,4,8,2184616.11112,34734.983586
2024-09-03 04:00:00,schloemer,L65,68,76,67.51570359458461,3.99697674957622e-09,0.003924244642683927,0.030966148799102755,4,8,2184616.11112,34734.983586
2024-09-03 04:00:00,schloemer,L66,69,70,57.93282318503113,2.2011281686218354e-12,3.1067082240099353e-10,2.4941710918824356e-09,4,8,2184616.11112,34734.983586
2024-09-03 04:00:00,schloemer,L67,69,73,60.33247613352754,1.4747980614515654e-11,1.1230597751765714e-07,8.985064589017711e-07,4,8,2184616.11112,34734.983586
2024-09-03 04:00:00,schloemer,L68,69,74,61.90303895480208,5.107636535939264e-11,2.479330686755432e-06,1.9834677678076673e-05,4,8,2184616.11112,34734.983586
2024-09-03 04:00:00,schloemer,L69,70,71,54.73908953723747,1.7719159473017498e-13,8.326672684688674e-15,7.753797603982093e-13,4,8,2184616.11112,34734.983586
2024-09-03 04:00:00,schloemer,L70,70,72,54.623540627421,1.6187051699034782e-13,5.329070518200751e-15,6.901146321069973e-13,4,8,2184616.11112,34734.983586
2024-09-03 04:00:00,schloemer,L71,73,74,62.154459379336046,6.228195736923681e-11,3.873803688270172e-06,3.099025845154646e-05,4,8,2184616.11112,34734.983586
2024-09-03 04:00:00,schloemer,L72,74,76,65.75829700474719,1.0403535810610265e-09,0.0006573907461330242,0.005247045452552612,4,8,2184616.11112,34734.983586
2024-09-03 04:00:00,schloemer,L73,74,117,63.069562358503255,1.2799117321549147e-10,1.7694298116266438e-05,0.0001415461306633059,4,8,2184616.11112,34734.983586
2024-09-03 04:00:00,schloemer,L74,75,76,65.83884739509485,1.1070734329265974e-09,0.0007199899666008314,0.005745430222416137,4,8,2184616.11112,34734.983586
2024-09-03 04:00:00,schloemer,L75,75,117,63.155101297166176,1.3688483679885621e-10,2.0228990101345268e-05,0.00016182101078787703,4,8,2184616.11112,34734.983586
2024-09-03 04:00:00,schloemer,L76,76,77,67.08478419816197,2.87941781529355e-09,0.002627129752925228,0.020824810662416593,4,8,2184616.11112,34734.983586
2024-09-03 04:00:00,schloemer,L77,76,79,69.87521393422834,2.3407699112354408e-08,0.024421003843198563,0.17946050132175462,4,8,2184616.11112,34734.983586
2024-09-03 04:00:00,schloemer,L78,76,79,69.87521393422834,2.3407699112354408e-08,0.024421003843198563,0.17946050132175462,4,8,2184616.11112,34734.983586
2024-09-03 04:00:00,schloemer,L79,76,81,68.64372488197499,9.363485986568776e-09,0.010124163958164067,0.07818076517650807,4,8,2184616.11112,34734.983586
2024-09-03 04:00:00,schloemer,L80,77,78,67.0421700826549,2.787315822594394e-09,0.0025217796422406513,0.019997080875665096,4,8,2184616.11112,34734.983586
2024-09-03 04:00:00,schloemer,L81,78,79,69.78949977407018,2.1971994446090548e-08,0.023079939820467965,0.1703934310990357,4,8,2184616.11112,34734.983586
2024-09-03 04:00:00,schloemer,L82,79,95,72.62710046153796,1.712125787811658e-07,0.10749507607747522,0.5973898969572535,4,8,2184616.11112,34734.983586
2024-09-03 04:00:00,schloemer,L83,79,96,72.06263010624768,1.1464339633171505e-07,0.08322609354272004,0.5010032111052867,4,8,2184616.11112,34734.983586
2024-09-03 04:00:00,schloemer,L84,79,97,71.18675401724849,6.107002414879048e-08,0.053400077511689514,0.35533868391393875,4,8,2184616.11112,34734.983586
2024-09-03 04:00:00,schloemer,L85,79,98,73.77991645906233,3.8361914944662345e-07,0.1696581325480132,0.7740278981475047,4,8,2184616.11112,34734.983586
2024-09-03 04:00:00,schloemer,L86,80,67,74.1994214242727,4.949988219316026e-07,0.1946832881160141,0.9999998303332314,30,72,2186055.70436,34781.856812
2024-09-03 04:00:00,schloemer,L87,80,79,73.2569826909714,2.580337034041591e-07,0.13814472237591469,0.9999649275023453,28,69,2185981.58126,34779.386042
2024-09-03 04:00:00,schloemer,L88,81,82,68.1753621929793,6.584222056460476e-09,0.006950311957774291,0.05426856857430007,4,8,2184616.11112,34734.983586
2024-09-03 04:00:00,schloemer,L89,81,95,71.22941000264044,6.298500554446917e-08,0.054642415784360465,0.36207621911649424,4,8,2184616.11112,34734.983586
2024-09-03 04:00:00,schloemer,L90,93,95,74.25434517728675,5.319849986085146e-07,0.1999225808885785,0.8320982655672025,4,8,2184616.11112,34734.983586
2024-09-03 04:00:00,schloemer,L91,95,96,72.56799155750855,1.6420057857846615e-07,0.10476270176888347,0.587422957972812,4,8,2184616.11112,34734.983586
2024-09-03 04:00:00,schloemer,L92,115,67,74.46229023596102,6.062653332694623e-07,0.213375225421782,0.9990510188939228,13,29,2185126.88168,34750.896056
2024-09-03 05:00:00,schloemer,L0,22,23,52.92437703125573,4.3076653355456074e-14,0.0,1.723066134218243e-13,4,8,2184616.11112,34734.983586
2024-09-03 05:00:00,schloemer,L1,23,69,56.64142763917429,7.923661726749742e-13,6.626366122475247e-12,5.618039367050187e-11,4,8,2184616.11112,34734.983586
2024-09-03 05:00:00,schloemer,L2,23,71,53.66948126362796,7.682743330406083e-14,1.1102230246251565e-16,3.0819791163594346e-13,4,8,2184616.11112,34734.983586
2024-09-03 05:00:00,schloemer,L3,29,37,81.31457885635842,4.6340453192961206e-05,0.73865697936017,0.9999782426124321,4,8,2184616.11112,34734.983586
2024-09-03 05:00:00,schloemer,L4,32,36,85.913149480306,0.0005384883830734655,0.9230362215368175,0.9999999987715561,4,8,2184616.11112,34734.983586
2024-09-03 05:00:00,schloemer,L5,33,36,83.61259987679134,0.00016566052066235848,0.8525867252627346,0.999999777153947,4,8,2184616.11112,34734.983586
2024-09-03 05:00:00,schloemer,L6,33,42,80.20760118294268,2.4265975581139188e-05,0.6666435354942298,0.9998475143775759,4,8,2184616.11112,34734.983586
2024-09-03 05:00:00,schloemer,L7,34,36,85.72689892412441,0.0004912677190795911,0.9186799157529857,0.9999999980913384,4,8,2184616.11112,34734.983586
2024-09-03 05:00:00,schloemer,L8,36,38,85.11034561431275,0.0003608829577180783,0.902704158853953,0.9999999919808713,4,8,2184616.11112,34734.983586
2024-09-03 05:00:00,schloemer,L9,36,39,83.46339667589453,0.00015295115256019898,0.8466184311479291,0.9999996938602796,4,8,2184616.11112,34734.983586
2024-09-03 05:00:00,schloemer,L10,37,36,82.70650738434932,9.943183762195495e-05,0.8125411387947595,1.0,20,48,2185542.33716,34764.744572
2024-09-03 05:00:00,schloemer,L11,37,64,77.24977123183604,3.894952880556524e-06,0.43333735802728346,0.9893686139008405,4,8,2184616.11112,34734.983586
2024-09-03 05:00:00,schloemer,L12,38,39,83.7698717211926,0.00018012283929247364,0.858675889252627,0.9999998409926654,4,8,2184616.11112,34734.983586
2024-09-03 05:00:00,schloemer,L13,39,40,80.58076322682828,3.025083902563619e-05,0.6921174801450221,0.9999192713468184,4,8,2184616.11112,34734.983586
2024-09-03 05:00:00,schloemer,L14,39,41,78.29353310953805,7.549591646727194e-06,0.5201373521470287,0.9971886012091732,4,8,2184616.11112,34734.983586
2024-09-03 05:00:00,schloemer,L15,40,41,77.01328098036338,3.344629296297974e-06,0.4135196428145249,0.9860034191306782,4,8,2184616.11112,34734.983586
2024-09-03 05:00:00,schloemer,L16,41,48,70.24694971478378,3.077528265560403e-08,0.030955076654543,0.22240898777552587,4,8,2184616.11112,34734.983586
2024-09-03 05:00:00,schloemer,L17,41,48,70.24694971478378,3.077528265560403e-08,0.030955076654543,0.22240898777552587,4,8,2184616.11112,34734.983586
2024-09-03 05:00:00,schloemer,L18,42,43,75.54918470708795,1.2782104357178525e-06,0.294050802635044,0.9383141760841837,4,8,2184616.11112,34734.983586
2024-09-03 05:00:00,schloemer,L19,43,44,70.76376452534508,4.4914366337245326e-08,0.04216895375866192,0.29154674504774036,4,8,2184616.11112,34734.983586
2024-09-03 05:00:00,schloemer,L20,44,45,66.73152591699105,2.1983100895184293e-09,0.0018583218845503735,0.014770248197334968,4,8,2184616.11112,34734.983586
2024-09-03 05:00:00,schloemer,L21,44,48,67.28206170820152,3.3464656601367437e-09,0.0031658426051071054,0.025047892085736545,4,8,2184616.11112,34734.983586
2024-09-03 05:00:00,schloemer,L22,45,46,65.15560069886283,6.525938678336729e-10,0.0003230598261201312,0.0025815608057521144,4,8,2184616.11112,34734.983586
2024-09-03 05:00:00,schloemer,L23,45,47,64.05480521523812,2.769715568007314e-10,7.640481818460554e-05,0.0006110762221664956,4,8,2184616.11112,34734.983586
2024-09-03 05:00:00,schloemer,L24,46,48,65.76355826973965,1.044587305543132e-09,0.0006613266170226728,0.005278387395104778,4,8,2184616.11112,34734.983586
2024-09-03 05:00:00,schloemer,L25,46,68,65.42064985557005,8.013660846017956e-10,0.00044445555309180484,0.0035501213920978714,4,8,2184616.11112,34734.983586
2024-09-03 05:00:00,schloemer,L26,47,48,64.58668016264444,4.1939163253346123e-10,0.00015709354199122672,0.0012560592337820253,4,8,2184616.11112,34734.983586
2024-09-03 05:00:00,schloemer,L27,48,49,64.37310424801758,3.5509106766085097e-10,0.00011826987047114379,0.0009457688180756207,4,8,2184616.11112,34734.983586
2024-09-03 05:00:00,schloemer,L28,48,50,63.22779336493314,1.4492373967556205e-10,2.2642543607620524e-05,0.00018112657392710396,4,8,2184616.11112,34734.983586
2024-09-03 05:00:00,schloemer,L29,48,53,64.34975582405195,3.4868385956343673e-10,0.00011460450788247645,0.0009164697833878854,4,8,2184616.11112,34734.983586
2024-09-03 05:00:00,schloemer,L30,48,53,64.34975582405195,3.4868385956343673e-10,0.00011460450788247645,0.0009164697833878854,4,8,2184616.11112,34734.983586
2024-09-03 05:00:00,schloemer,L31,48,65,67.97282321670272,5.650860335215668e-09,0.005862687889473528,0.045950335707918954,4,8,2184616.11112,34734.983586
2024-09-03 05:00:00,schloemer,L32,48,65,67.97282321670272,5.650860335215668e-09,0.005862687889473528,0.045950335707918954,4,8,2184616.11112,34734.983586
2024-09-03 05:00:00,schloemer,L33,48,68,66.067402610271,1.3203066417943887e-09,0.0009273700210639113,0.007394929597508315,4,8,2184616.11112,34734.983586
2024-09-03 05:00:00,schloemer,L34,49,56,61.55110425761686,3.8682834713199554e-11,1.2987561393007496e-06,1.039015661485898e-05,4,8,2184616.11112,34734.983586
2024-09-03 05:00:00,schloemer,L35,50,51,58.78891427577532,4.338418513327724e-12,3.030683815019586e-09,2.4262823972165393e-08,4,8,2184616.11112,34734.983586
2024-09-03 05:00:00,schloemer,L36,50,57,59.59238608295296,8.203437928955282e-12,2.1429463981093022e-08,1.714685127218729e-07,4,8,2184616.11112,34734.983586
2024-09-03 05:00:00,schloemer,L37,51,52,57.61739955506587,1.7146284392310918e-12,1.2725021036885664e-10,1.0248601967077775e-09,4,8,2184616.11112,34734.983586
2024-09-03 05:00:00,schloemer,L38,52,53,60.17245500950585,1.2991829834163582e-11,7.939170265647277e-08,6.351854120456579e-07,4,8,2184616.11112,34734.983586
2024-09-03 05:00:00,schloemer,L39,53,54,61.72576843963146,4.440570133823485e-11,1.7959668948686058e-06,1.4367822465555236e-05,4,8,2184616.11112,34734.983586
2024-09-03 05:00:00,schloemer,L40,53,55,61.467840786844505,3.621958288846372e-11,1.110279520322166e-06,8.882346523519935e-06,4,8,2184616.11112,34734.983586
2024-09-03 05:00:00,schloemer,L41,53,58,62.9251566421771,1.1426126711455709e-10,1.4071694455108918e-05,0.00011256846843821222,4,8,2184616.11112,34734.983586
2024-09-03 05:00:00,schloemer,L42,54,55,60.76451824416844,2.076483429647169e-11,2.779695119636827e-07,2.2238369913329947e-06,4,8,2184616.11112,34734.983586
2024-09-03 05:00:00,schloemer,L43,54,58,62.141977448988655,6.167188981720528e-11,3.7900721480133015e-06,3.032042165718174e-05,4,8,2184616.11112,34734.983586
2024-09-03 05:00:00,schloemer,L44,55,56,60.49380957244554,1.675848348980935e-11,1.5834050548502177e-07,1.2667903757090926e-06,4,8,2184616.11112,34734.983586
2024-09-03 05:00:00,schloemer,L45,55,57,59.60000825133873,8.253064898156026e-12,2.1813289952099524e-08,1.7453931855371252e-07,4,8,2184616.11112,34734.983586
2024-09-03 05:00:00,schloemer,L46,55,58,61.926315292180746,5.2023274577095435e-11,2.5853066486503096e-06,2.068247413222757e-05,4,8,2184616.11112,34734.983586
2024-09-03 05:00:00,schloemer,L47,55,58,61.926315292180746,5.2023274577095435e-11,2.5853066486503096e-06,2.068247413222757e-05,4,8,2184616.11112,34734.983586
2024-09-03 05:00:00,schloemer,L48,58,59,64.31108394007157,3.383229252307274e-10,0.00010876043100338517,0.0008697536648986093,4,8,2184616.11112,34734.983586
2024-09-03 05:00:00,schloemer,L49,58,60,65.02723209126776,5.907229150281523e-10,0.00027575991363348873,0.0022039536218144695,4,8,2184616.11112,34734.983586
2024-09-03 05:00:00,schloemer,L50,59,60,66.00505128297313,1.2584044917218762e-09,0.0008661210168167122,0.006908004841888249,4,8,2184616.11112,34734.983586
2024-09-03 05:00:00,schloemer,L51,59,61,66.8368880236773,2.382820940560748e-09,0.0020639066448683296,0.016392481700165384,4,8,2184616.11112,34734.983586
2024-09-03 05:00:00,schloemer,L52,60,61,67.59941817211076,4.259192332156658e-09,0.004231366317728469,0.03335384231930072,4,8,2184616.11112,34734.983586
2024-09-03 05:00:00,schloemer,L53,61,65,69.15309837011621,1.370210467310784e-08,0.014843162067851079,0.11275617578697283,4,8,2184616.11112,34734.983586
2024-09-03 05:00:00,schloemer,L54,61,66,69.62255306273865,1.9419444718948853e-08,0.020634507575206684,0.15363372797852282,4,8,2184616.11112,34734.983586
2024-09-03 05:00:00,schloemer,L55,62,58,64.67530322310063,4.4396208931374304e-10,0.00017455609970062902,0.005223455923965559,13,30,2185148.89802,34751.629934
2024-09-03 05:00:00,schloemer,L56,62,63,67.95897502104388,5.592033947010577e-09,0.005793883389743293,0.04542196732055115,4,8,2184616.11112,34734.983586
2024-09-03 05:00:00,schloemer,L57,63,60,68.34737505267556,7.337051965983221e-09,0.007911741163250996,0.3115625290955083,20,47,2185512.78098,34763.759366
2024-09-03 05:00:00,schloemer,L58,63,64,72.04309936705657,1.1305566027797198e-07,0.08245881370422237,0.49765238317835414,4,8,2184616.11112,34734.983586
2024-09-03 05:00:00,schloemer,L59,64,65,71.84734332696006,9.61312225378208e-08,0.07447183926033163,0.9756386269978511,20,48,2185545.98792,34764.866264
2024-09-03 05:00:00,schloemer,L60,64,67,73.32368430969781,2.6690505883220084e-07,0.14131446194988184,0.9999992976211689,38,93,2186503.81292,34796.793764
2024-09-03 05:00:00,schloemer,L61,65,66,70.32407801541397,3.256733760448327e-08,0.032464948487339496,0.2320488360904438,4,8,2184616.11112,34734.983586
2024-09-03 05:00:00,schloemer,L62,67,68,68.60449467483241,8.798698325485077e-09,0.0096560794282059,0.4830475385723607,28,68,2185978.45538,34779.281846
2024-09-03 05:00:00,schloemer,L63,68,69,62.136645416376616,6.141309683016516e-11,3.7548217824978636e-06,3.0038425144818248e-05,4,8,2184616.11112,34734.983586
2024-09-03 05:00:00,schloemer,L64,68,74,64.04058990069375,2.7391200418946937e-10,7.489887660372396e-05,0.0005990350557807389,4,8,2184616.11112,34734.983586
2024-09-03 05:00:00,schloemer,L65,68,76,66.06933343972206,1.3222708483695556e-09,0.0009293263371443761,0.007410478712702506,4,8,2184616.11112,34734.983586
2024-09-03 05:00:00,schloemer,L66,69,70,56.99684504679429,1.0492717805732354e-12,2.0124346633565438e-11,1.6519186019081644e-10,4,8,2184616.11112,34734.983586
2024-09-03 05:00:00,schloemer,L67,69,73,59.270954713069614,6.357914195120884e-12,1.0000021255507363e-08,8.002559892528183e-08,4,8,2184616.11112,34734.983586
2024-09-03 05:00:00,schloemer,L68,69,74,60.757919170828295,2.0656587551570738e-11,2.7423727222419814e-07,2.193978698161736e-06,4,8,2184616.11112,34734.983586
2024-09-03 05:00:00,schloemer,L69,70,71,53.96519932447505,9.670042544485113e-14,3.3306690738754696e-16,3.894662370385049e-13,4,8,2184616.11112,34734.983586
2024-09-03 05:00:00,schloemer,L70,70,72,53.865159828693436,8.948397578478762e-14,2.220446049250313e-16,3.597122599785507e-13,4,8,2184616.11112,34734.983586
2024-09-03 05:00:00,schloemer,L71,73,74,61.00269435608018,2.5072277587412373e-11,4.4979221303087513e-07,3.598432328222323e-06,4,8,2184616.11112,34734.983586
2024-09-03 05:00:00,schloemer,L72,74,76,64.42875824702377,3.7083802695292434e-10,0.0001274407980607073,0.0010190732298193117,4,8,2184616.11112,34734.983586
2024-09-03 05:00:00,schloemer,L73,74,117,61.88124538969443,5.020528437427174e-11,2.383805959293994e-06,1.907048938165623e-05,4,8,2184616.11112,34734.983586
2024-09-03 05:00:00,schloemer,L74,75,76,64.53554157007436,4.030160649648451e-10,0.00014686894528059824,0.001174349376154793,4,8,2184616.11112,34734.983586
2024-09-03 05:00:00,schloemer,L75,75,117,61.98884208006613,5.4654503145457056e-11,2.891366562174369e-06,2.313091703165515e-05,4,8,2184616.11112,34734.983586
2024-09-03 05:00:00,schloemer,L76,76,77,65.73568822265698,1.0223525359620567e-09,0.000640713535406956,0.005114232681815545,4,8,2184616.11112,34734.983586
2024-09-03 05:00:00,schloemer,L77,76,79,68.38521793322988,7.711369209850716e-09,0.008250550550273794,0.0641295578478126,4,8,2184616.11112,34734.983586
2024-09-03 05:00:00,schloemer,L78,76,79,68.38521793322988,7.711369209850716e-09,0.008250550550273794,0.0641295578478126,4,8,2184616.11112,34734.983586
2024-09-03 05:00:00,schloemer,L79,76,81,67.23262881392475,3.2228536506195837e-09,0.0030226417266857597,0.023926868896532505,4,8,2184616.11112,34734.983586
2024-09-03 05:00:00,schloemer,L80,77,78,65.75151158018704,1.0349183732216716e-09,0.0006523454393599915,0.005206867638386181,4,8,2184616.11112,34734.983586
2024-09-03 05:00:00,schloemer,L81,78,79,68.36930692423404,7.619633923816593e-09,0.00814535217260215,0.06333509385333347,4,8,2184616.11112,34734.983586
2024-09-03 05:00:00,schloemer,L82,79,95,71.09955442400818,5.7330938219024574e-08,0.0509242807662621,0.3417258481037144,4,8,2184616.11112,34734.983586
2024-09-03 05:00:00,schloemer,L83,79,96,70.57153141795675,3.903555134687764e-08,0.03769045398538795,0.2646090449162677,4,8,2184616.11112,34734.983586
2024-09-03 05:00:00,schloemer,L84,79,97,69.7291246488514,2.1012972362122184e-08,0.022170569398074824,0.16419531871000115,4,8,2184616.11112,34734.983586
2024-09-03 05:00:00,schloemer,L85,79,98,72.17232716404068,1.239740456959737e-07,0.08762493595220122,0.5198388239412313,4,8,2184616.11112,34734.983586
2024-09-03 05:00:00,schloemer,L86,80,67,72.38752400915855,1.395594849684656e-07,0.09566365254525777,0.9992826068722375,30,72,2186055.70436,34781.856812
2024-09-03 05:00:00,schloemer,L87,80,79,71.57376309571015,7.813916536036913e-08,0.06469894037990187,0.9900997201922505,28,69,2185981.58126,34779.386042
2024-09-03 05:00:00,schloemer,L88,81,82,66.90620064337145,2.5124563540757094e-09,0.002209686539693667,0.017541388715316297,4,8,2184616.11112,34734.983586
2024-09-03 05:00:00,schloemer,L89,81,95,69.78994995709581,2.1979304376529285e-08,0.02308682887331792,0.17044023177914036,4,8,2184616.11112,34734.983586
2024-09-03 05:00:00,schloemer,L90,93,95,72.78133877661067,1.9091336733723097e-07,0.11483628312896854,0.6231326634107353,4,8,2184616.11112,34734.983586
2024-09-03 05:00:00,schloemer,L91,95,96,71.11525925056314,5.798739466378322e-08,0.051363886841138684,0.34416116752117687,4,8,2184616.11112,34734.983586
2024-09-03 05:00:00,schloemer,L92,115,67,72.63339218301658,1.699652769637794e-07,0.1073926790742229,0.9629189579220793,13,29,2185126.88168,34750.896056
2024-09-03 06:00:00,schloemer,L0,22,23,52.20583518137718,2.4646951146678475e-14,0.0,9.85878045867139e-14,4,8,2184616.11112,34734.983586
2024-09-03 06:00:00,schloemer,L1,23,69,55.749467527312945,3.9201974999514277e-13,3.391731340229853e-13,4.281464072164454e-12,4,8,2184616.11112,34734.983586
2024-09-03 06:00:00,schloemer,L2,23,71,52.922523313781255,4.296563105299356e-14,0.0,1.7186252421197423e-13,4,8,2184616.11112,34734.983586
2024-09-03 06:00:00,schloemer,L3,29,37,79.65341946348254,1.7414611338195662e-05,0.6267300713611833,0.9996231627922119,4,8,2184616.11112,34734.983586
2024-09-03 06:00:00,schloemer,L4,32,36,84.71551248658231,0.00029510140242994254,0.8911282733472881,0.9999999802844832,4,8,2184616.11112,34734.983586
2024-09-03 06:00:00,schloemer,L5,33,36,81.9309173513496,6.582144415823166e-05,0.7739481630139537,0.9999931836798894,4,8,2184616.11112,34734.983586
2024-09-03 06:00:00,schloemer,L6,33,42,78.3927819974364,8.032684168379767e-06,0.5282399291873293,0.9975466727348568,4,8,2184616.11112,34734.983586
2024-09-03 06:00:00,schloemer,L7,34,36,84.58488919727809,0.00027591915927260846,0.8870526750100838,0.9999999735437546,4,8,2184616.11112,34734.983586
2024-09-03 06:00:00,schloemer,L8,36,38,83.57204446864141,0.00016211146575495494,0.8509830474256688,0.9999997570013938,4,8,2184616.11112,34734.983586
2024-09-03 06:00:00,schloemer,L9,36,39,81.7005848073486,5.7776587269575685e-05,0.7611708918024818,0.999989417270766,4,8,2184616.11112,34734.983586
2024-09-03 06:00:00,schloemer,L10,37,36,80.99195065412387,3.769475316228732e-05,0.7177075441183612,1.0,20,48,2185542.33716,34764.744572
2024-09-03 06:00:00,schloemer,L11,37,64,75.49043084637937,1.2289981318192034e-06,0.28947708399398575,0.93504350526254,4,8,2184616.11112,34734.983586
2024-09-03 06:00:00,schloemer,L12,38,39,81.97874044061257,6.761936194099594e-05,0.7765393956897075,0.9999937842966327,4,8,2184616.11112,34734.983586
2024-09-03 06:00:00,schloemer,L13,39,40,78.66732775364231,9.528272221337453e-06,0.5504361146693793,0.9983315439348722,4,8,2184616.11112,34734.983586
2024-09-03 06:00:00,schloemer,L14,39,41,76.42009942812973,2.2739316629660777e-06,0.3641610099050385,0.9732838855746575,4,8,2184616.11112,34734.983586
2024-09-03 06:00:00,schloemer,L15,40,41,75.16158509523146,9.856394491691844e-07,0.26434358045194284,0.9142175352291491,4,8,2184616.11112,34734.983586
2024-09-03 06:00:00,schloemer,L16,41,48,68.69068420558924,9.698943426172946e-09,0.010499538574364031,0.08097359041880148,4,8,2184616.11112,34734.983586
2024-09-03 06:00:00,schloemer,L17,41,48,68.69068420558924,9.698943426172946e-09,0.010499538574364031,0.08097359041880148,4,8,2184616.11112,34734.983586
2024-09-03 06:00:00,schloemer,L18,42,43,73.79681815939509,3.8813380398572406e-07,0.1706916771765028,0.7762683028097861,4,8,2184616.11112,34734.983586
2024-09-03 06:00:00,schloemer,L19,43,44,69.18611690188061,1.4043305407440698e-08,0.015201936043750197,0.11533781303717972,4,8,2184616.11112,34734.983586
2024-09-03 06:00:00,schloemer,L20,44,45,65.33563247688464,7.503131449482225e-10,0.00040168344172009096,0.0032089563645564256,4,8,2184616.11112,34734.983586
2024-09-03 06:00:00,schloemer,L21,44,48,65.87103988332998,1.1349070572208575e-09,0.0007464528068451548,0.00595604886680523,4,8,2184616.11112,34734.983586
2024-09-03 06:00:00,schloemer,L22,45,46,63.82673716245774,2.3173463148395967e-10,5.5286515529995306e-05,0.00044220747546497297,4,8,2184616.11112,34734.983586
2024-09-03 06:00:00,schloemer,L23,45,47,62.79401544078749,1.0306622222344686e-10,1.1390147617751367e-05,9.111796065919275e-05,4,8,2184616.11112,34734.983586
2024-09-03 06:00:00,schloemer,L24,46,48,64.41159965099965,3.6591063512503297e-10,0.00012454664395933346,0.0009959403897692454,4,8,2184616.11112,34734.983586
2024-09-03 06:00:00,schloemer,L25,46,68,64.06630757612554,2.794718900744897e-10,7.764355702599701e-05,0.0006209808009964846,4,8,2184616.11112,34734.983586
2024-09-03 06:00:00,schloemer,L26,47,48,63.309349009136206,1.5450229984281805e-10,2.566539871695639e-05,0.00020530536460927618,4,8,2184616.11112,34734.983586
2024-09-03 06:00:00,schloemer,L27,48,49,63.129760297420496,1.3418788302743678e-10,1.9445128491279995e-05,0.00015555097784536454,4,8,2184616.11112,34734.983586
2024-09-03 06:00:00,schloemer,L28,48,50,62.043250560533224,5.7051696700227694e-11,3.1849529147365274e-06,2.5479567490771515e-05,4,8,2184616.11112,34734.983586
2024-09-03 06:00:00,schloemer,L29,48,53,63.13243479806599,1.3446999069799404e-10,1.95265116241794e-05,0.00015620195523591285,4,8,2184616.11112,34734.983586
2024-09-03 06:00:00,schloemer,L30,48,53,63.13243479806599,1.3446999069799404e-10,1.95265116241794e-05,0.00015620195523591285,4,8,2184616.11112,34734.983586
2024-09-03 06:00:00,schloemer,L31,48,65,66.56596954988305,1.936506177635522e-09,0.0015712841303434644,0.012501367365072125,4,8,2184616.11112,34734.983586
2024-09-03 06:00:00,schloemer,L32,48,65,66.56596954988305,1.936506177635522e-09,0.0015712841303434644,0.012501367365072125,4,8,2184616.11112,34734.983586
2024-09-03 06:00:00,schloemer,L33,48,68,64.68589020039514,4.530648078926447e-10,0.00017879075637972086,0.001429433128921076,4,8,2184616.11112,34734.983586
2024-09-03 06:00:00,schloemer,L34,49,56,60.4836598859448,1.662425752613217e-11,1.5498324767992955e-07,1.2399318057854103e-06,4,8,2184616.11112,34734.983586
2024-09-03 06:00:00,schloemer,L35,50,51,57.84831409049757,2.0586865545624278e-12,2.453005576441569e-10,1.970639207371505e-09,4,8,2184616.11112,34734.983586
2024-09-03 06:00:00,schloemer,L36,50,57,58.62104234646009,3.797739900335273e-12,1.970581586796527e-09,1.5779843542951255e-08,4,8,2184616.11112,34734.983586
2024-09-03 06:00:00,schloemer,L37,51,52,56.7574819230008,8.684164498617974e-13,9.566458736287586e-12,8.000533568974788e-11,4,8,2184616.11112,34734.983586
2024-09-03 06:00:00,schloemer,L38,52,53,59.20842316500659,6.050382417299716e-12,8.595189338045373e-09,6.878571412460843e-08,4,8,2184616.11112,34734.983586
2024-09-03 06:00:00,schloemer,L39,53,54,60.71363760748542,1.9944934592786012e-11,2.5039211004607154e-07,2.0032149045112746e-06,4,8,2184616.11112,34734.983586
2024-09-03 06:00:00,schloemer,L40,53,55,60.45326881672978,1.622890710706315e-11,1.4532937286926284e-07,1.1626993070557035e-06,4,8,2184616.11112,34734.983586
2024-09-03 06:00:00,schloemer,L41,53,58,61.86243910274622,4.9465542772964e-11,2.304157015853292e-06,1.843330533013443e-05,4,8,2184616.11112,34734.983586
2024-09-03 06:00:00,schloemer,L42,54,55,59.812559478114686,9.767742170652127e-12,3.5575996482073435e-08,2.846470074091556e-07,4,8,2184616.11112,34734.983586
2024-09-03 06:00:00,schloemer,L43,54,58,61.14950703602928,2.816014088580232e-11,6.013089957068729e-07,4.810574481650676e-06,4,8,2184616.11112,34734.983586
2024-09-03 06:00:00,schloemer,L44,55,56,59.51741408164296,7.730038831255115e-12,1.798187287960218e-08,1.4388589408831365e-07,4,8,2184616.11112,34734.983586
2024-09-03 06:00:00,schloemer,L45,55,57,58.66625870067926,3.936406756110955e-12,2.2145171252319074e-09,1.77318825178574e-08,4,8,2184616.11112,34734.983586
2024-09-03 06:00:00,schloemer,L46,55,58,60.92692095796775,2.361311146614753e-11,3.86472926550141e-07,3.091873682414814e-06,4,8,2184616.11112,34734.983586
2024-09-03 06:00:00,schloemer,L47,55,58,60.92692095796775,2.361311146614753e-11,3.86472926550141e-07,3.091873682414814e-06,4,8,2184616.11112,34734.983586
2024-09-03 06:00:00,schloemer,L48,58,59,63.25933809755624,1.4855661145674048e-10,2.3770450349180905e-05,0.00019014837669828477,4,8,2184616.11112,34734.983586
2024-09-03 06:00:00,schloemer,L49,58,60,63.92876743977953,2.509861207755648e-10,6.396614340820062e-05,0.0005116155986620852,4,8,2184616.11112,34734.983586
2024-09-03 06:00:00,schloemer,L50,59,60,64.89943535812161,5.349057863313078e-10,0.00023496153823754362,0.0018781493738112554,4,8,2184616.11112,34734.983586
2024-09-03 06:00:00,schloemer,L51,59,61,65.67815554287253,9.779234089180022e-10,0.0005999603450087543,0.004789620069928446,4,8,2184616.11112,34734.983586
2024-09-03 06:00:00,schloemer,L52,60,61,66.39023238715025,1.6922712120504002e-09,0.001309764383817913,0.010430213871666871,4,8,2184616.11112,34734.983586
2024-09-03 06:00:00,schloemer,L53,61,65,67.79460675317024,4.9382552491650245e-09,0.005027883539976297,0.03952233134172212,4,8,2184616.11112,34734.983586
2024-09-03 06:00:00,schloemer,L54,61,66,68.29540891889353,7.2074637369468064e-09,0.0076712814025095,0.05974755861045866,4,8,2184616.11112,34734.983586
2024-09-03 06:00:00,schloemer,L55,62,58,63.57997877648058,1.8875734308920755e-10,3.812752641807471e-05,0.0011431961054575446,13,30,2185148.89802,34751.629934
2024-09-03 06:00:00,schloemer,L56,62,63,66.69308099219501,2.134560195266033e-09,0.0017878804759779987,0.014213869085204833,4,8,2184616.11112,34734.983586
2024-09-03 06:00:00,schloemer,L57,63,60,67.07815222131055,2.8048403599711946e-09,0.002576247481199001,0.1141785982099488,20,47,2185512.78098,34763.759366
2024-09-03 06:00:00,schloemer,L58,63,64,70.50155029553872,3.708841833649501e-08,0.03615238258966369,0.25515319237208434,4,8,2184616.11112,34734.983586
2024-09-03 06:00:00,schloemer,L59,64,65,70.28264630777313,3.0899439118492467e-08,0.031355749684405576,0.7832862995664133,20,48,2185545.98792,34764.866264
2024-09-03 06:00:00,schloemer,L60,64,67,71.59786783153143,7.848824201683868e-08,0.06521547328264732,0.9981112712133758,38,93,2186503.81292,34796.793764
2024-09-03 06:00:00,schloemer,L61,65,66,68.90114436969309,1.1353492146426447e-08,0.012325173424594493,0.09445120147773844,4,8,2184616.11112,34734.983586
2024-09-03 06:00:00,schloemer,L62,67,68,67.08325501077255,2.783807628858881e-09,0.0025711987659394753,0.1605990163348353,28,68,2185978.45538,34779.281846
2024-09-03 06:00:00,schloemer,L63,68,69,60.96042250722673,2.4247492902418344e-11,4.1335306366629965e-07,3.3069167149069045e-06,4,8,2184616.11112,34734.983586
2024-09-03 06:00:00,schloemer,L64,68,74,62.76757344150272,1.0094480806799311e-10,1.0910517183715385e-05,8.728120818368712e-05,4,8,2184616.11112,34734.983586
2024-09-03 06:00:00,schloemer,L65,68,76,64.69920078106469,4.5778192347967206e-10,0.00018189960590508925,0.0014542725636046416,4,8,2184616.11112,34734.983586
2024-09-03 06:00:00,schloemer,L66,69,70,56.094109932904495,5.14366327308835e-13,1.1043388425946432e-12,1.0892176049992486e-11,4,8,2184616.11112,34734.983586
2024-09-03 06:00:00,schloemer,L67,69,73,58.253338721688415,2.8376190286394376e-12,7.468443641300837e-10,5.986105389155227e-09,4,8,2184616.11112,34734.983586
2024-09-03 06:00:00,schloemer,L68,69,74,59.66388130399806,8.681833030266262e-12,2.529753029278936e-08,2.0241495179984526e-07,4,8,2184616.11112,34734.983586
2024-09-03 06:00:00,schloemer,L69,70,71,53.21118649483365,5.3734794391857577e-14,0.0,2.149391775674303e-13,4,8,2184616.11112,34734.983586
2024-09-03 06:00:00,schloemer,L70,70,72,53.12459547754296,5.029310301551959e-14,0.0,2.0117241206207837e-13,4,8,2184616.11112,34734.983586
2024-09-03 06:00:00,schloemer,L71,73,74,59.90187430251751,1.0484391133047666e-11,4.354733051936677e-08,3.4842052865080575e-07,4,8,2184616.11112,34734.983586
2024-09-03 06:00:00,schloemer,L72,74,76,63.16335224109362,1.3777456953079081e-10,2.0490450571508667e-05,0.00016391240002189278,4,8,2184616.11112,34734.983586
2024-09-03 06:00:00,schloemer,L73,74,117,60.745667069986574,2.045719149634806e-11,2.6743316805522e-07,2.139545170365409e-06,4,8,2184616.11112,34734.983586
2024-09-03 06:00:00,schloemer,L74,75,76,63.290735795420574,1.5226231386833433e-10,2.494441587908014e-05,0.00019953851456078198,4,8,2184616.11112,34734.983586
2024-09-03 06:00:00,schloemer,L75,75,117,60.87066350639397,2.258482290073971e-11,3.450122203485506e-07,2.7601847689684433e-06,4,8,2184616.11112,34734.983586
2024-09-03 06:00:00,schloemer,L76,76,77,64.44624783588064,3.7592817747622576e-10,0.00013045358748442482,0.0010431538184458855,4,8,2184616.11112,34734.983586
2024-09-03 06:00:00,schloemer,L77,76,79,66.96438953166192,2.626645012604456e-09,0.0023388879755898984,0.018558657410671087,4,8,2184616.11112,34734.983586
2024-09-03 06:00:00,schloemer,L78,76,79,66.96438953166192,2.626645012604456e-09,0.0023388879755898984,0.018558657410671087,4,8,2184616.11112,34734.983586
2024-09-03 06:00:00,schloemer,L79,76,81,65.8832788278273,1.1456694481992713e-09,0.0007567376881801868,0.006037896050952951,4,8,2184616.11112,34734.983586
2024-09-03 06:00:00,schloemer,L80,77,78,64.50943334246597,3.949017779447672e-10,0.00014188532445902347,0.0011345206529465024,4,8,2184616.11112,34734.983586
2024-09-03 06:00:00,schloemer,L81,78,79,67.00495514372037,2.7092659227179183e-09,0.0024327856327652775,0.01929738306205886,4,8,2184616.11112,34734.983586
2024-09-03 06:00:00,schloemer,L82,79,95,69.62912856837042,1.9514233562389904e-08,0.020726775061990832,0.15427141744931405,4,8,2184616.11112,34734.983586
2024-09-03 06:00:00,schloemer,L83,79,96,69.13439014958044,1.3512411523031176e-08,0.014642938349453516,0.11131255785276462,4,8,2184616.11112,34734.983586
2024-09-03 06:00:00,schloemer,L84,79,97,68.32505711542754,7.370122179217731e-09,0.007858639633737785,0.061166828152654285,4,8,2184616.11112,34734.983586
2024-09-03 06:00:00,schloemer,L85,79,98,70.62936041805266,4.071986836606811e-08,0.03899822399750286,0.2725662419927366,4,8,2184616.11112,34734.983586
2024-09-03 06:00:00,schloemer,L86,80,67,70.67839031982572,4.076120352358714e-08,0.03959147990347556,0.9454453505922109,30,72,2186055.70436,34781.856812
2024-09-03 06:00:00,schloemer,L87,80,79,69.97455355214258,2.4370870876921913e-08,0.025685027830158136,0.8339431973193223,28,69,2185981.58126,34779.386042
2024-09-03 06:00:00,schloemer,L88,81,82,65.6743359626844,9.750422691467975e-10,0.0005973383427564372,0.004768731783769464,4,8,2184616.11112,34734.983586
2024-09-03 06:00:00,schloemer,L89,81,95,68.40016643667381,7.798545254011913e-09,0.008350412163055432,0.0648831727226249,4,8,2184616.11112,34734.983586
2024-09-03 06:00:00,schloemer,L90,93,95,71.34262852255807,6.835727650589263e-08,0.0580407442770301,0.380192504164393,4,8,2184616.11112,34734.983586
2024-09-03 06:00:00,schloemer,L91,95,96,69.70526598850253,2.064542781177181e-08,0.021819090792470353,0.1617888666203271,4,8,2184616.11112,34734.983586
2024-09-03 06:00:00,schloemer,L92,115,67,70.90827472152606,4.931088659620997e-08,0.04557452273529716,0.7414655558284023,13,29,2185126.88168,34750.896056
2024-09-03 07:00:00,schloemer,L0,22,23,51.498370517544934,1.432187701766452e-14,0.0,5.728750807065808e-14,4,8,2184616.11112,34734.983586
2024-09-03 07:00:00,schloemer,L1,23,69,54.881732069996445,1.9817480989559044e-13,1.4432899320127035e-14,9.08162434143378e-13,4,8,2184616.11112,34734.983586
2024-09-03 07:00:00,schloemer,L2,23,71,52.18824969652782,2.4313884239290928e-14,0.0,9.725553695716371e-14,4,8,2184616.11112,34734.983586
2024-09-03 07:00:00,schloemer,L3,29,37,77.98311906076098,6.211971372294123e-06,0.49457232089812564,0.9957414536034574,4,8,2184616.11112,34734.983586
2024-09-03 07:00:00,schloemer,L4,32,36,83.2386785132174,0.00013552165352281875,0.8372711478781278,0.9999995085480682,4,8,2184616.11112,34734.983586
2024-09-03 07:00:00,schloemer,L5,33,36,80.18842586386333,2.3991097262143768e-05,0.6653030834573521,0.9998425393595449,4,8,2184616.11112,34734.983586
2024-09-03 07:00:00,schloemer,L6,33,42,76.61021117720763,2.5747544570853265e-06,0.3798929972800471,0.9781360506170675,4,8,2184616.11112,34734.983586
2024-09-03 07:00:00,schloemer,L7,34,36,83.17226132441276,0.00013073821622033854,0.8344248896867434,0.9999994354098538,4,8,2184616.11112,34734.983586
2024-09-03 07:00:00,schloemer,L8,36,38,81.88506300165746,6.414000579746393e-05,0.7714436952578019,0.9999925555225196,4,8,2184616.11112,34734.983586
2024-09-03 07:00:00,schloemer,L9,36,39,79.89584205925284,2.014745326794909e-05,0.6444830812772042,0.9997448196752506,4,8,2184616.11112,34734.983586
2024-09-03 07:00:00,schloemer,L10,37,36,79.24726124149332,1.3331990386888926e-05,0.5947496030564543,1.0,20,48,2185542.33716,34764.744572
2024-09-03 07:00:00,schloemer,L11,37,64,73.78758429620804,3.8566096016712237e-07,0.17012660394946644,0.7750458196228874,4,8,2184616.11112,34734.983586
2024-09-03 07:00:00,schloemer,L12,38,39,80.14293495091702,2.335079032544929e-05,0.6621110248622323,0.9998301163405409,4,8,2184616.11112,34734.983586
2024-09-03 07:00:00,schloemer,L13,39,40,76.80024248867079,2.913625277933818e-06,0.39571088814199085,0.9822191265190592,4,8,2184616.11112,34734.983586
2024-09-03 07:00:00,schloemer,L14,39,41,74.61451666864912,6.804814624006283e-07,0.22454195799903132,0.8692429084642337,4,8,2184616.11112,34734.983586
2024-09-03 07:00:00,schloemer,L15,40,41,73.38708198428273,2.919728636641139e-07,0.146606985299371,0.7186854712013533,4,8,2184616.11112,34734.983586
2024-09-03 07:00:00,schloemer,L16,41,48,67.207485148308,3.1617189977239946e-09,0.0029519674007151275,0.023373191662353077,4,8,2184616.11112,34734.983586
2024-09-03 07:00:00,schloemer,L17,41,48,67.207485148308,3.1617189977239946e-09,0.0029519674007151275,0.023373191662353077,4,8,2184616.11112,34734.983586
2024-09-03 07:00:00,schloemer,L18,42,43,72.1154346471503,1.190459223421314e-07,0.08532459356911448,0.5100679965118516,4,8,2184616.11112,34734.983586
2024-09-03 07:00:00,schloemer,L19,43,44,67.68218810728021,4.5351055133480145e-09,0.004554924972975161,0.03586375383397333,4,8,2184616.11112,34734.983586
2024-09-03 07:00:00,schloemer,L20,44,45,64.00407036157303,2.6620505799712646e-10,7.115363565302069e-05,0.0005690884100937321,4,8,2184616.11112,34734.983586
2024-09-03 07:00:00,schloemer,L21,44,48,64.52396906835318,3.9939918039522126e-10,0.00014464066466313152,0.0011565412966679789,4,8,2184616.11112,34734.983586
2024-09-03 07:00:00,schloemer,L22,45,46,62.55856778151337,8.56348325584122e-11,7.728924738770182e-06,6.1830067838331e-05,4,8,2184616.11112,34734.983586
2024-09-03 07:00:00,schloemer,L23,45,47,61.587358876658655,3.9806935525632525e-11,1.3898799750000634e-06,1.111914493667765e-05,4,8,2184616.11112,34734.983586
2024-09-03 07:00:00,schloemer,L24,46,48,63.12127095336933,1.3329626291636032e-10,1.9188877105058566e-05,0.00015350124037527557,4,8,2184616.11112,34734.983586
2024-09-03 07:00:00,schloemer,L25,46,68,62.77586081017755,1.0160494667843523e-10,1.1058785244655311e-05,8.846726410827177e-05,4,8,2184616.11112,34734.983586
2024-09-03 07:00:00,schloemer,L26,47,48,62.08635710315922,5.902500710419645e-11,3.437105888570713e-06,2.749675242086358e-05,4,8,2184616.11112,34734.983586
2024-09-03 07:00:00,schloemer,L27,48,49,61.935749908946676,5.2412074680319165e-11,2.629457965253046e-06,2.1035679773517835e-05,4,8,2184616.11112,34734.983586
2024-09-03 07:00:00,schloemer,L28,48,50,60.90346049224009,2.3178792218914168e-11,3.68641421166771e-07,2.949220279213627e-06,4,8,2184616.11112,34734.983586
2024-09-03 07:00:00,schloemer,L29,48,53,61.959921419249525,5.3421378432005895e-11,2.7458160427595857e-06,2.1966530917905125e-05,4,8,2184616.11112,34734.983586
2024-09-03 07:00:00,schloemer,L30,48,53,61.959921419249525,5.3421378432005895e-11,2.7458160427595857e-06,2.1966530917905125e-05,4,8,2184616.11112,34734.983586
2024-09-03 07:00:00,schloemer,L31,48,65,65.21816353713739,6.850326972340781e-10,0.00034865607505318863,0.0027858499956938676,4,8,2184616.11112,34734.983586
2024-09-03 07:00:00,schloemer,L32,48,65,65.21816353713739,6.850326972340781e-10,0.00034865607505318863,0.0027858499956938676,4,8,2184616.11112,34734.983586
2024-09-03 07:00:00,schloemer,L33,48,68,63.369793273881825,1.6200485397632747e-10,2.8141433561668094e-05,0.00022510994328694967,4,8,2184616.11112,34734.983586
2024-09-03 07:00:00,schloemer,L34,49,56,59.44884716838116,7.321032668983207e-12,1.529751314510719e-08,1.224093827412176e-07,4,8,2184616.11112,34734.983586
2024-09-03 07:00:00,schloemer,L35,50,51,56.93161406721477,9.965361869035405e-13,1.6462498031444284e-11,1.3568612899916843e-10,4,8,2184616.11112,34734.983586
2024-09-03 07:00:00,schloemer,L36,50,57,57.67516039103014,1.794786541609028e-12,1.5017809218420552e-10,1.2086038836400803e-09,4,8,2184616.11112,34734.983586
2024-09-03 07:00:00,schloemer,L37,51,52,55.913422152057606,4.460876112943879e-13,5.977440764581843e-13,6.566303056843026e-12,4,8,2184616.11112,34734.983586
2024-09-03 07:00:00,schloemer,L38,52,53,58.26609952037828,2.8664848272796917e-12,7.729128448374922e-10,6.194768698009057e-09,4,8,2184616.11112,34734.983586
2024-09-03 07:00:00,schloemer,L39,53,54,59.72404957838726,9.105938225673071e-12,2.9059867734382294e-08,2.3251534198021062e-07,4,8,2184616.11112,34734.983586
2024-09-03 07:00:00,schloemer,L40,53,55,59.46284391767282,7.402745083595619e-12,1.5812346987331694e-08,1.2652837988458288e-07,4,8,2184616.11112,34734.983586
2024-09-03 07:00:00,schloemer,L41,53,58,60.824984874302494,2.178290881005296e-11,3.144769304963546e-07,2.5158998062657645e-06,4,8,2184616.11112,34734.983586
2024-09-03 07:00:00,schloemer,L42,54,55,58.87770192768942,4.654832075345894e-12,3.7937311070379565e-09,3.0368467740515825e-08,4,8,2184616.11112,34734.983586
2024-09-03 07:00:00,schloemer,L43,54,58,60.17440139117237,1.3011924870909297e-11,7.973027527086174e-08,6.378940718976267e-07,4,8,2184616.11112,34734.983586
2024-09-03 07:00:00,schloemer,L44,55,56,58.56331510306898,3.627875777567624e-12,1.6964041282818698e-09,1.3585744418342927e-08,4,8,2184616.11112,34734.983586
2024-09-03 07:00:00,schloemer,L45,55,57,57.75181446262983,1.907141111701094e-12,1.868181165320948e-10,1.5021734967035627e-09,4,8,2184616.11112,34734.983586
2024-09-03 07:00:00,schloemer,L46,55,58,59.947034409292044,1.0866418875821182e-11,4.8198335989013685e-08,3.856300885285435e-07,4,8,2184616.11112,34734.983586
2024-09-03 07:00:00,schloemer,L47,55,58,59.947034409292044,1.0866418875821182e-11,4.8198335989013685e-08,3.856300885285435e-07,4,8,2184616.11112,34734.983586
2024-09-03 07:00:00,schloemer,L48,58,59,62.224211661123725,6.580325173644042e-11,4.374423244191128e-06,3.499511336579886e-05,4,8,2184616.11112,34734.983586
2024-09-03 07:00:00,schloemer,L49,58,60,62.85108025393723,1.0779699355367711e-10,1.2492679877684765e-05,9.993750039816174e-05,4,8,2184616.11112,34734.983586
2024-09-03 07:00:00,schloemer,L50,59,60,63.810740237842026,2.2885215944512538e-10,5.4028077116519135e-05,0.00043214380784906137,4,8,2184616.11112,34734.983586
2024-09-03 07:00:00,schloemer,L51,59,61,64.5408548456644,4.0468750572841827e-10,0.00014790241529860637,0.0011826086168879035,4,8,2184616.11112,34734.983586
2024-09-03 07:00:00,schloemer,L52,60,61,65.20690793300851,6.7908112466597e-10,0.0003439209132131138,0.0027480604069912706,4,8,2184616.11112,34734.983586
2024-09-03 07:00:00,schloemer,L53,61,65,66.4792078840374,1.8118613276385531e-09,0.0014369592821635857,0.01143803142640687,4,8,2184616.11112,34734.983586
2024-09-03 07:00:00,schloemer,L54,61,66,67.00297106768943,2.7051658690879776e-09,0.00242811831649159,0.0192606751496206,4,8,2184616.11112,34734.983586
2024-09-03 07:00:00,schloemer,L55,62,58,62.50669871637123,8.124412254062463e-11,6.99573251117247e-06,0.00020985174365817372,13,30,2185148.89802,34751.629934
2024-09-03 07:00:00,schloemer,L56,62,63,65.46085280598138,8.266910489496127e-10,0.00046606594261400236,0.0037224544124141445,4,8,2184616.11112,34734.983586
2024-09-03 07:00:00,schloemer,L57,63,60,65.84095876300293,1.085804335332341e-09,0.0007108233753260196,0.03286830139406138,20,47,2185512.78098,34763.759366
2024-09-03 07:00:00,schloemer,L58,63,64,69.01797473788382,1.2388706838173391e-08,0.013445572528717142,0.10263654682869383,4,8,2184616.11112,34734.983586
2024-09-03 07:00:00,schloemer,L59,64,65,68.78164513055735,1.015539952131661e-08,0.011134051314159565,0.41575341268845545,20,48,2185545.98792,34764.866264
2024-09-03 07:00:00,schloemer,L60,64,67,69.9564449426559,2.373944529843186e-08,0.025247834021675075,0.9072826445673033,38,93,2186503.81292,34796.793764
2024-09-03 07:00:00,schloemer,L61,65,66,67.5257184056256,4.027487343627456e-09,0.003959952944501799,0.031244025066599068,4,8,2184616.11112,34734.983586
2024-09-03 07:00:00,schloemer,L62,67,68,65.63897290256483,9.185942007050585e-10,0.000560167479917939,0.03738533468344296,28,68,2185978.45538,34779.281846
2024-09-03 07:00:00,schloemer,L63,68,69,59.83247406355622,9.923173394099649e-12,3.7222823934257576e-08,2.9782224542085345e-07,4,8,2184616.11112,34734.983586
2024-09-03 07:00:00,schloemer,L64,68,74,61.55061326450629,3.8667846702367115e-11,1.2975614870347485e-06,1.0380599423598369e-05,4,8,2184616.11112,34734.983586
2024-09-03 07:00:00,schloemer,L65,68,76,63.391972621914,1.6484758003088018e-10,2.9103925822782095e-05,0.00023280835012151613,4,8,2184616.11112,34734.983586
2024-09-03 07:00:00,schloemer,L66,69,70,55.21583656949598,2.5768276401549883e-13,5.0182080713057076e-14,1.432187701766452e-12,4,8,2184616.11112,34734.983586
2024-09-03 07:00:00,schloemer,L67,69,73,57.269620042040685,1.301958540977921e-12,4.593669888919294e-11,3.727014252774552e-10,4,8,2184616.11112,34734.983586
2024-09-03 07:00:00,schloemer,L68,69,74,58.6101041666866,3.764988321108831e-12,1.9155638186774127e-09,1.5339570391681434e-08,4,8,2184616.11112,34734.983586
2024-09-03 07:00:00,schloemer,L69,70,71,52.46980426879208,3.0309088572266774e-14,0.0,1.212363542890671e-13,4,8,2184616.11112,34734.983586
2024-09-03 07:00:00,schloemer,L70,70,72,52.39490101994985,2.853273173286652e-14,0.0,1.141309269314661e-13,4,8,2184616.11112,34734.983586
2024-09-03 07:00:00,schloemer,L71,73,74,58.84128040964995,4.52227144620565e-12,3.460770447993866e-09,2.7704252336668844e-08,4,8,2184616.11112,34734.983586
2024-09-03 07:00:00,schloemer,L72,74,76,61.950250749013776,5.301525884959801e-11,2.6986961666475295e-06,2.158957746789536e-05,4,8,2184616.11112,34734.983586
2024-09-03 07:00:00,schloemer,L73,74,117,59.652085744356356,8.60100879407355e-12,2.4616534033405912e-08,1.9696665931601132e-07,4,8,2184616.11112,34734.983586
2024-09-03 07:00:00,schloemer,L74,75,76,62.09368497642383,5.936717784038592e-11,3.481783362957458e-06,2.7854164929230762e-05,4,8,2184616.11112,34734.983586
2024-09-03 07:00:00,schloemer,L75,75,117,59.790695544731236,9.599987471631266e-12,3.3847906255601856e-08,2.7082161790925596e-07,4,8,2184616.11112,34734.983586
2024-09-03 07:00:00,schloemer,L76,76,77,63.20604990499147,1.4247125701416508e-10,2.1894096144836617e-05,0.00017513991769113613,4,8,2184616.11112,34734.983586
2024-09-03 07:00:00,schloemer,L77,76,79,65.60192375341686,9.219844887553563e-10,0.0005495235936755494,0.004387746374549972,4,8,2184616.11112,34734.983586
2024-09-03 07:00:00,schloemer,L78,76,79,65.60192375341686,9.219844887553563e-10,0.0005495235936755494,0.004387746374549972,4,8,2184616.11112,34734.983586
2024-09-03 07:00:00,schloemer,L79,76,81,64.58562165117573,4.190461311281979e-10,0.00015687552087217949,0.001254316979202752,4,8,2184616.11112,34734.983586
2024-09-03 07:00:00,schloemer,L80,77,78,63.307545310749504,1.5428380795157182e-10,2.559470021534782e-05,0.00020473987718760966,4,8,2184616.11112,34734.983586
2024-09-03 07:00:00,schloemer,L81,78,79,65.68809278971315,9.854584925861332e-10,0.0006068299908288388,0.004844345559821828,4,8,2184616.11112,34734.983586
2024-09-03 07:00:00,schloemer,L82,79,95,68.20890534758166,6.752815195909534e-09,0.007145804888326723,0.0557569658047784,4,8,2184616.11112,34734.983586
2024-09-03 07:00:00,schloemer,L83,79,96,67.74451753265296,4.754441951249078e-09,0.0048122493939304345,0.03785579990242616,4,8,2184616.11112,34734.983586
2024-09-03 07:00:00,schloemer,L84,79,97,66.96740887326978,2.632707940541934e-09,0.0023457670666559016,0.018612794145694056,4,8,2184616.11112,34734.983586
2024-09-03 07:00:00,schloemer,L85,79,98,69.14347403385273,1.3604193438432333e-08,0.014739883563994804,0.11201179167900677,4,8,2184616.11112,34734.983586
2024-09-03 07:00:00,schloemer,L86,80,67,69.05796949384464,1.2328257636973206e-08,0.013617822905423793,0.6273892154184265,30,72,2186055.70436,34781.856812
2024-09-03 07:00:00,schloemer,L87,80,79,68.44782612889854,7.821756797810053e-09,0.0085283969724953,0.44621750440423136,28,69,2185981.58126,34779.386042
2024-09-03 07:00:00,schloemer,L88,81,82,64.47393955129373,3.841296170037367e-10,0.00013535642913331536,0.0010823401086123008,4,8,2184616.11112,34734.983586
2024-09-03 07:00:00,schloemer,L89,81,95,67.05365375284067,2.811845312145067e-09,0.0025498034475180953,0.020217322056210518,4,8,2184616.11112,34734.983586
2024-09-03 07:00:00,schloemer,L90,93,95,69.93647108441398,2.4489769767654934e-08,0.025416213552213907,0.18613304844984846,4,8,2184616.11112,34734.983586
2024-09-03 07:00:00,schloemer,L91,95,96,68.3336728334444,7.4180646070232115e-09,0.007913795236177412,0.0615842836427104,4,8,2184616.11112,34734.983586
2024-09-03 07:00:00,schloemer,L92,115,67,69.27314728519782,1.4807381654158291e-08,0.016088023541355412,0.375214303869572,13,29,2185126.88168,34750.896056
2024-09-03 08:00:00,schloemer,L0,22,23,50.79651842754652,8.43769498715119e-15,0.0,3.375077994860476e-14,4,8,2184616.11112,34734.983586
2024-09-03 08:00:00,schloemer,L1,23,69,54.031293766617964,1.0180745135812685e-13,4.440892098500626e-16,4.107825191113079e-13,4,8,2184616.11112,34734.983586
2024-09-03 08:00:00,schloemer,L2,23,71,51.461055945847825,1.3877787807814457e-14,0.0,5.551115123125783e-14,4,8,2184616.11112,34734.983586
2024-09-03 08:00:00,schloemer,L3,29,37,76.3216316858109,2.1317532864495448e-06,0.3560582573011605,0.9704356098088658,4,8,2184616.11112,34734.983586
2024-09-03 08:00:00,schloemer,L4,32,36,81.60536106715605,5.473018810098207e-05,0.7557448618454969,0.9999873335594874,4,8,2184616.11112,34734.983586
2024-09-03 08:00:00,schloemer,L5,33,36,78.42851216488025,8.213746892304918e-06,0.5311472792509879,0.9976650517713153,4,8,2184616.11112,34734.983586
2024-09-03 08:00:00,schloemer,L6,33,42,74.87011060383074,8.095011284625642e-07,0.24279928568439768,0.891934587971452,4,8,2184616.11112,34734.983586
2024-09-03 08:00:00,schloemer,L7,34,36,81.59946708317757,5.4546709063241217e-05,0.7554062522779496,0.9999871923912635,4,8,2184616.11112,34734.983586
2024-09-03 08:00:00,schloemer,L8,36,38,80.12832438315736,2.314861411845115e-05,0.6610822444031418,0.9998259338353964,4,8,2184616.11112,34734.983586
2024-09-03 08:00:00,schloemer,L9,36,39,78.0895235918461,6.6425779196022106e-06,0.5033700275572899,0.9962995727381502,4,8,2184616.11112,34734.983586
2024-09-03 08:00:00,schloemer,L10,37,36,77.50323617676844,4.485217478422676e-06,0.45320191263952325,0.9999999999997395,20,48,2185542.33716,34764.744572
2024-09-03 08:00:00,schloemer,L11,37,64,72.14047083605952,1.2119056935766537e-07,0.08633184371902802,0.514367547899023,4,8,2184616.11112,34734.983586
2024-09-03 08:00:00,schloemer,L12,38,39,78.30641657721706,7.61069076837817e-06,0.5211912936422756,0.9972376221130986,4,8,2184616.11112,34734.983586
2024-09-03 08:00:00,schloemer,L13,39,40,74.98894163188837,8.772795088152208e-07,0.2514936322404482,0.901471363927026,4,8,2184616.11112,34734.983586
2024-09-03 08:00:00,schloemer,L14,39,41,72.8761002697624,2.0409541579002877e-07,0.11949807023573622,0.6387214788597201,4,8,2184616.11112,34734.983586
2024-09-03 08:00:00,schloemer,L15,40,41,71.6849666855232,8.747503021933056e-08,0.06923052471088098,0.43670369187363733,4,8,2184616.11112,34734.983586
2024-09-03 08:00:00,schloemer,L16,41,48,65.78665108189021,1.0633727232089996e-09,0.0006788509313345736,0.0054179257049085106,4,8,2184616.11112,34734.983586
2024-09-03 08:00:00,schloemer,L17,41,48,65.78665108189021,1.0633727232089996e-09,0.0006788509313345736,0.0054179257049085106,4,8,2184616.11112,34734.983586
2024-09-03 08:00:00,schloemer,L18,42,43,70.49935293555086,3.70288470996627e-08,0.03610486920232503,0.2548594005132132,4,8,2184616.11112,34734.983586
2024-09-03 08:00:00,schloemer,L19,43,44,66.24148680664877,1.5095270589071674e-09,0.0011191089638831198,0.008917888737523971,4,8,2184616.11112,34734.983586
2024-09-03 08:00:00,schloemer,L20,44,45,62.72592578546855,9.769107744972416e-11,1.019294979631713e-05,8.154108006797056e-05,4,8,2184616.11112,34734.983586
2024-09-03 08:00:00,schloemer,L21,44,48,63.23028085597891,1.4520695756914392e-10,2.2729657367048794e-05,0.00018182337447114616,4,8,2184616.11112,34734.983586
2024-09-03 08:00:00,schloemer,L22,45,46,61.340175105382905,3.274291948685004e-11,8.705000695830023e-07,6.9641103098705415e-06,4,8,2184616.11112,34734.983586
2024-09-03 08:00:00,schloemer,L23,45,47,60.424752543933664,1.5866419289523037e-11,1.367915914984863e-07,1.0943956736397809e-06,4,8,2184616.11112,34734.983586
2024-09-03 08:00:00,schloemer,L24,46,48,61.88174185854611,5.0224935321807607e-11,2.385943148608405e-06,1.9087586689225944e-05,4,8,2184616.11112,34734.983586
2024-09-03 08:00:00,schloemer,L25,46,68,61.53784038558169,3.82796017106557e-11,1.266843706604348e-06,1.013485783274426e-05,4,8,2184616.11112,34734.983586
2024-09-03 08:00:00,schloemer,L26,47,48,60.907795551062655,2.3258395209779792e-11,3.7187670220983904e-07,2.9751027788016415e-06,4,8,2184616.11112,34734.983586
2024-09-03 08:00:00,schloemer,L27,48,49,60.78202869330484,2.1054602505898856e-11,2.881070714222389e-07,2.3049384654250105e-06,4,8,2184616.11112,34734.983586
2024-09-03 08:00:00,schloemer,L28,48,50,59.799802268683294,9.669487432972801e-12,3.455774577609816e-08,2.765006107408041e-07,4,8,2184616.11112,34734.983586
2024-09-03 08:00:00,schloemer,L29,48,53,60.82399911060642,2.1765922397776194e-11,3.138470181518471e-07,2.5108604506662857e-06,4,8,2184616.11112,34734.983586
2024-09-03 08:00:00,schloemer,L30,48,53,60.82399911060642,2.1765922397776194e-11,3.138470181518471e-07,2.5108604506662857e-06,4,8,2184616.11112,34734.983586
2024-09-03 08:00:00,schloemer,L31,48,65,63.92012653995735,2.4929602826517794e-10,6.318538534499929e-05,0.0005053723065638893,4,8,2184616.11112,34734.983586
2024-09-03 08:00:00,schloemer,L32,48,65,63.92012653995735,2.4929602826517794e-10,6.318538534499929e-05,0.0005053723065638893,4,8,2184616.11112,34734.983586
2024-09-03 08:00:00,schloemer,L33,48,68,62.10765349307441,6.002487396017386e-11,3.568455903324441e-06,2.8547530773193053e-05,4,8,2184616.11112,34734.983586
2024-09-03 08:00:00,schloemer,L34,49,56,58.4396660309249,3.2891467327544888e-12,1.2268979165952487e-09,9.828339919693008e-09,4,8,2184616.11112,34734.983586
2024-09-03 08:00:00,schloemer,L35,50,51,56.03253677328482,4.900524430695441e-13,8.970602038971265e-13,9.136691403455188e-12,4,8,2184616.11112,34734.983586
2024-09-03 08:00:00,schloemer,L36,50,57,56.74840960487451,8.621992009238966e-13,9.297229652815986e-12,7.782663402622347e-11,4,8,2184616.11112,34734.983586
2024-09-03 08:00:00,schloemer,L37,51,52,55.07998787341488,2.3159252293680765e-13,3.0309088572266774e-14,1.1688428003253648e-12,4,8,2184616.11112,34734.983586
2024-09-03 08:00:00,schloemer,L38,52,53,57.339944405087955,1.376454505930269e-12,5.661549007385247e-11,4.5842973861454084e-10,4,8,2184616.11112,34734.983586
2024-09-03 08:00:00,schloemer,L39,53,54,58.751780993395734,4.2125192223352315e-12,2.7572540917120136e-09,2.2074882588540845e-08,4,8,2184616.11112,34734.983586
2024-09-03 08:00:00,schloemer,L40,53,55,58.49099577865995,3.4258151870858455e-12,1.4042684792769933e-09,1.124785109496429e-08,4,8,2184616.11112,34734.983586
2024-09-03 08:00:00,schloemer,L41,53,58,59.807498948640976,9.728662320185322e-12,3.516870550335227e-08,2.8138852403714054e-07,4,8,2184616.11112,34734.983586
2024-09-03 08:00:00,schloemer,L42,54,55,57.95533035217787,2.2407631306009534e-12,3.307293328091987e-10,2.6547977149959934e-09,4,8,2184616.11112,34734.983586
2024-09-03 08:00:00,schloemer,L43,54,58,59.21241644098282,6.069589275625731e-12,8.678951446405847e-09,6.945588781892553e-08,4,8,2184616.11112,34734.983586
2024-09-03 08:00:00,schloemer,L44,55,56,57.625965532089666,1.726285780989656e-12,1.3042344981784026e-10,1.0502927416666807e-09,4,8,2184616.11112,34734.983586
2024-09-03 08:00:00,schloemer,L45,55,57,56.85137693858887,9.352518759442319e-13,1.2834955320784047e-11,1.064206500700493e-10,4,8,2184616.11112,34734.983586
2024-09-03 08:00:00,schloemer,L46,55,58,58.98199530197672,5.056066676445425e-12,4.925423513491012e-09,3.942361170850006e-08,4,8,2184616.11112,34734.983586
2024-09-03 08:00:00,schloemer,L47,55,58,58.98199530197672,5.056066676445425e-12,4.925423513491012e-09,3.942361170850006e-08,4,8,2184616.11112,34734.983586
2024-09-03 08:00:00,schloemer,L48,58,59,61.202304377321504,2.936095810923689e-11,6.667067105059488e-07,5.33375868128072e-06,4,8,2184616.11112,34734.983586
2024-09-03 08:00:00,schloemer,L49,58,60,61.790356763461155,4.6729176084170376e-11,2.0213832445659108e-06,1.617113846297258e-05,4,8,2184616.11112,34734.983586
2024-09-03 08:00:00,schloemer,L50,59,60,62.736145690130485,9.847966886411541e-11,1.0364857056188725e-05,8.291624235057249e-05,4,8,2184616.11112,34734.983586
2024-09-03 08:00:00,schloemer,L51,59,61,63.421771457869816,1.6874524000343172e-10,3.044487562631204e-05,0.00024353372847463195,4,8,2184616.11112,34734.983586
2024-09-03 08:00:00,schloemer,L52,60,61,64.04582891947108,2.750356609126925e-10,7.545070106051988e-05,0.0006034473333819124,4,8,2184616.11112,34734.983586
2024-09-03 08:00:00,schloemer,L53,61,65,65.20110828140506,6.760344506417937e-10,0.0003415036552874007,0.0027287686755576024,4,8,2184616.11112,34734.983586
2024-09-03 08:00:00,schloemer,L54,61,66,65.7411084548385,1.0266398842162516e-09,0.0006446770530794677,0.005145798464164186,4,8,2184616.11112,34734.983586
2024-09-03 08:00:00,schloemer,L55,62,58,61.45131233768225,3.533606740546702e-11,1.0608841720660678e-06,3.1826494939379835e-05,13,30,2185148.89802,34751.629934
2024-09-03 08:00:00,schloemer,L56,62,63,64.25753463854774,3.2447855513595414e-10,0.00010111586404382145,0.000808641983400693,4,8,2184616.11112,34734.983586
2024-09-03 08:00:00,schloemer,L57,63,60,64.63149185014244,4.2532999344757627e-10,0.00016371981115748113,0.007665935280450897,20,47,2185512.78098,34763.759366
2024-09-03 08:00:00,schloemer,L58,63,64,67.5857097250973,4.215121363060348e-09,0.004179715190200328,0.03295264510310403,4,8,2184616.11112,34734.983586
2024-09-03 08:00:00,schloemer,L59,64,65,67.33650825422096,3.4120488656697034e-09,0.003286315942639173,0.14615277932008242,20,48,2185545.98792,34764.866264
2024-09-03 08:00:00,schloemer,L60,64,67,68.38875249494227,7.386382394614088e-09,0.008079271019512113,0.5297186768999771,38,93,2186503.81292,34796.793764
2024-09-03 08:00:00,schloemer,L61,65,66,66.1918738760743,1.4530244785149193e-09,0.0010611945026890446,0.008458096872753118,4,8,2184616.11112,34734.983586
2024-09-03 08:00:00,schloemer,L62,67,68,64.25906964027432,3.146521931896018e-10,9.859197134431952e-05,0.006682167736295819,28,68,2185978.45538,34779.281846
2024-09-03 08:00:00,schloemer,L63,68,69,58.74305805776919,4.183542401392515e-12,2.6965397692535475e-09,2.1589052101589346e-08,4,8,2184616.11112,34734.983586
2024-09-03 08:00:00,schloemer,L64,68,74,60.379151440721756,1.5303536216038083e-11,1.2411921734845066e-07,9.93014521499802e-07,4,8,2184616.11112,34734.983586
2024-09-03 08:00:00,schloemer,L65,68,76,62.13655248973948,6.140865593806666e-11,3.7542101642973336e-06,3.0033532310014266e-05,4,8,2184616.11112,34734.983586
2024-09-03 08:00:00,schloemer,L66,69,70,54.355126806809665,1.312283615106935e-13,1.887379141862766e-15,5.400124791776761e-13,4,8,2184616.11112,34734.983586
2024-09-03 08:00:00,schloemer,L67,69,73,56.311815684021965,6.107336858462986e-13,2.2795099141603714e-12,2.0679014056668166e-11,4,8,2184616.11112,34734.983586
2024-09-03 08:00:00,schloemer,L68,69,74,57.58787728218795,1.6749934772519737e-12,1.1687362189150008e-10,9.416889490410085e-10,4,8,2184616.11112,34734.983586
2024-09-03 08:00:00,schloemer,L69,70,71,51.73549961201906,1.7208456881689926e-14,0.0,6.88338275267597e-14,4,8,2184616.11112,34734.983586
2024-09-03 08:00:00,schloemer,L70,70,72,51.67077520087383,1.63202784619898e-14,0.0,6.52811138479592e-14,4,8,2184616.11112,34734.983586
2024-09-03 08:00:00,schloemer,L71,73,74,57.812273154232805,2.0007329126769946e-12,2.2164781121603028e-10,1.7811854213789502e-09,4,8,2184616.11112,34734.983586
2024-09-03 08:00:00,schloemer,L72,74,76,60.77970643415597,2.10159667446419e-11,2.8674279128892977e-07,2.2940240917979082e-06,4,8,2184616.11112,34734.983586
2024-09-03 08:00:00,schloemer,L73,74,117,58.591796371440395,3.710698415204661e-12,1.826757967116066e-09,1.4628906419567045e-08,4,8,2184616.11112,34734.983586
2024-09-03 08:00:00,schloemer,L74,75,76,60.93550711711433,2.3774093804718177e-11,3.9320023048627917e-07,3.1456926109507677e-06,4,8,2184616.11112,34734.983586
2024-09-03 08:00:00,schloemer,L75,75,117,58.74093227788285,4.176436974034914e-12,2.681939004212097e-09,2.1472217559548312e-08,4,8,2184616.11112,34734.983586
2024-09-03 08:00:00,schloemer,L76,76,77,62.00638472960712,5.541633818495484e-11,2.983139623102815e-06,2.3865089470942458e-05,4,8,2184616.11112,34734.983586
2024-09-03 08:00:00,schloemer,L77,76,79,64.28853791060517,3.3242397723398653e-10,0.00010547985269926397,0.0008435286878983872,4,8,2184616.11112,34734.983586
2024-09-03 08:00:00,schloemer,L78,76,79,64.28853791060517,3.3242397723398653e-10,0.00010547985269926397,0.0008435286878983872,4,8,2184616.11112,34734.983586
2024-09-03 08:00:00,schloemer,L79,76,81,63.33110268058335,1.571618390983076e-10,2.6532375905663486e-05,0.0002122399257299401,4,8,2184616.11112,34734.983586
2024-09-03 08:00:00,schloemer,L80,77,78,62.13877709869304,6.151645859375776e-11,3.768877536280968e-06,3.0150868627343286e-05,4,8,2184616.11112,34734.983586
2024-09-03 08:00:00,schloemer,L81,78,79,64.41143178952471,3.658627845126716e-10,0.00012451862831019955,0.0009957164596886559,4,8,2184616.11112,34734.983586
2024-09-03 08:00:00,schloemer,L82,79,95,66.83244184033589,2.374734409116286e-09,0.002054847509594171,0.01632104690018532,4,8,2184616.11112,34734.983586
2024-09-03 08:00:00,schloemer,L83,79,96,66.39572888729288,1.6994273766002266e-09,0.0013173252582134864,0.010490146914959197,4,8,2184616.11112,34734.983586
2024-09-03 08:00:00,schloemer,L84,79,97,65.6497269707404,9.566804015648245e-10,0.0005806885232194636,0.004636081375502976,4,8,2184616.11112,34734.983586
2024-09-03 08:00:00,schloemer,L85,79,98,67.70755433394731,4.623138427639617e-09,0.004658200789863898,0.036663684270068386,4,8,2184616.11112,34734.983586
2024-09-03 08:00:00,schloemer,L86,80,67,67.5135681550863,3.854924712776153e-09,0.0038385022642404287,0.24187277737190238,30,72,2186055.70436,34781.856812
2024-09-03 08:00:00,schloemer,L87,80,79,66.9832746877246,2.579162883264985e-09,0.002334253209159365,0.14892227270265546,28,69,2185981.58126,34779.386042
2024-09-03 08:00:00,schloemer,L88,81,82,63.299939332634196,1.5336587555481174e-10,2.529854544364163e-05,0.0002023710573360038,4,8,2184616.11112,34734.983586
2024-09-03 08:00:00,schloemer,L89,81,95,65.74455731815794,1.0293770280611625e-09,0.0006472103577276345,0.005165973452701977,4,8,2184616.11112,34734.983586
2024-09-03 08:00:00,schloemer,L90,93,95,68.56049427968208,8.796745110117854e-09,0.009486042345031587,0.07341603053642676,4,8,2184616.11112,34734.983586
2024-09-03 08:00:00,schloemer,L91,95,96,66.99616839653523,2.691154854517208e-09,0.0024121745915943738,0.019135270495725276,4,8,2184616.11112,34734.983586
2024-09-03 08:00:00,schloemer,L92,115,67,67.71536852421026,4.5962703643098735e-09,0.004657787880126163,0.12662605131477267,13,29,2185126.88168,34750.896056
2024-09-03 09:00:00,schloemer,L0,22,23,50.09632585118716,4.884981308350689e-15,0.0,1.9539925233402755e-14,4,8,2184616.11112,34734.983586
2024-09-03 09:00:00,schloemer,L1,23,69,53.192917832080724,5.306866057708248e-14,0.0,2.1227464230832993e-13,4,8,2184616.11112,34734.983586
2024-09-03 09:00:00,schloemer,L2,23,71,50.73686185187438,7.993605777301127e-15,0.0,3.197442310920451e-14,4,8,2184616.11112,34734.983586
2024-09-03 09:00:00,schloemer,L3,29,37,74.67983231094506,7.114136433283846e-07,0.22914796439763085,0.8753285665697222,4,8,2184616.11112,34734.983586
2024-09-03 09:00:00,schloemer,L4,32,36,79.89160190541958,2.009632216704027e-05,0.6441763958337553,0.9997430532530468,4,8,2184616.11112,34734.983586
2024-09-03 09:00:00,schloemer,L5,33,36,76.67685053214129,2.689016755041962e-06,0.38543083315789384,0.979650137893294,4,8,2184616.11112,34734.983586
2024-09-03 09:00:00,schloemer,L6,33,42,73.17638759615399,2.5199749442705865e-07,0.1350287575465311,0.6866621114485274,4,8,2184616.11112,34734.983586
2024-09-03 09:00:00,schloemer,L7,34,36,79.93826678085057,2.0665915056561346e-05,0.6475439440205585,0.9997618755904407,4,8,2184616.11112,34734.983586
2024-09-03 09:00:00,schloemer,L8,36,38,78.3489163106173,7.815622744211659e-06,0.5246635255311747,0.9973938731620619,4,8,2184616.11112,34734.983586
2024-09-03 09:00:00,schloemer,L9,36,39,76.30417857536536,2.1074644973584356e-06,0.3546257310624841,0.9699053353864762,4,8,2184616.11112,34734.983586
2024-09-03 09:00:00,schloemer,L10,37,36,75.77783956849446,1.4567606710924608e-06,0.3107897860777358,0.999999982587177,20,48,2185542.33716,34764.744572
2024-09-03 09:00:00,schloemer,L11,37,64,70.54610852256963,3.831687478417223e-08,0.03712610034892794,0.2611517483443888,4,8,2184616.11112,34734.983586
2024-09-03 09:00:00,schloemer,L12,38,39,76.49322904431168,2.385401193238934e-06,0.3701998461684236,0.975247563493381,4,8,2184616.11112,34734.983586
2024-09-03 09:00:00,schloemer,L13,39,40,73.23577600844276,2.6269137931578257e-07,0.13823588522530428,0.6958367170880282,4,8,2184616.11112,34734.983586
2024-09-03 09:00:00,schloemer,L14,39,41,71.2010969504809,6.170748401146398e-08,0.053815506203917174,0.35759856154049907,4,8,2184616.11112,34734.983586
2024-09-03 09:00:00,schloemer,L15,40,41,70.04889762047775,2.6604899283633188e-08,0.02732476022701802,0.19879649706298452,4,8,2184616.11112,34734.983586
2024-09-03 09:00:00,schloemer,L16,41,48,64.4189534919073,3.6801450775669764e-10,0.0001257796224366503,0.0010057955871116686,4,8,2184616.11112,34734.983586
2024-09-03 09:00:00,schloemer,L17,41,48,64.4189534919073,3.6801450775669764e-10,0.0001257796224366503,0.0010057955871116686,4,8,2184616.11112,34734.983586
2024-09-03 09:00:00,schloemer,L18,42,43,68.94218770875628,1.1707092295587529e-08,0.012709755012049628,0.09726818776187218,4,8,2184616.11112,34734.983586
2024-09-03 09:00:00,schloemer,L19,43,44,64.85487521372107,5.166990169058749e-10,0.00022207189907064162,0.0017751970228222502,4,8,2184616.11112,34734.983586
2024-09-03 09:00:00,schloemer,L20,44,45,61.49219919372119,3.692357530837853e-11,1.1625720902630476e-06,9.300686571123151e-06,4,8,2184616.11112,34734.983586
2024-09-03 09:00:00,schloemer,L21,44,48,61.981193121476906,5.4325655085563085e-11,2.8521845453211014e-06,2.2817465882729593e-05,4,8,2184616.11112,34734.983586
2024-09-03 09:00:00,schloemer,L22,45,46,60.16269305592742,1.2891687717342393e-11,7.771410837076331e-08,6.217642646300092e-07,4,8,2184616.11112,34734.983586
2024-09-03 09:00:00,schloemer,L23,45,47,59.298059648672,6.4960259393842534e-12,1.0674834127755162e-08,8.542465390615206e-08,4,8,2184616.11112,34734.983586
2024-09-03 09:00:00,schloemer,L24,46,48,60.6841628284047,1.948496919368381e-11,2.356223005595126e-07,1.8850547897075742e-06,4,8,2184616.11112,34734.983586
2024-09-03 09:00:00,schloemer,L25,46,68,60.34294414124781,1.4870771281039197e-11,1.1485871176386553e-07,9.189288078248481e-07,4,8,2184616.11112,34734.983586
2024-09-03 09:00:00,schloemer,L26,47,48,59.765624978839604,9.411027512840064e-12,3.19647430746528e-08,2.5575556006351974e-07,4,8,2184616.11112,34734.983586
2024-09-03 09:00:00,schloemer,L27,48,49,59.66125342945604,8.663736394964872e-12,2.5144277993049968e-08,2.0118886123743351e-07,4,8,2184616.11112,34734.983586
2024-09-03 09:00:00,schloemer,L28,48,50,58.72534433366085,4.125144670297232e-12,2.577164814887567e-09,2.063381887573712e-08,4,8,2184616.11112,34734.983586
2024-09-03 09:00:00,schloemer,L29,48,53,59.717984487291865,9.06219543850284e-12,2.865772319449178e-08,2.2929801135607164e-07,4,8,2184616.11112,34734.983586
2024-09-03 09:00:00,schloemer,L30,48,53,59.717984487291865,9.06219543850284e-12,2.865772319449178e-08,2.2929801135607164e-07,4,8,2184616.11112,34734.983586
2024-09-03 09:00:00,schloemer,L31,48,65,62.66402722853148,9.304690351541467e-11,9.20709213547699e-06,7.365473571241399e-05,4,8,2184616.11112,34734.983586
2024-09-03 09:00:00,schloemer,L32,48,65,62.66402722853148,9.304690351541467e-11,9.20709213547699e-06,7.365473571241399e-05,4,8,2184616.11112,34734.983586
2024-09-03 09:00:00,schloemer,L33,48,68,60.89011369482148,2.293520928731141e-11,3.5884673577069037e-07,2.870862021220333e-06,4,8,2184616.11112,34734.983586
2024-09-03 09:00:00,schloemer,L34,49,56,57.450576591420976,1.5024648192252243e-12,7.841571836308958e-11,6.333356061816175e-10,4,8,2184616.11112,34734.983586
2024-09-03 09:00:00,schloemer,L35,50,51,55.146254365396324,2.439159985101469e-13,3.885780586188048e-14,1.2865264409356314e-12,4,8,2184616.11112,34734.983586
2024-09-03 09:00:00,schloemer,L36,50,57,55.83588487809099,4.1966430330830917e-13,4.57744953052952e-13,5.340616837656853e-12,4,8,2184616.11112,34734.983586
2024-09-03 09:00:00,schloemer,L37,51,52,54.253246805397644,1.2112533198660458e-13,1.2212453270876722e-15,4.942712905631197e-13,4,8,2184616.11112,34734.983586
2024-09-03 09:00:00,schloemer,L38,52,53,56.42566929385231,6.682432385218817e-13,3.3089087025928166e-12,2.914424257483006e-11,4,8,2184616.11112,34734.983586
2024-09-03 09:00:00,schloemer,L39,53,54,57.79272546211836,1.9699797348948778e-12,2.097538809309185e-10,1.6859109663869276e-09,4,8,2184616.11112,34734.983586
2024-09-03 09:00:00,schloemer,L40,53,55,57.53334774387042,1.6041612482808887e-12,9.981171444906067e-11,8.049103605856089e-10,4,8,2184616.11112,34734.983586
2024-09-03 09:00:00,schloemer,L41,53,58,58.80574996199721,4.396705222120545e-12,3.163039608011786e-09,2.5321903351915864e-08,4,8,2184616.11112,34734.983586
2024-09-03 09:00:00,schloemer,L42,54,55,57.04188637997715,1.0873524303178783e-12,2.3099744339560857e-11,1.8914736443775837e-10,4,8,2184616.11112,34734.983586
2024-09-03 09:00:00,schloemer,L43,54,58,58.26022945763959,2.8531621509841898e-12,7.608144114712445e-10,6.097927940373893e-09,4,8,2184616.11112,34734.983586
2024-09-03 09:00:00,schloemer,L44,55,56,56.70105576900391,8.305578447220796e-13,8.006595386689241e-12,6.737499447240225e-11,4,8,2184616.11112,34734.983586
2024-09-03 09:00:00,schloemer,L45,55,57,55.96088027652269,4.630740235711528e-13,7.031042414951116e-13,7.477130026245504e-12,4,8,2184616.11112,34734.983586
2024-09-03 09:00:00,schloemer,L46,55,58,58.028149021993165,2.3738788712535097e-12,4.0452408089919345e-10,3.2456881626785616e-09,4,8,2184616.11112,34734.983586
2024-09-03 09:00:00,schloemer,L47,55,58,58.028149021993165,2.3738788712535097e-12,4.0452408089919345e-10,3.2456881626785616e-09,4,8,2184616.11112,34734.983586
2024-09-03 09:00:00,schloemer,L48,58,59,60.19086515052473,1.3182788194399109e-11,8.264950290826079e-08,6.612485631274367e-07,4,8,2184616.11112,34734.983586
2024-09-03 09:00:00,schloemer,L49,58,60,60.743454398113,2.042144231495513e-11,2.662215241588939e-07,2.129851894405732e-06,4,8,2184616.11112,34734.983586
2024-09-03 09:00:00,schloemer,L50,59,60,61.67326868909959,4.260214403473128e-11,1.6303454415389496e-06,1.30428595142007e-05,4,8,2184616.11112,34734.983586
2024-09-03 09:00:00,schloemer,L51,59,61,62.31812947460298,7.085931841288584e-11,5.144272167689756e-06,4.115371979573901e-05,4,8,2184616.11112,34734.983586
2024-09-03 09:00:00,schloemer,L52,60,61,62.903822159673304,1.1236100938560867e-10,1.3598938137349137e-05,0.00010878677656345204,4,8,2184616.11112,34734.983586
2024-09-03 09:00:00,schloemer,L53,61,65,63.95518100026604,2.5622348687193153e-10,6.640786527256637e-05,0.0005311404828008959,4,8,2184616.11112,34734.983586
2024-09-03 09:00:00,schloemer,L54,61,66,64.50602593315168,3.9385472661024323e-10,0.00014124636440049354,0.0011294140316276957,4,8,2184616.11112,34734.983586
2024-09-03 09:00:00,schloemer,L55,62,58,60.41042145080337,1.5508483386383887e-11,1.3061656189972126e-07,3.918691045101674e-06,13,30,2185148.89802,34751.629934
2024-09-03 09:00:00,schloemer,L56,62,63,63.07897428090903,1.2894085799075583e-10,1.7958054342015473e-05,0.00014365592098175561,4,8,2184616.11112,34734.983586
2024-09-03 09:00:00,schloemer,L57,63,60,63.44593981169074,1.6846812833648528e-10,3.096117872791737e-05,0.0014541430050100113,20,47,2185512.78098,34763.759366
2024-09-03 09:00:00,schloemer,L58,63,64,66.19851111308378,1.4604605302892537e-09,0.0010687859535997157,0.008518377203165062,4,8,2184616.11112,34734.983586
2024-09-03 09:00:00,schloemer,L59,64,65,65.94006124799212,1.1710666880659915e-09,0.0007936586403279877,0.037393686771378554,20,48,2185545.98792,34764.866264
2024-09-03 09:00:00,schloemer,L60,64,67,66.88504941352512,2.362376960718393e-09,0.00210359839074592,0.1778568885037164,38,93,2186503.81292,34796.793764
2024-09-03 09:00:00,schloemer,L61,65,66,64.89423762106033,5.327497332174858e-10,0.00023342399355308352,0.0018658691581752151,4,8,2184616.11112,34734.983586
2024-09-03 09:00:00,schloemer,L62,67,68,62.933100620763135,1.114098813204123e-10,1.381124926036481e-05,0.0009387336683736036,28,68,2185978.45538,34779.281846
2024-09-03 09:00:00,schloemer,L63,68,69,57.68446078357441,1.80810921790453e-12,1.5422363386363713e-10,1.2410215077807152e-09,4,8,2184616.11112,34734.983586
2024-09-03 09:00:00,schloemer,L64,68,74,59.24472283844771,6.227018900517578e-12,9.385878185774743e-09,7.511193111930936e-08,4,8,2184616.11112,34734.983586
2024-09-03 09:00:00,schloemer,L65,68,76,60.92392163901865,2.355715622570642e-11,3.8414866787572777e-07,3.0732794393806273e-06,4,8,2184616.11112,34734.983586
2024-09-03 09:00:00,schloemer,L66,69,70,53.50676187533486,6.772360450213455e-14,0.0,2.708944180085382e-13,4,8,2184616.11112,34734.983586
2024-09-03 09:00:00,schloemer,L67,69,73,55.37375240298412,2.916555885690286e-13,8.926193117986259e-14,1.880717803715015e-12,4,8,2184616.11112,34734.983586
2024-09-03 09:00:00,schloemer,L68,69,74,56.59038232664924,7.610578833805448e-13,5.630163002479094e-12,4.808553555335493e-11,4,8,2184616.11112,34734.983586
2024-09-03 09:00:00,schloemer,L69,70,71,51.004230827344514,9.769962616701378e-15,0.0,3.907985046680551e-14,4,8,2184616.11112,34734.983586
2024-09-03 09:00:00,schloemer,L70,70,72,50.948388508092236,9.43689570931383e-15,0.0,3.774758283725532e-14,4,8,2184616.11112,34734.983586
2024-09-03 09:00:00,schloemer,L71,73,74,56.808082762540735,9.038325643473399e-13,1.1212253347991918e-11,9.331335704132471e-11,4,8,2184616.11112,34734.983586
2024-09-03 09:00:00,schloemer,L72,74,76,59.643890530807475,8.545275598237367e-12,2.4153720912245547e-08,1.9326393208007886e-07,4,8,2184616.11112,34734.983586
2024-09-03 09:00:00,schloemer,L73,74,117,57.55793984187229,1.6356915821802431e-12,1.0718603782322589e-10,8.640310689145281e-10,4,8,2184616.11112,34734.983586
2024-09-03 09:00:00,schloemer,L74,75,76,59.809066187341685,9.740763751153736e-12,3.529436598537217e-08,2.82393856076979e-07,4,8,2184616.11112,34734.983586
2024-09-03 09:00:00,schloemer,L75,75,117,57.71507739040966,1.8525181388895362e-12,1.682962658122733e-10,1.3537801990537446e-09,4,8,2184616.11112,34734.983586
2024-09-03 09:00:00,schloemer,L76,76,77,60.840182361804096,2.204647575609897e-11,3.2434075758480674e-07,2.594811300826727e-06,4,8,2184616.11112,34734.983586
2024-09-03 09:00:00,schloemer,L77,76,79,63.01650613499655,1.227657975277907e-10,1.6273327382410052e-05,0.00013017969530670914,4,8,2184616.11112,34734.983586
2024-09-03 09:00:00,schloemer,L78,76,79,63.01650613499655,1.227657975277907e-10,1.6273327382410052e-05,0.00013017969530670914,4,8,2184616.11112,34734.983586
2024-09-03 09:00:00,schloemer,L79,76,81,62.1126739911835,6.026301679895596e-11,3.600096965428179e-06,2.8800653871563497e-05,4,8,2184616.11112,34734.983586
2024-09-03 09:00:00,schloemer,L80,77,78,60.99738665134262,2.4967250489282833e-11,4.450558701574181e-07,3.5605412838091155e-06,4,8,2184616.11112,34734.983586
2024-09-03 09:00:00,schloemer,L81,78,79,63.16886269896551,1.3837186951803915e-10,2.066680498125084e-05,0.00016532303446914476,4,8,2184616.11112,34734.983586
2024-09-03 09:00:00,schloemer,L82,79,95,65.49406911556198,8.482113900143418e-10,0.0004846245052914089,0.003870429686557597,4,8,2184616.11112,34734.983586
2024-09-03 09:00:00,schloemer,L83,79,96,65.08261859729994,6.16671158581994e-10,0.00029534440906331394,0.0023603167825717586,4,8,2184616.11112,34734.983586
2024-09-03 09:00:00,schloemer,L84,79,97,64.36646548396523,3.5325742331338006e-10,0.0001172169761587405,0.0009373525962061979,4,8,2184616.11112,34734.983586
2024-09-03 09:00:00,schloemer,L85,79,98,66.31526924900102,1.5975950562463481e-09,0.0012103853748495208,0.009642167562540438,4,8,2184616.11112,34734.983586
2024-09-03 09:00:00,schloemer,L86,80,67,66.0341870817628,1.2435875662575313e-09,0.0008731876277122685,0.06095982041655412,30,72,2186055.70436,34781.856812
2024-09-03 09:00:00,schloemer,L87,80,79,65.57203067003975,8.722227384794223e-10,0.000518303982156243,0.0351400043926946,28,69,2185981.58126,34779.386042
2024-09-03 09:00:00,schloemer,L88,81,82,62.14814886012919,6.19727602568787e-11,3.831257680553257e-06,3.0649898332124614e-05,4,8,2184616.11112,34734.983586
2024-09-03 09:00:00,schloemer,L89,81,95,64.4678145837172,3.8230052457066677e-10,0.00013425779999587384,0.0010735593586336245,4,8,2184616.11112,34734.983586
2024-09-03 09:00:00,schloemer,L90,93,95,67.21220675217701,3.1731112182242782e-09,0.002965129395644528,0.023476326262299896,4,8,2184616.11112,34734.983586
2024-09-03 09:00:00,schloemer,L91,95,96,65.68883125320967,9.860207095258033e-10,0.0006073432776548815,0.0048484344382651035,4,8,2184616.11112,34734.983586
2024-09-03 09:00:00,schloemer,L92,115,67,66.22388573370984,1.4719737650992215e-09,0.001089188528423768,0.03110952344433071,13,29,2185126.88168,34750.896056
2024-09-03 10:00:00,schloemer,L0,22,23,49.39515835578809,2.886579864025407e-15,0.0,1.1546319456101628e-14,4,8,2184616.11112,34734.983586
2024-09-03 10:00:00,schloemer,L1,23,69,52.36284885041328,2.786659791809143e-14,0.0,1.1146639167236572e-13,4,8,2184616.11112,34734.983586
2024-09-03 10:00:00,schloemer,L2,23,71,50.01291842264679,4.6629367034256575e-15,0.0,1.865174681370263e-14,4,8,2184616.11112,34734.983586
2024-09-03 10:00:00,schloemer,L3,29,37,73.06393928901244,2.3289858797070906e-07,0.12907850872975635,0.6689972090098186,4,8,2184616.11112,34734.983586
2024-09-03 10:00:00,schloemer,L4,32,36,78.1442876983907,6.875223660940399e-06,0.507884743288598,0.9965602831688777,4,8,2184616.11112,34734.983586
2024-09-03 10:00:00,schloemer,L5,33,36,74.94815472377343,8.534179485319981e-07,0.2484952448784996,0.8982692184983783,4,8,2184616.11112,34734.983586
2024-09-03 10:00:00,schloemer,L6,33,42,71.52945632970771,7.821779512973137e-08,0.06397471560325618,0.41074875827534263,4,8,2184616.11112,34734.983586
2024-09-03 10:00:00,schloemer,L7,34,36,78.23471069295208,7.276555416657615e-06,0.5153175545702504,0.9969545906085964,4,8,2184616.11112,34734.983586
2024-09-03 10:00:00,schloemer,L8,36,38,76.57458426653628,2.5156028389261564e-06,0.37693693630229275,0.9772881934700262,4,8,2184616.11112,34734.983586
2024-09-03 10:00:00,schloemer,L9,36,39,74.5518021486931,6.520113016161844e-07,0.2201591203870914,0.8632123633019042,4,8,2184616.11112,34734.983586
2024-09-03 10:00:00,schloemer,L10,37,36,74.08105241001714,4.620617418682471e-07,0.1875600629482841,0.9999532290005004,20,48,2185542.33716,34764.744572
2024-09-03 10:00:00,schloemer,L11,37,64,69.00063054940341,1.2229353196779869e-08,0.01327419530015772,0.10138871893306622,4,8,2184616.11112,34734.983586
2024-09-03 10:00:00,schloemer,L12,38,39,74.7158543275613,7.290520286362678e-07,0.23170598310272428,0.8786000962233391,4,8,2184616.11112,34734.983586
2024-09-03 10:00:00,schloemer,L13,39,40,71.5394644218389,7.878355146040406e-08,0.06430422711241812,0.41240620201777567,4,8,2184616.11112,34734.983586
2024-09-03 10:00:00,schloemer,L14,39,41,69.58455728046519,1.888050815690434e-08,0.02010770302938447,0.14998475195468286,4,8,2184616.11112,34734.983586
2024-09-03 10:00:00,schloemer,L15,40,41,68.47230696781854,8.233079773489749e-09,0.008846566767813036,0.06861958174619098,4,8,2184616.11112,34734.983586
2024-09-03 10:00:00,schloemer,L16,41,48,63.09670593060592,1.3074930027556775e-10,1.8464867315048927e-05,0.00014770991515578036,4,8,2184616.11112,34734.983586
2024-09-03 10:00:00,schloemer,L17,41,48,63.09670593060592,1.3074930027556775e-10,1.8464867315048927e-05,0.00014770991515578036,4,8,2184616.11112,34734.983586
2024-09-03 10:00:00,schloemer,L18,42,43,67.437731096589,3.767098522011736e-09,0.0036555180314040703,0.028872723171362358,4,8,2184616.11112,34734.983586
2024-09-03 10:00:00,schloemer,L19,43,44,63.51468555790491,1.8149526326283194e-10,3.500014681723229e-05,0.0002799676024287656,4,8,2184616.11112,34734.983586
2024-09-03 10:00:00,schloemer,L20,44,45,60.295671238204974,1.4324208486016232e-11,1.0375134296136679e-07,8.300677390993272e-07,4,8,2184616.11112,34734.983586
2024-09-03 10:00:00,schloemer,L21,44,48,60.76961748701624,2.0848767157133352e-11,2.8088633163836363e-07,2.2471718388317186e-06,4,8,2184616.11112,34734.983586
2024-09-03 10:00:00,schloemer,L22,45,46,59.019109582451364,5.207057007794447e-12,5.401131653037794e-09,4.322988067517741e-08,4,8,2184616.11112,34734.983586
2024-09-03 10:00:00,schloemer,L23,45,47,58.20089898247282,2.722044811775959e-12,6.483145131852552e-10,5.197404284729146e-09,4,8,2184616.11112,34734.983586
2024-09-03 10:00:00,schloemer,L24,46,48,59.52149574391668,7.755018849309181e-12,1.8155079883896974e-08,1.4527164993172192e-07,4,8,2184616.11112,34734.983586
2024-09-03 10:00:00,schloemer,L25,46,68,59.18381409194239,5.933475932806687e-12,8.095794590268213e-09,6.479008873849779e-08,4,8,2184616.11112,34734.983586
2024-09-03 10:00:00,schloemer,L26,47,48,58.65351075625807,3.896771794131837e-12,2.142960586759557e-09,1.715927167023068e-08,4,8,2184616.11112,34734.983586
2024-09-03 10:00:00,schloemer,L27,48,49,58.56765058118641,3.640421297745888e-12,1.7156545073504503e-09,1.3739797632972284e-08,4,8,2184616.11112,34734.983586
2024-09-03 10:00:00,schloemer,L28,48,50,57.67469861947241,1.794120407794253e-12,1.4997991737430993e-10,1.2070158206256565e-09,4,8,2184616.11112,34734.983586
2024-09-03 10:00:00,schloemer,L29,48,53,58.6366304252169,3.845035401184305e-12,2.0516123244718187e-09,1.6428278626356985e-08,4,8,2184616.11112,34734.983586
2024-09-03 10:00:00,schloemer,L30,48,53,58.6366304252169,3.845035401184305e-12,2.0516123244718187e-09,1.6428278626356985e-08,4,8,2184616.11112,34734.983586
2024-09-03 10:00:00,schloemer,L31,48,65,61.44347737912792,3.552880212254195e-11,1.0601941994314856e-06,8.481664237169895e-06,4,8,2184616.11112,34734.983586
2024-09-03 10:00:00,schloemer,L32,48,65,61.44347737912792,3.552880212254195e-11,1.0601941994314856e-06,8.481664237169895e-06,4,8,2184616.11112,34734.983586
2024-09-03 10:00:00,schloemer,L33,48,68,59.70972513659987,9.003131573592782e-12,2.8118605777116557e-08,2.2498483664978863e-07,4,8,2184616.11112,34734.983586
2024-09-03 10:00:00,schloemer,L34,49,56,56.477379828399236,6.959988141375106e-13,3.913647184106139e-12,3.409317272939916e-11,4,8,2184616.11112,34734.983586
2024-09-03 10:00:00,schloemer,L35,50,51,54.26924510378433,1.226796442210798e-13,1.3322676295501878e-15,5.013767179207207e-13,4,8,2184616.11112,34734.983586
2024-09-03 10:00:00,schloemer,L36,50,57,54.93397466227303,2.0650148258027912e-13,1.7541523789077473e-14,9.663381206337363e-13,4,8,2184616.11112,34734.983586
2024-09-03 10:00:00,schloemer,L37,51,52,53.430443139991056,6.372680161348399e-14,0.0,2.5490720645393594e-13,4,8,2184616.11112,34734.983586
2024-09-03 10:00:00,schloemer,L38,52,53,55.520143465833236,3.2729374765949615e-13,1.511013536514838e-13,2.517985819849855e-12,4,8,2184616.11112,34734.983586
2024-09-03 10:00:00,schloemer,L39,53,54,56.84384088646626,9.29700760821106e-13,1.2537082483277118e-11,1.0401546290950137e-10,4,8,2184616.11112,34734.983586
2024-09-03 10:00:00,schloemer,L40,53,55,56.58664742861464,7.58726415028832e-13,5.5633275763966594e-12,4.7541526271288603e-11,4,8,2184616.11112,34734.983586
2024-09-03 10:00:00,schloemer,L41,53,58,57.81654176279027,2.007505273127208e-12,2.2433011004352466e-10,1.802670901440706e-09,4,8,2184616.11112,34734.983586
2024-09-03 10:00:00,schloemer,L42,54,55,56.13481571812308,5.311306949806749e-13,1.2660983372825285e-12,1.2253309478182928e-11,4,8,2184616.11112,34734.983586
2024-09-03 10:00:00,schloemer,L43,54,58,57.315424688623494,1.3500311979441904e-12,5.264544356009537e-11,4.2656367327253975e-10,4,8,2184616.11112,34734.983586
2024-09-03 10:00:00,schloemer,L44,55,56,55.785426035291,4.0334402484631937e-13,3.843592111252292e-13,4.688249788387111e-12,4,8,2184616.11112,34734.983586
2024-09-03 10:00:00,schloemer,L45,55,57,55.077396095090506,2.311484337269576e-13,3.008704396734174e-14,1.1652900866465643e-12,4,8,2184616.11112,34734.983586
2024-09-03 10:00:00,schloemer,L46,55,58,57.08281564810721,1.1231016117108084e-12,2.6168955891137102e-11,2.1384405357594005e-10,4,8,2184616.11112,34734.983586
2024-09-03 10:00:00,schloemer,L47,55,58,57.08281564810721,1.1231016117108084e-12,2.6168955891137102e-11,2.1384405357594005e-10,4,8,2184616.11112,34734.983586
2024-09-03 10:00:00,schloemer,L48,58,59,59.18785061826708,5.952460746527777e-12,8.175761845308216e-09,6.54299027180727e-08,4,8,2184616.11112,34734.983586
2024-09-03 10:00:00,schloemer,L49,58,60,59.70796901084689,8.990586053414518e-12,2.8005229246730323e-08,2.2407777433564036e-07,4,8,2184616.11112,34734.983586
2024-09-03 10:00:00,schloemer,L50,59,60,60.62028169468598,1.8523849121265812e-11,2.063914749106388e-07,1.6512047018579779e-06,4,8,2184616.11112,34734.983586
2024-09-03 10:00:00,schloemer,L51,59,61,61.22772660656573,2.995725889576306e-11,7.005340997290332e-07,5.604378885304406e-06,4,8,2184616.11112,34734.983586
2024-09-03 10:00:00,schloemer,L52,60,61,61.77830880207731,4.628675220885725e-11,1.977419029186578e-06,1.5819427892860283e-05,4,8,2184616.11112,34734.983586
2024-09-03 10:00:00,schloemer,L53,61,65,62.73712955170641,9.855594118590716e-11,1.0381547734028551e-05,8.304975838291373e-05,4,8,2184616.11112,34734.983586
2024-09-03 10:00:00,schloemer,L54,61,66,63.29448648865711,1.5271106601488782e-10,2.5088177348697727e-05,0.00020068840672959887,4,8,2184616.11112,34734.983586
2024-09-03 10:00:00,schloemer,L55,62,58,59.38142927052334,6.8620664706031675e-12,1.2810706717658604e-08,3.844103370065355e-07,13,30,2185148.89802,34751.629934
2024-09-03 10:00:00,schloemer,L56,62,63,61.92176138335583,5.1836646086655946e-11,2.564244924840864e-06,2.0513982632142103e-05,4,8,2184616.11112,34734.983586
2024-09-03 10:00:00,schloemer,L57,63,60,62.28114618074185,6.743916536322558e-11,4.721900912829646e-06,0.00022190659074161623,20,47,2185512.78098,34763.759366
2024-09-03 10:00:00,schloemer,L58,63,64,64.85088923597598,5.151006288173221e-10,0.00022095061863858234,0.0017662406728317093,4,8,2184616.11112,34734.983586
2024-09-03 10:00:00,schloemer,L59,64,65,64.58608107441354,4.1022940600043967e-10,0.0001541631382818709,0.0073730936862177465,20,48,2185545.98792,34764.866264
2024-09-03 10:00:00,schloemer,L60,64,67,65.43687854922129,7.757799957985867e-10,0.0004381684879670722,0.03993916724984492,38,93,2186503.81292,34796.793764
2024-09-03 10:00:00,schloemer,L61,65,66,63.62821292050196,1.9837920195442393e-10,4.1415148121615175e-05,0.0003312739561988076,4,8,2184616.11112,34734.983586
2024-09-03 10:00:00,schloemer,L62,67,68,61.65260771171431,4.0632164299836404e-11,1.5142469770301759e-06,0.00010296470886927978,28,68,2185978.45538,34779.281846
2024-09-03 10:00:00,schloemer,L63,68,69,56.650755333271796,7.98139332403025e-13,6.8258732000003874e-12,5.77995429296152e-11,4,8,2184616.11112,34734.983586
2024-09-03 10:00:00,schloemer,L64,68,74,58.140721701010015,2.5953683646662284e-12,5.506219924455991e-10,4.415357413023457e-09,4,8,2184616.11112,34734.983586
2024-09-03 10:00:00,schloemer,L65,68,76,59.74693760404358,9.27269372397177e-12,3.062640363538094e-08,2.450482935456577e-07,4,8,2184616.11112,34734.983586
2024-09-03 10:00:00,schloemer,L66,69,70,52.66699341262135,3.530509218307998e-14,0.0,1.412203687323199e-13,4,8,2184616.11112,34734.983586
2024-09-03 10:00:00,schloemer,L67,69,73,54.45084546837992,1.4144241333724494e-13,2.6645352591003757e-15,5.870859354217828e-13,4,8,2184616.11112,34734.983586
2024-09-03 10:00:00,schloemer,L68,69,74,55.61246647401394,3.519406988061746e-13,2.0972112935169207e-13,3.085531830038235e-12,4,8,2184616.11112,34734.983586
2024-09-03 10:00:00,schloemer,L69,70,71,50.27327791033031,5.662137425588298e-15,0.0,2.2648549702353193e-14,4,8,2184616.11112,34734.983586
2024-09-03 10:00:00,schloemer,L70,70,72,50.22520054460709,5.440092820663267e-15,0.0,2.1760371282653068e-14,4,8,2184616.11112,34734.983586
2024-09-03 10:00:00,schloemer,L71,73,74,55.82358909443296,4.156675004196586e-13,4.3864911702939935e-13,5.171862937913829e-12,4,8,2184616.11112,34734.983586
2024-09-03 10:00:00,schloemer,L72,74,76,58.53669887424047,3.5521585672881884e-12,1.5826855381817495e-09,1.2675692828700846e-08,4,8,2184616.11112,34734.983586
2024-09-03 10:00:00,schloemer,L73,74,117,56.54529552778235,7.344125307895411e-13,4.8722137435674995e-12,4.191536007169816e-11,4,8,2184616.11112,34734.983586
2024-09-03 10:00:00,schloemer,L74,75,76,58.70881428556389,4.071409875905374e-12,2.470346927019307e-09,1.977906083361347e-08,4,8,2184616.11112,34734.983586
2024-09-03 10:00:00,schloemer,L75,75,117,56.70836518227802,8.353318037279678e-13,8.193890010943505e-12,6.889244730245991e-11,4,8,2184616.11112,34734.983586
2024-09-03 10:00:00,schloemer,L76,76,77,59.701892501874745,8.947398377756599e-12,2.7616277264996825e-08,2.2096598639720355e-07,4,8,2184616.11112,34734.983586
2024-09-03 10:00:00,schloemer,L77,76,79,61.77960181933178,4.633404770970628e-11,1.9820940715398194e-06,1.585682790250509e-05,4,8,2184616.11112,34734.983586
2024-09-03 10:00:00,schloemer,L78,76,79,61.77960181933178,4.633404770970628e-11,1.9820940715398194e-06,1.585682790250509e-05,4,8,2184616.11112,34734.983586
2024-09-03 10:00:00,schloemer,L79,76,81,60.92472438934912,2.357214423653886e-11,3.8476944519416634e-07,3.0782457044464806e-06,4,8,2184616.11112,34734.983586
2024-09-03 10:00:00,schloemer,L80,77,78,59.87890044673821,1.0295098107349077e-11,4.134834608038318e-08,3.308279011848825e-07,4,8,2184616.11112,34734.983586
2024-09-03 10:00:00,schloemer,L81,78,79,61.95546763004469,5.323397278544917e-11,2.724020312983022e-06,2.1792167668177598e-05,4,8,2184616.11112,34734.983586
2024-09-03 10:00:00,schloemer,L82,79,95,64.1890396577978,3.075864007939799e-10,9.205216791341453e-05,0.0007361813555776253,4,8,2184616.11112,34734.983586
2024-09-03 10:00:00,schloemer,L83,79,96,63.800692803025605,2.27059926416473e-10,5.325115815901782e-05,0.0004259307823769598,4,8,2184616.11112,34734.983586
2024-09-03 10:00:00,schloemer,L84,79,97,63.113075944088465,1.3244116914279402e-10,1.8944475996929278e-05,0.0001515462890318009,4,8,2184616.11112,34734.983586
2024-09-03 10:00:00,schloemer,L85,79,98,64.9612463258892,5.612177389480166e-10,0.0002539596439294911,0.002029874434676393,4,8,2184616.11112,34734.983586
2024-09-03 10:00:00,schloemer,L86,80,67,64.6106027933439,4.1302983255775416e-10,0.00015763952715519558,0.011286774040974779,30,72,2186055.70436,34781.856812
2024-09-03 10:00:00,schloemer,L87,80,79,64.20671415886339,3.020356187377615e-10,9.175074891087931e-05,0.00631110138813451,28,69,2185981.58126,34779.386042
2024-09-03 10:00:00,schloemer,L88,81,82,61.01530513354268,2.532374310248997e-11,4.612369581824538e-07,3.6899910034193795e-06,4,8,2184616.11112,34734.983586
2024-09-03 10:00:00,schloemer,L89,81,95,63.219266587393605,1.4395695746571846e-10,2.234626454478139e-05,0.00017875671075295863,4,8,2184616.11112,34734.983586
2024-09-03 10:00:00,schloemer,L90,93,95,65.88932991156746,1.1510278286053222e-09,0.0007618689505163312,0.0060787284808071496,4,8,2184616.11112,34734.983586
2024-09-03 10:00:00,schloemer,L91,95,96,64.40833967526683,3.6498182254263156e-10,0.00012400358650876964,0.0009915997044084301,4,8,2184616.11112,34734.983586
2024-09-03 10:00:00,schloemer,L92,115,67,64.78937270900009,4.854121549158208e-10,0.00020231091418232428,0.005850435541386645,13,29,2185126.88168,34750.896056
2024-09-03 11:00:00,schloemer,L0,22,23,48.69150711923375,1.6653345369377348e-15,0.0,6.661338147750939e-15,4,8,2184616.11112,34734.983586
2024-09-03 11:00:00,schloemer,L1,23,69,51.53859956538335,1.4765966227514582e-14,0.0,5.906386491005833e-14,4,8,2184616.11112,34734.983586
2024-09-03 11:00:00,schloemer,L2,23,71,49.28761443252935,2.6645352591003757e-15,0.0,1.0658141036401503e-14,4,8,2184616.11112,34734.983586
2024-09-03 11:00:00,schloemer,L3,29,37,71.47727156470877,7.533155665928604e-08,0.06227584990150492,0.4021383770429303,4,8,2184616.11112,34734.983586
2024-09-03 11:00:00,schloemer,L4,32,36,76.39222661106598,2.2327830874191434e-06,0.3618639553364471,0.9725019225839087,4,8,2184616.11112,34734.983586
2024-09-03 11:00:00,schloemer,L5,33,36,73.25050772907588,2.654117312594906e-07,0.1390383165503477,0.698095122097658,4,8,2184616.11112,34734.983586
2024-09-03 11:00:00,schloemer,L6,33,42,69.92798358831296,2.433696422166065e-08,0.02527646448245624,0.18519895280708032,4,8,2184616.11112,34734.983586
2024-09-03 11:00:00,schloemer,L7,34,36,76.51816023637748,2.4245942789047348e-06,0.3722623835243186,0.9758886781435863,4,8,2184616.11112,34734.983586
2024-09-03 11:00:00,schloemer,L8,36,38,74.8214086746868,7.8321448571117e-07,0.2392728987342374,0.8878421314798783,4,8,2184616.11112,34734.983586
2024-09-03 11:00:00,schloemer,L9,36,39,72.83826748556389,1.987294877547896e-07,0.1176230762481234,0.6325207775534913,4,8,2184616.11112,34734.983586
2024-09-03 11:00:00,schloemer,L10,37,36,72.41805057041657,1.4443226126203967e-07,0.09736008217038405,0.9926768748828314,20,48,2185542.33716,34764.744572
2024-09-03 11:00:00,schloemer,L11,37,64,67.50008263593219,3.949841342887339e-09,0.0038690964480704304,0.03053685737882772,4,8,2184616.11112,34734.983586
2024-09-03 11:00:00,schloemer,L12,38,39,72.98018328730582,2.1959686236083797e-07,0.12475099488868147,0.655608340808941,4,8,2184616.11112,34734.983586
2024-09-03 11:00:00,schloemer,L13,39,40,69.89709517899212,2.3788720104889194e-08,0.02477293401224756,0.18182552491835002,4,8,2184616.11112,34734.983586
2024-09-03 11:00:00,schloemer,L14,39,41,68.02139158777513,5.862035856729619e-09,0.0061094661936214045,0.04784330886948762,4,8,2184616.11112,34734.983586
2024-09-03 11:00:00,schloemer,L15,40,41,66.94910316129776,2.5961605087942985e-09,0.0023043280092799323,0.018286639532491433,4,8,2184616.11112,34734.983586
2024-09-03 11:00:00,schloemer,L16,41,48,61.81371334870644,4.7598924801661724e-11,2.109236003522419e-06,1.6873953852636348e-05,4,8,2184616.11112,34734.983586
2024-09-03 11:00:00,schloemer,L17,41,48,61.81371334870644,4.7598924801661724e-11,2.109236003522419e-06,1.6873953852636348e-05,4,8,2184616.11112,34734.983586
2024-09-03 11:00:00,schloemer,L18,42,43,65.98042466786383,1.2347538547174963e-09,0.0008429339493569721,0.006723614951776091,4,8,2184616.11112,34734.983586
2024-09-03 11:00:00,schloemer,L19,43,44,62.21469971089375,6.53116449811364e-11,4.30276686369524e-06,3.442187776514505e-05,4,8,2184616.11112,34734.983586
2024-09-03 11:00:00,schloemer,L20,44,45,59.13072556510957,5.688893800481765e-12,7.111206512533386e-09,5.691240623217908e-08,4,8,2184616.11112,34734.983586
2024-09-03 11:00:00,schloemer,L21,44,48,59.59001105425934,8.188005828912992e-12,2.1311187259343e-08,1.7052223733049487e-07,4,8,2184616.11112,34734.983586
2024-09-03 11:00:00,schloemer,L22,45,46,57.90404890961658,2.1516122217235534e-12,2.8672675345120524e-10,2.302420476496536e-09,4,8,2184616.11112,34734.983586
2024-09-03 11:00:00,schloemer,L23,45,47,57.1284367405163,1.1644019082268642e-12,3.005418136581284e-11,2.4509105855941016e-10,4,8,2184616.11112,34734.983586
2024-09-03 11:00:00,schloemer,L24,46,48,58.38831476579613,3.1580293935462578e-12,1.0710774489552932e-09,8.58125170921653e-09,4,8,2184616.11112,34734.983586
2024-09-03 11:00:00,schloemer,L25,46,68,58.054798733350374,2.424505041176417e-12,4.3530046234252495e-10,3.4921017189049053e-09,4,8,2184616.11112,34734.983586
2024-09-03 11:00:00,schloemer,L26,47,48,57.566632886395396,1.6470158570314197e-12,1.0991629828538407e-10,8.859184497111983e-10,4,8,2184616.11112,34734.983586
2024-09-03 11:00:00,schloemer,L27,48,49,57.496853506710245,1.5585310819687948e-12,8.976264176396853e-11,7.243352584396234e-10,4,8,2184616.11112,34734.983586
2024-09-03 11:00:00,schloemer,L28,48,50,56.643850502307565,7.938094626069869e-13,6.677658426212929e-12,5.659650526013138e-11,4,8,2184616.11112,34734.983586
2024-09-03 11:00:00,schloemer,L29,48,53,57.57599136250545,1.6592283103022964e-12,1.1293044277493891e-10,9.100804554407205e-10,4,8,2184616.11112,34734.983586
2024-09-03 11:00:00,schloemer,L30,48,53,57.57599136250545,1.6592283103022964e-12,1.1293044277493891e-10,9.100804554407205e-10,4,8,2184616.11112,34734.983586
2024-09-03 11:00:00,schloemer,L31,48,65,60.25345026691908,1.3852918812062853e-11,9.46996501216546e-08,7.576523615160369e-07,4,8,2184616.11112,34734.983586
2024-09-03 11:00:00,schloemer,L32,48,65,60.25345026691908,1.3852918812062853e-11,9.46996501216546e-08,7.576523615160369e-07,4,8,2184616.11112,34734.983586
2024-09-03 11:00:00,schloemer,L33,48,68,58.560729037762925,3.6204372833026355e-12,1.6850203454765733e-09,1.3494644401923495e-08,4,8,2184616.11112,34734.983586
2024-09-03 11:00:00,schloemer,L34,49,56,55.51707376346905,3.2651659154225854e-13,1.4943601911454607e-13,2.5015545190854027e-12,4,8,2184616.11112,34734.983586
2024-09-03 11:00:00,schloemer,L35,50,51,53.39913528895018,6.228351168147128e-14,0.0,2.4913404672588513e-13,4,8,2184616.11112,34734.983586
2024-09-03 11:00:00,schloemer,L36,50,57,54.040210992723665,1.0258460747536446e-13,5.551115123125783e-16,4.147793219999585e-13,4,8,2184616.11112,34734.983586
2024-09-03 11:00:00,schloemer,L37,51,52,52.60985741017911,3.375077994860476e-14,0.0,1.3500311979441904e-13,4,8,2184616.11112,34734.983586
2024-09-03 11:00:00,schloemer,L38,52,53,54.621274803382235,1.6153745008296028e-13,5.329070518200751e-15,6.887823644774471e-13,4,8,2184616.11112,34734.983586
2024-09-03 11:00:00,schloemer,L39,53,54,55.90306084269421,4.424238753131249e-13,5.768718835952313e-13,6.38467057001435e-12,4,8,2184616.11112,34734.983586
2024-09-03 11:00:00,schloemer,L40,53,55,55.648664595170374,3.6215475063272606e-13,2.382538610845586e-13,3.354649891207373e-12,4,8,2184616.11112,34734.983586
2024-09-03 11:00:00,schloemer,L41,53,58,56.83764177745646,9.252598687226055e-13,1.2297052265353159e-11,1.0207745759771569e-10,4,8,2184616.11112,34734.983586
2024-09-03 11:00:00,schloemer,L42,54,55,55.232482072449294,2.610134330893743e-13,5.340172748447003e-14,1.4712675522332574e-12,4,8,2184616.11112,34734.983586
2024-09-03 11:00:00,schloemer,L43,54,58,56.37643681664565,6.427081089555031e-13,2.8179680811035723e-12,2.511457708465059e-11,4,8,2184616.11112,34734.983586
2024-09-03 11:00:00,schloemer,L44,55,56,54.87695121798273,1.9750867608081535e-13,1.4099832412739488e-14,9.028333636251773e-13,4,8,2184616.11112,34734.983586
2024-09-03 11:00:00,schloemer,L45,55,57,54.19901381231923,1.1612932837579137e-13,9.992007221626409e-16,4.725109192804666e-13,4,8,2184616.11112,34734.983586
2024-09-03 11:00:00,schloemer,L46,55,58,56.14421944566543,5.351274978693255e-13,1.3066214776813467e-12,1.2593481812928076e-11,4,8,2184616.11112,34734.983586
2024-09-03 11:00:00,schloemer,L47,55,58,56.14421944566543,5.351274978693255e-13,1.3066214776813467e-12,1.2593481812928076e-11,4,8,2184616.11112,34734.983586
2024-09-03 11:00:00,schloemer,L48,58,59,58.191925628745814,2.7028379534499436e-12,6.327575130526952e-10,5.072871456235362e-09,4,8,2184616.11112,34734.983586
2024-09-03 11:00:00,schloemer,L49,58,60,58.68223929999437,3.986588836824012e-12,2.307457891426168e-09,1.8475609375734336e-08,4,8,2184616.11112,34734.983586
2024-09-03 11:00:00,schloemer,L50,59,60,59.57595948670896,8.097300607801117e-12,2.0624049801298838e-08,1.6502477573343555e-07,4,8,2184616.11112,34734.983586
2024-09-03 11:00:00,schloemer,L51,59,61,60.14899061268401,1.2752465750054398e-11,7.541604540861613e-08,6.033792139259475e-07,4,8,2184616.11112,34734.983586
2024-09-03 11:00:00,schloemer,L52,60,61,60.667369883681026,1.92276194965757e-11,2.275799720896643e-07,1.8207152369109636e-06,4,8,2184616.11112,34734.983586
2024-09-03 11:00:00,schloemer,L53,61,65,61.543545151362224,3.8452463435589834e-11,1.2804778136699113e-06,1.0243930408271318e-05,4,8,2184616.11112,34734.983586
2024-09-03 11:00:00,schloemer,L54,61,66,62.1039217636017,5.984845952156093e-11,3.5451057579516387e-06,2.8360733555499174e-05,4,8,2184616.11112,34734.983586
2024-09-03 11:00:00,schloemer,L55,62,58,58.362529853992264,3.0599967004718565e-12,9.814280499398365e-10,2.9482621011212018e-08,13,30,2185148.89802,34751.629934
2024-09-03 11:00:00,schloemer,L56,62,63,60.78327566977793,2.107547469876181e-11,2.8884217473379437e-07,2.3108193635268393e-06,4,8,2184616.11112,34734.983586
2024-09-03 11:00:00,schloemer,L57,63,60,61.13467901861549,2.728017811648442e-11,5.698346391413978e-07,2.6782422618443213e-05,20,47,2185512.78098,34763.759366
2024-09-03 11:00:00,schloemer,L58,63,64,63.538264833348805,1.8488033326491404e-10,3.6251961379130115e-05,0.00028997963527599424,4,8,2184616.11112,34734.983586
2024-09-03 11:00:00,schloemer,L59,64,65,63.26941263475054,1.4657342006785257e-10,2.3646927727605238e-05,0.0011344249358375968,20,48,2185545.98792,34764.866264
2024-09-03 11:00:00,schloemer,L60,64,67,64.03718220258587,2.6130086983044976e-10,7.170275661172454e-05,0.006646419570212059,38,93,2186503.81292,34796.793764
2024-09-03 11:00:00,schloemer,L61,65,66,62.39007423297598,7.499245668896037e-11,5.817571589461501e-06,4.653992504666249e-05,4,8,2184616.11112,34734.983586
2024-09-03 11:00:00,schloemer,L62,67,68,60.41092047010822,1.522226789063552e-11,1.275976637682419e-07,8.677030267745245e-06,28,68,2185978.45538,34779.281846
2024-09-03 11:00:00,schloemer,L63,68,69,55.637560946780816,3.589351038613131e-13,2.291500322826323e-13,3.268940673706311e-12,4,8,2184616.11112,34734.983586
2024-09-03 11:00:00,schloemer,L64,68,74,57.0621624725456,1.1048939541069558e-12,2.4574009493960602e-11,2.0101165176811264e-10,4,8,2184616.11112,34734.983586
2024-09-03 11:00:00,schloemer,L65,68,76,58.60011304984894,3.735234344048877e-12,1.866599097510857e-09,1.494773360644075e-08,4,8,2184616.11112,34734.983586
2024-09-03 11:00:00,schloemer,L66,69,70,51.8333353809721,1.8540724511240114e-14,0.0,7.416289804496046e-14,4,8,2184616.11112,34734.983586
2024-09-03 11:00:00,schloemer,L67,69,73,53.539878658419866,6.938893903907228e-14,1.1102230246251565e-16,2.7844393457598926e-13,4,8,2184616.11112,34734.983586
2024-09-03 11:00:00,schloemer,L68,69,74,54.65041604347927,1.653122083666858e-13,5.88418203051333e-15,7.083222897108499e-13,4,8,2184616.11112,34734.983586
2024-09-03 11:00:00,schloemer,L69,70,71,49.54105161759837,3.219646771412954e-15,0.0,1.2878587085651816e-14,4,8,2184616.11112,34734.983586
2024-09-03 11:00:00,schloemer,L70,70,72,49.49977468027414,3.1086244689504383e-15,0.0,1.2434497875801753e-14,4,8,2184616.11112,34734.983586
2024-09-03 11:00:00,schloemer,L71,73,74,54.855100028026946,1.9406698470447736e-13,1.2989609388114332e-14,8.801848139228241e-13,4,8,2184616.11112,34734.983586
2024-09-03 11:00:00,schloemer,L72,74,76,57.45354317872146,1.5060175329040248e-12,7.909950472395622e-11,6.388201079232658e-10,4,8,2184616.11112,34734.983586
2024-09-03 11:00:00,schloemer,L73,74,117,55.55006807431194,3.3506530883187224e-13,1.680877659282487e-13,2.6849633627534786e-12,4,8,2184616.11112,34734.983586
2024-09-03 11:00:00,schloemer,L74,75,76,57.63061149880014,1.7326140522300193e-12,1.3217638095142092e-10,1.0643415038202875e-09,4,8,2184616.11112,34734.983586
2024-09-03 11:00:00,schloemer,L75,75,117,55.71736968488745,3.822497873784414e-13,3.0320190802513025e-13,3.954614413714808e-12,4,8,2184616.11112,34734.983586
2024-09-03 11:00:00,schloemer,L76,76,77,58.587330808946106,3.697597783514084e-12,1.8057033646101672e-09,1.4460417196993092e-08,4,8,2184616.11112,34734.983586
2024-09-03 11:00:00,schloemer,L77,76,79,60.57298263018514,1.784283831796074e-11,1.8699716530790056e-07,1.4960477145997686e-06,4,8,2184616.11112,34734.983586
2024-09-03 11:00:00,schloemer,L78,76,79,60.57298263018514,1.784283831796074e-11,1.8699716530790056e-07,1.4960477145997686e-06,4,8,2184616.11112,34734.983586
2024-09-03 11:00:00,schloemer,L79,76,81,59.76296046508425,9.391154520699274e-12,3.177057050773868e-08,2.5420210036930513e-07,4,8,2184616.11112,34734.983586
2024-09-03 11:00:00,schloemer,L80,77,78,58.78000914238699,4.3078873801505324e-12,2.9628370867840204e-09,2.371992802174816e-08,4,8,2184616.11112,34734.983586
2024-09-03 11:00:00,schloemer,L81,78,79,60.76746462923591,2.0813240020345347e-11,2.7965136251140166e-07,2.2372919631363786e-06,4,8,2184616.11112,34734.983586
2024-09-03 11:00:00,schloemer,L82,79,95,62.913568238132825,1.1322509596567443e-10,1.3813046829236342e-05,0.00011049948522445785,4,8,2184616.11112,34734.983586
2024-09-03 11:00:00,schloemer,L83,79,96,62.54640200658748,8.481848556840532e-11,7.573407216798778e-06,6.0585991030204234e-05,4,8,2184616.11112,34734.983586
2024-09-03 11:00:00,schloemer,L84,79,97,61.88600947452662,5.0394355355365406e-11,2.404388460330864e-06,1.9235147386664764e-05,4,8,2184616.11112,34734.983586
2024-09-03 11:00:00,schloemer,L85,79,98,63.64112922279657,2.0039625514556292e-10,4.2209717830754556e-05,0.00033762866168374206,4,8,2184616.11112,34734.983586
2024-09-03 11:00:00,schloemer,L86,80,67,63.23530426042182,1.409837802057723e-10,2.2181502388640695e-05,0.0015958154447042183,30,72,2186055.70436,34781.856812
2024-09-03 11:00:00,schloemer,L87,80,79,62.88138142054314,1.0696510344132548e-10,1.2709278769507115e-05,0.0008765643955803704,28,69,2185981.58126,34779.386042
2024-09-03 11:00:00,schloemer,L88,81,82,59.899042079318804,1.0460854404925612e-11,4.327034652806816e-08,3.462045632396382e-07,4,8,2184616.11112,34734.983586
2024-09-03 11:00:00,schloemer,L89,81,95,61.995678203129806,5.4950155536914735e-11,2.926810485082143e-06,2.3414463823479004e-05,4,8,2184616.11112,34734.983586
2024-09-03 11:00:00,schloemer,L90,93,95,64.58999332506468,4.204750991831929e-10,0.00015777773027059183,0.0012615267151098175,4,8,2184616.11112,34734.983586
2024-09-03 11:00:00,schloemer,L91,95,96,63.15206916688796,1.3655931940803612e-10,2.0133683752976417e-05,0.00016105866640403477,4,8,2184616.11112,34734.983586
2024-09-03 11:00:00,schloemer,L92,115,67,63.404197271236825,1.645513725279102e-10,2.9316797009126816e-05,0.0008498403959846801,13,29,2185126.88168,34750.896056
2024-09-03 12:00:00,schloemer,L0,22,23,47.98480041821957,9.992007221626409e-16,0.0,3.9968028886505635e-15,4,8,2184616.11112,34734.983586
2024-09-03 12:00:00,schloemer,L1,23,69,50.71874622212535,7.882583474838611e-15,0.0,3.1530333899354446e-14,4,8,2184616.11112,34734.983586
2024-09-03 12:00:00,schloemer,L2,23,71,48.560287280995745,1.5543122344752192e-15,0.0,6.217248937900877e-15,4,8,2184616.11112,34734.983586
2024-09-03 12:00:00,schloemer,L3,29,37,69.92145773639736,2.422011213809583e-08,0.02516942278273171,0.18448284192840925,4,8,2184616.11112,34734.983586
2024-09-03 12:00:00,schloemer,L4,32,36,74.65307863029506,6.985821506821921e-07,0.22725626092982965,0.8728598420932203,4,8,2184616.11112,34734.983586
2024-09-03 12:00:00,schloemer,L5,33,36,71.58809752345586,8.159024067477816e-08,0.06592248299944425,0.42048696490359416,4,8,2184616.11112,34734.983586
2024-09-03 12:00:00,schloemer,L6,33,42,68.3699402539069,7.623264797196327e-09,0.008149518108001796,0.06336656644721028,4,8,2184616.11112,34734.983586
2024-09-03 12:00:00,schloemer,L7,34,36,74.8073008802708,7.75755751858398e-07,0.2382554829032697,0.886636473399771,4,8,2184616.11112,34734.983586
2024-09-03 12:00:00,schloemer,L8,36,38,73.0985135670008,2.3861554898640946e-07,0.13089093966050946,0.6744679113220887,4,8,2184616.11112,34734.983586
2024-09-03 12:00:00,schloemer,L9,36,39,71.16602100053079,6.015993903041306e-08,0.052803676632092955,0.3520821803208092,4,8,2184616.11112,34734.983586
2024-09-03 12:00:00,schloemer,L10,37,36,70.79124115422606,4.482180304687944e-08,0.0424726933699725,0.8754752515538216,20,48,2185542.33716,34764.744572
2024-09-03 12:00:00,schloemer,L11,37,64,66.04086841036114,1.2936038906730118e-09,0.0009008519462677667,0.007184138642943982,4,8,2184616.11112,34734.983586
2024-09-03 12:00:00,schloemer,L12,38,39,71.28847529488024,6.573397937081893e-08,0.05639691375135181,0.37148636006899494,4,8,2184616.11112,34734.983586
2024-09-03 12:00:00,schloemer,L13,39,40,68.30526334398738,7.261131806934884e-09,0.007733137434390747,0.06021633571379348,4,8,2184616.11112,34734.983586
2024-09-03 12:00:00,schloemer,L14,39,41,66.50693260107352,1.8508043986287248e-09,0.0014787450090367749,0.011768920902541558,4,8,2184616.11112,34734.983586
2024-09-03 12:00:00,schloemer,L15,40,41,65.4740092747049,8.351495051073243e-10,0.0004733393096650884,0.0037804503378154886,4,8,2184616.11112,34734.983586
2024-09-03 12:00:00,schloemer,L16,41,48,60.56515198178343,1.7732593171615463e-11,1.839577404849635e-07,1.4717319065660206e-06,4,8,2184616.11112,34734.983586
2024-09-03 12:00:00,schloemer,L17,41,48,60.56515198178343,1.7732593171615463e-11,1.839577404849635e-07,1.4717319065660206e-06,4,8,2184616.11112,34734.983586
2024-09-03 12:00:00,schloemer,L18,42,43,64.56557561887556,4.1255510119242444e-10,0.0001527981317124283,0.0012217331781074758,4,8,2184616.11112,34734.983586
2024-09-03 12:00:00,schloemer,L19,43,44,60.9500483868891,2.4049318092522753e-11,4.0484625407621877e-07,3.2388616403311588e-06,4,8,2184616.11112,34734.983586
2024-09-03 12:00:00,schloemer,L20,44,45,57.993150899564796,2.308930824312938e-12,3.672717685532234e-10,2.947409871723039e-09,4,8,2184616.11112,34734.983586
2024-09-03 12:00:00,schloemer,L21,44,48,58.4381986454918,3.2853719744707632e-12,1.222157930413914e-09,9.790404931209196e-09,4,8,2184616.11112,34734.983586
2024-09-03 12:00:00,schloemer,L22,45,46,56.8135480093167,9.07718344933528e-13,1.1405543176579158e-11,9.487521879236738e-11,4,8,2184616.11112,34734.983586
2024-09-03 12:00:00,schloemer,L23,45,47,56.07717334599133,5.075939668586216e-13,1.0430545316353346e-12,1.0374812120517163e-11,4,8,2184616.11112,34734.983586
2024-09-03 12:00:00,schloemer,L24,46,48,57.28059511552973,1.3133938381315602e-12,4.746469883798454e-11,3.849711660564026e-10,4,8,2184616.11112,34734.983586
2024-09-03 12:00:00,schloemer,L25,46,68,56.95171393682314,1.0125233984581428e-12,1.7515988659511095e-11,1.4417800286992133e-10,4,8,2184616.11112,34734.983586
2024-09-03 12:00:00,schloemer,L26,47,48,56.50148543526655,7.09432512735475e-13,4.2308379022415465e-12,3.668443326887427e-11,4,8,2184616.11112,34734.983586
2024-09-03 12:00:00,schloemer,L27,48,49,56.44572398647572,6.789013795582832e-13,3.531841485937548e-12,3.097033740573352e-11,4,8,2184616.11112,34734.983586
2024-09-03 12:00:00,schloemer,L28,48,50,55.62997749584033,3.568256801145253e-13,2.2304380564719395e-13,3.211653165635653e-12,4,8,2184616.11112,34734.983586
2024-09-03 12:00:00,schloemer,L29,48,53,56.53326736074147,7.274181257344026e-13,4.687250587664948e-12,4.04076772042572e-11,4,8,2184616.11112,34734.983586
2024-09-03 12:00:00,schloemer,L30,48,53,56.53326736074147,7.274181257344026e-13,4.687250587664948e-12,4.04076772042572e-11,4,8,2184616.11112,34734.983586
2024-09-03 12:00:00,schloemer,L31,48,65,59.090152761442475,5.508815625887564e-12,6.437034016926191e-09,5.151830628769005e-08,4,8,2184616.11112,34734.983586
2024-09-03 12:00:00,schloemer,L32,48,65,59.090152761442475,5.508815625887564e-12,6.437034016926191e-09,5.151830628769005e-08,4,8,2184616.11112,34734.983586
2024-09-03 12:00:00,schloemer,L33,48,68,57.43882967064959,1.4885870314174099e-12,7.576339555726008e-11,6.120615125837503e-10,4,8,2184616.11112,34734.983586
2024-09-03 12:00:00,schloemer,L34,49,56,54.567696583691806,1.5498713423767185e-13,4.3298697960381105e-15,6.545874953189923e-13,4,8,2184616.11112,34734.983586
2024-09-03 12:00:00,schloemer,L35,50,51,52.53453491772085,3.186340080674199e-14,0.0,1.2745360322696797e-13,4,8,2184616.11112,34734.983586
2024-09-03 12:00:00,schloemer,L36,50,57,53.15311068742174,5.140332604014475e-14,0.0,2.05613304160579e-13,4,8,2184616.11112,34734.983586
2024-09-03 12:00:00,schloemer,L37,51,52,51.7906580447388,1.7985612998927536e-14,0.0,7.194245199571014e-14,4,8,2184616.11112,34734.983586
2024-09-03 12:00:00,schloemer,L38,52,53,53.727875359199054,8.038014698286133e-14,1.1102230246251565e-16,3.2240876635114546e-13,4,8,2184616.11112,34734.983586
2024-09-03 12:00:00,schloemer,L39,53,54,54.96918284982239,2.1227464230832993e-13,1.9984014443252818e-14,1.0089706847793423e-12,4,8,2184616.11112,34734.983586
2024-09-03 12:00:00,schloemer,L40,53,55,54.7180686355981,1.7430501486614958e-13,7.66053886991358e-15,7.585043704239069e-13,4,8,2184616.11112,34734.983586
2024-09-03 12:00:00,schloemer,L41,53,58,55.867680855768306,4.303224443447107e-13,5.108136136300345e-13,5.807798686419119e-12,4,8,2184616.11112,34734.983586
2024-09-03 12:00:00,schloemer,L42,54,55,54.33405945818465,1.290079154614432e-13,1.6653345369377348e-15,5.293543381412746e-13,4,8,2184616.11112,34734.983586
2024-09-03 12:00:00,schloemer,L43,54,58,55.44246562866905,3.078648447285559e-13,1.1435297153639112e-13,2.1462831512053526e-12,4,8,2184616.11112,34734.983586
2024-09-03 12:00:00,schloemer,L44,55,56,53.97440927090755,9.747758156208874e-14,4.440892098500626e-16,3.934630399271555e-13,4,8,2184616.11112,34734.983586
2024-09-03 12:00:00,schloemer,L45,55,57,53.32470668492006,5.873079800267078e-14,0.0,2.349231920106831e-13,4,8,2184616.11112,34734.983586
2024-09-03 12:00:00,schloemer,L46,55,58,55.21139204498101,2.567945855957987e-13,4.9404924595819466e-14,1.4224177391497506e-12,4,8,2184616.11112,34734.983586
2024-09-03 12:00:00,schloemer,L47,55,58,55.21139204498101,2.567945855957987e-13,4.9404924595819466e-14,1.4224177391497506e-12,4,8,2184616.11112,34734.983586
2024-09-03 12:00:00,schloemer,L48,58,59,57.20242163553404,1.234568003383174e-12,3.756617239503157e-11,3.0546765117378527e-10,4,8,2184616.11112,34734.983586
2024-09-03 12:00:00,schloemer,L49,58,60,57.66530605102771,1.7809087538012136e-12,1.4600332054470755e-10,1.1751501993728652e-09,4,8,2184616.11112,34734.983586
2024-09-03 12:00:00,schloemer,L50,59,60,58.53967270293072,3.560485239972877e-12,1.595018894740008e-09,1.2774392987857652e-08,4,8,2184616.11112,34734.983586
2024-09-03 12:00:00,schloemer,L51,59,61,59.080977481287164,5.468847597001059e-12,6.293281229474701e-09,5.036812411596259e-08,4,8,2184616.11112,34734.983586
2024-09-03 12:00:00,schloemer,L52,60,61,59.56974859044175,8.057443601217074e-12,2.0327108662954174e-08,1.626490875317188e-07,4,8,2184616.11112,34734.983586
2024-09-03 12:00:00,schloemer,L53,61,65,60.37189008724981,1.5215717574790233e-11,1.2220706613330634e-07,9.777169736047142e-07,4,8,2184616.11112,34734.983586
2024-09-03 12:00:00,schloemer,L54,61,66,60.932461215775184,2.371691731894998e-11,3.9080119362822074e-07,3.1265001400049286e-06,4,8,2184616.11112,34734.983586
2024-09-03 12:00:00,schloemer,L55,62,58,57.3526553699087,1.375344282905644e-12,5.7582161261393594e-11,1.7453443135195812e-09,13,30,2185148.89802,34751.629934
2024-09-03 12:00:00,schloemer,L56,62,63,59.66167100404332,8.666622974828897e-12,2.5168570894074094e-08,2.0138321588092367e-07,4,8,2184616.11112,34734.983586
2024-09-03 12:00:00,schloemer,L57,63,60,60.00483174507829,1.1153966639199098e-11,5.3358200080566576e-08,2.5080554048040327e-06,20,47,2185512.78098,34763.759366
2024-09-03 12:00:00,schloemer,L58,63,64,62.25700547826858,6.752653991526358e-11,4.6301016537464434e-06,3.704048307218155e-05,4,8,2184616.11112,34734.983586
2024-09-03 12:00:00,schloemer,L59,64,65,61.9859711896269,5.3396287391649366e-11,2.80967878130145e-06,0.0001348567449032112,20,48,2185545.98792,34764.866264
2024-09-03 12:00:00,schloemer,L60,64,67,62.68027431796731,9.020251212632502e-11,9.04420309544296e-06,0.0008407644784963475,38,93,2186503.81292,34796.793764
2024-09-03 12:00:00,schloemer,L61,65,66,61.17697328770476,2.8778646132820995e-11,6.345358095627418e-07,5.076390316771651e-06,4,8,2184616.11112,34734.983586
2024-09-03 12:00:00,schloemer,L62,67,68,59.202934544518925,5.846656492280999e-12,8.10900346870369e-09,5.515757923735265e-07,28,68,2185978.45538,34779.281846
2024-09-03 12:00:00,schloemer,L63,68,69,54.64180957894096,1.6420198534206065e-13,5.773159728050814e-15,7.029932191926491e-13,4,8,2184616.11112,34734.983586
2024-09-03 12:00:00,schloemer,L64,68,74,56.00544403685961,4.796163466380676e-13,8.182343691487404e-13,8.464340339742193e-12,4,8,2184616.11112,34734.983586
2024-09-03 12:00:00,schloemer,L65,68,76,57.47938919425486,1.5371037775935292e-12,8.530587347621577e-11,6.885954029201002e-10,4,8,2184616.11112,34734.983586
2024-09-03 12:00:00,schloemer,L66,69,70,51.00436162957877,9.769962616701378e-15,0.0,3.907985046680551e-14,4,8,2184616.11112,34734.983586
2024-09-03 12:00:00,schloemer,L67,69,73,52.638790597302304,3.452793606584237e-14,0.0,1.3811174426336947e-13,4,8,2184616.11112,34734.983586
2024-09-03 12:00:00,schloemer,L68,69,74,53.7017362356059,7.87148124459236e-14,1.1102230246251565e-16,3.157474282033945e-13,4,8,2184616.11112,34734.983586
2024-09-03 12:00:00,schloemer,L69,70,71,48.806906196641165,1.887379141862766e-15,0.0,7.549516567451064e-15,4,8,2184616.11112,34734.983586
2024-09-03 12:00:00,schloemer,L70,70,72,48.77159525350926,1.7763568394002505e-15,0.0,7.105427357601002e-15,4,8,2184616.11112,34734.983586
2024-09-03 12:00:00,schloemer,L71,73,74,53.90013461623036,9.192646643896296e-14,3.3306690738754696e-16,3.703704010149522e-13,4,8,2184616.11112,34734.983586
2024-09-03 12:00:00,schloemer,L72,74,76,56.39113866768431,6.502576255229542e-13,2.9566349368792544e-12,2.6254109997125852e-11,4,8,2184616.11112,34734.983586
2024-09-03 12:00:00,schloemer,L73,74,117,54.569675992788774,1.5520917884259688e-13,4.3298697960381105e-15,6.554756737386924e-13,4,8,2184616.11112,34734.983586
2024-09-03 12:00:00,schloemer,L74,75,76,56.571536014099784,7.497336085293682e-13,5.300426764165422e-12,4.540234854744085e-11,4,8,2184616.11112,34734.983586
2024-09-03 12:00:00,schloemer,L75,75,117,54.7398107480064,1.773026170326375e-13,8.326672684688674e-15,7.758238496080594e-13,4,8,2184616.11112,34734.983586
2024-09-03 12:00:00,schloemer,L76,76,77,57.49350734082061,1.5544232567776817e-12,8.88916718011501e-11,7.173510674363115e-10,4,8,2184616.11112,34734.983586
2024-09-03 12:00:00,schloemer,L77,76,79,59.39304169136581,7.0041750177551876e-12,1.339947131029362e-08,1.0722378218641637e-07,4,8,2184616.11112,34734.983586
2024-09-03 12:00:00,schloemer,L78,76,79,59.39304169136581,7.0041750177551876e-12,1.339947131029362e-08,1.0722378218641637e-07,4,8,2184616.11112,34734.983586
2024-09-03 12:00:00,schloemer,L79,76,81,58.62425873730485,3.807509862951974e-12,1.9870457501625083e-09,1.5911595929729572e-08,4,8,2184616.11112,34734.983586
2024-09-03 12:00:00,schloemer,L80,77,78,57.69843590824922,1.8282042546502453e-12,1.6050050177796038e-10,1.291316831242284e-09,4,8,2184616.11112,34734.983586
2024-09-03 12:00:00,schloemer,L81,78,79,59.60210771049299,8.266831663661378e-12,2.1920157133870077e-08,1.7539431096391667e-07,4,8,2184616.11112,34734.983586
2024-09-03 12:00:00,schloemer,L82,79,95,61.66479997537312,4.231814898503217e-11,1.6050112014998064e-06,1.284018675284937e-05,4,8,2184616.11112,34734.983586
2024-09-03 12:00:00,schloemer,L83,79,96,61.31710510505894,3.215105959242237e-11,8.327440478295145e-07,6.662061569073785e-06,4,8,2184616.11112,34734.983586
2024-09-03 12:00:00,schloemer,L84,79,97,60.682659269557725,1.9461765532469144e-11,2.3489141309784856e-07,1.8792076068585573e-06,4,8,2184616.11112,34734.983586
2024-09-03 12:00:00,schloemer,L85,79,98,62.35155198380695,7.275036129072987e-11,5.447469628827584e-06,4.3579217130607084e-05,4,8,2184616.11112,34734.983586
2024-09-03 12:00:00,schloemer,L86,80,67,61.902349717723474,4.9394710543992915e-11,2.3868997522935587e-06,0.00017184370228839896,30,72,2186055.70436,34781.856812
2024-09-03 12:00:00,schloemer,L87,80,79,61.59140948061787,3.871269971256197e-11,1.3509960752333683e-06,9.321553127816795e-05,28,69,2185981.58126,34779.386042
2024-09-03 12:00:00,schloemer,L88,81,82,58.79782018270249,4.369171691109841e-12,3.1000233491340623e-09,2.4817663257792333e-08,4,8,2184616.11112,34734.983586
2024-09-03 12:00:00,schloemer,L89,81,95,60.79469569731466,2.1266766125904724e-11,2.956573558199338e-07,2.3653414658042493e-06,4,8,2184616.11112,34734.983586
2024-09-03 12:00:00,schloemer,L90,93,95,63.31282818886273,1.5492462868138546e-10,2.580227937143409e-05,0.00020640021429063626,4,8,2184616.11112,34734.983586
2024-09-03 12:00:00,schloemer,L91,95,96,61.91810964151091,5.1687432112146325e-11,2.547471886771291e-06,2.037980013147589e-05,4,8,2184616.11112,34734.983586
2024-09-03 12:00:00,schloemer,L92,115,67,62.06229472466196,5.726963347996161e-11,3.2521445466615617e-06,9.430864237758296e-05,13,29,2185126.88168,34750.896056
2024-09-03 13:00:00,schloemer,L0,22,23,47.275223488999956,5.551115123125783e-16,0.0,2.220446049250313e-15,4,8,2184616.11112,34734.983586
2024-09-03 13:00:00,schloemer,L1,23,69,49.9027339822325,4.218847493575595e-15,0.0,1.687538997430238e-14,4,8,2184616.11112,34734.983586
2024-09-03 13:00:00,schloemer,L2,23,71,47.83104209095472,8.881784197001252e-16,0.0,3.552713678800501e-15,4,8,2184616.11112,34734.983586
2024-09-03 13:00:00,schloemer,L3,29,37,68.3972301960142,7.781345567892117e-09,0.008330718083410238,0.06473459158157657,4,8,2184616.11112,34734.983586
2024-09-03 13:00:00,schloemer,L4,32,36,72.93767270166416,2.131317415887679e-07,0.12258880407062467,0.6487429868935628,4,8,2184616.11112,34734.983586
2024-09-03 13:00:00,schloemer,L5,33,36,69.96291913072864,2.4971992917954822e-08,0.025855555873495972,0.18906355258272756,4,8,2184616.11112,34734.983586
2024-09-03 13:00:00,schloemer,L6,33,42,66.85320678008533,2.4127343456470385e-09,0.0020974544003289353,0.01665697925368681,4,8,2184616.11112,34734.983586
2024-09-03 13:00:00,schloemer,L7,34,36,73.11406345841523,2.4123112207785624e-07,0.13171103682827656,0.676917208338155,4,8,2184616.11112,34734.983586
2024-09-03 13:00:00,schloemer,L8,36,38,71.4109469238338,7.181322492222364e-08,0.06016311234825589,0.39127692019625615,4,8,2184616.11112,34734.983586
2024-09-03 13:00:00,schloemer,L9,36,39,69.53570361170014,1.8209102781163722e-08,0.019446096524905587,0.1453825590944129,4,8,2184616.11112,34734.983586
2024-09-03 13:00:00,schloemer,L10,37,36,69.20153704448072,1.3895486095094611e-08,0.015210219666563995,0.520830169977075,20,48,2185542.33716,34764.744572
2024-09-03 13:00:00,schloemer,L11,37,64,64.619966881194,4.304034906255083e-10,0.00016409139804729467,0.001311979223475368,4,8,2184616.11112,34734.983586
2024-09-03 13:00:00,schloemer,L12,38,39,69.64110866437439,1.968810159347356e-08,0.020895719094605858,0.15543795296622231,4,8,2184616.11112,34734.983586
2024-09-03 13:00:00,schloemer,L13,39,40,66.76068744690619,2.2479168526601256e-09,0.001913354633729325,0.015204731321710518,4,8,2184616.11112,34734.983586
2024-09-03 13:00:00,schloemer,L14,39,41,65.03719893767106,5.953112447443232e-10,0.0002791954038503519,0.002231384222995181,4,8,2184616.11112,34734.983586
2024-09-03 13:00:00,schloemer,L15,40,41,64.04268317152265,2.7436042326911547e-10,7.511891613409816e-05,0.0006007944497466999,4,8,2184616.11112,34734.983586
2024-09-03 13:00:00,schloemer,L16,41,48,59.34741142232958,6.7552630156342275e-12,1.2016701966821586e-08,9.616063278983233e-08,4,8,2184616.11112,34734.983586
2024-09-03 13:00:00,schloemer,L17,41,48,59.34741142232958,6.7552630156342275e-12,1.2016701966821586e-08,9.616063278983233e-08,4,8,2184616.11112,34734.983586
2024-09-03 13:00:00,schloemer,L18,42,43,63.18941435099335,1.406227356781642e-10,2.1336978225705572e-05,0.0001706836412785906,4,8,2184616.11112,34734.983586
2024-09-03 13:00:00,schloemer,L19,43,44,59.7170653861969,9.055645122657552e-12,2.859724679282749e-08,2.2881417405251625e-07,4,8,2184616.11112,34734.983586
2024-09-03 13:00:00,schloemer,L20,44,45,56.87993666285836,9.566791803194974e-13,1.4027334849231465e-11,1.1604539551512971e-10,4,8,2184616.11112,34734.983586
2024-09-03 13:00:00,schloemer,L21,44,48,57.31118236982507,1.3454792835432272e-12,5.198630415037542e-11,4.2127235033717625e-10,4,8,2184616.11112,34734.983586
2024-09-03 13:00:00,schloemer,L22,45,46,55.744836522386755,3.9057646006313007e-13,3.3373304120232206e-13,4.232170169871097e-12,4,8,2184616.11112,34734.983586
2024-09-03 13:00:00,schloemer,L23,45,47,55.04473350495176,2.2526425169644426e-13,2.6645352591003757e-14,1.1142198275138071e-12,4,8,2184616.11112,34734.983586
2024-09-03 13:00:00,schloemer,L24,46,48,56.195501003179125,5.572209360593661e-13,1.5507595207964187e-12,1.4634959910608814e-11,4,8,2184616.11112,34734.983586
2024-09-03 13:00:00,schloemer,L25,46,68,55.87161071272065,4.3165471197426086e-13,5.17808018685173e-13,5.8690829973784275e-12,4,8,2184616.11112,34734.983586
2024-09-03 13:00:00,schloemer,L26,47,48,55.45567529126508,3.1108449149996886e-13,1.2001510896197942e-13,2.204458837695711e-12,4,8,2184616.11112,34734.983586
2024-09-03 13:00:00,schloemer,L27,48,49,55.412168695536636,3.006483950684924e-13,1.0258460747536446e-13,2.0232704400768853e-12,4,8,2184616.11112,34734.983586
2024-09-03 13:00:00,schloemer,L28,48,50,54.6312656397304,1.6286971771251046e-13,5.440092820663267e-15,6.94999613415348e-13,4,8,2184616.11112,34734.983586
2024-09-03 13:00:00,schloemer,L29,48,53,55.506638481261,3.2385205628315816e-13,1.439959262938828e-13,2.447375635483695e-12,4,8,2184616.11112,34734.983586
2024-09-03 13:00:00,schloemer,L30,48,53,55.506638481261,3.2385205628315816e-13,1.439959262938828e-13,2.447375635483695e-12,4,8,2184616.11112,34734.983586
2024-09-03 13:00:00,schloemer,L31,48,65,57.950871888504864,2.232880547126115e-12,3.266594772455278e-10,2.622207340152727e-09,4,8,2184616.11112,34734.983586
2024-09-03 13:00:00,schloemer,L32,48,65,57.950871888504864,2.232880547126115e-12,3.266594772455278e-10,2.622207340152727e-09,4,8,2184616.11112,34734.983586
2024-09-03 13:00:00,schloemer,L33,48,68,56.34096966599848,6.249445405615006e-13,2.5087709687454662e-12,2.2569945912209732e-11,4,8,2184616.11112,34734.983586
2024-09-03 13:00:00,schloemer,L34,49,56,53.628165069447846,7.438494264988549e-14,1.1102230246251565e-16,2.984279490192421e-13,4,8,2184616.11112,34734.983586
2024-09-03 13:00:00,schloemer,L35,50,51,51.674873348785944,1.6431300764452317e-14,0.0,6.572520305780927e-14,4,8,2184616.11112,34734.983586
2024-09-03 13:00:00,schloemer,L36,50,57,52.272014656517776,2.5979218776228663e-14,0.0,1.0391687510491465e-13,4,8,2184616.11112,34734.983586
2024-09-03 13:00:00,schloemer,L37,51,52,50.972750997211094,9.547918011776346e-15,0.0,3.8191672047105385e-14,4,8,2184616.11112,34734.983586
2024-09-03 13:00:00,schloemer,L38,52,53,52.839519800868366,4.030109579389318e-14,0.0,1.6120438317557273e-13,4,8,2184616.11112,34734.983586
2024-09-03 13:00:00,schloemer,L39,53,54,54.04174334092049,1.0269562977782698e-13,5.551115123125783e-16,4.1522341120980855e-13,4,8,2184616.11112,34734.983586
2024-09-03 13:00:00,schloemer,L40,53,55,53.79429503442539,8.471001677889944e-14,2.220446049250313e-16,3.4061642395499803e-13,4,8,2184616.11112,34734.983586
2024-09-03 13:00:00,schloemer,L41,53,58,54.906035788972936,2.020605904817785e-13,1.5765166949677223e-14,9.343636975245317e-13,4,8,2184616.11112,34734.983586
2024-09-03 13:00:00,schloemer,L42,54,55,53.43941198908691,6.417089082333405e-14,0.0,2.566835632933362e-13,4,8,2184616.11112,34734.983586
2024-09-03 13:00:00,schloemer,L43,54,58,54.513372388402935,1.4854784069484595e-13,3.4416913763379853e-15,6.217248937900877e-13,4,8,2184616.11112,34734.983586
2024-09-03 13:00:00,schloemer,L44,55,56,53.077341575073724,4.851674617611934e-14,0.0,1.9406698470447736e-13,4,8,2184616.11112,34734.983586
2024-09-03 13:00:00,schloemer,L45,55,57,52.454191327059995,2.986499936241671e-14,0.0,1.1945999744966684e-13,4,8,2184616.11112,34734.983586
2024-09-03 13:00:00,schloemer,L46,55,58,54.28405951162702,1.241229341530925e-13,1.3322676295501878e-15,5.071498776487715e-13,4,8,2184616.11112,34734.983586
2024-09-03 13:00:00,schloemer,L47,55,58,54.28405951162702,1.241229341530925e-13,1.3322676295501878e-15,5.071498776487715e-13,4,8,2184616.11112,34734.983586
2024-09-03 13:00:00,schloemer,L48,58,59,56.219265893637804,5.677680547933051e-13,1.6784351686283117e-12,1.5698553568199713e-11,4,8,2184616.11112,34734.983586
2024-09-03 13:00:00,schloemer,L49,58,60,56.656840208200336,8.020251129892131e-13,6.959210985257869e-12,5.88817883340198e-11,4,8,2184616.11112,34734.983586
2024-09-03 13:00:00,schloemer,L50,59,60,57.51134300263359,1.5765166949677223e-12,9.362988162564534e-11,7.553451197850336e-10,4,8,2184616.11112,34734.983586
2024-09-03 13:00:00,schloemer,L51,59,61,58.023327911117065,2.3647750424515834e-12,3.991846853068637e-10,3.202936582624716e-09,4,8,2184616.11112,34734.983586
2024-09-03 13:00:00,schloemer,L52,60,61,58.48480752404722,3.4090508194140057e-12,1.3816477961725582e-09,1.1066818572658121e-08,4,8,2184616.11112,34734.983586
2024-09-03 13:00:00,schloemer,L53,61,65,59.220431597112395,6.108225036882686e-12,8.849435628732749e-09,7.081991570956347e-08,4,8,2184616.11112,34734.983586
2024-09-03 13:00:00,schloemer,L54,61,66,59.77890384648818,9.510614518148941e-12,3.2949388217851094e-08,2.636331177807705e-07,4,8,2184616.11112,34734.983586
2024-09-03 13:00:00,schloemer,L55,62,58,56.351394798137434,6.235012506294879e-13,2.5383029012004954e-12,8.42546032941982e-11,13,30,2185148.89802,34751.629934
2024-09-03 13:00:00,schloemer,L56,62,63,58.55581531674401,3.606337450889896e-12,1.6635918198559807e-09,1.3323159797629103e-08,4,8,2184616.11112,34734.983586
2024-09-03 13:00:00,schloemer,L57,63,60,58.89057606180059,4.612532578107675e-12,3.801302606021295e-09,1.7875345748041838e-07,20,47,2185512.78098,34763.759366
2024-09-03 13:00:00,schloemer,L58,63,64,61.00438441510325,2.5105806322756052e-11,4.5131029913214604e-07,3.6105771128447373e-06,4,8,2184616.11112,34734.983586
2024-09-03 13:00:00,schloemer,L59,64,65,60.732673307572234,1.983357922341611e-11,2.5356381527785743e-07,1.217138727616085e-05,20,48,2185545.98792,34764.866264
2024-09-03 13:00:00,schloemer,L60,64,67,61.36173135040836,3.190048225576447e-11,8.622862853746582e-07,8.019065589004448e-05,38,93,2186503.81292,34796.793764
2024-09-03 13:00:00,schloemer,L61,65,66,59.98688587290871,1.1215139927855944e-11,5.26915667764527e-08,4.215773170557213e-07,4,8,2184616.11112,34734.983586
2024-09-03 13:00:00,schloemer,L62,67,68,58.02488428793073,2.2993829063011617e-12,3.813900306681717e-10,2.59989044737452e-08,28,68,2185978.45538,34779.281846
2024-09-03 13:00:00,schloemer,L63,68,69,53.66152396693259,7.638334409421077e-14,1.1102230246251565e-16,3.064215547965432e-13,4,8,2184616.11112,34734.983586
2024-09-03 13:00:00,schloemer,L64,68,74,54.968123295843746,2.120525977034049e-13,1.9984014443252818e-14,1.0080825063596421e-12,4,8,2184616.11112,34734.983586
2024-09-03 13:00:00,schloemer,L65,68,76,56.381912923238055,6.45483666517066e-13,2.868927317933867e-12,2.55333532095392e-11,4,8,2184616.11112,34734.983586
2024-09-03 13:00:00,schloemer,L66,69,70,50.17951285962329,5.218048215738236e-15,0.0,2.0872192862952943e-14,4,8,2184616.11112,34734.983586
2024-09-03 13:00:00,schloemer,L67,69,73,51.746471266119734,1.7319479184152442e-14,0.0,6.927791673660977e-14,4,8,2184616.11112,34734.983586
2024-09-03 13:00:00,schloemer,L68,69,74,52.764941106686216,3.808064974464287e-14,0.0,1.5232259897857148e-13,4,8,2184616.11112,34734.983586
2024-09-03 13:00:00,schloemer,L69,70,71,48.070959864410376,1.1102230246251565e-15,0.0,4.440892098500626e-15,4,8,2184616.11112,34734.983586
2024-09-03 13:00:00,schloemer,L70,70,72,48.040891662933085,1.1102230246251565e-15,0.0,4.440892098500626e-15,4,8,2184616.11112,34734.983586
2024-09-03 13:00:00,schloemer,L71,73,74,52.957215511561294,4.418687638008123e-14,0.0,1.7674750552032492e-13,4,8,2184616.11112,34734.983586
2024-09-03 13:00:00,schloemer,L72,74,76,55.34729557425293,2.856603842360528e-13,8.115730310009894e-14,1.7918999617450027e-12,4,8,2184616.11112,34734.983586
2024-09-03 13:00:00,schloemer,L73,74,117,53.602547421868096,7.294165271787278e-14,1.1102230246251565e-16,2.9265478929119126e-13,4,8,2184616.11112,34734.983586
2024-09-03 13:00:00,schloemer,L74,75,76,55.52969325206157,3.297362383136715e-13,1.5631940186722204e-13,2.5695001681924623e-12,4,8,2184616.11112,34734.983586
2024-09-03 13:00:00,schloemer,L75,75,117,53.7743635163169,8.337774914934926e-14,2.220446049250313e-16,3.352873534367973e-13,4,8,2184616.11112,34734.983586
2024-09-03 13:00:00,schloemer,L76,76,77,56.41844814234721,6.643574579356937e-13,3.2320812692887557e-12,2.851407998605282e-11,4,8,2184616.11112,34734.983586
2024-09-03 13:00:00,schloemer,L77,76,79,58.23724121921018,2.8016478026415825e-12,7.151624847878679e-10,5.73250646951351e-09,4,8,2184616.11112,34734.983586
2024-09-03 13:00:00,schloemer,L78,76,79,58.23724121921018,2.8016478026415825e-12,7.151624847878679e-10,5.73250646951351e-09,4,8,2184616.11112,34734.983586
2024-09-03 13:00:00,schloemer,L79,76,81,57.50650303155117,1.570410468332284e-12,9.232059561270489e-11,7.448464067749683e-10,4,8,2184616.11112,34734.983586
2024-09-03 13:00:00,schloemer,L80,77,78,56.63279003462302,7.86926079854311e-13,6.4465099924859715e-12,5.4719784259305015e-11,4,8,2184616.11112,34734.983586
2024-09-03 13:00:00,schloemer,L81,78,79,58.45756009891568,3.336109166696133e-12,1.2861389731000372e-09,1.0302456221467082e-08,4,8,2184616.11112,34734.983586
2024-09-03 13:00:00,schloemer,L82,79,95,60.4407305401504,1.6068479880004816e-11,1.4151499672099277e-07,1.1321836868027901e-06,4,8,2184616.11112,34734.983586
2024-09-03 13:00:00,schloemer,L83,79,96,60.110988284333196,1.2374212765564607e-11,6.937553298502763e-08,5.550536259502081e-07,4,8,2184616.11112,34734.983586
2024-09-03 13:00:00,schloemer,L84,79,97,59.501264571391864,7.631673071273326e-12,1.731189125386834e-08,1.3852564828553682e-07,4,8,2184616.11112,34734.983586
2024-09-03 13:00:00,schloemer,L85,79,98,61.090059707231894,2.686662003981155e-11,5.34925713058243e-07,4.2795051584665345e-06,4,8,2184616.11112,34734.983586
2024-09-03 13:00:00,schloemer,L86,80,67,60.60718258559895,1.7749135494682378e-11,1.926468705670814e-07,1.3871012287558493e-05,30,72,2186055.70436,34781.856812
2024-09-03 13:00:00,schloemer,L87,80,79,60.33334481942542,1.4314438523399531e-11,1.0804701366939895e-07,7.455617356932898e-06,28,69,2185981.58126,34779.386042
2024-09-03 13:00:00,schloemer,L88,81,82,57.710827872052484,1.846189867649173e-12,1.662715520822644e-10,1.337557176128712e-09,4,8,2184616.11112,34734.983586
2024-09-03 13:00:00,schloemer,L89,81,95,59.614763008413476,8.350209412810727e-12,2.2574987323942253e-08,1.8063328510731225e-07,4,8,2184616.11112,34734.983586
2024-09-03 13:00:00,schloemer,L90,93,95,62.05698702046161,5.767331057171532e-11,3.263362485905752e-06,2.6106832389460877e-05,4,8,2184616.11112,34734.983586
2024-09-03 13:00:00,schloemer,L91,95,96,60.70522691403981,1.9812596008250694e-11,2.4609056803459595e-07,1.9688020989061528e-06,4,8,2184616.11112,34734.983586
2024-09-03 13:00:00,schloemer,L92,115,67,60.75899242637664,2.0447754600638746e-11,2.708692881103758e-07,7.855445385729354e-06,13,29,2185126.88168,34750.896056
2024-09-03 14:00:00,schloemer,L0,22,23,46.56354995629635,3.3306690738754696e-16,0.0,1.3322676295501878e-15,4,8,2184616.11112,34734.983586
2024-09-03 14:00:00,schloemer,L1,23,69,49.09069525864014,2.3314683517128287e-15,0.0,9.325873406851315e-15,4,8,2184616.11112,34734.983586
2024-09-03 14:00:00,schloemer,L2,23,71,47.100582274431325,5.551115123125783e-16,0.0,2.220446049250313e-15,4,8,2184616.11112,34734.983586
2024-09-03 14:00:00,schloemer,L3,29,37,66.90491979834248,2.509998764388399e-09,0.0022069136753213314,0.017519546433259703,4,8,2184616.11112,34734.983586
2024-09-03 14:00:00,schloemer,L4,32,36,71.2526854212638,6.405457475544551e-08,0.055329032423185764,0.3657734238955843,4,8,2184616.11112,34734.983586
2024-09-03 14:00:00,schloemer,L5,33,36,68.37581065912643,7.657000811178705e-09,0.008188217078399784,0.06365888321391555,4,8,2184616.11112,34734.983586
2024-09-03 14:00:00,schloemer,L6,33,42,65.37589374207938,7.740755814111822e-10,0.00042145614146382737,0.003366682899794804,4,8,2184616.11112,34734.983586
2024-09-03 14:00:00,schloemer,L7,34,36,71.44614492434428,7.365987275687047e-08,0.061277877278438586,0.39702917996699805,4,8,2184616.11112,34734.983586
2024-09-03 14:00:00,schloemer,L8,36,38,69.7614299022878,2.1520892845572348e-08,0.0226535730472327,0.1674924146355663,4,8,2184616.11112,34734.983586
2024-09-03 14:00:00,schloemer,L9,36,39,67.94710480411597,5.542090453225512e-09,0.005735449521371172,0.044973036776257413,4,8,2184616.11112,34734.983586
2024-09-03 14:00:00,schloemer,L10,37,36,67.64912958997641,4.326763836104419e-09,0.004367172878715575,0.18948339813786164,20,48,2185542.33716,34764.744572
2024-09-03 14:00:00,schloemer,L11,37,64,63.23500444160596,1.4574630391450683e-10,2.289593342374996e-05,0.00018315337267504894,4,8,2184616.11112,34734.983586
2024-09-03 14:00:00,schloemer,L12,38,39,68.03759637865429,5.934209568181359e-09,0.006193724040017945,0.04848887618850928,4,8,2184616.11112,34734.983586
2024-09-03 14:00:00,schloemer,L13,39,40,65.26051131828473,7.078910790880855e-10,0.000367000475146928,0.002932238089541239,4,8,2184616.11112,34734.983586
2024-09-03 14:00:00,schloemer,L14,39,41,63.60897806241501,1.9541257501032305e-10,4.02573365974046e-05,0.0003220140995431331,4,8,2184616.11112,34734.983586
2024-09-03 14:00:00,schloemer,L15,40,41,62.65170845964024,9.214917717770277e-11,9.021784993179516e-06,7.217236956369444e-05,4,8,2184616.11112,34734.983586
2024-09-03 14:00:00,schloemer,L16,41,48,58.15791925094898,2.6308955014542335e-12,5.769933419941253e-10,4.6264703179588196e-09,4,8,2184616.11112,34734.983586
2024-09-03 14:00:00,schloemer,L17,41,48,58.15791925094898,2.6308955014542335e-12,5.769933419941253e-10,4.6264703179588196e-09,4,8,2184616.11112,34734.983586
2024-09-03 14:00:00,schloemer,L18,42,43,61.849055736061665,4.894562533053204e-11,2.2490013589226976e-06,1.7992065026728454e-05,4,8,2184616.11112,34734.983586
2024-09-03 14:00:00,schloemer,L19,43,44,58.51311971434104,3.4863223419279166e-12,1.4880824350527178e-09,1.1918604658767151e-08,4,8,2184616.11112,34734.983586
2024-09-03 14:00:00,schloemer,L20,44,45,55.78907146314056,4.0445424787094453e-13,3.892441924335799e-13,4.731770530952417e-12,4,8,2184616.11112,34734.983586
2024-09-03 14:00:00,schloemer,L21,44,48,56.206949645042755,5.622169396701793e-13,1.6110446310335647e-12,1.5137224806949234e-11,4,8,2184616.11112,34734.983586
2024-09-03 14:00:00,schloemer,L22,45,46,54.69612621520576,1.7130741269966165e-13,7.105427357601002e-15,7.420730696594546e-13,4,8,2184616.11112,34734.983586
2024-09-03 14:00:00,schloemer,L23,45,47,54.02966511604272,1.0169642905566434e-13,4.440892098500626e-16,4.1033842990145786e-13,4,8,2184616.11112,34734.983586
2024-09-03 14:00:00,schloemer,L24,46,48,55.131180116171635,2.410294186461215e-13,3.674838211509268e-14,1.2581047315052274e-12,4,8,2184616.11112,34734.983586
2024-09-03 14:00:00,schloemer,L25,46,68,54.812555187273595,1.8773871346411397e-13,1.1102230246251565e-14,8.397726958264684e-13,4,8,2184616.11112,34734.983586
2024-09-03 14:00:00,schloemer,L26,47,48,54.42772696766783,1.3888890038060708e-13,2.4424906541753444e-15,5.750955267558311e-13,4,8,2184616.11112,34734.983586
2024-09-03 14:00:00,schloemer,L27,48,49,54.394958112664,1.3533618670180658e-13,2.1094237467877974e-15,5.582201367815287e-13,4,8,2184616.11112,34734.983586
2024-09-03 14:00:00,schloemer,L28,48,50,53.646730020792205,7.549516567451064e-14,1.1102230246251565e-16,3.028688411177427e-13,4,8,2184616.11112,34734.983586
2024-09-03 14:00:00,schloemer,L29,48,53,54.49509781038945,1.4643841694805815e-13,3.219646771412954e-15,6.115108419635362e-13,4,8,2184616.11112,34734.983586
2024-09-03 14:00:00,schloemer,L30,48,53,54.49509781038945,1.4643841694805815e-13,3.219646771412954e-15,6.115108419635362e-13,4,8,2184616.11112,34734.983586
2024-09-03 14:00:00,schloemer,L31,48,65,56.833810074248596,9.2237328885858e-13,1.2150835893010026e-11,1.0089618029951453e-10,4,8,2184616.11112,34734.983586
2024-09-03 14:00:00,schloemer,L32,48,65,56.833810074248596,9.2237328885858e-13,1.2150835893010026e-11,1.0089618029951453e-10,4,8,2184616.11112,34734.983586
2024-09-03 14:00:00,schloemer,L33,48,68,55.26511440622853,2.6778579353958776e-13,6.017408793468348e-14,1.552535877635819e-12,4,8,2184616.11112,34734.983586
2024-09-03 14:00:00,schloemer,L34,49,56,52.69811463686464,3.608224830031759e-14,0.0,1.4432899320127035e-13,4,8,2184616.11112,34734.983586
2024-09-03 14:00:00,schloemer,L35,50,51,50.820239868129875,8.548717289613705e-15,0.0,3.419486915845482e-14,4,8,2184616.11112,34734.983586
2024-09-03 14:00:00,schloemer,L36,50,57,51.39693067877597,1.3211653993039363e-14,0.0,5.284661597215745e-14,4,8,2184616.11112,34734.983586
2024-09-03 14:00:00,schloemer,L37,51,52,50.15663250799974,5.10702591327572e-15,0.0,2.042810365310288e-14,4,8,2184616.11112,34734.983586
2024-09-03 14:00:00,schloemer,L38,52,53,51.95640305757923,2.042810365310288e-14,0.0,8.171241461241152e-14,4,8,2184616.11112,34734.983586
2024-09-03 14:00:00,schloemer,L39,53,54,53.12088700174445,5.0182080713057076e-14,0.0,2.007283228522283e-13,4,8,2184616.11112,34734.983586
2024-09-03 14:00:00,schloemer,L40,53,55,52.877408083759455,4.1522341120980855e-14,0.0,1.6608936448392342e-13,4,8,2184616.11112,34734.983586
2024-09-03 14:00:00,schloemer,L41,53,58,53.952703198859474,9.581224702515101e-14,3.3306690738754696e-16,3.859135233597044e-13,4,8,2184616.11112,34734.983586
2024-09-03 14:00:00,schloemer,L42,54,55,52.54896834543415,3.219646771412954e-14,0.0,1.2878587085651816e-13,4,8,2184616.11112,34734.983586
2024-09-03 14:00:00,schloemer,L43,54,58,53.589566273724174,7.216449660063518e-14,1.1102230246251565e-16,2.8954616482224083e-13,4,8,2184616.11112,34734.983586
2024-09-03 14:00:00,schloemer,L44,55,56,52.185911802910226,2.4313884239290928e-14,0.0,9.725553695716371e-14,4,8,2184616.11112,34734.983586
2024-09-03 14:00:00,schloemer,L45,55,57,51.5877868060068,1.532107773982716e-14,0.0,6.128431095930864e-14,4,8,2184616.11112,34734.983586
2024-09-03 14:00:00,schloemer,L46,55,58,53.36252136982979,6.050715484207103e-14,0.0,2.4202861936828413e-13,4,8,2184616.11112,34734.983586
2024-09-03 14:00:00,schloemer,L47,55,58,53.36252136982979,6.050715484207103e-14,0.0,2.4202861936828413e-13,4,8,2184616.11112,34734.983586
2024-09-03 14:00:00,schloemer,L48,58,59,55.242891908600434,2.632338791386246e-13,5.540012892879531e-14,1.496136547984861e-12,4,8,2184616.11112,34734.983586
2024-09-03 14:00:00,schloemer,L49,58,60,55.657051009721506,3.644862189844389e-13,2.453592884421596e-13,3.4208191834750323e-12,4,8,2184616.11112,34734.983586
2024-09-03 14:00:00,schloemer,L50,59,60,56.49137213037882,7.037703753098867e-13,4.094835581724965e-12,3.5573766155039266e-11,4,8,2184616.11112,34734.983586
2024-09-03 14:00:00,schloemer,L51,59,61,56.97619554267549,1.0322853682964706e-12,1.888744716183055e-11,1.552287187678303e-10,4,8,2184616.11112,34734.983586
2024-09-03 14:00:00,schloemer,L52,60,61,57.41245565762298,1.457833853635293e-12,7.011979885618302e-11,5.667897262640054e-10,4,8,2184616.11112,34734.983586
2024-09-03 14:00:00,schloemer,L53,61,65,58.08814450874796,2.4894530881169885e-12,4.769900030510144e-10,3.825877836760583e-09,4,8,2184616.11112,34734.983586
2024-09-03 14:00:00,schloemer,L54,61,66,58.642651265493896,3.86335408109062e-12,2.0837574998822106e-09,1.6685513304359745e-08,4,8,2184616.11112,34734.983586
2024-09-03 14:00:00,schloemer,L55,62,58,55.358894876870714,2.8532731732866523e-13,8.260059303211165e-14,6.187272916235997e-12,13,30,2185148.89802,34751.629934
2024-09-03 14:00:00,schloemer,L56,62,63,57.465201922817506,1.5198953207118393e-12,8.184319888471236e-11,6.608251723605463e-10,4,8,2184616.11112,34734.983586
2024-09-03 14:00:00,schloemer,L57,63,60,57.79148313015399,1.9311219290329973e-12,2.021302014654225e-10,9.538741907455517e-09,20,47,2185512.78098,34763.759366
2024-09-03 14:00:00,schloemer,L58,63,64,59.77849117872635,9.50750589367999e-12,3.291835826146894e-08,2.6338486580623766e-07,4,8,2184616.11112,34734.983586
2024-09-03 14:00:00,schloemer,L59,64,65,59.5073253268597,7.51443351987291e-12,1.7045003186666463e-08,8.183101137815285e-07,20,48,2185545.98792,34764.866264
2024-09-03 14:00:00,schloemer,L60,64,67,60.07823998556307,1.1557754753255267e-11,6.09416730412704e-08,5.6679988971186646e-06,38,93,2186503.81292,34796.793764
2024-09-03 14:00:00,schloemer,L61,65,66,58.818520951884494,4.441447210012939e-12,3.2671143568308025e-09,2.6154680310419565e-08,4,8,2184616.11112,34734.983586
2024-09-03 14:00:00,schloemer,L62,67,68,56.87412015429458,9.25370891025068e-13,1.3037126933568288e-11,9.124350164313455e-10,28,68,2185978.45538,34779.281846
2024-09-03 14:00:00,schloemer,L63,68,69,52.695610265064026,3.608224830031759e-14,0.0,1.4432899320127035e-13,4,8,2184616.11112,34734.983586
2024-09-03 14:00:00,schloemer,L64,68,74,53.94870213278282,9.547918011776346e-14,3.3306690738754696e-16,3.8458125573015423e-13,4,8,2184616.11112,34734.983586
2024-09-03 14:00:00,schloemer,L65,68,76,55.3058236827676,2.765565554341265e-13,6.972200594645983e-14,1.6640022693081846e-12,4,8,2184616.11112,34734.983586
2024-09-03 14:00:00,schloemer,L66,69,70,49.35891600709128,2.7755575615628914e-15,0.0,1.1102230246251565e-14,4,8,2184616.11112,34734.983586
2024-09-03 14:00:00,schloemer,L67,69,73,50.86257166071342,8.770761894538737e-15,0.0,3.5083047578154947e-14,4,8,2184616.11112,34734.983586
2024-09-03 14:00:00,schloemer,L68,69,74,51.8393568999966,1.865174681370263e-14,0.0,7.460698725481052e-14,4,8,2184616.11112,34734.983586
2024-09-03 14:00:00,schloemer,L69,70,71,47.33392637643612,6.661338147750939e-16,0.0,2.6645352591003757e-15,4,8,2184616.11112,34734.983586
2024-09-03 14:00:00,schloemer,L70,70,72,47.30847288498273,6.661338147750939e-16,0.0,2.6645352591003757e-15,4,8,2184616.11112,34734.983586
2024-09-03 14:00:00,schloemer,L71,73,74,52.02567402895667,2.1538326677728037e-14,0.0,8.615330671091215e-14,4,8,2184616.11112,34734.983586
2024-09-03 14:00:00,schloemer,L72,74,76,54.320719818690876,1.27675647831893e-13,1.5543122344752192e-15,5.231370892033738e-13,4,8,2184616.11112,34734.983586
2024-09-03 14:00:00,schloemer,L73,74,117,52.64792702785865,3.47499806707674e-14,0.0,1.389999226830696e-13,4,8,2184616.11112,34734.983586
2024-09-03 14:00:00,schloemer,L74,75,76,54.50403035834354,1.474376176702208e-13,3.3306690738754696e-15,6.163958232718869e-13,4,8,2184616.11112,34734.983586
2024-09-03 14:00:00,schloemer,L75,75,117,52.82047609603537,3.9745984281580604e-14,0.0,1.5898393712632242e-13,4,8,2184616.11112,34734.983586
2024-09-03 14:00:00,schloemer,L76,76,77,55.36101793311353,2.887690087050032e-13,8.526512829121202e-14,1.837197061149709e-12,4,8,2184616.11112,34734.983586
2024-09-03 14:00:00,schloemer,L77,76,79,57.10394010597048,1.1420864254318985e-12,2.7903457322508984e-11,2.2779600428179947e-10,4,8,2184616.11112,34734.983586
2024-09-03 14:00:00,schloemer,L78,76,79,57.10394010597048,1.1420864254318985e-12,2.7903457322508984e-11,2.2779600428179947e-10,4,8,2184616.11112,34734.983586
2024-09-03 14:00:00,schloemer,L79,76,81,56.408417276712306,6.591394097199554e-13,3.128164394183841e-12,2.766187279235055e-11,4,8,2184616.11112,34734.983586
2024-09-03 14:00:00,schloemer,L80,77,78,55.58241519565858,3.4372504842394846e-13,1.8851586958135158e-13,2.8830271503466065e-12,4,8,2184616.11112,34734.983586
2024-09-03 14:00:00,schloemer,L81,78,79,57.33275361997107,1.368682944757893e-12,5.542222236698535e-11,4.488525107149144e-10,4,8,2184616.11112,34734.983586
2024-09-03 14:00:00,schloemer,L82,79,95,59.24009705884854,6.204259328512762e-12,9.281385771053863e-09,7.42759007632543e-08,4,8,2184616.11112,34734.983586
2024-09-03 14:00:00,schloemer,L83,79,96,58.92695630714908,4.8401282981558325e-12,4.293081667938736e-09,3.4364013301591e-08,4,8,2184616.11112,34734.983586
2024-09-03 14:00:00,schloemer,L84,79,97,58.34079192837083,3.0412339313556913e-12,9.439381498665966e-10,7.563670134658196e-09,4,8,2184616.11112,34734.983586
2024-09-03 14:00:00,schloemer,L85,79,98,59.85499654445185,1.01019193010643e-11,3.917270507969306e-08,3.134220053491177e-07,4,8,2184616.11112,34734.983586
2024-09-03 14:00:00,schloemer,L86,80,67,59.3464304729685,6.5393246373446345e-12,1.1440151381769681e-08,8.238867446053177e-07,30,72,2186055.70436,34781.856812
2024-09-03 14:00:00,schloemer,L87,80,79,59.104734596147196,5.408562486763913e-12,6.37585151341824e-09,4.4008509869630785e-07,28,69,2185981.58126,34779.386042
2024-09-03 14:00:00,schloemer,L88,81,82,56.63786666268604,7.901457266257239e-13,6.551648112917974e-12,5.5573767809846686e-11,4,8,2184616.11112,34734.983586
2024-09-03 14:00:00,schloemer,L89,81,95,58.45501290070206,3.329447828548382e-12,1.277541628041945e-09,1.0233650815649753e-08,4,8,2184616.11112,34734.983586
2024-09-03 14:00:00,schloemer,L90,93,95,60.822112096299904,2.1733392863154677e-11,3.1264452293733314e-07,2.501240379926273e-06,4,8,2184616.11112,34734.983586
2024-09-03 14:00:00,schloemer,L91,95,96,59.51278759933062,7.701728144127173e-12,1.778745195579745e-08,1.4233041367717192e-07,4,8,2184616.11112,34734.983586
2024-09-03 14:00:00,schloemer,L92,115,67,59.49081288719807,7.487344078072056e-12,1.661650339546128e-08,4.819758218088666e-07,13,29,2185126.88168,34750.896056
2024-09-03 15:00:00,schloemer,L0,22,23,45.850987397993535,2.220446049250313e-16,0.0,8.881784197001252e-16,4,8,2184616.11112,34734.983586
2024-09-03 15:00:00,schloemer,L1,23,69,48.28328326384072,1.2212453270876722e-15,0.0,4.884981308350689e-15,4,8,2184616.11112,34734.983586
2024-09-03 15:00:00,schloemer,L2,23,71,46.370054156410966,3.3306690738754696e-16,0.0,1.3322676295501878e-15,4,8,2184616.11112,34734.983586
2024-09-03 15:00:00,schloemer,L3,29,37,65.44474162961124,8.164483533690259e-10,0.00045729533245986165,0.003652515933125988,4,8,2184616.11112,34734.983586
2024-09-03 15:00:00,schloemer,L4,32,36,69.60229152445399,1.9130199535588588e-08,0.020352241519241532,0.15168028591499916,4,8,2184616.11112,34734.983586
2024-09-03 15:00:00,schloemer,L5,33,36,66.82706232304824,2.364986650960077e-09,0.002043932921449554,0.016234975104395755,4,8,2184616.11112,34734.983586
2024-09-03 15:00:00,schloemer,L6,33,42,63.9364825486408,2.5250479485094957e-10,6.467070468507696e-05,0.0005172495577212555,4,8,2184616.11112,34734.983586
2024-09-03 15:00:00,schloemer,L7,34,36,69.8086075810554,2.2284366352209872e-08,0.023373766112004257,0.1723874849310082,4,8,2184616.11112,34734.983586
2024-09-03 15:00:00,schloemer,L8,36,38,68.15140293782228,6.4663441268209e-09,0.006813433839962468,0.05322521726930496,4,8,2184616.11112,34734.983586
2024-09-03 15:00:00,schloemer,L9,36,39,66.39970141566246,1.7046180023072566e-09,0.0013228136150792436,0.010533649672663015,4,8,2184616.11112,34734.983586
2024-09-03 15:00:00,schloemer,L10,37,36,66.1339342193647,1.359727774818964e-09,0.0009818963860673824,0.04605971876171744,20,48,2185542.33716,34764.744572
2024-09-03 15:00:00,schloemer,L11,37,64,61.884236621027554,5.032396721560417e-11,2.396709748442305e-06,1.9173718442178078e-05,4,8,2184616.11112,34734.983586
2024-09-03 15:00:00,schloemer,L12,38,39,66.47715270961234,1.8090070552645443e-09,0.0014339033988659544,0.011413828938220183,4,8,2184616.11112,34734.983586
2024-09-03 15:00:00,schloemer,L13,39,40,63.80241660805924,2.27366458993572e-10,5.338371910901252e-05,0.00042699087546749226,4,8,2184616.11112,34734.983586
2024-09-03 15:00:00,schloemer,L14,39,41,62.21980265321117,6.557487886027502e-11,4.34107144786644e-06,3.472830622064382e-05,4,8,2184616.11112,34734.983586
2024-09-03 15:00:00,schloemer,L15,40,41,61.298511778744235,3.168187934221578e-11,8.034420255764729e-07,6.427644856810133e-06,4,8,2184616.11112,34734.983586
2024-09-03 15:00:00,schloemer,L16,41,48,56.994961753379215,1.0477174683387602e-12,2.000832832749211e-11,1.642574964932919e-10,4,8,2184616.11112,34734.983586
2024-09-03 15:00:00,schloemer,L17,41,48,56.994961753379215,1.0477174683387602e-12,2.000832832749211e-11,1.642574964932919e-10,4,8,2184616.11112,34734.983586
2024-09-03 15:00:00,schloemer,L18,42,43,60.54240471285763,1.7415957564992368e-11,1.7539162622259852e-07,1.4032018121890033e-06,4,8,2184616.11112,34734.983586
2024-09-03 15:00:00,schloemer,L19,43,44,57.33644070283755,1.3726797476465435e-12,5.603106867368979e-11,4.537392683801045e-10,4,8,2184616.11112,34734.983586
2024-09-03 15:00:00,schloemer,L20,44,45,54.71935085760364,1.745270594710746e-13,7.771561172376096e-15,7.602807272633072e-13,4,8,2184616.11112,34734.983586
2024-09-03 15:00:00,schloemer,L21,44,48,55.1242873322751,2.398081733190338e-13,3.574918139293004e-14,1.2452261444195756e-12,4,8,2184616.11112,34734.983586
2024-09-03 15:00:00,schloemer,L22,45,46,53.66641420147484,7.66053886991358e-14,1.1102230246251565e-16,3.0730973321624333e-13,4,8,2184616.11112,34734.983586
2024-09-03 15:00:00,schloemer,L23,45,47,53.0312510787891,4.674038933671909e-14,0.0,1.8696155734687636e-13,4,8,2184616.11112,34734.983586
2024-09-03 15:00:00,schloemer,L24,46,48,54.08656980414977,1.0635936575909e-13,6.661338147750939e-16,4.3076653355456074e-13,4,8,2184616.11112,34734.983586
2024-09-03 15:00:00,schloemer,L25,46,68,53.77342444929656,8.326672684688674e-14,2.220446049250313e-16,3.348432642269472e-13,4,8,2184616.11112,34734.983586
2024-09-03 15:00:00,schloemer,L26,47,48,53.41689826567932,6.306066779870889e-14,0.0,2.5224267119483557e-13,4,8,2184616.11112,34734.983586
2024-09-03 15:00:00,schloemer,L27,48,49,53.393553358200414,6.195044477408373e-14,0.0,2.4780177909633494e-13,4,8,2184616.11112,34734.983586
2024-09-03 15:00:00,schloemer,L28,48,50,52.67604423486139,3.552713678800501e-14,0.0,1.4210854715202004e-13,4,8,2184616.11112,34734.983586
2024-09-03 15:00:00,schloemer,L29,48,53,53.49828934788258,6.727951529228449e-14,0.0,2.6911806116913795e-13,4,8,2184616.11112,34734.983586
2024-09-03 15:00:00,schloemer,L30,48,53,53.49828934788258,6.727951529228449e-14,0.0,2.6911806116913795e-13,4,8,2184616.11112,34734.983586
2024-09-03 15:00:00,schloemer,L31,48,65,55.73791910605574,3.8846703631634227e-13,3.2573943542502093e-13,4.1597836286655365e-12,4,8,2184616.11112,34734.983586
2024-09-03 15:00:00,schloemer,L32,48,65,55.73791910605574,3.8846703631634227e-13,3.2573943542502093e-13,4.1597836286655365e-12,4,8,2184616.11112,34734.983586
2024-09-03 15:00:00,schloemer,L33,48,68,54.210050170035764,1.1712852909795402e-13,9.992007221626409e-16,4.765077221691172e-13,4,8,2184616.11112,34734.983586
2024-09-03 15:00:00,schloemer,L34,49,56,51.77774588940702,1.7763568394002505e-14,0.0,7.105427357601002e-14,4,8,2184616.11112,34734.983586
2024-09-03 15:00:00,schloemer,L35,50,51,49.971233033842296,4.440892098500626e-15,0.0,1.7763568394002505e-14,4,8,2184616.11112,34734.983586
2024-09-03 15:00:00,schloemer,L36,50,57,50.52838387688979,6.8833827526759706e-15,0.0,2.7533531010703882e-14,4,8,2184616.11112,34734.983586
2024-09-03 15:00:00,schloemer,L37,51,52,49.34324906088265,2.7755575615628914e-15,0.0,1.1102230246251565e-14,4,8,2184616.11112,34734.983586
2024-09-03 15:00:00,schloemer,L38,52,53,51.07920220350303,1.0436096431476471e-14,0.0,4.1744385725905886e-14,4,8,2184616.11112,34734.983586
2024-09-03 15:00:00,schloemer,L39,53,54,52.20723658269005,2.475797344914099e-14,0.0,9.903189379656396e-14,4,8,2184616.11112,34734.983586
2024-09-03 15:00:00,schloemer,L40,53,55,51.96796561606411,2.0539125955565396e-14,0.0,8.215650382226158e-14,4,8,2184616.11112,34734.983586
2024-09-03 15:00:00,schloemer,L41,53,58,53.00817169421352,4.596323321948148e-14,0.0,1.8385293287792592e-13,4,8,2184616.11112,34734.983586
2024-09-03 15:00:00,schloemer,L42,54,55,51.663596727063485,1.63202784619898e-14,0.0,6.52811138479592e-14,4,8,2184616.11112,34734.983586
2024-09-03 15:00:00,schloemer,L43,54,58,52.67188765159551,3.5416114485542494e-14,0.0,1.4166445794216997e-13,4,8,2184616.11112,34734.983586
2024-09-03 15:00:00,schloemer,L44,55,56,51.30076849091739,1.2323475573339238e-14,0.0,4.929390229335695e-14,4,8,2184616.11112,34734.983586
2024-09-03 15:00:00,schloemer,L45,55,57,50.72627819028724,7.993605777301127e-15,0.0,3.197442310920451e-14,4,8,2184616.11112,34734.983586
2024-09-03 15:00:00,schloemer,L46,55,58,52.44752806100866,2.9753977059954195e-14,0.0,1.1901590823981678e-13,4,8,2184616.11112,34734.983586
2024-09-03 15:00:00,schloemer,L47,55,58,52.44752806100866,2.9753977059954195e-14,0.0,1.1901590823981678e-13,4,8,2184616.11112,34734.983586
2024-09-03 15:00:00,schloemer,L48,58,59,54.274139712118405,1.2312373343092986e-13,1.3322676295501878e-15,5.031530747601209e-13,4,8,2184616.11112,34734.983586
2024-09-03 15:00:00,schloemer,L49,58,60,54.66658330010175,1.674216321134736e-13,6.328271240363392e-15,7.203126983768016e-13,4,8,2184616.11112,34734.983586
2024-09-03 15:00:00,schloemer,L50,59,60,55.4805550324036,3.1730174043786974e-13,1.31117339208231e-13,2.318145675417327e-12,4,8,2184616.11112,34734.983586
2024-09-03 15:00:00,schloemer,L51,59,61,55.94015792985414,4.556355293061642e-13,6.550315845288424e-13,7.062794793455396e-12,4,8,2184616.11112,34734.983586
2024-09-03 15:00:00,schloemer,L52,60,61,56.353056825918294,6.309397448944765e-13,2.6102453531962055e-12,2.340572180514755e-11,4,8,2184616.11112,34734.983586
2024-09-03 15:00:00,schloemer,L53,61,65,56.97459647817268,1.0309531006669204e-12,1.879474353927435e-11,1.5448176071686248e-10,4,8,2184616.11112,34734.983586
2024-09-03 15:00:00,schloemer,L54,61,66,57.523616856071094,1.5918377727075494e-12,9.703093883928204e-11,7.826148618050865e-10,4,8,2184616.11112,34734.983586
2024-09-03 15:00:00,schloemer,L55,62,58,54.37575202007497,1.3200551762793111e-13,1.9984014443252818e-15,1.776023772492863e-12,13,30,2185148.89802,34751.629934
2024-09-03 15:00:00,schloemer,L56,62,63,56.38984440716372,6.495914917081791e-13,2.9442004390034526e-12,2.6151969478860337e-11,4,8,2184616.11112,34734.983586
2024-09-03 15:00:00,schloemer,L57,63,60,56.707625779332545,8.195666367782906e-13,7.879363828067198e-12,3.8672143265472414e-10,20,47,2185512.78098,34763.759366
2024-09-03 15:00:00,schloemer,L58,63,64,58.57811486997376,3.670730386318155e-12,1.7629847581801528e-09,1.4118560875964192e-08,4,8,2184616.11112,34734.983586
2024-09-03 15:00:00,schloemer,L59,64,65,58.308489408112564,2.9060087669563472e-12,8.376512816710147e-10,4.026538091839171e-08,20,48,2185545.98792,34764.866264
2024-09-03 15:00:00,schloemer,L60,64,67,58.82742584770396,4.2913450570836176e-12,3.1332968442043807e-09,2.9155963565674625e-07,38,93,2186503.81292,34796.793764
2024-09-03 15:00:00,schloemer,L61,65,66,57.67120823610233,1.7892354264859023e-12,1.4849010909756544e-10,1.1950778144864671e-09,4,8,2184616.11112,34734.983586
2024-09-03 15:00:00,schloemer,L62,67,68,55.748897726974725,3.810285420513537e-13,3.185229857649574e-13,3.232836220945501e-11,28,68,2185978.45538,34779.281846
2024-09-03 15:00:00,schloemer,L63,68,69,51.7436675664416,1.7319479184152442e-14,0.0,6.927791673660977e-14,4,8,2184616.11112,34734.983586
2024-09-03 15:00:00,schloemer,L64,68,74,52.94643068508616,4.374278717023117e-14,0.0,1.7497114868092467e-13,4,8,2184616.11112,34734.983586
2024-09-03 15:00:00,schloemer,L65,68,76,54.25005440779438,1.2079226507921703e-13,1.2212453270876722e-15,4.929390229335695e-13,4,8,2184616.11112,34734.983586
2024-09-03 15:00:00,schloemer,L66,69,70,48.54321846171341,1.5543122344752192e-15,0.0,6.217248937900877e-15,4,8,2184616.11112,34734.983586
2024-09-03 15:00:00,schloemer,L67,69,73,49.987328953719505,4.551914400963142e-15,0.0,1.8207657603852567e-14,4,8,2184616.11112,34734.983586
2024-09-03 15:00:00,schloemer,L68,69,74,50.924941162319335,9.2148511043888e-15,0.0,3.68594044175552e-14,4,8,2184616.11112,34734.983586
2024-09-03 15:00:00,schloemer,L69,70,71,46.59696036283322,3.3306690738754696e-16,0.0,1.3322676295501878e-15,4,8,2184616.11112,34734.983586
2024-09-03 15:00:00,schloemer,L70,70,72,46.57557524103767,3.3306690738754696e-16,0.0,1.3322676295501878e-15,4,8,2184616.11112,34734.983586
2024-09-03 15:00:00,schloemer,L71,73,74,51.10547046026336,1.0658141036401503e-14,0.0,4.263256414560601e-14,4,8,2184616.11112,34734.983586
2024-09-03 15:00:00,schloemer,L72,74,76,53.3108267704045,5.806466418789569e-14,0.0,2.3225865675158275e-13,4,8,2184616.11112,34734.983586
2024-09-03 15:00:00,schloemer,L73,74,117,51.705697088451146,1.6764367671839864e-14,0.0,6.705747068735946e-14,4,8,2184616.11112,34734.983586
2024-09-03 15:00:00,schloemer,L74,75,76,53.494160785990104,6.705747068735946e-14,0.0,2.682298827494378e-13,4,8,2184616.11112,34734.983586
2024-09-03 15:00:00,schloemer,L75,75,117,51.87819910337743,1.9206858326015208e-14,0.0,7.682743330406083e-14,4,8,2184616.11112,34734.983586
2024-09-03 15:00:00,schloemer,L76,76,77,54.32074980544459,1.27675647831893e-13,1.5543122344752192e-15,5.231370892033738e-13,4,8,2184616.11112,34734.983586
2024-09-03 15:00:00,schloemer,L77,76,79,55.99222379145147,4.747313653297169e-13,7.822631431508853e-13,8.15703060652595e-12,4,8,2184616.11112,34734.983586
2024-09-03 15:00:00,schloemer,L78,76,79,55.99222379145147,4.747313653297169e-13,7.822631431508853e-13,8.15703060652595e-12,4,8,2184616.11112,34734.983586
2024-09-03 15:00:00,schloemer,L79,76,81,55.32940125400695,2.816635813474022e-13,7.605027718682322e-14,1.7350565428841946e-12,4,8,2184616.11112,34734.983586
2024-09-03 15:00:00,schloemer,L80,77,78,54.54723951049581,1.52433621281034e-13,3.9968028886505635e-15,6.417089082333405e-13,4,8,2184616.11112,34734.983586
2024-09-03 15:00:00,schloemer,L81,78,79,56.22724394566757,5.713207684721056e-13,1.723510223428093e-12,1.6073364861313166e-11,4,8,2184616.11112,34734.983586
2024-09-03 15:00:00,schloemer,L82,79,95,58.06225366963001,2.4388269181940814e-12,4.4430503720604975e-10,3.5641956053211743e-09,4,8,2184616.11112,34734.983586
2024-09-03 15:00:00,schloemer,L83,79,96,57.76450946211873,1.9264589923295716e-12,1.9366352965732858e-10,1.557014073227947e-09,4,8,2184616.11112,34734.983586
2024-09-03 15:00:00,schloemer,L84,79,97,57.20080566898531,1.2330136911486989e-12,3.738420684129551e-11,3.0400570949495886e-10,4,8,2184616.11112,34734.983586
2024-09-03 15:00:00,schloemer,L85,79,98,58.64537651476605,3.871791776077771e-12,2.0984657345124447e-09,1.6803212932181566e-08,4,8,2184616.11112,34734.983586
2024-09-03 15:00:00,schloemer,L86,80,67,58.11770242961241,2.4704682743958983e-12,4.907844131096795e-10,3.5410591125994983e-08,30,72,2186055.70436,34781.856812
2024-09-03 15:00:00,schloemer,L87,80,79,57.90395320562026,2.089328710042082e-12,2.725224490518485e-10,1.886254996641412e-08,28,69,2185981.58126,34779.386042
2024-09-03 15:00:00,schloemer,L88,81,82,55.57922942249367,3.4283687000424834e-13,1.8640644583456378e-13,2.8625990466935036e-12,4,8,2184616.11112,34734.983586
2024-09-03 15:00:00,schloemer,L89,81,95,57.315145313744914,1.3496981310368028e-12,5.2601811795227604e-11,4.2621328688596805e-10,4,8,2184616.11112,34734.983586
2024-09-03 15:00:00,schloemer,L90,93,95,59.608270555363994,8.307354804060196e-12,2.223674988588442e-08,1.779272146285038e-07,4,8,2184616.11112,34734.983586
2024-09-03 15:00:00,schloemer,L91,95,96,58.34066224966916,3.0409008644483038e-12,9.436118553196593e-10,7.561058446015068e-09,4,8,2184616.11112,34734.983586
2024-09-03 15:00:00,schloemer,L92,115,67,58.255272528664605,2.812083899073059e-12,7.371098176278679e-10,2.1412741579851513e-08,13,29,2185126.88168,34750.896056
2024-09-03 16:00:00,schloemer,L0,22,23,45.139039004368065,1.1102230246251565e-16,0.0,4.440892098500626e-16,4,8,2184616.11112,34734.983586
2024-09-03 16:00:00,schloemer,L1,23,69,47.481522557931484,6.661338147750939e-16,0.0,2.6645352591003757e-15,4,8,2184616.11112,34734.983586
2024-09-03 16:00:00,schloemer,L2,23,71,45.64090764016307,2.220446049250313e-16,0.0,8.881784197001252e-16,4,8,2184616.11112,34734.983586
2024-09-03 16:00:00,schloemer,L3,29,37,64.01693974621253,2.688961275865154e-10,7.245344327644343e-05,0.0005794816564297367,4,8,2184616.11112,34734.983586
2024-09-03 16:00:00,schloemer,L4,32,36,67.98916808085274,5.7210773896088085e-09,0.005944781795764742,0.04658042222033032,4,8,2184616.11112,34734.983586
2024-09-03 16:00:00,schloemer,L5,33,36,65.31675396770619,7.39421190942835e-10,0.00039270162732696345,0.0031373013488276147,4,8,2184616.11112,34734.983586
2024-09-03 16:00:00,schloemer,L6,33,42,62.533855505811886,8.398459705460937e-11,7.416076755695222e-06,5.9327410037335326e-05,4,8,2184616.11112,34734.983586
2024-09-03 16:00:00,schloemer,L7,34,36,68.20487790953342,6.7323502328520135e-09,0.007122092287277337,0.055576537783758706,4,8,2184616.11112,34734.983586
2024-09-03 16:00:00,schloemer,L8,36,38,66.58163405999264,1.959896467340627e-09,0.001596672418890499,0.012702232425840121,4,8,2184616.11112,34734.983586
2024-09-03 16:00:00,schloemer,L9,36,39,64.89293917282102,5.322124962958696e-10,0.00023304131982082588,0.0018628127607955847,4,8,2184616.11112,34734.983586
2024-09-03 16:00:00,schloemer,L10,37,36,64.65582595744418,4.3315251385678266e-10,0.00016890491612120417,0.008075347186295878,20,48,2185542.33716,34764.744572
2024-09-03 16:00:00,schloemer,L11,37,64,60.566476972717574,1.7751133896126703e-11,1.8446871896671269e-07,1.475819803364864e-06,4,8,2184616.11112,34734.983586
2024-09-03 16:00:00,schloemer,L12,38,39,64.95898575137096,5.602333041920815e-10,0.0002532411349376318,0.0020241365550576207,4,8,2184616.11112,34734.983586
2024-09-03 16:00:00,schloemer,L13,39,40,62.384624181536715,7.467104712333139e-11,5.763823708204718e-06,4.610995814025021e-05,4,8,2184616.11112,34734.983586
2024-09-03 16:00:00,schloemer,L14,39,41,60.8678673777916,2.2534862864631577e-11,3.430653189306909e-07,2.7446093951999373e-06,4,8,2184616.11112,34734.983586
2024-09-03 16:00:00,schloemer,L15,40,41,59.98124179737948,1.116506886944535e-11,5.203183184310234e-08,4.162992391920639e-07,4,8,2184616.11112,34734.983586
2024-09-03 16:00:00,schloemer,L16,41,48,55.85750996310624,4.268807529683727e-13,4.932720898409571e-13,5.653699730601147e-12,4,8,2184616.11112,34734.983586
2024-09-03 16:00:00,schloemer,L17,41,48,55.85750996310624,4.268807529683727e-13,4.932720898409571e-13,5.653699730601147e-12,4,8,2184616.11112,34734.983586
2024-09-03 16:00:00,schloemer,L18,42,43,59.26803322382051,6.343259251195832e-12,9.929769451133552e-09,7.946352587051564e-08,4,8,2184616.11112,34734.983586
2024-09-03 16:00:00,schloemer,L19,43,44,56.1859464297486,5.530020885657905e-13,1.5021317523178368e-12,1.4229062372805856e-11,4,8,2184616.11112,34734.983586
2024-09-03 16:00:00,schloemer,L20,44,45,53.67019892341527,7.682743330406083e-14,1.1102230246251565e-16,3.0819791163594346e-13,4,8,2184616.11112,34734.983586
2024-09-03 16:00:00,schloemer,L21,44,48,54.062607422709675,1.0436096431476471e-13,5.551115123125783e-16,4.218847493575595e-13,4,8,2184616.11112,34734.983586
2024-09-03 16:00:00,schloemer,L22,45,46,52.65530298275674,3.497202527569243e-14,0.0,1.3988810110276972e-13,4,8,2184616.11112,34734.983586
2024-09-03 16:00:00,schloemer,L23,45,47,52.04933700133192,2.1871393585115584e-14,0.0,8.748557434046234e-14,4,8,2184616.11112,34734.983586
2024-09-03 16:00:00,schloemer,L24,46,48,53.06121864666766,4.785061236134425e-14,0.0,1.91402449445377e-13,4,8,2184616.11112,34734.983586
2024-09-03 16:00:00,schloemer,L25,46,68,52.753720874108126,3.774758283725532e-14,0.0,1.509903313490213e-13,4,8,2184616.11112,34734.983586
2024-09-03 16:00:00,schloemer,L26,47,48,52.42301036276525,2.919886554764162e-14,0.0,1.1679546219056647e-13,4,8,2184616.11112,34734.983586
2024-09-03 16:00:00,schloemer,L27,48,49,52.40794509079947,2.886579864025407e-14,0.0,1.1546319456101628e-13,4,8,2184616.11112,34734.983586
2024-09-03 16:00:00,schloemer,L28,48,50,51.71938246064931,1.6986412276764895e-14,0.0,6.794564910705958e-14,4,8,2184616.11112,34734.983586
2024-09-03 16:00:00,schloemer,L29,48,53,52.51635549345456,3.141931159689193e-14,0.0,1.2567724638756772e-13,4,8,2184616.11112,34734.983586
2024-09-03 16:00:00,schloemer,L30,48,53,52.51635549345456,3.141931159689193e-14,0.0,1.2567724638756772e-13,4,8,2184616.11112,34734.983586
2024-09-03 16:00:00,schloemer,L31,48,65,54.6627400770623,1.6697754290362354e-13,6.217248937900877e-15,7.176481631177012e-13,4,8,2184616.11112,34734.983586
2024-09-03 16:00:00,schloemer,L32,48,65,54.6627400770623,1.6697754290362354e-13,6.217248937900877e-15,7.176481631177012e-13,4,8,2184616.11112,34734.983586
2024-09-03 16:00:00,schloemer,L33,48,68,53.17519932087947,5.229150445984487e-14,0.0,2.091660178393795e-13,4,8,2184616.11112,34734.983586
2024-09-03 16:00:00,schloemer,L34,49,56,50.86768152411755,8.881784197001252e-15,0.0,3.552713678800501e-14,4,8,2184616.11112,34734.983586
2024-09-03 16:00:00,schloemer,L35,50,51,49.12882188186481,2.3314683517128287e-15,0.0,9.325873406851315e-15,4,8,2184616.11112,34734.983586
2024-09-03 16:00:00,schloemer,L36,50,57,49.66727825197058,3.552713678800501e-15,0.0,1.4210854715202004e-14,4,8,2184616.11112,34734.983586
2024-09-03 16:00:00,schloemer,L37,51,52,48.53386778505956,1.5543122344752192e-15,0.0,6.217248937900877e-15,4,8,2184616.11112,34734.983586
2024-09-03 16:00:00,schloemer,L38,52,53,50.20894661059619,5.329070518200751e-15,0.0,2.1316282072803006e-14,4,8,2184616.11112,34734.983586
2024-09-03 16:00:00,schloemer,L39,53,54,51.30176809100409,1.2323475573339238e-14,0.0,4.929390229335695e-14,4,8,2184616.11112,34734.983586
2024-09-03 16:00:00,schloemer,L40,53,55,51.06689036684647,1.0325074129013956e-14,0.0,4.1300296516055823e-14,4,8,2184616.11112,34734.983586
2024-09-03 16:00:00,schloemer,L41,53,58,52.07329781818078,2.2315482794965646e-14,0.0,8.926193117986259e-14,4,8,2184616.11112,34734.983586
2024-09-03 16:00:00,schloemer,L42,54,55,50.78448500189128,8.326672684688674e-15,0.0,3.3306690738754696e-14,4,8,2184616.11112,34734.983586
2024-09-03 16:00:00,schloemer,L43,54,58,51.76149371277612,1.7541523789077473e-14,0.0,7.016609515630989e-14,4,8,2184616.11112,34734.983586
2024-09-03 16:00:00,schloemer,L44,55,56,50.422915489134134,6.328271240363392e-15,0.0,2.531308496145357e-14,4,8,2184616.11112,34734.983586
2024-09-03 16:00:00,schloemer,L45,55,57,49.87078846659743,4.107825191113079e-15,0.0,1.6431300764452317e-14,4,8,2184616.11112,34734.983586
2024-09-03 16:00:00,schloemer,L46,55,58,51.54016208930913,1.4765966227514582e-14,0.0,5.906386491005833e-14,4,8,2184616.11112,34734.983586
2024-09-03 16:00:00,schloemer,L47,55,58,51.54016208930913,1.4765966227514582e-14,0.0,5.906386491005833e-14,4,8,2184616.11112,34734.983586
2024-09-03 16:00:00,schloemer,L48,58,59,53.314153026552155,5.828670879282072e-14,0.0,2.3314683517128287e-13,4,8,2184616.11112,34734.983586
2024-09-03 16:00:00,schloemer,L49,58,60,53.686411453298305,7.782663402622347e-14,1.1102230246251565e-16,3.12194714524594e-13,4,8,2184616.11112,34734.983586
2024-09-03 16:00:00,schloemer,L50,59,60,54.47998543003376,1.446620601086579e-13,2.9976021664879227e-15,6.02629057766535e-13,4,8,2184616.11112,34734.983586
2024-09-03 16:00:00,schloemer,L51,59,61,54.91611924660264,2.036149027162537e-13,1.6431300764452317e-14,9.459100169806334e-13,4,8,2184616.11112,34734.983586
2024-09-03 16:00:00,schloemer,L52,60,61,55.30732933148637,2.7688962234151404e-13,7.016609515630989e-14,1.6688872506165353e-12,4,8,2184616.11112,34734.983586
2024-09-03 16:00:00,schloemer,L53,61,65,55.87982642325473,4.3443026953582375e-13,5.325739849126876e-13,5.998312957444796e-12,4,8,2184616.11112,34734.983586
2024-09-03 16:00:00,schloemer,L54,61,66,56.42212268563026,6.66355859380019e-13,3.270939075150636e-12,2.8832936038725165e-11,4,8,2184616.11112,34734.983586
2024-09-03 16:00:00,schloemer,L55,62,58,53.402902286530264,6.183942247162122e-14,0.0,8.039124921310759e-13,13,30,2185148.89802,34751.629934
2024-09-03 16:00:00,schloemer,L56,62,63,55.330164693433,2.8188562595232725e-13,7.627232179174825e-14,1.737721078143295e-12,4,8,2184616.11112,34734.983586
2024-09-03 16:00:00,schloemer,L57,63,60,55.63947189306789,3.530509218307998e-13,2.2160051571518125e-13,1.7476242675229514e-11,20,47,2185512.78098,34763.759366
2024-09-03 16:00:00,schloemer,L58,63,64,57.402615137913095,1.4465095787841165e-12,6.811984309962327e-11,5.507447831121226e-10,4,8,2184616.11112,34734.983586
2024-09-03 16:00:00,schloemer,L59,64,65,57.13534134803214,1.1481926520673369e-12,2.9580005111995433e-11,1.4428040984171275e-09,20,48,2185545.98792,34764.866264
2024-09-03 16:00:00,schloemer,L60,64,67,57.60767885307351,1.6338042030383804e-12,1.1517520270842851e-10,1.0773378300577008e-08,38,93,2186503.81292,34796.793764
2024-09-03 16:00:00,schloemer,L61,65,66,56.54477637156166,7.340794638821535e-13,4.864109115487736e-12,4.18491907794305e-11,4,8,2184616.11112,34734.983586
2024-09-03 16:00:00,schloemer,L62,67,68,54.64818298512018,1.6053824936079764e-13,5.440092820663267e-15,4.864997293907436e-12,28,68,2185978.45538,34779.281846
2024-09-03 16:00:00,schloemer,L63,68,69,50.80581609418529,8.43769498715119e-15,0.0,3.375077994860476e-14,4,8,2184616.11112,34734.983586
2024-09-03 16:00:00,schloemer,L64,68,74,51.96112910570294,2.042810365310288e-14,0.0,8.171241461241152e-14,4,8,2184616.11112,34734.983586
2024-09-03 16:00:00,schloemer,L65,68,76,53.214149573656854,5.384581669432009e-14,0.0,2.1538326677728037e-13,4,8,2184616.11112,34734.983586
2024-09-03 16:00:00,schloemer,L66,69,70,47.73343900515581,8.881784197001252e-16,0.0,3.552713678800501e-15,4,8,2184616.11112,34734.983586
2024-09-03 16:00:00,schloemer,L67,69,73,49.121409004847436,2.3314683517128287e-15,0.0,9.325873406851315e-15,4,8,2184616.11112,34734.983586
2024-09-03 16:00:00,schloemer,L68,69,74,50.022119536387166,4.6629367034256575e-15,0.0,1.865174681370263e-14,4,8,2184616.11112,34734.983586
2024-09-03 16:00:00,schloemer,L69,70,71,45.86151848188124,2.220446049250313e-16,0.0,8.881784197001252e-16,4,8,2184616.11112,34734.983586
2024-09-03 16:00:00,schloemer,L70,70,72,45.84372557507615,2.220446049250313e-16,0.0,8.881784197001252e-16,4,8,2184616.11112,34734.983586
2024-09-03 16:00:00,schloemer,L71,73,74,50.19703167084892,5.329070518200751e-15,0.0,2.1316282072803006e-14,4,8,2184616.11112,34734.983586
2024-09-03 16:00:00,schloemer,L72,74,76,52.317571034912895,2.6867397195928788e-14,0.0,1.0746958878371515e-13,4,8,2184616.11112,34734.983586
2024-09-03 16:00:00,schloemer,L73,74,117,50.77621511039706,8.215650382226158e-15,0.0,3.2862601528904634e-14,4,8,2184616.11112,34734.983586
2024-09-03 16:00:00,schloemer,L74,75,76,52.500202562499304,3.097522238704187e-14,0.0,1.2390088954816747e-13,4,8,2184616.11112,34734.983586
2024-09-03 16:00:00,schloemer,L75,75,117,50.94802994994953,9.43689570931383e-15,0.0,3.774758283725532e-14,4,8,2184616.11112,34734.983586
2024-09-03 16:00:00,schloemer,L76,76,77,53.297686402121954,5.750955267558311e-14,0.0,2.3003821070233244e-13,4,8,2184616.11112,34734.983586
2024-09-03 16:00:00,schloemer,L77,76,79,54.90174259092362,2.0128343436454088e-13,1.554312234475219e-14,9.29478716216181e-13,4,8,2184616.11112,34734.983586
2024-09-03 16:00:00,schloemer,L78,76,79,54.90174259092362,2.0128343436454088e-13,1.554312234475219e-14,9.29478716216181e-13,4,8,2184616.11112,34734.983586
2024-09-03 16:00:00,schloemer,L79,76,81,54.26937496294237,1.226796442210798e-13,1.3322676295501878e-15,5.013767179207207e-13,4,8,2184616.11112,34734.983586
2024-09-03 16:00:00,schloemer,L80,77,78,53.52763289997557,6.872280522429719e-14,1.1102230246251565e-16,2.757793993168889e-13,4,8,2184616.11112,34734.983586
2024-09-03 16:00:00,schloemer,L81,78,79,55.14106907811539,2.4291679778798425e-13,3.808064974464287e-14,1.27631238910908e-12,4,8,2184616.11112,34734.983586
2024-09-03 16:00:00,schloemer,L82,79,95,56.90704230573178,9.773293285775253e-13,1.52575729828186e-11,1.259699011768589e-10,4,8,2184616.11112,34734.983586
2024-09-03 16:00:00,schloemer,L83,79,96,56.623616290495896,7.812639424287227e-13,6.260769680466183e-12,5.321121321344435e-11,4,8,2184616.11112,34734.983586
2024-09-03 16:00:00,schloemer,L84,79,97,56.08133669907082,5.092593013955593e-13,1.0578204978628492e-12,1.049960118848503e-11,4,8,2184616.11112,34734.983586
2024-09-03 16:00:00,schloemer,L85,79,98,57.46074869310587,1.5145662501936386e-12,8.078460123073228e-11,6.523350748466328e-10,4,8,2184616.11112,34734.983586
2024-09-03 16:00:00,schloemer,L86,80,67,56.919394319835476,9.57456336436735e-13,1.4958367877682122e-11,1.1057261772862148e-09,30,72,2186055.70436,34781.856812
2024-09-03 16:00:00,schloemer,L87,80,79,56.73003325541038,8.257838857161914e-13,8.296696663023795e-12,5.955940185486952e-10,28,69,2185981.58126,34779.386042
2024-09-03 16:00:00,schloemer,L88,81,82,54.53557910295014,1.511013536514838e-13,3.774758283725532e-15,6.346034808757395e-13,4,8,2184616.11112,34734.983586
2024-09-03 16:00:00,schloemer,L89,81,95,56.19530237760006,5.571099137569036e-13,1.549760320074256e-12,1.4626522215621662e-11,4,8,2184616.11112,34734.983586
2024-09-03 16:00:00,schloemer,L90,93,95,58.41587035524211,3.2277513994927176e-12,1.1521638088041186e-09,9.23022147603092e-09,4,8,2184616.11112,34734.983586
2024-09-03 16:00:00,schloemer,L91,95,96,57.18911828067274,1.2216894162975223e-12,3.6093572575168764e-11,2.936353382665402e-10,4,8,2184616.11112,34734.983586
2024-09-03 16:00:00,schloemer,L92,115,67,57.05068709962557,1.0836886943366153e-12,2.3250734670909878e-11,6.883592584827625e-10,13,29,2185126.88168,34750.896056
2024-09-03 17:00:00,schloemer,L0,22,23,44.429382680025476,1.1102230246251565e-16,0.0,4.440892098500626e-16,4,8,2184616.11112,34734.983586
2024-09-03 17:00:00,schloemer,L1,23,69,46.68667786726929,4.440892098500626e-16,0.0,1.7763568394002505e-15,4,8,2184616.11112,34734.983586
2024-09-03 17:00:00,schloemer,L2,23,71,44.91477429135238,1.1102230246251565e-16,0.0,4.440892098500626e-16,4,8,2184616.11112,34734.983586
2024-09-03 17:00:00,schloemer,L3,29,37,62.621840527451944,9.000822309701562e-11,8.586787996534007e-06,6.869259949382478e-05,4,8,2184616.11112,34734.983586
2024-09-03 17:00:00,schloemer,L4,32,36,66.41509295102436,1.7248774630829189e-09,0.001344268215574207,0.010703690758408713,4,8,2184616.11112,34734.983586
2024-09-03 17:00:00,schloemer,L5,33,36,63.84492281705541,2.3505519752831106e-10,5.6749743052808554e-05,0.0004539087195171154,4,8,2184616.11112,34734.983586
2024-09-03 17:00:00,schloemer,L6,33,42,61.167261214463245,2.8558377884735364e-11,6.225938652404395e-07,4.980854301450677e-06,4,8,2184616.11112,34734.983586
2024-09-03 17:00:00,schloemer,L7,34,36,66.63735758410343,2.0453875260173504e-09,0.0016899166044987979,0.013439647691102063,4,8,2184616.11112,34734.983586
2024-09-03 17:00:00,schloemer,L8,36,38,65.0525559400178,6.024499787926629e-10,0.0002845643381585994,0.0022742510473929833,4,8,2184616.11112,34734.983586
2024-09-03 17:00:00,schloemer,L9,36,39,63.42635742001743,1.69353087109414e-10,3.0656228067083013e-05,0.0002452241888752926,4,8,2184616.11112,34734.983586
2024-09-03 17:00:00,schloemer,L10,37,36,63.214743216064704,1.4043133322871881e-10,2.173523998572069e-05,0.0010427616120660677,20,48,2185542.33716,34764.744572
2024-09-03 17:00:00,schloemer,L11,37,64,59.280998643355744,6.408762409648716e-12,1.0245182702206534e-08,8.198709378071101e-08,4,8,2184616.11112,34734.983586
2024-09-03 17:00:00,schloemer,L12,38,39,63.48242496115157,1.7696344389861451e-10,3.3351852036345164e-05,0.0002667843803442205,4,8,2184616.11112,34734.983586
2024-09-03 17:00:00,schloemer,L13,39,40,61.00583394183394,2.5134672121396306e-11,4.5261617931391385e-07,3.6210242367884504e-06,4,8,2184616.11112,34734.983586
2024-09-03 17:00:00,schloemer,L14,39,41,59.55191645945982,7.94431187500777e-12,1.9497042758054306e-08,1.5600810865379344e-07,4,8,2184616.11112,34734.983586
2024-09-03 17:00:00,schloemer,L15,40,41,58.698632843371804,4.0387693189813945e-12,2.406679411315338e-09,1.9269590256776326e-08,4,8,2184616.11112,34734.983586
2024-09-03 17:00:00,schloemer,L16,41,48,54.74505742508933,1.780797731498751e-13,8.548717289613705e-15,7.807088309164101e-13,4,8,2184616.11112,34734.983586
2024-09-03 17:00:00,schloemer,L17,41,48,54.74505742508933,1.780797731498751e-13,8.548717289613705e-15,7.807088309164101e-13,4,8,2184616.11112,34734.983586
2024-09-03 17:00:00,schloemer,L18,42,43,58.02504668576102,2.3679946892229964e-12,4.0108039112141114e-10,3.218115107728181e-09,4,8,2184616.11112,34734.983586
2024-09-03 17:00:00,schloemer,L19,43,44,55.061082547544146,2.2815083156046967e-13,2.8310687127941492e-14,1.1390888232654106e-12,4,8,2184616.11112,34734.983586
2024-09-03 17:00:00,schloemer,L20,44,45,52.64150686809091,3.452793606584237e-14,0.0,1.3811174426336947e-13,4,8,2184616.11112,34734.983586
2024-09-03 17:00:00,schloemer,L21,44,48,53.02178816459677,4.6407322429331543e-14,0.0,1.8562928971732617e-13,4,8,2184616.11112,34734.983586
2024-09-03 17:00:00,schloemer,L22,45,46,51.662839495312404,1.6209256159527285e-14,0.0,6.483702463810914e-14,4,8,2184616.11112,34734.983586
2024-09-03 17:00:00,schloemer,L23,45,47,51.084177005526705,1.0436096431476471e-14,0.0,4.1744385725905886e-14,4,8,2184616.11112,34734.983586
2024-09-03 17:00:00,schloemer,L24,46,48,52.0551260463972,2.19824158875781e-14,0.0,8.79296635503124e-14,4,8,2184616.11112,34734.983586
2024-09-03 17:00:00,schloemer,L25,46,68,51.75340676227709,1.7430501486614958e-14,0.0,6.972200594645983e-14,4,8,2184616.11112,34734.983586
2024-09-03 17:00:00,schloemer,L26,47,48,51.44629494488897,1.3766765505351941e-14,0.0,5.5067062021407764e-14,4,8,2184616.11112,34734.983586
2024-09-03 17:00:00,schloemer,L27,48,49,51.43850754887638,1.3655743202889425e-14,0.0,5.46229728115577e-14,4,8,2184616.11112,34734.983586
2024-09-03 17:00:00,schloemer,L28,48,50,50.77727691353645,8.215650382226158e-15,0.0,3.2862601528904634e-14,4,8,2184616.11112,34734.983586
2024-09-03 17:00:00,schloemer,L29,48,53,51.54979771814174,1.4876988529977098e-14,0.0,5.950795411990839e-14,4,8,2184616.11112,34734.983586
2024-09-03 17:00:00,schloemer,L30,48,53,51.54979771814174,1.4876988529977098e-14,0.0,5.950795411990839e-14,4,8,2184616.11112,34734.983586
2024-09-03 17:00:00,schloemer,L31,48,65,53.60825461080963,7.327471962526033e-14,1.1102230246251565e-16,2.9398705692074145e-13,4,8,2184616.11112,34734.983586
2024-09-03 17:00:00,schloemer,L32,48,65,53.60825461080963,7.327471962526033e-14,1.1102230246251565e-16,2.9398705692074145e-13,4,8,2184616.11112,34734.983586
2024-09-03 17:00:00,schloemer,L33,48,68,52.16045485843812,2.3869795029440866e-14,0.0,9.547918011776346e-14,4,8,2184616.11112,34734.983586
2024-09-03 17:00:00,schloemer,L34,49,56,49.96883656124113,4.440892098500626e-15,0.0,1.7763568394002505e-14,4,8,2184616.11112,34734.983586
2024-09-03 17:00:00,schloemer,L35,50,51,48.294221363291975,1.3322676295501878e-15,0.0,5.329070518200751e-15,4,8,2184616.11112,34734.983586
2024-09-03 17:00:00,schloemer,L36,50,57,48.81477187563109,1.887379141862766e-15,0.0,7.549516567451064e-15,4,8,2184616.11112,34734.983586
2024-09-03 17:00:00,schloemer,L37,51,52,47.72995982340831,8.881784197001252e-16,0.0,3.552713678800501e-15,4,8,2184616.11112,34734.983586
2024-09-03 17:00:00,schloemer,L38,52,53,49.34689953799041,2.7755575615628914e-15,0.0,1.1102230246251565e-14,4,8,2184616.11112,34734.983586
2024-09-03 17:00:00,schloemer,L39,53,54,50.405695253095736,6.217248937900877e-15,0.0,2.4868995751603507e-14,4,8,2184616.11112,34734.983586
2024-09-03 17:00:00,schloemer,L40,53,55,50.175351603020644,5.218048215738236e-15,0.0,2.0872192862952943e-14,4,8,2184616.11112,34734.983586
2024-09-03 17:00:00,schloemer,L41,53,58,51.14919016393202,1.099120794378905e-14,0.0,4.39648317751562e-14,4,8,2184616.11112,34734.983586
2024-09-03 17:00:00,schloemer,L42,54,55,49.91302981067154,4.3298697960381105e-15,0.0,1.7319479184152442e-14,4,8,2184616.11112,34734.983586
2024-09-03 17:00:00,schloemer,L43,54,58,50.85975091190046,8.770761894538737e-15,0.0,3.5083047578154947e-14,4,8,2184616.11112,34734.983586
2024-09-03 17:00:00,schloemer,L44,55,56,49.55359356509009,3.219646771412954e-15,0.0,1.2878587085651816e-14,4,8,2184616.11112,34734.983586
2024-09-03 17:00:00,schloemer,L45,55,57,49.022661903990226,2.220446049250313e-15,0.0,8.881784197001252e-15,4,8,2184616.11112,34734.983586
2024-09-03 17:00:00,schloemer,L46,55,58,50.64172705401065,7.438494264988549e-15,0.0,2.9753977059954195e-14,4,8,2184616.11112,34734.983586
2024-09-03 17:00:00,schloemer,L47,55,58,50.64172705401065,7.438494264988549e-15,0.0,2.9753977059954195e-14,4,8,2184616.11112,34734.983586
2024-09-03 17:00:00,schloemer,L48,58,59,52.364279071063805,2.786659791809143e-14,0.0,1.1146639167236572e-13,4,8,2184616.11112,34734.983586
2024-09-03 17:00:00,schloemer,L49,58,60,52.71773591162978,3.6637359812630166e-14,0.0,1.4654943925052066e-13,4,8,2184616.11112,34734.983586
2024-09-03 17:00:00,schloemer,L50,59,60,53.490960726467726,6.683542608243442e-14,0.0,2.673417043297377e-13,4,8,2184616.11112,34734.983586
2024-09-03 17:00:00,schloemer,L51,59,61,53.90521201572975,9.225953334635051e-14,3.3306690738754696e-16,3.717026686445024e-13,4,8,2184616.11112,34734.983586
2024-09-03 17:00:00,schloemer,L52,60,61,54.27624435008599,1.233457780358549e-13,1.3322676295501878e-15,5.040412531798211e-13,4,8,2184616.11112,34734.983586
2024-09-03 17:00:00,schloemer,L53,61,65,54.80422426405569,1.865174681370263e-13,1.0658141036401503e-14,8.313350008393172e-13,4,8,2184616.11112,34734.983586
2024-09-03 17:00:00,schloemer,L54,61,66,55.33879329226996,2.8377300509419e-13,7.860379014346108e-14,1.7639223415244487e-12,4,8,2184616.11112,34734.983586
2024-09-03 17:00:00,schloemer,L55,62,58,52.441515096136136,2.930988785010413e-14,0.0,3.810285420513537e-13,13,30,2185148.89802,34751.629934
2024-09-03 17:00:00,schloemer,L56,62,63,54.286881850178354,1.2434497875801753e-13,1.4432899320127035e-15,5.089262344881718e-13,4,8,2184616.11112,34734.983586
2024-09-03 17:00:00,schloemer,L57,63,60,54.58777698632206,1.546540673302843e-13,4.440892098500626e-15,3.3018032752352156e-12,20,47,2185512.78098,34763.759366
2024-09-03 17:00:00,schloemer,L58,63,64,56.25179178787614,5.825340210208196e-13,1.8696155734687636e-12,1.7287060671833387e-11,4,8,2184616.11112,34734.983586
2024-09-03 17:00:00,schloemer,L59,64,65,55.9875302500406,4.640732242933154e-13,7.392975120978917e-13,4.476774506656511e-11,20,48,2185545.98792,34764.866264
2024-09-03 17:00:00,schloemer,L60,64,67,56.41798553779663,6.38378239159465e-13,2.9808377988160828e-12,3.0147628837795537e-10,38,93,2186503.81292,34796.793764
2024-09-03 17:00:00,schloemer,L61,65,66,55.43943090878627,3.071987109137808e-13,1.1313172620930345e-13,2.133848653329551e-12,4,8,2184616.11112,34734.983586
2024-09-03 17:00:00,schloemer,L62,67,68,53.57147692931131,6.927791673660977e-14,1.1102230246251565e-16,1.9473311851925246e-12,28,68,2185978.45538,34779.281846
2024-09-03 17:00:00,schloemer,L63,68,69,49.88254535924163,4.218847493575595e-15,0.0,1.687538997430238e-14,4,8,2184616.11112,34734.983586
2024-09-03 17:00:00,schloemer,L64,68,74,50.99302938646968,9.769962616701378e-15,0.0,3.907985046680551e-14,4,8,2184616.11112,34734.983586
2024-09-03 17:00:00,schloemer,L65,68,76,52.198102577273225,2.453592884421596e-14,0.0,9.814371537686384e-14,4,8,2184616.11112,34734.983586
2024-09-03 17:00:00,schloemer,L66,69,70,46.930836816599026,4.440892098500626e-16,0.0,1.7763568394002505e-15,4,8,2184616.11112,34734.983586
2024-09-03 17:00:00,schloemer,L67,69,73,48.26576756058783,1.2212453270876722e-15,0.0,4.884981308350689e-15,4,8,2184616.11112,34734.983586
2024-09-03 17:00:00,schloemer,L68,69,74,49.13164161268411,2.3314683517128287e-15,0.0,9.325873406851315e-15,4,8,2184616.11112,34734.983586
2024-09-03 17:00:00,schloemer,L69,70,71,45.12923782366666,1.1102230246251565e-16,0.0,4.440892098500626e-16,4,8,2184616.11112,34734.983586
2024-09-03 17:00:00,schloemer,L70,70,72,45.11462135665342,1.1102230246251565e-16,0.0,4.440892098500626e-16,4,8,2184616.11112,34734.983586
2024-09-03 17:00:00,schloemer,L71,73,74,49.30110746919473,2.6645352591003757e-15,0.0,1.0658141036401503e-14,4,8,2184616.11112,34734.983586
2024-09-03 17:00:00,schloemer,L72,74,76,51.34129442707413,1.2656542480726785e-14,0.0,5.062616992290714e-14,4,8,2184616.11112,34734.983586
2024-09-03 17:00:00,schloemer,L73,74,117,49.86016971766448,4.107825191113079e-15,0.0,1.6431300764452317e-14,4,8,2184616.11112,34734.983586
2024-09-03 17:00:00,schloemer,L74,75,76,51.52263291767512,1.4654943925052066e-14,0.0,5.861977570020827e-14,4,8,2184616.11112,34734.983586
2024-09-03 17:00:00,schloemer,L75,75,117,50.03077399525981,4.6629367034256575e-15,0.0,1.865174681370263e-14,4,8,2184616.11112,34734.983586
2024-09-03 17:00:00,schloemer,L76,76,77,52.292235910709074,2.6423307986078726e-14,0.0,1.056932319443149e-13,4,8,2184616.11112,34734.983586
2024-09-03 17:00:00,schloemer,L77,76,79,53.83256302591808,8.72635297355373e-14,2.220446049250313e-16,3.5083047578154947e-13,4,8,2184616.11112,34734.983586
2024-09-03 17:00:00,schloemer,L78,76,79,53.83256302591808,8.72635297355373e-14,2.220446049250313e-16,3.5083047578154947e-13,4,8,2184616.11112,34734.983586
2024-09-03 17:00:00,schloemer,L79,76,81,53.22863583361005,5.4511950509095186e-14,0.0,2.1804780203638074e-13,4,8,2184616.11112,34734.983586
2024-09-03 17:00:00,schloemer,L80,77,78,52.52427592111371,3.1530333899354446e-14,0.0,1.2612133559741778e-13,4,8,2184616.11112,34734.983586
2024-09-03 17:00:00,schloemer,L81,78,79,54.07461664727944,1.0536016503692736e-13,5.551115123125783e-16,4.2588155224621005e-13,4,8,2184616.11112,34734.983586
2024-09-03 17:00:00,schloemer,L82,79,95,55.774666689366065,3.999023334699814e-13,3.702593787124897e-13,4.561684363579843e-12,4,8,2184616.11112,34734.983586
2024-09-03 17:00:00,schloemer,L83,79,96,55.504589768152435,3.232969447708456e-13,1.4288570326925765e-13,2.4362734052374435e-12,4,8,2184616.11112,34734.983586
2024-09-03 17:00:00,schloemer,L84,79,97,54.98275653658997,2.1449508835758024e-13,2.1094237467877974e-14,1.0267342531733448e-12,4,8,2184616.11112,34734.983586
2024-09-03 17:00:00,schloemer,L85,79,98,56.30106537729232,6.056266599330229e-13,2.2002399902021352e-12,2.0024426561349173e-11,4,8,2184616.11112,34734.983586
2024-09-03 17:00:00,schloemer,L86,80,67,55.75050883280383,3.809175197488912e-13,3.19300141882195e-13,3.441713580798478e-11,30,72,2186055.70436,34781.856812
2024-09-03 17:00:00,schloemer,L87,80,79,55.582507441888026,3.3428815271463463e-13,1.773026170326375e-13,2.1593948851261757e-11,28,69,2185981.58126,34779.386042
2024-09-03 17:00:00,schloemer,L88,81,82,53.507833635807806,6.772360450213455e-14,0.0,2.708944180085382e-13,4,8,2184616.11112,34734.983586
2024-09-03 17:00:00,schloemer,L89,81,95,55.09594732864445,2.3447910280083306e-13,3.219646771412954e-14,1.1954881529163686e-12,4,8,2184616.11112,34734.983586
2024-09-03 17:00:00,schloemer,L90,93,95,57.24556818324946,1.2774226121337051e-12,4.275246823226553e-11,3.4712943630665904e-10,4,8,2184616.11112,34734.983586
2024-09-03 17:00:00,schloemer,L91,95,96,56.05871160837297,5.002664948960955e-13,9.801048861390882e-13,9.841905068697088e-12,4,8,2184616.11112,34734.983586
2024-09-03 17:00:00,schloemer,L92,115,67,55.87599093299088,4.2876813211023546e-13,5.13922238098985e-13,2.0477730622303625e-11,13,29,2185126.88168,34750.896056
2024-09-03 18:00:00,schloemer,L0,22,23,43.72376831689895,0.0,0.0,0.0,4,8,2184616.11112,34734.983586
2024-09-03 18:00:00,schloemer,L1,23,69,45.90014189464936,2.220446049250313e-16,0.0,8.881784197001252e-16,4,8,2184616.11112,34734.983586
2024-09-03 18:00:00,schloemer,L2,23,71,44.19336360176801,1.1102230246251565e-16,0.0,4.440892098500626e-16,4,8,2184616.11112,34734.983586
2024-09-03 18:00:00,schloemer,L3,29,37,61.25985034962588,3.0727975719457845e-11,7.455932027333745e-07,5.96485296755489e-06,4,8,2184616.11112,34734.983586
2024-09-03 18:00:00,schloemer,L4,32,36,64.88129032586247,5.274164438517914e-10,0.00022963346633808612,0.0018355940315949448,4,8,2184616.11112,34734.983586
2024-09-03 18:00:00,schloemer,L5,33,36,62.411628320398094,7.627676268384675e-11,6.034746383276612e-06,4.827725646217029e-05,4,8,2184616.11112,34734.983586
2024-09-03 18:00:00,schloemer,L6,33,42,59.83624600157366,9.952927371159603e-12,3.754280752943373e-08,3.003822325320371e-07,4,8,2184616.11112,34734.983586
2024-09-03 18:00:00,schloemer,L7,34,36,65.10778691731923,6.288324305714355e-10,0.0003046505939007238,0.0024346101076592186,4,8,2184616.11112,34734.983586
2024-09-03 18:00:00,schloemer,L8,36,38,63.564437366309264,1.8871115781138315e-10,3.768961232997192e-05,0.000301477882062251,4,8,2184616.11112,34734.983586
2024-09-03 18:00:00,schloemer,L9,36,39,61.99962156774424,5.5121351927311935e-11,2.947440511102961e-06,2.3579501323145458e-05,4,8,2184616.11112,34734.983586
2024-09-03 18:00:00,schloemer,L10,37,36,61.81071243972224,4.6504466943986245e-11,2.0483040906738026e-06,9.831479391886333e-05,20,48,2185542.33716,34764.744572
2024-09-03 18:00:00,schloemer,L11,37,64,58.02742608692315,2.372435581321497e-12,4.0371905818403775e-10,3.239242207797588e-09,4,8,2184616.11112,34734.983586
2024-09-03 18:00:00,schloemer,L12,38,39,62.04695264457674,5.7218563220828855e-11,3.205909644976579e-06,2.5647218250046677e-05,4,8,2184616.11112,34734.983586
2024-09-03 18:00:00,schloemer,L13,39,40,59.66513482206152,8.690381747555875e-12,2.537094612176105e-08,2.0300231251546563e-07,4,8,2184616.11112,34734.983586
2024-09-03 18:00:00,schloemer,L14,39,41,58.2711218062607,2.8778091021308683e-12,7.834105586468354e-10,6.278795705583207e-09,4,8,2184616.11112,34734.983586
2024-09-03 18:00:00,schloemer,L15,40,41,57.449868099106645,1.5015766408055242e-12,7.825318171228446e-11,6.320317602614978e-10,4,8,2184616.11112,34734.983586
2024-09-03 18:00:00,schloemer,L16,41,48,53.65747402152278,7.605027718682322e-14,1.1102230246251565e-16,3.05089287166993e-13,4,8,2184616.11112,34734.983586
2024-09-03 18:00:00,schloemer,L17,41,48,53.65747402152278,7.605027718682322e-14,1.1102230246251565e-16,3.05089287166993e-13,4,8,2184616.11112,34734.983586
2024-09-03 18:00:00,schloemer,L18,42,43,56.81295225618777,9.072742557236779e-13,1.1384337916808818e-11,9.470380035736525e-11,4,8,2184616.11112,34734.983586
2024-09-03 18:00:00,schloemer,L19,43,44,53.96167634457326,9.64783808399261e-14,3.3306690738754696e-16,3.885780586188048e-13,4,8,2184616.11112,34734.983586
2024-09-03 18:00:00,schloemer,L20,44,45,51.633490857245015,1.587618925213974e-14,0.0,6.350475700855895e-14,4,8,2184616.11112,34734.983586
2024-09-03 18:00:00,schloemer,L21,44,48,52.002033294542926,2.1094237467877974e-14,0.0,8.43769498715119e-14,4,8,2184616.11112,34734.983586
2024-09-03 18:00:00,schloemer,L22,45,46,50.68937459273803,7.771561172376096e-15,0.0,3.108624468950438e-14,4,8,2184616.11112,34734.983586
2024-09-03 18:00:00,schloemer,L23,45,47,50.13629909855257,5.10702591327572e-15,0.0,2.042810365310288e-14,4,8,2184616.11112,34734.983586
2024-09-03 18:00:00,schloemer,L24,46,48,51.06860161117025,1.0325074129013956e-14,0.0,4.1300296516055823e-14,4,8,2184616.11112,34734.983586
2024-09-03 18:00:00,schloemer,L25,46,68,50.772760445305906,8.215650382226158e-15,0.0,3.2862601528904634e-14,4,8,2184616.11112,34734.983586
2024-09-03 18:00:00,schloemer,L26,47,48,50.4872601710388,6.661338147750939e-15,0.0,2.6645352591003757e-14,4,8,2184616.11112,34734.983586
2024-09-03 18:00:00,schloemer,L27,48,49,50.48586990904757,6.661338147750939e-15,0.0,2.6645352591003757e-14,4,8,2184616.11112,34734.983586
2024-09-03 18:00:00,schloemer,L28,48,50,49.85049262712031,4.107825191113079e-15,0.0,1.6431300764452317e-14,4,8,2184616.11112,34734.983586
2024-09-03 18:00:00,schloemer,L29,48,53,50.599353005517195,7.216449660063518e-15,0.0,2.886579864025407e-14,4,8,2184616.11112,34734.983586
2024-09-03 18:00:00,schloemer,L30,48,53,50.599353005517195,7.216449660063518e-15,0.0,2.886579864025407e-14,4,8,2184616.11112,34734.983586
2024-09-03 18:00:00,schloemer,L31,48,65,52.574751118105176,3.2862601528904634e-14,0.0,1.3145040611561853e-13,4,8,2184616.11112,34734.983586
2024-09-03 18:00:00,schloemer,L32,48,65,52.574751118105176,3.2862601528904634e-14,0.0,1.3145040611561853e-13,4,8,2184616.11112,34734.983586
2024-09-03 18:00:00,schloemer,L33,48,68,51.16603583232922,1.1102230246251565e-14,0.0,4.440892098500626e-14,4,8,2184616.11112,34734.983586
2024-09-03 18:00:00,schloemer,L34,49,56,49.082304046701715,2.3314683517128287e-15,0.0,9.325873406851315e-15,4,8,2184616.11112,34734.983586
2024-09-03 18:00:00,schloemer,L35,50,51,47.468783686383894,6.661338147750939e-16,0.0,2.6645352591003757e-15,4,8,2184616.11112,34734.983586
2024-09-03 18:00:00,schloemer,L36,50,57,47.972167601437135,9.992007221626409e-16,0.0,3.9968028886505635e-15,4,8,2184616.11112,34734.983586
2024-09-03 18:00:00,schloemer,L37,51,52,46.93309847216589,4.440892098500626e-16,0.0,1.7763568394002505e-15,4,8,2184616.11112,34734.983586
2024-09-03 18:00:00,schloemer,L38,52,53,48.4944535022013,1.4432899320127035e-15,0.0,5.773159728050814e-15,4,8,2184616.11112,34734.983586
2024-09-03 18:00:00,schloemer,L39,53,54,49.520366189874515,3.219646771412954e-15,0.0,1.2878587085651816e-14,4,8,2184616.11112,34734.983586
2024-09-03 18:00:00,schloemer,L40,53,55,49.29465974221663,2.6645352591003757e-15,0.0,1.0658141036401503e-14,4,8,2184616.11112,34734.983586
2024-09-03 18:00:00,schloemer,L41,53,58,50.237104988009065,5.440092820663267e-15,0.0,2.1760371282653068e-14,4,8,2184616.11112,34734.983586
2024-09-03 18:00:00,schloemer,L42,54,55,49.05073748884106,2.220446049250313e-15,0.0,8.881784197001252e-15,4,8,2184616.11112,34734.983586
2024-09-03 18:00:00,schloemer,L43,54,58,49.96813764858071,4.440892098500626e-15,0.0,1.7763568394002505e-14,4,8,2184616.11112,34734.983586
2024-09-03 18:00:00,schloemer,L44,55,56,48.69417559704505,1.6653345369377348e-15,0.0,6.661338147750939e-15,4,8,2184616.11112,34734.983586
2024-09-03 18:00:00,schloemer,L45,55,57,48.18336114155785,1.2212453270876722e-15,0.0,4.884981308350689e-15,4,8,2184616.11112,34734.983586
2024-09-03 18:00:00,schloemer,L46,55,58,49.75364778581145,3.774758283725532e-15,0.0,1.509903313490213e-14,4,8,2184616.11112,34734.983586
2024-09-03 18:00:00,schloemer,L47,55,58,49.75364778581145,3.774758283725532e-15,0.0,1.509903313490213e-14,4,8,2184616.11112,34734.983586
2024-09-03 18:00:00,schloemer,L48,58,59,51.425975541276195,1.354472090042691e-14,0.0,5.417888360170764e-14,4,8,2184616.11112,34734.983586
2024-09-03 18:00:00,schloemer,L49,58,60,51.76188703925988,1.7541523789077473e-14,0.0,7.016609515630989e-14,4,8,2184616.11112,34734.983586
2024-09-03 18:00:00,schloemer,L50,59,60,52.51489170432051,3.1308289294429414e-14,0.0,1.2523315717771766e-13,4,8,2184616.11112,34734.983586
2024-09-03 18:00:00,schloemer,L51,59,61,52.90870359670125,4.2521541843143495e-14,0.0,1.7008616737257398e-13,4,8,2184616.11112,34734.983586
2024-09-03 18:00:00,schloemer,L52,60,61,53.260929132786195,5.5844218138645374e-14,0.0,2.233768725545815e-13,4,8,2184616.11112,34734.983586
2024-09-03 18:00:00,schloemer,L53,61,65,53.74841804775666,8.171241461241152e-14,1.1102230246251565e-16,3.277378368693462e-13,4,8,2184616.11112,34734.983586
2024-09-03 18:00:00,schloemer,L54,61,66,54.27445334643237,1.2312373343092986e-13,1.3322676295501878e-15,5.031530747601209e-13,4,8,2184616.11112,34734.983586
2024-09-03 18:00:00,schloemer,L55,62,58,51.49289512672875,1.4099832412739488e-14,0.0,1.8329782136561334e-13,13,30,2185148.89802,34751.629934
2024-09-03 18:00:00,schloemer,L56,62,63,53.260907422648366,5.5844218138645374e-14,0.0,2.233768725545815e-13,4,8,2184616.11112,34734.983586
2024-09-03 18:00:00,schloemer,L57,63,60,53.553482142114184,6.894484982922222e-14,1.1102230246251565e-16,1.3841150448001827e-12,20,47,2185512.78098,34763.759366
2024-09-03 18:00:00,schloemer,L58,63,64,55.12576084615736,2.4003021792395884e-13,3.597122599785507e-14,1.247890679678676e-12,4,8,2184616.11112,34734.983586
2024-09-03 18:00:00,schloemer,L59,64,65,54.86504716800145,1.9206858326015208e-13,1.2878587085651816e-14,4.459543845314329e-12,20,48,2185545.98792,34764.866264
2024-09-03 18:00:00,schloemer,L60,64,67,55.25777513214088,2.5623947408348613e-13,5.362377208939506e-14,1.4724110819486214e-11,38,93,2186503.81292,34796.793764
2024-09-03 18:00:00,schloemer,L61,65,66,54.35563885152799,1.312283615106935e-13,1.887379141862766e-15,5.400124791776761e-13,4,8,2184616.11112,34734.983586
2024-09-03 18:00:00,schloemer,L62,67,68,52.51866155752409,3.064215547965432e-14,0.0,8.57980353430321e-13,28,68,2185978.45538,34779.281846
2024-09-03 18:00:00,schloemer,L63,68,69,48.97458306528555,2.1094237467877974e-15,0.0,8.43769498715119e-15,4,8,2184616.11112,34734.983586
2024-09-03 18:00:00,schloemer,L64,68,74,50.04263822372636,4.773959005888173e-15,0.0,1.9095836023552692e-14,4,8,2184616.11112,34734.983586
2024-09-03 18:00:00,schloemer,L65,68,76,51.202213881220246,1.1435297153639112e-14,0.0,4.574118861455645e-14,4,8,2184616.11112,34734.983586
2024-09-03 18:00:00,schloemer,L66,69,70,46.136799329611996,2.220446049250313e-16,0.0,8.881784197001252e-16,4,8,2184616.11112,34734.983586
2024-09-03 18:00:00,schloemer,L67,69,73,47.42153094548688,6.661338147750939e-16,0.0,2.6645352591003757e-15,4,8,2184616.11112,34734.983586
2024-09-03 18:00:00,schloemer,L68,69,74,48.254456684511375,1.2212453270876722e-15,0.0,4.884981308350689e-15,4,8,2184616.11112,34734.983586
2024-09-03 18:00:00,schloemer,L69,70,71,44.40183237073097,1.1102230246251565e-16,0.0,4.440892098500626e-16,4,8,2184616.11112,34734.983586
2024-09-03 18:00:00,schloemer,L70,70,72,44.39002857767085,1.1102230246251565e-16,0.0,4.440892098500626e-16,4,8,2184616.11112,34734.983586
2024-09-03 18:00:00,schloemer,L71,73,74,48.4186466767988,1.4432899320127035e-15,0.0,5.773159728050814e-15,4,8,2184616.11112,34734.983586
2024-09-03 18:00:00,schloemer,L72,74,76,50.3825935646962,6.106226635438361e-15,0.0,2.4424906541753444e-14,4,8,2184616.11112,34734.983586
2024-09-03 18:00:00,schloemer,L73,74,117,48.95845592902773,2.1094237467877974e-15,0.0,8.43769498715119e-15,4,8,2184616.11112,34734.983586
2024-09-03 18:00:00,schloemer,L74,75,76,50.562161110926795,6.994405055138486e-15,0.0,2.7977620220553945e-14,4,8,2184616.11112,34734.983586
2024-09-03 18:00:00,schloemer,L75,75,117,49.127423993266504,2.3314683517128287e-15,0.0,9.325873406851315e-15,4,8,2184616.11112,34734.983586
2024-09-03 18:00:00,schloemer,L76,76,77,51.30504521600573,1.2323475573339238e-14,0.0,4.929390229335695e-14,4,8,2184616.11112,34734.983586
2024-09-03 18:00:00,schloemer,L77,76,79,52.785035369383316,3.863576125695545e-14,0.0,1.545430450278218e-13,4,8,2184616.11112,34734.983586
2024-09-03 18:00:00,schloemer,L78,76,79,52.785035369383316,3.863576125695545e-14,0.0,1.545430450278218e-13,4,8,2184616.11112,34734.983586
2024-09-03 18:00:00,schloemer,L79,76,81,52.207731797547495,2.475797344914099e-14,0.0,9.903189379656396e-14,4,8,2184616.11112,34734.983586
2024-09-03 18:00:00,schloemer,L80,77,78,51.53804310879095,1.4765966227514582e-14,0.0,5.906386491005833e-14,4,8,2184616.11112,34734.983586
2024-09-03 18:00:00,schloemer,L81,78,79,53.02850408946236,4.6629367034256575e-14,0.0,1.865174681370263e-13,4,8,2184616.11112,34734.983586
2024-09-03 18:00:00,schloemer,L82,79,95,54.66557541061399,1.673106098110111e-13,6.217248937900877e-15,7.189804307472514e-13,4,8,2184616.11112,34734.983586
2024-09-03 18:00:00,schloemer,L83,79,96,54.407972614988104,1.3677947663381929e-13,2.3314683517128287e-15,5.657696533489798e-13,4,8,2184616.11112,34734.983586
2024-09-03 18:00:00,schloemer,L84,79,97,53.90566168194426,9.237055564881302e-14,3.3306690738754696e-16,3.7214675785435247e-13,4,8,2184616.11112,34734.983586
2024-09-03 18:00:00,schloemer,L85,79,98,55.16655949802871,2.4791280139879746e-13,4.18554080283684e-14,1.326494469822137e-12,4,8,2184616.11112,34734.983586
2024-09-03 18:00:00,schloemer,L86,80,67,54.610494336890675,1.5565326805244695e-13,4.6629367034256575e-15,5.005329484220056e-12,30,72,2186055.70436,34781.856812
2024-09-03 18:00:00,schloemer,L87,80,79,54.46126582271491,1.3877787807814457e-13,2.6645352591003757e-15,4.069633519065974e-12,28,69,2185981.58126,34779.386042
2024-09-03 18:00:00,schloemer,L88,81,82,52.49706126186103,3.097522238704187e-14,0.0,1.2390088954816747e-13,4,8,2184616.11112,34734.983586
2024-09-03 18:00:00,schloemer,L89,81,95,54.01775269737305,1.0080825063596421e-13,4.440892098500626e-16,4.0678571622265736e-13,4,8,2184616.11112,34734.983586
2024-09-03 18:00:00,schloemer,L90,93,95,56.09817780114691,5.160316618457728e-13,1.1195488980320079e-12,1.1020517831639154e-11,4,8,2184616.11112,34734.983586
2024-09-03 18:00:00,schloemer,L91,95,96,54.95018371708451,2.091660178393795e-13,1.865174681370263e-14,9.85878045867139e-13,4,8,2184616.11112,34734.983586
2024-09-03 18:00:00,schloemer,L92,115,67,54.730574647112064,1.7430501486614958e-13,7.882583474838611e-15,2.4945601140302642e-12,13,29,2185126.88168,34750.896056
2024-09-03 19:00:00,schloemer,L0,22,23,43.02393334731142,0.0,0.0,0.0,4,8,2184616.11112,34734.983586
2024-09-03 19:00:00,schloemer,L1,23,69,45.12334226174688,1.1102230246251565e-16,0.0,4.440892098500626e-16,4,8,2184616.11112,34734.983586
2024-09-03 19:00:00,schloemer,L2,23,71,43.478377574254615,0.0,0.0,0.0,4,8,2184616.11112,34734.983586
2024-09-03 19:00:00,schloemer,L3,29,37,59.931422806286946,1.0732748023656313e-11,4.653950713695565e-08,3.7235892746956267e-07,4,8,2184616.11112,34734.983586
2024-09-03 19:00:00,schloemer,L4,32,36,63.388621139283615,1.6441492611818376e-10,2.8956564987470124e-05,0.00023162970125234494,4,8,2184616.11112,34734.983586
2024-09-03 19:00:00,schloemer,L5,33,36,61.01695810510116,2.53568277486238e-11,4.627573014781561e-07,3.702153842821687e-06,4,8,2184616.11112,34734.983586
2024-09-03 19:00:00,schloemer,L6,33,42,58.54057176616681,3.563038752929515e-12,1.5987656754035129e-09,1.2804377447217519e-08,4,8,2184616.11112,34734.983586
2024-09-03 19:00:00,schloemer,L7,34,36,63.6174531625919,1.9671420048439359e-10,4.076376425143913e-05,0.0003260643772394767,4,8,2184616.11112,34734.983586
2024-09-03 19:00:00,schloemer,L8,36,38,62.11745675279466,6.049072354130658e-11,3.6304834418743326e-06,2.9043740442102894e-05,4,8,2184616.11112,34734.983586
2024-09-03 19:00:00,schloemer,L9,36,39,60.61250489745114,1.8410162283544196e-11,2.0307704151623085e-07,1.6246888179249908e-06,4,8,2184616.11112,34734.983586
2024-09-03 19:00:00,schloemer,L10,37,36,60.44382876876621,1.5781154161231825e-11,1.3862611747406106e-07,6.654347582735198e-06,20,48,2185542.33716,34764.744572
2024-09-03 19:00:00,schloemer,L11,37,64,56.80562867159671,9.020562075079397e-13,1.1126433108188394e-11,9.261968969553891e-11,4,8,2184616.11112,34734.983586
2024-09-03 19:00:00,schloemer,L12,38,39,60.65218325296297,1.899780333047829e-11,2.205312161773776e-07,1.7643243587217583e-06,4,8,2184616.11112,34734.983586
2024-09-03 19:00:00,schloemer,L13,39,40,58.36190525599125,3.0925262350933735e-12,9.985240412291319e-10,8.000562434773428e-09,4,8,2184616.11112,34734.983586
2024-09-03 19:00:00,schloemer,L14,39,41,57.02496444482982,1.0729195309977513e-12,2.193523140903153e-11,1.7977352939624325e-10,4,8,2184616.11112,34734.983586
2024-09-03 19:00:00,schloemer,L15,40,41,56.234451922555856,5.74651437545981e-13,1.7651435868515364e-12,1.6419754444996215e-11,4,8,2184616.11112,34734.983586
2024-09-03 19:00:00,schloemer,L16,41,48,52.594878579611496,3.3306690738754696e-14,0.0,1.3322676295501878e-13,4,8,2184616.11112,34734.983586
2024-09-03 19:00:00,schloemer,L17,41,48,52.594878579611496,3.3306690738754696e-14,0.0,1.3322676295501878e-13,4,8,2184616.11112,34734.983586
2024-09-03 19:00:00,schloemer,L18,42,43,55.63153696791878,3.5726976932437537e-13,2.2426505097428162e-13,3.2231994850917545e-12,4,8,2184616.11112,34734.983586
2024-09-03 19:00:00,schloemer,L19,43,44,52.88780909317763,4.18554080283684e-14,0.0,1.674216321134736e-13,4,8,2184616.11112,34734.983586
2024-09-03 19:00:00,schloemer,L20,44,45,50.64657029243165,7.438494264988549e-15,0.0,2.9753977059954195e-14,4,8,2184616.11112,34734.983586
2024-09-03 19:00:00,schloemer,L21,44,48,51.00375096738049,9.769962616701378e-15,0.0,3.907985046680551e-14,4,8,2184616.11112,34734.983586
2024-09-03 19:00:00,schloemer,L22,45,46,49.73544365567338,3.774758283725532e-15,0.0,1.509903313490213e-14,4,8,2184616.11112,34734.983586
2024-09-03 19:00:00,schloemer,L23,45,47,49.20639085624681,2.55351295663786e-15,0.0,1.021405182655144e-14,4,8,2184616.11112,34734.983586
2024-09-03 19:00:00,schloemer,L24,46,48,50.10214526319185,4.9960036108132044e-15,0.0,1.9984014443252818e-14,4,8,2184616.11112,34734.983586
2024-09-03 19:00:00,schloemer,L25,46,68,49.8122543274303,3.9968028886505635e-15,0.0,1.5987211554602254e-14,4,8,2184616.11112,34734.983586
2024-09-03 19:00:00,schloemer,L26,47,48,49.54657645904766,3.219646771412954e-15,0.0,1.2878587085651816e-14,4,8,2184616.11112,34734.983586
2024-09-03 19:00:00,schloemer,L27,48,49,49.5508062651325,3.219646771412954e-15,0.0,1.2878587085651816e-14,4,8,2184616.11112,34734.983586
2024-09-03 19:00:00,schloemer,L28,48,50,48.93992070836782,2.1094237467877974e-15,0.0,8.43769498715119e-15,4,8,2184616.11112,34734.983586
2024-09-03 19:00:00,schloemer,L29,48,53,49.665887704843975,3.552713678800501e-15,0.0,1.4210854715202004e-14,4,8,2184616.11112,34734.983586
2024-09-03 19:00:00,schloemer,L30,48,53,49.665887704843975,3.552713678800501e-15,0.0,1.4210854715202004e-14,4,8,2184616.11112,34734.983586
2024-09-03 19:00:00,schloemer,L31,48,65,51.56270852073112,1.509903313490213e-14,0.0,6.039613253960852e-14,4,8,2184616.11112,34734.983586
2024-09-03 19:00:00,schloemer,L32,48,65,51.56270852073112,1.509903313490213e-14,0.0,6.039613253960852e-14,4,8,2184616.11112,34734.983586
2024-09-03 19:00:00,schloemer,L33,48,68,50.192364341077045,5.329070518200751e-15,0.0,2.1316282072803006e-14,4,8,2184616.11112,34734.983586
2024-09-03 19:00:00,schloemer,L34,49,56,48.20925756726221,1.2212453270876722e-15,0.0,4.884981308350689e-15,4,8,2184616.11112,34734.983586
2024-09-03 19:00:00,schloemer,L35,50,51,46.65390652757138,3.3306690738754696e-16,0.0,1.3322676295501878e-15,4,8,2184616.11112,34734.983586
2024-09-03 19:00:00,schloemer,L36,50,57,47.14082041490165,5.551115123125783e-16,0.0,2.220446049250313e-15,4,8,2184616.11112,34734.983586
2024-09-03 19:00:00,schloemer,L37,51,52,46.144873174959315,2.220446049250313e-16,0.0,8.881784197001252e-16,4,8,2184616.11112,34734.983586
2024-09-03 19:00:00,schloemer,L38,52,53,47.65304095441359,7.771561172376096e-16,0.0,3.1086244689504383e-15,4,8,2184616.11112,34734.983586
2024-09-03 19:00:00,schloemer,L39,53,54,48.64717432224954,1.6653345369377348e-15,0.0,6.661338147750939e-15,4,8,2184616.11112,34734.983586
2024-09-03 19:00:00,schloemer,L40,53,55,48.42617579591719,1.4432899320127035e-15,0.0,5.773159728050814e-15,4,8,2184616.11112,34734.983586
2024-09-03 19:00:00,schloemer,L41,53,58,49.338355641306414,2.7755575615628914e-15,0.0,1.1102230246251565e-14,4,8,2184616.11112,34734.983586
2024-09-03 19:00:00,schloemer,L42,54,55,48.199138775769825,1.2212453270876722e-15,0.0,4.884981308350689e-15,4,8,2184616.11112,34734.983586
2024-09-03 19:00:00,schloemer,L43,54,58,49.08815963511735,2.3314683517128287e-15,0.0,9.325873406851315e-15,4,8,2184616.11112,34734.983586
2024-09-03 19:00:00,schloemer,L44,55,56,47.84607695622584,8.881784197001252e-16,0.0,3.552713678800501e-15,4,8,2184616.11112,34734.983586
2024-09-03 19:00:00,schloemer,L45,55,57,47.354379475051935,6.661338147750939e-16,0.0,2.6645352591003757e-15,4,8,2184616.11112,34734.983586
2024-09-03 19:00:00,schloemer,L46,55,58,48.87738384211454,1.9984014443252818e-15,0.0,7.993605777301127e-15,4,8,2184616.11112,34734.983586
2024-09-03 19:00:00,schloemer,L47,55,58,48.87738384211454,1.9984014443252818e-15,0.0,7.993605777301127e-15,4,8,2184616.11112,34734.983586
2024-09-03 19:00:00,schloemer,L48,58,59,50.50072811060531,6.661338147750939e-15,0.0,2.6645352591003757e-14,4,8,2184616.11112,34734.983586
2024-09-03 19:00:00,schloemer,L49,58,60,50.82023974292961,8.548717289613705e-15,0.0,3.419486915845482e-14,4,8,2184616.11112,34734.983586
2024-09-03 19:00:00,schloemer,L50,59,60,51.5532211087035,1.4988010832439613e-14,0.0,5.995204332975845e-14,4,8,2184616.11112,34734.983586
2024-09-03 19:00:00,schloemer,L51,59,61,51.92791170995163,1.9984014443252818e-14,0.0,7.993605777301127e-14,4,8,2184616.11112,34734.983586
2024-09-03 19:00:00,schloemer,L52,60,61,52.262579445971,2.5757174171303632e-14,0.0,1.0302869668521453e-13,4,8,2184616.11112,34734.983586
2024-09-03 19:00:00,schloemer,L53,61,65,52.71317278154997,3.652633751016765e-14,0.0,1.461053500406706e-13,4,8,2184616.11112,34734.983586
2024-09-03 19:00:00,schloemer,L54,61,66,53.23003430646891,5.4511950509095186e-14,0.0,2.1804780203638074e-13,4,8,2184616.11112,34734.983586
2024-09-03 19:00:00,schloemer,L55,62,58,50.55839562122799,6.8833827526759706e-15,0.0,8.948397578478762e-14,13,30,2185148.89802,34751.629934
2024-09-03 19:00:00,schloemer,L56,62,63,52.2532514918077,2.5646151868841116e-14,0.0,1.0258460747536446e-13,4,8,2184616.11112,34734.983586
2024-09-03 19:00:00,schloemer,L57,63,60,52.53762182174408,3.141931159689193e-14,0.0,6.283862319378386e-13,20,47,2185512.78098,34763.759366
2024-09-03 19:00:00,schloemer,L58,63,64,54.02484247374911,1.0136336214827679e-13,4.440892098500626e-16,4.0900616227190767e-13,4,8,2184616.11112,34734.983586
2024-09-03 19:00:00,schloemer,L59,64,65,53.76810752034233,8.149037000748649e-14,1.1102230246251565e-16,1.6351364706679306e-12,20,48,2185545.98792,34764.866264
2024-09-03 19:00:00,schloemer,L60,64,67,54.12678360085006,1.056932319443149e-13,6.661338147750939e-16,4.07829325865805e-12,38,93,2186503.81292,34796.793764
2024-09-03 19:00:00,schloemer,L61,65,66,53.29402458728617,5.739853037312059e-14,0.0,2.2959412149248237e-13,4,8,2184616.11112,34734.983586
2024-09-03 19:00:00,schloemer,L62,67,68,51.48986820789084,1.3877787807814457e-14,0.0,3.885780586188048e-13,28,68,2185978.45538,34779.281846
2024-09-03 19:00:00,schloemer,L63,68,69,48.08278497247375,1.1102230246251565e-15,0.0,4.440892098500626e-15,4,8,2184616.11112,34734.983586
2024-09-03 19:00:00,schloemer,L64,68,74,49.11062128194566,2.3314683517128287e-15,0.0,9.325873406851315e-15,4,8,2184616.11112,34734.983586
2024-09-03 19:00:00,schloemer,L65,68,76,50.226970599432924,5.440092820663267e-15,0.0,2.1760371282653068e-14,4,8,2184616.11112,34734.983586
2024-09-03 19:00:00,schloemer,L66,69,70,45.352749132119555,1.1102230246251565e-16,0.0,4.440892098500626e-16,4,8,2184616.11112,34734.983586
2024-09-03 19:00:00,schloemer,L67,69,73,46.58989646644063,3.3306690738754696e-16,0.0,1.3322676295501878e-15,4,8,2184616.11112,34734.983586
2024-09-03 19:00:00,schloemer,L68,69,74,47.39160966550385,6.661338147750939e-16,0.0,2.6645352591003757e-15,4,8,2184616.11112,34734.983586
2024-09-03 19:00:00,schloemer,L69,70,71,43.68100769573702,0.0,0.0,0.0,4,8,2184616.11112,34734.983586
2024-09-03 19:00:00,schloemer,L70,70,72,43.67169766941917,0.0,0.0,0.0,4,8,2184616.11112,34734.983586
2024-09-03 19:00:00,schloemer,L71,73,74,47.550693222274234,7.771561172376096e-16,0.0,3.1086244689504383e-15,4,8,2184616.11112,34734.983586
2024-09-03 19:00:00,schloemer,L72,74,76,49.442207787635574,2.9976021664879227e-15,0.0,1.199040866595169e-14,4,8,2184616.11112,34734.983586
2024-09-03 19:00:00,schloemer,L73,74,117,48.0720702979203,1.1102230246251565e-15,0.0,4.440892098500626e-15,4,8,2184616.11112,34734.983586
2024-09-03 19:00:00,schloemer,L74,75,76,49.61962048051123,3.4416913763379853e-15,0.0,1.3766765505351941e-14,4,8,2184616.11112,34734.983586
2024-09-03 19:00:00,schloemer,L75,75,117,48.23905854716349,1.2212453270876722e-15,0.0,4.884981308350689e-15,4,8,2184616.11112,34734.983586
2024-09-03 19:00:00,schloemer,L76,76,77,50.336891614700136,5.88418203051333e-15,0.0,2.353672812205332e-14,4,8,2184616.11112,34734.983586
2024-09-03 19:00:00,schloemer,L77,76,79,51.75967943187685,1.7541523789077473e-14,0.0,7.016609515630989e-14,4,8,2184616.11112,34734.983586
2024-09-03 19:00:00,schloemer,L78,76,79,51.75967943187685,1.7541523789077473e-14,0.0,7.016609515630989e-14,4,8,2184616.11112,34734.983586
2024-09-03 19:00:00,schloemer,L79,76,81,51.20735212337894,1.1435297153639112e-14,0.0,4.574118861455645e-14,4,8,2184616.11112,34734.983586
2024-09-03 19:00:00,schloemer,L80,77,78,50.56990278470698,7.105427357601002e-15,0.0,2.842170943040401e-14,4,8,2184616.11112,34734.983586
2024-09-03 19:00:00,schloemer,L81,78,79,52.003474431921916,2.1094237467877974e-14,0.0,8.43769498715119e-14,4,8,2184616.11112,34734.983586
2024-09-03 19:00:00,schloemer,L82,79,95,53.58035816335411,7.16093850883226e-14,1.1102230246251565e-16,2.873257187729905e-13,4,8,2184616.11112,34734.983586
2024-09-03 19:00:00,schloemer,L83,79,96,53.33443567347374,5.917488721252084e-14,0.0,2.3669954885008337e-13,4,8,2184616.11112,34734.983586
2024-09-03 19:00:00,schloemer,L84,79,97,52.8507718374915,4.063416270128073e-14,0.0,1.6253665080512292e-13,4,8,2184616.11112,34734.983586
2024-09-03 19:00:00,schloemer,L85,79,98,54.05763557671778,1.0402789740737717e-13,5.551115123125783e-16,4.205524817280093e-13,4,8,2184616.11112,34734.983586
2024-09-03 19:00:00,schloemer,L86,80,67,53.49910504621349,6.539213615042172e-14,0.0,1.9617640845126516e-12,30,72,2186055.70436,34781.856812
2024-09-03 19:00:00,schloemer,L87,80,79,53.366431361581085,5.906386491005833e-14,0.0,1.6537882174816332e-12,28,69,2185981.58126,34779.386042
2024-09-03 19:00:00,schloemer,L88,81,82,51.50438924860972,1.4432899320127035e-14,0.0,5.773159728050814e-14,4,8,2184616.11112,34734.983586
2024-09-03 19:00:00,schloemer,L89,81,95,52.96150150943,4.4297898682543746e-14,0.0,1.7719159473017498e-13,4,8,2184616.11112,34734.983586
2024-09-03 19:00:00,schloemer,L90,93,95,54.97458501387793,2.1316282072803006e-13,2.042810365310288e-14,1.0160761121369433e-12,4,8,2184616.11112,34734.983586
2024-09-03 19:00:00,schloemer,L91,95,96,53.86436895929614,8.93729534823251e-14,2.220446049250313e-16,3.5926817076870066e-13,4,8,2184616.11112,34734.983586
2024-09-03 19:00:00,schloemer,L92,115,67,53.61414399938152,7.283063041541027e-14,1.1102230246251565e-16,9.500178421717465e-13,13,29,2185126.88168,34750.896056
2024-09-03 20:00:00,schloemer,L0,22,23,42.33153609150223,0.0,0.0,0.0,4,8,2184616.11112,34734.983586
2024-09-03 20:00:00,schloemer,L1,23,69,44.35766714053285,1.1102230246251565e-16,0.0,4.440892098500626e-16,4,8,2184616.11112,34734.983586
2024-09-03 20:00:00,schloemer,L2,23,71,42.77144317236421,0.0,0.0,0.0,4,8,2184616.11112,34734.983586
2024-09-03 20:00:00,schloemer,L3,29,37,58.63701283532971,3.84614562420893e-12,2.053639813759389e-09,1.6444502981549647e-08,4,8,2184616.11112,34734.983586
2024-09-03 20:00:00,schloemer,L4,32,36,61.937681114586574,5.2492010738092176e-11,2.6385820597329968e-06,2.1108671503289322e-05,4,8,2184616.11112,34734.983586
2024-09-03 20:00:00,schloemer,L5,33,36,59.66100377551974,8.661960038125471e-12,2.512976482460516e-08,2.010727487844477e-07,4,8,2184616.11112,34734.983586
2024-09-03 20:00:00,schloemer,L6,33,42,57.28013346064066,1.3128387266192476e-12,4.7399417724136583e-11,3.8444669669956966e-10,4,8,2184616.11112,34734.983586
2024-09-03 20:00:00,schloemer,L7,34,36,62.167304418174346,6.291600573860023e-11,3.961773133887014e-06,3.1693997252557615e-05,4,8,2184616.11112,34734.983586
2024-09-03 20:00:00,schloemer,L8,36,38,60.71172095092909,1.9914736526516208e-11,2.4940564891107186e-07,1.9953231084057776e-06,4,8,2184616.11112,34734.983586
2024-09-03 20:00:00,schloemer,L9,36,39,59.264846431959285,6.327161017338767e-12,9.853675764226466e-09,7.885471209334582e-08,4,8,2184616.11112,34734.983586
2024-09-03 20:00:00,schloemer,L10,37,36,59.11421593754286,5.503375533066901e-12,6.62222610081642e-09,3.179768708339026e-07,20,48,2185542.33716,34764.744572
2024-09-03 20:00:00,schloemer,L11,37,64,55.61562374985179,3.5282887722587475e-13,2.120525977034049e-13,3.107736290530738e-12,4,8,2184616.11112,34734.983586
2024-09-03 20:00:00,schloemer,L12,38,39,59.2978182999743,6.494804694057166e-12,1.0668637973054729e-08,8.537507978356729e-08,4,8,2184616.11112,34734.983586
2024-09-03 20:00:00,schloemer,L13,39,40,57.09571683852412,1.13464793116691e-12,2.7215452114148775e-11,2.2226220863785784e-10,4,8,2184616.11112,34734.983586
2024-09-03 20:00:00,schloemer,L14,39,41,55.813127143109845,4.122258090433206e-13,4.2310599468464716e-13,5.03375119365046e-12,4,8,2184616.11112,34734.983586
2024-09-03 20:00:00,schloemer,L15,40,41,55.05209707584616,2.2659651932599445e-13,2.731148640577885e-14,1.1248779685502086e-12,4,8,2184616.11112,34734.983586
2024-09-03 20:00:00,schloemer,L16,41,48,51.55753162379747,1.4988010832439613e-14,0.0,5.995204332975845e-14,4,8,2184616.11112,34734.983586
2024-09-03 20:00:00,schloemer,L17,41,48,51.55753162379747,1.4988010832439613e-14,0.0,5.995204332975845e-14,4,8,2184616.11112,34734.983586
2024-09-03 20:00:00,schloemer,L18,42,43,54.48076071015385,1.4477308241112041e-13,2.9976021664879227e-15,6.03073146976385e-13,4,8,2184616.11112,34734.983586
2024-09-03 20:00:00,schloemer,L19,43,44,51.839708274634184,1.865174681370263e-14,0.0,7.460698725481052e-14,4,8,2184616.11112,34734.983586
2024-09-03 20:00:00,schloemer,L20,44,45,49.68126688696127,3.552713678800501e-15,0.0,1.4210854715202004e-14,4,8,2184616.11112,34734.983586
2024-09-03 20:00:00,schloemer,L21,44,48,50.02745300061191,4.6629367034256575e-15,0.0,1.865174681370263e-14,4,8,2184616.11112,34734.983586
2024-09-03 20:00:00,schloemer,L22,45,46,48.801668287860316,1.887379141862766e-15,0.0,7.549516567451064e-15,4,8,2184616.11112,34734.983586
2024-09-03 20:00:00,schloemer,L23,45,47,48.29520543951366,1.3322676295501878e-15,0.0,5.329070518200751e-15,4,8,2184616.11112,34734.983586
2024-09-03 20:00:00,schloemer,L24,46,48,49.15634821657392,2.4424906541753444e-15,0.0,9.769962616701378e-15,4,8,2184616.11112,34734.983586
2024-09-03 20:00:00,schloemer,L25,46,68,48.87245464383298,1.9984014443252818e-15,0.0,7.993605777301127e-15,4,8,2184616.11112,34734.983586
2024-09-03 20:00:00,schloemer,L26,47,48,48.62498229905278,1.6653345369377348e-15,0.0,6.661338147750939e-15,4,8,2184616.11112,34734.983586
2024-09-03 20:00:00,schloemer,L27,48,49,48.634144691051034,1.6653345369377348e-15,0.0,6.661338147750939e-15,4,8,2184616.11112,34734.983586
2024-09-03 20:00:00,schloemer,L28,48,50,48.04649042321682,1.1102230246251565e-15,0.0,4.440892098500626e-15,4,8,2184616.11112,34734.983586
2024-09-03 20:00:00,schloemer,L29,48,53,48.75030953531889,1.7763568394002505e-15,0.0,7.105427357601002e-15,4,8,2184616.11112,34734.983586
2024-09-03 20:00:00,schloemer,L30,48,53,48.75030953531889,1.7763568394002505e-15,0.0,7.105427357601002e-15,4,8,2184616.11112,34734.983586
2024-09-03 20:00:00,schloemer,L31,48,65,50.572698703442924,7.105427357601002e-15,0.0,2.842170943040401e-14,4,8,2184616.11112,34734.983586
2024-09-03 20:00:00,schloemer,L32,48,65,50.572698703442924,7.105427357601002e-15,0.0,2.842170943040401e-14,4,8,2184616.11112,34734.983586
2024-09-03 20:00:00,schloemer,L33,48,68,49.23996408165365,2.55351295663786e-15,0.0,1.021405182655144e-14,4,8,2184616.11112,34734.983586
2024-09-03 20:00:00,schloemer,L34,49,56,47.35087112006744,6.661338147750939e-16,0.0,2.6645352591003757e-15,4,8,2184616.11112,34734.983586
2024-09-03 20:00:00,schloemer,L35,50,51,45.85095836787499,2.220446049250313e-16,0.0,8.881784197001252e-16,4,8,2184616.11112,34734.983586
2024-09-03 20:00:00,schloemer,L36,50,57,46.322061802208175,3.3306690738754696e-16,0.0,1.3322676295501878e-15,4,8,2184616.11112,34734.983586
2024-09-03 20:00:00,schloemer,L37,51,52,45.36681973738791,1.1102230246251565e-16,0.0,4.440892098500626e-16,4,8,2184616.11112,34734.983586
2024-09-03 20:00:00,schloemer,L38,52,53,46.824060983849634,4.440892098500626e-16,0.0,1.7763568394002505e-15,4,8,2184616.11112,34734.983586
2024-09-03 20:00:00,schloemer,L39,53,54,47.78748461937246,8.881784197001252e-16,0.0,3.552713678800501e-15,4,8,2184616.11112,34734.983586
2024-09-03 20:00:00,schloemer,L40,53,55,47.571236595825305,7.771561172376096e-16,0.0,3.1086244689504383e-15,4,8,2184616.11112,34734.983586
2024-09-03 20:00:00,schloemer,L41,53,58,48.45423716134585,1.4432899320127035e-15,0.0,5.773159728050814e-15,4,8,2184616.11112,34734.983586
2024-09-03 20:00:00,schloemer,L42,54,55,47.3597184050553,6.661338147750939e-16,0.0,2.6645352591003757e-15,4,8,2184616.11112,34734.983586
2024-09-03 20:00:00,schloemer,L43,54,58,48.22127942776897,1.2212453270876722e-15,0.0,4.884981308350689e-15,4,8,2184616.11112,34734.983586
2024-09-03 20:00:00,schloemer,L44,55,56,47.0106818550656,4.440892098500626e-16,0.0,1.7763568394002505e-15,4,8,2184616.11112,34734.983586
2024-09-03 20:00:00,schloemer,L45,55,57,46.53716902603912,3.3306690738754696e-16,0.0,1.3322676295501878e-15,4,8,2184616.11112,34734.983586
2024-09-03 20:00:00,schloemer,L46,55,58,48.01435767630586,9.992007221626409e-16,0.0,3.9968028886505635e-15,4,8,2184616.11112,34734.983586
2024-09-03 20:00:00,schloemer,L47,55,58,48.01435767630586,9.992007221626409e-16,0.0,3.9968028886505635e-15,4,8,2184616.11112,34734.983586
2024-09-03 20:00:00,schloemer,L48,58,59,49.58998065454507,3.3306690738754696e-15,0.0,1.3322676295501878e-14,4,8,2184616.11112,34734.983586
2024-09-03 20:00:00,schloemer,L49,58,60,49.894141119558654,4.218847493575595e-15,0.0,1.687538997430238e-14,4,8,2184616.11112,34734.983586
2024-09-03 20:00:00,schloemer,L50,59,60,50.60735390345439,7.216449660063518e-15,0.0,2.886579864025407e-14,4,8,2184616.11112,34734.983586
2024-09-03 20:00:00,schloemer,L51,59,61,50.96413189643716,9.547918011776346e-15,0.0,3.8191672047105385e-14,4,8,2184616.11112,34734.983586
2024-09-03 20:00:00,schloemer,L52,60,61,51.28238424203809,1.2101430968414206e-14,0.0,4.8405723873656825e-14,4,8,2184616.11112,34734.983586
2024-09-03 20:00:00,schloemer,L53,61,65,51.69930374313131,1.6764367671839864e-14,0.0,6.705747068735946e-14,4,8,2184616.11112,34734.983586
2024-09-03 20:00:00,schloemer,L54,61,66,52.206493501245625,2.475797344914099e-14,0.0,9.903189379656396e-14,4,8,2184616.11112,34734.983586
2024-09-03 20:00:00,schloemer,L55,62,58,49.639345182434035,3.4416913763379853e-15,0.0,4.474198789239381e-14,13,30,2185148.89802,34751.629934
2024-09-03 20:00:00,schloemer,L56,62,63,51.264942212891064,1.199040866595169e-14,0.0,4.796163466380676e-14,4,8,2184616.11112,34734.983586
2024-09-03 20:00:00,schloemer,L57,63,60,51.54124454910218,1.454392162258955e-14,0.0,2.90878432451791e-13,20,47,2185512.78098,34763.759366
2024-09-03 20:00:00,schloemer,L58,63,64,52.94946411879014,4.3853809472693683e-14,0.0,1.7541523789077473e-13,4,8,2184616.11112,34734.983586
2024-09-03 20:00:00,schloemer,L59,64,65,52.69705018300148,3.5416114485542494e-14,0.0,7.083222897108499e-13,20,48,2185545.98792,34764.866264
2024-09-03 20:00:00,schloemer,L60,64,67,53.02493792027922,4.4853010194856324e-14,0.0,1.7044143874045403e-12,38,93,2186503.81292,34796.793764
2024-09-03 20:00:00,schloemer,L61,65,66,52.25528028160837,2.5646151868841116e-14,0.0,1.0258460747536446e-13,4,8,2184616.11112,34734.983586
2024-09-03 20:00:00,schloemer,L62,67,68,50.48536839322997,6.439293542825908e-15,0.0,1.8030021919912542e-13,28,68,2185978.45538,34779.281846
2024-09-03 20:00:00,schloemer,L63,68,69,47.20804533197251,5.551115123125783e-16,0.0,2.220446049250313e-15,4,8,2184616.11112,34734.983586
2024-09-03 20:00:00,schloemer,L64,68,74,48.19770856474782,1.2212453270876722e-15,0.0,4.884981308350689e-15,4,8,2184616.11112,34734.983586
2024-09-03 20:00:00,schloemer,L65,68,76,49.27294745763604,2.6645352591003757e-15,0.0,1.0658141036401503e-14,4,8,2184616.11112,34734.983586
2024-09-03 20:00:00,schloemer,L66,69,70,44.580069506557784,1.1102230246251565e-16,0.0,4.440892098500626e-16,4,8,2184616.11112,34734.983586
2024-09-03 20:00:00,schloemer,L67,69,73,45.77205215414161,2.220446049250313e-16,0.0,8.881784197001252e-16,4,8,2184616.11112,34734.983586
2024-09-03 20:00:00,schloemer,L68,69,74,46.544156821852795,3.3306690738754696e-16,0.0,1.3322676295501878e-15,4,8,2184616.11112,34734.983586
2024-09-03 20:00:00,schloemer,L69,70,71,42.96839347095238,0.0,0.0,0.0,4,8,2184616.11112,34734.983586
2024-09-03 20:00:00,schloemer,L70,70,72,42.96129705043222,0.0,0.0,0.0,4,8,2184616.11112,34734.983586
2024-09-03 20:00:00,schloemer,L71,73,74,46.69830196138565,4.440892098500626e-16,0.0,1.7763568394002505e-15,4,8,2184616.11112,34734.983586
2024-09-03 20:00:00,schloemer,L72,74,76,48.52092737937359,1.5543122344752192e-15,0.0,6.217248937900877e-15,4,8,2184616.11112,34734.983586
2024-09-03 20:00:00,schloemer,L73,74,117,47.20202572922205,5.551115123125783e-16,0.0,2.220446049250313e-15,4,8,2184616.11112,34734.983586
2024-09-03 20:00:00,schloemer,L74,75,76,48.69587994013062,1.7763568394002505e-15,0.0,7.105427357601002e-15,4,8,2184616.11112,34734.983586
2024-09-03 20:00:00,schloemer,L75,75,117,47.366759576238955,6.661338147750939e-16,0.0,2.6645352591003757e-15,4,8,2184616.11112,34734.983586
2024-09-03 20:00:00,schloemer,L76,76,77,49.38859360266953,2.886579864025407e-15,0.0,1.1546319456101628e-14,4,8,2184616.11112,34734.983586
2024-09-03 20:00:00,schloemer,L77,76,79,50.757089533885946,8.104628079763643e-15,0.0,3.241851231905457e-14,4,8,2184616.11112,34734.983586
2024-09-03 20:00:00,schloemer,L78,76,79,50.757089533885946,8.104628079763643e-15,0.0,3.241851231905457e-14,4,8,2184616.11112,34734.983586
2024-09-03 20:00:00,schloemer,L79,76,81,50.22823689753364,5.440092820663267e-15,0.0,2.1760371282653068e-14,4,8,2184616.11112,34734.983586
2024-09-03 20:00:00,schloemer,L80,77,78,49.62083429058542,3.4416913763379853e-15,0.0,1.3766765505351941e-14,4,8,2184616.11112,34734.983586
2024-09-03 20:00:00,schloemer,L81,78,79,51.000309192989086,9.769962616701378e-15,0.0,3.907985046680551e-14,4,8,2184616.11112,34734.983586
2024-09-03 20:00:00,schloemer,L82,79,95,52.51965763422955,3.141931159689193e-14,0.0,1.2567724638756772e-13,4,8,2184616.11112,34734.983586
2024-09-03 20:00:00,schloemer,L83,79,96,52.28469177270163,2.6201263381153694e-14,0.0,1.0480505352461478e-13,4,8,2184616.11112,34734.983586
2024-09-03 20:00:00,schloemer,L84,79,97,51.818844079112225,1.8318679906315083e-14,0.0,7.327471962526033e-14,4,8,2184616.11112,34734.983586
2024-09-03 20:00:00,schloemer,L85,79,98,52.97477685498885,4.474198789239381e-14,0.0,1.7896795156957523e-13,4,8,2184616.11112,34734.983586
2024-09-03 20:00:00,schloemer,L86,80,67,52.4162835626628,2.8310687127941492e-14,0.0,8.493206138382448e-13,30,72,2186055.70436,34781.856812
2024-09-03 20:00:00,schloemer,L87,80,79,52.29825523401323,2.5868196473766147e-14,0.0,7.243095012654521e-13,28,69,2185981.58126,34779.386042
2024-09-03 20:00:00,schloemer,L88,81,82,50.530927745833424,6.8833827526759706e-15,0.0,2.7533531010703882e-14,4,8,2184616.11112,34734.983586
2024-09-03 20:00:00,schloemer,L89,81,95,51.92800378848337,1.9984014443252818e-14,0.0,7.993605777301127e-14,4,8,2184616.11112,34734.983586
2024-09-03 20:00:00,schloemer,L90,93,95,53.87567344286885,9.026113190202523e-14,2.220446049250313e-16,3.6282088444750116e-13,4,8,2184616.11112,34734.983586
2024-09-03 20:00:00,schloemer,L91,95,96,52.80211519461906,3.9190872769268026e-14,0.0,1.567634910770721e-13,4,8,2184616.11112,34734.983586
2024-09-03 20:00:00,schloemer,L92,115,67,52.526601099465864,3.1308289294429414e-14,0.0,4.070077608275824e-13,13,29,2185126.88168,34750.896056
2024-09-03 21:00:00,schloemer,L0,22,23,41.64810587632379,0.0,0.0,0.0,4,8,2184616.11112,34734.983586
2024-09-03 21:00:00,schloemer,L1,23,69,43.604408581420564,0.0,0.0,0.0,4,8,2184616.11112,34734.983586
2024-09-03 21:00:00,schloemer,L2,23,71,42.0740616342469,0.0,0.0,0.0,4,8,2184616.11112,34734.983586
2024-09-03 21:00:00,schloemer,L3,29,37,57.377029212059355,1.4175327578413999e-12,6.317402156952312e-11,5.110623035875506e-10,4,8,2184616.11112,34734.983586
2024-09-03 21:00:00,schloemer,L4,32,36,60.52884654768159,1.7229995208367654e-11,1.704670858915236e-07,1.3638047933195452e-06,4,8,2184616.11112,34734.983586
2024-09-03 21:00:00,schloemer,L5,33,36,58.343824931798544,3.0485614033182173e-12,9.515994658926274e-10,7.624989972754292e-09,4,8,2184616.11112,34734.983586
2024-09-03 21:00:00,schloemer,L6,33,42,56.05488434648911,4.987121826616203e-13,9.674483436583614e-13,9.734435479913373e-12,4,8,2184616.11112,34734.983586
2024-09-03 21:00:00,schloemer,L7,34,36,60.75800872303713,2.065803084150275e-11,2.7428760163150656e-07,2.194381338416207e-06,4,8,2184616.11112,34734.983586
2024-09-03 21:00:00,schloemer,L8,36,38,59.34725678451441,6.75448585951699e-12,1.2012256189741777e-08,9.61250634645694e-08,4,8,2184616.11112,34734.983586
2024-09-03 21:00:00,schloemer,L9,36,39,57.95650162602704,2.2428725543477412e-12,3.318065822099925e-10,2.663424147897331e-09,4,8,2184616.11112,34734.983586
2024-09-03 21:00:00,schloemer,L10,37,36,57.821980307699945,1.9769741399500163e-12,2.200623017145631e-10,1.0602529965098029e-08,20,48,2185542.33716,34764.744572
2024-09-03 21:00:00,schloemer,L11,37,64,54.45749363334288,1.4210854715202004e-13,2.7755575615628914e-15,5.906386491005833e-13,4,8,2184616.11112,34734.983586
2024-09-03 21:00:00,schloemer,L12,38,39,57.9835941650316,2.291500322826323e-12,3.5768743522623936e-10,2.87066548310122e-09,4,8,2184616.11112,34734.983586
2024-09-03 21:00:00,schloemer,L13,39,40,55.8662486880387,4.297673328323981e-13,5.082601006733967e-13,5.785150136716766e-12,4,8,2184616.11112,34734.983586
2024-09-03 21:00:00,schloemer,L14,39,41,54.635402643077946,1.6342482922482304e-13,5.551115123125783e-15,6.981082378842984e-13,4,8,2184616.11112,34734.983586
2024-09-03 21:00:00,schloemer,L15,40,41,53.9026298911118,9.214851104388799e-14,3.3306690738754696e-16,3.7125857943465235e-13,4,8,2184616.11112,34734.983586
2024-09-03 21:00:00,schloemer,L16,41,48,50.545748479199766,6.8833827526759706e-15,0.0,2.7533531010703882e-14,4,8,2184616.11112,34734.983586
2024-09-03 21:00:00,schloemer,L17,41,48,50.545748479199766,6.8833827526759706e-15,0.0,2.7533531010703882e-14,4,8,2184616.11112,34734.983586
2024-09-03 21:00:00,schloemer,L18,42,43,53.3606666808855,6.039613253960852e-14,0.0,2.4158453015843406e-13,4,8,2184616.11112,34734.983586
2024-09-03 21:00:00,schloemer,L19,43,44,50.817660040811646,8.548717289613705e-15,0.0,3.419486915845482e-14,4,8,2184616.11112,34734.983586
2024-09-03 21:00:00,schloemer,L20,44,45,48.73812407301683,1.7763568394002505e-15,0.0,7.105427357601002e-15,4,8,2184616.11112,34734.983586
2024-09-03 21:00:00,schloemer,L21,44,48,49.07367416274488,2.3314683517128287e-15,0.0,9.325873406851315e-15,4,8,2184616.11112,34734.983586
2024-09-03 21:00:00,schloemer,L22,45,46,47.88867836058044,9.992007221626409e-16,0.0,3.9968028886505635e-15,4,8,2184616.11112,34734.983586
2024-09-03 21:00:00,schloemer,L23,45,47,47.40348727334537,6.661338147750939e-16,0.0,2.6645352591003757e-15,4,8,2184616.11112,34734.983586
2024-09-03 21:00:00,schloemer,L24,46,48,48.2318142162057,1.2212453270876722e-15,0.0,4.884981308350689e-15,4,8,2184616.11112,34734.983586
2024-09-03 21:00:00,schloemer,L25,46,68,47.9539420528281,9.992007221626409e-16,0.0,3.9968028886505635e-15,4,8,2184616.11112,34734.983586
2024-09-03 21:00:00,schloemer,L26,47,48,47.72320956177015,8.881784197001252e-16,0.0,3.552713678800501e-15,4,8,2184616.11112,34734.983586
2024-09-03 21:00:00,schloemer,L27,48,49,47.73669506364684,8.881784197001252e-16,0.0,3.552713678800501e-15,4,8,2184616.11112,34734.983586
2024-09-03 21:00:00,schloemer,L28,48,50,47.17109972330925,5.551115123125783e-16,0.0,2.220446049250313e-15,4,8,2184616.11112,34734.983586
2024-09-03 21:00:00,schloemer,L29,48,53,47.853497639980674,8.881784197001252e-16,0.0,3.552713678800501e-15,4,8,2184616.11112,34734.983586
2024-09-03 21:00:00,schloemer,L30,48,53,47.853497639980674,8.881784197001252e-16,0.0,3.552713678800501e-15,4,8,2184616.11112,34734.983586
2024-09-03 21:00:00,schloemer,L31,48,65,49.60530791353952,3.4416913763379853e-15,0.0,1.3766765505351941e-14,4,8,2184616.11112,34734.983586
2024-09-03 21:00:00,schloemer,L32,48,65,49.60530791353952,3.4416913763379853e-15,0.0,1.3766765505351941e-14,4,8,2184616.11112,34734.983586
2024-09-03 21:00:00,schloemer,L33,48,68,48.30937969909501,1.3322676295501878e-15,0.0,5.329070518200751e-15,4,8,2184616.11112,34734.983586
2024-09-03 21:00:00,schloemer,L34,49,56,46.508256123469224,3.3306690738754696e-16,0.0,1.3322676295501878e-15,4,8,2184616.11112,34734.983586
2024-09-03 21:00:00,schloemer,L35,50,51,45.06122053919718,1.1102230246251565e-16,0.0,4.440892098500626e-16,4,8,2184616.11112,34734.983586
2024-09-03 21:00:00,schloemer,L36,50,57,45.51714081662595,2.220446049250313e-16,0.0,8.881784197001252e-16,4,8,2184616.11112,34734.983586
2024-09-03 21:00:00,schloemer,L37,51,52,44.600366450666954,1.1102230246251565e-16,0.0,4.440892098500626e-16,4,8,2184616.11112,34734.983586
2024-09-03 21:00:00,schloemer,L38,52,53,46.00882200229984,2.220446049250313e-16,0.0,8.881784197001252e-16,4,8,2184616.11112,34734.983586
2024-09-03 21:00:00,schloemer,L39,53,54,46.942575449774054,4.440892098500626e-16,0.0,1.7763568394002505e-15,4,8,2184616.11112,34734.983586
2024-09-03 21:00:00,schloemer,L40,53,55,46.73109593926262,4.440892098500626e-16,0.0,1.7763568394002505e-15,4,8,2184616.11112,34734.983586
2024-09-03 21:00:00,schloemer,L41,53,58,47.585966454842264,7.771561172376096e-16,0.0,3.1086244689504383e-15,4,8,2184616.11112,34734.983586
2024-09-03 21:00:00,schloemer,L42,54,55,46.53385983940911,3.3306690738754696e-16,0.0,1.3322676295501878e-15,4,8,2184616.11112,34734.983586
2024-09-03 21:00:00,schloemer,L43,54,58,47.36886068381186,6.661338147750939e-16,0.0,2.6645352591003757e-15,4,8,2184616.11112,34734.983586
2024-09-03 21:00:00,schloemer,L44,55,56,46.189285660418655,2.220446049250313e-16,0.0,8.881784197001252e-16,4,8,2184616.11112,34734.983586
2024-09-03 21:00:00,schloemer,L45,55,57,45.73308472725874,2.220446049250313e-16,0.0,8.881784197001252e-16,4,8,2184616.11112,34734.983586
2024-09-03 21:00:00,schloemer,L46,55,58,47.16589790922034,5.551115123125783e-16,0.0,2.220446049250313e-15,4,8,2184616.11112,34734.983586
2024-09-03 21:00:00,schloemer,L47,55,58,47.16589790922034,5.551115123125783e-16,0.0,2.220446049250313e-15,4,8,2184616.11112,34734.983586
2024-09-03 21:00:00,schloemer,L48,58,59,48.695079322395934,1.7763568394002505e-15,0.0,7.105427357601002e-15,4,8,2184616.11112,34734.983586
2024-09-03 21:00:00,schloemer,L49,58,60,48.98485227940564,2.1094237467877974e-15,0.0,8.43769498715119e-15,4,8,2184616.11112,34734.983586
2024-09-03 21:00:00,schloemer,L50,59,60,49.67860076988821,3.552713678800501e-15,0.0,1.4210854715202004e-14,4,8,2184616.11112,34734.983586
2024-09-03 21:00:00,schloemer,L51,59,61,50.018578540109694,4.6629367034256575e-15,0.0,1.865174681370263e-14,4,8,2184616.11112,34734.983586
2024-09-03 21:00:00,schloemer,L52,60,61,50.3214642328041,5.88418203051333e-15,0.0,2.353672812205332e-14,4,8,2184616.11112,34734.983586
2024-09-03 21:00:00,schloemer,L53,61,65,50.707605670155324,7.882583474838611e-15,0.0,3.1530333899354446e-14,4,8,2184616.11112,34734.983586
2024-09-03 21:00:00,schloemer,L54,61,66,51.2047475782207,1.1435297153639112e-14,0.0,4.574118861455645e-14,4,8,2184616.11112,34734.983586
2024-09-03 21:00:00,schloemer,L55,62,58,48.73698905938351,1.7763568394002505e-15,0.0,2.3092638912203256e-14,13,30,2185148.89802,34751.629934
2024-09-03 21:00:00,schloemer,L56,62,63,50.29696028102261,5.773159728050814e-15,0.0,2.3092638912203256e-14,4,8,2184616.11112,34734.983586
2024-09-03 21:00:00,schloemer,L57,63,60,50.56534810932037,6.8833827526759706e-15,0.0,1.376676550535194e-13,20,47,2185512.78098,34763.759366
2024-09-03 21:00:00,schloemer,L58,63,64,51.900080632302064,1.9539925233402755e-14,0.0,7.815970093361102e-14,4,8,2184616.11112,34734.983586
2024-09-03 21:00:00,schloemer,L59,64,65,51.65225460570324,1.587618925213974e-14,0.0,3.1752378504279477e-13,20,48,2185545.98792,34764.866264
2024-09-03 21:00:00,schloemer,L60,64,67,51.9522613232329,1.965094753586527e-14,0.0,7.467360063628803e-13,38,93,2186503.81292,34796.793764
2024-09-03 21:00:00,schloemer,L61,65,66,51.240092330632535,1.176836406102666e-14,0.0,4.707345624410664e-14,4,8,2184616.11112,34734.983586
2024-09-03 21:00:00,schloemer,L62,67,68,49.50548644194179,3.1086244689504383e-15,0.0,8.704148513061227e-14,28,68,2185978.45538,34779.281846
2024-09-03 21:00:00,schloemer,L63,68,69,46.35122691650128,3.3306690738754696e-16,0.0,1.3322676295501878e-15,4,8,2184616.11112,34734.983586
2024-09-03 21:00:00,schloemer,L64,68,74,47.304619974724005,6.661338147750939e-16,0.0,2.6645352591003757e-15,4,8,2184616.11112,34734.983586
2024-09-03 21:00:00,schloemer,L65,68,76,48.340728354439584,1.3322676295501878e-15,0.0,5.329070518200751e-15,4,8,2184616.11112,34734.983586
2024-09-03 21:00:00,schloemer,L66,69,70,43.820047648546954,0.0,0.0,0.0,4,8,2184616.11112,34734.983586
2024-09-03 21:00:00,schloemer,L67,69,73,44.969114893674096,1.1102230246251565e-16,0.0,4.440892098500626e-16,4,8,2184616.11112,34734.983586
2024-09-03 21:00:00,schloemer,L68,69,74,45.71310038520671,2.220446049250313e-16,0.0,8.881784197001252e-16,4,8,2184616.11112,34734.983586
2024-09-03 21:00:00,schloemer,L69,70,71,42.265492813494404,0.0,0.0,0.0,4,8,2184616.11112,34734.983586
2024-09-03 21:00:00,schloemer,L70,70,72,42.260363357246945,0.0,0.0,0.0,4,8,2184616.11112,34734.983586
2024-09-03 21:00:00,schloemer,L71,73,74,45.86247332583273,2.220446049250313e-16,0.0,8.881784197001252e-16,4,8,2184616.11112,34734.983586
2024-09-03 21:00:00,schloemer,L72,74,76,47.61952137584781,7.771561172376096e-16,0.0,3.1086244689504383e-15,4,8,2184616.11112,34734.983586
2024-09-03 21:00:00,schloemer,L73,74,117,46.34928515741789,3.3306690738754696e-16,0.0,1.3322676295501878e-15,4,8,2184616.11112,34734.983586
2024-09-03 21:00:00,schloemer,L74,75,76,47.79177440132436,8.881784197001252e-16,0.0,3.552713678800501e-15,4,8,2184616.11112,34734.983586
2024-09-03 21:00:00,schloemer,L75,75,117,46.51154812712348,3.3306690738754696e-16,0.0,1.3322676295501878e-15,4,8,2184616.11112,34734.983586
2024-09-03 21:00:00,schloemer,L76,76,77,48.46094042000284,1.4432899320127035e-15,0.0,5.773159728050814e-15,4,8,2184616.11112,34734.983586
2024-09-03 21:00:00,schloemer,L77,76,79,49.777858637183826,3.885780586188048e-15,0.0,1.554312234475219e-14,4,8,2184616.11112,34734.983586
2024-09-03 21:00:00,schloemer,L78,76,79,49.777858637183826,3.885780586188048e-15,0.0,1.554312234475219e-14,4,8,2184616.11112,34734.983586
2024-09-03 21:00:00,schloemer,L79,76,81,49.27110509915757,2.6645352591003757e-15,0.0,1.0658141036401503e-14,4,8,2184616.11112,34734.983586
2024-09-03 21:00:00,schloemer,L80,77,78,48.69176268693366,1.6653345369377348e-15,0.0,6.661338147750939e-15,4,8,2184616.11112,34734.983586
2024-09-03 21:00:00,schloemer,L81,78,79,50.019758821637126,4.6629367034256575e-15,0.0,1.865174681370263e-14,4,8,2184616.11112,34734.983586
2024-09-03 21:00:00,schloemer,L82,79,95,51.4840981724021,1.4210854715202004e-14,0.0,5.684341886080802e-14,4,8,2184616.11112,34734.983586
2024-09-03 21:00:00,schloemer,L83,79,96,51.25942616233491,1.199040866595169e-14,0.0,4.796163466380676e-14,4,8,2184616.11112,34734.983586
2024-09-03 21:00:00,schloemer,L84,79,97,50.81060384070151,8.43769498715119e-15,0.0,3.375077994860476e-14,4,8,2184616.11112,34734.983586
2024-09-03 21:00:00,schloemer,L85,79,98,51.91846977974789,1.9761969838327786e-14,0.0,7.904787935331115e-14,4,8,2184616.11112,34734.983586
2024-09-03 21:00:00,schloemer,L86,80,67,51.36206569140159,1.2545520178264269e-14,0.0,3.7636560534792807e-13,30,72,2186055.70436,34781.856812
2024-09-03 21:00:00,schloemer,L87,80,79,51.257032191431556,1.1657341758564144e-14,0.0,3.26405569239796e-13,28,69,2185981.58126,34779.386042
2024-09-03 21:00:00,schloemer,L88,81,82,49.57770943871849,3.3306690738754696e-15,0.0,1.3322676295501878e-14,4,8,2184616.11112,34734.983586
2024-09-03 21:00:00,schloemer,L89,81,95,50.91802937085423,9.2148511043888e-15,0.0,3.68594044175552e-14,4,8,2184616.11112,34734.983586
2024-09-03 21:00:00,schloemer,L90,93,95,52.80226354202928,3.9190872769268026e-14,0.0,1.567634910770721e-13,4,8,2184616.11112,34734.983586
2024-09-03 21:00:00,schloemer,L91,95,96,51.764219396139566,1.7541523789077473e-14,0.0,7.016609515630989e-14,4,8,2184616.11112,34734.983586
2024-09-03 21:00:00,schloemer,L92,115,67,51.4679479649811,1.3877787807814457e-14,0.0,1.8041124150158794e-13,13,29,2185126.88168,34750.896056
2024-09-03 22:00:00,schloemer,L0,22,23,40.97500845282093,0.0,0.0,0.0,4,8,2184616.11112,34734.983586
2024-09-03 22:00:00,schloemer,L1,23,69,42.864722072276514,0.0,0.0,0.0,4,8,2184616.11112,34734.983586
2024-09-03 22:00:00,schloemer,L2,23,71,41.38757319338202,0.0,0.0,0.0,4,8,2184616.11112,34734.983586
2024-09-03 22:00:00,schloemer,L3,29,37,56.15179245888339,5.383471446407384e-13,1.3401502130250265e-12,1.2874590282763165e-11,4,8,2184616.11112,34734.983586
2024-09-03 22:00:00,schloemer,L4,32,36,59.16229306980315,5.8331117713805725e-12,7.681904556910979e-09,6.147856723703882e-08,4,8,2184616.11112,34734.983586
2024-09-03 22:00:00,schloemer,L5,33,36,57.065412659407336,1.1077805339709812e-12,2.4818591626285524e-11,2.0297985514616812e-10,4,8,2184616.11112,34734.983586
2024-09-03 22:00:00,schloemer,L6,33,42,54.864773516374925,1.9562129693895258e-13,1.354472090042691e-14,8.908429549592256e-13,4,8,2184616.11112,34734.983586
2024-09-03 22:00:00,schloemer,L7,34,36,59.38998370507217,6.987188605478423e-12,1.3302244528112794e-08,1.0644589998332066e-07,4,8,2184616.11112,34734.983586
2024-09-03 22:00:00,schloemer,L8,36,38,58.023992236207185,2.365996287778671e-12,3.9991632228009166e-10,3.208794563391848e-09,4,8,2184616.11112,34734.983586
2024-09-03 22:00:00,schloemer,L9,36,39,56.6872958889901,8.215650382226158e-13,7.665312828919468e-12,6.460876278424621e-11,4,8,2184616.11112,34734.983586
2024-09-03 22:00:00,schloemer,L10,37,36,56.56716809298175,7.330802631599909e-13,5.029421323854422e-12,2.5607382880821206e-10,20,48,2185542.33716,34764.744572
2024-09-03 22:00:00,schloemer,L11,37,64,53.33131855920222,5.906386491005833e-14,0.0,2.362554596402333e-13,4,8,2184616.11112,34734.983586
2024-09-03 22:00:00,schloemer,L12,38,39,56.709233008118574,8.358869152402804e-13,8.216427538343396e-12,6.907496796770829e-11,4,8,2184616.11112,34734.983586
2024-09-03 22:00:00,schloemer,L13,39,40,54.67321640123995,1.6830981053317373e-13,6.439293542825908e-15,7.247535904753022e-13,4,8,2184616.11112,34734.983586
2024-09-03 22:00:00,schloemer,L14,39,41,53.49161941958182,6.683542608243442e-14,0.0,2.673417043297377e-13,4,8,2184616.11112,34734.983586
2024-09-03 22:00:00,schloemer,L15,40,41,52.785914374024614,3.863576125695545e-14,0.0,1.545430450278218e-13,4,8,2184616.11112,34734.983586
2024-09-03 22:00:00,schloemer,L16,41,48,49.55983197246576,3.3306690738754696e-15,0.0,1.3322676295501878e-14,4,8,2184616.11112,34734.983586
2024-09-03 22:00:00,schloemer,L17,41,48,49.55983197246576,3.3306690738754696e-15,0.0,1.3322676295501878e-14,4,8,2184616.11112,34734.983586
2024-09-03 22:00:00,schloemer,L18,42,43,52.271310137749175,2.5979218776228663e-14,0.0,1.0391687510491465e-13,4,8,2184616.11112,34734.983586
2024-09-03 22:00:00,schloemer,L19,43,44,49.821941258121456,3.9968028886505635e-15,0.0,1.5987211554602254e-14,4,8,2184616.11112,34734.983586
2024-09-03 22:00:00,schloemer,L20,44,45,47.81764556354284,8.881784197001252e-16,0.0,3.552713678800501e-15,4,8,2184616.11112,34734.983586
2024-09-03 22:00:00,schloemer,L21,44,48,48.142910468506976,1.1102230246251565e-15,0.0,4.440892098500626e-15,4,8,2184616.11112,34734.983586
2024-09-03 22:00:00,schloemer,L22,45,46,46.99705304946999,4.440892098500626e-16,0.0,1.7763568394002505e-15,4,8,2184616.11112,34734.983586
2024-09-03 22:00:00,schloemer,L23,45,47,46.53191610364849,3.3306690738754696e-16,0.0,1.3322676295501878e-15,4,8,2184616.11112,34734.983586
2024-09-03 22:00:00,schloemer,L24,46,48,47.32909977247262,6.661338147750939e-16,0.0,2.6645352591003757e-15,4,8,2184616.11112,34734.983586
2024-09-03 22:00:00,schloemer,L25,46,68,47.05725158982043,5.551115123125783e-16,0.0,2.220446049250313e-15,4,8,2184616.11112,34734.983586
2024-09-03 22:00:00,schloemer,L26,47,48,46.84192711571042,4.440892098500626e-16,0.0,1.7763568394002505e-15,4,8,2184616.11112,34734.983586
2024-09-03 22:00:00,schloemer,L27,48,49,46.859194627939104,4.440892098500626e-16,0.0,1.7763568394002505e-15,4,8,2184616.11112,34734.983586
2024-09-03 22:00:00,schloemer,L28,48,50,46.314563164365275,3.3306690738754696e-16,0.0,1.3322676295501878e-15,4,8,2184616.11112,34734.983586
2024-09-03 22:00:00,schloemer,L29,48,53,46.976249848968244,4.440892098500626e-16,0.0,1.7763568394002505e-15,4,8,2184616.11112,34734.983586
2024-09-03 22:00:00,schloemer,L30,48,53,46.976249848968244,4.440892098500626e-16,0.0,1.7763568394002505e-15,4,8,2184616.11112,34734.983586
2024-09-03 22:00:00,schloemer,L31,48,65,48.66107643616989,1.6653345369377348e-15,0.0,6.661338147750939e-15,4,8,2184616.11112,34734.983586
2024-09-03 22:00:00,schloemer,L32,48,65,48.66107643616989,1.6653345369377348e-15,0.0,6.661338147750939e-15,4,8,2184616.11112,34734.983586
2024-09-03 22:00:00,schloemer,L33,48,68,47.401115553887294,6.661338147750939e-16,0.0,2.6645352591003757e-15,4,8,2184616.11112,34734.983586
2024-09-03 22:00:00,schloemer,L34,49,56,45.68241468741111,2.220446049250313e-16,0.0,8.881784197001252e-16,4,8,2184616.11112,34734.983586
2024-09-03 22:00:00,schloemer,L35,50,51,44.2858449709581,1.1102230246251565e-16,0.0,4.440892098500626e-16,4,8,2184616.11112,34734.983586
2024-09-03 22:00:00,schloemer,L36,50,57,44.727180900614336,1.1102230246251565e-16,0.0,4.440892098500626e-16,4,8,2184616.11112,34734.983586
2024-09-03 22:00:00,schloemer,L37,51,52,43.84679521453713,0.0,0.0,0.0,4,8,2184616.11112,34734.983586
2024-09-03 22:00:00,schloemer,L38,52,53,45.208499686723506,1.1102230246251565e-16,0.0,4.440892098500626e-16,4,8,2184616.11112,34734.983586
2024-09-03 22:00:00,schloemer,L39,53,54,46.113595538108406,2.220446049250313e-16,0.0,8.881784197001252e-16,4,8,2184616.11112,34734.983586
2024-09-03 22:00:00,schloemer,L40,53,55,45.90688105827961,2.220446049250313e-16,0.0,8.881784197001252e-16,4,8,2184616.11112,34734.983586
2024-09-03 22:00:00,schloemer,L41,53,58,46.73463768879163,4.440892098500626e-16,0.0,1.7763568394002505e-15,4,8,2184616.11112,34734.983586
2024-09-03 22:00:00,schloemer,L42,54,55,45.72280467370606,2.220446049250313e-16,0.0,8.881784197001252e-16,4,8,2184616.11112,34734.983586
2024-09-03 22:00:00,schloemer,L43,54,58,46.532126890458755,3.3306690738754696e-16,0.0,1.3322676295501878e-15,4,8,2184616.11112,34734.983586
2024-09-03 22:00:00,schloemer,L44,55,56,45.38305247989636,1.1102230246251565e-16,0.0,4.440892098500626e-16,4,8,2184616.11112,34734.983586
2024-09-03 22:00:00,schloemer,L45,55,57,44.94334339202317,1.1102230246251565e-16,0.0,4.440892098500626e-16,4,8,2184616.11112,34734.983586
2024-09-03 22:00:00,schloemer,L46,55,58,46.33319734126492,3.3306690738754696e-16,0.0,1.3322676295501878e-15,4,8,2184616.11112,34734.983586
2024-09-03 22:00:00,schloemer,L47,55,58,46.33319734126492,3.3306690738754696e-16,0.0,1.3322676295501878e-15,4,8,2184616.11112,34734.983586
2024-09-03 22:00:00,schloemer,L48,58,59,47.81723062094007,8.881784197001252e-16,0.0,3.552713678800501e-15,4,8,2184616.11112,34734.983586
2024-09-03 22:00:00,schloemer,L49,58,60,48.09350450876543,1.1102230246251565e-15,0.0,4.440892098500626e-15,4,8,2184616.11112,34734.983586
2024-09-03 22:00:00,schloemer,L50,59,60,48.76813533554115,1.7763568394002505e-15,0.0,7.105427357601002e-15,4,8,2184616.11112,34734.983586
2024-09-03 22:00:00,schloemer,L51,59,61,49.09233996089297,2.3314683517128287e-15,0.0,9.325873406851315e-15,4,8,2184616.11112,34734.983586
2024-09-03 22:00:00,schloemer,L52,60,61,49.38082488267782,2.886579864025407e-15,0.0,1.1546319456101628e-14,4,8,2184616.11112,34734.983586
2024-09-03 22:00:00,schloemer,L53,61,65,49.73879806351428,3.774758283725532e-15,0.0,1.509903313490213e-14,4,8,2184616.11112,34734.983586
2024-09-03 22:00:00,schloemer,L54,61,66,50.2256209742027,5.440092820663267e-15,0.0,2.1760371282653068e-14,4,8,2184616.11112,34734.983586
2024-09-03 22:00:00,schloemer,L55,62,58,47.852444978153954,8.881784197001252e-16,0.0,1.1546319456101628e-14,13,30,2185148.89802,34751.629934
2024-09-03 22:00:00,schloemer,L56,62,63,49.35018864135364,2.7755575615628914e-15,0.0,1.1102230246251565e-14,4,8,2184616.11112,34734.983586
2024-09-03 22:00:00,schloemer,L57,63,60,49.61082972417238,3.3306690738754696e-15,0.0,6.661338147750939e-14,20,47,2185512.78098,34763.759366
2024-09-03 22:00:00,schloemer,L58,63,64,50.87711170959911,8.881784197001252e-15,0.0,3.552713678800501e-14,4,8,2184616.11112,34734.983586
2024-09-03 22:00:00,schloemer,L59,64,65,50.63407602046132,7.327471962526033e-15,0.0,1.4654943925052066e-13,20,48,2185545.98792,34764.866264
2024-09-03 22:00:00,schloemer,L60,64,67,50.9087990288092,8.770761894538737e-15,0.0,3.33288951992472e-13,38,93,2186503.81292,34796.793764
2024-09-03 22:00:00,schloemer,L61,65,66,50.249084214849525,5.551115123125783e-15,0.0,2.220446049250313e-14,4,8,2184616.11112,34734.983586
2024-09-03 22:00:00,schloemer,L62,67,68,48.550532559988795,1.5543122344752192e-15,0.0,4.3520742565306136e-14,28,68,2185978.45538,34779.281846
2024-09-03 22:00:00,schloemer,L63,68,69,45.513109148664036,2.220446049250313e-16,0.0,8.881784197001252e-16,4,8,2184616.11112,34734.983586
2024-09-03 22:00:00,schloemer,L64,68,74,46.43200958352985,3.3306690738754696e-16,0.0,1.3322676295501878e-15,4,8,2184616.11112,34734.983586
2024-09-03 22:00:00,schloemer,L65,68,76,47.4308471251393,6.661338147750939e-16,0.0,2.6645352591003757e-15,4,8,2184616.11112,34734.983586
2024-09-03 22:00:00,schloemer,L66,69,70,43.07383411988598,0.0,0.0,0.0,4,8,2184616.11112,34734.983586
2024-09-03 22:00:00,schloemer,L67,69,73,44.1820854942665,1.1102230246251565e-16,0.0,4.440892098500626e-16,4,8,2184616.11112,34734.983586
2024-09-03 22:00:00,schloemer,L68,69,74,44.89934059388178,1.1102230246251565e-16,0.0,4.440892098500626e-16,4,8,2184616.11112,34734.983586
2024-09-03 22:00:00,schloemer,L69,70,71,41.57364702689898,0.0,0.0,0.0,4,8,2184616.11112,34734.983586
2024-09-03 22:00:00,schloemer,L70,70,72,41.57026694140462,0.0,0.0,0.0,4,8,2184616.11112,34734.983586
2024-09-03 22:00:00,schloemer,L71,73,74,45.04410537471535,1.1102230246251565e-16,0.0,4.440892098500626e-16,4,8,2184616.11112,34734.983586
2024-09-03 22:00:00,schloemer,L72,74,76,46.738683635812876,4.440892098500626e-16,0.0,1.7763568394002505e-15,4,8,2184616.11112,34734.983586
2024-09-03 22:00:00,schloemer,L73,74,117,45.514712714612735,2.220446049250313e-16,0.0,8.881784197001252e-16,4,8,2184616.11112,34734.983586
2024-09-03 22:00:00,schloemer,L74,75,76,46.908052946057325,4.440892098500626e-16,0.0,1.7763568394002505e-15,4,8,2184616.11112,34734.983586
2024-09-03 22:00:00,schloemer,L75,75,117,45.67433727294554,2.220446049250313e-16,0.0,8.881784197001252e-16,4,8,2184616.11112,34734.983586
2024-09-03 22:00:00,schloemer,L76,76,77,47.554639320985956,7.771561172376096e-16,0.0,3.1086244689504383e-15,4,8,2184616.11112,34734.983586
2024-09-03 22:00:00,schloemer,L77,76,79,48.822520774929146,1.887379141862766e-15,0.0,7.549516567451064e-15,4,8,2184616.11112,34734.983586
2024-09-03 22:00:00,schloemer,L78,76,79,48.822520774929146,1.887379141862766e-15,0.0,7.549516567451064e-15,4,8,2184616.11112,34734.983586
2024-09-03 22:00:00,schloemer,L79,76,81,48.33660041573006,1.3322676295501878e-15,0.0,5.329070518200751e-15,4,8,2184616.11112,34734.983586
2024-09-03 22:00:00,schloemer,L80,77,78,47.78351016664028,8.881784197001252e-16,0.0,3.552713678800501e-15,4,8,2184616.11112,34734.983586
2024-09-03 22:00:00,schloemer,L81,78,79,49.06249017325483,2.220446049250313e-15,0.0,8.881784197001252e-15,4,8,2184616.11112,34734.983586
2024-09-03 22:00:00,schloemer,L82,79,95,50.474231219169795,6.5503158452884236e-15,0.0,2.6201263381153694e-14,4,8,2184616.11112,34734.983586
2024-09-03 22:00:00,schloemer,L83,79,96,50.25924347809848,5.551115123125783e-15,0.0,2.220446049250313e-14,4,8,2184616.11112,34734.983586
2024-09-03 22:00:00,schloemer,L84,79,97,49.82669252015164,3.9968028886505635e-15,0.0,1.5987211554602254e-14,4,8,2184616.11112,34734.983586
2024-09-03 22:00:00,schloemer,L85,79,98,50.88914582994192,8.992806499463768e-15,0.0,3.597122599785507e-14,4,8,2184616.11112,34734.983586
2024-09-03 22:00:00,schloemer,L86,80,67,50.33650647812053,5.773159728050814e-15,0.0,1.7319479184152442e-13,30,72,2186055.70436,34781.856812
2024-09-03 22:00:00,schloemer,L87,80,79,50.24303528788622,5.329070518200751e-15,0.0,1.4921397450962104e-13,28,69,2185981.58126,34779.386042
2024-09-03 22:00:00,schloemer,L88,81,82,48.64564472041421,1.6653345369377348e-15,0.0,6.661338147750939e-15,4,8,2184616.11112,34734.983586
2024-09-03 22:00:00,schloemer,L89,81,95,49.932256958083734,4.3298697960381105e-15,0.0,1.7319479184152442e-14,4,8,2184616.11112,34734.983586
2024-09-03 22:00:00,schloemer,L90,93,95,51.75506583204863,1.7430501486614958e-14,0.0,6.972200594645983e-14,4,8,2184616.11112,34734.983586
2024-09-03 22:00:00,schloemer,L91,95,96,50.75137860567498,8.104628079763643e-15,0.0,3.241851231905457e-14,4,8,2184616.11112,34734.983586
2024-09-03 22:00:00,schloemer,L92,115,67,50.438211414784625,6.328271240363392e-15,0.0,8.22675261247241e-14,13,29,2185126.88168,34750.896056
2024-09-03 23:00:00,schloemer,L0,22,23,40.313424904638566,0.0,0.0,0.0,4,8,2184616.11112,34734.983586
2024-09-03 23:00:00,schloemer,L1,23,69,42.139600496709946,0.0,0.0,0.0,4,8,2184616.11112,34734.983586
2024-09-03 23:00:00,schloemer,L2,23,71,40.71313540471408,0.0,0.0,0.0,4,8,2184616.11112,34734.983586
2024-09-03 23:00:00,schloemer,L3,29,37,54.96150197640215,2.1105339698124226e-13,1.942890293094024e-14,9.99644811372491e-13,4,8,2184616.11112,34734.983586
2024-09-03 23:00:00,schloemer,L4,32,36,57.83800279958963,2.041922186890588e-12,2.382961605817968e-10,1.914536973401937e-09,4,8,2184616.11112,34734.983586
2024-09-03 23:00:00,schloemer,L5,33,36,55.82565883458117,4.163336342344337e-13,4.418687638008123e-13,5.200284647344233e-12,4,8,2184616.11112,34734.983586
2024-09-03 23:00:00,schloemer,L6,33,42,53.70969757189648,7.926992395823618e-14,1.1102230246251565e-16,3.1796787425264483e-13,4,8,2184616.11112,34734.983586
2024-09-03 23:00:00,schloemer,L7,34,36,58.0634125322408,2.441158386545794e-12,4.4572079360705175e-10,3.575530982402597e-09,4,8,2184616.11112,34734.983586
2024-09-03 23:00:00,schloemer,L8,36,38,56.74173721514232,8.576472865229334e-13,9.103939824228746e-12,7.62621077399217e-11,4,8,2184616.11112,34734.983586
2024-09-03 23:00:00,schloemer,L9,36,39,55.456986361295534,3.114175584073564e-13,1.20570220474292e-13,2.2102319974237616e-12,4,8,2184616.11112,34734.983586
2024-09-03 23:00:00,schloemer,L10,37,36,55.3497307321255,2.809974475326271e-13,7.838174553853605e-14,9.382272736502273e-12,20,48,2185542.33716,34764.744572
2024-09-03 23:00:00,schloemer,L11,37,64,52.2371259919926,2.531308496145357e-14,0.0,1.0125233984581428e-13,4,8,2184616.11112,34734.983586
2024-09-03 23:00:00,schloemer,L12,38,39,55.474402281149644,3.157474282033945e-13,1.283417816466681e-13,2.289723965986923e-12,4,8,2184616.11112,34734.983586
2024-09-03 23:00:00,schloemer,L13,39,40,53.516316970397234,6.816769371198461e-14,1.1102230246251565e-16,2.7355895326763857e-13,4,8,2184616.11112,34734.983586
2024-09-03 23:00:00,schloemer,L14,39,41,52.38158508625289,2.8310687127941492e-14,0.0,1.1324274851176597e-13,4,8,2184616.11112,34734.983586
2024-09-03 23:00:00,schloemer,L15,40,41,51.70179477156528,1.6764367671839864e-14,0.0,6.705747068735946e-14,4,8,2184616.11112,34734.983586
2024-09-03 23:00:00,schloemer,L16,41,48,48.60002322292303,1.5543122344752192e-15,0.0,6.217248937900877e-15,4,8,2184616.11112,34734.983586
2024-09-03 23:00:00,schloemer,L17,41,48,48.60002322292303,1.5543122344752192e-15,0.0,6.217248937900877e-15,4,8,2184616.11112,34734.983586
2024-09-03 23:00:00,schloemer,L18,42,43,51.21270493278956,1.1546319456101628e-14,0.0,4.618527782440651e-14,4,8,2184616.11112,34734.983586
2024-09-03 23:00:00,schloemer,L19,43,44,48.85276968718171,1.887379141862766e-15,0.0,7.549516567451064e-15,4,8,2184616.11112,34734.983586
2024-09-03 23:00:00,schloemer,L20,44,45,46.92025132362568,4.440892098500626e-16,0.0,1.7763568394002505e-15,4,8,2184616.11112,34734.983586
2024-09-03 23:00:00,schloemer,L21,44,48,47.23557483092885,5.551115123125783e-16,0.0,2.220446049250313e-15,4,8,2184616.11112,34734.983586
2024-09-03 23:00:00,schloemer,L22,45,46,46.12727901066449,2.220446049250313e-16,0.0,8.881784197001252e-16,4,8,2184616.11112,34734.983586
2024-09-03 23:00:00,schloemer,L23,45,47,45.68106765189609,2.220446049250313e-16,0.0,8.881784197001252e-16,4,8,2184616.11112,34734.983586
2024-09-03 23:00:00,schloemer,L24,46,48,46.448671597149456,3.3306690738754696e-16,0.0,1.3322676295501878e-15,4,8,2184616.11112,34734.983586
2024-09-03 23:00:00,schloemer,L25,46,68,46.182830037352964,2.220446049250313e-16,0.0,8.881784197001252e-16,4,8,2184616.11112,34734.983586
2024-09-03 23:00:00,schloemer,L26,47,48,45.9817010408243,2.220446049250313e-16,0.0,8.881784197001252e-16,4,8,2184616.11112,34734.983586
2024-09-03 23:00:00,schloemer,L27,48,49,46.00226972655439,2.220446049250313e-16,0.0,8.881784197001252e-16,4,8,2184616.11112,34734.983586
2024-09-03 23:00:00,schloemer,L28,48,50,45.477575632391215,1.1102230246251565e-16,0.0,4.440892098500626e-16,4,8,2184616.11112,34734.983586
2024-09-03 23:00:00,schloemer,L29,48,53,46.11924571262708,2.220446049250313e-16,0.0,8.881784197001252e-16,4,8,2184616.11112,34734.983586
2024-09-03 23:00:00,schloemer,L30,48,53,46.11924571262708,2.220446049250313e-16,0.0,8.881784197001252e-16,4,8,2184616.11112,34734.983586
2024-09-03 23:00:00,schloemer,L31,48,65,47.740455160705416,8.881784197001252e-16,0.0,3.552713678800501e-15,4,8,2184616.11112,34734.983586
2024-09-03 23:00:00,schloemer,L32,48,65,47.740455160705416,8.881784197001252e-16,0.0,3.552713678800501e-15,4,8,2184616.11112,34734.983586
2024-09-03 23:00:00,schloemer,L33,48,68,46.515592017933166,3.3306690738754696e-16,0.0,1.3322676295501878e-15,4,8,2184616.11112,34734.983586
2024-09-03 23:00:00,schloemer,L34,49,56,44.87420771817978,1.1102230246251565e-16,0.0,4.440892098500626e-16,4,8,2184616.11112,34734.983586
2024-09-03 23:00:00,schloemer,L35,50,51,43.52582614844884,0.0,0.0,0.0,4,8,2184616.11112,34734.983586
2024-09-03 23:00:00,schloemer,L36,50,57,43.95315101863384,1.1102230246251565e-16,0.0,4.440892098500626e-16,4,8,2184616.11112,34734.983586
2024-09-03 23:00:00,schloemer,L37,51,52,43.107216266216696,0.0,0.0,0.0,4,8,2184616.11112,34734.983586
2024-09-03 23:00:00,schloemer,L38,52,53,44.42410890277466,1.1102230246251565e-16,0.0,4.440892098500626e-16,4,8,2184616.11112,34734.983586
2024-09-03 23:00:00,schloemer,L39,53,54,45.30153490734998,1.1102230246251565e-16,0.0,4.440892098500626e-16,4,8,2184616.11112,34734.983586
2024-09-03 23:00:00,schloemer,L40,53,55,45.0995632176703,1.1102230246251565e-16,0.0,4.440892098500626e-16,4,8,2184616.11112,34734.983586
2024-09-03 23:00:00,schloemer,L41,53,58,45.9011918410617,2.220446049250313e-16,0.0,8.881784197001252e-16,4,8,2184616.11112,34734.983586
2024-09-03 23:00:00,schloemer,L42,54,55,44.927625619684406,1.1102230246251565e-16,0.0,4.440892098500626e-16,4,8,2184616.11112,34734.983586
2024-09-03 23:00:00,schloemer,L43,54,58,45.71213363536045,2.220446049250313e-16,0.0,8.881784197001252e-16,4,8,2184616.11112,34734.983586
2024-09-03 23:00:00,schloemer,L44,55,56,44.592986764457066,1.1102230246251565e-16,0.0,4.440892098500626e-16,4,8,2184616.11112,34734.983586
2024-09-03 23:00:00,schloemer,L45,55,57,44.168996591761164,1.1102230246251565e-16,0.0,4.440892098500626e-16,4,8,2184616.11112,34734.983586
2024-09-03 23:00:00,schloemer,L46,55,58,45.517284691416975,2.220446049250313e-16,0.0,8.881784197001252e-16,4,8,2184616.11112,34734.983586
2024-09-03 23:00:00,schloemer,L47,55,58,45.517284691416975,2.220446049250313e-16,0.0,8.881784197001252e-16,4,8,2184616.11112,34734.983586
2024-09-03 23:00:00,schloemer,L48,58,59,46.95747287474213,4.440892098500626e-16,0.0,1.7763568394002505e-15,4,8,2184616.11112,34734.983586
2024-09-03 23:00:00,schloemer,L49,58,60,47.22106911926481,5.551115123125783e-16,0.0,2.220446049250313e-15,4,8,2184616.11112,34734.983586
2024-09-03 23:00:00,schloemer,L50,59,60,47.87696471874089,8.881784197001252e-16,0.0,3.552713678800501e-15,4,8,2184616.11112,34734.983586
2024-09-03 23:00:00,schloemer,L51,59,61,48.186347157489124,1.2212453270876722e-15,0.0,4.884981308350689e-15,4,8,2184616.11112,34734.983586
2024-09-03 23:00:00,schloemer,L52,60,61,48.46132338695878,1.4432899320127035e-15,0.0,5.773159728050814e-15,4,8,2184616.11112,34734.983586
2024-09-03 23:00:00,schloemer,L53,61,65,48.793485897941565,1.887379141862766e-15,0.0,7.549516567451064e-15,4,8,2184616.11112,34734.983586
2024-09-03 23:00:00,schloemer,L54,61,66,49.26980902473928,2.6645352591003757e-15,0.0,1.0658141036401503e-14,4,8,2184616.11112,34734.983586
2024-09-03 23:00:00,schloemer,L55,62,58,46.98667278233227,4.440892098500626e-16,0.0,5.773159728050814e-15,13,30,2185148.89802,34751.629934
2024-09-03 23:00:00,schloemer,L56,62,63,48.42537683802247,1.4432899320127035e-15,0.0,5.773159728050814e-15,4,8,2184616.11112,34734.983586
2024-09-03 23:00:00,schloemer,L57,63,60,48.67845070359031,1.6653345369377348e-15,0.0,3.3306690738754696e-14,20,47,2185512.78098,34763.759366
2024-09-03 23:00:00,schloemer,L58,63,64,49.88089595194689,4.218847493575595e-15,0.0,1.687538997430238e-14,4,8,2184616.11112,34734.983586
2024-09-03 23:00:00,schloemer,L59,64,65,49.642797815408585,3.4416913763379853e-15,0.0,6.88338275267597e-14,20,48,2185545.98792,34764.866264
2024-09-03 23:00:00,schloemer,L60,64,67,49.89456305458717,4.107825191113079e-15,0.0,1.56097357262297e-13,38,93,2186503.81292,34796.793764
2024-09-03 23:00:00,schloemer,L61,65,66,49.28277509592679,2.6645352591003757e-15,0.0,1.0658141036401503e-14,4,8,2184616.11112,34734.983586
2024-09-03 23:00:00,schloemer,L62,67,68,47.62075437358424,7.771561172376096e-16,0.0,2.1760371282653068e-14,28,68,2185978.45538,34779.281846
2024-09-03 23:00:00,schloemer,L63,68,69,44.69435241127522,1.1102230246251565e-16,0.0,4.440892098500626e-16,4,8,2184616.11112,34734.983586
2024-09-03 23:00:00,schloemer,L64,68,74,45.58042668529159,2.220446049250313e-16,0.0,8.881784197001252e-16,4,8,2184616.11112,34734.983586
2024-09-03 23:00:00,schloemer,L65,68,76,46.54374561122849,3.3306690738754696e-16,0.0,1.3322676295501878e-15,4,8,2184616.11112,34734.983586
2024-09-03 23:00:00,schloemer,L66,69,70,42.34241671817582,0.0,0.0,0.0,4,8,2184616.11112,34734.983586
2024-09-03 23:00:00,schloemer,L67,69,73,43.41181885369988,0.0,0.0,0.0,4,8,2184616.11112,34734.983586
2024-09-03 23:00:00,schloemer,L68,69,74,44.1036432994332,1.1102230246251565e-16,0.0,4.440892098500626e-16,4,8,2184616.11112,34734.983586
2024-09-03 23:00:00,schloemer,L69,70,71,40.8940139497029,0.0,0.0,0.0,4,8,2184616.11112,34734.983586
2024-09-03 23:00:00,schloemer,L70,70,72,40.89219086226598,0.0,0.0,0.0,4,8,2184616.11112,34734.983586
2024-09-03 23:00:00,schloemer,L71,73,74,44.243961403407305,1.1102230246251565e-16,0.0,4.440892098500626e-16,4,8,2184616.11112,34734.983586
2024-09-03 23:00:00,schloemer,L72,74,76,45.878995359075546,2.220446049250313e-16,0.0,8.881784197001252e-16,4,8,2184616.11112,34734.983586
2024-09-03 23:00:00,schloemer,L73,74,117,44.69904057493667,1.1102230246251565e-16,0.0,4.440892098500626e-16,4,8,2184616.11112,34734.983586
2024-09-03 23:00:00,schloemer,L74,75,76,46.04534305142286,2.220446049250313e-16,0.0,8.881784197001252e-16,4,8,2184616.11112,34734.983586
2024-09-03 23:00:00,schloemer,L75,75,117,44.85590037581061,1.1102230246251565e-16,0.0,4.440892098500626e-16,4,8,2184616.11112,34734.983586
2024-09-03 23:00:00,schloemer,L76,76,77,46.67027896269311,3.3306690738754696e-16,0.0,1.3322676295501878e-15,4,8,2184616.11112,34734.983586
2024-09-03 23:00:00,schloemer,L77,76,79,47.891510257366726,9.992007221626409e-16,0.0,3.9968028886505635e-15,4,8,2184616.11112,34734.983586
2024-09-03 23:00:00,schloemer,L78,76,79,47.891510257366726,9.992007221626409e-16,0.0,3.9968028886505635e-15,4,8,2184616.11112,34734.983586
2024-09-03 23:00:00,schloemer,L79,76,81,47.42525330535968,6.661338147750939e-16,0.0,2.6645352591003757e-15,4,8,2184616.11112,34734.983586
2024-09-03 23:00:00,schloemer,L80,77,78,46.896762798497726,4.440892098500626e-16,0.0,1.7763568394002505e-15,4,8,2184616.11112,34734.983586
2024-09-03 23:00:00,schloemer,L81,78,79,48.129049778445896,1.1102230246251565e-15,0.0,4.440892098500626e-15,4,8,2184616.11112,34734.983586
2024-09-03 23:00:00,schloemer,L82,79,95,49.49049656560242,3.1086244689504383e-15,0.0,1.2434497875801753e-14,4,8,2184616.11112,34734.983586
2024-09-03 23:00:00,schloemer,L83,79,96,49.284630307700574,2.6645352591003757e-15,0.0,1.0658141036401503e-14,4,8,2184616.11112,34734.983586
2024-09-03 23:00:00,schloemer,L84,79,97,48.86763067693738,1.9984014443252818e-15,0.0,7.993605777301127e-15,4,8,2184616.11112,34734.983586
2024-09-03 23:00:00,schloemer,L85,79,98,49.88713972774579,4.218847493575595e-15,0.0,1.687538997430238e-14,4,8,2184616.11112,34734.983586
2024-09-03 23:00:00,schloemer,L86,80,67,49.339625685229,2.6645352591003757e-15,0.0,7.993605777301127e-14,30,72,2186055.70436,34781.856812
2024-09-03 23:00:00,schloemer,L87,80,79,49.256468496058915,2.55351295663786e-15,0.0,7.149836278586008e-14,28,69,2185981.58126,34779.386042
2024-09-03 23:00:00,schloemer,L88,81,82,47.73549135147405,8.881784197001252e-16,0.0,3.552713678800501e-15,4,8,2184616.11112,34734.983586
2024-09-03 23:00:00,schloemer,L89,81,95,48.97123846890561,2.1094237467877974e-15,0.0,8.43769498715119e-15,4,8,2184616.11112,34734.983586
2024-09-03 23:00:00,schloemer,L90,93,95,50.7346481610325,7.993605777301127e-15,0.0,3.197442310920451e-14,4,8,2184616.11112,34734.983586
2024-09-03 23:00:00,schloemer,L91,95,96,49.76415562422841,3.885780586188048e-15,0.0,1.554312234475219e-14,4,8,2184616.11112,34734.983586
2024-09-03 23:00:00,schloemer,L92,115,67,49.43738753918355,2.9976021664879227e-15,0.0,3.8968828164342995e-14,13,29,2185126.88168,34750.896056
