timestamp,line_id,from_bus,to_bus,flow_mw,limit_mw,loading,overload_flag,selected_strategy
2024-09-02 00:00:00,L0,0,1,0.02727652852999843,0.48556575,0.056174737468609404,0,Robust_UC
2024-09-02 00:00:00,L1,0,2,0.10282838407455637,0.48455685,0.21221118651930393,0,Robust_UC
2024-09-02 00:00:00,L2,1,11,0.16460068579997406,0.48395699999999997,0.34011427833459185,0,Robust_UC
2024-09-02 00:00:00,L3,2,4,0.1061037110891159,0.47837745,0.22179914853661248,0,Robust_UC
2024-09-02 00:00:00,L4,2,11,0.08904883025541613,0.48196439999999996,0.18476225682937605,0,Robust_UC
2024-09-02 00:00:00,L5,3,4,-0.008506421150348761,0.4745268,0.017926113236067513,0,Robust_UC
2024-09-02 00:00:00,L6,3,10,0.01083057842032438,0.47688975,0.02271086434616047,0,Robust_UC
2024-09-02 00:00:00,L7,4,5,0.026210127117545418,0.47593890000000005,0.05507036116935475,0,Robust_UC
2024-09-02 00:00:00,L8,4,10,0.019336999570673044,0.4746599999999999,0.04073863306508458,0,Robust_UC
2024-09-02 00:00:00,L9,5,6,-0.005684960277899838,0.48127635,0.011812257714096771,0,Robust_UC
2024-09-02 00:00:00,L10,6,11,-0.03758004767334509,0.482256,0.07792551606065055,0,Robust_UC
2024-09-02 00:00:00,L11,7,4,-0.054374320520524294,0.38545739999999995,0.14106440950549737,0,Robust_UC
2024-09-02 00:00:00,L12,7,8,-0.00464831453995124,0.44389169999999994,0.0104717311451222,0,Robust_UC
2024-09-02 00:00:00,L13,7,29,0.027127547665030276,0.43390755000000003,0.06251918793537996,0,Robust_UC
2024-09-02 00:00:00,L14,8,9,-0.00232415726997562,0.4441716,0.005232566129792224,0,Robust_UC
2024-09-02 00:00:00,L15,10,11,-0.036391880404372925,0.47983050000000005,0.07584319963898277,0,Robust_UC
2024-09-02 00:00:00,L16,10,12,0.034664370999925115,0.47466449999999993,0.07302920483820703,0,Robust_UC
2024-09-02 00:00:00,L17,11,13,0.069969933534822,0.4768753499999999,0.14672583419298568,0,Robust_UC
2024-09-02 00:00:00,L18,11,15,0.08013672431738048,0.47901420000000006,0.16729509128827594,0,Robust_UC
2024-09-02 00:00:00,L19,11,116,-0.0023241572699756203,0.47629035,0.004879706821638566,0,Robust_UC
2024-09-02 00:00:00,L20,12,14,0.03698852826990073,0.46383434999999995,0.07974512510748878,0,Robust_UC
2024-09-02 00:00:00,L21,13,14,0.038074846139376756,0.4657392,0.08175143114295888,0,Robust_UC
2024-09-02 00:00:00,L22,14,16,0.020333581565116908,0.46094040000000003,0.04411325534736575,0,Robust_UC
2024-09-02 00:00:00,L23,14,18,0.03014405383801993,0.44951085,0.06705968017906559,0,Robust_UC
2024-09-02 00:00:00,L24,14,32,-0.007309348389304637,0.44311995,0.016495191402022494,0,Robust_UC
2024-09-02 00:00:00,L25,15,16,0.04824163692193521,0.47121300000000005,0.10237755945174519,0,Robust_UC
2024-09-02 00:00:00,L26,16,17,0.009285612108527574,0.45820395,0.02026523802016018,0,Robust_UC
2024-09-02 00:00:00,L27,16,30,0.04126044622138603,0.46605824999999995,0.08853066375584175,0,Robust_UC
2024-09-02 00:00:00,L28,16,112,0.01595568498175469,0.4605039,0.03464831672816384,0,Robust_UC
2024-09-02 00:00:00,L29,17,18,0.000524860164375418,0.4457466,0.0011774855139117563,0,Robust_UC
2024-09-02 00:00:00,L30,18,19,0.016907403482978967,0.44736345,0.03779343950199545,0,Robust_UC
2024-09-02 00:00:00,L31,18,33,-0.0181335768760289,0.42043410000000003,0.0431306044776789,0,Robust_UC
2024-09-02 00:00:00,L32,19,20,0.019231560752954586,0.46621125,0.0412507436338239,0,Robust_UC
2024-09-02 00:00:00,L33,20,21,-0.01266352664249067,0.47334555,0.02675323902905746,0,Robust_UC
2024-09-02 00:00:00,L34,21,22,-0.010339369372515051,0.472149,0.021898530702204287,0,Robust_UC
2024-09-02 00:00:00,L35,22,23,-0.04398280726211669,0.47093039999999997,0.09339555752212363,0,Robust_UC
2024-09-02 00:00:00,L36,22,24,-0.00954063624549789,0.46433340000000006,0.02054695235255075,0,Robust_UC
2024-09-02 00:00:00,L37,22,31,0.011288986739654254,0.47048625,0.02399429683578267,0,Robust_UC
2024-09-02 00:00:00,L38,23,69,-0.05458426372319583,0.4705677,0.11599662221439302,0,Robust_UC
2024-09-02 00:00:00,L39,23,71,-0.02129363093436612,0.47252115000000006,0.045063868430791125,0,Robust_UC
2024-09-02 00:00:00,L40,24,26,0.015559357893662732,0.45485145000000005,0.0342075591792941,0,Robust_UC
2024-09-02 00:00:00,L41,25,24,0.022775836869185002,0.35101034999999997,0.0648865108085417,0,Robust_UC
2024-09-02 00:00:00,L42,25,29,-0.020451679599209384,0.42704145000000004,0.04789155619251804,0,Robust_UC
2024-09-02 00:00:00,L43,26,27,0.013180652311628087,0.47590515,0.027695964861124297,0,Robust_UC
2024-09-02 00:00:00,L44,26,31,0.005270265091489413,0.46696995,0.011286090446482504,0,Robust_UC
2024-09-02 00:00:00,L45,26,114,-0.000567402239479149,0.47349494999999997,0.001198327964171844,0,Robust_UC
2024-09-02 00:00:00,L46,27,28,0.015504809581603718,0.48221145,0.032153549198393604,0,Robust_UC
2024-09-02 00:00:00,L47,28,30,-0.01639027781384156,0.47714265,0.0343508965585901,0,Robust_UC
2024-09-02 00:00:00,L48,29,16,0.029821612220061425,0.3330558,0.08953938715392863,0,Robust_UC
2024-09-02 00:00:00,L49,29,37,-0.020821586884264907,0.40177035,0.05182459801790975,0,Robust_UC
2024-09-02 00:00:00,L50,30,31,-0.007024918987900808,0.4679505,0.01501209847601575,0,Robust_UC
2024-09-02 00:00:00,L51,31,112,-0.018279842251730308,0.46358594999999997,0.039431398323720356,0,Robust_UC
2024-09-02 00:00:00,L52,31,113,-0.0040809123004720916,0.47169045000000004,0.008651674632106907,0,Robust_UC
2024-09-02 00:00:00,L53,32,36,-0.004985191119329019,0.40875615,0.012196002725167607,0,Robust_UC
2024-09-02 00:00:00,L54,33,35,0.0009805854616231138,0.4088799,0.0023982236877457506,0,Robust_UC
2024-09-02 00:00:00,L55,33,36,-0.024305016470624663,0.40276799999999996,0.060344954094229596,0,Robust_UC
2024-09-02 00:00:00,L56,33,42,-0.026704233262472732,0.40599044999999995,0.06577552073570385,0,Robust_UC
2024-09-02 00:00:00,L57,34,35,-0.0033047427315987324,0.40829309999999996,0.00809404501716716,0,Robust_UC
2024-09-02 00:00:00,L58,34,36,-0.028590344663846523,0.39626190000000006,0.07215012259277644,0,Robust_UC
2024-09-02 00:00:00,L59,36,38,-0.01328849140774127,0.38882789999999995,0.034175766213641746,0,Robust_UC
2024-09-02 00:00:00,L60,36,39,-0.024252825545506895,0.38130435,0.06360490129605627,0,Robust_UC
2024-09-02 00:00:00,L61,37,36,0.01801507803057617,0.29373659999999996,0.06133072293536513,0,Robust_UC
2024-09-02 00:00:00,L62,37,64,-0.03651250764486508,0.36143414999999995,0.10102118918443397,0,Robust_UC
2024-09-02 00:00:00,L63,38,39,-0.010964334137765652,0.37537244999999997,0.0292092137762525,0,Robust_UC
2024-09-02 00:00:00,L64,39,40,-0.011739053227757534,0.36336060000000003,0.03230689631115078,0,Robust_UC
2024-09-02 00:00:00,L65,39,41,-0.021153949185539422,0.35154945,0.0601734668779582,0,Robust_UC
2024-09-02 00:00:00,L66,40,41,-0.009414895957781916,0.34611255,0.027201833501217784,0,Robust_UC
2024-09-02 00:00:00,L67,41,48,-0.014122343936672832,0.34962210000000005,0.040393167184433795,0,Robust_UC
2024-09-02 00:00:00,L68,41,48,-0.014122343936672832,0.34962210000000005,0.040393167184433795,0,Robust_UC
2024-09-02 00:00:00,L69,42,43,-0.024380075992497113,0.39337425000000004,0.06197679688616403,0,Robust_UC
2024-09-02 00:00:00,L70,43,44,-0.022055918722521495,0.38489175,0.05730421273649408,0,Robust_UC
2024-09-02 00:00:00,L71,44,45,-0.009037854291692876,0.3826035,0.023621985401839962,0,Robust_UC
2024-09-02 00:00:00,L72,44,48,-0.010693907160852473,0.37018889999999993,0.028887703442357332,0,Robust_UC
2024-09-02 00:00:00,L73,45,46,-0.004723591952149553,0.38677905,0.012212636522452684,0,Robust_UC
2024-09-02 00:00:00,L74,45,47,-0.0019901050695676076,0.37397294999999997,0.005321521435086703,0,Robust_UC
2024-09-02 00:00:00,L75,46,48,0.0030675390829899563,0.3774852,0.008126249937719297,0,Robust_UC
2024-09-02 00:00:00,L76,46,68,-0.0054669737651638906,0.40899104999999997,0.013366976527148678,0,Robust_UC
2024-09-02 00:00:00,L77,47,48,0.000334052200408011,0.36427365,0.0009170364104238969,0,Robust_UC
2024-09-02 00:00:00,L78,48,49,-0.004799118542163398,0.36637875000000003,0.013098790642643434,0,Robust_UC
2024-09-02 00:00:00,L79,48,50,-0.006170793028166921,0.37284794999999993,0.016550427669421067,0,Robust_UC
2024-09-02 00:00:00,L80,48,53,-0.005370856405256141,0.34581824999999994,0.01553086456615908,0,Robust_UC
2024-09-02 00:00:00,L81,48,53,-0.005370856405256141,0.34581824999999994,0.01553086456615908,0,Robust_UC
2024-09-02 00:00:00,L82,48,65,-0.0014833546259141184,0.3399282,0.0043637292402163705,0,Robust_UC
2024-09-02 00:00:00,L83,48,65,-0.0014833546259141184,0.3399282,0.0043637292402163705,0,Robust_UC
2024-09-02 00:00:00,L84,48,68,-0.008534512848153847,0.39581594999999997,0.021561821468169352,0,Robust_UC
2024-09-02 00:00:00,L85,49,56,-0.002474961272187779,0.3701565,0.006686256413673079,0,Robust_UC
2024-09-02 00:00:00,L86,50,51,-0.002057511729005359,0.38319344999999994,0.005369381259009931,0,Robust_UC
2024-09-02 00:00:00,L87,50,57,-0.0017891240291860178,0.37608434999999996,0.004757241372011407,0,Robust_UC
2024-09-02 00:00:00,L88,51,52,0.0002666455409702597,0.38088180000000005,0.000700074251303842,0,Robust_UC
2024-09-02 00:00:00,L89,52,53,0.0025908028109458783,0.3590514,0.0072156878122349,0,Robust_UC
2024-09-02 00:00:00,L90,53,54,-0.0020377274998916173,0.3256929,0.006256591715360136,0,Robust_UC
2024-09-02 00:00:00,L91,53,55,-0.0020540274113071966,0.3404124,0.006033938279884036,0,Robust_UC
2024-09-02 00:00:00,L92,53,58,-0.0017349978183920922,0.327222,0.0053022040644947225,0,Robust_UC
2024-09-02 00:00:00,L93,54,55,-1.6299911415579293e-05,0.33776505,4.825813510183867e-05,0,Robust_UC
2024-09-02 00:00:00,L94,54,58,0.00030272968149952506,0.3245003999999999,0.0009329100410955584,0,Robust_UC
2024-09-02 00:00:00,L95,55,56,0.00015080400221216075,0.3602844,0.00041856933636915934,0,Robust_UC
2024-09-02 00:00:00,L96,55,57,-0.0005350332407896008,0.36404505,0.0014696896463489912,0,Robust_UC
2024-09-02 00:00:00,L97,55,58,0.00031902959291510435,0.3333456,0.0009570535591743354,0,Robust_UC
2024-09-02 00:00:00,L98,55,58,0.00031902959291510435,0.3333456,0.0009570535591743354,0,Robust_UC
2024-09-02 00:00:00,L99,58,59,3.337363325511822e-05,0.32842575,0.00010161698117494812,0,Robust_UC
2024-09-02 00:00:00,L100,58,60,0.0007786858820446607,0.318204,0.0024471278866534073,0,Robust_UC
2024-09-02 00:00:00,L101,59,60,0.0007453122487895425,0.3270906,0.00227861102945038,0,Robust_UC
2024-09-02 00:00:00,L102,59,61,0.001612218654441222,0.3336012,0.004832772347465243,0,Robust_UC
2024-09-02 00:00:00,L103,60,61,0.0008669064056516795,0.32262929999999995,0.0026870045766199152,0,Robust_UC
2024-09-02 00:00:00,L104,61,65,0.003976907310037775,0.33056595,0.01203060179077057,0,Robust_UC
2024-09-02 00:00:00,L105,61,66,0.0008263750200310782,0.33502184999999995,0.002466630221375347,0,Robust_UC
2024-09-02 00:00:00,L106,62,58,-0.0007178888036136655,0.24712605000000004,0.002904949937951363,0,Robust_UC
2024-09-02 00:00:00,L107,62,63,0.0030420460735892853,0.32604435,0.009330160371094564,0,Robust_UC
2024-09-02 00:00:00,L108,63,60,-0.002981248995158281,0.22813019999999995,0.01306819086275417,0,Robust_UC
2024-09-02 00:00:00,L109,63,64,0.008347452338723187,0.33180299999999996,0.02515785673644659,0,Robust_UC
2024-09-02 00:00:00,L110,64,65,-0.00648488761819202,0.20915009999999998,0.031005902546506172,0,Robust_UC
2024-09-02 00:00:00,L111,64,67,-0.01935601041797422,0.21152159999999998,0.09150843421179787,0,Robust_UC
2024-09-02 00:00:00,L112,65,66,-0.0031505322900066968,0.3323646,0.00947914516168899,0,Robust_UC
2024-09-02 00:00:00,L113,67,68,0.005819964577542469,0.32106104999999996,0.018127283199075285,0,Robust_UC
2024-09-02 00:00:00,L114,68,69,0.025071222098141832,0.4517658,0.05549606034396989,0,Robust_UC
2024-09-02 00:00:00,L115,68,74,-0.0018274211315447708,0.44746065,0.004083981756931633,0,Robust_UC
2024-09-02 00:00:00,L116,68,76,-0.02910116573239649,0.44147699999999995,0.06591773916284765,0,Robust_UC
2024-09-02 00:00:00,L117,69,70,0.014321159124439263,0.4703256,0.030449456981374738,0,Robust_UC
2024-09-02 00:00:00,L118,69,73,-0.01461140024983111,0.47338559999999996,0.0308657471833345,0,Robust_UC
2024-09-02 00:00:00,L119,69,74,-0.026898643229686603,0.46537605,0.05779980132128975,0,Robust_UC
2024-09-02 00:00:00,L120,70,71,0.0189694736643905,0.4645313999999999,0.04083571888658227,0,Robust_UC
2024-09-02 00:00:00,L121,70,72,-0.0023241572699756186,0.46204514999999996,0.0050301518584831345,0,Robust_UC
2024-09-02 00:00:00,L122,73,74,-0.012287242979855492,0.4710348,0.026085637366613873,0,Robust_UC
2024-09-02 00:00:00,L123,74,76,-0.027273744600851718,0.45895725,0.0594254576016649,0,Robust_UC
2024-09-02 00:00:00,L124,74,117,-0.011415405470259526,0.46871325,0.024354774417534655,0,Robust_UC
2024-09-02 00:00:00,L125,75,76,-0.006767090930308285,0.46096919999999997,0.01468013682976712,0,Robust_UC
2024-09-02 00:00:00,L126,75,117,0.009091248200283905,0.4700934,0.019339238117965292,0,Robust_UC
2024-09-02 00:00:00,L127,76,77,-0.007474144765409391,0.46640745,0.01602492577125299,0,Robust_UC
2024-09-02 00:00:00,L128,76,79,-0.01544996248630126,0.46031894999999995,0.03356360298940824,0,Robust_UC
2024-09-02 00:00:00,L129,76,79,-0.01544996248630126,0.46031894999999995,0.03356360298940824,0,Robust_UC
2024-09-02 00:00:00,L130,76,81,-0.022443774255568788,0.4431897000000001,0.05064146178390153,0,Robust_UC
2024-09-02 00:00:00,L131,77,78,-0.005149987495433744,0.4816593,0.01069217908889903,0,Robust_UC
2024-09-02 00:00:00,L132,78,79,-0.002825830225458126,0.47915505,0.005897527794934282,0,Robust_UC
2024-09-02 00:00:00,L133,79,95,-0.011896296627098124,0.46205414999999994,0.025746542103556747,0,Robust_UC
2024-09-02 00:00:00,L134,79,96,-0.007110226948536873,0.47741490000000003,0.014893181902234038,0,Robust_UC
2024-09-02 00:00:00,L135,79,97,-0.015299288769019941,0.47061405000000006,0.032509205301074075,0,Robust_UC
2024-09-02 00:00:00,L136,79,98,-0.015299288769019941,0.46691325000000006,0.03276687643586885,0,Robust_UC
2024-09-02 00:00:00,L137,80,67,0.02052766045556545,0.3178637999999999,0.06458005112744973,0,Robust_UC
2024-09-02 00:00:00,L138,80,79,-0.01820350318558983,0.39174659999999994,0.046467546075932335,0,Robust_UC
2024-09-02 00:00:00,L139,81,82,-0.015217132127762573,0.4048461,0.037587448978173614,0,Robust_UC
2024-09-02 00:00:00,L140,81,95,-0.004902484857830597,0.44236890000000006,0.011082345205168348,0,Robust_UC
2024-09-02 00:00:00,L141,82,83,-0.005072377375920867,0.37704869999999996,0.013452844091282817,0,Robust_UC
2024-09-02 00:00:00,L142,82,84,-0.007820597481866087,0.37064430000000004,0.021100007424547165,0,Robust_UC
2024-09-02 00:00:00,L143,83,84,-0.0027482201059452205,0.36047565000000004,0.007623871698255403,0,Robust_UC
2024-09-02 00:00:00,L144,84,85,-0.004648314539951241,0.34769340000000004,0.01336900424325351,0,Robust_UC
2024-09-02 00:00:00,L145,84,87,-0.001973501015953368,0.34072965,0.005791984982678695,0,Robust_UC
2024-09-02 00:00:00,L146,84,88,-0.0016228447619311137,0.34467659999999994,0.004708311390825818,0,Robust_UC
2024-09-02 00:00:00,L147,86,85,0.00232415726997562,0.28543139999999995,0.008142612445496957,0,Robust_UC
2024-09-02 00:00:00,L148,87,88,0.0003506562540222524,0.3369474,0.001040685442363563,0,Robust_UC
2024-09-02 00:00:00,L149,88,89,-0.0010744145714822518,0.31691339999999996,0.003390246583079958,0,Robust_UC
2024-09-02 00:00:00,L150,88,89,-0.0010744145714822518,0.31691339999999996,0.003390246583079958,0,Robust_UC
2024-09-02 00:00:00,L151,88,91,0.001600398952515597,0.3637242,0.0044000342911348685,0,Robust_UC
2024-09-02 00:00:00,L152,88,91,0.001600398952515597,0.3637242,0.0044000342911348685,0,Robust_UC
2024-09-02 00:00:00,L153,89,90,0.00017532812701111667,0.33528870000000005,0.0005229168982167208,0,Robust_UC
2024-09-02 00:00:00,L154,90,91,0.002499485396986737,0.3804678,0.006569505742632456,0,Robust_UC
2024-09-02 00:00:00,L155,91,92,0.0018838948927767663,0.41554215,0.00453358315823501,0,Robust_UC
2024-09-02 00:00:00,L156,91,93,0.006091947055529151,0.42559739999999996,0.01431387281860545,0,Robust_UC
2024-09-02 00:00:00,L157,91,99,0.001779566920247444,0.4251762,0.0041854810317403564,0,Robust_UC
2024-09-02 00:00:00,L158,91,101,-0.0017309682965598039,0.41574645000000005,0.004163519127005904,0,Robust_UC
2024-09-02 00:00:00,L159,92,93,0.004208052162752385,0.43531155,0.00966675973277618,0,Robust_UC
2024-09-02 00:00:00,L160,93,94,0.004870793117854403,0.45128025,0.010793277830914168,0,Robust_UC
2024-09-02 00:00:00,L161,93,95,0.012065743505684429,0.44872245000000005,0.02688910150513848,0,Robust_UC
2024-09-02 00:00:00,L162,93,99,-0.004312380135281707,0.4429962,0.009734575906704634,0,Robust_UC
2024-09-02 00:00:00,L163,94,95,0.007194950387830024,0.45922229999999997,0.01566768510115912,0,Robust_UC
2024-09-02 00:00:00,L164,95,96,0.004786069678561253,0.469728,0.010189023602087278,0,Robust_UC
2024-09-02 00:00:00,L165,97,99,-0.01297513149904432,0.45473759999999996,0.02853322773187069,0,Robust_UC
2024-09-02 00:00:00,L166,98,99,-0.01297513149904432,0.45157454999999996,0.028733088476851323,0,Robust_UC
2024-09-02 00:00:00,L167,99,100,-0.0029173462433914332,0.44414460000000006,0.006568460459479712,0,Robust_UC
2024-09-02 00:00:00,L168,99,102,-0.008847826296734695,0.43902945000000004,0.020153149855288054,0,Robust_UC
2024-09-02 00:00:00,L169,99,103,-0.007036586493236463,0.43969725,0.016003253359525134,0,Robust_UC
2024-09-02 00:00:00,L170,99,105,-0.007357159909784828,0.43592445,0.01687714444506342,0,Robust_UC
2024-09-02 00:00:00,L171,100,101,-0.0005931889734158147,0.43879365,0.0013518631671534324,0,Robust_UC
2024-09-02 00:00:00,L172,102,103,0.0018112398034982324,0.43664040000000004,0.004148126933509204,0,Robust_UC
2024-09-02 00:00:00,L173,102,104,-0.0010899496162644073,0.4313898,0.002526600342113808,0,Robust_UC
2024-09-02 00:00:00,L174,102,109,-0.0072449592139929644,0.43662915,0.016592935249497117,0,Robust_UC
2024-09-02 00:00:00,L175,103,104,-0.0029011894197626398,0.43296704999999996,0.006700716416555579,0,Robust_UC
2024-09-02 00:00:00,L176,104,105,0.00258061600321427,0.4283500499999999,0.006024549321785466,0,Robust_UC
2024-09-02 00:00:00,L177,104,106,0.00012822936661932398,0.4245426,0.0003020412241770884,0,Robust_UC
2024-09-02 00:00:00,L178,104,107,-0.004375827135885137,0.43129755000000003,0.010145726855821779,0,Robust_UC
2024-09-02 00:00:00,L179,105,106,-0.0024523866365949443,0.4254606,0.005764074597259874,0,Robust_UC
2024-09-02 00:00:00,L180,107,108,-0.0020516698659095167,0.4366377,0.004698792307465702,0,Robust_UC
2024-09-02 00:00:00,L181,108,109,0.00027248740406610357,0.43862759999999995,0.0006212272188665365,0,Robust_UC
2024-09-02 00:00:00,L182,109,110,-0.00232415726997562,0.43935254999999995,0.005289959669007543,0,Robust_UC
2024-09-02 00:00:00,L183,109,111,-0.0023241572699756203,0.43699499999999997,0.005318498541117451,0,Robust_UC
2024-09-02 00:00:00,L184,113,114,-0.0017567550304964713,0.47739734999999994,0.003679859200090808,0,Robust_UC
2024-09-02 00:00:00,L185,115,67,0.0023241572699756203,0.3076497,0.00755455724473523,0,Robust_UC
2024-09-02 01:00:00,L0,0,1,0.05425695273846279,0.48556575,0.11173966190667853,0,Robust_UC
2024-09-02 01:00:00,L1,0,2,0.1274959086288379,0.48455685,0.26311857654852655,0,Robust_UC
2024-09-02 01:00:00,L2,1,11,0.17366367693055645,0.48395699999999997,0.35884113037017024,0,Robust_UC
2024-09-02 01:00:00,L3,2,4,0.12882404895595717,0.47837745,0.26929373229435705,0,Robust_UC
2024-09-02 01:00:00,L4,2,11,0.10042472104018135,0.48196439999999996,0.20836543329793936,0,Robust_UC
2024-09-02 01:00:00,L5,3,4,-0.021743791424753304,0.4745268,0.045822051409432095,0,Robust_UC
2024-09-02 01:00:00,L6,3,10,-0.008849484383153007,0.47688975,0.018556667202750756,0,Robust_UC
2024-09-02 01:00:00,L7,4,5,0.017765132448427656,0.47593890000000005,0.03732649810391135,0,Robust_UC
2024-09-02 01:00:00,L8,4,10,0.01289430704160037,0.4746599999999999,0.02716535423587488,0,Robust_UC
2024-09-02 01:00:00,L9,5,6,-0.012828143359478655,0.48127635,0.026654422889216673,0,Robust_UC
2024-09-02 01:00:00,L10,6,11,-0.03333631700472352,0.482256,0.06912576931074682,0,Robust_UC
2024-09-02 01:00:00,L11,7,4,-0.07817367940847653,0.38545739999999995,0.20280757201308508,0,Robust_UC
2024-09-02 01:00:00,L12,7,8,-0.003505722734601364,0.44389169999999994,0.007897698322814697,0,Robust_UC
2024-09-02 01:00:00,L13,7,29,0.05108612633517158,0.43390755000000003,0.11773504824972872,0,Robust_UC
2024-09-02 01:00:00,L14,8,9,-0.001752861367300682,0.4441716,0.003946360747289295,0,Robust_UC
2024-09-02 01:00:00,L15,10,11,-0.0412936349573759,0.47983050000000005,0.08605879567342196,0,Robust_UC
2024-09-02 01:00:00,L16,10,12,0.04709131898312395,0.47466449999999993,0.0992096922839689,0,Robust_UC
2024-09-02 01:00:00,L17,11,13,0.06773813646181198,0.4768753499999999,0.1420457913410957,0,Robust_UC
2024-09-02 01:00:00,L18,11,15,0.10287989510622077,0.47901420000000006,0.2147742073329366,0,Robust_UC
2024-09-02 01:00:00,L19,11,116,-0.0017528613673006826,0.47629035,0.0036802369968249047,0,Robust_UC
2024-09-02 01:00:00,L20,12,14,0.04884418035042463,0.46383434999999995,0.10530522448461317,0,Robust_UC
2024-09-02 01:00:00,L21,13,14,0.06949099782911267,0.4657392,0.14920581696604593,0,Robust_UC
2024-09-02 01:00:00,L22,14,16,0.03793738011361057,0.46094040000000003,0.0823043068336179,0,Robust_UC
2024-09-02 01:00:00,L23,14,18,0.045730128426929376,0.44951085,0.10173309148584372,0,Robust_UC
2024-09-02 01:00:00,L24,14,32,0.036420531006297774,0.44311995,0.08219113358876705,0,Robust_UC
2024-09-02 01:00:00,L25,15,16,0.07228661929831445,0.47121300000000005,0.1534054011631989,0,Robust_UC
2024-09-02 01:00:00,L26,16,17,0.0030199434730090622,0.45820395,0.0065908281083326805,0,Robust_UC
2024-09-02 01:00:00,L27,16,30,0.06424514665164541,0.46605824999999995,0.13784789058373156,0,Robust_UC
2024-09-02 01:00:00,L28,16,112,0.02987301422447647,0.4605039,0.06487027411597701,0,Robust_UC
2024-09-02 01:00:00,L29,17,18,0.004772804840309743,0.4457466,0.010707439698496283,0,Robust_UC
2024-09-02 01:00:00,L30,18,19,0.036432910762579526,0.44736345,0.08143917604931633,0,Robust_UC
2024-09-02 01:00:00,L31,18,33,0.015822883871960267,0.42043410000000003,0.03763463494507288,0,Robust_UC
2024-09-02 01:00:00,L32,19,20,0.038185772129880204,0.46621125,0.08190658661686136,0,Robust_UC
2024-09-02 01:00:00,L33,20,21,0.007592496321973893,0.47334555,0.0160400711952904,0,Robust_UC
2024-09-02 01:00:00,L34,21,22,-0.02300077948593242,0.472149,0.048715086733070324,0,Robust_UC
2024-09-02 01:00:00,L35,22,23,-0.035998596179905536,0.47093039999999997,0.07644143631395539,0,Robust_UC
2024-09-02 01:00:00,L36,22,24,-0.01209120088836733,0.46433340000000006,0.02603991202951872,0,Robust_UC
2024-09-02 01:00:00,L37,22,31,-0.005504258225566383,0.47048625,0.011699084140219577,0,Robust_UC
2024-09-02 01:00:00,L38,23,69,-0.04819104262355822,0.4705677,0.10241043451039718,0,Robust_UC
2024-09-02 01:00:00,L39,23,71,-0.01840082936425365,0.47252115000000006,0.038941811100420894,0,Robust_UC
2024-09-02 01:00:00,L40,24,26,0.026747755111866462,0.45485145000000005,0.05880547398907151,0,Robust_UC
2024-09-02 01:00:00,L41,25,24,0.03708609463293311,0.35101034999999997,0.10565527379159365,0,Robust_UC
2024-09-02 01:00:00,L42,25,29,-0.035333233265632424,0.42704145000000004,0.08273958714226083,0,Robust_UC
2024-09-02 01:00:00,L43,26,27,0.024788423936681743,0.47590515,0.052086899956181903,0,Robust_UC
2024-09-02 01:00:00,L44,26,31,-0.02016081244906548,0.46696995,0.0431736826942836,0,Robust_UC
2024-09-02 01:00:00,L45,26,114,-0.008473132183655752,0.47349494999999997,0.01789487339549398,0,Robust_UC
2024-09-02 01:00:00,L46,27,28,-0.005804851871224568,0.48221145,0.012037980166635546,0,Robust_UC
2024-09-02 01:00:00,L47,28,30,-0.03639812767913088,0.47714265,0.07628353424103018,0,Robust_UC
2024-09-02 01:00:00,L48,29,16,0.017507380745112253,0.3330558,0.052565908610846146,0,Robust_UC
2024-09-02 01:00:00,L49,29,37,-1.6263082724141012e-06,0.40177035,4.047855379109238e-06,0,Robust_UC
2024-09-02 01:00:00,L50,30,31,-0.002746256835391786,0.4679505,0.005868690888014408,0,Robust_UC
2024-09-02 01:00:00,L51,31,112,-0.03162587559177715,0.46358594999999997,0.06822009077664488,0,Robust_UC
2024-09-02 01:00:00,L52,31,113,0.0049674094490545495,0.47169045000000004,0.010531079119907026,0,Robust_UC
2024-09-02 01:00:00,L53,32,36,0.005827255198391496,0.40875615,0.014256067335969125,0,Robust_UC
2024-09-02 01:00:00,L54,33,35,0.0241582004431729,0.4088799,0.05908385431314402,0,Robust_UC
2024-09-02 01:00:00,L55,33,36,-0.01930522609420024,0.40276799999999996,0.047931380085310255,0,Robust_UC
2024-09-02 01:00:00,L56,33,42,-0.019623366284918696,0.40599044999999995,0.04833455142828778,0,Robust_UC
2024-09-02 01:00:00,L57,34,35,0.006435075364733412,0.40829309999999996,0.015760921173376217,0,Robust_UC
2024-09-02 01:00:00,L58,34,36,-0.03702835117263972,0.39626190000000006,0.09344413675056754,0,Robust_UC
2024-09-02 01:00:00,L59,36,38,-0.00956230297466176,0.38882789999999995,0.024592635905658418,0,Robust_UC
2024-09-02 01:00:00,L60,36,39,-0.017371744582022675,0.38130435,0.04555873695650908,0,Robust_UC
2024-09-02 01:00:00,L61,37,36,0.021819413144463378,0.29373659999999996,0.074282241792352,0,Robust_UC
2024-09-02 01:00:00,L62,37,64,-0.020068178085435113,0.36143414999999995,0.05552374640148175,0,Robust_UC
2024-09-02 01:00:00,L63,38,39,-0.007809441607361078,0.37537244999999997,0.020804514575752907,0,Robust_UC
2024-09-02 01:00:00,L64,39,40,-0.008393728729794572,0.36336060000000003,0.0231002720982808,0,Robust_UC
2024-09-02 01:00:00,L65,39,41,-0.015034596092288466,0.35154945,0.042766660827626,0,Robust_UC
2024-09-02 01:00:00,L66,40,41,-0.006640867362493891,0.34611255,0.019187016947215262,0,Robust_UC
2024-09-02 01:00:00,L67,41,48,-0.009961301043740822,0.34962210000000005,0.028491622937282343,0,Robust_UC
2024-09-02 01:00:00,L68,41,48,-0.009961301043740822,0.34962210000000005,0.028491622937282343,0,Robust_UC
2024-09-02 01:00:00,L69,42,43,-0.017870504917618015,0.39337425000000004,0.04542876133254277,0,Robust_UC
2024-09-02 01:00:00,L70,43,44,-0.016117643550317334,0.38489175,0.041875783386672576,0,Robust_UC
2024-09-02 01:00:00,L71,44,45,-0.006303429123618087,0.3826035,0.016475095297398188,0,Robust_UC
2024-09-02 01:00:00,L72,44,48,-0.008061353059398146,0.37018889999999993,0.021776323005357933,0,Robust_UC
2024-09-02 01:00:00,L73,45,46,-0.002795175104777059,0.38677905,0.007226800688344053,0,Robust_UC
2024-09-02 01:00:00,L74,45,47,-0.0017553926515403682,0.37397294999999997,0.004693902731575555,0,Robust_UC
2024-09-02 01:00:00,L75,46,48,0.0010372511689969999,0.3774852,0.0027477929439273375,0,Robust_UC
2024-09-02 01:00:00,L76,46,68,-0.0020795649064733746,0.40899104999999997,0.0050846220387301255,0,Robust_UC
2024-09-02 01:00:00,L77,47,48,-2.5312842396874036e-06,0.36427365,6.948853532742221e-06,0,Robust_UC
2024-09-02 01:00:00,L78,48,49,-0.0038158610496811726,0.36637875000000003,0.01041507197041633,0,Robust_UC
2024-09-02 01:00:00,L79,48,50,-0.004887608518068687,0.37284794999999993,0.0131088517935225,0,Robust_UC
2024-09-02 01:00:00,L80,48,53,-0.0044518880239105,0.34581824999999994,0.012873490696082408,0,Robust_UC
2024-09-02 01:00:00,L81,48,53,-0.0044518880239105,0.34581824999999994,0.012873490696082408,0,Robust_UC
2024-09-02 01:00:00,L82,48,65,-0.0022361561018908738,0.3399282,0.006578318897610948,0,Robust_UC
2024-09-02 01:00:00,L83,48,65,-0.0022361561018908738,0.3399282,0.006578318897610948,0,Robust_UC
2024-09-02 01:00:00,L84,48,68,-0.0031168160754703744,0.39581594999999997,0.007874407475167119,0,Robust_UC
2024-09-02 01:00:00,L85,49,56,-0.0020629996823804918,0.3701565,0.005573317454591482,0,Robust_UC
2024-09-02 01:00:00,L86,50,51,-0.0016076212025812817,0.38319344999999994,0.004195325370465706,0,Robust_UC
2024-09-02 01:00:00,L87,50,57,-0.0015271259481867382,0.37608434999999996,0.004060594247505216,0,Robust_UC
2024-09-02 01:00:00,L88,51,52,0.00014524016471939918,0.38088180000000005,0.0003813260825783725,0,Robust_UC
2024-09-02 01:00:00,L89,52,53,0.00189810153202008,0.3590514,0.005286434009225642,0,Robust_UC
2024-09-02 01:00:00,L90,53,54,-0.0017514186289502853,0.3256929,0.005377515533652362,0,Robust_UC
2024-09-02 01:00:00,L91,53,55,-0.001737111023230986,0.3404124,0.005102960477441439,0,Robust_UC
2024-09-02 01:00:00,L92,53,58,-0.0017642834963191856,0.327222,0.005391701952555713,0,Robust_UC
2024-09-02 01:00:00,L93,54,55,1.4307605719299232e-05,0.33776505,4.235963939815334e-05,0,Robust_UC
2024-09-02 01:00:00,L94,54,58,-1.2864867368900246e-05,0.3245003999999999,3.964515103494556e-05,0,Robust_UC
2024-09-02 01:00:00,L95,55,56,0.00031013831507981093,0.3602844,0.0008608152755984187,0,Robust_UC
2024-09-02 01:00:00,L96,55,57,-0.00022573541911394268,0.36404505,0.0006200755074514616,0,Robust_UC
2024-09-02 01:00:00,L97,55,58,-2.7172473088199478e-05,0.3333456,8.151441953395958e-05,0,Robust_UC
2024-09-02 01:00:00,L98,55,58,-2.7172473088199478e-05,0.3333456,8.151441953395958e-05,0,Robust_UC
2024-09-02 01:00:00,L99,58,59,-0.00021530082249016091,0.32842575,0.000655554025499404,0,Robust_UC
2024-09-02 01:00:00,L100,58,60,0.00016642797674182308,0.318204,0.0005230228933068821,0,Robust_UC
2024-09-02 01:00:00,L101,59,60,0.000381728799231984,0.3270906,0.0011670430126453771,0,Robust_UC
2024-09-02 01:00:00,L102,59,61,0.0011558317455783729,0.3336012,0.0034647109949795534,0,Robust_UC
2024-09-02 01:00:00,L103,60,61,0.0007741029463463889,0.32262929999999995,0.0023993572386215045,0,Robust_UC
2024-09-02 01:00:00,L104,61,65,0.0030394844952505995,0.33056595,0.009194790011646994,0,Robust_UC
2024-09-02 01:00:00,L105,61,66,0.0006433115639749611,0.33502184999999995,0.0019202077833877437,0,Robust_UC
2024-09-02 01:00:00,L106,62,58,2.9759096815552832e-05,0.24712605000000004,0.00012042071977257286,0,Robust_UC
2024-09-02 01:00:00,L107,62,63,0.001723102270485129,0.32604435,0.0052848708173753945,0,Robust_UC
2024-09-02 01:00:00,L108,63,60,-0.0015269151969277458,0.22813019999999995,0.0066931743229425395,0,Robust_UC
2024-09-02 01:00:00,L109,63,64,0.005002878834713557,0.33180299999999996,0.015077858954601247,0,Robust_UC
2024-09-02 01:00:00,L110,64,65,-0.00271620659004429,0.20915009999999998,0.012986876841293838,0,Robust_UC
2024-09-02 01:00:00,L111,64,67,-0.010596231293376552,0.21152159999999998,0.050095268253344115,0,Robust_UC
2024-09-02 01:00:00,L112,65,66,-0.002396172931275642,0.3323646,0.007209470958326012,0,Robust_UC
2024-09-02 01:00:00,L113,67,68,0.006999364729752722,0.32106104999999996,0.021800728334230274,0,Robust_UC
2024-09-02 01:00:00,L114,68,69,0.02398756094079979,0.4517658,0.05309733702905309,0,Robust_UC
2024-09-02 01:00:00,L115,68,74,0.0008432710113602804,0.44746065,0.0018845702104984658,0,Robust_UC
2024-09-02 01:00:00,L116,68,76,-0.021274986837050147,0.44147699999999995,0.048190476144963725,0,Robust_UC
2024-09-02 01:00:00,L117,69,70,0.013142245262351606,0.4703256,0.027942866096065375,0,Robust_UC
2024-09-02 01:00:00,L118,69,73,-0.012448575648370094,0.47338559999999996,0.02629690393702321,0,Robust_UC
2024-09-02 01:00:00,L119,69,74,-0.02314428992943951,0.46537605,0.04973244740342678,0,Robust_UC
2024-09-02 01:00:00,L120,70,71,0.016647967996952968,0.4645313999999999,0.035838197368257496,0,Robust_UC
2024-09-02 01:00:00,L121,70,72,-0.0017528613673006808,0.46204514999999996,0.003793701475495806,0,Robust_UC
2024-09-02 01:00:00,L122,73,74,-0.010695714281069413,0.4710348,0.022706845186532744,0,Robust_UC
2024-09-02 01:00:00,L123,74,76,-0.022118257848410428,0.45895725,0.048192414104822244,0,Robust_UC
2024-09-02 01:00:00,L124,74,117,-0.009125613983437492,0.46871325,0.019469502907027893,0,Robust_UC
2024-09-02 01:00:00,L125,75,76,-0.005619891248836126,0.46096919999999997,0.012191467995770925,0,Robust_UC
2024-09-02 01:00:00,L126,75,117,0.007372752616136809,0.4700934,0.01568359099731417,0,Robust_UC
2024-09-02 01:00:00,L127,76,77,-0.005803282401453258,0.46640745,0.012442516519522271,0,Robust_UC
2024-09-02 01:00:00,L128,76,79,-0.012151263102457732,0.46031894999999995,0.026397486139681483,0,Robust_UC
2024-09-02 01:00:00,L129,76,79,-0.012151263102457732,0.46031894999999995,0.026397486139681483,0,Robust_UC
2024-09-02 01:00:00,L130,76,81,-0.017154465960627197,0.4431897000000001,0.038706824550812424,0,Robust_UC
2024-09-02 01:00:00,L131,77,78,-0.004050421034152575,0.4816593,0.008409307230551917,0,Robust_UC
2024-09-02 01:00:00,L132,78,79,-0.002297559666851893,0.47915505,0.004795023378866388,0,Robust_UC
2024-09-02 01:00:00,L133,79,95,-0.00886798825709667,0.46205414999999994,0.019192530263166495,0,Robust_UC
2024-09-02 01:00:00,L134,79,96,-0.005310424812198676,0.47741490000000003,0.011123290898961627,0,Robust_UC
2024-09-02 01:00:00,L135,79,97,-0.011502911678199194,0.47061405000000006,0.024442346500703056,0,Robust_UC
2024-09-02 01:00:00,L136,79,98,-0.011502911678199168,0.46691325000000006,0.02463607892515187,0,Robust_UC
2024-09-02 01:00:00,L137,80,67,0.014089873288527911,0.3178637999999999,0.04432676287305416,0,Robust_UC
2024-09-02 01:00:00,L138,80,79,-0.012337011921227228,0.39174659999999994,0.031492326726580984,0,Robust_UC
2024-09-02 01:00:00,L139,81,82,-0.011536819194399528,0.4048461,0.028496802104304643,0,Robust_UC
2024-09-02 01:00:00,L140,81,95,-0.0038647853989272063,0.44236890000000006,0.008736566695640687,0,Robust_UC
2024-09-02 01:00:00,L141,82,83,-0.00384560639813325,0.37704869999999996,0.010199229961894181,0,Robust_UC
2024-09-02 01:00:00,L142,82,84,-0.00593835142896576,0.37064430000000004,0.016021699049373644,0,Robust_UC
2024-09-02 01:00:00,L143,83,84,-0.00209274503083251,0.36047565000000004,0.005805510110967301,0,Robust_UC
2024-09-02 01:00:00,L144,84,85,-0.003505722734601365,0.34769340000000004,0.010082799197802906,0,Robust_UC
2024-09-02 01:00:00,L145,84,87,-0.0015084579083989285,0.34072965,0.004427140134117851,0,Robust_UC
2024-09-02 01:00:00,L146,84,88,-0.0012640544494971762,0.34467659999999994,0.0036673636954094833,0,Robust_UC
2024-09-02 01:00:00,L147,86,85,0.001752861367300682,0.28543139999999995,0.006141095083794853,0,Robust_UC
2024-09-02 01:00:00,L148,87,88,0.0002444034589017541,0.3369474,0.0007253460299790237,0,Robust_UC
2024-09-02 01:00:00,L149,88,89,-0.0008153298189249213,0.31691339999999996,0.002572721187948889,0,Robust_UC
2024-09-02 01:00:00,L150,88,89,-0.0008153298189249213,0.31691339999999996,0.002572721187948889,0,Robust_UC
2024-09-02 01:00:00,L151,88,91,0.0011819350072774237,0.3637242,0.003249536344508899,0,Robust_UC
2024-09-02 01:00:00,L152,88,91,0.0011819350072774237,0.3637242,0.003249536344508899,0,Robust_UC
2024-09-02 01:00:00,L153,89,90,0.00012220172945084004,0.33528870000000005,0.00036446718738460327,0,Robust_UC
2024-09-02 01:00:00,L154,90,91,0.0018750630967515058,0.3804678,0.004928309561943234,0,Robust_UC
2024-09-02 01:00:00,L155,91,92,0.0014161399663549235,0.41554215,0.003407933386191806,0,Robust_UC
2024-09-02 01:00:00,L156,91,93,0.004585141300010587,0.42559739999999996,0.010773424132785085,0,Robust_UC
2024-09-02 01:00:00,L157,91,99,0.0013075309346567976,0.4251762,0.0030752684055617356,0,Robust_UC
2024-09-02 01:00:00,L158,91,101,-0.0013170177224151036,0.41574645000000005,0.0031678387690745246,0,Robust_UC
2024-09-02 01:00:00,L159,92,93,0.0031690013336556633,0.43531155,0.0072798466607551845,0,Robust_UC
2024-09-02 01:00:00,L160,93,94,0.0036772509996732834,0.45128025,0.00814848644422902,0,Robust_UC
2024-09-02 01:00:00,L161,93,95,0.009107363366647248,0.44872245000000005,0.0202962061885855,0,Robust_UC
2024-09-02 01:00:00,L162,93,99,-0.003277610365353789,0.4429962,0.007398732461709127,0,Robust_UC
2024-09-02 01:00:00,L163,94,95,0.005430112366973966,0.45922229999999997,0.011824583359679976,0,Robust_UC
2024-09-02 01:00:00,L164,95,96,0.003557563444897993,0.469728,0.007573666983654356,0,Robust_UC
2024-09-02 01:00:00,L165,97,99,-0.009750050310898511,0.45473759999999996,0.021441047124536244,0,Robust_UC
2024-09-02 01:00:00,L166,98,99,-0.00975005031089854,0.45157454999999996,0.02159123075226126,0,Robust_UC
2024-09-02 01:00:00,L167,99,100,-0.002188705012186265,0.44414460000000006,0.0049279108925027225,0,Robust_UC
2024-09-02 01:00:00,L168,99,102,-0.006672961894827467,0.43902945000000004,0.015199349143497017,0,Robust_UC
2024-09-02 01:00:00,L169,99,103,-0.0053069388982414645,0.43969725,0.012069529427899458,0,Robust_UC
2024-09-02 01:00:00,L170,99,105,-0.0055487128799381665,0.43592445,0.012728611299362003,0,Robust_UC
2024-09-02 01:00:00,L171,100,101,-0.00043584364488557896,0.43879365,0.0009932770104708192,0,Robust_UC
2024-09-02 01:00:00,L172,102,103,0.0013660229965860027,0.43664040000000004,0.0031284851254854166,0,Robust_UC
2024-09-02 01:00:00,L173,102,104,-0.0008220315377687748,0.4313898,0.0019055423604563086,0,Robust_UC
2024-09-02 01:00:00,L174,102,109,-0.00546409198634424,0.43662915,0.012514262930782885,0,Robust_UC
2024-09-02 01:00:00,L175,103,104,-0.0021880545343547775,0.43296704999999996,0.0050536282942426625,0,Robust_UC
2024-09-02 01:00:00,L176,104,105,0.0019462805526580529,0.4283500499999999,0.00454366832140688,0,Robust_UC
2024-09-02 01:00:00,L177,104,106,9.670959267868602e-05,0.4245426,0.00022779714610191303,0,Robust_UC
2024-09-02 01:00:00,L178,104,107,-0.0033002148501591715,0.43129755000000003,0.007651828419055873,0,Robust_UC
2024-09-02 01:00:00,L179,105,106,-0.0018495709599793686,0.4254606,0.0043472203066026996,0,Robust_UC
2024-09-02 01:00:00,L180,107,108,-0.0015473534828584889,0.4366377,0.003543792674930472,0,Robust_UC
2024-09-02 01:00:00,L181,108,109,0.0002055078844421937,0.43862759999999995,0.00046852474500508795,0,Robust_UC
2024-09-02 01:00:00,L182,109,110,-0.001752861367300682,0.43935254999999995,0.003989646508938396,0,Robust_UC
2024-09-02 01:00:00,L183,109,111,-0.0017528613673006826,0.43699499999999997,0.004011170304696124,0,Robust_UC
2024-09-02 01:00:00,L184,113,114,0.006720270816355178,0.47739734999999994,0.014076891747210534,0,Robust_UC
2024-09-02 01:00:00,L185,115,67,0.0017528613673006826,0.3076497,0.005697588417283302,0,Robust_UC
2024-09-02 02:00:00,L0,0,1,0.03905891729034956,0.48556575,0.08044001721774972,0,Robust_UC
2024-09-02 02:00:00,L1,0,2,0.1113099996327546,0.48455685,0.22971504712554286,0,Robust_UC
2024-09-02 02:00:00,L2,1,11,0.15942783421345375,0.48395699999999997,0.32942561883277593,0,Robust_UC
2024-09-02 02:00:00,L3,2,4,0.12506074169830111,0.47837745,0.2614269165452952,0,Robust_UC
2024-09-02 02:00:00,L4,2,11,0.08717675187104867,0.48196439999999996,0.1808779898910556,0,Robust_UC
2024-09-02 02:00:00,L5,3,4,-0.024692470174264618,0.4745268,0.05203598653282516,0,Robust_UC
2024-09-02 02:00:00,L6,3,10,-0.004938612902631199,0.47688975,0.010355879745016955,0,Robust_UC
2024-09-02 02:00:00,L7,4,5,0.0068168941299813525,0.47593890000000005,0.014323044680696097,0,Robust_UC
2024-09-02 02:00:00,L8,4,10,0.019753857271633417,0.4746599999999999,0.04161685684834075,0,Robust_UC
2024-09-02 02:00:00,L9,5,6,-0.022814188946914463,0.48127635,0.04740351140652239,0,Robust_UC
2024-09-02 02:00:00,L10,6,11,-0.021886695010319302,0.482256,0.04538397658156519,0,Robust_UC
2024-09-02 02:00:00,L11,7,4,-0.0747250140590169,0.38545739999999995,0.19386062910977167,0,Robust_UC
2024-09-02 02:00:00,L12,7,8,-0.0018549878731903184,0.44389169999999994,0.004178919932925799,0,Robust_UC
2024-09-02 02:00:00,L13,7,29,0.0469489188553114,0.43390755000000003,0.10820028103984684,0,Robust_UC
2024-09-02 02:00:00,L14,8,9,-0.0009274939365951592,0.4441716,0.0020881432684916354,0,Robust_UC
2024-09-02 02:00:00,L15,10,11,-0.057637847098885295,0.47983050000000005,0.12012126594471441,0,Robust_UC
2024-09-02 02:00:00,L16,10,12,0.04282200839099169,0.47466449999999993,0.09021531711554519,0,Robust_UC
2024-09-02 02:00:00,L17,11,13,0.07164093194043454,0.4768753499999999,0.15022989118736071,0,Robust_UC
2024-09-02 02:00:00,L18,11,15,0.09729409990805361,0.47901420000000006,0.2031131851791734,0,Robust_UC
2024-09-02 02:00:00,L19,11,116,-0.0009274939365951588,0.47629035,0.001947328843834772,0,Robust_UC
2024-09-02 02:00:00,L20,12,14,0.043749502327586856,0.46383434999999995,0.09432139367769304,0,Robust_UC
2024-09-02 02:00:00,L21,13,14,0.0725684258770297,0.4657392,0.1558134378146175,0,Robust_UC
2024-09-02 02:00:00,L22,14,16,0.020747758921747038,0.46094040000000003,0.04501180395935578,0,Robust_UC
2024-09-02 02:00:00,L23,14,18,0.05829859652447549,0.44951085,0.12969341346148927,0,Robust_UC
2024-09-02 02:00:00,L24,14,32,0.038199066694988584,0.44311995,0.08620480006596089,0,Robust_UC
2024-09-02 02:00:00,L25,15,16,0.0676630168311578,0.47121300000000005,0.14359327274747893,0,Robust_UC
2024-09-02 02:00:00,L26,16,17,0.018311671833067627,0.45820395,0.03996402002441844,0,Robust_UC
2024-09-02 02:00:00,L27,16,30,0.04813539307823111,0.46605824999999995,0.10328192469124002,0,Robust_UC
2024-09-02 02:00:00,L28,16,112,0.028290398775831622,0.4605039,0.06143357043410842,0,Robust_UC
2024-09-02 02:00:00,L29,17,18,0.019239165769662787,0.4457466,0.0431616657752696,0,Robust_UC
2024-09-02 02:00:00,L30,18,19,0.04730777591543735,0.44736345,0.10574796826928384,0,Robust_UC
2024-09-02 02:00:00,L31,18,33,0.0005989033018050927,0.42043410000000003,0.0014244879323658396,0,Robust_UC
2024-09-02 02:00:00,L32,19,20,0.017676692838541532,0.46621125,0.0379156291027759,0,Robust_UC
2024-09-02 02:00:00,L33,20,21,-0.0013442885137424643,0.47334555,0.0028399728564945086,0,Robust_UC
2024-09-02 02:00:00,L34,21,22,-0.030975371590638262,0.472149,0.06560507719096781,0,Robust_UC
2024-09-02 02:00:00,L35,22,23,-0.035458220855362654,0.47093039999999997,0.07529397306982658,0,Robust_UC
2024-09-02 02:00:00,L36,22,24,-0.012440879048102982,0.46433340000000006,0.026792987642291034,0,Robust_UC
2024-09-02 02:00:00,L37,22,31,-0.012707354764068202,0.47048625,0.02700898222651183,0,Robust_UC
2024-09-02 02:00:00,L38,23,69,-0.024970551252480433,0.4705677,0.05306473702398281,0,Robust_UC
2024-09-02 02:00:00,L39,23,71,-0.00956017566628706,0.47252115000000006,0.020232270378346153,0,Robust_UC
2024-09-02 02:00:00,L40,24,26,0.0205373424577171,0.45485145000000005,0.045151757695214775,0,Robust_UC
2024-09-02 02:00:00,L41,25,24,0.032050727569224925,0.35101034999999997,0.09130992168528629,0,Robust_UC
2024-09-02 02:00:00,L42,25,29,-0.031123233632629765,0.42704145000000004,0.072881060217058,0,Robust_UC
2024-09-02 02:00:00,L43,26,27,0.019572177548992653,0.47590515,0.04112621506405773,0,Robust_UC
2024-09-02 02:00:00,L44,26,31,-0.020803818173682154,0.46696995,0.04455065721826887,0,Robust_UC
2024-09-02 02:00:00,L45,26,114,-0.007862099994489214,0.47349494999999997,0.016604400943429732,0,Robust_UC
2024-09-02 02:00:00,L46,27,28,-0.010058905527903117,0.48221145,0.02085994749378746,0,Robust_UC
2024-09-02 02:00:00,L47,28,30,-0.03968998860479897,0.47714265,0.08318264696060805,0,Robust_UC
2024-09-02 02:00:00,L48,29,16,0.005399193997630891,0.3330558,0.016211079337549117,0,Robust_UC
2024-09-02 02:00:00,L49,29,37,0.01135398516164482,0.40177035,0.028259888171550788,0,Robust_UC
2024-09-02 02:00:00,L50,30,31,0.009372898410027301,0.4679505,0.02002967922895114,0,Robust_UC
2024-09-02 02:00:00,L51,31,112,-0.02921789271242678,0.46358594999999997,0.06302583741467312,0,Robust_UC
2024-09-02 02:00:00,L52,31,113,0.0060071121212988965,0.47169045000000004,0.012735284594587183,0,Robust_UC
2024-09-02 02:00:00,L53,32,36,0.008567983618092773,0.40875615,0.020961112433642338,0,Robust_UC
2024-09-02 02:00:00,L54,33,35,0.025587599905829428,0.4088799,0.06257974506897851,0,Robust_UC
2024-09-02 02:00:00,L55,33,36,-0.012130449513199193,0.40276799999999996,0.030117709235091154,0,Robust_UC
2024-09-02 02:00:00,L56,33,42,-0.01193075315422999,0.40599044999999995,0.02938678275370761,0,Robust_UC
2024-09-02 02:00:00,L57,34,35,0.004043483171066387,0.40829309999999996,0.009903383552321574,0,Robust_UC
2024-09-02 02:00:00,L58,34,36,-0.0336745662479622,0.39626190000000006,0.08498058038878377,0,Robust_UC
2024-09-02 02:00:00,L59,36,38,-0.005724177305249347,0.38882789999999995,0.014721621841563705,0,Robust_UC
2024-09-02 02:00:00,L60,36,39,-0.01052086067390351,0.38130435,0.027591766718379974,0,Robust_UC
2024-09-02 02:00:00,L61,37,36,0.02006450022732037,0.29373659999999996,0.06830779762317796,0,Robust_UC
2024-09-02 02:00:00,L62,37,64,-0.007783021129080248,0.36143414999999995,0.02153371818650852,0,Robust_UC
2024-09-02 02:00:00,L63,38,39,-0.0047966833686541865,0.37537244999999997,0.012778464079221017,0,Robust_UC
2024-09-02 02:00:00,L64,39,40,-0.005105848014185867,0.36336060000000003,0.014051738174655885,0,Robust_UC
2024-09-02 02:00:00,L65,39,41,-0.00928420209177655,0.35154945,0.026409377377141538,0,Robust_UC
2024-09-02 02:00:00,L66,40,41,-0.004178354077590707,0.34611255,0.012072240886933186,0,Robust_UC
2024-09-02 02:00:00,L67,41,48,-0.00626753111638606,0.34962210000000005,0.017926587353562774,0,Robust_UC
2024-09-02 02:00:00,L68,41,48,-0.00626753111638606,0.34962210000000005,0.017926587353562774,0,Robust_UC
2024-09-02 02:00:00,L69,42,43,-0.01100325921763483,0.39337425000000004,0.027971478096583163,0,Robust_UC
2024-09-02 02:00:00,L70,43,44,-0.01007576528103967,0.38489175,0.02617817939989535,0,Robust_UC
2024-09-02 02:00:00,L71,44,45,-0.00395500560208395,0.3826035,0.010337086832932657,0,Robust_UC
2024-09-02 02:00:00,L72,44,48,-0.005193265742360842,0.37018889999999993,0.014028691142173207,0,Robust_UC
2024-09-02 02:00:00,L73,45,46,-0.0019446346270527437,0.38677905,0.005027766180853755,0,Robust_UC
2024-09-02 02:00:00,L74,45,47,-0.0010828770384360385,0.37397294999999997,0.002895602578839027,0,Robust_UC
2024-09-02 02:00:00,L75,46,48,0.0007063744867758515,0.3774852,0.0018712640569109767,0,Robust_UC
2024-09-02 02:00:00,L76,46,68,-0.0017235151772334034,0.40899104999999997,0.004214065753354269,0,Robust_UC
2024-09-02 02:00:00,L77,47,48,-0.000155383101840878,0.36427365,0.00042655597472086713,0,Robust_UC
2024-09-02 02:00:00,L78,48,49,-0.002140137193906796,0.36637875000000003,0.005841324568924359,0,Robust_UC
2024-09-02 02:00:00,L79,48,50,-0.002730184576996031,0.37284794999999993,0.007322514652410001,0,Robust_UC
2024-09-02 02:00:00,L80,48,53,-0.0026029159911122313,0.34581824999999994,0.007526832349398078,0,Robust_UC
2024-09-02 02:00:00,L81,48,53,-0.0026029159911122313,0.34581824999999994,0.007526832349398078,0,Robust_UC
2024-09-02 02:00:00,L82,48,65,-0.0018718996182334746,0.3399282,0.005506750008482599,0,Robust_UC
2024-09-02 02:00:00,L83,48,65,-0.0018718996182334746,0.3399282,0.005506750008482599,0,Robust_UC
2024-09-02 02:00:00,L84,48,68,-0.002429889664009255,0.39581594999999997,0.006138938221184,0,Robust_UC
2024-09-02 02:00:00,L85,49,56,-0.0012126432573116356,0.3701565,0.0032760285374203494,0,Robust_UC
2024-09-02 02:00:00,L86,50,51,-0.0008850710746338997,0.38319344999999994,0.0023097239126449055,0,Robust_UC
2024-09-02 02:00:00,L87,50,57,-0.0009176195657670215,0.37608434999999996,0.0024399302065268645,0,Robust_UC
2024-09-02 02:00:00,L88,51,52,4.24228619612608e-05,0.38088180000000005,0.0001113806486979971,0,Robust_UC
2024-09-02 02:00:00,L89,52,53,0.0009699167985564213,0.3590514,0.0027013313373974346,0,Robust_UC
2024-09-02 02:00:00,L90,53,54,-0.0010589787959169872,0.3256929,0.003251464173511265,0,Robust_UC
2024-09-02 02:00:00,L91,53,55,-0.0010350137808226578,0.3404124,0.0030404702673071187,0,Robust_UC
2024-09-02 02:00:00,L92,53,58,-0.0012144286703332785,0.327222,0.003711329526539409,0,Robust_UC
2024-09-02 02:00:00,L93,54,55,2.3965015094329356e-05,0.33776505,7.095173137164237e-05,0,Robust_UC
2024-09-02 02:00:00,L94,54,58,-0.00015544987441629132,0.3245003999999999,0.00047904370662190667,0,Robust_UC
2024-09-02 02:00:00,L95,55,56,0.000285149320716475,0.3602844,0.0007914561960397813,0,Robust_UC
2024-09-02 02:00:00,L96,55,57,-9.874370828139023e-06,0.36404505,2.712403541303205e-05,0,Robust_UC
2024-09-02 02:00:00,L97,55,58,-0.00017941488951062068,0.3333456,0.0005382248618569456,0,Robust_UC
2024-09-02 02:00:00,L98,55,58,-0.00017941488951062068,0.3333456,0.0005382248618569456,0,Robust_UC
2024-09-02 02:00:00,L99,58,59,-0.0002621273321218309,0.32842575,0.0007981327046427721,0,Robust_UC
2024-09-02 02:00:00,L100,58,60,-0.00017131278599996635,0.318204,0.0005383740807782629,0,Robust_UC
2024-09-02 02:00:00,L101,59,60,9.081454612186457e-05,0.3270906,0.00027764339947973,0,Robust_UC
2024-09-02 02:00:00,L102,59,61,0.0005745520583514407,0.3336012,0.0017222721571488375,0,Robust_UC
2024-09-02 02:00:00,L103,60,61,0.00048373751222957617,0.32262929999999995,0.0014993601394218575,0,Robust_UC
2024-09-02 02:00:00,L104,61,65,0.0016330203169824253,0.33056595,0.004940074187866068,0,Robust_UC
2024-09-02 02:00:00,L105,61,66,0.00035276319019362026,0.33502184999999995,0.0010529557704777176,0,Robust_UC
2024-09-02 02:00:00,L106,62,58,0.00036777426905392537,0.24712605000000004,0.00148820518538586,0,Robust_UC
2024-09-02 02:00:00,L107,62,63,0.0005597196675412338,0.32604435,0.0017166979508807126,0,Robust_UC
2024-09-02 02:00:00,L108,63,60,-0.0003632581844872881,0.22813019999999995,0.0015923283479665918,0,Robust_UC
2024-09-02 02:00:00,L109,63,64,0.0018504717886236811,0.33180299999999996,0.005577019462222106,0,Robust_UC
2024-09-02 02:00:00,L110,64,65,-9.697214389897679e-05,0.20915009999999998,0.00046364856578589637,0,Robust_UC
2024-09-02 02:00:00,L111,64,67,-0.004908083259962508,0.21152159999999998,0.02320369768365268,0,Robust_UC
2024-09-02 02:00:00,L112,65,66,-0.0012802571267887808,0.3323646,0.0038519659638504844,0,Robust_UC
2024-09-02 02:00:00,L113,67,68,0.004253121070287751,0.32106104999999996,0.013247078928720103,0,Robust_UC
2024-09-02 02:00:00,L114,68,69,0.012270066299224558,0.4517658,0.02716023722739649,0,Robust_UC
2024-09-02 02:00:00,L115,68,74,0.00021210769598134505,0.44746065,0.0004740253606241019,0,Robust_UC
2024-09-02 02:00:00,L116,68,76,-0.011454963829565235,0.44147699999999995,0.025946909645497354,0,Robust_UC
2024-09-02 02:00:00,L117,69,70,0.006777693856501581,0.4703256,0.014410642024379666,0,Robust_UC
2024-09-02 02:00:00,L118,69,73,-0.006492726269919199,0.47338559999999996,0.013715512829116896,0,Robust_UC
2024-09-02 02:00:00,L119,69,74,-0.012057958603243213,0.46537605,0.025910139989462743,0,Robust_UC
2024-09-02 02:00:00,L120,70,71,0.0086326817296919,0.4645313999999999,0.018583634453326302,0,Robust_UC
2024-09-02 02:00:00,L121,70,72,-0.0009274939365951605,0.46204514999999996,0.0020073664588734687,0,Robust_UC
2024-09-02 02:00:00,L122,73,74,-0.005565232333324038,0.4710348,0.01181490695236114,0,Robust_UC
2024-09-02 02:00:00,L123,74,76,-0.01166707152554658,0.45895725,0.025420824108447093,0,Robust_UC
2024-09-02 02:00:00,L124,74,117,-0.004816517778444022,0.46871325,0.01027604356916307,0,Robust_UC
2024-09-02 02:00:00,L125,75,76,-0.002961529905253705,0.46096919999999997,0.006424572195395496,0,Robust_UC
2024-09-02 02:00:00,L126,75,117,0.0038890238418488633,0.4700934,0.008272874798601434,0,Robust_UC
2024-09-02 02:00:00,L127,76,77,-0.0030885260093442357,0.46640745,0.006621948275792412,0,Robust_UC
2024-09-02 02:00:00,L128,76,79,-0.00648309621824722,0.46031894999999995,0.014083922068051338,0,Robust_UC
2024-09-02 02:00:00,L129,76,79,-0.00648309621824722,0.46031894999999995,0.014083922068051338,0,Robust_UC
2024-09-02 02:00:00,L130,76,81,-0.00910135287793118,0.4431897000000001,0.02053602075574224,0,Robust_UC
2024-09-02 02:00:00,L131,77,78,-0.002161032072749077,0.4816593,0.004486640396539788,0,Robust_UC
2024-09-02 02:00:00,L132,78,79,-0.0012335381361539184,0.47915505,0.002574402870540378,0,Robust_UC
2024-09-02 02:00:00,L133,79,95,-0.004681173368450642,0.46205414999999994,0.010131222430207892,0,Robust_UC
2024-09-02 02:00:00,L134,79,96,-0.0028043336525229116,0.47741490000000003,0.005873996920755744,0,Robust_UC
2024-09-02 02:00:00,L135,79,97,-0.006082726067772265,0.47061405000000006,0.012925083872383888,0,Robust_UC
2024-09-02 02:00:00,L136,79,98,-0.006082726067772265,0.46691325000000006,0.013027529348914952,0,Robust_UC
2024-09-02 02:00:00,L137,80,67,0.007306216457059941,0.3178637999999999,0.022985368126411197,0,Robust_UC
2024-09-02 02:00:00,L138,80,79,-0.006378722520464781,0.39174659999999994,0.01628277697997834,0,Robust_UC
2024-09-02 02:00:00,L139,81,82,-0.006110942232569749,0.4048461,0.015094482156478102,0,Robust_UC
2024-09-02 02:00:00,L140,81,95,-0.002062916708766682,0.44236890000000006,0.00466334027723622,0,Robust_UC
2024-09-02 02:00:00,L141,82,83,-0.0020369807441899535,0.37704869999999996,0.0054024340733437185,0,Robust_UC
2024-09-02 02:00:00,L142,82,84,-0.003146467551784715,0.37064430000000004,0.008489183704658928,0,Robust_UC
2024-09-02 02:00:00,L143,83,84,-0.0011094868075947617,0.36047565000000004,0.003077841201187269,0,Robust_UC
2024-09-02 02:00:00,L144,84,85,-0.0018549878731903176,0.34769340000000004,0.005335125352365956,0,Robust_UC
2024-09-02 02:00:00,L145,84,87,-0.0008003221620630167,0.34072965,0.002348848015026038,0,Robust_UC
2024-09-02 02:00:00,L146,84,88,-0.000673150387530852,0.34467659999999994,0.0019529912605928343,0,Robust_UC
2024-09-02 02:00:00,L147,86,85,0.0009274939365951592,0.28543139999999995,0.003249446054621739,0,Robust_UC
2024-09-02 02:00:00,L148,87,88,0.00012717177453214212,0.3369474,0.0003774232255009005,0,Robust_UC
2024-09-02 02:00:00,L149,88,89,-0.00043195402466456034,0.31691339999999996,0.0013630033462282139,0,Robust_UC
2024-09-02 02:00:00,L150,88,89,-0.00043195402466456034,0.31691339999999996,0.0013630033462282139,0,Robust_UC
2024-09-02 02:00:00,L151,88,91,0.0006227116864626625,0.3637242,0.0017120435936422776,0,Robust_UC
2024-09-02 02:00:00,L152,88,91,0.0006227116864626625,0.3637242,0.0017120435936422776,0,Robust_UC
2024-09-02 02:00:00,L153,89,90,6.35858872660381e-05,0.33528870000000005,0.00018964518418317734,0,Robust_UC
2024-09-02 02:00:00,L154,90,91,0.0009910798238612073,0.3804678,0.002604898033056167,0,Robust_UC
2024-09-02 02:00:00,L155,91,92,0.0007488226239462659,0.41554215,0.0018020377089213834,0,Robust_UC
2024-09-02 02:00:00,L156,91,93,0.0024251391844877235,0.42559739999999996,0.005698200187519293,0,Robust_UC
2024-09-02 02:00:00,L157,91,99,0.0006881469461572642,0.4251762,0.001618498274732368,0,Robust_UC
2024-09-02 02:00:00,L158,91,101,-0.0006981116212094185,0.41574645000000005,0.0016791763855335828,0,Robust_UC
2024-09-02 02:00:00,L159,92,93,0.0016763165605414576,0.43531155,0.003850843288080589,0,Robust_UC
2024-09-02 02:00:00,L160,93,94,0.0019461493277865335,0.45128025,0.004312507200983277,0,Robust_UC
2024-09-02 02:00:00,L161,93,95,0.004819792592168248,0.44872245000000005,0.010741144313524425,0,Robust_UC
2024-09-02 02:00:00,L162,93,99,-0.0017369922383304592,0.4429962,0.003921009341232406,0,Robust_UC
2024-09-02 02:00:00,L163,94,95,0.0028736432643816923,0.45922229999999997,0.006257630050591385,0,Robust_UC
2024-09-02 02:00:00,L164,95,96,0.0018768397159277528,0.469728,0.003995588331817036,0,Robust_UC
2024-09-02 02:00:00,L165,97,99,-0.0051552321311771065,0.45473759999999996,0.011336718430974493,0,Robust_UC
2024-09-02 02:00:00,L166,98,99,-0.0051552321311771065,0.45157454999999996,0.011416126376424683,0,Robust_UC
2024-09-02 02:00:00,L167,99,100,-0.0011568762519809095,0.44414460000000006,0.0026047288472738593,0,Robust_UC
2024-09-02 02:00:00,L168,99,102,-0.0035308734689689647,0.43902945000000004,0.008042452434498333,0,Robust_UC
2024-09-02 02:00:00,L169,99,103,-0.002808067849415452,0.43969725,0.006386366640718022,0,Robust_UC
2024-09-02 02:00:00,L170,99,105,-0.0029359980475665904,0.43592445,0.0067351075342679,0,Robust_UC
2024-09-02 02:00:00,L171,100,101,-0.0002293823153857403,0.43879365,0.0005227566884473836,0,Robust_UC
2024-09-02 02:00:00,L172,102,103,0.0007228056195535126,0.43664040000000004,0.0016553796202859667,0,Robust_UC
2024-09-02 02:00:00,L173,102,104,-0.0004349626737135126,0.4313898,0.0010082822396670311,0,Robust_UC
2024-09-02 02:00:00,L174,102,109,-0.0028912224782138563,0.43662915,0.006621689088357605,0,Robust_UC
2024-09-02 02:00:00,L175,103,104,-0.0011577682932670252,0.43296704999999996,0.002674033262501212,0,Robust_UC
2024-09-02 02:00:00,L176,104,105,0.0010298380951158648,0.4283500499999999,0.0024041974434597705,0,Robust_UC
2024-09-02 02:00:00,L177,104,106,5.1172079260341716e-05,0.4245426,0.00012053461598516077,0,Robust_UC
2024-09-02 02:00:00,L178,104,107,-0.0017462472047619377,0.43129755000000003,0.004048822453922907,0,Robust_UC
2024-09-02 02:00:00,L179,105,106,-0.0009786660158555005,0.4254606,0.0023002506362645577,0,Robust_UC
2024-09-02 02:00:00,L180,107,108,-0.0008187532681667789,0.4366377,0.001875131872870297,0,Robust_UC
2024-09-02 02:00:00,L181,108,109,0.00010874066842837989,0.43862759999999995,0.0002479111401753558,0,Robust_UC
2024-09-02 02:00:00,L182,109,110,-0.0009274939365951592,0.43935254999999995,0.0021110471228519313,0,Robust_UC
2024-09-02 02:00:00,L183,109,111,-0.0009274939365951588,0.43699499999999997,0.0021224360383875302,0,Robust_UC
2024-09-02 02:00:00,L184,113,114,0.006934606057894055,0.47739734999999994,0.014525857878964045,0,Robust_UC
2024-09-02 02:00:00,L185,115,67,0.0009274939365951588,0.3076497,0.003014772764592843,0,Robust_UC
2024-09-02 03:00:00,L0,0,1,0.029933230206009603,0.48556575,0.06164609057786634,0,Robust_UC
2024-09-02 03:00:00,L1,0,2,0.12283610831151684,0.48455685,0.25350195402565634,0,Robust_UC
2024-09-02 03:00:00,L2,1,11,0.18177492434452466,0.48395699999999997,0.3756013950506443,0,Robust_UC
2024-09-02 03:00:00,L3,2,4,0.1067334005900259,0.47837745,0.22311545117778,0,Robust_UC
2024-09-02 03:00:00,L4,2,11,0.0888720462390174,0.48196439999999996,0.18439545791974968,0,Robust_UC
2024-09-02 03:00:00,L5,3,4,-0.026361846406261023,0.4745268,0.055553967460343696,0,Robust_UC
2024-09-02 03:00:00,L6,3,10,-0.0008688150762125085,0.47688975,0.00182183633892846,0,Robust_UC
2024-09-02 03:00:00,L7,4,5,-0.007795478922184598,0.47593890000000005,0.01637915901008427,0,Robust_UC
2024-09-02 03:00:00,L8,4,10,0.025493031330048512,0.4746599999999999,0.05370798325127147,0,Robust_UC
2024-09-02 03:00:00,L9,5,6,-0.00595378478366953,0.48127635,0.012370823506431448,0,Robust_UC
2024-09-02 03:00:00,L10,6,11,-0.004112090645154461,0.482256,0.008526779646400378,0,Robust_UC
2024-09-02 03:00:00,L11,7,4,-0.06451569591441604,0.38545739999999995,0.1673743866751969,0,Robust_UC
2024-09-02 03:00:00,L12,7,8,-0.0036833882770301403,0.44389169999999994,0.008297943568285103,0,Robust_UC
2024-09-02 03:00:00,L13,7,29,0.07004077832996125,0.43390755000000003,0.16141866701780425,0,Robust_UC
2024-09-02 03:00:00,L14,8,9,-0.0018416941385150701,0.4441716,0.004146357260381056,0,Robust_UC
2024-09-02 03:00:00,L15,10,11,-0.04335438568105959,0.47983050000000005,0.09035354293038811,0,Robust_UC
2024-09-02 03:00:00,L16,10,12,0.06982029607341067,0.47466449999999993,0.14709399180560306,0,Robust_UC
2024-09-02 03:00:00,L17,11,13,0.09149748891393922,0.4768753499999999,0.19186877433262012,0,Robust_UC
2024-09-02 03:00:00,L18,11,15,0.10629403799943068,0.47901420000000006,0.2219016429981213,0,Robust_UC
2024-09-02 03:00:00,L19,11,116,-0.0018416941385150706,0.47629035,0.003866746698762783,0,Robust_UC
2024-09-02 03:00:00,L20,12,14,0.042589634590937134,0.46383434999999995,0.0918207860002976,0,Robust_UC
2024-09-02 03:00:00,L21,13,14,0.0642668274314657,0.4657392,0.13798887323949904,0,Robust_UC
2024-09-02 03:00:00,L22,14,16,0.029593098170982924,0.46094040000000003,0.06420157176715888,0,Robust_UC
2024-09-02 03:00:00,L23,14,18,0.06322419781670792,0.44951085,0.14065110512172935,0,Robust_UC
2024-09-02 03:00:00,L24,14,32,0.015880860173226596,0.44311995,0.03583873886343099,0,Robust_UC
2024-09-02 03:00:00,L25,15,16,0.07906337651695716,0.47121300000000005,0.1677869169928613,0,Robust_UC
2024-09-02 03:00:00,L26,16,17,0.03043088056409926,0.45820395,0.06641339640153529,0,Robust_UC
2024-09-02 03:00:00,L27,16,30,0.05629422851263346,0.46605824999999995,0.12078796698188148,0,Robust_UC
2024-09-02 03:00:00,L28,16,112,0.027640290049735776,0.4605039,0.0600218370566151,0,Robust_UC
2024-09-02 03:00:00,L29,17,18,0.0032002190816257325,0.4457466,0.007179458198056323,0,Robust_UC
2024-09-02 03:00:00,L30,18,19,0.04722020693363828,0.44736345,0.10555222366431205,0,Robust_UC
2024-09-02 03:00:00,L31,18,33,-0.008026451517778173,0.42043410000000003,0.01909086707709525,0,Robust_UC
2024-09-02 03:00:00,L32,19,20,0.019989545451164742,0.46621125,0.04287658320378314,0,Robust_UC
2024-09-02 03:00:00,L33,20,21,-0.007241116031308788,0.47334555,0.015297737628057953,0,Robust_UC
2024-09-02 03:00:00,L34,21,22,-0.03447177751378232,0.472149,0.07301037916797942,0,Robust_UC
2024-09-02 03:00:00,L35,22,23,-0.04025056918208704,0.47093039999999997,0.0854703140465917,0,Robust_UC
2024-09-02 03:00:00,L36,22,24,-0.019446185566718382,0.46433340000000006,0.041879790613206756,0,Robust_UC
2024-09-02 03:00:00,L37,22,31,-0.0020056842474503456,0.47048625,0.004263002898491392,0,Robust_UC
2024-09-02 03:00:00,L38,23,69,-0.04876922885990537,0.4705677,0.10363913388000359,0,Robust_UC
2024-09-02 03:00:00,L39,23,71,-0.0187120018046552,0.47252115000000006,0.039600347634503125,0,Robust_UC
2024-09-02 03:00:00,L40,24,26,0.019627035060914594,0.45485145000000005,0.043150428696917625,0,Robust_UC
2024-09-02 03:00:00,L41,25,24,0.03723152648911791,0.35101034999999997,0.10606959734696686,0,Robust_UC
2024-09-02 03:00:00,L42,25,29,-0.035389832350602834,0.42704145000000004,0.08287212482676524,0,Robust_UC
2024-09-02 03:00:00,L43,26,27,0.026225801660140272,0.47590515,0.05510720289566161,0,Robust_UC
2024-09-02 03:00:00,L44,26,31,-0.002186533741646568,0.46696995,0.004682386396911767,0,Robust_UC
2024-09-02 03:00:00,L45,26,114,-0.002570538719063986,0.47349494999999997,0.005428861953150686,0,Robust_UC
2024-09-02 03:00:00,L46,27,28,-0.0010048598223332574,0.48221145,0.0020838572421564387,0,Robust_UC
2024-09-02 03:00:00,L47,28,30,-0.028235521304806787,0.47714265,0.05917626794587905,0,Robust_UC
2024-09-02 03:00:00,L48,29,16,0.03293958592100216,0.3330558,0.0989011028212154,0,Robust_UC
2024-09-02 03:00:00,L49,29,37,0.0035530541968721296,0.40177035,0.008843495287474872,0,Robust_UC
2024-09-02 03:00:00,L50,30,31,0.0008280457253531422,0.4679505,0.0017695156332841661,0,Robust_UC
2024-09-02 03:00:00,L51,31,112,-0.029481984188250848,0.46358594999999997,0.06359550842352071,0,Robust_UC
2024-09-02 03:00:00,L52,31,113,-0.0011128495579662001,0.47169045000000004,0.002359279391741342,0,Robust_UC
2024-09-02 03:00:00,L53,32,36,0.00999446962871453,0.40875615,0.024450933958338073,0,Robust_UC
2024-09-02 03:00:00,L54,33,35,0.017456522650144003,0.4088799,0.04269352112966179,0,Robust_UC
2024-09-02 03:00:00,L55,33,36,-0.02932241649698858,0.40276799999999996,0.07280224967472237,0,Robust_UC
2024-09-02 03:00:00,L56,33,42,-0.02339121915340672,0.40599044999999995,0.05761519551360561,0,Robust_UC
2024-09-02 03:00:00,L57,34,35,0.009774138832329526,0.40829309999999996,0.02393902525496886,0,Robust_UC
2024-09-02 03:00:00,L58,34,36,-0.037004800314803056,0.39626190000000006,0.09338470419387544,0,Robust_UC
2024-09-02 03:00:00,L59,36,38,-0.010221327942662926,0.38882789999999995,0.026287537346633118,0,Robust_UC
2024-09-02 03:00:00,L60,36,39,-0.018600961746810807,0.38130435,0.04878245356186156,0,Robust_UC
2024-09-02 03:00:00,L61,37,36,0.025668763355088275,0.29373659999999996,0.08738701052265288,0,Robust_UC
2024-09-02 03:00:00,L62,37,64,-0.020274015019701108,0.36143414999999995,0.05609324691565839,0,Robust_UC
2024-09-02 03:00:00,L63,38,39,-0.008379633804147857,0.37537244999999997,0.02232351842589369,0,Robust_UC
2024-09-02 03:00:00,L64,39,40,-0.008993531850319536,0.36336060000000003,0.02475098249595453,0,Robust_UC
2024-09-02 03:00:00,L65,39,41,-0.01614536956212398,0.35154945,0.045926311539170324,0,Robust_UC
2024-09-02 03:00:00,L66,40,41,-0.007151837711804443,0.34611255,0.020663329635993963,0,Robust_UC
2024-09-02 03:00:00,L67,41,48,-0.010727756567706859,0.34962210000000005,0.030683862855657173,0,Robust_UC
2024-09-02 03:00:00,L68,41,48,-0.010727756567706859,0.34962210000000005,0.030683862855657173,0,Robust_UC
2024-09-02 03:00:00,L69,42,43,-0.02154952501489165,0.39337425000000004,0.05478122936336491,0,Robust_UC
2024-09-02 03:00:00,L70,43,44,-0.01970783087637658,0.38489175,0.051203567954825176,0,Robust_UC
2024-09-02 03:00:00,L71,44,45,-0.007718207408906552,0.3826035,0.020172861484295236,0,Robust_UC
2024-09-02 03:00:00,L72,44,48,-0.010147929328955252,0.37018889999999993,0.027412840657716247,0,Robust_UC
2024-09-02 03:00:00,L73,45,46,-0.0037408052411095905,0.38677905,0.00967168527124101,0,Robust_UC
2024-09-02 03:00:00,L74,45,47,-0.002135708029281872,0.37397294999999997,0.0057108623211434735,0,Robust_UC
2024-09-02 03:00:00,L75,46,48,0.0013110833210608908,0.3774852,0.0034732045681814564,0,Robust_UC
2024-09-02 03:00:00,L76,46,68,-0.0032101944236553326,0.40899104999999997,0.007849057879519204,0,Robust_UC
2024-09-02 03:00:00,L77,47,48,-0.0002940138907668033,0.36427365,0.000807123685083462,0,Robust_UC
2024-09-02 03:00:00,L78,48,49,-0.00406729684801507,0.36637875000000003,0.011101344846050897,0,Robust_UC
2024-09-02 03:00:00,L79,48,50,-0.005204366869284993,0.37284794999999993,0.01395841621037475,0,Robust_UC
2024-09-02 03:00:00,L80,48,53,-0.004796099549454702,0.34581824999999994,0.013868844543209339,0,Robust_UC
2024-09-02 03:00:00,L81,48,53,-0.004796099549454702,0.34581824999999994,0.013868844543209339,0,Robust_UC
2024-09-02 03:00:00,L82,48,65,-0.0026797691673175472,0.3399282,0.007883338797185838,0,Robust_UC
2024-09-02 03:00:00,L83,48,65,-0.0026797691673175472,0.3399282,0.007883338797185838,0,Robust_UC
2024-09-02 03:00:00,L84,48,68,-0.004521277744716223,0.39581594999999997,0.011422676990950526,0,Robust_UC
2024-09-02 03:00:00,L85,49,56,-0.002225602709500002,0.3701565,0.006012599291110657,0,Robust_UC
2024-09-02 03:00:00,L86,50,51,-0.0017056050319049659,0.38319344999999994,0.00445102866947482,0,Robust_UC
2024-09-02 03:00:00,L87,50,57,-0.001657067698865037,0.37608434999999996,0.00440610649941971,0,Robust_UC
2024-09-02 03:00:00,L88,51,52,0.00013608910661010295,0.38088180000000005,0.00035730010362821995,0,Robust_UC
2024-09-02 03:00:00,L89,52,53,0.0019777832451251718,0.3590514,0.005508356867916882,0,Robust_UC
2024-09-02 03:00:00,L90,53,54,-0.0019036039634460766,0.3256929,0.005844781889461135,0,Robust_UC
2024-09-02 03:00:00,L91,53,55,-0.0018807085790453204,0.3404124,0.005524794569896163,0,Robust_UC
2024-09-02 03:00:00,L92,53,58,-0.001988409172777761,0.327222,0.0060766365732675695,0,Robust_UC
2024-09-02 03:00:00,L93,54,55,2.2895384400756225e-05,0.33776505,6.778494222761124e-05,0,Robust_UC
2024-09-02 03:00:00,L94,54,58,-8.480520933168423e-05,0.3245003999999999,0.0002613408468269508,0,Robust_UC
2024-09-02 03:00:00,L95,55,56,0.00038390857098493286,0.3602844,0.0010655708961723929,0,Robust_UC
2024-09-02 03:00:00,L96,55,57,-0.0001846264396500319,0.36404505,0.0005071527264277646,0,Robust_UC
2024-09-02 03:00:00,L97,55,58,-0.00010770059373244045,0.3333456,0.00032308989148931454,0,Robust_UC
2024-09-02 03:00:00,L98,55,58,-0.00010770059373244045,0.3333456,0.00032308989148931454,0,Robust_UC
2024-09-02 03:00:00,L99,58,59,-0.000297290413524276,0.32842575,0.000905198248079744,0,Robust_UC
2024-09-02 03:00:00,L100,58,60,5.046720704954266e-05,0.318204,0.0001586001654584564,0,Robust_UC
2024-09-02 03:00:00,L101,59,60,0.00034775762057381865,0.3270906,0.001063184391645063,0,Robust_UC
2024-09-02 03:00:00,L102,59,61,0.001196646104417165,0.3336012,0.003587055755246579,0,Robust_UC
2024-09-02 03:00:00,L103,60,61,0.0008488884838433464,0.32262929999999995,0.0026311574424373314,0,Robust_UC
2024-09-02 03:00:00,L104,61,65,0.0032053838640220267,0.33056595,0.009696654673665048,0,Robust_UC
2024-09-02 03:00:00,L105,61,66,0.0006818448627534911,0.33502184999999995,0.0020352250539882434,0,Robust_UC
2024-09-02 03:00:00,L106,62,58,0.00020009822458519626,0.24712605000000004,0.000809701059783848,0,Robust_UC
2024-09-02 03:00:00,L107,62,63,0.0016415959139298739,0.32604435,0.005034885327501838,0,Robust_UC
2024-09-02 03:00:00,L108,63,60,-0.0013910304822951213,0.22813019999999995,0.006097528877347767,0,Robust_UC
2024-09-02 03:00:00,L109,63,64,0.004874320534740065,0.33180299999999996,0.01469040525474473,0,Robust_UC
2024-09-02 03:00:00,L110,64,65,-0.002211078669169808,0.20915009999999998,0.01057173135068933,0,Robust_UC
2024-09-02 03:00:00,L111,64,67,-0.011346921677276023,0.21152159999999998,0.05364426931942659,0,Robust_UC
2024-09-02 03:00:00,L112,65,66,-0.00252353900126856,0.3323646,0.00759268285872972,0,Robust_UC
2024-09-02 03:00:00,L113,67,68,0.007294334430707538,0.32106104999999996,0.02271946232876127,0,Robust_UC
2024-09-02 03:00:00,L114,68,69,0.023821294433844176,0.4517658,0.0527293000794752,0,Robust_UC
2024-09-02 03:00:00,L115,68,74,0.00023975269557835466,0.44746065,0.0005358073287077973,0,Robust_UC
2024-09-02 03:00:00,L116,68,76,-0.02265649072857112,0.44147699999999995,0.051319753302145124,0,Robust_UC
2024-09-02 03:00:00,L117,69,70,0.01318691938910999,0.4703256,0.028037851626851677,0,Robust_UC
2024-09-02 03:00:00,L118,69,73,-0.012711617938390433,0.47338559999999996,0.026852565727369895,0,Robust_UC
2024-09-02 03:00:00,L119,69,74,-0.02358154173826582,0.46537605,0.05067201403739153,0,Robust_UC
2024-09-02 03:00:00,L120,70,71,0.01687030766614013,0.4645313999999999,0.03631682953216969,0,Robust_UC
2024-09-02 03:00:00,L121,70,72,-0.0018416941385150688,0.46204514999999996,0.003985961412028822,0,Robust_UC
2024-09-02 03:00:00,L122,73,74,-0.010869923799875364,0.4710348,0.023076689450281306,0,Robust_UC
2024-09-02 03:00:00,L123,74,76,-0.022896243424149476,0.45895725,0.04988752966458091,0,Robust_UC
2024-09-02 03:00:00,L124,74,117,-0.00947377527989823,0.46871325,0.020212305241847184,0,Robust_UC
2024-09-02 03:00:00,L125,75,76,-0.005790387002868088,0.46096919999999997,0.0125613316526746,0,Robust_UC
2024-09-02 03:00:00,L126,75,117,0.007632081141383158,0.4700934,0.01623524419058672,0,Robust_UC
2024-09-02 03:00:00,L127,76,77,-0.006078989213691129,0.46640745,0.013033645182321014,0,Robust_UC
2024-09-02 03:00:00,L128,76,79,-0.012711885225528186,0.46031894999999995,0.027615385431184587,0,Robust_UC
2024-09-02 03:00:00,L129,76,79,-0.012711885225528186,0.46031894999999995,0.027615385431184587,0,Robust_UC
2024-09-02 03:00:00,L130,76,81,-0.01799866735232608,0.4431897000000001,0.04061165535283441,0,Robust_UC
2024-09-02 03:00:00,L131,77,78,-0.004237295075176058,0.4816593,0.008797286951951427,0,Robust_UC
2024-09-02 03:00:00,L132,78,79,-0.0023956009366609874,0.47915505,0.004999636206820709,0,Robust_UC
2024-09-02 03:00:00,L133,79,95,-0.009328919997418639,0.46205414999999994,0.020190101089706997,0,Robust_UC
2024-09-02 03:00:00,L134,79,96,-0.005585307067966843,0.47741490000000003,0.011699063158621239,0,Robust_UC
2024-09-02 03:00:00,L135,79,97,-0.012089811938127753,0.47061405000000006,0.02568944114211582,0,Robust_UC
2024-09-02 03:00:00,L136,79,98,-0.012089811938127753,0.46691325000000006,0.02589305816043505,0,Robust_UC
2024-09-02 03:00:00,L137,80,67,0.01495786783095342,0.3178637999999999,0.047057475028466356,0,Robust_UC
2024-09-02 03:00:00,L138,80,79,-0.01311617369243835,0.39174659999999994,0.033481270015970406,0,Robust_UC
2024-09-02 03:00:00,L139,81,82,-0.012114835343189634,0.4048461,0.029924545013993303,0,Robust_UC
2024-09-02 03:00:00,L140,81,95,-0.004042137870620743,0.44236890000000006,0.009137482021500026,0,Robust_UC
2024-09-02 03:00:00,L141,82,83,-0.0040382784477298594,0.37704869999999996,0.010710230396577047,0,Robust_UC
2024-09-02 03:00:00,L142,82,84,-0.006234862756944681,0.37064430000000004,0.01682168795512215,0,Robust_UC
2024-09-02 03:00:00,L143,83,84,-0.002196584309214822,0.36047565000000004,0.006093571949214383,0,Robust_UC
2024-09-02 03:00:00,L144,84,85,-0.003683388277030141,0.34769340000000004,0.010593782559663601,0,Robust_UC
2024-09-02 03:00:00,L145,84,87,-0.00158268626304312,0.34072965,0.004644991309218673,0,Robust_UC
2024-09-02 03:00:00,L146,84,88,-0.0013236783875711922,0.34467659999999994,0.0038403488591079067,0,Robust_UC
2024-09-02 03:00:00,L147,86,85,0.0018416941385150701,0.28543139999999995,0.006452317924780071,0,Robust_UC
2024-09-02 03:00:00,L148,87,88,0.0002590078754719505,0.3369474,0.0007686893428230948,0,Robust_UC
2024-09-02 03:00:00,L149,88,89,-0.0008560951003895754,0.31691339999999996,0.002701353430904391,0,Robust_UC
2024-09-02 03:00:00,L150,88,89,-0.0008560951003895754,0.31691339999999996,0.002701353430904391,0,Robust_UC
2024-09-02 03:00:00,L151,88,91,0.001244606913597457,0.3637242,0.0034218424663452606,0,Robust_UC
2024-09-02 03:00:00,L152,88,91,0.001244606913597457,0.3637242,0.0034218424663452606,0,Robust_UC
2024-09-02 03:00:00,L153,89,90,0.00012950393773591973,0.33528870000000005,0.0003862460552232142,0,Robust_UC
2024-09-02 03:00:00,L154,90,91,0.001971198076251013,0.3804678,0.005180985292976207,0,Robust_UC
2024-09-02 03:00:00,L155,91,92,0.00148842558591325,0.41554215,0.0035818883497456275,0,Robust_UC
2024-09-02 03:00:00,L156,91,93,0.004818545310341593,0.42559739999999996,0.011321839161474185,0,Robust_UC
2024-09-02 03:00:00,L157,91,99,0.0013776219631654874,0.4251762,0.003240120127056706,0,Robust_UC
2024-09-02 03:00:00,L158,91,101,-0.0013824868174598937,0.41574645000000005,0.0033253123808029954,0,Robust_UC
2024-09-02 03:00:00,L159,92,93,0.0033301197244283206,0.43531155,0.007649968682035477,0,Robust_UC
2024-09-02 03:00:00,L160,93,94,0.003863196127315333,0.45128025,0.008560525587626166,0,Robust_UC
2024-09-02 03:00:00,L161,93,95,0.009568086393145714,0.44872245000000005,0.021322950062217107,0,Robust_UC
2024-09-02 03:00:00,L162,93,99,-0.003440923347176106,0.4429962,0.007767387953161011,0,Robust_UC
2024-09-02 03:00:00,L163,94,95,0.0057048902658304035,0.45922229999999997,0.012422938228022472,0,Robust_UC
2024-09-02 03:00:00,L164,95,96,0.003743612929451773,0.469728,0.007969746171085762,0,Robust_UC
2024-09-02 03:00:00,L165,97,99,-0.010248117799612683,0.45473759999999996,0.022536332600630964,0,Robust_UC
2024-09-02 03:00:00,L166,98,99,-0.010248117799612683,0.45157454999999996,0.022694188145927805,0,Robust_UC
2024-09-02 03:00:00,L167,99,100,-0.0023009014595701816,0.44414460000000006,0.0051805233240935075,0,Robust_UC
2024-09-02 03:00:00,L168,99,102,-0.007011139065243421,0.43902945000000004,0.015969632709704147,0,Robust_UC
2024-09-02 03:00:00,L169,99,103,-0.005575887771090304,0.43969725,0.012681197735692694,0,Robust_UC
2024-09-02 03:00:00,L170,99,105,-0.005829914548816451,0.43592445,0.013373681033069951,0,Robust_UC
2024-09-02 03:00:00,L171,100,101,-0.00045920732105519946,0.43879365,0.0010465222572277413,0,Robust_UC
2024-09-02 03:00:00,L172,102,103,0.001435251294153117,0.43664040000000004,0.003287032748580106,0,Robust_UC
2024-09-02 03:00:00,L173,102,104,-0.0008636910442689771,0.4313898,0.0020021128090394746,0,Robust_UC
2024-09-02 03:00:00,L174,102,109,-0.005741005176612454,0.43662915,0.013148469763442167,0,Robust_UC
2024-09-02 03:00:00,L175,103,104,-0.002298942338422094,0.43296704999999996,0.005309739709804925,0,Robust_UC
2024-09-02 03:00:00,L176,104,105,0.00204491556069597,0.4283500499999999,0.0047739356180674436,0,Robust_UC
2024-09-02 03:00:00,L177,104,106,0.00010161071109046106,0.4245426,0.00023934161398752696,0,Robust_UC
2024-09-02 03:00:00,L178,104,107,-0.0034674655159628986,0.43129755000000003,0.008039613292407755,0,Robust_UC
2024-09-02 03:00:00,L179,105,106,-0.0019433048496055316,0.4254606,0.004567531869238965,0,Robust_UC
2024-09-02 03:00:00,L180,107,108,-0.001625771377447828,0.4366377,0.003723387553222793,0,Robust_UC
2024-09-02 03:00:00,L181,108,109,0.00021592276106724255,0.43862759999999995,0.0004922689795791295,0,Robust_UC
2024-09-02 03:00:00,L182,109,110,-0.0018416941385150701,0.43935254999999995,0.004191836689044073,0,Robust_UC
2024-09-02 03:00:00,L183,109,111,-0.0018416941385150706,0.43699499999999997,0.0042144512832299474,0,Robust_UC
2024-09-02 03:00:00,L184,113,114,0.000728844580548782,0.47739734999999994,0.0015267042863744051,0,Robust_UC
2024-09-02 03:00:00,L185,115,67,0.0018416941385150706,0.3076497,0.005986334907900351,0,Robust_UC
2024-09-02 04:00:00,L0,0,1,0.03042316457080943,0.48556575,0.0626550875361564,0,Robust_UC
2024-09-02 04:00:00,L1,0,2,0.12309707549842573,0.48455685,0.2540405227960883,0,Robust_UC
2024-09-02 04:00:00,L2,1,11,0.18196675664708395,0.48395699999999997,0.37599777799904527,0,Robust_UC
2024-09-02 04:00:00,L3,2,4,0.10732446984819315,0.47837745,0.2243510220813986,0,Robust_UC
2024-09-02 04:00:00,L4,2,11,0.08929284571946774,0.48196439999999996,0.18526855037315568,0,Robust_UC
2024-09-02 04:00:00,L5,3,4,-0.011627476236720403,0.4745268,0.024503307793617563,0,Robust_UC
2024-09-02 04:00:00,L6,3,10,0.013171068312994931,0.47688975,0.027618686107208072,0,Robust_UC
2024-09-02 04:00:00,L7,4,5,0.011128101218842657,0.47593890000000005,0.0233813651686018,0,Robust_UC
2024-09-02 04:00:00,L8,4,10,0.024798544549715335,0.4746599999999999,0.05224485852971672,0,Robust_UC
2024-09-02 04:00:00,L9,5,6,-0.015351658711922195,0.48127635,0.03189780406189125,0,Robust_UC
2024-09-02 04:00:00,L10,6,11,-0.013808066635647667,0.482256,0.028632233991174122,0,Robust_UC
2024-09-02 04:00:00,L11,7,4,-0.061313939919189264,0.38545739999999995,0.1590680057489862,0,Robust_UC
2024-09-02 04:00:00,L12,7,8,-0.003087184152549058,0.44389169999999994,0.006954813871376866,0,Robust_UC
2024-09-02 04:00:00,L13,7,29,0.06594471614801284,0.43390755000000003,0.15197872484130048,0,Robust_UC
2024-09-02 04:00:00,L14,8,9,-0.001543592076274529,0.4441716,0.003475215606478508,0,Robust_UC
2024-09-02 04:00:00,L15,10,11,-0.04283016867844047,0.47983050000000005,0.08926103838426375,0,Robust_UC
2024-09-02 04:00:00,L16,10,12,0.05432002161038589,0.47466449999999993,0.11443877014267108,0,Robust_UC
2024-09-02 04:00:00,L17,11,13,0.08974678195312602,0.4768753499999999,0.18819756976980678,0,Robust_UC
2024-09-02 04:00:00,L18,11,15,0.09993841724484723,0.47901420000000006,0.2086335170123291,0,Robust_UC
2024-09-02 04:00:00,L19,11,116,-0.0015435920762745282,0.47629035,0.0032408636376414688,0,Robust_UC
2024-09-02 04:00:00,L20,12,14,0.055863613686660415,0.46383434999999995,0.12043871629313443,0,Robust_UC
2024-09-02 04:00:00,L21,13,14,0.06326702202236117,0.4657392,0.135842166651124,0,Robust_UC
2024-09-02 04:00:00,L22,14,16,0.02038327058344251,0.46094040000000003,0.044221054573308195,0,Robust_UC
2024-09-02 04:00:00,L23,14,18,0.05023308096191652,0.44951085,0.11175054164302489,0,Robust_UC
2024-09-02 04:00:00,L24,14,32,0.022034524232897704,0.44311995,0.0497258682054322,0,Robust_UC
2024-09-02 04:00:00,L25,15,16,0.07345865731408237,0.47121300000000005,0.1558926797734408,0,Robust_UC
2024-09-02 04:00:00,L26,16,17,0.01415310915109989,0.45820395,0.030888230341750412,0,Robust_UC
2024-09-02 04:00:00,L27,16,30,0.05290576715255934,0.46605824999999995,0.11351749948114714,0,Robust_UC
2024-09-02 04:00:00,L28,16,112,0.028410086026102607,0.4605039,0.06169347539967111,0,Robust_UC
2024-09-02 04:00:00,L29,17,18,0.01569670122737442,0.4457466,0.03521440483757906,0,Robust_UC
2024-09-02 04:00:00,L30,18,19,0.04745696981411835,0.44736345,0.10608146421912285,0,Robust_UC
2024-09-02 04:00:00,L31,18,33,-0.008006947555592269,0.42043410000000003,0.019044477019328994,0,Robust_UC
2024-09-02 04:00:00,L32,19,20,0.020977209883353498,0.46621125,0.044995074407478367,0,Robust_UC
2024-09-02 04:00:00,L33,20,21,-0.0055025500474113545,0.47334555,0.011624805699369847,0,Robust_UC
2024-09-02 04:00:00,L34,21,22,-0.03198230997817621,0.472149,0.06773774799517993,0,Robust_UC
2024-09-02 04:00:00,L35,22,23,-0.034387380725980965,0.47093039999999997,0.0730200911344457,0,Robust_UC
2024-09-02 04:00:00,L36,22,24,-0.01726944410660952,0.46433340000000006,0.037191905873257276,0,Robust_UC
2024-09-02 04:00:00,L37,22,31,-0.002435365921878374,0.47048625,0.005176274379704772,0,Robust_UC
2024-09-02 04:00:00,L38,23,69,-0.04410676341628478,0.4705677,0.09373096244447883,0,Robust_UC
2024-09-02 04:00:00,L39,23,71,-0.016760377240460964,0.47252115000000006,0.03547011015371685,0,Robust_UC
2024-09-02 04:00:00,L40,24,26,0.020864184161177746,0.45485145000000005,0.045870325710026305,0,Robust_UC
2024-09-02 04:00:00,L41,25,24,0.03659003619151261,0.35101034999999997,0.1042420435508885,0,Robust_UC
2024-09-02 04:00:00,L42,25,29,-0.03504644411523808,0.42704145000000004,0.08206801497896299,0,Robust_UC
2024-09-02 04:00:00,L43,26,27,0.003968157608616241,0.47590515,0.008338127058755807,0,Robust_UC
2024-09-02 04:00:00,L44,26,31,-0.006030105976446598,0.46696995,0.01291326342615108,0,Robust_UC
2024-09-02 04:00:00,L45,26,114,-0.003553627401756731,0.47349494999999997,0.007505100955684387,0,Robust_UC
2024-09-02 04:00:00,L46,27,28,0.0055117496848907654,0.48221145,0.011430150994736366,0,Robust_UC
2024-09-02 04:00:00,L47,28,30,-0.02096801024587408,0.47714265,0.04394495073092728,0,Robust_UC
2024-09-02 04:00:00,L48,29,16,0.02810679436300207,0.3330558,0.08439064674148317,0,Robust_UC
2024-09-02 04:00:00,L49,29,37,0.004335069746047082,0.40177035,0.010789919530017789,0,Robust_UC
2024-09-02 04:00:00,L50,30,31,0.005457996975920406,0.4679505,0.011663620352837332,0,Robust_UC
2024-09-02 04:00:00,L51,31,112,-0.029953678102377135,0.46358594999999997,0.06461299809102743,0,Robust_UC
2024-09-02 04:00:00,L52,31,113,0.0004664432492076746,0.47169045000000004,0.000988875753595763,0,Robust_UC
2024-09-02 04:00:00,L53,32,36,-0.004445235697867148,0.40875615,0.010875030743554925,0,Robust_UC
2024-09-02 04:00:00,L54,33,35,0.008926360971320494,0.4088799,0.02183125404628717,0,Robust_UC
2024-09-02 04:00:00,L55,33,36,-0.024636844871293695,0.40276799999999996,0.061168823916730466,0,Robust_UC
2024-09-02 04:00:00,L56,33,42,-0.018776223586383915,0.40599044999999995,0.04624794397598248,0,Robust_UC
2024-09-02 04:00:00,L57,34,35,0.01755339895944436,0.40829309999999996,0.04299215186209211,0,Robust_UC
2024-09-02 04:00:00,L58,34,36,-0.01600980688316983,0.39626190000000006,0.040402084790815945,0,Robust_UC
2024-09-02 04:00:00,L59,36,38,-0.008038048294595927,0.38882789999999995,0.020672509083314052,0,Robust_UC
2024-09-02 04:00:00,L60,36,39,-0.014532504512917321,0.38130435,0.03811261139013316,0,Robust_UC
2024-09-02 04:00:00,L61,37,36,0.0209777425685429,0.29373659999999996,0.07141684954664453,0,Robust_UC
2024-09-02 04:00:00,L62,37,64,-0.015099080746221294,0.36143414999999995,0.041775467941314606,0,Robust_UC
2024-09-02 04:00:00,L63,38,39,-0.006494456218321398,0.37537244999999997,0.017301366198615265,0,Robust_UC
2024-09-02 04:00:00,L64,39,40,-0.007008986910412882,0.36336060000000003,0.01928934207619891,0,Robust_UC
2024-09-02 04:00:00,L65,39,41,-0.012474381744551233,0.35154945,0.035484003017359954,0,Robust_UC
2024-09-02 04:00:00,L66,40,41,-0.005465394834138354,0.34611255,0.015790802252441737,0,Robust_UC
2024-09-02 04:00:00,L67,41,48,-0.008198092251207545,0.34962210000000005,0.023448438331580137,0,Robust_UC
2024-09-02 04:00:00,L68,41,48,-0.008198092251207545,0.34962210000000005,0.023448438331580137,0,Robust_UC
2024-09-02 04:00:00,L69,42,43,-0.017232631510109387,0.39337425000000004,0.04380721796129102,0,Robust_UC
2024-09-02 04:00:00,L70,43,44,-0.01568903943383486,0.38489175,0.0407622128399345,0,Robust_UC
2024-09-02 04:00:00,L71,44,45,-0.006001518507918635,0.3826035,0.015686000018083044,0,Robust_UC
2024-09-02 04:00:00,L72,44,48,-0.008143928849641657,0.37018889999999993,0.02199938693364836,0,Robust_UC
2024-09-02 04:00:00,L73,45,46,-0.0026149252226452258,0.38677905,0.006760772649514563,0,Robust_UC
2024-09-02 04:00:00,L74,45,47,-0.001843001208998777,0.37397294999999997,0.004928167154867156,0,Robust_UC
2024-09-02 04:00:00,L75,46,48,0.0004725148809222035,0.3774852,0.001251744123801949,0,Robust_UC
2024-09-02 04:00:00,L76,46,68,-0.00154384802729296,0.40899104999999997,0.0037747721552658917,0,Robust_UC
2024-09-02 04:00:00,L77,47,48,-0.00029940913272424874,0.36427365,0.00082193464370604,0,Robust_UC
2024-09-02 04:00:00,L78,48,49,-0.0034375301235806005,0.36637875000000003,0.009382449510460418,0,Robust_UC
2024-09-02 04:00:00,L79,48,50,-0.004395969475934791,0.37284794999999993,0.011790247139443282,0,Robust_UC
2024-09-02 04:00:00,L80,48,53,-0.004078170332705355,0.34581824999999994,0.01179281409441334,0,Robust_UC
2024-09-02 04:00:00,L81,48,53,-0.004078170332705355,0.34581824999999994,0.01179281409441334,0,Robust_UC
2024-09-02 04:00:00,L82,48,65,-0.0024086061772205514,0.3399282,0.007085632134140537,0,Robust_UC
2024-09-02 04:00:00,L83,48,65,-0.0024086061772205514,0.3399282,0.007085632134140537,0,Robust_UC
2024-09-02 04:00:00,L84,48,68,-0.0020163629082151635,0.39581594999999997,0.005094193167847742,0,Robust_UC
2024-09-02 04:00:00,L85,49,56,-0.0018939380473060724,0.3701565,0.005116587301063394,0,Robust_UC
2024-09-02 04:00:00,L86,50,51,-0.0014376590285313864,0.38319344999999994,0.003751783931931474,0,Robust_UC
2024-09-02 04:00:00,L87,50,57,-0.0014147183711289736,0.37608434999999996,0.0037617049768993945,0,Robust_UC
2024-09-02 04:00:00,L88,51,52,0.0001059330477431418,0.38088180000000005,0.0002781257800796514,0,Robust_UC
2024-09-02 04:00:00,L89,52,53,0.00164952512401767,0.3590514,0.004594119738894403,0,Robust_UC
2024-09-02 04:00:00,L90,53,54,-0.0016267038853482463,0.3256929,0.004994594249209136,0,Robust_UC
2024-09-02 04:00:00,L91,53,55,-0.0016036438092128513,0.3404124,0.004710885411967517,0,Robust_UC
2024-09-02 04:00:00,L92,53,58,-0.0017328757705573627,0.327222,0.005295719024262924,0,Robust_UC
2024-09-02 04:00:00,L93,54,55,2.3060076135394958e-05,0.33776505,6.827253481494003e-05,0,Robust_UC
2024-09-02 04:00:00,L94,54,58,-0.00010617188520911647,0.3245003999999999,0.00032718568362047167,0,Robust_UC
2024-09-02 04:00:00,L95,55,56,0.00035034597103154413,0.3602844,0.0009724150449798663,0,Robust_UC
2024-09-02 04:00:00,L96,55,57,-0.00012887370514555463,0.36404505,0.00035400482754965255,0,Robust_UC
2024-09-02 04:00:00,L97,55,58,-0.00012923196134451143,0.3333456,0.0003876816173500158,0,Robust_UC
2024-09-02 04:00:00,L98,55,58,-0.00012923196134451143,0.3333456,0.0003876816173500158,0,Robust_UC
2024-09-02 04:00:00,L99,58,59,-0.00028416025430538783,0.32842575,0.0008652191684281388,0,Robust_UC
2024-09-02 04:00:00,L100,58,60,-1.8938205242680084e-05,0.318204,5.951592450968588e-05,0,Robust_UC
2024-09-02 04:00:00,L101,59,60,0.00026522204906270774,0.3270906,0.0008108519445765416,0,Robust_UC
2024-09-02 04:00:00,L102,59,61,0.0009942097729063737,0.3336012,0.00298023440235339,0,Robust_UC
2024-09-02 04:00:00,L103,60,61,0.000728987723843666,0.32262929999999995,0.002259521140341767,0,Robust_UC
2024-09-02 04:00:00,L104,61,65,0.002692390407441181,0.33056595,0.00814479049472936,0,Robust_UC
2024-09-02 04:00:00,L105,61,66,0.0005743991655833246,0.33502184999999995,0.0017145125477139019,0,Robust_UC
2024-09-02 04:00:00,L106,62,58,0.00025082104263323703,0.24712605000000004,0.0010149518540568143,0,Robust_UC
2024-09-02 04:00:00,L107,62,63,0.001292771033641292,0.32604435,0.003965015905478172,0,Robust_UC
2024-09-02 04:00:00,L108,63,60,-0.001060888196250748,0.22813019999999995,0.00465036280269227,0,Robust_UC
2024-09-02 04:00:00,L109,63,64,0.003897251306166569,0.33180299999999996,0.011745678327702189,0,Robust_UC
2024-09-02 04:00:00,L110,64,65,-0.0015367613711324557,0.20915009999999998,0.007347648273333151,0,Robust_UC
2024-09-02 04:00:00,L111,64,67,-0.008121475992646957,0.21152159999999998,0.03839549243503717,0,Robust_UC
2024-09-02 04:00:00,L112,65,66,-0.002117991241857853,0.3323646,0.006372493466084693,0,Robust_UC
2024-09-02 04:00:00,L113,67,68,0.00697695789051988,0.32106104999999996,0.021730938369882866,0,Robust_UC
2024-09-02 04:00:00,L114,68,69,0.02232030937339574,0.4517658,0.04940681515377158,0,Robust_UC
2024-09-02 04:00:00,L115,68,74,0.0012531980799858622,0.44746065,0.0028006889097082887,0,Robust_UC
2024-09-02 04:00:00,L116,68,76,-0.01861316842209615,0.44147699999999995,0.04216112826284529,0,Robust_UC
2024-09-02 04:00:00,L117,69,70,0.012129601011637375,0.4703256,0.02578979543456145,0,Robust_UC
2024-09-02 04:00:00,L118,69,73,-0.011305351684842205,0.47338559999999996,0.023881908712141235,0,Robust_UC
2024-09-02 04:00:00,L119,69,74,-0.02106711129340988,0.46537605,0.04526900620135024,0,Robust_UC
2024-09-02 04:00:00,L120,70,71,0.015216785164186434,0.4645313999999999,0.03275728005509732,0,Robust_UC
2024-09-02 04:00:00,L121,70,72,-0.0015435920762745282,0.46204514999999996,0.003340781904700284,0,Robust_UC
2024-09-02 04:00:00,L122,73,74,-0.009761759608567677,0.4710348,0.020724073059076906,0,Robust_UC
2024-09-02 04:00:00,L123,74,76,-0.01986636650208201,0.45895725,0.043285875758759695,0,Robust_UC
2024-09-02 04:00:00,L124,74,117,-0.0081657142436352,0.46871325,0.017421556236430696,0,Robust_UC
2024-09-02 04:00:00,L125,75,76,-0.0050785300910861425,0.46096919999999997,0.011017070318550877,0,Robust_UC
2024-09-02 04:00:00,L126,75,117,0.006622122167360671,0.4700934,0.014086822251409338,0,Robust_UC
2024-09-02 04:00:00,L127,76,77,-0.0051578243607361286,0.46640745,0.011058623443377949,0,Robust_UC
2024-09-02 04:00:00,L128,76,79,-0.010842696853384792,0.46031894999999995,0.023554747970694654,0,Robust_UC
2024-09-02 04:00:00,L129,76,79,-0.010842696853384792,0.46031894999999995,0.023554747970694654,0,Robust_UC
2024-09-02 04:00:00,L130,76,81,-0.015171254871484519,0.4431897000000001,0.03423196629227736,0,Robust_UC
2024-09-02 04:00:00,L131,77,78,-0.0036142322844616008,0.4816593,0.0075037112009704796,0,Robust_UC
2024-09-02 04:00:00,L132,78,79,-0.0020706402081870725,0.47915505,0.004321440853408667,0,Robust_UC
2024-09-02 04:00:00,L133,79,95,-0.007779610272233173,0.46205414999999994,0.016837009844480725,0,Robust_UC
2024-09-02 04:00:00,L134,79,96,-0.004661601174253852,0.47741490000000003,0.009764255732809873,0,Robust_UC
2024-09-02 04:00:00,L135,79,97,-0.010119444023269197,0.47061405000000006,0.021502638995306654,0,Robust_UC
2024-09-02 04:00:00,L136,79,98,-0.010119444023269197,0.46691325000000006,0.02167307101109081,0,Robust_UC
2024-09-02 04:00:00,L137,80,67,0.01201124973061778,0.3178637999999999,0.03778740998697487,0,Robust_UC
2024-09-02 04:00:00,L138,80,79,-0.010467657654343251,0.39174659999999994,0.026720481184375953,0,Robust_UC
2024-09-02 04:00:00,L139,81,82,-0.010176610541076547,0.4048461,0.02513698548924282,0,Robust_UC
2024-09-02 04:00:00,L140,81,95,-0.0034510522541334465,0.44236890000000006,0.007801299445176743,0,Robust_UC
2024-09-02 04:00:00,L141,82,83,-0.003392203513692238,0.37704869999999996,0.008996725127794468,0,Robust_UC
2024-09-02 04:00:00,L142,82,84,-0.005240814951109896,0.37064430000000004,0.014139742473066211,0,Robust_UC
2024-09-02 04:00:00,L143,83,84,-0.0018486114374176577,0.36047565000000004,0.005128256062282313,0,Robust_UC
2024-09-02 04:00:00,L144,84,85,-0.0030871841525490565,0.34769340000000004,0.008879041570961818,0,Robust_UC
2024-09-02 04:00:00,L145,84,87,-0.0013340807453260696,0.34072965,0.003915364410834424,0,Robust_UC
2024-09-02 04:00:00,L146,84,88,-0.0011245694143776075,0.34467659999999994,0.003262679898715514,0,Robust_UC
2024-09-02 04:00:00,L147,86,85,0.001543592076274529,0.28543139999999995,0.005407926655142109,0,Robust_UC
2024-09-02 04:00:00,L148,87,88,0.00020951133094845864,0.3369474,0.0006217923953366568,0,Robust_UC
2024-09-02 04:00:00,L149,88,89,-0.000719418205400148,0.31691339999999996,0.0022700782150585873,0,Robust_UC
2024-09-02 04:00:00,L150,88,89,-0.000719418205400148,0.31691339999999996,0.0022700782150585873,0,Robust_UC
2024-09-02 04:00:00,L151,88,91,0.0010336852018228426,0.3637242,0.0028419478325138734,0,Robust_UC
2024-09-02 04:00:00,L152,88,91,0.0010336852018228426,0.3637242,0.0028419478325138734,0,Robust_UC
2024-09-02 04:00:00,L153,89,90,0.0001047556654742321,0.33528870000000005,0.0003124342260095019,0,Robust_UC
2024-09-02 04:00:00,L154,90,91,0.0016483477417487604,0.3804678,0.004332423773440907,0,Robust_UC
2024-09-02 04:00:00,L155,91,92,0.001245738183855205,0.41554215,0.002997862392191033,0,Robust_UC
2024-09-02 04:00:00,L156,91,93,0.004035068443984935,0.42559739999999996,0.009480951819689066,0,Robust_UC
2024-09-02 04:00:00,L157,91,99,0.0011415717525771196,0.4251762,0.0026849380388110143,0,Robust_UC
2024-09-02 04:00:00,L158,91,101,-0.0011630681587488367,0.41574645000000005,0.002797542008473762,0,Robust_UC
2024-09-02 04:00:00,L159,92,93,0.00278933026012973,0.43531155,0.006407664258230065,0,Robust_UC
2024-09-02 04:00:00,L160,93,94,0.0032392984651741473,0.45128025,0.007178019568049227,0,Robust_UC
2024-09-02 04:00:00,L161,93,95,0.008022189006622826,0.44872245000000005,0.017877841874465665,0,Robust_UC
2024-09-02 04:00:00,L162,93,99,-0.0028934966914078153,0.4429962,0.006531651267906622,0,Robust_UC
2024-09-02 04:00:00,L163,94,95,0.0047828905414486755,0.45922229999999997,0.010415196608371754,0,Robust_UC
2024-09-02 04:00:00,L164,95,96,0.003118009097979324,0.469728,0.006637903420659028,0,Robust_UC
2024-09-02 04:00:00,L165,97,99,-0.008575851946994617,0.45473759999999996,0.018858902248229788,0,Robust_UC
2024-09-02 04:00:00,L166,98,99,-0.008575851946994617,0.45157454999999996,0.018990999264672064,0,Robust_UC
2024-09-02 04:00:00,L167,99,100,-0.0019241159938002128,0.44414460000000006,0.004332183693779487,0,Robust_UC
2024-09-02 04:00:00,L168,99,102,-0.005876295352437999,0.43902945000000004,0.013384740710305421,0,Robust_UC
2024-09-02 04:00:00,L169,99,103,-0.004673358079203382,0.43969725,0.010628581550608703,0,Robust_UC
2024-09-02 04:00:00,L170,99,105,-0.004886267331103334,0.43592445,0.01120897745263734,0,Robust_UC
2024-09-02 04:00:00,L171,100,101,-0.0003805239175256915,0.43879365,0.0008672047043654609,0,Robust_UC
2024-09-02 04:00:00,L172,102,103,0.0012029372732346166,0.43664040000000004,0.0027549839026224246,0,Robust_UC
2024-09-02 04:00:00,L173,102,104,-0.0007238914564596799,0.4313898,0.0016780449061606926,0,Robust_UC
2024-09-02 04:00:00,L174,102,109,-0.004811749092938508,0.43662915,0.011020219545439209,0,Robust_UC
2024-09-02 04:00:00,L175,103,104,-0.0019268287296942965,0.43296704999999996,0.00445028953056427,0,Robust_UC
2024-09-02 04:00:00,L176,104,105,0.0017139194777943678,0.4283500499999999,0.004001212274387194,0,Robust_UC
2024-09-02 04:00:00,L177,104,106,8.516370075991805e-05,0.4245426,0.00020060107221258374,0,Robust_UC
2024-09-02 04:00:00,L178,104,107,-0.002906211288434133,0.43129755000000003,0.0067382976982691715,0,Robust_UC
2024-09-02 04:00:00,L179,105,106,-0.0016287557770344463,0.4254606,0.003828217647026414,0,Robust_UC
2024-09-02 04:00:00,L180,107,108,-0.0013626192121596048,0.4366377,0.003120709027552144,0,Robust_UC
2024-09-02 04:00:00,L181,108,109,0.00018097286411492344,0.43862759999999995,0.00041258886607893223,0,Robust_UC
2024-09-02 04:00:00,L182,109,110,-0.001543592076274529,0.43935254999999995,0.0035133336002591297,0,Robust_UC
2024-09-02 04:00:00,L183,109,111,-0.0015435920762745282,0.43699499999999997,0.0035322877293207664,0,Robust_UC
2024-09-02 04:00:00,L184,113,114,0.0020100353254822027,0.47739734999999994,0.004210403190303011,0,Robust_UC
2024-09-02 04:00:00,L185,115,67,0.0015435920762745282,0.3076497,0.005017369028068378,0,Robust_UC
2024-09-02 05:00:00,L0,0,1,0.04503834746273863,0.48556575,0.092754374588279,0,Robust_UC
2024-09-02 05:00:00,L1,0,2,0.13587241162773023,0.48455685,0.28040551202140723,0,Robust_UC
2024-09-02 05:00:00,L2,1,11,0.19594910655320752,0.48395699999999997,0.40488949752396913,0,Robust_UC
2024-09-02 05:00:00,L3,2,4,0.1316681283299832,0.47837745,0.27523899450106437,0,Robust_UC
2024-09-02 05:00:00,L4,2,11,0.1051150423882159,0.48196439999999996,0.21809710922262288,0,Robust_UC
2024-09-02 05:00:00,L5,3,4,-0.028108237163221566,0.4745268,0.05923424591239434,0,Robust_UC
2024-09-02 05:00:00,L6,3,10,0.0017675839787762992,0.47688975,0.003706483477106185,0,Robust_UC
2024-09-02 05:00:00,L7,4,5,0.017489624537189497,0.47593890000000005,0.03674762566621365,0,Robust_UC
2024-09-02 05:00:00,L8,4,10,0.02987582114199816,0.4746599999999999,0.06294151843845736,0,Robust_UC
2024-09-02 05:00:00,L9,5,6,-0.00885102864725577,0.48127635,0.01839074088567986,0,Robust_UC
2024-09-02 05:00:00,L10,6,11,-0.03519168183170104,0.482256,0.07297303057235376,0,Robust_UC
2024-09-02 05:00:00,L11,7,4,-0.057105204578042745,0.38545739999999995,0.14814919775322188,0,Robust_UC
2024-09-02 05:00:00,L12,7,8,-0.0018215181809377022,0.44389169999999994,0.004103519351539356,0,Robust_UC
2024-09-02 05:00:00,L13,7,29,0.0598374818494493,0.43390755000000003,0.1379037581840862,0,Robust_UC
2024-09-02 05:00:00,L14,8,9,-0.0009107590904688511,0.4441716,0.002050466735083583,0,Robust_UC
2024-09-02 05:00:00,L15,10,11,-0.056428907083765134,0.47983050000000005,0.11760175120957324,0,Robust_UC
2024-09-02 05:00:00,L16,10,12,0.06173165902009441,0.47466449999999993,0.13005324607189797,0,Robust_UC
2024-09-02 05:00:00,L17,11,13,0.08994611256197703,0.4768753499999999,0.18861556287607872,0,Robust_UC
2024-09-02 05:00:00,L18,11,15,0.09406755337000382,0.47901420000000006,0.19637737956412107,0,Robust_UC
2024-09-02 05:00:00,L19,11,116,-0.0009107590904688517,0.47629035,0.001912193036178146,0,Robust_UC
2024-09-02 05:00:00,L20,12,14,0.035391005835649136,0.46383434999999995,0.07630095924471558,0,Robust_UC
2024-09-02 05:00:00,L21,13,14,0.06360545937753176,0.4657392,0.13656883375402318,0,Robust_UC
2024-09-02 05:00:00,L22,14,16,0.008242881616053889,0.46094040000000003,0.017882749301328087,0,Robust_UC
2024-09-02 05:00:00,L23,14,18,0.03699179149987099,0.44951085,0.08229343407366249,0,Robust_UC
2024-09-02 05:00:00,L24,14,32,0.027421138912810894,0.44311995,0.061881977809419085,0,Robust_UC
2024-09-02 05:00:00,L25,15,16,0.06772690018555855,0.47121300000000005,0.1437288448866193,0,Robust_UC
2024-09-02 05:00:00,L26,16,17,0.027544781534131185,0.45820395,0.060114674991630215,0,Robust_UC
2024-09-02 05:00:00,L27,16,30,0.047346855179721654,0.46605824999999995,0.10158999476936983,0,Robust_UC
2024-09-02 05:00:00,L28,16,112,0.02028758536453236,0.4605039,0.04405518686059414,0,Robust_UC
2024-09-02 05:00:00,L29,17,18,0.0012041283496859172,0.4457466,0.0027013741656939554,0,Robust_UC
2024-09-02 05:00:00,L30,18,19,0.037692000053057645,0.44736345,0.0842536422076002,0,Robust_UC
2024-09-02 05:00:00,L31,18,33,0.0014146788869681681,0.42043410000000003,0.0033648052975916273,0,Robust_UC
2024-09-02 05:00:00,L32,19,20,0.01135134686861238,0.46621125,0.024348075831744472,0,Robust_UC
2024-09-02 05:00:00,L33,20,21,-0.014989306315832887,0.47334555,0.0316667312407033,0,Robust_UC
2024-09-02 05:00:00,L34,21,22,-0.014078547225364035,0.472149,0.02981801767104036,0,Robust_UC
2024-09-02 05:00:00,L35,22,23,-0.011751731569086377,0.47093039999999997,0.02495428532344987,0,Robust_UC
2024-09-02 05:00:00,L36,22,24,-0.013870322573004745,0.46433340000000006,0.029871472896424733,0,Robust_UC
2024-09-02 05:00:00,L37,22,31,-0.007238473444756699,0.47048625,0.015385090307648097,0,Robust_UC
2024-09-02 05:00:00,L38,23,69,-0.027658529474679894,0.4705677,0.05877694001241457,0,Robust_UC
2024-09-02 05:00:00,L39,23,71,-0.010433855278851762,0.47252115000000006,0.022081244995809733,0,Robust_UC
2024-09-02 05:00:00,L40,24,26,0.014072197001493814,0.45485145000000005,0.030938006246861063,0,Robust_UC
2024-09-02 05:00:00,L41,25,24,0.027031760484029374,0.35101034999999997,0.07701129178677887,0,Robust_UC
2024-09-02 05:00:00,L42,25,29,-0.026121001393560522,0.42704145000000004,0.06116736769594736,0,Robust_UC
2024-09-02 05:00:00,L43,26,27,0.02581417901342604,0.47590515,0.05424227708699106,0,Robust_UC
2024-09-02 05:00:00,L44,26,31,-0.007440347873245767,0.46696995,0.01593324768166724,0,Robust_UC
2024-09-02 05:00:00,L45,26,114,-0.00339087504821739,0.47349494999999997,0.00716137531818954,0,Robust_UC
2024-09-02 05:00:00,L46,27,28,-0.0005264741710192256,0.48221145,0.0010917911032996533,0,Robust_UC
2024-09-02 05:00:00,L47,28,30,-0.026867127355464492,0.47714265,0.056308375190238166,0,Robust_UC
2024-09-02 05:00:00,L48,29,16,0.01829868118630404,0.3330558,0.05494178809167725,0,Robust_UC
2024-09-02 05:00:00,L49,29,37,0.01632855836005359,0.40177035,0.04064152160569736,0,Robust_UC
2024-09-02 05:00:00,L50,30,31,-0.005860925360188104,0.4679505,0.012524669511386576,0,Robust_UC
2024-09-02 05:00:00,L51,31,112,-0.02119834445500121,0.46358594999999997,0.04572689153974838,0,Robust_UC
2024-09-02 05:00:00,L52,31,113,0.0015693568672797698,0.47169045000000004,0.0033270906105471705,0,Robust_UC
2024-09-02 05:00:00,L53,32,36,0.0010804857283651659,0.40875615,0.002643350389627571,0,Robust_UC
2024-09-02 05:00:00,L54,33,35,0.023039037935890887,0.4088799,0.05634671192174251,0,Robust_UC
2024-09-02 05:00:00,L55,33,36,-0.009904845745663138,0.40276799999999996,0.024591938152145002,0,Robust_UC
2024-09-02 05:00:00,L56,33,42,-0.010808754212790919,0.40599044999999995,0.026623173556892584,0,Robust_UC
2024-09-02 05:00:00,L57,34,35,0.0033016152485543793,0.40829309999999996,0.008086385120283394,0,Robust_UC
2024-09-02 05:00:00,L58,34,36,-0.029642268432999646,0.39626190000000006,0.07480474007972919,0,Robust_UC
2024-09-02 05:00:00,L59,36,38,-0.005412587532975147,0.38882789999999995,0.013920265322974888,0,Robust_UC
2024-09-02 05:00:00,L60,36,39,-0.009914415975481428,0.38130435,0.026001318829647308,0,Robust_UC
2024-09-02 05:00:00,L61,37,36,0.022228865851372404,0.29373659999999996,0.07567618693541223,0,Robust_UC
2024-09-02 05:00:00,L62,37,64,-0.004989548400849919,0.36143414999999995,0.01380486155182049,0,Robust_UC
2024-09-02 05:00:00,L63,38,39,-0.004501828442506295,0.37537244999999997,0.011992964434407201,0,Robust_UC
2024-09-02 05:00:00,L64,39,40,-0.004805414805995889,0.36336060000000003,0.013224919834445145,0,Robust_UC
2024-09-02 05:00:00,L65,39,41,-0.008700070521522996,0.35154945,0.02474778589903354,0,Robust_UC
2024-09-02 05:00:00,L66,40,41,-0.0038946557155271067,0.34611255,0.011252570054241334,0,Robust_UC
2024-09-02 05:00:00,L67,41,48,-0.005841983573290577,0.34962210000000005,0.0167094230407362,0,Robust_UC
2024-09-02 05:00:00,L68,41,48,-0.005841983573290577,0.34962210000000005,0.0167094230407362,0,Robust_UC
2024-09-02 05:00:00,L69,42,43,-0.009897995122322067,0.39337425000000004,0.025161776914279635,0,Robust_UC
2024-09-02 05:00:00,L70,43,44,-0.008987236031853215,0.38489175,0.0233500355147992,0,Robust_UC
2024-09-02 05:00:00,L71,44,45,-0.0034091464923927117,0.3826035,0.00891039024053024,0,Robust_UC
2024-09-02 05:00:00,L72,44,48,-0.004667330448991924,0.37018889999999993,0.012607969739211319,0,Robust_UC
2024-09-02 05:00:00,L73,45,46,-0.0014139158783898487,0.38677905,0.003655616503504646,0,Robust_UC
2024-09-02 05:00:00,L74,45,47,-0.001084471523534039,0.37397294999999997,0.0028998662163507794,0,Robust_UC
2024-09-02 05:00:00,L75,46,48,0.0001557319217906361,0.3774852,0.0004125510663481273,0,Robust_UC
2024-09-02 05:00:00,L76,46,68,-0.0006588887097118135,0.40899104999999997,0.0016110100935260406,0,Robust_UC
2024-09-02 05:00:00,L77,47,48,-0.00017371243306518735,0.36427365,0.00047687345232131766,0,Robust_UC
2024-09-02 05:00:00,L78,48,49,-0.00216231807189865,0.36637875000000003,0.005901865410858708,0,Robust_UC
2024-09-02 05:00:00,L79,48,50,-0.0027532470064375314,0.37284794999999993,0.0073843694364888746,0,Robust_UC
2024-09-02 05:00:00,L80,48,53,-0.002680149940456178,0.34581824999999994,0.007750169172552861,0,Robust_UC
2024-09-02 05:00:00,L81,48,53,-0.002680149940456178,0.34581824999999994,0.007750169172552861,0,Robust_UC
2024-09-02 05:00:00,L82,48,65,-0.002184016712814152,0.3399282,0.006424935362274009,0,Robust_UC
2024-09-02 05:00:00,L83,48,65,-0.002184016712814152,0.3399282,0.006424935362274009,0,Robust_UC
2024-09-02 05:00:00,L84,48,68,-0.0008146206315024496,0.39581594999999997,0.00205807934597494,0,Robust_UC
2024-09-02 05:00:00,L85,49,56,-0.0012515589814296457,0.3701565,0.0033811617016846814,0,Robust_UC
2024-09-02 05:00:00,L86,50,51,-0.000886393401808396,0.38319344999999994,0.002313174721040759,0,Robust_UC
2024-09-02 05:00:00,L87,50,57,-0.0009560945141602745,0.37608434999999996,0.002542234246546751,0,Robust_UC
2024-09-02 05:00:00,L88,51,52,2.4365688660455743e-05,0.38088180000000005,6.397178510618186e-05,0,Robust_UC
2024-09-02 05:00:00,L89,52,53,0.0009351247791293075,0.3590514,0.0026044315079381598,0,Robust_UC
2024-09-02 05:00:00,L90,53,54,-0.001106293775445799,0.3256929,0.0033967389999775832,0,Robust_UC
2024-09-02 05:00:00,L91,53,55,-0.0010745270038330368,0.3404124,0.0031565448374766512,0,Robust_UC
2024-09-02 05:00:00,L92,53,58,-0.0013335952320355227,0.327222,0.00407550602354219,0,Robust_UC
2024-09-02 05:00:00,L93,54,55,3.176677161276231e-05,0.33776505,9.40499072143856e-05,0,Robust_UC
2024-09-02 05:00:00,L94,54,58,-0.00022730145658972356,0.3245003999999999,0.0007004658748948341,0,Robust_UC
2024-09-02 05:00:00,L95,55,56,0.0003407998909609189,0.3602844,0.0009459190877010464,0,Robust_UC
2024-09-02 05:00:00,L96,55,57,4.533542369142274e-05,0.36404505,0.00012453245468225084,0,Robust_UC
2024-09-02 05:00:00,L97,55,58,-0.0002590682282024859,0.3333456,0.0007771760845275469,0,Robust_UC
2024-09-02 05:00:00,L98,55,58,-0.0002590682282024859,0.3333456,0.0007771760845275469,0,Robust_UC
2024-09-02 05:00:00,L99,58,59,-0.00033183425954302903,0.32842575,0.0010103783261301194,0,Robust_UC
2024-09-02 05:00:00,L100,58,60,-0.0002984939339625292,0.318204,0.0009380583963826012,0,Robust_UC
2024-09-02 05:00:00,L101,59,60,3.334032558049982e-05,0.3270906,0.00010192994106372919,0,Robust_UC
2024-09-02 05:00:00,L102,59,61,0.0005455845053451425,0.3336012,0.0016354392770324042,0,Robust_UC
2024-09-02 05:00:00,L103,60,61,0.0005122441797646426,0.32262929999999995,0.0015877174818426062,0,Robust_UC
2024-09-02 05:00:00,L104,61,65,0.0016159782138754353,0.33056595,0.004888519866838781,0,Robust_UC
2024-09-02 05:00:00,L105,61,66,0.00035260956170328484,0.33502184999999995,0.0010524972078784858,0,Robust_UC
2024-09-02 05:00:00,L106,62,58,0.0005379458610547122,0.24712605000000004,0.002176807588899317,0,Robust_UC
2024-09-02 05:00:00,L107,62,63,0.0003728132294141389,0.32604435,0.0011434433058390336,0,Robust_UC
2024-09-02 05:00:00,L108,63,60,-0.00013336130232194016,0.22813019999999995,0.0005845841643146773,0,Robust_UC
2024-09-02 05:00:00,L109,63,64,0.0014169336222049302,0.33180299999999996,0.00427040630194703,0,Robust_UC
2024-09-02 05:00:00,L110,64,65,0.0005779274691131708,0.20915009999999998,0.002763218708062635,0,Robust_UC
2024-09-02 05:00:00,L111,64,67,-0.003239783157289436,0.21152159999999998,0.015316559430759961,0,Robust_UC
2024-09-02 05:00:00,L112,65,66,-0.0012633686521721366,0.3323646,0.003801152866978422,0,Robust_UC
2024-09-02 05:00:00,L113,67,68,0.005187106707714309,0.32106104999999996,0.016156138241354128,0,Robust_UC
2024-09-02 05:00:00,L114,68,69,0.014326489897199313,0.4517658,0.031712205521531985,0,Robust_UC
2024-09-02 05:00:00,L115,68,74,0.0012148372643843164,0.44746065,0.0027149588782484366,0,Robust_UC
2024-09-02 05:00:00,L116,68,76,-0.010916970704615225,0.44147699999999995,0.024728288686874347,0,Robust_UC
2024-09-02 05:00:00,L117,69,70,0.007701578007445207,0.4703256,0.01637499214893939,0,Robust_UC
2024-09-02 05:00:00,L118,69,73,-0.007011205861641931,0.47338559999999996,0.014810771307031586,0,Robust_UC
2024-09-02 05:00:00,L119,69,74,-0.013111652632814996,0.46537605,0.028174317592869244,0,Robust_UC
2024-09-02 05:00:00,L120,70,71,0.00952309618838291,0.4645313999999999,0.020500435898160838,0,Robust_UC
2024-09-02 05:00:00,L121,70,72,-0.0009107590904688517,0.46204514999999996,0.001971147387801499,0,Robust_UC
2024-09-02 05:00:00,L122,73,74,-0.006100446771173079,0.4710348,0.012951159386043408,0,Robust_UC
2024-09-02 05:00:00,L123,74,76,-0.012131807968999542,0.45895725,0.026433416116641673,0,Robust_UC
2024-09-02 05:00:00,L124,74,117,-0.00495469508013536,0.46871325,0.01057084492519757,0,Robust_UC
2024-09-02 05:00:00,L125,75,76,-0.0031331768991976574,0.46096919999999997,0.006796933285776268,0,Robust_UC
2024-09-02 05:00:00,L126,75,117,0.004043935989666509,0.4700934,0.008602409626824178,0,Robust_UC
2024-09-02 05:00:00,L127,76,77,-0.0031007991840562854,0.46640745,0.006648262552530594,0,Robust_UC
2024-09-02 05:00:00,L128,76,79,-0.006570120280762315,0.46031894999999995,0.014272973729980735,0,Robust_UC
2024-09-02 05:00:00,L129,76,79,-0.006570120280762315,0.46031894999999995,0.014272973729980735,0,Robust_UC
2024-09-02 05:00:00,L130,76,81,-0.009030156736762551,0.4431897000000001,0.02037537590959932,0,Robust_UC
2024-09-02 05:00:00,L131,77,78,-0.0021900400935874337,0.4816593,0.004546865582347177,0,Robust_UC
2024-09-02 05:00:00,L132,78,79,-0.001279281003118582,0.47915505,0.002669868559495683,0,Robust_UC
2024-09-02 05:00:00,L133,79,95,-0.004554152114627674,0.46205414999999994,0.009856316872443793,0,Robust_UC
2024-09-02 05:00:00,L134,79,96,-0.00273245560254827,0.47741490000000003,0.00572344014095134,0,Robust_UC
2024-09-02 05:00:00,L135,79,97,-0.00595838367529776,0.47061405000000006,0.012660870782114897,0,Robust_UC
2024-09-02 05:00:00,L136,79,98,-0.005958383675297718,0.46691325000000006,0.012761222079899676,0,Robust_UC
2024-09-02 05:00:00,L137,80,67,0.006605371684066042,0.3178637999999999,0.020780509400774937,0,Robust_UC
2024-09-02 05:00:00,L138,80,79,-0.005694612593597191,0.39174659999999994,0.014536469732212589,0,Robust_UC
2024-09-02 05:00:00,L139,81,82,-0.00602528198766622,0.4048461,0.01488289497580987,0,Robust_UC
2024-09-02 05:00:00,L140,81,95,-0.002094115658627438,0.44236890000000006,0.004733867273733388,0,Robust_UC
2024-09-02 05:00:00,L141,82,83,-0.0020084273292220733,0.37704869999999996,0.005326705354565799,0,Robust_UC
2024-09-02 05:00:00,L142,82,84,-0.003106095567975309,0.37064430000000004,0.008380259909501666,0,Robust_UC
2024-09-02 05:00:00,L143,83,84,-0.0010976682387532355,0.36047565000000004,0.003045055161848617,0,Robust_UC
2024-09-02 05:00:00,L144,84,85,-0.0018215181809377035,0.34769340000000004,0.005238863265560127,0,Robust_UC
2024-09-02 05:00:00,L145,84,87,-0.0007940818752635997,0.34072965,0.0023305335337373773,0,Robust_UC
2024-09-02 05:00:00,L146,84,88,-0.0006774046600583339,0.34467659999999994,0.001965334055338639,0,Robust_UC
2024-09-02 05:00:00,L147,86,85,0.0009107590904688511,0.28543139999999995,0.0031908160436057535,0,Robust_UC
2024-09-02 05:00:00,L148,87,88,0.00011667721520525198,0.3369474,0.00034627723854005693,0,Robust_UC
2024-09-02 05:00:00,L149,88,89,-0.0004262102414331152,0.31691339999999996,0.0013448792049598258,0,Robust_UC
2024-09-02 05:00:00,L150,88,89,-0.0004262102414331152,0.31691339999999996,0.0013448792049598258,0,Robust_UC
2024-09-02 05:00:00,L151,88,91,0.0006012260642409561,0.3637242,0.0016529724011791246,0,Robust_UC
2024-09-02 05:00:00,L152,88,91,0.0006012260642409561,0.3637242,0.0016529724011791246,0,Robust_UC
2024-09-02 05:00:00,L153,89,90,5.833860760262133e-05,0.33528870000000005,0.00017399514985927446,0,Robust_UC
2024-09-02 05:00:00,L154,90,91,0.0009690976980714638,0.3804678,0.0025471214596122557,0,Robust_UC
2024-09-02 05:00:00,L155,91,92,0.0007333988179708262,0.41554215,0.0017649204009047607,0,Robust_UC
2024-09-02 05:00:00,L156,91,93,0.00237755672641049,0.42559739999999996,0.005586398616181609,0,Robust_UC
2024-09-02 05:00:00,L157,91,99,0.0006615843473324889,0.4251762,0.0015560239433262937,0,Robust_UC
2024-09-02 05:00:00,L158,91,101,-0.0006902309746913415,0.41574645000000005,0.0016602209704769373,0,Robust_UC
2024-09-02 05:00:00,L159,92,93,0.001644157908439678,0.43531155,0.0037769682620175777,0,Robust_UC
2024-09-02 05:00:00,L160,93,94,0.0019125623379760565,0.45128025,0.00423808118785623,0,Robust_UC
2024-09-02 05:00:00,L161,93,95,0.0047358837664209785,0.44872245000000005,0.010554149377685422,0,Robust_UC
2024-09-02 05:00:00,L162,93,99,-0.0017159723790780013,0.4429962,0.003873560042000363,0,Robust_UC
2024-09-02 05:00:00,L163,94,95,0.002823321428444908,0.45922229999999997,0.006148049492467827,0,Robust_UC
2024-09-02 05:00:00,L164,95,96,0.0018216965120794182,0.469728,0.0038781944275823846,0,Robust_UC
2024-09-02 05:00:00,L165,97,99,-0.005047624584828908,0.45473759999999996,0.01110008186001973,0,Robust_UC
2024-09-02 05:00:00,L166,98,99,-0.005047624584828936,0.45157454999999996,0.011177832286671019,0,Robust_UC
2024-09-02 05:00:00,L167,99,100,-0.0011312872062463342,0.44414460000000006,0.0025471146249359646,0,Robust_UC
2024-09-02 05:00:00,L168,99,102,-0.003467165640957004,0.43902945000000004,0.007897341831981895,0,Robust_UC
2024-09-02 05:00:00,L169,99,103,-0.00275740166010896,0.43969725,0.006271136924574716,0,Robust_UC
2024-09-02 05:00:00,L170,99,105,-0.002883023603621737,0.43592445,0.006613585458722806,0,Robust_UC
2024-09-02 05:00:00,L171,100,101,-0.00022052811577749631,0.43879365,0.0005025781840222535,0,Robust_UC
2024-09-02 05:00:00,L172,102,103,0.0007097639808480438,0.43664040000000004,0.0016255114754567918,0,Robust_UC
2024-09-02 05:00:00,L173,102,104,-0.0004271146079438126,0.4313898,0.0009900897238270647,0,Robust_UC
2024-09-02 05:00:00,L174,102,109,-0.0028390559233925083,0.43662915,0.006502213430762715,0,Robust_UC
2024-09-02 05:00:00,L175,103,104,-0.0011368785887918564,0.43296704999999996,0.0026257854697992757,0,Robust_UC
2024-09-02 05:00:00,L176,104,105,0.0010112566452790683,0.4283500499999999,0.002360818319687528,0,Robust_UC
2024-09-02 05:00:00,L177,104,106,5.0248777405101364e-05,0.4245426,0.0001183598004183829,0,Robust_UC
2024-09-02 05:00:00,L178,104,107,-0.0017147395289517503,0.43129755000000003,0.003975769231593711,0,Robust_UC
2024-09-02 05:00:00,L179,105,106,-0.0009610078678739531,0.4254606,0.0022587470329190366,0,Robust_UC
2024-09-02 05:00:00,L180,107,108,-0.0008039804384828986,0.4366377,0.0018412987208454481,0,Robust_UC
2024-09-02 05:00:00,L181,108,109,0.00010677865198595315,0.43862759999999995,0.00024343805995325686,0,Robust_UC
2024-09-02 05:00:00,L182,109,110,-0.0009107590904688511,0.43935254999999995,0.0020729573333962696,0,Robust_UC
2024-09-02 05:00:00,L183,109,111,-0.0009107590904688517,0.43699499999999997,0.0020841407578321303,0,Robust_UC
2024-09-02 05:00:00,L184,113,114,0.0024801159577486076,0.47739734999999994,0.005195076926481908,0,Robust_UC
2024-09-02 05:00:00,L185,115,67,0.0009107590904688517,0.3076497,0.0029603769822263816,0,Robust_UC
2024-09-02 06:00:00,L0,0,1,0.04248676563309356,0.48556575,0.0874995108965028,0,Robust_UC
2024-09-02 06:00:00,L1,0,2,0.11229228490366162,0.48455685,0.2317422298408569,0,Robust_UC
2024-09-02 06:00:00,L2,1,11,0.1672658161698487,0.48395699999999997,0.34562123529538513,0,Robust_UC
2024-09-02 06:00:00,L3,2,4,0.11721833595302202,0.47837745,0.24503315520625402,0,Robust_UC
2024-09-02 06:00:00,L4,2,11,0.09746029689928058,0.48196439999999996,0.20221472145926253,0,Robust_UC
2024-09-02 06:00:00,L5,3,4,-0.01932948315070803,0.4745268,0.040734228605651,0,Robust_UC
2024-09-02 06:00:00,L6,3,10,0.00030920845686019036,0.47688975,0.0006483856213311155,0,Robust_UC
2024-09-02 06:00:00,L7,4,5,0.01863493644533039,0.47593890000000005,0.03915405201241249,0,Robust_UC
2024-09-02 06:00:00,L8,4,10,0.01963869160756822,0.4746599999999999,0.04137422914837615,0,Robust_UC
2024-09-02 06:00:00,L9,5,6,-0.006586013017914456,0.48127635,0.013684472586102467,0,Robust_UC
2024-09-02 06:00:00,L10,6,11,-0.0318069624811593,0.482256,0.06595451893011035,0,Robust_UC
2024-09-02 06:00:00,L11,7,4,-0.06200157269805634,0.38545739999999995,0.1608519455017762,0,Robust_UC
2024-09-02 06:00:00,L12,7,8,-0.004772695897281924,0.44389169999999994,0.010751937684984702,0,Robust_UC
2024-09-02 06:00:00,L13,7,29,0.041553319132093425,0.43390755000000003,0.09576537474882246,0,Robust_UC
2024-09-02 06:00:00,L14,8,9,-0.002386347948640962,0.4441716,0.005372581111986813,0,Robust_UC
2024-09-02 06:00:00,L15,10,11,-0.03939673066130958,0.47983050000000005,0.0821055157213007,0,Robust_UC
2024-09-02 06:00:00,L16,10,12,0.061730978674378954,0.47466449999999993,0.13005181275275265,0,Robust_UC
2024-09-02 06:00:00,L17,11,13,0.08142934400503377,0.4768753499999999,0.17075603510442253,0,Robust_UC
2024-09-02 06:00:00,L18,11,15,0.08925847440702275,0.47901420000000006,0.18633784636660614,0,Robust_UC
2024-09-02 06:00:00,L19,11,116,-0.0023863479486409614,0.47629035,0.005010279861099352,0,Robust_UC
2024-09-02 06:00:00,L20,12,14,0.03651002921113411,0.46383434999999995,0.0787135088445565,0,Robust_UC
2024-09-02 06:00:00,L21,13,14,0.056208394541788914,0.4657392,0.1206864153624795,0,Robust_UC
2024-09-02 06:00:00,L22,14,16,0.015658260803977996,0.46094040000000003,0.033970250392410806,0,Robust_UC
2024-09-02 06:00:00,L23,14,18,0.03893492355737159,0.44951085,0.08661620416364052,0,Robust_UC
2024-09-02 06:00:00,L24,14,32,0.012904289928328615,0.44311995,0.02912143749864707,0,Robust_UC
2024-09-02 06:00:00,L25,15,16,0.0640375249437779,0.47121300000000005,0.13589931717456413,0,Robust_UC
2024-09-02 06:00:00,L26,16,17,0.024248806108319212,0.45820395,0.052921425291770643,0,Robust_UC
2024-09-02 06:00:00,L27,16,30,0.04384652378575874,0.46605824999999995,0.09407949282253612,0,Robust_UC
2024-09-02 06:00:00,L28,16,112,0.016362574857343097,0.4605039,0.03553189203683855,0,Robust_UC
2024-09-02 06:00:00,L29,17,18,-0.0009721433549256334,0.4457466,0.002180932742786223,0,Robust_UC
2024-09-02 06:00:00,L30,18,19,0.025631806005771786,0.44736345,0.057295261840840564,0,Robust_UC
2024-09-02 06:00:00,L31,18,33,-0.012889975266570597,0.42043410000000003,0.03065872931470258,0,Robust_UC
2024-09-02 06:00:00,L32,19,20,0.00041085654252694115,0.46621125,0.0008812668989153331,0,Robust_UC
2024-09-02 06:00:00,L33,20,21,0.0027972044911679025,0.47334555,0.0059094344315012625,0,Robust_UC
2024-09-02 06:00:00,L34,21,22,-0.022423744972076942,0.472149,0.04749294178760718,0,Robust_UC
2024-09-02 06:00:00,L35,22,23,-0.04792550461517311,0.47093039999999997,0.10176770201111059,0,Robust_UC
2024-09-02 06:00:00,L36,22,24,-0.005137902662692186,0.46433340000000006,0.011065115416405938,0,Robust_UC
2024-09-02 06:00:00,L37,22,31,0.00541871284254386,0.47048625,0.011517260796769003,0,Robust_UC
2024-09-02 06:00:00,L38,23,69,-0.052473492610172534,0.4705677,0.11151103785953123,0,Robust_UC
2024-09-02 06:00:00,L39,23,71,-0.020672961468245456,0.47252115000000006,0.043750341055094476,0,Robust_UC
2024-09-02 06:00:00,L40,24,26,0.02571059457276959,0.45485145000000005,0.05652525582312552,0,Robust_UC
2024-09-02 06:00:00,L41,25,24,0.028462149286820813,0.35101034999999997,0.08108635339904027,0,Robust_UC
2024-09-02 06:00:00,L42,25,29,-0.02607580133817985,0.42704145000000004,0.06106152303992938,0,Robust_UC
2024-09-02 06:00:00,L43,26,27,0.02308129848154422,0.47590515,0.04849978715621006,0,Robust_UC
2024-09-02 06:00:00,L44,26,31,-0.015153979067533518,0.46696995,0.03245172214514771,0,Robust_UC
2024-09-02 06:00:00,L45,26,114,-0.007437674304485475,0.47349494999999997,0.015708033009613882,0,Robust_UC
2024-09-02 06:00:00,L46,27,28,-0.0021396509817006026,0.48221145,0.004437163368270502,0,Robust_UC
2024-09-02 06:00:00,L47,28,30,-0.027360600444945427,0.47714265,0.057342600677062566,0,Robust_UC
2024-09-02 06:00:00,L48,29,16,0.02998306846690959,0.3330558,0.09002415951594174,0,Robust_UC
2024-09-02 06:00:00,L49,29,37,-0.01211920272435546,0.40177035,0.030164502493415606,0,Robust_UC
2024-09-02 06:00:00,L50,30,31,-0.008735026122431586,0.4679505,0.018666560079392127,0,Robust_UC
2024-09-02 06:00:00,L51,31,112,-0.01874892280598406,0.46358594999999997,0.04044325071970809,0,Robust_UC
2024-09-02 06:00:00,L52,31,113,0.002664978407203552,0.47169045000000004,0.005649846010669818,0,Robust_UC
2024-09-02 06:00:00,L53,32,36,-0.01231665953491623,0.40875615,0.03013204702832295,0,Robust_UC
2024-09-02 06:00:00,L54,33,35,0.01673517683078197,0.4088799,0.040929321374765466,0,Robust_UC
2024-09-02 06:00:00,L55,33,36,-0.025457317897388643,0.40276799999999996,0.0632059098473281,0,Robust_UC
2024-09-02 06:00:00,L56,33,42,-0.029388783663207494,0.40599044999999995,0.07238786937773413,0,Robust_UC
2024-09-02 06:00:00,L57,34,35,0.008485772632462876,0.40829309999999996,0.020783531811982316,0,Robust_UC
2024-09-02 06:00:00,L58,34,36,-0.03370672209570772,0.39626190000000006,0.08506172835618997,0,Robust_UC
2024-09-02 06:00:00,L59,36,38,-0.014816352915771137,0.38882789999999995,0.038105169191231233,0,Robust_UC
2024-09-02 06:00:00,L60,36,39,-0.027246357882901306,0.38130435,0.0714556702091159,0,Robust_UC
2024-09-02 06:00:00,L61,37,36,0.027031640780699417,0.29373659999999996,0.09202680490173652,0,Robust_UC
2024-09-02 06:00:00,L62,37,64,-0.03676449555641392,0.36143414999999995,0.10171837817874688,0,Robust_UC
2024-09-02 06:00:00,L63,38,39,-0.012430004967130176,0.37537244999999997,0.03311379129483311,0,Robust_UC
2024-09-02 06:00:00,L64,39,40,-0.013225454283343874,0.36336060000000003,0.03639760140021751,0,Robust_UC
2024-09-02 06:00:00,L65,39,41,-0.024064560618046793,0.35154945,0.0684528467276703,0,Robust_UC
2024-09-02 06:00:00,L66,40,41,-0.01083910633470292,0.34611255,0.03131670993930419,0,Robust_UC
2024-09-02 06:00:00,L67,41,48,-0.016258659502054296,0.34962210000000005,0.046503523381543364,0,Robust_UC
2024-09-02 06:00:00,L68,41,48,-0.016258659502054296,0.34962210000000005,0.046503523381543364,0,Robust_UC
2024-09-02 06:00:00,L69,42,43,-0.027002435714566533,0.39337425000000004,0.06864311966166196,0,Robust_UC
2024-09-02 06:00:00,L70,43,44,-0.02461608776592557,0.38489175,0.06395587269907857,0,Robust_UC
2024-09-02 06:00:00,L71,44,45,-0.010210151060593253,0.3826035,0.02668598447372607,0,Robust_UC
2024-09-02 06:00:00,L72,44,48,-0.012019588756691457,0.37018889999999993,0.032468798380209295,0,Robust_UC
2024-09-02 06:00:00,L73,45,46,-0.005725910289582581,0.38677905,0.014804085923429878,0,Robust_UC
2024-09-02 06:00:00,L74,45,47,-0.002097892822369586,0.37397294999999997,0.005609744828789318,0,Robust_UC
2024-09-02 06:00:00,L75,46,48,0.003916472593484377,0.3774852,0.010375168598621554,0,Robust_UC
2024-09-02 06:00:00,L76,46,68,-0.007256034934426114,0.40899104999999997,0.017741304936687772,0,Robust_UC
2024-09-02 06:00:00,L77,47,48,0.00028845512627137526,0.36427365,0.00079186382619598,0,Robust_UC
2024-09-02 06:00:00,L78,48,49,-0.005008786907442955,0.36637875000000003,0.01367106282076391,0,Robust_UC
2024-09-02 06:00:00,L79,48,50,-0.006432571827771627,0.37284794999999993,0.01725253371453867,0,Robust_UC
2024-09-02 06:00:00,L80,48,53,-0.005680560123327905,0.34581824999999994,0.016426432449206788,0,Robust_UC
2024-09-02 06:00:00,L81,48,53,-0.005680560123327905,0.34581824999999994,0.016426432449206788,0,Robust_UC
2024-09-02 06:00:00,L82,48,65,-0.001985322791311417,0.3399282,0.005840418039195974,0,Robust_UC
2024-09-02 06:00:00,L83,48,65,-0.001985322791311417,0.3399282,0.005840418039195974,0,Robust_UC
2024-09-02 06:00:00,L84,48,68,-0.011172507527910491,0.39581594999999997,0.028226521765761313,0,Robust_UC
2024-09-02 06:00:00,L85,49,56,-0.002622438958801994,0.3701565,0.007084676235057317,0,Robust_UC
2024-09-02 06:00:00,L86,50,51,-0.002135677380493061,0.38319344999999994,0.005573366090921078,0,Robust_UC
2024-09-02 06:00:00,L87,50,57,-0.001910546498637651,0.37608434999999996,0.005080101042858208,0,Robust_UC
2024-09-02 06:00:00,L88,51,52,0.0002506705681479004,0.38088180000000005,0.0006581321768273002,0,Robust_UC
2024-09-02 06:00:00,L89,52,53,0.002637018516788862,0.3590514,0.0073444039399062685,0,Robust_UC
2024-09-02 06:00:00,L90,53,54,-0.002181025432466732,0.3256929,0.006696570396427838,0,Robust_UC
2024-09-02 06:00:00,L91,53,55,-0.0021867567530780563,0.3404124,0.00642384576201706,0,Robust_UC
2024-09-02 06:00:00,L92,53,58,-0.0019699715956811303,0.327222,0.006020290798543894,0,Robust_UC
2024-09-02 06:00:00,L93,54,55,-5.731320611324087e-06,0.33776505,1.696836487766892e-05,0,Robust_UC
2024-09-02 06:00:00,L94,54,58,0.00021105383678560186,0.3245003999999999,0.0006503962299756854,0,Robust_UC
2024-09-02 06:00:00,L95,55,56,0.0002360910101610325,0.3602844,0.0006552906819197071,0,Robust_UC
2024-09-02 06:00:00,L96,55,57,-0.0004758014500033103,0.36404505,0.0013069850833112833,0,Robust_UC
2024-09-02 06:00:00,L97,55,58,0.00021678515739692594,0.3333456,0.0006503315399901061,0,Robust_UC
2024-09-02 06:00:00,L98,55,58,0.00021678515739692594,0.3333456,0.0006503315399901061,0,Robust_UC
2024-09-02 06:00:00,L99,58,59,-6.521589829344698e-05,0.32842575,0.00019857120914985193,0,Robust_UC
2024-09-02 06:00:00,L100,58,60,0.000625416737304485,0.318204,0.0019654584395685944,0,Robust_UC
2024-09-02 06:00:00,L101,59,60,0.000690632635597932,0.3270906,0.00211144140369039,0,Robust_UC
2024-09-02 06:00:00,L102,59,61,0.0016304994147494645,0.3336012,0.004887570592520245,0,Robust_UC
2024-09-02 06:00:00,L103,60,61,0.0009398667791515325,0.32262929999999995,0.0029131476253134252,0,Robust_UC
2024-09-02 06:00:00,L104,61,65,0.004099925411241601,0.33056595,0.012402745688845451,0,Robust_UC
2024-09-02 06:00:00,L105,61,66,0.0008567887313003161,0.33502184999999995,0.002557411498086815,0,Robust_UC
2024-09-02 06:00:00,L106,62,58,-0.0005007996655277394,0.24712605000000004,0.0020264948415099878,0,Robust_UC
2024-09-02 06:00:00,L107,62,63,0.002887147614168701,0.32604435,0.008855076354393816,0,Robust_UC
2024-09-02 06:00:00,L108,63,60,-0.0027625305423919764,0.22813019999999995,0.012109446896517766,0,Robust_UC
2024-09-02 06:00:00,L109,63,64,0.008036026105201639,0.33180299999999996,0.02421926897948976,0,Robust_UC
2024-09-02 06:00:00,L110,64,65,-0.0057587644572004715,0.20915009999999998,0.027534122418303754,0,Robust_UC
2024-09-02 06:00:00,L111,64,67,-0.020583357045370624,0.21152159999999998,0.09731089895958912,0,Robust_UC
2024-09-02 06:00:00,L112,65,66,-0.0032431366799412775,0.3323646,0.009757768065375426,0,Robust_UC
2024-09-02 06:00:00,L113,67,68,0.005637407851571011,0.32106104999999996,0.017558678798225483,0,Robust_UC
2024-09-02 06:00:00,L114,68,69,0.02310650353691618,0.4517658,0.051147084478099444,0,Robust_UC
2024-09-02 06:00:00,L115,68,74,-0.0030944196448288164,0.44746065,0.006915512335730117,0,Robust_UC
2024-09-02 06:00:00,L116,68,76,-0.030416870554211745,0.44147699999999995,0.06889797329014138,0,Robust_UC
2024-09-02 06:00:00,L117,69,70,0.013513917622322572,0.4703256,0.028733110896626873,0,Robust_UC
2024-09-02 06:00:00,L118,69,73,-0.014293635565192982,0.47338559999999996,0.03019448746474963,0,Robust_UC
2024-09-02 06:00:00,L119,69,74,-0.026200923181744995,0.46537605,0.05630054056659124,0,Robust_UC
2024-09-02 06:00:00,L120,70,71,0.018286613519604495,0.4645313999999999,0.039365721067735136,0,Robust_UC
2024-09-02 06:00:00,L121,70,72,-0.0023863479486409614,0.46204514999999996,0.005164750563101813,0,Robust_UC
2024-09-02 06:00:00,L122,73,74,-0.01190728761655202,0.4710348,0.0252789976803243,0,Robust_UC
2024-09-02 06:00:00,L123,74,76,-0.027322450909382928,0.45895725,0.05953158144769023,0,Robust_UC
2024-09-02 06:00:00,L124,74,117,-0.011493831585101937,0.46871325,0.024522096580589382,0,Robust_UC
2024-09-02 06:00:00,L125,75,76,-0.006721135687820014,0.46096919999999997,0.014580444176791019,0,Robust_UC
2024-09-02 06:00:00,L126,75,117,0.009107483636460975,0.4700934,0.0193737747359588,0,Robust_UC
2024-09-02 06:00:00,L127,76,77,-0.007629790397986886,0.46640745,0.016358637491718637,0,Robust_UC
2024-09-02 06:00:00,L128,76,79,-0.01573032734803778,0.46031894999999995,0.03417266951108092,0,Robust_UC
2024-09-02 06:00:00,L129,76,79,-0.01573032734803778,0.46031894999999995,0.03417266951108092,0,Robust_UC
2024-09-02 06:00:00,L130,76,81,-0.022983664108711083,0.4431897000000001,0.05185965312079924,0,Robust_UC
2024-09-02 06:00:00,L131,77,78,-0.005243442449345924,0.4816593,0.010886206182141452,0,Robust_UC
2024-09-02 06:00:00,L132,78,79,-0.0028570945007049633,0.47915505,0.005962776559915132,0,Robust_UC
2024-09-02 06:00:00,L133,79,95,-0.012242379465227965,0.46205414999999994,0.02649555136606384,0,Robust_UC
2024-09-02 06:00:00,L134,79,96,-0.007314363706934467,0.47741490000000003,0.015320769642787576,0,Robust_UC
2024-09-02 06:00:00,L135,79,97,-0.01571818956349791,0.47061405000000006,0.03339932066094904,0,Robust_UC
2024-09-02 06:00:00,L136,79,98,-0.01571818956349793,0.46691325000000006,0.03366404693698011,0,Robust_UC
2024-09-02 06:00:00,L137,80,67,0.02144806899965971,0.3178637999999999,0.06747565781211863,0,Robust_UC
2024-09-02 06:00:00,L138,80,79,-0.01906172105101875,0.39174659999999994,0.048658293527036996,0,Robust_UC
2024-09-02 06:00:00,L139,81,82,-0.015608273455515409,0.4048461,0.03855359717066661,0,Robust_UC
2024-09-02 06:00:00,L140,81,95,-0.004989042704554664,0.44236890000000006,0.011278014129281382,0,Robust_UC
2024-09-02 06:00:00,L141,82,83,-0.005202757818505155,0.37704869999999996,0.01379863614038493,0,Robust_UC
2024-09-02 06:00:00,L142,82,84,-0.008019167688369383,0.37064430000000004,0.021635750740991787,0,Robust_UC
2024-09-02 06:00:00,L143,83,84,-0.002816409869864228,0.36047565000000004,0.007813037773464666,0,Robust_UC
2024-09-02 06:00:00,L144,84,85,-0.004772695897281923,0.34769340000000004,0.013726737111725222,0,Robust_UC
2024-09-02 06:00:00,L145,84,87,-0.0020209605536504957,0.34072965,0.005931272942200644,0,Robust_UC
2024-09-02 06:00:00,L146,84,88,-0.001655573158660023,0.34467659999999994,0.0048032653178661485,0,Robust_UC
2024-09-02 06:00:00,L147,86,85,0.002386347948640962,0.28543139999999995,0.008360495546884339,0,Robust_UC
2024-09-02 06:00:00,L148,87,88,0.0003653873949904657,0.3369474,0.0010844048506991467,0,Robust_UC
2024-09-02 06:00:00,L149,88,89,-0.001101827125572874,0.31691339999999996,0.003476745147326917,0,Robust_UC
2024-09-02 06:00:00,L150,88,89,-0.001101827125572874,0.31691339999999996,0.003476745147326917,0,Robust_UC
2024-09-02 06:00:00,L151,88,91,0.0016499082180585212,0.3637242,0.004536151892171379,0,Robust_UC
2024-09-02 06:00:00,L152,88,91,0.0016499082180585212,0.3637242,0.004536151892171379,0,Robust_UC
2024-09-02 06:00:00,L153,89,90,0.00018269369749521333,0.33528870000000005,0.0005448847440883433,0,Robust_UC
2024-09-02 06:00:00,L154,90,91,0.0025690416461361747,0.3804678,0.006752323445338014,0,Robust_UC
2024-09-02 06:00:00,L155,91,92,0.001935552380607053,0.41554215,0.004657896631201077,0,Robust_UC
2024-09-02 06:00:00,L156,91,93,0.00625745270985506,0.42559739999999996,0.01470275126176772,0,Robust_UC
2024-09-02 06:00:00,L157,91,99,0.0018364116668047048,0.4251762,0.004319177947412637,0,Robust_UC
2024-09-02 06:00:00,L158,91,101,-0.001774210726372738,0.41574645000000005,0.004267530670130167,0,Robust_UC
2024-09-02 06:00:00,L159,92,93,0.004321900329248007,0.43531155,0.00992829234429458,0,Robust_UC
2024-09-02 06:00:00,L160,93,94,0.005000131360717801,0.45128025,0.011079880763046468,0,Robust_UC
2024-09-02 06:00:00,L161,93,95,0.01238661067007657,0.44872245000000005,0.02760416972691375,0,Robust_UC
2024-09-02 06:00:00,L162,93,99,-0.0044210410430503555,0.4429962,0.009979862226922839,0,Robust_UC
2024-09-02 06:00:00,L163,94,95,0.007386479309358762,0.45922229999999997,0.01608475744614049,0,Robust_UC
2024-09-02 06:00:00,L164,95,96,0.004928015758293505,0.469728,0.010491211420851014,0,Robust_UC
2024-09-02 06:00:00,L165,97,99,-0.013331841614856982,0.45473759999999996,0.029317658392129842,0,Robust_UC
2024-09-02 06:00:00,L166,98,99,-0.013331841614856968,0.45157454999999996,0.029523013674833908,0,Robust_UC
2024-09-02 06:00:00,L167,99,100,-0.0029984851709091986,0.44414460000000006,0.006751146295393883,0,Robust_UC
2024-09-02 06:00:00,L168,99,102,-0.00908457977689514,0.43902945000000004,0.020692415456173018,0,Robust_UC
2024-09-02 06:00:00,L169,99,103,-0.007224874134161147,0.43969725,0.016431474461487187,0,Robust_UC
2024-09-02 06:00:00,L170,99,105,-0.007554025575353007,0.43592445,0.017328749454986997,0,Robust_UC
2024-09-02 06:00:00,L171,100,101,-0.0006121372222682234,0.43879365,0.0013950457630100695,0,Robust_UC
2024-09-02 06:00:00,L172,102,103,0.0018597056427339942,0.43664040000000004,0.004259124081816511,0,Robust_UC
2024-09-02 06:00:00,L173,102,104,-0.0011191149000522316,0.4313898,0.002594208069018395,0,Robust_UC
2024-09-02 06:00:00,L174,102,109,-0.007438822570935942,0.43662915,0.01703693528234645,0,Robust_UC
2024-09-02 06:00:00,L175,103,104,-0.0029788205427862258,0.43296704999999996,0.006880016719023367,0,Robust_UC
2024-09-02 06:00:00,L176,104,105,0.002649669101594365,0.4283500499999999,0.006185756489568206,0,Robust_UC
2024-09-02 06:00:00,L177,104,106,0.00013166057647669843,0.4245426,0.0003101233574126564,0,Robust_UC
2024-09-02 06:00:00,L178,104,107,-0.004492917172268865,0.43129755000000003,0.010417210049695076,0,Robust_UC
2024-09-02 06:00:00,L179,105,106,-0.00251800852511766,0.4254606,0.005918311883915126,0,Robust_UC
2024-09-02 06:00:00,L180,107,108,-0.0021065692236279035,0.4366377,0.004824524367978082,0,Robust_UC
2024-09-02 06:00:00,L181,108,109,0.0002797787250130579,0.43862759999999995,0.0006378502515871275,0,Robust_UC
2024-09-02 06:00:00,L182,109,110,-0.002386347948640962,0.43935254999999995,0.00543151040921684,0,Robust_UC
2024-09-02 06:00:00,L183,109,111,-0.0023863479486409614,0.43699499999999997,0.005460812935253176,0,Robust_UC
2024-09-02 06:00:00,L184,113,114,0.005051326355844514,0.47739734999999994,0.010580968570195278,0,Robust_UC
2024-09-02 06:00:00,L185,115,67,0.0023863479486409614,0.3076497,0.007756704942800078,0,Robust_UC
2024-09-02 07:00:00,L0,0,1,0.029709794946954887,0.48556575,0.06118593608992168,0,Robust_UC
2024-09-02 07:00:00,L1,0,2,0.12331843323904584,0.48455685,0.25449734791499873,0,Robust_UC
2024-09-02 07:00:00,L2,1,11,0.1763807419379857,0.48395699999999997,0.3644553998350798,0,Robust_UC
2024-09-02 07:00:00,L3,2,4,0.11357455777915187,0.47837745,0.23741620299859845,0,Robust_UC
2024-09-02 07:00:00,L4,2,11,0.08277210364589471,0.48196439999999996,0.1717390405720728,0,Robust_UC
2024-09-02 07:00:00,L5,3,4,-0.025376811391888094,0.4745268,0.05347814157575103,0,Robust_UC
2024-09-02 07:00:00,L6,3,10,-0.0015949604221111731,0.47688975,0.003344505563625918,0,Robust_UC
2024-09-02 07:00:00,L7,4,5,0.016704287102913558,0.47593890000000005,0.035097545300276055,0,Robust_UC
2024-09-02 07:00:00,L8,4,10,0.023781850969776808,0.4746599999999999,0.05010291781438674,0,Robust_UC
2024-09-02 07:00:00,L9,5,6,-0.010267484711085708,0.48127635,0.021333865067514137,0,Robust_UC
2024-09-02 07:00:00,L10,6,11,-0.037239256525084974,0.482256,0.07721885580497696,0,Robust_UC
2024-09-02 07:00:00,L11,7,4,-0.05008420591183094,0.38545739999999995,0.1299344776149866,0,Robust_UC
2024-09-02 07:00:00,L12,7,8,-0.004745195194515046,0.44389169999999994,0.010689984053576688,0,Robust_UC
2024-09-02 07:00:00,L13,7,29,0.027857629292346715,0.43390755000000003,0.06420176208583306,0,Robust_UC
2024-09-02 07:00:00,L14,8,9,-0.002372597597257523,0.4441716,0.005341623816690493,0,Robust_UC
2024-09-02 07:00:00,L15,10,11,-0.05458430510303396,0.47983050000000005,0.1137574729056072,0,Robust_UC
2024-09-02 07:00:00,L16,10,12,0.04979942383670033,0.47466449999999993,0.10491499540559772,0,Robust_UC
2024-09-02 07:00:00,L17,11,13,0.06241939168258895,0.4768753499999999,0.1308924684041416,0,Robust_UC
2024-09-02 07:00:00,L18,11,15,0.08031071805643097,0.47901420000000006,0.16765832423429403,0,Robust_UC
2024-09-02 07:00:00,L19,11,116,-0.0023725975972575235,0.47629035,0.004981410178177079,0,Robust_UC
2024-09-02 07:00:00,L20,12,14,0.022827652022701067,0.46383434999999995,0.04921509591236843,0,Robust_UC
2024-09-02 07:00:00,L21,13,14,0.06479198927984647,0.4657392,0.13911646105770456,0,Robust_UC
2024-09-02 07:00:00,L22,14,16,0.006438283336427262,0.46094040000000003,0.013967713258432678,0,Robust_UC
2024-09-02 07:00:00,L23,14,18,0.04198866195015821,0.44951085,0.09340967398263737,0,Robust_UC
2024-09-02 07:00:00,L24,14,32,0.012220924201962913,0.44311995,0.02757926877804286,0,Robust_UC
2024-09-02 07:00:00,L25,15,16,0.05333894624243171,0.47121300000000005,0.11319498027947383,0,Robust_UC
2024-09-02 07:00:00,L26,16,17,0.031261075213865105,0.45820395,0.068225241650285,0,Robust_UC
2024-09-02 07:00:00,L27,16,30,0.03960091724577498,0.46605824999999995,0.08496988787512073,0,Robust_UC
2024-09-02 07:00:00,L28,16,112,0.016193209677904746,0.4605039,0.03516410974566067,0,Robust_UC
2024-09-02 07:00:00,L29,17,18,0.004289303399865842,0.4457466,0.009622739466472302,0,Robust_UC
2024-09-02 07:00:00,L30,18,19,0.035646303352121794,0.44736345,0.07968085759380163,0,Robust_UC
2024-09-02 07:00:00,L31,18,33,-0.01634010981609696,0.42043410000000003,0.03886485376922794,0,Robust_UC
2024-09-02 07:00:00,L32,19,20,0.008674531538122525,0.46621125,0.018606439759063138,0,Robust_UC
2024-09-02 07:00:00,L33,20,21,-0.01829724027587674,0.47334555,0.03865514374409296,0,Robust_UC
2024-09-02 07:00:00,L34,21,22,-0.04526901208987601,0.472149,0.0958786571397504,0,Robust_UC
2024-09-02 07:00:00,L35,22,23,-0.061340103429283345,0.47093039999999997,0.13025301282160454,0,Robust_UC
2024-09-02 07:00:00,L36,22,24,-1.0366878179751219e-05,0.46433340000000006,2.2326367605154436e-05,0,Robust_UC
2024-09-02 07:00:00,L37,22,31,0.018454055814844494,0.47048625,0.039223369046055,0,Robust_UC
2024-09-02 07:00:00,L38,23,69,-0.041853031776761807,0.4705677,0.08894157371354176,0,Robust_UC
2024-09-02 07:00:00,L39,23,71,-0.017114474055264017,0.47252115000000006,0.03621948785840383,0,Robust_UC
2024-09-02 07:00:00,L40,24,26,0.024148514128442263,0.45485145000000005,0.05309099075850426,0,Robust_UC
2024-09-02 07:00:00,L41,25,24,0.021786283409364494,0.35101034999999997,0.06206735331127557,0,Robust_UC
2024-09-02 07:00:00,L42,25,29,-0.019413685812106972,0.42704145000000004,0.04546089334444459,0,Robust_UC
2024-09-02 07:00:00,L43,26,27,0.007128128492258086,0.47590515,0.014978044453307736,0,Robust_UC
2024-09-02 07:00:00,L44,26,31,-0.005684091435418037,0.46696995,0.012172285251798401,0,Robust_UC
2024-09-02 07:00:00,L45,26,114,-0.004267294742396843,0.47349494999999997,0.009012334223198882,0,Robust_UC
2024-09-02 07:00:00,L46,27,28,0.009500726089515608,0.48221145,0.01970240667142103,0,Robust_UC
2024-09-02 07:00:00,L47,28,30,-0.017471045724483658,0.47714265,0.0366159799893882,0,Robust_UC
2024-09-02 07:00:00,L48,29,16,0.02490537496142868,0.3330558,0.07477838536794339,0,Robust_UC
2024-09-02 07:00:00,L49,29,37,-0.01408883388392923,0.40177035,0.0350668830687213,0,Robust_UC
2024-09-02 07:00:00,L50,30,31,-0.004841900292707939,0.4679505,0.010347035194337733,0,Robust_UC
2024-09-02 07:00:00,L51,31,112,-0.01856580727516227,0.46358594999999997,0.0400482527030042,0,Robust_UC
2024-09-02 07:00:00,L52,31,113,-0.0004779004521181518,0.47169045000000004,0.0010131654183758686,0,Robust_UC
2024-09-02 07:00:00,L53,32,36,-0.014750847612036377,0.40875615,0.03608715761716705,0,Robust_UC
2024-09-02 07:00:00,L54,33,35,0.017578946632621023,0.4088799,0.042992934190751425,0,Robust_UC
2024-09-02 07:00:00,L55,33,36,-0.028178475544134718,0.40276799999999996,0.0699620514642045,0,Robust_UC
2024-09-02 07:00:00,L56,33,42,-0.032712352718582687,0.40599044999999995,0.08057419261606447,0,Robust_UC
2024-09-02 07:00:00,L57,34,35,0.009392825181378243,0.40829309999999996,0.023005103885856127,0,Robust_UC
2024-09-02 07:00:00,L58,34,36,-0.03636459699537751,0.39626190000000006,0.09176909764824098,0,Robust_UC
2024-09-02 07:00:00,L59,36,38,-0.016422639350897213,0.38882789999999995,0.0422362678987213,0,Robust_UC
2024-09-02 07:00:00,L60,36,39,-0.03047268110453688,0.38130435,0.07991695112981764,0,Robust_UC
2024-09-02 07:00:00,L61,37,36,0.03002600209885714,0.29373659999999996,0.10222084036806153,0,Robust_UC
2024-09-02 07:00:00,L62,37,64,-0.041742238385528874,0.36143414999999995,0.11549057659750435,0,Robust_UC
2024-09-02 07:00:00,L63,38,39,-0.014050041753639692,0.37537244999999997,0.03742960292807768,0,Robust_UC
2024-09-02 07:00:00,L64,39,40,-0.014840907619392218,0.36336060000000003,0.04084346959849862,0,Robust_UC
2024-09-02 07:00:00,L65,39,41,-0.027309217641526884,0.35154945,0.07768243597458874,0,Robust_UC
2024-09-02 07:00:00,L66,40,41,-0.012468310022134665,0.34611255,0.03602385993265678,0,Robust_UC
2024-09-02 07:00:00,L67,41,48,-0.018702465033201943,0.34962210000000005,0.05349337193844994,0,Robust_UC
2024-09-02 07:00:00,L68,41,48,-0.018702465033201943,0.34962210000000005,0.05349337193844994,0,Robust_UC
2024-09-02 07:00:00,L69,42,43,-0.030339755121325165,0.39337425000000004,0.07712694748404392,0,Robust_UC
2024-09-02 07:00:00,L70,43,44,-0.027967157524067643,0.38489175,0.0726623979964955,0,Robust_UC
2024-09-02 07:00:00,L71,44,45,-0.01195098596738492,0.3826035,0.031235955675745046,0,Robust_UC
2024-09-02 07:00:00,L72,44,48,-0.013643573959424948,0.37018889999999993,0.03685570788163813,0,Robust_UC
2024-09-02 07:00:00,L73,45,46,-0.00754579557547852,0.38677905,0.01950931824119874,0,Robust_UC
2024-09-02 07:00:00,L74,45,47,-0.0020325927946487875,0.37397294999999997,0.005435133195191759,0,Robust_UC
2024-09-02 07:00:00,L75,46,48,0.005853207583438491,0.3774852,0.015505793560750172,0,Robust_UC
2024-09-02 07:00:00,L76,46,68,-0.011026405561659569,0.40899104999999997,0.02696001675748056,0,Robust_UC
2024-09-02 07:00:00,L77,47,48,0.00034000480260873434,0.36427365,0.0009333774282293939,0,Robust_UC
2024-09-02 07:00:00,L78,48,49,-0.004922388728187947,0.36637875000000003,0.013435246253195489,0,Robust_UC
2024-09-02 07:00:00,L79,48,50,-0.0063270597027397235,0.37284794999999993,0.016969544026565586,0,Robust_UC
2024-09-02 07:00:00,L80,48,53,-0.005530286296450304,0.34581824999999994,0.015991886768411744,0,Robust_UC
2024-09-02 07:00:00,L81,48,53,-0.005530286296450304,0.34581824999999994,0.015991886768411744,0,Robust_UC
2024-09-02 07:00:00,L82,48,65,-0.0016465299367993125,0.3399282,0.0048437579959512405,0,Robust_UC
2024-09-02 07:00:00,L83,48,65,-0.0016465299367993125,0.3399282,0.0048437579959512405,0,Robust_UC
2024-09-02 07:00:00,L84,48,68,-0.01687961314509806,0.39581594999999997,0.04264510600216606,0,Robust_UC
2024-09-02 07:00:00,L85,49,56,-0.0025497911309304254,0.3701565,0.006888413768042505,0,Robust_UC
2024-09-02 07:00:00,L86,50,51,-0.0021070064618277213,0.38319344999999994,0.005498545086894679,0,Robust_UC
2024-09-02 07:00:00,L87,50,57,-0.0018474556436545407,0.37608434999999996,0.004912343849603263,0,Robust_UC
2024-09-02 07:00:00,L88,51,52,0.00026559113542980054,0.38088180000000005,0.0006973059238582691,0,Robust_UC
2024-09-02 07:00:00,L89,52,53,0.0026381887326873223,0.3590514,0.007347663127583745,0,Robust_UC
2024-09-02 07:00:00,L90,53,54,-0.0021055959650533307,0.3256929,0.00646497349206363,0,Robust_UC
2024-09-02 07:00:00,L91,53,55,-0.0021190870963409825,0.3404124,0.006225058477132391,0,Robust_UC
2024-09-02 07:00:00,L92,53,58,-0.0018251032015615398,0.327222,0.005577568750149867,0,Robust_UC
2024-09-02 07:00:00,L93,54,55,-1.349113128765178e-05,0.33776505,3.9942354271561785e-05,0,Robust_UC
2024-09-02 07:00:00,L94,54,58,0.00028049276349179086,0.3245003999999999,0.0008643834136777364,0,Robust_UC
2024-09-02 07:00:00,L95,55,56,0.00017719353367290358,0.3602844,0.0004918157257791444,0,Robust_UC
2024-09-02 07:00:00,L96,55,57,-0.0005251419536029811,0.36404505,0.0014425191431746735,0,Robust_UC
2024-09-02 07:00:00,L97,55,58,0.00029398389477944264,0.3333456,0.0008819192297106745,0,Robust_UC
2024-09-02 07:00:00,L98,55,58,0.00029398389477944264,0.3333456,0.0008819192297106745,0,Robust_UC
2024-09-02 07:00:00,L99,58,59,5.6068385233809526e-06,0.32842575,1.7071860301395223e-05,0,Robust_UC
2024-09-02 07:00:00,L100,58,60,0.0007451030245425039,0.318204,0.002341589120634888,0,Robust_UC
2024-09-02 07:00:00,L101,59,60,0.0007394961860191229,0.3270906,0.0022608298313039964,0,Robust_UC
2024-09-02 07:00:00,L102,59,61,0.0016387082497617556,0.3336012,0.004912177323588032,0,Robust_UC
2024-09-02 07:00:00,L103,60,61,0.0008992120637426326,0.32262929999999995,0.002787137013726381,0,Robust_UC
2024-09-02 07:00:00,L104,61,65,0.004064544472927395,0.33056595,0.012295714283117772,0,Robust_UC
2024-09-02 07:00:00,L105,61,66,0.0008459734378349244,0.33502184999999995,0.002525129145561475,0,Robust_UC
2024-09-02 07:00:00,L106,62,58,-0.000665245085680798,0.24712605000000004,0.0026919261877928202,0,Robust_UC
2024-09-02 07:00:00,L107,62,63,0.003037842682938321,0.32604435,0.009317268288618777,0,Robust_UC
2024-09-02 07:00:00,L108,63,60,-0.0029579847440766027,0.22813019999999995,0.012966212908578537,0,Robust_UC
2024-09-02 07:00:00,L109,63,64,0.008368425024272447,0.33180299999999996,0.025221064982150397,0,Robust_UC
2024-09-02 07:00:00,L110,64,65,-0.006362653231679005,0.20915009999999998,0.030421468752245426,0,Robust_UC
2024-09-02 07:00:00,L111,64,67,-0.024638562532319826,0.21152159999999998,0.11648248941157702,0,Robust_UC
2024-09-02 07:00:00,L112,65,66,-0.0032185710350924462,0.3323646,0.00968385632853934,0,Robust_UC
2024-09-02 07:00:00,L113,67,68,0.003042826092342077,0.32106104999999996,0.009477406531692578,0,Robust_UC
2024-09-02 07:00:00,L114,68,69,0.015444009603041875,0.4517658,0.03418587596281497,0,Robust_UC
2024-09-02 07:00:00,L115,68,74,-0.006453861757841434,0.44746065,0.014423305731669217,0,Robust_UC
2024-09-02 07:00:00,L116,68,76,-0.031480742862358524,0.44147699999999995,0.07130777563125265,0,Robust_UC
2024-09-02 07:00:00,L117,69,70,0.00999668126349145,0.4703256,0.02125480999437719,0,Robust_UC
2024-09-02 07:00:00,L118,69,73,-0.012135234479070427,0.47338559999999996,0.025634988641543868,0,Robust_UC
2024-09-02 07:00:00,L119,69,74,-0.02189787136088331,0.46537605,0.047054143333941034,0,Robust_UC
2024-09-02 07:00:00,L120,70,71,0.014741876458006495,0.4645313999999999,0.031734940755364434,0,Robust_UC
2024-09-02 07:00:00,L121,70,72,-0.002372597597257522,0.46204514999999996,0.005134990806109581,0,Robust_UC
2024-09-02 07:00:00,L122,73,74,-0.009762636881812906,0.4710348,0.020725935497362204,0,Robust_UC
2024-09-02 07:00:00,L123,74,76,-0.02502688110451709,0.45895725,0.05452987419747066,0,Robust_UC
2024-09-02 07:00:00,L124,74,117,-0.01071489129876322,0.46871325,0.022860227012492646,0,Robust_UC
2024-09-02 07:00:00,L125,75,76,-0.005969696104248173,0.46096919999999997,0.012950314477080406,0,Robust_UC
2024-09-02 07:00:00,L126,75,117,0.008342293701505696,0.4700934,0.017746034514642614,0,Robust_UC
2024-09-02 07:00:00,L127,76,77,-0.007393221761597435,0.46640745,0.015851422959897905,0,Robust_UC
2024-09-02 07:00:00,L128,76,79,-0.01506187249301974,0.46031894999999995,0.03272051366344953,0,Robust_UC
2024-09-02 07:00:00,L129,76,79,-0.01506187249301974,0.46031894999999995,0.03272051366344953,0,Robust_UC
2024-09-02 07:00:00,L130,76,81,-0.022587755726228786,0.4431897000000001,0.050966337273246155,0,Robust_UC
2024-09-02 07:00:00,L131,77,78,-0.005020624164339911,0.4816593,0.010423600591413704,0,Robust_UC
2024-09-02 07:00:00,L132,78,79,-0.002648026567082388,0.47915505,0.00552645029428864,0,Robust_UC
2024-09-02 07:00:00,L133,79,95,-0.01229238212935485,0.46205414999999994,0.026603769556782147,0,Robust_UC
2024-09-02 07:00:00,L134,79,96,-0.007332489863306186,0.47741490000000003,0.015358736946220542,0,Robust_UC
2024-09-02 07:00:00,L135,79,97,-0.01566894889804657,0.47061405000000006,0.03329468998651138,0,Robust_UC
2024-09-02 07:00:00,L136,79,98,-0.01566894889804657,0.46691325000000006,0.03355858694960267,0,Robust_UC
2024-09-02 07:00:00,L137,80,67,0.022936193430146856,0.3178637999999999,0.07215729954196376,0,Robust_UC
2024-09-02 07:00:00,L138,80,79,-0.020563595832889334,0.39174659999999994,0.05249208501845156,0,Robust_UC
2024-09-02 07:00:00,L139,81,82,-0.015448659232825457,0.4048461,0.03815933816041567,0,Robust_UC
2024-09-02 07:00:00,L140,81,95,-0.004766498896145804,0.44236890000000006,0.010774941222463431,0,Robust_UC
2024-09-02 07:00:00,L141,82,83,-0.005149553077608504,0.37704869999999996,0.013657527734768757,0,Robust_UC
2024-09-02 07:00:00,L142,82,84,-0.007926508557959455,0.37064430000000004,0.02138575598750461,0,Robust_UC
2024-09-02 07:00:00,L143,83,84,-0.002776955480350951,0.36047565000000004,0.007703586859059553,0,Robust_UC
2024-09-02 07:00:00,L144,84,85,-0.004745195194515047,0.34769340000000004,0.013647642418622402,0,Robust_UC
2024-09-02 07:00:00,L145,84,87,-0.00198608961459845,0.34072965,0.005828930985602369,0,Robust_UC
2024-09-02 07:00:00,L146,84,88,-0.0015995816319393785,0.34467659999999994,0.0046408187615271206,0,Robust_UC
2024-09-02 07:00:00,L147,86,85,0.002372597597257523,0.28543139999999995,0.008312321620037331,0,Robust_UC
2024-09-02 07:00:00,L148,87,88,0.0003865079826590734,0.3369474,0.001147087001291814,0,Robust_UC
2024-09-02 07:00:00,L149,88,89,-0.0010896718029639837,0.31691339999999996,0.0034383898029050957,0,Robust_UC
2024-09-02 07:00:00,L150,88,89,-0.0010896718029639837,0.31691339999999996,0.0034383898029050957,0,Robust_UC
2024-09-02 07:00:00,L151,88,91,0.001669433776952639,0.3637242,0.0045898342121658085,0,Robust_UC
2024-09-02 07:00:00,L152,88,91,0.001669433776952639,0.3637242,0.0045898342121658085,0,Robust_UC
2024-09-02 07:00:00,L153,89,90,0.00019325399132955612,0.33528870000000005,0.000576380866189514,0,Robust_UC
2024-09-02 07:00:00,L154,90,91,0.0025658515885870798,0.3804678,0.006743938878893509,0,Robust_UC
2024-09-02 07:00:00,L155,91,92,0.0019298172776298361,0.41554215,0.004644095136028526,0,Robust_UC
2024-09-02 07:00:00,L156,91,93,0.0062322321525171975,0.42559739999999996,0.014643492071420544,0,Robust_UC
2024-09-02 07:00:00,L157,91,99,0.0018658986801450839,0.4251762,0.004388530402560359,0,Robust_UC
2024-09-02 07:00:00,L158,91,101,-0.001750631370542488,0.41574645000000005,0.004210814958353794,0,Robust_UC
2024-09-02 07:00:00,L159,92,93,0.004302414874887361,0.43531155,0.009883530255255946,0,Robust_UC
2024-09-02 07:00:00,L160,93,94,0.004966993499925564,0.45128025,0.01100644998296638,0,Robust_UC
2024-09-02 07:00:00,L161,93,95,0.01230658459710865,0.44872245000000005,0.02742582769618201,0,Robust_UC
2024-09-02 07:00:00,L162,93,99,-0.004366333472372114,0.4429962,0.009856367780066993,0,Robust_UC
2024-09-02 07:00:00,L163,94,95,0.0073395910971830874,0.45922229999999997,0.015982653928572475,0,Robust_UC
2024-09-02 07:00:00,L164,95,96,0.004959892266048663,0.469728,0.010559073050890436,0,Robust_UC
2024-09-02 07:00:00,L165,97,99,-0.013296351300789044,0.45473759999999996,0.02923961269265846,0,Robust_UC
2024-09-02 07:00:00,L166,98,99,-0.013296351300789044,0.45157454999999996,0.02944442130494078,0,Robust_UC
2024-09-02 07:00:00,L167,99,100,-0.0029945638239725625,0.44414460000000006,0.006742317308310316,0,Robust_UC
2024-09-02 07:00:00,L168,99,102,-0.009032233611628554,0.43902945000000004,0.02057318389832061,0,Robust_UC
2024-09-02 07:00:00,L169,99,103,-0.007183243759972702,0.43969725,0.016336794828652447,0,Robust_UC
2024-09-02 07:00:00,L170,99,105,-0.0075104986009736805,0.43592445,0.01722889964298557,0,Robust_UC
2024-09-02 07:00:00,L171,100,101,-0.0006219662267150095,0.43879365,0.0014174458238286026,0,Robust_UC
2024-09-02 07:00:00,L172,102,103,0.0018489898516558523,0.43664040000000004,0.004234582626014112,0,Robust_UC
2024-09-02 07:00:00,L173,102,104,-0.0011126664594034164,0.4313898,0.002579260008937199,0,Robust_UC
2024-09-02 07:00:00,L174,102,109,-0.007395959406623423,0.43662915,0.016938766929838336,0,Robust_UC
2024-09-02 07:00:00,L175,103,104,-0.0029616563110592686,0.43296704999999996,0.006840373444259255,0,Robust_UC
2024-09-02 07:00:00,L176,104,105,0.0026344014700582785,0.4283500499999999,0.0061501136046518004,0,Robust_UC
2024-09-02 07:00:00,L177,104,106,0.00013090193640037835,0.4245426,0.00030833639875098133,0,Robust_UC
2024-09-02 07:00:00,L178,104,107,-0.0044670285796641965,0.43129755000000003,0.010357185149009532,0,Robust_UC
2024-09-02 07:00:00,L179,105,106,-0.002503499533657902,0.4254606,0.005884210038856481,0,Robust_UC
2024-09-02 07:00:00,L180,107,108,-0.002094430982406673,0.4366377,0.004796725024904338,0,Robust_UC
2024-09-02 07:00:00,L181,108,109,0.0002781666148508506,0.43862759999999995,0.0006341749011025541,0,Robust_UC
2024-09-02 07:00:00,L182,109,110,-0.002372597597257523,0.43935254999999995,0.005400213558012861,0,Robust_UC
2024-09-02 07:00:00,L183,109,111,-0.0023725975972575235,0.43699499999999997,0.005429347240260241,0,Robust_UC
2024-09-02 07:00:00,L184,113,114,0.0018946971451393457,0.47739734999999994,0.003968805325667069,0,Robust_UC
2024-09-02 07:00:00,L185,115,67,0.0023725975972575235,0.3076497,0.0077120101116871665,0,Robust_UC
2024-09-02 08:00:00,L0,0,1,0.028517095954903815,0.48556575,0.058729628180949366,0,Robust_UC
2024-09-02 08:00:00,L1,0,2,0.12390591093316791,0.48455685,0.25570974991513984,0,Robust_UC
2024-09-02 08:00:00,L2,1,11,0.1800078226464987,0.48395699999999997,0.3719500340867034,0,Robust_UC
2024-09-02 08:00:00,L3,2,4,0.11170991015300508,0.47837745,0.2335183444641989,0,Robust_UC
2024-09-02 08:00:00,L4,2,11,0.0846190076682346,0.48196439999999996,0.17557107468567099,0,Robust_UC
2024-09-02 08:00:00,L5,3,4,-0.028675456103581368,0.4745268,0.06042958185624366,0,Robust_UC
2024-09-02 08:00:00,L6,3,10,0.0010984629916530892,0.47688975,0.0023033898121171386,0,Robust_UC
2024-09-02 08:00:00,L7,4,5,-0.01052102751985147,0.47593890000000005,0.022105836526183233,0,Robust_UC
2024-09-02 08:00:00,L8,4,10,0.029773919095234455,0.4746599999999999,0.06272683414493418,0,Robust_UC
2024-09-02 08:00:00,L9,5,6,-0.009030300828256597,0.48127635,0.018763234113325113,0,Robust_UC
2024-09-02 08:00:00,L10,6,11,-0.007539574136661724,0.482256,0.01563396647560989,0,Robust_UC
2024-09-02 08:00:00,L11,7,4,-0.0652722891656356,0.38545739999999995,0.16933723198889322,0,Robust_UC
2024-09-02 08:00:00,L12,7,8,-0.0029814533831897462,0.44389169999999994,0.006716623408794863,0,Robust_UC
2024-09-02 08:00:00,L13,7,29,0.040676749436897086,0.43390755000000003,0.09374519857259245,0,Robust_UC
2024-09-02 08:00:00,L14,8,9,-0.0014907266915948731,0.4441716,0.00335619542445954,0,Robust_UC
2024-09-02 08:00:00,L15,10,11,-0.05686482158000503,0.47983050000000005,0.11851022721566266,0,Robust_UC
2024-09-02 08:00:00,L16,10,12,0.0601602105549643,0.47466449999999993,0.12674259514870884,0,Robust_UC
2024-09-02 08:00:00,L17,11,13,0.08859262134496679,0.4768753499999999,0.18577731339010667,0,Robust_UC
2024-09-02 08:00:00,L18,11,15,0.0900599130985593,0.47901420000000006,0.18801094643657598,0,Robust_UC
2024-09-02 08:00:00,L19,11,116,-0.001490726691594873,0.47629035,0.003129869609146759,0,Robust_UC
2024-09-02 08:00:00,L20,12,14,0.03258321744303603,0.46383434999999995,0.0702475300568749,0,Robust_UC
2024-09-02 08:00:00,L21,13,14,0.06101562823303851,0.4657392,0.1310081441137841,0,Robust_UC
2024-09-02 08:00:00,L22,14,16,0.0029345835071847917,0.46094040000000003,0.006366513994400993,0,Robust_UC
2024-09-02 08:00:00,L23,14,18,0.04207970655160799,0.44951085,0.09361221548180203,0,Robust_UC
2024-09-02 08:00:00,L24,14,32,0.02100756250535352,0.44311995,0.04740829769761781,0,Robust_UC
2024-09-02 08:00:00,L25,15,16,0.06248291998663103,0.47121300000000005,0.13260016168193794,0,Robust_UC
2024-09-02 08:00:00,L26,16,17,0.033361058078175694,0.45820395,0.07280831620542706,0,Robust_UC
2024-09-02 08:00:00,L27,16,30,0.012150471915878279,0.46605824999999995,0.026070715229004702,0,Robust_UC
2024-09-02 08:00:00,L28,16,112,0.011831872385720315,0.4605039,0.02569331635567107,0,Robust_UC
2024-09-02 08:00:00,L29,17,18,0.005784064966247417,0.4457466,0.012976128065244731,0,Robust_UC
2024-09-02 08:00:00,L30,18,19,0.03286772063650775,0.44736345,0.07346983897881633,0,Robust_UC
2024-09-02 08:00:00,L31,18,33,-0.01258094223058076,0.42043410000000003,0.029923696081218816,0,Robust_UC
2024-09-02 08:00:00,L32,19,20,0.005290727524579476,0.46621125,0.011348348038747404,0,Robust_UC
2024-09-02 08:00:00,L33,20,21,-0.0222862655873488,0.47334555,0.04708244450032075,0,Robust_UC
2024-09-02 08:00:00,L34,21,22,-0.020795538895753928,0.472149,0.044044441258488165,0,Robust_UC
2024-09-02 08:00:00,L35,22,23,-0.021390861968975487,0.47093039999999997,0.04542255494437286,0,Robust_UC
2024-09-02 08:00:00,L36,22,24,-0.01791437477933463,0.46433340000000006,0.038580844667505346,0,Robust_UC
2024-09-02 08:00:00,L37,22,31,-0.009067295259372117,0.47048625,0.0192721790687233,0,Robust_UC
2024-09-02 08:00:00,L38,23,69,-0.03523516461908299,0.4705677,0.07487799230394053,0,Robust_UC
2024-09-02 08:00:00,L39,23,71,-0.013732690461820834,0.47252115000000006,0.029062594260216356,0,Robust_UC
2024-09-02 08:00:00,L40,24,26,0.0022268572285376845,0.45485145000000005,0.004895790105841554,0,Robust_UC
2024-09-02 08:00:00,L41,25,24,0.01865050531627744,0.35101034999999997,0.053133776016226986,0,Robust_UC
2024-09-02 08:00:00,L42,25,29,-0.017159778624682567,0.42704145000000004,0.0401829345246991,0,Robust_UC
2024-09-02 08:00:00,L43,26,27,-0.003618652443505673,0.47590515,0.007603726170027102,0,Robust_UC
2024-09-02 08:00:00,L44,26,31,0.006620222291424827,0.46696995,0.014176977108323194,0,Robust_UC
2024-09-02 08:00:00,L45,26,114,0.0007160140722134029,0.47349494999999997,0.0015121894588599157,0,Robust_UC
2024-09-02 08:00:00,L46,27,28,-0.0021279257519108002,0.48221145,0.004412847832441142,0,Robust_UC
2024-09-02 08:00:00,L47,28,30,-0.0006371990603159274,0.47714265,0.0013354477121588844,0,Robust_UC
2024-09-02 08:00:00,L48,29,16,0.01950289199788674,0.3330558,0.058557430910636414,0,Robust_UC
2024-09-02 08:00:00,L49,29,37,0.005504805505922694,0.40177035,0.013701373199696528,0,Robust_UC
2024-09-02 08:00:00,L50,30,31,0.013003999547157225,0.4679505,0.02778926306769033,0,Robust_UC
2024-09-02 08:00:00,L51,31,112,-0.013322599077315188,0.46358594999999997,0.028738142468112307,0,Robust_UC
2024-09-02 08:00:00,L52,31,113,-0.0036974674554031486,0.47169045000000004,0.007838758353922892,0,Robust_UC
2024-09-02 08:00:00,L53,32,36,-0.006569430606574757,0.40875615,0.016071759670343203,0,Robust_UC
2024-09-02 08:00:00,L54,33,35,0.022556782304512135,0.4088799,0.05516725645968935,0,Robust_UC
2024-09-02 08:00:00,L55,33,36,-0.015060632422248421,0.40276799999999996,0.037392822722382174,0,Robust_UC
2024-09-02 08:00:00,L56,33,42,-0.01858636542124955,0.40599044999999995,0.04578030202742343,0,Robust_UC
2024-09-02 08:00:00,L57,34,35,0.0050202108074161415,0.40829309999999996,0.012295605307599227,0,Robust_UC
2024-09-02 08:00:00,L58,34,36,-0.03259720391934442,0.39626190000000006,0.08226176657242196,0,Robust_UC
2024-09-02 08:00:00,L59,36,38,-0.009575210688203089,0.38882789999999995,0.024625832375205305,0,Robust_UC
2024-09-02 08:00:00,L60,36,39,-0.017659694684811322,0.38130435,0.046313908259403076,0,Robust_UC
2024-09-02 08:00:00,L61,37,36,0.025501634883558222,0.29373659999999996,0.08681803657956899,0,Robust_UC
2024-09-02 08:00:00,L62,37,64,-0.018506102686040582,0.36143414999999995,0.05120186536341567,0,Robust_UC
2024-09-02 08:00:00,L63,38,39,-0.008084483996608216,0.37537244999999997,0.021537233210930148,0,Robust_UC
2024-09-02 08:00:00,L64,39,40,-0.008581392893806494,0.36336060000000003,0.023616740212908317,0,Robust_UC
2024-09-02 08:00:00,L65,39,41,-0.0156720590960181,0.35154945,0.04457995623664921,0,Robust_UC
2024-09-02 08:00:00,L66,40,41,-0.007090666202211604,0.34611255,0.02048659085667828,0,Robust_UC
2024-09-02 08:00:00,L67,41,48,-0.010635999303317545,0.34962210000000005,0.030421415875362408,0,Robust_UC
2024-09-02 08:00:00,L68,41,48,-0.010635999303317545,0.34962210000000005,0.030421415875362408,0,Robust_UC
2024-09-02 08:00:00,L69,42,43,-0.017095638729654677,0.39337425000000004,0.04345896745822757,0,Robust_UC
2024-09-02 08:00:00,L70,43,44,-0.015604912038059804,0.38489175,0.04054363866739104,0,Robust_UC
2024-09-02 08:00:00,L71,44,45,-0.006372716029033609,0.3826035,0.01665618853207984,0,Robust_UC
2024-09-02 08:00:00,L72,44,48,-0.00774146931743136,0.37018889999999993,0.020912213514320287,0,Robust_UC
2024-09-02 08:00:00,L73,45,46,-0.0034522493474423155,0.38677905,0.008925636865394637,0,Robust_UC
2024-09-02 08:00:00,L74,45,47,-0.001429739989996303,0.37397294999999997,0.003823110708933101,0,Robust_UC
2024-09-02 08:00:00,L75,46,48,0.002083496059044565,0.3774852,0.005519411248559056,0,Robust_UC
2024-09-02 08:00:00,L76,46,68,-0.00404501871489199,0.40899104999999997,0.009890237732321993,0,Robust_UC
2024-09-02 08:00:00,L77,47,48,6.098670159856989e-05,0.36427365,0.00016742001953358386,0,Robust_UC
2024-09-02 08:00:00,L78,48,49,-0.00327195360754873,0.36637875000000003,0.00893052232846127,0,Robust_UC
2024-09-02 08:00:00,L79,48,50,-0.004188495485414279,0.37284794999999993,0.01123378976715382,0,Robust_UC
2024-09-02 08:00:00,L80,48,53,-0.0038407538610246705,0.34581824999999994,0.01110627869126245,0,Robust_UC
2024-09-02 08:00:00,L81,48,53,-0.0038407538610246705,0.34581824999999994,0.01110627869126245,0,Robust_UC
2024-09-02 08:00:00,L82,48,65,-0.00205389344144008,0.3399282,0.006042139020652243,0,Robust_UC
2024-09-02 08:00:00,L83,48,65,-0.00205389344144008,0.3399282,0.006042139020652243,0,Robust_UC
2024-09-02 08:00:00,L84,48,68,-0.006128514773936555,0.39581594999999997,0.0154832435982849,0,Robust_UC
2024-09-02 08:00:00,L85,49,56,-0.0017812269159538572,0.3701565,0.004812091415263158,0,Robust_UC
2024-09-02 08:00:00,L86,50,51,-0.001374812816798338,0.38319344999999994,0.0035877774445213983,0,Robust_UC
2024-09-02 08:00:00,L87,50,57,-0.0013229559770210723,0.37608434999999996,0.00351771079286089,0,Robust_UC
2024-09-02 08:00:00,L88,51,52,0.00011591387479653495,0.38088180000000005,0.000304330306138374,0,Robust_UC
2024-09-02 08:00:00,L89,52,53,0.0016066405663914078,0.3590514,0.004474681247284951,0,Robust_UC
2024-09-02 08:00:00,L90,53,54,-0.0015187167889145203,0.3256929,0.004663033148449108,0,Robust_UC
2024-09-02 08:00:00,L91,53,55,-0.0015029268868368972,0.3404124,0.004415018039404256,0,Robust_UC
2024-09-02 08:00:00,L92,53,58,-0.001562496788311718,0.327222,0.004775035872623839,0,Robust_UC
2024-09-02 08:00:00,L93,54,55,1.5789902077623097e-05,0.33776505,4.67481821391026e-05,0,Robust_UC
2024-09-02 08:00:00,L94,54,58,-4.377999939719768e-05,0.3245003999999999,0.00013491508607446306,0,Robust_UC
2024-09-02 08:00:00,L95,55,56,0.0002905002243589842,0.3602844,0.000806308084277266,0,Robust_UC
2024-09-02 08:00:00,L96,55,57,-0.00016777071457380055,0.36404505,0.0004608515198154749,0,Robust_UC
2024-09-02 08:00:00,L97,55,58,-5.9569901474820774e-05,0.3333456,0.0001787031281493464,0,Robust_UC
2024-09-02 08:00:00,L98,55,58,-5.9569901474820774e-05,0.3333456,0.0001787031281493464,0,Robust_UC
2024-09-02 08:00:00,L99,58,59,-0.00021584560873588732,0.32842575,0.0006572128060479037,0,Robust_UC
2024-09-02 08:00:00,L100,58,60,8.423652514200075e-05,0.318204,0.00026472490962401715,0,Robust_UC
2024-09-02 08:00:00,L101,59,60,0.00030008213387788807,0.3270906,0.000917428180075759,0,Robust_UC
2024-09-02 08:00:00,L102,59,61,0.0009747989489811149,0.3336012,0.002922048688617172,0,Robust_UC
2024-09-02 08:00:00,L103,60,61,0.0006747168151032268,0.32262929999999995,0.0020913066950311917,0,Robust_UC
2024-09-02 08:00:00,L104,61,65,0.002590403867651081,0.33056595,0.007836269487680389,0,Robust_UC
2024-09-02 08:00:00,L105,61,66,0.0005498385880281127,0.33502184999999995,0.0016412021724198371,0,Robust_UC
2024-09-02 08:00:00,L106,62,58,0.00010308081547058491,0.24712605000000004,0.0004171183712546083,0,Robust_UC
2024-09-02 08:00:00,L107,62,63,0.0013876458761242882,0.32604435,0.0042560034428576615,0,Robust_UC
2024-09-02 08:00:00,L108,63,60,-0.001200328535511706,0.22813019999999995,0.0052615941927535515,0,Robust_UC
2024-09-02 08:00:00,L109,63,64,0.004078701103230867,0.33180299999999996,0.012292538353272476,0,Robust_UC
2024-09-02 08:00:00,L110,64,65,-0.0020139089559882417,0.20915009999999998,0.00962901263727936,0,Robust_UC
2024-09-02 08:00:00,L111,64,67,-0.010922765935226886,0.21152159999999998,0.05163900961049315,0,Robust_UC
2024-09-02 08:00:00,L112,65,66,-0.0020405652796229856,0.3323646,0.006139538565849027,0,Robust_UC
2024-09-02 08:00:00,L113,67,68,0.004834235646742191,0.32106104999999996,0.015057060477258738,0,Robust_UC
2024-09-02 08:00:00,L114,68,69,0.016188459600838867,0.4517658,0.03583374306076039,0,Robust_UC
2024-09-02 08:00:00,L115,68,74,-0.00119229064441978,0.44746065,0.002664570939187122,0,Robust_UC
2024-09-02 08:00:00,L116,68,76,-0.01884474010691023,0.44147699999999995,0.04268566676612877,0,Robust_UC
2024-09-02 08:00:00,L117,69,70,0.009260510387036215,0.4703256,0.019689573323323703,0,Robust_UC
2024-09-02 08:00:00,L118,69,73,-0.009435738468426751,0.47338559999999996,0.019932457743595818,0,Robust_UC
2024-09-02 08:00:00,L119,69,74,-0.017380750245258647,0.46537605,0.037347754026574094,0,Robust_UC
2024-09-02 08:00:00,L120,70,71,0.012241963770225961,0.4645313999999999,0.026353361194153855,0,Robust_UC
2024-09-02 08:00:00,L121,70,72,-0.001490726691594873,0.46204514999999996,0.0032263658467032346,0,Robust_UC
2024-09-02 08:00:00,L122,73,74,-0.007945011776831878,0.4710348,0.016867143949516848,0,Robust_UC
2024-09-02 08:00:00,L123,74,76,-0.01765244946249045,0.45895725,0.03846207781332673,0,Robust_UC
2024-09-02 08:00:00,L124,74,117,-0.007374876512425022,0.46871325,0.015734303462564846,0,Robust_UC
2024-09-02 08:00:00,L125,75,76,-0.004393423129235277,0.46096919999999997,0.009530838783231672,0,Robust_UC
2024-09-02 08:00:00,L126,75,117,0.0058841498208301495,0.4700934,0.012516980286960314,0,Robust_UC
2024-09-02 08:00:00,L127,76,77,-0.004840681773526777,0.46640745,0.01037865448660131,0,Robust_UC
2024-09-02 08:00:00,L128,76,79,-0.010049865245795708,0.46031894999999995,0.02183239522464958,0,Robust_UC
2024-09-02 08:00:00,L129,76,79,-0.010049865245795708,0.46031894999999995,0.02183239522464958,0,Robust_UC
2024-09-02 08:00:00,L130,76,81,-0.014459473741922135,0.4431897000000001,0.032625924614047064,0,Robust_UC
2024-09-02 08:00:00,L131,77,78,-0.003349955081931904,0.4816593,0.006955030416586795,0,Robust_UC
2024-09-02 08:00:00,L132,78,79,-0.001859228390337031,0.47915505,0.003880222884715565,0,Robust_UC
2024-09-02 08:00:00,L133,79,95,-0.007601103118369479,0.46205414999999994,0.016450676004900033,0,Robust_UC
2024-09-02 08:00:00,L134,79,96,-0.004545914904982167,0.47741490000000003,0.00952193763743479,0,Robust_UC
2024-09-02 08:00:00,L135,79,97,-0.009803017837083382,0.47061405000000006,0.0208302702332907,0,Robust_UC
2024-09-02 08:00:00,L136,79,98,-0.009803017837083382,0.46691325000000006,0.02099537298862986,0,Robust_UC
2024-09-02 08:00:00,L137,80,67,0.012775548198779331,0.3178637999999999,0.04019189413446682,0,Robust_UC
2024-09-02 08:00:00,L138,80,79,-0.011284821507184458,0.39174659999999994,0.028806431267519514,0,Robust_UC
2024-09-02 08:00:00,L139,81,82,-0.009777252428084082,0.4048461,0.024150541225626435,0,Robust_UC
2024-09-02 08:00:00,L140,81,95,-0.003191494622243052,0.44236890000000006,0.007214554690085698,0,Robust_UC
2024-09-02 08:00:00,L141,82,83,-0.0032590841426947126,0.37704869999999996,0.008643668954951212,0,Robust_UC
2024-09-02 08:00:00,L142,82,84,-0.005027441593794535,0.37064430000000004,0.013564060188689086,0,Robust_UC
2024-09-02 08:00:00,L143,83,84,-0.0017683574510998223,0.36047565000000004,0.0049056224771349246,0,Robust_UC
2024-09-02 08:00:00,L144,84,85,-0.002981453383189746,0.34769340000000004,0.008574949605571303,0,Robust_UC
2024-09-02 08:00:00,L145,84,87,-0.0012714485539015545,0.34072965,0.003731546561626071,0,Robust_UC
2024-09-02 08:00:00,L146,84,88,-0.0010521704162082535,0.34467659999999994,0.003052630831940009,0,Robust_UC
2024-09-02 08:00:00,L147,86,85,0.0014907266915948731,0.28543139999999995,0.005222714430139338,0,Robust_UC
2024-09-02 08:00:00,L148,87,88,0.0002192781376933184,0.3369474,0.0006507785419721843,0,Robust_UC
2024-09-02 08:00:00,L149,88,89,-0.0006905438113741027,0.31691339999999996,0.0021789669082282505,0,Robust_UC
2024-09-02 08:00:00,L150,88,89,-0.0006905438113741027,0.31691339999999996,0.0021789669082282505,0,Robust_UC
2024-09-02 08:00:00,L151,88,91,0.001019461017914114,0.3637242,0.002802840773075077,0,Robust_UC
2024-09-02 08:00:00,L152,88,91,0.001019461017914114,0.3637242,0.002802840773075077,0,Robust_UC
2024-09-02 08:00:00,L153,89,90,0.00010963906884666751,0.33528870000000005,0.0003269989977194803,0,Robust_UC
2024-09-02 08:00:00,L154,90,91,0.0016003657604415403,0.3804678,0.004206310653468021,0,Robust_UC
2024-09-02 08:00:00,L155,91,92,0.0012070257476315405,0.41554215,0.0029047011178806783,0,Robust_UC
2024-09-02 08:00:00,L156,91,93,0.0039047781868580267,0.42559739999999996,0.009174816826554926,0,Robust_UC
2024-09-02 08:00:00,L157,91,99,0.0011317029337272744,0.4251762,0.002661726911636339,0,Robust_UC
2024-09-02 08:00:00,L158,91,101,-0.00111349238035241,0.41574645000000005,0.002678296784861085,0,Robust_UC
2024-09-02 08:00:00,L159,92,93,0.0026977524392264862,0.43531155,0.006197291202648968,0,Robust_UC
2024-09-02 08:00:00,L160,93,94,0.0031252019597384113,0.45128025,0.006925191075254039,0,Robust_UC
2024-09-02 08:00:00,L161,93,95,0.007741130611071678,0.44872245000000005,0.01725148944758988,0,Robust_UC
2024-09-02 08:00:00,L162,93,99,-0.0027730752531307523,0.4429962,0.006259817247034517,0,Robust_UC
2024-09-02 08:00:00,L163,94,95,0.004615928651333284,0.45922229999999997,0.010051621298297762,0,Robust_UC
2024-09-02 08:00:00,L164,95,96,0.0030551882133872943,0.469728,0.0065041645662751515,0,Robust_UC
2024-09-02 08:00:00,L165,97,99,-0.00831229114548851,0.45473759999999996,0.01827931348867679,0,Robust_UC
2024-09-02 08:00:00,L166,98,99,-0.00831229114548851,0.45157454999999996,0.018407350780703897,0,Robust_UC
2024-09-02 08:00:00,L167,99,100,-0.001867961002837315,0.44414460000000006,0.004205749665395718,0,Robust_UC
2024-09-02 08:00:00,L168,99,102,-0.005675042301795552,0.43902945000000004,0.012926336266953279,0,Robust_UC
2024-09-02 08:00:00,L169,99,103,-0.004513303569725069,0.43969725,0.010264570837604896,0,Robust_UC
2024-09-02 08:00:00,L170,99,105,-0.0047189210444277705,0.43592445,0.010825089174116686,0,Robust_UC
2024-09-02 08:00:00,L171,100,101,-0.00037723431124246296,0.43879365,0.0008597077720756966,0,Robust_UC
2024-09-02 08:00:00,L172,102,103,0.001161738732070483,0.43664040000000004,0.0026606304228158524,0,Robust_UC
2024-09-02 08:00:00,L173,102,104,-0.0006990994139891571,0.4313898,0.0016205747423540314,0,Robust_UC
2024-09-02 08:00:00,L174,102,109,-0.0046469549282819045,0.43662915,0.01064279590192708,0,Robust_UC
2024-09-02 08:00:00,L175,103,104,-0.0018608381460596402,0.43296704999999996,0.00429787473679496,0,Robust_UC
2024-09-02 08:00:00,L176,104,105,0.0016552206713569273,0.4283500499999999,0.003864177607442622,0,Robust_UC
2024-09-02 08:00:00,L177,104,106,8.224698988103588e-05,0.4245426,0.00019373082908767195,0,Robust_UC
2024-09-02 08:00:00,L178,104,107,-0.00280667852969246,0.43129755000000003,0.006507522543757691,0,Robust_UC
2024-09-02 08:00:00,L179,105,106,-0.0015729736814759088,0.4254606,0.003697107749756167,0,Robust_UC
2024-09-02 08:00:00,L180,107,108,-0.001315951838097587,0.4366377,0.0030138300886469196,0,Robust_UC
2024-09-02 08:00:00,L181,108,109,0.0001747748534972858,0.43862759999999995,0.00039845840411612454,0,Robust_UC
2024-09-02 08:00:00,L182,109,110,-0.0014907266915948731,0.43935254999999995,0.0033930079422433606,0,Robust_UC
2024-09-02 08:00:00,L183,109,111,-0.001490726691594873,0.43699499999999997,0.003411312924850108,0,Robust_UC
2024-09-02 08:00:00,L184,113,114,-0.0022067407638082757,0.47739734999999994,0.004622440329441033,0,Robust_UC
2024-09-02 08:00:00,L185,115,67,0.001490726691594873,0.3076497,0.0048455327328285145,0,Robust_UC
2024-09-02 09:00:00,L0,0,1,0.03756185621849399,0.48556575,0.07735688981048187,0,Robust_UC
2024-09-02 09:00:00,L1,0,2,0.11297755941280065,0.48455685,0.23315645917047845,0,Robust_UC
2024-09-02 09:00:00,L2,1,11,0.15810127184978862,0.48395699999999997,0.32668454397764396,0,Robust_UC
2024-09-02 09:00:00,L3,2,4,0.10083140638861336,0.47837745,0.2107779252316625,0,Robust_UC
2024-09-02 09:00:00,L4,2,11,0.08268556865548192,0.48196439999999996,0.17155949413583643,0,Robust_UC
2024-09-02 09:00:00,L5,3,4,-0.0096945191411573,0.4745268,0.020429866429371953,0,Robust_UC
2024-09-02 09:00:00,L6,3,10,0.01077117933813912,0.47688975,0.022586309179719464,0,Robust_UC
2024-09-02 09:00:00,L7,4,5,0.003053808747203599,0.47593890000000005,0.006416388211183408,0,Robust_UC
2024-09-02 09:00:00,L8,4,10,0.020465698479296343,0.4746599999999999,0.0431165433769358,0,Robust_UC
2024-09-02 09:00:00,L9,5,6,0.004130468944185419,0.48127635,0.008582322701261798,0,Robust_UC
2024-09-02 09:00:00,L10,6,11,-0.025330115424519947,0.482256,0.05252421001401734,0,Robust_UC
2024-09-02 09:00:00,L11,7,4,-0.06869404021793794,0.38545739999999995,0.17821435058177104,0,Robust_UC
2024-09-02 09:00:00,L12,7,8,-0.0021533203939636397,0.44389169999999994,0.004851003958766609,0,Robust_UC
2024-09-02 09:00:00,L13,7,29,0.04138677624319621,0.43390755000000003,0.09538155361250619,0,Robust_UC
2024-09-02 09:00:00,L14,8,9,-0.0010766601969818199,0.4441716,0.0024239735205533624,0,Robust_UC
2024-09-02 09:00:00,L15,10,11,-0.03861153621242769,0.47983050000000005,0.0804691160991802,0,Robust_UC
2024-09-02 09:00:00,L16,10,12,0.04038782966115778,0.47466449999999993,0.08508710818095262,0,Robust_UC
2024-09-02 09:00:00,L17,11,13,0.059693597767371626,0.4768753499999999,0.12517652205628083,0,Robust_UC
2024-09-02 09:00:00,L18,11,15,0.08876766692922769,0.47901420000000006,0.18531322647476353,0,Robust_UC
2024-09-02 09:00:00,L19,11,116,-0.0010766601969818199,0.47629035,0.002260512305113509,0,Robust_UC
2024-09-02 09:00:00,L20,12,14,0.0414644898581396,0.46383434999999995,0.0893950391085516,0,Robust_UC
2024-09-02 09:00:00,L21,13,14,0.060770257964353445,0.4657392,0.13048130362304364,0,Robust_UC
2024-09-02 09:00:00,L22,14,16,0.027610893758024946,0.46094040000000003,0.059901223147341705,0,Robust_UC
2024-09-02 09:00:00,L23,14,18,0.04257571779007949,0.44951085,0.09471566212490641,0,Robust_UC
2024-09-02 09:00:00,L24,14,32,0.0025875519056830568,0.44311995,0.005839393838356989,0,Robust_UC
2024-09-02 09:00:00,L25,15,16,0.05930708256052233,0.47121300000000005,0.12586045495460083,0,Robust_UC
2024-09-02 09:00:00,L26,16,17,0.006944081917536267,0.45820395,0.015155002303092906,0,Robust_UC
2024-09-02 09:00:00,L27,16,30,0.04836465153393532,0.46605824999999995,0.10377383413754682,0,Robust_UC
2024-09-02 09:00:00,L28,16,112,0.021996753793849667,0.4605039,0.04776670467687606,0,Robust_UC
2024-09-02 09:00:00,L29,17,18,0.008020742114518087,0.4457466,0.017993950182722845,0,Robust_UC
2024-09-02 09:00:00,L30,18,19,0.04555075469125289,0.44736345,0.10182046542079574,0,Robust_UC
2024-09-02 09:00:00,L31,18,33,-0.024414879155360683,0.42043410000000003,0.05807064449663022,0,Robust_UC
2024-09-02 09:00:00,L32,19,20,0.01609017032254752,0.46621125,0.03451261702189194,0,Robust_UC
2024-09-02 09:00:00,L33,20,21,-0.013370414046157846,0.47334555,0.028246624577241395,0,Robust_UC
2024-09-02 09:00:00,L34,21,22,-0.012293753849176026,0.472149,0.026037869081955115,0,Robust_UC
2024-09-02 09:00:00,L35,22,23,-0.02354867927923561,0.47093039999999997,0.05000458513452436,0,Robust_UC
2024-09-02 09:00:00,L36,22,24,-0.012334245572811264,0.46433340000000006,0.026563339128331632,0,Robust_UC
2024-09-02 09:00:00,L37,22,31,-0.005871413365834518,0.47048625,0.012479457934922684,0,Robust_UC
2024-09-02 09:00:00,L38,23,69,-0.038680287538973915,0.4705677,0.08219919798782177,0,Robust_UC
2024-09-02 09:00:00,L39,23,71,-0.014328976108967065,0.47252115000000006,0.030324517979707498,0,Robust_UC
2024-09-02 09:00:00,L40,24,26,0.01850846015925621,0.45485145000000005,0.040691219428356684,0,Robust_UC
2024-09-02 09:00:00,L41,25,24,0.029766045535085654,0.35101034999999997,0.08480104798928481,0,Robust_UC
2024-09-02 09:00:00,L42,25,29,-0.028689385338103834,0.42704145000000004,0.06718173455551875,0,Robust_UC
2024-09-02 09:00:00,L43,26,27,0.006185373257238946,0.47590515,0.012997071490482813,0,Robust_UC
2024-09-02 09:00:00,L44,26,31,-0.012045627952279592,0.46696995,0.025795295719306117,0,Robust_UC
2024-09-02 09:00:00,L45,26,114,-0.00509186951440832,0.47349494999999997,0.010753798988581231,0,Robust_UC
2024-09-02 09:00:00,L46,27,28,0.007262033454220766,0.48221145,0.015059852797399909,0,Robust_UC
2024-09-02 09:00:00,L47,28,30,-0.0221985509144846,0.47714265,0.04652392929972745,0,Robust_UC
2024-09-02 09:00:00,L48,29,16,0.01984809529547943,0.3330558,0.059593903770717785,0,Robust_UC
2024-09-02 09:00:00,L49,29,37,-0.006074044193405223,0.40177035,0.01511819922352464,0,Robust_UC
2024-09-02 09:00:00,L50,30,31,-0.003294483749254673,0.4679505,0.007040239831466518,0,Robust_UC
2024-09-02 09:00:00,L51,31,112,-0.023073413990831487,0.46358594999999997,0.049771598968500856,0,Robust_UC
2024-09-02 09:00:00,L52,31,113,0.002938549120444778,0.47169045000000004,0.006229825345085485,0,Robust_UC
2024-09-02 09:00:00,L53,32,36,0.0036642121026648766,0.40875615,0.008964298403008436,0,Robust_UC
2024-09-02 09:00:00,L54,33,35,-0.0025878513852773954,0.4088799,0.006329123503692393,0,Robust_UC
2024-09-02 09:00:00,L55,33,36,-0.011909074626371086,0.40276799999999996,0.029568075483581334,0,Robust_UC
2024-09-02 09:00:00,L56,33,42,-0.008841292946730379,0.40599044999999995,0.02177709585713255,0,Robust_UC
2024-09-02 09:00:00,L57,34,35,0.0015111911882955756,0.40829309999999996,0.003701241065047574,0,Robust_UC
2024-09-02 09:00:00,L58,34,36,-0.0078100320527981215,0.39626190000000006,0.019709268170364398,0,Robust_UC
2024-09-02 09:00:00,L59,36,38,-0.0038306282790963805,0.38882789999999995,0.009851732036452067,0,Robust_UC
2024-09-02 09:00:00,L60,36,39,-0.006584596361210948,0.38130435,0.017268610655008128,0,Robust_UC
2024-09-02 09:00:00,L61,37,36,0.004563009739213475,0.29373659999999996,0.015534358807222102,0,Robust_UC
2024-09-02 09:00:00,L62,37,64,-0.009560393735641437,0.36143414999999995,0.02645127400286176,0,Robust_UC
2024-09-02 09:00:00,L63,38,39,-0.0027539680821145607,0.37537244999999997,0.007336628146563662,0,Robust_UC
2024-09-02 09:00:00,L64,39,40,-0.003112854814441811,0.36336060000000003,0.008566847408447174,0,Robust_UC
2024-09-02 09:00:00,L65,39,41,-0.005149049431901809,0.35154945,0.014646728737313652,0,Robust_UC
2024-09-02 09:00:00,L66,40,41,-0.002036194617459991,0.34611255,0.005883041852888579,0,Robust_UC
2024-09-02 09:00:00,L67,41,48,-0.003054291926190056,0.34962210000000005,0.008735980723730151,0,Robust_UC
2024-09-02 09:00:00,L68,41,48,-0.003054291926190056,0.34962210000000005,0.008735980723730151,0,Robust_UC
2024-09-02 09:00:00,L69,42,43,-0.00776463274974856,0.39337425000000004,0.01973853842682524,0,Robust_UC
2024-09-02 09:00:00,L70,43,44,-0.00668797255276674,0.38489175,0.017376242937830546,0,Robust_UC
2024-09-02 09:00:00,L71,44,45,-0.0022081982593563643,0.3826035,0.005771505643195539,0,Robust_UC
2024-09-02 09:00:00,L72,44,48,-0.0034031140964281836,0.37018889999999993,0.009192912311601412,0,Robust_UC
2024-09-02 09:00:00,L73,45,46,4.249954652202348e-06,0.38677905,1.0988068387370898e-05,0,Robust_UC
2024-09-02 09:00:00,L74,45,47,-0.0011357880170268161,0.37397294999999997,0.003037086016587072,0,Robust_UC
2024-09-02 09:00:00,L75,46,48,-0.0011991657917240217,0.3774852,0.0031767226681311523,0,Robust_UC
2024-09-02 09:00:00,L76,46,68,0.0022800759433578843,0.40899104999999997,0.005574879800811985,0,Robust_UC
2024-09-02 09:00:00,L77,47,48,-5.912782004499628e-05,0.36427365,0.0001623170384270075,0,Robust_UC
2024-09-02 09:00:00,L78,48,49,-0.0023217621806321856,0.36637875000000003,0.006337054702632686,0,Robust_UC
2024-09-02 09:00:00,L79,48,50,-0.002975879834148265,0.37284794999999993,0.00798148369636541,0,Robust_UC
2024-09-02 09:00:00,L80,48,53,-0.0026894286840235537,0.34581824999999994,0.0077770004446658155,0,Robust_UC
2024-09-02 09:00:00,L81,48,53,-0.0026894286840235537,0.34581824999999994,0.0077770004446658155,0,Robust_UC
2024-09-02 09:00:00,L82,48,65,-0.0012480368579248502,0.3399282,0.003671471969447813,0,Robust_UC
2024-09-02 09:00:00,L83,48,65,-0.0012480368579248502,0.3399282,0.003671471969447813,0,Robust_UC
2024-09-02 09:00:00,L84,48,68,0.003479241735081906,0.39581594999999997,0.008790049352690073,0,Robust_UC
2024-09-02 09:00:00,L85,49,56,-0.0012451019836503658,0.3701565,0.0033637177346618682,0,Robust_UC
2024-09-02 09:00:00,L86,50,51,-0.0009811764802736267,0.38319344999999994,0.002560525187144057,0,Robust_UC
2024-09-02 09:00:00,L87,50,57,-0.0009180431568923328,0.37608434999999996,0.002441056525995652,0,Robust_UC
2024-09-02 09:00:00,L88,51,52,9.548371670825562e-05,0.38088180000000005,0.0002506912031718386,0,Robust_UC
2024-09-02 09:00:00,L89,52,53,0.0011721439136900824,0.3590514,0.003264557424619657,0,Robust_UC
2024-09-02 09:00:00,L90,53,54,-0.0010516783635893256,0.3256929,0.0032290490937607963,0,Robust_UC
2024-09-02 09:00:00,L91,53,55,-0.001045877266927564,0.3404124,0.0030723829887735112,0,Robust_UC
2024-09-02 09:00:00,L92,53,58,-0.0010324976268586417,0.327222,0.0031553429380012394,0,Robust_UC
2024-09-02 09:00:00,L93,54,55,5.801096661761651e-06,0.33776505,1.7174946495386812e-05,0,Robust_UC
2024-09-02 09:00:00,L94,54,58,1.918073673068399e-05,0.3245003999999999,5.910851490686604e-05,0,Robust_UC
2024-09-02 09:00:00,L95,55,56,0.00016844178666854578,0.3602844,0.0004675245074961497,0,Robust_UC
2024-09-02 09:00:00,L96,55,57,-0.00015861704008948707,0.36404505,0.00043570717439912196,0,Robust_UC
2024-09-02 09:00:00,L97,55,58,1.3379640068922338e-05,0.3333456,4.013744314885913e-05,0,Robust_UC
2024-09-02 09:00:00,L98,55,58,1.3379640068922338e-05,0.3333456,4.013744314885913e-05,0,Robust_UC
2024-09-02 09:00:00,L99,58,59,-0.00010524127772132408,0.32842575,0.00032044161495048445,0,Robust_UC
2024-09-02 09:00:00,L100,58,60,0.0001494832593603168,0.318204,0.00046977177961407405,0,Robust_UC
2024-09-02 09:00:00,L101,59,60,0.0002547245370816409,0.3270906,0.0007787583534398141,0,Robust_UC
2024-09-02 09:00:00,L102,59,61,0.0007166943821788618,0.3336012,0.0021483567270707115,0,Robust_UC
2024-09-02 09:00:00,L103,60,61,0.00046196984509722094,0.32262929999999995,0.001431890547750068,0,Robust_UC
2024-09-02 09:00:00,L104,61,65,0.0018624363484998074,0.33056595,0.005634084056448668,0,Robust_UC
2024-09-02 09:00:00,L105,61,66,0.00039288807575899726,0.33502184999999995,0.0011727237365532943,0,Robust_UC
2024-09-02 09:00:00,L106,62,58,-4.586060535265342e-05,0.24712605000000004,0.00018557576327001305,0,Robust_UC
2024-09-02 09:00:00,L107,62,63,0.0011225208023344733,0.32604435,0.0034428469695440924,0,Robust_UC
2024-09-02 09:00:00,L108,63,60,-0.00101889814832673,0.22813019999999995,0.004466301034789477,0,Robust_UC
2024-09-02 09:00:00,L109,63,64,0.0032180791476430232,0.33180299999999996,0.009698764470613658,0,Robust_UC
2024-09-02 09:00:00,L110,64,65,-0.001912571102372751,0.20915009999999998,0.009144490499276601,0,Robust_UC
2024-09-02 09:00:00,L111,64,67,-0.003353083288643804,0.21152159999999998,0.0158522027473497,0,Robust_UC
2024-09-02 09:00:00,L112,65,66,-0.0014695482727408171,0.3323646,0.004421494565729374,0,Robust_UC
2024-09-02 09:00:00,L113,67,68,0.006167790779277734,0.32106104999999996,0.0192106478792047,0,Robust_UC
2024-09-02 09:00:00,L114,68,69,0.021380440066204067,0.4517658,0.04732638031963479,0,Robust_UC
2024-09-02 09:00:00,L115,68,74,0.003524538269324917,0.44746065,0.00787675579813536,0,Robust_UC
2024-09-02 09:00:00,L116,68,76,-0.011901209680829417,0.44147699999999995,0.026957711683347985,0,Robust_UC
2024-09-02 09:00:00,L117,69,70,0.011098995518021605,0.4703256,0.02359853581863629,0,Robust_UC
2024-09-02 09:00:00,L118,69,73,-0.009466280996930483,0.47338559999999996,0.01999697708787611,0,Robust_UC
2024-09-02 09:00:00,L119,69,74,-0.017855901796879146,0.46537605,0.03836875962327487,0,Robust_UC
2024-09-02 09:00:00,L120,70,71,0.013252315911985245,0.4645313999999999,0.028528353329796967,0,Robust_UC
2024-09-02 09:00:00,L121,70,72,-0.0010766601969818199,0.46204514999999996,0.002330205602162083,0,Robust_UC
2024-09-02 09:00:00,L122,73,74,-0.008389620799948663,0.4710348,0.017811042411194807,0,Robust_UC
2024-09-02 09:00:00,L123,74,76,-0.015425747950154334,0.45895725,0.03361042439171477,0,Robust_UC
2024-09-02 09:00:00,L124,74,117,-0.0062185761803665906,0.46871325,0.013267336010591955,0,Robust_UC
2024-09-02 09:00:00,L125,75,76,-0.004065255786402951,0.46096919999999997,0.008818931473953035,0,Robust_UC
2024-09-02 09:00:00,L126,75,117,0.005141915983384771,0.4700934,0.010938073122032283,0,Robust_UC
2024-09-02 09:00:00,L127,76,77,-0.0037183362801093134,0.46640745,0.007972291780736593,0,Robust_UC
2024-09-02 09:00:00,L128,76,79,-0.007925028249382404,0.46031894999999995,0.017216384963909058,0,Robust_UC
2024-09-02 09:00:00,L129,76,79,-0.007925028249382404,0.46031894999999995,0.017216384963909058,0,Robust_UC
2024-09-02 09:00:00,L130,76,81,-0.010747160441531511,0.4431897000000001,0.02424957177825096,0,Robust_UC
2024-09-02 09:00:00,L131,77,78,-0.002641676083127431,0.4816593,0.005484532496574718,0,Robust_UC
2024-09-02 09:00:00,L132,78,79,-0.0015650158861456598,0.47915505,0.0032661992942486146,0,Robust_UC
2024-09-02 09:00:00,L133,79,95,-0.005350736553976165,0.46205414999999994,0.01158032354860608,0,Robust_UC
2024-09-02 09:00:00,L134,79,96,-0.003213698375478989,0.47741490000000003,0.00673145805771665,0,Robust_UC
2024-09-02 09:00:00,L135,79,97,-0.007032435367724597,0.47061405000000006,0.01494310543368732,0,Robust_UC
2024-09-02 09:00:00,L136,79,98,-0.0070324353677245766,0.46691325000000006,0.01506154594611435,0,Robust_UC
2024-09-02 09:00:00,L137,80,67,0.007367553673957898,0.3178637999999999,0.023178335104399747,0,Robust_UC
2024-09-02 09:00:00,L138,80,79,-0.006290893476976078,0.39174659999999994,0.01605857836922153,0,Robust_UC
2024-09-02 09:00:00,L139,81,82,-0.007141895882722626,0.4048461,0.017641014407012014,0,Robust_UC
2024-09-02 09:00:00,L140,81,95,-0.002528604361827058,0.44236890000000006,0.005716053641716354,0,Robust_UC
2024-09-02 09:00:00,L141,82,83,-0.002380631960907542,0.37704869999999996,0.00631385802658262,0,Robust_UC
2024-09-02 09:00:00,L142,82,84,-0.0036846037248332575,0.37064430000000004,0.00994107753669288,0,Robust_UC
2024-09-02 09:00:00,L143,83,84,-0.0013039717639257153,0.36047565000000004,0.0036173643460403367,0,Robust_UC
2024-09-02 09:00:00,L144,84,85,-0.0021533203939636397,0.34769340000000004,0.006193158667848281,0,Robust_UC
2024-09-02 09:00:00,L145,84,87,-0.0009450850315984791,0.34072965,0.0027737093956997257,0,Robust_UC
2024-09-02 09:00:00,L146,84,88,-0.0008135098662151452,0.34467659999999994,0.0023602120544740936,0,Robust_UC
2024-09-02 09:00:00,L147,86,85,0.0010766601969818199,0.28543139999999995,0.003772045391578572,0,Robust_UC
2024-09-02 09:00:00,L148,87,88,0.0001315751653833408,0.3369474,0.000390491706964769,0,Robust_UC
2024-09-02 09:00:00,L149,88,89,-0.0005054363071450759,0.31691339999999996,0.0015948719970347608,0,Robust_UC
2024-09-02 09:00:00,L150,88,89,-0.0005054363071450759,0.31691339999999996,0.0015948719970347608,0,Robust_UC
2024-09-02 09:00:00,L151,88,91,0.0007027990552200825,0.3637242,0.0019322306715365172,0,Robust_UC
2024-09-02 09:00:00,L152,88,91,0.0007027990552200825,0.3637242,0.0019322306715365172,0,Robust_UC
2024-09-02 09:00:00,L153,89,90,6.578758269166801e-05,0.33528870000000005,0.00019621175032641424,0,Robust_UC
2024-09-02 09:00:00,L154,90,91,0.0011424477796734833,0.3804678,0.0030027449883366824,0,Robust_UC
2024-09-02 09:00:00,L155,91,92,0.0008655099969285263,0.41554215,0.0020828452587265244,0,Robust_UC
2024-09-02 09:00:00,L156,91,93,0.002807680190838824,0.42559739999999996,0.006597033231027314,0,Robust_UC
2024-09-02 09:00:00,L157,91,99,0.000771132072232672,0.4251762,0.0018136764763236324,0,Robust_UC
2024-09-02 09:00:00,L158,91,101,-0.0008196161729042695,0.41574645000000005,0.0019714327636574393,0,Robust_UC
2024-09-02 09:00:00,L159,92,93,0.0019421701939102975,0.43531155,0.00446156366379504,0,Robust_UC
2024-09-02 09:00:00,L160,93,94,0.002262132834451626,0.45128025,0.005012700720786309,0,Robust_UC
2024-09-02 09:00:00,L161,93,95,0.005600925865885065,0.44872245000000005,0.012481938146587192,0,Robust_UC
2024-09-02 09:00:00,L162,93,99,-0.002036548118606152,0.4429962,0.004597213516969563,0,Robust_UC
2024-09-02 09:00:00,L163,94,95,0.0033387930314334457,0.45922229999999997,0.00727053767082619,0,Robust_UC
2024-09-02 09:00:00,L164,95,96,0.0021370381784971693,0.469728,0.004549522656722975,0,Robust_UC
2024-09-02 09:00:00,L165,97,99,-0.0059557751707427775,0.45473759999999996,0.013097168940379635,0,Robust_UC
2024-09-02 09:00:00,L166,98,99,-0.005955775170742805,0.45157454999999996,0.013188907946080677,0,Robust_UC
2024-09-02 09:00:00,L167,99,100,-0.0013337042210593841,0.44414460000000006,0.0030028603771370494,0,Robust_UC
2024-09-02 09:00:00,L168,99,102,-0.004098733991268588,0.43902945000000004,0.009335897606114096,0,Robust_UC
2024-09-02 09:00:00,L169,99,103,-0.0032596815618965436,0.43969725,0.007413468157684734,0,Robust_UC
2024-09-02 09:00:00,L170,99,105,-0.003408186416652681,0.43592445,0.007818296075507306,0,Robust_UC
2024-09-02 09:00:00,L171,100,101,-0.00025704402407755733,0.43879365,0.0005857970462370121,0,Robust_UC
2024-09-02 09:00:00,L172,102,103,0.0008390524293720447,0.43664040000000004,0.0019216097030234597,0,Robust_UC
2024-09-02 09:00:00,L173,102,104,-0.0005049165061707384,0.4313898,0.0011704414572869788,0,Robust_UC
2024-09-02 09:00:00,L174,102,109,-0.003356209717488151,0.43662915,0.007686636857589905,0,Robust_UC
2024-09-02 09:00:00,L175,103,104,-0.001343968935542783,0.43296704999999996,0.0031040905665749466,0,Robust_UC
2024-09-02 09:00:00,L176,104,105,0.0011954640807866346,0.4283500499999999,0.0027908578061018896,0,Robust_UC
2024-09-02 09:00:00,L177,104,106,5.9401941902410826e-05,0.4245426,0.00013991986175806816,0,Robust_UC
2024-09-02 09:00:00,L178,104,107,-0.002027091267420948,0.43129755000000003,0.004699983265429975,0,Robust_UC
2024-09-02 09:00:00,L179,105,106,-0.0011360621388842307,0.4254606,0.0026701935241106476,0,Robust_UC
2024-09-02 09:00:00,L180,107,108,-0.0009504310704391283,0.4366377,0.002176704096872827,0,Robust_UC
2024-09-02 09:00:00,L181,108,109,0.00012622912654269153,0.43862759999999995,0.00028778199671587366,0,Robust_UC
2024-09-02 09:00:00,L182,109,110,-0.0010766601969818199,0.43935254999999995,0.002450560937866003,0,Robust_UC
2024-09-02 09:00:00,L183,109,111,-0.0010766601969818199,0.43699499999999997,0.0024637815008909025,0,Robust_UC
2024-09-02 09:00:00,L184,113,114,0.0040152093174264936,0.47739734999999994,0.00841062338830849,0,Robust_UC
2024-09-02 09:00:00,L185,115,67,0.0010766601969818199,0.3076497,0.0034996302514899895,0,Robust_UC
2024-09-02 10:00:00,L0,0,1,0.03980539066131608,0.48556575,0.08197734428615709,0,Robust_UC
2024-09-02 10:00:00,L1,0,2,0.10925777794450073,0.48455685,0.22547979240103763,0,Robust_UC
2024-09-02 10:00:00,L2,1,11,0.15886855926713286,0.48395699999999997,0.3282699894146234,0,Robust_UC
2024-09-02 10:00:00,L3,2,4,0.12118919270027628,0.47837745,0.25333383231228035,0,Robust_UC
2024-09-02 10:00:00,L4,2,11,0.08941617198394824,0.48196439999999996,0.18552443289161658,0,Robust_UC
2024-09-02 10:00:00,L5,3,4,-0.02783191736056366,0.4745268,0.05865193991269547,0,Robust_UC
2024-09-02 10:00:00,L6,3,10,-0.0031049140336195484,0.47688975,0.006510758584388841,0,Robust_UC
2024-09-02 10:00:00,L7,4,5,0.009584351777438178,0.47593890000000005,0.020137777721968463,0,Robust_UC
2024-09-02 10:00:00,L8,4,10,0.024727003326944032,0.4746599999999999,0.05209413754465098,0,Robust_UC
2024-09-02 10:00:00,L9,5,6,-0.02135247961674503,0.48127635,0.04436635961178028,0,Robust_UC
2024-09-02 10:00:00,L10,6,11,-0.020004892877021268,0.482256,0.04148189525277294,0,Robust_UC
2024-09-02 10:00:00,L11,7,4,-0.06039350697505414,0.38545739999999995,0.15668010777599328,0,Robust_UC
2024-09-02 10:00:00,L12,7,8,-0.0026951734794475285,0.44389169999999994,0.006071691539732617,0,Robust_UC
2024-09-02 10:00:00,L13,7,29,0.032151849060318205,0.43390755000000003,0.07409838584352405,0,Robust_UC
2024-09-02 10:00:00,L14,8,9,-0.0013475867397237642,0.4441716,0.0030339326956603354,0,Robust_UC
2024-09-02 10:00:00,L15,10,11,-0.0565000240432724,0.47983050000000005,0.1177499638794791,0,Robust_UC
2024-09-02 10:00:00,L16,10,12,0.04718528194241368,0.47466449999999993,0.09940764886022377,0,Robust_UC
2024-09-02 10:00:00,L17,11,13,0.059293084897096296,0.4768753499999999,0.12433665295783543,0,Robust_UC
2024-09-02 10:00:00,L18,11,15,0.08289748477923209,0.47901420000000006,0.17305851220951712,0,Robust_UC
2024-09-02 10:00:00,L19,11,116,-0.0013475867397237645,0.47629035,0.00282933874205884,0,Robust_UC
2024-09-02 10:00:00,L20,12,14,0.01624845054823047,0.46383434999999995,0.03503071850592883,0,Robust_UC
2024-09-02 10:00:00,L21,13,14,0.060640671636820055,0.4657392,0.13020306565738948,0,Robust_UC
2024-09-02 10:00:00,L22,14,16,0.014924381630364691,0.46094040000000003,0.032378115761527285,0,Robust_UC
2024-09-02 10:00:00,L23,14,18,0.03549331702932196,0.44951085,0.0789598672186043,0,Robust_UC
2024-09-02 10:00:00,L24,14,32,0.02781901026508764,0.44311995,0.06277986415436192,0,Robust_UC
2024-09-02 10:00:00,L25,15,16,0.05196065338504888,0.47121300000000005,0.11026999124610075,0,Robust_UC
2024-09-02 10:00:00,L26,16,17,0.00961067432961676,0.45820395,0.02097466494912748,0,Robust_UC
2024-09-02 10:00:00,L27,16,30,0.04835078813837771,0.46605824999999995,0.10374408807992931,0,Robust_UC
2024-09-02 10:00:00,L28,16,112,0.020810920699724456,0.4605039,0.045191627475303586,0,Robust_UC
2024-09-02 10:00:00,L29,17,18,0.010958261069340523,0.4457466,0.02458405979841579,0,Robust_UC
2024-09-02 10:00:00,L30,18,19,0.016052037550487057,0.44736345,0.03588142381879221,0,Robust_UC
2024-09-02 10:00:00,L31,18,33,-0.0005372908460077805,0.42043410000000003,0.0012779430736179116,0,Robust_UC
2024-09-02 10:00:00,L32,19,20,0.01739962429021082,0.46621125,0.03732133081346883,0,Robust_UC
2024-09-02 10:00:00,L33,20,21,0.010851502152855054,0.47334555,0.022925117079594503,0,Robust_UC
2024-09-02 10:00:00,L34,21,22,-0.020085329241328154,0.472149,0.04254023463213552,0,Robust_UC
2024-09-02 10:00:00,L35,22,23,-0.041900517134415546,0.47093039999999997,0.08897390598359237,0,Robust_UC
2024-09-02 10:00:00,L36,22,24,-0.007304301489086423,0.46433340000000006,0.01573072600223551,0,Robust_UC
2024-09-02 10:00:00,L37,22,31,-0.001817342012009393,0.47048625,0.0038626888926284095,0,Robust_UC
2024-09-02 10:00:00,L38,23,69,-0.029067111056295076,0.4705677,0.06177030649637678,0,Robust_UC
2024-09-02 10:00:00,L39,23,71,-0.01148581933839671,0.47252115000000006,0.024307524305307197,0,Robust_UC
2024-09-02 10:00:00,L40,24,26,0.018728193657838038,0.45485145000000005,0.04117430791489845,0,Robust_UC
2024-09-02 10:00:00,L41,25,24,0.024684908407200695,0.35101034999999997,0.07032530068472538,0,Robust_UC
2024-09-02 10:00:00,L42,25,29,-0.023337321667476933,0.42704145000000004,0.05464884419879365,0,Robust_UC
2024-09-02 10:00:00,L43,26,27,0.006793927911059913,0.47590515,0.014275802459922767,0,Robust_UC
2024-09-02 10:00:00,L44,26,31,-0.013241234180761,0.46696995,0.028355645113269063,0,Robust_UC
2024-09-02 10:00:00,L45,26,114,-0.005761331466644097,0.47349494999999997,0.012167672467560842,0,Robust_UC
2024-09-02 10:00:00,L46,27,28,0.008141514650783676,0.48221145,0.016883702472812862,0,Robust_UC
2024-09-02 10:00:00,L47,28,30,-0.022795316743399532,0.47714265,0.04777463666976644,0,Robust_UC
2024-09-02 10:00:00,L48,29,16,0.010539761412581615,0.3330558,0.03164563239127382,0,Robust_UC
2024-09-02 10:00:00,L49,29,37,-0.00037764728001776836,0.40177035,0.0009399580631516695,0,Robust_UC
2024-09-02 10:00:00,L50,30,31,-0.00538135999920503,0.4679505,0.011499848807096114,0,Robust_UC
2024-09-02 10:00:00,L51,31,112,-0.022158507439448222,0.46358594999999997,0.04779805651885745,0,Robust_UC
2024-09-02 10:00:00,L52,31,113,0.0030661579871965683,0.47169045000000004,0.00650036053771402,0,Robust_UC
2024-09-02 10:00:00,L53,32,36,-0.0031178211290955674,0.40875615,0.007627582188293846,0,Robust_UC
2024-09-02 10:00:00,L54,33,35,0.02751855237840877,0.4088799,0.06730228700018948,0,Robust_UC
2024-09-02 10:00:00,L55,33,36,-0.010254837047323329,0.40276799999999996,0.025460903168383113,0,Robust_UC
2024-09-02 10:00:00,L56,33,42,-0.01645341943736949,0.40599044999999995,0.040526616912711845,0,Robust_UC
2024-09-02 10:00:00,L57,34,35,0.003418279015774437,0.40829309999999996,0.00837212045898997,0,Robust_UC
2024-09-02 10:00:00,L58,34,36,-0.034355110409957645,0.39626190000000006,0.08669799041986535,0,Robust_UC
2024-09-02 10:00:00,L59,36,38,-0.009011184129384033,0.38882789999999995,0.0231752508741889,0,Robust_UC
2024-09-02 10:00:00,L60,36,39,-0.01667478151904428,0.38130435,0.04373089769116004,0,Robust_UC
2024-09-02 10:00:00,L61,37,36,0.020694216198224417,0.29373659999999996,0.07045160936098675,0,Robust_UC
2024-09-02 10:00:00,L62,37,64,-0.019724276738518422,0.36143414999999995,0.05457225538460719,0,Robust_UC
2024-09-02 10:00:00,L63,38,39,-0.0076635973896602705,0.37537244999999997,0.020415982551890186,0,Robust_UC
2024-09-02 10:00:00,L64,39,40,-0.00811279296956818,0.36336060000000003,0.022327112432025318,0,Robust_UC
2024-09-02 10:00:00,L65,39,41,-0.014877999199412573,0.35154945,0.0423212131306494,0,Robust_UC
2024-09-02 10:00:00,L66,40,41,-0.006765206229844417,0.34611255,0.019546260977374028,0,Robust_UC
2024-09-02 10:00:00,L67,41,48,-0.010147809344766556,0.34962210000000005,0.029025079778327956,0,Robust_UC
2024-09-02 10:00:00,L68,41,48,-0.010147809344766556,0.34962210000000005,0.029025079778327956,0,Robust_UC
2024-09-02 10:00:00,L69,42,43,-0.015105832697645729,0.39337425000000004,0.03840066475537158,0,Robust_UC
2024-09-02 10:00:00,L70,43,44,-0.013758245957921966,0.38489175,0.035745754378788235,0,Robust_UC
2024-09-02 10:00:00,L71,44,45,-0.005772730200589049,0.3826035,0.015088022458208169,0,Robust_UC
2024-09-02 10:00:00,L72,44,48,-0.006637929017609567,0.37018889999999993,0.017931194094716423,0,Robust_UC
2024-09-02 10:00:00,L73,45,46,-0.0033187506824930435,0.38677905,0.008580482015489317,0,Robust_UC
2024-09-02 10:00:00,L74,45,47,-0.0011063927783721526,0.37397294999999997,0.0029584834367623455,0,Robust_UC
2024-09-02 10:00:00,L75,46,48,0.0024535518654725252,0.3774852,0.006499729964174821,0,Robust_UC
2024-09-02 10:00:00,L76,46,68,-0.004424715808241886,0.40899104999999997,0.010818612799086646,0,Robust_UC
2024-09-02 10:00:00,L77,47,48,0.0002411939613516101,0.36427365,0.0006621229983327371,0,Robust_UC
2024-09-02 10:00:00,L78,48,49,-0.0028791341053269123,0.36637875000000003,0.00785835451790507,0,Robust_UC
2024-09-02 10:00:00,L79,48,50,-0.003692756899780991,0.37284794999999993,0.009904189897734431,0,Robust_UC
2024-09-02 10:00:00,L80,48,53,-0.003311299255652933,0.34581824999999994,0.00957525884088805,0,Robust_UC
2024-09-02 10:00:00,L81,48,53,-0.003311299255652933,0.34581824999999994,0.00957525884088805,0,Robust_UC
2024-09-02 10:00:00,L82,48,65,-0.0014092289752333231,0.3399282,0.004145666570862091,0,Robust_UC
2024-09-02 10:00:00,L83,48,65,-0.0014092289752333231,0.3399282,0.004145666570862091,0,Robust_UC
2024-09-02 10:00:00,L84,48,68,-0.006878267673714411,0.39581594999999997,0.01737743937230021,0,Robust_UC
2024-09-02 10:00:00,L85,49,56,-0.0015315473656031496,0.3701565,0.0041375671252649885,0,Robust_UC
2024-09-02 10:00:00,L86,50,51,-0.0012204341916810825,0.38319344999999994,0.0031849035824622856,0,Robust_UC
2024-09-02 10:00:00,L87,50,57,-0.0011247359683761136,0.37608434999999996,0.0029906481574575325,0,Robust_UC
2024-09-02 10:00:00,L88,51,52,0.0001271525480426802,0.38088180000000005,0.0003338372903159988,0,Robust_UC
2024-09-02 10:00:00,L89,52,53,0.001474739287766443,0.3590514,0.004107320811912843,0,Robust_UC
2024-09-02 10:00:00,L90,53,54,-0.0012869648058848604,0.3256929,0.0039514671823821165,0,Robust_UC
2024-09-02 10:00:00,L91,53,55,-0.0012833428411564984,0.3404124,0.003769965022297949,0,Robust_UC
2024-09-02 10:00:00,L92,53,58,-0.0012299648367744553,0.327222,0.003758808505462516,0,Robust_UC
2024-09-02 10:00:00,L93,54,55,3.6219647283619594e-06,0.33776505,1.0723325957975698e-05,0,Robust_UC
2024-09-02 10:00:00,L94,54,58,5.699996911040506e-05,0.3245003999999999,0.0001756545419062814,0,Robust_UC
2024-09-02 10:00:00,L95,55,56,0.00018396062587938689,0.3602844,0.000510598365844835,0,Robust_UC
2024-09-02 10:00:00,L96,55,57,-0.00022285077134764908,0.36404505,0.0006121516316391312,0,Robust_UC
2024-09-02 10:00:00,L97,55,58,5.33780043820431e-05,0.3333456,0.00016012812043129742,0,Robust_UC
2024-09-02 10:00:00,L98,55,58,5.33780043820431e-05,0.3333456,0.00016012812043129742,0,Robust_UC
2024-09-02 10:00:00,L99,58,59,-9.882827658470136e-05,0.32842575,0.00030091512795419164,0,Robust_UC
2024-09-02 10:00:00,L100,58,60,0.0002446694211717614,0.318204,0.0007689074341358418,0,Robust_UC
2024-09-02 10:00:00,L101,59,60,0.00034349769775646275,0.3270906,0.0010501607131371638,0,Robust_UC
2024-09-02 10:00:00,L102,59,61,0.0009052607653825986,0.3336012,0.0027136016458651786,0,Robust_UC
2024-09-02 10:00:00,L103,60,61,0.0005617630676261374,0.32262929999999995,0.001741202884010031,0,Robust_UC
2024-09-02 10:00:00,L104,61,65,0.002325602628396206,0.33056595,0.007035215297873862,0,Robust_UC
2024-09-02 10:00:00,L105,61,66,0.0004890079443362096,0.33502184999999995,0.0014596300042406477,0,Robust_UC
2024-09-02 10:00:00,L106,62,58,-0.00013553673623692268,0.24712605000000004,0.0005484518375821677,0,Robust_UC
2024-09-02 10:00:00,L107,62,63,0.001483123475960687,0.32604435,0.004548839677671725,0,Robust_UC
2024-09-02 10:00:00,L108,63,60,-0.001373990791025851,0.22813019999999995,0.006022836042864343,0,Robust_UC
2024-09-02 10:00:00,L109,63,64,0.004204701006710302,0.33180299999999996,0.012672281464333664,0,Robust_UC
2024-09-02 10:00:00,L110,64,65,-0.0026913261017121153,0.20915009999999998,0.012867916877458417,0,Robust_UC
2024-09-02 10:00:00,L111,64,67,-0.011480662890372242,0.21152159999999998,0.05427655090719928,0,Robust_UC
2024-09-02 10:00:00,L112,65,66,-0.0018365946840599723,0.3323646,0.005525843257855897,0,Robust_UC
2024-09-02 10:00:00,L113,67,68,0.0033202980901720323,0.32106104999999996,0.010341640912754857,0,Robust_UC
2024-09-02 10:00:00,L114,68,69,0.012621192191783037,0.4517658,0.027937467138466517,0,Robust_UC
2024-09-02 10:00:00,L115,68,74,-0.001957206390984789,0.44746065,0.004374030187871915,0,Robust_UC
2024-09-02 10:00:00,L116,68,76,-0.017299084452855384,0.44147699999999995,0.039184565567074586,0,Robust_UC
2024-09-02 10:00:00,L117,69,70,0.00744305911922542,0.4703256,0.01582533274655987,0,Robust_UC
2024-09-02 10:00:00,L118,69,73,-0.007962992661245807,0.47338559999999996,0.016821366474277646,0,Robust_UC
2024-09-02 10:00:00,L119,69,74,-0.014578398582767826,0.46537605,0.03132606111287383,0,Robust_UC
2024-09-02 10:00:00,L120,70,71,0.010138232598672947,0.4645313999999999,0.021824644359182067,0,Robust_UC
2024-09-02 10:00:00,L121,70,72,-0.0013475867397237627,0.46204514999999996,0.002916569386614626,0,Robust_UC
2024-09-02 10:00:00,L122,73,74,-0.006615405921522044,0.4710348,0.01404441014023177,0,Robust_UC
2024-09-02 10:00:00,L123,74,76,-0.015341878061870595,0.45895725,0.033427684303648314,0,Robust_UC
2024-09-02 10:00:00,L124,74,117,-0.0064615460936806365,0.46871325,0.013785712466376054,0,Robust_UC
2024-09-02 10:00:00,L125,75,76,-0.003766372614233108,0.46096919999999997,0.008170551555793984,0,Robust_UC
2024-09-02 10:00:00,L126,75,117,0.005113959353956872,0.4700934,0.010878602749914958,0,Robust_UC
2024-09-02 10:00:00,L127,76,77,-0.0043093207063192454,0.46640745,0.009239390808013991,0,Robust_UC
2024-09-02 10:00:00,L128,76,79,-0.008885201899786421,0.46031894999999995,0.01930227269545697,0,Robust_UC
2024-09-02 10:00:00,L129,76,79,-0.008885201899786421,0.46031894999999995,0.01930227269545697,0,Robust_UC
2024-09-02 10:00:00,L130,76,81,-0.012980023883342517,0.4431897000000001,0.029287738147665696,0,Robust_UC
2024-09-02 10:00:00,L131,77,78,-0.002961733966595481,0.4816593,0.0061490226942477405,0,Robust_UC
2024-09-02 10:00:00,L132,78,79,-0.0016141472268717167,0.47915505,0.003368736752063276,0,Robust_UC
2024-09-02 10:00:00,L133,79,95,-0.00691289919831517,0.46205414999999994,0.014961231704801636,0,Robust_UC
2024-09-02 10:00:00,L134,79,96,-0.00413024296901948,0.47741490000000003,0.008651265322928715,0,Robust_UC
2024-09-02 10:00:00,L135,79,97,-0.008876011440379526,0.47061405000000006,0.018860489695068657,0,Robust_UC
2024-09-02 10:00:00,L136,79,98,-0.008876011440379526,0.46691325000000006,0.019009979777570084,0,Robust_UC
2024-09-02 10:00:00,L137,80,67,0.012105787501096745,0.3178637999999999,0.03808482595720793,0,Robust_UC
2024-09-02 10:00:00,L138,80,79,-0.010758200761372981,0.39174659999999994,0.027462142010608342,0,Robust_UC
2024-09-02 10:00:00,L139,81,82,-0.008814359928859705,0.4048461,0.02177212508372862,0,Robust_UC
2024-09-02 10:00:00,L140,81,95,-0.002818077214759074,0.44236890000000006,0.006370423451465674,0,Robust_UC
2024-09-02 10:00:00,L141,82,83,-0.0029381199762865684,0.37704869999999996,0.007792415081358373,0,Robust_UC
2024-09-02 10:00:00,L142,82,84,-0.004528653212849398,0.37064430000000004,0.012218326877951173,0,Robust_UC
2024-09-02 10:00:00,L143,83,84,-0.00159053323656283,0.36047565000000004,0.004412318104046223,0,Robust_UC
2024-09-02 10:00:00,L144,84,85,-0.002695173479447529,0.34769340000000004,0.00775158078769263,0,Robust_UC
2024-09-02 10:00:00,L145,84,87,-0.0011413376566548738,0.34072965,0.003349686934068913,0,Robust_UC
2024-09-02 10:00:00,L146,84,88,-0.0009350885735859849,0.34467659999999994,0.0027129447533890756,0,Robust_UC
2024-09-02 10:00:00,L147,86,85,0.0013475867397237642,0.28543139999999995,0.004721228076952166,0,Robust_UC
2024-09-02 10:00:00,L148,87,88,0.00020624908306889067,0.3369474,0.000612110623405584,0,Robust_UC
2024-09-02 10:00:00,L149,88,89,-0.0006222310990946667,0.31691339999999996,0.001963410506134063,0,Robust_UC
2024-09-02 10:00:00,L150,88,89,-0.0006222310990946667,0.31691339999999996,0.001963410506134063,0,Robust_UC
2024-09-02 10:00:00,L151,88,91,0.0009316047236979652,0.3637242,0.0025612943095289376,0,Robust_UC
2024-09-02 10:00:00,L152,88,91,0.0009316047236979652,0.3637242,0.0025612943095289376,0,Robust_UC
2024-09-02 10:00:00,L153,89,90,0.00010312454153443102,0.33528870000000005,0.00030756939179408973,0,Robust_UC
2024-09-02 10:00:00,L154,90,91,0.0014507112812581955,0.3804678,0.0038129673030364076,0,Robust_UC
2024-09-02 10:00:00,L155,91,92,0.0010929990076290474,0.41554215,0.0026302963673577938,0,Robust_UC
2024-09-02 10:00:00,L156,91,93,0.003533584754981889,0.42559739999999996,0.008302646479940641,0,Robust_UC
2024-09-02 10:00:00,L157,91,99,0.0010368828341179581,0.4251762,0.0024387132537474067,0,Robust_UC
2024-09-02 10:00:00,L158,91,101,-0.0010019591283511042,0.41574645000000005,0.002410024495341101,0,Robust_UC
2024-09-02 10:00:00,L159,92,93,0.0024405857473528414,0.43531155,0.005606526514981836,0,Robust_UC
2024-09-02 10:00:00,L160,93,94,0.002823624141066185,0.45128025,0.006256919377850427,0,Robust_UC
2024-09-02 10:00:00,L161,93,95,0.006994835021856161,0.44872245000000005,0.015588333104029361,0,Robust_UC
2024-09-02 10:00:00,L162,93,99,-0.0024967019208639307,0.4429962,0.0056359443283349395,0,Robust_UC
2024-09-02 10:00:00,L163,94,95,0.0041712108807899495,0.45922229999999997,0.009083206283296672,0,Robust_UC
2024-09-02 10:00:00,L164,95,96,0.0027826562292957158,0.469728,0.005923973510831196,0,Robust_UC
2024-09-02 10:00:00,L165,97,99,-0.007528424700655761,0.45473759999999996,0.016555535985270983,0,Robust_UC
2024-09-02 10:00:00,L166,98,99,-0.007528424700655761,0.45157454999999996,0.016671499092798216,0,Robust_UC
2024-09-02 10:00:00,L167,99,100,-0.0016932143510964281,0.44414460000000006,0.0038123042610366713,0,Robust_UC
2024-09-02 10:00:00,L168,99,102,-0.005130123312603485,0.43902945000000004,0.011685146207397896,0,Robust_UC
2024-09-02 10:00:00,L169,99,103,-0.004079935025784243,0.43969725,0.009278964164056616,0,Robust_UC
2024-09-02 10:00:00,L170,99,105,-0.004265809058849568,0.43592445,0.009785661388916286,0,Robust_UC
2024-09-02 10:00:00,L171,100,101,-0.0003456276113726602,0.43879365,0.0007876768758450817,0,Robust_UC
2024-09-02 10:00:00,L172,102,103,0.0010501882868192425,0.43664040000000004,0.002405156020421478,0,Robust_UC
2024-09-02 10:00:00,L173,102,104,-0.000631971712422047,0.4313898,0.001464966747989978,0,Robust_UC
2024-09-02 10:00:00,L174,102,109,-0.00420075314727681,0.43662915,0.00962087196257238,0,Robust_UC
2024-09-02 10:00:00,L175,103,104,-0.0016821599992412894,0.43296704999999996,0.0038851917235764007,0,Robust_UC
2024-09-02 10:00:00,L176,104,105,0.0014962859661759587,0.4283500499999999,0.0034931383016669633,0,Robust_UC
2024-09-02 10:00:00,L177,104,106,7.434961322609797e-05,0.4245426,0.0001751287461519715,0,Robust_UC
2024-09-02 10:00:00,L178,104,107,-0.002537180551342012,0.43129755000000003,0.005882668592348859,0,Robust_UC
2024-09-02 10:00:00,L179,105,106,-0.0014219363529498624,0.4254606,0.0033421105337365256,0,Robust_UC
2024-09-02 10:00:00,L180,107,108,-0.0011895938116182475,0.4366377,0.002724441365503362,0,Robust_UC
2024-09-02 10:00:00,L181,108,109,0.00015799292810551695,0.43862759999999995,0.000360198327933575,0,Robust_UC
2024-09-02 10:00:00,L182,109,110,-0.0013475867397237642,0.43935254999999995,0.0030672104662275534,0,Robust_UC
2024-09-02 10:00:00,L183,109,111,-0.0013475867397237645,0.43699499999999997,0.0030837577998003743,0,Robust_UC
2024-09-02 10:00:00,L184,113,114,0.004413744726920333,0.47739734999999994,0.009245431980132134,0,Robust_UC
2024-09-02 10:00:00,L185,115,67,0.0013475867397237645,0.3076497,0.0043802634610850075,0,Robust_UC
2024-09-02 11:00:00,L0,0,1,0.03940158618081291,0.48556575,0.08114572780475746,0,Robust_UC
2024-09-02 11:00:00,L1,0,2,0.14097295396468873,0.48455685,0.2909317120678177,0,Robust_UC
2024-09-02 11:00:00,L2,1,11,0.18977612632631458,0.48395699999999997,0.39213427293398917,0,Robust_UC
2024-09-02 11:00:00,L3,2,4,0.11957644434726872,0.47837745,0.24996254390182632,0,Robust_UC
2024-09-02 11:00:00,L4,2,11,0.08820475854243874,0.48196439999999996,0.18301094135259524,0,Robust_UC
2024-09-02 11:00:00,L5,3,4,-0.014079394735569524,0.4745268,0.02967038897606947,0,Robust_UC
2024-09-02 11:00:00,L6,3,10,0.010186274798637401,0.47688975,0.02135981072907816,0,Robust_UC
2024-09-02 11:00:00,L7,4,5,-0.010831768747111628,0.47593890000000005,0.02275873803782718,0,Robust_UC
2024-09-02 11:00:00,L8,4,10,0.024265669534208063,0.4746599999999999,0.05112221281382056,0,Robust_UC
2024-09-02 11:00:00,L9,5,6,-0.010457228601609976,0.48127635,0.021728116500239366,0,Robust_UC
2024-09-02 11:00:00,L10,6,11,-0.010082688456108324,0.482256,0.02090733646882221,0,Robust_UC
2024-09-02 11:00:00,L11,7,4,-0.0924376889701044,0.38545739999999995,0.23981298314704663,0,Robust_UC
2024-09-02 11:00:00,L12,7,8,-0.0007490802910033033,0.44389169999999994,0.0016875293928751167,0,Robust_UC
2024-09-02 11:00:00,L13,7,29,0.059995018186126514,0.43390755000000003,0.13826682247434163,0,Robust_UC
2024-09-02 11:00:00,L14,8,9,-0.00037454014550165166,0.4441716,0.000843232988110117,0,Robust_UC
2024-09-02 11:00:00,L15,10,11,-0.05563735533903799,0.47983050000000005,0.11595210254253947,0,Robust_UC
2024-09-02 11:00:00,L16,10,12,0.05689754859690226,0.47466449999999993,0.11986897818754567,0,Robust_UC
2024-09-02 11:00:00,L17,11,13,0.10149937187666268,0.4768753499999999,0.21284256331693951,0,Robust_UC
2024-09-02 11:00:00,L18,11,15,0.11151054948794763,0.47901420000000006,0.23279174080423423,0,Robust_UC
2024-09-02 11:00:00,L19,11,116,-0.000374540145501652,0.47629035,0.0007863693763723158,0,Robust_UC
2024-09-02 11:00:00,L20,12,14,0.057272088742403915,0.46383434999999995,0.12347530695474349,0,Robust_UC
2024-09-02 11:00:00,L21,13,14,0.06830762080168148,0.4657392,0.14666495927695475,0,Robust_UC
2024-09-02 11:00:00,L22,14,16,0.0200223552225699,0.46094040000000003,0.043438056682750956,0,Robust_UC
2024-09-02 11:00:00,L23,14,18,0.05406590169882919,0.44951085,0.12027718952463369,0,Robust_UC
2024-09-02 11:00:00,L24,14,32,0.051865992768187916,0.44311995,0.1170472978438184,0,Robust_UC
2024-09-02 11:00:00,L25,15,16,0.07831879841296643,0.47121300000000005,0.16620678634283526,0,Robust_UC
2024-09-02 11:00:00,L26,16,17,0.016834503165378815,0.45820395,0.03674019651157266,0,Robust_UC
2024-09-02 11:00:00,L27,16,30,0.029392098931523614,0.46605824999999995,0.06306529051148353,0,Robust_UC
2024-09-02 11:00:00,L28,16,112,0.024947755403508742,0.4605039,0.054174905801033915,0,Robust_UC
2024-09-02 11:00:00,L29,17,18,0.017209043310880467,0.4457466,0.03860723404481485,0,Robust_UC
2024-09-02 11:00:00,L30,18,19,0.03810295642022671,0.44736345,0.08517226076521608,0,Robust_UC
2024-09-02 11:00:00,L31,18,33,0.03354652873498476,0.42043410000000003,0.07979021857405182,0,Robust_UC
2024-09-02 11:00:00,L32,19,20,0.004911205345245508,0.46621125,0.010534291794214548,0,Robust_UC
2024-09-02 11:00:00,L33,20,21,0.00528574549074716,0.47334555,0.011166779725186303,0,Robust_UC
2024-09-02 11:00:00,L34,21,22,-0.027906005584234034,0.472149,0.059104235282154645,0,Robust_UC
2024-09-02 11:00:00,L35,22,23,-0.012144596493236261,0.47093039999999997,0.025788516717621675,0,Robust_UC
2024-09-02 11:00:00,L36,22,24,-0.01121947174977075,0.46433340000000006,0.024162534398280953,0,Robust_UC
2024-09-02 11:00:00,L37,22,31,-0.004167397195725514,0.47048625,0.008857638657294477,0,Robust_UC
2024-09-02 11:00:00,L38,23,69,-0.008453002115299313,0.4705677,0.017963413373462127,0,Robust_UC
2024-09-02 11:00:00,L39,23,71,-0.0033170542324352965,0.47252115000000006,0.007019906373366136,0,Robust_UC
2024-09-02 11:00:00,L40,24,26,0.01396380413764558,0.45485145000000005,0.03069970237018169,0,Robust_UC
2024-09-02 11:00:00,L41,25,24,0.024808735741914688,0.35101034999999997,0.07067807471179892,0,Robust_UC
2024-09-02 11:00:00,L42,25,29,-0.024434195596413036,0.42704145000000004,0.05721738626639881,0,Robust_UC
2024-09-02 11:00:00,L43,26,27,-0.0096377673470335,0.47590515,0.020251445791316817,0,Robust_UC
2024-09-02 11:00:00,L44,26,31,-0.006911729583600346,0.46696995,0.014801229894129903,0,Robust_UC
2024-09-02 11:00:00,L45,26,114,-0.0026784500067017674,0.47349494999999997,0.005656765730451333,0,Robust_UC
2024-09-02 11:00:00,L46,27,28,-0.009263227201531776,0.48221145,0.01920988645444188,0,Robust_UC
2024-09-02 11:00:00,L47,28,30,-0.008888687056030131,0.47714265,0.018628992935404393,0,Robust_UC
2024-09-02 11:00:00,L48,29,16,0.006024954939855859,0.3330558,0.01808992649236512,0,Robust_UC
2024-09-02 11:00:00,L49,29,37,0.02991040779535927,0.40177035,0.07444652845925358,0,Robust_UC
2024-09-02 11:00:00,L50,30,31,0.020877952020995127,0.4679505,0.044615727563054486,0,Robust_UC
2024-09-02 11:00:00,L51,31,112,-0.025322295549010394,0.46358594999999997,0.05462265530051201,0,Robust_UC
2024-09-02 11:00:00,L52,31,113,0.0019293697156984634,0.47169045000000004,0.004090330248785964,0,Robust_UC
2024-09-02 11:00:00,L53,32,36,0.018674241693206722,0.40875615,0.045685530831051036,0,Robust_UC
2024-09-02 11:00:00,L54,33,35,0.027501019084174745,0.4088799,0.06725940571834112,0,Robust_UC
2024-09-02 11:00:00,L55,33,36,-0.017072195972419324,0.40276799999999996,0.04238717070973694,0,Robust_UC
2024-09-02 11:00:00,L56,33,42,-0.010074045451751923,0.40599044999999995,0.024813503499286557,0,Robust_UC
2024-09-02 11:00:00,L57,34,35,0.005690731990806448,0.40829309999999996,0.013937859813958278,0,Robust_UC
2024-09-02 11:00:00,L58,34,36,-0.03888248306578764,0.39626190000000006,0.09812319343794505,0,Robust_UC
2024-09-02 11:00:00,L59,36,38,-0.003549336987226988,0.38882789999999995,0.009128298116536876,0,Robust_UC
2024-09-02 11:00:00,L60,36,39,-0.006724133828952317,0.38130435,0.017634558401844396,0,Robust_UC
2024-09-02 11:00:00,L61,37,36,0.026632426383319252,0.29373659999999996,0.09066771516834897,0,Robust_UC
2024-09-02 11:00:00,L62,37,64,0.0036525215575417547,0.36143414999999995,0.010105634892391201,0,Robust_UC
2024-09-02 11:00:00,L63,38,39,-0.003174796841725336,0.37537244999999997,0.008457724699096421,0,Robust_UC
2024-09-02 11:00:00,L64,39,40,-0.0032996435568925023,0.36336060000000003,0.009080906286736927,0,Robust_UC
2024-09-02 11:00:00,L65,39,41,-0.006224746968283346,0.35154945,0.017706604201153907,0,Robust_UC
2024-09-02 11:00:00,L66,40,41,-0.0029251034113908503,0.34611255,0.008451306984941315,0,Robust_UC
2024-09-02 11:00:00,L67,41,48,-0.00438765511708622,0.34962210000000005,0.012549707575940478,0,Robust_UC
2024-09-02 11:00:00,L68,41,48,-0.00438765511708622,0.34962210000000005,0.012549707575940478,0,Robust_UC
2024-09-02 11:00:00,L69,42,43,-0.00969950530625027,0.39337425000000004,0.024657194278095908,0,Robust_UC
2024-09-02 11:00:00,L70,43,44,-0.009324965160748619,0.38489175,0.02422750074728445,0,Robust_UC
2024-09-02 11:00:00,L71,44,45,-0.003640209047256593,0.3826035,0.009514311937179333,0,Robust_UC
2024-09-02 11:00:00,L72,44,48,-0.005310215967990417,0.37018889999999993,0.0143446115428918,0,Robust_UC
2024-09-02 11:00:00,L73,45,46,-0.002243395368637102,0.38677905,0.005800198766290734,0,Robust_UC
2024-09-02 11:00:00,L74,45,47,-0.0010222735331177416,0.37397294999999997,0.002733549400077577,0,Robust_UC
2024-09-02 11:00:00,L75,46,48,0.000573388447903278,0.3774852,0.0015189693474162113,0,Robust_UC
2024-09-02 11:00:00,L76,46,68,-0.0024422436710387907,0.40899104999999997,0.005971386589116781,0,Robust_UC
2024-09-02 11:00:00,L77,47,48,-0.0006477333876160896,0.36427365,0.0017781505404414774,0,Robust_UC
2024-09-02 11:00:00,L78,48,49,-0.0011581488169758042,0.36637875000000003,0.003161069840911363,0,Robust_UC
2024-09-02 11:00:00,L79,48,50,-0.0014521534071114672,0.37284794999999993,0.0038947603362482416,0,Robust_UC
2024-09-02 11:00:00,L80,48,53,-0.001651553626217106,0.34581824999999994,0.004775785043782699,0,Robust_UC
2024-09-02 11:00:00,L81,48,53,-0.001651553626217106,0.34581824999999994,0.004775785043782699,0,Robust_UC
2024-09-02 11:00:00,L82,48,65,-0.0024281447004551593,0.3399282,0.007143110517030241,0,Robust_UC
2024-09-02 11:00:00,L83,48,65,-0.0024281447004551593,0.3399282,0.007143110517030241,0,Robust_UC
2024-09-02 11:00:00,L84,48,68,-0.0030156321189420687,0.39581594999999997,0.007618773621785754,0,Robust_UC
2024-09-02 11:00:00,L85,49,56,-0.0007836086714741522,0.3701565,0.0021169658549131305,0,Robust_UC
2024-09-02 11:00:00,L86,50,51,-0.00044100688520353853,0.38319344999999994,0.0011508727124733959,0,Robust_UC
2024-09-02 11:00:00,L87,50,57,-0.0006366063764063137,0.37608434999999996,0.0016927223278669103,0,Robust_UC
2024-09-02 11:00:00,L88,51,52,-6.646673970188655e-05,0.38088180000000005,0.00017450752359888695,0,Robust_UC
2024-09-02 11:00:00,L89,52,53,0.00030807340579976544,0.3590514,0.0008580203441617702,0,Robust_UC
2024-09-02 11:00:00,L90,53,54,-0.0007487584616586163,0.3256929,0.0022989707840073157,0,Robust_UC
2024-09-02 11:00:00,L91,53,55,-0.0006992723882053298,0.3404124,0.0020541918808049584,0,Robust_UC
2024-09-02 11:00:00,L92,53,58,-0.001172462851268985,0.327222,0.003583080756394695,0,Robust_UC
2024-09-02 11:00:00,L93,54,55,4.948607345328648e-05,0.33776505,0.00014651034336822736,0,Robust_UC
2024-09-02 11:00:00,L94,54,58,-0.0004237043896103687,0.3245003999999999,0.0013057129963795695,0,Robust_UC
2024-09-02 11:00:00,L95,55,56,0.0004090685259725002,0.3602844,0.0011354044914864486,0,Robust_UC
2024-09-02 11:00:00,L96,55,57,0.00026206623090466175,0.36404505,0.0007198730786331575,0,Robust_UC
2024-09-02 11:00:00,L97,55,58,-0.0004731904630636552,0.3333456,0.001419519150886213,0,Robust_UC
2024-09-02 11:00:00,L98,55,58,-0.0004731904630636552,0.3333456,0.001419519150886213,0,Robust_UC
2024-09-02 11:00:00,L99,58,59,-0.0004657198777829885,0.32842575,0.0014180370381524242,0,Robust_UC
2024-09-02 11:00:00,L100,58,60,-0.0006989879504392671,0.318204,0.0021966661337986548,0,Robust_UC
2024-09-02 11:00:00,L101,59,60,-0.00023326807265627858,0.3270906,0.0007131604291174328,0,Robust_UC
2024-09-02 11:00:00,L102,59,61,0.0001420883403748796,0.3336012,0.0004259227496030578,0,Robust_UC
2024-09-02 11:00:00,L103,60,61,0.0003753564130311582,0.32262929999999995,0.0011634294003401372,0,Robust_UC
2024-09-02 11:00:00,L104,61,65,0.0007195033144390406,0.33056595,0.002176580238947903,0,Robust_UC
2024-09-02 11:00:00,L105,61,66,0.00017248158446869083,0.33502184999999995,0.0005148368217436888,0,Robust_UC
2024-09-02 11:00:00,L106,62,58,0.0010033001932830876,0.24712605000000004,0.004059872252573484,0,Robust_UC
2024-09-02 11:00:00,L107,62,63,-0.0006287600477814359,0.32604435,0.001928449451068347,0,Robust_UC
2024-09-02 11:00:00,L108,63,60,0.0009330722906252365,0.22813019999999995,0.004090086672545927,0,Robust_UC
2024-09-02 11:00:00,L109,63,64,-0.0011872921929050207,0.33180299999999996,0.0035783045750189747,0,Robust_UC
2024-09-02 11:00:00,L110,64,65,0.003215224211000456,0.20915009999999998,0.015372807428733986,0,Robust_UC
2024-09-02 11:00:00,L111,64,67,-0.0003754547008618769,0.21152159999999998,0.0017750182528019688,0,Robust_UC
2024-09-02 11:00:00,L112,65,66,-0.0005470217299703428,0.3323646,0.0016458483543985815,0,Robust_UC
2024-09-02 11:00:00,L113,67,68,0.003003191493375416,0.32106104999999996,0.009353957739113532,0,Robust_UC
2024-09-02 11:00:00,L114,68,69,0.003674138334148258,0.4517658,0.008132838595015953,0,Robust_UC
2024-09-02 11:00:00,L115,68,74,-0.0005995199050710665,0.44746065,0.001339827100039001,0,Robust_UC
2024-09-02 11:00:00,L116,68,76,-0.005154762580180605,0.44147699999999995,0.011676174704867084,0,Robust_UC
2024-09-02 11:00:00,L117,69,70,0.002193433795930341,0.4703256,0.004663649599193284,0,Robust_UC
2024-09-02 11:00:00,L118,69,73,-0.0023240991923604917,0.47338559999999996,0.004909526593881377,0,Robust_UC
2024-09-02 11:00:00,L119,69,74,-0.0042736582392193245,0.46537605,0.009183236307969274,0,Robust_UC
2024-09-02 11:00:00,L120,70,71,0.0029425140869336446,0.4645313999999999,0.00633437069471223,0,Robust_UC
2024-09-02 11:00:00,L121,70,72,-0.000374540145501652,0.46204514999999996,0.000810613736561572,0,Robust_UC
2024-09-02 11:00:00,L122,73,74,-0.0019495590468588397,0.4710348,0.004138885379294353,0,Robust_UC
2024-09-02 11:00:00,L123,74,76,-0.004555242675109539,0.45895725,0.00992520038654916,0,Robust_UC
2024-09-02 11:00:00,L124,74,117,-0.001892954370538165,0.46871325,0.004038619284900021,0,Robust_UC
2024-09-02 11:00:00,L125,75,76,-0.001143874079534861,0.46096919999999997,0.0024814544649292424,0,Robust_UC
2024-09-02 11:00:00,L126,75,117,0.001518414225036513,0.4700934,0.00323002668200939,0,Robust_UC
2024-09-02 11:00:00,L127,76,77,-0.0012855470035553762,0.46640745,0.0027562745911442373,0,Robust_UC
2024-09-02 11:00:00,L128,76,79,-0.0027330205741610825,0.46031894999999995,0.005937232378030673,0,Robust_UC
2024-09-02 11:00:00,L129,76,79,-0.0027330205741610825,0.46031894999999995,0.005937232378030673,0,Robust_UC
2024-09-02 11:00:00,L130,76,81,-0.003727751037445215,0.4431897000000001,0.008411186084525913,0,Robust_UC
2024-09-02 11:00:00,L131,77,78,-0.0009110068580536756,0.4816593,0.0018913926463242287,0,Robust_UC
2024-09-02 11:00:00,L132,78,79,-0.0005364667125520306,0.47915505,0.0011196098476934147,0,Robust_UC
2024-09-02 11:00:00,L133,79,95,-0.0018663535827598277,0.46205414999999994,0.004039252937691021,0,Robust_UC
2024-09-02 11:00:00,L134,79,96,-0.0011204468641307433,0.47741490000000003,0.0023469038442887795,0,Robust_UC
2024-09-02 11:00:00,L135,79,97,-0.0024480965131072965,0.47061405000000006,0.005201919732543676,0,Robust_UC
2024-09-02 11:00:00,L136,79,98,-0.0024480965131072965,0.46691325000000006,0.005243150656159996,0,Robust_UC
2024-09-02 11:00:00,L137,80,67,0.0026295659032339893,0.3178637999999999,0.008272618345448554,0,Robust_UC
2024-09-02 11:00:00,L138,80,79,-0.0022550257577323377,0.39174659999999994,0.005756337790123355,0,Robust_UC
2024-09-02 11:00:00,L139,81,82,-0.002481587772467986,0.4048461,0.006129706504442023,0,Robust_UC
2024-09-02 11:00:00,L140,81,95,-0.0008716231194756952,0.44236890000000006,0.001970353520502221,0,Robust_UC
2024-09-02 11:00:00,L141,82,83,-0.0008271959241560878,0.37704869999999996,0.00219387024582259,0,Robust_UC
2024-09-02 11:00:00,L142,82,84,-0.001279851702810364,0.37064430000000004,0.0034530456904648577,0,Robust_UC
2024-09-02 11:00:00,L143,83,84,-0.0004526557786542762,0.36047565000000004,0.0012557180454609795,0,Robust_UC
2024-09-02 11:00:00,L144,84,85,-0.000749080291003304,0.34769340000000004,0.002154427696940189,0,Robust_UC
2024-09-02 11:00:00,L145,84,87,-0.00032780906348704036,0.34072965,0.000962079653141546,0,Robust_UC
2024-09-02 11:00:00,L146,84,88,-0.0002810779814724218,0.34467659999999994,0.0008154832137499959,0,Robust_UC
2024-09-02 11:00:00,L147,86,85,0.00037454014550165166,0.28543139999999995,0.001312189708285955,0,Robust_UC
2024-09-02 11:00:00,L148,87,88,4.6731082014611625e-05,0.3369474,0.00013868954624553155,0,Robust_UC
2024-09-02 11:00:00,L149,88,89,-0.000175587302247171,0.31691339999999996,0.0005540545216679731,0,Robust_UC
2024-09-02 11:00:00,L150,88,89,-0.000175587302247171,0.31691339999999996,0.0005540545216679731,0,Robust_UC
2024-09-02 11:00:00,L151,88,91,0.0002456839252690801,0.3637242,0.0006754676352826679,0,Robust_UC
2024-09-02 11:00:00,L152,88,91,0.0002456839252690801,0.3637242,0.0006754676352826679,0,Robust_UC
2024-09-02 11:00:00,L153,89,90,2.3365541007309986e-05,0.33528870000000005,6.968782725844916e-05,0,Robust_UC
2024-09-02 11:00:00,L154,90,91,0.000397905686508962,0.3804678,0.001045832752493015,0,Robust_UC
2024-09-02 11:00:00,L155,91,92,0.0003013107323815434,0.41554215,0.0007251026938700283,0,Robust_UC
2024-09-02 11:00:00,L156,91,93,0.0009771616102646763,0.42559739999999996,0.0022959764563051286,0,Robust_UC
2024-09-02 11:00:00,L157,91,99,0.0002699111140528898,0.4251762,0.0006348217845986906,0,Robust_UC
2024-09-02 11:00:00,L158,91,101,-0.00028456977415064477,0.41574645000000005,0.0006844791438403015,0,Robust_UC
2024-09-02 11:00:00,L159,92,93,0.0006758508778831329,0.43531155,0.0015525682189758874,0,Robust_UC
2024-09-02 11:00:00,L160,93,94,0.0007867543281198305,0.45128025,0.001743383026666535,0,Robust_UC
2024-09-02 11:00:00,L161,93,95,0.00194804880174132,0.44872245000000005,0.00434132235135844,0,Robust_UC
2024-09-02 11:00:00,L162,93,99,-0.0007072504962117865,0.4429962,0.0015965159435042252,0,Robust_UC
2024-09-02 11:00:00,L163,94,95,0.0011612944736214825,0.45922229999999997,0.0025288285730494416,0,Robust_UC
2024-09-02 11:00:00,L164,95,96,0.0007459067186290913,0.469728,0.0015879545580188776,0,Robust_UC
2024-09-02 11:00:00,L165,97,99,-0.0020735563676056445,0.45473759999999996,0.004559896449305368,0,Robust_UC
2024-09-02 11:00:00,L166,98,99,-0.0020735563676056445,0.45157454999999996,0.004591836204245001,0,Robust_UC
2024-09-02 11:00:00,L167,99,100,-0.00046451051685264533,0.44414460000000006,0.0010458542484871936,0,Robust_UC
2024-09-02 11:00:00,L168,99,102,-0.0014258355883921547,0.43902945000000004,0.0032476991882712074,0,Robust_UC
2024-09-02 11:00:00,L169,99,103,-0.0011339525784495597,0.43969725,0.002578939437191294,0,Robust_UC
2024-09-02 11:00:00,L170,99,105,-0.0011856132881738813,0.43592445,0.002719767813376564,0,Robust_UC
2024-09-02 11:00:00,L171,100,101,-8.997037135088926e-05,0.43879365,0.00020504027656482554,0,Robust_UC
2024-09-02 11:00:00,L172,102,103,0.0002918830099425951,0.43664040000000004,0.0006684745844465951,0,Robust_UC
2024-09-02 11:00:00,L173,102,104,-0.0001756464130625579,0.4313898,0.0004071640383304332,0,Robust_UC
2024-09-02 11:00:00,L174,102,109,-0.0011675320397706024,0.43662915,0.0026739672323082466,0,Robust_UC
2024-09-02 11:00:00,L175,103,104,-0.000467529423005153,0.43296704999999996,0.0010798267974552636,0,Robust_UC
2024-09-02 11:00:00,L176,104,105,0.0004158687132808647,0.4283500499999999,0.0009708618296667989,0,Robust_UC
2024-09-02 11:00:00,L177,104,106,2.0664283889602897e-05,0.4245426,4.8674229369686095e-05,0,Robust_UC
2024-09-02 11:00:00,L178,104,107,-0.0007051686877376576,0.43129755000000003,0.0016349934928627755,0,Robust_UC
2024-09-02 11:00:00,L179,105,106,-0.0003952044293912549,0.4254606,0.0009288860810877784,0,Robust_UC
2024-09-02 11:00:00,L180,107,108,-0.0003306285422360056,0.4366377,0.0007572148310510191,0,Robust_UC
2024-09-02 11:00:00,L181,108,109,4.3911603265646415e-05,0.43862759999999995,0.00010011135474750431,0,Robust_UC
2024-09-02 11:00:00,L182,109,110,-0.00037454014550165166,0.43935254999999995,0.0008524820113179079,0,Robust_UC
2024-09-02 11:00:00,L183,109,111,-0.000374540145501652,0.43699499999999997,0.0008570810775904805,0,Robust_UC
2024-09-02 11:00:00,L184,113,114,0.0023039098612001154,0.47739734999999994,0.004825979576971082,0,Robust_UC
2024-09-02 11:00:00,L185,115,67,0.000374540145501652,0.3076497,0.0012174240556764786,0,Robust_UC
2024-09-02 12:00:00,L0,0,1,0.02960946709025994,0.48556575,0.0609793155515189,0,Robust_UC
2024-09-02 12:00:00,L1,0,2,0.11766695644213551,0.48455685,0.242834161651281,0,Robust_UC
2024-09-02 12:00:00,L2,1,11,0.17990299790125178,0.48395699999999997,0.37173343479121446,0,Robust_UC
2024-09-02 12:00:00,L3,2,4,0.1261149787037511,0.47837745,0.26363069309339543,0,Robust_UC
2024-09-02 12:00:00,L4,2,11,0.09184550854937623,0.48196439999999996,0.1905649225324033,0,Robust_UC
2024-09-02 12:00:00,L5,3,4,-0.022957965470006947,0.4745268,0.048380756302925244,0,Robust_UC
2024-09-02 12:00:00,L6,3,10,-0.009765610997597561,0.47688975,0.020477712086698362,0,Robust_UC
2024-09-02 12:00:00,L7,4,5,0.021300419749478536,0.47593890000000005,0.044754525737397244,0,Robust_UC
2024-09-02 12:00:00,L8,4,10,0.01319235447240897,0.4746599999999999,0.027793271968164522,0,Robust_UC
2024-09-02 12:00:00,L9,5,6,-0.011423156718125972,0.48127635,0.023735129968729965,0,Robust_UC
2024-09-02 12:00:00,L10,6,11,-0.04414673318573048,0.482256,0.09154211287310159,0,Robust_UC
2024-09-02 12:00:00,L11,7,4,-0.06895776982284856,0.38545739999999995,0.1788985496785081,0,Robust_UC
2024-09-02 12:00:00,L12,7,8,-0.0005870616219837008,0.44389169999999994,0.0013225334512533145,0,Robust_UC
2024-09-02 12:00:00,L13,7,29,0.03682125497722775,0.43390755000000003,0.08485967800566675,0,Robust_UC
2024-09-02 12:00:00,L14,8,9,-0.0002935308109918504,0.4441716,0.0006608500205592848,0,Robust_UC
2024-09-02 12:00:00,L15,10,11,-0.0474618246267845,0.47983050000000005,0.09891373021678383,0,Robust_UC
2024-09-02 12:00:00,L16,10,12,0.05118209891258776,0.47466449999999993,0.10782794776644929,0,Robust_UC
2024-09-02 12:00:00,L17,11,13,0.058404457586681884,0.4768753499999999,0.12247321566669758,0,Robust_UC
2024-09-02 12:00:00,L18,11,15,0.08930544539481844,0.47901420000000006,0.18643590397699783,0,Robust_UC
2024-09-02 12:00:00,L19,11,116,-0.00029353081099185024,0.47629035,0.0006162854464547734,0,Robust_UC
2024-09-02 12:00:00,L20,12,14,0.01845852244498325,0.46383434999999995,0.039795505539818796,0,Robust_UC
2024-09-02 12:00:00,L21,13,14,0.058697988397673734,0.4657392,0.12603188307463434,0,Robust_UC
2024-09-02 12:00:00,L22,14,16,0.02878486833767782,0.46094040000000003,0.06244813502500067,0,Robust_UC
2024-09-02 12:00:00,L23,14,18,0.02951615687805209,0.44951085,0.06566283523090063,0,Robust_UC
2024-09-02 12:00:00,L24,14,32,0.01914901643791883,0.44311995,0.04321406977482921,0,Robust_UC
2024-09-02 12:00:00,L25,15,16,0.056581868927213924,0.47121300000000005,0.12007705417128542,0,Robust_UC
2024-09-02 12:00:00,L26,16,17,0.00021887886469158097,0.45820395,0.0004776887337867361,0,Robust_UC
2024-09-02 12:00:00,L27,16,30,0.03535548329627073,0.46605824999999995,0.07586065324725125,0,Robust_UC
2024-09-02 12:00:00,L28,16,112,0.02290761800390567,0.4605039,0.04974467752369886,0,Robust_UC
2024-09-02 12:00:00,L29,17,18,0.0005124096756834312,0.4457466,0.0011495537502326013,0,Robust_UC
2024-09-02 12:00:00,L30,18,19,0.019946018140492204,0.44736345,0.044585712445869695,0,Robust_UC
2024-09-02 12:00:00,L31,18,33,0.01037607922423515,0.42043410000000003,0.024679442567182703,0,Robust_UC
2024-09-02 12:00:00,L32,19,20,0.020239548951484054,0.46621125,0.043412828307948494,0,Robust_UC
2024-09-02 12:00:00,L33,20,21,0.020533079762475905,0.47334555,0.04337862638082455,0,Robust_UC
2024-09-02 12:00:00,L34,21,22,-0.012190496705128605,0.472149,0.02581917298380089,0,Robust_UC
2024-09-02 12:00:00,L35,22,23,0.004197630380192925,0.47093039999999997,0.008913483564010574,0,Robust_UC
2024-09-02 12:00:00,L36,22,24,-0.012943924403433369,0.46433340000000006,0.02787635867554082,0,Robust_UC
2024-09-02 12:00:00,L37,22,31,-0.0031506718708963107,0.47048625,0.006696629010723078,0,Robust_UC
2024-09-02 12:00:00,L38,23,69,-0.021100928754566928,0.4705677,0.04484143037137255,0,Robust_UC
2024-09-02 12:00:00,L39,23,71,-0.007425017332844783,0.47252115000000006,0.015713619026036785,0,Robust_UC
2024-09-02 12:00:00,L40,24,26,0.00857353863997782,0.45485145000000005,0.01884909598502504,0,Robust_UC
2024-09-02 12:00:00,L41,25,24,0.021223932232419338,0.35101034999999997,0.060465260447218554,0,Robust_UC
2024-09-02 12:00:00,L42,25,29,-0.020930401421427488,0.42704145000000004,0.04901257576150391,0,Robust_UC
2024-09-02 12:00:00,L43,26,27,0.007534315071882531,0.47590515,0.01583154767684807,0,Robust_UC
2024-09-02 12:00:00,L44,26,31,0.001219713892559242,0.46696995,0.0026119751229372297,0,Robust_UC
2024-09-02 12:00:00,L45,26,114,0.00011304048652782672,0.47349494999999997,0.0002387364142486139,0,Robust_UC
2024-09-02 12:00:00,L46,27,28,0.007827845882874381,0.48221145,0.01623322275502662,0,Robust_UC
2024-09-02 12:00:00,L47,28,30,-0.024895730584730127,0.47714265,0.05217670351776377,0,Robust_UC
2024-09-02 12:00:00,L48,29,16,0.005838819367580687,0.3330558,0.01753105445868436,0,Robust_UC
2024-09-02 12:00:00,L49,29,37,0.010345564999211427,0.40177035,0.0257499464537675,0,Robust_UC
2024-09-02 12:00:00,L50,30,31,0.010753283522532457,0.4679505,0.02297953207130339,0,Robust_UC
2024-09-02 12:00:00,L51,31,112,-0.02320114881489752,0.46358594999999997,0.05004713541231679,0,Robust_UC
2024-09-02 12:00:00,L52,31,113,-0.0007001021085115688,0.47169045000000004,0.0014842405830170376,0,Robust_UC
2024-09-02 12:00:00,L53,32,36,0.019442547248910702,0.40875615,0.047565149170014205,0,Robust_UC
2024-09-02 12:00:00,L54,33,35,0.011876703341178588,0.4088799,0.029046923904008457,0,Robust_UC
2024-09-02 12:00:00,L55,33,36,-0.0013006724154576432,0.40276799999999996,0.0032293340470386012,0,Robust_UC
2024-09-02 12:00:00,L56,33,42,9.357910950603032e-05,0.40599044999999995,0.00023049583926427415,0,Robust_UC
2024-09-02 12:00:00,L57,34,35,-0.009773100355484138,0.40829309999999996,0.02393648179575932,0,Robust_UC
2024-09-02 12:00:00,L58,34,36,-0.02295047611212037,0.39626190000000006,0.05791744326699177,0,Robust_UC
2024-09-02 12:00:00,L59,36,38,0.00016378281295200553,0.38882789999999995,0.00042122186435697016,0,Robust_UC
2024-09-02 12:00:00,L60,36,39,0.000621096436895896,0.38130435,0.0016288732003605414,0,Robust_UC
2024-09-02 12:00:00,L61,37,36,0.005299949717522286,0.29373659999999996,0.018043205094367836,0,Robust_UC
2024-09-02 12:00:00,L62,37,64,0.005339146092680991,0.36143414999999995,0.014772112963539807,0,Robust_UC
2024-09-02 12:00:00,L63,38,39,0.0004573136239438558,0.37537244999999997,0.0012182929885873506,0,Robust_UC
2024-09-02 12:00:00,L64,39,40,0.0003594700202799381,0.36336060000000003,0.0009892927859540578,0,Robust_UC
2024-09-02 12:00:00,L65,39,41,0.0010124708515517056,0.35154945,0.002880023995348892,0,Robust_UC
2024-09-02 12:00:00,L66,40,41,0.0006530008312717883,0.34611255,0.001886671925857032,0,Robust_UC
2024-09-02 12:00:00,L67,41,48,0.0009795012469077102,0.34962210000000005,0.002801599918619876,0,Robust_UC
2024-09-02 12:00:00,L68,41,48,0.0009795012469077102,0.34962210000000005,0.002801599918619876,0,Robust_UC
2024-09-02 12:00:00,L69,42,43,0.00038710992049788057,0.39337425000000004,0.0009840753951177042,0,Robust_UC
2024-09-02 12:00:00,L70,43,44,0.0006806407314897308,0.38489175,0.0017683952214869007,0,Robust_UC
2024-09-02 12:00:00,L71,44,45,0.0008231051840775216,0.3826035,0.0021513268542434185,0,Robust_UC
2024-09-02 12:00:00,L72,44,48,0.00015106635840400617,0.37018889999999993,0.0004080791142144084,0,Robust_UC
2024-09-02 12:00:00,L73,45,46,0.001599420813402086,0.38677905,0.004135231247406203,0,Robust_UC
2024-09-02 12:00:00,L74,45,47,-0.00048278481833267245,0.37397294999999997,0.0012909618685861437,0,Robust_UC
2024-09-02 12:00:00,L75,46,48,-0.0022714596390756014,0.3774852,0.006017347538593835,0,Robust_UC
2024-09-02 12:00:00,L76,46,68,0.004164411263469503,0.40899104999999997,0.01018215744200149,0,Robust_UC
2024-09-02 12:00:00,L77,47,48,-0.0001892540073408222,0.36427365,0.0005195380103414622,0,Robust_UC
2024-09-02 12:00:00,L78,48,49,-0.000797348680954634,0.36637875000000003,0.002176296198823305,0,Robust_UC
2024-09-02 12:00:00,L79,48,50,-0.0010068475535675026,0.37284794999999993,0.0027004240027804975,0,Robust_UC
2024-09-02 12:00:00,L80,48,53,-0.0010690000473495553,0.34581824999999994,0.003091219296117413,0,Robust_UC
2024-09-02 12:00:00,L81,48,53,-0.0010690000473495553,0.34581824999999994,0.003091219296117413,0,Robust_UC
2024-09-02 12:00:00,L82,48,65,-0.0012753942782650074,0.3399282,0.0037519519659298855,0,Robust_UC
2024-09-02 12:00:00,L83,48,65,-0.0012753942782650074,0.3399282,0.0037519519659298855,0,Robust_UC
2024-09-02 12:00:00,L84,48,68,0.006435870902545104,0.39581594999999997,0.016259756340150276,0,Robust_UC
2024-09-02 12:00:00,L85,49,56,-0.0005038178699627837,0.3701565,0.00136109421275267,0,Robust_UC
2024-09-02 12:00:00,L86,50,51,-0.00031424830891919886,0.38319344999999994,0.0008200774541401971,0,Robust_UC
2024-09-02 12:00:00,L87,50,57,-0.0003990684336563424,0.37608434999999996,0.0010611141720104612,0,Robust_UC
2024-09-02 12:00:00,L88,51,52,-2.0717497927348616e-05,0.38088180000000005,5.439350981682142e-05,0,Robust_UC
2024-09-02 12:00:00,L89,52,53,0.00027281331306450163,0.3590514,0.0007598168759807137,0,Robust_UC
2024-09-02 12:00:00,L90,53,54,-0.0004662966954087633,0.3256929,0.0014317066641881455,0,Robust_UC
2024-09-02 12:00:00,L91,53,55,-0.00044245356253880264,0.3404124,0.0012997574781024506,0,Robust_UC
2024-09-02 12:00:00,L92,53,58,-0.0006629057126955051,0.327222,0.0020258592414186855,0,Robust_UC
2024-09-02 12:00:00,L93,54,55,2.3843132869960648e-05,0.33776505,7.059088224184429e-05,0,Robust_UC
2024-09-02 12:00:00,L94,54,58,-0.00019660901728674185,0.3245003999999999,0.0006058822031860112,0,Robust_UC
2024-09-02 12:00:00,L95,55,56,0.00021028705897093344,0.3602844,0.0005836696203636168,0,Robust_UC
2024-09-02 12:00:00,L96,55,57,0.00010553762266449218,0.36404505,0.0002899026443691301,0,Robust_UC
2024-09-02 12:00:00,L97,55,58,-0.0002204521501567025,0.3333456,0.0006613321134483326,0,Robust_UC
2024-09-02 12:00:00,L98,55,58,-0.0002204521501567025,0.3333456,0.0006613321134483326,0,Robust_UC
2024-09-02 12:00:00,L99,58,59,-0.00022993588087483197,0.32842575,0.0007001152646369292,0,Robust_UC
2024-09-02 12:00:00,L100,58,60,-0.0003114453413380902,0.318204,0.0009787599820809613,0,Robust_UC
2024-09-02 12:00:00,L101,59,60,-8.150946046325824e-05,0.3270906,0.0002491953619677797,0,Robust_UC
2024-09-02 12:00:00,L102,59,61,0.00014510439058035285,0.3336012,0.0004349636349640015,0,Robust_UC
2024-09-02 12:00:00,L103,60,61,0.0002266138510436111,0.32262929999999995,0.0007023969956963336,0,Robust_UC
2024-09-02 12:00:00,L104,61,65,0.0005413429720745322,0.33056595,0.0016376247223119386,0,Robust_UC
2024-09-02 12:00:00,L105,61,66,0.00012390608054135138,0.33502184999999995,0.00036984477442695575,0,Robust_UC
2024-09-02 12:00:00,L106,62,58,0.00046550699709140036,0.24712605000000004,0.0018836824247844381,0,Robust_UC
2024-09-02 12:00:00,L107,62,63,-0.00017197618609954995,0.32604435,0.0005274625556294717,0,Robust_UC
2024-09-02 12:00:00,L108,63,60,0.00032603784185286644,0.22813019999999995,0.0014291744006399263,0,Robust_UC
2024-09-02 12:00:00,L109,63,64,-0.00020448321696056595,0.33180299999999996,0.0006162789877142943,0,Robust_UC
2024-09-02 12:00:00,L110,64,65,0.0012984778819316034,0.20915009999999998,0.006208354105169462,0,Robust_UC
2024-09-02 12:00:00,L111,64,67,0.004129715804780802,0.21152159999999998,0.01952384912359212,0,Robust_UC
2024-09-02 12:00:00,L112,65,66,-0.0004174368915332016,0.3323646,0.0012559607477246422,0,Robust_UC
2024-09-02 12:00:00,L113,67,68,0.004880027257960913,0.32106104999999996,0.01519968634613546,0,Robust_UC
2024-09-02 12:00:00,L114,68,69,0.013500505528272144,0.4517658,0.02988385913292273,0,Robust_UC
2024-09-02 12:00:00,L115,68,74,0.004364137588488026,0.44746065,0.009753120388324708,0,Robust_UC
2024-09-02 12:00:00,L116,68,76,-0.0020908028817931967,0.44147699999999995,0.004735927085200807,0,Robust_UC
2024-09-02 12:00:00,L117,69,70,0.006544424899869232,0.4703256,0.013914668688817347,0,Robust_UC
2024-09-02 12:00:00,L118,69,73,-0.004714949375387974,0.47338559999999996,0.009960060837059628,0,Robust_UC
2024-09-02 12:00:00,L119,69,74,-0.009136367939784118,0.46537605,0.019632226324891706,0,Robust_UC
2024-09-02 12:00:00,L120,70,71,0.007131486521852933,0.4645313999999999,0.015352001009733537,0,Robust_UC
2024-09-02 12:00:00,L121,70,72,-0.00029353081099185024,0.46204514999999996,0.0006352859909726361,0,Robust_UC
2024-09-02 12:00:00,L122,73,74,-0.0044214185643961235,0.4710348,0.009386607028601971,0,Robust_UC
2024-09-02 12:00:00,L123,74,76,-0.006454940470281223,0.45895725,0.01406436104949039,0,Robust_UC
2024-09-02 12:00:00,L124,74,117,-0.002445177634418927,0.46871325,0.005216787949602292,0,Robust_UC
2024-09-02 12:00:00,L125,75,76,-0.0018581160124351848,0.46096919999999997,0.004030889726331358,0,Robust_UC
2024-09-02 12:00:00,L126,75,117,0.002151646823427056,0.4700934,0.00457706239531773,0,Robust_UC
2024-09-02 12:00:00,L127,76,77,-0.0012342618868480862,0.46640745,0.0026463168348792162,0,Robust_UC
2024-09-02 12:00:00,L128,76,79,-0.0028221932275687145,0.46031894999999995,0.006130951653345392,0,Robust_UC
2024-09-02 12:00:00,L129,76,79,-0.0028221932275687145,0.46031894999999995,0.006130951653345392,0,Robust_UC
2024-09-02 12:00:00,L130,76,81,-0.0032316802115339716,0.4431897000000001,0.007291866691698771,0,Robust_UC
2024-09-02 12:00:00,L131,77,78,-0.0009407310758562359,0.4816593,0.0019531047689855378,0,Robust_UC
2024-09-02 12:00:00,L132,78,79,-0.0006472002648643856,0.47915505,0.0013507115595763535,0,Robust_UC
2024-09-02 12:00:00,L133,79,95,-0.0013207553417016182,0.46205414999999994,0.0028584427641254137,0,Robust_UC
2024-09-02 12:00:00,L134,79,96,-0.0008071430763467238,0.47741490000000003,0.0016906533004033258,0,Robust_UC
2024-09-02 12:00:00,L135,79,97,-0.0018699382555817448,0.47061405000000006,0.003973400827242078,0,Robust_UC
2024-09-02 12:00:00,L136,79,98,-0.0018699382555817934,0.46691325000000006,0.0040048943900859385,0,Robust_UC
2024-09-02 12:00:00,L137,80,67,0.0001632498311964112,0.3178637999999999,0.0005135842181349724,0,Robust_UC
2024-09-02 12:00:00,L138,80,79,0.0001302809797954392,0.39174659999999994,0.0003325644173949161,0,Robust_UC
2024-09-02 12:00:00,L139,81,82,-0.002026881042805795,0.4048461,0.00500654703801221,0,Robust_UC
2024-09-02 12:00:00,L140,81,95,-0.0009112683577363612,0.44236890000000006,0.0020599738311991665,0,Robust_UC
2024-09-02 12:00:00,L141,82,83,-0.0006756270142686538,0.37704869999999996,0.001791882624893426,0,Robust_UC
2024-09-02 12:00:00,L142,82,84,-0.0010577232175454365,0.37064430000000004,0.002853742031228961,0,Robust_UC
2024-09-02 12:00:00,L143,83,84,-0.00038209620327678273,0.36047565000000004,0.0010599778467055478,0,Robust_UC
2024-09-02 12:00:00,L144,84,85,-0.0005870616219837005,0.34769340000000004,0.0016884462632414086,0,Robust_UC
2024-09-02 12:00:00,L145,84,87,-0.0002842525996127679,0.34072965,0.0008342467396446651,0,Robust_UC
2024-09-02 12:00:00,L146,84,88,-0.00027497438823370635,0.34467659999999994,0.0007977750396566125,0,Robust_UC
2024-09-02 12:00:00,L147,86,85,0.0002935308109918504,0.28543139999999995,0.0010283760335823265,0,Robust_UC
2024-09-02 12:00:00,L148,87,88,9.278211379082357e-06,0.3369474,2.75360824243854e-05,0,Robust_UC
2024-09-02 12:00:00,L149,88,89,-0.00014444585265118345,0.31691339999999996,0.00045578966572945,0,Robust_UC
2024-09-02 12:00:00,L150,88,89,-0.00014444585265118345,0.31691339999999996,0.00045578966572945,0,Robust_UC
2024-09-02 12:00:00,L151,88,91,0.00015836316971967745,0.3637242,0.00043539354741773425,0,Robust_UC
2024-09-02 12:00:00,L152,88,91,0.00015836316971967745,0.3637242,0.00043539354741773425,0,Robust_UC
2024-09-02 12:00:00,L153,89,90,4.6391056894833364e-06,0.33528870000000005,1.3836152812436971e-05,0,Robust_UC
2024-09-02 12:00:00,L154,90,91,0.00029816991668135673,0.3804678,0.000783692908260191,0,Robust_UC
2024-09-02 12:00:00,L155,91,92,0.0002297615723001467,0.41554215,0.0005529200161768107,0,Robust_UC
2024-09-02 12:00:00,L156,91,93,0.0007530539555921645,0.42559739999999996,0.0017694045019827766,0,Robust_UC
2024-09-02 12:00:00,L157,91,99,0.00016435676265885713,0.4251762,0.0003865615306286126,0,Robust_UC
2024-09-02 12:00:00,L158,91,101,-0.00023874522343889554,0.41574645000000005,0.000574256793867742,0,Robust_UC
2024-09-02 12:00:00,L159,92,93,0.0005232923832920178,0.43531155,0.0012021100365749951,0,Robust_UC
2024-09-02 12:00:00,L160,93,94,0.0006216811772724526,0.45128025,0.0013775944710021158,0,Robust_UC
2024-09-02 12:00:00,L161,93,95,0.0015368931655367346,0.44872245000000005,0.003425041839419299,0,Robust_UC
2024-09-02 12:00:00,L162,93,99,-0.0005886971929333074,0.4429962,0.001328898967831569,0,Robust_UC
2024-09-02 12:00:00,L163,94,95,0.0009152119882643028,0.45922229999999997,0.0019929606821452333,0,Robust_UC
2024-09-02 12:00:00,L164,95,96,0.0005136122653548736,0.469728,0.001093424844494843,0,Robust_UC
2024-09-02 12:00:00,L165,97,99,-0.0015764074445898946,0.45473759999999996,0.0034666309638567267,0,Robust_UC
2024-09-02 12:00:00,L166,98,99,-0.0015764074445898668,0.45157454999999996,0.0034909129502312896,0,Robust_UC
2024-09-02 12:00:00,L167,99,100,-0.00034831639854480495,0.44414460000000006,0.000784240984906278,0,Robust_UC
2024-09-02 12:00:00,L168,99,102,-0.0011174414321895587,0.43902945000000004,0.0025452539281580282,0,Robust_UC
2024-09-02 12:00:00,L169,99,103,-0.0008886898346579519,0.43969725,0.0020211403065585514,0,Robust_UC
2024-09-02 12:00:00,L170,99,105,-0.0009291768430707226,0.43592445,0.0021315088957977067,0,Robust_UC
2024-09-02 12:00:00,L171,100,101,-5.4785587552954706e-05,0.43879365,0.00012485501454488848,0,Robust_UC
2024-09-02 12:00:00,L172,102,103,0.0002287515975316068,0.43664040000000004,0.0005238901336926376,0,Robust_UC
2024-09-02 12:00:00,L173,102,104,-0.00013765582860303383,0.4313898,0.0003190984779960811,0,Robust_UC
2024-09-02 12:00:00,L174,102,109,-0.0009150063901263022,0.43662915,0.0020956145280870554,0,Robust_UC
2024-09-02 12:00:00,L175,103,104,-0.0003664074261346406,0.43296704999999996,0.0008462709255465067,0,Robust_UC
2024-09-02 12:00:00,L176,104,105,0.0003259204177218922,0.4283500499999999,0.0007608740041512596,0,Robust_UC
2024-09-02 12:00:00,L177,104,106,1.6194803365031374e-05,0.4245426,3.8146474264376236e-05,0,Robust_UC
2024-09-02 12:00:00,L178,104,107,-0.000552647664832949,0.43129755000000003,0.0012813605475684917,0,Robust_UC
2024-09-02 12:00:00,L179,105,106,-0.0003097256143568816,0.4254606,0.000727977195436855,0,Robust_UC
2024-09-02 12:00:00,L180,107,108,-0.0002591168538410987,0.4366377,0.0005934367413558167,0,Robust_UC
2024-09-02 12:00:00,L181,108,109,3.441395715075152e-05,0.43862759999999995,7.845825741643143e-05,0,Robust_UC
2024-09-02 12:00:00,L182,109,110,-0.0002935308109918504,0.43935254999999995,0.0006680985713906758,0,Robust_UC
2024-09-02 12:00:00,L183,109,111,-0.00029353081099185024,0.43699499999999997,0.0006717029050489142,0,Robust_UC
2024-09-02 12:00:00,L184,113,114,-0.0004065712975196978,0.47739734999999994,0.0008516412952851494,0,Robust_UC
2024-09-02 12:00:00,L185,115,67,0.00029353081099185024,0.3076497,0.0009541072557257499,0,Robust_UC
2024-09-02 13:00:00,L0,0,1,0.05095792872196023,0.48556575,0.10494547591538371,0,Robust_UC
2024-09-02 13:00:00,L1,0,2,0.12194454002998886,0.48455685,0.2516619877110165,0,Robust_UC
2024-09-02 13:00:00,L2,1,11,0.16910627280227222,0.48395699999999997,0.34942416950735755,0,Robust_UC
2024-09-02 13:00:00,L3,2,4,0.12404838061461601,0.47837745,0.2593106774046645,0,Robust_UC
2024-09-02 13:00:00,L4,2,11,0.09811966149424359,0.48196439999999996,0.2035827988420796,0,Robust_UC
2024-09-02 13:00:00,L5,3,4,-0.024333133843291402,0.4745268,0.05127873461159918,0,Robust_UC
2024-09-02 13:00:00,L6,3,10,-0.007518522076396595,0.47688975,0.015765744758398762,0,Robust_UC
2024-09-02 13:00:00,L7,4,5,0.023208749546230645,0.47593890000000005,0.048764136628106344,0,Robust_UC
2024-09-02 13:00:00,L8,4,10,0.016814611766894808,0.4746599999999999,0.0354245391794017,0,Robust_UC
2024-09-02 13:00:00,L9,5,6,-0.008642906373457354,0.48127635,0.017958302695441724,0,Robust_UC
2024-09-02 13:00:00,L10,6,11,-0.04049456229314535,0.482256,0.08396901706385271,0,Robust_UC
2024-09-02 13:00:00,L11,7,4,-0.059915387537069875,0.38545739999999995,0.15543971275961982,0,Robust_UC
2024-09-02 13:00:00,L12,7,8,-0.00044700415774146467,0.44389169999999994,0.0010070117502567963,0,Robust_UC
2024-09-02 13:00:00,L13,7,29,0.028510735775123336,0.43390755000000003,0.0657069363626499,0,Robust_UC
2024-09-02 13:00:00,L14,8,9,-0.00022350207887073234,0.4441716,0.0005031885849314372,0,Robust_UC
2024-09-02 13:00:00,L15,10,11,-0.04274333088726686,0.47983050000000005,0.08908006241217858,0,Robust_UC
2024-09-02 13:00:00,L16,10,12,0.05226292265663581,0.47466449999999993,0.11010497447488872,0,Robust_UC
2024-09-02 13:00:00,L17,11,13,0.07363458810026925,0.4768753499999999,0.15441055634406195,0,Robust_UC
2024-09-02 13:00:00,L18,11,15,0.07872529917501696,0.47901420000000006,0.1643485708252844,0,Robust_UC
2024-09-02 13:00:00,L19,11,116,-0.00022350207887073155,0.47629035,0.0004692559462326532,0,Robust_UC
2024-09-02 13:00:00,L20,12,14,0.020411266736947813,0.46383434999999995,0.044005509158491204,0,Robust_UC
2024-09-02 13:00:00,L21,13,14,0.04178293218058125,0.4657392,0.08971315315649027,0,Robust_UC
2024-09-02 13:00:00,L22,14,16,0.010181422149495412,0.46094040000000003,0.022088370100549683,0,Robust_UC
2024-09-02 13:00:00,L23,14,18,0.017765965028027117,0.44951085,0.03952288365904208,0,Robust_UC
2024-09-02 13:00:00,L24,14,32,0.0023951558203184273,0.44311995,0.005405208725805343,0,Robust_UC
2024-09-02 13:00:00,L25,15,16,0.04687364325532896,0.47121300000000005,0.0994744271811876,0,Robust_UC
2024-09-02 13:00:00,L26,16,17,0.01971809939910983,0.45820395,0.04303345573321624,0,Robust_UC
2024-09-02 13:00:00,L27,16,30,0.008836557748358752,0.46605824999999995,0.018960200250416667,0,Robust_UC
2024-09-02 13:00:00,L28,16,112,0.007892852335447951,0.4605039,0.017139599329013176,0,Robust_UC
2024-09-02 13:00:00,L29,17,18,-0.012133556520578168,0.4457466,0.027220749458499893,0,Robust_UC
2024-09-02 13:00:00,L30,18,19,0.014003674338286237,0.44736345,0.031302678701816695,0,Robust_UC
2024-09-02 13:00:00,L31,18,33,-0.008147763751966575,0.42043410000000003,0.019379407502784798,0,Robust_UC
2024-09-02 13:00:00,L32,19,20,0.014227176417156966,0.46621125,0.030516587527986434,0,Robust_UC
2024-09-02 13:00:00,L33,20,21,0.014450678496027696,0.47334555,0.03052881451199382,0,Robust_UC
2024-09-02 13:00:00,L34,21,22,-0.017400977423660303,0.472149,0.03685484333051707,0,Robust_UC
2024-09-02 13:00:00,L35,22,23,-0.016362485901063,0.47093039999999997,0.03474501943612687,0,Robust_UC
2024-09-02 13:00:00,L36,22,24,-0.01603425948570958,0.46433340000000006,0.03453178144348345,0,Robust_UC
2024-09-02 13:00:00,L37,22,31,-0.01685588795657572,0.47048625,0.03582652618769565,0,Robust_UC
2024-09-02 13:00:00,L38,23,69,-0.011880735787773433,0.4705677,0.025247665294012813,0,Robust_UC
2024-09-02 13:00:00,L39,23,71,-0.004258248034418787,0.47252115000000006,0.00901176176858705,0,Robust_UC
2024-09-02 13:00:00,L40,24,26,-0.001661538758196801,0.45485145000000005,0.0036529261546748965,0,Robust_UC
2024-09-02 13:00:00,L41,25,24,0.014149218648642044,0.35101034999999997,0.040309975613659385,0,Robust_UC
2024-09-02 13:00:00,L42,25,29,-0.013925716569771313,0.42704145000000004,0.032609753853569276,0,Robust_UC
2024-09-02 13:00:00,L43,26,27,-0.0023344149835631267,0.47590515,0.004905210594092387,0,Robust_UC
2024-09-02 13:00:00,L44,26,31,0.0008399102873307696,0.46696995,0.0017986388360338166,0,Robust_UC
2024-09-02 13:00:00,L45,26,114,5.646801690618994e-05,0.47349494999999997,0.0001192579074099733,0,Robust_UC
2024-09-02 13:00:00,L46,27,28,-0.0021109129046923414,0.48221145,0.004377566946393209,0,Robust_UC
2024-09-02 13:00:00,L47,28,30,-0.0018874108258216278,0.47714265,0.003955653148637264,0,Robust_UC
2024-09-02 13:00:00,L48,29,16,0.011244099997780643,0.3330558,0.03376040890980023,0,Robust_UC
2024-09-02 13:00:00,L49,29,37,0.0035644212864420766,0.40177035,0.008871787792309902,0,Robust_UC
2024-09-02 13:00:00,L50,30,31,0.0071726490014078536,0.4679505,0.015327794288942641,0,Robust_UC
2024-09-02 13:00:00,L51,31,112,-0.008116354414318683,0.46358594999999997,0.017507766174360295,0,Robust_UC
2024-09-02 13:00:00,L52,31,113,-0.000503472174647653,0.47169045000000004,0.0010673783508817127,0,Robust_UC
2024-09-02 13:00:00,L53,32,36,0.002618657899189157,0.40875615,0.006406406115697971,0,Robust_UC
2024-09-02 13:00:00,L54,33,35,-0.001758297931055049,0.4088799,0.004300279693511588,0,Robust_UC
2024-09-02 13:00:00,L55,33,36,-0.004604387556552958,0.40276799999999996,0.011431860417294716,0,Robust_UC
2024-09-02 13:00:00,L56,33,42,-0.0015615761854881037,0.40599044999999995,0.0038463372364746606,0,Robust_UC
2024-09-02 13:00:00,L57,34,35,0.0015347958521843192,0.40829309999999996,0.003759054101537154,0,Robust_UC
2024-09-02 13:00:00,L58,34,36,-0.0013112937733135894,0.39626190000000006,0.0033091593547438934,0,Robust_UC
2024-09-02 13:00:00,L59,36,38,-0.0002616510497754944,0.38882789999999995,0.0006729225186142621,0,Robust_UC
2024-09-02 13:00:00,L60,36,39,-0.000299800020680252,0.38130435,0.0007862486244393803,0,Robust_UC
2024-09-02 13:00:00,L61,37,36,0.0025120702813507534,0.29373659999999996,0.00855211873954677,0,Robust_UC
2024-09-02 13:00:00,L62,37,64,0.0012758530839619975,0.36143414999999995,0.0035299738111686393,0,Robust_UC
2024-09-02 13:00:00,L63,38,39,-3.8148970904761104e-05,0.37537244999999997,0.00010162965051047594,0,Robust_UC
2024-09-02 13:00:00,L64,39,40,-0.00011264966386168376,0.36336060000000003,0.00031002168056108384,0,Robust_UC
2024-09-02 13:00:00,L65,39,41,-1.7972488526307728e-06,0.35154945,5.112364285112017e-06,0,Robust_UC
2024-09-02 13:00:00,L66,40,41,0.00011085241500904952,0.34611255,0.00032027851925349,0,Robust_UC
2024-09-02 13:00:00,L67,41,48,0.0001662786225135604,0.34962210000000005,0.00047559528563429024,0,Robust_UC
2024-09-02 13:00:00,L68,41,48,0.0001662786225135604,0.34962210000000005,0.00047559528563429024,0,Robust_UC
2024-09-02 13:00:00,L69,42,43,-0.0013380741066173704,0.39337425000000004,0.003401529476363464,0,Robust_UC
2024-09-02 13:00:00,L70,43,44,-0.001114572027746637,0.38489175,0.0028958064903875885,0,Robust_UC
2024-09-02 13:00:00,L71,44,45,-0.00016558606515582053,0.3826035,0.0004327876382621187,0,Robust_UC
2024-09-02 13:00:00,L72,44,48,-0.0007254838837201794,0.37018889999999993,0.0019597667129408244,0,Robust_UC
2024-09-02 13:00:00,L73,45,46,0.00044961596243242585,0.38677905,0.0011624620372598408,0,Robust_UC
2024-09-02 13:00:00,L74,45,47,-0.0003916999487175478,0.37397294999999997,0.001047401820686624,0,Robust_UC
2024-09-02 13:00:00,L75,46,48,-0.0010095137809967847,0.3774852,0.002674313538641474,0,Robust_UC
2024-09-02 13:00:00,L76,46,68,0.0016826318222998293,0.40899104999999997,0.004114104262916828,0,Robust_UC
2024-09-02 13:00:00,L77,47,48,-0.0001681978698468145,0.36427365,0.0004617349342913343,0,Robust_UC
2024-09-02 13:00:00,L78,48,49,-0.00055587977963268,0.36637875000000003,0.0015172271307565737,0,Robust_UC
2024-09-02 13:00:00,L79,48,50,-0.0007056813246208993,0.37284794999999993,0.0018926785694299765,0,Robust_UC
2024-09-02 13:00:00,L80,48,53,-0.0007092820404555056,0.34581824999999994,0.002051025474958322,0,Robust_UC
2024-09-02 13:00:00,L81,48,53,-0.0007092820404555056,0.34581824999999994,0.002051025474958322,0,Robust_UC
2024-09-02 13:00:00,L82,48,65,-0.0006795783143988543,0.3399282,0.001999181928415631,0,Robust_UC
2024-09-02 13:00:00,L83,48,65,-0.0006795783143988543,0.3399282,0.001999181928415631,0,Robust_UC
2024-09-02 13:00:00,L84,48,68,0.002692145603296614,0.39581594999999997,0.006801508638791878,0,Robust_UC
2024-09-02 13:00:00,L85,49,56,-0.00033237770076194675,0.3701565,0.0008979383065323633,0,Robust_UC
2024-09-02 13:00:00,L86,50,51,-0.00022470231748227218,0.38319344999999994,0.0005863939414472565,0,Robust_UC
2024-09-02 13:00:00,L87,50,57,-0.00025747692826783367,0.37608434999999996,0.0006846254790124441,0,Robust_UC
2024-09-02 13:00:00,L88,51,52,-1.2002386115388954e-06,0.38088180000000005,3.1512101957586195e-06,0,Robust_UC
2024-09-02 13:00:00,L89,52,53,0.0002223018402591944,0.3590514,0.0006191365366050498,0,Robust_UC
2024-09-02 13:00:00,L90,53,54,-0.00029906556016306984,0.3256929,0.0009182440273124463,0,Robust_UC
2024-09-02 13:00:00,L91,53,55,-0.0002878510618303243,0.3404124,0.0008455951129580599,0,Robust_UC
2024-09-02 13:00:00,L92,53,58,-0.0003858435397879334,0.327222,0.001179149139690893,0,Robust_UC
2024-09-02 13:00:00,L93,54,55,1.121449833274557e-05,0.33776505,3.320206851699301e-05,0,Robust_UC
2024-09-02 13:00:00,L94,54,58,-8.677797962486355e-05,0.3245003999999999,0.000267420254720375,0,Robust_UC
2024-09-02 13:00:00,L95,55,56,0.00010887562189121347,0.3602844,0.00030219355012654856,0,Robust_UC
2024-09-02 13:00:00,L96,55,57,3.397484939710038e-05,0.36404505,9.332594797567054e-05,0,Robust_UC
2024-09-02 13:00:00,L97,55,58,-9.799247795760913e-05,0.3333456,0.0002939666159013622,0,Robust_UC
2024-09-02 13:00:00,L98,55,58,-9.799247795760913e-05,0.3333456,0.0002939666159013622,0,Robust_UC
2024-09-02 13:00:00,L99,58,59,-0.00011233924664899586,0.32842575,0.0003420537112239094,0,Robust_UC
2024-09-02 13:00:00,L100,58,60,-0.00012734074390630123,0.318204,0.0004001858678907281,0,Robust_UC
2024-09-02 13:00:00,L101,59,60,-1.5001497257305374e-05,0.3270906,4.586343128572137e-05,0,Robust_UC
2024-09-02 13:00:00,L102,59,61,0.00012616432947909484,0.3336012,0.0003781890756960552,0,Robust_UC
2024-09-02 13:00:00,L103,60,61,0.0001411658267364002,0.32262929999999995,0.0004375480675078185,0,Robust_UC
2024-09-02 13:00:00,L104,61,65,0.0004017221830144857,0.33056595,0.0012152557848577135,0,Robust_UC
2024-09-02 13:00:00,L105,61,66,8.911005207187447e-05,0.33502184999999995,0.0002659828070075862,0,Robust_UC
2024-09-02 13:00:00,L106,62,58,0.00020542440590305173,0.24712605000000004,0.0008312535481510415,0,Robust_UC
2024-09-02 13:00:00,L107,62,63,1.8077672967680595e-05,0.32604435,5.544544160228691e-05,0,Robust_UC
2024-09-02 13:00:00,L108,63,60,6.0005989029062355e-05,0.22813019999999995,0.00026303395617529977,0,Robust_UC
2024-09-02 13:00:00,L109,63,64,0.00018157376280935057,0.33180299999999996,0.000547233638060387,0,Robust_UC
2024-09-02 13:00:00,L110,64,65,0.0004213202359705792,0.20915009999999998,0.002014439562642233,0,Robust_UC
2024-09-02 13:00:00,L111,64,67,0.0012596086896711739,0.21152159999999998,0.005954988472435789,0,Robust_UC
2024-09-02 13:00:00,L112,65,66,-0.00031261213094260776,0.3323646,0.0009405698770043734,0,Robust_UC
2024-09-02 13:00:00,L113,67,68,0.002533435463994898,0.32106104999999996,0.007890821586719717,0,Robust_UC
2024-09-02 13:00:00,L114,68,69,0.007232654491216406,0.4517658,0.016009743303314252,0,Robust_UC
2024-09-02 13:00:00,L115,68,74,0.001965607840511363,0.44746065,0.004392806027773309,0,Robust_UC
2024-09-02 13:00:00,L116,68,76,-0.0020665473632656695,0.44147699999999995,0.004680985336191172,0,Robust_UC
2024-09-02 13:00:00,L117,69,70,0.0035877417978065883,0.4703256,0.007628208623571816,0,Robust_UC
2024-09-02 13:00:00,L118,69,73,-0.00274527436478789,0.47338559999999996,0.005799235052329201,0,Robust_UC
2024-09-02 13:00:00,L119,69,74,-0.005267046650705043,0.46537605,0.011317829206520282,0,Robust_UC
2024-09-02 13:00:00,L120,70,71,0.004034745955548054,0.4645313999999999,0.008685625892131415,0,Robust_UC
2024-09-02 13:00:00,L121,70,72,-0.00022350207887073328,0.46204514999999996,0.0004837234605118857,0,Robust_UC
2024-09-02 13:00:00,L122,73,74,-0.0025217722859171565,0.4710348,0.005353685727502844,0,Robust_UC
2024-09-02 13:00:00,L123,74,76,-0.0040321552037770325,0.45895725,0.008785470114650184,0,Robust_UC
2024-09-02 13:00:00,L124,74,117,-0.0015675538134630775,0.46871325,0.00334437700121146,0,Robust_UC
2024-09-02 13:00:00,L125,75,76,-0.0011205496557216144,0.46096919999999997,0.0024308558049466523,0,Robust_UC
2024-09-02 13:00:00,L126,75,117,0.001344051734592346,0.4700934,0.002859116368347962,0,Robust_UC
2024-09-02 13:00:00,L127,76,77,-0.0008558458305450989,0.46640745,0.0018349746140313558,0,Robust_UC
2024-09-02 13:00:00,L128,76,79,-0.0018970312550229962,0.46031894999999995,0.004121123527551921,0,Robust_UC
2024-09-02 13:00:00,L129,76,79,-0.0018970312550229962,0.46031894999999995,0.004121123527551921,0,Robust_UC
2024-09-02 13:00:00,L130,76,81,-0.002345841803301829,0.4431897000000001,0.005293087369363117,0,Robust_UC
2024-09-02 13:00:00,L131,77,78,-0.0006323437516743136,0.4816593,0.0013128444767376308,0,Robust_UC
2024-09-02 13:00:00,L132,78,79,-0.00040884167280358374,0.47915505,0.0008532554812968865,0,Robust_UC
2024-09-02 13:00:00,L133,79,95,-0.0010582012994851953,0.46205414999999994,0.0022902105726897927,0,Robust_UC
2024-09-02 13:00:00,L134,79,96,-0.0006408516891779643,0.47741490000000003,0.0013423370095444534,0,Robust_UC
2024-09-02 13:00:00,L135,79,97,-0.0014418348265136955,0.47061405000000006,0.00306373094155114,0,Robust_UC
2024-09-02 13:00:00,L136,79,98,-0.0014418348265136955,0.46691325000000006,0.003088014372078101,0,Robust_UC
2024-09-02 13:00:00,L137,80,67,0.0008268226165822605,0.3178637999999999,0.0026011852138628578,0,Robust_UC
2024-09-02 13:00:00,L138,80,79,-0.0006033205377115282,0.39174659999999994,0.0015400785551464345,0,Robust_UC
2024-09-02 13:00:00,L139,81,82,-0.001512948973224737,0.4048461,0.0037370965737961587,0,Robust_UC
2024-09-02 13:00:00,L140,81,95,-0.0006093907512063623,0.44236890000000006,0.001377562372052742,0,Robust_UC
2024-09-02 13:00:00,L141,82,83,-0.0005043163244081716,0.37704869999999996,0.001337536303422268,0,Robust_UC
2024-09-02 13:00:00,L142,82,84,-0.000785130569945669,0.37064430000000004,0.002118285833468015,0,Robust_UC
2024-09-02 13:00:00,L143,83,84,-0.00028081424553749734,0.36047565000000004,0.0007790103035738955,0,Robust_UC
2024-09-02 13:00:00,L144,84,85,-0.0004470041577414631,0.34769340000000004,0.0012856273882146255,0,Robust_UC
2024-09-02 13:00:00,L145,84,87,-0.0002063135525805799,0.34072965,0.0006055051345856749,0,Robust_UC
2024-09-02 13:00:00,L146,84,88,-0.0001891250262904265,0.34467659999999994,0.0005487028312639342,0,Robust_UC
2024-09-02 13:00:00,L147,86,85,0.00022350207887073234,0.28543139999999995,0.000783032556581835,0,Robust_UC
2024-09-02 13:00:00,L148,87,88,1.7188526290151662e-05,0.3369474,5.101249123795483e-05,0,Robust_UC
2024-09-02 13:00:00,L149,88,89,-0.00010745390786282005,0.31691339999999996,0.00033906394574296974,0,Robust_UC
2024-09-02 13:00:00,L150,88,89,-0.00010745390786282005,0.31691339999999996,0.00033906394574296974,0,Robust_UC
2024-09-02 13:00:00,L151,88,91,0.00013323669729808918,0.3637242,0.00036631243480111903,0,Robust_UC
2024-09-02 13:00:00,L152,88,91,0.00013323669729808918,0.3637242,0.00036631243480111903,0,Robust_UC
2024-09-02 13:00:00,L153,89,90,8.594263145091444e-06,0.33528870000000005,2.5632427054927416e-05,0,Robust_UC
2024-09-02 13:00:00,L154,90,91,0.000232096342015823,0.3804678,0.0006100288697645977,0,Robust_UC
2024-09-02 13:00:00,L155,91,92,0.00017730800681187153,0.41554215,0.0004266907865107584,0,Robust_UC
2024-09-02 13:00:00,L156,91,93,0.0005781180924944729,0.42559739999999996,0.0013583684780369262,0,Robust_UC
2024-09-02 13:00:00,L157,91,99,0.0001426108462849185,0.4251762,0.0003354158729602421,0,Robust_UC
2024-09-02 13:00:00,L158,91,101,-0.0001759651301090938,0.41574645000000005,0.0004232510707165239,0,Robust_UC
2024-09-02 13:00:00,L159,92,93,0.00040081008568260135,0.43531155,0.0009207430532973484,0,Robust_UC
2024-09-02 13:00:00,L160,93,94,0.0004714784747955874,0.45128025,0.001044757608593745,0,Robust_UC
2024-09-02 13:00:00,L161,93,95,0.001166459028461908,0.44872245000000005,0.0025995111866186056,0,Robust_UC
2024-09-02 13:00:00,L162,93,99,-0.0004355072462095544,0.4429962,0.000983094767425893,0,Robust_UC
2024-09-02 13:00:00,L163,94,95,0.0006949805536663189,0.45922229999999997,0.0015133858997403197,0,Robust_UC
2024-09-02 13:00:00,L164,95,96,0.0004173496103072327,0.469728,0.0008884920854350448,0,Robust_UC
2024-09-02 13:00:00,L165,97,99,-0.001218332747642964,0.45473759999999996,0.0026791994936045845,0,Robust_UC
2024-09-02 13:00:00,L166,98,99,-0.001218332747642964,0.45157454999999996,0.0026979659231082974,0,Robust_UC
2024-09-02 13:00:00,L167,99,100,-0.0002710390276323693,0.44414460000000006,0.0006102495170094813,0,Robust_UC
2024-09-02 13:00:00,L168,99,102,-0.0008508492933562151,0.43902945000000004,0.0019380232769264454,0,Robust_UC
2024-09-02 13:00:00,L169,99,103,-0.0006766718112018455,0.43969725,0.0015389493821074513,0,Robust_UC
2024-09-02 13:00:00,L170,99,105,-0.0007074996841495374,0.43592445,0.001622986928467851,0,Robust_UC
2024-09-02 13:00:00,L171,100,101,-4.753694876163776e-05,0.43879365,0.00010833554396613936,0,Robust_UC
2024-09-02 13:00:00,L172,102,103,0.00017417748215436957,0.43664040000000004,0.00039890372524935746,0,Robust_UC
2024-09-02 13:00:00,L173,102,104,-0.00010481476802226553,0.4313898,0.0002429699729160623,0,Robust_UC
2024-09-02 13:00:00,L174,102,109,-0.000696709928617761,0.43662915,0.0015956560129294184,0,Robust_UC
2024-09-02 13:00:00,L175,103,104,-0.0002789922501766351,0.43296704999999996,0.0006443729382562371,0,Robust_UC
2024-09-02 13:00:00,L176,104,105,0.00024816437722896545,0.4283500499999999,0.0005793494765063421,0,Robust_UC
2024-09-02 13:00:00,L177,104,106,1.2331149179116083e-05,0.4245426,2.9045728695108768e-05,0,Robust_UC
2024-09-02 13:00:00,L178,104,107,-0.0004208004657358967,0.43129755000000003,0.0009756616186108562,0,Robust_UC
2024-09-02 13:00:00,L179,105,106,-0.00023583322804984763,0.4254606,0.0005543009812185843,0,Robust_UC
2024-09-02 13:00:00,L180,107,108,-0.00019729838686516517,0.4366377,0.0004518583412865292,0,Robust_UC
2024-09-02 13:00:00,L181,108,109,2.620369200556638e-05,0.43862759999999995,5.974018052116735e-05,0,Robust_UC
2024-09-02 13:00:00,L182,109,110,-0.00022350207887073234,0.43935254999999995,0.0005087078221595217,0,Robust_UC
2024-09-02 13:00:00,L183,109,111,-0.00022350207887073155,0.43699499999999997,0.000511452256594999,0,Robust_UC
2024-09-02 13:00:00,L184,113,114,-0.0002799700957769215,0.47739734999999994,0.0005864508794967578,0,Robust_UC
2024-09-02 13:00:00,L185,115,67,0.00022350207887073155,0.3076497,0.000726482355974121,0,Robust_UC
2024-09-02 14:00:00,L0,0,1,0.040380585891896525,0.48556575,0.08316193201826225,0,Robust_UC
2024-09-02 14:00:00,L1,0,2,0.1398000241596474,0.48455685,0.28851108834731654,0,Robust_UC
2024-09-02 14:00:00,L2,1,11,0.19056119594344043,0.48395699999999997,0.3937564617175502,0,Robust_UC
2024-09-02 14:00:00,L3,2,4,0.11657204609976718,0.47837745,0.24368215119623046,0,Robust_UC
2024-09-02 14:00:00,L4,2,11,0.09114175767568955,0.48196439999999996,0.18910475063239018,0,Robust_UC
2024-09-02 14:00:00,L5,3,4,-0.011731501262128748,0.4745268,0.02472252623482751,0,Robust_UC
2024-09-02 14:00:00,L6,3,10,0.011912111313672674,0.47688975,0.024978753084277182,0,Robust_UC
2024-09-02 14:00:00,L7,4,5,0.0020982372856750593,0.47593890000000005,0.0044086274218708725,0,Robust_UC
2024-09-02 14:00:00,L8,4,10,0.023643612575801914,0.4746599999999999,0.04981168115240787,0,Robust_UC
2024-09-02 14:00:00,L9,5,6,0.002278847337218986,0.48127635,0.004735007937163307,0,Robust_UC
2024-09-02 14:00:00,L10,6,11,-0.029807373046971713,0.482256,0.061808195329807636,0,Robust_UC
2024-09-02 14:00:00,L11,7,4,-0.07927930502770546,0.38545739999999995,0.2056759191228537,0,Robust_UC
2024-09-02 14:00:00,L12,7,8,-0.00036122010308785015,0.44389169999999994,0.0008137572815347757,0,Robust_UC
2024-09-02 14:00:00,L13,7,29,0.04755430474660261,0.43390755000000003,0.10959547660925147,0,Robust_UC
2024-09-02 14:00:00,L14,8,9,-0.00018061005154392507,0.4441716,0.0004066222413678071,0,Robust_UC
2024-09-02 14:00:00,L15,10,11,-0.049073900999880224,0.47983050000000005,0.1022734090473203,0,Robust_UC
2024-09-02 14:00:00,L16,10,12,0.05254340450516417,0.47466449999999993,0.11069587994291584,0,Robust_UC
2024-09-02 14:00:00,L17,11,13,0.09321377022297098,0.4768753499999999,0.19546778885293817,0,Robust_UC
2024-09-02 14:00:00,L18,11,15,0.07770229901666023,0.47901420000000006,0.1622129344321321,0,Robust_UC
2024-09-02 14:00:00,L19,11,116,-0.00018061005154392483,0.47629035,0.000379201576399616,0,Robust_UC
2024-09-02 14:00:00,L20,12,14,0.052724014556708096,0.46383434999999995,0.11366992236928572,0,Robust_UC
2024-09-02 14:00:00,L21,13,14,0.06112754983878027,0.4657392,0.13124845372427374,0,Robust_UC
2024-09-02 14:00:00,L22,14,16,0.0012438880231138982,0.46094040000000003,0.0026985875464895204,0,Robust_UC
2024-09-02 14:00:00,L23,14,18,0.04183567585366198,0.44951085,0.09306933493076301,0,Robust_UC
2024-09-02 14:00:00,L24,14,32,0.03868578013452151,0.44311995,0.08730317859649855,0,Robust_UC
2024-09-02 14:00:00,L25,15,16,0.07788290906820416,0.47121300000000005,0.1652817495871382,0,Robust_UC
2024-09-02 14:00:00,L26,16,17,0.020205588889502076,0.45820395,0.04409736949998374,0,Robust_UC
2024-09-02 14:00:00,L27,16,30,0.04424073854502596,0.46605824999999995,0.09492534151047849,0,Robust_UC
2024-09-02 14:00:00,L28,16,112,0.018182389594813365,0.4605039,0.03948368210304704,0,Robust_UC
2024-09-02 14:00:00,L29,17,18,0.020386198941046003,0.4457466,0.04573495107095826,0,Robust_UC
2024-09-02 14:00:00,L30,18,19,0.04072386727104771,0.44736345,0.09103083247200394,0,Robust_UC
2024-09-02 14:00:00,L31,18,33,0.021678617575204243,0.42043410000000003,0.05156246264326381,0,Robust_UC
2024-09-02 14:00:00,L32,19,20,0.008637646886857003,0.46621125,0.018527324012144717,0,Robust_UC
2024-09-02 14:00:00,L33,20,21,-0.023448573497333695,0.47334555,0.04953796121529757,0,Robust_UC
2024-09-02 14:00:00,L34,21,22,-0.02326796344578977,0.472149,0.049280975805920946,0,Robust_UC
2024-09-02 14:00:00,L35,22,23,-0.0056006946435658645,0.47093039999999997,0.011892828841726643,0,Robust_UC
2024-09-02 14:00:00,L36,22,24,-0.010795282946521293,0.46433340000000006,0.023248990803851913,0,Robust_UC
2024-09-02 14:00:00,L37,22,31,-0.0066913758041586835,0.47048625,0.01422225581333925,0,Robust_UC
2024-09-02 14:00:00,L38,23,69,-0.0038844533924725644,0.4705677,0.008254823678872486,0,Robust_UC
2024-09-02 14:00:00,L39,23,71,-0.0015356311995493735,0.47252115000000006,0.0032498676504731554,0,Robust_UC
2024-09-02 14:00:00,L40,24,26,0.00735702812343798,0.45485145000000005,0.01617457331055662,0,Robust_UC
2024-09-02 14:00:00,L41,25,24,0.017971701018415352,0.35101034999999997,0.051199917661730925,0,Robust_UC
2024-09-02 14:00:00,L42,25,29,-0.017791090966871426,0.42704145000000004,0.041661274255394704,0,Robust_UC
2024-09-02 14:00:00,L43,26,27,0.012055742867959802,0.47590515,0.025332238720173133,0,Robust_UC
2024-09-02 14:00:00,L44,26,31,-0.0032531209810754413,0.46696995,0.006966446087324123,0,Robust_UC
2024-09-02 14:00:00,L45,26,114,-0.0012649837119024232,0.47349494999999997,0.0026715886027980306,0,Robust_UC
2024-09-02 14:00:00,L46,27,28,0.012236352919503729,0.48221145,0.02537549226486374,0,Robust_UC
2024-09-02 14:00:00,L47,28,30,-0.01984986746468697,0.47714265,0.04160153669911287,0,Robust_UC
2024-09-02 14:00:00,L48,29,16,0.003321309886478869,0.3330558,0.009972232540249619,0,Robust_UC
2024-09-02 14:00:00,L49,29,37,0.026622513944796245,0.40177035,0.06626301304911188,0,Robust_UC
2024-09-02 14:00:00,L50,30,31,-0.007695349303851712,0.4679505,0.016444793421209535,0,Robust_UC
2024-09-02 14:00:00,L51,31,112,-0.018362999646357292,0.46358594999999997,0.03961077691495459,0,Robust_UC
2024-09-02 14:00:00,L52,31,113,0.0009037636088145562,0.47169045000000004,0.0019160099781849647,0,Robust_UC
2024-09-02 14:00:00,L53,32,36,0.00702319976843474,0.40875615,0.01718188158987881,0,Robust_UC
2024-09-02 14:00:00,L54,33,35,0.015395505730309168,0.4088799,0.037652879807271444,0,Robust_UC
2024-09-02 14:00:00,L55,33,36,-0.01780531352590997,0.40276799999999996,0.044207368822523074,0,Robust_UC
2024-09-02 14:00:00,L56,33,42,-0.007997795013385649,0.40599044999999995,0.019699465870159385,0,Robust_UC
2024-09-02 14:00:00,L57,34,35,0.01669071465388153,0.40829309999999996,0.04087924741780239,0,Robust_UC
2024-09-02 14:00:00,L58,34,36,-0.016510104602337605,0.39626190000000006,0.0416646278694409,0,Robust_UC
2024-09-02 14:00:00,L59,36,38,-0.0020427768460960713,0.38882789999999995,0.005253678674025376,0,Robust_UC
2024-09-02 14:00:00,L60,36,39,-0.003904943640647973,0.38130435,0.010241015190747164,0,Robust_UC
2024-09-02 14:00:00,L61,37,36,0.021163887821524906,0.29373659999999996,0.07205056442242781,0,Robust_UC
2024-09-02 14:00:00,L62,37,64,0.005639236174815265,0.36143414999999995,0.015602388913209407,0,Robust_UC
2024-09-02 14:00:00,L63,38,39,-0.0018621667945521447,0.37537244999999997,0.00496085100159094,0,Robust_UC
2024-09-02 14:00:00,L64,39,40,-0.0019223701450667083,0.36336060000000003,0.00529052997233797,0,Robust_UC
2024-09-02 14:00:00,L65,39,41,-0.003664130238589469,0.35154945,0.010422801795279353,0,Robust_UC
2024-09-02 14:00:00,L66,40,41,-0.0017417600935227817,0.34611255,0.005032351740850719,0,Robust_UC
2024-09-02 14:00:00,L67,41,48,-0.002612640140284117,0.34962210000000005,0.007472754554944086,0,Robust_UC
2024-09-02 14:00:00,L68,41,48,-0.002612640140284117,0.34962210000000005,0.007472754554944086,0,Robust_UC
2024-09-02 14:00:00,L69,42,43,-0.007817184961841722,0.39337425000000004,0.019872131848593856,0,Robust_UC
2024-09-02 14:00:00,L70,43,44,-0.007636574910297796,0.38489175,0.019840838132534136,0,Robust_UC
2024-09-02 14:00:00,L71,44,45,-0.002920492198847491,0.3826035,0.007633208266122737,0,Robust_UC
2024-09-02 14:00:00,L72,44,48,-0.004535472659906392,0.37018889999999993,0.012251779185995022,0,Robust_UC
2024-09-02 14:00:00,L73,45,46,-0.0018420868910018484,0.38677905,0.004762633578529779,0,Robust_UC
2024-09-02 14:00:00,L74,45,47,-0.0008977952563014244,0.37397294999999997,0.0024006957088779403,0,Robust_UC
2024-09-02 14:00:00,L75,46,48,0.00022710642994294705,0.3774852,0.0006016300240193445,0,Robust_UC
2024-09-02 14:00:00,L76,46,68,-0.0018885832694009452,0.40899104999999997,0.004617664052553094,0,Robust_UC
2024-09-02 14:00:00,L77,47,48,-0.0007171852047574978,0.36427365,0.0019688089016526387,0,Robust_UC
2024-09-02 14:00:00,L78,48,49,-0.0007148839125154006,0.36637875000000003,0.0019512155454305157,0,Robust_UC
2024-09-02 14:00:00,L79,48,50,-0.0008863149129378356,0.37284794999999993,0.0023771484138181147,0,Robust_UC
2024-09-02 14:00:00,L80,48,53,-0.0011159242602072905,0.34581824999999994,0.0032269096850940943,0,Robust_UC
2024-09-02 14:00:00,L81,48,53,-0.0011159242602072905,0.34581824999999994,0.0032269096850940943,0,Robust_UC
2024-09-02 14:00:00,L82,48,65,-0.0020607423092673383,0.3399282,0.006062287004336028,0,Robust_UC
2024-09-02 14:00:00,L83,48,65,-0.0020607423092673383,0.3399282,0.006062287004336028,0,Robust_UC
2024-09-02 14:00:00,L84,48,68,-0.0021156896993438923,0.39581594999999997,0.005345135028903945,0,Robust_UC
2024-09-02 14:00:00,L85,49,56,-0.0005342738609714741,0.3701565,0.0014433729003042607,0,Robust_UC
2024-09-02 14:00:00,L86,50,51,-0.00025714650063374717,0.38319344999999994,0.0006710618373924378,0,Robust_UC
2024-09-02 14:00:00,L87,50,57,-0.0004485583607602636,0.37608434999999996,0.0011927067977177558,0,Robust_UC
2024-09-02 14:00:00,L88,51,52,-7.65364490898206e-05,0.38088180000000005,0.0002009454090214355,0,Robust_UC
2024-09-02 14:00:00,L89,52,53,0.00010407360245410595,0.3590514,0.0002898571136447482,0,Robust_UC
2024-09-02 14:00:00,L90,53,54,-0.0005319437294901697,0.3256929,0.001633267809922076,0,Robust_UC
2024-09-02 14:00:00,L91,53,55,-0.00048689732270712494,0.3404124,0.00143031605989419,0,Robust_UC
2024-09-02 14:00:00,L92,53,58,-0.0009283238142194783,0.327222,0.0028369847205245314,0,Robust_UC
2024-09-02 14:00:00,L93,54,55,4.5046406783044723e-05,0.33776505,0.00013336609807037384,0,Robust_UC
2024-09-02 14:00:00,L94,54,58,-0.00039638008472930863,0.3245003999999999,0.0012215087708036994,0,Robust_UC
2024-09-02 14:00:00,L95,55,56,0.00035366380942754755,0.3602844,0.000981623987681808,0,Robust_UC
2024-09-02 14:00:00,L96,55,57,0.00026794830921633706,0.36404505,0.0007360306347149537,0,Robust_UC
2024-09-02 14:00:00,L97,55,58,-0.00044142649151235336,0.3333456,0.0013242307428457233,0,Robust_UC
2024-09-02 14:00:00,L98,55,58,-0.00044142649151235336,0.3333456,0.0013242307428457233,0,Robust_UC
2024-09-02 14:00:00,L99,58,59,-0.00041607508716140496,0.32842575,0.0012668771774484947,0,Robust_UC
2024-09-02 14:00:00,L100,58,60,-0.0006722048262339242,0.318204,0.002112496468409964,0,Robust_UC
2024-09-02 14:00:00,L101,59,60,-0.00025612973907251924,0.3270906,0.0007830544169490631,0,Robust_UC
2024-09-02 14:00:00,L102,59,61,2.066470345513105e-05,0.3336012,6.19443319002781e-05,0,Robust_UC
2024-09-02 14:00:00,L103,60,61,0.0002767944425276503,0.32262929999999995,0.0008579333697455573,0,Robust_UC
2024-09-02 14:00:00,L104,61,65,0.00037891614886570446,0.33056595,0.0011462649098181602,0,Robust_UC
2024-09-02 14:00:00,L105,61,66,9.915304866087854e-05,0.33502184999999995,0.0002959599460777814,0,Robust_UC
2024-09-02 14:00:00,L106,62,58,0.0009386669170341549,0.24712605000000004,0.0037983325393423912,0,Robust_UC
2024-09-02 14:00:00,L107,62,63,-0.0007580568654902298,0.32604435,0.002325011506840189,0,Robust_UC
2024-09-02 14:00:00,L108,63,60,0.0010245189562904581,0.22813019999999995,0.0044909396313616455,0,Robust_UC
2024-09-02 14:00:00,L109,63,64,-0.001601965770236763,0.33180299999999996,0.004828062947703195,0,Robust_UC
2024-09-02 14:00:00,L110,64,65,0.0032821953179205665,0.20915009999999998,0.015693013380919094,0,Robust_UC
2024-09-02 14:00:00,L111,64,67,0.0009356851382018657,0.21152159999999998,0.0044235914355879764,0,Robust_UC
2024-09-02 14:00:00,L112,65,66,-0.0002797631002048051,0.3323646,0.000841735552477024,0,Robust_UC
2024-09-02 14:00:00,L113,67,68,0.002291562789642147,0.32106104999999996,0.0071374674369318455,0,Robust_UC
2024-09-02 14:00:00,L114,68,69,0.0015839288483140354,0.4517658,0.0035060840114812487,0,Robust_UC
2024-09-02 14:00:00,L115,68,74,-0.00043167815952616095,0.44746065,0.0009647287633586572,0,Robust_UC
2024-09-02 14:00:00,L116,68,76,-0.002684350816345993,0.44147699999999995,0.006080386557727794,0,Robust_UC
2024-09-02 14:00:00,L117,69,70,0.0009938010449175954,0.4703256,0.0021130064893716085,0,Robust_UC
2024-09-02 14:00:00,L118,69,73,-0.0010981085296920753,0.47338559999999996,0.0023196914517299963,0,Robust_UC
2024-09-02 14:00:00,L119,69,74,-0.0020156070078402033,0.46537605,0.004331136094863935,0,Robust_UC
2024-09-02 14:00:00,L120,70,71,0.001355021148005447,0.4645313999999999,0.002916963520669318,0,Robust_UC
2024-09-02 14:00:00,L121,70,72,-0.00018061005154392656,0.46204514999999996,0.0003908926466253927,0,Robust_UC
2024-09-02 14:00:00,L122,73,74,-0.0009174984781481488,0.4710348,0.0019478358672186192,0,Robust_UC
2024-09-02 14:00:00,L123,74,76,-0.002252672656819832,0.45895725,0.004908240706122045,0,Robust_UC
2024-09-02 14:00:00,L124,74,117,-0.000931500937150536,0.46871325,0.0019873578081066323,0,Robust_UC
2024-09-02 14:00:00,L125,75,76,-0.0005702808340626864,0.46096919999999997,0.0012371343553163345,0,Robust_UC
2024-09-02 14:00:00,L126,75,117,0.0007508908856066112,0.4700934,0.001597322756725815,0,Robust_UC
2024-09-02 14:00:00,L127,76,77,-0.0006525823910296113,0.46640745,0.0013991680257886346,0,Robust_UC
2024-09-02 14:00:00,L128,76,79,-0.001415917018457058,0.46031894999999995,0.003075947706382842,0,Robust_UC
2024-09-02 14:00:00,L129,76,79,-0.001415917018457058,0.46031894999999995,0.003075947706382842,0,Robust_UC
2024-09-02 14:00:00,L130,76,81,-0.0018422778277418783,0.4431897000000001,0.00415686065750598,0,Robust_UC
2024-09-02 14:00:00,L131,77,78,-0.00047197233948568655,0.4816593,0.000979888355702229,0,Robust_UC
2024-09-02 14:00:00,L132,78,79,-0.0002913622879417617,0.47915505,0.0006080751688660314,0,Robust_UC
2024-09-02 14:00:00,L133,79,95,-0.0008795436720874794,0.46205414999999994,0.001903551070989146,0,Robust_UC
2024-09-02 14:00:00,L134,79,96,-0.0005300768618157117,0.47741490000000003,0.001110306489838737,0,Robust_UC
2024-09-02 14:00:00,L135,79,97,-0.0011735066181087963,0.47061405000000006,0.0024935647758684556,0,Robust_UC
2024-09-02 14:00:00,L136,79,98,-0.0011735066181087963,0.46691325000000006,0.002513329013706071,0,Robust_UC
2024-09-02 14:00:00,L137,80,67,0.0009946575483524313,0.3178637999999999,0.0031291941654017588,0,Robust_UC
2024-09-02 14:00:00,L138,80,79,-0.0008140474968085063,0.39174659999999994,0.002077995052946232,0,Robust_UC
2024-09-02 14:00:00,L139,81,82,-0.0012084849133952025,0.4048461,0.0029850476845280282,0,Robust_UC
2024-09-02 14:00:00,L140,81,95,-0.00045318286280265907,0.44236890000000006,0.0010244455765372725,0,Robust_UC
2024-09-02 14:00:00,L141,82,83,-0.000402828304465086,0.37704869999999996,0.0010683720815509669,0,Robust_UC
2024-09-02 14:00:00,L142,82,84,-0.0006250465573862662,0.37064430000000004,0.0016863784425829999,0,Robust_UC
2024-09-02 14:00:00,L143,83,84,-0.00022221825292118025,0.36047565000000004,0.000616458429081632,0,Robust_UC
2024-09-02 14:00:00,L144,84,85,-0.00036122010308784966,0.34769340000000004,0.0010389041123238165,0,Robust_UC
2024-09-02 14:00:00,L145,84,87,-0.00016201490240654558,0.34072965,0.000475493994744941,0,Robust_UC
2024-09-02 14:00:00,L146,84,88,-0.00014341975326914724,0.34467659999999994,0.00041609947779787566,0,Robust_UC
2024-09-02 14:00:00,L147,86,85,0.00018061005154392507,0.28543139999999995,0.0006327616777408691,0,Robust_UC
2024-09-02 14:00:00,L148,87,88,1.8595149137379252e-05,0.3369474,5.5187097859723063e-05,0,Robust_UC
2024-09-02 14:00:00,L149,88,89,-8.565623848760806e-05,0.31691339999999996,0.0002702827917267243,0,Robust_UC
2024-09-02 14:00:00,L150,88,89,-8.565623848760806e-05,0.31691339999999996,0.0002702827917267243,0,Robust_UC
2024-09-02 14:00:00,L151,88,91,0.00011354896219362143,0.3637242,0.000312184237929787,0,Robust_UC
2024-09-02 14:00:00,L152,88,91,0.00011354896219362143,0.3637242,0.000312184237929787,0,Robust_UC
2024-09-02 14:00:00,L153,89,90,9.297574568708708e-06,0.33528870000000005,2.7730056422148157e-05,0,Robust_UC
2024-09-02 14:00:00,L154,90,91,0.00018990762611253986,0.3804678,0.0004991424402079226,0,Robust_UC
2024-09-02 14:00:00,L155,91,92,0.0001443785844732759,0.41554215,0.00034744630472089506,0,Robust_UC
2024-09-02 14:00:00,L156,91,93,0.00046936722049045754,0.42559739999999996,0.001102843251604586,0,Robust_UC
2024-09-02 14:00:00,L157,91,99,0.0001233598864681662,0.4251762,0.0002901382684829635,0,Robust_UC
2024-09-02 14:00:00,L158,91,101,-0.00013949008938785035,0.41574645000000005,0.00033551721100168224,0,Robust_UC
2024-09-02 14:00:00,L159,92,93,0.0003249886360172007,0.43531155,0.0007465656172394248,0,Robust_UC
2024-09-02 14:00:00,L160,93,94,0.000380121063509967,0.45128025,0.0008423170823672585,0,Robust_UC
2024-09-02 14:00:00,L161,93,95,0.0009408521785638779,0.44872245000000005,0.0020967352504067446,0,Robust_UC
2024-09-02 14:00:00,L162,93,99,-0.00034600733402229134,0.4429962,0.0007810616299243454,0,Robust_UC
2024-09-02 14:00:00,L163,94,95,0.0005607311150538918,0.45922229999999997,0.0012210450473635359,0,Robust_UC
2024-09-02 14:00:00,L164,95,96,0.00034946681027178683,0.469728,0.0007439769617135594,0,Robust_UC
2024-09-02 14:00:00,L165,97,99,-0.0009928965665648715,0.45473759999999996,0.002183449458687541,0,Robust_UC
2024-09-02 14:00:00,L166,98,99,-0.0009928965665648715,0.45157454999999996,0.0021987434113921425,0,Robust_UC
2024-09-02 14:00:00,L167,99,100,-0.00022173001370001666,0.44414460000000006,0.0004992293358965,0,Robust_UC
2024-09-02 14:00:00,L168,99,102,-0.0006875637824289016,0.43902945000000004,0.0015660994551251666,0,Robust_UC
2024-09-02 14:00:00,L169,99,103,-0.0005468125008809555,0.43969725,0.0012436113732368248,0,Robust_UC
2024-09-02 14:00:00,L170,99,105,-0.0005717242321282345,0.43592445,0.001311521370568305,0,Robust_UC
2024-09-02 14:00:00,L171,100,101,-4.111996215599989e-05,0.43879365,9.371138838495017e-05,0,Robust_UC
2024-09-02 14:00:00,L172,102,103,0.00014075128154794614,0.43664040000000004,0.0003223505693654232,0,Robust_UC
2024-09-02 14:00:00,L173,102,104,-8.469988624093538e-05,0.4313898,0.00019634188439535518,0,Robust_UC
2024-09-02 14:00:00,L174,102,109,-0.0005630051261920066,0.43662915,0.0012894354996500041,0,Robust_UC
2024-09-02 14:00:00,L175,103,104,-0.00022545116778888152,0.43296704999999996,0.0005207120675554445,0,Robust_UC
2024-09-02 14:00:00,L176,104,105,0.00020053943654158024,0.4283500499999999,0.0004681671836890886,0,Robust_UC
2024-09-02 14:00:00,L177,104,106,9.964692498818165e-06,0.4245426,2.3471596251632143e-05,0,Robust_UC
2024-09-02 14:00:00,L178,104,107,-0.00034004513152761755,0.43129755000000003,0.0007884235176564707,0,Robust_UC
2024-09-02 14:00:00,L179,105,106,-0.000190574744042743,0.4254606,0.0004479257163712527,0,Robust_UC
2024-09-02 14:00:00,L180,107,108,-0.00015943507998369272,0.4366377,0.00036514272584271286,0,Robust_UC
2024-09-02 14:00:00,L181,108,109,2.117497156023211e-05,0.43862759999999995,4.827551107187991e-05,0,Robust_UC
2024-09-02 14:00:00,L182,109,110,-0.00018061005154392507,0.43935254999999995,0.0004110822881167415,0,Robust_UC
2024-09-02 14:00:00,L183,109,111,-0.00018061005154392483,0.43699499999999997,0.0004133000412909183,0,Robust_UC
2024-09-02 14:00:00,L184,113,114,0.001084373660358462,0.47739734999999994,0.0022714279003820657,0,Robust_UC
2024-09-02 14:00:00,L185,115,67,0.00018061005154392483,0.3076497,0.0005870639611997828,0,Robust_UC
2024-09-02 15:00:00,L0,0,1,0.03894609226582646,0.48556575,0.08020765934546754,0,Robust_UC
2024-09-02 15:00:00,L1,0,2,0.14124384600678735,0.48455685,0.29149076317213835,0,Robust_UC
2024-09-02 15:00:00,L2,1,11,0.1891360305384403,0.48395699999999997,0.39081164346923447,0,Robust_UC
2024-09-02 15:00:00,L3,2,4,0.12195331031266063,0.47837745,0.25493114341543616,0,Robust_UC
2024-09-02 15:00:00,L4,2,11,0.08683827679747931,0.48196439999999996,0.18017570757815166,0,Robust_UC
2024-09-02 15:00:00,L5,3,4,-0.030952759299859266,0.4745268,0.06522868529208312,0,Robust_UC
2024-09-02 15:00:00,L6,3,10,-0.001499499596788155,0.47688975,0.003144331780643545,0,Robust_UC
2024-09-02 15:00:00,L7,4,5,-0.0010142170545874366,0.47593890000000005,0.0021309816335404325,0,Robust_UC
2024-09-02 15:00:00,L8,4,10,0.02945325970307111,0.4746599999999999,0.06205127818453444,0,Robust_UC
2024-09-02 15:00:00,L9,5,6,-0.0008242787819735947,0.48127635,0.0017126933039065698,0,Robust_UC
2024-09-02 15:00:00,L10,6,11,-0.033276537678621015,0.482256,0.06900181164904327,0,Robust_UC
2024-09-02 15:00:00,L11,7,4,-0.06275144663693155,0.38545739999999995,0.16279735876631649,0,Robust_UC
2024-09-02 15:00:00,L12,7,8,-0.0003798765452276782,0.44389169999999994,0.0008557865470962359,0,Robust_UC
2024-09-02 15:00:00,L13,7,29,0.06332126145477307,0.43390755000000003,0.1459326104253615,0,Robust_UC
2024-09-02 15:00:00,L14,8,9,-0.0001899382726138391,0.4441716,0.0004276236315285333,0,Robust_UC
2024-09-02 15:00:00,L15,10,11,-0.06456829321825186,0.47983050000000005,0.1345647957315174,0,Robust_UC
2024-09-02 15:00:00,L16,10,12,0.060069794427887395,0.47466449999999993,0.12655211086543738,0,Robust_UC
2024-09-02 15:00:00,L17,11,13,0.0760328424523829,0.4768753499999999,0.1594396574542654,0,Robust_UC
2024-09-02 15:00:00,L18,11,15,0.10247651053189151,0.47901420000000006,0.21393209331141227,0,Robust_UC
2024-09-02 15:00:00,L19,11,116,-0.00018993827261383836,0.47629035,0.00039878673295362454,0,Robust_UC
2024-09-02 15:00:00,L20,12,14,0.027617535531239974,0.46383434999999995,0.05954180739576527,0,Robust_UC
2024-09-02 15:00:00,L21,13,14,0.07622278072499675,0.4657392,0.16365979227214875,0,Robust_UC
2024-09-02 15:00:00,L22,14,16,0.02024513898975569,0.46094040000000003,0.04392138113681441,0,Robust_UC
2024-09-02 15:00:00,L23,14,18,0.051691009704570634,0.44951085,0.11499390883350342,0,Robust_UC
2024-09-02 15:00:00,L24,14,32,0.03209410583452423,0.44311995,0.07242758046556973,0,Robust_UC
2024-09-02 15:00:00,L25,15,16,0.07002425163524409,0.47121300000000005,0.14860424401543268,0,Robust_UC
2024-09-02 15:00:00,L26,16,17,0.03194906480573127,0.45820395,0.06972673370827831,0,Robust_UC
2024-09-02 15:00:00,L27,16,30,0.01945378018207804,0.46605824999999995,0.04174109176713006,0,Robust_UC
2024-09-02 15:00:00,L28,16,112,0.017727307300793593,0.4605039,0.03849545530622779,0,Robust_UC
2024-09-02 15:00:00,L29,17,18,-0.0005031940909161481,0.4457466,0.0011288792576682539,0,Robust_UC
2024-09-02 15:00:00,L30,18,19,0.019301326321455516,0.44736345,0.04314462060200831,0,Robust_UC
2024-09-02 15:00:00,L31,18,33,0.032076427564812826,0.42043410000000003,0.07629359170631693,0,Robust_UC
2024-09-02 15:00:00,L32,19,20,0.019491264594069357,0.46621125,0.041807795487709395,0,Robust_UC
2024-09-02 15:00:00,L33,20,21,-0.012960994302578077,0.47334555,0.027381675612199327,0,Robust_UC
2024-09-02 15:00:00,L34,21,22,-0.012771056029964312,0.472149,0.027048783392455162,0,Robust_UC
2024-09-02 15:00:00,L35,22,23,0.013208181605491753,0.47093039999999997,0.02804699294310105,0,Robust_UC
2024-09-02 15:00:00,L36,22,24,-0.01692744093924603,0.46433340000000006,0.03645535931562543,0,Robust_UC
2024-09-02 15:00:00,L37,22,31,-0.008861858423596214,0.47048625,0.018835531162911166,0,Robust_UC
2024-09-02 15:00:00,L38,23,69,-0.01080958654483527,0.4705677,0.02297137382110007,0,Robust_UC
2024-09-02 15:00:00,L39,23,71,-0.0038564465450968673,0.47252115000000006,0.008161426308847482,0,Robust_UC
2024-09-02 15:00:00,L40,24,26,0.0028034619290752127,0.45485145000000005,0.0061634670595756315,0,Robust_UC
2024-09-02 15:00:00,L41,25,24,0.019540964595707404,0.35101034999999997,0.05567062223580418,0,Robust_UC
2024-09-02 15:00:00,L42,25,29,-0.019351026323093566,0.42704145000000004,0.04531416405384902,0,Robust_UC
2024-09-02 15:00:00,L43,26,27,-0.0038328223077966905,0.47590515,0.008053752534085187,0,Robust_UC
2024-09-02 15:00:00,L44,26,31,0.0052621205865746035,0.46696995,0.011268649270846236,0,Robust_UC
2024-09-02 15:00:00,L45,26,114,0.0015641019229110306,0.47349494999999997,0.003303312786991774,0,Robust_UC
2024-09-02 15:00:00,L46,27,28,-0.0036428840351827585,0.48221145,0.0075545365734943845,0,Robust_UC
2024-09-02 15:00:00,L47,28,30,-0.0034529457625689336,0.47714265,0.0072367158177306795,0,Robust_UC
2024-09-02 15:00:00,L48,29,16,0.011313020560249475,0.3330558,0.033967342890439005,0,Robust_UC
2024-09-02 15:00:00,L49,29,37,0.032847152844044214,0.40177035,0.08175604009614999,0,Robust_UC
2024-09-02 15:00:00,L50,30,31,0.01619077269212295,0.4679505,0.03459932768983674,0,Robust_UC
2024-09-02 15:00:00,L51,31,112,-0.01791724557340743,0.46358594999999997,0.03864924200875249,0,Robust_UC
2024-09-02 15:00:00,L52,31,113,-0.0019439784681387073,0.47169045000000004,0.004121301307115095,0,Robust_UC
2024-09-02 15:00:00,L53,32,36,0.032284044107138074,0.40875615,0.07898118256358486,0,Robust_UC
2024-09-02 15:00:00,L54,33,35,0.02598916312074037,0.4088799,0.06356185060879825,0,Robust_UC
2024-09-02 15:00:00,L55,33,36,-0.019389287327721147,0.40276799999999996,0.048140088904086595,0,Robust_UC
2024-09-02 15:00:00,L56,33,42,-0.006975707124853826,0.40599044999999995,0.01718194879917453,0,Robust_UC
2024-09-02 15:00:00,L57,34,35,0.006463095775907049,0.40829309999999996,0.015829549350471633,0,Robust_UC
2024-09-02 15:00:00,L58,34,36,-0.03891535467255447,0.39626190000000006,0.09820614768302091,0,Robust_UC
2024-09-02 15:00:00,L59,36,38,-0.0011405730750084948,0.38882789999999995,0.0029333622278866693,0,Robust_UC
2024-09-02 15:00:00,L60,36,39,-0.002091207877403134,0.38130435,0.005484353581078039,0,Robust_UC
2024-09-02 15:00:00,L61,37,36,0.022598878668111944,0.29373659999999996,0.07693586249759801,0,Robust_UC
2024-09-02 15:00:00,L62,37,64,0.01043821244854598,0.36143414999999995,0.02887998394326043,0,Robust_UC
2024-09-02 15:00:00,L63,38,39,-0.0009506348023946565,0.37537244999999997,0.0025325108499429207,0,Robust_UC
2024-09-02 15:00:00,L64,39,40,-0.0010139475599325772,0.36336060000000003,0.0027904719442134814,0,Robust_UC
2024-09-02 15:00:00,L65,39,41,-0.0018379568472512986,0.35154945,0.005228160212599675,0,Robust_UC
2024-09-02 15:00:00,L66,40,41,-0.0008240092873187388,0.34611255,0.0023807552985834774,0,Robust_UC
2024-09-02 15:00:00,L67,41,48,-0.0012360139309781082,0.34962210000000005,0.00353528547245185,0,Robust_UC
2024-09-02 15:00:00,L68,41,48,-0.0012360139309781082,0.34962210000000005,0.00353528547245185,0,Robust_UC
2024-09-02 15:00:00,L69,42,43,-0.006785768852239988,0.39337425000000004,0.017250160253854917,0,Robust_UC
2024-09-02 15:00:00,L70,43,44,-0.00659583057962615,0.38489175,0.01713684582645939,0,Robust_UC
2024-09-02 15:00:00,L71,44,45,-0.002208732880378539,0.3826035,0.005772902967114883,0,Robust_UC
2024-09-02 15:00:00,L72,44,48,-0.004197159426633568,0.37018889999999993,0.011337885675755185,0,Robust_UC
2024-09-02 15:00:00,L73,45,46,-0.0009296121983308203,0.38677905,0.0024034709179073174,0,Robust_UC
2024-09-02 15:00:00,L74,45,47,-0.0010891824094344423,0.37397294999999997,0.002912463079039386,0,Robust_UC
2024-09-02 15:00:00,L75,46,48,-0.0010588143479242085,0.3774852,0.0028049161872418004,0,Robust_UC
2024-09-02 15:00:00,L76,46,68,0.00031914042220748673,0.40899104999999997,0.0007803115061013848,0,Robust_UC
2024-09-02 15:00:00,L77,47,48,-0.0008992441368206039,0.36427365,0.002468595070822729,0,Robust_UC
2024-09-02 15:00:00,L78,48,49,-0.0008339335579532457,0.36637875000000003,0.002276151545233575,0,Robust_UC
2024-09-02 15:00:00,L79,48,50,-0.0010297913160979277,0.37284794999999993,0.0027619605152661504,0,Robust_UC
2024-09-02 15:00:00,L80,48,53,-0.001341336409907412,0.34581824999999994,0.0038787322817908317,0,Robust_UC
2024-09-02 15:00:00,L81,48,53,-0.001341336409907412,0.34581824999999994,0.0038787322817908317,0,Robust_UC
2024-09-02 15:00:00,L82,48,65,-0.002634432288494193,0.3399282,0.007749966870928016,0,Robust_UC
2024-09-02 15:00:00,L83,48,65,-0.002634432288494193,0.3399282,0.007749966870928016,0,Robust_UC
2024-09-02 15:00:00,L84,48,68,0.0013779547701316952,0.39581594999999997,0.0034813017770802196,0,Robust_UC
2024-09-02 15:00:00,L85,49,56,-0.0006439952853394073,0.3701565,0.00173979191325671,0,Robust_UC
2024-09-02 15:00:00,L86,50,51,-0.00029378663721699866,0.38319344999999994,0.000766679694595507,0,Robust_UC
2024-09-02 15:00:00,L87,50,57,-0.0005460664062670768,0.37608434999999996,0.0014519785422261705,0,Robust_UC
2024-09-02 15:00:00,L88,51,52,-0.0001038483646031603,0.38088180000000005,0.00027265247277018825,0,Robust_UC
2024-09-02 15:00:00,L89,52,53,8.608990801067806e-05,0.3590514,0.00023977042844193912,0,Robust_UC
2024-09-02 15:00:00,L90,53,54,-0.0006491457279511059,0.3256929,0.001993122134228612,0,Robust_UC
2024-09-02 15:00:00,L91,53,55,-0.0005906494461108136,0.3404124,0.0017350996794206486,0,Robust_UC
2024-09-02 15:00:00,L92,53,58,-0.0011668494651285166,0.327222,0.0035659260842135204,0,Robust_UC
2024-09-02 15:00:00,L93,54,55,5.849628184029232e-05,0.33776505,0.00017318630758360676,0,Robust_UC
2024-09-02 15:00:00,L94,54,58,-0.0005177037371774107,0.3245003999999999,0.001595387053998734,0,Robust_UC
2024-09-02 15:00:00,L95,55,56,0.00045405701272556903,0.3602844,0.0012602738634411288,0,Robust_UC
2024-09-02 15:00:00,L96,55,57,0.0003561281336532385,0.36404505,0.0009782529213163,0,Robust_UC
2024-09-02 15:00:00,L97,55,58,-0.000576200019017703,0.3333456,0.0017285364469118627,0,Robust_UC
2024-09-02 15:00:00,L98,55,58,-0.000576200019017703,0.3333456,0.0017285364469118627,0,Robust_UC
2024-09-02 15:00:00,L99,58,59,-0.0005381189454883861,0.32842575,0.0016384797644167246,0,Robust_UC
2024-09-02 15:00:00,L100,58,60,-0.0008829042219741234,0.318204,0.00277464840785824,0,Robust_UC
2024-09-02 15:00:00,L101,59,60,-0.0003447852764857373,0.3270906,0.0010540971721160355,0,Robust_UC
2024-09-02 15:00:00,L102,59,61,-3.3953963889388206e-06,0.3336012,1.017801011788573e-05,0,Robust_UC
2024-09-02 15:00:00,L103,60,61,0.0003413898800967985,0.32262929999999995,0.0010581490276822302,0,Robust_UC
2024-09-02 15:00:00,L104,61,65,0.0004152679284190608,0.33056595,0.0012562332219003827,0,Robust_UC
2024-09-02 15:00:00,L105,61,66,0.00011266482790260254,0.33502184999999995,0.00033629098490920085,0,Robust_UC
2024-09-02 15:00:00,L106,62,58,0.0012259918002654017,0.24712605000000004,0.004960997840031035,0,Robust_UC
2024-09-02 15:00:00,L107,62,63,-0.0010360535276515627,0.32604435,0.003177646009359042,0,Robust_UC
2024-09-02 15:00:00,L108,63,60,0.001379141105942842,0.22813019999999995,0.006045412251174295,0,Robust_UC
2024-09-02 15:00:00,L109,63,64,-0.0022252563609805654,0.33180299999999996,0.006706558894827852,0,Robust_UC
2024-09-02 15:00:00,L110,64,65,0.0043610552754392296,0.20915009999999998,0.020851318146341932,0,Robust_UC
2024-09-02 15:00:00,L111,64,67,0.004041839084740762,0.21152159999999998,0.019108398786415962,0,Robust_UC
2024-09-02 15:00:00,L112,65,66,-0.0003026031005164409,0.3323646,0.0009104552666452471,0,Robust_UC
2024-09-02 15:00:00,L113,67,68,0.004331603249324355,0.32106104999999996,0.013491525207820617,0,Robust_UC
2024-09-02 15:00:00,L114,68,69,0.006559219292047835,0.4517658,0.014519070040378964,0,Robust_UC
2024-09-02 15:00:00,L115,68,74,0.0017244915779693892,0.44746065,0.0038539513540897714,0,Robust_UC
2024-09-02 15:00:00,L116,68,76,-0.002065074155740809,0.44147699999999995,0.004677648338963999,0,Robust_UC
2024-09-02 15:00:00,L117,69,70,0.0032866317272553514,0.4703256,0.006987992418986658,0,Robust_UC
2024-09-02 15:00:00,L118,69,73,-0.0025123329933461787,0.47338559999999996,0.005307159730558299,0,Robust_UC
2024-09-02 15:00:00,L119,69,74,-0.004834727714078502,0.46537605,0.010388862327742268,0,Robust_UC
2024-09-02 15:00:00,L120,70,71,0.003666508272483029,0.4645313999999999,0.007892918051358918,0,Robust_UC
2024-09-02 15:00:00,L121,70,72,-0.00018993827261383836,0.46204514999999996,0.00041108162830805255,0,Robust_UC
2024-09-02 15:00:00,L122,73,74,-0.0023223947207323403,0.4710348,0.0049304100689213206,0,Robust_UC
2024-09-02 15:00:00,L123,74,76,-0.0037895657337101984,0.45895725,0.008256903521428627,0,Robust_UC
2024-09-02 15:00:00,L124,74,117,-0.001453126850517238,0.46871325,0.0031002470071354667,0,Robust_UC
2024-09-02 15:00:00,L125,75,76,-0.0010732503052895612,0.46096919999999997,0.00232824732170731,0,Robust_UC
2024-09-02 15:00:00,L126,75,117,0.0012631885779033996,0.4700934,0.002687101282220511,0,Robust_UC
2024-09-02 15:00:00,L127,76,77,-0.0008220602925076033,0.46640745,0.0017625367959015305,0,Robust_UC
2024-09-02 15:00:00,L128,76,79,-0.0018963660596812981,0.46031894999999995,0.0041196784526930695,0,Robust_UC
2024-09-02 15:00:00,L129,76,79,-0.0018963660596812981,0.46031894999999995,0.0041196784526930695,0,Robust_UC
2024-09-02 15:00:00,L130,76,81,-0.002123159510256878,0.4431897000000001,0.004790633695360875,0,Robust_UC
2024-09-02 15:00:00,L131,77,78,-0.000632122019893765,0.4816593,0.0013123841268999996,0,Robust_UC
2024-09-02 15:00:00,L132,78,79,-0.00044218374727992654,0.47915505,0.0009228406280595947,0,Robust_UC
2024-09-02 15:00:00,L133,79,95,-0.0008399953988872944,0.46205414999999994,0.0018179587801284644,0,Robust_UC
2024-09-02 15:00:00,L134,79,96,-0.000514966835750575,0.47741490000000003,0.0010786568155928418,0,Robust_UC
2024-09-02 15:00:00,L135,79,97,-0.0012049823530666526,0.47061405000000006,0.002560447043743493,0,Robust_UC
2024-09-02 15:00:00,L136,79,98,-0.0012049823530666422,0.46691325000000006,0.002580741396965372,0,Robust_UC
2024-09-02 15:00:00,L137,80,67,-9.01123806440848e-05,0.3178637999999999,0.0002834936870574278,0,Robust_UC
2024-09-02 15:00:00,L138,80,79,0.0002800506532579239,0.39174659999999994,0.0007148770487297757,0,Robust_UC
2024-09-02 15:00:00,L139,81,82,-0.0013200192893311202,0.4048461,0.0032605458946773115,0,Robust_UC
2024-09-02 15:00:00,L140,81,95,-0.0006132019483117146,0.44236890000000006,0.0013861777993699703,0,Robust_UC
2024-09-02 15:00:00,L141,82,83,-0.0004400064297770401,0.37704869999999996,0.001166975061250815,0,Robust_UC
2024-09-02 15:00:00,L142,82,84,-0.0006900745869403146,0.37064430000000004,0.0018618243608233408,0,Robust_UC
2024-09-02 15:00:00,L143,83,84,-0.0002500681571632746,0.36047565000000004,0.0006937171960527003,0,Robust_UC
2024-09-02 15:00:00,L144,84,85,-0.0003798765452276767,0.34769340000000004,0.0010925618525622766,0,Robust_UC
2024-09-02 15:00:00,L145,84,87,-0.0001867553996252498,0.34072965,0.0005481043391006618,0,Robust_UC
2024-09-02 15:00:00,L146,84,88,-0.00018357252663664392,0.34467659999999994,0.0005325935286487216,0,Robust_UC
2024-09-02 15:00:00,L147,86,85,0.0001899382726138391,0.28543139999999995,0.0006654428090737009,0,Robust_UC
2024-09-02 15:00:00,L148,87,88,3.1828729885885476e-06,0.3369474,9.446201361365447e-06,0,Robust_UC
2024-09-02 15:00:00,L149,88,89,-9.417341805976199e-05,0.31691339999999996,0.00029715820807754424,0,Robust_UC
2024-09-02 15:00:00,L150,88,89,-9.417341805976199e-05,0.31691339999999996,0.00029715820807754424,0,Robust_UC
2024-09-02 15:00:00,L151,88,91,9.894772754270864e-05,0.3637242,0.0002720405393501687,0,Robust_UC
2024-09-02 15:00:00,L152,88,91,9.894772754270864e-05,0.3637242,0.0002720405393501687,0,Robust_UC
2024-09-02 15:00:00,L153,89,90,1.5914364943143858e-06,0.33528870000000005,4.746466237348248e-06,0,Robust_UC
2024-09-02 15:00:00,L154,90,91,0.00019152970910815275,0.3804678,0.0005034058312113475,0,Robust_UC
2024-09-02 15:00:00,L155,91,92,0.00014801639341499584,0.41554215,0.00035620067281982306,0,Robust_UC
2024-09-02 15:00:00,L156,91,93,0.0004859710594437572,0.42559739999999996,0.0011418562694315267,0,Robust_UC
2024-09-02 15:00:00,L157,91,99,0.00010148569242152128,0.4251762,0.0002386909060796942,0,Robust_UC
2024-09-02 15:00:00,L158,91,101,-0.0001561097084733301,0.41574645000000005,0.00037549258321587615,0,Robust_UC
2024-09-02 15:00:00,L159,92,93,0.00033795466602876134,0.43531155,0.000776351250107564,0,Robust_UC
2024-09-02 15:00:00,L160,93,94,0.00040280369749802133,0.45128025,0.0008925799378501969,0,Robust_UC
2024-09-02 15:00:00,L161,93,95,0.0009955456676098984,0.44872245000000005,0.0022186223747216087,0,Robust_UC
2024-09-02 15:00:00,L162,93,99,-0.0003844853670222359,0.4429962,0.0008679202372892497,0,Robust_UC
2024-09-02 15:00:00,L163,94,95,0.0005927419701118597,0.45922229999999997,0.001290751712431778,0,Robust_UC
2024-09-02 15:00:00,L164,95,96,0.00032502856313673667,0.469728,0.0006919505823300648,0,Robust_UC
2024-09-02 15:00:00,L165,97,99,-0.001015044080452776,0.45473759999999996,0.0022321534011103903,0,Robust_UC
2024-09-02 15:00:00,L166,98,99,-0.0010150440804528038,0.45157454999999996,0.0022477885001552984,0,Robust_UC
2024-09-02 15:00:00,L167,99,100,-0.0002237668367543466,0.44414460000000006,0.0005038152816770632,0,Robust_UC
2024-09-02 15:00:00,L168,99,102,-0.0007230753550538371,0.43902945000000004,0.0016469859938868271,0,Robust_UC
2024-09-02 15:00:00,L169,99,103,-0.0005750544943272096,0.43969725,0.0013078419169717562,0,Robust_UC
2024-09-02 15:00:00,L170,99,105,-0.0006012528767566749,0.43592445,0.001379259357342023,0,Robust_UC
2024-09-02 15:00:00,L171,100,101,-3.382856414050825e-05,0.43879365,7.709447057975485e-05,0,Robust_UC
2024-09-02 15:00:00,L172,102,103,0.00014802086072662757,0.43664040000000004,0.0003389994620896911,0,Robust_UC
2024-09-02 15:00:00,L173,102,104,-8.907450026013342e-05,0.4313898,0.0002064826295386062,0,Robust_UC
2024-09-02 15:00:00,L174,102,109,-0.0005920834429065519,0.43662915,0.0013560327864196697,0,Robust_UC
2024-09-02 15:00:00,L175,103,104,-0.00023709536098676098,0.43296704999999996,0.0005476060152539576,0,Robust_UC
2024-09-02 15:00:00,L176,104,105,0.0002108969785573067,0.4283500499999999,0.0004923472719503751,0,Robust_UC
2024-09-02 15:00:00,L177,104,106,1.0479352971725503e-05,0.4245426,2.46838667585432e-05,0,Robust_UC
2024-09-02 15:00:00,L178,104,107,-0.0003576079201626399,0.43129755000000003,0.0008291443347235334,0,Robust_UC
2024-09-02 15:00:00,L179,105,106,-0.00020041762558556386,0.4254606,0.0004710603651326676,0,Robust_UC
2024-09-02 15:00:00,L180,107,108,-0.00016766964754880154,0.4366377,0.00038400176519068677,0,Robust_UC
2024-09-02 15:00:00,L181,108,109,2.2268625065036823e-05,0.43862759999999995,5.0768864214282974e-05,0,Robust_UC
2024-09-02 15:00:00,L182,109,110,-0.0001899382726138391,0.43935254999999995,0.0004323140325777991,0,Robust_UC
2024-09-02 15:00:00,L183,109,111,-0.00018993827261383836,0.43699499999999997,0.00043464632916586775,0,Robust_UC
2024-09-02 15:00:00,L184,113,114,-0.001754040195524869,0.47739734999999994,0.003674172459325275,0,Robust_UC
2024-09-02 15:00:00,L185,115,67,0.00018993827261383836,0.3076497,0.0006173848783660064,0,Robust_UC
2024-09-02 16:00:00,L0,0,1,0.03906630363253368,0.48556575,0.0804552290447456,0,Robust_UC
2024-09-02 16:00:00,L1,0,2,0.10780434592395918,0.48455685,0.2224802846641404,0,Robust_UC
2024-09-02 16:00:00,L2,1,11,0.15593695318902656,0.48395699999999997,0.3222124138901319,0,Robust_UC
2024-09-02 16:00:00,L3,2,4,0.11120241392631844,0.47837745,0.2324574745868946,0,Robust_UC
2024-09-02 16:00:00,L4,2,11,0.08719891089760107,0.48196439999999996,0.18092396637096242,0,Robust_UC
2024-09-02 16:00:00,L5,3,4,-0.006558186742037166,0.4745268,0.013820477035305836,0,Robust_UC
2024-09-02 16:00:00,L6,3,10,0.006655153827283646,0.47688975,0.01395532998409726,0,Robust_UC
2024-09-02 16:00:00,L7,4,5,0.0029773044147659335,0.47593890000000005,0.006255644190390685,0,Robust_UC
2024-09-02 16:00:00,L8,4,10,0.013213340569320811,0.4746599999999999,0.027837484871952162,0,Robust_UC
2024-09-02 16:00:00,L9,5,6,0.0030742715000124134,0.48127635,0.006387746873521654,0,Robust_UC
2024-09-02 16:00:00,L10,6,11,-0.0300550789434947,0.482256,0.062321835173631226,0,Robust_UC
2024-09-02 16:00:00,L11,7,4,-0.08855054928544101,0.38545739999999995,0.22972849732665923,0,Robust_UC
2024-09-02 16:00:00,L12,7,8,-0.0001939341704929618,0.44389169999999994,0.00043689523929589546,0,Robust_UC
2024-09-02 16:00:00,L13,7,29,0.055615133012426855,0.43390755000000003,0.1281727709334093,0,Robust_UC
2024-09-02 16:00:00,L14,8,9,-9.69670852464809e-05,0.4441716,0.00021830996229043213,0,Robust_UC
2024-09-02 16:00:00,L15,10,11,-0.037216843598037154,0.47983050000000005,0.07756248008002233,0,Robust_UC
2024-09-02 16:00:00,L16,10,12,0.05718230507988809,0.47466449999999993,0.12046888924680084,0,Robust_UC
2024-09-02 16:00:00,L17,11,13,0.07579072687890667,0.4768753499999999,0.15893194495984472,0,Robust_UC
2024-09-02 16:00:00,L18,11,15,0.10026714883668186,0.47901420000000006,0.20931978391597128,0,Robust_UC
2024-09-02 16:00:00,L19,11,116,-9.696708524648164e-05,0.47629035,0.00020358817945079433,0,Robust_UC
2024-09-02 16:00:00,L20,12,14,0.05727927216513457,0.46383434999999995,0.12349079399819048,0,Robust_UC
2024-09-02 16:00:00,L21,13,14,0.07588769396415315,0.4657392,0.162940319312081,0,Robust_UC
2024-09-02 16:00:00,L22,14,16,0.01572652638679678,0.46094040000000003,0.03411835106403513,0,Robust_UC
2024-09-02 16:00:00,L23,14,18,0.0360208003652915,0.44951085,0.08013332796147522,0,Robust_UC
2024-09-02 16:00:00,L24,14,32,0.04829028893369225,0.44311995,0.10897791655214858,0,Robust_UC
2024-09-02 16:00:00,L25,15,16,0.06713779839317474,0.47121300000000005,0.14247866335006618,0,Robust_UC
2024-09-02 16:00:00,L26,16,17,0.010098653446624119,0.45820395,0.02203964729379596,0,Robust_UC
2024-09-02 16:00:00,L27,16,30,0.04588409606672198,0.46605824999999995,0.09845141903768893,0,Robust_UC
2024-09-02 16:00:00,L28,16,112,0.02621430425514379,0.4605039,0.05692526003611215,0,Robust_UC
2024-09-02 16:00:00,L29,17,18,0.010195620531870599,0.4457466,0.022873131352814803,0,Robust_UC
2024-09-02 16:00:00,L30,18,19,0.012202639366268926,0.44736345,0.027276791088473872,0,Robust_UC
2024-09-02 16:00:00,L31,18,33,0.03411074861613966,0.42043410000000003,0.08113221219720204,0,Robust_UC
2024-09-02 16:00:00,L32,19,20,0.012299606451515406,0.46621125,0.02638204558880852,0,Robust_UC
2024-09-02 16:00:00,L33,20,21,0.012396573536761886,0.47334555,0.02618926815042813,0,Robust_UC
2024-09-02 16:00:00,L34,21,22,0.012493540622008366,0.472149,0.02646101256596618,0,Robust_UC
2024-09-02 16:00:00,L35,22,23,0.012436643300580443,0.47093039999999997,0.02640866527321329,0,Robust_UC
2024-09-02 16:00:00,L36,22,24,-0.0159113947625642,0.46433340000000006,0.03426717690901451,0,Robust_UC
2024-09-02 16:00:00,L37,22,31,-0.017161058359515258,0.47048625,0.03647515386372133,0,Robust_UC
2024-09-02 16:00:00,L38,23,69,-0.015422563271948575,0.4705677,0.03277437714477338,0,Robust_UC
2024-09-02 16:00:00,L39,23,71,-0.005270143870978097,0.47252115000000006,0.011153244401817985,0,Robust_UC
2024-09-02 16:00:00,L40,24,26,0.010739556413184359,0.45485145000000005,0.023611129332850006,0,Robust_UC
2024-09-02 16:00:00,L41,25,24,0.02655398409050172,0.35101034999999997,0.0756501456167937,0,Robust_UC
2024-09-02 16:00:00,L42,25,29,-0.02645701700525524,0.42704145000000004,0.061954213122064,0,Robust_UC
2024-09-02 16:00:00,L43,26,27,-0.006307200264895666,0.47590515,0.013253061591990896,0,Robust_UC
2024-09-02 16:00:00,L44,26,31,-0.011989220010135415,0.46696995,0.02567450006180358,0,Robust_UC
2024-09-02 16:00:00,L45,26,114,-0.004093373755291618,0.47349494999999997,0.008645020934841267,0,Robust_UC
2024-09-02 16:00:00,L46,27,28,-0.006210233179649186,0.48221145,0.012878651429055005,0,Robust_UC
2024-09-02 16:00:00,L47,28,30,-0.006113266094402706,0.47714265,0.012812239891786464,0,Robust_UC
2024-09-02 16:00:00,L48,29,16,-0.0007642380967282092,0.3330558,0.0022946247947887685,0,Robust_UC
2024-09-02 16:00:00,L49,29,37,0.030019321189146297,0.40177035,0.07471761216114205,0,Robust_UC
2024-09-02 16:00:00,L50,30,31,0.00664147952881216,0.4679505,0.014192696725000103,0,Robust_UC
2024-09-02 16:00:00,L51,31,112,-0.02631127134039027,0.46358594999999997,0.056755972307595326,0,Robust_UC
2024-09-02 16:00:00,L52,31,113,0.003899439584798603,0.47169045000000004,0.008266946224581403,0,Robust_UC
2024-09-02 16:00:00,L53,32,36,0.015160938490185238,0.40875615,0.037090422958003785,0,Robust_UC
2024-09-02 16:00:00,L54,33,35,0.008751698238486826,0.4088799,0.021404080363174677,0,Robust_UC
2024-09-02 16:00:00,L55,33,36,-0.006680321557553659,0.40276799999999996,0.01658602857613728,0,Robust_UC
2024-09-02 16:00:00,L56,33,42,-0.001089978508300856,0.40599044999999995,0.002684739279706841,0,Robust_UC
2024-09-02 16:00:00,L57,34,35,-0.008848665323733306,0.40829309999999996,0.02167233618136899,0,Robust_UC
2024-09-02 16:00:00,L58,34,36,-0.02428068511977381,0.39626190000000006,0.061274336795371455,0,Robust_UC
2024-09-02 16:00:00,L59,36,38,0.0003803578546881514,0.38882789999999995,0.0009782164672034889,0,Robust_UC
2024-09-02 16:00:00,L60,36,39,0.0008576827946227827,0.38130435,0.0022493391292881465,0,Robust_UC
2024-09-02 16:00:00,L61,37,36,0.016941141751206257,0.29373659999999996,0.05767460286258593,0,Robust_UC
2024-09-02 16:00:00,L62,37,64,0.01317514652318652,0.36143414999999995,0.036452411935027504,0,Robust_UC
2024-09-02 16:00:00,L63,38,39,0.0004773249399346313,0.37537244999999997,0.0012716035498466427,0,Robust_UC
2024-09-02 16:00:00,L64,39,40,0.00044500257818577693,0.36336060000000003,0.0012246858305104541,0,Robust_UC
2024-09-02 16:00:00,L65,39,41,0.0009869722416180338,0.35154945,0.0028074919235915,0,Robust_UC
2024-09-02 16:00:00,L66,40,41,0.0005419696634322568,0.34611255,0.0015658769479241848,0,Robust_UC
2024-09-02 16:00:00,L67,41,48,0.0008129544951485101,0.34962210000000005,0.0023252377213812,0,Robust_UC
2024-09-02 16:00:00,L68,41,48,0.0008129544951485101,0.34962210000000005,0.0023252377213812,0,Robust_UC
2024-09-02 16:00:00,L69,42,43,-0.000993011423054376,0.39337425000000004,0.0025243427170293328,0,Robust_UC
2024-09-02 16:00:00,L70,43,44,-0.000896044337807896,0.38489175,0.002328042463388462,0,Robust_UC
2024-09-02 16:00:00,L71,44,45,0.0002446005044409727,0.3826035,0.0006393054544482021,0,Robust_UC
2024-09-02 16:00:00,L72,44,48,-0.0010436777570012046,0.37018889999999993,0.00281931132187163,0,Robust_UC
2024-09-02 16:00:00,L73,45,46,0.00103419026303192,0.38677905,0.002673852844490724,0,Robust_UC
2024-09-02 16:00:00,L74,45,47,-0.0006926226733443286,0.37397294999999997,0.0018520662345881665,0,Robust_UC
2024-09-02 16:00:00,L75,46,48,-0.0023224685244740972,0.3774852,0.006152475711561929,0,Robust_UC
2024-09-02 16:00:00,L76,46,68,0.003453625872752608,0.40899104999999997,0.008444257821173858,0,Robust_UC
2024-09-02 16:00:00,L77,47,48,-0.0005956555880978487,0.36427365,0.0016351871404858647,0,Robust_UC
2024-09-02 16:00:00,L78,48,49,-0.000595904265816849,0.36637875000000003,0.0016264706013022015,0,Robust_UC
2024-09-02 16:00:00,L79,48,50,-0.0007281594843954187,0.37284794999999993,0.001952966308103394,0,Robust_UC
2024-09-02 16:00:00,L80,48,53,-0.0010324067122596259,0.34581824999999994,0.0029854026277087056,0,Robust_UC
2024-09-02 16:00:00,L81,48,53,-0.0010324067122596259,0.34581824999999994,0.0029854026277087056,0,Robust_UC
2024-09-02 16:00:00,L82,48,65,-0.002313071508264264,0.3399282,0.006804588463870499,0,Robust_UC
2024-09-02 16:00:00,L83,48,65,-0.002313071508264264,0.3399282,0.006804588463870499,0,Robust_UC
2024-09-02 16:00:00,L84,48,68,0.005776094397226705,0.39581594999999997,0.014592879335021002,0,Robust_UC
2024-09-02 16:00:00,L85,49,56,-0.000498937180570258,0.3701565,0.0013479087374401316,0,Robust_UC
2024-09-02 16:00:00,L86,50,51,-0.0001983828278678823,0.38319344999999994,0.0005177093394155937,0,Robust_UC
2024-09-02 16:00:00,L87,50,57,-0.00043280957128105646,0.37608434999999996,0.0011508311135016826,0,Robust_UC
2024-09-02 16:00:00,L88,51,52,-0.0001014157426214024,0.38088180000000005,0.0002662656567507358,0,Robust_UC
2024-09-02 16:00:00,L89,52,53,-4.4486573749225045e-06,0.3590514,1.2390029324276424e-05,0,Robust_UC
2024-09-02 16:00:00,L90,53,54,-0.0005173155204736268,0.3256929,0.0015883536929224642,0,Robust_UC
2024-09-02 16:00:00,L91,53,55,-0.0004644048294514258,0.3404124,0.0013642418121414667,0,Robust_UC
2024-09-02 16:00:00,L92,53,58,-0.0009905746467227527,0.327222,0.0030272250848743442,0,Robust_UC
2024-09-02 16:00:00,L93,54,55,5.291069102220103e-05,0.33776505,0.00015664939585135001,0,Robust_UC
2024-09-02 16:00:00,L94,54,58,-0.0004732591262491259,0.3245003999999999,0.0014584238609540267,0,Robust_UC
2024-09-02 16:00:00,L95,55,56,0.0004019700953239447,0.3602844,0.001115702193389291,0,Robust_UC
2024-09-02 16:00:00,L96,55,57,0.00033584248603457656,0.36404505,0.000922530016641008,0,Robust_UC
2024-09-02 16:00:00,L97,55,58,-0.0005261698172713269,0.3333456,0.001578451364803756,0,Robust_UC
2024-09-02 16:00:00,L98,55,58,-0.0005261698172713269,0.3333456,0.001578451364803756,0,Robust_UC
2024-09-02 16:00:00,L99,58,59,-0.0004830660794414854,0.32842575,0.0014708532429064571,0,Robust_UC
2024-09-02 16:00:00,L100,58,60,-0.0008153682454531963,0.318204,0.0025624072778883873,0,Robust_UC
2024-09-02 16:00:00,L101,59,60,-0.0003323021660117109,0.3270906,0.00101593309624829,0,Robust_UC
2024-09-02 16:00:00,L102,59,61,-5.379682818340559e-05,0.3336012,0.0001612608952947579,0,Robust_UC
2024-09-02 16:00:00,L103,60,61,0.00027850533782830533,0.32262929999999995,0.0008632363453297806,0,Robust_UC
2024-09-02 16:00:00,L104,61,65,0.0002467727583430057,0.33056595,0.0007465159625273133,0,Robust_UC
2024-09-02 16:00:00,L105,61,66,7.490283654826291e-05,0.33502184999999995,0.0002235759743678298,0,Robust_UC
2024-09-02 16:00:00,L106,62,58,0.0011207719973731639,0.24712605000000004,0.004535224017755974,0,Robust_UC
2024-09-02 16:00:00,L107,62,63,-0.001023804912126683,0.32604435,0.003140078679868806,0,Robust_UC
2024-09-02 16:00:00,L108,63,60,0.0013292086640466477,0.22813019999999995,0.005826535303290173,0,Robust_UC
2024-09-02 16:00:00,L109,63,64,-0.00225604649092685,0.33180299999999996,0.006799355313022637,0,Robust_UC
2024-09-02 16:00:00,L110,64,65,0.004110533251144799,0.20915009999999998,0.019653508418809265,0,Robust_UC
2024-09-02 16:00:00,L111,64,67,0.006905533866361367,0.21152159999999998,0.03264694417194919,0,Robust_UC
2024-09-02 16:00:00,L112,65,66,-0.0001718699217947428,0.3323646,0.0005171125980165842,0,Robust_UC
2024-09-02 16:00:00,L113,67,68,0.005294165290274401,0.32106104999999996,0.016489590656588213,0,Robust_UC
2024-09-02 16:00:00,L114,68,69,0.010542309017984475,0.4517658,0.023335783757833097,0,Robust_UC
2024-09-02 16:00:00,L115,68,74,0.004066278190428818,0.44746065,0.00908745426090276,0,Robust_UC
2024-09-02 16:00:00,L116,68,76,1.226543708759964e-05,0.44147699999999995,2.77827318016559e-05,0,Robust_UC
2024-09-02 16:00:00,L117,69,70,0.004979242615238656,0.4703256,0.01058679904993191,0,Robust_UC
2024-09-02 16:00:00,L118,69,73,-0.0032864989564010683,0.47338559999999996,0.0069425410413858565,0,Robust_UC
2024-09-02 16:00:00,L119,69,74,-0.006476030827555657,0.46537605,0.01391569425963295,0,Robust_UC
2024-09-02 16:00:00,L120,70,71,0.005173176785731617,0.4645313999999999,0.01113633391786135,0,Robust_UC
2024-09-02 16:00:00,L121,70,72,-9.69670852464799e-05,0.46204514999999996,0.00020986495637164443,0,Robust_UC
2024-09-02 16:00:00,L122,73,74,-0.0031895318711545884,0.4710348,0.0067713295730051975,0,Robust_UC
2024-09-02 16:00:00,L123,74,76,-0.0040540127533412185,0.45895725,0.008833094483944242,0,Robust_UC
2024-09-02 16:00:00,L124,74,117,-0.0014483046696935897,0.46871325,0.003089958881455964,0,Robust_UC
2024-09-02 16:00:00,L125,75,76,-0.00125437049920063,0.46096919999999997,0.0027211590258104665,0,Robust_UC
2024-09-02 16:00:00,L126,75,117,0.0013513375844471098,0.4700934,0.00287461509658955,0,Robust_UC
2024-09-02 16:00:00,L127,76,77,-0.0006299198015650373,0.46640745,0.001350578344246082,0,Robust_UC
2024-09-02 16:00:00,L128,76,79,-0.001598858148955662,0.46031894999999995,0.003473370255462353,0,Robust_UC
2024-09-02 16:00:00,L129,76,79,-0.001598858148955662,0.46031894999999995,0.003473370255462353,0,Robust_UC
2024-09-02 16:00:00,L130,76,81,-0.0013715146307302084,0.4431897000000001,0.003094644642531648,0,Robust_UC
2024-09-02 16:00:00,L131,77,78,-0.0005329527163185556,0.4816593,0.0011064931504873997,0,Robust_UC
2024-09-02 16:00:00,L132,78,79,-0.00043598563107207405,0.47915505,0.0009099051154153004,0,Robust_UC
2024-09-02 16:00:00,L133,79,95,-0.00029725064025254433,0.46205414999999994,0.0006433242516110815,0,Robust_UC
2024-09-02 16:00:00,L134,79,96,-0.00019710886274951385,0.47741490000000003,0.00041286701095737447,0,Robust_UC
2024-09-02 16:00:00,L135,79,97,-0.0005700527544544049,0.47061405000000006,0.0012112956560782766,0,Robust_UC
2024-09-02 16:00:00,L136,79,98,-0.0005700527544543754,0.46691325000000006,0.0012208965036960835,0,Robust_UC
2024-09-02 16:00:00,L137,80,67,-0.0018053027465799287,0.3178637999999999,0.005679485196426674,0,Robust_UC
2024-09-02 16:00:00,L138,80,79,0.0019022698318264097,0.39174659999999994,0.004855868134723849,0,Robust_UC
2024-09-02 16:00:00,L139,81,82,-0.0007499533870056752,0.4048461,0.0018524406854991938,0,Robust_UC
2024-09-02 16:00:00,L140,81,95,-0.0005245941584779978,0.44236890000000006,0.0011858748625366696,0,Robust_UC
2024-09-02 16:00:00,L141,82,83,-0.00024998446233526206,0.37704869999999996,0.0006630031142800972,0,Robust_UC
2024-09-02 16:00:00,L142,82,84,-0.0004030018394239887,0.37064430000000004,0.001087300787909024,0,Robust_UC
2024-09-02 16:00:00,L143,83,84,-0.00015301737708872665,0.36047565000000004,0.00042448741569292304,0,Robust_UC
2024-09-02 16:00:00,L144,84,85,-0.00019393417049296327,0.34769340000000004,0.0005577735168195981,0,Robust_UC
2024-09-02 16:00:00,L145,84,87,-0.00012069501533987399,0.34072965,0.00035422516161970054,0,Robust_UC
2024-09-02 16:00:00,L146,84,88,-0.00014442294543326462,0.34467659999999994,0.000419010009479218,0,Robust_UC
2024-09-02 16:00:00,L147,86,85,9.69670852464809e-05,0.28543139999999995,0.00033972115627951556,0,Robust_UC
2024-09-02 16:00:00,L148,87,88,-2.3727930093392358e-05,0.3369474,7.042027952550564e-05,0,Robust_UC
2024-09-02 16:00:00,L149,88,89,-5.4415525146584746e-05,0.31691339999999996,0.00017170471537834864,0,Robust_UC
2024-09-02 16:00:00,L150,88,89,-5.4415525146584746e-05,0.31691339999999996,0.00017170471537834864,0,Robust_UC
2024-09-02 16:00:00,L151,88,91,1.8823630006548075e-05,0.3637242,5.1752481706051114e-05,0,Robust_UC
2024-09-02 16:00:00,L152,88,91,1.8823630006548075e-05,0.3637242,5.1752481706051114e-05,0,Robust_UC
2024-09-02 16:00:00,L153,89,90,-1.1863965046687852e-05,0.33528870000000005,3.5384327138635604e-05,0,Robust_UC
2024-09-02 16:00:00,L154,90,91,8.510312019979378e-05,0.3804678,0.00022368021735293703,0,Robust_UC
2024-09-02 16:00:00,L155,91,92,6.965133294467574e-05,0.41554215,0.00016761556666315496,0,Robust_UC
2024-09-02 16:00:00,L156,91,93,0.00023626975113583137,0.42559739999999996,0.0005551484833690981,0,Robust_UC
2024-09-02 16:00:00,L157,91,99,8.072599968600436e-06,0.4251762,1.898648129552039e-05,0,Robust_UC
2024-09-02 16:00:00,L158,91,101,-9.427621859031676e-05,0.41574645000000005,0.00022676373686490107,0,Robust_UC
2024-09-02 16:00:00,L159,92,93,0.00016661841819115737,0.43531155,0.00038275671341860186,0,Robust_UC
2024-09-02 16:00:00,L160,93,94,0.0002103617734980339,0.45128025,0.0004661444268789381,0,Robust_UC
2024-09-02 16:00:00,L161,93,95,0.0005176906322425512,0.44872245000000005,0.0011536989786059314,0,Robust_UC
2024-09-02 16:00:00,L162,93,99,-0.00022819715116723094,0.4429962,0.0005151221413800636,0,Robust_UC
2024-09-02 16:00:00,L163,94,95,0.00030732885874451554,0.45922229999999997,0.0006692376627714194,0,Robust_UC
2024-09-02 16:00:00,L164,95,96,0.00010014177750303221,0.469728,0.0002131909903242562,0,Robust_UC
2024-09-02 16:00:00,L165,97,99,-0.0004730856692079233,0.45473759999999996,0.0010403486960566342,0,Robust_UC
2024-09-02 16:00:00,L166,98,99,-0.00047308566920795103,0.45157454999999996,0.0010476358094315792,0,Robust_UC
2024-09-02 16:00:00,L167,99,100,-9.965795190269855e-05,0.44414460000000006,0.0002243817709428383,0,Robust_UC
2024-09-02 16:00:00,L168,99,102,-0.0003691436624557176,0.43902945000000004,0.0008408175407269776,0,Robust_UC
2024-09-02 16:00:00,L169,99,103,-0.0002935762098153494,0.43969725,0.0006676780667046459,0,Robust_UC
2024-09-02 16:00:00,L170,99,105,-0.00030695098019424273,0.43592445,0.0007041380225271666,0,Robust_UC
2024-09-02 16:00:00,L171,100,101,-2.690866656218649e-06,0.43879365,6.132419318781503e-06,0,Robust_UC
2024-09-02 16:00:00,L172,102,103,7.556745264036824e-05,0.43664040000000004,0.00017306564541523924,0,Robust_UC
2024-09-02 16:00:00,L173,102,104,-4.547421928818851e-05,0.4313898,0.00010541329277648315,0,Robust_UC
2024-09-02 16:00:00,L174,102,109,-0.00030226981056149203,0.43662915,0.000692280418202706,0,Robust_UC
2024-09-02 16:00:00,L175,103,104,-0.00012104167192855675,0.43296704999999996,0.0002795632414257777,0,Robust_UC
2024-09-02 16:00:00,L176,104,105,0.00010766690154967451,0.4283500499999999,0.0002513526064714467,0,Robust_UC
2024-09-02 16:00:00,L177,104,106,5.34990815159557e-06,0.4245426,1.2601581446939765e-05,0,Robust_UC
2024-09-02 16:00:00,L178,104,107,-0.00018256561567091614,0.43129755000000003,0.00042329388532560903,0,Robust_UC
2024-09-02 16:00:00,L179,105,106,-0.0001023169933980772,0.4254606,0.00024048523740641836,0,Robust_UC
2024-09-02 16:00:00,L180,107,108,-8.559853042443451e-05,0.4366377,0.00019604017340791807,0,Robust_UC
2024-09-02 16:00:00,L181,108,109,1.1368554822047128e-05,0.43862759999999995,2.5918466649264957e-05,0,Robust_UC
2024-09-02 16:00:00,L182,109,110,-9.69670852464809e-05,0.43935254999999995,0.00022070450085354213,0,Robust_UC
2024-09-02 16:00:00,L183,109,111,-9.696708524648164e-05,0.43699499999999997,0.0002218951824311071,0,Robust_UC
2024-09-02 16:00:00,L184,113,114,0.003996406670045194,0.47739734999999994,0.008371237649402943,0,Robust_UC
2024-09-02 16:00:00,L185,115,67,9.696708524648164e-05,0.3076497,0.00031518667252554324,0,Robust_UC
2024-09-02 17:00:00,L0,0,1,0.041755510389893016,0.647421,0.06449514363898146,0,Stochastic_UC
2024-09-02 17:00:00,L1,0,2,0.11937163998027246,0.6460758,0.1847641406476956,0,Stochastic_UC
2024-09-02 17:00:00,L2,1,11,0.17525075028685944,0.645276,0.27159037417610365,0,Stochastic_UC
2024-09-02 17:00:00,L3,2,4,0.11370207995936714,0.6378366,0.17826208147881,0,Stochastic_UC
2024-09-02 17:00:00,L4,2,11,0.09763462069647998,0.6426192,0.15193231185199568,0,Stochastic_UC
2024-09-02 17:00:00,L5,3,4,-0.018678612222070047,0.6327024,0.02952195569681741,0,Stochastic_UC
2024-09-02 17:00:00,L6,3,10,0.010666462834686113,0.635853,0.016775045230086376,0,Stochastic_UC
2024-09-02 17:00:00,L7,4,5,0.005277923359065967,0.6345852000000001,0.008317123309944774,0,Stochastic_UC
2024-09-02 17:00:00,L8,4,10,0.02934507505675616,0.6328799999999999,0.046367518418588306,0,Stochastic_UC
2024-09-02 17:00:00,L9,5,6,-0.004771234034741339,0.6417018,0.007435282298945303,0,Stochastic_UC
2024-09-02 17:00:00,L10,6,11,-0.01657414858721168,0.643008,0.02577596015479073,0,Stochastic_UC
2024-09-02 17:00:00,L11,7,4,-0.06064671491583644,0.5139431999999999,0.11800275772855141,0,Stochastic_UC
2024-09-02 17:00:00,L12,7,8,-0.0004924911887228418,0.5918555999999999,0.0008321137600503262,0,Stochastic_UC
2024-09-02 17:00:00,L13,7,29,0.04057154702946951,0.5785434,0.07012705879882046,0,Stochastic_UC
2024-09-02 17:00:00,L14,8,9,-0.0002462455943614209,0.5922288,0.00041579469684929353,0,Stochastic_UC
2024-09-02 17:00:00,L15,10,11,-0.04541253431964329,0.6397740000000001,0.07098215044631899,0,Stochastic_UC
2024-09-02 17:00:00,L16,10,12,0.06906384163889241,0.632886,0.10912524789439554,0,Stochastic_UC
2024-09-02 17:00:00,L17,11,13,0.09369584538631075,0.6358337999999999,0.14735901958390818,0,Stochastic_UC
2024-09-02 17:00:00,L18,11,15,0.10486397387911767,0.6386856000000001,0.16418715856302013,0,Stochastic_UC
2024-09-02 17:00:00,L19,11,116,-0.00024624559436142057,0.6350538,0.00038775548522254426,0,Stochastic_UC
2024-09-02 17:00:00,L20,12,14,0.05654562349949786,0.6184457999999999,0.09143181746807541,0,Stochastic_UC
2024-09-02 17:00:00,L21,13,14,0.07732615407172277,0.6209856,0.124521654079777,0,Stochastic_UC
2024-09-02 17:00:00,L22,14,16,0.026697796206784877,0.6145872,0.043440208658404984,0,Stochastic_UC
2024-09-02 17:00:00,L23,14,18,0.05624709516015636,0.5993478,0.09384717047456645,0,Stochastic_UC
2024-09-02 17:00:00,L24,14,32,0.030372556323836182,0.5908266,0.05140688710331624,0,Stochastic_UC
2024-09-02 17:00:00,L25,15,16,0.09285582178569984,0.6282840000000001,0.14779275261776495,0,Stochastic_UC
2024-09-02 17:00:00,L26,16,17,0.022959495133979907,0.6109386,0.037580691634118236,0,Stochastic_UC
2024-09-02 17:00:00,L27,16,30,0.05101567423877642,0.6214109999999999,0.08209650977980182,0,Stochastic_UC
2024-09-02 17:00:00,L28,16,112,0.032112178987559074,0.6140052,0.05229952285022842,0,Stochastic_UC
2024-09-02 17:00:00,L29,17,18,0.006589803819391942,0.5943288,0.011087808329988286,0,Stochastic_UC
2024-09-02 17:00:00,L30,18,19,0.034733832785622656,0.5964846,0.05823089612979556,0,Stochastic_UC
2024-09-02 17:00:00,L31,18,33,0.009830317275721383,0.5605788,0.017536013270072613,0,Stochastic_UC
2024-09-02 17:00:00,L32,19,20,0.014166173710532855,0.621615,0.022789304811712804,0,Stochastic_UC
2024-09-02 17:00:00,L33,20,21,0.005866241517868879,0.6311274,0.009294861097567431,0,Stochastic_UC
2024-09-02 17:00:00,L34,21,22,-0.010705414851187032,0.629532,0.017005354535094375,0,Stochastic_UC
2024-09-02 17:00:00,L35,22,23,-0.008324601124824322,0.6279072,0.013257693373836647,0,Stochastic_UC
2024-09-02 17:00:00,L36,22,24,-0.009746045282660532,0.6191112000000001,0.015741994786494785,0,Stochastic_UC
2024-09-02 17:00:00,L37,22,31,-0.009139528546736135,0.627315,0.014569281057739948,0,Stochastic_UC
2024-09-02 17:00:00,L38,23,69,-0.01863993081689925,0.6274236,0.029708686152225147,0,Stochastic_UC
2024-09-02 17:00:00,L39,23,71,-0.006541637731448308,0.6300282,0.010383087187920012,0,Stochastic_UC
2024-09-02 17:00:00,L40,24,26,0.012426086120001739,0.6064686,0.020489248940508607,0,Stochastic_UC
2024-09-02 17:00:00,L41,25,24,0.02192588580830085,0.4680138,0.04684880191203945,0,Stochastic_UC
2024-09-02 17:00:00,L42,25,29,-0.02167964021393943,0.5693886,0.03807529728192561,0,Stochastic_UC
2024-09-02 17:00:00,L43,26,27,0.00807552428157268,0.6345402,0.012726576317107538,0,Stochastic_UC
2024-09-02 17:00:00,L44,26,31,-0.011819569384077327,0.6226266,0.018983399334492498,0,Stochastic_UC
2024-09-02 17:00:00,L45,26,114,-0.004186102055720526,0.6313266,0.00663064419544579,0,Stochastic_UC
2024-09-02 17:00:00,L46,27,28,-0.008284706290620435,0.6429486,0.012885487721134218,0,Stochastic_UC
2024-09-02 17:00:00,L47,28,30,-0.025065316705726447,0.6361902,0.039399092764595314,0,Stochastic_UC
2024-09-02 17:00:00,L48,29,16,0.0026181106279508665,0.44407440000000004,0.00589565763743838,0,Stochastic_UC
2024-09-02 17:00:00,L49,29,37,0.01652004178194018,0.5356938,0.03083859059399265,0,Stochastic_UC
2024-09-02 17:00:00,L50,30,31,0.013454929330696867,0.623934,0.021564667626218264,0,Stochastic_UC
2024-09-02 17:00:00,L51,31,112,-0.032358424581920495,0.6181146,0.052350202667790884,0,Stochastic_UC
2024-09-02 17:00:00,L52,31,113,0.0036936108669976793,0.6289206,0.005872936690255779,0,Stochastic_UC
2024-09-02 17:00:00,L53,32,36,0.022360406936452352,0.5450081999999999,0.04102765231138239,0,Stochastic_UC
2024-09-02 17:00:00,L54,33,35,0.009792858478573375,0.5451732,0.017962839109797353,0,Stochastic_UC
2024-09-02 17:00:00,L55,33,36,-0.013344449175589372,0.537024,0.024848887899962337,0,Stochastic_UC
2024-09-02 17:00:00,L56,33,42,-0.0031992091387134628,0.5413205999999999,0.005910008114809345,0,Stochastic_UC
2024-09-02 17:00:00,L57,34,35,0.006774929438230834,0.5443908,0.012444974158694149,0,Stochastic_UC
2024-09-02 17:00:00,L58,34,36,-0.016362378215931915,0.5283492000000001,0.03096887099655287,0,Stochastic_UC
2024-09-02 17:00:00,L59,36,38,0.000174373754567488,0.5184371999999999,0.0003363449894557875,0,Stochastic_UC
2024-09-02 17:00:00,L60,36,39,0.0005949931034963661,0.5084058,0.0011703113998627987,0,Stochastic_UC
2024-09-02 17:00:00,L61,37,36,0.007869541718771324,0.39164879999999996,0.020093363540935973,0,Stochastic_UC
2024-09-02 17:00:00,L62,37,64,0.00889674565753025,0.48191219999999996,0.018461341417648797,0,Stochastic_UC
2024-09-02 17:00:00,L63,38,39,0.0004206193489289245,0.5004966,0.000840404008596511,0,Stochastic_UC
2024-09-02 17:00:00,L64,39,40,0.0003385374841417995,0.48448080000000004,0.0006987634683186608,0,Stochastic_UC
2024-09-02 17:00:00,L65,39,41,0.0009233205626449914,0.4687326,0.001969823653496666,0,Stochastic_UC
2024-09-02 17:00:00,L66,40,41,0.0005847830785031953,0.46148340000000004,0.0012671811781381416,0,Stochastic_UC
2024-09-02 17:00:00,L67,41,48,0.0008771746177547907,0.46616280000000004,0.0018816915844739018,0,Stochastic_UC
2024-09-02 17:00:00,L68,41,48,0.0008771746177547907,0.46616280000000004,0.0018816915844739018,0,Stochastic_UC
2024-09-02 17:00:00,L69,42,43,-0.002952963544352061,0.524499,0.005630065156181538,0,Stochastic_UC
2024-09-02 17:00:00,L70,43,44,-0.002706717949990641,0.513189,0.005274310146925676,0,Stochastic_UC
2024-09-02 17:00:00,L71,44,45,-0.000370402096991869,0.510138,0.0007260821522644246,0,Stochastic_UC
2024-09-02 17:00:00,L72,44,48,-0.0020900702586373722,0.49358519999999995,0.00423446703555409,0,Stochastic_UC
2024-09-02 17:00:00,L73,45,46,0.0008588003753730757,0.5157054,0.0016652925786177063,0,Stochastic_UC
2024-09-02 17:00:00,L74,45,47,-0.0009829568780034567,0.4986305999999999,0.0019713127874692346,0,Stochastic_UC
2024-09-02 17:00:00,L75,46,48,-0.002578468537018578,0.5033136,0.005122986021078266,0,Stochastic_UC
2024-09-02 17:00:00,L76,46,68,0.003683514506753027,0.5453214,0.0067547587656619145,0,Stochastic_UC
2024-09-02 17:00:00,L77,47,48,-0.0007367112836420359,0.48569819999999997,0.0015168087582824806,0,Stochastic_UC
2024-09-02 17:00:00,L78,48,49,-0.0009677256240267183,0.488505,0.001980994307175399,0,Stochastic_UC
2024-09-02 17:00:00,L79,48,50,-0.0012001377340088253,0.4971305999999999,0.00241412967539883,0,Stochastic_UC
2024-09-02 17:00:00,L80,48,53,-0.0015072554458438192,0.4610909999999999,0.003268889320858181,0,Stochastic_UC
2024-09-02 17:00:00,L81,48,53,-0.0015072554458438192,0.4610909999999999,0.003268889320858181,0,Stochastic_UC
2024-09-02 17:00:00,L82,48,65,-0.0022421320217374066,0.4532376,0.004946924133693688,0,Stochastic_UC
2024-09-02 17:00:00,L83,48,65,-0.0022421320217374066,0.4532376,0.004946924133693688,0,Stochastic_UC
2024-09-02 17:00:00,L84,48,68,0.006261983043771605,0.5277546,0.011865331053053077,0,Stochastic_UC
2024-09-02 17:00:00,L85,49,56,-0.0007214800296652974,0.493542,0.001461841200273325,0,Stochastic_UC
2024-09-02 17:00:00,L86,50,51,-0.00034861816497308996,0.5109246,0.0006823280088159583,0,Stochastic_UC
2024-09-02 17:00:00,L87,50,57,-0.0006052739746742324,0.5014457999999999,0.0012070576215300487,0,Stochastic_UC
2024-09-02 17:00:00,L88,51,52,-0.00010237257061166332,0.5078424,0.00020158334674628058,0,Stochastic_UC
2024-09-02 17:00:00,L89,52,53,0.00014387302374976565,0.4787352,0.0003005273557276875,0,Stochastic_UC
2024-09-02 17:00:00,L90,53,54,-0.0007176594669843679,0.4342572,0.0016526138587555207,0,Stochastic_UC
2024-09-02 17:00:00,L91,53,55,-0.0006571846431520737,0.4538832,0.0014479157702952516,0,Stochastic_UC
2024-09-02 17:00:00,L92,53,58,-0.001249548163439649,0.436296,0.0028639917932771534,0,Stochastic_UC
2024-09-02 17:00:00,L93,54,55,6.0474823832294224e-05,0.4503534,0.0001342830404573258,0,Stochastic_UC
2024-09-02 17:00:00,L94,54,58,-0.0005318886964552813,0.4326671999999999,0.0012293252098963853,0,Stochastic_UC
2024-09-02 17:00:00,L95,55,56,0.00047523443530387655,0.4803792,0.000989290200957653,0,Stochastic_UC
2024-09-02 17:00:00,L96,55,57,0.0003590283803128249,0.4853934,0.0007396647344459667,0,Stochastic_UC
2024-09-02 17:00:00,L97,55,58,-0.0005923635202875754,0.4444608,0.0013327688747524539,0,Stochastic_UC
2024-09-02 17:00:00,L98,55,58,-0.0005923635202875754,0.4444608,0.0013327688747524539,0,Stochastic_UC
2024-09-02 17:00:00,L99,58,59,-0.00041186676809494094,0.43790100000000004,0.0009405476765180735,0,Stochastic_UC
2024-09-02 17:00:00,L100,58,60,-0.0007674474903141733,0.424272,0.0018088572668339491,0,Stochastic_UC
2024-09-02 17:00:00,L101,59,60,-0.00035558072221923237,0.4361208,0.0008153262174590902,0,Stochastic_UC
2024-09-02 17:00:00,L102,59,61,0.00018995954848576485,0.44480159999999996,0.00042706579402089576,0,Stochastic_UC
2024-09-02 17:00:00,L103,60,61,0.0005455402707049972,0.43017239999999995,0.0012681898483142974,0,Stochastic_UC
2024-09-02 17:00:00,L104,61,65,0.0007365788071552377,0.4407546,0.0016711766755360868,0,Stochastic_UC
2024-09-02 17:00:00,L105,61,66,0.00024516660639691164,0.4466958,0.0005488446643037872,0,Stochastic_UC
2024-09-02 17:00:00,L106,62,58,0.0015406040477002525,0.32950140000000006,0.004675561462562078,0,Stochastic_UC
2024-09-02 17:00:00,L107,62,63,-0.0012943584533388315,0.4347258,0.002977413471523502,0,Stochastic_UC
2024-09-02 17:00:00,L108,63,60,0.0014223228888769848,0.30417359999999993,0.00467602345791017,0,Stochastic_UC
2024-09-02 17:00:00,L109,63,64,-0.0024704357478543956,0.44240399999999996,0.005584117114344345,0,Stochastic_UC
2024-09-02 17:00:00,L110,64,65,0.0030100274411999682,0.27886679999999997,0.01079378198193535,0,Stochastic_UC
2024-09-02 17:00:00,L111,64,67,0.0036625280628368676,0.28202879999999997,0.012986361899341018,0,Stochastic_UC
2024-09-02 17:00:00,L112,65,66,-0.0004914122007583325,0.4431528,0.0011089001372852263,0,Stochastic_UC
2024-09-02 17:00:00,L113,67,68,0.003782278320085161,0.42808139999999995,0.008835418497708991,0,Stochastic_UC
2024-09-02 17:00:00,L114,68,69,0.011952961793314332,0.6023544,0.019843736168133466,0,Stochastic_UC
2024-09-02 17:00:00,L115,68,74,0.0038726274063762087,0.5966142,0.006491007767458785,0,Stochastic_UC
2024-09-02 17:00:00,L116,68,76,-0.001851567734719219,0.5886359999999999,0.003145522419150747,0,Stochastic_UC
2024-09-02 17:00:00,L117,69,70,0.005802900948364045,0.6271008,0.009253537785893504,0,Stochastic_UC
2024-09-02 17:00:00,L118,69,73,-0.004163289990649769,0.6311808,0.006596033958336136,0,Stochastic_UC
2024-09-02 17:00:00,L119,69,74,-0.008080334386938124,0.6205014,0.013022266165617231,0,Stochastic_UC
2024-09-02 17:00:00,L120,70,71,0.006295392137086887,0.6193751999999999,0.010164101076515315,0,Stochastic_UC
2024-09-02 17:00:00,L121,70,72,-0.00024624559436142084,0.6160602,0.0003997102789003751,0,Stochastic_UC
2024-09-02 17:00:00,L122,73,74,-0.003917044396288348,0.6280464,0.006236871027822702,0,Stochastic_UC
2024-09-02 17:00:00,L123,74,76,-0.005724195141095428,0.611943,0.009354131252576512,0,Stochastic_UC
2024-09-02 17:00:00,L124,74,117,-0.0021543106413932107,0.624951,0.003447167284144214,0,Stochastic_UC
2024-09-02 17:00:00,L125,75,76,-0.0016618194526703944,0.6146256,0.00270379146698477,0,Stochastic_UC
2024-09-02 17:00:00,L126,75,117,0.001908065047031826,0.6267912,0.003044179699765769,0,Stochastic_UC
2024-09-02 17:00:00,L127,76,77,-0.0010963433042657214,0.6218766,0.0017629595715061821,0,Stochastic_UC
2024-09-02 17:00:00,L128,76,79,-0.0025502931297128884,0.6137585999999999,0.004155205531479133,0,Stochastic_UC
2024-09-02 17:00:00,L129,76,79,-0.0025502931297128884,0.6137585999999999,0.004155205531479133,0,Stochastic_UC
2024-09-02 17:00:00,L130,76,81,-0.002794407170431566,0.5909196000000001,0.004728912648068477,0,Stochastic_UC
2024-09-02 17:00:00,L131,77,78,-0.000850097709904289,0.6422124,0.0013237018000653506,0,Stochastic_UC
2024-09-02 17:00:00,L132,78,79,-0.000603852115542875,0.6388734,0.0009451827475410228,0,Stochastic_UC
2024-09-02 17:00:00,L133,79,95,-0.0010698719873236673,0.6160722,0.0017366016309836208,0,Stochastic_UC
2024-09-02 17:00:00,L134,79,96,-0.0006580587908425405,0.6365532,0.0010337844359945727,0,Stochastic_UC
2024-09-02 17:00:00,L135,79,97,-0.0015556377383026602,0.6274854000000001,0.0024791616479087164,0,Stochastic_UC
2024-09-02 17:00:00,L136,79,98,-0.0015556377383026602,0.6225510000000001,0.0024988117251480762,0,Stochastic_UC
2024-09-02 17:00:00,L137,80,67,-0.00037274093147454836,0.42381839999999993,0.000879482654539181,0,Stochastic_UC
2024-09-02 17:00:00,L138,80,79,0.0006189865258359692,0.5223287999999999,0.0011850514959848458,0,Stochastic_UC
2024-09-02 17:00:00,L139,81,82,-0.0017224036294651763,0.5397948,0.003190848873433342,0,Stochastic_UC
2024-09-02 17:00:00,L140,81,95,-0.0008257579466049898,0.5898252,0.0014000045210089188,0,Stochastic_UC
2024-09-02 17:00:00,L141,82,83,-0.0005741345431550711,0.5027316,0.0011420299482966083,0,Stochastic_UC
2024-09-02 17:00:00,L142,82,84,-0.000902023491948678,0.49419240000000003,0.001825247599818771,0,Stochastic_UC
2024-09-02 17:00:00,L143,83,84,-0.00032788894879360686,0.4806342,0.000682200619085381,0,Stochastic_UC
2024-09-02 17:00:00,L144,84,85,-0.0004924911887228411,0.46359120000000004,0.0010623393815992217,0,Stochastic_UC
2024-09-02 17:00:00,L145,84,87,-0.0002458070840064763,0.4543062,0.0005410603773544722,0,Stochastic_UC
2024-09-02 17:00:00,L146,84,88,-0.00024536857365153875,0.45956879999999994,0.0005339104257110987,0,Stochastic_UC
2024-09-02 17:00:00,L147,86,85,0.0002462455943614209,0.38057519999999995,0.0006470353148639767,0,Stochastic_UC
2024-09-02 17:00:00,L148,87,88,4.3851035494424204e-07,0.44926320000000003,9.760656001743344e-07,0,Stochastic_UC
2024-09-02 17:00:00,L149,88,89,-0.00012301316959198078,0.42255119999999996,0.00029112015204780107,0,Stochastic_UC
2024-09-02 17:00:00,L150,88,89,-0.00012301316959198078,0.42255119999999996,0.00029112015204780107,0,Stochastic_UC
2024-09-02 17:00:00,L151,88,91,0.00012367093512435923,0.4849656,0.0002550097060994826,0,Stochastic_UC
2024-09-02 17:00:00,L152,88,91,0.00012367093512435923,0.4849656,0.0002550097060994826,0,Stochastic_UC
2024-09-02 17:00:00,L153,89,90,2.1925517745899624e-07,0.44705160000000005,4.904471373304473e-07,0,Stochastic_UC
2024-09-02 17:00:00,L154,90,91,0.00024646484953887957,0.5072904,0.0004858456803812561,0,Stochastic_UC
2024-09-02 17:00:00,L155,91,92,0.00019103569653143115,0.5540562,0.000344794799753944,0,Stochastic_UC
2024-09-02 17:00:00,L156,91,93,0.0006283169874242526,0.5674632,0.0011072382974336532,0,Stochastic_UC
2024-09-02 17:00:00,L157,91,99,0.00012520891841582188,0.5669016,0.00022086534667713388,0,Stochastic_UC
2024-09-02 17:00:00,L158,91,101,-0.00020450928822279832,0.5543286000000001,0.00036893151142264406,0,Stochastic_UC
2024-09-02 17:00:00,L159,92,93,0.0004372812908928214,0.5804154,0.0007533936744146027,0,Stochastic_UC
2024-09-02 17:00:00,L160,93,94,0.0005229021157751887,0.601707,0.0008690311327193945,0,Stochastic_UC
2024-09-02 17:00:00,L161,93,95,0.0012920498259117914,0.5982966000000001,0.002159547331393478,0,Stochastic_UC
2024-09-02 17:00:00,L162,93,99,-0.0005031080690084306,0.5906616,0.0008517704028980903,0,Stochastic_UC
2024-09-02 17:00:00,L163,94,95,0.0007691477101366093,0.6122964,0.001256168924293217,0,Stochastic_UC
2024-09-02 17:00:00,L164,95,96,0.00041181319648111997,0.626304,0.000657529245352289,0,Stochastic_UC
2024-09-02 17:00:00,L165,97,99,-0.0013093921439412265,0.6063168,0.0021595841380961677,0,Stochastic_UC
2024-09-02 17:00:00,L166,98,99,-0.0013093921439412265,0.6020994,0.002174710926370673,0,Stochastic_UC
2024-09-02 17:00:00,L167,99,100,-0.00028798190050006534,0.5921928000000001,0.0004862975377276882,0,Stochastic_UC
2024-09-02 17:00:00,L168,99,102,-0.0009374315040514742,0.5853726,0.0016014270296414185,0,Stochastic_UC
2024-09-02 17:00:00,L169,99,103,-0.0007455297649974306,0.586263,0.0012716643639414916,0,Stochastic_UC
2024-09-02 17:00:00,L170,99,105,-0.0007794946745644847,0.5812326,0.0013411062534422274,0,Stochastic_UC
2024-09-02 17:00:00,L171,100,101,-4.173630613862889e-05,0.5850582,7.133701593897648e-05,0,Stochastic_UC
2024-09-02 17:00:00,L172,102,103,0.00019190173905404378,0.5821872,0.0003296220512131558,0,Stochastic_UC
2024-09-02 17:00:00,L173,102,104,-0.00011548069252788802,0.5751864,0.00020077090231599361,0,Stochastic_UC
2024-09-02 17:00:00,L174,102,109,-0.0007676069562162352,0.5821722,0.0013185221764560986,0,Stochastic_UC
2024-09-02 17:00:00,L175,103,104,-0.0003073824315819318,0.5772894,0.0005324581251308821,0,Stochastic_UC
2024-09-02 17:00:00,L176,104,105,0.0002734175220148738,0.5711333999999999,0.00047872795044883354,0,Stochastic_UC
2024-09-02 17:00:00,L177,104,106,1.358596382672328e-05,0.5660568,2.400106107147424e-05,0,Stochastic_UC
2024-09-02 17:00:00,L178,104,107,-0.0004636210155908677,0.5750634,0.0008062085251658647,0,Stochastic_UC
2024-09-02 17:00:00,L179,105,106,-0.00025983155818814385,0.5672808,0.0004580298825346175,0,Stochastic_UC
2024-09-02 17:00:00,L180,107,108,-0.00021737542122944714,0.5821836,0.0003733794995761597,0,Stochastic_UC
2024-09-02 17:00:00,L181,108,109,2.887017313197345e-05,0.5848367999999999,4.9364494730792334e-05,0,Stochastic_UC
2024-09-02 17:00:00,L182,109,110,-0.0002462455943614209,0.5858034,0.00042035535191741955,0,Stochastic_UC
2024-09-02 17:00:00,L183,109,111,-0.00024624559436142057,0.58266,0.0004226231324639079,0,Stochastic_UC
2024-09-02 17:00:00,L184,113,114,0.003939856461359113,0.6365297999999999,0.006189586821165502,0,Stochastic_UC
2024-09-02 17:00:00,L185,115,67,0.00024624559436142057,0.4101996,0.0006003067637350708,0,Stochastic_UC
2024-09-02 18:00:00,L0,0,1,0.04331191390144333,0.647421,0.06689914893314139,0,Stochastic_UC
2024-09-02 18:00:00,L1,0,2,0.12467234663966414,0.6460758,0.19296860622184603,0,Stochastic_UC
2024-09-02 18:00:00,L2,1,11,0.1746196738606194,0.645276,0.2706123796028667,0,Stochastic_UC
2024-09-02 18:00:00,L3,2,4,0.11246688713708844,0.6378366,0.1763255466009452,0,Stochastic_UC
2024-09-02 18:00:00,L4,2,11,0.09325924112239857,0.6426192,0.14512364573358308,0,Stochastic_UC
2024-09-02 18:00:00,L5,3,4,-0.021111231966393612,0.6327024,0.03336676447946714,0,Stochastic_UC
2024-09-02 18:00:00,L6,3,10,0.007085592280716623,0.635853,0.011143443973240076,0,Stochastic_UC
2024-09-02 18:00:00,L7,4,5,0.012032677691222883,0.6345852000000001,0.018961484905766605,0,Stochastic_UC
2024-09-02 18:00:00,L8,4,10,0.028196824247110234,0.6328799999999999,0.044553192148764756,0,Stochastic_UC
2024-09-02 18:00:00,L9,5,6,-0.010991324147788063,0.6417018,0.017128398498785672,0,Stochastic_UC
2024-09-02 18:00:00,L10,6,11,-0.020248999558124977,0.643008,0.03149105385644498,0,Stochastic_UC
2024-09-02 18:00:00,L11,7,4,-0.05176331489831201,0.5139431999999999,0.10071796824690359,0,Stochastic_UC
2024-09-02 18:00:00,L12,7,8,-0.0012743233319002113,0.5918555999999999,0.002153098377205878,0,Stochastic_UC
2024-09-02 18:00:00,L13,7,29,0.03743481164922209,0.5785434,0.0647052782025032,0,Stochastic_UC
2024-09-02 18:00:00,L14,8,9,-0.0006371616659501056,0.5922288,0.0010758707883677823,0,Stochastic_UC
2024-09-02 18:00:00,L15,10,11,-0.04740447026180038,0.6397740000000001,0.07409564981040238,0,Stochastic_UC
2024-09-02 18:00:00,L16,10,12,0.06410485377038377,0.632886,0.10128973270128235,0,Stochastic_UC
2024-09-02 18:00:00,L17,11,13,0.08899044432391968,0.6358337999999999,0.1399586563720263,0,Stochastic_UC
2024-09-02 18:00:00,L18,11,15,0.09802296572877559,0.6386856000000001,0.15347608546172886,0,Stochastic_UC
2024-09-02 18:00:00,L19,11,116,-0.0006371616659501053,0.6350538,0.0010033191927205306,0,Stochastic_UC
2024-09-02 18:00:00,L20,12,14,0.04778460141015861,0.6184457999999999,0.07726562523370457,0,Stochastic_UC
2024-09-02 18:00:00,L21,13,14,0.07030348111842266,0.6209856,0.11321273974537036,0,Stochastic_UC
2024-09-02 18:00:00,L22,14,16,0.027700624711318247,0.6145872,0.045071919348984565,0,Stochastic_UC
2024-09-02 18:00:00,L23,14,18,0.04886218187651603,0.5993478,0.08152558810846729,0,Stochastic_UC
2024-09-02 18:00:00,L24,14,32,0.027444218745949787,0.5908266,0.04645054698950553,0,Stochastic_UC
2024-09-02 18:00:00,L25,15,16,0.08897158442488545,0.6282840000000001,0.14161045709406167,0,Stochastic_UC
2024-09-02 18:00:00,L26,16,17,0.01992689860301082,0.6109386,0.03261685970244935,0,Stochastic_UC
2024-09-02 18:00:00,L27,16,30,0.05391201250705606,0.6214109999999999,0.08675741579575524,0,Stochastic_UC
2024-09-02 18:00:00,L28,16,112,0.030546717297414403,0.6140052,0.0497499325696499,0,Stochastic_UC
2024-09-02 18:00:00,L29,17,18,0.0012346585621869112,0.5943288,0.002077399853728965,0,Stochastic_UC
2024-09-02 18:00:00,L30,18,19,0.037946528507935694,0.5964846,0.06361694586572007,0,Stochastic_UC
2024-09-02 18:00:00,L31,18,33,-0.0030706197177120245,0.5605788,0.005477588017442016,0,Stochastic_UC
2024-09-02 18:00:00,L32,19,20,0.018738598512191573,0.621615,0.030145023064423432,0,Stochastic_UC
2024-09-02 18:00:00,L33,20,21,0.009480923101854666,0.6311274,0.015022201701042714,0,Stochastic_UC
2024-09-02 18:00:00,L34,21,22,-0.019078759259026107,0.629532,0.030306258075881935,0,Stochastic_UC
2024-09-02 18:00:00,L35,22,23,-0.02305729907057553,0.6279072,0.0367208706486811,0,Stochastic_UC
2024-09-02 18:00:00,L36,22,24,-0.008195448461899799,0.6191112000000001,0.013237441774433733,0,Stochastic_UC
2024-09-02 18:00:00,L37,22,31,-0.0065182517673747125,0.627315,0.010390715617153604,0,Stochastic_UC
2024-09-02 18:00:00,L38,23,69,-0.027016364194909024,0.6274236,0.043059209431887846,0,Stochastic_UC
2024-09-02 18:00:00,L39,23,71,-0.009855003619569817,0.6300282,0.015642162715208328,0,Stochastic_UC
2024-09-02 18:00:00,L40,24,26,0.01615371697184953,0.6064686,0.026635702115244762,0,Stochastic_UC
2024-09-02 18:00:00,L41,25,24,0.023712003767799347,0.4680138,0.05066518074424162,0,Stochastic_UC
2024-09-02 18:00:00,L42,25,29,-0.023074842101849243,0.5693886,0.04052564821608519,0,Stochastic_UC
2024-09-02 18:00:00,L43,26,27,0.01696251110851154,0.6345402,0.026731972392783847,0,Stochastic_UC
2024-09-02 18:00:00,L44,26,31,-0.014476520277324406,0.6226266,0.023250725679443193,0,Stochastic_UC
2024-09-02 18:00:00,L45,26,114,-0.0054626684250582355,0.6313266,0.008652682185509427,0,Stochastic_UC
2024-09-02 18:00:00,L46,27,28,-0.011597171252369233,0.6429486,0.018037478038476534,0,Stochastic_UC
2024-09-02 18:00:00,L47,28,30,-0.02766044388718958,0.6361902,0.04347826151234266,0,Stochastic_UC
2024-09-02 18:00:00,L48,29,16,0.00681641908076793,0.44407440000000004,0.01534972311119022,0,Stochastic_UC
2024-09-02 18:00:00,L49,29,37,0.008180712132554807,0.5356938,0.015271246619906385,0,Stochastic_UC
2024-09-02 18:00:00,L50,30,31,0.007818583753722774,0.623934,0.012531107062161661,0,Stochastic_UC
2024-09-02 18:00:00,L51,31,112,-0.031183878963364508,0.6181146,0.05044999578292522,0,Stochastic_UC
2024-09-02 18:00:00,L52,31,113,0.004188345093158031,0.6289206,0.006659576889607418,0,Stochastic_UC
2024-09-02 18:00:00,L53,32,36,0.008573079354909275,0.5450081999999999,0.01573018416036543,0,Stochastic_UC
2024-09-02 18:00:00,L54,33,35,0.0040249421072056455,0.5451732,0.007382868613507864,0,Stochastic_UC
2024-09-02 18:00:00,L55,33,36,-0.009774264057943243,0.537024,0.018200795603070336,0,Stochastic_UC
2024-09-02 18:00:00,L56,33,42,-0.006113423896184346,0.5413205999999999,0.011293536392637462,0,Stochastic_UC
2024-09-02 18:00:00,L57,34,35,0.00010586050218432152,0.5443908,0.00019445681702248005,0,Stochastic_UC
2024-09-02 18:00:00,L58,34,36,-0.01369334566296457,0.5283492000000001,0.025917226075036298,0,Stochastic_UC
2024-09-02 18:00:00,L59,36,38,-0.0023890285270672823,0.5184371999999999,0.004608134846548979,0,Stochastic_UC
2024-09-02 18:00:00,L60,36,39,-0.004140895388184425,0.5084058,0.008144862604211881,0,Stochastic_UC
2024-09-02 18:00:00,L61,37,36,0.007727444784795937,0.39164879999999996,0.01973054630780418,0,Stochastic_UC
2024-09-02 18:00:00,L62,37,64,0.0010904290137088786,0.48191219999999996,0.0022627130288647573,0,Stochastic_UC
2024-09-02 18:00:00,L63,38,39,-0.0017518668611171543,0.5004966,0.0035002572667170054,0,Stochastic_UC
2024-09-02 18:00:00,L64,39,40,-0.001964254083100525,0.48448080000000004,0.004054348661702434,0,Stochastic_UC
2024-09-02 18:00:00,L65,39,41,-0.0032913465002509332,0.4687326,0.007021799849745746,0,Stochastic_UC
2024-09-02 18:00:00,L66,40,41,-0.0013270924171504132,0.46148340000000004,0.002875709976026035,0,Stochastic_UC
2024-09-02 18:00:00,L67,41,48,-0.001990638625725664,0.46616280000000004,0.004270264863960967,0,Stochastic_UC
2024-09-02 18:00:00,L68,41,48,-0.001990638625725664,0.46616280000000004,0.004270264863960967,0,Stochastic_UC
2024-09-02 18:00:00,L69,42,43,-0.005476262230234241,0.524499,0.010440939315869507,0,Stochastic_UC
2024-09-02 18:00:00,L70,43,44,-0.004839100564284136,0.513189,0.009429470554287282,0,Stochastic_UC
2024-09-02 18:00:00,L71,44,45,-0.0014335810169325586,0.510138,0.0028101827680599343,0,Stochastic_UC
2024-09-02 18:00:00,L72,44,48,-0.002768357881401561,0.49358519999999995,0.005608672791245688,0,Stochastic_UC
2024-09-02 18:00:00,L73,45,46,0.0001895499142271224,0.5157054,0.00036755464307164983,0,Stochastic_UC
2024-09-02 18:00:00,L74,45,47,-0.0009859692652095513,0.4986305999999999,0.0019773541078496816,0,Stochastic_UC
2024-09-02 18:00:00,L75,46,48,-0.0015243267786961279,0.5033136,0.0030285825352148795,0,Stochastic_UC
2024-09-02 18:00:00,L76,46,68,0.002351038358873338,0.5453214,0.004311289377004713,0,Stochastic_UC
2024-09-02 18:00:00,L77,47,48,-0.000348807599259446,0.48569819999999997,0.0007181570762655617,0,Stochastic_UC
2024-09-02 18:00:00,L78,48,49,-0.001626267473291562,0.488505,0.0033290702721396137,0,Stochastic_UC
2024-09-02 18:00:00,L79,48,50,-0.0020612035779418725,0.4971305999999999,0.004146201376342299,0,Stochastic_UC
2024-09-02 18:00:00,L80,48,53,-0.0021069310510181127,0.4610909999999999,0.004569447356417959,0,Stochastic_UC
2024-09-02 18:00:00,L81,48,53,-0.0021069310510181127,0.4610909999999999,0.004569447356417959,0,Stochastic_UC
2024-09-02 18:00:00,L82,48,65,-0.0019798199145788964,0.4532376,0.0043681722667733135,0,Stochastic_UC
2024-09-02 18:00:00,L83,48,65,-0.0019798199145788964,0.4532376,0.0043681722667733135,0,Stochastic_UC
2024-09-02 18:00:00,L84,48,68,0.003875365137569466,0.5277546,0.007343119581656828,0,Stochastic_UC
2024-09-02 18:00:00,L85,49,56,-0.0009891058073414568,0.493542,0.0020040965254050453,0,Stochastic_UC
2024-09-02 18:00:00,L86,50,51,-0.0006524041569755239,0.5109246,0.0012769088765260549,0,Stochastic_UC
2024-09-02 18:00:00,L87,50,57,-0.000771637755016294,0.5014457999999999,0.0015388258412300873,0,Stochastic_UC
2024-09-02 18:00:00,L88,51,52,-1.5242491025419771e-05,0.5078424,3.0014215089995972e-05,0,Stochastic_UC
2024-09-02 18:00:00,L89,52,53,0.0006219191749246937,0.4787352,0.001299088044757715,0,Stochastic_UC
2024-09-02 18:00:00,L90,53,54,-0.0008979857317778968,0.4342572,0.0020678660751690396,0,Stochastic_UC
2024-09-02 18:00:00,L91,53,55,-0.0008603863710062443,0.4538832,0.0018956118468501243,0,Stochastic_UC
2024-09-02 18:00:00,L92,53,58,-0.0011964091583773762,0.436296,0.002742196028332545,0,Stochastic_UC
2024-09-02 18:00:00,L93,54,55,3.759936077165256e-05,0.4503534,8.348856869217054e-05,0,Stochastic_UC
2024-09-02 18:00:00,L94,54,58,-0.0002984234265994793,0.4326671999999999,0.0006897297197464456,0,Stochastic_UC
2024-09-02 18:00:00,L95,55,56,0.0003519441413913514,0.4803792,0.0007326381770720951,0,Stochastic_UC
2024-09-02 18:00:00,L96,55,57,0.00013447608906618871,0.4853934,0.0002770455656508488,0,Stochastic_UC
2024-09-02 18:00:00,L97,55,58,-0.00033602278737113184,0.4444608,0.0007560234499220895,0,Stochastic_UC
2024-09-02 18:00:00,L98,55,58,-0.00033602278737113184,0.4444608,0.0007560234499220895,0,Stochastic_UC
2024-09-02 18:00:00,L99,58,59,-0.00033164138676610355,0.43790100000000004,0.0007573432962384272,0,Stochastic_UC
2024-09-02 18:00:00,L100,58,60,-0.00043334784150051797,0.424272,0.0010213915636679252,0,Stochastic_UC
2024-09-02 18:00:00,L101,59,60,-0.00010170645473441448,0.4361208,0.00023320707183517613,0,Stochastic_UC
2024-09-02 18:00:00,L102,59,61,0.000407226733918418,0.44480159999999996,0.0009155244358797676,0,Stochastic_UC
2024-09-02 18:00:00,L103,60,61,0.0005089331886528325,0.43017239999999995,0.0011830912179694294,0,Stochastic_UC
2024-09-02 18:00:00,L104,61,65,0.0012479349476642774,0.4407546,0.0028313600077328233,0,Stochastic_UC
2024-09-02 18:00:00,L105,61,66,0.0003053866408570868,0.4466958,0.0006836568440023094,0,Stochastic_UC
2024-09-02 18:00:00,L106,62,58,0.0007647272655026329,0.32950140000000006,0.0023208619614442693,0,Stochastic_UC
2024-09-02 18:00:00,L107,62,63,-0.0001275655995525272,0.4347258,0.0002934392197392637,0,Stochastic_UC
2024-09-02 18:00:00,L108,63,60,0.00040682581893761844,0.30417359999999993,0.0013374790545189277,0,Stochastic_UC
2024-09-02 18:00:00,L109,63,64,0.00010277024745995982,0.44240399999999996,0.00023229954399137402,0,Stochastic_UC
2024-09-02 18:00:00,L110,64,65,0.0011319949087365277,0.27886679999999997,0.004059267394815474,0,Stochastic_UC
2024-09-02 18:00:00,L111,64,67,0.000698366018382589,0.28202879999999997,0.0024762223516980857,0,Stochastic_UC
2024-09-02 18:00:00,L112,65,66,-0.0009425483068071921,0.4431528,0.002126914930487164,0,Stochastic_UC
2024-09-02 18:00:00,L113,67,68,0.0040585865554111904,0.42808139999999995,0.009480875729268291,0,Stochastic_UC
2024-09-02 18:00:00,L114,68,69,0.015406026749718256,0.6023544,0.025576349653490132,0,Stochastic_UC
2024-09-02 18:00:00,L115,68,74,0.003007284371061273,0.5966142,0.0050405846375451225,0,Stochastic_UC
2024-09-02 18:00:00,L116,68,76,-0.0074911594029754,0.5886359999999999,0.012726301828252776,0,Stochastic_UC
2024-09-02 18:00:00,L117,69,70,0.0079435186217195,0.6271008,0.01266705228524585,0,Stochastic_UC
2024-09-02 18:00:00,L118,69,73,-0.006517952022303544,0.6311808,0.010326600590993175,0,Stochastic_UC
2024-09-02 18:00:00,L119,69,74,-0.012398742378656985,0.6205014,0.019981812093666486,0,Stochastic_UC
2024-09-02 18:00:00,L120,70,71,0.009217841953619712,0.6193751999999999,0.014882484725929797,0,Stochastic_UC
2024-09-02 18:00:00,L121,70,72,-0.0006371616659501054,0.6160602,0.001034252279160552,0,Stochastic_UC
2024-09-02 18:00:00,L122,73,74,-0.005880790356353438,0.6280464,0.00936362401942506,0,Stochastic_UC
2024-09-02 18:00:00,L123,74,76,-0.010498443774036673,0.611943,0.017155917747301092,0,Stochastic_UC
2024-09-02 18:00:00,L124,74,117,-0.004136642923962334,0.624951,0.006619147619513104,0,Stochastic_UC
2024-09-02 18:00:00,L125,75,76,-0.0028623195920621236,0.6146256,0.004657013297301843,0,Stochastic_UC
2024-09-02 18:00:00,L126,75,117,0.0034994812580122284,0.6267912,0.005583169096841545,0,Stochastic_UC
2024-09-02 18:00:00,L127,76,77,-0.002472263984357669,0.6218766,0.003975489645948519,0,Stochastic_UC
2024-09-02 18:00:00,L128,76,79,-0.0055053069552226845,0.6137585999999999,0.008969824545387528,0,Stochastic_UC
2024-09-02 18:00:00,L129,76,79,-0.0055053069552226845,0.6137585999999999,0.008969824545387528,0,Stochastic_UC
2024-09-02 18:00:00,L130,76,81,-0.006731883208321188,0.5909196000000001,0.011392215130994447,0,Stochastic_UC
2024-09-02 18:00:00,L131,77,78,-0.0018351023184075648,0.6422124,0.002857469457779957,0,Stochastic_UC
2024-09-02 18:00:00,L132,78,79,-0.0011979406524574607,0.6388734,0.0018750830015108794,0,Stochastic_UC
2024-09-02 18:00:00,L133,79,95,-0.0029964444449859517,0.6160722,0.0048637877914081366,0,Stochastic_UC
2024-09-02 18:00:00,L134,79,96,-0.0018168030554680278,0.6365532,0.002854126026651076,0,Stochastic_UC
2024-09-02 18:00:00,L135,79,97,-0.0041034404678385395,0.6274854000000001,0.006539499513197501,0,Stochastic_UC
2024-09-02 18:00:00,L136,79,98,-0.004103440467838541,0.6225510000000001,0.006591332224731052,0,Stochastic_UC
2024-09-02 18:00:00,L137,80,67,0.002085897205128391,0.42381839999999993,0.004921676843498044,0,Stochastic_UC
2024-09-02 18:00:00,L138,80,79,-0.0014487355391782854,0.5223287999999999,0.0027736083845621485,0,Stochastic_UC
2024-09-02 18:00:00,L139,81,82,-0.004324853350483657,0.5397948,0.008012032258339014,0,Stochastic_UC
2024-09-02 18:00:00,L140,81,95,-0.0017698681918874488,0.5898252,0.003000665607178955,0,Stochastic_UC
2024-09-02 18:00:00,L141,82,83,-0.0014416177834945631,0.5027316,0.0028675694615070213,0,Stochastic_UC
2024-09-02 18:00:00,L142,82,84,-0.0022460739010390085,0.49419240000000003,0.004544938167885642,0,Stochastic_UC
2024-09-02 18:00:00,L143,83,84,-0.0008044561175444402,0.4806342,0.0016737388174716658,0,Stochastic_UC
2024-09-02 18:00:00,L144,84,85,-0.0012743233319002106,0.46359120000000004,0.00274880828605075,0,Stochastic_UC
2024-09-02 18:00:00,L145,84,87,-0.0005920688955610668,0.4543062,0.0013032375423471367,0,Stochastic_UC
2024-09-02 18:00:00,L146,84,88,-0.0005469761251720346,0.45956879999999994,0.0011901942106862665,0,Stochastic_UC
2024-09-02 18:00:00,L147,86,85,0.0006371616659501056,0.38057519999999995,0.0016742070054751484,0,Stochastic_UC
2024-09-02 18:00:00,L148,87,88,4.5092770389038486e-05,0.44926320000000003,0.00010037049637949087,0,Stochastic_UC
2024-09-02 18:00:00,L149,88,89,-0.0003073076403777963,0.42255119999999996,0.0007272672291021687,0,Stochastic_UC
2024-09-02 18:00:00,L150,88,89,-0.0003073076403777963,0.42255119999999996,0.0007272672291021687,0,Stochastic_UC
2024-09-02 18:00:00,L151,88,91,0.0003749467959613487,0.4849656,0.0007731410144582394,0,Stochastic_UC
2024-09-02 18:00:00,L152,88,91,0.0003749467959613487,0.4849656,0.0007731410144582394,0,Stochastic_UC
2024-09-02 18:00:00,L153,89,90,2.2546385194512667e-05,0.44705160000000005,5.043351862405294e-05,0,Stochastic_UC
2024-09-02 18:00:00,L154,90,91,0.0006597080511446371,0.5072904,0.001300454436245269,0,Stochastic_UC
2024-09-02 18:00:00,L155,91,92,0.0005045595189591457,0.5540562,0.0009106648729120723,0,Stochastic_UC
2024-09-02 18:00:00,L156,91,93,0.0016462807038683893,0.5674632,0.0029011232867054452,0,Stochastic_UC
2024-09-02 18:00:00,L157,91,99,0.000399813564104882,0.5669016,0.0007052609555254068,0,Stochastic_UC
2024-09-02 18:00:00,L158,91,101,-0.0005038904779151772,0.5543286000000001,0.0009090104279576718,0,Stochastic_UC
2024-09-02 18:00:00,L159,92,93,0.0011417211849092442,0.5804154,0.0019670759681932014,0,Stochastic_UC
2024-09-02 18:00:00,L160,93,94,0.001344823009513706,0.601707,0.0022350130703377327,0,Stochastic_UC
2024-09-02 18:00:00,L161,93,95,0.0033268076849775154,0.5982966000000001,0.005560465636905701,0,Stochastic_UC
2024-09-02 18:00:00,L162,93,99,-0.0012464671397635074,0.5906616,0.0021102897831237165,0,Stochastic_UC
2024-09-02 18:00:00,L163,94,95,0.001981984675463811,0.6122964,0.0032369693427297813,0,Stochastic_UC
2024-09-02 18:00:00,L164,95,96,0.0011796413895179222,0.626304,0.001883496496139131,0,Stochastic_UC
2024-09-02 18:00:00,L165,97,99,-0.003466278801888434,0.6063168,0.005716943356820121,0,Stochastic_UC
2024-09-02 18:00:00,L166,98,99,-0.003466278801888434,0.6020994,0.005756987636739771,0,Stochastic_UC
2024-09-02 18:00:00,L167,99,100,-0.0007704328539850739,0.5921928000000001,0.0013009831493815422,0,Stochastic_UC
2024-09-02 18:00:00,L168,99,102,-0.0024256085489960666,0.5853726,0.004143700181723686,0,Stochastic_UC
2024-09-02 18:00:00,L169,99,103,-0.0019290618713935872,0.586263,0.0032904376898995626,0,Stochastic_UC
2024-09-02 18:00:00,L170,99,105,-0.002016946239110795,0.5812326,0.0034701189147181267,0,Stochastic_UC
2024-09-02 18:00:00,L171,100,101,-0.00013327118803495644,0.5850582,0.00022779133432358772,0,Stochastic_UC
2024-09-02 18:00:00,L172,102,103,0.0004965466776024792,0.5821872,0.000852898651159763,0,Stochastic_UC
2024-09-02 18:00:00,L173,102,104,-0.00029880685023848475,0.5751864,0.0005194956804237457,0,Stochastic_UC
2024-09-02 18:00:00,L174,102,109,-0.0019861867104099375,0.5821722,0.003411682506327058,0,Stochastic_UC
2024-09-02 18:00:00,L175,103,104,-0.000795353527840964,0.5772894,0.0013777379730876126,0,Stochastic_UC
2024-09-02 18:00:00,L176,104,105,0.0007074691601237498,0.5711333999999999,0.0012387108863248935,0,Stochastic_UC
2024-09-02 18:00:00,L177,104,106,3.515374708682543e-05,0.5660568,6.21028615623475e-05,0,Stochastic_UC
2024-09-02 18:00:00,L178,104,107,-0.001199621619340589,0.5750634,0.0020860684566964076,0,Stochastic_UC
2024-09-02 18:00:00,L179,105,106,-0.0006723154130369308,0.5672808,0.0011851545355261992,0,Stochastic_UC
2024-09-02 18:00:00,L180,107,108,-0.0005624599533904835,0.5821836,0.0009661212603558113,0,Stochastic_UC
2024-09-02 18:00:00,L181,108,109,7.470171255962177e-05,0.5848367999999999,0.00012773086878189226,0,Stochastic_UC
2024-09-02 18:00:00,L182,109,110,-0.0006371616659501056,0.5858034,0.0010876715054062604,0,Stochastic_UC
2024-09-02 18:00:00,L183,109,111,-0.0006371616659501053,0.58266,0.001093539398534489,0,Stochastic_UC
2024-09-02 18:00:00,L184,113,114,0.004825506759108148,0.6365297999999999,0.007580959696008182,0,Stochastic_UC
2024-09-02 18:00:00,L185,115,67,0.0006371616659501053,0.4101996,0.0015532966535074762,0,Stochastic_UC
2024-09-02 19:00:00,L0,0,1,0.05411151276412948,0.647421,0.0835801013005903,0,SCUC
2024-09-02 19:00:00,L1,0,2,0.09767342567957292,0.6460758,0.15117951435353705,0,SCUC
2024-09-02 19:00:00,L2,1,11,0.08730992128927224,0.645276,0.13530632053458094,0,SCUC
2024-09-02 19:00:00,L3,2,4,0.05393419015902688,0.6378366,0.08455800460341549,0,SCUC
2024-09-02 19:00:00,L4,2,11,0.04374800837382884,0.6426192,0.06807765527987468,0,SCUC
2024-09-02 19:00:00,L5,3,4,-0.00392602580751525,0.6327024,0.006205169772574357,0,SCUC
2024-09-02 19:00:00,L6,3,10,0.003934798660798052,0.635853,0.006188220643447546,0,SCUC
2024-09-02 19:00:00,L7,4,5,0.0060037780215113044,0.6345852000000001,0.009460948697686778,0,SCUC
2024-09-02 19:00:00,L8,4,10,0.007860824468313302,0.6328799999999999,0.012420718727583907,0,SCUC
2024-09-02 19:00:00,L9,5,6,0.006012550874794107,0.6417018,0.009369696134238843,0,SCUC
2024-09-02 19:00:00,L10,6,11,-0.02220251068150346,0.643008,0.03452913600064612,0,SCUC
2024-09-02 19:00:00,L11,7,4,-0.036152334714969835,0.5139431999999999,0.07034305486475906,0,SCUC
2024-09-02 19:00:00,L12,7,8,-1.754570656560339e-05,0.5918555999999999,2.9645248884361984e-05,0,SCUC
2024-09-02 19:00:00,L13,7,29,0.007954818865237884,0.5785434,0.013749735741930308,0,SCUC
2024-09-02 19:00:00,L14,8,9,-8.772853282801696e-06,0.5922288,1.4813283789646326e-05,0,SCUC
2024-09-02 19:00:00,L15,10,11,-0.018047006253511372,0.6397740000000001,0.028208408365315518,0,SCUC
2024-09-02 19:00:00,L16,10,12,0.02985140223590553,0.632886,0.04716710787709877,0,SCUC
2024-09-02 19:00:00,L17,11,13,0.04720390110874566,0.6358337999999999,0.07423937058512094,0,SCUC
2024-09-02 19:00:00,L18,11,15,0.0436220573259062,0.6386856000000001,0.06829973515279848,0,SCUC
2024-09-02 19:00:00,L19,11,116,-8.77285328280096e-06,0.6350538,1.3814346568433982e-05,0,SCUC
2024-09-02 19:00:00,L20,12,14,0.029860175089188333,0.6184457999999999,0.04828260631600754,0,SCUC
2024-09-02 19:00:00,L21,13,14,0.030554682469859568,0.6209856,0.04920352818142573,0,SCUC
2024-09-02 19:00:00,L22,14,16,0.009494303926489969,0.6145872,0.015448261738106438,0,SCUC
2024-09-02 19:00:00,L23,14,18,0.034936531286172245,0.5993478,0.05829091436753792,0,SCUC
2024-09-02 19:00:00,L24,14,32,0.015992795199668487,0.5908266,0.027068509101771124,0,SCUC
2024-09-02 19:00:00,L25,15,16,0.043630830179189,0.6282840000000001,0.06944443942419191,0,SCUC
2024-09-02 19:00:00,L26,16,17,0.012716727253199736,0.6109386,0.020815065954581585,0,SCUC
2024-09-02 19:00:00,L27,16,30,0.021134644419905,0.6214109999999999,0.034010734312564475,0,SCUC
2024-09-02 19:00:00,L28,16,112,0.013932005710282606,0.6140052,0.022690370880055422,0,SCUC
2024-09-02 19:00:00,L29,17,18,0.012725500106482539,0.5943288,0.021411548803427563,0,SCUC
2024-09-02 19:00:00,L30,18,19,0.01006449573067783,0.5964846,0.016873018566913263,0,SCUC
2024-09-02 19:00:00,L31,18,33,0.009382474105679387,0.5605788,0.016737119037821956,0,SCUC
2024-09-02 19:00:00,L32,19,20,0.010073268583960633,0.621615,0.016204995992633114,0,SCUC
2024-09-02 19:00:00,L33,20,21,0.010082041437243228,0.6311274,0.01597465335405059,0,SCUC
2024-09-02 19:00:00,L34,21,22,-0.01813302011905436,0.629532,0.028803968851550614,0,SCUC
2024-09-02 19:00:00,L35,22,23,-0.004348736210715808,0.6279072,0.0069257626138318025,0,SCUC
2024-09-02 19:00:00,L36,22,24,-0.004119282336394185,0.6191112000000001,0.006653541942698153,0,SCUC
2024-09-02 19:00:00,L37,22,31,-0.009656228718661564,0.627315,0.015392950461349664,0,SCUC
2024-09-02 19:00:00,L38,23,69,-0.003246199664791961,0.6274236,0.0051738564899247675,0,SCUC
2024-09-02 19:00:00,L39,23,71,-0.0010937636926410445,0.6300282,0.0017360551363273017,0,SCUC
2024-09-02 19:00:00,L40,24,26,0.0027432301717919515,0.6064686,0.004523284753393583,0,SCUC
2024-09-02 19:00:00,L41,25,24,0.006853739654903335,0.4680138,0.01464431103292966,0,SCUC
2024-09-02 19:00:00,L42,25,29,-0.006844966801620528,0.5693886,0.012021608443900225,0,SCUC
2024-09-02 19:00:00,L43,26,27,0.013801011283769994,0.6345402,0.021749624820886042,0,SCUC
2024-09-02 19:00:00,L44,26,31,-0.00828017655405933,0.6226266,0.013298783820124822,0,SCUC
2024-09-02 19:00:00,L45,26,114,-0.002768831704635911,0.6313266,0.004385735853100299,0,SCUC
2024-09-02 19:00:00,L46,27,28,-0.014414050272527512,0.6429486,0.022418666550525986,0,SCUC
2024-09-02 19:00:00,L47,28,30,-0.014405277419244786,0.6361902,0.022643035713603862,0,SCUC
2024-09-02 19:00:00,L48,29,16,-0.005350529575574567,0.44407440000000004,0.012048723312072405,0,SCUC
2024-09-02 19:00:00,L49,29,37,0.006469154492474709,0.5356938,0.012076216847151692,0,SCUC
2024-09-02 19:00:00,L50,30,31,0.006738139853943018,0.623934,0.010799443296795844,0,SCUC
2024-09-02 19:00:00,L51,31,112,-0.013940778563565407,0.6181146,0.022553711825550486,0,SCUC
2024-09-02 19:00:00,L52,31,113,0.002751285998070309,0.6289206,0.004374615806940191,0,SCUC
2024-09-02 19:00:00,L53,32,36,0.01600156805295129,0.5450081999999999,0.029360233576212782,0,SCUC
2024-09-02 19:00:00,L54,33,35,-0.004116986899693421,0.5451732,0.007551704485278111,0,SCUC
2024-09-02 19:00:00,L55,33,36,-0.012324642139231855,0.537024,0.022949890766952422,0,SCUC
2024-09-02 19:00:00,L56,33,42,-0.002390958411692904,0.5413205999999999,0.0044168989905296495,0,SCUC
2024-09-02 19:00:00,L57,34,35,0.004108214046410618,0.5443908,0.007546442824549237,0,SCUC
2024-09-02 19:00:00,L58,34,36,-0.0040994411931278155,0.5283492000000001,0.007758961673695758,0,SCUC
2024-09-02 19:00:00,L59,36,38,0.0006235606052289385,0.5184371999999999,0.0012027697958960865,0,SCUC
2024-09-02 19:00:00,L60,36,39,0.0012558940637406796,0.5084058,0.0024702591192718093,0,SCUC
2024-09-02 19:00:00,L61,37,36,0.0022931970950951955,0.39164879999999996,0.005855238405160939,0,SCUC
2024-09-02 19:00:00,L62,37,64,0.004184730250662315,0.48191219999999996,0.008683594751621386,0,SCUC
2024-09-02 19:00:00,L63,38,39,0.0006323334585117412,0.5004966,0.0012634120961296064,0,SCUC
2024-09-02 19:00:00,L64,39,40,0.000629409174084153,0.48448080000000004,0.0012991416256003393,0,SCUC
2024-09-02 19:00:00,L65,39,41,0.0012675912014510704,0.4687326,0.0027042949465240318,0,SCUC
2024-09-02 19:00:00,L66,40,41,0.0006381820273669556,0.46148340000000004,0.001382892705061451,0,SCUC
2024-09-02 19:00:00,L67,41,48,0.0009572730410504144,0.46616280000000004,0.002053516584872097,0,SCUC
2024-09-02 19:00:00,L68,41,48,0.0009572730410504144,0.46616280000000004,0.002053516584872097,0,SCUC
2024-09-02 19:00:00,L69,42,43,-0.0023821855584101014,0.524499,0.004541830505701824,0,SCUC
2024-09-02 19:00:00,L70,43,44,-0.0023734127051272987,0.513189,0.0046248316022504355,0,SCUC
2024-09-02 19:00:00,L71,44,45,-0.0006673126940847523,0.510138,0.001308102305816764,0,SCUC
2024-09-02 19:00:00,L72,44,48,-0.0016973271577593319,0.49358519999999995,0.0034387723897704634,0,SCUC
2024-09-02 19:00:00,L73,45,46,-0.00013914618232325517,0.5157054,0.0002698171908288243,0,SCUC
2024-09-02 19:00:00,L74,45,47,-0.0005193936584786945,0.4986305999999999,0.0010416401610304192,0,SCUC
2024-09-02 19:00:00,L75,46,48,-0.0008908682813514564,0.5033136,0.0017700063764449368,0,SCUC
2024-09-02 19:00:00,L76,46,68,0.0007604949523110039,0.5453214,0.001394581163165436,0,SCUC
2024-09-02 19:00:00,L77,47,48,-0.0005106208051958918,0.48569819999999997,0.0010513129453555558,0,SCUC
2024-09-02 19:00:00,L78,48,49,-0.00020015611021282262,0.488505,0.0004097319581433611,0,SCUC
2024-09-02 19:00:00,L79,48,50,-0.0002398516504989804,0.4971305999999999,0.0004824721119540428,0,SCUC
2024-09-02 19:00:00,L80,48,53,-0.0003921630219382548,0.4610909999999999,0.0008505111180618465,0,SCUC
2024-09-02 19:00:00,L81,48,53,-0.0003921630219382548,0.4610909999999999,0.0008505111180618465,0,SCUC
2024-09-02 19:00:00,L82,48,65,-0.0008012633689991578,0.4532376,0.0017678660574479209,0,SCUC
2024-09-02 19:00:00,L83,48,65,-0.0008012633689991578,0.4532376,0.0017678660574479209,0,SCUC
2024-09-02 19:00:00,L84,48,68,0.0016513632336623034,0.5277546,0.0031290361726118605,0,SCUC
2024-09-02 19:00:00,L85,49,56,-0.00019138325693001992,0.493542,0.0003877750159662601,0,SCUC
2024-09-02 19:00:00,L86,50,51,-5.9543310429229776e-05,0.5109246,0.00011654030835318906,0,SCUC
2024-09-02 19:00:00,L87,50,57,-0.00017153548678694794,0.5014457999999999,0.0003420818098126417,0,SCUC
2024-09-02 19:00:00,L88,51,52,-5.077045714642708e-05,0.5078424,9.997285997866086e-05,0,SCUC
2024-09-02 19:00:00,L89,52,53,-4.1997603863624385e-05,0.4787352,8.772616649793953e-05,0,SCUC
2024-09-02 19:00:00,L90,53,54,-0.00020658091193502269,0.4342572,0.0004757109656098337,0,SCUC
2024-09-02 19:00:00,L91,53,55,-0.00018198674885181192,0.4538832,0.0004009550229041567,0,SCUC
2024-09-02 19:00:00,L92,53,58,-0.0004289831336704326,0.436296,0.0009832387500009914,0,SCUC
2024-09-02 19:00:00,L93,54,55,2.4594163083210783e-05,0.4503534,5.4610808052544473e-05,0,SCUC
2024-09-02 19:00:00,L94,54,58,-0.00022240222173543076,0.4326671999999999,0.0005140260730081476,0,SCUC
2024-09-02 19:00:00,L95,55,56,0.00018261040364721723,0.4803792,0.00038013803188651223,0,SCUC
2024-09-02 19:00:00,L96,55,57,0.00016276263350414524,0.4853934,0.0003353210684449876,0,SCUC
2024-09-02 19:00:00,L97,55,58,-0.00024699638481862074,0.4444608,0.0005557214152938139,0,SCUC
2024-09-02 19:00:00,L98,55,58,-0.00024699638481862074,0.4444608,0.0005557214152938139,0,SCUC
2024-09-02 19:00:00,L99,58,59,-0.00015323536497352289,0.43790100000000004,0.0003499315255583405,0,SCUC
2024-09-02 19:00:00,L100,58,60,-0.0003203768623886716,0.424272,0.0007551213900249641,0,SCUC
2024-09-02 19:00:00,L101,59,60,-0.00016714149741512788,0.4361208,0.00038324587457220084,0,SCUC
2024-09-02 19:00:00,L102,59,61,2.2678985724407686e-05,0.44480159999999996,5.098674493169019e-05,0,SCUC
2024-09-02 19:00:00,L103,60,61,0.00018982048313953556,0.43017239999999995,0.0004412660671385137,0,SCUC
2024-09-02 19:00:00,L104,61,65,0.00015043916585866238,0.4407546,0.0003413218281979641,0,SCUC
2024-09-02 19:00:00,L105,61,66,7.083315628801892e-05,0.4466958,0.00015857135054329799,0,SCUC
2024-09-02 19:00:00,L106,62,58,0.000662993044398039,0.32950140000000006,0.002012109946719616,0,SCUC
2024-09-02 19:00:00,L107,62,63,-0.0006542201911152373,0.4347258,0.0015049030702001982,0,SCUC
2024-09-02 19:00:00,L108,63,60,0.0006685659896605177,0.30417359999999993,0.0021979750696987438,0,SCUC
2024-09-02 19:00:00,L109,63,64,-0.0013140133274929533,0.44240399999999996,0.0029701660190526156,0,SCUC
2024-09-02 19:00:00,L110,64,65,0.001363708709286029,0.27886679999999997,0.004890179502493768,0,SCUC
2024-09-02 19:00:00,L111,64,67,0.0015157810671677335,0.28202879999999997,0.00537456127589712,0,SCUC
2024-09-02 19:00:00,L112,65,66,-7.960600957082162e-05,0.4431528,0.00017963557845244714,0,SCUC
2024-09-02 19:00:00,L113,67,68,0.0010649067294866757,0.42808139999999995,0.002487626721195258,0,SCUC
2024-09-02 19:00:00,L114,68,69,0.002301896250967498,0.6023544,0.003821498192704325,0,SCUC
2024-09-02 19:00:00,L115,68,74,0.000969503406505568,0.5966142,0.0016250089362699848,0,SCUC
2024-09-02 19:00:00,L116,68,76,0.0002141381112703264,0.5886359999999999,0.000363786977470502,0,SCUC
2024-09-02 19:00:00,L117,69,70,0.0010674451327926365,0.6271008,0.0017021906730028673,0,SCUC
2024-09-02 19:00:00,L118,69,73,-0.0006705828488723664,0.6311808,0.0010624259306879524,0,SCUC
2024-09-02 19:00:00,L119,69,74,-0.00133239284446193,0.6205014,0.0021472841873715837,0,SCUC
2024-09-02 19:00:00,L120,70,71,0.0010849908393582419,0.6193751999999999,0.0017517505372482496,0,SCUC
2024-09-02 19:00:00,L121,70,72,-8.772853282823512e-06,0.6160602,1.4240253278532703e-05,0,SCUC
2024-09-02 19:00:00,L122,73,74,-0.0006618099955895637,0.6280464,0.0010537597151891384,0,SCUC
2024-09-02 19:00:00,L123,74,76,-0.0007553652952352417,0.611943,0.0012343719843763907,0,SCUC
2024-09-02 19:00:00,L124,74,117,-0.0002605612850278815,0.624951,0.0004169307434148941,0,SCUC
2024-09-02 19:00:00,L125,75,76,-0.00024301557846227959,0.6146256,0.00039538798654380745,0,SCUC
2024-09-02 19:00:00,L126,75,117,0.0002517884317450805,0.6267912,0.0004017102214343158,0,SCUC
2024-09-02 19:00:00,L127,76,77,-9.344972970848967e-05,0.6218766,0.00015027053551860557,0,SCUC
2024-09-02 19:00:00,L128,76,79,-0.0002540306292770783,0.6137585999999999,0.00041389339273955315,0,SCUC
2024-09-02 19:00:00,L129,76,79,-0.0002540306292770783,0.6137585999999999,0.00041389339273955315,0,SCUC
2024-09-02 19:00:00,L130,76,81,-0.00017395892088182597,0.5909196000000001,0.00029438678439812447,0,SCUC
2024-09-02 19:00:00,L131,77,78,-8.467687642568871e-05,0.6422124,0.0001318518241405627,0,SCUC
2024-09-02 19:00:00,L132,78,79,-7.590402314288775e-05,0.6388734,0.00011880917744092608,0,SCUC
2024-09-02 19:00:00,L133,79,95,-4.074474977979056e-06,0.6160722,6.613632262548214e-06,0,SCUC
2024-09-02 19:00:00,L134,79,96,-6.423664130512821e-06,0.6365532,1.0091323286903311e-05,0,SCUC
2024-09-02 19:00:00,L135,79,97,-4.3750695888244984e-05,0.6274854000000001,6.972384678312033e-05,0,SCUC
2024-09-02 19:00:00,L136,79,98,-4.3750695887856406e-05,0.6225510000000001,7.02764847986051e-05,0,SCUC
2024-09-02 19:00:00,L137,80,67,-0.0004684200442466607,0.42381839999999993,0.0011052376306612945,0,SCUC
2024-09-02 19:00:00,L138,80,79,0.0004771928975294624,0.5223287999999999,0.000913587184029413,0,SCUC
2024-09-02 19:00:00,L139,81,82,-8.103988422579364e-05,0.5397948,0.00015013090942297635,0,SCUC
2024-09-02 19:00:00,L140,81,95,-8.414618337323137e-05,0.5898252,0.00014266291669672872,0,SCUC
2024-09-02 19:00:00,L141,82,83,-2.7013294741917715e-05,0.5027316,5.373303516611591e-05,0,SCUC
2024-09-02 19:00:00,L142,82,84,-4.525373620106089e-05,0.49419240000000003,9.157108891407656e-05,0,SCUC
2024-09-02 19:00:00,L143,83,84,-1.8240441459129965e-05,0.4806342,3.7950777242089646e-05,0,SCUC
2024-09-02 19:00:00,L144,84,85,-1.754570656560192e-05,0.46359120000000004,3.784736760663688e-05,0,SCUC
2024-09-02 19:00:00,L145,84,87,-1.5316157031529355e-05,0.4543062,3.371329079710855e-05,0,SCUC
2024-09-02 19:00:00,L146,84,88,-2.185946078025775e-05,0.45956879999999994,4.756515407542407e-05,0,SCUC
2024-09-02 19:00:00,L147,86,85,8.772853282801696e-06,0.38057519999999995,2.3051563220098672e-05,0,SCUC
2024-09-02 19:00:00,L148,87,88,-6.543303748728394e-06,0.44926320000000003,1.4564521974487103e-05,0,SCUC
2024-09-02 19:00:00,L149,88,89,-6.022252578619103e-06,0.42255119999999996,1.4252125135650079e-05,0,SCUC
2024-09-02 19:00:00,L150,88,89,-6.022252578619103e-06,0.42255119999999996,1.4252125135650079e-05,0,SCUC
2024-09-02 19:00:00,L151,88,91,-3.792703044509796e-06,0.4849656,7.820560972798475e-06,0,SCUC
2024-09-02 19:00:00,L152,88,91,-3.792703044509796e-06,0.4849656,7.820560972798475e-06,0,SCUC
2024-09-02 19:00:00,L153,89,90,-3.2716518743641103e-06,0.44705160000000005,7.31828691445039e-06,0,SCUC
2024-09-02 19:00:00,L154,90,91,5.501201408464329e-06,0.5072904,1.0844284473872023e-05,0,SCUC
2024-09-02 19:00:00,L155,91,92,5.2759773728483506e-06,0.5540562,9.52245886400757e-06,0,SCUC
2024-09-02 19:00:00,L156,91,93,1.9324808028520213e-05,0.5674632,3.405473346733359e-05,0,SCUC
2024-09-02 19:00:00,L157,91,99,-6.854462637317926e-06,0.5669016,1.2091097709581215e-05,0,SCUC
2024-09-02 19:00:00,L158,91,101,-1.1057674161907513e-05,0.5543286000000001,1.9947868758544142e-05,0,SCUC
2024-09-02 19:00:00,L159,92,93,1.4048830655699618e-05,0.5804154,2.4204786185376228e-05,0,SCUC
2024-09-02 19:00:00,L160,93,94,1.9850969783513986e-05,0.601707,3.299108998817362e-05,0,SCUC
2024-09-02 19:00:00,L161,93,95,4.847479284980638e-05,0.5982966000000001,8.102134100345277e-05,0,SCUC
2024-09-02 19:00:00,L162,93,99,-2.6179270666060184e-05,0.5906616,4.432194452129643e-05,0,SCUC
2024-09-02 19:00:00,L163,94,95,2.8623823066314946e-05,0.6122964,4.6748311873652934e-05,0,SCUC
2024-09-02 19:00:00,L164,95,96,-2.3491891522881394e-06,0.626304,3.7508768142757185e-06,0,SCUC
2024-09-02 19:00:00,L165,97,99,-3.4977842605393716e-05,0.6063168,5.7689053982000364e-05,0,SCUC
2024-09-02 19:00:00,L166,98,99,-3.497784260573025e-05,0.6020994,5.809313645841576e-05,0,SCUC
2024-09-02 19:00:00,L167,99,100,-6.488032403662025e-06,0.5921928000000001,1.0955946110222927e-05,0,SCUC
2024-09-02 19:00:00,L168,99,102,-3.3397344911073476e-05,0.5853726,5.7053140018978465e-05,0,SCUC
2024-09-02 19:00:00,L169,99,103,-2.6560569594133307e-05,0.586263,4.53048710120429e-05,0,SCUC
2024-09-02 19:00:00,L170,99,105,-2.777061832279587e-05,0.5812326,4.77788381498145e-05,0,SCUC
2024-09-02 19:00:00,L171,100,101,2.284820879106553e-06,0.5850582,3.90528819031432e-06,0,SCUC
2024-09-02 19:00:00,L172,102,103,6.83677531694017e-06,0.5821872,1.1743259413707774e-05,0,SCUC
2024-09-02 19:00:00,L173,102,104,-4.114165677452012e-06,0.5751864,7.152752007787409e-06,0,SCUC
2024-09-02 19:00:00,L174,102,109,-2.7347101267760678e-05,0.5821722,4.697424794203618e-05,0,SCUC
2024-09-02 19:00:00,L175,103,104,-1.095094099439218e-05,0.5772894,1.896958612853827e-05,0,SCUC
2024-09-02 19:00:00,L176,104,105,9.74089226572962e-06,0.5711333999999999,1.7055371417132356e-05,0,SCUC
2024-09-02 19:00:00,L177,104,106,4.840194914643295e-07,0.5660568,8.550723027518254e-07,0,SCUC
2024-09-02 19:00:00,L178,104,107,-1.6517165146237185e-05,0.5750634,2.8722337652226146e-05,0,SCUC
2024-09-02 19:00:00,L179,105,106,-9.25687277426529e-06,0.5672808,1.6317972993736593e-05,0,SCUC
2024-09-02 19:00:00,L180,107,108,-7.744311863436223e-06,0.5821836,1.3302181413966698e-05,0,SCUC
2024-09-02 19:00:00,L181,108,109,1.0285414193647375e-06,0.5848367999999999,1.7586810873815355e-06,0,SCUC
2024-09-02 19:00:00,L182,109,110,-8.772853282801696e-06,0.5858034,1.4975763682494324e-05,0,SCUC
2024-09-02 19:00:00,L183,109,111,-8.772853282823512e-06,0.58266,1.5056556624486857e-05,0,SCUC
2024-09-02 19:00:00,L184,113,114,0.00276005885135311,0.6365297999999999,0.004336103119371804,0,SCUC
2024-09-02 19:00:00,L185,115,67,8.772853282795756e-06,0.4101996,2.138679141275554e-05,0,SCUC
2024-09-02 20:00:00,L0,0,1,0.0813972268680043,0.647421,0.1257253423475672,0,SCUC
2024-09-02 20:00:00,L1,0,2,0.0986027731319957,0.6460758,0.15261796391692073,0,SCUC
2024-09-02 20:00:00,L2,1,11,0.0813972268680043,0.645276,0.12614327337140124,0,SCUC
2024-09-02 20:00:00,L3,2,4,0.07375106728669852,0.6378366,0.11562689768304064,0,SCUC
2024-09-02 20:00:00,L4,2,11,0.06419168060401292,0.6426192,0.0998906982611365,0,SCUC
2024-09-02 20:00:00,L5,3,4,-0.011735962627022678,0.6327024,0.018548945961043735,0,SCUC
2024-09-02 20:00:00,L6,3,10,0.011735962627022678,0.635853,0.01845703743950674,0,SCUC
2024-09-02 20:00:00,L7,4,5,0.015095670140518056,0.6345852000000001,0.023788248040638286,0,SCUC
2024-09-02 20:00:00,L8,4,10,0.023471925254045355,0.6328799999999999,0.037087481440471116,0,SCUC
2024-09-02 20:00:00,L9,5,6,-0.012327528411601804,0.6417018,0.019210680742366322,0,SCUC
2024-09-02 20:00:00,L10,6,11,-0.012327528411601804,0.643008,0.019171656358244072,0,SCUC
2024-09-02 20:00:00,L11,7,4,-0.023447509265112448,0.5139431999999999,0.045622763887356525,0,SCUC
2024-09-02 20:00:00,L12,7,8,0.0,0.5918555999999999,0.0,0,SCUC
2024-09-02 20:00:00,L13,7,29,0.023447509265112465,0.5785434,0.040528522605412946,0,SCUC
2024-09-02 20:00:00,L14,8,9,0.0,0.5922288,0.0,0,SCUC
2024-09-02 20:00:00,L15,10,11,-0.033031311936731006,0.6397740000000001,0.051629656623637415,0,SCUC
2024-09-02 20:00:00,L16,10,12,0.04081600126567918,0.632886,0.06449186941357397,0,SCUC
2024-09-02 20:00:00,L17,11,13,0.05735446406316563,0.6358337999999999,0.09020354700106481,0,SCUC
2024-09-02 20:00:00,L18,11,15,0.042875603060519046,0.6386856000000001,0.06713100007346187,0,SCUC
2024-09-02 20:00:00,L19,11,116,0.0,0.6350538,0.0,0,SCUC
2024-09-02 20:00:00,L20,12,14,0.013438416371801237,0.6184457999999999,0.021729335653668014,0,SCUC
2024-09-02 20:00:00,L21,13,14,0.029931265511045774,0.6209856,0.04819961285905144,0,SCUC
2024-09-02 20:00:00,L22,14,16,-0.0015345234531732865,0.6145872,0.002496836011510306,0,SCUC
2024-09-02 20:00:00,L23,14,18,0.03242126268573331,0.5993478,0.054094238246529494,0,SCUC
2024-09-02 20:00:00,L24,14,32,0.012482942650287043,0.5908266,0.021127929328650815,0,SCUC
2024-09-02 20:00:00,L25,15,16,0.042875603060519046,0.6282840000000001,0.06824239207192773,0,SCUC
2024-09-02 20:00:00,L26,16,17,0.01697789306945331,0.6109386,0.027789851663413162,0,SCUC
2024-09-02 20:00:00,L27,16,30,0.013155311859569611,0.6214109999999999,0.0211700659620921,0,SCUC
2024-09-02 20:00:00,L28,16,112,0.011389651162416203,0.6140052,0.018549763360988153,0,SCUC
2024-09-02 20:00:00,L29,17,18,0.01697789306945331,0.5943288,0.0285664989976143,0,SCUC
2024-09-02 20:00:00,L30,18,19,0.015847564156908578,0.5964846,0.026568270424598684,0,SCUC
2024-09-02 20:00:00,L31,18,33,0.006128393046158885,0.5605788,0.010932259739681352,0,SCUC
2024-09-02 20:00:00,L32,19,20,0.015847564156908578,0.621615,0.025494179125195783,0,SCUC
2024-09-02 20:00:00,L33,20,21,-0.011575634395211282,0.6311274,0.0183412008339541,0,SCUC
2024-09-02 20:00:00,L34,21,22,-0.011575634395211282,0.629532,0.01838768227065706,0,SCUC
2024-09-02 20:00:00,L35,22,23,-0.005352739674568345,0.6279072,0.008524730524778734,0,SCUC
2024-09-02 20:00:00,L36,22,24,-0.01392574993529408,0.6191112000000001,0.022493131985488354,0,SCUC
2024-09-02 20:00:00,L37,22,31,-0.01972034333746878,0.627315,0.03143610998855245,0,SCUC
2024-09-02 20:00:00,L38,23,69,-0.004014554755926259,0.6274236,0.0063984758557476306,0,SCUC
2024-09-02 20:00:00,L39,23,71,-0.0013381849186420863,0.6300282,0.0021240079708211256,0,SCUC
2024-09-02 20:00:00,L40,24,26,-0.004824619684517037,0.6064686,0.007955267073212096,0,SCUC
2024-09-02 20:00:00,L41,25,24,0.009101130250777042,0.4680138,0.01944628609407894,0,SCUC
2024-09-02 20:00:00,L42,25,29,-0.009101130250776968,0.5693886,0.015984040163039736,0,SCUC
2024-09-02 20:00:00,L43,26,27,-0.003531321394306819,0.6345402,0.005565165759879073,0,SCUC
2024-09-02 20:00:00,L44,26,31,-0.0009699737176576633,0.6226266,0.001557873880842327,0,SCUC
2024-09-02 20:00:00,L45,26,114,-0.0003233245725525544,0.6313266,0.0005121351968261031,0,SCUC
2024-09-02 20:00:00,L46,27,28,-0.003531321394306819,0.6429486,0.005492385230027438,0,SCUC
2024-09-02 20:00:00,L47,28,30,-0.003531321394306819,0.6361902,0.005550732146309105,0,SCUC
2024-09-02 20:00:00,L48,29,16,0.00018177648409336243,0.44407440000000004,0.0004093379039488933,0,SCUC
2024-09-02 20:00:00,L49,29,37,0.014164602530242277,0.5356938,0.026441602516665823,0,SCUC
2024-09-02 20:00:00,L50,30,31,0.009623990465262794,0.623934,0.015424693100973491,0,SCUC
2024-09-02 20:00:00,L51,31,112,-0.011389651162416203,0.6181146,0.018426439308206283,0,SCUC
2024-09-02 20:00:00,L52,31,113,0.0003233245725525544,0.6289206,0.0005140944223365468,0,SCUC
2024-09-02 20:00:00,L53,32,36,0.012482942650287054,0.5450081999999999,0.022904137314423995,0,SCUC
2024-09-02 20:00:00,L54,33,35,-0.004527923477106085,0.5451732,0.008305477006401057,0,SCUC
2024-09-02 20:00:00,L55,33,36,-0.013583770431318256,0.537024,0.02529453140142388,0,SCUC
2024-09-02 20:00:00,L56,33,42,-0.003183111597536634,0.5413205999999999,0.0058802705781687125,0,SCUC
2024-09-02 20:00:00,L57,34,35,0.004527923477106085,0.5443908,0.008317413661483782,0,SCUC
2024-09-02 20:00:00,L58,34,36,-0.004527923477106085,0.5283492000000001,0.008569944796180413,0,SCUC
2024-09-02 20:00:00,L59,36,38,0.0003216800441731005,0.5184371999999999,0.000620480251365258,0,SCUC
2024-09-02 20:00:00,L60,36,39,0.0006433600883462203,0.5084058,0.0012654460046408209,0,SCUC
2024-09-02 20:00:00,L61,37,36,0.006593791390656642,0.39164879999999996,0.016835980068512002,0,SCUC
2024-09-02 20:00:00,L62,37,64,0.007570811139585635,0.48191219999999996,0.01570993873901851,0,SCUC
2024-09-02 20:00:00,L63,38,39,0.0003216800441731101,0.5004966,0.0006427217371169158,0,SCUC
2024-09-02 20:00:00,L64,39,40,0.0003216800441731005,0.48448080000000004,0.0006639686117037052,0,SCUC
2024-09-02 20:00:00,L65,39,41,0.0006433600883462211,0.4687326,0.0013725524709529936,0,SCUC
2024-09-02 20:00:00,L66,40,41,0.00032168004417311056,0.46148340000000004,0.0006970565878926751,0,SCUC
2024-09-02 20:00:00,L67,41,48,0.0004825200662596667,0.46616280000000004,0.0010350891711214767,0,SCUC
2024-09-02 20:00:00,L68,41,48,0.0004825200662596667,0.46616280000000004,0.0010350891711214767,0,SCUC
2024-09-02 20:00:00,L69,42,43,-0.003183111597536634,0.524499,0.006068861137078686,0,SCUC
2024-09-02 20:00:00,L70,43,44,-0.003183111597536634,0.513189,0.006202610729256929,0,SCUC
2024-09-02 20:00:00,L71,44,45,-0.0009179162017803459,0.510138,0.0017993488071469796,0,SCUC
2024-09-02 20:00:00,L72,44,48,-0.002265195395756288,0.49358519999999995,0.004589269280675937,0,SCUC
2024-09-02 20:00:00,L73,45,46,-0.0002442766047923747,0.5157054,0.0004736747080646716,0,SCUC
2024-09-02 20:00:00,L74,45,47,-0.0006736395969879712,0.4986305999999999,0.0013509792559621718,0,SCUC
2024-09-02 20:00:00,L75,46,48,-0.001103002589183674,0.5033136,0.0021914817902470227,0,SCUC
2024-09-02 20:00:00,L76,46,68,0.0008587259843912992,0.5453214,0.001574715359403279,0,SCUC
2024-09-02 20:00:00,L77,47,48,-0.0006736395969879712,0.48569819999999997,0.0013869509851755085,0,SCUC
2024-09-02 20:00:00,L78,48,49,-0.0003362697422459593,0.488505,0.0006883649957440749,0,SCUC
2024-09-02 20:00:00,L79,48,50,-0.0004000319507079398,0.4971305999999999,0.0008046818093835702,0,SCUC
2024-09-02 20:00:00,L80,48,53,-0.0006869618887868799,0.4610909999999999,0.0014898618467653457,0,SCUC
2024-09-02 20:00:00,L81,48,53,-0.0006869618887868799,0.4610909999999999,0.0014898618467653457,0,SCUC
2024-09-02 20:00:00,L82,48,65,-0.0014641502762278524,0.4532376,0.0032304254462292015,0,SCUC
2024-09-02 20:00:00,L83,48,65,-0.0014641502762278524,0.4532376,0.0032304254462292015,0,SCUC
2024-09-02 20:00:00,L84,48,68,0.001961728573574854,0.5277546,0.003717122642938317,0,SCUC
2024-09-02 20:00:00,L85,49,56,-0.00033626974224593154,0.493542,0.0006813396676390896,0,SCUC
2024-09-02 20:00:00,L86,50,51,-9.564331269298002e-05,0.5109246,0.00018719653094209993,0,SCUC
2024-09-02 20:00:00,L87,50,57,-0.00030438863801495977,0.5014457999999999,0.0006070220111823846,0,SCUC
2024-09-02 20:00:00,L88,51,52,-9.564331269298002e-05,0.5078424,0.00018833266519884911,0,SCUC
2024-09-02 20:00:00,L89,52,53,-9.564331269298002e-05,0.4787352,0.0001997833305196276,0,SCUC
2024-09-02 20:00:00,L90,53,54,-0.0003673917725666321,0.4342572,0.0008460234454757045,0,SCUC
2024-09-02 20:00:00,L91,53,55,-0.00032184733795097937,0.4538832,0.000709097269850436,0,SCUC
2024-09-02 20:00:00,L92,53,58,-0.0007803279797491283,0.436296,0.0017885288422289645,0,SCUC
2024-09-02 20:00:00,L93,54,55,4.554443461565272e-05,0.4503534,0.00010113043360092923,0,SCUC
2024-09-02 20:00:00,L94,54,58,-0.0004129362071822848,0.4326671999999999,0.0009543968370661906,0,SCUC
2024-09-02 20:00:00,L95,55,56,0.00033626974224595306,0.4803792,0.0007000089559372118,0,SCUC
2024-09-02 20:00:00,L96,55,57,0.00030438863801495977,0.4853934,0.0006270967796738888,0,SCUC
2024-09-02 20:00:00,L97,55,58,-0.00045848064179812033,0.4444608,0.0010315434832455874,0,SCUC
2024-09-02 20:00:00,L98,55,58,-0.00045848064179811914,0.4444608,0.0010315434832455846,0,SCUC
2024-09-02 20:00:00,L99,58,59,-0.00028123102904131255,0.43790100000000004,0.0006422251354559879,0,SCUC
2024-09-02 20:00:00,L100,58,60,-0.000594756480967692,0.424272,0.00140182826339634,0,SCUC
2024-09-02 20:00:00,L101,59,60,-0.00031352545192637945,0.4361208,0.0007188958928956827,0,SCUC
2024-09-02 20:00:00,L102,59,61,3.22944228850669e-05,0.44480159999999996,7.260410683115102e-05,0,SCUC
2024-09-02 20:00:00,L103,60,61,0.00034581987481144635,0.43017239999999995,0.0008039099551980703,0,SCUC
2024-09-02 20:00:00,L104,61,65,0.00025207619846440155,0.4407546,0.0005719196089261497,0,SCUC
2024-09-02 20:00:00,L105,61,66,0.00012603809923211317,0.4466958,0.00028215644568879575,0,SCUC
2024-09-02 20:00:00,L106,62,58,0.0012342379605186484,0.32950140000000006,0.003745774556704913,0,SCUC
2024-09-02 20:00:00,L107,62,63,-0.0012342379605186484,0.4347258,0.0028391182683858386,0,SCUC
2024-09-02 20:00:00,L108,63,60,0.0012541018077055189,0.30417359999999993,0.004122980454929419,0,SCUC
2024-09-02 20:00:00,L109,63,64,-0.0024883397682241674,0.44240399999999996,0.005624586957224997,0,SCUC
2024-09-02 20:00:00,L110,64,65,0.00255018625475919,0.27886679999999997,0.00914481843933803,0,SCUC
2024-09-02 20:00:00,L111,64,67,0.0025322851166022778,0.28202879999999997,0.008978817470422446,0,SCUC
2024-09-02 20:00:00,L112,65,66,-0.00012603809923211317,0.4431528,0.0002844122822469206,0,SCUC
2024-09-02 20:00:00,L113,67,68,0.0017244678057699026,0.42808139999999995,0.004028364245141001,0,SCUC
2024-09-02 20:00:00,L114,68,69,0.00290097366153225,0.6023544,0.004816057891387944,0,SCUC
2024-09-02 20:00:00,L115,68,74,0.0012664629861748522,0.5966142,0.002122750323701401,0,SCUC
2024-09-02 20:00:00,L116,68,76,0.00037748571602891356,0.5886359999999999,0.000641288871270044,0,SCUC
2024-09-02 20:00:00,L117,69,70,0.0013381849186420863,0.6271008,0.002133923156599523,0,SCUC
2024-09-02 20:00:00,L118,69,73,-0.0008172553376786985,0.6311808,0.0012948038623460955,0,SCUC
2024-09-02 20:00:00,L119,69,74,-0.001634510675357397,0.6205014,0.002634177256259852,0,SCUC
2024-09-02 20:00:00,L120,70,71,0.0013381849186420863,0.6193751999999999,0.00216054003880376,0,SCUC
2024-09-02 20:00:00,L121,70,72,0.0,0.6160602,0.0,0,SCUC
2024-09-02 20:00:00,L122,73,74,-0.0008172553376786985,0.6280464,0.001301265858189297,0,SCUC
2024-09-02 20:00:00,L123,74,76,-0.0008889772701459362,0.611943,0.0014527125404587293,0,SCUC
2024-09-02 20:00:00,L124,74,117,-0.000296325756715307,0.624951,0.0004741583847618565,0,SCUC
2024-09-02 20:00:00,L125,75,76,-0.0002963257567152849,0.6146256,0.0004821240064118463,0,SCUC
2024-09-02 20:00:00,L126,75,117,0.00029632575671539874,0.6267912,0.0004727663003491414,0,SCUC
2024-09-02 20:00:00,L127,76,77,-9.653704438985887e-05,0.6218766,0.000155235048866381,0,SCUC
2024-09-02 20:00:00,L128,76,79,-0.0002896111331695766,0.6137585999999999,0.0004718648881980255,0,SCUC
2024-09-02 20:00:00,L129,76,79,-0.0002896111331695766,0.6137585999999999,0.0004718648881980255,0,SCUC
2024-09-02 20:00:00,L130,76,81,-0.00013205800010329539,0.5909196000000001,0.00022347879492116247,0,SCUC
2024-09-02 20:00:00,L131,77,78,-9.653704438985887e-05,0.6422124,0.00015031949615089784,0,SCUC
2024-09-02 20:00:00,L132,78,79,-9.653704438985887e-05,0.6388734,0.0001511051240979181,0,SCUC
2024-09-02 20:00:00,L133,79,95,6.0418939358987076e-05,0.6160722,9.80711990558689e-05,0,SCUC
2024-09-02 20:00:00,L134,79,96,3.0209469679493538e-05,0.6365532,4.7457886755566596e-05,0,SCUC
2024-09-02 20:00:00,L135,79,97,2.0714795532422725e-05,0.6274854000000001,3.301239444363601e-05,0,SCUC
2024-09-02 20:00:00,L136,79,98,2.071479553239497e-05,0.6225510000000001,3.3274053904651935e-05,0,SCUC
2024-09-02 20:00:00,L137,80,67,-0.0008078173108323752,0.42381839999999993,0.0019060458697224456,0,SCUC
2024-09-02 20:00:00,L138,80,79,0.0008078173108323752,0.5223287999999999,0.0015465685806189038,0,SCUC
2024-09-02 20:00:00,L139,81,82,-3.4923806396001234e-05,0.5397948,6.469830090249337e-05,0,SCUC
2024-09-02 20:00:00,L140,81,95,-9.713419370729415e-05,0.5898252,0.0001646830174555006,0,SCUC
2024-09-02 20:00:00,L141,82,83,-1.1641268798656679e-05,0.5027316,2.3156031565663826e-05,0,SCUC
2024-09-02 20:00:00,L142,82,84,-2.3282537597335313e-05,0.49419240000000003,4.711229391090456e-05,0,SCUC
2024-09-02 20:00:00,L143,83,84,-1.1641268798667656e-05,0.4806342,2.4220641807569366e-05,0,SCUC
2024-09-02 20:00:00,L144,84,85,0.0,0.46359120000000004,0.0,0,SCUC
2024-09-02 20:00:00,L145,84,87,-1.1641268798667079e-05,0.4543062,2.562427895253703e-05,0,SCUC
2024-09-02 20:00:00,L146,84,88,-2.3282537597334157e-05,0.45956879999999994,5.06617020070426e-05,0,SCUC
2024-09-02 20:00:00,L147,86,85,0.0,0.38057519999999995,0.0,0,SCUC
2024-09-02 20:00:00,L148,87,88,-1.1641268798667079e-05,0.44926320000000003,2.5911912657584858e-05,0,SCUC
2024-09-02 20:00:00,L149,88,89,-2.910317199665891e-06,0.42255119999999996,6.887490083251192e-06,0,SCUC
2024-09-02 20:00:00,L150,88,89,-2.910317199665891e-06,0.42255119999999996,6.887490083251192e-06,0,SCUC
2024-09-02 20:00:00,L151,88,91,-1.4551585998334726e-05,0.4849656,3.0005398317601756e-05,0,SCUC
2024-09-02 20:00:00,L152,88,91,-1.4551585998334726e-05,0.4849656,3.0005398317601756e-05,0,SCUC
2024-09-02 20:00:00,L153,89,90,-5.820634399331782e-06,0.44705160000000005,1.3020050480373588e-05,0,SCUC
2024-09-02 20:00:00,L154,90,91,-5.820634399300584e-06,0.5072904,1.1473969149230072e-05,0,SCUC
2024-09-02 20:00:00,L155,91,92,-2.7154579487209674e-06,0.5540562,4.90105146142389e-06,0,SCUC
2024-09-02 20:00:00,L156,91,93,-5.430915897441935e-06,0.5674632,9.570516462463002e-06,0,SCUC
2024-09-02 20:00:00,L157,91,99,-2.008307441236923e-05,0.5669016,3.542603233501057e-05,0,SCUC
2024-09-02 20:00:00,L158,91,101,-6.694358137456409e-06,0.5543286000000001,1.2076515874260157e-05,0,SCUC
2024-09-02 20:00:00,L159,92,93,-2.7154579487209674e-06,0.5804154,4.678473294679926e-06,0,SCUC
2024-09-02 20:00:00,L160,93,94,2.1685948896002646e-06,0.601707,3.6040712333415843e-06,0,SCUC
2024-09-02 20:00:00,L161,93,95,4.3371897792132685e-06,0.5982966000000001,7.249230196550119e-06,0,SCUC
2024-09-02 20:00:00,L162,93,99,-1.4652158514927294e-05,0.5906616,2.480635022647027e-05,0,SCUC
2024-09-02 20:00:00,L163,94,95,2.1685948896002646e-06,0.6122964,3.5417403884789534e-06,0,SCUC
2024-09-02 20:00:00,L164,95,96,-3.0209469679493538e-05,0.626304,4.823451499510388e-05,0,SCUC
2024-09-02 20:00:00,L165,97,99,2.0714795532422725e-05,0.6063168,3.416497041220485e-05,0,SCUC
2024-09-02 20:00:00,L166,98,99,2.0714795532422725e-05,0.6020994,3.4404278649709214e-05,0,SCUC
2024-09-02 20:00:00,L167,99,100,6.69435813745641e-06,0.5921928000000001,1.1304355840625568e-05,0,SCUC
2024-09-02 20:00:00,L168,99,102,-0.0,0.5853726,0.0,0,SCUC
2024-09-02 20:00:00,L169,99,103,-0.0,0.586263,0.0,0,SCUC
2024-09-02 20:00:00,L170,99,105,-0.0,0.5812326,0.0,0,SCUC
2024-09-02 20:00:00,L171,100,101,6.694358137493417e-06,0.5850582,1.1442208890488874e-05,0,SCUC
2024-09-02 20:00:00,L172,102,103,-0.0,0.5821872,0.0,0,SCUC
2024-09-02 20:00:00,L173,102,104,-0.0,0.5751864,0.0,0,SCUC
2024-09-02 20:00:00,L174,102,109,8.673617379884035e-19,0.5821722,1.4898714469505818e-18,0,SCUC
2024-09-02 20:00:00,L175,103,104,-0.0,0.5772894,0.0,0,SCUC
2024-09-02 20:00:00,L176,104,105,-0.0,0.5711333999999999,0.0,0,SCUC
2024-09-02 20:00:00,L177,104,106,-0.0,0.5660568,0.0,0,SCUC
2024-09-02 20:00:00,L178,104,107,-8.673617379884035e-19,0.5750634,1.5082888912568659e-18,0,SCUC
2024-09-02 20:00:00,L179,105,106,-0.0,0.5672808,0.0,0,SCUC
2024-09-02 20:00:00,L180,107,108,-8.673617379884035e-19,0.5821836,1.4898422731049166e-18,0,SCUC
2024-09-02 20:00:00,L181,108,109,-8.673617379884035e-19,0.5848367999999999,1.4830833798222062e-18,0,SCUC
2024-09-02 20:00:00,L182,109,110,0.0,0.5858034,0.0,0,SCUC
2024-09-02 20:00:00,L183,109,111,0.0,0.58266,0.0,0,SCUC
2024-09-02 20:00:00,L184,113,114,0.00032332457255257463,0.6365297999999999,0.0005079488384559131,0,SCUC
2024-09-02 20:00:00,L185,115,67,0.0,0.4101996,0.0,0,SCUC
2024-09-02 21:00:00,L0,0,1,0.07879414607079349,0.647421,0.1217046497886128,0,SCUC
2024-09-02 21:00:00,L1,0,2,0.07452914042213668,0.6460758,0.11535665075543254,0,SCUC
2024-09-02 21:00:00,L2,1,11,0.05627811657865228,0.645276,0.08721557376789511,0,SCUC
2024-09-02 21:00:00,L3,2,4,0.05489967133013549,0.6378366,0.08607168564822949,0,SCUC
2024-09-02 21:00:00,L4,2,11,0.06054312222730909,0.6426192,0.09421306152587582,0,SCUC
2024-09-02 21:00:00,L5,3,4,-0.008366937438524265,0.6327024,0.013224127865682611,0,SCUC
2024-09-02 21:00:00,L6,3,10,0.008366937438524265,0.635853,0.013158603385569094,0,SCUC
2024-09-02 21:00:00,L7,4,5,0.0018811502990583526,0.6345852000000001,0.0029643778314690484,0,SCUC
2024-09-02 21:00:00,L8,4,10,0.01673387487704853,0.6328799999999999,0.02644083377109173,0,SCUC
2024-09-02 21:00:00,L9,5,6,0.0018811502990583526,0.6417018,0.0029315022944588166,0,SCUC
2024-09-02 21:00:00,L10,6,11,0.0018811502990583526,0.643008,0.0029255472701091626,0,SCUC
2024-09-02 21:00:00,L11,7,4,-0.027917708715504343,0.5139431999999999,0.05432061114050025,0,SCUC
2024-09-02 21:00:00,L12,7,8,0.0,0.5918555999999999,0.0,0,SCUC
2024-09-02 21:00:00,L13,7,29,0.027917708715504336,0.5785434,0.048255167573434135,0,SCUC
2024-09-02 21:00:00,L14,8,9,0.0,0.5922288,0.0,0,SCUC
2024-09-02 21:00:00,L15,10,11,-0.011090423979874676,0.6397740000000001,0.01733490885824475,0,SCUC
2024-09-02 21:00:00,L16,10,12,0.036191236295447474,0.632886,0.0571844475868442,0,SCUC
2024-09-02 21:00:00,L17,11,13,0.05507480503891977,0.6358337999999999,0.08661824055109964,0,SCUC
2024-09-02 21:00:00,L18,11,15,0.0525371600862253,0.6386856000000001,0.08225825051672574,0,SCUC
2024-09-02 21:00:00,L19,11,116,0.0,0.6350538,0.0,0,SCUC
2024-09-02 21:00:00,L20,12,14,0.036191236295447474,0.6184457999999999,0.05851965733367011,0,SCUC
2024-09-02 21:00:00,L21,13,14,0.028398091531849953,0.6209856,0.045730676414799235,0,SCUC
2024-09-02 21:00:00,L22,14,16,0.009940794508002379,0.6145872,0.016174750316964588,0,SCUC
2024-09-02 21:00:00,L23,14,18,0.029590242559702152,0.5993478,0.04937073692387317,0,SCUC
2024-09-02 21:00:00,L24,14,32,0.025058290759592892,0.5908266,0.04241225895989262,0,SCUC
2024-09-02 21:00:00,L25,15,16,0.04087653099254688,0.6282840000000001,0.06506059519667359,0,SCUC
2024-09-02 21:00:00,L26,16,17,0.009824724025849833,0.6109386,0.01608136075515581,0,SCUC
2024-09-02 21:00:00,L27,16,30,0.03002608784202353,0.6214109999999999,0.048319208771688195,0,SCUC
2024-09-02 21:00:00,L28,16,112,0.015028387815914772,0.6140052,0.024475994366032684,0,SCUC
2024-09-02 21:00:00,L29,17,18,0.009824724025849833,0.5943288,0.016530789061290373,0,SCUC
2024-09-02 21:00:00,L30,18,19,0.016396500268118515,0.5964846,0.02748855589585802,0,SCUC
2024-09-02 21:00:00,L31,18,33,-0.0036582471896363456,0.5605788,0.0065258393461121705,0,SCUC
2024-09-02 21:00:00,L32,19,20,0.016396500268118515,0.621615,0.02637725966734798,0,SCUC
2024-09-02 21:00:00,L33,20,21,-0.0102802132389513,0.6311274,0.016288649865227368,0,SCUC
2024-09-02 21:00:00,L34,21,22,-0.0102802132389513,0.629532,0.01632992959682955,0,SCUC
2024-09-02 21:00:00,L35,22,23,-0.006430894293773217,0.6279072,0.010241790974483517,0,SCUC
2024-09-02 21:00:00,L36,22,24,-0.0020240724669734617,0.6191112000000001,0.0032693197392866763,0,SCUC
2024-09-02 21:00:00,L37,22,31,-0.0018252464782046213,0.627315,0.0029096171432288747,0,SCUC
2024-09-02 21:00:00,L38,23,69,-0.0048231707203305815,0.6274236,0.007687263788500436,0,SCUC
2024-09-02 21:00:00,L39,23,71,-0.0016077235734426355,0.6300282,0.0025518279553877676,0,SCUC
2024-09-02 21:00:00,L40,24,26,0.010124197834405952,0.6064686,0.016693688402674024,0,SCUC
2024-09-02 21:00:00,L41,25,24,0.01214827030137941,0.4680138,0.02595707712332288,0,SCUC
2024-09-02 21:00:00,L42,25,29,-0.012148270301379438,0.5693886,0.021335640196132197,0,SCUC
2024-09-02 21:00:00,L43,26,27,-0.003318686545147708,0.6345402,0.00523006508515569,0,SCUC
2024-09-02 21:00:00,L44,26,31,-0.009925371845637115,0.6226266,0.01594113043939516,0,SCUC
2024-09-02 21:00:00,L45,26,114,-0.0033084572818790382,0.6313266,0.0052404845319031996,0,SCUC
2024-09-02 21:00:00,L46,27,28,-0.00331868654514772,0.6429486,0.0051616669592992655,0,SCUC
2024-09-02 21:00:00,L47,28,30,-0.003318686545147708,0.6361902,0.005216500576632126,0,SCUC
2024-09-02 21:00:00,L48,29,16,0.00406187418323873,0.44407440000000004,0.009146832565080828,0,SCUC
2024-09-02 21:00:00,L49,29,37,0.011707564230886203,0.5356938,0.02185495563115758,0,SCUC
2024-09-02 21:00:00,L50,30,31,3.068778980601025e-05,0.623934,4.918435252127669e-05,0,SCUC
2024-09-02 21:00:00,L51,31,112,-0.015028387815914772,0.6181146,0.024313271059953564,0,SCUC
2024-09-02 21:00:00,L52,31,113,0.0033084572818790382,0.6289206,0.005260532540799328,0,SCUC
2024-09-02 21:00:00,L53,32,36,-0.001618422747476922,0.5450081999999999,0.002969538343600926,0,SCUC
2024-09-02 21:00:00,L54,33,35,-0.0008307091193166135,0.5451732,0.0015237526703745037,0,SCUC
2024-09-02 21:00:00,L55,33,36,-0.00249212735794984,0.537024,0.0046406256665434695,0,SCUC
2024-09-02 21:00:00,L56,33,42,-0.0003354107123698919,0.5413205999999999,0.0006196156443517795,0,SCUC
2024-09-02 21:00:00,L57,34,35,0.0008307091193166135,0.5443908,0.001525942612029104,0,SCUC
2024-09-02 21:00:00,L58,34,36,-0.0008307091193166135,0.5283492000000001,0.0015722728818679263,0,SCUC
2024-09-02 21:00:00,L59,36,38,0.0001831589439092729,0.5184371999999999,0.00035329051215706147,0,SCUC
2024-09-02 21:00:00,L60,36,39,0.0003663178878184633,0.5084058,0.000720522637268228,0,SCUC
2024-09-02 21:00:00,L61,37,36,0.005490736056471107,0.39164879999999996,0.014019540099372467,0,SCUC
2024-09-02 21:00:00,L62,37,64,0.006216828174415096,0.48191219999999996,0.012900333659150144,0,SCUC
2024-09-02 21:00:00,L63,38,39,0.00018315894390923164,0.5004966,0.0003659544218866455,0,SCUC
2024-09-02 21:00:00,L64,39,40,0.00018315894390924514,0.48448080000000004,0.00037805201756033495,0,SCUC
2024-09-02 21:00:00,L65,39,41,0.0003663178878184735,0.4687326,0.0007815071702255689,0,SCUC
2024-09-02 21:00:00,L66,40,41,0.00018315894390923674,0.46148340000000004,0.0003968917276531219,0,SCUC
2024-09-02 21:00:00,L67,41,48,0.000274738415863856,0.46616280000000004,0.0005893615189025293,0,SCUC
2024-09-02 21:00:00,L68,41,48,0.000274738415863856,0.46616280000000004,0.0005893615189025293,0,SCUC
2024-09-02 21:00:00,L69,42,43,-0.0003354107123698919,0.524499,0.0006394878014446011,0,SCUC
2024-09-02 21:00:00,L70,43,44,-0.0003354107123698919,0.513189,0.0006535812583081318,0,SCUC
2024-09-02 21:00:00,L71,44,45,0.0001431103169694688,0.510138,0.0002805325558367908,0,SCUC
2024-09-02 21:00:00,L72,44,48,-0.0004785210293393607,0.49358519999999995,0.0009694801005770852,0,SCUC
2024-09-02 21:00:00,L73,45,46,0.00045392599012406,0.5157054,0.0008802040663604842,0,SCUC
2024-09-02 21:00:00,L74,45,47,-0.0003108156731545912,0.4986305999999999,0.0006233385459187448,0,SCUC
2024-09-02 21:00:00,L75,46,48,-0.001075557336432808,0.5033136,0.0021369526601959653,0,SCUC
2024-09-02 21:00:00,L76,46,68,0.001529483326556868,0.5453214,0.0028047374017540266,0,SCUC
2024-09-02 21:00:00,L77,47,48,-0.0003108156731545912,0.48569819999999997,0.0006399358143690696,0,SCUC
2024-09-02 21:00:00,L78,48,49,-0.0002616502031508409,0.488505,0.0005356141762128144,0,SCUC
2024-09-02 21:00:00,L79,48,50,-0.00031126333422233,0.4971305999999999,0.0006261198450112104,0,SCUC
2024-09-02 21:00:00,L80,48,53,-0.0005345224240440727,0.4610909999999999,0.0011592558172770079,0,SCUC
2024-09-02 21:00:00,L81,48,53,-0.0005345224240440727,0.4610909999999999,0.0011592558172770079,0,SCUC
2024-09-02 21:00:00,L82,48,65,-0.001139249742363647,0.4532376,0.002513581711587139,0,SCUC
2024-09-02 21:00:00,L83,48,65,-0.001139249742363647,0.4532376,0.002513581711587139,0,SCUC
2024-09-02 21:00:00,L84,48,68,0.002605040662989666,0.5277546,0.004936083291343488,0,SCUC
2024-09-02 21:00:00,L85,49,56,-0.0002616502031508409,0.493542,0.0005301477952248054,0,SCUC
2024-09-02 21:00:00,L86,50,51,-7.441969660724026e-05,0.5109246,0.00014565690633655193,0,SCUC
2024-09-02 21:00:00,L87,50,57,-0.00023684363761508972,0.5014457999999999,0.000472321510350849,0,SCUC
2024-09-02 21:00:00,L88,51,52,-7.441969660724026e-05,0.5078424,0.00014654092806595166,0,SCUC
2024-09-02 21:00:00,L89,52,53,-7.441969660724026e-05,0.4787352,0.0001554506470534029,0,SCUC
2024-09-02 21:00:00,L90,53,54,-0.0002858661361738212,0.4342572,0.0006582876142843946,0,SCUC
2024-09-02 21:00:00,L91,53,55,-0.00025042818540845863,0.4538832,0.000551745879575315,0,SCUC
2024-09-02 21:00:00,L92,53,58,-0.0006071702231130049,0.436296,0.0013916474666579683,0,SCUC
2024-09-02 21:00:00,L93,54,55,3.543795076536256e-05,0.4503534,7.868920444558109e-05,0,SCUC
2024-09-02 21:00:00,L94,54,58,-0.0003213040869391838,0.4326671999999999,0.0007426125367006878,0,SCUC
2024-09-02 21:00:00,L95,55,56,0.0002616502031508409,0.4803792,0.000544674297202795,0,SCUC
2024-09-02 21:00:00,L96,55,57,0.00023684363761508972,0.4853934,0.0004879416111036733,0,SCUC
2024-09-02 21:00:00,L97,55,58,-0.0003567420377045463,0.4444608,0.0008026400476814745,0,SCUC
2024-09-02 21:00:00,L98,55,58,-0.0003567420377045463,0.4444608,0.0008026400476814745,0,SCUC
2024-09-02 21:00:00,L99,58,59,-0.0002188247904480358,0.43790100000000004,0.0004997129270041306,0,SCUC
2024-09-02 21:00:00,L100,58,60,-0.000462777748099219,0.424272,0.00109075722201611,0,SCUC
2024-09-02 21:00:00,L101,59,60,-0.0002439529576511832,0.4361208,0.0005593701507728666,0,SCUC
2024-09-02 21:00:00,L102,59,61,2.51281672031474e-05,0.44480159999999996,5.6492978449599555e-05,0,SCUC
2024-09-02 21:00:00,L103,60,61,0.0002690811248543154,0.43017239999999995,0.0006255192682150585,0,SCUC
2024-09-02 21:00:00,L104,61,65,0.00019613952803835736,0.4407546,0.0004450084651149582,0,SCUC
2024-09-02 21:00:00,L105,61,66,9.806976401912688e-05,0.4466958,0.00021954485360983222,0,SCUC
2024-09-02 21:00:00,L106,62,58,0.0009603558469140903,0.32950140000000006,0.002914572887745212,0,SCUC
2024-09-02 21:00:00,L107,62,63,-0.0009603558469140903,0.4347258,0.0022091070898347656,0,SCUC
2024-09-02 21:00:00,L108,63,60,0.0009758118306047176,0.30417359999999993,0.003208075357640235,0,SCUC
2024-09-02 21:00:00,L109,63,64,-0.001936167677518808,0.44240399999999996,0.004376469646564697,0,SCUC
2024-09-02 21:00:00,L110,64,65,0.00198429019266981,0.27886679999999997,0.007115548328699616,0,SCUC
2024-09-02 21:00:00,L111,64,67,0.0022963703042266134,0.28202879999999997,0.008142325550534603,0,SCUC
2024-09-02 21:00:00,L112,65,66,-9.806976401912688e-05,0.4431528,0.00022130011142686422,0,SCUC
2024-09-02 21:00:00,L113,67,68,0.0015233010879389956,0.42808139999999995,0.003558437923112277,0,SCUC
2024-09-02 21:00:00,L114,68,69,0.0035164687373263337,0.6023544,0.005837873413602248,0,SCUC
2024-09-02 21:00:00,L115,68,74,0.0015735183663616592,0.5966142,0.0026374135351817964,0,SCUC
2024-09-02 21:00:00,L116,68,76,0.0005678379737975858,0.5886359999999999,0.0009646674240066627,0,SCUC
2024-09-02 21:00:00,L117,69,70,0.0016077235734426355,0.6271008,0.002563740268618116,0,SCUC
2024-09-02 21:00:00,L118,69,73,-0.0009714751854823511,0.6311808,0.0015391393171058929,0,SCUC
2024-09-02 21:00:00,L119,69,74,-0.0019429503709647022,0.6205014,0.003131258641744728,0,SCUC
2024-09-02 21:00:00,L120,70,71,0.0016077235734426355,0.6193751999999999,0.0025957183520467653,0,SCUC
2024-09-02 21:00:00,L121,70,72,0.0,0.6160602,0.0,0,SCUC
2024-09-02 21:00:00,L122,73,74,-0.0009714751854823511,0.6280464,0.0015468207213389824,0,SCUC
2024-09-02 21:00:00,L123,74,76,-0.0010056803925640352,0.611943,0.0016434216790845474,0,SCUC
2024-09-02 21:00:00,L124,74,117,-0.00033522679752134507,0.624951,0.0005364049301806782,0,SCUC
2024-09-02 21:00:00,L125,75,76,-0.00033522679752134507,0.6146256,0.0005454162623902178,0,SCUC
2024-09-02 21:00:00,L126,75,117,0.00033522679752134507,0.6267912,0.0005348300957660942,0,SCUC
2024-09-02 21:00:00,L127,76,77,-9.238452339218607e-05,0.6218766,0.0001485576453466589,0,SCUC
2024-09-02 21:00:00,L128,76,79,-0.0002771535701765582,0.6137585999999999,0.00045156771762800264,0,SCUC
2024-09-02 21:00:00,L129,76,79,-0.0002771535701765582,0.6137585999999999,0.00045156771762800264,0,SCUC
2024-09-02 21:00:00,L130,76,81,-0.0001263775525424385,0.5909196000000001,0.00021386590077979896,0,SCUC
2024-09-02 21:00:00,L131,77,78,-9.238452339218607e-05,0.6422124,0.00014385353411454848,0,SCUC
2024-09-02 21:00:00,L132,78,79,-9.238452339218607e-05,0.6388734,0.0001446053684379191,0,SCUC
2024-09-02 21:00:00,L133,79,95,5.782003117889467e-05,0.6160722,9.385268671252278e-05,0,SCUC
2024-09-02 21:00:00,L134,79,96,2.8910015589447335e-05,0.6365532,4.541649557247899e-05,0,SCUC
2024-09-02 21:00:00,L135,79,97,1.982375288697713e-05,0.6274854000000001,3.1592373124501584e-05,0,SCUC
2024-09-02 21:00:00,L136,79,98,1.982375288697713e-05,0.6225510000000001,3.184277735796285e-05,0,SCUC
2024-09-02 21:00:00,L137,80,67,-0.0007730692162876177,0.42381839999999993,0.001824057700863431,0,SCUC
2024-09-02 21:00:00,L138,80,79,0.0007730692162876177,0.5223287999999999,0.0014800432530000603,0,SCUC
2024-09-02 21:00:00,L139,81,82,-3.342156608721351e-05,0.5397948,6.191531687080629e-05,0,SCUC
2024-09-02 21:00:00,L140,81,95,-9.2955986455225e-05,0.5898252,0.00015759921152101502,0,SCUC
2024-09-02 21:00:00,L141,82,83,-1.114052202924598e-05,0.5027316,2.215997965762642e-05,0,SCUC
2024-09-02 21:00:00,L142,82,84,-2.2281044058122665e-05,0.49419240000000003,4.508576833258193e-05,0,SCUC
2024-09-02 21:00:00,L143,83,84,-1.1140522029031817e-05,0.4806342,2.3178795909720567e-05,0,SCUC
2024-09-02 21:00:00,L144,84,85,0.0,0.46359120000000004,0.0,0,SCUC
2024-09-02 21:00:00,L145,84,87,-1.1140522029051493e-05,0.4543062,2.452205589325326e-05,0,SCUC
2024-09-02 21:00:00,L146,84,88,-2.2281044058102987e-05,0.45956879999999994,4.84824993735497e-05,0,SCUC
2024-09-02 21:00:00,L147,86,85,0.0,0.38057519999999995,0.0,0,SCUC
2024-09-02 21:00:00,L148,87,88,-1.1140522029051493e-05,0.44926320000000003,2.4797317093969622e-05,0,SCUC
2024-09-02 21:00:00,L149,88,89,-2.785130507249045e-06,0.42255119999999996,6.591226121826291e-06,0,SCUC
2024-09-02 21:00:00,L150,88,89,-2.785130507249045e-06,0.42255119999999996,6.591226121826291e-06,0,SCUC
2024-09-02 21:00:00,L151,88,91,-1.3925652536314006e-05,0.4849656,2.8714722314972456e-05,0,SCUC
2024-09-02 21:00:00,L152,88,91,-1.3925652536314006e-05,0.4849656,2.8714722314972456e-05,0,SCUC
2024-09-02 21:00:00,L153,89,90,-5.570261014525603e-06,0.44705160000000005,1.2459995701895714e-05,0,SCUC
2024-09-02 21:00:00,L154,90,91,-5.570261014553601e-06,0.5072904,1.0980418739549577e-05,0,SCUC
2024-09-02 21:00:00,L155,91,92,-2.59865308668715e-06,0.5540562,4.690233746481224e-06,0,SCUC
2024-09-02 21:00:00,L156,91,93,-5.197306173385223e-06,0.5674632,9.158842676292002e-06,0,SCUC
2024-09-02 21:00:00,L157,91,99,-1.921920512031158e-05,0.5669016,3.3902188881300705e-05,0,SCUC
2024-09-02 21:00:00,L158,91,101,-6.4064017067705275e-06,0.5543286000000001,1.1557047041719527e-05,0,SCUC
2024-09-02 21:00:00,L159,92,93,-2.598653086632874e-06,0.5804154,4.477229733451032e-06,0,SCUC
2024-09-02 21:00:00,L160,93,94,2.075313228960999e-06,0.601707,3.4490428546801003e-06,0,SCUC
2024-09-02 21:00:00,L161,93,95,4.150626457921998e-06,0.5982966000000001,6.937406059004844e-06,0,SCUC
2024-09-02 21:00:00,L162,93,99,-1.4021898946946324e-05,0.5906616,2.3739310202231402e-05,0,SCUC
2024-09-02 21:00:00,L163,94,95,2.075313228960999e-06,0.6122964,3.389393158217163e-06,0,SCUC
2024-09-02 21:00:00,L164,95,96,-2.8910015589447335e-05,0.626304,4.61597173089224e-05,0,SCUC
2024-09-02 21:00:00,L165,97,99,1.982375288699101e-05,0.6063168,3.2695371276189295e-05,0,SCUC
2024-09-02 21:00:00,L166,98,99,1.982375288699101e-05,0.6020994,3.2924385719353e-05,0,SCUC
2024-09-02 21:00:00,L167,99,100,6.4064017067932966e-06,0.5921928000000001,1.0818101312264005e-05,0,SCUC
2024-09-02 21:00:00,L168,99,102,-0.0,0.5853726,0.0,0,SCUC
2024-09-02 21:00:00,L169,99,103,-0.0,0.586263,0.0,0,SCUC
2024-09-02 21:00:00,L170,99,105,-0.0,0.5812326,0.0,0,SCUC
2024-09-02 21:00:00,L171,100,101,6.4064017067705275e-06,0.5850582,1.0950024641600662e-05,0,SCUC
2024-09-02 21:00:00,L172,102,103,-0.0,0.5821872,0.0,0,SCUC
2024-09-02 21:00:00,L173,102,104,-0.0,0.5751864,0.0,0,SCUC
2024-09-02 21:00:00,L174,102,109,-0.0,0.5821722,0.0,0,SCUC
2024-09-02 21:00:00,L175,103,104,-0.0,0.5772894,0.0,0,SCUC
2024-09-02 21:00:00,L176,104,105,-0.0,0.5711333999999999,0.0,0,SCUC
2024-09-02 21:00:00,L177,104,106,-0.0,0.5660568,0.0,0,SCUC
2024-09-02 21:00:00,L178,104,107,-0.0,0.5750634,0.0,0,SCUC
2024-09-02 21:00:00,L179,105,106,-0.0,0.5672808,0.0,0,SCUC
2024-09-02 21:00:00,L180,107,108,0.0,0.5821836,0.0,0,SCUC
2024-09-02 21:00:00,L181,108,109,0.0,0.5848367999999999,0.0,0,SCUC
2024-09-02 21:00:00,L182,109,110,0.0,0.5858034,0.0,0,SCUC
2024-09-02 21:00:00,L183,109,111,0.0,0.58266,0.0,0,SCUC
2024-09-02 21:00:00,L184,113,114,0.0033084572818790382,0.6365297999999999,0.005197647120180451,0,SCUC
2024-09-02 21:00:00,L185,115,67,0.0,0.4101996,0.0,0,SCUC
2024-09-02 22:00:00,L0,0,1,-0.01851871288403413,0.647421,0.028603818665187148,0,SCUC
2024-09-02 22:00:00,L1,0,2,0.036578525803922346,0.6460758,0.056616461727745176,0,SCUC
2024-09-02 22:00:00,L2,1,11,0.12070178405078273,0.645276,0.1870545069873709,0,SCUC
2024-09-02 22:00:00,L3,2,4,0.07103379336098431,0.6378366,0.11136675656584195,0,SCUC
2024-09-02 22:00:00,L4,2,11,0.06560454536282626,0.6426192,0.10208930166236281,0,SCUC
2024-09-02 22:00:00,L5,3,4,-0.008820165335004196,0.6327024,0.013940464482202368,0,SCUC
2024-09-02 22:00:00,L6,3,10,0.008879978254892423,0.635853,0.013965457825774862,0,SCUC
2024-09-02 22:00:00,L7,4,5,0.006752807252316615,0.6345852000000001,0.01064129332407471,0,SCUC
2024-09-02 22:00:00,L8,4,10,0.01770014358989662,0.6328799999999999,0.027967614065694323,0,SCUC
2024-09-02 22:00:00,L9,5,6,0.0068126201722048425,0.6417018,0.010616489110993365,0,SCUC
2024-09-02 22:00:00,L10,6,11,-0.01899467542267952,0.643008,0.029540340746428532,0,SCUC
2024-09-02 22:00:00,L11,7,4,-0.037820490103655104,0.5139431999999999,0.07358885204367936,0,SCUC
2024-09-02 22:00:00,L12,7,8,-0.00011962583977645764,0.5918555999999999,0.0002021199761841531,0,SCUC
2024-09-02 22:00:00,L13,7,29,0.03799992886331979,0.5785434,0.06568207132484752,0,SCUC
2024-09-02 22:00:00,L14,8,9,-5.981291988822882e-05,0.5922288,0.00010099630394237636,0,SCUC
2024-09-02 22:00:00,L15,10,11,-0.023129391588054535,0.6397740000000001,0.03615244068695279,0,SCUC
2024-09-02 22:00:00,L16,10,12,0.049769326352731805,0.632886,0.07863869062158399,0,SCUC
2024-09-02 22:00:00,L17,11,13,0.07426757640414539,0.6358337999999999,0.11680344203806937,0,SCUC
2024-09-02 22:00:00,L18,11,15,0.07003431183850597,0.6386856000000001,0.10965381376769097,0,SCUC
2024-09-02 22:00:00,L19,11,116,-5.981291988822919e-05,0.6350538,9.418559480823387e-05,0,SCUC
2024-09-02 22:00:00,L20,12,14,0.04982913927262003,0.6184457999999999,0.08057155416468191,0,SCUC
2024-09-02 22:00:00,L21,13,14,0.04846028080926103,0.6209856,0.07803768848949319,0,SCUC
2024-09-02 22:00:00,L22,14,16,0.01740057938349375,0.6145872,0.028312629002839224,0,SCUC
2024-09-02 22:00:00,L23,14,18,0.024669824893122853,0.5993478,0.0411611169560026,0,SCUC
2024-09-02 22:00:00,L24,14,32,0.030411720210380133,0.5908266,0.051473173703384605,0,SCUC
2024-09-02 22:00:00,L25,15,16,0.0700941247583942,0.6282840000000001,0.11156439565291205,0,SCUC
2024-09-02 22:00:00,L26,16,17,0.003604716294870439,0.6109386,0.005900292263200327,0,SCUC
2024-09-02 22:00:00,L27,16,30,0.041079588715711574,0.6214109999999999,0.06610695452077864,0,SCUC
2024-09-02 22:00:00,L28,16,112,0.02265597332511201,0.6140052,0.03689866686000706,0,SCUC
2024-09-02 22:00:00,L29,17,18,0.0036645292147586663,0.5943288,0.0061658280984510025,0,SCUC
2024-09-02 22:00:00,L30,18,19,0.011537947385139687,0.5964846,0.019343244377373173,0,SCUC
2024-09-02 22:00:00,L31,18,33,0.01685621964263006,0.5605788,0.030069313435738307,0,SCUC
2024-09-02 22:00:00,L32,19,20,0.011597760305027915,0.621615,0.018657465320218967,0,SCUC
2024-09-02 22:00:00,L33,20,21,0.006110049810901779,0.6311274,0.009681167084334762,0,SCUC
2024-09-02 22:00:00,L34,21,22,0.006169862730790008,0.629532,0.009800713435996913,0,SCUC
2024-09-02 22:00:00,L35,22,23,0.008595728119425598,0.6279072,0.01368948806356353,0,SCUC
2024-09-02 22:00:00,L36,22,24,-0.005052946297370667,0.6191112000000001,0.008161613450654207,0,SCUC
2024-09-02 22:00:00,L37,22,31,0.0026868938286233046,0.627315,0.004283165281594263,0,SCUC
2024-09-02 22:00:00,L38,23,69,-0.012848862686705844,0.6274236,0.020478768549200006,0,SCUC
2024-09-02 22:00:00,L39,23,71,-0.004362704788752918,0.6300282,0.006924618277011915,0,SCUC
2024-09-02 22:00:00,L40,24,26,0.010700366315765054,0.6064686,0.017643726840540556,0,SCUC
2024-09-02 22:00:00,L41,25,24,0.015693499693247494,0.4680138,0.03353213023472277,0,SCUC
2024-09-02 22:00:00,L42,25,29,-0.015633686773359273,0.5693886,0.027456971870106414,0,SCUC
2024-09-02 22:00:00,L43,26,27,0.01476736040856959,0.6345402,0.023272537198698505,0,SCUC
2024-09-02 22:00:00,L44,26,31,-0.002960526189771058,0.6226266,0.004754898344804186,0,SCUC
2024-09-02 22:00:00,L45,26,114,-0.0010466549831452485,0.6313266,0.0016578661237230438,0,SCUC
2024-09-02 22:00:00,L46,27,28,-0.011039935186314772,0.6429486,0.017170789681033246,0,SCUC
2024-09-02 22:00:00,L47,28,30,-0.010980122266426544,0.6361902,0.017259181713937977,0,SCUC
2024-09-02 22:00:00,L48,29,16,0.005652869788690385,0.44407440000000004,0.012729555652589711,0,SCUC
2024-09-02 22:00:00,L49,29,37,0.016773185221158365,0.5356938,0.031311143084273824,0,SCUC
2024-09-02 22:00:00,L50,30,31,0.00429217085440067,0.623934,0.006879206541718627,0,SCUC
2024-09-02 22:00:00,L51,31,112,-0.022715786245000237,0.6181146,0.036750120843287375,0,SCUC
2024-09-02 22:00:00,L52,31,113,0.0009270291433687902,0.6289206,0.0014740002845649992,0,SCUC
2024-09-02 22:00:00,L53,32,36,0.004604424615495758,0.5450081999999999,0.008448358420104062,0,SCUC
2024-09-02 22:00:00,L54,33,35,-0.0022297794898472356,0.5451732,0.00409003870668484,0,SCUC
2024-09-02 22:00:00,L55,33,36,-0.006509899709877024,0.537024,0.012122176494676262,0,SCUC
2024-09-02 22:00:00,L56,33,42,-0.00021139675253017964,0.5413205999999999,0.00039052042824562683,0,SCUC
2024-09-02 22:00:00,L57,34,35,0.002169966569959008,0.5443908,0.003986045631114648,0,SCUC
2024-09-02 22:00:00,L58,34,36,-0.0021101536500707807,0.5283492000000001,0.003993861730217024,0,SCUC
2024-09-02 22:00:00,L59,36,38,0.0009235609076796436,0.5184371999999999,0.0017814325586197205,0,SCUC
2024-09-02 22:00:00,L60,36,39,0.0019069347352474097,0.5084058,0.0037508123141935233,0,SCUC
2024-09-02 22:00:00,L61,37,36,0.006786311467491896,0.39164879999999996,0.01732754311386093,0,SCUC
2024-09-02 22:00:00,L62,37,64,0.010046686673554699,0.48191219999999996,0.02084754582588841,0,SCUC
2024-09-02 22:00:00,L63,38,39,0.0009833738275678186,0.5004966,0.0019647962195304,0,SCUC
2024-09-02 22:00:00,L64,39,40,0.0009634361876050823,0.48448080000000004,0.001988595188096375,0,SCUC
2024-09-02 22:00:00,L65,39,41,0.001986685295098382,0.4687326,0.004238419293000705,0,SCUC
2024-09-02 22:00:00,L66,40,41,0.0010232491074933085,0.46148340000000004,0.002217304257300064,0,SCUC
2024-09-02 22:00:00,L67,41,48,0.001534873661239959,0.46616280000000004,0.003292570023262171,0,SCUC
2024-09-02 22:00:00,L68,41,48,0.001534873661239959,0.46616280000000004,0.003292570023262171,0,SCUC
2024-09-02 22:00:00,L69,42,43,-0.0001515838326417579,0.524499,0.0002890069049545526,0,SCUC
2024-09-02 22:00:00,L70,43,44,-9.177091275353044e-05,0.513189,0.00017882478531989275,0,SCUC
2024-09-02 22:00:00,L71,44,45,0.0005946965275004661,0.510138,0.0011657561826416893,0,SCUC
2024-09-02 22:00:00,L72,44,48,-0.0006266545203658103,0.49358519999999995,0.001269597468412364,0,SCUC
2024-09-02 22:00:00,L73,45,46,0.0012950914312659656,0.5157054,0.0025113008924590777,0,SCUC
2024-09-02 22:00:00,L74,45,47,-0.0006405819838772721,0.4986305999999999,0.0012846824560652156,0,SCUC
2024-09-02 22:00:00,L75,46,48,-0.002516442479132186,0.5033136,0.004999750611015053,0,SCUC
2024-09-02 22:00:00,L76,46,68,0.003871346830286379,0.5453214,0.007099202104091971,0,SCUC
2024-09-02 22:00:00,L77,47,48,-0.0005807690639890446,0.48569819999999997,0.0011957406142107272,0,SCUC
2024-09-02 22:00:00,L78,48,49,-0.0005443367562033847,0.488505,0.0011142910639673795,0,SCUC
2024-09-02 22:00:00,L79,48,50,-0.0006594334254387081,0.4971305999999999,0.0013264792499973008,0,SCUC
2024-09-02 22:00:00,L80,48,53,-0.000997929677332981,0.4610909999999999,0.0021642792362743606,0,SCUC
2024-09-02 22:00:00,L81,48,53,-0.000997929677332981,0.4610909999999999,0.0021642792362743606,0,SCUC
2024-09-02 22:00:00,L82,48,65,-0.0018912327971148603,0.4532376,0.004172718232368321,0,SCUC
2024-09-02 22:00:00,L83,48,65,-0.0018912327971148603,0.4532376,0.004172718232368321,0,SCUC
2024-09-02 22:00:00,L84,48,68,0.006387789309418673,0.5277546,0.012103711288198479,0,SCUC
2024-09-02 22:00:00,L85,49,56,-0.00048452383631515726,0.493542,0.0009817276671796064,0,SCUC
2024-09-02 22:00:00,L86,50,51,-0.00017264500385298507,0.5109246,0.00033790700986600583,0,SCUC
2024-09-02 22:00:00,L87,50,57,-0.0004269755016974956,0.5014457999999999,0.0008514888382702491,0,SCUC
2024-09-02 22:00:00,L88,51,52,-0.00011283208396475761,0.5078424,0.00022217932958090464,0,SCUC
2024-09-02 22:00:00,L89,52,53,-5.301916407653016e-05,0.4787352,0.00011074841389672236,0,SCUC
2024-09-02 22:00:00,L90,53,54,-0.0005122196296855883,0.4342572,0.0011795305401628075,0,SCUC
2024-09-02 22:00:00,L91,53,55,-0.0004556418316124909,0.4538832,0.001003874634735304,0,SCUC
2024-09-02 22:00:00,L92,53,58,-0.0010212041375561856,0.436296,0.0023406222783527364,0,SCUC
2024-09-02 22:00:00,L93,54,55,5.6577798073097446e-05,0.4503534,0.00012562977890940192,0,SCUC
2024-09-02 22:00:00,L94,54,58,-0.0005089845078704583,0.4326671999999999,0.0011763880133979613,0,SCUC
2024-09-02 22:00:00,L95,55,56,0.00042471091642692975,0.4803792,0.0008841159576162534,0,SCUC
2024-09-02 22:00:00,L96,55,57,0.00036716258180926817,0.4853934,0.000756422690974513,0,SCUC
2024-09-02 22:00:00,L97,55,58,-0.0005655623059437269,0.4444608,0.001272468361537681,0,SCUC
2024-09-02 22:00:00,L98,55,58,-0.0005655623059436371,0.4444608,0.001272468361537479,0,SCUC
2024-09-02 22:00:00,L99,58,59,-0.00035869829343425895,0.43790100000000004,0.0008191310214734813,0,SCUC
2024-09-02 22:00:00,L100,58,60,-0.0007334268255212773,0.424272,0.0017286712899302272,0,SCUC
2024-09-02 22:00:00,L101,59,60,-0.0003747285320870201,0.4361208,0.0008592310481110283,0,SCUC
2024-09-02 22:00:00,L102,59,61,7.584315854098869e-05,0.44480159999999996,0.00017051008481306878,0,SCUC
2024-09-02 22:00:00,L103,60,61,0.0004505716906280088,0.43017239999999995,0.0010474211981708005,0,SCUC
2024-09-02 22:00:00,L104,61,65,0.0004107561526675591,0.4407546,0.000931938436190023,0,SCUC
2024-09-02 22:00:00,L105,61,66,0.00017547161638966583,0.4466958,0.0003928212810365932,0,SCUC
2024-09-02 22:00:00,L106,62,58,0.001509375218470269,0.32950140000000006,0.004580785448772809,0,SCUC
2024-09-02 22:00:00,L107,62,63,-0.0014495622985820403,0.4347258,0.003334428963227028,0,SCUC
2024-09-02 22:00:00,L108,63,60,0.001498914128348077,0.30417359999999993,0.004927824532924873,0,SCUC
2024-09-02 22:00:00,L109,63,64,-0.0028886635070418886,0.44240399999999996,0.006529469686173473,0,SCUC
2024-09-02 22:00:00,L110,64,65,0.0030766119853960407,0.27886679999999997,0.011032550254802799,0,SCUC
2024-09-02 22:00:00,L111,64,67,0.004141224101004941,0.28202879999999997,0.014683692236413238,0,SCUC
2024-09-02 22:00:00,L112,65,66,-0.0002352845362778933,0.4431528,0.0005309332047047729,0,SCUC
2024-09-02 22:00:00,L113,67,68,0.003024566675833265,0.42808139999999995,0.00706540082291187,0,SCUC
2024-09-02 22:00:00,L114,68,69,0.008999882730822164,0.6023544,0.014941175379182362,0,SCUC
2024-09-02 22:00:00,L115,68,74,0.0037048649940624482,0.5966142,0.006209816987363774,0,SCUC
2024-09-02 22:00:00,L116,68,76,0.0006387680105445241,0.5886359999999999,0.0010851664025722588,0,SCUC
2024-09-02 22:00:00,L117,69,70,0.004183266029088236,0.6271008,0.006670803209130391,0,SCUC
2024-09-02 22:00:00,L118,69,73,-0.0026774153283239716,0.6311808,0.004241915039754016,0,SCUC
2024-09-02 22:00:00,L119,69,74,-0.005295017736759716,0.6205014,0.008533450104640725,0,SCUC
2024-09-02 22:00:00,L120,70,71,0.004302891868864691,0.6193751999999999,0.006947149109077489,0,SCUC
2024-09-02 22:00:00,L121,70,72,-5.9812919888226094e-05,0.6160602,9.708940763942566e-05,0,SCUC
2024-09-02 22:00:00,L122,73,74,-0.002617602408435744,0.6280464,0.004167848758365216,0,SCUC
2024-09-02 22:00:00,L123,74,76,-0.0030660969835178964,0.611943,0.005010429048976615,0,SCUC
2024-09-02 22:00:00,L124,74,117,-0.0010818452477268882,0.624951,0.0017310881136711328,0,SCUC
2024-09-02 22:00:00,L125,75,76,-0.0009622194079501453,0.6146256,0.0015655374718367495,0,SCUC
2024-09-02 22:00:00,L126,75,117,0.0010220323278408716,0.6267912,0.0016305786166762896,0,SCUC
2024-09-02 22:00:00,L127,76,77,-0.0004032217576586828,0.6218766,0.0006483951280023767,0,SCUC
2024-09-02 22:00:00,L128,76,79,-0.0010302265133113608,0.6137585999999999,0.0016785532835081431,0,SCUC
2024-09-02 22:00:00,L129,76,79,-0.0010302265133113608,0.6137585999999999,0.0016785532835081431,0,SCUC
2024-09-02 22:00:00,L130,76,81,-0.0008660606767538843,0.5909196000000001,0.0014656150798753064,0,SCUC
2024-09-02 22:00:00,L131,77,78,-0.0003434088377704536,0.6422124,0.000534727821777427,0,SCUC
2024-09-02 22:00:00,L132,78,79,-0.0002835959178822244,0.6388734,0.00044390002445277016,0,SCUC
2024-09-02 22:00:00,L133,79,95,-0.00017417783579259737,0.6160722,0.0002827230895868981,0,SCUC
2024-09-02 22:00:00,L134,79,96,-0.00011699537784041328,0.6365532,0.00018379512952006725,0,SCUC
2024-09-02 22:00:00,L135,79,97,-0.00034848331307406506,0.6274854000000001,0.0005553648149806594,0,SCUC
2024-09-02 22:00:00,L136,79,98,-0.0003484833130740772,0.6225510000000001,0.0005597666907194385,0,SCUC
2024-09-02 22:00:00,L137,80,67,-0.001236283264948135,0.42381839999999993,0.0029170117789792402,0,SCUC
2024-09-02 22:00:00,L138,80,79,0.0012960961848363637,0.5223287999999999,0.0024813798987081775,0,SCUC
2024-09-02 22:00:00,L139,81,82,-0.00046790408451552137,0.5397948,0.0008668184364049475,0,SCUC
2024-09-02 22:00:00,L140,81,95,-0.0003383436723501337,0.5898252,0.0005736338026081857,0,SCUC
2024-09-02 22:00:00,L141,82,83,-0.00015596802817186006,0.5027316,0.0003102411469099219,0,SCUC
2024-09-02 22:00:00,L142,82,84,-0.0002521231364554523,0.49419240000000003,0.0005101720229923654,0,SCUC
2024-09-02 22:00:00,L143,83,84,-9.615510828361155e-05,0.4806342,0.00020005881454880146,0,SCUC
2024-09-02 22:00:00,L144,84,85,-0.00011962583977645838,0.46359120000000004,0.0002580416534577412,0,SCUC
2024-09-02 22:00:00,L145,84,87,-7.621746832086877e-05,0.4543062,0.00016776673600507494,0,SCUC
2024-09-02 22:00:00,L146,84,88,-9.262201675350837e-05,0.45956879999999994,0.00020154113323948096,0,SCUC
2024-09-02 22:00:00,L147,86,85,5.981291988822882e-05,0.38057519999999995,0.0001571645233011211,0,SCUC
2024-09-02 22:00:00,L148,87,88,-1.6404548432639588e-05,0.44926320000000003,3.6514338215637486e-05,0,SCUC
2024-09-02 22:00:00,L149,88,89,-3.4007597052299054e-05,0.42255119999999996,8.048160093332845e-05,0,SCUC
2024-09-02 22:00:00,L150,88,89,-3.4007597052299054e-05,0.42255119999999996,8.048160093332845e-05,0,SCUC
2024-09-02 22:00:00,L151,88,91,9.4007744033154e-06,0.4849656,1.9384414901418577e-05,0,SCUC
2024-09-02 22:00:00,L152,88,91,9.4007744033154e-06,0.4849656,1.9384414901418577e-05,0,SCUC
2024-09-02 22:00:00,L153,89,90,-8.202274216319679e-06,0.44705160000000005,1.8347488782770662e-05,0,SCUC
2024-09-02 22:00:00,L154,90,91,5.161064567194007e-05,0.5072904,0.00010173787178298676,0,SCUC
2024-09-02 22:00:00,L155,91,92,4.2551073453772625e-05,0.5540562,7.679920097234293e-05,0,SCUC
2024-09-02 22:00:00,L156,91,93,0.00014491506679575883,0.5674632,0.0002553735057987176,0,SCUC
2024-09-02 22:00:00,L157,91,99,1.928920503713183e-06,0.5669016,3.402566695372147e-06,0,SCUC
2024-09-02 22:00:00,L158,91,101,-5.9169946386994354e-05,0.5543286000000001,0.00010674164455341894,0,SCUC
2024-09-02 22:00:00,L159,92,93,0.00010236399334195845,0.5804154,0.0001763633310590285,0,SCUC
2024-09-02 22:00:00,L160,93,94,0.00013008840214349775,0.601707,0.00021619891765177693,0,SCUC
2024-09-02 22:00:00,L161,93,95,0.0003199897241752403,0.5982966000000001,0.000534834602394933,0,SCUC
2024-09-02 22:00:00,L162,93,99,-0.00014298614629204565,0.5906616,0.00024207794495536132,0,SCUC
2024-09-02 22:00:00,L163,94,95,0.00018990132203172694,0.6122964,0.00031014606983109313,0,SCUC
2024-09-02 22:00:00,L164,95,96,5.71824579521841e-05,0.626304,9.13014413961656e-05,0,SCUC
2024-09-02 22:00:00,L165,97,99,-0.00028867039318583587,0.6063168,0.0004761048896976562,0,SCUC
2024-09-02 22:00:00,L166,98,99,-0.00028867039318583587,0.6020994,0.0004794397622482864,0,SCUC
2024-09-02 22:00:00,L167,99,100,-6.045589338948831e-05,0.5921928000000001,0.00010208819389477262,0,SCUC
2024-09-02 22:00:00,L168,99,102,-0.00022770159847105182,0.5853726,0.0003889857476606384,0,SCUC
2024-09-02 22:00:00,L169,99,103,-0.00018108877124781115,0.586263,0.000308886576925051,0,SCUC
2024-09-02 22:00:00,L170,99,105,-0.00018933882916342897,0.5812326,0.0003257539738194812,0,SCUC
2024-09-02 22:00:00,L171,100,101,-6.429735012192239e-07,0.5850582,1.0989906666024405e-06,0,SCUC
2024-09-02 22:00:00,L172,102,103,4.6612827223240774e-05,0.5821872,8.006501555383006e-05,0,SCUC
2024-09-02 22:00:00,L173,102,104,-2.805019691310063e-05,0.5751864,4.876714211793017e-05,0,SCUC
2024-09-02 22:00:00,L174,102,109,-0.00018645130889296272,0.5821722,0.00032026831389915685,0,SCUC
2024-09-02 22:00:00,L175,103,104,-7.466302413634124e-05,0.5772894,0.00012933378672177464,0,SCUC
2024-09-02 22:00:00,L176,104,105,6.641296622072345e-05,0.5711333999999999,0.00011628275674426231,0,SCUC
2024-09-02 22:00:00,L177,104,106,3.3000231662471313e-06,0.5660568,5.829844577871216e-06,0,SCUC
2024-09-02 22:00:00,L178,104,107,-0.00011261329054818322,0.5750634,0.00019582760883092755,0,SCUC
2024-09-02 22:00:00,L179,105,106,-6.311294305447632e-05,0.5672808,0.00011125520739372163,0,SCUC
2024-09-02 22:00:00,L180,107,108,-5.280037065995403e-05,0.5821836,9.069367577505452e-05,0,SCUC
2024-09-02 22:00:00,L181,108,109,7.0125492282751574e-06,0.5848367999999999,1.1990608710455905e-05,0,SCUC
2024-09-02 22:00:00,L182,109,110,-5.981291988822882e-05,0.5858034,0.00010210408455845224,0,SCUC
2024-09-02 22:00:00,L183,109,111,-5.981291988821358e-05,0.58266,0.00010265492721006004,0,SCUC
2024-09-02 22:00:00,L184,113,114,0.0009868420632569985,0.6365297999999999,0.001550346995941115,0,SCUC
2024-09-02 22:00:00,L185,115,67,5.981291988821358e-05,0.4101996,0.00014581418384662875,0,SCUC
2024-09-02 23:00:00,L0,0,1,0.08043407428398967,0.647421,0.12423766650137959,0,SCUC
2024-09-02 23:00:00,L1,0,2,0.07654578996857885,0.6460758,0.11847803302426564,0,SCUC
2024-09-02 23:00:00,L2,1,11,0.06157462255148681,0.645276,0.09542369862118971,0,SCUC
2024-09-02 23:00:00,L3,2,4,0.07269610229536441,0.6378366,0.11397292393594914,0,SCUC
2024-09-02 23:00:00,L4,2,11,0.06546290686689764,0.6426192,0.10186889353274481,0,SCUC
2024-09-02 23:00:00,L5,3,4,-0.01810359062845319,0.6327024,0.028613121474571918,0,SCUC
2024-09-02 23:00:00,L6,3,10,-0.004916545118978294,0.635853,0.007732204014101206,0,SCUC
2024-09-02 23:00:00,L7,4,5,0.020609070604609057,0.6345852000000001,0.032476443832300306,0,SCUC
2024-09-02 23:00:00,L8,4,10,0.013187045509474898,0.6328799999999999,0.020836565398614112,0,SCUC
2024-09-02 23:00:00,L9,5,6,-0.002411065142822428,0.6417018,0.003757298394398189,0,SCUC
2024-09-02 23:00:00,L10,6,11,-0.025431200890253913,0.643008,0.03955036467703965,0,SCUC
2024-09-02 23:00:00,L11,7,4,-0.021902322002450493,0.5139431999999999,0.04261623074777621,0,SCUC
2024-09-02 23:00:00,L12,7,8,-0.002211852899246427,0.5918555999999999,0.0037371495669660426,0,SCUC
2024-09-02 23:00:00,L13,7,29,0.0010940391542654249,0.5785434,0.0018910234811518457,0,SCUC
2024-09-02 23:00:00,L14,8,9,-0.0011059264496232136,0.5922288,0.0018673972789287072,0,SCUC
2024-09-02 23:00:00,L15,10,11,-0.02042024093794194,0.6397740000000001,0.03191789747307946,0,SCUC
2024-09-02 23:00:00,L16,10,12,0.02979666777806176,0.632886,0.047080623963971016,0,SCUC
2024-09-02 23:00:00,L17,11,13,0.027943757148505444,0.6358337999999999,0.043948209655582084,0,SCUC
2024-09-02 23:00:00,L18,11,15,0.031328121143874864,0.6386856000000001,0.049050927629924426,0,SCUC
2024-09-02 23:00:00,L19,11,116,-0.0011059264496232138,0.6350538,0.0017414689111744765,0,SCUC
2024-09-02 23:00:00,L20,12,14,0.006776532030630273,0.6184457999999999,0.010957357994233727,0,SCUC
2024-09-02 23:00:00,L21,13,14,0.029049683598128657,0.6209856,0.04677996333269025,0,SCUC
2024-09-02 23:00:00,L22,14,16,0.006768727990738892,0.6145872,0.011013454218927587,0,SCUC
2024-09-02 23:00:00,L23,14,18,0.013340082358557699,0.5993478,0.02225766467910235,0,SCUC
2024-09-02 23:00:00,L24,14,32,0.016823331729085553,0.5908266,0.02847422869770175,0,SCUC
2024-09-02 23:00:00,L25,15,16,0.03243404759349808,0.6282840000000001,0.05162322706530498,0,SCUC
2024-09-02 23:00:00,L26,16,17,0.014795745057625138,0.6109386,0.024218055722171,0,SCUC
2024-09-02 23:00:00,L27,16,30,0.018190360745961663,0.6214109999999999,0.029272672588611506,0,SCUC
2024-09-02 23:00:00,L28,16,112,0.01033579923826752,0.6140052,0.016833406684939344,0,SCUC
2024-09-02 23:00:00,L29,17,18,-0.008224390689806347,0.5943288,0.013838115685806153,0,SCUC
2024-09-02 23:00:00,L30,18,19,0.0008860365008102888,0.5964846,0.0014854306394671193,0,SCUC
2024-09-02 23:00:00,L31,18,33,0.0053355816175642765,0.5605788,0.009517986797867268,0,SCUC
2024-09-02 23:00:00,L32,19,20,0.0019919629504335096,0.621615,0.003204496272505505,0,SCUC
2024-09-02 23:00:00,L33,20,21,0.0030978894000567234,0.6311274,0.004908500882795967,0,SCUC
2024-09-02 23:00:00,L34,21,22,0.004203815849679937,0.629532,0.006677684136278914,0,SCUC
2024-09-02 23:00:00,L35,22,23,-0.021623024477662525,0.6279072,0.034436656368429165,0,SCUC
2024-09-02 23:00:00,L36,22,24,-0.002219761277447996,0.6191112000000001,0.00358539996925915,0,SCUC
2024-09-02 23:00:00,L37,22,31,0.0050264658573589745,0.627315,0.008012666455224209,0,SCUC
2024-09-02 23:00:00,L38,23,69,-0.024239170715436815,0.6274236,0.038632864169337616,0,SCUC
2024-09-02 23:00:00,L39,23,71,-0.009554292171309889,0.6300282,0.015164864320850858,0,SCUC
2024-09-02 23:00:00,L40,24,26,0.005852086955535518,0.6064686,0.009649447565027305,0,SCUC
2024-09-02 23:00:00,L41,25,24,0.006965921783360293,0.4680138,0.014884009367587651,0,SCUC
2024-09-02 23:00:00,L42,25,29,-0.0058599953337370725,0.5693886,0.010291732805569118,0,SCUC
2024-09-02 23:00:00,L43,26,27,0.006205086282419985,0.6345402,0.009778870247180533,0,SCUC
2024-09-02 23:00:00,L44,26,31,0.0013941401792714816,0.6226266,0.002239127238173701,0,SCUC
2024-09-02 23:00:00,L45,26,114,-0.0006412130565327202,0.6313266,0.0010156598130551132,0,SCUC
2024-09-02 23:00:00,L46,27,28,0.007311012732043182,0.6429486,0.011371068748019953,0,SCUC
2024-09-02 23:00:00,L47,28,30,-0.015709123015388286,0.6361902,0.02469249450146872,0,SCUC
2024-09-02 23:00:00,L48,29,16,0.0030132030079941564,0.44407440000000004,0.006785356255605268,0,SCUC
2024-09-02 23:00:00,L49,29,37,-0.006673232737842588,0.5356938,0.012457177473106068,0,SCUC
2024-09-02 23:00:00,L50,30,31,0.003587164180196589,0.623934,0.005749268640908476,0,SCUC
2024-09-02 23:00:00,L51,31,112,-0.011441725687890734,0.6181146,0.018510686671841654,0,SCUC
2024-09-02 23:00:00,L52,31,113,-0.0015706398427137083,0.6289206,0.0024973579219915967,0,SCUC
2024-09-02 23:00:00,L53,32,36,-0.006196804018345933,0.5450081999999999,0.011370111529231914,0,SCUC
2024-09-02 23:00:00,L54,33,35,0.004253048860934281,0.5451732,0.007801280145345151,0,SCUC
2024-09-02 23:00:00,L55,33,36,-0.008049136265382215,0.537024,0.014988410695578252,0,SCUC
2024-09-02 23:00:00,L56,33,42,-0.01388846672541904,0.5413205999999999,0.02565663809102968,0,SCUC
2024-09-02 23:00:00,L57,34,35,-0.005358975310557495,0.5443908,0.009843985810483012,0,SCUC
2024-09-02 23:00:00,L58,34,36,-0.01766116043687399,0.5283492000000001,0.03342706005209053,0,SCUC
2024-09-02 23:00:00,L59,36,38,-0.007689177545047249,0.5184371999999999,0.014831454118352714,0,SCUC
2024-09-02 23:00:00,L60,36,39,-0.014272428640471265,0.5084058,0.028072906800967384,0,SCUC
2024-09-02 23:00:00,L61,37,36,0.00883956808546087,0.39164879999999996,0.02257013958796981,0,SCUC
2024-09-02 23:00:00,L62,37,64,-0.014406874373680245,0.48191219999999996,0.029895226503251517,0,SCUC
2024-09-02 23:00:00,L63,38,39,-0.0065832510954240255,0.5004966,0.013153438196031753,0,SCUC
2024-09-02 23:00:00,L64,39,40,-0.0069518932452983795,0.48448080000000004,0.014349161505055266,0,SCUC
2024-09-02 23:00:00,L65,39,41,-0.012797860040973538,0.4687326,0.027303114912369097,0,SCUC
2024-09-02 23:00:00,L66,40,41,-0.005845966795675162,0.46148340000000004,0.012667772655907367,0,SCUC
2024-09-02 23:00:00,L67,41,48,-0.008768950193512743,0.46616280000000004,0.018810917974391654,0,SCUC
2024-09-02 23:00:00,L68,41,48,-0.008768950193512743,0.46616280000000004,0.018810917974391654,0,SCUC
2024-09-02 23:00:00,L69,42,43,-0.012782540275795826,0.524499,0.024370952615344974,0,SCUC
2024-09-02 23:00:00,L70,43,44,-0.011676613826172612,0.513189,0.022753047758569674,0,SCUC
2024-09-02 23:00:00,L71,44,45,-0.005029933063597114,0.510138,0.009859945864838758,0,SCUC
2024-09-02 23:00:00,L72,44,48,-0.005540754312952283,0.49358519999999995,0.011225527655513746,0,SCUC
2024-09-02 23:00:00,L73,45,46,-0.0031156327644847083,0.5157054,0.006041497266626854,0,SCUC
2024-09-02 23:00:00,L74,45,47,-0.0008083738494891915,0.4986305999999999,0.001621187808147337,0,SCUC
2024-09-02 23:00:00,L75,46,48,0.00260481151512954,0.5033136,0.005175325115652627,0,SCUC
2024-09-02 23:00:00,L76,46,68,-0.0046145178299910345,0.5453214,0.008462014932828667,0,SCUC
2024-09-02 23:00:00,L77,47,48,0.0002975526001340223,0.48569819999999997,0.0006126285832107723,0,SCUC
2024-09-02 23:00:00,L78,48,49,-0.0022396771280698956,0.488505,0.004584757838855069,0,SCUC
2024-09-02 23:00:00,L79,48,50,-0.0028840437337690245,0.4971305999999999,0.005801380429547135,0,SCUC
2024-09-02 23:00:00,L80,48,53,-0.0024659141105454626,0.4610909999999999,0.00534799879100972,0,SCUC
2024-09-02 23:00:00,L81,48,53,-0.0024659141105454626,0.4610909999999999,0.00534799879100972,0,SCUC
2024-09-02 23:00:00,L82,48,65,-0.00089774285352029,0.4532376,0.0019807334023485474,0,SCUC
2024-09-02 23:00:00,L83,48,65,-0.00089774285352029,0.4532376,0.0019807334023485474,0,SCUC
2024-09-02 23:00:00,L84,48,68,-0.007219329345120576,0.5277546,0.013679330024069097,0,SCUC
2024-09-02 23:00:00,L85,49,56,-0.0011337506784466816,0.493542,0.0022971716256097387,0,SCUC
2024-09-02 23:00:00,L86,50,51,-0.0009665499085486917,0.5109246,0.0018917662382055822,0,SCUC
2024-09-02 23:00:00,L87,50,57,-0.0008115673755970942,0.5014457999999999,0.0016184548272158113,0,SCUC
2024-09-02 23:00:00,L88,51,52,0.0001393765410745212,0.5078424,0.0002744484136703064,0,SCUC
2024-09-02 23:00:00,L89,52,53,0.001245302990697735,0.4787352,0.002601235486126224,0,SCUC
2024-09-02 23:00:00,L90,53,54,-0.0009216313075982971,0.4342572,0.002122316699868873,0,SCUC
2024-09-02 23:00:00,L91,53,55,-0.0009353379247945826,0.4538832,0.002060745858834569,0,SCUC
2024-09-02 23:00:00,L92,53,58,-0.000723629548377095,0.436296,0.0016585747941239319,0,SCUC
2024-09-02 23:00:00,L93,54,55,-1.3706617196285447e-05,0.4503534,3.0435247510700367e-05,0,SCUC
2024-09-02 23:00:00,L94,54,58,0.00019800175922120213,0.4326671999999999,0.0004576306205351415,0,SCUC
2024-09-02 23:00:00,L95,55,56,2.782422882346792e-05,0.4803792,5.7921385487689556e-05,0,SCUC
2024-09-02 23:00:00,L96,55,57,-0.000294359074026097,0.4853934,0.0006064340265568032,0,SCUC
2024-09-02 23:00:00,L97,55,58,0.00021170837641748758,0.4444608,0.0004763263181308399,0,SCUC
2024-09-02 23:00:00,L98,55,58,0.00021170837641748758,0.4444608,0.0004763263181308399,0,SCUC
2024-09-02 23:00:00,L99,58,59,-8.801454245480479e-05,0.43790100000000004,0.00020099187363080875,0,SCUC
2024-09-02 23:00:00,L100,58,60,0.0002790650859315591,0.424272,0.0006577504193808669,0,SCUC
2024-09-02 23:00:00,L101,59,60,0.00036707962838636245,0.4361208,0.0008416925502896502,0,SCUC
2024-09-02 23:00:00,L102,59,61,0.0006508322787820466,0.44480159999999996,0.001463196802309269,0,SCUC
2024-09-02 23:00:00,L103,60,61,0.0002837526503956839,0.43017239999999995,0.0006596254208677356,0,SCUC
2024-09-02 23:00:00,L104,61,65,0.001728983069075034,0.4407546,0.00392277940848498,0,SCUC
2024-09-02 23:00:00,L105,61,66,0.00031152830972591,0.4466958,0.0006974059521623217,0,SCUC
2024-09-02 23:00:00,L106,62,58,-0.0008126648698255409,0.32950140000000006,0.002466347244125642,0,SCUC
2024-09-02 23:00:00,L107,62,63,0.0019185913194487544,0.4347258,0.004413336681302915,0,SCUC
2024-09-02 23:00:00,L108,63,60,-0.0014683185135454509,0.30417359999999993,0.004827238503096427,0,SCUC
2024-09-02 23:00:00,L109,63,64,0.004492836282617419,0.44240399999999996,0.010155505561923987,0,SCUC
2024-09-02 23:00:00,L110,64,65,-0.0024568785710067918,0.27886679999999997,0.008810222554304751,0,SCUC
2024-09-02 23:00:00,L111,64,67,-0.006351233070432822,0.28202879999999997,0.022519803191847154,0,SCUC
2024-09-02 23:00:00,L112,65,66,-0.0014174547593491238,0.4431528,0.003198568889442025,0,SCUC
2024-09-02 23:00:00,L113,67,68,0.002259153717895912,0.42808139999999995,0.0052773928460706585,0,SCUC
2024-09-02 23:00:00,L114,68,69,0.010089632375777334,0.6023544,0.01675032568165408,0,SCUC
2024-09-02 23:00:00,L115,68,74,-0.0023951419493326055,0.5966142,0.004014557396274855,0,SCUC
2024-09-02 23:00:00,L116,68,76,-0.016163257434037206,0.5886359999999999,0.027458832681040928,0,SCUC
2024-09-02 23:00:00,L117,69,70,0.006236512822440248,0.6271008,0.009944992611140423,0,SCUC
2024-09-02 23:00:00,L118,69,73,-0.006795350387366577,0.6311808,0.010766091724220028,0,SCUC
2024-09-02 23:00:00,L119,69,74,-0.01248477432510994,0.6205014,0.020120461170772444,0,SCUC
2024-09-02 23:00:00,L120,70,71,0.008448365721686675,0.6193751999999999,0.013640142068469445,0,SCUC
2024-09-02 23:00:00,L121,70,72,-0.0011059264496232131,0.6160602,0.0017951597094297167,0,SCUC
2024-09-02 23:00:00,L122,73,74,-0.005689423937743363,0.6280464,0.009058922935858502,0,SCUC
2024-09-02 23:00:00,L123,74,76,-0.013768115484704612,0.611943,0.02249901622325055,0,SCUC
2024-09-02 23:00:00,L124,74,117,-0.005695298277858084,0.624951,0.009113191718803688,0,SCUC
2024-09-02 23:00:00,L125,75,76,-0.003483445378611657,0.6146256,0.00566758914469501,0,SCUC
2024-09-02 23:00:00,L126,75,117,0.0045893718282348705,0.6267912,0.007322010628475433,0,SCUC
2024-09-02 23:00:00,L127,76,77,-0.003959143802154576,0.6218766,0.006366446015422636,0,SCUC
2024-09-02 23:00:00,L128,76,79,-0.008559652057594085,0.6137585999999999,0.013946284512500658,0,SCUC
2024-09-02 23:00:00,L129,76,79,-0.008559652057594085,0.6137585999999999,0.013946284512500658,0,SCUC
2024-09-02 23:00:00,L130,76,81,-0.01123044393038751,0.5909196000000001,0.019005028654300024,0,SCUC
2024-09-02 23:00:00,L131,77,78,-0.0028532173525313625,0.6422124,0.004442793930063266,0,SCUC
2024-09-02 23:00:00,L132,78,79,-0.0017472909029081487,0.6388734,0.002734956413756072,0,SCUC
2024-09-02 23:00:00,L133,79,95,-0.005408728291771331,0.6160722,0.008779374060006817,0,SCUC
2024-09-02 23:00:00,L134,79,96,-0.0032573273706972723,0.6365532,0.005117132975998349,0,SCUC
2024-09-02 23:00:00,L135,79,97,-0.007193610172731756,0.6274854000000001,0.011464187330464988,0,SCUC
2024-09-02 23:00:00,L136,79,98,-0.0071936101727317625,0.6225510000000001,0.011555053598390753,0,SCUC
2024-09-02 23:00:00,L137,80,67,0.0063985338890823066,0.42381839999999993,0.015097348036522972,0,SCUC
2024-09-02 23:00:00,L138,80,79,-0.005292607439459093,0.5223287999999999,0.010132712267558469,0,SCUC
2024-09-02 23:00:00,L139,81,82,-0.007386581061786389,0.5397948,0.013684053758551192,0,SCUC
2024-09-02 23:00:00,L140,81,95,-0.0027379364189779065,0.5898252,0.00464194547635114,0,SCUC
2024-09-02 23:00:00,L141,82,83,-0.0024621936872621097,0.5027316,0.004897630638818228,0,SCUC
2024-09-02 23:00:00,L142,82,84,-0.003818460924901045,0.49419240000000003,0.007726668651523263,0,SCUC
2024-09-02 23:00:00,L143,83,84,-0.0013562672376389157,0.4806342,0.0028218284043018903,0,SCUC
2024-09-02 23:00:00,L144,84,85,-0.0022118528992464276,0.46359120000000004,0.004771127880008135,0,SCUC
2024-09-02 23:00:00,L145,84,87,-0.0009876250877645114,0.4543062,0.002173919457327484,0,SCUC
2024-09-02 23:00:00,L146,84,88,-0.0008693237259058088,0.45956879999999994,0.0018916073630451174,0,SCUC
2024-09-02 23:00:00,L147,86,85,0.0011059264496232136,0.38057519999999995,0.0029059340956089984,0,SCUC
2024-09-02 23:00:00,L148,87,88,0.00011830136185870247,0.44926320000000003,0.00026332306286983324,0,SCUC
2024-09-02 23:00:00,L149,88,89,-0.0005233878843469153,0.42255119999999996,0.0012386377895670757,0,SCUC
2024-09-02 23:00:00,L150,88,89,-0.0005233878843469153,0.42255119999999996,0.0012386377895670757,0,SCUC
2024-09-02 23:00:00,L151,88,91,0.0007008399271349851,0.4849656,0.0014451332777726607,0,SCUC
2024-09-02 23:00:00,L152,88,91,0.0007008399271349851,0.4849656,0.0014451332777726607,0,SCUC
2024-09-02 23:00:00,L153,89,90,5.9150680929351276e-05,0.44705160000000005,0.00013231287155521034,0,SCUC
2024-09-02 23:00:00,L154,90,91,0.0011650771305525554,0.5072904,0.0022966670186397283,0,SCUC
2024-09-02 23:00:00,L155,91,92,0.0008851061392990784,0.5540562,0.0015975024542620017,0,SCUC
2024-09-02 23:00:00,L156,91,93,0.0028761387282213707,0.5674632,0.005068414530178117,0,SCUC
2024-09-02 23:00:00,L157,91,99,0.0007630237624113823,0.5669016,0.0013459545049994254,0,SCUC
2024-09-02 23:00:00,L158,91,101,-0.0008515851954860869,0.5543286000000001,0.001536246182293475,0,SCUC
2024-09-02 23:00:00,L159,92,93,0.0019910325889223035,0.5804154,0.003430357962456378,0,SCUC
2024-09-02 23:00:00,L160,93,94,0.002326762094317883,0.601707,0.003866935392670989,0,SCUC
2024-09-02 23:00:00,L161,93,95,0.005759450638258981,0.5982966000000001,0.00962641378583629,0,SCUC
2024-09-02 23:00:00,L162,93,99,-0.0021131149658099885,0.5906616,0.003577539094821787,0,SCUC
2024-09-02 23:00:00,L163,94,95,0.0034326885439411314,0.6122964,0.005606253023766156,0,SCUC
2024-09-02 23:00:00,L164,95,96,0.0021514009210740585,0.626304,0.0034350745342103172,0,SCUC
2024-09-02 23:00:00,L165,97,99,-0.006087683723108542,0.6063168,0.010040433850931629,0,SCUC
2024-09-02 23:00:00,L166,98,99,-0.006087683723108542,0.6020994,0.010110761982338037,0,SCUC
2024-09-02 23:00:00,L167,99,100,-0.0013602677037603539,0.5921928000000001,0.00229700142210502,0,SCUC
2024-09-02 23:00:00,L168,99,102,-0.0042101475875311305,0.5853726,0.007192252571321463,0,SCUC
2024-09-02 23:00:00,L169,99,103,-0.0033482876647213155,0.586263,0.005711238240723559,0,SCUC
2024-09-02 23:00:00,L170,99,105,-0.00350082924397969,0.5812326,0.006023112337435461,0,SCUC
2024-09-02 23:00:00,L171,100,101,-0.00025434125413712687,0.5850582,0.0004347281247184073,0,SCUC
2024-09-02 23:00:00,L172,102,103,0.000861859922809815,0.5821872,0.0014803828095324234,0,SCUC
2024-09-02 23:00:00,L173,102,104,-0.0005186413694784728,0.5751864,0.0009016926851512358,0,SCUC
2024-09-02 23:00:00,L174,102,109,-0.0034474396912392595,0.5821722,0.00592168380977185,0,SCUC
2024-09-02 23:00:00,L175,103,104,-0.0013805012922882879,0.5772894,0.0023913504947229033,0,SCUC
2024-09-02 23:00:00,L176,104,105,0.0012279597130299131,0.5711333999999999,0.0021500401010165287,0,SCUC
2024-09-02 23:00:00,L177,104,106,6.101663170334968e-05,0.5660568,0.00010779241889391608,0,SCUC
2024-09-02 23:00:00,L178,104,107,-0.0020821925568768095,0.5750634,0.0036208052136108984,0,SCUC
2024-09-02 23:00:00,L179,105,106,-0.0011669430813265635,0.5672808,0.002057081927198247,0,SCUC
2024-09-02 23:00:00,L180,107,108,-0.0009762661072535956,0.5821836,0.0016769041712160829,0,SCUC
2024-09-02 23:00:00,L181,108,109,0.0001296603423696182,0.5848367999999999,0.000221703460469003,0,SCUC
2024-09-02 23:00:00,L182,109,110,-0.0011059264496232136,0.5858034,0.0018878798750966853,0,SCUC
2024-09-02 23:00:00,L183,109,111,-0.0011059264496232069,0.58266,0.0018980648227494713,0,SCUC
2024-09-02 23:00:00,L184,113,114,-0.0004647133930904936,0.6365297999999999,0.000730073270867277,0,SCUC
2024-09-02 23:00:00,L185,115,67,0.0011059264496232207,0.4101996,0.0026960690591195623,0,SCUC
