scenario_id,timestamp,outage_line_count,disconnected_load_count
0,2024-09-01 00:00:00,56,12
0,2024-09-01 01:00:00,56,12
0,2024-09-01 02:00:00,56,12
0,2024-09-01 03:00:00,56,12
0,2024-09-01 04:00:00,56,12
0,2024-09-01 05:00:00,56,12
0,2024-09-01 06:00:00,56,12
0,2024-09-01 07:00:00,56,12
0,2024-09-01 08:00:00,56,12
0,2024-09-01 09:00:00,56,12
0,2024-09-01 10:00:00,56,12
0,2024-09-01 11:00:00,56,12
0,2024-09-01 12:00:00,56,12
0,2024-09-01 13:00:00,56,12
0,2024-09-01 14:00:00,56,12
0,2024-09-01 15:00:00,56,12
0,2024-09-01 16:00:00,56,12
0,2024-09-01 17:00:00,56,12
0,2024-09-01 18:00:00,56,12
0,2024-09-01 19:00:00,56,12
0,2024-09-01 20:00:00,56,12
0,2024-09-01 21:00:00,56,12
0,2024-09-01 22:00:00,56,12
0,2024-09-01 23:00:00,56,12
0,2024-09-02 00:00:00,56,12
0,2024-09-02 01:00:00,56,12
0,2024-09-02 02:00:00,56,12
0,2024-09-02 03:00:00,56,12
0,2024-09-02 04:00:00,56,12
0,2024-09-02 05:00:00,56,12
0,2024-09-02 06:00:00,57,13
0,2024-09-02 07:00:00,58,14
0,2024-09-02 08:00:00,62,15
0,2024-09-02 09:00:00,65,16
0,2024-09-02 10:00:00,69,16
0,2024-09-02 11:00:00,72,16
0,2024-09-02 12:00:00,75,16
0,2024-09-02 13:00:00,75,16
0,2024-09-02 14:00:00,75,16
0,2024-09-02 15:00:00,75,16
0,2024-09-02 16:00:00,75,16
0,2024-09-02 17:00:00,75,16
0,2024-09-02 18:00:00,75,16
0,2024-09-02 19:00:00,75,16
0,2024-09-02 20:00:00,75,16
0,2024-09-02 21:00:00,75,16
0,2024-09-02 22:00:00,75,16
0,2024-09-02 23:00:00,75,16
0,2024-09-03 00:00:00,75,16
0,2024-09-03 01:00:00,75,16
0,2024-09-03 02:00:00,75,16
0,2024-09-03 03:00:00,75,16
0,2024-09-03 04:00:00,75,16
0,2024-09-03 05:00:00,75,16
0,2024-09-03 06:00:00,75,16
0,2024-09-03 07:00:00,75,16
0,2024-09-03 08:00:00,75,16
0,2024-09-03 09:00:00,75,16
0,2024-09-03 10:00:00,75,16
0,2024-09-03 11:00:00,75,16
0,2024-09-03 12:00:00,75,16
0,2024-09-03 13:00:00,75,16
0,2024-09-03 14:00:00,75,16
0,2024-09-03 15:00:00,75,16
0,2024-09-03 16:00:00,75,16
0,2024-09-03 17:00:00,75,16
0,2024-09-03 18:00:00,0,0
0,2024-09-03 19:00:00,0,0
0,2024-09-03 20:00:00,0,0
0,2024-09-03 21:00:00,0,0
0,2024-09-03 22:00:00,0,0
0,2024-09-03 23:00:00,0,0
1,2024-09-01 00:00:00,56,12
1,2024-09-01 01:00:00,56,12
1,2024-09-01 02:00:00,56,12
1,2024-09-01 03:00:00,56,12
1,2024-09-01 04:00:00,56,12
1,2024-09-01 05:00:00,56,12
1,2024-09-01 06:00:00,56,12
1,2024-09-01 07:00:00,56,12
1,2024-09-01 08:00:00,56,12
1,2024-09-01 09:00:00,56,12
1,2024-09-01 10:00:00,56,12
1,2024-09-01 11:00:00,56,12
1,2024-09-01 12:00:00,56,12
1,2024-09-01 13:00:00,56,12
1,2024-09-01 14:00:00,56,12
1,2024-09-01 15:00:00,56,12
1,2024-09-01 16:00:00,56,12
1,2024-09-01 17:00:00,56,12
1,2024-09-01 18:00:00,56,12
1,2024-09-01 19:00:00,56,12
1,2024-09-01 20:00:00,56,12
1,2024-09-01 21:00:00,56,12
1,2024-09-01 22:00:00,56,12
1,2024-09-01 23:00:00,56,12
1,2024-09-02 00:00:00,56,12
1,2024-09-02 01:00:00,56,12
1,2024-09-02 02:00:00,56,12
1,2024-09-02 03:00:00,56,12
1,2024-09-02 04:00:00,56,12
1,2024-09-02 05:00:00,56,12
1,2024-09-02 06:00:00,57,13
1,2024-09-02 07:00:00,58,14
1,2024-09-02 08:00:00,62,15
1,2024-09-02 09:00:00,65,16
1,2024-09-02 10:00:00,69,16
1,2024-09-02 11:00:00,72,16
1,2024-09-02 12:00:00,74,16
1,2024-09-02 13:00:00,75,16
1,2024-09-02 14:00:00,75,16
1,2024-09-02 15:00:00,75,16
1,2024-09-02 16:00:00,75,16
1,2024-09-02 17:00:00,75,16
1,2024-09-02 18:00:00,75,16
1,2024-09-02 19:00:00,75,16
1,2024-09-02 20:00:00,75,16
1,2024-09-02 21:00:00,75,16
1,2024-09-02 22:00:00,75,16
1,2024-09-02 23:00:00,75,16
1,2024-09-03 00:00:00,75,16
1,2024-09-03 01:00:00,75,16
1,2024-09-03 02:00:00,75,16
1,2024-09-03 03:00:00,75,16
1,2024-09-03 04:00:00,75,16
1,2024-09-03 05:00:00,75,16
1,2024-09-03 06:00:00,75,16
1,2024-09-03 07:00:00,75,16
1,2024-09-03 08:00:00,75,16
1,2024-09-03 09:00:00,75,16
1,2024-09-03 10:00:00,75,16
1,2024-09-03 11:00:00,75,16
1,2024-09-03 12:00:00,75,16
1,2024-09-03 13:00:00,75,16
1,2024-09-03 14:00:00,75,16
1,2024-09-03 15:00:00,75,16
1,2024-09-03 16:00:00,75,16
1,2024-09-03 17:00:00,75,16
1,2024-09-03 18:00:00,0,0
1,2024-09-03 19:00:00,0,0
1,2024-09-03 20:00:00,0,0
1,2024-09-03 21:00:00,0,0
1,2024-09-03 22:00:00,0,0
1,2024-09-03 23:00:00,0,0
2,2024-09-01 00:00:00,55,12
2,2024-09-01 01:00:00,55,12
2,2024-09-01 02:00:00,55,12
2,2024-09-01 03:00:00,55,12
2,2024-09-01 04:00:00,55,12
2,2024-09-01 05:00:00,55,12
2,2024-09-01 06:00:00,55,12
2,2024-09-01 07:00:00,55,12
2,2024-09-01 08:00:00,55,12
2,2024-09-01 09:00:00,55,12
2,2024-09-01 10:00:00,55,12
2,2024-09-01 11:00:00,55,12
2,2024-09-01 12:00:00,55,12
2,2024-09-01 13:00:00,55,12
2,2024-09-01 14:00:00,55,12
2,2024-09-01 15:00:00,55,12
2,2024-09-01 16:00:00,55,12
2,2024-09-01 17:00:00,55,12
2,2024-09-01 18:00:00,55,12
2,2024-09-01 19:00:00,55,12
2,2024-09-01 20:00:00,55,12
2,2024-09-01 21:00:00,55,12
2,2024-09-01 22:00:00,55,12
2,2024-09-01 23:00:00,55,12
2,2024-09-02 00:00:00,55,12
2,2024-09-02 01:00:00,55,12
2,2024-09-02 02:00:00,55,12
2,2024-09-02 03:00:00,55,12
2,2024-09-02 04:00:00,55,12
2,2024-09-02 05:00:00,55,12
2,2024-09-02 06:00:00,56,13
2,2024-09-02 07:00:00,57,14
2,2024-09-02 08:00:00,61,15
2,2024-09-02 09:00:00,64,16
2,2024-09-02 10:00:00,69,16
2,2024-09-02 11:00:00,72,16
2,2024-09-02 12:00:00,74,16
2,2024-09-02 13:00:00,75,16
2,2024-09-02 14:00:00,75,16
2,2024-09-02 15:00:00,75,16
2,2024-09-02 16:00:00,75,16
2,2024-09-02 17:00:00,75,16
2,2024-09-02 18:00:00,75,16
2,2024-09-02 19:00:00,75,16
2,2024-09-02 20:00:00,75,16
2,2024-09-02 21:00:00,75,16
2,2024-09-02 22:00:00,75,16
2,2024-09-02 23:00:00,75,16
2,2024-09-03 00:00:00,75,16
2,2024-09-03 01:00:00,75,16
2,2024-09-03 02:00:00,75,16
2,2024-09-03 03:00:00,75,16
2,2024-09-03 04:00:00,75,16
2,2024-09-03 05:00:00,75,16
2,2024-09-03 06:00:00,75,16
2,2024-09-03 07:00:00,75,16
2,2024-09-03 08:00:00,75,16
2,2024-09-03 09:00:00,75,16
2,2024-09-03 10:00:00,75,16
2,2024-09-03 11:00:00,75,16
2,2024-09-03 12:00:00,75,16
2,2024-09-03 13:00:00,75,16
2,2024-09-03 14:00:00,75,16
2,2024-09-03 15:00:00,75,16
2,2024-09-03 16:00:00,75,16
2,2024-09-03 17:00:00,75,16
2,2024-09-03 18:00:00,0,0
2,2024-09-03 19:00:00,0,0
2,2024-09-03 20:00:00,0,0
2,2024-09-03 21:00:00,0,0
2,2024-09-03 22:00:00,0,0
2,2024-09-03 23:00:00,0,0
3,2024-09-01 00:00:00,56,12
3,2024-09-01 01:00:00,56,12
3,2024-09-01 02:00:00,56,12
3,2024-09-01 03:00:00,56,12
3,2024-09-01 04:00:00,56,12
3,2024-09-01 05:00:00,56,12
3,2024-09-01 06:00:00,56,12
3,2024-09-01 07:00:00,56,12
3,2024-09-01 08:00:00,56,12
3,2024-09-01 09:00:00,56,12
3,2024-09-01 10:00:00,56,12
3,2024-09-01 11:00:00,56,12
3,2024-09-01 12:00:00,56,12
3,2024-09-01 13:00:00,56,12
3,2024-09-01 14:00:00,56,12
3,2024-09-01 15:00:00,56,12
3,2024-09-01 16:00:00,56,12
3,2024-09-01 17:00:00,56,12
3,2024-09-01 18:00:00,56,12
3,2024-09-01 19:00:00,56,12
3,2024-09-01 20:00:00,56,12
3,2024-09-01 21:00:00,56,12
3,2024-09-01 22:00:00,56,12
3,2024-09-01 23:00:00,56,12
3,2024-09-02 00:00:00,56,12
3,2024-09-02 01:00:00,56,12
3,2024-09-02 02:00:00,56,12
3,2024-09-02 03:00:00,56,12
3,2024-09-02 04:00:00,56,12
3,2024-09-02 05:00:00,56,12
3,2024-09-02 06:00:00,57,13
3,2024-09-02 07:00:00,58,14
3,2024-09-02 08:00:00,62,15
3,2024-09-02 09:00:00,65,16
3,2024-09-02 10:00:00,69,16
3,2024-09-02 11:00:00,73,16
3,2024-09-02 12:00:00,74,16
3,2024-09-02 13:00:00,75,16
3,2024-09-02 14:00:00,75,16
3,2024-09-02 15:00:00,75,16
3,2024-09-02 16:00:00,75,16
3,2024-09-02 17:00:00,75,16
3,2024-09-02 18:00:00,75,16
3,2024-09-02 19:00:00,75,16
3,2024-09-02 20:00:00,75,16
3,2024-09-02 21:00:00,75,16
3,2024-09-02 22:00:00,75,16
3,2024-09-02 23:00:00,75,16
3,2024-09-03 00:00:00,75,16
3,2024-09-03 01:00:00,75,16
3,2024-09-03 02:00:00,75,16
3,2024-09-03 03:00:00,75,16
3,2024-09-03 04:00:00,75,16
3,2024-09-03 05:00:00,75,16
3,2024-09-03 06:00:00,75,16
3,2024-09-03 07:00:00,75,16
3,2024-09-03 08:00:00,75,16
3,2024-09-03 09:00:00,75,16
3,2024-09-03 10:00:00,75,16
3,2024-09-03 11:00:00,75,16
3,2024-09-03 12:00:00,75,16
3,2024-09-03 13:00:00,75,16
3,2024-09-03 14:00:00,75,16
3,2024-09-03 15:00:00,75,16
3,2024-09-03 16:00:00,75,16
3,2024-09-03 17:00:00,75,16
3,2024-09-03 18:00:00,0,0
3,2024-09-03 19:00:00,0,0
3,2024-09-03 20:00:00,0,0
3,2024-09-03 21:00:00,0,0
3,2024-09-03 22:00:00,0,0
3,2024-09-03 23:00:00,0,0
4,2024-09-01 00:00:00,55,12
4,2024-09-01 01:00:00,55,12
4,2024-09-01 02:00:00,55,12
4,2024-09-01 03:00:00,55,12
4,2024-09-01 04:00:00,55,12
4,2024-09-01 05:00:00,55,12
4,2024-09-01 06:00:00,55,12
4,2024-09-01 07:00:00,55,12
4,2024-09-01 08:00:00,55,12
4,2024-09-01 09:00:00,55,12
4,2024-09-01 10:00:00,55,12
4,2024-09-01 11:00:00,55,12
4,2024-09-01 12:00:00,55,12
4,2024-09-01 13:00:00,55,12
4,2024-09-01 14:00:00,55,12
4,2024-09-01 15:00:00,55,12
4,2024-09-01 16:00:00,55,12
4,2024-09-01 17:00:00,55,12
4,2024-09-01 18:00:00,55,12
4,2024-09-01 19:00:00,55,12
4,2024-09-01 20:00:00,55,12
4,2024-09-01 21:00:00,55,12
4,2024-09-01 22:00:00,55,12
4,2024-09-01 23:00:00,55,12
4,2024-09-02 00:00:00,55,12
4,2024-09-02 01:00:00,55,12
4,2024-09-02 02:00:00,55,12
4,2024-09-02 03:00:00,55,12
4,2024-09-02 04:00:00,55,12
4,2024-09-02 05:00:00,55,12
4,2024-09-02 06:00:00,56,13
4,2024-09-02 07:00:00,57,14
4,2024-09-02 08:00:00,61,15
4,2024-09-02 09:00:00,64,16
4,2024-09-02 10:00:00,68,16
4,2024-09-02 11:00:00,72,16
4,2024-09-02 12:00:00,74,16
4,2024-09-02 13:00:00,75,16
4,2024-09-02 14:00:00,75,16
4,2024-09-02 15:00:00,75,16
4,2024-09-02 16:00:00,75,16
4,2024-09-02 17:00:00,75,16
4,2024-09-02 18:00:00,75,16
4,2024-09-02 19:00:00,75,16
4,2024-09-02 20:00:00,75,16
4,2024-09-02 21:00:00,75,16
4,2024-09-02 22:00:00,75,16
4,2024-09-02 23:00:00,75,16
4,2024-09-03 00:00:00,75,16
4,2024-09-03 01:00:00,75,16
4,2024-09-03 02:00:00,75,16
4,2024-09-03 03:00:00,75,16
4,2024-09-03 04:00:00,75,16
4,2024-09-03 05:00:00,75,16
4,2024-09-03 06:00:00,75,16
4,2024-09-03 07:00:00,75,16
4,2024-09-03 08:00:00,75,16
4,2024-09-03 09:00:00,75,16
4,2024-09-03 10:00:00,75,16
4,2024-09-03 11:00:00,75,16
4,2024-09-03 12:00:00,75,16
4,2024-09-03 13:00:00,75,16
4,2024-09-03 14:00:00,75,16
4,2024-09-03 15:00:00,75,16
4,2024-09-03 16:00:00,75,16
4,2024-09-03 17:00:00,75,16
4,2024-09-03 18:00:00,0,0
4,2024-09-03 19:00:00,0,0
4,2024-09-03 20:00:00,0,0
4,2024-09-03 21:00:00,0,0
4,2024-09-03 22:00:00,0,0
4,2024-09-03 23:00:00,0,0
5,2024-09-01 00:00:00,58,12
5,2024-09-01 01:00:00,58,12
5,2024-09-01 02:00:00,58,12
5,2024-09-01 03:00:00,58,12
5,2024-09-01 04:00:00,58,12
5,2024-09-01 05:00:00,58,12
5,2024-09-01 06:00:00,58,12
5,2024-09-01 07:00:00,58,12
5,2024-09-01 08:00:00,58,12
5,2024-09-01 09:00:00,58,12
5,2024-09-01 10:00:00,58,12
5,2024-09-01 11:00:00,58,12
5,2024-09-01 12:00:00,58,12
5,2024-09-01 13:00:00,58,12
5,2024-09-01 14:00:00,58,12
5,2024-09-01 15:00:00,58,12
5,2024-09-01 16:00:00,58,12
5,2024-09-01 17:00:00,58,12
5,2024-09-01 18:00:00,58,12
5,2024-09-01 19:00:00,58,12
5,2024-09-01 20:00:00,58,12
5,2024-09-01 21:00:00,58,12
5,2024-09-01 22:00:00,58,12
5,2024-09-01 23:00:00,58,12
5,2024-09-02 00:00:00,58,12
5,2024-09-02 01:00:00,58,12
5,2024-09-02 02:00:00,58,12
5,2024-09-02 03:00:00,58,12
5,2024-09-02 04:00:00,58,12
5,2024-09-02 05:00:00,58,12
5,2024-09-02 06:00:00,59,13
5,2024-09-02 07:00:00,60,14
5,2024-09-02 08:00:00,64,15
5,2024-09-02 09:00:00,67,16
5,2024-09-02 10:00:00,71,16
5,2024-09-02 11:00:00,73,16
5,2024-09-02 12:00:00,75,16
5,2024-09-02 13:00:00,75,16
5,2024-09-02 14:00:00,75,16
5,2024-09-02 15:00:00,75,16
5,2024-09-02 16:00:00,75,16
5,2024-09-02 17:00:00,75,16
5,2024-09-02 18:00:00,75,16
5,2024-09-02 19:00:00,75,16
5,2024-09-02 20:00:00,75,16
5,2024-09-02 21:00:00,75,16
5,2024-09-02 22:00:00,75,16
5,2024-09-02 23:00:00,75,16
5,2024-09-03 00:00:00,75,16
5,2024-09-03 01:00:00,75,16
5,2024-09-03 02:00:00,75,16
5,2024-09-03 03:00:00,75,16
5,2024-09-03 04:00:00,75,16
5,2024-09-03 05:00:00,75,16
5,2024-09-03 06:00:00,75,16
5,2024-09-03 07:00:00,75,16
5,2024-09-03 08:00:00,75,16
5,2024-09-03 09:00:00,75,16
5,2024-09-03 10:00:00,75,16
5,2024-09-03 11:00:00,75,16
5,2024-09-03 12:00:00,75,16
5,2024-09-03 13:00:00,75,16
5,2024-09-03 14:00:00,75,16
5,2024-09-03 15:00:00,75,16
5,2024-09-03 16:00:00,75,16
5,2024-09-03 17:00:00,75,16
5,2024-09-03 18:00:00,0,0
5,2024-09-03 19:00:00,0,0
5,2024-09-03 20:00:00,0,0
5,2024-09-03 21:00:00,0,0
5,2024-09-03 22:00:00,0,0
5,2024-09-03 23:00:00,0,0
6,2024-09-01 00:00:00,55,12
6,2024-09-01 01:00:00,55,12
6,2024-09-01 02:00:00,55,12
6,2024-09-01 03:00:00,55,12
6,2024-09-01 04:00:00,55,12
6,2024-09-01 05:00:00,55,12
6,2024-09-01 06:00:00,55,12
6,2024-09-01 07:00:00,55,12
6,2024-09-01 08:00:00,55,12
6,2024-09-01 09:00:00,55,12
6,2024-09-01 10:00:00,55,12
6,2024-09-01 11:00:00,55,12
6,2024-09-01 12:00:00,55,12
6,2024-09-01 13:00:00,55,12
6,2024-09-01 14:00:00,55,12
6,2024-09-01 15:00:00,55,12
6,2024-09-01 16:00:00,55,12
6,2024-09-01 17:00:00,55,12
6,2024-09-01 18:00:00,55,12
6,2024-09-01 19:00:00,55,12
6,2024-09-01 20:00:00,55,12
6,2024-09-01 21:00:00,55,12
6,2024-09-01 22:00:00,55,12
6,2024-09-01 23:00:00,55,12
6,2024-09-02 00:00:00,55,12
6,2024-09-02 01:00:00,55,12
6,2024-09-02 02:00:00,55,12
6,2024-09-02 03:00:00,55,12
6,2024-09-02 04:00:00,55,12
6,2024-09-02 05:00:00,55,12
6,2024-09-02 06:00:00,56,13
6,2024-09-02 07:00:00,57,14
6,2024-09-02 08:00:00,61,15
6,2024-09-02 09:00:00,64,16
6,2024-09-02 10:00:00,68,16
6,2024-09-02 11:00:00,72,16
6,2024-09-02 12:00:00,74,16
6,2024-09-02 13:00:00,75,16
6,2024-09-02 14:00:00,75,16
6,2024-09-02 15:00:00,75,16
6,2024-09-02 16:00:00,75,16
6,2024-09-02 17:00:00,75,16
6,2024-09-02 18:00:00,75,16
6,2024-09-02 19:00:00,75,16
6,2024-09-02 20:00:00,75,16
6,2024-09-02 21:00:00,75,16
6,2024-09-02 22:00:00,75,16
6,2024-09-02 23:00:00,75,16
6,2024-09-03 00:00:00,75,16
6,2024-09-03 01:00:00,75,16
6,2024-09-03 02:00:00,75,16
6,2024-09-03 03:00:00,75,16
6,2024-09-03 04:00:00,75,16
6,2024-09-03 05:00:00,75,16
6,2024-09-03 06:00:00,75,16
6,2024-09-03 07:00:00,75,16
6,2024-09-03 08:00:00,75,16
6,2024-09-03 09:00:00,75,16
6,2024-09-03 10:00:00,75,16
6,2024-09-03 11:00:00,75,16
6,2024-09-03 12:00:00,75,16
6,2024-09-03 13:00:00,75,16
6,2024-09-03 14:00:00,75,16
6,2024-09-03 15:00:00,75,16
6,2024-09-03 16:00:00,75,16
6,2024-09-03 17:00:00,75,16
6,2024-09-03 18:00:00,0,0
6,2024-09-03 19:00:00,0,0
6,2024-09-03 20:00:00,0,0
6,2024-09-03 21:00:00,0,0
6,2024-09-03 22:00:00,0,0
6,2024-09-03 23:00:00,0,0
7,2024-09-01 00:00:00,58,12
7,2024-09-01 01:00:00,58,12
7,2024-09-01 02:00:00,58,12
7,2024-09-01 03:00:00,58,12
7,2024-09-01 04:00:00,58,12
7,2024-09-01 05:00:00,58,12
7,2024-09-01 06:00:00,58,12
7,2024-09-01 07:00:00,58,12
7,2024-09-01 08:00:00,58,12
7,2024-09-01 09:00:00,58,12
7,2024-09-01 10:00:00,58,12
7,2024-09-01 11:00:00,58,12
7,2024-09-01 12:00:00,58,12
7,2024-09-01 13:00:00,58,12
7,2024-09-01 14:00:00,58,12
7,2024-09-01 15:00:00,58,12
7,2024-09-01 16:00:00,58,12
7,2024-09-01 17:00:00,58,12
7,2024-09-01 18:00:00,58,12
7,2024-09-01 19:00:00,58,12
7,2024-09-01 20:00:00,58,12
7,2024-09-01 21:00:00,58,12
7,2024-09-01 22:00:00,58,12
7,2024-09-01 23:00:00,58,12
7,2024-09-02 00:00:00,58,12
7,2024-09-02 01:00:00,58,12
7,2024-09-02 02:00:00,58,12
7,2024-09-02 03:00:00,58,12
7,2024-09-02 04:00:00,58,12
7,2024-09-02 05:00:00,58,12
7,2024-09-02 06:00:00,59,13
7,2024-09-02 07:00:00,60,14
7,2024-09-02 08:00:00,63,15
7,2024-09-02 09:00:00,66,16
7,2024-09-02 10:00:00,70,16
7,2024-09-02 11:00:00,73,16
7,2024-09-02 12:00:00,75,16
7,2024-09-02 13:00:00,75,16
7,2024-09-02 14:00:00,75,16
7,2024-09-02 15:00:00,75,16
7,2024-09-02 16:00:00,75,16
7,2024-09-02 17:00:00,75,16
7,2024-09-02 18:00:00,75,16
7,2024-09-02 19:00:00,75,16
7,2024-09-02 20:00:00,75,16
7,2024-09-02 21:00:00,75,16
7,2024-09-02 22:00:00,75,16
7,2024-09-02 23:00:00,75,16
7,2024-09-03 00:00:00,75,16
7,2024-09-03 01:00:00,75,16
7,2024-09-03 02:00:00,75,16
7,2024-09-03 03:00:00,75,16
7,2024-09-03 04:00:00,75,16
7,2024-09-03 05:00:00,75,16
7,2024-09-03 06:00:00,75,16
7,2024-09-03 07:00:00,75,16
7,2024-09-03 08:00:00,75,16
7,2024-09-03 09:00:00,75,16
7,2024-09-03 10:00:00,75,16
7,2024-09-03 11:00:00,75,16
7,2024-09-03 12:00:00,75,16
7,2024-09-03 13:00:00,75,16
7,2024-09-03 14:00:00,75,16
7,2024-09-03 15:00:00,75,16
7,2024-09-03 16:00:00,75,16
7,2024-09-03 17:00:00,75,16
7,2024-09-03 18:00:00,0,0
7,2024-09-03 19:00:00,0,0
7,2024-09-03 20:00:00,0,0
7,2024-09-03 21:00:00,0,0
7,2024-09-03 22:00:00,0,0
7,2024-09-03 23:00:00,0,0
8,2024-09-01 00:00:00,57,12
8,2024-09-01 01:00:00,57,12
8,2024-09-01 02:00:00,57,12
8,2024-09-01 03:00:00,57,12
8,2024-09-01 04:00:00,57,12
8,2024-09-01 05:00:00,57,12
8,2024-09-01 06:00:00,57,12
8,2024-09-01 07:00:00,57,12
8,2024-09-01 08:00:00,57,12
8,2024-09-01 09:00:00,57,12
8,2024-09-01 10:00:00,57,12
8,2024-09-01 11:00:00,57,12
8,2024-09-01 12:00:00,57,12
8,2024-09-01 13:00:00,57,12
8,2024-09-01 14:00:00,57,12
8,2024-09-01 15:00:00,57,12
8,2024-09-01 16:00:00,57,12
8,2024-09-01 17:00:00,57,12
8,2024-09-01 18:00:00,57,12
8,2024-09-01 19:00:00,57,12
8,2024-09-01 20:00:00,57,12
8,2024-09-01 21:00:00,57,12
8,2024-09-01 22:00:00,57,12
8,2024-09-01 23:00:00,57,12
8,2024-09-02 00:00:00,57,12
8,2024-09-02 01:00:00,57,12
8,2024-09-02 02:00:00,57,12
8,2024-09-02 03:00:00,57,12
8,2024-09-02 04:00:00,57,12
8,2024-09-02 05:00:00,57,12
8,2024-09-02 06:00:00,58,13
8,2024-09-02 07:00:00,59,14
8,2024-09-02 08:00:00,63,15
8,2024-09-02 09:00:00,66,16
8,2024-09-02 10:00:00,70,16
8,2024-09-02 11:00:00,73,16
8,2024-09-02 12:00:00,75,16
8,2024-09-02 13:00:00,75,16
8,2024-09-02 14:00:00,75,16
8,2024-09-02 15:00:00,75,16
8,2024-09-02 16:00:00,75,16
8,2024-09-02 17:00:00,75,16
8,2024-09-02 18:00:00,75,16
8,2024-09-02 19:00:00,75,16
8,2024-09-02 20:00:00,75,16
8,2024-09-02 21:00:00,75,16
8,2024-09-02 22:00:00,75,16
8,2024-09-02 23:00:00,75,16
8,2024-09-03 00:00:00,75,16
8,2024-09-03 01:00:00,75,16
8,2024-09-03 02:00:00,75,16
8,2024-09-03 03:00:00,75,16
8,2024-09-03 04:00:00,75,16
8,2024-09-03 05:00:00,75,16
8,2024-09-03 06:00:00,75,16
8,2024-09-03 07:00:00,75,16
8,2024-09-03 08:00:00,75,16
8,2024-09-03 09:00:00,75,16
8,2024-09-03 10:00:00,75,16
8,2024-09-03 11:00:00,75,16
8,2024-09-03 12:00:00,75,16
8,2024-09-03 13:00:00,75,16
8,2024-09-03 14:00:00,75,16
8,2024-09-03 15:00:00,75,16
8,2024-09-03 16:00:00,75,16
8,2024-09-03 17:00:00,75,16
8,2024-09-03 18:00:00,0,0
8,2024-09-03 19:00:00,0,0
8,2024-09-03 20:00:00,0,0
8,2024-09-03 21:00:00,0,0
8,2024-09-03 22:00:00,0,0
8,2024-09-03 23:00:00,0,0
9,2024-09-01 00:00:00,57,12
9,2024-09-01 01:00:00,57,12
9,2024-09-01 02:00:00,57,12
9,2024-09-01 03:00:00,57,12
9,2024-09-01 04:00:00,57,12
9,2024-09-01 05:00:00,57,12
9,2024-09-01 06:00:00,57,12
9,2024-09-01 07:00:00,57,12
9,2024-09-01 08:00:00,57,12
9,2024-09-01 09:00:00,57,12
9,2024-09-01 10:00:00,57,12
9,2024-09-01 11:00:00,57,12
9,2024-09-01 12:00:00,57,12
9,2024-09-01 13:00:00,57,12
9,2024-09-01 14:00:00,57,12
9,2024-09-01 15:00:00,57,12
9,2024-09-01 16:00:00,57,12
9,2024-09-01 17:00:00,57,12
9,2024-09-01 18:00:00,57,12
9,2024-09-01 19:00:00,57,12
9,2024-09-01 20:00:00,57,12
9,2024-09-01 21:00:00,57,12
9,2024-09-01 22:00:00,57,12
9,2024-09-01 23:00:00,57,12
9,2024-09-02 00:00:00,57,12
9,2024-09-02 01:00:00,57,12
9,2024-09-02 02:00:00,57,12
9,2024-09-02 03:00:00,57,12
9,2024-09-02 04:00:00,57,12
9,2024-09-02 05:00:00,57,12
9,2024-09-02 06:00:00,58,13
9,2024-09-02 07:00:00,59,14
9,2024-09-02 08:00:00,62,15
9,2024-09-02 09:00:00,65,16
9,2024-09-02 10:00:00,69,16
9,2024-09-02 11:00:00,72,16
9,2024-09-02 12:00:00,74,16
9,2024-09-02 13:00:00,75,16
9,2024-09-02 14:00:00,75,16
9,2024-09-02 15:00:00,75,16
9,2024-09-02 16:00:00,75,16
9,2024-09-02 17:00:00,75,16
9,2024-09-02 18:00:00,75,16
9,2024-09-02 19:00:00,75,16
9,2024-09-02 20:00:00,75,16
9,2024-09-02 21:00:00,75,16
9,2024-09-02 22:00:00,75,16
9,2024-09-02 23:00:00,75,16
9,2024-09-03 00:00:00,75,16
9,2024-09-03 01:00:00,75,16
9,2024-09-03 02:00:00,75,16
9,2024-09-03 03:00:00,75,16
9,2024-09-03 04:00:00,75,16
9,2024-09-03 05:00:00,75,16
9,2024-09-03 06:00:00,75,16
9,2024-09-03 07:00:00,75,16
9,2024-09-03 08:00:00,75,16
9,2024-09-03 09:00:00,75,16
9,2024-09-03 10:00:00,75,16
9,2024-09-03 11:00:00,75,16
9,2024-09-03 12:00:00,75,16
9,2024-09-03 13:00:00,75,16
9,2024-09-03 14:00:00,75,16
9,2024-09-03 15:00:00,75,16
9,2024-09-03 16:00:00,75,16
9,2024-09-03 17:00:00,75,16
9,2024-09-03 18:00:00,0,0
9,2024-09-03 19:00:00,0,0
9,2024-09-03 20:00:00,0,0
9,2024-09-03 21:00:00,0,0
9,2024-09-03 22:00:00,0,0
9,2024-09-03 23:00:00,0,0
10,2024-09-01 00:00:00,56,12
10,2024-09-01 01:00:00,56,12
10,2024-09-01 02:00:00,56,12
10,2024-09-01 03:00:00,56,12
10,2024-09-01 04:00:00,56,12
10,2024-09-01 05:00:00,56,12
10,2024-09-01 06:00:00,56,12
10,2024-09-01 07:00:00,56,12
10,2024-09-01 08:00:00,56,12
10,2024-09-01 09:00:00,56,12
10,2024-09-01 10:00:00,56,12
10,2024-09-01 11:00:00,56,12
10,2024-09-01 12:00:00,56,12
10,2024-09-01 13:00:00,56,12
10,2024-09-01 14:00:00,56,12
10,2024-09-01 15:00:00,56,12
10,2024-09-01 16:00:00,56,12
10,2024-09-01 17:00:00,56,12
10,2024-09-01 18:00:00,56,12
10,2024-09-01 19:00:00,56,12
10,2024-09-01 20:00:00,56,12
10,2024-09-01 21:00:00,56,12
10,2024-09-01 22:00:00,56,12
10,2024-09-01 23:00:00,56,12
10,2024-09-02 00:00:00,56,12
10,2024-09-02 01:00:00,56,12
10,2024-09-02 02:00:00,56,12
10,2024-09-02 03:00:00,56,12
10,2024-09-02 04:00:00,56,12
10,2024-09-02 05:00:00,56,12
10,2024-09-02 06:00:00,57,13
10,2024-09-02 07:00:00,58,14
10,2024-09-02 08:00:00,62,15
10,2024-09-02 09:00:00,65,16
10,2024-09-02 10:00:00,70,16
10,2024-09-02 11:00:00,74,16
10,2024-09-02 12:00:00,75,16
10,2024-09-02 13:00:00,75,16
10,2024-09-02 14:00:00,75,16
10,2024-09-02 15:00:00,75,16
10,2024-09-02 16:00:00,75,16
10,2024-09-02 17:00:00,75,16
10,2024-09-02 18:00:00,75,16
10,2024-09-02 19:00:00,75,16
10,2024-09-02 20:00:00,75,16
10,2024-09-02 21:00:00,75,16
10,2024-09-02 22:00:00,75,16
10,2024-09-02 23:00:00,75,16
10,2024-09-03 00:00:00,75,16
10,2024-09-03 01:00:00,75,16
10,2024-09-03 02:00:00,75,16
10,2024-09-03 03:00:00,75,16
10,2024-09-03 04:00:00,75,16
10,2024-09-03 05:00:00,75,16
10,2024-09-03 06:00:00,75,16
10,2024-09-03 07:00:00,75,16
10,2024-09-03 08:00:00,75,16
10,2024-09-03 09:00:00,75,16
10,2024-09-03 10:00:00,75,16
10,2024-09-03 11:00:00,75,16
10,2024-09-03 12:00:00,75,16
10,2024-09-03 13:00:00,75,16
10,2024-09-03 14:00:00,75,16
10,2024-09-03 15:00:00,75,16
10,2024-09-03 16:00:00,75,16
10,2024-09-03 17:00:00,75,16
10,2024-09-03 18:00:00,0,0
10,2024-09-03 19:00:00,0,0
10,2024-09-03 20:00:00,0,0
10,2024-09-03 21:00:00,0,0
10,2024-09-03 22:00:00,0,0
10,2024-09-03 23:00:00,0,0
11,2024-09-01 00:00:00,56,12
11,2024-09-01 01:00:00,56,12
11,2024-09-01 02:00:00,56,12
11,2024-09-01 03:00:00,56,12
11,2024-09-01 04:00:00,56,12
11,2024-09-01 05:00:00,56,12
11,2024-09-01 06:00:00,56,12
11,2024-09-01 07:00:00,56,12
11,2024-09-01 08:00:00,56,12
11,2024-09-01 09:00:00,56,12
11,2024-09-01 10:00:00,56,12
11,2024-09-01 11:00:00,56,12
11,2024-09-01 12:00:00,56,12
11,2024-09-01 13:00:00,56,12
11,2024-09-01 14:00:00,56,12
11,2024-09-01 15:00:00,56,12
11,2024-09-01 16:00:00,56,12
11,2024-09-01 17:00:00,56,12
11,2024-09-01 18:00:00,56,12
11,2024-09-01 19:00:00,56,12
11,2024-09-01 20:00:00,56,12
11,2024-09-01 21:00:00,56,12
11,2024-09-01 22:00:00,56,12
11,2024-09-01 23:00:00,56,12
11,2024-09-02 00:00:00,56,12
11,2024-09-02 01:00:00,56,12
11,2024-09-02 02:00:00,56,12
11,2024-09-02 03:00:00,56,12
11,2024-09-02 04:00:00,56,12
11,2024-09-02 05:00:00,56,12
11,2024-09-02 06:00:00,57,13
11,2024-09-02 07:00:00,58,14
11,2024-09-02 08:00:00,62,15
11,2024-09-02 09:00:00,65,16
11,2024-09-02 10:00:00,69,16
11,2024-09-02 11:00:00,72,16
11,2024-09-02 12:00:00,74,16
11,2024-09-02 13:00:00,75,16
11,2024-09-02 14:00:00,75,16
11,2024-09-02 15:00:00,75,16
11,2024-09-02 16:00:00,75,16
11,2024-09-02 17:00:00,75,16
11,2024-09-02 18:00:00,75,16
11,2024-09-02 19:00:00,75,16
11,2024-09-02 20:00:00,75,16
11,2024-09-02 21:00:00,75,16
11,2024-09-02 22:00:00,75,16
11,2024-09-02 23:00:00,75,16
11,2024-09-03 00:00:00,75,16
11,2024-09-03 01:00:00,75,16
11,2024-09-03 02:00:00,75,16
11,2024-09-03 03:00:00,75,16
11,2024-09-03 04:00:00,75,16
11,2024-09-03 05:00:00,75,16
11,2024-09-03 06:00:00,75,16
11,2024-09-03 07:00:00,75,16
11,2024-09-03 08:00:00,75,16
11,2024-09-03 09:00:00,75,16
11,2024-09-03 10:00:00,75,16
11,2024-09-03 11:00:00,75,16
11,2024-09-03 12:00:00,75,16
11,2024-09-03 13:00:00,75,16
11,2024-09-03 14:00:00,75,16
11,2024-09-03 15:00:00,75,16
11,2024-09-03 16:00:00,75,16
11,2024-09-03 17:00:00,75,16
11,2024-09-03 18:00:00,0,0
11,2024-09-03 19:00:00,0,0
11,2024-09-03 20:00:00,0,0
11,2024-09-03 21:00:00,0,0
11,2024-09-03 22:00:00,0,0
11,2024-09-03 23:00:00,0,0
12,2024-09-01 00:00:00,55,12
12,2024-09-01 01:00:00,55,12
12,2024-09-01 02:00:00,55,12
12,2024-09-01 03:00:00,55,12
12,2024-09-01 04:00:00,55,12
12,2024-09-01 05:00:00,55,12
12,2024-09-01 06:00:00,55,12
12,2024-09-01 07:00:00,55,12
12,2024-09-01 08:00:00,55,12
12,2024-09-01 09:00:00,55,12
12,2024-09-01 10:00:00,55,12
12,2024-09-01 11:00:00,55,12
12,2024-09-01 12:00:00,55,12
12,2024-09-01 13:00:00,55,12
12,2024-09-01 14:00:00,55,12
12,2024-09-01 15:00:00,55,12
12,2024-09-01 16:00:00,55,12
12,2024-09-01 17:00:00,55,12
12,2024-09-01 18:00:00,55,12
12,2024-09-01 19:00:00,55,12
12,2024-09-01 20:00:00,55,12
12,2024-09-01 21:00:00,55,12
12,2024-09-01 22:00:00,55,12
12,2024-09-01 23:00:00,55,12
12,2024-09-02 00:00:00,55,12
12,2024-09-02 01:00:00,55,12
12,2024-09-02 02:00:00,55,12
12,2024-09-02 03:00:00,55,12
12,2024-09-02 04:00:00,55,12
12,2024-09-02 05:00:00,55,12
12,2024-09-02 06:00:00,56,13
12,2024-09-02 07:00:00,57,14
12,2024-09-02 08:00:00,61,15
12,2024-09-02 09:00:00,64,16
12,2024-09-02 10:00:00,68,16
12,2024-09-02 11:00:00,72,16
12,2024-09-02 12:00:00,74,16
12,2024-09-02 13:00:00,75,16
12,2024-09-02 14:00:00,75,16
12,2024-09-02 15:00:00,75,16
12,2024-09-02 16:00:00,75,16
12,2024-09-02 17:00:00,75,16
12,2024-09-02 18:00:00,75,16
12,2024-09-02 19:00:00,75,16
12,2024-09-02 20:00:00,75,16
12,2024-09-02 21:00:00,75,16
12,2024-09-02 22:00:00,75,16
12,2024-09-02 23:00:00,75,16
12,2024-09-03 00:00:00,75,16
12,2024-09-03 01:00:00,75,16
12,2024-09-03 02:00:00,75,16
12,2024-09-03 03:00:00,75,16
12,2024-09-03 04:00:00,75,16
12,2024-09-03 05:00:00,75,16
12,2024-09-03 06:00:00,75,16
12,2024-09-03 07:00:00,75,16
12,2024-09-03 08:00:00,75,16
12,2024-09-03 09:00:00,75,16
12,2024-09-03 10:00:00,75,16
12,2024-09-03 11:00:00,75,16
12,2024-09-03 12:00:00,75,16
12,2024-09-03 13:00:00,75,16
12,2024-09-03 14:00:00,75,16
12,2024-09-03 15:00:00,75,16
12,2024-09-03 16:00:00,75,16
12,2024-09-03 17:00:00,75,16
12,2024-09-03 18:00:00,0,0
12,2024-09-03 19:00:00,0,0
12,2024-09-03 20:00:00,0,0
12,2024-09-03 21:00:00,0,0
12,2024-09-03 22:00:00,0,0
12,2024-09-03 23:00:00,0,0
13,2024-09-01 00:00:00,55,12
13,2024-09-01 01:00:00,55,12
13,2024-09-01 02:00:00,55,12
13,2024-09-01 03:00:00,55,12
13,2024-09-01 04:00:00,55,12
13,2024-09-01 05:00:00,55,12
13,2024-09-01 06:00:00,55,12
13,2024-09-01 07:00:00,55,12
13,2024-09-01 08:00:00,55,12
13,2024-09-01 09:00:00,55,12
13,2024-09-01 10:00:00,55,12
13,2024-09-01 11:00:00,55,12
13,2024-09-01 12:00:00,55,12
13,2024-09-01 13:00:00,55,12
13,2024-09-01 14:00:00,55,12
13,2024-09-01 15:00:00,55,12
13,2024-09-01 16:00:00,55,12
13,2024-09-01 17:00:00,55,12
13,2024-09-01 18:00:00,55,12
13,2024-09-01 19:00:00,55,12
13,2024-09-01 20:00:00,55,12
13,2024-09-01 21:00:00,55,12
13,2024-09-01 22:00:00,55,12
13,2024-09-01 23:00:00,55,12
13,2024-09-02 00:00:00,55,12
13,2024-09-02 01:00:00,55,12
13,2024-09-02 02:00:00,55,12
13,2024-09-02 03:00:00,55,12
13,2024-09-02 04:00:00,55,12
13,2024-09-02 05:00:00,55,12
13,2024-09-02 06:00:00,56,13
13,2024-09-02 07:00:00,57,14
13,2024-09-02 08:00:00,61,15
13,2024-09-02 09:00:00,64,16
13,2024-09-02 10:00:00,68,16
13,2024-09-02 11:00:00,72,16
13,2024-09-02 12:00:00,74,16
13,2024-09-02 13:00:00,75,16
13,2024-09-02 14:00:00,75,16
13,2024-09-02 15:00:00,75,16
13,2024-09-02 16:00:00,75,16
13,2024-09-02 17:00:00,75,16
13,2024-09-02 18:00:00,75,16
13,2024-09-02 19:00:00,75,16
13,2024-09-02 20:00:00,75,16
13,2024-09-02 21:00:00,75,16
13,2024-09-02 22:00:00,75,16
13,2024-09-02 23:00:00,75,16
13,2024-09-03 00:00:00,75,16
13,2024-09-03 01:00:00,75,16
13,2024-09-03 02:00:00,75,16
13,2024-09-03 03:00:00,75,16
13,2024-09-03 04:00:00,75,16
13,2024-09-03 05:00:00,75,16
13,2024-09-03 06:00:00,75,16
13,2024-09-03 07:00:00,75,16
13,2024-09-03 08:00:00,75,16
13,2024-09-03 09:00:00,75,16
13,2024-09-03 10:00:00,75,16
13,2024-09-03 11:00:00,75,16
13,2024-09-03 12:00:00,75,16
13,2024-09-03 13:00:00,75,16
13,2024-09-03 14:00:00,75,16
13,2024-09-03 15:00:00,75,16
13,2024-09-03 16:00:00,75,16
13,2024-09-03 17:00:00,75,16
13,2024-09-03 18:00:00,0,0
13,2024-09-03 19:00:00,0,0
13,2024-09-03 20:00:00,0,0
13,2024-09-03 21:00:00,0,0
13,2024-09-03 22:00:00,0,0
13,2024-09-03 23:00:00,0,0
14,2024-09-01 00:00:00,56,12
14,2024-09-01 01:00:00,56,12
14,2024-09-01 02:00:00,56,12
14,2024-09-01 03:00:00,56,12
14,2024-09-01 04:00:00,56,12
14,2024-09-01 05:00:00,56,12
14,2024-09-01 06:00:00,56,12
14,2024-09-01 07:00:00,56,12
14,2024-09-01 08:00:00,56,12
14,2024-09-01 09:00:00,56,12
14,2024-09-01 10:00:00,56,12
14,2024-09-01 11:00:00,56,12
14,2024-09-01 12:00:00,56,12
14,2024-09-01 13:00:00,56,12
14,2024-09-01 14:00:00,56,12
14,2024-09-01 15:00:00,56,12
14,2024-09-01 16:00:00,56,12
14,2024-09-01 17:00:00,56,12
14,2024-09-01 18:00:00,56,12
14,2024-09-01 19:00:00,56,12
14,2024-09-01 20:00:00,56,12
14,2024-09-01 21:00:00,56,12
14,2024-09-01 22:00:00,56,12
14,2024-09-01 23:00:00,56,12
14,2024-09-02 00:00:00,56,12
14,2024-09-02 01:00:00,56,12
14,2024-09-02 02:00:00,56,12
14,2024-09-02 03:00:00,56,12
14,2024-09-02 04:00:00,56,12
14,2024-09-02 05:00:00,56,12
14,2024-09-02 06:00:00,57,13
14,2024-09-02 07:00:00,58,14
14,2024-09-02 08:00:00,62,15
14,2024-09-02 09:00:00,65,16
14,2024-09-02 10:00:00,69,16
14,2024-09-02 11:00:00,73,16
14,2024-09-02 12:00:00,74,16
14,2024-09-02 13:00:00,75,16
14,2024-09-02 14:00:00,75,16
14,2024-09-02 15:00:00,75,16
14,2024-09-02 16:00:00,75,16
14,2024-09-02 17:00:00,75,16
14,2024-09-02 18:00:00,75,16
14,2024-09-02 19:00:00,75,16
14,2024-09-02 20:00:00,75,16
14,2024-09-02 21:00:00,75,16
14,2024-09-02 22:00:00,75,16
14,2024-09-02 23:00:00,75,16
14,2024-09-03 00:00:00,75,16
14,2024-09-03 01:00:00,75,16
14,2024-09-03 02:00:00,75,16
14,2024-09-03 03:00:00,75,16
14,2024-09-03 04:00:00,75,16
14,2024-09-03 05:00:00,75,16
14,2024-09-03 06:00:00,75,16
14,2024-09-03 07:00:00,75,16
14,2024-09-03 08:00:00,75,16
14,2024-09-03 09:00:00,75,16
14,2024-09-03 10:00:00,75,16
14,2024-09-03 11:00:00,75,16
14,2024-09-03 12:00:00,75,16
14,2024-09-03 13:00:00,75,16
14,2024-09-03 14:00:00,75,16
14,2024-09-03 15:00:00,75,16
14,2024-09-03 16:00:00,75,16
14,2024-09-03 17:00:00,75,16
14,2024-09-03 18:00:00,0,0
14,2024-09-03 19:00:00,0,0
14,2024-09-03 20:00:00,0,0
14,2024-09-03 21:00:00,0,0
14,2024-09-03 22:00:00,0,0
14,2024-09-03 23:00:00,0,0
15,2024-09-01 00:00:00,57,12
15,2024-09-01 01:00:00,57,12
15,2024-09-01 02:00:00,57,12
15,2024-09-01 03:00:00,57,12
15,2024-09-01 04:00:00,57,12
15,2024-09-01 05:00:00,57,12
15,2024-09-01 06:00:00,57,12
15,2024-09-01 07:00:00,57,12
15,2024-09-01 08:00:00,57,12
15,2024-09-01 09:00:00,57,12
15,2024-09-01 10:00:00,57,12
15,2024-09-01 11:00:00,57,12
15,2024-09-01 12:00:00,57,12
15,2024-09-01 13:00:00,57,12
15,2024-09-01 14:00:00,57,12
15,2024-09-01 15:00:00,57,12
15,2024-09-01 16:00:00,57,12
15,2024-09-01 17:00:00,57,12
15,2024-09-01 18:00:00,57,12
15,2024-09-01 19:00:00,57,12
15,2024-09-01 20:00:00,57,12
15,2024-09-01 21:00:00,57,12
15,2024-09-01 22:00:00,57,12
15,2024-09-01 23:00:00,57,12
15,2024-09-02 00:00:00,57,12
15,2024-09-02 01:00:00,57,12
15,2024-09-02 02:00:00,57,12
15,2024-09-02 03:00:00,57,12
15,2024-09-02 04:00:00,57,12
15,2024-09-02 05:00:00,57,12
15,2024-09-02 06:00:00,58,13
15,2024-09-02 07:00:00,59,14
15,2024-09-02 08:00:00,63,15
15,2024-09-02 09:00:00,66,16
15,2024-09-02 10:00:00,70,16
15,2024-09-02 11:00:00,72,16
15,2024-09-02 12:00:00,75,16
15,2024-09-02 13:00:00,75,16
15,2024-09-02 14:00:00,75,16
15,2024-09-02 15:00:00,75,16
15,2024-09-02 16:00:00,75,16
15,2024-09-02 17:00:00,75,16
15,2024-09-02 18:00:00,75,16
15,2024-09-02 19:00:00,75,16
15,2024-09-02 20:00:00,75,16
15,2024-09-02 21:00:00,75,16
15,2024-09-02 22:00:00,75,16
15,2024-09-02 23:00:00,75,16
15,2024-09-03 00:00:00,75,16
15,2024-09-03 01:00:00,75,16
15,2024-09-03 02:00:00,75,16
15,2024-09-03 03:00:00,75,16
15,2024-09-03 04:00:00,75,16
15,2024-09-03 05:00:00,75,16
15,2024-09-03 06:00:00,75,16
15,2024-09-03 07:00:00,75,16
15,2024-09-03 08:00:00,75,16
15,2024-09-03 09:00:00,75,16
15,2024-09-03 10:00:00,75,16
15,2024-09-03 11:00:00,75,16
15,2024-09-03 12:00:00,75,16
15,2024-09-03 13:00:00,75,16
15,2024-09-03 14:00:00,75,16
15,2024-09-03 15:00:00,75,16
15,2024-09-03 16:00:00,75,16
15,2024-09-03 17:00:00,75,16
15,2024-09-03 18:00:00,0,0
15,2024-09-03 19:00:00,0,0
15,2024-09-03 20:00:00,0,0
15,2024-09-03 21:00:00,0,0
15,2024-09-03 22:00:00,0,0
15,2024-09-03 23:00:00,0,0
16,2024-09-01 00:00:00,57,12
16,2024-09-01 01:00:00,57,12
16,2024-09-01 02:00:00,57,12
16,2024-09-01 03:00:00,57,12
16,2024-09-01 04:00:00,57,12
16,2024-09-01 05:00:00,57,12
16,2024-09-01 06:00:00,57,12
16,2024-09-01 07:00:00,57,12
16,2024-09-01 08:00:00,57,12
16,2024-09-01 09:00:00,57,12
16,2024-09-01 10:00:00,57,12
16,2024-09-01 11:00:00,57,12
16,2024-09-01 12:00:00,57,12
16,2024-09-01 13:00:00,57,12
16,2024-09-01 14:00:00,57,12
16,2024-09-01 15:00:00,57,12
16,2024-09-01 16:00:00,57,12
16,2024-09-01 17:00:00,57,12
16,2024-09-01 18:00:00,57,12
16,2024-09-01 19:00:00,57,12
16,2024-09-01 20:00:00,57,12
16,2024-09-01 21:00:00,57,12
16,2024-09-01 22:00:00,57,12
16,2024-09-01 23:00:00,57,12
16,2024-09-02 00:00:00,57,12
16,2024-09-02 01:00:00,57,12
16,2024-09-02 02:00:00,57,12
16,2024-09-02 03:00:00,57,12
16,2024-09-02 04:00:00,57,12
16,2024-09-02 05:00:00,57,12
16,2024-09-02 06:00:00,58,13
16,2024-09-02 07:00:00,59,14
16,2024-09-02 08:00:00,62,15
16,2024-09-02 09:00:00,65,16
16,2024-09-02 10:00:00,69,16
16,2024-09-02 11:00:00,73,16
16,2024-09-02 12:00:00,75,16
16,2024-09-02 13:00:00,75,16
16,2024-09-02 14:00:00,75,16
16,2024-09-02 15:00:00,75,16
16,2024-09-02 16:00:00,75,16
16,2024-09-02 17:00:00,75,16
16,2024-09-02 18:00:00,75,16
16,2024-09-02 19:00:00,75,16
16,2024-09-02 20:00:00,75,16
16,2024-09-02 21:00:00,75,16
16,2024-09-02 22:00:00,75,16
16,2024-09-02 23:00:00,75,16
16,2024-09-03 00:00:00,75,16
16,2024-09-03 01:00:00,75,16
16,2024-09-03 02:00:00,75,16
16,2024-09-03 03:00:00,75,16
16,2024-09-03 04:00:00,75,16
16,2024-09-03 05:00:00,75,16
16,2024-09-03 06:00:00,75,16
16,2024-09-03 07:00:00,75,16
16,2024-09-03 08:00:00,75,16
16,2024-09-03 09:00:00,75,16
16,2024-09-03 10:00:00,75,16
16,2024-09-03 11:00:00,75,16
16,2024-09-03 12:00:00,75,16
16,2024-09-03 13:00:00,75,16
16,2024-09-03 14:00:00,75,16
16,2024-09-03 15:00:00,75,16
16,2024-09-03 16:00:00,75,16
16,2024-09-03 17:00:00,75,16
16,2024-09-03 18:00:00,0,0
16,2024-09-03 19:00:00,0,0
16,2024-09-03 20:00:00,0,0
16,2024-09-03 21:00:00,0,0
16,2024-09-03 22:00:00,0,0
16,2024-09-03 23:00:00,0,0
17,2024-09-01 00:00:00,57,12
17,2024-09-01 01:00:00,57,12
17,2024-09-01 02:00:00,57,12
17,2024-09-01 03:00:00,57,12
17,2024-09-01 04:00:00,57,12
17,2024-09-01 05:00:00,57,12
17,2024-09-01 06:00:00,57,12
17,2024-09-01 07:00:00,57,12
17,2024-09-01 08:00:00,57,12
17,2024-09-01 09:00:00,57,12
17,2024-09-01 10:00:00,57,12
17,2024-09-01 11:00:00,57,12
17,2024-09-01 12:00:00,57,12
17,2024-09-01 13:00:00,57,12
17,2024-09-01 14:00:00,57,12
17,2024-09-01 15:00:00,57,12
17,2024-09-01 16:00:00,57,12
17,2024-09-01 17:00:00,57,12
17,2024-09-01 18:00:00,57,12
17,2024-09-01 19:00:00,57,12
17,2024-09-01 20:00:00,57,12
17,2024-09-01 21:00:00,57,12
17,2024-09-01 22:00:00,57,12
17,2024-09-01 23:00:00,57,12
17,2024-09-02 00:00:00,57,12
17,2024-09-02 01:00:00,57,12
17,2024-09-02 02:00:00,57,12
17,2024-09-02 03:00:00,57,12
17,2024-09-02 04:00:00,57,12
17,2024-09-02 05:00:00,57,12
17,2024-09-02 06:00:00,58,13
17,2024-09-02 07:00:00,59,14
17,2024-09-02 08:00:00,63,15
17,2024-09-02 09:00:00,66,16
17,2024-09-02 10:00:00,70,16
17,2024-09-02 11:00:00,72,16
17,2024-09-02 12:00:00,74,16
17,2024-09-02 13:00:00,75,16
17,2024-09-02 14:00:00,75,16
17,2024-09-02 15:00:00,75,16
17,2024-09-02 16:00:00,75,16
17,2024-09-02 17:00:00,75,16
17,2024-09-02 18:00:00,75,16
17,2024-09-02 19:00:00,75,16
17,2024-09-02 20:00:00,75,16
17,2024-09-02 21:00:00,75,16
17,2024-09-02 22:00:00,75,16
17,2024-09-02 23:00:00,75,16
17,2024-09-03 00:00:00,75,16
17,2024-09-03 01:00:00,75,16
17,2024-09-03 02:00:00,75,16
17,2024-09-03 03:00:00,75,16
17,2024-09-03 04:00:00,75,16
17,2024-09-03 05:00:00,75,16
17,2024-09-03 06:00:00,75,16
17,2024-09-03 07:00:00,75,16
17,2024-09-03 08:00:00,75,16
17,2024-09-03 09:00:00,75,16
17,2024-09-03 10:00:00,75,16
17,2024-09-03 11:00:00,75,16
17,2024-09-03 12:00:00,75,16
17,2024-09-03 13:00:00,75,16
17,2024-09-03 14:00:00,75,16
17,2024-09-03 15:00:00,75,16
17,2024-09-03 16:00:00,75,16
17,2024-09-03 17:00:00,75,16
17,2024-09-03 18:00:00,0,0
17,2024-09-03 19:00:00,0,0
17,2024-09-03 20:00:00,0,0
17,2024-09-03 21:00:00,0,0
17,2024-09-03 22:00:00,0,0
17,2024-09-03 23:00:00,0,0
18,2024-09-01 00:00:00,56,12
18,2024-09-01 01:00:00,56,12
18,2024-09-01 02:00:00,56,12
18,2024-09-01 03:00:00,56,12
18,2024-09-01 04:00:00,56,12
18,2024-09-01 05:00:00,56,12
18,2024-09-01 06:00:00,56,12
18,2024-09-01 07:00:00,56,12
18,2024-09-01 08:00:00,56,12
18,2024-09-01 09:00:00,56,12
18,2024-09-01 10:00:00,56,12
18,2024-09-01 11:00:00,56,12
18,2024-09-01 12:00:00,56,12
18,2024-09-01 13:00:00,56,12
18,2024-09-01 14:00:00,56,12
18,2024-09-01 15:00:00,56,12
18,2024-09-01 16:00:00,56,12
18,2024-09-01 17:00:00,56,12
18,2024-09-01 18:00:00,56,12
18,2024-09-01 19:00:00,56,12
18,2024-09-01 20:00:00,56,12
18,2024-09-01 21:00:00,56,12
18,2024-09-01 22:00:00,56,12
18,2024-09-01 23:00:00,56,12
18,2024-09-02 00:00:00,56,12
18,2024-09-02 01:00:00,56,12
18,2024-09-02 02:00:00,56,12
18,2024-09-02 03:00:00,56,12
18,2024-09-02 04:00:00,56,12
18,2024-09-02 05:00:00,56,12
18,2024-09-02 06:00:00,57,13
18,2024-09-02 07:00:00,58,14
18,2024-09-02 08:00:00,62,15
18,2024-09-02 09:00:00,65,16
18,2024-09-02 10:00:00,70,16
18,2024-09-02 11:00:00,73,16
18,2024-09-02 12:00:00,74,16
18,2024-09-02 13:00:00,75,16
18,2024-09-02 14:00:00,75,16
18,2024-09-02 15:00:00,75,16
18,2024-09-02 16:00:00,75,16
18,2024-09-02 17:00:00,75,16
18,2024-09-02 18:00:00,75,16
18,2024-09-02 19:00:00,75,16
18,2024-09-02 20:00:00,75,16
18,2024-09-02 21:00:00,75,16
18,2024-09-02 22:00:00,75,16
18,2024-09-02 23:00:00,75,16
18,2024-09-03 00:00:00,75,16
18,2024-09-03 01:00:00,75,16
18,2024-09-03 02:00:00,75,16
18,2024-09-03 03:00:00,75,16
18,2024-09-03 04:00:00,75,16
18,2024-09-03 05:00:00,75,16
18,2024-09-03 06:00:00,75,16
18,2024-09-03 07:00:00,75,16
18,2024-09-03 08:00:00,75,16
18,2024-09-03 09:00:00,75,16
18,2024-09-03 10:00:00,75,16
18,2024-09-03 11:00:00,75,16
18,2024-09-03 12:00:00,75,16
18,2024-09-03 13:00:00,75,16
18,2024-09-03 14:00:00,75,16
18,2024-09-03 15:00:00,75,16
18,2024-09-03 16:00:00,75,16
18,2024-09-03 17:00:00,75,16
18,2024-09-03 18:00:00,0,0
18,2024-09-03 19:00:00,0,0
18,2024-09-03 20:00:00,0,0
18,2024-09-03 21:00:00,0,0
18,2024-09-03 22:00:00,0,0
18,2024-09-03 23:00:00,0,0
19,2024-09-01 00:00:00,56,12
19,2024-09-01 01:00:00,56,12
19,2024-09-01 02:00:00,56,12
19,2024-09-01 03:00:00,56,12
19,2024-09-01 04:00:00,56,12
19,2024-09-01 05:00:00,56,12
19,2024-09-01 06:00:00,56,12
19,2024-09-01 07:00:00,56,12
19,2024-09-01 08:00:00,56,12
19,2024-09-01 09:00:00,56,12
19,2024-09-01 10:00:00,56,12
19,2024-09-01 11:00:00,56,12
19,2024-09-01 12:00:00,56,12
19,2024-09-01 13:00:00,56,12
19,2024-09-01 14:00:00,56,12
19,2024-09-01 15:00:00,56,12
19,2024-09-01 16:00:00,56,12
19,2024-09-01 17:00:00,56,12
19,2024-09-01 18:00:00,56,12
19,2024-09-01 19:00:00,56,12
19,2024-09-01 20:00:00,56,12
19,2024-09-01 21:00:00,56,12
19,2024-09-01 22:00:00,56,12
19,2024-09-01 23:00:00,56,12
19,2024-09-02 00:00:00,56,12
19,2024-09-02 01:00:00,56,12
19,2024-09-02 02:00:00,56,12
19,2024-09-02 03:00:00,56,12
19,2024-09-02 04:00:00,56,12
19,2024-09-02 05:00:00,56,12
19,2024-09-02 06:00:00,57,13
19,2024-09-02 07:00:00,58,14
19,2024-09-02 08:00:00,62,15
19,2024-09-02 09:00:00,65,16
19,2024-09-02 10:00:00,69,16
19,2024-09-02 11:00:00,72,16
19,2024-09-02 12:00:00,74,16
19,2024-09-02 13:00:00,75,16
19,2024-09-02 14:00:00,75,16
19,2024-09-02 15:00:00,75,16
19,2024-09-02 16:00:00,75,16
19,2024-09-02 17:00:00,75,16
19,2024-09-02 18:00:00,75,16
19,2024-09-02 19:00:00,75,16
19,2024-09-02 20:00:00,75,16
19,2024-09-02 21:00:00,75,16
19,2024-09-02 22:00:00,75,16
19,2024-09-02 23:00:00,75,16
19,2024-09-03 00:00:00,75,16
19,2024-09-03 01:00:00,75,16
19,2024-09-03 02:00:00,75,16
19,2024-09-03 03:00:00,75,16
19,2024-09-03 04:00:00,75,16
19,2024-09-03 05:00:00,75,16
19,2024-09-03 06:00:00,75,16
19,2024-09-03 07:00:00,75,16
19,2024-09-03 08:00:00,75,16
19,2024-09-03 09:00:00,75,16
19,2024-09-03 10:00:00,75,16
19,2024-09-03 11:00:00,75,16
19,2024-09-03 12:00:00,75,16
19,2024-09-03 13:00:00,75,16
19,2024-09-03 14:00:00,75,16
19,2024-09-03 15:00:00,75,16
19,2024-09-03 16:00:00,75,16
19,2024-09-03 17:00:00,75,16
19,2024-09-03 18:00:00,0,0
19,2024-09-03 19:00:00,0,0
19,2024-09-03 20:00:00,0,0
19,2024-09-03 21:00:00,0,0
19,2024-09-03 22:00:00,0,0
19,2024-09-03 23:00:00,0,0
20,2024-09-01 00:00:00,57,12
20,2024-09-01 01:00:00,57,12
20,2024-09-01 02:00:00,57,12
20,2024-09-01 03:00:00,57,12
20,2024-09-01 04:00:00,57,12
20,2024-09-01 05:00:00,57,12
20,2024-09-01 06:00:00,57,12
20,2024-09-01 07:00:00,57,12
20,2024-09-01 08:00:00,57,12
20,2024-09-01 09:00:00,57,12
20,2024-09-01 10:00:00,57,12
20,2024-09-01 11:00:00,57,12
20,2024-09-01 12:00:00,57,12
20,2024-09-01 13:00:00,57,12
20,2024-09-01 14:00:00,57,12
20,2024-09-01 15:00:00,57,12
20,2024-09-01 16:00:00,57,12
20,2024-09-01 17:00:00,57,12
20,2024-09-01 18:00:00,57,12
20,2024-09-01 19:00:00,57,12
20,2024-09-01 20:00:00,57,12
20,2024-09-01 21:00:00,57,12
20,2024-09-01 22:00:00,57,12
20,2024-09-01 23:00:00,57,12
20,2024-09-02 00:00:00,57,12
20,2024-09-02 01:00:00,57,12
20,2024-09-02 02:00:00,57,12
20,2024-09-02 03:00:00,57,12
20,2024-09-02 04:00:00,57,12
20,2024-09-02 05:00:00,57,12
20,2024-09-02 06:00:00,58,13
20,2024-09-02 07:00:00,59,14
20,2024-09-02 08:00:00,63,15
20,2024-09-02 09:00:00,66,16
20,2024-09-02 10:00:00,70,16
20,2024-09-02 11:00:00,73,16
20,2024-09-02 12:00:00,74,16
20,2024-09-02 13:00:00,75,16
20,2024-09-02 14:00:00,75,16
20,2024-09-02 15:00:00,75,16
20,2024-09-02 16:00:00,75,16
20,2024-09-02 17:00:00,75,16
20,2024-09-02 18:00:00,75,16
20,2024-09-02 19:00:00,75,16
20,2024-09-02 20:00:00,75,16
20,2024-09-02 21:00:00,75,16
20,2024-09-02 22:00:00,75,16
20,2024-09-02 23:00:00,75,16
20,2024-09-03 00:00:00,75,16
20,2024-09-03 01:00:00,75,16
20,2024-09-03 02:00:00,75,16
20,2024-09-03 03:00:00,75,16
20,2024-09-03 04:00:00,75,16
20,2024-09-03 05:00:00,75,16
20,2024-09-03 06:00:00,75,16
20,2024-09-03 07:00:00,75,16
20,2024-09-03 08:00:00,75,16
20,2024-09-03 09:00:00,75,16
20,2024-09-03 10:00:00,75,16
20,2024-09-03 11:00:00,75,16
20,2024-09-03 12:00:00,75,16
20,2024-09-03 13:00:00,75,16
20,2024-09-03 14:00:00,75,16
20,2024-09-03 15:00:00,75,16
20,2024-09-03 16:00:00,75,16
20,2024-09-03 17:00:00,75,16
20,2024-09-03 18:00:00,0,0
20,2024-09-03 19:00:00,0,0
20,2024-09-03 20:00:00,0,0
20,2024-09-03 21:00:00,0,0
20,2024-09-03 22:00:00,0,0
20,2024-09-03 23:00:00,0,0
21,2024-09-01 00:00:00,56,12
21,2024-09-01 01:00:00,56,12
21,2024-09-01 02:00:00,56,12
21,2024-09-01 03:00:00,56,12
21,2024-09-01 04:00:00,56,12
21,2024-09-01 05:00:00,56,12
21,2024-09-01 06:00:00,56,12
21,2024-09-01 07:00:00,56,12
21,2024-09-01 08:00:00,56,12
21,2024-09-01 09:00:00,56,12
21,2024-09-01 10:00:00,56,12
21,2024-09-01 11:00:00,56,12
21,2024-09-01 12:00:00,56,12
21,2024-09-01 13:00:00,56,12
21,2024-09-01 14:00:00,56,12
21,2024-09-01 15:00:00,56,12
21,2024-09-01 16:00:00,56,12
21,2024-09-01 17:00:00,56,12
21,2024-09-01 18:00:00,56,12
21,2024-09-01 19:00:00,56,12
21,2024-09-01 20:00:00,56,12
21,2024-09-01 21:00:00,56,12
21,2024-09-01 22:00:00,56,12
21,2024-09-01 23:00:00,56,12
21,2024-09-02 00:00:00,56,12
21,2024-09-02 01:00:00,56,12
21,2024-09-02 02:00:00,56,12
21,2024-09-02 03:00:00,56,12
21,2024-09-02 04:00:00,56,12
21,2024-09-02 05:00:00,56,12
21,2024-09-02 06:00:00,57,13
21,2024-09-02 07:00:00,58,14
21,2024-09-02 08:00:00,62,15
21,2024-09-02 09:00:00,65,16
21,2024-09-02 10:00:00,70,16
21,2024-09-02 11:00:00,72,16
21,2024-09-02 12:00:00,75,16
21,2024-09-02 13:00:00,75,16
21,2024-09-02 14:00:00,75,16
21,2024-09-02 15:00:00,75,16
21,2024-09-02 16:00:00,75,16
21,2024-09-02 17:00:00,75,16
21,2024-09-02 18:00:00,75,16
21,2024-09-02 19:00:00,75,16
21,2024-09-02 20:00:00,75,16
21,2024-09-02 21:00:00,75,16
21,2024-09-02 22:00:00,75,16
21,2024-09-02 23:00:00,75,16
21,2024-09-03 00:00:00,75,16
21,2024-09-03 01:00:00,75,16
21,2024-09-03 02:00:00,75,16
21,2024-09-03 03:00:00,75,16
21,2024-09-03 04:00:00,75,16
21,2024-09-03 05:00:00,75,16
21,2024-09-03 06:00:00,75,16
21,2024-09-03 07:00:00,75,16
21,2024-09-03 08:00:00,75,16
21,2024-09-03 09:00:00,75,16
21,2024-09-03 10:00:00,75,16
21,2024-09-03 11:00:00,75,16
21,2024-09-03 12:00:00,75,16
21,2024-09-03 13:00:00,75,16
21,2024-09-03 14:00:00,75,16
21,2024-09-03 15:00:00,75,16
21,2024-09-03 16:00:00,75,16
21,2024-09-03 17:00:00,75,16
21,2024-09-03 18:00:00,0,0
21,2024-09-03 19:00:00,0,0
21,2024-09-03 20:00:00,0,0
21,2024-09-03 21:00:00,0,0
21,2024-09-03 22:00:00,0,0
21,2024-09-03 23:00:00,0,0
22,2024-09-01 00:00:00,56,12
22,2024-09-01 01:00:00,56,12
22,2024-09-01 02:00:00,56,12
22,2024-09-01 03:00:00,56,12
22,2024-09-01 04:00:00,56,12
22,2024-09-01 05:00:00,56,12
22,2024-09-01 06:00:00,56,12
22,2024-09-01 07:00:00,56,12
22,2024-09-01 08:00:00,56,12
22,2024-09-01 09:00:00,56,12
22,2024-09-01 10:00:00,56,12
22,2024-09-01 11:00:00,56,12
22,2024-09-01 12:00:00,56,12
22,2024-09-01 13:00:00,56,12
22,2024-09-01 14:00:00,56,12
22,2024-09-01 15:00:00,56,12
22,2024-09-01 16:00:00,56,12
22,2024-09-01 17:00:00,56,12
22,2024-09-01 18:00:00,56,12
22,2024-09-01 19:00:00,56,12
22,2024-09-01 20:00:00,56,12
22,2024-09-01 21:00:00,56,12
22,2024-09-01 22:00:00,56,12
22,2024-09-01 23:00:00,56,12
22,2024-09-02 00:00:00,56,12
22,2024-09-02 01:00:00,56,12
22,2024-09-02 02:00:00,56,12
22,2024-09-02 03:00:00,56,12
22,2024-09-02 04:00:00,56,12
22,2024-09-02 05:00:00,56,12
22,2024-09-02 06:00:00,57,13
22,2024-09-02 07:00:00,58,14
22,2024-09-02 08:00:00,62,15
22,2024-09-02 09:00:00,65,16
22,2024-09-02 10:00:00,69,16
22,2024-09-02 11:00:00,72,16
22,2024-09-02 12:00:00,74,16
22,2024-09-02 13:00:00,75,16
22,2024-09-02 14:00:00,75,16
22,2024-09-02 15:00:00,75,16
22,2024-09-02 16:00:00,75,16
22,2024-09-02 17:00:00,75,16
22,2024-09-02 18:00:00,75,16
22,2024-09-02 19:00:00,75,16
22,2024-09-02 20:00:00,75,16
22,2024-09-02 21:00:00,75,16
22,2024-09-02 22:00:00,75,16
22,2024-09-02 23:00:00,75,16
22,2024-09-03 00:00:00,75,16
22,2024-09-03 01:00:00,75,16
22,2024-09-03 02:00:00,75,16
22,2024-09-03 03:00:00,75,16
22,2024-09-03 04:00:00,75,16
22,2024-09-03 05:00:00,75,16
22,2024-09-03 06:00:00,75,16
22,2024-09-03 07:00:00,75,16
22,2024-09-03 08:00:00,75,16
22,2024-09-03 09:00:00,75,16
22,2024-09-03 10:00:00,75,16
22,2024-09-03 11:00:00,75,16
22,2024-09-03 12:00:00,75,16
22,2024-09-03 13:00:00,75,16
22,2024-09-03 14:00:00,75,16
22,2024-09-03 15:00:00,75,16
22,2024-09-03 16:00:00,75,16
22,2024-09-03 17:00:00,75,16
22,2024-09-03 18:00:00,0,0
22,2024-09-03 19:00:00,0,0
22,2024-09-03 20:00:00,0,0
22,2024-09-03 21:00:00,0,0
22,2024-09-03 22:00:00,0,0
22,2024-09-03 23:00:00,0,0
23,2024-09-01 00:00:00,55,12
23,2024-09-01 01:00:00,55,12
23,2024-09-01 02:00:00,55,12
23,2024-09-01 03:00:00,55,12
23,2024-09-01 04:00:00,55,12
23,2024-09-01 05:00:00,55,12
23,2024-09-01 06:00:00,55,12
23,2024-09-01 07:00:00,55,12
23,2024-09-01 08:00:00,55,12
23,2024-09-01 09:00:00,55,12
23,2024-09-01 10:00:00,55,12
23,2024-09-01 11:00:00,55,12
23,2024-09-01 12:00:00,55,12
23,2024-09-01 13:00:00,55,12
23,2024-09-01 14:00:00,55,12
23,2024-09-01 15:00:00,55,12
23,2024-09-01 16:00:00,55,12
23,2024-09-01 17:00:00,55,12
23,2024-09-01 18:00:00,55,12
23,2024-09-01 19:00:00,55,12
23,2024-09-01 20:00:00,55,12
23,2024-09-01 21:00:00,55,12
23,2024-09-01 22:00:00,55,12
23,2024-09-01 23:00:00,55,12
23,2024-09-02 00:00:00,55,12
23,2024-09-02 01:00:00,55,12
23,2024-09-02 02:00:00,55,12
23,2024-09-02 03:00:00,55,12
23,2024-09-02 04:00:00,55,12
23,2024-09-02 05:00:00,55,12
23,2024-09-02 06:00:00,56,13
23,2024-09-02 07:00:00,57,14
23,2024-09-02 08:00:00,61,15
23,2024-09-02 09:00:00,64,16
23,2024-09-02 10:00:00,69,16
23,2024-09-02 11:00:00,72,16
23,2024-09-02 12:00:00,75,16
23,2024-09-02 13:00:00,75,16
23,2024-09-02 14:00:00,75,16
23,2024-09-02 15:00:00,75,16
23,2024-09-02 16:00:00,75,16
23,2024-09-02 17:00:00,75,16
23,2024-09-02 18:00:00,75,16
23,2024-09-02 19:00:00,75,16
23,2024-09-02 20:00:00,75,16
23,2024-09-02 21:00:00,75,16
23,2024-09-02 22:00:00,75,16
23,2024-09-02 23:00:00,75,16
23,2024-09-03 00:00:00,75,16
23,2024-09-03 01:00:00,75,16
23,2024-09-03 02:00:00,75,16
23,2024-09-03 03:00:00,75,16
23,2024-09-03 04:00:00,75,16
23,2024-09-03 05:00:00,75,16
23,2024-09-03 06:00:00,75,16
23,2024-09-03 07:00:00,75,16
23,2024-09-03 08:00:00,75,16
23,2024-09-03 09:00:00,75,16
23,2024-09-03 10:00:00,75,16
23,2024-09-03 11:00:00,75,16
23,2024-09-03 12:00:00,75,16
23,2024-09-03 13:00:00,75,16
23,2024-09-03 14:00:00,75,16
23,2024-09-03 15:00:00,75,16
23,2024-09-03 16:00:00,75,16
23,2024-09-03 17:00:00,75,16
23,2024-09-03 18:00:00,0,0
23,2024-09-03 19:00:00,0,0
23,2024-09-03 20:00:00,0,0
23,2024-09-03 21:00:00,0,0
23,2024-09-03 22:00:00,0,0
23,2024-09-03 23:00:00,0,0
24,2024-09-01 00:00:00,55,12
24,2024-09-01 01:00:00,55,12
24,2024-09-01 02:00:00,55,12
24,2024-09-01 03:00:00,55,12
24,2024-09-01 04:00:00,55,12
24,2024-09-01 05:00:00,55,12
24,2024-09-01 06:00:00,55,12
24,2024-09-01 07:00:00,55,12
24,2024-09-01 08:00:00,55,12
24,2024-09-01 09:00:00,55,12
24,2024-09-01 10:00:00,55,12
24,2024-09-01 11:00:00,55,12
24,2024-09-01 12:00:00,55,12
24,2024-09-01 13:00:00,55,12
24,2024-09-01 14:00:00,55,12
24,2024-09-01 15:00:00,55,12
24,2024-09-01 16:00:00,55,12
24,2024-09-01 17:00:00,55,12
24,2024-09-01 18:00:00,55,12
24,2024-09-01 19:00:00,55,12
24,2024-09-01 20:00:00,55,12
24,2024-09-01 21:00:00,55,12
24,2024-09-01 22:00:00,55,12
24,2024-09-01 23:00:00,55,12
24,2024-09-02 00:00:00,55,12
24,2024-09-02 01:00:00,55,12
24,2024-09-02 02:00:00,55,12
24,2024-09-02 03:00:00,55,12
24,2024-09-02 04:00:00,55,12
24,2024-09-02 05:00:00,55,12
24,2024-09-02 06:00:00,56,13
24,2024-09-02 07:00:00,57,14
24,2024-09-02 08:00:00,61,15
24,2024-09-02 09:00:00,64,16
24,2024-09-02 10:00:00,69,16
24,2024-09-02 11:00:00,72,16
24,2024-09-02 12:00:00,75,16
24,2024-09-02 13:00:00,75,16
24,2024-09-02 14:00:00,75,16
24,2024-09-02 15:00:00,75,16
24,2024-09-02 16:00:00,75,16
24,2024-09-02 17:00:00,75,16
24,2024-09-02 18:00:00,75,16
24,2024-09-02 19:00:00,75,16
24,2024-09-02 20:00:00,75,16
24,2024-09-02 21:00:00,75,16
24,2024-09-02 22:00:00,75,16
24,2024-09-02 23:00:00,75,16
24,2024-09-03 00:00:00,75,16
24,2024-09-03 01:00:00,75,16
24,2024-09-03 02:00:00,75,16
24,2024-09-03 03:00:00,75,16
24,2024-09-03 04:00:00,75,16
24,2024-09-03 05:00:00,75,16
24,2024-09-03 06:00:00,75,16
24,2024-09-03 07:00:00,75,16
24,2024-09-03 08:00:00,75,16
24,2024-09-03 09:00:00,75,16
24,2024-09-03 10:00:00,75,16
24,2024-09-03 11:00:00,75,16
24,2024-09-03 12:00:00,75,16
24,2024-09-03 13:00:00,75,16
24,2024-09-03 14:00:00,75,16
24,2024-09-03 15:00:00,75,16
24,2024-09-03 16:00:00,75,16
24,2024-09-03 17:00:00,75,16
24,2024-09-03 18:00:00,0,0
24,2024-09-03 19:00:00,0,0
24,2024-09-03 20:00:00,0,0
24,2024-09-03 21:00:00,0,0
24,2024-09-03 22:00:00,0,0
24,2024-09-03 23:00:00,0,0
25,2024-09-01 00:00:00,58,12
25,2024-09-01 01:00:00,58,12
25,2024-09-01 02:00:00,58,12
25,2024-09-01 03:00:00,58,12
25,2024-09-01 04:00:00,58,12
25,2024-09-01 05:00:00,58,12
25,2024-09-01 06:00:00,58,12
25,2024-09-01 07:00:00,58,12
25,2024-09-01 08:00:00,58,12
25,2024-09-01 09:00:00,58,12
25,2024-09-01 10:00:00,58,12
25,2024-09-01 11:00:00,58,12
25,2024-09-01 12:00:00,58,12
25,2024-09-01 13:00:00,58,12
25,2024-09-01 14:00:00,58,12
25,2024-09-01 15:00:00,58,12
25,2024-09-01 16:00:00,58,12
25,2024-09-01 17:00:00,58,12
25,2024-09-01 18:00:00,58,12
25,2024-09-01 19:00:00,58,12
25,2024-09-01 20:00:00,58,12
25,2024-09-01 21:00:00,58,12
25,2024-09-01 22:00:00,58,12
25,2024-09-01 23:00:00,58,12
25,2024-09-02 00:00:00,58,12
25,2024-09-02 01:00:00,58,12
25,2024-09-02 02:00:00,58,12
25,2024-09-02 03:00:00,58,12
25,2024-09-02 04:00:00,58,12
25,2024-09-02 05:00:00,58,12
25,2024-09-02 06:00:00,59,13
25,2024-09-02 07:00:00,60,14
25,2024-09-02 08:00:00,64,15
25,2024-09-02 09:00:00,67,16
25,2024-09-02 10:00:00,71,16
25,2024-09-02 11:00:00,73,16
25,2024-09-02 12:00:00,74,16
25,2024-09-02 13:00:00,75,16
25,2024-09-02 14:00:00,75,16
25,2024-09-02 15:00:00,75,16
25,2024-09-02 16:00:00,75,16
25,2024-09-02 17:00:00,75,16
25,2024-09-02 18:00:00,75,16
25,2024-09-02 19:00:00,75,16
25,2024-09-02 20:00:00,75,16
25,2024-09-02 21:00:00,75,16
25,2024-09-02 22:00:00,75,16
25,2024-09-02 23:00:00,75,16
25,2024-09-03 00:00:00,75,16
25,2024-09-03 01:00:00,75,16
25,2024-09-03 02:00:00,75,16
25,2024-09-03 03:00:00,75,16
25,2024-09-03 04:00:00,75,16
25,2024-09-03 05:00:00,75,16
25,2024-09-03 06:00:00,75,16
25,2024-09-03 07:00:00,75,16
25,2024-09-03 08:00:00,75,16
25,2024-09-03 09:00:00,75,16
25,2024-09-03 10:00:00,75,16
25,2024-09-03 11:00:00,75,16
25,2024-09-03 12:00:00,75,16
25,2024-09-03 13:00:00,75,16
25,2024-09-03 14:00:00,75,16
25,2024-09-03 15:00:00,75,16
25,2024-09-03 16:00:00,75,16
25,2024-09-03 17:00:00,75,16
25,2024-09-03 18:00:00,0,0
25,2024-09-03 19:00:00,0,0
25,2024-09-03 20:00:00,0,0
25,2024-09-03 21:00:00,0,0
25,2024-09-03 22:00:00,0,0
25,2024-09-03 23:00:00,0,0
26,2024-09-01 00:00:00,55,12
26,2024-09-01 01:00:00,55,12
26,2024-09-01 02:00:00,55,12
26,2024-09-01 03:00:00,55,12
26,2024-09-01 04:00:00,55,12
26,2024-09-01 05:00:00,55,12
26,2024-09-01 06:00:00,55,12
26,2024-09-01 07:00:00,55,12
26,2024-09-01 08:00:00,55,12
26,2024-09-01 09:00:00,55,12
26,2024-09-01 10:00:00,55,12
26,2024-09-01 11:00:00,55,12
26,2024-09-01 12:00:00,55,12
26,2024-09-01 13:00:00,55,12
26,2024-09-01 14:00:00,55,12
26,2024-09-01 15:00:00,55,12
26,2024-09-01 16:00:00,55,12
26,2024-09-01 17:00:00,55,12
26,2024-09-01 18:00:00,55,12
26,2024-09-01 19:00:00,55,12
26,2024-09-01 20:00:00,55,12
26,2024-09-01 21:00:00,55,12
26,2024-09-01 22:00:00,55,12
26,2024-09-01 23:00:00,55,12
26,2024-09-02 00:00:00,55,12
26,2024-09-02 01:00:00,55,12
26,2024-09-02 02:00:00,55,12
26,2024-09-02 03:00:00,55,12
26,2024-09-02 04:00:00,55,12
26,2024-09-02 05:00:00,55,12
26,2024-09-02 06:00:00,56,13
26,2024-09-02 07:00:00,57,14
26,2024-09-02 08:00:00,61,15
26,2024-09-02 09:00:00,64,16
26,2024-09-02 10:00:00,69,16
26,2024-09-02 11:00:00,72,16
26,2024-09-02 12:00:00,75,16
26,2024-09-02 13:00:00,75,16
26,2024-09-02 14:00:00,75,16
26,2024-09-02 15:00:00,75,16
26,2024-09-02 16:00:00,75,16
26,2024-09-02 17:00:00,75,16
26,2024-09-02 18:00:00,75,16
26,2024-09-02 19:00:00,75,16
26,2024-09-02 20:00:00,75,16
26,2024-09-02 21:00:00,75,16
26,2024-09-02 22:00:00,75,16
26,2024-09-02 23:00:00,75,16
26,2024-09-03 00:00:00,75,16
26,2024-09-03 01:00:00,75,16
26,2024-09-03 02:00:00,75,16
26,2024-09-03 03:00:00,75,16
26,2024-09-03 04:00:00,75,16
26,2024-09-03 05:00:00,75,16
26,2024-09-03 06:00:00,75,16
26,2024-09-03 07:00:00,75,16
26,2024-09-03 08:00:00,75,16
26,2024-09-03 09:00:00,75,16
26,2024-09-03 10:00:00,75,16
26,2024-09-03 11:00:00,75,16
26,2024-09-03 12:00:00,75,16
26,2024-09-03 13:00:00,75,16
26,2024-09-03 14:00:00,75,16
26,2024-09-03 15:00:00,75,16
26,2024-09-03 16:00:00,75,16
26,2024-09-03 17:00:00,75,16
26,2024-09-03 18:00:00,0,0
26,2024-09-03 19:00:00,0,0
26,2024-09-03 20:00:00,0,0
26,2024-09-03 21:00:00,0,0
26,2024-09-03 22:00:00,0,0
26,2024-09-03 23:00:00,0,0
27,2024-09-01 00:00:00,57,12
27,2024-09-01 01:00:00,57,12
27,2024-09-01 02:00:00,57,12
27,2024-09-01 03:00:00,57,12
27,2024-09-01 04:00:00,57,12
27,2024-09-01 05:00:00,57,12
27,2024-09-01 06:00:00,57,12
27,2024-09-01 07:00:00,57,12
27,2024-09-01 08:00:00,57,12
27,2024-09-01 09:00:00,57,12
27,2024-09-01 10:00:00,57,12
27,2024-09-01 11:00:00,57,12
27,2024-09-01 12:00:00,57,12
27,2024-09-01 13:00:00,57,12
27,2024-09-01 14:00:00,57,12
27,2024-09-01 15:00:00,57,12
27,2024-09-01 16:00:00,57,12
27,2024-09-01 17:00:00,57,12
27,2024-09-01 18:00:00,57,12
27,2024-09-01 19:00:00,57,12
27,2024-09-01 20:00:00,57,12
27,2024-09-01 21:00:00,57,12
27,2024-09-01 22:00:00,57,12
27,2024-09-01 23:00:00,57,12
27,2024-09-02 00:00:00,57,12
27,2024-09-02 01:00:00,57,12
27,2024-09-02 02:00:00,57,12
27,2024-09-02 03:00:00,57,12
27,2024-09-02 04:00:00,57,12
27,2024-09-02 05:00:00,57,12
27,2024-09-02 06:00:00,58,13
27,2024-09-02 07:00:00,59,14
27,2024-09-02 08:00:00,63,15
27,2024-09-02 09:00:00,66,16
27,2024-09-02 10:00:00,70,16
27,2024-09-02 11:00:00,72,16
27,2024-09-02 12:00:00,74,16
27,2024-09-02 13:00:00,75,16
27,2024-09-02 14:00:00,75,16
27,2024-09-02 15:00:00,75,16
27,2024-09-02 16:00:00,75,16
27,2024-09-02 17:00:00,75,16
27,2024-09-02 18:00:00,75,16
27,2024-09-02 19:00:00,75,16
27,2024-09-02 20:00:00,75,16
27,2024-09-02 21:00:00,75,16
27,2024-09-02 22:00:00,75,16
27,2024-09-02 23:00:00,75,16
27,2024-09-03 00:00:00,75,16
27,2024-09-03 01:00:00,75,16
27,2024-09-03 02:00:00,75,16
27,2024-09-03 03:00:00,75,16
27,2024-09-03 04:00:00,75,16
27,2024-09-03 05:00:00,75,16
27,2024-09-03 06:00:00,75,16
27,2024-09-03 07:00:00,75,16
27,2024-09-03 08:00:00,75,16
27,2024-09-03 09:00:00,75,16
27,2024-09-03 10:00:00,75,16
27,2024-09-03 11:00:00,75,16
27,2024-09-03 12:00:00,75,16
27,2024-09-03 13:00:00,75,16
27,2024-09-03 14:00:00,75,16
27,2024-09-03 15:00:00,75,16
27,2024-09-03 16:00:00,75,16
27,2024-09-03 17:00:00,75,16
27,2024-09-03 18:00:00,0,0
27,2024-09-03 19:00:00,0,0
27,2024-09-03 20:00:00,0,0
27,2024-09-03 21:00:00,0,0
27,2024-09-03 22:00:00,0,0
27,2024-09-03 23:00:00,0,0
28,2024-09-01 00:00:00,55,12
28,2024-09-01 01:00:00,55,12
28,2024-09-01 02:00:00,55,12
28,2024-09-01 03:00:00,55,12
28,2024-09-01 04:00:00,55,12
28,2024-09-01 05:00:00,55,12
28,2024-09-01 06:00:00,55,12
28,2024-09-01 07:00:00,55,12
28,2024-09-01 08:00:00,55,12
28,2024-09-01 09:00:00,55,12
28,2024-09-01 10:00:00,55,12
28,2024-09-01 11:00:00,55,12
28,2024-09-01 12:00:00,55,12
28,2024-09-01 13:00:00,55,12
28,2024-09-01 14:00:00,55,12
28,2024-09-01 15:00:00,55,12
28,2024-09-01 16:00:00,55,12
28,2024-09-01 17:00:00,55,12
28,2024-09-01 18:00:00,55,12
28,2024-09-01 19:00:00,55,12
28,2024-09-01 20:00:00,55,12
28,2024-09-01 21:00:00,55,12
28,2024-09-01 22:00:00,55,12
28,2024-09-01 23:00:00,55,12
28,2024-09-02 00:00:00,55,12
28,2024-09-02 01:00:00,55,12
28,2024-09-02 02:00:00,55,12
28,2024-09-02 03:00:00,55,12
28,2024-09-02 04:00:00,55,12
28,2024-09-02 05:00:00,55,12
28,2024-09-02 06:00:00,56,13
28,2024-09-02 07:00:00,57,14
28,2024-09-02 08:00:00,61,15
28,2024-09-02 09:00:00,64,16
28,2024-09-02 10:00:00,68,16
28,2024-09-02 11:00:00,72,16
28,2024-09-02 12:00:00,74,16
28,2024-09-02 13:00:00,75,16
28,2024-09-02 14:00:00,75,16
28,2024-09-02 15:00:00,75,16
28,2024-09-02 16:00:00,75,16
28,2024-09-02 17:00:00,75,16
28,2024-09-02 18:00:00,75,16
28,2024-09-02 19:00:00,75,16
28,2024-09-02 20:00:00,75,16
28,2024-09-02 21:00:00,75,16
28,2024-09-02 22:00:00,75,16
28,2024-09-02 23:00:00,75,16
28,2024-09-03 00:00:00,75,16
28,2024-09-03 01:00:00,75,16
28,2024-09-03 02:00:00,75,16
28,2024-09-03 03:00:00,75,16
28,2024-09-03 04:00:00,75,16
28,2024-09-03 05:00:00,75,16
28,2024-09-03 06:00:00,75,16
28,2024-09-03 07:00:00,75,16
28,2024-09-03 08:00:00,75,16
28,2024-09-03 09:00:00,75,16
28,2024-09-03 10:00:00,75,16
28,2024-09-03 11:00:00,75,16
28,2024-09-03 12:00:00,75,16
28,2024-09-03 13:00:00,75,16
28,2024-09-03 14:00:00,75,16
28,2024-09-03 15:00:00,75,16
28,2024-09-03 16:00:00,75,16
28,2024-09-03 17:00:00,75,16
28,2024-09-03 18:00:00,0,0
28,2024-09-03 19:00:00,0,0
28,2024-09-03 20:00:00,0,0
28,2024-09-03 21:00:00,0,0
28,2024-09-03 22:00:00,0,0
28,2024-09-03 23:00:00,0,0
29,2024-09-01 00:00:00,55,12
29,2024-09-01 01:00:00,55,12
29,2024-09-01 02:00:00,55,12
29,2024-09-01 03:00:00,55,12
29,2024-09-01 04:00:00,55,12
29,2024-09-01 05:00:00,55,12
29,2024-09-01 06:00:00,55,12
29,2024-09-01 07:00:00,55,12
29,2024-09-01 08:00:00,55,12
29,2024-09-01 09:00:00,55,12
29,2024-09-01 10:00:00,55,12
29,2024-09-01 11:00:00,55,12
29,2024-09-01 12:00:00,55,12
29,2024-09-01 13:00:00,55,12
29,2024-09-01 14:00:00,55,12
29,2024-09-01 15:00:00,55,12
29,2024-09-01 16:00:00,55,12
29,2024-09-01 17:00:00,55,12
29,2024-09-01 18:00:00,55,12
29,2024-09-01 19:00:00,55,12
29,2024-09-01 20:00:00,55,12
29,2024-09-01 21:00:00,55,12
29,2024-09-01 22:00:00,55,12
29,2024-09-01 23:00:00,55,12
29,2024-09-02 00:00:00,55,12
29,2024-09-02 01:00:00,55,12
29,2024-09-02 02:00:00,55,12
29,2024-09-02 03:00:00,55,12
29,2024-09-02 04:00:00,55,12
29,2024-09-02 05:00:00,55,12
29,2024-09-02 06:00:00,56,13
29,2024-09-02 07:00:00,57,14
29,2024-09-02 08:00:00,61,15
29,2024-09-02 09:00:00,64,16
29,2024-09-02 10:00:00,68,16
29,2024-09-02 11:00:00,72,16
29,2024-09-02 12:00:00,75,16
29,2024-09-02 13:00:00,75,16
29,2024-09-02 14:00:00,75,16
29,2024-09-02 15:00:00,75,16
29,2024-09-02 16:00:00,75,16
29,2024-09-02 17:00:00,75,16
29,2024-09-02 18:00:00,75,16
29,2024-09-02 19:00:00,75,16
29,2024-09-02 20:00:00,75,16
29,2024-09-02 21:00:00,75,16
29,2024-09-02 22:00:00,75,16
29,2024-09-02 23:00:00,75,16
29,2024-09-03 00:00:00,75,16
29,2024-09-03 01:00:00,75,16
29,2024-09-03 02:00:00,75,16
29,2024-09-03 03:00:00,75,16
29,2024-09-03 04:00:00,75,16
29,2024-09-03 05:00:00,75,16
29,2024-09-03 06:00:00,75,16
29,2024-09-03 07:00:00,75,16
29,2024-09-03 08:00:00,75,16
29,2024-09-03 09:00:00,75,16
29,2024-09-03 10:00:00,75,16
29,2024-09-03 11:00:00,75,16
29,2024-09-03 12:00:00,75,16
29,2024-09-03 13:00:00,75,16
29,2024-09-03 14:00:00,75,16
29,2024-09-03 15:00:00,75,16
29,2024-09-03 16:00:00,75,16
29,2024-09-03 17:00:00,75,16
29,2024-09-03 18:00:00,0,0
29,2024-09-03 19:00:00,0,0
29,2024-09-03 20:00:00,0,0
29,2024-09-03 21:00:00,0,0
29,2024-09-03 22:00:00,0,0
29,2024-09-03 23:00:00,0,0
30,2024-09-01 00:00:00,56,12
30,2024-09-01 01:00:00,56,12
30,2024-09-01 02:00:00,56,12
30,2024-09-01 03:00:00,56,12
30,2024-09-01 04:00:00,56,12
30,2024-09-01 05:00:00,56,12
30,2024-09-01 06:00:00,56,12
30,2024-09-01 07:00:00,56,12
30,2024-09-01 08:00:00,56,12
30,2024-09-01 09:00:00,56,12
30,2024-09-01 10:00:00,56,12
30,2024-09-01 11:00:00,56,12
30,2024-09-01 12:00:00,56,12
30,2024-09-01 13:00:00,56,12
30,2024-09-01 14:00:00,56,12
30,2024-09-01 15:00:00,56,12
30,2024-09-01 16:00:00,56,12
30,2024-09-01 17:00:00,56,12
30,2024-09-01 18:00:00,56,12
30,2024-09-01 19:00:00,56,12
30,2024-09-01 20:00:00,56,12
30,2024-09-01 21:00:00,56,12
30,2024-09-01 22:00:00,56,12
30,2024-09-01 23:00:00,56,12
30,2024-09-02 00:00:00,56,12
30,2024-09-02 01:00:00,56,12
30,2024-09-02 02:00:00,56,12
30,2024-09-02 03:00:00,56,12
30,2024-09-02 04:00:00,56,12
30,2024-09-02 05:00:00,56,12
30,2024-09-02 06:00:00,57,13
30,2024-09-02 07:00:00,58,14
30,2024-09-02 08:00:00,62,15
30,2024-09-02 09:00:00,65,16
30,2024-09-02 10:00:00,69,16
30,2024-09-02 11:00:00,72,16
30,2024-09-02 12:00:00,74,16
30,2024-09-02 13:00:00,75,16
30,2024-09-02 14:00:00,75,16
30,2024-09-02 15:00:00,75,16
30,2024-09-02 16:00:00,75,16
30,2024-09-02 17:00:00,75,16
30,2024-09-02 18:00:00,75,16
30,2024-09-02 19:00:00,75,16
30,2024-09-02 20:00:00,75,16
30,2024-09-02 21:00:00,75,16
30,2024-09-02 22:00:00,75,16
30,2024-09-02 23:00:00,75,16
30,2024-09-03 00:00:00,75,16
30,2024-09-03 01:00:00,75,16
30,2024-09-03 02:00:00,75,16
30,2024-09-03 03:00:00,75,16
30,2024-09-03 04:00:00,75,16
30,2024-09-03 05:00:00,75,16
30,2024-09-03 06:00:00,75,16
30,2024-09-03 07:00:00,75,16
30,2024-09-03 08:00:00,75,16
30,2024-09-03 09:00:00,75,16
30,2024-09-03 10:00:00,75,16
30,2024-09-03 11:00:00,75,16
30,2024-09-03 12:00:00,75,16
30,2024-09-03 13:00:00,75,16
30,2024-09-03 14:00:00,75,16
30,2024-09-03 15:00:00,75,16
30,2024-09-03 16:00:00,75,16
30,2024-09-03 17:00:00,75,16
30,2024-09-03 18:00:00,0,0
30,2024-09-03 19:00:00,0,0
30,2024-09-03 20:00:00,0,0
30,2024-09-03 21:00:00,0,0
30,2024-09-03 22:00:00,0,0
30,2024-09-03 23:00:00,0,0
31,2024-09-01 00:00:00,57,12
31,2024-09-01 01:00:00,57,12
31,2024-09-01 02:00:00,57,12
31,2024-09-01 03:00:00,57,12
31,2024-09-01 04:00:00,57,12
31,2024-09-01 05:00:00,57,12
31,2024-09-01 06:00:00,57,12
31,2024-09-01 07:00:00,57,12
31,2024-09-01 08:00:00,57,12
31,2024-09-01 09:00:00,57,12
31,2024-09-01 10:00:00,57,12
31,2024-09-01 11:00:00,57,12
31,2024-09-01 12:00:00,57,12
31,2024-09-01 13:00:00,57,12
31,2024-09-01 14:00:00,57,12
31,2024-09-01 15:00:00,57,12
31,2024-09-01 16:00:00,57,12
31,2024-09-01 17:00:00,57,12
31,2024-09-01 18:00:00,57,12
31,2024-09-01 19:00:00,57,12
31,2024-09-01 20:00:00,57,12
31,2024-09-01 21:00:00,57,12
31,2024-09-01 22:00:00,57,12
31,2024-09-01 23:00:00,57,12
31,2024-09-02 00:00:00,57,12
31,2024-09-02 01:00:00,57,12
31,2024-09-02 02:00:00,57,12
31,2024-09-02 03:00:00,57,12
31,2024-09-02 04:00:00,57,12
31,2024-09-02 05:00:00,57,12
31,2024-09-02 06:00:00,58,13
31,2024-09-02 07:00:00,59,14
31,2024-09-02 08:00:00,63,15
31,2024-09-02 09:00:00,66,16
31,2024-09-02 10:00:00,71,16
31,2024-09-02 11:00:00,73,16
31,2024-09-02 12:00:00,75,16
31,2024-09-02 13:00:00,75,16
31,2024-09-02 14:00:00,75,16
31,2024-09-02 15:00:00,75,16
31,2024-09-02 16:00:00,75,16
31,2024-09-02 17:00:00,75,16
31,2024-09-02 18:00:00,75,16
31,2024-09-02 19:00:00,75,16
31,2024-09-02 20:00:00,75,16
31,2024-09-02 21:00:00,75,16
31,2024-09-02 22:00:00,75,16
31,2024-09-02 23:00:00,75,16
31,2024-09-03 00:00:00,75,16
31,2024-09-03 01:00:00,75,16
31,2024-09-03 02:00:00,75,16
31,2024-09-03 03:00:00,75,16
31,2024-09-03 04:00:00,75,16
31,2024-09-03 05:00:00,75,16
31,2024-09-03 06:00:00,75,16
31,2024-09-03 07:00:00,75,16
31,2024-09-03 08:00:00,75,16
31,2024-09-03 09:00:00,75,16
31,2024-09-03 10:00:00,75,16
31,2024-09-03 11:00:00,75,16
31,2024-09-03 12:00:00,75,16
31,2024-09-03 13:00:00,75,16
31,2024-09-03 14:00:00,75,16
31,2024-09-03 15:00:00,75,16
31,2024-09-03 16:00:00,75,16
31,2024-09-03 17:00:00,75,16
31,2024-09-03 18:00:00,0,0
31,2024-09-03 19:00:00,0,0
31,2024-09-03 20:00:00,0,0
31,2024-09-03 21:00:00,0,0
31,2024-09-03 22:00:00,0,0
31,2024-09-03 23:00:00,0,0
32,2024-09-01 00:00:00,56,12
32,2024-09-01 01:00:00,56,12
32,2024-09-01 02:00:00,56,12
32,2024-09-01 03:00:00,56,12
32,2024-09-01 04:00:00,56,12
32,2024-09-01 05:00:00,56,12
32,2024-09-01 06:00:00,56,12
32,2024-09-01 07:00:00,56,12
32,2024-09-01 08:00:00,56,12
32,2024-09-01 09:00:00,56,12
32,2024-09-01 10:00:00,56,12
32,2024-09-01 11:00:00,56,12
32,2024-09-01 12:00:00,56,12
32,2024-09-01 13:00:00,56,12
32,2024-09-01 14:00:00,56,12
32,2024-09-01 15:00:00,56,12
32,2024-09-01 16:00:00,56,12
32,2024-09-01 17:00:00,56,12
32,2024-09-01 18:00:00,56,12
32,2024-09-01 19:00:00,56,12
32,2024-09-01 20:00:00,56,12
32,2024-09-01 21:00:00,56,12
32,2024-09-01 22:00:00,56,12
32,2024-09-01 23:00:00,56,12
32,2024-09-02 00:00:00,56,12
32,2024-09-02 01:00:00,56,12
32,2024-09-02 02:00:00,56,12
32,2024-09-02 03:00:00,56,12
32,2024-09-02 04:00:00,56,12
32,2024-09-02 05:00:00,56,12
32,2024-09-02 06:00:00,57,13
32,2024-09-02 07:00:00,58,14
32,2024-09-02 08:00:00,62,15
32,2024-09-02 09:00:00,65,16
32,2024-09-02 10:00:00,69,16
32,2024-09-02 11:00:00,72,16
32,2024-09-02 12:00:00,75,16
32,2024-09-02 13:00:00,75,16
32,2024-09-02 14:00:00,75,16
32,2024-09-02 15:00:00,75,16
32,2024-09-02 16:00:00,75,16
32,2024-09-02 17:00:00,75,16
32,2024-09-02 18:00:00,75,16
32,2024-09-02 19:00:00,75,16
32,2024-09-02 20:00:00,75,16
32,2024-09-02 21:00:00,75,16
32,2024-09-02 22:00:00,75,16
32,2024-09-02 23:00:00,75,16
32,2024-09-03 00:00:00,75,16
32,2024-09-03 01:00:00,75,16
32,2024-09-03 02:00:00,75,16
32,2024-09-03 03:00:00,75,16
32,2024-09-03 04:00:00,75,16
32,2024-09-03 05:00:00,75,16
32,2024-09-03 06:00:00,75,16
32,2024-09-03 07:00:00,75,16
32,2024-09-03 08:00:00,75,16
32,2024-09-03 09:00:00,75,16
32,2024-09-03 10:00:00,75,16
32,2024-09-03 11:00:00,75,16
32,2024-09-03 12:00:00,75,16
32,2024-09-03 13:00:00,75,16
32,2024-09-03 14:00:00,75,16
32,2024-09-03 15:00:00,75,16
32,2024-09-03 16:00:00,75,16
32,2024-09-03 17:00:00,75,16
32,2024-09-03 18:00:00,0,0
32,2024-09-03 19:00:00,0,0
32,2024-09-03 20:00:00,0,0
32,2024-09-03 21:00:00,0,0
32,2024-09-03 22:00:00,0,0
32,2024-09-03 23:00:00,0,0
33,2024-09-01 00:00:00,56,12
33,2024-09-01 01:00:00,56,12
33,2024-09-01 02:00:00,56,12
33,2024-09-01 03:00:00,56,12
33,2024-09-01 04:00:00,56,12
33,2024-09-01 05:00:00,56,12
33,2024-09-01 06:00:00,56,12
33,2024-09-01 07:00:00,56,12
33,2024-09-01 08:00:00,56,12
33,2024-09-01 09:00:00,56,12
33,2024-09-01 10:00:00,56,12
33,2024-09-01 11:00:00,56,12
33,2024-09-01 12:00:00,56,12
33,2024-09-01 13:00:00,56,12
33,2024-09-01 14:00:00,56,12
33,2024-09-01 15:00:00,56,12
33,2024-09-01 16:00:00,56,12
33,2024-09-01 17:00:00,56,12
33,2024-09-01 18:00:00,56,12
33,2024-09-01 19:00:00,56,12
33,2024-09-01 20:00:00,56,12
33,2024-09-01 21:00:00,56,12
33,2024-09-01 22:00:00,56,12
33,2024-09-01 23:00:00,56,12
33,2024-09-02 00:00:00,56,12
33,2024-09-02 01:00:00,56,12
33,2024-09-02 02:00:00,56,12
33,2024-09-02 03:00:00,56,12
33,2024-09-02 04:00:00,56,12
33,2024-09-02 05:00:00,56,12
33,2024-09-02 06:00:00,57,13
33,2024-09-02 07:00:00,58,14
33,2024-09-02 08:00:00,62,15
33,2024-09-02 09:00:00,65,16
33,2024-09-02 10:00:00,69,16
33,2024-09-02 11:00:00,72,16
33,2024-09-02 12:00:00,74,16
33,2024-09-02 13:00:00,75,16
33,2024-09-02 14:00:00,75,16
33,2024-09-02 15:00:00,75,16
33,2024-09-02 16:00:00,75,16
33,2024-09-02 17:00:00,75,16
33,2024-09-02 18:00:00,75,16
33,2024-09-02 19:00:00,75,16
33,2024-09-02 20:00:00,75,16
33,2024-09-02 21:00:00,75,16
33,2024-09-02 22:00:00,75,16
33,2024-09-02 23:00:00,75,16
33,2024-09-03 00:00:00,75,16
33,2024-09-03 01:00:00,75,16
33,2024-09-03 02:00:00,75,16
33,2024-09-03 03:00:00,75,16
33,2024-09-03 04:00:00,75,16
33,2024-09-03 05:00:00,75,16
33,2024-09-03 06:00:00,75,16
33,2024-09-03 07:00:00,75,16
33,2024-09-03 08:00:00,75,16
33,2024-09-03 09:00:00,75,16
33,2024-09-03 10:00:00,75,16
33,2024-09-03 11:00:00,75,16
33,2024-09-03 12:00:00,75,16
33,2024-09-03 13:00:00,75,16
33,2024-09-03 14:00:00,75,16
33,2024-09-03 15:00:00,75,16
33,2024-09-03 16:00:00,75,16
33,2024-09-03 17:00:00,75,16
33,2024-09-03 18:00:00,0,0
33,2024-09-03 19:00:00,0,0
33,2024-09-03 20:00:00,0,0
33,2024-09-03 21:00:00,0,0
33,2024-09-03 22:00:00,0,0
33,2024-09-03 23:00:00,0,0
34,2024-09-01 00:00:00,56,12
34,2024-09-01 01:00:00,56,12
34,2024-09-01 02:00:00,56,12
34,2024-09-01 03:00:00,56,12
34,2024-09-01 04:00:00,56,12
34,2024-09-01 05:00:00,56,12
34,2024-09-01 06:00:00,56,12
34,2024-09-01 07:00:00,56,12
34,2024-09-01 08:00:00,56,12
34,2024-09-01 09:00:00,56,12
34,2024-09-01 10:00:00,56,12
34,2024-09-01 11:00:00,56,12
34,2024-09-01 12:00:00,56,12
34,2024-09-01 13:00:00,56,12
34,2024-09-01 14:00:00,56,12
34,2024-09-01 15:00:00,56,12
34,2024-09-01 16:00:00,56,12
34,2024-09-01 17:00:00,56,12
34,2024-09-01 18:00:00,56,12
34,2024-09-01 19:00:00,56,12
34,2024-09-01 20:00:00,56,12
34,2024-09-01 21:00:00,56,12
34,2024-09-01 22:00:00,56,12
34,2024-09-01 23:00:00,56,12
34,2024-09-02 00:00:00,56,12
34,2024-09-02 01:00:00,56,12
34,2024-09-02 02:00:00,56,12
34,2024-09-02 03:00:00,56,12
34,2024-09-02 04:00:00,56,12
34,2024-09-02 05:00:00,56,12
34,2024-09-02 06:00:00,57,13
34,2024-09-02 07:00:00,58,14
34,2024-09-02 08:00:00,62,15
34,2024-09-02 09:00:00,65,16
34,2024-09-02 10:00:00,70,16
34,2024-09-02 11:00:00,73,16
34,2024-09-02 12:00:00,75,16
34,2024-09-02 13:00:00,75,16
34,2024-09-02 14:00:00,75,16
34,2024-09-02 15:00:00,75,16
34,2024-09-02 16:00:00,75,16
34,2024-09-02 17:00:00,75,16
34,2024-09-02 18:00:00,75,16
34,2024-09-02 19:00:00,75,16
34,2024-09-02 20:00:00,75,16
34,2024-09-02 21:00:00,75,16
34,2024-09-02 22:00:00,75,16
34,2024-09-02 23:00:00,75,16
34,2024-09-03 00:00:00,75,16
34,2024-09-03 01:00:00,75,16
34,2024-09-03 02:00:00,75,16
34,2024-09-03 03:00:00,75,16
34,2024-09-03 04:00:00,75,16
34,2024-09-03 05:00:00,75,16
34,2024-09-03 06:00:00,75,16
34,2024-09-03 07:00:00,75,16
34,2024-09-03 08:00:00,75,16
34,2024-09-03 09:00:00,75,16
34,2024-09-03 10:00:00,75,16
34,2024-09-03 11:00:00,75,16
34,2024-09-03 12:00:00,75,16
34,2024-09-03 13:00:00,75,16
34,2024-09-03 14:00:00,75,16
34,2024-09-03 15:00:00,75,16
34,2024-09-03 16:00:00,75,16
34,2024-09-03 17:00:00,75,16
34,2024-09-03 18:00:00,0,0
34,2024-09-03 19:00:00,0,0
34,2024-09-03 20:00:00,0,0
34,2024-09-03 21:00:00,0,0
34,2024-09-03 22:00:00,0,0
34,2024-09-03 23:00:00,0,0
35,2024-09-01 00:00:00,55,12
35,2024-09-01 01:00:00,55,12
35,2024-09-01 02:00:00,55,12
35,2024-09-01 03:00:00,55,12
35,2024-09-01 04:00:00,55,12
35,2024-09-01 05:00:00,55,12
35,2024-09-01 06:00:00,55,12
35,2024-09-01 07:00:00,55,12
35,2024-09-01 08:00:00,55,12
35,2024-09-01 09:00:00,55,12
35,2024-09-01 10:00:00,55,12
35,2024-09-01 11:00:00,55,12
35,2024-09-01 12:00:00,55,12
35,2024-09-01 13:00:00,55,12
35,2024-09-01 14:00:00,55,12
35,2024-09-01 15:00:00,55,12
35,2024-09-01 16:00:00,55,12
35,2024-09-01 17:00:00,55,12
35,2024-09-01 18:00:00,55,12
35,2024-09-01 19:00:00,55,12
35,2024-09-01 20:00:00,55,12
35,2024-09-01 21:00:00,55,12
35,2024-09-01 22:00:00,55,12
35,2024-09-01 23:00:00,55,12
35,2024-09-02 00:00:00,55,12
35,2024-09-02 01:00:00,55,12
35,2024-09-02 02:00:00,55,12
35,2024-09-02 03:00:00,55,12
35,2024-09-02 04:00:00,55,12
35,2024-09-02 05:00:00,55,12
35,2024-09-02 06:00:00,56,13
35,2024-09-02 07:00:00,57,14
35,2024-09-02 08:00:00,61,15
35,2024-09-02 09:00:00,64,16
35,2024-09-02 10:00:00,68,16
35,2024-09-02 11:00:00,72,16
35,2024-09-02 12:00:00,74,16
35,2024-09-02 13:00:00,75,16
35,2024-09-02 14:00:00,75,16
35,2024-09-02 15:00:00,75,16
35,2024-09-02 16:00:00,75,16
35,2024-09-02 17:00:00,75,16
35,2024-09-02 18:00:00,75,16
35,2024-09-02 19:00:00,75,16
35,2024-09-02 20:00:00,75,16
35,2024-09-02 21:00:00,75,16
35,2024-09-02 22:00:00,75,16
35,2024-09-02 23:00:00,75,16
35,2024-09-03 00:00:00,75,16
35,2024-09-03 01:00:00,75,16
35,2024-09-03 02:00:00,75,16
35,2024-09-03 03:00:00,75,16
35,2024-09-03 04:00:00,75,16
35,2024-09-03 05:00:00,75,16
35,2024-09-03 06:00:00,75,16
35,2024-09-03 07:00:00,75,16
35,2024-09-03 08:00:00,75,16
35,2024-09-03 09:00:00,75,16
35,2024-09-03 10:00:00,75,16
35,2024-09-03 11:00:00,75,16
35,2024-09-03 12:00:00,75,16
35,2024-09-03 13:00:00,75,16
35,2024-09-03 14:00:00,75,16
35,2024-09-03 15:00:00,75,16
35,2024-09-03 16:00:00,75,16
35,2024-09-03 17:00:00,75,16
35,2024-09-03 18:00:00,0,0
35,2024-09-03 19:00:00,0,0
35,2024-09-03 20:00:00,0,0
35,2024-09-03 21:00:00,0,0
35,2024-09-03 22:00:00,0,0
35,2024-09-03 23:00:00,0,0
36,2024-09-01 00:00:00,57,12
36,2024-09-01 01:00:00,57,12
36,2024-09-01 02:00:00,57,12
36,2024-09-01 03:00:00,57,12
36,2024-09-01 04:00:00,57,12
36,2024-09-01 05:00:00,57,12
36,2024-09-01 06:00:00,57,12
36,2024-09-01 07:00:00,57,12
36,2024-09-01 08:00:00,57,12
36,2024-09-01 09:00:00,57,12
36,2024-09-01 10:00:00,57,12
36,2024-09-01 11:00:00,57,12
36,2024-09-01 12:00:00,57,12
36,2024-09-01 13:00:00,57,12
36,2024-09-01 14:00:00,57,12
36,2024-09-01 15:00:00,57,12
36,2024-09-01 16:00:00,57,12
36,2024-09-01 17:00:00,57,12
36,2024-09-01 18:00:00,57,12
36,2024-09-01 19:00:00,57,12
36,2024-09-01 20:00:00,57,12
36,2024-09-01 21:00:00,57,12
36,2024-09-01 22:00:00,57,12
36,2024-09-01 23:00:00,57,12
36,2024-09-02 00:00:00,57,12
36,2024-09-02 01:00:00,57,12
36,2024-09-02 02:00:00,57,12
36,2024-09-02 03:00:00,57,12
36,2024-09-02 04:00:00,57,12
36,2024-09-02 05:00:00,57,12
36,2024-09-02 06:00:00,58,13
36,2024-09-02 07:00:00,59,14
36,2024-09-02 08:00:00,63,15
36,2024-09-02 09:00:00,66,16
36,2024-09-02 10:00:00,70,16
36,2024-09-02 11:00:00,73,16
36,2024-09-02 12:00:00,74,16
36,2024-09-02 13:00:00,75,16
36,2024-09-02 14:00:00,75,16
36,2024-09-02 15:00:00,75,16
36,2024-09-02 16:00:00,75,16
36,2024-09-02 17:00:00,75,16
36,2024-09-02 18:00:00,75,16
36,2024-09-02 19:00:00,75,16
36,2024-09-02 20:00:00,75,16
36,2024-09-02 21:00:00,75,16
36,2024-09-02 22:00:00,75,16
36,2024-09-02 23:00:00,75,16
36,2024-09-03 00:00:00,75,16
36,2024-09-03 01:00:00,75,16
36,2024-09-03 02:00:00,75,16
36,2024-09-03 03:00:00,75,16
36,2024-09-03 04:00:00,75,16
36,2024-09-03 05:00:00,75,16
36,2024-09-03 06:00:00,75,16
36,2024-09-03 07:00:00,75,16
36,2024-09-03 08:00:00,75,16
36,2024-09-03 09:00:00,75,16
36,2024-09-03 10:00:00,75,16
36,2024-09-03 11:00:00,75,16
36,2024-09-03 12:00:00,75,16
36,2024-09-03 13:00:00,75,16
36,2024-09-03 14:00:00,75,16
36,2024-09-03 15:00:00,75,16
36,2024-09-03 16:00:00,75,16
36,2024-09-03 17:00:00,75,16
36,2024-09-03 18:00:00,0,0
36,2024-09-03 19:00:00,0,0
36,2024-09-03 20:00:00,0,0
36,2024-09-03 21:00:00,0,0
36,2024-09-03 22:00:00,0,0
36,2024-09-03 23:00:00,0,0
37,2024-09-01 00:00:00,55,12
37,2024-09-01 01:00:00,55,12
37,2024-09-01 02:00:00,55,12
37,2024-09-01 03:00:00,55,12
37,2024-09-01 04:00:00,55,12
37,2024-09-01 05:00:00,55,12
37,2024-09-01 06:00:00,55,12
37,2024-09-01 07:00:00,55,12
37,2024-09-01 08:00:00,55,12
37,2024-09-01 09:00:00,55,12
37,2024-09-01 10:00:00,55,12
37,2024-09-01 11:00:00,55,12
37,2024-09-01 12:00:00,55,12
37,2024-09-01 13:00:00,55,12
37,2024-09-01 14:00:00,55,12
37,2024-09-01 15:00:00,55,12
37,2024-09-01 16:00:00,55,12
37,2024-09-01 17:00:00,55,12
37,2024-09-01 18:00:00,55,12
37,2024-09-01 19:00:00,55,12
37,2024-09-01 20:00:00,55,12
37,2024-09-01 21:00:00,55,12
37,2024-09-01 22:00:00,55,12
37,2024-09-01 23:00:00,55,12
37,2024-09-02 00:00:00,55,12
37,2024-09-02 01:00:00,55,12
37,2024-09-02 02:00:00,55,12
37,2024-09-02 03:00:00,55,12
37,2024-09-02 04:00:00,55,12
37,2024-09-02 05:00:00,55,12
37,2024-09-02 06:00:00,56,13
37,2024-09-02 07:00:00,57,14
37,2024-09-02 08:00:00,61,15
37,2024-09-02 09:00:00,64,16
37,2024-09-02 10:00:00,69,16
37,2024-09-02 11:00:00,72,16
37,2024-09-02 12:00:00,74,16
37,2024-09-02 13:00:00,75,16
37,2024-09-02 14:00:00,75,16
37,2024-09-02 15:00:00,75,16
37,2024-09-02 16:00:00,75,16
37,2024-09-02 17:00:00,75,16
37,2024-09-02 18:00:00,75,16
37,2024-09-02 19:00:00,75,16
37,2024-09-02 20:00:00,75,16
37,2024-09-02 21:00:00,75,16
37,2024-09-02 22:00:00,75,16
37,2024-09-02 23:00:00,75,16
37,2024-09-03 00:00:00,75,16
37,2024-09-03 01:00:00,75,16
37,2024-09-03 02:00:00,75,16
37,2024-09-03 03:00:00,75,16
37,2024-09-03 04:00:00,75,16
37,2024-09-03 05:00:00,75,16
37,2024-09-03 06:00:00,75,16
37,2024-09-03 07:00:00,75,16
37,2024-09-03 08:00:00,75,16
37,2024-09-03 09:00:00,75,16
37,2024-09-03 10:00:00,75,16
37,2024-09-03 11:00:00,75,16
37,2024-09-03 12:00:00,75,16
37,2024-09-03 13:00:00,75,16
37,2024-09-03 14:00:00,75,16
37,2024-09-03 15:00:00,75,16
37,2024-09-03 16:00:00,75,16
37,2024-09-03 17:00:00,75,16
37,2024-09-03 18:00:00,0,0
37,2024-09-03 19:00:00,0,0
37,2024-09-03 20:00:00,0,0
37,2024-09-03 21:00:00,0,0
37,2024-09-03 22:00:00,0,0
37,2024-09-03 23:00:00,0,0
38,2024-09-01 00:00:00,57,12
38,2024-09-01 01:00:00,57,12
38,2024-09-01 02:00:00,57,12
38,2024-09-01 03:00:00,57,12
38,2024-09-01 04:00:00,57,12
38,2024-09-01 05:00:00,57,12
38,2024-09-01 06:00:00,57,12
38,2024-09-01 07:00:00,57,12
38,2024-09-01 08:00:00,57,12
38,2024-09-01 09:00:00,57,12
38,2024-09-01 10:00:00,57,12
38,2024-09-01 11:00:00,57,12
38,2024-09-01 12:00:00,57,12
38,2024-09-01 13:00:00,57,12
38,2024-09-01 14:00:00,57,12
38,2024-09-01 15:00:00,57,12
38,2024-09-01 16:00:00,57,12
38,2024-09-01 17:00:00,57,12
38,2024-09-01 18:00:00,57,12
38,2024-09-01 19:00:00,57,12
38,2024-09-01 20:00:00,57,12
38,2024-09-01 21:00:00,57,12
38,2024-09-01 22:00:00,57,12
38,2024-09-01 23:00:00,57,12
38,2024-09-02 00:00:00,57,12
38,2024-09-02 01:00:00,57,12
38,2024-09-02 02:00:00,57,12
38,2024-09-02 03:00:00,57,12
38,2024-09-02 04:00:00,57,12
38,2024-09-02 05:00:00,57,12
38,2024-09-02 06:00:00,58,13
38,2024-09-02 07:00:00,59,14
38,2024-09-02 08:00:00,62,15
38,2024-09-02 09:00:00,65,16
38,2024-09-02 10:00:00,69,16
38,2024-09-02 11:00:00,72,16
38,2024-09-02 12:00:00,74,16
38,2024-09-02 13:00:00,75,16
38,2024-09-02 14:00:00,75,16
38,2024-09-02 15:00:00,75,16
38,2024-09-02 16:00:00,75,16
38,2024-09-02 17:00:00,75,16
38,2024-09-02 18:00:00,75,16
38,2024-09-02 19:00:00,75,16
38,2024-09-02 20:00:00,75,16
38,2024-09-02 21:00:00,75,16
38,2024-09-02 22:00:00,75,16
38,2024-09-02 23:00:00,75,16
38,2024-09-03 00:00:00,75,16
38,2024-09-03 01:00:00,75,16
38,2024-09-03 02:00:00,75,16
38,2024-09-03 03:00:00,75,16
38,2024-09-03 04:00:00,75,16
38,2024-09-03 05:00:00,75,16
38,2024-09-03 06:00:00,75,16
38,2024-09-03 07:00:00,75,16
38,2024-09-03 08:00:00,75,16
38,2024-09-03 09:00:00,75,16
38,2024-09-03 10:00:00,75,16
38,2024-09-03 11:00:00,75,16
38,2024-09-03 12:00:00,75,16
38,2024-09-03 13:00:00,75,16
38,2024-09-03 14:00:00,75,16
38,2024-09-03 15:00:00,75,16
38,2024-09-03 16:00:00,75,16
38,2024-09-03 17:00:00,75,16
38,2024-09-03 18:00:00,0,0
38,2024-09-03 19:00:00,0,0
38,2024-09-03 20:00:00,0,0
38,2024-09-03 21:00:00,0,0
38,2024-09-03 22:00:00,0,0
38,2024-09-03 23:00:00,0,0
39,2024-09-01 00:00:00,55,12
39,2024-09-01 01:00:00,55,12
39,2024-09-01 02:00:00,55,12
39,2024-09-01 03:00:00,55,12
39,2024-09-01 04:00:00,55,12
39,2024-09-01 05:00:00,55,12
39,2024-09-01 06:00:00,55,12
39,2024-09-01 07:00:00,55,12
39,2024-09-01 08:00:00,55,12
39,2024-09-01 09:00:00,55,12
39,2024-09-01 10:00:00,55,12
39,2024-09-01 11:00:00,55,12
39,2024-09-01 12:00:00,55,12
39,2024-09-01 13:00:00,55,12
39,2024-09-01 14:00:00,55,12
39,2024-09-01 15:00:00,55,12
39,2024-09-01 16:00:00,55,12
39,2024-09-01 17:00:00,55,12
39,2024-09-01 18:00:00,55,12
39,2024-09-01 19:00:00,55,12
39,2024-09-01 20:00:00,55,12
39,2024-09-01 21:00:00,55,12
39,2024-09-01 22:00:00,55,12
39,2024-09-01 23:00:00,55,12
39,2024-09-02 00:00:00,55,12
39,2024-09-02 01:00:00,55,12
39,2024-09-02 02:00:00,55,12
39,2024-09-02 03:00:00,55,12
39,2024-09-02 04:00:00,55,12
39,2024-09-02 05:00:00,55,12
39,2024-09-02 06:00:00,56,13
39,2024-09-02 07:00:00,57,14
39,2024-09-02 08:00:00,61,15
39,2024-09-02 09:00:00,64,16
39,2024-09-02 10:00:00,69,16
39,2024-09-02 11:00:00,72,16
39,2024-09-02 12:00:00,75,16
39,2024-09-02 13:00:00,75,16
39,2024-09-02 14:00:00,75,16
39,2024-09-02 15:00:00,75,16
39,2024-09-02 16:00:00,75,16
39,2024-09-02 17:00:00,75,16
39,2024-09-02 18:00:00,75,16
39,2024-09-02 19:00:00,75,16
39,2024-09-02 20:00:00,75,16
39,2024-09-02 21:00:00,75,16
39,2024-09-02 22:00:00,75,16
39,2024-09-02 23:00:00,75,16
39,2024-09-03 00:00:00,75,16
39,2024-09-03 01:00:00,75,16
39,2024-09-03 02:00:00,75,16
39,2024-09-03 03:00:00,75,16
39,2024-09-03 04:00:00,75,16
39,2024-09-03 05:00:00,75,16
39,2024-09-03 06:00:00,75,16
39,2024-09-03 07:00:00,75,16
39,2024-09-03 08:00:00,75,16
39,2024-09-03 09:00:00,75,16
39,2024-09-03 10:00:00,75,16
39,2024-09-03 11:00:00,75,16
39,2024-09-03 12:00:00,75,16
39,2024-09-03 13:00:00,75,16
39,2024-09-03 14:00:00,75,16
39,2024-09-03 15:00:00,75,16
39,2024-09-03 16:00:00,75,16
39,2024-09-03 17:00:00,75,16
39,2024-09-03 18:00:00,0,0
39,2024-09-03 19:00:00,0,0
39,2024-09-03 20:00:00,0,0
39,2024-09-03 21:00:00,0,0
39,2024-09-03 22:00:00,0,0
39,2024-09-03 23:00:00,0,0
40,2024-09-01 00:00:00,56,12
40,2024-09-01 01:00:00,56,12
40,2024-09-01 02:00:00,56,12
40,2024-09-01 03:00:00,56,12
40,2024-09-01 04:00:00,56,12
40,2024-09-01 05:00:00,56,12
40,2024-09-01 06:00:00,56,12
40,2024-09-01 07:00:00,56,12
40,2024-09-01 08:00:00,56,12
40,2024-09-01 09:00:00,56,12
40,2024-09-01 10:00:00,56,12
40,2024-09-01 11:00:00,56,12
40,2024-09-01 12:00:00,56,12
40,2024-09-01 13:00:00,56,12
40,2024-09-01 14:00:00,56,12
40,2024-09-01 15:00:00,56,12
40,2024-09-01 16:00:00,56,12
40,2024-09-01 17:00:00,56,12
40,2024-09-01 18:00:00,56,12
40,2024-09-01 19:00:00,56,12
40,2024-09-01 20:00:00,56,12
40,2024-09-01 21:00:00,56,12
40,2024-09-01 22:00:00,56,12
40,2024-09-01 23:00:00,56,12
40,2024-09-02 00:00:00,56,12
40,2024-09-02 01:00:00,56,12
40,2024-09-02 02:00:00,56,12
40,2024-09-02 03:00:00,56,12
40,2024-09-02 04:00:00,56,12
40,2024-09-02 05:00:00,56,12
40,2024-09-02 06:00:00,57,13
40,2024-09-02 07:00:00,58,14
40,2024-09-02 08:00:00,62,15
40,2024-09-02 09:00:00,65,16
40,2024-09-02 10:00:00,69,16
40,2024-09-02 11:00:00,72,16
40,2024-09-02 12:00:00,75,16
40,2024-09-02 13:00:00,75,16
40,2024-09-02 14:00:00,75,16
40,2024-09-02 15:00:00,75,16
40,2024-09-02 16:00:00,75,16
40,2024-09-02 17:00:00,75,16
40,2024-09-02 18:00:00,75,16
40,2024-09-02 19:00:00,75,16
40,2024-09-02 20:00:00,75,16
40,2024-09-02 21:00:00,75,16
40,2024-09-02 22:00:00,75,16
40,2024-09-02 23:00:00,75,16
40,2024-09-03 00:00:00,75,16
40,2024-09-03 01:00:00,75,16
40,2024-09-03 02:00:00,75,16
40,2024-09-03 03:00:00,75,16
40,2024-09-03 04:00:00,75,16
40,2024-09-03 05:00:00,75,16
40,2024-09-03 06:00:00,75,16
40,2024-09-03 07:00:00,75,16
40,2024-09-03 08:00:00,75,16
40,2024-09-03 09:00:00,75,16
40,2024-09-03 10:00:00,75,16
40,2024-09-03 11:00:00,75,16
40,2024-09-03 12:00:00,75,16
40,2024-09-03 13:00:00,75,16
40,2024-09-03 14:00:00,75,16
40,2024-09-03 15:00:00,75,16
40,2024-09-03 16:00:00,75,16
40,2024-09-03 17:00:00,75,16
40,2024-09-03 18:00:00,0,0
40,2024-09-03 19:00:00,0,0
40,2024-09-03 20:00:00,0,0
40,2024-09-03 21:00:00,0,0
40,2024-09-03 22:00:00,0,0
40,2024-09-03 23:00:00,0,0
41,2024-09-01 00:00:00,57,12
41,2024-09-01 01:00:00,57,12
41,2024-09-01 02:00:00,57,12
41,2024-09-01 03:00:00,57,12
41,2024-09-01 04:00:00,57,12
41,2024-09-01 05:00:00,57,12
41,2024-09-01 06:00:00,57,12
41,2024-09-01 07:00:00,57,12
41,2024-09-01 08:00:00,57,12
41,2024-09-01 09:00:00,57,12
41,2024-09-01 10:00:00,57,12
41,2024-09-01 11:00:00,57,12
41,2024-09-01 12:00:00,57,12
41,2024-09-01 13:00:00,57,12
41,2024-09-01 14:00:00,57,12
41,2024-09-01 15:00:00,57,12
41,2024-09-01 16:00:00,57,12
41,2024-09-01 17:00:00,57,12
41,2024-09-01 18:00:00,57,12
41,2024-09-01 19:00:00,57,12
41,2024-09-01 20:00:00,57,12
41,2024-09-01 21:00:00,57,12
41,2024-09-01 22:00:00,57,12
41,2024-09-01 23:00:00,57,12
41,2024-09-02 00:00:00,57,12
41,2024-09-02 01:00:00,57,12
41,2024-09-02 02:00:00,57,12
41,2024-09-02 03:00:00,57,12
41,2024-09-02 04:00:00,57,12
41,2024-09-02 05:00:00,57,12
41,2024-09-02 06:00:00,58,13
41,2024-09-02 07:00:00,59,14
41,2024-09-02 08:00:00,63,15
41,2024-09-02 09:00:00,66,16
41,2024-09-02 10:00:00,70,16
41,2024-09-02 11:00:00,73,16
41,2024-09-02 12:00:00,74,16
41,2024-09-02 13:00:00,75,16
41,2024-09-02 14:00:00,75,16
41,2024-09-02 15:00:00,75,16
41,2024-09-02 16:00:00,75,16
41,2024-09-02 17:00:00,75,16
41,2024-09-02 18:00:00,75,16
41,2024-09-02 19:00:00,75,16
41,2024-09-02 20:00:00,75,16
41,2024-09-02 21:00:00,75,16
41,2024-09-02 22:00:00,75,16
41,2024-09-02 23:00:00,75,16
41,2024-09-03 00:00:00,75,16
41,2024-09-03 01:00:00,75,16
41,2024-09-03 02:00:00,75,16
41,2024-09-03 03:00:00,75,16
41,2024-09-03 04:00:00,75,16
41,2024-09-03 05:00:00,75,16
41,2024-09-03 06:00:00,75,16
41,2024-09-03 07:00:00,75,16
41,2024-09-03 08:00:00,75,16
41,2024-09-03 09:00:00,75,16
41,2024-09-03 10:00:00,75,16
41,2024-09-03 11:00:00,75,16
41,2024-09-03 12:00:00,75,16
41,2024-09-03 13:00:00,75,16
41,2024-09-03 14:00:00,75,16
41,2024-09-03 15:00:00,75,16
41,2024-09-03 16:00:00,75,16
41,2024-09-03 17:00:00,75,16
41,2024-09-03 18:00:00,0,0
41,2024-09-03 19:00:00,0,0
41,2024-09-03 20:00:00,0,0
41,2024-09-03 21:00:00,0,0
41,2024-09-03 22:00:00,0,0
41,2024-09-03 23:00:00,0,0
42,2024-09-01 00:00:00,56,12
42,2024-09-01 01:00:00,56,12
42,2024-09-01 02:00:00,56,12
42,2024-09-01 03:00:00,56,12
42,2024-09-01 04:00:00,56,12
42,2024-09-01 05:00:00,56,12
42,2024-09-01 06:00:00,56,12
42,2024-09-01 07:00:00,56,12
42,2024-09-01 08:00:00,56,12
42,2024-09-01 09:00:00,56,12
42,2024-09-01 10:00:00,56,12
42,2024-09-01 11:00:00,56,12
42,2024-09-01 12:00:00,56,12
42,2024-09-01 13:00:00,56,12
42,2024-09-01 14:00:00,56,12
42,2024-09-01 15:00:00,56,12
42,2024-09-01 16:00:00,56,12
42,2024-09-01 17:00:00,56,12
42,2024-09-01 18:00:00,56,12
42,2024-09-01 19:00:00,56,12
42,2024-09-01 20:00:00,56,12
42,2024-09-01 21:00:00,56,12
42,2024-09-01 22:00:00,56,12
42,2024-09-01 23:00:00,56,12
42,2024-09-02 00:00:00,56,12
42,2024-09-02 01:00:00,56,12
42,2024-09-02 02:00:00,56,12
42,2024-09-02 03:00:00,56,12
42,2024-09-02 04:00:00,56,12
42,2024-09-02 05:00:00,56,12
42,2024-09-02 06:00:00,57,13
42,2024-09-02 07:00:00,58,14
42,2024-09-02 08:00:00,62,15
42,2024-09-02 09:00:00,65,16
42,2024-09-02 10:00:00,70,16
42,2024-09-02 11:00:00,72,16
42,2024-09-02 12:00:00,74,16
42,2024-09-02 13:00:00,75,16
42,2024-09-02 14:00:00,75,16
42,2024-09-02 15:00:00,75,16
42,2024-09-02 16:00:00,75,16
42,2024-09-02 17:00:00,75,16
42,2024-09-02 18:00:00,75,16
42,2024-09-02 19:00:00,75,16
42,2024-09-02 20:00:00,75,16
42,2024-09-02 21:00:00,75,16
42,2024-09-02 22:00:00,75,16
42,2024-09-02 23:00:00,75,16
42,2024-09-03 00:00:00,75,16
42,2024-09-03 01:00:00,75,16
42,2024-09-03 02:00:00,75,16
42,2024-09-03 03:00:00,75,16
42,2024-09-03 04:00:00,75,16
42,2024-09-03 05:00:00,75,16
42,2024-09-03 06:00:00,75,16
42,2024-09-03 07:00:00,75,16
42,2024-09-03 08:00:00,75,16
42,2024-09-03 09:00:00,75,16
42,2024-09-03 10:00:00,75,16
42,2024-09-03 11:00:00,75,16
42,2024-09-03 12:00:00,75,16
42,2024-09-03 13:00:00,75,16
42,2024-09-03 14:00:00,75,16
42,2024-09-03 15:00:00,75,16
42,2024-09-03 16:00:00,75,16
42,2024-09-03 17:00:00,75,16
42,2024-09-03 18:00:00,0,0
42,2024-09-03 19:00:00,0,0
42,2024-09-03 20:00:00,0,0
42,2024-09-03 21:00:00,0,0
42,2024-09-03 22:00:00,0,0
42,2024-09-03 23:00:00,0,0
43,2024-09-01 00:00:00,55,12
43,2024-09-01 01:00:00,55,12
43,2024-09-01 02:00:00,55,12
43,2024-09-01 03:00:00,55,12
43,2024-09-01 04:00:00,55,12
43,2024-09-01 05:00:00,55,12
43,2024-09-01 06:00:00,55,12
43,2024-09-01 07:00:00,55,12
43,2024-09-01 08:00:00,55,12
43,2024-09-01 09:00:00,55,12
43,2024-09-01 10:00:00,55,12
43,2024-09-01 11:00:00,55,12
43,2024-09-01 12:00:00,55,12
43,2024-09-01 13:00:00,55,12
43,2024-09-01 14:00:00,55,12
43,2024-09-01 15:00:00,55,12
43,2024-09-01 16:00:00,55,12
43,2024-09-01 17:00:00,55,12
43,2024-09-01 18:00:00,55,12
43,2024-09-01 19:00:00,55,12
43,2024-09-01 20:00:00,55,12
43,2024-09-01 21:00:00,55,12
43,2024-09-01 22:00:00,55,12
43,2024-09-01 23:00:00,55,12
43,2024-09-02 00:00:00,55,12
43,2024-09-02 01:00:00,55,12
43,2024-09-02 02:00:00,55,12
43,2024-09-02 03:00:00,55,12
43,2024-09-02 04:00:00,55,12
43,2024-09-02 05:00:00,55,12
43,2024-09-02 06:00:00,56,13
43,2024-09-02 07:00:00,57,14
43,2024-09-02 08:00:00,61,15
43,2024-09-02 09:00:00,64,16
43,2024-09-02 10:00:00,68,16
43,2024-09-02 11:00:00,72,16
43,2024-09-02 12:00:00,74,16
43,2024-09-02 13:00:00,75,16
43,2024-09-02 14:00:00,75,16
43,2024-09-02 15:00:00,75,16
43,2024-09-02 16:00:00,75,16
43,2024-09-02 17:00:00,75,16
43,2024-09-02 18:00:00,75,16
43,2024-09-02 19:00:00,75,16
43,2024-09-02 20:00:00,75,16
43,2024-09-02 21:00:00,75,16
43,2024-09-02 22:00:00,75,16
43,2024-09-02 23:00:00,75,16
43,2024-09-03 00:00:00,75,16
43,2024-09-03 01:00:00,75,16
43,2024-09-03 02:00:00,75,16
43,2024-09-03 03:00:00,75,16
43,2024-09-03 04:00:00,75,16
43,2024-09-03 05:00:00,75,16
43,2024-09-03 06:00:00,75,16
43,2024-09-03 07:00:00,75,16
43,2024-09-03 08:00:00,75,16
43,2024-09-03 09:00:00,75,16
43,2024-09-03 10:00:00,75,16
43,2024-09-03 11:00:00,75,16
43,2024-09-03 12:00:00,75,16
43,2024-09-03 13:00:00,75,16
43,2024-09-03 14:00:00,75,16
43,2024-09-03 15:00:00,75,16
43,2024-09-03 16:00:00,75,16
43,2024-09-03 17:00:00,75,16
43,2024-09-03 18:00:00,0,0
43,2024-09-03 19:00:00,0,0
43,2024-09-03 20:00:00,0,0
43,2024-09-03 21:00:00,0,0
43,2024-09-03 22:00:00,0,0
43,2024-09-03 23:00:00,0,0
44,2024-09-01 00:00:00,56,12
44,2024-09-01 01:00:00,56,12
44,2024-09-01 02:00:00,56,12
44,2024-09-01 03:00:00,56,12
44,2024-09-01 04:00:00,56,12
44,2024-09-01 05:00:00,56,12
44,2024-09-01 06:00:00,56,12
44,2024-09-01 07:00:00,56,12
44,2024-09-01 08:00:00,56,12
44,2024-09-01 09:00:00,56,12
44,2024-09-01 10:00:00,56,12
44,2024-09-01 11:00:00,56,12
44,2024-09-01 12:00:00,56,12
44,2024-09-01 13:00:00,56,12
44,2024-09-01 14:00:00,56,12
44,2024-09-01 15:00:00,56,12
44,2024-09-01 16:00:00,56,12
44,2024-09-01 17:00:00,56,12
44,2024-09-01 18:00:00,56,12
44,2024-09-01 19:00:00,56,12
44,2024-09-01 20:00:00,56,12
44,2024-09-01 21:00:00,56,12
44,2024-09-01 22:00:00,56,12
44,2024-09-01 23:00:00,56,12
44,2024-09-02 00:00:00,56,12
44,2024-09-02 01:00:00,56,12
44,2024-09-02 02:00:00,56,12
44,2024-09-02 03:00:00,56,12
44,2024-09-02 04:00:00,56,12
44,2024-09-02 05:00:00,56,12
44,2024-09-02 06:00:00,57,13
44,2024-09-02 07:00:00,58,14
44,2024-09-02 08:00:00,62,15
44,2024-09-02 09:00:00,65,16
44,2024-09-02 10:00:00,69,16
44,2024-09-02 11:00:00,72,16
44,2024-09-02 12:00:00,74,16
44,2024-09-02 13:00:00,75,16
44,2024-09-02 14:00:00,75,16
44,2024-09-02 15:00:00,75,16
44,2024-09-02 16:00:00,75,16
44,2024-09-02 17:00:00,75,16
44,2024-09-02 18:00:00,75,16
44,2024-09-02 19:00:00,75,16
44,2024-09-02 20:00:00,75,16
44,2024-09-02 21:00:00,75,16
44,2024-09-02 22:00:00,75,16
44,2024-09-02 23:00:00,75,16
44,2024-09-03 00:00:00,75,16
44,2024-09-03 01:00:00,75,16
44,2024-09-03 02:00:00,75,16
44,2024-09-03 03:00:00,75,16
44,2024-09-03 04:00:00,75,16
44,2024-09-03 05:00:00,75,16
44,2024-09-03 06:00:00,75,16
44,2024-09-03 07:00:00,75,16
44,2024-09-03 08:00:00,75,16
44,2024-09-03 09:00:00,75,16
44,2024-09-03 10:00:00,75,16
44,2024-09-03 11:00:00,75,16
44,2024-09-03 12:00:00,75,16
44,2024-09-03 13:00:00,75,16
44,2024-09-03 14:00:00,75,16
44,2024-09-03 15:00:00,75,16
44,2024-09-03 16:00:00,75,16
44,2024-09-03 17:00:00,75,16
44,2024-09-03 18:00:00,0,0
44,2024-09-03 19:00:00,0,0
44,2024-09-03 20:00:00,0,0
44,2024-09-03 21:00:00,0,0
44,2024-09-03 22:00:00,0,0
44,2024-09-03 23:00:00,0,0
45,2024-09-01 00:00:00,56,12
45,2024-09-01 01:00:00,56,12
45,2024-09-01 02:00:00,56,12
45,2024-09-01 03:00:00,56,12
45,2024-09-01 04:00:00,56,12
45,2024-09-01 05:00:00,56,12
45,2024-09-01 06:00:00,56,12
45,2024-09-01 07:00:00,56,12
45,2024-09-01 08:00:00,56,12
45,2024-09-01 09:00:00,56,12
45,2024-09-01 10:00:00,56,12
45,2024-09-01 11:00:00,56,12
45,2024-09-01 12:00:00,56,12
45,2024-09-01 13:00:00,56,12
45,2024-09-01 14:00:00,56,12
45,2024-09-01 15:00:00,56,12
45,2024-09-01 16:00:00,56,12
45,2024-09-01 17:00:00,56,12
45,2024-09-01 18:00:00,56,12
45,2024-09-01 19:00:00,56,12
45,2024-09-01 20:00:00,56,12
45,2024-09-01 21:00:00,56,12
45,2024-09-01 22:00:00,56,12
45,2024-09-01 23:00:00,56,12
45,2024-09-02 00:00:00,56,12
45,2024-09-02 01:00:00,56,12
45,2024-09-02 02:00:00,56,12
45,2024-09-02 03:00:00,56,12
45,2024-09-02 04:00:00,56,12
45,2024-09-02 05:00:00,56,12
45,2024-09-02 06:00:00,57,13
45,2024-09-02 07:00:00,58,14
45,2024-09-02 08:00:00,62,15
45,2024-09-02 09:00:00,65,16
45,2024-09-02 10:00:00,69,16
45,2024-09-02 11:00:00,73,16
45,2024-09-02 12:00:00,75,16
45,2024-09-02 13:00:00,75,16
45,2024-09-02 14:00:00,75,16
45,2024-09-02 15:00:00,75,16
45,2024-09-02 16:00:00,75,16
45,2024-09-02 17:00:00,75,16
45,2024-09-02 18:00:00,75,16
45,2024-09-02 19:00:00,75,16
45,2024-09-02 20:00:00,75,16
45,2024-09-02 21:00:00,75,16
45,2024-09-02 22:00:00,75,16
45,2024-09-02 23:00:00,75,16
45,2024-09-03 00:00:00,75,16
45,2024-09-03 01:00:00,75,16
45,2024-09-03 02:00:00,75,16
45,2024-09-03 03:00:00,75,16
45,2024-09-03 04:00:00,75,16
45,2024-09-03 05:00:00,75,16
45,2024-09-03 06:00:00,75,16
45,2024-09-03 07:00:00,75,16
45,2024-09-03 08:00:00,75,16
45,2024-09-03 09:00:00,75,16
45,2024-09-03 10:00:00,75,16
45,2024-09-03 11:00:00,75,16
45,2024-09-03 12:00:00,75,16
45,2024-09-03 13:00:00,75,16
45,2024-09-03 14:00:00,75,16
45,2024-09-03 15:00:00,75,16
45,2024-09-03 16:00:00,75,16
45,2024-09-03 17:00:00,75,16
45,2024-09-03 18:00:00,0,0
45,2024-09-03 19:00:00,0,0
45,2024-09-03 20:00:00,0,0
45,2024-09-03 21:00:00,0,0
45,2024-09-03 22:00:00,0,0
45,2024-09-03 23:00:00,0,0
46,2024-09-01 00:00:00,57,12
46,2024-09-01 01:00:00,57,12
46,2024-09-01 02:00:00,57,12
46,2024-09-01 03:00:00,57,12
46,2024-09-01 04:00:00,57,12
46,2024-09-01 05:00:00,57,12
46,2024-09-01 06:00:00,57,12
46,2024-09-01 07:00:00,57,12
46,2024-09-01 08:00:00,57,12
46,2024-09-01 09:00:00,57,12
46,2024-09-01 10:00:00,57,12
46,2024-09-01 11:00:00,57,12
46,2024-09-01 12:00:00,57,12
46,2024-09-01 13:00:00,57,12
46,2024-09-01 14:00:00,57,12
46,2024-09-01 15:00:00,57,12
46,2024-09-01 16:00:00,57,12
46,2024-09-01 17:00:00,57,12
46,2024-09-01 18:00:00,57,12
46,2024-09-01 19:00:00,57,12
46,2024-09-01 20:00:00,57,12
46,2024-09-01 21:00:00,57,12
46,2024-09-01 22:00:00,57,12
46,2024-09-01 23:00:00,57,12
46,2024-09-02 00:00:00,57,12
46,2024-09-02 01:00:00,57,12
46,2024-09-02 02:00:00,57,12
46,2024-09-02 03:00:00,57,12
46,2024-09-02 04:00:00,57,12
46,2024-09-02 05:00:00,57,12
46,2024-09-02 06:00:00,58,13
46,2024-09-02 07:00:00,59,14
46,2024-09-02 08:00:00,63,15
46,2024-09-02 09:00:00,66,16
46,2024-09-02 10:00:00,70,16
46,2024-09-02 11:00:00,72,16
46,2024-09-02 12:00:00,74,16
46,2024-09-02 13:00:00,75,16
46,2024-09-02 14:00:00,75,16
46,2024-09-02 15:00:00,75,16
46,2024-09-02 16:00:00,75,16
46,2024-09-02 17:00:00,75,16
46,2024-09-02 18:00:00,75,16
46,2024-09-02 19:00:00,75,16
46,2024-09-02 20:00:00,75,16
46,2024-09-02 21:00:00,75,16
46,2024-09-02 22:00:00,75,16
46,2024-09-02 23:00:00,75,16
46,2024-09-03 00:00:00,75,16
46,2024-09-03 01:00:00,75,16
46,2024-09-03 02:00:00,75,16
46,2024-09-03 03:00:00,75,16
46,2024-09-03 04:00:00,75,16
46,2024-09-03 05:00:00,75,16
46,2024-09-03 06:00:00,75,16
46,2024-09-03 07:00:00,75,16
46,2024-09-03 08:00:00,75,16
46,2024-09-03 09:00:00,75,16
46,2024-09-03 10:00:00,75,16
46,2024-09-03 11:00:00,75,16
46,2024-09-03 12:00:00,75,16
46,2024-09-03 13:00:00,75,16
46,2024-09-03 14:00:00,75,16
46,2024-09-03 15:00:00,75,16
46,2024-09-03 16:00:00,75,16
46,2024-09-03 17:00:00,75,16
46,2024-09-03 18:00:00,0,0
46,2024-09-03 19:00:00,0,0
46,2024-09-03 20:00:00,0,0
46,2024-09-03 21:00:00,0,0
46,2024-09-03 22:00:00,0,0
46,2024-09-03 23:00:00,0,0
47,2024-09-01 00:00:00,56,12
47,2024-09-01 01:00:00,56,12
47,2024-09-01 02:00:00,56,12
47,2024-09-01 03:00:00,56,12
47,2024-09-01 04:00:00,56,12
47,2024-09-01 05:00:00,56,12
47,2024-09-01 06:00:00,56,12
47,2024-09-01 07:00:00,56,12
47,2024-09-01 08:00:00,56,12
47,2024-09-01 09:00:00,56,12
47,2024-09-01 10:00:00,56,12
47,2024-09-01 11:00:00,56,12
47,2024-09-01 12:00:00,56,12
47,2024-09-01 13:00:00,56,12
47,2024-09-01 14:00:00,56,12
47,2024-09-01 15:00:00,56,12
47,2024-09-01 16:00:00,56,12
47,2024-09-01 17:00:00,56,12
47,2024-09-01 18:00:00,56,12
47,2024-09-01 19:00:00,56,12
47,2024-09-01 20:00:00,56,12
47,2024-09-01 21:00:00,56,12
47,2024-09-01 22:00:00,56,12
47,2024-09-01 23:00:00,56,12
47,2024-09-02 00:00:00,56,12
47,2024-09-02 01:00:00,56,12
47,2024-09-02 02:00:00,56,12
47,2024-09-02 03:00:00,56,12
47,2024-09-02 04:00:00,56,12
47,2024-09-02 05:00:00,56,12
47,2024-09-02 06:00:00,57,13
47,2024-09-02 07:00:00,58,14
47,2024-09-02 08:00:00,62,15
47,2024-09-02 09:00:00,65,16
47,2024-09-02 10:00:00,70,16
47,2024-09-02 11:00:00,73,16
47,2024-09-02 12:00:00,75,16
47,2024-09-02 13:00:00,75,16
47,2024-09-02 14:00:00,75,16
47,2024-09-02 15:00:00,75,16
47,2024-09-02 16:00:00,75,16
47,2024-09-02 17:00:00,75,16
47,2024-09-02 18:00:00,75,16
47,2024-09-02 19:00:00,75,16
47,2024-09-02 20:00:00,75,16
47,2024-09-02 21:00:00,75,16
47,2024-09-02 22:00:00,75,16
47,2024-09-02 23:00:00,75,16
47,2024-09-03 00:00:00,75,16
47,2024-09-03 01:00:00,75,16
47,2024-09-03 02:00:00,75,16
47,2024-09-03 03:00:00,75,16
47,2024-09-03 04:00:00,75,16
47,2024-09-03 05:00:00,75,16
47,2024-09-03 06:00:00,75,16
47,2024-09-03 07:00:00,75,16
47,2024-09-03 08:00:00,75,16
47,2024-09-03 09:00:00,75,16
47,2024-09-03 10:00:00,75,16
47,2024-09-03 11:00:00,75,16
47,2024-09-03 12:00:00,75,16
47,2024-09-03 13:00:00,75,16
47,2024-09-03 14:00:00,75,16
47,2024-09-03 15:00:00,75,16
47,2024-09-03 16:00:00,75,16
47,2024-09-03 17:00:00,75,16
47,2024-09-03 18:00:00,0,0
47,2024-09-03 19:00:00,0,0
47,2024-09-03 20:00:00,0,0
47,2024-09-03 21:00:00,0,0
47,2024-09-03 22:00:00,0,0
47,2024-09-03 23:00:00,0,0
48,2024-09-01 00:00:00,57,12
48,2024-09-01 01:00:00,57,12
48,2024-09-01 02:00:00,57,12
48,2024-09-01 03:00:00,57,12
48,2024-09-01 04:00:00,57,12
48,2024-09-01 05:00:00,57,12
48,2024-09-01 06:00:00,57,12
48,2024-09-01 07:00:00,57,12
48,2024-09-01 08:00:00,57,12
48,2024-09-01 09:00:00,57,12
48,2024-09-01 10:00:00,57,12
48,2024-09-01 11:00:00,57,12
48,2024-09-01 12:00:00,57,12
48,2024-09-01 13:00:00,57,12
48,2024-09-01 14:00:00,57,12
48,2024-09-01 15:00:00,57,12
48,2024-09-01 16:00:00,57,12
48,2024-09-01 17:00:00,57,12
48,2024-09-01 18:00:00,57,12
48,2024-09-01 19:00:00,57,12
48,2024-09-01 20:00:00,57,12
48,2024-09-01 21:00:00,57,12
48,2024-09-01 22:00:00,57,12
48,2024-09-01 23:00:00,57,12
48,2024-09-02 00:00:00,57,12
48,2024-09-02 01:00:00,57,12
48,2024-09-02 02:00:00,57,12
48,2024-09-02 03:00:00,57,12
48,2024-09-02 04:00:00,57,12
48,2024-09-02 05:00:00,57,12
48,2024-09-02 06:00:00,58,13
48,2024-09-02 07:00:00,59,14
48,2024-09-02 08:00:00,63,15
48,2024-09-02 09:00:00,66,16
48,2024-09-02 10:00:00,70,16
48,2024-09-02 11:00:00,72,16
48,2024-09-02 12:00:00,75,16
48,2024-09-02 13:00:00,75,16
48,2024-09-02 14:00:00,75,16
48,2024-09-02 15:00:00,75,16
48,2024-09-02 16:00:00,75,16
48,2024-09-02 17:00:00,75,16
48,2024-09-02 18:00:00,75,16
48,2024-09-02 19:00:00,75,16
48,2024-09-02 20:00:00,75,16
48,2024-09-02 21:00:00,75,16
48,2024-09-02 22:00:00,75,16
48,2024-09-02 23:00:00,75,16
48,2024-09-03 00:00:00,75,16
48,2024-09-03 01:00:00,75,16
48,2024-09-03 02:00:00,75,16
48,2024-09-03 03:00:00,75,16
48,2024-09-03 04:00:00,75,16
48,2024-09-03 05:00:00,75,16
48,2024-09-03 06:00:00,75,16
48,2024-09-03 07:00:00,75,16
48,2024-09-03 08:00:00,75,16
48,2024-09-03 09:00:00,75,16
48,2024-09-03 10:00:00,75,16
48,2024-09-03 11:00:00,75,16
48,2024-09-03 12:00:00,75,16
48,2024-09-03 13:00:00,75,16
48,2024-09-03 14:00:00,75,16
48,2024-09-03 15:00:00,75,16
48,2024-09-03 16:00:00,75,16
48,2024-09-03 17:00:00,75,16
48,2024-09-03 18:00:00,0,0
48,2024-09-03 19:00:00,0,0
48,2024-09-03 20:00:00,0,0
48,2024-09-03 21:00:00,0,0
48,2024-09-03 22:00:00,0,0
48,2024-09-03 23:00:00,0,0
49,2024-09-01 00:00:00,56,12
49,2024-09-01 01:00:00,56,12
49,2024-09-01 02:00:00,56,12
49,2024-09-01 03:00:00,56,12
49,2024-09-01 04:00:00,56,12
49,2024-09-01 05:00:00,56,12
49,2024-09-01 06:00:00,56,12
49,2024-09-01 07:00:00,56,12
49,2024-09-01 08:00:00,56,12
49,2024-09-01 09:00:00,56,12
49,2024-09-01 10:00:00,56,12
49,2024-09-01 11:00:00,56,12
49,2024-09-01 12:00:00,56,12
49,2024-09-01 13:00:00,56,12
49,2024-09-01 14:00:00,56,12
49,2024-09-01 15:00:00,56,12
49,2024-09-01 16:00:00,56,12
49,2024-09-01 17:00:00,56,12
49,2024-09-01 18:00:00,56,12
49,2024-09-01 19:00:00,56,12
49,2024-09-01 20:00:00,56,12
49,2024-09-01 21:00:00,56,12
49,2024-09-01 22:00:00,56,12
49,2024-09-01 23:00:00,56,12
49,2024-09-02 00:00:00,56,12
49,2024-09-02 01:00:00,56,12
49,2024-09-02 02:00:00,56,12
49,2024-09-02 03:00:00,56,12
49,2024-09-02 04:00:00,56,12
49,2024-09-02 05:00:00,56,12
49,2024-09-02 06:00:00,57,13
49,2024-09-02 07:00:00,58,14
49,2024-09-02 08:00:00,61,15
49,2024-09-02 09:00:00,64,16
49,2024-09-02 10:00:00,68,16
49,2024-09-02 11:00:00,72,16
49,2024-09-02 12:00:00,74,16
49,2024-09-02 13:00:00,75,16
49,2024-09-02 14:00:00,75,16
49,2024-09-02 15:00:00,75,16
49,2024-09-02 16:00:00,75,16
49,2024-09-02 17:00:00,75,16
49,2024-09-02 18:00:00,75,16
49,2024-09-02 19:00:00,75,16
49,2024-09-02 20:00:00,75,16
49,2024-09-02 21:00:00,75,16
49,2024-09-02 22:00:00,75,16
49,2024-09-02 23:00:00,75,16
49,2024-09-03 00:00:00,75,16
49,2024-09-03 01:00:00,75,16
49,2024-09-03 02:00:00,75,16
49,2024-09-03 03:00:00,75,16
49,2024-09-03 04:00:00,75,16
49,2024-09-03 05:00:00,75,16
49,2024-09-03 06:00:00,75,16
49,2024-09-03 07:00:00,75,16
49,2024-09-03 08:00:00,75,16
49,2024-09-03 09:00:00,75,16
49,2024-09-03 10:00:00,75,16
49,2024-09-03 11:00:00,75,16
49,2024-09-03 12:00:00,75,16
49,2024-09-03 13:00:00,75,16
49,2024-09-03 14:00:00,75,16
49,2024-09-03 15:00:00,75,16
49,2024-09-03 16:00:00,75,16
49,2024-09-03 17:00:00,75,16
49,2024-09-03 18:00:00,0,0
49,2024-09-03 19:00:00,0,0
49,2024-09-03 20:00:00,0,0
49,2024-09-03 21:00:00,0,0
49,2024-09-03 22:00:00,0,0
49,2024-09-03 23:00:00,0,0
50,2024-09-01 00:00:00,57,12
50,2024-09-01 01:00:00,57,12
50,2024-09-01 02:00:00,57,12
50,2024-09-01 03:00:00,57,12
50,2024-09-01 04:00:00,57,12
50,2024-09-01 05:00:00,57,12
50,2024-09-01 06:00:00,57,12
50,2024-09-01 07:00:00,57,12
50,2024-09-01 08:00:00,57,12
50,2024-09-01 09:00:00,57,12
50,2024-09-01 10:00:00,57,12
50,2024-09-01 11:00:00,57,12
50,2024-09-01 12:00:00,57,12
50,2024-09-01 13:00:00,57,12
50,2024-09-01 14:00:00,57,12
50,2024-09-01 15:00:00,57,12
50,2024-09-01 16:00:00,57,12
50,2024-09-01 17:00:00,57,12
50,2024-09-01 18:00:00,57,12
50,2024-09-01 19:00:00,57,12
50,2024-09-01 20:00:00,57,12
50,2024-09-01 21:00:00,57,12
50,2024-09-01 22:00:00,57,12
50,2024-09-01 23:00:00,57,12
50,2024-09-02 00:00:00,57,12
50,2024-09-02 01:00:00,57,12
50,2024-09-02 02:00:00,57,12
50,2024-09-02 03:00:00,57,12
50,2024-09-02 04:00:00,57,12
50,2024-09-02 05:00:00,57,12
50,2024-09-02 06:00:00,58,13
50,2024-09-02 07:00:00,59,14
50,2024-09-02 08:00:00,63,15
50,2024-09-02 09:00:00,66,16
50,2024-09-02 10:00:00,70,16
50,2024-09-02 11:00:00,72,16
50,2024-09-02 12:00:00,75,16
50,2024-09-02 13:00:00,75,16
50,2024-09-02 14:00:00,75,16
50,2024-09-02 15:00:00,75,16
50,2024-09-02 16:00:00,75,16
50,2024-09-02 17:00:00,75,16
50,2024-09-02 18:00:00,75,16
50,2024-09-02 19:00:00,75,16
50,2024-09-02 20:00:00,75,16
50,2024-09-02 21:00:00,75,16
50,2024-09-02 22:00:00,75,16
50,2024-09-02 23:00:00,75,16
50,2024-09-03 00:00:00,75,16
50,2024-09-03 01:00:00,75,16
50,2024-09-03 02:00:00,75,16
50,2024-09-03 03:00:00,75,16
50,2024-09-03 04:00:00,75,16
50,2024-09-03 05:00:00,75,16
50,2024-09-03 06:00:00,75,16
50,2024-09-03 07:00:00,75,16
50,2024-09-03 08:00:00,75,16
50,2024-09-03 09:00:00,75,16
50,2024-09-03 10:00:00,75,16
50,2024-09-03 11:00:00,75,16
50,2024-09-03 12:00:00,75,16
50,2024-09-03 13:00:00,75,16
50,2024-09-03 14:00:00,75,16
50,2024-09-03 15:00:00,75,16
50,2024-09-03 16:00:00,75,16
50,2024-09-03 17:00:00,75,16
50,2024-09-03 18:00:00,0,0
50,2024-09-03 19:00:00,0,0
50,2024-09-03 20:00:00,0,0
50,2024-09-03 21:00:00,0,0
50,2024-09-03 22:00:00,0,0
50,2024-09-03 23:00:00,0,0
51,2024-09-01 00:00:00,56,12
51,2024-09-01 01:00:00,56,12
51,2024-09-01 02:00:00,56,12
51,2024-09-01 03:00:00,56,12
51,2024-09-01 04:00:00,56,12
51,2024-09-01 05:00:00,56,12
51,2024-09-01 06:00:00,56,12
51,2024-09-01 07:00:00,56,12
51,2024-09-01 08:00:00,56,12
51,2024-09-01 09:00:00,56,12
51,2024-09-01 10:00:00,56,12
51,2024-09-01 11:00:00,56,12
51,2024-09-01 12:00:00,56,12
51,2024-09-01 13:00:00,56,12
51,2024-09-01 14:00:00,56,12
51,2024-09-01 15:00:00,56,12
51,2024-09-01 16:00:00,56,12
51,2024-09-01 17:00:00,56,12
51,2024-09-01 18:00:00,56,12
51,2024-09-01 19:00:00,56,12
51,2024-09-01 20:00:00,56,12
51,2024-09-01 21:00:00,56,12
51,2024-09-01 22:00:00,56,12
51,2024-09-01 23:00:00,56,12
51,2024-09-02 00:00:00,56,12
51,2024-09-02 01:00:00,56,12
51,2024-09-02 02:00:00,56,12
51,2024-09-02 03:00:00,56,12
51,2024-09-02 04:00:00,56,12
51,2024-09-02 05:00:00,56,12
51,2024-09-02 06:00:00,57,13
51,2024-09-02 07:00:00,58,14
51,2024-09-02 08:00:00,62,15
51,2024-09-02 09:00:00,65,16
51,2024-09-02 10:00:00,69,16
51,2024-09-02 11:00:00,73,16
51,2024-09-02 12:00:00,74,16
51,2024-09-02 13:00:00,75,16
51,2024-09-02 14:00:00,75,16
51,2024-09-02 15:00:00,75,16
51,2024-09-02 16:00:00,75,16
51,2024-09-02 17:00:00,75,16
51,2024-09-02 18:00:00,75,16
51,2024-09-02 19:00:00,75,16
51,2024-09-02 20:00:00,75,16
51,2024-09-02 21:00:00,75,16
51,2024-09-02 22:00:00,75,16
51,2024-09-02 23:00:00,75,16
51,2024-09-03 00:00:00,75,16
51,2024-09-03 01:00:00,75,16
51,2024-09-03 02:00:00,75,16
51,2024-09-03 03:00:00,75,16
51,2024-09-03 04:00:00,75,16
51,2024-09-03 05:00:00,75,16
51,2024-09-03 06:00:00,75,16
51,2024-09-03 07:00:00,75,16
51,2024-09-03 08:00:00,75,16
51,2024-09-03 09:00:00,75,16
51,2024-09-03 10:00:00,75,16
51,2024-09-03 11:00:00,75,16
51,2024-09-03 12:00:00,75,16
51,2024-09-03 13:00:00,75,16
51,2024-09-03 14:00:00,75,16
51,2024-09-03 15:00:00,75,16
51,2024-09-03 16:00:00,75,16
51,2024-09-03 17:00:00,75,16
51,2024-09-03 18:00:00,0,0
51,2024-09-03 19:00:00,0,0
51,2024-09-03 20:00:00,0,0
51,2024-09-03 21:00:00,0,0
51,2024-09-03 22:00:00,0,0
51,2024-09-03 23:00:00,0,0
52,2024-09-01 00:00:00,56,12
52,2024-09-01 01:00:00,56,12
52,2024-09-01 02:00:00,56,12
52,2024-09-01 03:00:00,56,12
52,2024-09-01 04:00:00,56,12
52,2024-09-01 05:00:00,56,12
52,2024-09-01 06:00:00,56,12
52,2024-09-01 07:00:00,56,12
52,2024-09-01 08:00:00,56,12
52,2024-09-01 09:00:00,56,12
52,2024-09-01 10:00:00,56,12
52,2024-09-01 11:00:00,56,12
52,2024-09-01 12:00:00,56,12
52,2024-09-01 13:00:00,56,12
52,2024-09-01 14:00:00,56,12
52,2024-09-01 15:00:00,56,12
52,2024-09-01 16:00:00,56,12
52,2024-09-01 17:00:00,56,12
52,2024-09-01 18:00:00,56,12
52,2024-09-01 19:00:00,56,12
52,2024-09-01 20:00:00,56,12
52,2024-09-01 21:00:00,56,12
52,2024-09-01 22:00:00,56,12
52,2024-09-01 23:00:00,56,12
52,2024-09-02 00:00:00,56,12
52,2024-09-02 01:00:00,56,12
52,2024-09-02 02:00:00,56,12
52,2024-09-02 03:00:00,56,12
52,2024-09-02 04:00:00,56,12
52,2024-09-02 05:00:00,56,12
52,2024-09-02 06:00:00,57,13
52,2024-09-02 07:00:00,58,14
52,2024-09-02 08:00:00,62,15
52,2024-09-02 09:00:00,65,16
52,2024-09-02 10:00:00,69,16
52,2024-09-02 11:00:00,72,16
52,2024-09-02 12:00:00,74,16
52,2024-09-02 13:00:00,75,16
52,2024-09-02 14:00:00,75,16
52,2024-09-02 15:00:00,75,16
52,2024-09-02 16:00:00,75,16
52,2024-09-02 17:00:00,75,16
52,2024-09-02 18:00:00,75,16
52,2024-09-02 19:00:00,75,16
52,2024-09-02 20:00:00,75,16
52,2024-09-02 21:00:00,75,16
52,2024-09-02 22:00:00,75,16
52,2024-09-02 23:00:00,75,16
52,2024-09-03 00:00:00,75,16
52,2024-09-03 01:00:00,75,16
52,2024-09-03 02:00:00,75,16
52,2024-09-03 03:00:00,75,16
52,2024-09-03 04:00:00,75,16
52,2024-09-03 05:00:00,75,16
52,2024-09-03 06:00:00,75,16
52,2024-09-03 07:00:00,75,16
52,2024-09-03 08:00:00,75,16
52,2024-09-03 09:00:00,75,16
52,2024-09-03 10:00:00,75,16
52,2024-09-03 11:00:00,75,16
52,2024-09-03 12:00:00,75,16
52,2024-09-03 13:00:00,75,16
52,2024-09-03 14:00:00,75,16
52,2024-09-03 15:00:00,75,16
52,2024-09-03 16:00:00,75,16
52,2024-09-03 17:00:00,75,16
52,2024-09-03 18:00:00,0,0
52,2024-09-03 19:00:00,0,0
52,2024-09-03 20:00:00,0,0
52,2024-09-03 21:00:00,0,0
52,2024-09-03 22:00:00,0,0
52,2024-09-03 23:00:00,0,0
53,2024-09-01 00:00:00,56,12
53,2024-09-01 01:00:00,56,12
53,2024-09-01 02:00:00,56,12
53,2024-09-01 03:00:00,56,12
53,2024-09-01 04:00:00,56,12
53,2024-09-01 05:00:00,56,12
53,2024-09-01 06:00:00,56,12
53,2024-09-01 07:00:00,56,12
53,2024-09-01 08:00:00,56,12
53,2024-09-01 09:00:00,56,12
53,2024-09-01 10:00:00,56,12
53,2024-09-01 11:00:00,56,12
53,2024-09-01 12:00:00,56,12
53,2024-09-01 13:00:00,56,12
53,2024-09-01 14:00:00,56,12
53,2024-09-01 15:00:00,56,12
53,2024-09-01 16:00:00,56,12
53,2024-09-01 17:00:00,56,12
53,2024-09-01 18:00:00,56,12
53,2024-09-01 19:00:00,56,12
53,2024-09-01 20:00:00,56,12
53,2024-09-01 21:00:00,56,12
53,2024-09-01 22:00:00,56,12
53,2024-09-01 23:00:00,56,12
53,2024-09-02 00:00:00,56,12
53,2024-09-02 01:00:00,56,12
53,2024-09-02 02:00:00,56,12
53,2024-09-02 03:00:00,56,12
53,2024-09-02 04:00:00,56,12
53,2024-09-02 05:00:00,56,12
53,2024-09-02 06:00:00,57,13
53,2024-09-02 07:00:00,58,14
53,2024-09-02 08:00:00,62,15
53,2024-09-02 09:00:00,65,16
53,2024-09-02 10:00:00,70,16
53,2024-09-02 11:00:00,73,16
53,2024-09-02 12:00:00,75,16
53,2024-09-02 13:00:00,75,16
53,2024-09-02 14:00:00,75,16
53,2024-09-02 15:00:00,75,16
53,2024-09-02 16:00:00,75,16
53,2024-09-02 17:00:00,75,16
53,2024-09-02 18:00:00,75,16
53,2024-09-02 19:00:00,75,16
53,2024-09-02 20:00:00,75,16
53,2024-09-02 21:00:00,75,16
53,2024-09-02 22:00:00,75,16
53,2024-09-02 23:00:00,75,16
53,2024-09-03 00:00:00,75,16
53,2024-09-03 01:00:00,75,16
53,2024-09-03 02:00:00,75,16
53,2024-09-03 03:00:00,75,16
53,2024-09-03 04:00:00,75,16
53,2024-09-03 05:00:00,75,16
53,2024-09-03 06:00:00,75,16
53,2024-09-03 07:00:00,75,16
53,2024-09-03 08:00:00,75,16
53,2024-09-03 09:00:00,75,16
53,2024-09-03 10:00:00,75,16
53,2024-09-03 11:00:00,75,16
53,2024-09-03 12:00:00,75,16
53,2024-09-03 13:00:00,75,16
53,2024-09-03 14:00:00,75,16
53,2024-09-03 15:00:00,75,16
53,2024-09-03 16:00:00,75,16
53,2024-09-03 17:00:00,75,16
53,2024-09-03 18:00:00,0,0
53,2024-09-03 19:00:00,0,0
53,2024-09-03 20:00:00,0,0
53,2024-09-03 21:00:00,0,0
53,2024-09-03 22:00:00,0,0
53,2024-09-03 23:00:00,0,0
54,2024-09-01 00:00:00,55,12
54,2024-09-01 01:00:00,55,12
54,2024-09-01 02:00:00,55,12
54,2024-09-01 03:00:00,55,12
54,2024-09-01 04:00:00,55,12
54,2024-09-01 05:00:00,55,12
54,2024-09-01 06:00:00,55,12
54,2024-09-01 07:00:00,55,12
54,2024-09-01 08:00:00,55,12
54,2024-09-01 09:00:00,55,12
54,2024-09-01 10:00:00,55,12
54,2024-09-01 11:00:00,55,12
54,2024-09-01 12:00:00,55,12
54,2024-09-01 13:00:00,55,12
54,2024-09-01 14:00:00,55,12
54,2024-09-01 15:00:00,55,12
54,2024-09-01 16:00:00,55,12
54,2024-09-01 17:00:00,55,12
54,2024-09-01 18:00:00,55,12
54,2024-09-01 19:00:00,55,12
54,2024-09-01 20:00:00,55,12
54,2024-09-01 21:00:00,55,12
54,2024-09-01 22:00:00,55,12
54,2024-09-01 23:00:00,55,12
54,2024-09-02 00:00:00,55,12
54,2024-09-02 01:00:00,55,12
54,2024-09-02 02:00:00,55,12
54,2024-09-02 03:00:00,55,12
54,2024-09-02 04:00:00,55,12
54,2024-09-02 05:00:00,55,12
54,2024-09-02 06:00:00,56,13
54,2024-09-02 07:00:00,57,14
54,2024-09-02 08:00:00,61,15
54,2024-09-02 09:00:00,64,16
54,2024-09-02 10:00:00,68,16
54,2024-09-02 11:00:00,72,16
54,2024-09-02 12:00:00,74,16
54,2024-09-02 13:00:00,75,16
54,2024-09-02 14:00:00,75,16
54,2024-09-02 15:00:00,75,16
54,2024-09-02 16:00:00,75,16
54,2024-09-02 17:00:00,75,16
54,2024-09-02 18:00:00,75,16
54,2024-09-02 19:00:00,75,16
54,2024-09-02 20:00:00,75,16
54,2024-09-02 21:00:00,75,16
54,2024-09-02 22:00:00,75,16
54,2024-09-02 23:00:00,75,16
54,2024-09-03 00:00:00,75,16
54,2024-09-03 01:00:00,75,16
54,2024-09-03 02:00:00,75,16
54,2024-09-03 03:00:00,75,16
54,2024-09-03 04:00:00,75,16
54,2024-09-03 05:00:00,75,16
54,2024-09-03 06:00:00,75,16
54,2024-09-03 07:00:00,75,16
54,2024-09-03 08:00:00,75,16
54,2024-09-03 09:00:00,75,16
54,2024-09-03 10:00:00,75,16
54,2024-09-03 11:00:00,75,16
54,2024-09-03 12:00:00,75,16
54,2024-09-03 13:00:00,75,16
54,2024-09-03 14:00:00,75,16
54,2024-09-03 15:00:00,75,16
54,2024-09-03 16:00:00,75,16
54,2024-09-03 17:00:00,75,16
54,2024-09-03 18:00:00,0,0
54,2024-09-03 19:00:00,0,0
54,2024-09-03 20:00:00,0,0
54,2024-09-03 21:00:00,0,0
54,2024-09-03 22:00:00,0,0
54,2024-09-03 23:00:00,0,0
55,2024-09-01 00:00:00,57,12
55,2024-09-01 01:00:00,57,12
55,2024-09-01 02:00:00,57,12
55,2024-09-01 03:00:00,57,12
55,2024-09-01 04:00:00,57,12
55,2024-09-01 05:00:00,57,12
55,2024-09-01 06:00:00,57,12
55,2024-09-01 07:00:00,57,12
55,2024-09-01 08:00:00,57,12
55,2024-09-01 09:00:00,57,12
55,2024-09-01 10:00:00,57,12
55,2024-09-01 11:00:00,57,12
55,2024-09-01 12:00:00,57,12
55,2024-09-01 13:00:00,57,12
55,2024-09-01 14:00:00,57,12
55,2024-09-01 15:00:00,57,12
55,2024-09-01 16:00:00,57,12
55,2024-09-01 17:00:00,57,12
55,2024-09-01 18:00:00,57,12
55,2024-09-01 19:00:00,57,12
55,2024-09-01 20:00:00,57,12
55,2024-09-01 21:00:00,57,12
55,2024-09-01 22:00:00,57,12
55,2024-09-01 23:00:00,57,12
55,2024-09-02 00:00:00,57,12
55,2024-09-02 01:00:00,57,12
55,2024-09-02 02:00:00,57,12
55,2024-09-02 03:00:00,57,12
55,2024-09-02 04:00:00,57,12
55,2024-09-02 05:00:00,57,12
55,2024-09-02 06:00:00,58,13
55,2024-09-02 07:00:00,59,14
55,2024-09-02 08:00:00,63,15
55,2024-09-02 09:00:00,66,16
55,2024-09-02 10:00:00,70,16
55,2024-09-02 11:00:00,73,16
55,2024-09-02 12:00:00,75,16
55,2024-09-02 13:00:00,75,16
55,2024-09-02 14:00:00,75,16
55,2024-09-02 15:00:00,75,16
55,2024-09-02 16:00:00,75,16
55,2024-09-02 17:00:00,75,16
55,2024-09-02 18:00:00,75,16
55,2024-09-02 19:00:00,75,16
55,2024-09-02 20:00:00,75,16
55,2024-09-02 21:00:00,75,16
55,2024-09-02 22:00:00,75,16
55,2024-09-02 23:00:00,75,16
55,2024-09-03 00:00:00,75,16
55,2024-09-03 01:00:00,75,16
55,2024-09-03 02:00:00,75,16
55,2024-09-03 03:00:00,75,16
55,2024-09-03 04:00:00,75,16
55,2024-09-03 05:00:00,75,16
55,2024-09-03 06:00:00,75,16
55,2024-09-03 07:00:00,75,16
55,2024-09-03 08:00:00,75,16
55,2024-09-03 09:00:00,75,16
55,2024-09-03 10:00:00,75,16
55,2024-09-03 11:00:00,75,16
55,2024-09-03 12:00:00,75,16
55,2024-09-03 13:00:00,75,16
55,2024-09-03 14:00:00,75,16
55,2024-09-03 15:00:00,75,16
55,2024-09-03 16:00:00,75,16
55,2024-09-03 17:00:00,75,16
55,2024-09-03 18:00:00,0,0
55,2024-09-03 19:00:00,0,0
55,2024-09-03 20:00:00,0,0
55,2024-09-03 21:00:00,0,0
55,2024-09-03 22:00:00,0,0
55,2024-09-03 23:00:00,0,0
56,2024-09-01 00:00:00,58,12
56,2024-09-01 01:00:00,58,12
56,2024-09-01 02:00:00,58,12
56,2024-09-01 03:00:00,58,12
56,2024-09-01 04:00:00,58,12
56,2024-09-01 05:00:00,58,12
56,2024-09-01 06:00:00,58,12
56,2024-09-01 07:00:00,58,12
56,2024-09-01 08:00:00,58,12
56,2024-09-01 09:00:00,58,12
56,2024-09-01 10:00:00,58,12
56,2024-09-01 11:00:00,58,12
56,2024-09-01 12:00:00,58,12
56,2024-09-01 13:00:00,58,12
56,2024-09-01 14:00:00,58,12
56,2024-09-01 15:00:00,58,12
56,2024-09-01 16:00:00,58,12
56,2024-09-01 17:00:00,58,12
56,2024-09-01 18:00:00,58,12
56,2024-09-01 19:00:00,58,12
56,2024-09-01 20:00:00,58,12
56,2024-09-01 21:00:00,58,12
56,2024-09-01 22:00:00,58,12
56,2024-09-01 23:00:00,58,12
56,2024-09-02 00:00:00,58,12
56,2024-09-02 01:00:00,58,12
56,2024-09-02 02:00:00,58,12
56,2024-09-02 03:00:00,58,12
56,2024-09-02 04:00:00,58,12
56,2024-09-02 05:00:00,58,12
56,2024-09-02 06:00:00,59,13
56,2024-09-02 07:00:00,60,14
56,2024-09-02 08:00:00,64,15
56,2024-09-02 09:00:00,67,16
56,2024-09-02 10:00:00,71,16
56,2024-09-02 11:00:00,73,16
56,2024-09-02 12:00:00,75,16
56,2024-09-02 13:00:00,75,16
56,2024-09-02 14:00:00,75,16
56,2024-09-02 15:00:00,75,16
56,2024-09-02 16:00:00,75,16
56,2024-09-02 17:00:00,75,16
56,2024-09-02 18:00:00,75,16
56,2024-09-02 19:00:00,75,16
56,2024-09-02 20:00:00,75,16
56,2024-09-02 21:00:00,75,16
56,2024-09-02 22:00:00,75,16
56,2024-09-02 23:00:00,75,16
56,2024-09-03 00:00:00,75,16
56,2024-09-03 01:00:00,75,16
56,2024-09-03 02:00:00,75,16
56,2024-09-03 03:00:00,75,16
56,2024-09-03 04:00:00,75,16
56,2024-09-03 05:00:00,75,16
56,2024-09-03 06:00:00,75,16
56,2024-09-03 07:00:00,75,16
56,2024-09-03 08:00:00,75,16
56,2024-09-03 09:00:00,75,16
56,2024-09-03 10:00:00,75,16
56,2024-09-03 11:00:00,75,16
56,2024-09-03 12:00:00,75,16
56,2024-09-03 13:00:00,75,16
56,2024-09-03 14:00:00,75,16
56,2024-09-03 15:00:00,75,16
56,2024-09-03 16:00:00,75,16
56,2024-09-03 17:00:00,75,16
56,2024-09-03 18:00:00,0,0
56,2024-09-03 19:00:00,0,0
56,2024-09-03 20:00:00,0,0
56,2024-09-03 21:00:00,0,0
56,2024-09-03 22:00:00,0,0
56,2024-09-03 23:00:00,0,0
57,2024-09-01 00:00:00,55,12
57,2024-09-01 01:00:00,55,12
57,2024-09-01 02:00:00,55,12
57,2024-09-01 03:00:00,55,12
57,2024-09-01 04:00:00,55,12
57,2024-09-01 05:00:00,55,12
57,2024-09-01 06:00:00,55,12
57,2024-09-01 07:00:00,55,12
57,2024-09-01 08:00:00,55,12
57,2024-09-01 09:00:00,55,12
57,2024-09-01 10:00:00,55,12
57,2024-09-01 11:00:00,55,12
57,2024-09-01 12:00:00,55,12
57,2024-09-01 13:00:00,55,12
57,2024-09-01 14:00:00,55,12
57,2024-09-01 15:00:00,55,12
57,2024-09-01 16:00:00,55,12
57,2024-09-01 17:00:00,55,12
57,2024-09-01 18:00:00,55,12
57,2024-09-01 19:00:00,55,12
57,2024-09-01 20:00:00,55,12
57,2024-09-01 21:00:00,55,12
57,2024-09-01 22:00:00,55,12
57,2024-09-01 23:00:00,55,12
57,2024-09-02 00:00:00,55,12
57,2024-09-02 01:00:00,55,12
57,2024-09-02 02:00:00,55,12
57,2024-09-02 03:00:00,55,12
57,2024-09-02 04:00:00,55,12
57,2024-09-02 05:00:00,55,12
57,2024-09-02 06:00:00,56,13
57,2024-09-02 07:00:00,57,14
57,2024-09-02 08:00:00,61,15
57,2024-09-02 09:00:00,64,16
57,2024-09-02 10:00:00,68,16
57,2024-09-02 11:00:00,72,16
57,2024-09-02 12:00:00,74,16
57,2024-09-02 13:00:00,75,16
57,2024-09-02 14:00:00,75,16
57,2024-09-02 15:00:00,75,16
57,2024-09-02 16:00:00,75,16
57,2024-09-02 17:00:00,75,16
57,2024-09-02 18:00:00,75,16
57,2024-09-02 19:00:00,75,16
57,2024-09-02 20:00:00,75,16
57,2024-09-02 21:00:00,75,16
57,2024-09-02 22:00:00,75,16
57,2024-09-02 23:00:00,75,16
57,2024-09-03 00:00:00,75,16
57,2024-09-03 01:00:00,75,16
57,2024-09-03 02:00:00,75,16
57,2024-09-03 03:00:00,75,16
57,2024-09-03 04:00:00,75,16
57,2024-09-03 05:00:00,75,16
57,2024-09-03 06:00:00,75,16
57,2024-09-03 07:00:00,75,16
57,2024-09-03 08:00:00,75,16
57,2024-09-03 09:00:00,75,16
57,2024-09-03 10:00:00,75,16
57,2024-09-03 11:00:00,75,16
57,2024-09-03 12:00:00,75,16
57,2024-09-03 13:00:00,75,16
57,2024-09-03 14:00:00,75,16
57,2024-09-03 15:00:00,75,16
57,2024-09-03 16:00:00,75,16
57,2024-09-03 17:00:00,75,16
57,2024-09-03 18:00:00,0,0
57,2024-09-03 19:00:00,0,0
57,2024-09-03 20:00:00,0,0
57,2024-09-03 21:00:00,0,0
57,2024-09-03 22:00:00,0,0
57,2024-09-03 23:00:00,0,0
58,2024-09-01 00:00:00,57,12
58,2024-09-01 01:00:00,57,12
58,2024-09-01 02:00:00,57,12
58,2024-09-01 03:00:00,57,12
58,2024-09-01 04:00:00,57,12
58,2024-09-01 05:00:00,57,12
58,2024-09-01 06:00:00,57,12
58,2024-09-01 07:00:00,57,12
58,2024-09-01 08:00:00,57,12
58,2024-09-01 09:00:00,57,12
58,2024-09-01 10:00:00,57,12
58,2024-09-01 11:00:00,57,12
58,2024-09-01 12:00:00,57,12
58,2024-09-01 13:00:00,57,12
58,2024-09-01 14:00:00,57,12
58,2024-09-01 15:00:00,57,12
58,2024-09-01 16:00:00,57,12
58,2024-09-01 17:00:00,57,12
58,2024-09-01 18:00:00,57,12
58,2024-09-01 19:00:00,57,12
58,2024-09-01 20:00:00,57,12
58,2024-09-01 21:00:00,57,12
58,2024-09-01 22:00:00,57,12
58,2024-09-01 23:00:00,57,12
58,2024-09-02 00:00:00,57,12
58,2024-09-02 01:00:00,57,12
58,2024-09-02 02:00:00,57,12
58,2024-09-02 03:00:00,57,12
58,2024-09-02 04:00:00,57,12
58,2024-09-02 05:00:00,57,12
58,2024-09-02 06:00:00,58,13
58,2024-09-02 07:00:00,59,14
58,2024-09-02 08:00:00,63,15
58,2024-09-02 09:00:00,66,16
58,2024-09-02 10:00:00,71,16
58,2024-09-02 11:00:00,73,16
58,2024-09-02 12:00:00,74,16
58,2024-09-02 13:00:00,75,16
58,2024-09-02 14:00:00,75,16
58,2024-09-02 15:00:00,75,16
58,2024-09-02 16:00:00,75,16
58,2024-09-02 17:00:00,75,16
58,2024-09-02 18:00:00,75,16
58,2024-09-02 19:00:00,75,16
58,2024-09-02 20:00:00,75,16
58,2024-09-02 21:00:00,75,16
58,2024-09-02 22:00:00,75,16
58,2024-09-02 23:00:00,75,16
58,2024-09-03 00:00:00,75,16
58,2024-09-03 01:00:00,75,16
58,2024-09-03 02:00:00,75,16
58,2024-09-03 03:00:00,75,16
58,2024-09-03 04:00:00,75,16
58,2024-09-03 05:00:00,75,16
58,2024-09-03 06:00:00,75,16
58,2024-09-03 07:00:00,75,16
58,2024-09-03 08:00:00,75,16
58,2024-09-03 09:00:00,75,16
58,2024-09-03 10:00:00,75,16
58,2024-09-03 11:00:00,75,16
58,2024-09-03 12:00:00,75,16
58,2024-09-03 13:00:00,75,16
58,2024-09-03 14:00:00,75,16
58,2024-09-03 15:00:00,75,16
58,2024-09-03 16:00:00,75,16
58,2024-09-03 17:00:00,75,16
58,2024-09-03 18:00:00,0,0
58,2024-09-03 19:00:00,0,0
58,2024-09-03 20:00:00,0,0
58,2024-09-03 21:00:00,0,0
58,2024-09-03 22:00:00,0,0
58,2024-09-03 23:00:00,0,0
59,2024-09-01 00:00:00,55,12
59,2024-09-01 01:00:00,55,12
59,2024-09-01 02:00:00,55,12
59,2024-09-01 03:00:00,55,12
59,2024-09-01 04:00:00,55,12
59,2024-09-01 05:00:00,55,12
59,2024-09-01 06:00:00,55,12
59,2024-09-01 07:00:00,55,12
59,2024-09-01 08:00:00,55,12
59,2024-09-01 09:00:00,55,12
59,2024-09-01 10:00:00,55,12
59,2024-09-01 11:00:00,55,12
59,2024-09-01 12:00:00,55,12
59,2024-09-01 13:00:00,55,12
59,2024-09-01 14:00:00,55,12
59,2024-09-01 15:00:00,55,12
59,2024-09-01 16:00:00,55,12
59,2024-09-01 17:00:00,55,12
59,2024-09-01 18:00:00,55,12
59,2024-09-01 19:00:00,55,12
59,2024-09-01 20:00:00,55,12
59,2024-09-01 21:00:00,55,12
59,2024-09-01 22:00:00,55,12
59,2024-09-01 23:00:00,55,12
59,2024-09-02 00:00:00,55,12
59,2024-09-02 01:00:00,55,12
59,2024-09-02 02:00:00,55,12
59,2024-09-02 03:00:00,55,12
59,2024-09-02 04:00:00,55,12
59,2024-09-02 05:00:00,55,12
59,2024-09-02 06:00:00,56,13
59,2024-09-02 07:00:00,57,14
59,2024-09-02 08:00:00,61,15
59,2024-09-02 09:00:00,64,16
59,2024-09-02 10:00:00,68,16
59,2024-09-02 11:00:00,72,16
59,2024-09-02 12:00:00,74,16
59,2024-09-02 13:00:00,75,16
59,2024-09-02 14:00:00,75,16
59,2024-09-02 15:00:00,75,16
59,2024-09-02 16:00:00,75,16
59,2024-09-02 17:00:00,75,16
59,2024-09-02 18:00:00,75,16
59,2024-09-02 19:00:00,75,16
59,2024-09-02 20:00:00,75,16
59,2024-09-02 21:00:00,75,16
59,2024-09-02 22:00:00,75,16
59,2024-09-02 23:00:00,75,16
59,2024-09-03 00:00:00,75,16
59,2024-09-03 01:00:00,75,16
59,2024-09-03 02:00:00,75,16
59,2024-09-03 03:00:00,75,16
59,2024-09-03 04:00:00,75,16
59,2024-09-03 05:00:00,75,16
59,2024-09-03 06:00:00,75,16
59,2024-09-03 07:00:00,75,16
59,2024-09-03 08:00:00,75,16
59,2024-09-03 09:00:00,75,16
59,2024-09-03 10:00:00,75,16
59,2024-09-03 11:00:00,75,16
59,2024-09-03 12:00:00,75,16
59,2024-09-03 13:00:00,75,16
59,2024-09-03 14:00:00,75,16
59,2024-09-03 15:00:00,75,16
59,2024-09-03 16:00:00,75,16
59,2024-09-03 17:00:00,75,16
59,2024-09-03 18:00:00,0,0
59,2024-09-03 19:00:00,0,0
59,2024-09-03 20:00:00,0,0
59,2024-09-03 21:00:00,0,0
59,2024-09-03 22:00:00,0,0
59,2024-09-03 23:00:00,0,0
60,2024-09-01 00:00:00,55,12
60,2024-09-01 01:00:00,55,12
60,2024-09-01 02:00:00,55,12
60,2024-09-01 03:00:00,55,12
60,2024-09-01 04:00:00,55,12
60,2024-09-01 05:00:00,55,12
60,2024-09-01 06:00:00,55,12
60,2024-09-01 07:00:00,55,12
60,2024-09-01 08:00:00,55,12
60,2024-09-01 09:00:00,55,12
60,2024-09-01 10:00:00,55,12
60,2024-09-01 11:00:00,55,12
60,2024-09-01 12:00:00,55,12
60,2024-09-01 13:00:00,55,12
60,2024-09-01 14:00:00,55,12
60,2024-09-01 15:00:00,55,12
60,2024-09-01 16:00:00,55,12
60,2024-09-01 17:00:00,55,12
60,2024-09-01 18:00:00,55,12
60,2024-09-01 19:00:00,55,12
60,2024-09-01 20:00:00,55,12
60,2024-09-01 21:00:00,55,12
60,2024-09-01 22:00:00,55,12
60,2024-09-01 23:00:00,55,12
60,2024-09-02 00:00:00,55,12
60,2024-09-02 01:00:00,55,12
60,2024-09-02 02:00:00,55,12
60,2024-09-02 03:00:00,55,12
60,2024-09-02 04:00:00,55,12
60,2024-09-02 05:00:00,55,12
60,2024-09-02 06:00:00,56,13
60,2024-09-02 07:00:00,57,14
60,2024-09-02 08:00:00,61,15
60,2024-09-02 09:00:00,64,16
60,2024-09-02 10:00:00,68,16
60,2024-09-02 11:00:00,72,16
60,2024-09-02 12:00:00,74,16
60,2024-09-02 13:00:00,75,16
60,2024-09-02 14:00:00,75,16
60,2024-09-02 15:00:00,75,16
60,2024-09-02 16:00:00,75,16
60,2024-09-02 17:00:00,75,16
60,2024-09-02 18:00:00,75,16
60,2024-09-02 19:00:00,75,16
60,2024-09-02 20:00:00,75,16
60,2024-09-02 21:00:00,75,16
60,2024-09-02 22:00:00,75,16
60,2024-09-02 23:00:00,75,16
60,2024-09-03 00:00:00,75,16
60,2024-09-03 01:00:00,75,16
60,2024-09-03 02:00:00,75,16
60,2024-09-03 03:00:00,75,16
60,2024-09-03 04:00:00,75,16
60,2024-09-03 05:00:00,75,16
60,2024-09-03 06:00:00,75,16
60,2024-09-03 07:00:00,75,16
60,2024-09-03 08:00:00,75,16
60,2024-09-03 09:00:00,75,16
60,2024-09-03 10:00:00,75,16
60,2024-09-03 11:00:00,75,16
60,2024-09-03 12:00:00,75,16
60,2024-09-03 13:00:00,75,16
60,2024-09-03 14:00:00,75,16
60,2024-09-03 15:00:00,75,16
60,2024-09-03 16:00:00,75,16
60,2024-09-03 17:00:00,75,16
60,2024-09-03 18:00:00,0,0
60,2024-09-03 19:00:00,0,0
60,2024-09-03 20:00:00,0,0
60,2024-09-03 21:00:00,0,0
60,2024-09-03 22:00:00,0,0
60,2024-09-03 23:00:00,0,0
61,2024-09-01 00:00:00,56,12
61,2024-09-01 01:00:00,56,12
61,2024-09-01 02:00:00,56,12
61,2024-09-01 03:00:00,56,12
61,2024-09-01 04:00:00,56,12
61,2024-09-01 05:00:00,56,12
61,2024-09-01 06:00:00,56,12
61,2024-09-01 07:00:00,56,12
61,2024-09-01 08:00:00,56,12
61,2024-09-01 09:00:00,56,12
61,2024-09-01 10:00:00,56,12
61,2024-09-01 11:00:00,56,12
61,2024-09-01 12:00:00,56,12
61,2024-09-01 13:00:00,56,12
61,2024-09-01 14:00:00,56,12
61,2024-09-01 15:00:00,56,12
61,2024-09-01 16:00:00,56,12
61,2024-09-01 17:00:00,56,12
61,2024-09-01 18:00:00,56,12
61,2024-09-01 19:00:00,56,12
61,2024-09-01 20:00:00,56,12
61,2024-09-01 21:00:00,56,12
61,2024-09-01 22:00:00,56,12
61,2024-09-01 23:00:00,56,12
61,2024-09-02 00:00:00,56,12
61,2024-09-02 01:00:00,56,12
61,2024-09-02 02:00:00,56,12
61,2024-09-02 03:00:00,56,12
61,2024-09-02 04:00:00,56,12
61,2024-09-02 05:00:00,56,12
61,2024-09-02 06:00:00,57,13
61,2024-09-02 07:00:00,58,14
61,2024-09-02 08:00:00,62,15
61,2024-09-02 09:00:00,65,16
61,2024-09-02 10:00:00,69,16
61,2024-09-02 11:00:00,72,16
61,2024-09-02 12:00:00,75,16
61,2024-09-02 13:00:00,75,16
61,2024-09-02 14:00:00,75,16
61,2024-09-02 15:00:00,75,16
61,2024-09-02 16:00:00,75,16
61,2024-09-02 17:00:00,75,16
61,2024-09-02 18:00:00,75,16
61,2024-09-02 19:00:00,75,16
61,2024-09-02 20:00:00,75,16
61,2024-09-02 21:00:00,75,16
61,2024-09-02 22:00:00,75,16
61,2024-09-02 23:00:00,75,16
61,2024-09-03 00:00:00,75,16
61,2024-09-03 01:00:00,75,16
61,2024-09-03 02:00:00,75,16
61,2024-09-03 03:00:00,75,16
61,2024-09-03 04:00:00,75,16
61,2024-09-03 05:00:00,75,16
61,2024-09-03 06:00:00,75,16
61,2024-09-03 07:00:00,75,16
61,2024-09-03 08:00:00,75,16
61,2024-09-03 09:00:00,75,16
61,2024-09-03 10:00:00,75,16
61,2024-09-03 11:00:00,75,16
61,2024-09-03 12:00:00,75,16
61,2024-09-03 13:00:00,75,16
61,2024-09-03 14:00:00,75,16
61,2024-09-03 15:00:00,75,16
61,2024-09-03 16:00:00,75,16
61,2024-09-03 17:00:00,75,16
61,2024-09-03 18:00:00,0,0
61,2024-09-03 19:00:00,0,0
61,2024-09-03 20:00:00,0,0
61,2024-09-03 21:00:00,0,0
61,2024-09-03 22:00:00,0,0
61,2024-09-03 23:00:00,0,0
62,2024-09-01 00:00:00,57,12
62,2024-09-01 01:00:00,57,12
62,2024-09-01 02:00:00,57,12
62,2024-09-01 03:00:00,57,12
62,2024-09-01 04:00:00,57,12
62,2024-09-01 05:00:00,57,12
62,2024-09-01 06:00:00,57,12
62,2024-09-01 07:00:00,57,12
62,2024-09-01 08:00:00,57,12
62,2024-09-01 09:00:00,57,12
62,2024-09-01 10:00:00,57,12
62,2024-09-01 11:00:00,57,12
62,2024-09-01 12:00:00,57,12
62,2024-09-01 13:00:00,57,12
62,2024-09-01 14:00:00,57,12
62,2024-09-01 15:00:00,57,12
62,2024-09-01 16:00:00,57,12
62,2024-09-01 17:00:00,57,12
62,2024-09-01 18:00:00,57,12
62,2024-09-01 19:00:00,57,12
62,2024-09-01 20:00:00,57,12
62,2024-09-01 21:00:00,57,12
62,2024-09-01 22:00:00,57,12
62,2024-09-01 23:00:00,57,12
62,2024-09-02 00:00:00,57,12
62,2024-09-02 01:00:00,57,12
62,2024-09-02 02:00:00,57,12
62,2024-09-02 03:00:00,57,12
62,2024-09-02 04:00:00,57,12
62,2024-09-02 05:00:00,57,12
62,2024-09-02 06:00:00,58,13
62,2024-09-02 07:00:00,59,14
62,2024-09-02 08:00:00,63,15
62,2024-09-02 09:00:00,66,16
62,2024-09-02 10:00:00,70,16
62,2024-09-02 11:00:00,73,16
62,2024-09-02 12:00:00,74,16
62,2024-09-02 13:00:00,75,16
62,2024-09-02 14:00:00,75,16
62,2024-09-02 15:00:00,75,16
62,2024-09-02 16:00:00,75,16
62,2024-09-02 17:00:00,75,16
62,2024-09-02 18:00:00,75,16
62,2024-09-02 19:00:00,75,16
62,2024-09-02 20:00:00,75,16
62,2024-09-02 21:00:00,75,16
62,2024-09-02 22:00:00,75,16
62,2024-09-02 23:00:00,75,16
62,2024-09-03 00:00:00,75,16
62,2024-09-03 01:00:00,75,16
62,2024-09-03 02:00:00,75,16
62,2024-09-03 03:00:00,75,16
62,2024-09-03 04:00:00,75,16
62,2024-09-03 05:00:00,75,16
62,2024-09-03 06:00:00,75,16
62,2024-09-03 07:00:00,75,16
62,2024-09-03 08:00:00,75,16
62,2024-09-03 09:00:00,75,16
62,2024-09-03 10:00:00,75,16
62,2024-09-03 11:00:00,75,16
62,2024-09-03 12:00:00,75,16
62,2024-09-03 13:00:00,75,16
62,2024-09-03 14:00:00,75,16
62,2024-09-03 15:00:00,75,16
62,2024-09-03 16:00:00,75,16
62,2024-09-03 17:00:00,75,16
62,2024-09-03 18:00:00,0,0
62,2024-09-03 19:00:00,0,0
62,2024-09-03 20:00:00,0,0
62,2024-09-03 21:00:00,0,0
62,2024-09-03 22:00:00,0,0
62,2024-09-03 23:00:00,0,0
63,2024-09-01 00:00:00,58,12
63,2024-09-01 01:00:00,58,12
63,2024-09-01 02:00:00,58,12
63,2024-09-01 03:00:00,58,12
63,2024-09-01 04:00:00,58,12
63,2024-09-01 05:00:00,58,12
63,2024-09-01 06:00:00,58,12
63,2024-09-01 07:00:00,58,12
63,2024-09-01 08:00:00,58,12
63,2024-09-01 09:00:00,58,12
63,2024-09-01 10:00:00,58,12
63,2024-09-01 11:00:00,58,12
63,2024-09-01 12:00:00,58,12
63,2024-09-01 13:00:00,58,12
63,2024-09-01 14:00:00,58,12
63,2024-09-01 15:00:00,58,12
63,2024-09-01 16:00:00,58,12
63,2024-09-01 17:00:00,58,12
63,2024-09-01 18:00:00,58,12
63,2024-09-01 19:00:00,58,12
63,2024-09-01 20:00:00,58,12
63,2024-09-01 21:00:00,58,12
63,2024-09-01 22:00:00,58,12
63,2024-09-01 23:00:00,58,12
63,2024-09-02 00:00:00,58,12
63,2024-09-02 01:00:00,58,12
63,2024-09-02 02:00:00,58,12
63,2024-09-02 03:00:00,58,12
63,2024-09-02 04:00:00,58,12
63,2024-09-02 05:00:00,58,12
63,2024-09-02 06:00:00,59,13
63,2024-09-02 07:00:00,60,14
63,2024-09-02 08:00:00,63,15
63,2024-09-02 09:00:00,66,16
63,2024-09-02 10:00:00,69,16
63,2024-09-02 11:00:00,72,16
63,2024-09-02 12:00:00,75,16
63,2024-09-02 13:00:00,75,16
63,2024-09-02 14:00:00,75,16
63,2024-09-02 15:00:00,75,16
63,2024-09-02 16:00:00,75,16
63,2024-09-02 17:00:00,75,16
63,2024-09-02 18:00:00,75,16
63,2024-09-02 19:00:00,75,16
63,2024-09-02 20:00:00,75,16
63,2024-09-02 21:00:00,75,16
63,2024-09-02 22:00:00,75,16
63,2024-09-02 23:00:00,75,16
63,2024-09-03 00:00:00,75,16
63,2024-09-03 01:00:00,75,16
63,2024-09-03 02:00:00,75,16
63,2024-09-03 03:00:00,75,16
63,2024-09-03 04:00:00,75,16
63,2024-09-03 05:00:00,75,16
63,2024-09-03 06:00:00,75,16
63,2024-09-03 07:00:00,75,16
63,2024-09-03 08:00:00,75,16
63,2024-09-03 09:00:00,75,16
63,2024-09-03 10:00:00,75,16
63,2024-09-03 11:00:00,75,16
63,2024-09-03 12:00:00,75,16
63,2024-09-03 13:00:00,75,16
63,2024-09-03 14:00:00,75,16
63,2024-09-03 15:00:00,75,16
63,2024-09-03 16:00:00,75,16
63,2024-09-03 17:00:00,75,16
63,2024-09-03 18:00:00,0,0
63,2024-09-03 19:00:00,0,0
63,2024-09-03 20:00:00,0,0
63,2024-09-03 21:00:00,0,0
63,2024-09-03 22:00:00,0,0
63,2024-09-03 23:00:00,0,0
64,2024-09-01 00:00:00,56,12
64,2024-09-01 01:00:00,56,12
64,2024-09-01 02:00:00,56,12
64,2024-09-01 03:00:00,56,12
64,2024-09-01 04:00:00,56,12
64,2024-09-01 05:00:00,56,12
64,2024-09-01 06:00:00,56,12
64,2024-09-01 07:00:00,56,12
64,2024-09-01 08:00:00,56,12
64,2024-09-01 09:00:00,56,12
64,2024-09-01 10:00:00,56,12
64,2024-09-01 11:00:00,56,12
64,2024-09-01 12:00:00,56,12
64,2024-09-01 13:00:00,56,12
64,2024-09-01 14:00:00,56,12
64,2024-09-01 15:00:00,56,12
64,2024-09-01 16:00:00,56,12
64,2024-09-01 17:00:00,56,12
64,2024-09-01 18:00:00,56,12
64,2024-09-01 19:00:00,56,12
64,2024-09-01 20:00:00,56,12
64,2024-09-01 21:00:00,56,12
64,2024-09-01 22:00:00,56,12
64,2024-09-01 23:00:00,56,12
64,2024-09-02 00:00:00,56,12
64,2024-09-02 01:00:00,56,12
64,2024-09-02 02:00:00,56,12
64,2024-09-02 03:00:00,56,12
64,2024-09-02 04:00:00,56,12
64,2024-09-02 05:00:00,56,12
64,2024-09-02 06:00:00,57,13
64,2024-09-02 07:00:00,58,14
64,2024-09-02 08:00:00,62,15
64,2024-09-02 09:00:00,65,16
64,2024-09-02 10:00:00,69,16
64,2024-09-02 11:00:00,72,16
64,2024-09-02 12:00:00,74,16
64,2024-09-02 13:00:00,75,16
64,2024-09-02 14:00:00,75,16
64,2024-09-02 15:00:00,75,16
64,2024-09-02 16:00:00,75,16
64,2024-09-02 17:00:00,75,16
64,2024-09-02 18:00:00,75,16
64,2024-09-02 19:00:00,75,16
64,2024-09-02 20:00:00,75,16
64,2024-09-02 21:00:00,75,16
64,2024-09-02 22:00:00,75,16
64,2024-09-02 23:00:00,75,16
64,2024-09-03 00:00:00,75,16
64,2024-09-03 01:00:00,75,16
64,2024-09-03 02:00:00,75,16
64,2024-09-03 03:00:00,75,16
64,2024-09-03 04:00:00,75,16
64,2024-09-03 05:00:00,75,16
64,2024-09-03 06:00:00,75,16
64,2024-09-03 07:00:00,75,16
64,2024-09-03 08:00:00,75,16
64,2024-09-03 09:00:00,75,16
64,2024-09-03 10:00:00,75,16
64,2024-09-03 11:00:00,75,16
64,2024-09-03 12:00:00,75,16
64,2024-09-03 13:00:00,75,16
64,2024-09-03 14:00:00,75,16
64,2024-09-03 15:00:00,75,16
64,2024-09-03 16:00:00,75,16
64,2024-09-03 17:00:00,75,16
64,2024-09-03 18:00:00,0,0
64,2024-09-03 19:00:00,0,0
64,2024-09-03 20:00:00,0,0
64,2024-09-03 21:00:00,0,0
64,2024-09-03 22:00:00,0,0
64,2024-09-03 23:00:00,0,0
65,2024-09-01 00:00:00,55,12
65,2024-09-01 01:00:00,55,12
65,2024-09-01 02:00:00,55,12
65,2024-09-01 03:00:00,55,12
65,2024-09-01 04:00:00,55,12
65,2024-09-01 05:00:00,55,12
65,2024-09-01 06:00:00,55,12
65,2024-09-01 07:00:00,55,12
65,2024-09-01 08:00:00,55,12
65,2024-09-01 09:00:00,55,12
65,2024-09-01 10:00:00,55,12
65,2024-09-01 11:00:00,55,12
65,2024-09-01 12:00:00,55,12
65,2024-09-01 13:00:00,55,12
65,2024-09-01 14:00:00,55,12
65,2024-09-01 15:00:00,55,12
65,2024-09-01 16:00:00,55,12
65,2024-09-01 17:00:00,55,12
65,2024-09-01 18:00:00,55,12
65,2024-09-01 19:00:00,55,12
65,2024-09-01 20:00:00,55,12
65,2024-09-01 21:00:00,55,12
65,2024-09-01 22:00:00,55,12
65,2024-09-01 23:00:00,55,12
65,2024-09-02 00:00:00,55,12
65,2024-09-02 01:00:00,55,12
65,2024-09-02 02:00:00,55,12
65,2024-09-02 03:00:00,55,12
65,2024-09-02 04:00:00,55,12
65,2024-09-02 05:00:00,55,12
65,2024-09-02 06:00:00,56,13
65,2024-09-02 07:00:00,57,14
65,2024-09-02 08:00:00,61,15
65,2024-09-02 09:00:00,64,16
65,2024-09-02 10:00:00,68,16
65,2024-09-02 11:00:00,72,16
65,2024-09-02 12:00:00,75,16
65,2024-09-02 13:00:00,75,16
65,2024-09-02 14:00:00,75,16
65,2024-09-02 15:00:00,75,16
65,2024-09-02 16:00:00,75,16
65,2024-09-02 17:00:00,75,16
65,2024-09-02 18:00:00,75,16
65,2024-09-02 19:00:00,75,16
65,2024-09-02 20:00:00,75,16
65,2024-09-02 21:00:00,75,16
65,2024-09-02 22:00:00,75,16
65,2024-09-02 23:00:00,75,16
65,2024-09-03 00:00:00,75,16
65,2024-09-03 01:00:00,75,16
65,2024-09-03 02:00:00,75,16
65,2024-09-03 03:00:00,75,16
65,2024-09-03 04:00:00,75,16
65,2024-09-03 05:00:00,75,16
65,2024-09-03 06:00:00,75,16
65,2024-09-03 07:00:00,75,16
65,2024-09-03 08:00:00,75,16
65,2024-09-03 09:00:00,75,16
65,2024-09-03 10:00:00,75,16
65,2024-09-03 11:00:00,75,16
65,2024-09-03 12:00:00,75,16
65,2024-09-03 13:00:00,75,16
65,2024-09-03 14:00:00,75,16
65,2024-09-03 15:00:00,75,16
65,2024-09-03 16:00:00,75,16
65,2024-09-03 17:00:00,75,16
65,2024-09-03 18:00:00,0,0
65,2024-09-03 19:00:00,0,0
65,2024-09-03 20:00:00,0,0
65,2024-09-03 21:00:00,0,0
65,2024-09-03 22:00:00,0,0
65,2024-09-03 23:00:00,0,0
66,2024-09-01 00:00:00,57,12
66,2024-09-01 01:00:00,57,12
66,2024-09-01 02:00:00,57,12
66,2024-09-01 03:00:00,57,12
66,2024-09-01 04:00:00,57,12
66,2024-09-01 05:00:00,57,12
66,2024-09-01 06:00:00,57,12
66,2024-09-01 07:00:00,57,12
66,2024-09-01 08:00:00,57,12
66,2024-09-01 09:00:00,57,12
66,2024-09-01 10:00:00,57,12
66,2024-09-01 11:00:00,57,12
66,2024-09-01 12:00:00,57,12
66,2024-09-01 13:00:00,57,12
66,2024-09-01 14:00:00,57,12
66,2024-09-01 15:00:00,57,12
66,2024-09-01 16:00:00,57,12
66,2024-09-01 17:00:00,57,12
66,2024-09-01 18:00:00,57,12
66,2024-09-01 19:00:00,57,12
66,2024-09-01 20:00:00,57,12
66,2024-09-01 21:00:00,57,12
66,2024-09-01 22:00:00,57,12
66,2024-09-01 23:00:00,57,12
66,2024-09-02 00:00:00,57,12
66,2024-09-02 01:00:00,57,12
66,2024-09-02 02:00:00,57,12
66,2024-09-02 03:00:00,57,12
66,2024-09-02 04:00:00,57,12
66,2024-09-02 05:00:00,57,12
66,2024-09-02 06:00:00,58,13
66,2024-09-02 07:00:00,59,14
66,2024-09-02 08:00:00,63,15
66,2024-09-02 09:00:00,66,16
66,2024-09-02 10:00:00,70,16
66,2024-09-02 11:00:00,72,16
66,2024-09-02 12:00:00,74,16
66,2024-09-02 13:00:00,75,16
66,2024-09-02 14:00:00,75,16
66,2024-09-02 15:00:00,75,16
66,2024-09-02 16:00:00,75,16
66,2024-09-02 17:00:00,75,16
66,2024-09-02 18:00:00,75,16
66,2024-09-02 19:00:00,75,16
66,2024-09-02 20:00:00,75,16
66,2024-09-02 21:00:00,75,16
66,2024-09-02 22:00:00,75,16
66,2024-09-02 23:00:00,75,16
66,2024-09-03 00:00:00,75,16
66,2024-09-03 01:00:00,75,16
66,2024-09-03 02:00:00,75,16
66,2024-09-03 03:00:00,75,16
66,2024-09-03 04:00:00,75,16
66,2024-09-03 05:00:00,75,16
66,2024-09-03 06:00:00,75,16
66,2024-09-03 07:00:00,75,16
66,2024-09-03 08:00:00,75,16
66,2024-09-03 09:00:00,75,16
66,2024-09-03 10:00:00,75,16
66,2024-09-03 11:00:00,75,16
66,2024-09-03 12:00:00,75,16
66,2024-09-03 13:00:00,75,16
66,2024-09-03 14:00:00,75,16
66,2024-09-03 15:00:00,75,16
66,2024-09-03 16:00:00,75,16
66,2024-09-03 17:00:00,75,16
66,2024-09-03 18:00:00,0,0
66,2024-09-03 19:00:00,0,0
66,2024-09-03 20:00:00,0,0
66,2024-09-03 21:00:00,0,0
66,2024-09-03 22:00:00,0,0
66,2024-09-03 23:00:00,0,0
67,2024-09-01 00:00:00,56,12
67,2024-09-01 01:00:00,56,12
67,2024-09-01 02:00:00,56,12
67,2024-09-01 03:00:00,56,12
67,2024-09-01 04:00:00,56,12
67,2024-09-01 05:00:00,56,12
67,2024-09-01 06:00:00,56,12
67,2024-09-01 07:00:00,56,12
67,2024-09-01 08:00:00,56,12
67,2024-09-01 09:00:00,56,12
67,2024-09-01 10:00:00,56,12
67,2024-09-01 11:00:00,56,12
67,2024-09-01 12:00:00,56,12
67,2024-09-01 13:00:00,56,12
67,2024-09-01 14:00:00,56,12
67,2024-09-01 15:00:00,56,12
67,2024-09-01 16:00:00,56,12
67,2024-09-01 17:00:00,56,12
67,2024-09-01 18:00:00,56,12
67,2024-09-01 19:00:00,56,12
67,2024-09-01 20:00:00,56,12
67,2024-09-01 21:00:00,56,12
67,2024-09-01 22:00:00,56,12
67,2024-09-01 23:00:00,56,12
67,2024-09-02 00:00:00,56,12
67,2024-09-02 01:00:00,56,12
67,2024-09-02 02:00:00,56,12
67,2024-09-02 03:00:00,56,12
67,2024-09-02 04:00:00,56,12
67,2024-09-02 05:00:00,56,12
67,2024-09-02 06:00:00,57,13
67,2024-09-02 07:00:00,58,14
67,2024-09-02 08:00:00,62,15
67,2024-09-02 09:00:00,65,16
67,2024-09-02 10:00:00,69,16
67,2024-09-02 11:00:00,73,16
67,2024-09-02 12:00:00,75,16
67,2024-09-02 13:00:00,75,16
67,2024-09-02 14:00:00,75,16
67,2024-09-02 15:00:00,75,16
67,2024-09-02 16:00:00,75,16
67,2024-09-02 17:00:00,75,16
67,2024-09-02 18:00:00,75,16
67,2024-09-02 19:00:00,75,16
67,2024-09-02 20:00:00,75,16
67,2024-09-02 21:00:00,75,16
67,2024-09-02 22:00:00,75,16
67,2024-09-02 23:00:00,75,16
67,2024-09-03 00:00:00,75,16
67,2024-09-03 01:00:00,75,16
67,2024-09-03 02:00:00,75,16
67,2024-09-03 03:00:00,75,16
67,2024-09-03 04:00:00,75,16
67,2024-09-03 05:00:00,75,16
67,2024-09-03 06:00:00,75,16
67,2024-09-03 07:00:00,75,16
67,2024-09-03 08:00:00,75,16
67,2024-09-03 09:00:00,75,16
67,2024-09-03 10:00:00,75,16
67,2024-09-03 11:00:00,75,16
67,2024-09-03 12:00:00,75,16
67,2024-09-03 13:00:00,75,16
67,2024-09-03 14:00:00,75,16
67,2024-09-03 15:00:00,75,16
67,2024-09-03 16:00:00,75,16
67,2024-09-03 17:00:00,75,16
67,2024-09-03 18:00:00,0,0
67,2024-09-03 19:00:00,0,0
67,2024-09-03 20:00:00,0,0
67,2024-09-03 21:00:00,0,0
67,2024-09-03 22:00:00,0,0
67,2024-09-03 23:00:00,0,0
68,2024-09-01 00:00:00,56,12
68,2024-09-01 01:00:00,56,12
68,2024-09-01 02:00:00,56,12
68,2024-09-01 03:00:00,56,12
68,2024-09-01 04:00:00,56,12
68,2024-09-01 05:00:00,56,12
68,2024-09-01 06:00:00,56,12
68,2024-09-01 07:00:00,56,12
68,2024-09-01 08:00:00,56,12
68,2024-09-01 09:00:00,56,12
68,2024-09-01 10:00:00,56,12
68,2024-09-01 11:00:00,56,12
68,2024-09-01 12:00:00,56,12
68,2024-09-01 13:00:00,56,12
68,2024-09-01 14:00:00,56,12
68,2024-09-01 15:00:00,56,12
68,2024-09-01 16:00:00,56,12
68,2024-09-01 17:00:00,56,12
68,2024-09-01 18:00:00,56,12
68,2024-09-01 19:00:00,56,12
68,2024-09-01 20:00:00,56,12
68,2024-09-01 21:00:00,56,12
68,2024-09-01 22:00:00,56,12
68,2024-09-01 23:00:00,56,12
68,2024-09-02 00:00:00,56,12
68,2024-09-02 01:00:00,56,12
68,2024-09-02 02:00:00,56,12
68,2024-09-02 03:00:00,56,12
68,2024-09-02 04:00:00,56,12
68,2024-09-02 05:00:00,56,12
68,2024-09-02 06:00:00,57,13
68,2024-09-02 07:00:00,58,14
68,2024-09-02 08:00:00,62,15
68,2024-09-02 09:00:00,65,16
68,2024-09-02 10:00:00,69,16
68,2024-09-02 11:00:00,72,16
68,2024-09-02 12:00:00,75,16
68,2024-09-02 13:00:00,75,16
68,2024-09-02 14:00:00,75,16
68,2024-09-02 15:00:00,75,16
68,2024-09-02 16:00:00,75,16
68,2024-09-02 17:00:00,75,16
68,2024-09-02 18:00:00,75,16
68,2024-09-02 19:00:00,75,16
68,2024-09-02 20:00:00,75,16
68,2024-09-02 21:00:00,75,16
68,2024-09-02 22:00:00,75,16
68,2024-09-02 23:00:00,75,16
68,2024-09-03 00:00:00,75,16
68,2024-09-03 01:00:00,75,16
68,2024-09-03 02:00:00,75,16
68,2024-09-03 03:00:00,75,16
68,2024-09-03 04:00:00,75,16
68,2024-09-03 05:00:00,75,16
68,2024-09-03 06:00:00,75,16
68,2024-09-03 07:00:00,75,16
68,2024-09-03 08:00:00,75,16
68,2024-09-03 09:00:00,75,16
68,2024-09-03 10:00:00,75,16
68,2024-09-03 11:00:00,75,16
68,2024-09-03 12:00:00,75,16
68,2024-09-03 13:00:00,75,16
68,2024-09-03 14:00:00,75,16
68,2024-09-03 15:00:00,75,16
68,2024-09-03 16:00:00,75,16
68,2024-09-03 17:00:00,75,16
68,2024-09-03 18:00:00,0,0
68,2024-09-03 19:00:00,0,0
68,2024-09-03 20:00:00,0,0
68,2024-09-03 21:00:00,0,0
68,2024-09-03 22:00:00,0,0
68,2024-09-03 23:00:00,0,0
69,2024-09-01 00:00:00,56,12
69,2024-09-01 01:00:00,56,12
69,2024-09-01 02:00:00,56,12
69,2024-09-01 03:00:00,56,12
69,2024-09-01 04:00:00,56,12
69,2024-09-01 05:00:00,56,12
69,2024-09-01 06:00:00,56,12
69,2024-09-01 07:00:00,56,12
69,2024-09-01 08:00:00,56,12
69,2024-09-01 09:00:00,56,12
69,2024-09-01 10:00:00,56,12
69,2024-09-01 11:00:00,56,12
69,2024-09-01 12:00:00,56,12
69,2024-09-01 13:00:00,56,12
69,2024-09-01 14:00:00,56,12
69,2024-09-01 15:00:00,56,12
69,2024-09-01 16:00:00,56,12
69,2024-09-01 17:00:00,56,12
69,2024-09-01 18:00:00,56,12
69,2024-09-01 19:00:00,56,12
69,2024-09-01 20:00:00,56,12
69,2024-09-01 21:00:00,56,12
69,2024-09-01 22:00:00,56,12
69,2024-09-01 23:00:00,56,12
69,2024-09-02 00:00:00,56,12
69,2024-09-02 01:00:00,56,12
69,2024-09-02 02:00:00,56,12
69,2024-09-02 03:00:00,56,12
69,2024-09-02 04:00:00,56,12
69,2024-09-02 05:00:00,56,12
69,2024-09-02 06:00:00,57,13
69,2024-09-02 07:00:00,58,14
69,2024-09-02 08:00:00,62,15
69,2024-09-02 09:00:00,65,16
69,2024-09-02 10:00:00,69,16
69,2024-09-02 11:00:00,73,16
69,2024-09-02 12:00:00,74,16
69,2024-09-02 13:00:00,75,16
69,2024-09-02 14:00:00,75,16
69,2024-09-02 15:00:00,75,16
69,2024-09-02 16:00:00,75,16
69,2024-09-02 17:00:00,75,16
69,2024-09-02 18:00:00,75,16
69,2024-09-02 19:00:00,75,16
69,2024-09-02 20:00:00,75,16
69,2024-09-02 21:00:00,75,16
69,2024-09-02 22:00:00,75,16
69,2024-09-02 23:00:00,75,16
69,2024-09-03 00:00:00,75,16
69,2024-09-03 01:00:00,75,16
69,2024-09-03 02:00:00,75,16
69,2024-09-03 03:00:00,75,16
69,2024-09-03 04:00:00,75,16
69,2024-09-03 05:00:00,75,16
69,2024-09-03 06:00:00,75,16
69,2024-09-03 07:00:00,75,16
69,2024-09-03 08:00:00,75,16
69,2024-09-03 09:00:00,75,16
69,2024-09-03 10:00:00,75,16
69,2024-09-03 11:00:00,75,16
69,2024-09-03 12:00:00,75,16
69,2024-09-03 13:00:00,75,16
69,2024-09-03 14:00:00,75,16
69,2024-09-03 15:00:00,75,16
69,2024-09-03 16:00:00,75,16
69,2024-09-03 17:00:00,75,16
69,2024-09-03 18:00:00,0,0
69,2024-09-03 19:00:00,0,0
69,2024-09-03 20:00:00,0,0
69,2024-09-03 21:00:00,0,0
69,2024-09-03 22:00:00,0,0
69,2024-09-03 23:00:00,0,0
70,2024-09-01 00:00:00,57,12
70,2024-09-01 01:00:00,57,12
70,2024-09-01 02:00:00,57,12
70,2024-09-01 03:00:00,57,12
70,2024-09-01 04:00:00,57,12
70,2024-09-01 05:00:00,57,12
70,2024-09-01 06:00:00,57,12
70,2024-09-01 07:00:00,57,12
70,2024-09-01 08:00:00,57,12
70,2024-09-01 09:00:00,57,12
70,2024-09-01 10:00:00,57,12
70,2024-09-01 11:00:00,57,12
70,2024-09-01 12:00:00,57,12
70,2024-09-01 13:00:00,57,12
70,2024-09-01 14:00:00,57,12
70,2024-09-01 15:00:00,57,12
70,2024-09-01 16:00:00,57,12
70,2024-09-01 17:00:00,57,12
70,2024-09-01 18:00:00,57,12
70,2024-09-01 19:00:00,57,12
70,2024-09-01 20:00:00,57,12
70,2024-09-01 21:00:00,57,12
70,2024-09-01 22:00:00,57,12
70,2024-09-01 23:00:00,57,12
70,2024-09-02 00:00:00,57,12
70,2024-09-02 01:00:00,57,12
70,2024-09-02 02:00:00,57,12
70,2024-09-02 03:00:00,57,12
70,2024-09-02 04:00:00,57,12
70,2024-09-02 05:00:00,57,12
70,2024-09-02 06:00:00,58,13
70,2024-09-02 07:00:00,59,14
70,2024-09-02 08:00:00,62,15
70,2024-09-02 09:00:00,65,16
70,2024-09-02 10:00:00,69,16
70,2024-09-02 11:00:00,72,16
70,2024-09-02 12:00:00,75,16
70,2024-09-02 13:00:00,75,16
70,2024-09-02 14:00:00,75,16
70,2024-09-02 15:00:00,75,16
70,2024-09-02 16:00:00,75,16
70,2024-09-02 17:00:00,75,16
70,2024-09-02 18:00:00,75,16
70,2024-09-02 19:00:00,75,16
70,2024-09-02 20:00:00,75,16
70,2024-09-02 21:00:00,75,16
70,2024-09-02 22:00:00,75,16
70,2024-09-02 23:00:00,75,16
70,2024-09-03 00:00:00,75,16
70,2024-09-03 01:00:00,75,16
70,2024-09-03 02:00:00,75,16
70,2024-09-03 03:00:00,75,16
70,2024-09-03 04:00:00,75,16
70,2024-09-03 05:00:00,75,16
70,2024-09-03 06:00:00,75,16
70,2024-09-03 07:00:00,75,16
70,2024-09-03 08:00:00,75,16
70,2024-09-03 09:00:00,75,16
70,2024-09-03 10:00:00,75,16
70,2024-09-03 11:00:00,75,16
70,2024-09-03 12:00:00,75,16
70,2024-09-03 13:00:00,75,16
70,2024-09-03 14:00:00,75,16
70,2024-09-03 15:00:00,75,16
70,2024-09-03 16:00:00,75,16
70,2024-09-03 17:00:00,75,16
70,2024-09-03 18:00:00,0,0
70,2024-09-03 19:00:00,0,0
70,2024-09-03 20:00:00,0,0
70,2024-09-03 21:00:00,0,0
70,2024-09-03 22:00:00,0,0
70,2024-09-03 23:00:00,0,0
71,2024-09-01 00:00:00,57,12
71,2024-09-01 01:00:00,57,12
71,2024-09-01 02:00:00,57,12
71,2024-09-01 03:00:00,57,12
71,2024-09-01 04:00:00,57,12
71,2024-09-01 05:00:00,57,12
71,2024-09-01 06:00:00,57,12
71,2024-09-01 07:00:00,57,12
71,2024-09-01 08:00:00,57,12
71,2024-09-01 09:00:00,57,12
71,2024-09-01 10:00:00,57,12
71,2024-09-01 11:00:00,57,12
71,2024-09-01 12:00:00,57,12
71,2024-09-01 13:00:00,57,12
71,2024-09-01 14:00:00,57,12
71,2024-09-01 15:00:00,57,12
71,2024-09-01 16:00:00,57,12
71,2024-09-01 17:00:00,57,12
71,2024-09-01 18:00:00,57,12
71,2024-09-01 19:00:00,57,12
71,2024-09-01 20:00:00,57,12
71,2024-09-01 21:00:00,57,12
71,2024-09-01 22:00:00,57,12
71,2024-09-01 23:00:00,57,12
71,2024-09-02 00:00:00,57,12
71,2024-09-02 01:00:00,57,12
71,2024-09-02 02:00:00,57,12
71,2024-09-02 03:00:00,57,12
71,2024-09-02 04:00:00,57,12
71,2024-09-02 05:00:00,57,12
71,2024-09-02 06:00:00,58,13
71,2024-09-02 07:00:00,59,14
71,2024-09-02 08:00:00,63,15
71,2024-09-02 09:00:00,66,16
71,2024-09-02 10:00:00,70,16
71,2024-09-02 11:00:00,73,16
71,2024-09-02 12:00:00,74,16
71,2024-09-02 13:00:00,75,16
71,2024-09-02 14:00:00,75,16
71,2024-09-02 15:00:00,75,16
71,2024-09-02 16:00:00,75,16
71,2024-09-02 17:00:00,75,16
71,2024-09-02 18:00:00,75,16
71,2024-09-02 19:00:00,75,16
71,2024-09-02 20:00:00,75,16
71,2024-09-02 21:00:00,75,16
71,2024-09-02 22:00:00,75,16
71,2024-09-02 23:00:00,75,16
71,2024-09-03 00:00:00,75,16
71,2024-09-03 01:00:00,75,16
71,2024-09-03 02:00:00,75,16
71,2024-09-03 03:00:00,75,16
71,2024-09-03 04:00:00,75,16
71,2024-09-03 05:00:00,75,16
71,2024-09-03 06:00:00,75,16
71,2024-09-03 07:00:00,75,16
71,2024-09-03 08:00:00,75,16
71,2024-09-03 09:00:00,75,16
71,2024-09-03 10:00:00,75,16
71,2024-09-03 11:00:00,75,16
71,2024-09-03 12:00:00,75,16
71,2024-09-03 13:00:00,75,16
71,2024-09-03 14:00:00,75,16
71,2024-09-03 15:00:00,75,16
71,2024-09-03 16:00:00,75,16
71,2024-09-03 17:00:00,75,16
71,2024-09-03 18:00:00,0,0
71,2024-09-03 19:00:00,0,0
71,2024-09-03 20:00:00,0,0
71,2024-09-03 21:00:00,0,0
71,2024-09-03 22:00:00,0,0
71,2024-09-03 23:00:00,0,0
72,2024-09-01 00:00:00,59,12
72,2024-09-01 01:00:00,59,12
72,2024-09-01 02:00:00,59,12
72,2024-09-01 03:00:00,59,12
72,2024-09-01 04:00:00,59,12
72,2024-09-01 05:00:00,59,12
72,2024-09-01 06:00:00,59,12
72,2024-09-01 07:00:00,59,12
72,2024-09-01 08:00:00,59,12
72,2024-09-01 09:00:00,59,12
72,2024-09-01 10:00:00,59,12
72,2024-09-01 11:00:00,59,12
72,2024-09-01 12:00:00,59,12
72,2024-09-01 13:00:00,59,12
72,2024-09-01 14:00:00,59,12
72,2024-09-01 15:00:00,59,12
72,2024-09-01 16:00:00,59,12
72,2024-09-01 17:00:00,59,12
72,2024-09-01 18:00:00,59,12
72,2024-09-01 19:00:00,59,12
72,2024-09-01 20:00:00,59,12
72,2024-09-01 21:00:00,59,12
72,2024-09-01 22:00:00,59,12
72,2024-09-01 23:00:00,59,12
72,2024-09-02 00:00:00,59,12
72,2024-09-02 01:00:00,59,12
72,2024-09-02 02:00:00,59,12
72,2024-09-02 03:00:00,59,12
72,2024-09-02 04:00:00,59,12
72,2024-09-02 05:00:00,59,12
72,2024-09-02 06:00:00,60,13
72,2024-09-02 07:00:00,61,14
72,2024-09-02 08:00:00,64,15
72,2024-09-02 09:00:00,67,16
72,2024-09-02 10:00:00,71,16
72,2024-09-02 11:00:00,73,16
72,2024-09-02 12:00:00,74,16
72,2024-09-02 13:00:00,75,16
72,2024-09-02 14:00:00,75,16
72,2024-09-02 15:00:00,75,16
72,2024-09-02 16:00:00,75,16
72,2024-09-02 17:00:00,75,16
72,2024-09-02 18:00:00,75,16
72,2024-09-02 19:00:00,75,16
72,2024-09-02 20:00:00,75,16
72,2024-09-02 21:00:00,75,16
72,2024-09-02 22:00:00,75,16
72,2024-09-02 23:00:00,75,16
72,2024-09-03 00:00:00,75,16
72,2024-09-03 01:00:00,75,16
72,2024-09-03 02:00:00,75,16
72,2024-09-03 03:00:00,75,16
72,2024-09-03 04:00:00,75,16
72,2024-09-03 05:00:00,75,16
72,2024-09-03 06:00:00,75,16
72,2024-09-03 07:00:00,75,16
72,2024-09-03 08:00:00,75,16
72,2024-09-03 09:00:00,75,16
72,2024-09-03 10:00:00,75,16
72,2024-09-03 11:00:00,75,16
72,2024-09-03 12:00:00,75,16
72,2024-09-03 13:00:00,75,16
72,2024-09-03 14:00:00,75,16
72,2024-09-03 15:00:00,75,16
72,2024-09-03 16:00:00,75,16
72,2024-09-03 17:00:00,75,16
72,2024-09-03 18:00:00,0,0
72,2024-09-03 19:00:00,0,0
72,2024-09-03 20:00:00,0,0
72,2024-09-03 21:00:00,0,0
72,2024-09-03 22:00:00,0,0
72,2024-09-03 23:00:00,0,0
73,2024-09-01 00:00:00,55,12
73,2024-09-01 01:00:00,56,12
73,2024-09-01 02:00:00,56,12
73,2024-09-01 03:00:00,56,12
73,2024-09-01 04:00:00,56,12
73,2024-09-01 05:00:00,56,12
73,2024-09-01 06:00:00,56,12
73,2024-09-01 07:00:00,56,12
73,2024-09-01 08:00:00,56,12
73,2024-09-01 09:00:00,56,12
73,2024-09-01 10:00:00,56,12
73,2024-09-01 11:00:00,56,12
73,2024-09-01 12:00:00,56,12
73,2024-09-01 13:00:00,56,12
73,2024-09-01 14:00:00,56,12
73,2024-09-01 15:00:00,56,12
73,2024-09-01 16:00:00,56,12
73,2024-09-01 17:00:00,56,12
73,2024-09-01 18:00:00,56,12
73,2024-09-01 19:00:00,56,12
73,2024-09-01 20:00:00,56,12
73,2024-09-01 21:00:00,56,12
73,2024-09-01 22:00:00,56,12
73,2024-09-01 23:00:00,56,12
73,2024-09-02 00:00:00,56,12
73,2024-09-02 01:00:00,56,12
73,2024-09-02 02:00:00,56,12
73,2024-09-02 03:00:00,56,12
73,2024-09-02 04:00:00,56,12
73,2024-09-02 05:00:00,56,12
73,2024-09-02 06:00:00,57,13
73,2024-09-02 07:00:00,58,14
73,2024-09-02 08:00:00,62,15
73,2024-09-02 09:00:00,65,16
73,2024-09-02 10:00:00,69,16
73,2024-09-02 11:00:00,73,16
73,2024-09-02 12:00:00,74,16
73,2024-09-02 13:00:00,75,16
73,2024-09-02 14:00:00,75,16
73,2024-09-02 15:00:00,75,16
73,2024-09-02 16:00:00,75,16
73,2024-09-02 17:00:00,75,16
73,2024-09-02 18:00:00,75,16
73,2024-09-02 19:00:00,75,16
73,2024-09-02 20:00:00,75,16
73,2024-09-02 21:00:00,75,16
73,2024-09-02 22:00:00,75,16
73,2024-09-02 23:00:00,75,16
73,2024-09-03 00:00:00,75,16
73,2024-09-03 01:00:00,75,16
73,2024-09-03 02:00:00,75,16
73,2024-09-03 03:00:00,75,16
73,2024-09-03 04:00:00,75,16
73,2024-09-03 05:00:00,75,16
73,2024-09-03 06:00:00,75,16
73,2024-09-03 07:00:00,75,16
73,2024-09-03 08:00:00,75,16
73,2024-09-03 09:00:00,75,16
73,2024-09-03 10:00:00,75,16
73,2024-09-03 11:00:00,75,16
73,2024-09-03 12:00:00,75,16
73,2024-09-03 13:00:00,75,16
73,2024-09-03 14:00:00,75,16
73,2024-09-03 15:00:00,75,16
73,2024-09-03 16:00:00,75,16
73,2024-09-03 17:00:00,75,16
73,2024-09-03 18:00:00,0,0
73,2024-09-03 19:00:00,0,0
73,2024-09-03 20:00:00,0,0
73,2024-09-03 21:00:00,0,0
73,2024-09-03 22:00:00,0,0
73,2024-09-03 23:00:00,0,0
74,2024-09-01 00:00:00,55,12
74,2024-09-01 01:00:00,56,12
74,2024-09-01 02:00:00,56,12
74,2024-09-01 03:00:00,56,12
74,2024-09-01 04:00:00,56,12
74,2024-09-01 05:00:00,56,12
74,2024-09-01 06:00:00,56,12
74,2024-09-01 07:00:00,56,12
74,2024-09-01 08:00:00,56,12
74,2024-09-01 09:00:00,56,12
74,2024-09-01 10:00:00,56,12
74,2024-09-01 11:00:00,56,12
74,2024-09-01 12:00:00,56,12
74,2024-09-01 13:00:00,56,12
74,2024-09-01 14:00:00,56,12
74,2024-09-01 15:00:00,56,12
74,2024-09-01 16:00:00,56,12
74,2024-09-01 17:00:00,56,12
74,2024-09-01 18:00:00,56,12
74,2024-09-01 19:00:00,56,12
74,2024-09-01 20:00:00,56,12
74,2024-09-01 21:00:00,56,12
74,2024-09-01 22:00:00,56,12
74,2024-09-01 23:00:00,56,12
74,2024-09-02 00:00:00,56,12
74,2024-09-02 01:00:00,56,12
74,2024-09-02 02:00:00,56,12
74,2024-09-02 03:00:00,56,12
74,2024-09-02 04:00:00,56,12
74,2024-09-02 05:00:00,56,12
74,2024-09-02 06:00:00,57,13
74,2024-09-02 07:00:00,58,14
74,2024-09-02 08:00:00,62,15
74,2024-09-02 09:00:00,65,16
74,2024-09-02 10:00:00,69,16
74,2024-09-02 11:00:00,72,16
74,2024-09-02 12:00:00,74,16
74,2024-09-02 13:00:00,75,16
74,2024-09-02 14:00:00,75,16
74,2024-09-02 15:00:00,75,16
74,2024-09-02 16:00:00,75,16
74,2024-09-02 17:00:00,75,16
74,2024-09-02 18:00:00,75,16
74,2024-09-02 19:00:00,75,16
74,2024-09-02 20:00:00,75,16
74,2024-09-02 21:00:00,75,16
74,2024-09-02 22:00:00,75,16
74,2024-09-02 23:00:00,75,16
74,2024-09-03 00:00:00,75,16
74,2024-09-03 01:00:00,75,16
74,2024-09-03 02:00:00,75,16
74,2024-09-03 03:00:00,75,16
74,2024-09-03 04:00:00,75,16
74,2024-09-03 05:00:00,75,16
74,2024-09-03 06:00:00,75,16
74,2024-09-03 07:00:00,75,16
74,2024-09-03 08:00:00,75,16
74,2024-09-03 09:00:00,75,16
74,2024-09-03 10:00:00,75,16
74,2024-09-03 11:00:00,75,16
74,2024-09-03 12:00:00,75,16
74,2024-09-03 13:00:00,75,16
74,2024-09-03 14:00:00,75,16
74,2024-09-03 15:00:00,75,16
74,2024-09-03 16:00:00,75,16
74,2024-09-03 17:00:00,75,16
74,2024-09-03 18:00:00,0,0
74,2024-09-03 19:00:00,0,0
74,2024-09-03 20:00:00,0,0
74,2024-09-03 21:00:00,0,0
74,2024-09-03 22:00:00,0,0
74,2024-09-03 23:00:00,0,0
75,2024-09-01 00:00:00,55,12
75,2024-09-01 01:00:00,55,12
75,2024-09-01 02:00:00,55,12
75,2024-09-01 03:00:00,55,12
75,2024-09-01 04:00:00,55,12
75,2024-09-01 05:00:00,55,12
75,2024-09-01 06:00:00,55,12
75,2024-09-01 07:00:00,55,12
75,2024-09-01 08:00:00,55,12
75,2024-09-01 09:00:00,55,12
75,2024-09-01 10:00:00,55,12
75,2024-09-01 11:00:00,55,12
75,2024-09-01 12:00:00,55,12
75,2024-09-01 13:00:00,55,12
75,2024-09-01 14:00:00,55,12
75,2024-09-01 15:00:00,55,12
75,2024-09-01 16:00:00,55,12
75,2024-09-01 17:00:00,55,12
75,2024-09-01 18:00:00,55,12
75,2024-09-01 19:00:00,55,12
75,2024-09-01 20:00:00,55,12
75,2024-09-01 21:00:00,55,12
75,2024-09-01 22:00:00,55,12
75,2024-09-01 23:00:00,55,12
75,2024-09-02 00:00:00,55,12
75,2024-09-02 01:00:00,55,12
75,2024-09-02 02:00:00,55,12
75,2024-09-02 03:00:00,55,12
75,2024-09-02 04:00:00,55,12
75,2024-09-02 05:00:00,55,12
75,2024-09-02 06:00:00,56,13
75,2024-09-02 07:00:00,57,14
75,2024-09-02 08:00:00,61,15
75,2024-09-02 09:00:00,64,16
75,2024-09-02 10:00:00,68,16
75,2024-09-02 11:00:00,72,16
75,2024-09-02 12:00:00,75,16
75,2024-09-02 13:00:00,75,16
75,2024-09-02 14:00:00,75,16
75,2024-09-02 15:00:00,75,16
75,2024-09-02 16:00:00,75,16
75,2024-09-02 17:00:00,75,16
75,2024-09-02 18:00:00,75,16
75,2024-09-02 19:00:00,75,16
75,2024-09-02 20:00:00,75,16
75,2024-09-02 21:00:00,75,16
75,2024-09-02 22:00:00,75,16
75,2024-09-02 23:00:00,75,16
75,2024-09-03 00:00:00,75,16
75,2024-09-03 01:00:00,75,16
75,2024-09-03 02:00:00,75,16
75,2024-09-03 03:00:00,75,16
75,2024-09-03 04:00:00,75,16
75,2024-09-03 05:00:00,75,16
75,2024-09-03 06:00:00,75,16
75,2024-09-03 07:00:00,75,16
75,2024-09-03 08:00:00,75,16
75,2024-09-03 09:00:00,75,16
75,2024-09-03 10:00:00,75,16
75,2024-09-03 11:00:00,75,16
75,2024-09-03 12:00:00,75,16
75,2024-09-03 13:00:00,75,16
75,2024-09-03 14:00:00,75,16
75,2024-09-03 15:00:00,75,16
75,2024-09-03 16:00:00,75,16
75,2024-09-03 17:00:00,75,16
75,2024-09-03 18:00:00,0,0
75,2024-09-03 19:00:00,0,0
75,2024-09-03 20:00:00,0,0
75,2024-09-03 21:00:00,0,0
75,2024-09-03 22:00:00,0,0
75,2024-09-03 23:00:00,0,0
76,2024-09-01 00:00:00,56,12
76,2024-09-01 01:00:00,56,12
76,2024-09-01 02:00:00,56,12
76,2024-09-01 03:00:00,56,12
76,2024-09-01 04:00:00,56,12
76,2024-09-01 05:00:00,56,12
76,2024-09-01 06:00:00,56,12
76,2024-09-01 07:00:00,56,12
76,2024-09-01 08:00:00,56,12
76,2024-09-01 09:00:00,56,12
76,2024-09-01 10:00:00,56,12
76,2024-09-01 11:00:00,56,12
76,2024-09-01 12:00:00,56,12
76,2024-09-01 13:00:00,56,12
76,2024-09-01 14:00:00,56,12
76,2024-09-01 15:00:00,56,12
76,2024-09-01 16:00:00,56,12
76,2024-09-01 17:00:00,56,12
76,2024-09-01 18:00:00,56,12
76,2024-09-01 19:00:00,56,12
76,2024-09-01 20:00:00,56,12
76,2024-09-01 21:00:00,56,12
76,2024-09-01 22:00:00,56,12
76,2024-09-01 23:00:00,56,12
76,2024-09-02 00:00:00,56,12
76,2024-09-02 01:00:00,56,12
76,2024-09-02 02:00:00,56,12
76,2024-09-02 03:00:00,56,12
76,2024-09-02 04:00:00,56,12
76,2024-09-02 05:00:00,56,12
76,2024-09-02 06:00:00,57,13
76,2024-09-02 07:00:00,58,14
76,2024-09-02 08:00:00,62,15
76,2024-09-02 09:00:00,65,16
76,2024-09-02 10:00:00,69,16
76,2024-09-02 11:00:00,72,16
76,2024-09-02 12:00:00,75,16
76,2024-09-02 13:00:00,75,16
76,2024-09-02 14:00:00,75,16
76,2024-09-02 15:00:00,75,16
76,2024-09-02 16:00:00,75,16
76,2024-09-02 17:00:00,75,16
76,2024-09-02 18:00:00,75,16
76,2024-09-02 19:00:00,75,16
76,2024-09-02 20:00:00,75,16
76,2024-09-02 21:00:00,75,16
76,2024-09-02 22:00:00,75,16
76,2024-09-02 23:00:00,75,16
76,2024-09-03 00:00:00,75,16
76,2024-09-03 01:00:00,75,16
76,2024-09-03 02:00:00,75,16
76,2024-09-03 03:00:00,75,16
76,2024-09-03 04:00:00,75,16
76,2024-09-03 05:00:00,75,16
76,2024-09-03 06:00:00,75,16
76,2024-09-03 07:00:00,75,16
76,2024-09-03 08:00:00,75,16
76,2024-09-03 09:00:00,75,16
76,2024-09-03 10:00:00,75,16
76,2024-09-03 11:00:00,75,16
76,2024-09-03 12:00:00,75,16
76,2024-09-03 13:00:00,75,16
76,2024-09-03 14:00:00,75,16
76,2024-09-03 15:00:00,75,16
76,2024-09-03 16:00:00,75,16
76,2024-09-03 17:00:00,75,16
76,2024-09-03 18:00:00,0,0
76,2024-09-03 19:00:00,0,0
76,2024-09-03 20:00:00,0,0
76,2024-09-03 21:00:00,0,0
76,2024-09-03 22:00:00,0,0
76,2024-09-03 23:00:00,0,0
77,2024-09-01 00:00:00,55,12
77,2024-09-01 01:00:00,55,12
77,2024-09-01 02:00:00,55,12
77,2024-09-01 03:00:00,55,12
77,2024-09-01 04:00:00,55,12
77,2024-09-01 05:00:00,55,12
77,2024-09-01 06:00:00,55,12
77,2024-09-01 07:00:00,55,12
77,2024-09-01 08:00:00,55,12
77,2024-09-01 09:00:00,55,12
77,2024-09-01 10:00:00,55,12
77,2024-09-01 11:00:00,55,12
77,2024-09-01 12:00:00,55,12
77,2024-09-01 13:00:00,55,12
77,2024-09-01 14:00:00,55,12
77,2024-09-01 15:00:00,55,12
77,2024-09-01 16:00:00,55,12
77,2024-09-01 17:00:00,55,12
77,2024-09-01 18:00:00,55,12
77,2024-09-01 19:00:00,55,12
77,2024-09-01 20:00:00,55,12
77,2024-09-01 21:00:00,55,12
77,2024-09-01 22:00:00,55,12
77,2024-09-01 23:00:00,55,12
77,2024-09-02 00:00:00,55,12
77,2024-09-02 01:00:00,55,12
77,2024-09-02 02:00:00,55,12
77,2024-09-02 03:00:00,55,12
77,2024-09-02 04:00:00,55,12
77,2024-09-02 05:00:00,55,12
77,2024-09-02 06:00:00,56,13
77,2024-09-02 07:00:00,57,14
77,2024-09-02 08:00:00,61,15
77,2024-09-02 09:00:00,64,16
77,2024-09-02 10:00:00,68,16
77,2024-09-02 11:00:00,72,16
77,2024-09-02 12:00:00,74,16
77,2024-09-02 13:00:00,75,16
77,2024-09-02 14:00:00,75,16
77,2024-09-02 15:00:00,75,16
77,2024-09-02 16:00:00,75,16
77,2024-09-02 17:00:00,75,16
77,2024-09-02 18:00:00,75,16
77,2024-09-02 19:00:00,75,16
77,2024-09-02 20:00:00,75,16
77,2024-09-02 21:00:00,75,16
77,2024-09-02 22:00:00,75,16
77,2024-09-02 23:00:00,75,16
77,2024-09-03 00:00:00,75,16
77,2024-09-03 01:00:00,75,16
77,2024-09-03 02:00:00,75,16
77,2024-09-03 03:00:00,75,16
77,2024-09-03 04:00:00,75,16
77,2024-09-03 05:00:00,75,16
77,2024-09-03 06:00:00,75,16
77,2024-09-03 07:00:00,75,16
77,2024-09-03 08:00:00,75,16
77,2024-09-03 09:00:00,75,16
77,2024-09-03 10:00:00,75,16
77,2024-09-03 11:00:00,75,16
77,2024-09-03 12:00:00,75,16
77,2024-09-03 13:00:00,75,16
77,2024-09-03 14:00:00,75,16
77,2024-09-03 15:00:00,75,16
77,2024-09-03 16:00:00,75,16
77,2024-09-03 17:00:00,75,16
77,2024-09-03 18:00:00,0,0
77,2024-09-03 19:00:00,0,0
77,2024-09-03 20:00:00,0,0
77,2024-09-03 21:00:00,0,0
77,2024-09-03 22:00:00,0,0
77,2024-09-03 23:00:00,0,0
78,2024-09-01 00:00:00,56,12
78,2024-09-01 01:00:00,56,12
78,2024-09-01 02:00:00,56,12
78,2024-09-01 03:00:00,56,12
78,2024-09-01 04:00:00,56,12
78,2024-09-01 05:00:00,56,12
78,2024-09-01 06:00:00,56,12
78,2024-09-01 07:00:00,56,12
78,2024-09-01 08:00:00,56,12
78,2024-09-01 09:00:00,56,12
78,2024-09-01 10:00:00,56,12
78,2024-09-01 11:00:00,56,12
78,2024-09-01 12:00:00,56,12
78,2024-09-01 13:00:00,56,12
78,2024-09-01 14:00:00,56,12
78,2024-09-01 15:00:00,56,12
78,2024-09-01 16:00:00,56,12
78,2024-09-01 17:00:00,56,12
78,2024-09-01 18:00:00,56,12
78,2024-09-01 19:00:00,56,12
78,2024-09-01 20:00:00,56,12
78,2024-09-01 21:00:00,56,12
78,2024-09-01 22:00:00,56,12
78,2024-09-01 23:00:00,56,12
78,2024-09-02 00:00:00,56,12
78,2024-09-02 01:00:00,56,12
78,2024-09-02 02:00:00,56,12
78,2024-09-02 03:00:00,56,12
78,2024-09-02 04:00:00,56,12
78,2024-09-02 05:00:00,56,12
78,2024-09-02 06:00:00,57,13
78,2024-09-02 07:00:00,58,14
78,2024-09-02 08:00:00,62,15
78,2024-09-02 09:00:00,65,16
78,2024-09-02 10:00:00,69,16
78,2024-09-02 11:00:00,73,16
78,2024-09-02 12:00:00,75,16
78,2024-09-02 13:00:00,75,16
78,2024-09-02 14:00:00,75,16
78,2024-09-02 15:00:00,75,16
78,2024-09-02 16:00:00,75,16
78,2024-09-02 17:00:00,75,16
78,2024-09-02 18:00:00,75,16
78,2024-09-02 19:00:00,75,16
78,2024-09-02 20:00:00,75,16
78,2024-09-02 21:00:00,75,16
78,2024-09-02 22:00:00,75,16
78,2024-09-02 23:00:00,75,16
78,2024-09-03 00:00:00,75,16
78,2024-09-03 01:00:00,75,16
78,2024-09-03 02:00:00,75,16
78,2024-09-03 03:00:00,75,16
78,2024-09-03 04:00:00,75,16
78,2024-09-03 05:00:00,75,16
78,2024-09-03 06:00:00,75,16
78,2024-09-03 07:00:00,75,16
78,2024-09-03 08:00:00,75,16
78,2024-09-03 09:00:00,75,16
78,2024-09-03 10:00:00,75,16
78,2024-09-03 11:00:00,75,16
78,2024-09-03 12:00:00,75,16
78,2024-09-03 13:00:00,75,16
78,2024-09-03 14:00:00,75,16
78,2024-09-03 15:00:00,75,16
78,2024-09-03 16:00:00,75,16
78,2024-09-03 17:00:00,75,16
78,2024-09-03 18:00:00,0,0
78,2024-09-03 19:00:00,0,0
78,2024-09-03 20:00:00,0,0
78,2024-09-03 21:00:00,0,0
78,2024-09-03 22:00:00,0,0
78,2024-09-03 23:00:00,0,0
79,2024-09-01 00:00:00,56,12
79,2024-09-01 01:00:00,56,12
79,2024-09-01 02:00:00,56,12
79,2024-09-01 03:00:00,56,12
79,2024-09-01 04:00:00,56,12
79,2024-09-01 05:00:00,56,12
79,2024-09-01 06:00:00,56,12
79,2024-09-01 07:00:00,56,12
79,2024-09-01 08:00:00,56,12
79,2024-09-01 09:00:00,56,12
79,2024-09-01 10:00:00,56,12
79,2024-09-01 11:00:00,56,12
79,2024-09-01 12:00:00,56,12
79,2024-09-01 13:00:00,56,12
79,2024-09-01 14:00:00,56,12
79,2024-09-01 15:00:00,56,12
79,2024-09-01 16:00:00,56,12
79,2024-09-01 17:00:00,56,12
79,2024-09-01 18:00:00,56,12
79,2024-09-01 19:00:00,56,12
79,2024-09-01 20:00:00,56,12
79,2024-09-01 21:00:00,56,12
79,2024-09-01 22:00:00,56,12
79,2024-09-01 23:00:00,56,12
79,2024-09-02 00:00:00,56,12
79,2024-09-02 01:00:00,56,12
79,2024-09-02 02:00:00,56,12
79,2024-09-02 03:00:00,56,12
79,2024-09-02 04:00:00,56,12
79,2024-09-02 05:00:00,56,12
79,2024-09-02 06:00:00,57,13
79,2024-09-02 07:00:00,58,14
79,2024-09-02 08:00:00,62,15
79,2024-09-02 09:00:00,65,16
79,2024-09-02 10:00:00,69,16
79,2024-09-02 11:00:00,72,16
79,2024-09-02 12:00:00,74,16
79,2024-09-02 13:00:00,75,16
79,2024-09-02 14:00:00,75,16
79,2024-09-02 15:00:00,75,16
79,2024-09-02 16:00:00,75,16
79,2024-09-02 17:00:00,75,16
79,2024-09-02 18:00:00,75,16
79,2024-09-02 19:00:00,75,16
79,2024-09-02 20:00:00,75,16
79,2024-09-02 21:00:00,75,16
79,2024-09-02 22:00:00,75,16
79,2024-09-02 23:00:00,75,16
79,2024-09-03 00:00:00,75,16
79,2024-09-03 01:00:00,75,16
79,2024-09-03 02:00:00,75,16
79,2024-09-03 03:00:00,75,16
79,2024-09-03 04:00:00,75,16
79,2024-09-03 05:00:00,75,16
79,2024-09-03 06:00:00,75,16
79,2024-09-03 07:00:00,75,16
79,2024-09-03 08:00:00,75,16
79,2024-09-03 09:00:00,75,16
79,2024-09-03 10:00:00,75,16
79,2024-09-03 11:00:00,75,16
79,2024-09-03 12:00:00,75,16
79,2024-09-03 13:00:00,75,16
79,2024-09-03 14:00:00,75,16
79,2024-09-03 15:00:00,75,16
79,2024-09-03 16:00:00,75,16
79,2024-09-03 17:00:00,75,16
79,2024-09-03 18:00:00,0,0
79,2024-09-03 19:00:00,0,0
79,2024-09-03 20:00:00,0,0
79,2024-09-03 21:00:00,0,0
79,2024-09-03 22:00:00,0,0
79,2024-09-03 23:00:00,0,0
80,2024-09-01 00:00:00,56,12
80,2024-09-01 01:00:00,56,12
80,2024-09-01 02:00:00,56,12
80,2024-09-01 03:00:00,56,12
80,2024-09-01 04:00:00,56,12
80,2024-09-01 05:00:00,56,12
80,2024-09-01 06:00:00,56,12
80,2024-09-01 07:00:00,56,12
80,2024-09-01 08:00:00,56,12
80,2024-09-01 09:00:00,56,12
80,2024-09-01 10:00:00,56,12
80,2024-09-01 11:00:00,56,12
80,2024-09-01 12:00:00,56,12
80,2024-09-01 13:00:00,56,12
80,2024-09-01 14:00:00,56,12
80,2024-09-01 15:00:00,56,12
80,2024-09-01 16:00:00,56,12
80,2024-09-01 17:00:00,56,12
80,2024-09-01 18:00:00,56,12
80,2024-09-01 19:00:00,56,12
80,2024-09-01 20:00:00,56,12
80,2024-09-01 21:00:00,56,12
80,2024-09-01 22:00:00,56,12
80,2024-09-01 23:00:00,56,12
80,2024-09-02 00:00:00,56,12
80,2024-09-02 01:00:00,56,12
80,2024-09-02 02:00:00,56,12
80,2024-09-02 03:00:00,56,12
80,2024-09-02 04:00:00,56,12
80,2024-09-02 05:00:00,56,12
80,2024-09-02 06:00:00,57,13
80,2024-09-02 07:00:00,58,14
80,2024-09-02 08:00:00,62,15
80,2024-09-02 09:00:00,65,16
80,2024-09-02 10:00:00,69,16
80,2024-09-02 11:00:00,73,16
80,2024-09-02 12:00:00,74,16
80,2024-09-02 13:00:00,75,16
80,2024-09-02 14:00:00,75,16
80,2024-09-02 15:00:00,75,16
80,2024-09-02 16:00:00,75,16
80,2024-09-02 17:00:00,75,16
80,2024-09-02 18:00:00,75,16
80,2024-09-02 19:00:00,75,16
80,2024-09-02 20:00:00,75,16
80,2024-09-02 21:00:00,75,16
80,2024-09-02 22:00:00,75,16
80,2024-09-02 23:00:00,75,16
80,2024-09-03 00:00:00,75,16
80,2024-09-03 01:00:00,75,16
80,2024-09-03 02:00:00,75,16
80,2024-09-03 03:00:00,75,16
80,2024-09-03 04:00:00,75,16
80,2024-09-03 05:00:00,75,16
80,2024-09-03 06:00:00,75,16
80,2024-09-03 07:00:00,75,16
80,2024-09-03 08:00:00,75,16
80,2024-09-03 09:00:00,75,16
80,2024-09-03 10:00:00,75,16
80,2024-09-03 11:00:00,75,16
80,2024-09-03 12:00:00,75,16
80,2024-09-03 13:00:00,75,16
80,2024-09-03 14:00:00,75,16
80,2024-09-03 15:00:00,75,16
80,2024-09-03 16:00:00,75,16
80,2024-09-03 17:00:00,75,16
80,2024-09-03 18:00:00,0,0
80,2024-09-03 19:00:00,0,0
80,2024-09-03 20:00:00,0,0
80,2024-09-03 21:00:00,0,0
80,2024-09-03 22:00:00,0,0
80,2024-09-03 23:00:00,0,0
81,2024-09-01 00:00:00,56,12
81,2024-09-01 01:00:00,56,12
81,2024-09-01 02:00:00,56,12
81,2024-09-01 03:00:00,56,12
81,2024-09-01 04:00:00,56,12
81,2024-09-01 05:00:00,56,12
81,2024-09-01 06:00:00,56,12
81,2024-09-01 07:00:00,56,12
81,2024-09-01 08:00:00,56,12
81,2024-09-01 09:00:00,56,12
81,2024-09-01 10:00:00,56,12
81,2024-09-01 11:00:00,56,12
81,2024-09-01 12:00:00,56,12
81,2024-09-01 13:00:00,56,12
81,2024-09-01 14:00:00,56,12
81,2024-09-01 15:00:00,56,12
81,2024-09-01 16:00:00,56,12
81,2024-09-01 17:00:00,56,12
81,2024-09-01 18:00:00,56,12
81,2024-09-01 19:00:00,56,12
81,2024-09-01 20:00:00,56,12
81,2024-09-01 21:00:00,56,12
81,2024-09-01 22:00:00,56,12
81,2024-09-01 23:00:00,56,12
81,2024-09-02 00:00:00,56,12
81,2024-09-02 01:00:00,56,12
81,2024-09-02 02:00:00,56,12
81,2024-09-02 03:00:00,56,12
81,2024-09-02 04:00:00,56,12
81,2024-09-02 05:00:00,56,12
81,2024-09-02 06:00:00,57,13
81,2024-09-02 07:00:00,58,14
81,2024-09-02 08:00:00,62,15
81,2024-09-02 09:00:00,65,16
81,2024-09-02 10:00:00,69,16
81,2024-09-02 11:00:00,72,16
81,2024-09-02 12:00:00,75,16
81,2024-09-02 13:00:00,75,16
81,2024-09-02 14:00:00,75,16
81,2024-09-02 15:00:00,75,16
81,2024-09-02 16:00:00,75,16
81,2024-09-02 17:00:00,75,16
81,2024-09-02 18:00:00,75,16
81,2024-09-02 19:00:00,75,16
81,2024-09-02 20:00:00,75,16
81,2024-09-02 21:00:00,75,16
81,2024-09-02 22:00:00,75,16
81,2024-09-02 23:00:00,75,16
81,2024-09-03 00:00:00,75,16
81,2024-09-03 01:00:00,75,16
81,2024-09-03 02:00:00,75,16
81,2024-09-03 03:00:00,75,16
81,2024-09-03 04:00:00,75,16
81,2024-09-03 05:00:00,75,16
81,2024-09-03 06:00:00,75,16
81,2024-09-03 07:00:00,75,16
81,2024-09-03 08:00:00,75,16
81,2024-09-03 09:00:00,75,16
81,2024-09-03 10:00:00,75,16
81,2024-09-03 11:00:00,75,16
81,2024-09-03 12:00:00,75,16
81,2024-09-03 13:00:00,75,16
81,2024-09-03 14:00:00,75,16
81,2024-09-03 15:00:00,75,16
81,2024-09-03 16:00:00,75,16
81,2024-09-03 17:00:00,75,16
81,2024-09-03 18:00:00,0,0
81,2024-09-03 19:00:00,0,0
81,2024-09-03 20:00:00,0,0
81,2024-09-03 21:00:00,0,0
81,2024-09-03 22:00:00,0,0
81,2024-09-03 23:00:00,0,0
82,2024-09-01 00:00:00,57,12
82,2024-09-01 01:00:00,57,12
82,2024-09-01 02:00:00,57,12
82,2024-09-01 03:00:00,57,12
82,2024-09-01 04:00:00,57,12
82,2024-09-01 05:00:00,57,12
82,2024-09-01 06:00:00,57,12
82,2024-09-01 07:00:00,57,12
82,2024-09-01 08:00:00,57,12
82,2024-09-01 09:00:00,57,12
82,2024-09-01 10:00:00,57,12
82,2024-09-01 11:00:00,57,12
82,2024-09-01 12:00:00,57,12
82,2024-09-01 13:00:00,57,12
82,2024-09-01 14:00:00,57,12
82,2024-09-01 15:00:00,57,12
82,2024-09-01 16:00:00,57,12
82,2024-09-01 17:00:00,57,12
82,2024-09-01 18:00:00,57,12
82,2024-09-01 19:00:00,57,12
82,2024-09-01 20:00:00,57,12
82,2024-09-01 21:00:00,57,12
82,2024-09-01 22:00:00,57,12
82,2024-09-01 23:00:00,57,12
82,2024-09-02 00:00:00,57,12
82,2024-09-02 01:00:00,57,12
82,2024-09-02 02:00:00,57,12
82,2024-09-02 03:00:00,57,12
82,2024-09-02 04:00:00,57,12
82,2024-09-02 05:00:00,57,12
82,2024-09-02 06:00:00,58,13
82,2024-09-02 07:00:00,59,14
82,2024-09-02 08:00:00,63,15
82,2024-09-02 09:00:00,66,16
82,2024-09-02 10:00:00,71,16
82,2024-09-02 11:00:00,73,16
82,2024-09-02 12:00:00,74,16
82,2024-09-02 13:00:00,75,16
82,2024-09-02 14:00:00,75,16
82,2024-09-02 15:00:00,75,16
82,2024-09-02 16:00:00,75,16
82,2024-09-02 17:00:00,75,16
82,2024-09-02 18:00:00,75,16
82,2024-09-02 19:00:00,75,16
82,2024-09-02 20:00:00,75,16
82,2024-09-02 21:00:00,75,16
82,2024-09-02 22:00:00,75,16
82,2024-09-02 23:00:00,75,16
82,2024-09-03 00:00:00,75,16
82,2024-09-03 01:00:00,75,16
82,2024-09-03 02:00:00,75,16
82,2024-09-03 03:00:00,75,16
82,2024-09-03 04:00:00,75,16
82,2024-09-03 05:00:00,75,16
82,2024-09-03 06:00:00,75,16
82,2024-09-03 07:00:00,75,16
82,2024-09-03 08:00:00,75,16
82,2024-09-03 09:00:00,75,16
82,2024-09-03 10:00:00,75,16
82,2024-09-03 11:00:00,75,16
82,2024-09-03 12:00:00,75,16
82,2024-09-03 13:00:00,75,16
82,2024-09-03 14:00:00,75,16
82,2024-09-03 15:00:00,75,16
82,2024-09-03 16:00:00,75,16
82,2024-09-03 17:00:00,75,16
82,2024-09-03 18:00:00,0,0
82,2024-09-03 19:00:00,0,0
82,2024-09-03 20:00:00,0,0
82,2024-09-03 21:00:00,0,0
82,2024-09-03 22:00:00,0,0
82,2024-09-03 23:00:00,0,0
83,2024-09-01 00:00:00,56,12
83,2024-09-01 01:00:00,56,12
83,2024-09-01 02:00:00,56,12
83,2024-09-01 03:00:00,56,12
83,2024-09-01 04:00:00,56,12
83,2024-09-01 05:00:00,56,12
83,2024-09-01 06:00:00,56,12
83,2024-09-01 07:00:00,56,12
83,2024-09-01 08:00:00,56,12
83,2024-09-01 09:00:00,56,12
83,2024-09-01 10:00:00,56,12
83,2024-09-01 11:00:00,56,12
83,2024-09-01 12:00:00,56,12
83,2024-09-01 13:00:00,56,12
83,2024-09-01 14:00:00,56,12
83,2024-09-01 15:00:00,56,12
83,2024-09-01 16:00:00,56,12
83,2024-09-01 17:00:00,56,12
83,2024-09-01 18:00:00,56,12
83,2024-09-01 19:00:00,56,12
83,2024-09-01 20:00:00,56,12
83,2024-09-01 21:00:00,56,12
83,2024-09-01 22:00:00,56,12
83,2024-09-01 23:00:00,56,12
83,2024-09-02 00:00:00,56,12
83,2024-09-02 01:00:00,56,12
83,2024-09-02 02:00:00,56,12
83,2024-09-02 03:00:00,56,12
83,2024-09-02 04:00:00,56,12
83,2024-09-02 05:00:00,56,12
83,2024-09-02 06:00:00,57,13
83,2024-09-02 07:00:00,58,14
83,2024-09-02 08:00:00,62,15
83,2024-09-02 09:00:00,65,16
83,2024-09-02 10:00:00,69,16
83,2024-09-02 11:00:00,72,16
83,2024-09-02 12:00:00,75,16
83,2024-09-02 13:00:00,75,16
83,2024-09-02 14:00:00,75,16
83,2024-09-02 15:00:00,75,16
83,2024-09-02 16:00:00,75,16
83,2024-09-02 17:00:00,75,16
83,2024-09-02 18:00:00,75,16
83,2024-09-02 19:00:00,75,16
83,2024-09-02 20:00:00,75,16
83,2024-09-02 21:00:00,75,16
83,2024-09-02 22:00:00,75,16
83,2024-09-02 23:00:00,75,16
83,2024-09-03 00:00:00,75,16
83,2024-09-03 01:00:00,75,16
83,2024-09-03 02:00:00,75,16
83,2024-09-03 03:00:00,75,16
83,2024-09-03 04:00:00,75,16
83,2024-09-03 05:00:00,75,16
83,2024-09-03 06:00:00,75,16
83,2024-09-03 07:00:00,75,16
83,2024-09-03 08:00:00,75,16
83,2024-09-03 09:00:00,75,16
83,2024-09-03 10:00:00,75,16
83,2024-09-03 11:00:00,75,16
83,2024-09-03 12:00:00,75,16
83,2024-09-03 13:00:00,75,16
83,2024-09-03 14:00:00,75,16
83,2024-09-03 15:00:00,75,16
83,2024-09-03 16:00:00,75,16
83,2024-09-03 17:00:00,75,16
83,2024-09-03 18:00:00,0,0
83,2024-09-03 19:00:00,0,0
83,2024-09-03 20:00:00,0,0
83,2024-09-03 21:00:00,0,0
83,2024-09-03 22:00:00,0,0
83,2024-09-03 23:00:00,0,0
84,2024-09-01 00:00:00,57,12
84,2024-09-01 01:00:00,57,12
84,2024-09-01 02:00:00,57,12
84,2024-09-01 03:00:00,57,12
84,2024-09-01 04:00:00,57,12
84,2024-09-01 05:00:00,57,12
84,2024-09-01 06:00:00,57,12
84,2024-09-01 07:00:00,57,12
84,2024-09-01 08:00:00,57,12
84,2024-09-01 09:00:00,57,12
84,2024-09-01 10:00:00,57,12
84,2024-09-01 11:00:00,57,12
84,2024-09-01 12:00:00,57,12
84,2024-09-01 13:00:00,57,12
84,2024-09-01 14:00:00,57,12
84,2024-09-01 15:00:00,57,12
84,2024-09-01 16:00:00,57,12
84,2024-09-01 17:00:00,57,12
84,2024-09-01 18:00:00,57,12
84,2024-09-01 19:00:00,57,12
84,2024-09-01 20:00:00,57,12
84,2024-09-01 21:00:00,57,12
84,2024-09-01 22:00:00,57,12
84,2024-09-01 23:00:00,57,12
84,2024-09-02 00:00:00,57,12
84,2024-09-02 01:00:00,57,12
84,2024-09-02 02:00:00,57,12
84,2024-09-02 03:00:00,57,12
84,2024-09-02 04:00:00,57,12
84,2024-09-02 05:00:00,57,12
84,2024-09-02 06:00:00,58,13
84,2024-09-02 07:00:00,59,14
84,2024-09-02 08:00:00,63,15
84,2024-09-02 09:00:00,66,16
84,2024-09-02 10:00:00,70,16
84,2024-09-02 11:00:00,73,16
84,2024-09-02 12:00:00,75,16
84,2024-09-02 13:00:00,75,16
84,2024-09-02 14:00:00,75,16
84,2024-09-02 15:00:00,75,16
84,2024-09-02 16:00:00,75,16
84,2024-09-02 17:00:00,75,16
84,2024-09-02 18:00:00,75,16
84,2024-09-02 19:00:00,75,16
84,2024-09-02 20:00:00,75,16
84,2024-09-02 21:00:00,75,16
84,2024-09-02 22:00:00,75,16
84,2024-09-02 23:00:00,75,16
84,2024-09-03 00:00:00,75,16
84,2024-09-03 01:00:00,75,16
84,2024-09-03 02:00:00,75,16
84,2024-09-03 03:00:00,75,16
84,2024-09-03 04:00:00,75,16
84,2024-09-03 05:00:00,75,16
84,2024-09-03 06:00:00,75,16
84,2024-09-03 07:00:00,75,16
84,2024-09-03 08:00:00,75,16
84,2024-09-03 09:00:00,75,16
84,2024-09-03 10:00:00,75,16
84,2024-09-03 11:00:00,75,16
84,2024-09-03 12:00:00,75,16
84,2024-09-03 13:00:00,75,16
84,2024-09-03 14:00:00,75,16
84,2024-09-03 15:00:00,75,16
84,2024-09-03 16:00:00,75,16
84,2024-09-03 17:00:00,75,16
84,2024-09-03 18:00:00,0,0
84,2024-09-03 19:00:00,0,0
84,2024-09-03 20:00:00,0,0
84,2024-09-03 21:00:00,0,0
84,2024-09-03 22:00:00,0,0
84,2024-09-03 23:00:00,0,0
85,2024-09-01 00:00:00,55,12
85,2024-09-01 01:00:00,55,12
85,2024-09-01 02:00:00,55,12
85,2024-09-01 03:00:00,55,12
85,2024-09-01 04:00:00,55,12
85,2024-09-01 05:00:00,55,12
85,2024-09-01 06:00:00,55,12
85,2024-09-01 07:00:00,55,12
85,2024-09-01 08:00:00,55,12
85,2024-09-01 09:00:00,55,12
85,2024-09-01 10:00:00,55,12
85,2024-09-01 11:00:00,55,12
85,2024-09-01 12:00:00,55,12
85,2024-09-01 13:00:00,55,12
85,2024-09-01 14:00:00,55,12
85,2024-09-01 15:00:00,55,12
85,2024-09-01 16:00:00,55,12
85,2024-09-01 17:00:00,55,12
85,2024-09-01 18:00:00,55,12
85,2024-09-01 19:00:00,55,12
85,2024-09-01 20:00:00,55,12
85,2024-09-01 21:00:00,55,12
85,2024-09-01 22:00:00,55,12
85,2024-09-01 23:00:00,55,12
85,2024-09-02 00:00:00,55,12
85,2024-09-02 01:00:00,55,12
85,2024-09-02 02:00:00,55,12
85,2024-09-02 03:00:00,55,12
85,2024-09-02 04:00:00,55,12
85,2024-09-02 05:00:00,55,12
85,2024-09-02 06:00:00,56,13
85,2024-09-02 07:00:00,57,14
85,2024-09-02 08:00:00,61,15
85,2024-09-02 09:00:00,64,16
85,2024-09-02 10:00:00,68,16
85,2024-09-02 11:00:00,72,16
85,2024-09-02 12:00:00,74,16
85,2024-09-02 13:00:00,75,16
85,2024-09-02 14:00:00,75,16
85,2024-09-02 15:00:00,75,16
85,2024-09-02 16:00:00,75,16
85,2024-09-02 17:00:00,75,16
85,2024-09-02 18:00:00,75,16
85,2024-09-02 19:00:00,75,16
85,2024-09-02 20:00:00,75,16
85,2024-09-02 21:00:00,75,16
85,2024-09-02 22:00:00,75,16
85,2024-09-02 23:00:00,75,16
85,2024-09-03 00:00:00,75,16
85,2024-09-03 01:00:00,75,16
85,2024-09-03 02:00:00,75,16
85,2024-09-03 03:00:00,75,16
85,2024-09-03 04:00:00,75,16
85,2024-09-03 05:00:00,75,16
85,2024-09-03 06:00:00,75,16
85,2024-09-03 07:00:00,75,16
85,2024-09-03 08:00:00,75,16
85,2024-09-03 09:00:00,75,16
85,2024-09-03 10:00:00,75,16
85,2024-09-03 11:00:00,75,16
85,2024-09-03 12:00:00,75,16
85,2024-09-03 13:00:00,75,16
85,2024-09-03 14:00:00,75,16
85,2024-09-03 15:00:00,75,16
85,2024-09-03 16:00:00,75,16
85,2024-09-03 17:00:00,75,16
85,2024-09-03 18:00:00,0,0
85,2024-09-03 19:00:00,0,0
85,2024-09-03 20:00:00,0,0
85,2024-09-03 21:00:00,0,0
85,2024-09-03 22:00:00,0,0
85,2024-09-03 23:00:00,0,0
86,2024-09-01 00:00:00,57,12
86,2024-09-01 01:00:00,57,12
86,2024-09-01 02:00:00,57,12
86,2024-09-01 03:00:00,57,12
86,2024-09-01 04:00:00,57,12
86,2024-09-01 05:00:00,57,12
86,2024-09-01 06:00:00,57,12
86,2024-09-01 07:00:00,57,12
86,2024-09-01 08:00:00,57,12
86,2024-09-01 09:00:00,57,12
86,2024-09-01 10:00:00,57,12
86,2024-09-01 11:00:00,57,12
86,2024-09-01 12:00:00,57,12
86,2024-09-01 13:00:00,57,12
86,2024-09-01 14:00:00,57,12
86,2024-09-01 15:00:00,57,12
86,2024-09-01 16:00:00,57,12
86,2024-09-01 17:00:00,57,12
86,2024-09-01 18:00:00,57,12
86,2024-09-01 19:00:00,57,12
86,2024-09-01 20:00:00,57,12
86,2024-09-01 21:00:00,57,12
86,2024-09-01 22:00:00,57,12
86,2024-09-01 23:00:00,57,12
86,2024-09-02 00:00:00,57,12
86,2024-09-02 01:00:00,57,12
86,2024-09-02 02:00:00,57,12
86,2024-09-02 03:00:00,57,12
86,2024-09-02 04:00:00,57,12
86,2024-09-02 05:00:00,57,12
86,2024-09-02 06:00:00,58,13
86,2024-09-02 07:00:00,59,14
86,2024-09-02 08:00:00,63,15
86,2024-09-02 09:00:00,66,16
86,2024-09-02 10:00:00,70,16
86,2024-09-02 11:00:00,72,16
86,2024-09-02 12:00:00,74,16
86,2024-09-02 13:00:00,75,16
86,2024-09-02 14:00:00,75,16
86,2024-09-02 15:00:00,75,16
86,2024-09-02 16:00:00,75,16
86,2024-09-02 17:00:00,75,16
86,2024-09-02 18:00:00,75,16
86,2024-09-02 19:00:00,75,16
86,2024-09-02 20:00:00,75,16
86,2024-09-02 21:00:00,75,16
86,2024-09-02 22:00:00,75,16
86,2024-09-02 23:00:00,75,16
86,2024-09-03 00:00:00,75,16
86,2024-09-03 01:00:00,75,16
86,2024-09-03 02:00:00,75,16
86,2024-09-03 03:00:00,75,16
86,2024-09-03 04:00:00,75,16
86,2024-09-03 05:00:00,75,16
86,2024-09-03 06:00:00,75,16
86,2024-09-03 07:00:00,75,16
86,2024-09-03 08:00:00,75,16
86,2024-09-03 09:00:00,75,16
86,2024-09-03 10:00:00,75,16
86,2024-09-03 11:00:00,75,16
86,2024-09-03 12:00:00,75,16
86,2024-09-03 13:00:00,75,16
86,2024-09-03 14:00:00,75,16
86,2024-09-03 15:00:00,75,16
86,2024-09-03 16:00:00,75,16
86,2024-09-03 17:00:00,75,16
86,2024-09-03 18:00:00,0,0
86,2024-09-03 19:00:00,0,0
86,2024-09-03 20:00:00,0,0
86,2024-09-03 21:00:00,0,0
86,2024-09-03 22:00:00,0,0
86,2024-09-03 23:00:00,0,0
87,2024-09-01 00:00:00,55,12
87,2024-09-01 01:00:00,55,12
87,2024-09-01 02:00:00,55,12
87,2024-09-01 03:00:00,55,12
87,2024-09-01 04:00:00,55,12
87,2024-09-01 05:00:00,55,12
87,2024-09-01 06:00:00,55,12
87,2024-09-01 07:00:00,55,12
87,2024-09-01 08:00:00,55,12
87,2024-09-01 09:00:00,55,12
87,2024-09-01 10:00:00,55,12
87,2024-09-01 11:00:00,55,12
87,2024-09-01 12:00:00,55,12
87,2024-09-01 13:00:00,55,12
87,2024-09-01 14:00:00,55,12
87,2024-09-01 15:00:00,55,12
87,2024-09-01 16:00:00,55,12
87,2024-09-01 17:00:00,55,12
87,2024-09-01 18:00:00,55,12
87,2024-09-01 19:00:00,55,12
87,2024-09-01 20:00:00,55,12
87,2024-09-01 21:00:00,55,12
87,2024-09-01 22:00:00,55,12
87,2024-09-01 23:00:00,55,12
87,2024-09-02 00:00:00,55,12
87,2024-09-02 01:00:00,55,12
87,2024-09-02 02:00:00,55,12
87,2024-09-02 03:00:00,55,12
87,2024-09-02 04:00:00,55,12
87,2024-09-02 05:00:00,55,12
87,2024-09-02 06:00:00,56,13
87,2024-09-02 07:00:00,57,14
87,2024-09-02 08:00:00,61,15
87,2024-09-02 09:00:00,64,16
87,2024-09-02 10:00:00,69,16
87,2024-09-02 11:00:00,72,16
87,2024-09-02 12:00:00,74,16
87,2024-09-02 13:00:00,75,16
87,2024-09-02 14:00:00,75,16
87,2024-09-02 15:00:00,75,16
87,2024-09-02 16:00:00,75,16
87,2024-09-02 17:00:00,75,16
87,2024-09-02 18:00:00,75,16
87,2024-09-02 19:00:00,75,16
87,2024-09-02 20:00:00,75,16
87,2024-09-02 21:00:00,75,16
87,2024-09-02 22:00:00,75,16
87,2024-09-02 23:00:00,75,16
87,2024-09-03 00:00:00,75,16
87,2024-09-03 01:00:00,75,16
87,2024-09-03 02:00:00,75,16
87,2024-09-03 03:00:00,75,16
87,2024-09-03 04:00:00,75,16
87,2024-09-03 05:00:00,75,16
87,2024-09-03 06:00:00,75,16
87,2024-09-03 07:00:00,75,16
87,2024-09-03 08:00:00,75,16
87,2024-09-03 09:00:00,75,16
87,2024-09-03 10:00:00,75,16
87,2024-09-03 11:00:00,75,16
87,2024-09-03 12:00:00,75,16
87,2024-09-03 13:00:00,75,16
87,2024-09-03 14:00:00,75,16
87,2024-09-03 15:00:00,75,16
87,2024-09-03 16:00:00,75,16
87,2024-09-03 17:00:00,75,16
87,2024-09-03 18:00:00,0,0
87,2024-09-03 19:00:00,0,0
87,2024-09-03 20:00:00,0,0
87,2024-09-03 21:00:00,0,0
87,2024-09-03 22:00:00,0,0
87,2024-09-03 23:00:00,0,0
88,2024-09-01 00:00:00,56,12
88,2024-09-01 01:00:00,56,12
88,2024-09-01 02:00:00,56,12
88,2024-09-01 03:00:00,56,12
88,2024-09-01 04:00:00,56,12
88,2024-09-01 05:00:00,56,12
88,2024-09-01 06:00:00,56,12
88,2024-09-01 07:00:00,56,12
88,2024-09-01 08:00:00,56,12
88,2024-09-01 09:00:00,56,12
88,2024-09-01 10:00:00,56,12
88,2024-09-01 11:00:00,56,12
88,2024-09-01 12:00:00,56,12
88,2024-09-01 13:00:00,56,12
88,2024-09-01 14:00:00,56,12
88,2024-09-01 15:00:00,56,12
88,2024-09-01 16:00:00,56,12
88,2024-09-01 17:00:00,56,12
88,2024-09-01 18:00:00,56,12
88,2024-09-01 19:00:00,56,12
88,2024-09-01 20:00:00,56,12
88,2024-09-01 21:00:00,56,12
88,2024-09-01 22:00:00,56,12
88,2024-09-01 23:00:00,56,12
88,2024-09-02 00:00:00,56,12
88,2024-09-02 01:00:00,56,12
88,2024-09-02 02:00:00,56,12
88,2024-09-02 03:00:00,56,12
88,2024-09-02 04:00:00,56,12
88,2024-09-02 05:00:00,56,12
88,2024-09-02 06:00:00,57,13
88,2024-09-02 07:00:00,58,14
88,2024-09-02 08:00:00,62,15
88,2024-09-02 09:00:00,65,16
88,2024-09-02 10:00:00,69,16
88,2024-09-02 11:00:00,72,16
88,2024-09-02 12:00:00,74,16
88,2024-09-02 13:00:00,75,16
88,2024-09-02 14:00:00,75,16
88,2024-09-02 15:00:00,75,16
88,2024-09-02 16:00:00,75,16
88,2024-09-02 17:00:00,75,16
88,2024-09-02 18:00:00,75,16
88,2024-09-02 19:00:00,75,16
88,2024-09-02 20:00:00,75,16
88,2024-09-02 21:00:00,75,16
88,2024-09-02 22:00:00,75,16
88,2024-09-02 23:00:00,75,16
88,2024-09-03 00:00:00,75,16
88,2024-09-03 01:00:00,75,16
88,2024-09-03 02:00:00,75,16
88,2024-09-03 03:00:00,75,16
88,2024-09-03 04:00:00,75,16
88,2024-09-03 05:00:00,75,16
88,2024-09-03 06:00:00,75,16
88,2024-09-03 07:00:00,75,16
88,2024-09-03 08:00:00,75,16
88,2024-09-03 09:00:00,75,16
88,2024-09-03 10:00:00,75,16
88,2024-09-03 11:00:00,75,16
88,2024-09-03 12:00:00,75,16
88,2024-09-03 13:00:00,75,16
88,2024-09-03 14:00:00,75,16
88,2024-09-03 15:00:00,75,16
88,2024-09-03 16:00:00,75,16
88,2024-09-03 17:00:00,75,16
88,2024-09-03 18:00:00,0,0
88,2024-09-03 19:00:00,0,0
88,2024-09-03 20:00:00,0,0
88,2024-09-03 21:00:00,0,0
88,2024-09-03 22:00:00,0,0
88,2024-09-03 23:00:00,0,0
89,2024-09-01 00:00:00,57,12
89,2024-09-01 01:00:00,57,12
89,2024-09-01 02:00:00,57,12
89,2024-09-01 03:00:00,57,12
89,2024-09-01 04:00:00,57,12
89,2024-09-01 05:00:00,57,12
89,2024-09-01 06:00:00,57,12
89,2024-09-01 07:00:00,57,12
89,2024-09-01 08:00:00,57,12
89,2024-09-01 09:00:00,57,12
89,2024-09-01 10:00:00,57,12
89,2024-09-01 11:00:00,57,12
89,2024-09-01 12:00:00,57,12
89,2024-09-01 13:00:00,57,12
89,2024-09-01 14:00:00,57,12
89,2024-09-01 15:00:00,57,12
89,2024-09-01 16:00:00,57,12
89,2024-09-01 17:00:00,57,12
89,2024-09-01 18:00:00,57,12
89,2024-09-01 19:00:00,57,12
89,2024-09-01 20:00:00,57,12
89,2024-09-01 21:00:00,57,12
89,2024-09-01 22:00:00,57,12
89,2024-09-01 23:00:00,57,12
89,2024-09-02 00:00:00,57,12
89,2024-09-02 01:00:00,57,12
89,2024-09-02 02:00:00,57,12
89,2024-09-02 03:00:00,57,12
89,2024-09-02 04:00:00,57,12
89,2024-09-02 05:00:00,57,12
89,2024-09-02 06:00:00,58,13
89,2024-09-02 07:00:00,59,14
89,2024-09-02 08:00:00,63,15
89,2024-09-02 09:00:00,66,16
89,2024-09-02 10:00:00,70,16
89,2024-09-02 11:00:00,73,16
89,2024-09-02 12:00:00,74,16
89,2024-09-02 13:00:00,75,16
89,2024-09-02 14:00:00,75,16
89,2024-09-02 15:00:00,75,16
89,2024-09-02 16:00:00,75,16
89,2024-09-02 17:00:00,75,16
89,2024-09-02 18:00:00,75,16
89,2024-09-02 19:00:00,75,16
89,2024-09-02 20:00:00,75,16
89,2024-09-02 21:00:00,75,16
89,2024-09-02 22:00:00,75,16
89,2024-09-02 23:00:00,75,16
89,2024-09-03 00:00:00,75,16
89,2024-09-03 01:00:00,75,16
89,2024-09-03 02:00:00,75,16
89,2024-09-03 03:00:00,75,16
89,2024-09-03 04:00:00,75,16
89,2024-09-03 05:00:00,75,16
89,2024-09-03 06:00:00,75,16
89,2024-09-03 07:00:00,75,16
89,2024-09-03 08:00:00,75,16
89,2024-09-03 09:00:00,75,16
89,2024-09-03 10:00:00,75,16
89,2024-09-03 11:00:00,75,16
89,2024-09-03 12:00:00,75,16
89,2024-09-03 13:00:00,75,16
89,2024-09-03 14:00:00,75,16
89,2024-09-03 15:00:00,75,16
89,2024-09-03 16:00:00,75,16
89,2024-09-03 17:00:00,75,16
89,2024-09-03 18:00:00,0,0
89,2024-09-03 19:00:00,0,0
89,2024-09-03 20:00:00,0,0
89,2024-09-03 21:00:00,0,0
89,2024-09-03 22:00:00,0,0
89,2024-09-03 23:00:00,0,0
90,2024-09-01 00:00:00,55,12
90,2024-09-01 01:00:00,55,12
90,2024-09-01 02:00:00,55,12
90,2024-09-01 03:00:00,55,12
90,2024-09-01 04:00:00,55,12
90,2024-09-01 05:00:00,55,12
90,2024-09-01 06:00:00,55,12
90,2024-09-01 07:00:00,55,12
90,2024-09-01 08:00:00,55,12
90,2024-09-01 09:00:00,55,12
90,2024-09-01 10:00:00,55,12
90,2024-09-01 11:00:00,55,12
90,2024-09-01 12:00:00,55,12
90,2024-09-01 13:00:00,55,12
90,2024-09-01 14:00:00,55,12
90,2024-09-01 15:00:00,55,12
90,2024-09-01 16:00:00,55,12
90,2024-09-01 17:00:00,55,12
90,2024-09-01 18:00:00,55,12
90,2024-09-01 19:00:00,55,12
90,2024-09-01 20:00:00,55,12
90,2024-09-01 21:00:00,55,12
90,2024-09-01 22:00:00,55,12
90,2024-09-01 23:00:00,55,12
90,2024-09-02 00:00:00,55,12
90,2024-09-02 01:00:00,55,12
90,2024-09-02 02:00:00,55,12
90,2024-09-02 03:00:00,55,12
90,2024-09-02 04:00:00,55,12
90,2024-09-02 05:00:00,55,12
90,2024-09-02 06:00:00,56,13
90,2024-09-02 07:00:00,57,14
90,2024-09-02 08:00:00,61,15
90,2024-09-02 09:00:00,64,16
90,2024-09-02 10:00:00,69,16
90,2024-09-02 11:00:00,72,16
90,2024-09-02 12:00:00,74,16
90,2024-09-02 13:00:00,75,16
90,2024-09-02 14:00:00,75,16
90,2024-09-02 15:00:00,75,16
90,2024-09-02 16:00:00,75,16
90,2024-09-02 17:00:00,75,16
90,2024-09-02 18:00:00,75,16
90,2024-09-02 19:00:00,75,16
90,2024-09-02 20:00:00,75,16
90,2024-09-02 21:00:00,75,16
90,2024-09-02 22:00:00,75,16
90,2024-09-02 23:00:00,75,16
90,2024-09-03 00:00:00,75,16
90,2024-09-03 01:00:00,75,16
90,2024-09-03 02:00:00,75,16
90,2024-09-03 03:00:00,75,16
90,2024-09-03 04:00:00,75,16
90,2024-09-03 05:00:00,75,16
90,2024-09-03 06:00:00,75,16
90,2024-09-03 07:00:00,75,16
90,2024-09-03 08:00:00,75,16
90,2024-09-03 09:00:00,75,16
90,2024-09-03 10:00:00,75,16
90,2024-09-03 11:00:00,75,16
90,2024-09-03 12:00:00,75,16
90,2024-09-03 13:00:00,75,16
90,2024-09-03 14:00:00,75,16
90,2024-09-03 15:00:00,75,16
90,2024-09-03 16:00:00,75,16
90,2024-09-03 17:00:00,75,16
90,2024-09-03 18:00:00,0,0
90,2024-09-03 19:00:00,0,0
90,2024-09-03 20:00:00,0,0
90,2024-09-03 21:00:00,0,0
90,2024-09-03 22:00:00,0,0
90,2024-09-03 23:00:00,0,0
91,2024-09-01 00:00:00,55,12
91,2024-09-01 01:00:00,55,12
91,2024-09-01 02:00:00,55,12
91,2024-09-01 03:00:00,55,12
91,2024-09-01 04:00:00,55,12
91,2024-09-01 05:00:00,55,12
91,2024-09-01 06:00:00,55,12
91,2024-09-01 07:00:00,55,12
91,2024-09-01 08:00:00,55,12
91,2024-09-01 09:00:00,55,12
91,2024-09-01 10:00:00,55,12
91,2024-09-01 11:00:00,55,12
91,2024-09-01 12:00:00,55,12
91,2024-09-01 13:00:00,55,12
91,2024-09-01 14:00:00,55,12
91,2024-09-01 15:00:00,55,12
91,2024-09-01 16:00:00,55,12
91,2024-09-01 17:00:00,55,12
91,2024-09-01 18:00:00,55,12
91,2024-09-01 19:00:00,55,12
91,2024-09-01 20:00:00,55,12
91,2024-09-01 21:00:00,55,12
91,2024-09-01 22:00:00,55,12
91,2024-09-01 23:00:00,55,12
91,2024-09-02 00:00:00,55,12
91,2024-09-02 01:00:00,55,12
91,2024-09-02 02:00:00,55,12
91,2024-09-02 03:00:00,55,12
91,2024-09-02 04:00:00,55,12
91,2024-09-02 05:00:00,55,12
91,2024-09-02 06:00:00,56,13
91,2024-09-02 07:00:00,57,14
91,2024-09-02 08:00:00,61,15
91,2024-09-02 09:00:00,64,16
91,2024-09-02 10:00:00,68,16
91,2024-09-02 11:00:00,72,16
91,2024-09-02 12:00:00,75,16
91,2024-09-02 13:00:00,75,16
91,2024-09-02 14:00:00,75,16
91,2024-09-02 15:00:00,75,16
91,2024-09-02 16:00:00,75,16
91,2024-09-02 17:00:00,75,16
91,2024-09-02 18:00:00,75,16
91,2024-09-02 19:00:00,75,16
91,2024-09-02 20:00:00,75,16
91,2024-09-02 21:00:00,75,16
91,2024-09-02 22:00:00,75,16
91,2024-09-02 23:00:00,75,16
91,2024-09-03 00:00:00,75,16
91,2024-09-03 01:00:00,75,16
91,2024-09-03 02:00:00,75,16
91,2024-09-03 03:00:00,75,16
91,2024-09-03 04:00:00,75,16
91,2024-09-03 05:00:00,75,16
91,2024-09-03 06:00:00,75,16
91,2024-09-03 07:00:00,75,16
91,2024-09-03 08:00:00,75,16
91,2024-09-03 09:00:00,75,16
91,2024-09-03 10:00:00,75,16
91,2024-09-03 11:00:00,75,16
91,2024-09-03 12:00:00,75,16
91,2024-09-03 13:00:00,75,16
91,2024-09-03 14:00:00,75,16
91,2024-09-03 15:00:00,75,16
91,2024-09-03 16:00:00,75,16
91,2024-09-03 17:00:00,75,16
91,2024-09-03 18:00:00,0,0
91,2024-09-03 19:00:00,0,0
91,2024-09-03 20:00:00,0,0
91,2024-09-03 21:00:00,0,0
91,2024-09-03 22:00:00,0,0
91,2024-09-03 23:00:00,0,0
92,2024-09-01 00:00:00,56,12
92,2024-09-01 01:00:00,56,12
92,2024-09-01 02:00:00,56,12
92,2024-09-01 03:00:00,56,12
92,2024-09-01 04:00:00,56,12
92,2024-09-01 05:00:00,56,12
92,2024-09-01 06:00:00,56,12
92,2024-09-01 07:00:00,56,12
92,2024-09-01 08:00:00,56,12
92,2024-09-01 09:00:00,56,12
92,2024-09-01 10:00:00,56,12
92,2024-09-01 11:00:00,56,12
92,2024-09-01 12:00:00,56,12
92,2024-09-01 13:00:00,56,12
92,2024-09-01 14:00:00,56,12
92,2024-09-01 15:00:00,56,12
92,2024-09-01 16:00:00,56,12
92,2024-09-01 17:00:00,56,12
92,2024-09-01 18:00:00,56,12
92,2024-09-01 19:00:00,56,12
92,2024-09-01 20:00:00,56,12
92,2024-09-01 21:00:00,56,12
92,2024-09-01 22:00:00,56,12
92,2024-09-01 23:00:00,56,12
92,2024-09-02 00:00:00,56,12
92,2024-09-02 01:00:00,56,12
92,2024-09-02 02:00:00,56,12
92,2024-09-02 03:00:00,56,12
92,2024-09-02 04:00:00,56,12
92,2024-09-02 05:00:00,56,12
92,2024-09-02 06:00:00,57,13
92,2024-09-02 07:00:00,58,14
92,2024-09-02 08:00:00,62,15
92,2024-09-02 09:00:00,65,16
92,2024-09-02 10:00:00,69,16
92,2024-09-02 11:00:00,72,16
92,2024-09-02 12:00:00,75,16
92,2024-09-02 13:00:00,75,16
92,2024-09-02 14:00:00,75,16
92,2024-09-02 15:00:00,75,16
92,2024-09-02 16:00:00,75,16
92,2024-09-02 17:00:00,75,16
92,2024-09-02 18:00:00,75,16
92,2024-09-02 19:00:00,75,16
92,2024-09-02 20:00:00,75,16
92,2024-09-02 21:00:00,75,16
92,2024-09-02 22:00:00,75,16
92,2024-09-02 23:00:00,75,16
92,2024-09-03 00:00:00,75,16
92,2024-09-03 01:00:00,75,16
92,2024-09-03 02:00:00,75,16
92,2024-09-03 03:00:00,75,16
92,2024-09-03 04:00:00,75,16
92,2024-09-03 05:00:00,75,16
92,2024-09-03 06:00:00,75,16
92,2024-09-03 07:00:00,75,16
92,2024-09-03 08:00:00,75,16
92,2024-09-03 09:00:00,75,16
92,2024-09-03 10:00:00,75,16
92,2024-09-03 11:00:00,75,16
92,2024-09-03 12:00:00,75,16
92,2024-09-03 13:00:00,75,16
92,2024-09-03 14:00:00,75,16
92,2024-09-03 15:00:00,75,16
92,2024-09-03 16:00:00,75,16
92,2024-09-03 17:00:00,75,16
92,2024-09-03 18:00:00,0,0
92,2024-09-03 19:00:00,0,0
92,2024-09-03 20:00:00,0,0
92,2024-09-03 21:00:00,0,0
92,2024-09-03 22:00:00,0,0
92,2024-09-03 23:00:00,0,0
93,2024-09-01 00:00:00,56,12
93,2024-09-01 01:00:00,56,12
93,2024-09-01 02:00:00,56,12
93,2024-09-01 03:00:00,56,12
93,2024-09-01 04:00:00,56,12
93,2024-09-01 05:00:00,56,12
93,2024-09-01 06:00:00,56,12
93,2024-09-01 07:00:00,56,12
93,2024-09-01 08:00:00,56,12
93,2024-09-01 09:00:00,56,12
93,2024-09-01 10:00:00,56,12
93,2024-09-01 11:00:00,56,12
93,2024-09-01 12:00:00,56,12
93,2024-09-01 13:00:00,56,12
93,2024-09-01 14:00:00,56,12
93,2024-09-01 15:00:00,56,12
93,2024-09-01 16:00:00,56,12
93,2024-09-01 17:00:00,56,12
93,2024-09-01 18:00:00,56,12
93,2024-09-01 19:00:00,56,12
93,2024-09-01 20:00:00,56,12
93,2024-09-01 21:00:00,56,12
93,2024-09-01 22:00:00,56,12
93,2024-09-01 23:00:00,56,12
93,2024-09-02 00:00:00,56,12
93,2024-09-02 01:00:00,56,12
93,2024-09-02 02:00:00,56,12
93,2024-09-02 03:00:00,56,12
93,2024-09-02 04:00:00,56,12
93,2024-09-02 05:00:00,56,12
93,2024-09-02 06:00:00,57,13
93,2024-09-02 07:00:00,58,14
93,2024-09-02 08:00:00,62,15
93,2024-09-02 09:00:00,65,16
93,2024-09-02 10:00:00,70,16
93,2024-09-02 11:00:00,73,16
93,2024-09-02 12:00:00,74,16
93,2024-09-02 13:00:00,75,16
93,2024-09-02 14:00:00,75,16
93,2024-09-02 15:00:00,75,16
93,2024-09-02 16:00:00,75,16
93,2024-09-02 17:00:00,75,16
93,2024-09-02 18:00:00,75,16
93,2024-09-02 19:00:00,75,16
93,2024-09-02 20:00:00,75,16
93,2024-09-02 21:00:00,75,16
93,2024-09-02 22:00:00,75,16
93,2024-09-02 23:00:00,75,16
93,2024-09-03 00:00:00,75,16
93,2024-09-03 01:00:00,75,16
93,2024-09-03 02:00:00,75,16
93,2024-09-03 03:00:00,75,16
93,2024-09-03 04:00:00,75,16
93,2024-09-03 05:00:00,75,16
93,2024-09-03 06:00:00,75,16
93,2024-09-03 07:00:00,75,16
93,2024-09-03 08:00:00,75,16
93,2024-09-03 09:00:00,75,16
93,2024-09-03 10:00:00,75,16
93,2024-09-03 11:00:00,75,16
93,2024-09-03 12:00:00,75,16
93,2024-09-03 13:00:00,75,16
93,2024-09-03 14:00:00,75,16
93,2024-09-03 15:00:00,75,16
93,2024-09-03 16:00:00,75,16
93,2024-09-03 17:00:00,75,16
93,2024-09-03 18:00:00,0,0
93,2024-09-03 19:00:00,0,0
93,2024-09-03 20:00:00,0,0
93,2024-09-03 21:00:00,0,0
93,2024-09-03 22:00:00,0,0
93,2024-09-03 23:00:00,0,0
94,2024-09-01 00:00:00,57,12
94,2024-09-01 01:00:00,57,12
94,2024-09-01 02:00:00,57,12
94,2024-09-01 03:00:00,57,12
94,2024-09-01 04:00:00,57,12
94,2024-09-01 05:00:00,57,12
94,2024-09-01 06:00:00,57,12
94,2024-09-01 07:00:00,57,12
94,2024-09-01 08:00:00,57,12
94,2024-09-01 09:00:00,57,12
94,2024-09-01 10:00:00,57,12
94,2024-09-01 11:00:00,57,12
94,2024-09-01 12:00:00,57,12
94,2024-09-01 13:00:00,57,12
94,2024-09-01 14:00:00,57,12
94,2024-09-01 15:00:00,57,12
94,2024-09-01 16:00:00,57,12
94,2024-09-01 17:00:00,57,12
94,2024-09-01 18:00:00,57,12
94,2024-09-01 19:00:00,57,12
94,2024-09-01 20:00:00,57,12
94,2024-09-01 21:00:00,57,12
94,2024-09-01 22:00:00,57,12
94,2024-09-01 23:00:00,57,12
94,2024-09-02 00:00:00,57,12
94,2024-09-02 01:00:00,57,12
94,2024-09-02 02:00:00,57,12
94,2024-09-02 03:00:00,57,12
94,2024-09-02 04:00:00,57,12
94,2024-09-02 05:00:00,57,12
94,2024-09-02 06:00:00,58,13
94,2024-09-02 07:00:00,59,14
94,2024-09-02 08:00:00,63,15
94,2024-09-02 09:00:00,66,16
94,2024-09-02 10:00:00,70,16
94,2024-09-02 11:00:00,72,16
94,2024-09-02 12:00:00,75,16
94,2024-09-02 13:00:00,75,16
94,2024-09-02 14:00:00,75,16
94,2024-09-02 15:00:00,75,16
94,2024-09-02 16:00:00,75,16
94,2024-09-02 17:00:00,75,16
94,2024-09-02 18:00:00,75,16
94,2024-09-02 19:00:00,75,16
94,2024-09-02 20:00:00,75,16
94,2024-09-02 21:00:00,75,16
94,2024-09-02 22:00:00,75,16
94,2024-09-02 23:00:00,75,16
94,2024-09-03 00:00:00,75,16
94,2024-09-03 01:00:00,75,16
94,2024-09-03 02:00:00,75,16
94,2024-09-03 03:00:00,75,16
94,2024-09-03 04:00:00,75,16
94,2024-09-03 05:00:00,75,16
94,2024-09-03 06:00:00,75,16
94,2024-09-03 07:00:00,75,16
94,2024-09-03 08:00:00,75,16
94,2024-09-03 09:00:00,75,16
94,2024-09-03 10:00:00,75,16
94,2024-09-03 11:00:00,75,16
94,2024-09-03 12:00:00,75,16
94,2024-09-03 13:00:00,75,16
94,2024-09-03 14:00:00,75,16
94,2024-09-03 15:00:00,75,16
94,2024-09-03 16:00:00,75,16
94,2024-09-03 17:00:00,75,16
94,2024-09-03 18:00:00,0,0
94,2024-09-03 19:00:00,0,0
94,2024-09-03 20:00:00,0,0
94,2024-09-03 21:00:00,0,0
94,2024-09-03 22:00:00,0,0
94,2024-09-03 23:00:00,0,0
95,2024-09-01 00:00:00,57,12
95,2024-09-01 01:00:00,57,12
95,2024-09-01 02:00:00,57,12
95,2024-09-01 03:00:00,57,12
95,2024-09-01 04:00:00,57,12
95,2024-09-01 05:00:00,57,12
95,2024-09-01 06:00:00,57,12
95,2024-09-01 07:00:00,57,12
95,2024-09-01 08:00:00,57,12
95,2024-09-01 09:00:00,57,12
95,2024-09-01 10:00:00,57,12
95,2024-09-01 11:00:00,57,12
95,2024-09-01 12:00:00,57,12
95,2024-09-01 13:00:00,57,12
95,2024-09-01 14:00:00,57,12
95,2024-09-01 15:00:00,57,12
95,2024-09-01 16:00:00,57,12
95,2024-09-01 17:00:00,57,12
95,2024-09-01 18:00:00,57,12
95,2024-09-01 19:00:00,57,12
95,2024-09-01 20:00:00,57,12
95,2024-09-01 21:00:00,57,12
95,2024-09-01 22:00:00,57,12
95,2024-09-01 23:00:00,57,12
95,2024-09-02 00:00:00,57,12
95,2024-09-02 01:00:00,57,12
95,2024-09-02 02:00:00,57,12
95,2024-09-02 03:00:00,57,12
95,2024-09-02 04:00:00,57,12
95,2024-09-02 05:00:00,57,12
95,2024-09-02 06:00:00,58,13
95,2024-09-02 07:00:00,59,14
95,2024-09-02 08:00:00,62,15
95,2024-09-02 09:00:00,65,16
95,2024-09-02 10:00:00,70,16
95,2024-09-02 11:00:00,73,16
95,2024-09-02 12:00:00,74,16
95,2024-09-02 13:00:00,75,16
95,2024-09-02 14:00:00,75,16
95,2024-09-02 15:00:00,75,16
95,2024-09-02 16:00:00,75,16
95,2024-09-02 17:00:00,75,16
95,2024-09-02 18:00:00,75,16
95,2024-09-02 19:00:00,75,16
95,2024-09-02 20:00:00,75,16
95,2024-09-02 21:00:00,75,16
95,2024-09-02 22:00:00,75,16
95,2024-09-02 23:00:00,75,16
95,2024-09-03 00:00:00,75,16
95,2024-09-03 01:00:00,75,16
95,2024-09-03 02:00:00,75,16
95,2024-09-03 03:00:00,75,16
95,2024-09-03 04:00:00,75,16
95,2024-09-03 05:00:00,75,16
95,2024-09-03 06:00:00,75,16
95,2024-09-03 07:00:00,75,16
95,2024-09-03 08:00:00,75,16
95,2024-09-03 09:00:00,75,16
95,2024-09-03 10:00:00,75,16
95,2024-09-03 11:00:00,75,16
95,2024-09-03 12:00:00,75,16
95,2024-09-03 13:00:00,75,16
95,2024-09-03 14:00:00,75,16
95,2024-09-03 15:00:00,75,16
95,2024-09-03 16:00:00,75,16
95,2024-09-03 17:00:00,75,16
95,2024-09-03 18:00:00,0,0
95,2024-09-03 19:00:00,0,0
95,2024-09-03 20:00:00,0,0
95,2024-09-03 21:00:00,0,0
95,2024-09-03 22:00:00,0,0
95,2024-09-03 23:00:00,0,0
96,2024-09-01 00:00:00,56,12
96,2024-09-01 01:00:00,56,12
96,2024-09-01 02:00:00,56,12
96,2024-09-01 03:00:00,56,12
96,2024-09-01 04:00:00,56,12
96,2024-09-01 05:00:00,56,12
96,2024-09-01 06:00:00,56,12
96,2024-09-01 07:00:00,56,12
96,2024-09-01 08:00:00,56,12
96,2024-09-01 09:00:00,56,12
96,2024-09-01 10:00:00,56,12
96,2024-09-01 11:00:00,56,12
96,2024-09-01 12:00:00,56,12
96,2024-09-01 13:00:00,56,12
96,2024-09-01 14:00:00,56,12
96,2024-09-01 15:00:00,56,12
96,2024-09-01 16:00:00,56,12
96,2024-09-01 17:00:00,56,12
96,2024-09-01 18:00:00,56,12
96,2024-09-01 19:00:00,56,12
96,2024-09-01 20:00:00,56,12
96,2024-09-01 21:00:00,56,12
96,2024-09-01 22:00:00,56,12
96,2024-09-01 23:00:00,56,12
96,2024-09-02 00:00:00,56,12
96,2024-09-02 01:00:00,56,12
96,2024-09-02 02:00:00,56,12
96,2024-09-02 03:00:00,56,12
96,2024-09-02 04:00:00,56,12
96,2024-09-02 05:00:00,56,12
96,2024-09-02 06:00:00,57,13
96,2024-09-02 07:00:00,58,14
96,2024-09-02 08:00:00,62,15
96,2024-09-02 09:00:00,65,16
96,2024-09-02 10:00:00,70,16
96,2024-09-02 11:00:00,73,16
96,2024-09-02 12:00:00,74,16
96,2024-09-02 13:00:00,75,16
96,2024-09-02 14:00:00,75,16
96,2024-09-02 15:00:00,75,16
96,2024-09-02 16:00:00,75,16
96,2024-09-02 17:00:00,75,16
96,2024-09-02 18:00:00,75,16
96,2024-09-02 19:00:00,75,16
96,2024-09-02 20:00:00,75,16
96,2024-09-02 21:00:00,75,16
96,2024-09-02 22:00:00,75,16
96,2024-09-02 23:00:00,75,16
96,2024-09-03 00:00:00,75,16
96,2024-09-03 01:00:00,75,16
96,2024-09-03 02:00:00,75,16
96,2024-09-03 03:00:00,75,16
96,2024-09-03 04:00:00,75,16
96,2024-09-03 05:00:00,75,16
96,2024-09-03 06:00:00,75,16
96,2024-09-03 07:00:00,75,16
96,2024-09-03 08:00:00,75,16
96,2024-09-03 09:00:00,75,16
96,2024-09-03 10:00:00,75,16
96,2024-09-03 11:00:00,75,16
96,2024-09-03 12:00:00,75,16
96,2024-09-03 13:00:00,75,16
96,2024-09-03 14:00:00,75,16
96,2024-09-03 15:00:00,75,16
96,2024-09-03 16:00:00,75,16
96,2024-09-03 17:00:00,75,16
96,2024-09-03 18:00:00,0,0
96,2024-09-03 19:00:00,0,0
96,2024-09-03 20:00:00,0,0
96,2024-09-03 21:00:00,0,0
96,2024-09-03 22:00:00,0,0
96,2024-09-03 23:00:00,0,0
97,2024-09-01 00:00:00,56,12
97,2024-09-01 01:00:00,56,12
97,2024-09-01 02:00:00,56,12
97,2024-09-01 03:00:00,56,12
97,2024-09-01 04:00:00,56,12
97,2024-09-01 05:00:00,56,12
97,2024-09-01 06:00:00,56,12
97,2024-09-01 07:00:00,56,12
97,2024-09-01 08:00:00,56,12
97,2024-09-01 09:00:00,56,12
97,2024-09-01 10:00:00,56,12
97,2024-09-01 11:00:00,56,12
97,2024-09-01 12:00:00,56,12
97,2024-09-01 13:00:00,56,12
97,2024-09-01 14:00:00,56,12
97,2024-09-01 15:00:00,56,12
97,2024-09-01 16:00:00,56,12
97,2024-09-01 17:00:00,56,12
97,2024-09-01 18:00:00,56,12
97,2024-09-01 19:00:00,56,12
97,2024-09-01 20:00:00,56,12
97,2024-09-01 21:00:00,56,12
97,2024-09-01 22:00:00,56,12
97,2024-09-01 23:00:00,56,12
97,2024-09-02 00:00:00,56,12
97,2024-09-02 01:00:00,56,12
97,2024-09-02 02:00:00,56,12
97,2024-09-02 03:00:00,56,12
97,2024-09-02 04:00:00,56,12
97,2024-09-02 05:00:00,56,12
97,2024-09-02 06:00:00,57,13
97,2024-09-02 07:00:00,58,14
97,2024-09-02 08:00:00,62,15
97,2024-09-02 09:00:00,65,16
97,2024-09-02 10:00:00,69,16
97,2024-09-02 11:00:00,72,16
97,2024-09-02 12:00:00,74,16
97,2024-09-02 13:00:00,75,16
97,2024-09-02 14:00:00,75,16
97,2024-09-02 15:00:00,75,16
97,2024-09-02 16:00:00,75,16
97,2024-09-02 17:00:00,75,16
97,2024-09-02 18:00:00,75,16
97,2024-09-02 19:00:00,75,16
97,2024-09-02 20:00:00,75,16
97,2024-09-02 21:00:00,75,16
97,2024-09-02 22:00:00,75,16
97,2024-09-02 23:00:00,75,16
97,2024-09-03 00:00:00,75,16
97,2024-09-03 01:00:00,75,16
97,2024-09-03 02:00:00,75,16
97,2024-09-03 03:00:00,75,16
97,2024-09-03 04:00:00,75,16
97,2024-09-03 05:00:00,75,16
97,2024-09-03 06:00:00,75,16
97,2024-09-03 07:00:00,75,16
97,2024-09-03 08:00:00,75,16
97,2024-09-03 09:00:00,75,16
97,2024-09-03 10:00:00,75,16
97,2024-09-03 11:00:00,75,16
97,2024-09-03 12:00:00,75,16
97,2024-09-03 13:00:00,75,16
97,2024-09-03 14:00:00,75,16
97,2024-09-03 15:00:00,75,16
97,2024-09-03 16:00:00,75,16
97,2024-09-03 17:00:00,75,16
97,2024-09-03 18:00:00,0,0
97,2024-09-03 19:00:00,0,0
97,2024-09-03 20:00:00,0,0
97,2024-09-03 21:00:00,0,0
97,2024-09-03 22:00:00,0,0
97,2024-09-03 23:00:00,0,0
98,2024-09-01 00:00:00,56,12
98,2024-09-01 01:00:00,56,12
98,2024-09-01 02:00:00,56,12
98,2024-09-01 03:00:00,56,12
98,2024-09-01 04:00:00,56,12
98,2024-09-01 05:00:00,56,12
98,2024-09-01 06:00:00,56,12
98,2024-09-01 07:00:00,56,12
98,2024-09-01 08:00:00,56,12
98,2024-09-01 09:00:00,56,12
98,2024-09-01 10:00:00,56,12
98,2024-09-01 11:00:00,56,12
98,2024-09-01 12:00:00,56,12
98,2024-09-01 13:00:00,56,12
98,2024-09-01 14:00:00,56,12
98,2024-09-01 15:00:00,56,12
98,2024-09-01 16:00:00,56,12
98,2024-09-01 17:00:00,56,12
98,2024-09-01 18:00:00,56,12
98,2024-09-01 19:00:00,56,12
98,2024-09-01 20:00:00,56,12
98,2024-09-01 21:00:00,56,12
98,2024-09-01 22:00:00,56,12
98,2024-09-01 23:00:00,56,12
98,2024-09-02 00:00:00,56,12
98,2024-09-02 01:00:00,56,12
98,2024-09-02 02:00:00,56,12
98,2024-09-02 03:00:00,56,12
98,2024-09-02 04:00:00,56,12
98,2024-09-02 05:00:00,56,12
98,2024-09-02 06:00:00,57,13
98,2024-09-02 07:00:00,58,14
98,2024-09-02 08:00:00,62,15
98,2024-09-02 09:00:00,65,16
98,2024-09-02 10:00:00,70,16
98,2024-09-02 11:00:00,73,16
98,2024-09-02 12:00:00,74,16
98,2024-09-02 13:00:00,75,16
98,2024-09-02 14:00:00,75,16
98,2024-09-02 15:00:00,75,16
98,2024-09-02 16:00:00,75,16
98,2024-09-02 17:00:00,75,16
98,2024-09-02 18:00:00,75,16
98,2024-09-02 19:00:00,75,16
98,2024-09-02 20:00:00,75,16
98,2024-09-02 21:00:00,75,16
98,2024-09-02 22:00:00,75,16
98,2024-09-02 23:00:00,75,16
98,2024-09-03 00:00:00,75,16
98,2024-09-03 01:00:00,75,16
98,2024-09-03 02:00:00,75,16
98,2024-09-03 03:00:00,75,16
98,2024-09-03 04:00:00,75,16
98,2024-09-03 05:00:00,75,16
98,2024-09-03 06:00:00,75,16
98,2024-09-03 07:00:00,75,16
98,2024-09-03 08:00:00,75,16
98,2024-09-03 09:00:00,75,16
98,2024-09-03 10:00:00,75,16
98,2024-09-03 11:00:00,75,16
98,2024-09-03 12:00:00,75,16
98,2024-09-03 13:00:00,75,16
98,2024-09-03 14:00:00,75,16
98,2024-09-03 15:00:00,75,16
98,2024-09-03 16:00:00,75,16
98,2024-09-03 17:00:00,75,16
98,2024-09-03 18:00:00,0,0
98,2024-09-03 19:00:00,0,0
98,2024-09-03 20:00:00,0,0
98,2024-09-03 21:00:00,0,0
98,2024-09-03 22:00:00,0,0
98,2024-09-03 23:00:00,0,0
99,2024-09-01 00:00:00,56,12
99,2024-09-01 01:00:00,56,12
99,2024-09-01 02:00:00,56,12
99,2024-09-01 03:00:00,56,12
99,2024-09-01 04:00:00,56,12
99,2024-09-01 05:00:00,56,12
99,2024-09-01 06:00:00,56,12
99,2024-09-01 07:00:00,56,12
99,2024-09-01 08:00:00,56,12
99,2024-09-01 09:00:00,56,12
99,2024-09-01 10:00:00,56,12
99,2024-09-01 11:00:00,56,12
99,2024-09-01 12:00:00,56,12
99,2024-09-01 13:00:00,56,12
99,2024-09-01 14:00:00,56,12
99,2024-09-01 15:00:00,56,12
99,2024-09-01 16:00:00,56,12
99,2024-09-01 17:00:00,56,12
99,2024-09-01 18:00:00,56,12
99,2024-09-01 19:00:00,56,12
99,2024-09-01 20:00:00,56,12
99,2024-09-01 21:00:00,56,12
99,2024-09-01 22:00:00,56,12
99,2024-09-01 23:00:00,56,12
99,2024-09-02 00:00:00,56,12
99,2024-09-02 01:00:00,56,12
99,2024-09-02 02:00:00,56,12
99,2024-09-02 03:00:00,56,12
99,2024-09-02 04:00:00,56,12
99,2024-09-02 05:00:00,56,12
99,2024-09-02 06:00:00,57,13
99,2024-09-02 07:00:00,58,14
99,2024-09-02 08:00:00,62,15
99,2024-09-02 09:00:00,65,16
99,2024-09-02 10:00:00,69,16
99,2024-09-02 11:00:00,72,16
99,2024-09-02 12:00:00,75,16
99,2024-09-02 13:00:00,75,16
99,2024-09-02 14:00:00,75,16
99,2024-09-02 15:00:00,75,16
99,2024-09-02 16:00:00,75,16
99,2024-09-02 17:00:00,75,16
99,2024-09-02 18:00:00,75,16
99,2024-09-02 19:00:00,75,16
99,2024-09-02 20:00:00,75,16
99,2024-09-02 21:00:00,75,16
99,2024-09-02 22:00:00,75,16
99,2024-09-02 23:00:00,75,16
99,2024-09-03 00:00:00,75,16
99,2024-09-03 01:00:00,75,16
99,2024-09-03 02:00:00,75,16
99,2024-09-03 03:00:00,75,16
99,2024-09-03 04:00:00,75,16
99,2024-09-03 05:00:00,75,16
99,2024-09-03 06:00:00,75,16
99,2024-09-03 07:00:00,75,16
99,2024-09-03 08:00:00,75,16
99,2024-09-03 09:00:00,75,16
99,2024-09-03 10:00:00,75,16
99,2024-09-03 11:00:00,75,16
99,2024-09-03 12:00:00,75,16
99,2024-09-03 13:00:00,75,16
99,2024-09-03 14:00:00,75,16
99,2024-09-03 15:00:00,75,16
99,2024-09-03 16:00:00,75,16
99,2024-09-03 17:00:00,75,16
99,2024-09-03 18:00:00,0,0
99,2024-09-03 19:00:00,0,0
99,2024-09-03 20:00:00,0,0
99,2024-09-03 21:00:00,0,0
99,2024-09-03 22:00:00,0,0
99,2024-09-03 23:00:00,0,0
100,2024-09-01 00:00:00,56,12
100,2024-09-01 01:00:00,56,12
100,2024-09-01 02:00:00,56,12
100,2024-09-01 03:00:00,56,12
100,2024-09-01 04:00:00,56,12
100,2024-09-01 05:00:00,56,12
100,2024-09-01 06:00:00,56,12
100,2024-09-01 07:00:00,56,12
100,2024-09-01 08:00:00,56,12
100,2024-09-01 09:00:00,56,12
100,2024-09-01 10:00:00,56,12
100,2024-09-01 11:00:00,56,12
100,2024-09-01 12:00:00,56,12
100,2024-09-01 13:00:00,56,12
100,2024-09-01 14:00:00,56,12
100,2024-09-01 15:00:00,56,12
100,2024-09-01 16:00:00,56,12
100,2024-09-01 17:00:00,56,12
100,2024-09-01 18:00:00,56,12
100,2024-09-01 19:00:00,56,12
100,2024-09-01 20:00:00,56,12
100,2024-09-01 21:00:00,56,12
100,2024-09-01 22:00:00,56,12
100,2024-09-01 23:00:00,56,12
100,2024-09-02 00:00:00,56,12
100,2024-09-02 01:00:00,56,12
100,2024-09-02 02:00:00,56,12
100,2024-09-02 03:00:00,56,12
100,2024-09-02 04:00:00,56,12
100,2024-09-02 05:00:00,56,12
100,2024-09-02 06:00:00,57,13
100,2024-09-02 07:00:00,58,14
100,2024-09-02 08:00:00,62,15
100,2024-09-02 09:00:00,65,16
100,2024-09-02 10:00:00,69,16
100,2024-09-02 11:00:00,73,16
100,2024-09-02 12:00:00,75,16
100,2024-09-02 13:00:00,75,16
100,2024-09-02 14:00:00,75,16
100,2024-09-02 15:00:00,75,16
100,2024-09-02 16:00:00,75,16
100,2024-09-02 17:00:00,75,16
100,2024-09-02 18:00:00,75,16
100,2024-09-02 19:00:00,75,16
100,2024-09-02 20:00:00,75,16
100,2024-09-02 21:00:00,75,16
100,2024-09-02 22:00:00,75,16
100,2024-09-02 23:00:00,75,16
100,2024-09-03 00:00:00,75,16
100,2024-09-03 01:00:00,75,16
100,2024-09-03 02:00:00,75,16
100,2024-09-03 03:00:00,75,16
100,2024-09-03 04:00:00,75,16
100,2024-09-03 05:00:00,75,16
100,2024-09-03 06:00:00,75,16
100,2024-09-03 07:00:00,75,16
100,2024-09-03 08:00:00,75,16
100,2024-09-03 09:00:00,75,16
100,2024-09-03 10:00:00,75,16
100,2024-09-03 11:00:00,75,16
100,2024-09-03 12:00:00,75,16
100,2024-09-03 13:00:00,75,16
100,2024-09-03 14:00:00,75,16
100,2024-09-03 15:00:00,75,16
100,2024-09-03 16:00:00,75,16
100,2024-09-03 17:00:00,75,16
100,2024-09-03 18:00:00,0,0
100,2024-09-03 19:00:00,0,0
100,2024-09-03 20:00:00,0,0
100,2024-09-03 21:00:00,0,0
100,2024-09-03 22:00:00,0,0
100,2024-09-03 23:00:00,0,0
101,2024-09-01 00:00:00,56,12
101,2024-09-01 01:00:00,56,12
101,2024-09-01 02:00:00,56,12
101,2024-09-01 03:00:00,56,12
101,2024-09-01 04:00:00,56,12
101,2024-09-01 05:00:00,56,12
101,2024-09-01 06:00:00,56,12
101,2024-09-01 07:00:00,56,12
101,2024-09-01 08:00:00,56,12
101,2024-09-01 09:00:00,56,12
101,2024-09-01 10:00:00,56,12
101,2024-09-01 11:00:00,56,12
101,2024-09-01 12:00:00,56,12
101,2024-09-01 13:00:00,56,12
101,2024-09-01 14:00:00,56,12
101,2024-09-01 15:00:00,56,12
101,2024-09-01 16:00:00,56,12
101,2024-09-01 17:00:00,56,12
101,2024-09-01 18:00:00,56,12
101,2024-09-01 19:00:00,56,12
101,2024-09-01 20:00:00,56,12
101,2024-09-01 21:00:00,56,12
101,2024-09-01 22:00:00,56,12
101,2024-09-01 23:00:00,56,12
101,2024-09-02 00:00:00,56,12
101,2024-09-02 01:00:00,56,12
101,2024-09-02 02:00:00,56,12
101,2024-09-02 03:00:00,56,12
101,2024-09-02 04:00:00,56,12
101,2024-09-02 05:00:00,56,12
101,2024-09-02 06:00:00,57,13
101,2024-09-02 07:00:00,58,14
101,2024-09-02 08:00:00,62,15
101,2024-09-02 09:00:00,65,16
101,2024-09-02 10:00:00,69,16
101,2024-09-02 11:00:00,72,16
101,2024-09-02 12:00:00,74,16
101,2024-09-02 13:00:00,75,16
101,2024-09-02 14:00:00,75,16
101,2024-09-02 15:00:00,75,16
101,2024-09-02 16:00:00,75,16
101,2024-09-02 17:00:00,75,16
101,2024-09-02 18:00:00,75,16
101,2024-09-02 19:00:00,75,16
101,2024-09-02 20:00:00,75,16
101,2024-09-02 21:00:00,75,16
101,2024-09-02 22:00:00,75,16
101,2024-09-02 23:00:00,75,16
101,2024-09-03 00:00:00,75,16
101,2024-09-03 01:00:00,75,16
101,2024-09-03 02:00:00,75,16
101,2024-09-03 03:00:00,75,16
101,2024-09-03 04:00:00,75,16
101,2024-09-03 05:00:00,75,16
101,2024-09-03 06:00:00,75,16
101,2024-09-03 07:00:00,75,16
101,2024-09-03 08:00:00,75,16
101,2024-09-03 09:00:00,75,16
101,2024-09-03 10:00:00,75,16
101,2024-09-03 11:00:00,75,16
101,2024-09-03 12:00:00,75,16
101,2024-09-03 13:00:00,75,16
101,2024-09-03 14:00:00,75,16
101,2024-09-03 15:00:00,75,16
101,2024-09-03 16:00:00,75,16
101,2024-09-03 17:00:00,75,16
101,2024-09-03 18:00:00,0,0
101,2024-09-03 19:00:00,0,0
101,2024-09-03 20:00:00,0,0
101,2024-09-03 21:00:00,0,0
101,2024-09-03 22:00:00,0,0
101,2024-09-03 23:00:00,0,0
102,2024-09-01 00:00:00,56,12
102,2024-09-01 01:00:00,56,12
102,2024-09-01 02:00:00,56,12
102,2024-09-01 03:00:00,56,12
102,2024-09-01 04:00:00,56,12
102,2024-09-01 05:00:00,56,12
102,2024-09-01 06:00:00,56,12
102,2024-09-01 07:00:00,56,12
102,2024-09-01 08:00:00,56,12
102,2024-09-01 09:00:00,56,12
102,2024-09-01 10:00:00,56,12
102,2024-09-01 11:00:00,56,12
102,2024-09-01 12:00:00,56,12
102,2024-09-01 13:00:00,56,12
102,2024-09-01 14:00:00,56,12
102,2024-09-01 15:00:00,56,12
102,2024-09-01 16:00:00,56,12
102,2024-09-01 17:00:00,56,12
102,2024-09-01 18:00:00,56,12
102,2024-09-01 19:00:00,56,12
102,2024-09-01 20:00:00,56,12
102,2024-09-01 21:00:00,56,12
102,2024-09-01 22:00:00,56,12
102,2024-09-01 23:00:00,56,12
102,2024-09-02 00:00:00,56,12
102,2024-09-02 01:00:00,56,12
102,2024-09-02 02:00:00,56,12
102,2024-09-02 03:00:00,56,12
102,2024-09-02 04:00:00,56,12
102,2024-09-02 05:00:00,56,12
102,2024-09-02 06:00:00,57,13
102,2024-09-02 07:00:00,58,14
102,2024-09-02 08:00:00,62,15
102,2024-09-02 09:00:00,65,16
102,2024-09-02 10:00:00,69,16
102,2024-09-02 11:00:00,72,16
102,2024-09-02 12:00:00,75,16
102,2024-09-02 13:00:00,75,16
102,2024-09-02 14:00:00,75,16
102,2024-09-02 15:00:00,75,16
102,2024-09-02 16:00:00,75,16
102,2024-09-02 17:00:00,75,16
102,2024-09-02 18:00:00,75,16
102,2024-09-02 19:00:00,75,16
102,2024-09-02 20:00:00,75,16
102,2024-09-02 21:00:00,75,16
102,2024-09-02 22:00:00,75,16
102,2024-09-02 23:00:00,75,16
102,2024-09-03 00:00:00,75,16
102,2024-09-03 01:00:00,75,16
102,2024-09-03 02:00:00,75,16
102,2024-09-03 03:00:00,75,16
102,2024-09-03 04:00:00,75,16
102,2024-09-03 05:00:00,75,16
102,2024-09-03 06:00:00,75,16
102,2024-09-03 07:00:00,75,16
102,2024-09-03 08:00:00,75,16
102,2024-09-03 09:00:00,75,16
102,2024-09-03 10:00:00,75,16
102,2024-09-03 11:00:00,75,16
102,2024-09-03 12:00:00,75,16
102,2024-09-03 13:00:00,75,16
102,2024-09-03 14:00:00,75,16
102,2024-09-03 15:00:00,75,16
102,2024-09-03 16:00:00,75,16
102,2024-09-03 17:00:00,75,16
102,2024-09-03 18:00:00,0,0
102,2024-09-03 19:00:00,0,0
102,2024-09-03 20:00:00,0,0
102,2024-09-03 21:00:00,0,0
102,2024-09-03 22:00:00,0,0
102,2024-09-03 23:00:00,0,0
103,2024-09-01 00:00:00,56,12
103,2024-09-01 01:00:00,56,12
103,2024-09-01 02:00:00,56,12
103,2024-09-01 03:00:00,56,12
103,2024-09-01 04:00:00,56,12
103,2024-09-01 05:00:00,56,12
103,2024-09-01 06:00:00,56,12
103,2024-09-01 07:00:00,56,12
103,2024-09-01 08:00:00,56,12
103,2024-09-01 09:00:00,56,12
103,2024-09-01 10:00:00,56,12
103,2024-09-01 11:00:00,56,12
103,2024-09-01 12:00:00,56,12
103,2024-09-01 13:00:00,56,12
103,2024-09-01 14:00:00,56,12
103,2024-09-01 15:00:00,56,12
103,2024-09-01 16:00:00,56,12
103,2024-09-01 17:00:00,56,12
103,2024-09-01 18:00:00,56,12
103,2024-09-01 19:00:00,56,12
103,2024-09-01 20:00:00,56,12
103,2024-09-01 21:00:00,56,12
103,2024-09-01 22:00:00,56,12
103,2024-09-01 23:00:00,56,12
103,2024-09-02 00:00:00,56,12
103,2024-09-02 01:00:00,56,12
103,2024-09-02 02:00:00,56,12
103,2024-09-02 03:00:00,56,12
103,2024-09-02 04:00:00,56,12
103,2024-09-02 05:00:00,56,12
103,2024-09-02 06:00:00,57,13
103,2024-09-02 07:00:00,58,14
103,2024-09-02 08:00:00,62,15
103,2024-09-02 09:00:00,65,16
103,2024-09-02 10:00:00,70,16
103,2024-09-02 11:00:00,72,16
103,2024-09-02 12:00:00,74,16
103,2024-09-02 13:00:00,75,16
103,2024-09-02 14:00:00,75,16
103,2024-09-02 15:00:00,75,16
103,2024-09-02 16:00:00,75,16
103,2024-09-02 17:00:00,75,16
103,2024-09-02 18:00:00,75,16
103,2024-09-02 19:00:00,75,16
103,2024-09-02 20:00:00,75,16
103,2024-09-02 21:00:00,75,16
103,2024-09-02 22:00:00,75,16
103,2024-09-02 23:00:00,75,16
103,2024-09-03 00:00:00,75,16
103,2024-09-03 01:00:00,75,16
103,2024-09-03 02:00:00,75,16
103,2024-09-03 03:00:00,75,16
103,2024-09-03 04:00:00,75,16
103,2024-09-03 05:00:00,75,16
103,2024-09-03 06:00:00,75,16
103,2024-09-03 07:00:00,75,16
103,2024-09-03 08:00:00,75,16
103,2024-09-03 09:00:00,75,16
103,2024-09-03 10:00:00,75,16
103,2024-09-03 11:00:00,75,16
103,2024-09-03 12:00:00,75,16
103,2024-09-03 13:00:00,75,16
103,2024-09-03 14:00:00,75,16
103,2024-09-03 15:00:00,75,16
103,2024-09-03 16:00:00,75,16
103,2024-09-03 17:00:00,75,16
103,2024-09-03 18:00:00,0,0
103,2024-09-03 19:00:00,0,0
103,2024-09-03 20:00:00,0,0
103,2024-09-03 21:00:00,0,0
103,2024-09-03 22:00:00,0,0
103,2024-09-03 23:00:00,0,0
104,2024-09-01 00:00:00,55,12
104,2024-09-01 01:00:00,55,12
104,2024-09-01 02:00:00,55,12
104,2024-09-01 03:00:00,55,12
104,2024-09-01 04:00:00,55,12
104,2024-09-01 05:00:00,55,12
104,2024-09-01 06:00:00,55,12
104,2024-09-01 07:00:00,55,12
104,2024-09-01 08:00:00,55,12
104,2024-09-01 09:00:00,55,12
104,2024-09-01 10:00:00,55,12
104,2024-09-01 11:00:00,55,12
104,2024-09-01 12:00:00,55,12
104,2024-09-01 13:00:00,55,12
104,2024-09-01 14:00:00,55,12
104,2024-09-01 15:00:00,55,12
104,2024-09-01 16:00:00,55,12
104,2024-09-01 17:00:00,55,12
104,2024-09-01 18:00:00,55,12
104,2024-09-01 19:00:00,55,12
104,2024-09-01 20:00:00,55,12
104,2024-09-01 21:00:00,55,12
104,2024-09-01 22:00:00,55,12
104,2024-09-01 23:00:00,55,12
104,2024-09-02 00:00:00,55,12
104,2024-09-02 01:00:00,55,12
104,2024-09-02 02:00:00,55,12
104,2024-09-02 03:00:00,55,12
104,2024-09-02 04:00:00,55,12
104,2024-09-02 05:00:00,55,12
104,2024-09-02 06:00:00,56,13
104,2024-09-02 07:00:00,57,14
104,2024-09-02 08:00:00,61,15
104,2024-09-02 09:00:00,64,16
104,2024-09-02 10:00:00,68,16
104,2024-09-02 11:00:00,72,16
104,2024-09-02 12:00:00,74,16
104,2024-09-02 13:00:00,75,16
104,2024-09-02 14:00:00,75,16
104,2024-09-02 15:00:00,75,16
104,2024-09-02 16:00:00,75,16
104,2024-09-02 17:00:00,75,16
104,2024-09-02 18:00:00,75,16
104,2024-09-02 19:00:00,75,16
104,2024-09-02 20:00:00,75,16
104,2024-09-02 21:00:00,75,16
104,2024-09-02 22:00:00,75,16
104,2024-09-02 23:00:00,75,16
104,2024-09-03 00:00:00,75,16
104,2024-09-03 01:00:00,75,16
104,2024-09-03 02:00:00,75,16
104,2024-09-03 03:00:00,75,16
104,2024-09-03 04:00:00,75,16
104,2024-09-03 05:00:00,75,16
104,2024-09-03 06:00:00,75,16
104,2024-09-03 07:00:00,75,16
104,2024-09-03 08:00:00,75,16
104,2024-09-03 09:00:00,75,16
104,2024-09-03 10:00:00,75,16
104,2024-09-03 11:00:00,75,16
104,2024-09-03 12:00:00,75,16
104,2024-09-03 13:00:00,75,16
104,2024-09-03 14:00:00,75,16
104,2024-09-03 15:00:00,75,16
104,2024-09-03 16:00:00,75,16
104,2024-09-03 17:00:00,75,16
104,2024-09-03 18:00:00,0,0
104,2024-09-03 19:00:00,0,0
104,2024-09-03 20:00:00,0,0
104,2024-09-03 21:00:00,0,0
104,2024-09-03 22:00:00,0,0
104,2024-09-03 23:00:00,0,0
105,2024-09-01 00:00:00,59,12
105,2024-09-01 01:00:00,59,12
105,2024-09-01 02:00:00,59,12
105,2024-09-01 03:00:00,59,12
105,2024-09-01 04:00:00,59,12
105,2024-09-01 05:00:00,59,12
105,2024-09-01 06:00:00,59,12
105,2024-09-01 07:00:00,59,12
105,2024-09-01 08:00:00,59,12
105,2024-09-01 09:00:00,59,12
105,2024-09-01 10:00:00,59,12
105,2024-09-01 11:00:00,59,12
105,2024-09-01 12:00:00,59,12
105,2024-09-01 13:00:00,59,12
105,2024-09-01 14:00:00,59,12
105,2024-09-01 15:00:00,59,12
105,2024-09-01 16:00:00,59,12
105,2024-09-01 17:00:00,59,12
105,2024-09-01 18:00:00,59,12
105,2024-09-01 19:00:00,59,12
105,2024-09-01 20:00:00,59,12
105,2024-09-01 21:00:00,59,12
105,2024-09-01 22:00:00,59,12
105,2024-09-01 23:00:00,59,12
105,2024-09-02 00:00:00,59,12
105,2024-09-02 01:00:00,59,12
105,2024-09-02 02:00:00,59,12
105,2024-09-02 03:00:00,59,12
105,2024-09-02 04:00:00,59,12
105,2024-09-02 05:00:00,59,12
105,2024-09-02 06:00:00,60,13
105,2024-09-02 07:00:00,61,14
105,2024-09-02 08:00:00,64,15
105,2024-09-02 09:00:00,67,16
105,2024-09-02 10:00:00,71,16
105,2024-09-02 11:00:00,73,16
105,2024-09-02 12:00:00,75,16
105,2024-09-02 13:00:00,75,16
105,2024-09-02 14:00:00,75,16
105,2024-09-02 15:00:00,75,16
105,2024-09-02 16:00:00,75,16
105,2024-09-02 17:00:00,75,16
105,2024-09-02 18:00:00,75,16
105,2024-09-02 19:00:00,75,16
105,2024-09-02 20:00:00,75,16
105,2024-09-02 21:00:00,75,16
105,2024-09-02 22:00:00,75,16
105,2024-09-02 23:00:00,75,16
105,2024-09-03 00:00:00,75,16
105,2024-09-03 01:00:00,75,16
105,2024-09-03 02:00:00,75,16
105,2024-09-03 03:00:00,75,16
105,2024-09-03 04:00:00,75,16
105,2024-09-03 05:00:00,75,16
105,2024-09-03 06:00:00,75,16
105,2024-09-03 07:00:00,75,16
105,2024-09-03 08:00:00,75,16
105,2024-09-03 09:00:00,75,16
105,2024-09-03 10:00:00,75,16
105,2024-09-03 11:00:00,75,16
105,2024-09-03 12:00:00,75,16
105,2024-09-03 13:00:00,75,16
105,2024-09-03 14:00:00,75,16
105,2024-09-03 15:00:00,75,16
105,2024-09-03 16:00:00,75,16
105,2024-09-03 17:00:00,75,16
105,2024-09-03 18:00:00,0,0
105,2024-09-03 19:00:00,0,0
105,2024-09-03 20:00:00,0,0
105,2024-09-03 21:00:00,0,0
105,2024-09-03 22:00:00,0,0
105,2024-09-03 23:00:00,0,0
106,2024-09-01 00:00:00,55,12
106,2024-09-01 01:00:00,55,12
106,2024-09-01 02:00:00,55,12
106,2024-09-01 03:00:00,55,12
106,2024-09-01 04:00:00,55,12
106,2024-09-01 05:00:00,55,12
106,2024-09-01 06:00:00,55,12
106,2024-09-01 07:00:00,55,12
106,2024-09-01 08:00:00,55,12
106,2024-09-01 09:00:00,55,12
106,2024-09-01 10:00:00,55,12
106,2024-09-01 11:00:00,55,12
106,2024-09-01 12:00:00,55,12
106,2024-09-01 13:00:00,55,12
106,2024-09-01 14:00:00,55,12
106,2024-09-01 15:00:00,55,12
106,2024-09-01 16:00:00,55,12
106,2024-09-01 17:00:00,55,12
106,2024-09-01 18:00:00,55,12
106,2024-09-01 19:00:00,55,12
106,2024-09-01 20:00:00,55,12
106,2024-09-01 21:00:00,55,12
106,2024-09-01 22:00:00,55,12
106,2024-09-01 23:00:00,55,12
106,2024-09-02 00:00:00,55,12
106,2024-09-02 01:00:00,55,12
106,2024-09-02 02:00:00,55,12
106,2024-09-02 03:00:00,55,12
106,2024-09-02 04:00:00,55,12
106,2024-09-02 05:00:00,55,12
106,2024-09-02 06:00:00,56,13
106,2024-09-02 07:00:00,57,14
106,2024-09-02 08:00:00,61,15
106,2024-09-02 09:00:00,64,16
106,2024-09-02 10:00:00,69,16
106,2024-09-02 11:00:00,72,16
106,2024-09-02 12:00:00,74,16
106,2024-09-02 13:00:00,75,16
106,2024-09-02 14:00:00,75,16
106,2024-09-02 15:00:00,75,16
106,2024-09-02 16:00:00,75,16
106,2024-09-02 17:00:00,75,16
106,2024-09-02 18:00:00,75,16
106,2024-09-02 19:00:00,75,16
106,2024-09-02 20:00:00,75,16
106,2024-09-02 21:00:00,75,16
106,2024-09-02 22:00:00,75,16
106,2024-09-02 23:00:00,75,16
106,2024-09-03 00:00:00,75,16
106,2024-09-03 01:00:00,75,16
106,2024-09-03 02:00:00,75,16
106,2024-09-03 03:00:00,75,16
106,2024-09-03 04:00:00,75,16
106,2024-09-03 05:00:00,75,16
106,2024-09-03 06:00:00,75,16
106,2024-09-03 07:00:00,75,16
106,2024-09-03 08:00:00,75,16
106,2024-09-03 09:00:00,75,16
106,2024-09-03 10:00:00,75,16
106,2024-09-03 11:00:00,75,16
106,2024-09-03 12:00:00,75,16
106,2024-09-03 13:00:00,75,16
106,2024-09-03 14:00:00,75,16
106,2024-09-03 15:00:00,75,16
106,2024-09-03 16:00:00,75,16
106,2024-09-03 17:00:00,75,16
106,2024-09-03 18:00:00,0,0
106,2024-09-03 19:00:00,0,0
106,2024-09-03 20:00:00,0,0
106,2024-09-03 21:00:00,0,0
106,2024-09-03 22:00:00,0,0
106,2024-09-03 23:00:00,0,0
107,2024-09-01 00:00:00,56,12
107,2024-09-01 01:00:00,56,12
107,2024-09-01 02:00:00,56,12
107,2024-09-01 03:00:00,56,12
107,2024-09-01 04:00:00,56,12
107,2024-09-01 05:00:00,56,12
107,2024-09-01 06:00:00,56,12
107,2024-09-01 07:00:00,56,12
107,2024-09-01 08:00:00,56,12
107,2024-09-01 09:00:00,56,12
107,2024-09-01 10:00:00,56,12
107,2024-09-01 11:00:00,56,12
107,2024-09-01 12:00:00,56,12
107,2024-09-01 13:00:00,56,12
107,2024-09-01 14:00:00,56,12
107,2024-09-01 15:00:00,56,12
107,2024-09-01 16:00:00,56,12
107,2024-09-01 17:00:00,56,12
107,2024-09-01 18:00:00,56,12
107,2024-09-01 19:00:00,56,12
107,2024-09-01 20:00:00,56,12
107,2024-09-01 21:00:00,56,12
107,2024-09-01 22:00:00,56,12
107,2024-09-01 23:00:00,56,12
107,2024-09-02 00:00:00,56,12
107,2024-09-02 01:00:00,56,12
107,2024-09-02 02:00:00,56,12
107,2024-09-02 03:00:00,56,12
107,2024-09-02 04:00:00,56,12
107,2024-09-02 05:00:00,56,12
107,2024-09-02 06:00:00,57,13
107,2024-09-02 07:00:00,58,14
107,2024-09-02 08:00:00,62,15
107,2024-09-02 09:00:00,65,16
107,2024-09-02 10:00:00,69,16
107,2024-09-02 11:00:00,72,16
107,2024-09-02 12:00:00,75,16
107,2024-09-02 13:00:00,75,16
107,2024-09-02 14:00:00,75,16
107,2024-09-02 15:00:00,75,16
107,2024-09-02 16:00:00,75,16
107,2024-09-02 17:00:00,75,16
107,2024-09-02 18:00:00,75,16
107,2024-09-02 19:00:00,75,16
107,2024-09-02 20:00:00,75,16
107,2024-09-02 21:00:00,75,16
107,2024-09-02 22:00:00,75,16
107,2024-09-02 23:00:00,75,16
107,2024-09-03 00:00:00,75,16
107,2024-09-03 01:00:00,75,16
107,2024-09-03 02:00:00,75,16
107,2024-09-03 03:00:00,75,16
107,2024-09-03 04:00:00,75,16
107,2024-09-03 05:00:00,75,16
107,2024-09-03 06:00:00,75,16
107,2024-09-03 07:00:00,75,16
107,2024-09-03 08:00:00,75,16
107,2024-09-03 09:00:00,75,16
107,2024-09-03 10:00:00,75,16
107,2024-09-03 11:00:00,75,16
107,2024-09-03 12:00:00,75,16
107,2024-09-03 13:00:00,75,16
107,2024-09-03 14:00:00,75,16
107,2024-09-03 15:00:00,75,16
107,2024-09-03 16:00:00,75,16
107,2024-09-03 17:00:00,75,16
107,2024-09-03 18:00:00,0,0
107,2024-09-03 19:00:00,0,0
107,2024-09-03 20:00:00,0,0
107,2024-09-03 21:00:00,0,0
107,2024-09-03 22:00:00,0,0
107,2024-09-03 23:00:00,0,0
108,2024-09-01 00:00:00,55,12
108,2024-09-01 01:00:00,55,12
108,2024-09-01 02:00:00,55,12
108,2024-09-01 03:00:00,55,12
108,2024-09-01 04:00:00,55,12
108,2024-09-01 05:00:00,55,12
108,2024-09-01 06:00:00,55,12
108,2024-09-01 07:00:00,55,12
108,2024-09-01 08:00:00,55,12
108,2024-09-01 09:00:00,55,12
108,2024-09-01 10:00:00,55,12
108,2024-09-01 11:00:00,55,12
108,2024-09-01 12:00:00,55,12
108,2024-09-01 13:00:00,55,12
108,2024-09-01 14:00:00,55,12
108,2024-09-01 15:00:00,55,12
108,2024-09-01 16:00:00,55,12
108,2024-09-01 17:00:00,55,12
108,2024-09-01 18:00:00,55,12
108,2024-09-01 19:00:00,55,12
108,2024-09-01 20:00:00,55,12
108,2024-09-01 21:00:00,55,12
108,2024-09-01 22:00:00,55,12
108,2024-09-01 23:00:00,55,12
108,2024-09-02 00:00:00,55,12
108,2024-09-02 01:00:00,55,12
108,2024-09-02 02:00:00,55,12
108,2024-09-02 03:00:00,55,12
108,2024-09-02 04:00:00,55,12
108,2024-09-02 05:00:00,55,12
108,2024-09-02 06:00:00,56,13
108,2024-09-02 07:00:00,57,14
108,2024-09-02 08:00:00,61,15
108,2024-09-02 09:00:00,64,16
108,2024-09-02 10:00:00,68,16
108,2024-09-02 11:00:00,72,16
108,2024-09-02 12:00:00,75,16
108,2024-09-02 13:00:00,75,16
108,2024-09-02 14:00:00,75,16
108,2024-09-02 15:00:00,75,16
108,2024-09-02 16:00:00,75,16
108,2024-09-02 17:00:00,75,16
108,2024-09-02 18:00:00,75,16
108,2024-09-02 19:00:00,75,16
108,2024-09-02 20:00:00,75,16
108,2024-09-02 21:00:00,75,16
108,2024-09-02 22:00:00,75,16
108,2024-09-02 23:00:00,75,16
108,2024-09-03 00:00:00,75,16
108,2024-09-03 01:00:00,75,16
108,2024-09-03 02:00:00,75,16
108,2024-09-03 03:00:00,75,16
108,2024-09-03 04:00:00,75,16
108,2024-09-03 05:00:00,75,16
108,2024-09-03 06:00:00,75,16
108,2024-09-03 07:00:00,75,16
108,2024-09-03 08:00:00,75,16
108,2024-09-03 09:00:00,75,16
108,2024-09-03 10:00:00,75,16
108,2024-09-03 11:00:00,75,16
108,2024-09-03 12:00:00,75,16
108,2024-09-03 13:00:00,75,16
108,2024-09-03 14:00:00,75,16
108,2024-09-03 15:00:00,75,16
108,2024-09-03 16:00:00,75,16
108,2024-09-03 17:00:00,75,16
108,2024-09-03 18:00:00,0,0
108,2024-09-03 19:00:00,0,0
108,2024-09-03 20:00:00,0,0
108,2024-09-03 21:00:00,0,0
108,2024-09-03 22:00:00,0,0
108,2024-09-03 23:00:00,0,0
109,2024-09-01 00:00:00,57,12
109,2024-09-01 01:00:00,57,12
109,2024-09-01 02:00:00,57,12
109,2024-09-01 03:00:00,57,12
109,2024-09-01 04:00:00,57,12
109,2024-09-01 05:00:00,57,12
109,2024-09-01 06:00:00,57,12
109,2024-09-01 07:00:00,57,12
109,2024-09-01 08:00:00,57,12
109,2024-09-01 09:00:00,57,12
109,2024-09-01 10:00:00,57,12
109,2024-09-01 11:00:00,57,12
109,2024-09-01 12:00:00,57,12
109,2024-09-01 13:00:00,57,12
109,2024-09-01 14:00:00,57,12
109,2024-09-01 15:00:00,57,12
109,2024-09-01 16:00:00,57,12
109,2024-09-01 17:00:00,57,12
109,2024-09-01 18:00:00,57,12
109,2024-09-01 19:00:00,57,12
109,2024-09-01 20:00:00,57,12
109,2024-09-01 21:00:00,57,12
109,2024-09-01 22:00:00,57,12
109,2024-09-01 23:00:00,57,12
109,2024-09-02 00:00:00,57,12
109,2024-09-02 01:00:00,57,12
109,2024-09-02 02:00:00,57,12
109,2024-09-02 03:00:00,57,12
109,2024-09-02 04:00:00,57,12
109,2024-09-02 05:00:00,57,12
109,2024-09-02 06:00:00,58,13
109,2024-09-02 07:00:00,59,14
109,2024-09-02 08:00:00,63,15
109,2024-09-02 09:00:00,66,16
109,2024-09-02 10:00:00,70,16
109,2024-09-02 11:00:00,73,16
109,2024-09-02 12:00:00,74,16
109,2024-09-02 13:00:00,75,16
109,2024-09-02 14:00:00,75,16
109,2024-09-02 15:00:00,75,16
109,2024-09-02 16:00:00,75,16
109,2024-09-02 17:00:00,75,16
109,2024-09-02 18:00:00,75,16
109,2024-09-02 19:00:00,75,16
109,2024-09-02 20:00:00,75,16
109,2024-09-02 21:00:00,75,16
109,2024-09-02 22:00:00,75,16
109,2024-09-02 23:00:00,75,16
109,2024-09-03 00:00:00,75,16
109,2024-09-03 01:00:00,75,16
109,2024-09-03 02:00:00,75,16
109,2024-09-03 03:00:00,75,16
109,2024-09-03 04:00:00,75,16
109,2024-09-03 05:00:00,75,16
109,2024-09-03 06:00:00,75,16
109,2024-09-03 07:00:00,75,16
109,2024-09-03 08:00:00,75,16
109,2024-09-03 09:00:00,75,16
109,2024-09-03 10:00:00,75,16
109,2024-09-03 11:00:00,75,16
109,2024-09-03 12:00:00,75,16
109,2024-09-03 13:00:00,75,16
109,2024-09-03 14:00:00,75,16
109,2024-09-03 15:00:00,75,16
109,2024-09-03 16:00:00,75,16
109,2024-09-03 17:00:00,75,16
109,2024-09-03 18:00:00,0,0
109,2024-09-03 19:00:00,0,0
109,2024-09-03 20:00:00,0,0
109,2024-09-03 21:00:00,0,0
109,2024-09-03 22:00:00,0,0
109,2024-09-03 23:00:00,0,0
110,2024-09-01 00:00:00,56,12
110,2024-09-01 01:00:00,56,12
110,2024-09-01 02:00:00,56,12
110,2024-09-01 03:00:00,56,12
110,2024-09-01 04:00:00,56,12
110,2024-09-01 05:00:00,56,12
110,2024-09-01 06:00:00,56,12
110,2024-09-01 07:00:00,56,12
110,2024-09-01 08:00:00,56,12
110,2024-09-01 09:00:00,56,12
110,2024-09-01 10:00:00,56,12
110,2024-09-01 11:00:00,56,12
110,2024-09-01 12:00:00,56,12
110,2024-09-01 13:00:00,56,12
110,2024-09-01 14:00:00,56,12
110,2024-09-01 15:00:00,56,12
110,2024-09-01 16:00:00,56,12
110,2024-09-01 17:00:00,56,12
110,2024-09-01 18:00:00,56,12
110,2024-09-01 19:00:00,56,12
110,2024-09-01 20:00:00,56,12
110,2024-09-01 21:00:00,56,12
110,2024-09-01 22:00:00,56,12
110,2024-09-01 23:00:00,56,12
110,2024-09-02 00:00:00,56,12
110,2024-09-02 01:00:00,56,12
110,2024-09-02 02:00:00,56,12
110,2024-09-02 03:00:00,56,12
110,2024-09-02 04:00:00,56,12
110,2024-09-02 05:00:00,56,12
110,2024-09-02 06:00:00,57,13
110,2024-09-02 07:00:00,58,14
110,2024-09-02 08:00:00,62,15
110,2024-09-02 09:00:00,65,16
110,2024-09-02 10:00:00,69,16
110,2024-09-02 11:00:00,72,16
110,2024-09-02 12:00:00,75,16
110,2024-09-02 13:00:00,75,16
110,2024-09-02 14:00:00,75,16
110,2024-09-02 15:00:00,75,16
110,2024-09-02 16:00:00,75,16
110,2024-09-02 17:00:00,75,16
110,2024-09-02 18:00:00,75,16
110,2024-09-02 19:00:00,75,16
110,2024-09-02 20:00:00,75,16
110,2024-09-02 21:00:00,75,16
110,2024-09-02 22:00:00,75,16
110,2024-09-02 23:00:00,75,16
110,2024-09-03 00:00:00,75,16
110,2024-09-03 01:00:00,75,16
110,2024-09-03 02:00:00,75,16
110,2024-09-03 03:00:00,75,16
110,2024-09-03 04:00:00,75,16
110,2024-09-03 05:00:00,75,16
110,2024-09-03 06:00:00,75,16
110,2024-09-03 07:00:00,75,16
110,2024-09-03 08:00:00,75,16
110,2024-09-03 09:00:00,75,16
110,2024-09-03 10:00:00,75,16
110,2024-09-03 11:00:00,75,16
110,2024-09-03 12:00:00,75,16
110,2024-09-03 13:00:00,75,16
110,2024-09-03 14:00:00,75,16
110,2024-09-03 15:00:00,75,16
110,2024-09-03 16:00:00,75,16
110,2024-09-03 17:00:00,75,16
110,2024-09-03 18:00:00,0,0
110,2024-09-03 19:00:00,0,0
110,2024-09-03 20:00:00,0,0
110,2024-09-03 21:00:00,0,0
110,2024-09-03 22:00:00,0,0
110,2024-09-03 23:00:00,0,0
111,2024-09-01 00:00:00,57,12
111,2024-09-01 01:00:00,57,12
111,2024-09-01 02:00:00,57,12
111,2024-09-01 03:00:00,57,12
111,2024-09-01 04:00:00,57,12
111,2024-09-01 05:00:00,57,12
111,2024-09-01 06:00:00,57,12
111,2024-09-01 07:00:00,57,12
111,2024-09-01 08:00:00,57,12
111,2024-09-01 09:00:00,57,12
111,2024-09-01 10:00:00,57,12
111,2024-09-01 11:00:00,57,12
111,2024-09-01 12:00:00,57,12
111,2024-09-01 13:00:00,57,12
111,2024-09-01 14:00:00,57,12
111,2024-09-01 15:00:00,57,12
111,2024-09-01 16:00:00,57,12
111,2024-09-01 17:00:00,57,12
111,2024-09-01 18:00:00,57,12
111,2024-09-01 19:00:00,57,12
111,2024-09-01 20:00:00,57,12
111,2024-09-01 21:00:00,57,12
111,2024-09-01 22:00:00,57,12
111,2024-09-01 23:00:00,57,12
111,2024-09-02 00:00:00,57,12
111,2024-09-02 01:00:00,57,12
111,2024-09-02 02:00:00,57,12
111,2024-09-02 03:00:00,57,12
111,2024-09-02 04:00:00,57,12
111,2024-09-02 05:00:00,57,12
111,2024-09-02 06:00:00,58,13
111,2024-09-02 07:00:00,59,14
111,2024-09-02 08:00:00,63,15
111,2024-09-02 09:00:00,66,16
111,2024-09-02 10:00:00,71,16
111,2024-09-02 11:00:00,73,16
111,2024-09-02 12:00:00,74,16
111,2024-09-02 13:00:00,75,16
111,2024-09-02 14:00:00,75,16
111,2024-09-02 15:00:00,75,16
111,2024-09-02 16:00:00,75,16
111,2024-09-02 17:00:00,75,16
111,2024-09-02 18:00:00,75,16
111,2024-09-02 19:00:00,75,16
111,2024-09-02 20:00:00,75,16
111,2024-09-02 21:00:00,75,16
111,2024-09-02 22:00:00,75,16
111,2024-09-02 23:00:00,75,16
111,2024-09-03 00:00:00,75,16
111,2024-09-03 01:00:00,75,16
111,2024-09-03 02:00:00,75,16
111,2024-09-03 03:00:00,75,16
111,2024-09-03 04:00:00,75,16
111,2024-09-03 05:00:00,75,16
111,2024-09-03 06:00:00,75,16
111,2024-09-03 07:00:00,75,16
111,2024-09-03 08:00:00,75,16
111,2024-09-03 09:00:00,75,16
111,2024-09-03 10:00:00,75,16
111,2024-09-03 11:00:00,75,16
111,2024-09-03 12:00:00,75,16
111,2024-09-03 13:00:00,75,16
111,2024-09-03 14:00:00,75,16
111,2024-09-03 15:00:00,75,16
111,2024-09-03 16:00:00,75,16
111,2024-09-03 17:00:00,75,16
111,2024-09-03 18:00:00,0,0
111,2024-09-03 19:00:00,0,0
111,2024-09-03 20:00:00,0,0
111,2024-09-03 21:00:00,0,0
111,2024-09-03 22:00:00,0,0
111,2024-09-03 23:00:00,0,0
112,2024-09-01 00:00:00,57,12
112,2024-09-01 01:00:00,57,12
112,2024-09-01 02:00:00,57,12
112,2024-09-01 03:00:00,57,12
112,2024-09-01 04:00:00,57,12
112,2024-09-01 05:00:00,57,12
112,2024-09-01 06:00:00,57,12
112,2024-09-01 07:00:00,57,12
112,2024-09-01 08:00:00,57,12
112,2024-09-01 09:00:00,57,12
112,2024-09-01 10:00:00,57,12
112,2024-09-01 11:00:00,57,12
112,2024-09-01 12:00:00,57,12
112,2024-09-01 13:00:00,57,12
112,2024-09-01 14:00:00,57,12
112,2024-09-01 15:00:00,57,12
112,2024-09-01 16:00:00,57,12
112,2024-09-01 17:00:00,57,12
112,2024-09-01 18:00:00,57,12
112,2024-09-01 19:00:00,57,12
112,2024-09-01 20:00:00,57,12
112,2024-09-01 21:00:00,57,12
112,2024-09-01 22:00:00,57,12
112,2024-09-01 23:00:00,57,12
112,2024-09-02 00:00:00,57,12
112,2024-09-02 01:00:00,57,12
112,2024-09-02 02:00:00,57,12
112,2024-09-02 03:00:00,57,12
112,2024-09-02 04:00:00,57,12
112,2024-09-02 05:00:00,57,12
112,2024-09-02 06:00:00,58,13
112,2024-09-02 07:00:00,59,14
112,2024-09-02 08:00:00,62,15
112,2024-09-02 09:00:00,65,16
112,2024-09-02 10:00:00,69,16
112,2024-09-02 11:00:00,72,16
112,2024-09-02 12:00:00,74,16
112,2024-09-02 13:00:00,75,16
112,2024-09-02 14:00:00,75,16
112,2024-09-02 15:00:00,75,16
112,2024-09-02 16:00:00,75,16
112,2024-09-02 17:00:00,75,16
112,2024-09-02 18:00:00,75,16
112,2024-09-02 19:00:00,75,16
112,2024-09-02 20:00:00,75,16
112,2024-09-02 21:00:00,75,16
112,2024-09-02 22:00:00,75,16
112,2024-09-02 23:00:00,75,16
112,2024-09-03 00:00:00,75,16
112,2024-09-03 01:00:00,75,16
112,2024-09-03 02:00:00,75,16
112,2024-09-03 03:00:00,75,16
112,2024-09-03 04:00:00,75,16
112,2024-09-03 05:00:00,75,16
112,2024-09-03 06:00:00,75,16
112,2024-09-03 07:00:00,75,16
112,2024-09-03 08:00:00,75,16
112,2024-09-03 09:00:00,75,16
112,2024-09-03 10:00:00,75,16
112,2024-09-03 11:00:00,75,16
112,2024-09-03 12:00:00,75,16
112,2024-09-03 13:00:00,75,16
112,2024-09-03 14:00:00,75,16
112,2024-09-03 15:00:00,75,16
112,2024-09-03 16:00:00,75,16
112,2024-09-03 17:00:00,75,16
112,2024-09-03 18:00:00,0,0
112,2024-09-03 19:00:00,0,0
112,2024-09-03 20:00:00,0,0
112,2024-09-03 21:00:00,0,0
112,2024-09-03 22:00:00,0,0
112,2024-09-03 23:00:00,0,0
113,2024-09-01 00:00:00,55,12
113,2024-09-01 01:00:00,55,12
113,2024-09-01 02:00:00,55,12
113,2024-09-01 03:00:00,55,12
113,2024-09-01 04:00:00,55,12
113,2024-09-01 05:00:00,55,12
113,2024-09-01 06:00:00,55,12
113,2024-09-01 07:00:00,55,12
113,2024-09-01 08:00:00,55,12
113,2024-09-01 09:00:00,55,12
113,2024-09-01 10:00:00,55,12
113,2024-09-01 11:00:00,55,12
113,2024-09-01 12:00:00,55,12
113,2024-09-01 13:00:00,55,12
113,2024-09-01 14:00:00,55,12
113,2024-09-01 15:00:00,55,12
113,2024-09-01 16:00:00,55,12
113,2024-09-01 17:00:00,55,12
113,2024-09-01 18:00:00,55,12
113,2024-09-01 19:00:00,55,12
113,2024-09-01 20:00:00,55,12
113,2024-09-01 21:00:00,55,12
113,2024-09-01 22:00:00,55,12
113,2024-09-01 23:00:00,55,12
113,2024-09-02 00:00:00,55,12
113,2024-09-02 01:00:00,55,12
113,2024-09-02 02:00:00,55,12
113,2024-09-02 03:00:00,55,12
113,2024-09-02 04:00:00,55,12
113,2024-09-02 05:00:00,55,12
113,2024-09-02 06:00:00,56,13
113,2024-09-02 07:00:00,57,14
113,2024-09-02 08:00:00,61,15
113,2024-09-02 09:00:00,64,16
113,2024-09-02 10:00:00,68,16
113,2024-09-02 11:00:00,72,16
113,2024-09-02 12:00:00,74,16
113,2024-09-02 13:00:00,75,16
113,2024-09-02 14:00:00,75,16
113,2024-09-02 15:00:00,75,16
113,2024-09-02 16:00:00,75,16
113,2024-09-02 17:00:00,75,16
113,2024-09-02 18:00:00,75,16
113,2024-09-02 19:00:00,75,16
113,2024-09-02 20:00:00,75,16
113,2024-09-02 21:00:00,75,16
113,2024-09-02 22:00:00,75,16
113,2024-09-02 23:00:00,75,16
113,2024-09-03 00:00:00,75,16
113,2024-09-03 01:00:00,75,16
113,2024-09-03 02:00:00,75,16
113,2024-09-03 03:00:00,75,16
113,2024-09-03 04:00:00,75,16
113,2024-09-03 05:00:00,75,16
113,2024-09-03 06:00:00,75,16
113,2024-09-03 07:00:00,75,16
113,2024-09-03 08:00:00,75,16
113,2024-09-03 09:00:00,75,16
113,2024-09-03 10:00:00,75,16
113,2024-09-03 11:00:00,75,16
113,2024-09-03 12:00:00,75,16
113,2024-09-03 13:00:00,75,16
113,2024-09-03 14:00:00,75,16
113,2024-09-03 15:00:00,75,16
113,2024-09-03 16:00:00,75,16
113,2024-09-03 17:00:00,75,16
113,2024-09-03 18:00:00,0,0
113,2024-09-03 19:00:00,0,0
113,2024-09-03 20:00:00,0,0
113,2024-09-03 21:00:00,0,0
113,2024-09-03 22:00:00,0,0
113,2024-09-03 23:00:00,0,0
114,2024-09-01 00:00:00,55,12
114,2024-09-01 01:00:00,55,12
114,2024-09-01 02:00:00,55,12
114,2024-09-01 03:00:00,55,12
114,2024-09-01 04:00:00,55,12
114,2024-09-01 05:00:00,55,12
114,2024-09-01 06:00:00,55,12
114,2024-09-01 07:00:00,55,12
114,2024-09-01 08:00:00,55,12
114,2024-09-01 09:00:00,55,12
114,2024-09-01 10:00:00,55,12
114,2024-09-01 11:00:00,55,12
114,2024-09-01 12:00:00,55,12
114,2024-09-01 13:00:00,55,12
114,2024-09-01 14:00:00,55,12
114,2024-09-01 15:00:00,55,12
114,2024-09-01 16:00:00,55,12
114,2024-09-01 17:00:00,55,12
114,2024-09-01 18:00:00,55,12
114,2024-09-01 19:00:00,55,12
114,2024-09-01 20:00:00,55,12
114,2024-09-01 21:00:00,55,12
114,2024-09-01 22:00:00,55,12
114,2024-09-01 23:00:00,55,12
114,2024-09-02 00:00:00,55,12
114,2024-09-02 01:00:00,55,12
114,2024-09-02 02:00:00,55,12
114,2024-09-02 03:00:00,55,12
114,2024-09-02 04:00:00,55,12
114,2024-09-02 05:00:00,55,12
114,2024-09-02 06:00:00,56,13
114,2024-09-02 07:00:00,57,14
114,2024-09-02 08:00:00,61,15
114,2024-09-02 09:00:00,64,16
114,2024-09-02 10:00:00,69,16
114,2024-09-02 11:00:00,72,16
114,2024-09-02 12:00:00,74,16
114,2024-09-02 13:00:00,75,16
114,2024-09-02 14:00:00,75,16
114,2024-09-02 15:00:00,75,16
114,2024-09-02 16:00:00,75,16
114,2024-09-02 17:00:00,75,16
114,2024-09-02 18:00:00,75,16
114,2024-09-02 19:00:00,75,16
114,2024-09-02 20:00:00,75,16
114,2024-09-02 21:00:00,75,16
114,2024-09-02 22:00:00,75,16
114,2024-09-02 23:00:00,75,16
114,2024-09-03 00:00:00,75,16
114,2024-09-03 01:00:00,75,16
114,2024-09-03 02:00:00,75,16
114,2024-09-03 03:00:00,75,16
114,2024-09-03 04:00:00,75,16
114,2024-09-03 05:00:00,75,16
114,2024-09-03 06:00:00,75,16
114,2024-09-03 07:00:00,75,16
114,2024-09-03 08:00:00,75,16
114,2024-09-03 09:00:00,75,16
114,2024-09-03 10:00:00,75,16
114,2024-09-03 11:00:00,75,16
114,2024-09-03 12:00:00,75,16
114,2024-09-03 13:00:00,75,16
114,2024-09-03 14:00:00,75,16
114,2024-09-03 15:00:00,75,16
114,2024-09-03 16:00:00,75,16
114,2024-09-03 17:00:00,75,16
114,2024-09-03 18:00:00,0,0
114,2024-09-03 19:00:00,0,0
114,2024-09-03 20:00:00,0,0
114,2024-09-03 21:00:00,0,0
114,2024-09-03 22:00:00,0,0
114,2024-09-03 23:00:00,0,0
115,2024-09-01 00:00:00,56,12
115,2024-09-01 01:00:00,57,12
115,2024-09-01 02:00:00,57,12
115,2024-09-01 03:00:00,57,12
115,2024-09-01 04:00:00,57,12
115,2024-09-01 05:00:00,57,12
115,2024-09-01 06:00:00,57,12
115,2024-09-01 07:00:00,57,12
115,2024-09-01 08:00:00,57,12
115,2024-09-01 09:00:00,57,12
115,2024-09-01 10:00:00,57,12
115,2024-09-01 11:00:00,57,12
115,2024-09-01 12:00:00,57,12
115,2024-09-01 13:00:00,57,12
115,2024-09-01 14:00:00,57,12
115,2024-09-01 15:00:00,57,12
115,2024-09-01 16:00:00,57,12
115,2024-09-01 17:00:00,57,12
115,2024-09-01 18:00:00,57,12
115,2024-09-01 19:00:00,57,12
115,2024-09-01 20:00:00,57,12
115,2024-09-01 21:00:00,57,12
115,2024-09-01 22:00:00,57,12
115,2024-09-01 23:00:00,57,12
115,2024-09-02 00:00:00,57,12
115,2024-09-02 01:00:00,57,12
115,2024-09-02 02:00:00,57,12
115,2024-09-02 03:00:00,57,12
115,2024-09-02 04:00:00,57,12
115,2024-09-02 05:00:00,57,12
115,2024-09-02 06:00:00,58,13
115,2024-09-02 07:00:00,59,14
115,2024-09-02 08:00:00,63,15
115,2024-09-02 09:00:00,66,16
115,2024-09-02 10:00:00,70,16
115,2024-09-02 11:00:00,73,16
115,2024-09-02 12:00:00,75,16
115,2024-09-02 13:00:00,75,16
115,2024-09-02 14:00:00,75,16
115,2024-09-02 15:00:00,75,16
115,2024-09-02 16:00:00,75,16
115,2024-09-02 17:00:00,75,16
115,2024-09-02 18:00:00,75,16
115,2024-09-02 19:00:00,75,16
115,2024-09-02 20:00:00,75,16
115,2024-09-02 21:00:00,75,16
115,2024-09-02 22:00:00,75,16
115,2024-09-02 23:00:00,75,16
115,2024-09-03 00:00:00,75,16
115,2024-09-03 01:00:00,75,16
115,2024-09-03 02:00:00,75,16
115,2024-09-03 03:00:00,75,16
115,2024-09-03 04:00:00,75,16
115,2024-09-03 05:00:00,75,16
115,2024-09-03 06:00:00,75,16
115,2024-09-03 07:00:00,75,16
115,2024-09-03 08:00:00,75,16
115,2024-09-03 09:00:00,75,16
115,2024-09-03 10:00:00,75,16
115,2024-09-03 11:00:00,75,16
115,2024-09-03 12:00:00,75,16
115,2024-09-03 13:00:00,75,16
115,2024-09-03 14:00:00,75,16
115,2024-09-03 15:00:00,75,16
115,2024-09-03 16:00:00,75,16
115,2024-09-03 17:00:00,75,16
115,2024-09-03 18:00:00,0,0
115,2024-09-03 19:00:00,0,0
115,2024-09-03 20:00:00,0,0
115,2024-09-03 21:00:00,0,0
115,2024-09-03 22:00:00,0,0
115,2024-09-03 23:00:00,0,0
116,2024-09-01 00:00:00,55,12
116,2024-09-01 01:00:00,55,12
116,2024-09-01 02:00:00,55,12
116,2024-09-01 03:00:00,55,12
116,2024-09-01 04:00:00,55,12
116,2024-09-01 05:00:00,55,12
116,2024-09-01 06:00:00,55,12
116,2024-09-01 07:00:00,55,12
116,2024-09-01 08:00:00,55,12
116,2024-09-01 09:00:00,55,12
116,2024-09-01 10:00:00,55,12
116,2024-09-01 11:00:00,55,12
116,2024-09-01 12:00:00,55,12
116,2024-09-01 13:00:00,55,12
116,2024-09-01 14:00:00,55,12
116,2024-09-01 15:00:00,55,12
116,2024-09-01 16:00:00,55,12
116,2024-09-01 17:00:00,55,12
116,2024-09-01 18:00:00,55,12
116,2024-09-01 19:00:00,55,12
116,2024-09-01 20:00:00,55,12
116,2024-09-01 21:00:00,55,12
116,2024-09-01 22:00:00,55,12
116,2024-09-01 23:00:00,55,12
116,2024-09-02 00:00:00,55,12
116,2024-09-02 01:00:00,55,12
116,2024-09-02 02:00:00,55,12
116,2024-09-02 03:00:00,55,12
116,2024-09-02 04:00:00,55,12
116,2024-09-02 05:00:00,55,12
116,2024-09-02 06:00:00,56,13
116,2024-09-02 07:00:00,57,14
116,2024-09-02 08:00:00,61,15
116,2024-09-02 09:00:00,64,16
116,2024-09-02 10:00:00,68,16
116,2024-09-02 11:00:00,72,16
116,2024-09-02 12:00:00,75,16
116,2024-09-02 13:00:00,75,16
116,2024-09-02 14:00:00,75,16
116,2024-09-02 15:00:00,75,16
116,2024-09-02 16:00:00,75,16
116,2024-09-02 17:00:00,75,16
116,2024-09-02 18:00:00,75,16
116,2024-09-02 19:00:00,75,16
116,2024-09-02 20:00:00,75,16
116,2024-09-02 21:00:00,75,16
116,2024-09-02 22:00:00,75,16
116,2024-09-02 23:00:00,75,16
116,2024-09-03 00:00:00,75,16
116,2024-09-03 01:00:00,75,16
116,2024-09-03 02:00:00,75,16
116,2024-09-03 03:00:00,75,16
116,2024-09-03 04:00:00,75,16
116,2024-09-03 05:00:00,75,16
116,2024-09-03 06:00:00,75,16
116,2024-09-03 07:00:00,75,16
116,2024-09-03 08:00:00,75,16
116,2024-09-03 09:00:00,75,16
116,2024-09-03 10:00:00,75,16
116,2024-09-03 11:00:00,75,16
116,2024-09-03 12:00:00,75,16
116,2024-09-03 13:00:00,75,16
116,2024-09-03 14:00:00,75,16
116,2024-09-03 15:00:00,75,16
116,2024-09-03 16:00:00,75,16
116,2024-09-03 17:00:00,75,16
116,2024-09-03 18:00:00,0,0
116,2024-09-03 19:00:00,0,0
116,2024-09-03 20:00:00,0,0
116,2024-09-03 21:00:00,0,0
116,2024-09-03 22:00:00,0,0
116,2024-09-03 23:00:00,0,0
117,2024-09-01 00:00:00,57,12
117,2024-09-01 01:00:00,57,12
117,2024-09-01 02:00:00,57,12
117,2024-09-01 03:00:00,57,12
117,2024-09-01 04:00:00,57,12
117,2024-09-01 05:00:00,57,12
117,2024-09-01 06:00:00,57,12
117,2024-09-01 07:00:00,57,12
117,2024-09-01 08:00:00,57,12
117,2024-09-01 09:00:00,57,12
117,2024-09-01 10:00:00,57,12
117,2024-09-01 11:00:00,57,12
117,2024-09-01 12:00:00,57,12
117,2024-09-01 13:00:00,57,12
117,2024-09-01 14:00:00,57,12
117,2024-09-01 15:00:00,57,12
117,2024-09-01 16:00:00,57,12
117,2024-09-01 17:00:00,57,12
117,2024-09-01 18:00:00,57,12
117,2024-09-01 19:00:00,57,12
117,2024-09-01 20:00:00,57,12
117,2024-09-01 21:00:00,57,12
117,2024-09-01 22:00:00,57,12
117,2024-09-01 23:00:00,57,12
117,2024-09-02 00:00:00,57,12
117,2024-09-02 01:00:00,57,12
117,2024-09-02 02:00:00,57,12
117,2024-09-02 03:00:00,57,12
117,2024-09-02 04:00:00,57,12
117,2024-09-02 05:00:00,57,12
117,2024-09-02 06:00:00,58,13
117,2024-09-02 07:00:00,59,14
117,2024-09-02 08:00:00,63,15
117,2024-09-02 09:00:00,66,16
117,2024-09-02 10:00:00,70,16
117,2024-09-02 11:00:00,73,16
117,2024-09-02 12:00:00,74,16
117,2024-09-02 13:00:00,75,16
117,2024-09-02 14:00:00,75,16
117,2024-09-02 15:00:00,75,16
117,2024-09-02 16:00:00,75,16
117,2024-09-02 17:00:00,75,16
117,2024-09-02 18:00:00,75,16
117,2024-09-02 19:00:00,75,16
117,2024-09-02 20:00:00,75,16
117,2024-09-02 21:00:00,75,16
117,2024-09-02 22:00:00,75,16
117,2024-09-02 23:00:00,75,16
117,2024-09-03 00:00:00,75,16
117,2024-09-03 01:00:00,75,16
117,2024-09-03 02:00:00,75,16
117,2024-09-03 03:00:00,75,16
117,2024-09-03 04:00:00,75,16
117,2024-09-03 05:00:00,75,16
117,2024-09-03 06:00:00,75,16
117,2024-09-03 07:00:00,75,16
117,2024-09-03 08:00:00,75,16
117,2024-09-03 09:00:00,75,16
117,2024-09-03 10:00:00,75,16
117,2024-09-03 11:00:00,75,16
117,2024-09-03 12:00:00,75,16
117,2024-09-03 13:00:00,75,16
117,2024-09-03 14:00:00,75,16
117,2024-09-03 15:00:00,75,16
117,2024-09-03 16:00:00,75,16
117,2024-09-03 17:00:00,75,16
117,2024-09-03 18:00:00,0,0
117,2024-09-03 19:00:00,0,0
117,2024-09-03 20:00:00,0,0
117,2024-09-03 21:00:00,0,0
117,2024-09-03 22:00:00,0,0
117,2024-09-03 23:00:00,0,0
118,2024-09-01 00:00:00,55,12
118,2024-09-01 01:00:00,55,12
118,2024-09-01 02:00:00,55,12
118,2024-09-01 03:00:00,55,12
118,2024-09-01 04:00:00,55,12
118,2024-09-01 05:00:00,55,12
118,2024-09-01 06:00:00,55,12
118,2024-09-01 07:00:00,55,12
118,2024-09-01 08:00:00,55,12
118,2024-09-01 09:00:00,55,12
118,2024-09-01 10:00:00,55,12
118,2024-09-01 11:00:00,55,12
118,2024-09-01 12:00:00,55,12
118,2024-09-01 13:00:00,55,12
118,2024-09-01 14:00:00,55,12
118,2024-09-01 15:00:00,55,12
118,2024-09-01 16:00:00,55,12
118,2024-09-01 17:00:00,55,12
118,2024-09-01 18:00:00,55,12
118,2024-09-01 19:00:00,55,12
118,2024-09-01 20:00:00,55,12
118,2024-09-01 21:00:00,55,12
118,2024-09-01 22:00:00,55,12
118,2024-09-01 23:00:00,55,12
118,2024-09-02 00:00:00,55,12
118,2024-09-02 01:00:00,55,12
118,2024-09-02 02:00:00,55,12
118,2024-09-02 03:00:00,55,12
118,2024-09-02 04:00:00,55,12
118,2024-09-02 05:00:00,55,12
118,2024-09-02 06:00:00,56,13
118,2024-09-02 07:00:00,57,14
118,2024-09-02 08:00:00,61,15
118,2024-09-02 09:00:00,64,16
118,2024-09-02 10:00:00,68,16
118,2024-09-02 11:00:00,72,16
118,2024-09-02 12:00:00,75,16
118,2024-09-02 13:00:00,75,16
118,2024-09-02 14:00:00,75,16
118,2024-09-02 15:00:00,75,16
118,2024-09-02 16:00:00,75,16
118,2024-09-02 17:00:00,75,16
118,2024-09-02 18:00:00,75,16
118,2024-09-02 19:00:00,75,16
118,2024-09-02 20:00:00,75,16
118,2024-09-02 21:00:00,75,16
118,2024-09-02 22:00:00,75,16
118,2024-09-02 23:00:00,75,16
118,2024-09-03 00:00:00,75,16
118,2024-09-03 01:00:00,75,16
118,2024-09-03 02:00:00,75,16
118,2024-09-03 03:00:00,75,16
118,2024-09-03 04:00:00,75,16
118,2024-09-03 05:00:00,75,16
118,2024-09-03 06:00:00,75,16
118,2024-09-03 07:00:00,75,16
118,2024-09-03 08:00:00,75,16
118,2024-09-03 09:00:00,75,16
118,2024-09-03 10:00:00,75,16
118,2024-09-03 11:00:00,75,16
118,2024-09-03 12:00:00,75,16
118,2024-09-03 13:00:00,75,16
118,2024-09-03 14:00:00,75,16
118,2024-09-03 15:00:00,75,16
118,2024-09-03 16:00:00,75,16
118,2024-09-03 17:00:00,75,16
118,2024-09-03 18:00:00,0,0
118,2024-09-03 19:00:00,0,0
118,2024-09-03 20:00:00,0,0
118,2024-09-03 21:00:00,0,0
118,2024-09-03 22:00:00,0,0
118,2024-09-03 23:00:00,0,0
119,2024-09-01 00:00:00,57,12
119,2024-09-01 01:00:00,57,12
119,2024-09-01 02:00:00,57,12
119,2024-09-01 03:00:00,57,12
119,2024-09-01 04:00:00,57,12
119,2024-09-01 05:00:00,57,12
119,2024-09-01 06:00:00,57,12
119,2024-09-01 07:00:00,57,12
119,2024-09-01 08:00:00,57,12
119,2024-09-01 09:00:00,57,12
119,2024-09-01 10:00:00,57,12
119,2024-09-01 11:00:00,57,12
119,2024-09-01 12:00:00,57,12
119,2024-09-01 13:00:00,57,12
119,2024-09-01 14:00:00,57,12
119,2024-09-01 15:00:00,57,12
119,2024-09-01 16:00:00,57,12
119,2024-09-01 17:00:00,57,12
119,2024-09-01 18:00:00,57,12
119,2024-09-01 19:00:00,57,12
119,2024-09-01 20:00:00,57,12
119,2024-09-01 21:00:00,57,12
119,2024-09-01 22:00:00,57,12
119,2024-09-01 23:00:00,57,12
119,2024-09-02 00:00:00,57,12
119,2024-09-02 01:00:00,57,12
119,2024-09-02 02:00:00,57,12
119,2024-09-02 03:00:00,57,12
119,2024-09-02 04:00:00,57,12
119,2024-09-02 05:00:00,57,12
119,2024-09-02 06:00:00,58,13
119,2024-09-02 07:00:00,59,14
119,2024-09-02 08:00:00,63,15
119,2024-09-02 09:00:00,66,16
119,2024-09-02 10:00:00,70,16
119,2024-09-02 11:00:00,73,16
119,2024-09-02 12:00:00,75,16
119,2024-09-02 13:00:00,75,16
119,2024-09-02 14:00:00,75,16
119,2024-09-02 15:00:00,75,16
119,2024-09-02 16:00:00,75,16
119,2024-09-02 17:00:00,75,16
119,2024-09-02 18:00:00,75,16
119,2024-09-02 19:00:00,75,16
119,2024-09-02 20:00:00,75,16
119,2024-09-02 21:00:00,75,16
119,2024-09-02 22:00:00,75,16
119,2024-09-02 23:00:00,75,16
119,2024-09-03 00:00:00,75,16
119,2024-09-03 01:00:00,75,16
119,2024-09-03 02:00:00,75,16
119,2024-09-03 03:00:00,75,16
119,2024-09-03 04:00:00,75,16
119,2024-09-03 05:00:00,75,16
119,2024-09-03 06:00:00,75,16
119,2024-09-03 07:00:00,75,16
119,2024-09-03 08:00:00,75,16
119,2024-09-03 09:00:00,75,16
119,2024-09-03 10:00:00,75,16
119,2024-09-03 11:00:00,75,16
119,2024-09-03 12:00:00,75,16
119,2024-09-03 13:00:00,75,16
119,2024-09-03 14:00:00,75,16
119,2024-09-03 15:00:00,75,16
119,2024-09-03 16:00:00,75,16
119,2024-09-03 17:00:00,75,16
119,2024-09-03 18:00:00,0,0
119,2024-09-03 19:00:00,0,0
119,2024-09-03 20:00:00,0,0
119,2024-09-03 21:00:00,0,0
119,2024-09-03 22:00:00,0,0
119,2024-09-03 23:00:00,0,0
120,2024-09-01 00:00:00,57,12
120,2024-09-01 01:00:00,57,12
120,2024-09-01 02:00:00,57,12
120,2024-09-01 03:00:00,57,12
120,2024-09-01 04:00:00,57,12
120,2024-09-01 05:00:00,57,12
120,2024-09-01 06:00:00,57,12
120,2024-09-01 07:00:00,57,12
120,2024-09-01 08:00:00,57,12
120,2024-09-01 09:00:00,57,12
120,2024-09-01 10:00:00,57,12
120,2024-09-01 11:00:00,57,12
120,2024-09-01 12:00:00,57,12
120,2024-09-01 13:00:00,57,12
120,2024-09-01 14:00:00,57,12
120,2024-09-01 15:00:00,57,12
120,2024-09-01 16:00:00,57,12
120,2024-09-01 17:00:00,57,12
120,2024-09-01 18:00:00,57,12
120,2024-09-01 19:00:00,57,12
120,2024-09-01 20:00:00,57,12
120,2024-09-01 21:00:00,57,12
120,2024-09-01 22:00:00,57,12
120,2024-09-01 23:00:00,57,12
120,2024-09-02 00:00:00,57,12
120,2024-09-02 01:00:00,57,12
120,2024-09-02 02:00:00,57,12
120,2024-09-02 03:00:00,57,12
120,2024-09-02 04:00:00,57,12
120,2024-09-02 05:00:00,57,12
120,2024-09-02 06:00:00,58,13
120,2024-09-02 07:00:00,59,14
120,2024-09-02 08:00:00,63,15
120,2024-09-02 09:00:00,66,16
120,2024-09-02 10:00:00,70,16
120,2024-09-02 11:00:00,73,16
120,2024-09-02 12:00:00,74,16
120,2024-09-02 13:00:00,75,16
120,2024-09-02 14:00:00,75,16
120,2024-09-02 15:00:00,75,16
120,2024-09-02 16:00:00,75,16
120,2024-09-02 17:00:00,75,16
120,2024-09-02 18:00:00,75,16
120,2024-09-02 19:00:00,75,16
120,2024-09-02 20:00:00,75,16
120,2024-09-02 21:00:00,75,16
120,2024-09-02 22:00:00,75,16
120,2024-09-02 23:00:00,75,16
120,2024-09-03 00:00:00,75,16
120,2024-09-03 01:00:00,75,16
120,2024-09-03 02:00:00,75,16
120,2024-09-03 03:00:00,75,16
120,2024-09-03 04:00:00,75,16
120,2024-09-03 05:00:00,75,16
120,2024-09-03 06:00:00,75,16
120,2024-09-03 07:00:00,75,16
120,2024-09-03 08:00:00,75,16
120,2024-09-03 09:00:00,75,16
120,2024-09-03 10:00:00,75,16
120,2024-09-03 11:00:00,75,16
120,2024-09-03 12:00:00,75,16
120,2024-09-03 13:00:00,75,16
120,2024-09-03 14:00:00,75,16
120,2024-09-03 15:00:00,75,16
120,2024-09-03 16:00:00,75,16
120,2024-09-03 17:00:00,75,16
120,2024-09-03 18:00:00,0,0
120,2024-09-03 19:00:00,0,0
120,2024-09-03 20:00:00,0,0
120,2024-09-03 21:00:00,0,0
120,2024-09-03 22:00:00,0,0
120,2024-09-03 23:00:00,0,0
121,2024-09-01 00:00:00,56,12
121,2024-09-01 01:00:00,56,12
121,2024-09-01 02:00:00,56,12
121,2024-09-01 03:00:00,56,12
121,2024-09-01 04:00:00,56,12
121,2024-09-01 05:00:00,56,12
121,2024-09-01 06:00:00,56,12
121,2024-09-01 07:00:00,56,12
121,2024-09-01 08:00:00,56,12
121,2024-09-01 09:00:00,56,12
121,2024-09-01 10:00:00,56,12
121,2024-09-01 11:00:00,56,12
121,2024-09-01 12:00:00,56,12
121,2024-09-01 13:00:00,56,12
121,2024-09-01 14:00:00,56,12
121,2024-09-01 15:00:00,56,12
121,2024-09-01 16:00:00,56,12
121,2024-09-01 17:00:00,56,12
121,2024-09-01 18:00:00,56,12
121,2024-09-01 19:00:00,56,12
121,2024-09-01 20:00:00,56,12
121,2024-09-01 21:00:00,56,12
121,2024-09-01 22:00:00,56,12
121,2024-09-01 23:00:00,56,12
121,2024-09-02 00:00:00,56,12
121,2024-09-02 01:00:00,56,12
121,2024-09-02 02:00:00,56,12
121,2024-09-02 03:00:00,56,12
121,2024-09-02 04:00:00,56,12
121,2024-09-02 05:00:00,56,12
121,2024-09-02 06:00:00,57,13
121,2024-09-02 07:00:00,58,14
121,2024-09-02 08:00:00,62,15
121,2024-09-02 09:00:00,65,16
121,2024-09-02 10:00:00,69,16
121,2024-09-02 11:00:00,72,16
121,2024-09-02 12:00:00,75,16
121,2024-09-02 13:00:00,75,16
121,2024-09-02 14:00:00,75,16
121,2024-09-02 15:00:00,75,16
121,2024-09-02 16:00:00,75,16
121,2024-09-02 17:00:00,75,16
121,2024-09-02 18:00:00,75,16
121,2024-09-02 19:00:00,75,16
121,2024-09-02 20:00:00,75,16
121,2024-09-02 21:00:00,75,16
121,2024-09-02 22:00:00,75,16
121,2024-09-02 23:00:00,75,16
121,2024-09-03 00:00:00,75,16
121,2024-09-03 01:00:00,75,16
121,2024-09-03 02:00:00,75,16
121,2024-09-03 03:00:00,75,16
121,2024-09-03 04:00:00,75,16
121,2024-09-03 05:00:00,75,16
121,2024-09-03 06:00:00,75,16
121,2024-09-03 07:00:00,75,16
121,2024-09-03 08:00:00,75,16
121,2024-09-03 09:00:00,75,16
121,2024-09-03 10:00:00,75,16
121,2024-09-03 11:00:00,75,16
121,2024-09-03 12:00:00,75,16
121,2024-09-03 13:00:00,75,16
121,2024-09-03 14:00:00,75,16
121,2024-09-03 15:00:00,75,16
121,2024-09-03 16:00:00,75,16
121,2024-09-03 17:00:00,75,16
121,2024-09-03 18:00:00,0,0
121,2024-09-03 19:00:00,0,0
121,2024-09-03 20:00:00,0,0
121,2024-09-03 21:00:00,0,0
121,2024-09-03 22:00:00,0,0
121,2024-09-03 23:00:00,0,0
122,2024-09-01 00:00:00,57,12
122,2024-09-01 01:00:00,57,12
122,2024-09-01 02:00:00,57,12
122,2024-09-01 03:00:00,57,12
122,2024-09-01 04:00:00,57,12
122,2024-09-01 05:00:00,57,12
122,2024-09-01 06:00:00,57,12
122,2024-09-01 07:00:00,57,12
122,2024-09-01 08:00:00,57,12
122,2024-09-01 09:00:00,57,12
122,2024-09-01 10:00:00,57,12
122,2024-09-01 11:00:00,57,12
122,2024-09-01 12:00:00,57,12
122,2024-09-01 13:00:00,57,12
122,2024-09-01 14:00:00,57,12
122,2024-09-01 15:00:00,57,12
122,2024-09-01 16:00:00,57,12
122,2024-09-01 17:00:00,57,12
122,2024-09-01 18:00:00,57,12
122,2024-09-01 19:00:00,57,12
122,2024-09-01 20:00:00,57,12
122,2024-09-01 21:00:00,57,12
122,2024-09-01 22:00:00,57,12
122,2024-09-01 23:00:00,57,12
122,2024-09-02 00:00:00,57,12
122,2024-09-02 01:00:00,57,12
122,2024-09-02 02:00:00,57,12
122,2024-09-02 03:00:00,57,12
122,2024-09-02 04:00:00,57,12
122,2024-09-02 05:00:00,57,12
122,2024-09-02 06:00:00,58,13
122,2024-09-02 07:00:00,59,14
122,2024-09-02 08:00:00,63,15
122,2024-09-02 09:00:00,66,16
122,2024-09-02 10:00:00,70,16
122,2024-09-02 11:00:00,73,16
122,2024-09-02 12:00:00,74,16
122,2024-09-02 13:00:00,75,16
122,2024-09-02 14:00:00,75,16
122,2024-09-02 15:00:00,75,16
122,2024-09-02 16:00:00,75,16
122,2024-09-02 17:00:00,75,16
122,2024-09-02 18:00:00,75,16
122,2024-09-02 19:00:00,75,16
122,2024-09-02 20:00:00,75,16
122,2024-09-02 21:00:00,75,16
122,2024-09-02 22:00:00,75,16
122,2024-09-02 23:00:00,75,16
122,2024-09-03 00:00:00,75,16
122,2024-09-03 01:00:00,75,16
122,2024-09-03 02:00:00,75,16
122,2024-09-03 03:00:00,75,16
122,2024-09-03 04:00:00,75,16
122,2024-09-03 05:00:00,75,16
122,2024-09-03 06:00:00,75,16
122,2024-09-03 07:00:00,75,16
122,2024-09-03 08:00:00,75,16
122,2024-09-03 09:00:00,75,16
122,2024-09-03 10:00:00,75,16
122,2024-09-03 11:00:00,75,16
122,2024-09-03 12:00:00,75,16
122,2024-09-03 13:00:00,75,16
122,2024-09-03 14:00:00,75,16
122,2024-09-03 15:00:00,75,16
122,2024-09-03 16:00:00,75,16
122,2024-09-03 17:00:00,75,16
122,2024-09-03 18:00:00,0,0
122,2024-09-03 19:00:00,0,0
122,2024-09-03 20:00:00,0,0
122,2024-09-03 21:00:00,0,0
122,2024-09-03 22:00:00,0,0
122,2024-09-03 23:00:00,0,0
123,2024-09-01 00:00:00,55,12
123,2024-09-01 01:00:00,55,12
123,2024-09-01 02:00:00,55,12
123,2024-09-01 03:00:00,55,12
123,2024-09-01 04:00:00,55,12
123,2024-09-01 05:00:00,55,12
123,2024-09-01 06:00:00,55,12
123,2024-09-01 07:00:00,55,12
123,2024-09-01 08:00:00,55,12
123,2024-09-01 09:00:00,55,12
123,2024-09-01 10:00:00,55,12
123,2024-09-01 11:00:00,55,12
123,2024-09-01 12:00:00,55,12
123,2024-09-01 13:00:00,55,12
123,2024-09-01 14:00:00,55,12
123,2024-09-01 15:00:00,55,12
123,2024-09-01 16:00:00,55,12
123,2024-09-01 17:00:00,55,12
123,2024-09-01 18:00:00,55,12
123,2024-09-01 19:00:00,55,12
123,2024-09-01 20:00:00,55,12
123,2024-09-01 21:00:00,55,12
123,2024-09-01 22:00:00,55,12
123,2024-09-01 23:00:00,55,12
123,2024-09-02 00:00:00,55,12
123,2024-09-02 01:00:00,55,12
123,2024-09-02 02:00:00,55,12
123,2024-09-02 03:00:00,55,12
123,2024-09-02 04:00:00,55,12
123,2024-09-02 05:00:00,55,12
123,2024-09-02 06:00:00,56,13
123,2024-09-02 07:00:00,57,14
123,2024-09-02 08:00:00,61,15
123,2024-09-02 09:00:00,64,16
123,2024-09-02 10:00:00,68,16
123,2024-09-02 11:00:00,72,16
123,2024-09-02 12:00:00,75,16
123,2024-09-02 13:00:00,75,16
123,2024-09-02 14:00:00,75,16
123,2024-09-02 15:00:00,75,16
123,2024-09-02 16:00:00,75,16
123,2024-09-02 17:00:00,75,16
123,2024-09-02 18:00:00,75,16
123,2024-09-02 19:00:00,75,16
123,2024-09-02 20:00:00,75,16
123,2024-09-02 21:00:00,75,16
123,2024-09-02 22:00:00,75,16
123,2024-09-02 23:00:00,75,16
123,2024-09-03 00:00:00,75,16
123,2024-09-03 01:00:00,75,16
123,2024-09-03 02:00:00,75,16
123,2024-09-03 03:00:00,75,16
123,2024-09-03 04:00:00,75,16
123,2024-09-03 05:00:00,75,16
123,2024-09-03 06:00:00,75,16
123,2024-09-03 07:00:00,75,16
123,2024-09-03 08:00:00,75,16
123,2024-09-03 09:00:00,75,16
123,2024-09-03 10:00:00,75,16
123,2024-09-03 11:00:00,75,16
123,2024-09-03 12:00:00,75,16
123,2024-09-03 13:00:00,75,16
123,2024-09-03 14:00:00,75,16
123,2024-09-03 15:00:00,75,16
123,2024-09-03 16:00:00,75,16
123,2024-09-03 17:00:00,75,16
123,2024-09-03 18:00:00,0,0
123,2024-09-03 19:00:00,0,0
123,2024-09-03 20:00:00,0,0
123,2024-09-03 21:00:00,0,0
123,2024-09-03 22:00:00,0,0
123,2024-09-03 23:00:00,0,0
124,2024-09-01 00:00:00,55,12
124,2024-09-01 01:00:00,55,12
124,2024-09-01 02:00:00,55,12
124,2024-09-01 03:00:00,55,12
124,2024-09-01 04:00:00,55,12
124,2024-09-01 05:00:00,55,12
124,2024-09-01 06:00:00,55,12
124,2024-09-01 07:00:00,55,12
124,2024-09-01 08:00:00,55,12
124,2024-09-01 09:00:00,55,12
124,2024-09-01 10:00:00,55,12
124,2024-09-01 11:00:00,55,12
124,2024-09-01 12:00:00,55,12
124,2024-09-01 13:00:00,55,12
124,2024-09-01 14:00:00,55,12
124,2024-09-01 15:00:00,55,12
124,2024-09-01 16:00:00,55,12
124,2024-09-01 17:00:00,55,12
124,2024-09-01 18:00:00,55,12
124,2024-09-01 19:00:00,55,12
124,2024-09-01 20:00:00,55,12
124,2024-09-01 21:00:00,55,12
124,2024-09-01 22:00:00,55,12
124,2024-09-01 23:00:00,55,12
124,2024-09-02 00:00:00,55,12
124,2024-09-02 01:00:00,55,12
124,2024-09-02 02:00:00,55,12
124,2024-09-02 03:00:00,55,12
124,2024-09-02 04:00:00,55,12
124,2024-09-02 05:00:00,55,12
124,2024-09-02 06:00:00,56,13
124,2024-09-02 07:00:00,57,14
124,2024-09-02 08:00:00,61,15
124,2024-09-02 09:00:00,64,16
124,2024-09-02 10:00:00,68,16
124,2024-09-02 11:00:00,72,16
124,2024-09-02 12:00:00,75,16
124,2024-09-02 13:00:00,75,16
124,2024-09-02 14:00:00,75,16
124,2024-09-02 15:00:00,75,16
124,2024-09-02 16:00:00,75,16
124,2024-09-02 17:00:00,75,16
124,2024-09-02 18:00:00,75,16
124,2024-09-02 19:00:00,75,16
124,2024-09-02 20:00:00,75,16
124,2024-09-02 21:00:00,75,16
124,2024-09-02 22:00:00,75,16
124,2024-09-02 23:00:00,75,16
124,2024-09-03 00:00:00,75,16
124,2024-09-03 01:00:00,75,16
124,2024-09-03 02:00:00,75,16
124,2024-09-03 03:00:00,75,16
124,2024-09-03 04:00:00,75,16
124,2024-09-03 05:00:00,75,16
124,2024-09-03 06:00:00,75,16
124,2024-09-03 07:00:00,75,16
124,2024-09-03 08:00:00,75,16
124,2024-09-03 09:00:00,75,16
124,2024-09-03 10:00:00,75,16
124,2024-09-03 11:00:00,75,16
124,2024-09-03 12:00:00,75,16
124,2024-09-03 13:00:00,75,16
124,2024-09-03 14:00:00,75,16
124,2024-09-03 15:00:00,75,16
124,2024-09-03 16:00:00,75,16
124,2024-09-03 17:00:00,75,16
124,2024-09-03 18:00:00,0,0
124,2024-09-03 19:00:00,0,0
124,2024-09-03 20:00:00,0,0
124,2024-09-03 21:00:00,0,0
124,2024-09-03 22:00:00,0,0
124,2024-09-03 23:00:00,0,0
125,2024-09-01 00:00:00,56,12
125,2024-09-01 01:00:00,56,12
125,2024-09-01 02:00:00,56,12
125,2024-09-01 03:00:00,56,12
125,2024-09-01 04:00:00,56,12
125,2024-09-01 05:00:00,56,12
125,2024-09-01 06:00:00,56,12
125,2024-09-01 07:00:00,56,12
125,2024-09-01 08:00:00,56,12
125,2024-09-01 09:00:00,56,12
125,2024-09-01 10:00:00,56,12
125,2024-09-01 11:00:00,56,12
125,2024-09-01 12:00:00,56,12
125,2024-09-01 13:00:00,56,12
125,2024-09-01 14:00:00,56,12
125,2024-09-01 15:00:00,56,12
125,2024-09-01 16:00:00,56,12
125,2024-09-01 17:00:00,56,12
125,2024-09-01 18:00:00,56,12
125,2024-09-01 19:00:00,56,12
125,2024-09-01 20:00:00,56,12
125,2024-09-01 21:00:00,56,12
125,2024-09-01 22:00:00,56,12
125,2024-09-01 23:00:00,56,12
125,2024-09-02 00:00:00,56,12
125,2024-09-02 01:00:00,56,12
125,2024-09-02 02:00:00,56,12
125,2024-09-02 03:00:00,56,12
125,2024-09-02 04:00:00,56,12
125,2024-09-02 05:00:00,56,12
125,2024-09-02 06:00:00,57,13
125,2024-09-02 07:00:00,58,14
125,2024-09-02 08:00:00,62,15
125,2024-09-02 09:00:00,65,16
125,2024-09-02 10:00:00,70,16
125,2024-09-02 11:00:00,72,16
125,2024-09-02 12:00:00,74,16
125,2024-09-02 13:00:00,75,16
125,2024-09-02 14:00:00,75,16
125,2024-09-02 15:00:00,75,16
125,2024-09-02 16:00:00,75,16
125,2024-09-02 17:00:00,75,16
125,2024-09-02 18:00:00,75,16
125,2024-09-02 19:00:00,75,16
125,2024-09-02 20:00:00,75,16
125,2024-09-02 21:00:00,75,16
125,2024-09-02 22:00:00,75,16
125,2024-09-02 23:00:00,75,16
125,2024-09-03 00:00:00,75,16
125,2024-09-03 01:00:00,75,16
125,2024-09-03 02:00:00,75,16
125,2024-09-03 03:00:00,75,16
125,2024-09-03 04:00:00,75,16
125,2024-09-03 05:00:00,75,16
125,2024-09-03 06:00:00,75,16
125,2024-09-03 07:00:00,75,16
125,2024-09-03 08:00:00,75,16
125,2024-09-03 09:00:00,75,16
125,2024-09-03 10:00:00,75,16
125,2024-09-03 11:00:00,75,16
125,2024-09-03 12:00:00,75,16
125,2024-09-03 13:00:00,75,16
125,2024-09-03 14:00:00,75,16
125,2024-09-03 15:00:00,75,16
125,2024-09-03 16:00:00,75,16
125,2024-09-03 17:00:00,75,16
125,2024-09-03 18:00:00,0,0
125,2024-09-03 19:00:00,0,0
125,2024-09-03 20:00:00,0,0
125,2024-09-03 21:00:00,0,0
125,2024-09-03 22:00:00,0,0
125,2024-09-03 23:00:00,0,0
126,2024-09-01 00:00:00,56,12
126,2024-09-01 01:00:00,56,12
126,2024-09-01 02:00:00,56,12
126,2024-09-01 03:00:00,56,12
126,2024-09-01 04:00:00,56,12
126,2024-09-01 05:00:00,56,12
126,2024-09-01 06:00:00,56,12
126,2024-09-01 07:00:00,56,12
126,2024-09-01 08:00:00,56,12
126,2024-09-01 09:00:00,56,12
126,2024-09-01 10:00:00,56,12
126,2024-09-01 11:00:00,56,12
126,2024-09-01 12:00:00,56,12
126,2024-09-01 13:00:00,56,12
126,2024-09-01 14:00:00,56,12
126,2024-09-01 15:00:00,56,12
126,2024-09-01 16:00:00,56,12
126,2024-09-01 17:00:00,56,12
126,2024-09-01 18:00:00,56,12
126,2024-09-01 19:00:00,56,12
126,2024-09-01 20:00:00,56,12
126,2024-09-01 21:00:00,56,12
126,2024-09-01 22:00:00,56,12
126,2024-09-01 23:00:00,56,12
126,2024-09-02 00:00:00,56,12
126,2024-09-02 01:00:00,56,12
126,2024-09-02 02:00:00,56,12
126,2024-09-02 03:00:00,56,12
126,2024-09-02 04:00:00,56,12
126,2024-09-02 05:00:00,56,12
126,2024-09-02 06:00:00,57,13
126,2024-09-02 07:00:00,58,14
126,2024-09-02 08:00:00,62,15
126,2024-09-02 09:00:00,65,16
126,2024-09-02 10:00:00,69,16
126,2024-09-02 11:00:00,73,16
126,2024-09-02 12:00:00,74,16
126,2024-09-02 13:00:00,75,16
126,2024-09-02 14:00:00,75,16
126,2024-09-02 15:00:00,75,16
126,2024-09-02 16:00:00,75,16
126,2024-09-02 17:00:00,75,16
126,2024-09-02 18:00:00,75,16
126,2024-09-02 19:00:00,75,16
126,2024-09-02 20:00:00,75,16
126,2024-09-02 21:00:00,75,16
126,2024-09-02 22:00:00,75,16
126,2024-09-02 23:00:00,75,16
126,2024-09-03 00:00:00,75,16
126,2024-09-03 01:00:00,75,16
126,2024-09-03 02:00:00,75,16
126,2024-09-03 03:00:00,75,16
126,2024-09-03 04:00:00,75,16
126,2024-09-03 05:00:00,75,16
126,2024-09-03 06:00:00,75,16
126,2024-09-03 07:00:00,75,16
126,2024-09-03 08:00:00,75,16
126,2024-09-03 09:00:00,75,16
126,2024-09-03 10:00:00,75,16
126,2024-09-03 11:00:00,75,16
126,2024-09-03 12:00:00,75,16
126,2024-09-03 13:00:00,75,16
126,2024-09-03 14:00:00,75,16
126,2024-09-03 15:00:00,75,16
126,2024-09-03 16:00:00,75,16
126,2024-09-03 17:00:00,75,16
126,2024-09-03 18:00:00,0,0
126,2024-09-03 19:00:00,0,0
126,2024-09-03 20:00:00,0,0
126,2024-09-03 21:00:00,0,0
126,2024-09-03 22:00:00,0,0
126,2024-09-03 23:00:00,0,0
127,2024-09-01 00:00:00,57,12
127,2024-09-01 01:00:00,57,12
127,2024-09-01 02:00:00,57,12
127,2024-09-01 03:00:00,57,12
127,2024-09-01 04:00:00,57,12
127,2024-09-01 05:00:00,57,12
127,2024-09-01 06:00:00,57,12
127,2024-09-01 07:00:00,57,12
127,2024-09-01 08:00:00,57,12
127,2024-09-01 09:00:00,57,12
127,2024-09-01 10:00:00,57,12
127,2024-09-01 11:00:00,57,12
127,2024-09-01 12:00:00,57,12
127,2024-09-01 13:00:00,57,12
127,2024-09-01 14:00:00,57,12
127,2024-09-01 15:00:00,57,12
127,2024-09-01 16:00:00,57,12
127,2024-09-01 17:00:00,57,12
127,2024-09-01 18:00:00,57,12
127,2024-09-01 19:00:00,57,12
127,2024-09-01 20:00:00,57,12
127,2024-09-01 21:00:00,57,12
127,2024-09-01 22:00:00,57,12
127,2024-09-01 23:00:00,57,12
127,2024-09-02 00:00:00,57,12
127,2024-09-02 01:00:00,57,12
127,2024-09-02 02:00:00,57,12
127,2024-09-02 03:00:00,57,12
127,2024-09-02 04:00:00,57,12
127,2024-09-02 05:00:00,57,12
127,2024-09-02 06:00:00,58,13
127,2024-09-02 07:00:00,59,14
127,2024-09-02 08:00:00,63,15
127,2024-09-02 09:00:00,66,16
127,2024-09-02 10:00:00,70,16
127,2024-09-02 11:00:00,72,16
127,2024-09-02 12:00:00,74,16
127,2024-09-02 13:00:00,75,16
127,2024-09-02 14:00:00,75,16
127,2024-09-02 15:00:00,75,16
127,2024-09-02 16:00:00,75,16
127,2024-09-02 17:00:00,75,16
127,2024-09-02 18:00:00,75,16
127,2024-09-02 19:00:00,75,16
127,2024-09-02 20:00:00,75,16
127,2024-09-02 21:00:00,75,16
127,2024-09-02 22:00:00,75,16
127,2024-09-02 23:00:00,75,16
127,2024-09-03 00:00:00,75,16
127,2024-09-03 01:00:00,75,16
127,2024-09-03 02:00:00,75,16
127,2024-09-03 03:00:00,75,16
127,2024-09-03 04:00:00,75,16
127,2024-09-03 05:00:00,75,16
127,2024-09-03 06:00:00,75,16
127,2024-09-03 07:00:00,75,16
127,2024-09-03 08:00:00,75,16
127,2024-09-03 09:00:00,75,16
127,2024-09-03 10:00:00,75,16
127,2024-09-03 11:00:00,75,16
127,2024-09-03 12:00:00,75,16
127,2024-09-03 13:00:00,75,16
127,2024-09-03 14:00:00,75,16
127,2024-09-03 15:00:00,75,16
127,2024-09-03 16:00:00,75,16
127,2024-09-03 17:00:00,75,16
127,2024-09-03 18:00:00,0,0
127,2024-09-03 19:00:00,0,0
127,2024-09-03 20:00:00,0,0
127,2024-09-03 21:00:00,0,0
127,2024-09-03 22:00:00,0,0
127,2024-09-03 23:00:00,0,0
128,2024-09-01 00:00:00,57,12
128,2024-09-01 01:00:00,57,12
128,2024-09-01 02:00:00,57,12
128,2024-09-01 03:00:00,57,12
128,2024-09-01 04:00:00,57,12
128,2024-09-01 05:00:00,57,12
128,2024-09-01 06:00:00,57,12
128,2024-09-01 07:00:00,57,12
128,2024-09-01 08:00:00,57,12
128,2024-09-01 09:00:00,57,12
128,2024-09-01 10:00:00,57,12
128,2024-09-01 11:00:00,57,12
128,2024-09-01 12:00:00,57,12
128,2024-09-01 13:00:00,57,12
128,2024-09-01 14:00:00,57,12
128,2024-09-01 15:00:00,57,12
128,2024-09-01 16:00:00,57,12
128,2024-09-01 17:00:00,57,12
128,2024-09-01 18:00:00,57,12
128,2024-09-01 19:00:00,57,12
128,2024-09-01 20:00:00,57,12
128,2024-09-01 21:00:00,57,12
128,2024-09-01 22:00:00,57,12
128,2024-09-01 23:00:00,57,12
128,2024-09-02 00:00:00,57,12
128,2024-09-02 01:00:00,57,12
128,2024-09-02 02:00:00,57,12
128,2024-09-02 03:00:00,57,12
128,2024-09-02 04:00:00,57,12
128,2024-09-02 05:00:00,57,12
128,2024-09-02 06:00:00,58,13
128,2024-09-02 07:00:00,59,14
128,2024-09-02 08:00:00,63,15
128,2024-09-02 09:00:00,66,16
128,2024-09-02 10:00:00,70,16
128,2024-09-02 11:00:00,73,16
128,2024-09-02 12:00:00,74,16
128,2024-09-02 13:00:00,75,16
128,2024-09-02 14:00:00,75,16
128,2024-09-02 15:00:00,75,16
128,2024-09-02 16:00:00,75,16
128,2024-09-02 17:00:00,75,16
128,2024-09-02 18:00:00,75,16
128,2024-09-02 19:00:00,75,16
128,2024-09-02 20:00:00,75,16
128,2024-09-02 21:00:00,75,16
128,2024-09-02 22:00:00,75,16
128,2024-09-02 23:00:00,75,16
128,2024-09-03 00:00:00,75,16
128,2024-09-03 01:00:00,75,16
128,2024-09-03 02:00:00,75,16
128,2024-09-03 03:00:00,75,16
128,2024-09-03 04:00:00,75,16
128,2024-09-03 05:00:00,75,16
128,2024-09-03 06:00:00,75,16
128,2024-09-03 07:00:00,75,16
128,2024-09-03 08:00:00,75,16
128,2024-09-03 09:00:00,75,16
128,2024-09-03 10:00:00,75,16
128,2024-09-03 11:00:00,75,16
128,2024-09-03 12:00:00,75,16
128,2024-09-03 13:00:00,75,16
128,2024-09-03 14:00:00,75,16
128,2024-09-03 15:00:00,75,16
128,2024-09-03 16:00:00,75,16
128,2024-09-03 17:00:00,75,16
128,2024-09-03 18:00:00,0,0
128,2024-09-03 19:00:00,0,0
128,2024-09-03 20:00:00,0,0
128,2024-09-03 21:00:00,0,0
128,2024-09-03 22:00:00,0,0
128,2024-09-03 23:00:00,0,0
129,2024-09-01 00:00:00,55,12
129,2024-09-01 01:00:00,55,12
129,2024-09-01 02:00:00,55,12
129,2024-09-01 03:00:00,55,12
129,2024-09-01 04:00:00,55,12
129,2024-09-01 05:00:00,55,12
129,2024-09-01 06:00:00,55,12
129,2024-09-01 07:00:00,55,12
129,2024-09-01 08:00:00,55,12
129,2024-09-01 09:00:00,55,12
129,2024-09-01 10:00:00,55,12
129,2024-09-01 11:00:00,55,12
129,2024-09-01 12:00:00,55,12
129,2024-09-01 13:00:00,55,12
129,2024-09-01 14:00:00,55,12
129,2024-09-01 15:00:00,55,12
129,2024-09-01 16:00:00,55,12
129,2024-09-01 17:00:00,55,12
129,2024-09-01 18:00:00,55,12
129,2024-09-01 19:00:00,55,12
129,2024-09-01 20:00:00,55,12
129,2024-09-01 21:00:00,55,12
129,2024-09-01 22:00:00,55,12
129,2024-09-01 23:00:00,55,12
129,2024-09-02 00:00:00,55,12
129,2024-09-02 01:00:00,55,12
129,2024-09-02 02:00:00,55,12
129,2024-09-02 03:00:00,55,12
129,2024-09-02 04:00:00,55,12
129,2024-09-02 05:00:00,55,12
129,2024-09-02 06:00:00,56,13
129,2024-09-02 07:00:00,57,14
129,2024-09-02 08:00:00,61,15
129,2024-09-02 09:00:00,64,16
129,2024-09-02 10:00:00,69,16
129,2024-09-02 11:00:00,72,16
129,2024-09-02 12:00:00,75,16
129,2024-09-02 13:00:00,75,16
129,2024-09-02 14:00:00,75,16
129,2024-09-02 15:00:00,75,16
129,2024-09-02 16:00:00,75,16
129,2024-09-02 17:00:00,75,16
129,2024-09-02 18:00:00,75,16
129,2024-09-02 19:00:00,75,16
129,2024-09-02 20:00:00,75,16
129,2024-09-02 21:00:00,75,16
129,2024-09-02 22:00:00,75,16
129,2024-09-02 23:00:00,75,16
129,2024-09-03 00:00:00,75,16
129,2024-09-03 01:00:00,75,16
129,2024-09-03 02:00:00,75,16
129,2024-09-03 03:00:00,75,16
129,2024-09-03 04:00:00,75,16
129,2024-09-03 05:00:00,75,16
129,2024-09-03 06:00:00,75,16
129,2024-09-03 07:00:00,75,16
129,2024-09-03 08:00:00,75,16
129,2024-09-03 09:00:00,75,16
129,2024-09-03 10:00:00,75,16
129,2024-09-03 11:00:00,75,16
129,2024-09-03 12:00:00,75,16
129,2024-09-03 13:00:00,75,16
129,2024-09-03 14:00:00,75,16
129,2024-09-03 15:00:00,75,16
129,2024-09-03 16:00:00,75,16
129,2024-09-03 17:00:00,75,16
129,2024-09-03 18:00:00,0,0
129,2024-09-03 19:00:00,0,0
129,2024-09-03 20:00:00,0,0
129,2024-09-03 21:00:00,0,0
129,2024-09-03 22:00:00,0,0
129,2024-09-03 23:00:00,0,0
130,2024-09-01 00:00:00,57,12
130,2024-09-01 01:00:00,57,12
130,2024-09-01 02:00:00,57,12
130,2024-09-01 03:00:00,57,12
130,2024-09-01 04:00:00,57,12
130,2024-09-01 05:00:00,57,12
130,2024-09-01 06:00:00,57,12
130,2024-09-01 07:00:00,57,12
130,2024-09-01 08:00:00,57,12
130,2024-09-01 09:00:00,57,12
130,2024-09-01 10:00:00,57,12
130,2024-09-01 11:00:00,57,12
130,2024-09-01 12:00:00,57,12
130,2024-09-01 13:00:00,57,12
130,2024-09-01 14:00:00,57,12
130,2024-09-01 15:00:00,57,12
130,2024-09-01 16:00:00,57,12
130,2024-09-01 17:00:00,57,12
130,2024-09-01 18:00:00,57,12
130,2024-09-01 19:00:00,57,12
130,2024-09-01 20:00:00,57,12
130,2024-09-01 21:00:00,57,12
130,2024-09-01 22:00:00,57,12
130,2024-09-01 23:00:00,57,12
130,2024-09-02 00:00:00,57,12
130,2024-09-02 01:00:00,57,12
130,2024-09-02 02:00:00,57,12
130,2024-09-02 03:00:00,57,12
130,2024-09-02 04:00:00,57,12
130,2024-09-02 05:00:00,57,12
130,2024-09-02 06:00:00,58,13
130,2024-09-02 07:00:00,59,14
130,2024-09-02 08:00:00,63,15
130,2024-09-02 09:00:00,66,16
130,2024-09-02 10:00:00,70,16
130,2024-09-02 11:00:00,73,16
130,2024-09-02 12:00:00,74,16
130,2024-09-02 13:00:00,75,16
130,2024-09-02 14:00:00,75,16
130,2024-09-02 15:00:00,75,16
130,2024-09-02 16:00:00,75,16
130,2024-09-02 17:00:00,75,16
130,2024-09-02 18:00:00,75,16
130,2024-09-02 19:00:00,75,16
130,2024-09-02 20:00:00,75,16
130,2024-09-02 21:00:00,75,16
130,2024-09-02 22:00:00,75,16
130,2024-09-02 23:00:00,75,16
130,2024-09-03 00:00:00,75,16
130,2024-09-03 01:00:00,75,16
130,2024-09-03 02:00:00,75,16
130,2024-09-03 03:00:00,75,16
130,2024-09-03 04:00:00,75,16
130,2024-09-03 05:00:00,75,16
130,2024-09-03 06:00:00,75,16
130,2024-09-03 07:00:00,75,16
130,2024-09-03 08:00:00,75,16
130,2024-09-03 09:00:00,75,16
130,2024-09-03 10:00:00,75,16
130,2024-09-03 11:00:00,75,16
130,2024-09-03 12:00:00,75,16
130,2024-09-03 13:00:00,75,16
130,2024-09-03 14:00:00,75,16
130,2024-09-03 15:00:00,75,16
130,2024-09-03 16:00:00,75,16
130,2024-09-03 17:00:00,75,16
130,2024-09-03 18:00:00,0,0
130,2024-09-03 19:00:00,0,0
130,2024-09-03 20:00:00,0,0
130,2024-09-03 21:00:00,0,0
130,2024-09-03 22:00:00,0,0
130,2024-09-03 23:00:00,0,0
131,2024-09-01 00:00:00,57,12
131,2024-09-01 01:00:00,57,12
131,2024-09-01 02:00:00,57,12
131,2024-09-01 03:00:00,57,12
131,2024-09-01 04:00:00,57,12
131,2024-09-01 05:00:00,57,12
131,2024-09-01 06:00:00,57,12
131,2024-09-01 07:00:00,57,12
131,2024-09-01 08:00:00,57,12
131,2024-09-01 09:00:00,57,12
131,2024-09-01 10:00:00,57,12
131,2024-09-01 11:00:00,57,12
131,2024-09-01 12:00:00,57,12
131,2024-09-01 13:00:00,57,12
131,2024-09-01 14:00:00,57,12
131,2024-09-01 15:00:00,57,12
131,2024-09-01 16:00:00,57,12
131,2024-09-01 17:00:00,57,12
131,2024-09-01 18:00:00,57,12
131,2024-09-01 19:00:00,57,12
131,2024-09-01 20:00:00,57,12
131,2024-09-01 21:00:00,57,12
131,2024-09-01 22:00:00,57,12
131,2024-09-01 23:00:00,57,12
131,2024-09-02 00:00:00,57,12
131,2024-09-02 01:00:00,57,12
131,2024-09-02 02:00:00,57,12
131,2024-09-02 03:00:00,57,12
131,2024-09-02 04:00:00,57,12
131,2024-09-02 05:00:00,57,12
131,2024-09-02 06:00:00,58,13
131,2024-09-02 07:00:00,59,14
131,2024-09-02 08:00:00,62,15
131,2024-09-02 09:00:00,65,16
131,2024-09-02 10:00:00,69,16
131,2024-09-02 11:00:00,72,16
131,2024-09-02 12:00:00,75,16
131,2024-09-02 13:00:00,75,16
131,2024-09-02 14:00:00,75,16
131,2024-09-02 15:00:00,75,16
131,2024-09-02 16:00:00,75,16
131,2024-09-02 17:00:00,75,16
131,2024-09-02 18:00:00,75,16
131,2024-09-02 19:00:00,75,16
131,2024-09-02 20:00:00,75,16
131,2024-09-02 21:00:00,75,16
131,2024-09-02 22:00:00,75,16
131,2024-09-02 23:00:00,75,16
131,2024-09-03 00:00:00,75,16
131,2024-09-03 01:00:00,75,16
131,2024-09-03 02:00:00,75,16
131,2024-09-03 03:00:00,75,16
131,2024-09-03 04:00:00,75,16
131,2024-09-03 05:00:00,75,16
131,2024-09-03 06:00:00,75,16
131,2024-09-03 07:00:00,75,16
131,2024-09-03 08:00:00,75,16
131,2024-09-03 09:00:00,75,16
131,2024-09-03 10:00:00,75,16
131,2024-09-03 11:00:00,75,16
131,2024-09-03 12:00:00,75,16
131,2024-09-03 13:00:00,75,16
131,2024-09-03 14:00:00,75,16
131,2024-09-03 15:00:00,75,16
131,2024-09-03 16:00:00,75,16
131,2024-09-03 17:00:00,75,16
131,2024-09-03 18:00:00,0,0
131,2024-09-03 19:00:00,0,0
131,2024-09-03 20:00:00,0,0
131,2024-09-03 21:00:00,0,0
131,2024-09-03 22:00:00,0,0
131,2024-09-03 23:00:00,0,0
132,2024-09-01 00:00:00,57,12
132,2024-09-01 01:00:00,57,12
132,2024-09-01 02:00:00,57,12
132,2024-09-01 03:00:00,57,12
132,2024-09-01 04:00:00,57,12
132,2024-09-01 05:00:00,57,12
132,2024-09-01 06:00:00,57,12
132,2024-09-01 07:00:00,57,12
132,2024-09-01 08:00:00,57,12
132,2024-09-01 09:00:00,57,12
132,2024-09-01 10:00:00,57,12
132,2024-09-01 11:00:00,57,12
132,2024-09-01 12:00:00,57,12
132,2024-09-01 13:00:00,57,12
132,2024-09-01 14:00:00,57,12
132,2024-09-01 15:00:00,57,12
132,2024-09-01 16:00:00,57,12
132,2024-09-01 17:00:00,57,12
132,2024-09-01 18:00:00,57,12
132,2024-09-01 19:00:00,57,12
132,2024-09-01 20:00:00,57,12
132,2024-09-01 21:00:00,57,12
132,2024-09-01 22:00:00,57,12
132,2024-09-01 23:00:00,57,12
132,2024-09-02 00:00:00,57,12
132,2024-09-02 01:00:00,57,12
132,2024-09-02 02:00:00,57,12
132,2024-09-02 03:00:00,57,12
132,2024-09-02 04:00:00,57,12
132,2024-09-02 05:00:00,57,12
132,2024-09-02 06:00:00,58,13
132,2024-09-02 07:00:00,59,14
132,2024-09-02 08:00:00,63,15
132,2024-09-02 09:00:00,66,16
132,2024-09-02 10:00:00,70,16
132,2024-09-02 11:00:00,72,16
132,2024-09-02 12:00:00,75,16
132,2024-09-02 13:00:00,75,16
132,2024-09-02 14:00:00,75,16
132,2024-09-02 15:00:00,75,16
132,2024-09-02 16:00:00,75,16
132,2024-09-02 17:00:00,75,16
132,2024-09-02 18:00:00,75,16
132,2024-09-02 19:00:00,75,16
132,2024-09-02 20:00:00,75,16
132,2024-09-02 21:00:00,75,16
132,2024-09-02 22:00:00,75,16
132,2024-09-02 23:00:00,75,16
132,2024-09-03 00:00:00,75,16
132,2024-09-03 01:00:00,75,16
132,2024-09-03 02:00:00,75,16
132,2024-09-03 03:00:00,75,16
132,2024-09-03 04:00:00,75,16
132,2024-09-03 05:00:00,75,16
132,2024-09-03 06:00:00,75,16
132,2024-09-03 07:00:00,75,16
132,2024-09-03 08:00:00,75,16
132,2024-09-03 09:00:00,75,16
132,2024-09-03 10:00:00,75,16
132,2024-09-03 11:00:00,75,16
132,2024-09-03 12:00:00,75,16
132,2024-09-03 13:00:00,75,16
132,2024-09-03 14:00:00,75,16
132,2024-09-03 15:00:00,75,16
132,2024-09-03 16:00:00,75,16
132,2024-09-03 17:00:00,75,16
132,2024-09-03 18:00:00,0,0
132,2024-09-03 19:00:00,0,0
132,2024-09-03 20:00:00,0,0
132,2024-09-03 21:00:00,0,0
132,2024-09-03 22:00:00,0,0
132,2024-09-03 23:00:00,0,0
133,2024-09-01 00:00:00,55,12
133,2024-09-01 01:00:00,55,12
133,2024-09-01 02:00:00,55,12
133,2024-09-01 03:00:00,55,12
133,2024-09-01 04:00:00,55,12
133,2024-09-01 05:00:00,55,12
133,2024-09-01 06:00:00,55,12
133,2024-09-01 07:00:00,55,12
133,2024-09-01 08:00:00,55,12
133,2024-09-01 09:00:00,55,12
133,2024-09-01 10:00:00,55,12
133,2024-09-01 11:00:00,55,12
133,2024-09-01 12:00:00,55,12
133,2024-09-01 13:00:00,55,12
133,2024-09-01 14:00:00,55,12
133,2024-09-01 15:00:00,55,12
133,2024-09-01 16:00:00,55,12
133,2024-09-01 17:00:00,55,12
133,2024-09-01 18:00:00,55,12
133,2024-09-01 19:00:00,55,12
133,2024-09-01 20:00:00,55,12
133,2024-09-01 21:00:00,55,12
133,2024-09-01 22:00:00,55,12
133,2024-09-01 23:00:00,55,12
133,2024-09-02 00:00:00,55,12
133,2024-09-02 01:00:00,55,12
133,2024-09-02 02:00:00,55,12
133,2024-09-02 03:00:00,55,12
133,2024-09-02 04:00:00,55,12
133,2024-09-02 05:00:00,55,12
133,2024-09-02 06:00:00,56,13
133,2024-09-02 07:00:00,57,14
133,2024-09-02 08:00:00,61,15
133,2024-09-02 09:00:00,64,16
133,2024-09-02 10:00:00,68,16
133,2024-09-02 11:00:00,72,16
133,2024-09-02 12:00:00,74,16
133,2024-09-02 13:00:00,75,16
133,2024-09-02 14:00:00,75,16
133,2024-09-02 15:00:00,75,16
133,2024-09-02 16:00:00,75,16
133,2024-09-02 17:00:00,75,16
133,2024-09-02 18:00:00,75,16
133,2024-09-02 19:00:00,75,16
133,2024-09-02 20:00:00,75,16
133,2024-09-02 21:00:00,75,16
133,2024-09-02 22:00:00,75,16
133,2024-09-02 23:00:00,75,16
133,2024-09-03 00:00:00,75,16
133,2024-09-03 01:00:00,75,16
133,2024-09-03 02:00:00,75,16
133,2024-09-03 03:00:00,75,16
133,2024-09-03 04:00:00,75,16
133,2024-09-03 05:00:00,75,16
133,2024-09-03 06:00:00,75,16
133,2024-09-03 07:00:00,75,16
133,2024-09-03 08:00:00,75,16
133,2024-09-03 09:00:00,75,16
133,2024-09-03 10:00:00,75,16
133,2024-09-03 11:00:00,75,16
133,2024-09-03 12:00:00,75,16
133,2024-09-03 13:00:00,75,16
133,2024-09-03 14:00:00,75,16
133,2024-09-03 15:00:00,75,16
133,2024-09-03 16:00:00,75,16
133,2024-09-03 17:00:00,75,16
133,2024-09-03 18:00:00,0,0
133,2024-09-03 19:00:00,0,0
133,2024-09-03 20:00:00,0,0
133,2024-09-03 21:00:00,0,0
133,2024-09-03 22:00:00,0,0
133,2024-09-03 23:00:00,0,0
134,2024-09-01 00:00:00,57,12
134,2024-09-01 01:00:00,57,12
134,2024-09-01 02:00:00,57,12
134,2024-09-01 03:00:00,57,12
134,2024-09-01 04:00:00,57,12
134,2024-09-01 05:00:00,57,12
134,2024-09-01 06:00:00,57,12
134,2024-09-01 07:00:00,57,12
134,2024-09-01 08:00:00,57,12
134,2024-09-01 09:00:00,57,12
134,2024-09-01 10:00:00,57,12
134,2024-09-01 11:00:00,57,12
134,2024-09-01 12:00:00,57,12
134,2024-09-01 13:00:00,57,12
134,2024-09-01 14:00:00,57,12
134,2024-09-01 15:00:00,57,12
134,2024-09-01 16:00:00,57,12
134,2024-09-01 17:00:00,57,12
134,2024-09-01 18:00:00,57,12
134,2024-09-01 19:00:00,57,12
134,2024-09-01 20:00:00,57,12
134,2024-09-01 21:00:00,57,12
134,2024-09-01 22:00:00,57,12
134,2024-09-01 23:00:00,57,12
134,2024-09-02 00:00:00,57,12
134,2024-09-02 01:00:00,57,12
134,2024-09-02 02:00:00,57,12
134,2024-09-02 03:00:00,57,12
134,2024-09-02 04:00:00,57,12
134,2024-09-02 05:00:00,57,12
134,2024-09-02 06:00:00,58,13
134,2024-09-02 07:00:00,59,14
134,2024-09-02 08:00:00,63,15
134,2024-09-02 09:00:00,66,16
134,2024-09-02 10:00:00,70,16
134,2024-09-02 11:00:00,73,16
134,2024-09-02 12:00:00,74,16
134,2024-09-02 13:00:00,75,16
134,2024-09-02 14:00:00,75,16
134,2024-09-02 15:00:00,75,16
134,2024-09-02 16:00:00,75,16
134,2024-09-02 17:00:00,75,16
134,2024-09-02 18:00:00,75,16
134,2024-09-02 19:00:00,75,16
134,2024-09-02 20:00:00,75,16
134,2024-09-02 21:00:00,75,16
134,2024-09-02 22:00:00,75,16
134,2024-09-02 23:00:00,75,16
134,2024-09-03 00:00:00,75,16
134,2024-09-03 01:00:00,75,16
134,2024-09-03 02:00:00,75,16
134,2024-09-03 03:00:00,75,16
134,2024-09-03 04:00:00,75,16
134,2024-09-03 05:00:00,75,16
134,2024-09-03 06:00:00,75,16
134,2024-09-03 07:00:00,75,16
134,2024-09-03 08:00:00,75,16
134,2024-09-03 09:00:00,75,16
134,2024-09-03 10:00:00,75,16
134,2024-09-03 11:00:00,75,16
134,2024-09-03 12:00:00,75,16
134,2024-09-03 13:00:00,75,16
134,2024-09-03 14:00:00,75,16
134,2024-09-03 15:00:00,75,16
134,2024-09-03 16:00:00,75,16
134,2024-09-03 17:00:00,75,16
134,2024-09-03 18:00:00,0,0
134,2024-09-03 19:00:00,0,0
134,2024-09-03 20:00:00,0,0
134,2024-09-03 21:00:00,0,0
134,2024-09-03 22:00:00,0,0
134,2024-09-03 23:00:00,0,0
135,2024-09-01 00:00:00,55,12
135,2024-09-01 01:00:00,55,12
135,2024-09-01 02:00:00,55,12
135,2024-09-01 03:00:00,55,12
135,2024-09-01 04:00:00,55,12
135,2024-09-01 05:00:00,55,12
135,2024-09-01 06:00:00,55,12
135,2024-09-01 07:00:00,55,12
135,2024-09-01 08:00:00,55,12
135,2024-09-01 09:00:00,55,12
135,2024-09-01 10:00:00,55,12
135,2024-09-01 11:00:00,55,12
135,2024-09-01 12:00:00,55,12
135,2024-09-01 13:00:00,55,12
135,2024-09-01 14:00:00,55,12
135,2024-09-01 15:00:00,55,12
135,2024-09-01 16:00:00,55,12
135,2024-09-01 17:00:00,55,12
135,2024-09-01 18:00:00,55,12
135,2024-09-01 19:00:00,55,12
135,2024-09-01 20:00:00,55,12
135,2024-09-01 21:00:00,55,12
135,2024-09-01 22:00:00,55,12
135,2024-09-01 23:00:00,55,12
135,2024-09-02 00:00:00,55,12
135,2024-09-02 01:00:00,55,12
135,2024-09-02 02:00:00,55,12
135,2024-09-02 03:00:00,55,12
135,2024-09-02 04:00:00,55,12
135,2024-09-02 05:00:00,55,12
135,2024-09-02 06:00:00,56,13
135,2024-09-02 07:00:00,57,14
135,2024-09-02 08:00:00,61,15
135,2024-09-02 09:00:00,64,16
135,2024-09-02 10:00:00,68,16
135,2024-09-02 11:00:00,72,16
135,2024-09-02 12:00:00,74,16
135,2024-09-02 13:00:00,75,16
135,2024-09-02 14:00:00,75,16
135,2024-09-02 15:00:00,75,16
135,2024-09-02 16:00:00,75,16
135,2024-09-02 17:00:00,75,16
135,2024-09-02 18:00:00,75,16
135,2024-09-02 19:00:00,75,16
135,2024-09-02 20:00:00,75,16
135,2024-09-02 21:00:00,75,16
135,2024-09-02 22:00:00,75,16
135,2024-09-02 23:00:00,75,16
135,2024-09-03 00:00:00,75,16
135,2024-09-03 01:00:00,75,16
135,2024-09-03 02:00:00,75,16
135,2024-09-03 03:00:00,75,16
135,2024-09-03 04:00:00,75,16
135,2024-09-03 05:00:00,75,16
135,2024-09-03 06:00:00,75,16
135,2024-09-03 07:00:00,75,16
135,2024-09-03 08:00:00,75,16
135,2024-09-03 09:00:00,75,16
135,2024-09-03 10:00:00,75,16
135,2024-09-03 11:00:00,75,16
135,2024-09-03 12:00:00,75,16
135,2024-09-03 13:00:00,75,16
135,2024-09-03 14:00:00,75,16
135,2024-09-03 15:00:00,75,16
135,2024-09-03 16:00:00,75,16
135,2024-09-03 17:00:00,75,16
135,2024-09-03 18:00:00,0,0
135,2024-09-03 19:00:00,0,0
135,2024-09-03 20:00:00,0,0
135,2024-09-03 21:00:00,0,0
135,2024-09-03 22:00:00,0,0
135,2024-09-03 23:00:00,0,0
136,2024-09-01 00:00:00,56,12
136,2024-09-01 01:00:00,56,12
136,2024-09-01 02:00:00,56,12
136,2024-09-01 03:00:00,56,12
136,2024-09-01 04:00:00,56,12
136,2024-09-01 05:00:00,56,12
136,2024-09-01 06:00:00,56,12
136,2024-09-01 07:00:00,56,12
136,2024-09-01 08:00:00,56,12
136,2024-09-01 09:00:00,56,12
136,2024-09-01 10:00:00,56,12
136,2024-09-01 11:00:00,56,12
136,2024-09-01 12:00:00,56,12
136,2024-09-01 13:00:00,56,12
136,2024-09-01 14:00:00,56,12
136,2024-09-01 15:00:00,56,12
136,2024-09-01 16:00:00,56,12
136,2024-09-01 17:00:00,56,12
136,2024-09-01 18:00:00,56,12
136,2024-09-01 19:00:00,56,12
136,2024-09-01 20:00:00,56,12
136,2024-09-01 21:00:00,56,12
136,2024-09-01 22:00:00,56,12
136,2024-09-01 23:00:00,56,12
136,2024-09-02 00:00:00,56,12
136,2024-09-02 01:00:00,56,12
136,2024-09-02 02:00:00,56,12
136,2024-09-02 03:00:00,56,12
136,2024-09-02 04:00:00,56,12
136,2024-09-02 05:00:00,56,12
136,2024-09-02 06:00:00,57,13
136,2024-09-02 07:00:00,58,14
136,2024-09-02 08:00:00,62,15
136,2024-09-02 09:00:00,65,16
136,2024-09-02 10:00:00,69,16
136,2024-09-02 11:00:00,72,16
136,2024-09-02 12:00:00,74,16
136,2024-09-02 13:00:00,75,16
136,2024-09-02 14:00:00,75,16
136,2024-09-02 15:00:00,75,16
136,2024-09-02 16:00:00,75,16
136,2024-09-02 17:00:00,75,16
136,2024-09-02 18:00:00,75,16
136,2024-09-02 19:00:00,75,16
136,2024-09-02 20:00:00,75,16
136,2024-09-02 21:00:00,75,16
136,2024-09-02 22:00:00,75,16
136,2024-09-02 23:00:00,75,16
136,2024-09-03 00:00:00,75,16
136,2024-09-03 01:00:00,75,16
136,2024-09-03 02:00:00,75,16
136,2024-09-03 03:00:00,75,16
136,2024-09-03 04:00:00,75,16
136,2024-09-03 05:00:00,75,16
136,2024-09-03 06:00:00,75,16
136,2024-09-03 07:00:00,75,16
136,2024-09-03 08:00:00,75,16
136,2024-09-03 09:00:00,75,16
136,2024-09-03 10:00:00,75,16
136,2024-09-03 11:00:00,75,16
136,2024-09-03 12:00:00,75,16
136,2024-09-03 13:00:00,75,16
136,2024-09-03 14:00:00,75,16
136,2024-09-03 15:00:00,75,16
136,2024-09-03 16:00:00,75,16
136,2024-09-03 17:00:00,75,16
136,2024-09-03 18:00:00,0,0
136,2024-09-03 19:00:00,0,0
136,2024-09-03 20:00:00,0,0
136,2024-09-03 21:00:00,0,0
136,2024-09-03 22:00:00,0,0
136,2024-09-03 23:00:00,0,0
137,2024-09-01 00:00:00,55,12
137,2024-09-01 01:00:00,55,12
137,2024-09-01 02:00:00,55,12
137,2024-09-01 03:00:00,55,12
137,2024-09-01 04:00:00,55,12
137,2024-09-01 05:00:00,55,12
137,2024-09-01 06:00:00,55,12
137,2024-09-01 07:00:00,55,12
137,2024-09-01 08:00:00,55,12
137,2024-09-01 09:00:00,55,12
137,2024-09-01 10:00:00,55,12
137,2024-09-01 11:00:00,55,12
137,2024-09-01 12:00:00,55,12
137,2024-09-01 13:00:00,55,12
137,2024-09-01 14:00:00,55,12
137,2024-09-01 15:00:00,55,12
137,2024-09-01 16:00:00,55,12
137,2024-09-01 17:00:00,55,12
137,2024-09-01 18:00:00,55,12
137,2024-09-01 19:00:00,55,12
137,2024-09-01 20:00:00,55,12
137,2024-09-01 21:00:00,55,12
137,2024-09-01 22:00:00,55,12
137,2024-09-01 23:00:00,55,12
137,2024-09-02 00:00:00,55,12
137,2024-09-02 01:00:00,55,12
137,2024-09-02 02:00:00,55,12
137,2024-09-02 03:00:00,55,12
137,2024-09-02 04:00:00,55,12
137,2024-09-02 05:00:00,55,12
137,2024-09-02 06:00:00,56,13
137,2024-09-02 07:00:00,57,14
137,2024-09-02 08:00:00,61,15
137,2024-09-02 09:00:00,64,16
137,2024-09-02 10:00:00,69,16
137,2024-09-02 11:00:00,72,16
137,2024-09-02 12:00:00,74,16
137,2024-09-02 13:00:00,75,16
137,2024-09-02 14:00:00,75,16
137,2024-09-02 15:00:00,75,16
137,2024-09-02 16:00:00,75,16
137,2024-09-02 17:00:00,75,16
137,2024-09-02 18:00:00,75,16
137,2024-09-02 19:00:00,75,16
137,2024-09-02 20:00:00,75,16
137,2024-09-02 21:00:00,75,16
137,2024-09-02 22:00:00,75,16
137,2024-09-02 23:00:00,75,16
137,2024-09-03 00:00:00,75,16
137,2024-09-03 01:00:00,75,16
137,2024-09-03 02:00:00,75,16
137,2024-09-03 03:00:00,75,16
137,2024-09-03 04:00:00,75,16
137,2024-09-03 05:00:00,75,16
137,2024-09-03 06:00:00,75,16
137,2024-09-03 07:00:00,75,16
137,2024-09-03 08:00:00,75,16
137,2024-09-03 09:00:00,75,16
137,2024-09-03 10:00:00,75,16
137,2024-09-03 11:00:00,75,16
137,2024-09-03 12:00:00,75,16
137,2024-09-03 13:00:00,75,16
137,2024-09-03 14:00:00,75,16
137,2024-09-03 15:00:00,75,16
137,2024-09-03 16:00:00,75,16
137,2024-09-03 17:00:00,75,16
137,2024-09-03 18:00:00,0,0
137,2024-09-03 19:00:00,0,0
137,2024-09-03 20:00:00,0,0
137,2024-09-03 21:00:00,0,0
137,2024-09-03 22:00:00,0,0
137,2024-09-03 23:00:00,0,0
138,2024-09-01 00:00:00,56,12
138,2024-09-01 01:00:00,56,12
138,2024-09-01 02:00:00,56,12
138,2024-09-01 03:00:00,56,12
138,2024-09-01 04:00:00,56,12
138,2024-09-01 05:00:00,56,12
138,2024-09-01 06:00:00,56,12
138,2024-09-01 07:00:00,56,12
138,2024-09-01 08:00:00,56,12
138,2024-09-01 09:00:00,56,12
138,2024-09-01 10:00:00,56,12
138,2024-09-01 11:00:00,56,12
138,2024-09-01 12:00:00,56,12
138,2024-09-01 13:00:00,56,12
138,2024-09-01 14:00:00,56,12
138,2024-09-01 15:00:00,56,12
138,2024-09-01 16:00:00,56,12
138,2024-09-01 17:00:00,56,12
138,2024-09-01 18:00:00,56,12
138,2024-09-01 19:00:00,56,12
138,2024-09-01 20:00:00,56,12
138,2024-09-01 21:00:00,56,12
138,2024-09-01 22:00:00,56,12
138,2024-09-01 23:00:00,56,12
138,2024-09-02 00:00:00,56,12
138,2024-09-02 01:00:00,56,12
138,2024-09-02 02:00:00,56,12
138,2024-09-02 03:00:00,56,12
138,2024-09-02 04:00:00,56,12
138,2024-09-02 05:00:00,56,12
138,2024-09-02 06:00:00,57,13
138,2024-09-02 07:00:00,58,14
138,2024-09-02 08:00:00,62,15
138,2024-09-02 09:00:00,65,16
138,2024-09-02 10:00:00,69,16
138,2024-09-02 11:00:00,72,16
138,2024-09-02 12:00:00,74,16
138,2024-09-02 13:00:00,75,16
138,2024-09-02 14:00:00,75,16
138,2024-09-02 15:00:00,75,16
138,2024-09-02 16:00:00,75,16
138,2024-09-02 17:00:00,75,16
138,2024-09-02 18:00:00,75,16
138,2024-09-02 19:00:00,75,16
138,2024-09-02 20:00:00,75,16
138,2024-09-02 21:00:00,75,16
138,2024-09-02 22:00:00,75,16
138,2024-09-02 23:00:00,75,16
138,2024-09-03 00:00:00,75,16
138,2024-09-03 01:00:00,75,16
138,2024-09-03 02:00:00,75,16
138,2024-09-03 03:00:00,75,16
138,2024-09-03 04:00:00,75,16
138,2024-09-03 05:00:00,75,16
138,2024-09-03 06:00:00,75,16
138,2024-09-03 07:00:00,75,16
138,2024-09-03 08:00:00,75,16
138,2024-09-03 09:00:00,75,16
138,2024-09-03 10:00:00,75,16
138,2024-09-03 11:00:00,75,16
138,2024-09-03 12:00:00,75,16
138,2024-09-03 13:00:00,75,16
138,2024-09-03 14:00:00,75,16
138,2024-09-03 15:00:00,75,16
138,2024-09-03 16:00:00,75,16
138,2024-09-03 17:00:00,75,16
138,2024-09-03 18:00:00,0,0
138,2024-09-03 19:00:00,0,0
138,2024-09-03 20:00:00,0,0
138,2024-09-03 21:00:00,0,0
138,2024-09-03 22:00:00,0,0
138,2024-09-03 23:00:00,0,0
139,2024-09-01 00:00:00,57,12
139,2024-09-01 01:00:00,57,12
139,2024-09-01 02:00:00,57,12
139,2024-09-01 03:00:00,57,12
139,2024-09-01 04:00:00,57,12
139,2024-09-01 05:00:00,57,12
139,2024-09-01 06:00:00,57,12
139,2024-09-01 07:00:00,57,12
139,2024-09-01 08:00:00,57,12
139,2024-09-01 09:00:00,57,12
139,2024-09-01 10:00:00,57,12
139,2024-09-01 11:00:00,57,12
139,2024-09-01 12:00:00,57,12
139,2024-09-01 13:00:00,57,12
139,2024-09-01 14:00:00,57,12
139,2024-09-01 15:00:00,57,12
139,2024-09-01 16:00:00,57,12
139,2024-09-01 17:00:00,57,12
139,2024-09-01 18:00:00,57,12
139,2024-09-01 19:00:00,57,12
139,2024-09-01 20:00:00,57,12
139,2024-09-01 21:00:00,57,12
139,2024-09-01 22:00:00,57,12
139,2024-09-01 23:00:00,57,12
139,2024-09-02 00:00:00,57,12
139,2024-09-02 01:00:00,57,12
139,2024-09-02 02:00:00,57,12
139,2024-09-02 03:00:00,57,12
139,2024-09-02 04:00:00,57,12
139,2024-09-02 05:00:00,57,12
139,2024-09-02 06:00:00,58,13
139,2024-09-02 07:00:00,59,14
139,2024-09-02 08:00:00,63,15
139,2024-09-02 09:00:00,66,16
139,2024-09-02 10:00:00,70,16
139,2024-09-02 11:00:00,73,16
139,2024-09-02 12:00:00,75,16
139,2024-09-02 13:00:00,75,16
139,2024-09-02 14:00:00,75,16
139,2024-09-02 15:00:00,75,16
139,2024-09-02 16:00:00,75,16
139,2024-09-02 17:00:00,75,16
139,2024-09-02 18:00:00,75,16
139,2024-09-02 19:00:00,75,16
139,2024-09-02 20:00:00,75,16
139,2024-09-02 21:00:00,75,16
139,2024-09-02 22:00:00,75,16
139,2024-09-02 23:00:00,75,16
139,2024-09-03 00:00:00,75,16
139,2024-09-03 01:00:00,75,16
139,2024-09-03 02:00:00,75,16
139,2024-09-03 03:00:00,75,16
139,2024-09-03 04:00:00,75,16
139,2024-09-03 05:00:00,75,16
139,2024-09-03 06:00:00,75,16
139,2024-09-03 07:00:00,75,16
139,2024-09-03 08:00:00,75,16
139,2024-09-03 09:00:00,75,16
139,2024-09-03 10:00:00,75,16
139,2024-09-03 11:00:00,75,16
139,2024-09-03 12:00:00,75,16
139,2024-09-03 13:00:00,75,16
139,2024-09-03 14:00:00,75,16
139,2024-09-03 15:00:00,75,16
139,2024-09-03 16:00:00,75,16
139,2024-09-03 17:00:00,75,16
139,2024-09-03 18:00:00,0,0
139,2024-09-03 19:00:00,0,0
139,2024-09-03 20:00:00,0,0
139,2024-09-03 21:00:00,0,0
139,2024-09-03 22:00:00,0,0
139,2024-09-03 23:00:00,0,0
140,2024-09-01 00:00:00,56,12
140,2024-09-01 01:00:00,56,12
140,2024-09-01 02:00:00,56,12
140,2024-09-01 03:00:00,56,12
140,2024-09-01 04:00:00,56,12
140,2024-09-01 05:00:00,56,12
140,2024-09-01 06:00:00,56,12
140,2024-09-01 07:00:00,56,12
140,2024-09-01 08:00:00,56,12
140,2024-09-01 09:00:00,56,12
140,2024-09-01 10:00:00,56,12
140,2024-09-01 11:00:00,56,12
140,2024-09-01 12:00:00,56,12
140,2024-09-01 13:00:00,56,12
140,2024-09-01 14:00:00,56,12
140,2024-09-01 15:00:00,56,12
140,2024-09-01 16:00:00,56,12
140,2024-09-01 17:00:00,56,12
140,2024-09-01 18:00:00,56,12
140,2024-09-01 19:00:00,56,12
140,2024-09-01 20:00:00,56,12
140,2024-09-01 21:00:00,56,12
140,2024-09-01 22:00:00,56,12
140,2024-09-01 23:00:00,56,12
140,2024-09-02 00:00:00,56,12
140,2024-09-02 01:00:00,56,12
140,2024-09-02 02:00:00,56,12
140,2024-09-02 03:00:00,56,12
140,2024-09-02 04:00:00,56,12
140,2024-09-02 05:00:00,56,12
140,2024-09-02 06:00:00,57,13
140,2024-09-02 07:00:00,58,14
140,2024-09-02 08:00:00,62,15
140,2024-09-02 09:00:00,65,16
140,2024-09-02 10:00:00,69,16
140,2024-09-02 11:00:00,72,16
140,2024-09-02 12:00:00,75,16
140,2024-09-02 13:00:00,75,16
140,2024-09-02 14:00:00,75,16
140,2024-09-02 15:00:00,75,16
140,2024-09-02 16:00:00,75,16
140,2024-09-02 17:00:00,75,16
140,2024-09-02 18:00:00,75,16
140,2024-09-02 19:00:00,75,16
140,2024-09-02 20:00:00,75,16
140,2024-09-02 21:00:00,75,16
140,2024-09-02 22:00:00,75,16
140,2024-09-02 23:00:00,75,16
140,2024-09-03 00:00:00,75,16
140,2024-09-03 01:00:00,75,16
140,2024-09-03 02:00:00,75,16
140,2024-09-03 03:00:00,75,16
140,2024-09-03 04:00:00,75,16
140,2024-09-03 05:00:00,75,16
140,2024-09-03 06:00:00,75,16
140,2024-09-03 07:00:00,75,16
140,2024-09-03 08:00:00,75,16
140,2024-09-03 09:00:00,75,16
140,2024-09-03 10:00:00,75,16
140,2024-09-03 11:00:00,75,16
140,2024-09-03 12:00:00,75,16
140,2024-09-03 13:00:00,75,16
140,2024-09-03 14:00:00,75,16
140,2024-09-03 15:00:00,75,16
140,2024-09-03 16:00:00,75,16
140,2024-09-03 17:00:00,75,16
140,2024-09-03 18:00:00,0,0
140,2024-09-03 19:00:00,0,0
140,2024-09-03 20:00:00,0,0
140,2024-09-03 21:00:00,0,0
140,2024-09-03 22:00:00,0,0
140,2024-09-03 23:00:00,0,0
141,2024-09-01 00:00:00,56,12
141,2024-09-01 01:00:00,56,12
141,2024-09-01 02:00:00,56,12
141,2024-09-01 03:00:00,56,12
141,2024-09-01 04:00:00,56,12
141,2024-09-01 05:00:00,56,12
141,2024-09-01 06:00:00,56,12
141,2024-09-01 07:00:00,56,12
141,2024-09-01 08:00:00,56,12
141,2024-09-01 09:00:00,56,12
141,2024-09-01 10:00:00,56,12
141,2024-09-01 11:00:00,56,12
141,2024-09-01 12:00:00,56,12
141,2024-09-01 13:00:00,56,12
141,2024-09-01 14:00:00,56,12
141,2024-09-01 15:00:00,56,12
141,2024-09-01 16:00:00,56,12
141,2024-09-01 17:00:00,56,12
141,2024-09-01 18:00:00,56,12
141,2024-09-01 19:00:00,56,12
141,2024-09-01 20:00:00,56,12
141,2024-09-01 21:00:00,56,12
141,2024-09-01 22:00:00,56,12
141,2024-09-01 23:00:00,56,12
141,2024-09-02 00:00:00,56,12
141,2024-09-02 01:00:00,56,12
141,2024-09-02 02:00:00,56,12
141,2024-09-02 03:00:00,56,12
141,2024-09-02 04:00:00,56,12
141,2024-09-02 05:00:00,56,12
141,2024-09-02 06:00:00,57,13
141,2024-09-02 07:00:00,58,14
141,2024-09-02 08:00:00,62,15
141,2024-09-02 09:00:00,65,16
141,2024-09-02 10:00:00,69,16
141,2024-09-02 11:00:00,73,16
141,2024-09-02 12:00:00,74,16
141,2024-09-02 13:00:00,75,16
141,2024-09-02 14:00:00,75,16
141,2024-09-02 15:00:00,75,16
141,2024-09-02 16:00:00,75,16
141,2024-09-02 17:00:00,75,16
141,2024-09-02 18:00:00,75,16
141,2024-09-02 19:00:00,75,16
141,2024-09-02 20:00:00,75,16
141,2024-09-02 21:00:00,75,16
141,2024-09-02 22:00:00,75,16
141,2024-09-02 23:00:00,75,16
141,2024-09-03 00:00:00,75,16
141,2024-09-03 01:00:00,75,16
141,2024-09-03 02:00:00,75,16
141,2024-09-03 03:00:00,75,16
141,2024-09-03 04:00:00,75,16
141,2024-09-03 05:00:00,75,16
141,2024-09-03 06:00:00,75,16
141,2024-09-03 07:00:00,75,16
141,2024-09-03 08:00:00,75,16
141,2024-09-03 09:00:00,75,16
141,2024-09-03 10:00:00,75,16
141,2024-09-03 11:00:00,75,16
141,2024-09-03 12:00:00,75,16
141,2024-09-03 13:00:00,75,16
141,2024-09-03 14:00:00,75,16
141,2024-09-03 15:00:00,75,16
141,2024-09-03 16:00:00,75,16
141,2024-09-03 17:00:00,75,16
141,2024-09-03 18:00:00,0,0
141,2024-09-03 19:00:00,0,0
141,2024-09-03 20:00:00,0,0
141,2024-09-03 21:00:00,0,0
141,2024-09-03 22:00:00,0,0
141,2024-09-03 23:00:00,0,0
142,2024-09-01 00:00:00,56,12
142,2024-09-01 01:00:00,56,12
142,2024-09-01 02:00:00,56,12
142,2024-09-01 03:00:00,56,12
142,2024-09-01 04:00:00,56,12
142,2024-09-01 05:00:00,56,12
142,2024-09-01 06:00:00,56,12
142,2024-09-01 07:00:00,56,12
142,2024-09-01 08:00:00,56,12
142,2024-09-01 09:00:00,56,12
142,2024-09-01 10:00:00,56,12
142,2024-09-01 11:00:00,56,12
142,2024-09-01 12:00:00,56,12
142,2024-09-01 13:00:00,56,12
142,2024-09-01 14:00:00,56,12
142,2024-09-01 15:00:00,56,12
142,2024-09-01 16:00:00,56,12
142,2024-09-01 17:00:00,56,12
142,2024-09-01 18:00:00,56,12
142,2024-09-01 19:00:00,56,12
142,2024-09-01 20:00:00,56,12
142,2024-09-01 21:00:00,56,12
142,2024-09-01 22:00:00,56,12
142,2024-09-01 23:00:00,56,12
142,2024-09-02 00:00:00,56,12
142,2024-09-02 01:00:00,56,12
142,2024-09-02 02:00:00,56,12
142,2024-09-02 03:00:00,56,12
142,2024-09-02 04:00:00,56,12
142,2024-09-02 05:00:00,56,12
142,2024-09-02 06:00:00,57,13
142,2024-09-02 07:00:00,58,14
142,2024-09-02 08:00:00,62,15
142,2024-09-02 09:00:00,65,16
142,2024-09-02 10:00:00,69,16
142,2024-09-02 11:00:00,72,16
142,2024-09-02 12:00:00,75,16
142,2024-09-02 13:00:00,75,16
142,2024-09-02 14:00:00,75,16
142,2024-09-02 15:00:00,75,16
142,2024-09-02 16:00:00,75,16
142,2024-09-02 17:00:00,75,16
142,2024-09-02 18:00:00,75,16
142,2024-09-02 19:00:00,75,16
142,2024-09-02 20:00:00,75,16
142,2024-09-02 21:00:00,75,16
142,2024-09-02 22:00:00,75,16
142,2024-09-02 23:00:00,75,16
142,2024-09-03 00:00:00,75,16
142,2024-09-03 01:00:00,75,16
142,2024-09-03 02:00:00,75,16
142,2024-09-03 03:00:00,75,16
142,2024-09-03 04:00:00,75,16
142,2024-09-03 05:00:00,75,16
142,2024-09-03 06:00:00,75,16
142,2024-09-03 07:00:00,75,16
142,2024-09-03 08:00:00,75,16
142,2024-09-03 09:00:00,75,16
142,2024-09-03 10:00:00,75,16
142,2024-09-03 11:00:00,75,16
142,2024-09-03 12:00:00,75,16
142,2024-09-03 13:00:00,75,16
142,2024-09-03 14:00:00,75,16
142,2024-09-03 15:00:00,75,16
142,2024-09-03 16:00:00,75,16
142,2024-09-03 17:00:00,75,16
142,2024-09-03 18:00:00,0,0
142,2024-09-03 19:00:00,0,0
142,2024-09-03 20:00:00,0,0
142,2024-09-03 21:00:00,0,0
142,2024-09-03 22:00:00,0,0
142,2024-09-03 23:00:00,0,0
143,2024-09-01 00:00:00,56,12
143,2024-09-01 01:00:00,56,12
143,2024-09-01 02:00:00,56,12
143,2024-09-01 03:00:00,56,12
143,2024-09-01 04:00:00,56,12
143,2024-09-01 05:00:00,56,12
143,2024-09-01 06:00:00,56,12
143,2024-09-01 07:00:00,56,12
143,2024-09-01 08:00:00,56,12
143,2024-09-01 09:00:00,56,12
143,2024-09-01 10:00:00,56,12
143,2024-09-01 11:00:00,56,12
143,2024-09-01 12:00:00,56,12
143,2024-09-01 13:00:00,56,12
143,2024-09-01 14:00:00,56,12
143,2024-09-01 15:00:00,56,12
143,2024-09-01 16:00:00,56,12
143,2024-09-01 17:00:00,56,12
143,2024-09-01 18:00:00,56,12
143,2024-09-01 19:00:00,56,12
143,2024-09-01 20:00:00,56,12
143,2024-09-01 21:00:00,56,12
143,2024-09-01 22:00:00,56,12
143,2024-09-01 23:00:00,56,12
143,2024-09-02 00:00:00,56,12
143,2024-09-02 01:00:00,56,12
143,2024-09-02 02:00:00,56,12
143,2024-09-02 03:00:00,56,12
143,2024-09-02 04:00:00,56,12
143,2024-09-02 05:00:00,56,12
143,2024-09-02 06:00:00,57,13
143,2024-09-02 07:00:00,58,14
143,2024-09-02 08:00:00,62,15
143,2024-09-02 09:00:00,65,16
143,2024-09-02 10:00:00,69,16
143,2024-09-02 11:00:00,73,16
143,2024-09-02 12:00:00,74,16
143,2024-09-02 13:00:00,75,16
143,2024-09-02 14:00:00,75,16
143,2024-09-02 15:00:00,75,16
143,2024-09-02 16:00:00,75,16
143,2024-09-02 17:00:00,75,16
143,2024-09-02 18:00:00,75,16
143,2024-09-02 19:00:00,75,16
143,2024-09-02 20:00:00,75,16
143,2024-09-02 21:00:00,75,16
143,2024-09-02 22:00:00,75,16
143,2024-09-02 23:00:00,75,16
143,2024-09-03 00:00:00,75,16
143,2024-09-03 01:00:00,75,16
143,2024-09-03 02:00:00,75,16
143,2024-09-03 03:00:00,75,16
143,2024-09-03 04:00:00,75,16
143,2024-09-03 05:00:00,75,16
143,2024-09-03 06:00:00,75,16
143,2024-09-03 07:00:00,75,16
143,2024-09-03 08:00:00,75,16
143,2024-09-03 09:00:00,75,16
143,2024-09-03 10:00:00,75,16
143,2024-09-03 11:00:00,75,16
143,2024-09-03 12:00:00,75,16
143,2024-09-03 13:00:00,75,16
143,2024-09-03 14:00:00,75,16
143,2024-09-03 15:00:00,75,16
143,2024-09-03 16:00:00,75,16
143,2024-09-03 17:00:00,75,16
143,2024-09-03 18:00:00,0,0
143,2024-09-03 19:00:00,0,0
143,2024-09-03 20:00:00,0,0
143,2024-09-03 21:00:00,0,0
143,2024-09-03 22:00:00,0,0
143,2024-09-03 23:00:00,0,0
144,2024-09-01 00:00:00,56,12
144,2024-09-01 01:00:00,56,12
144,2024-09-01 02:00:00,56,12
144,2024-09-01 03:00:00,56,12
144,2024-09-01 04:00:00,56,12
144,2024-09-01 05:00:00,56,12
144,2024-09-01 06:00:00,56,12
144,2024-09-01 07:00:00,56,12
144,2024-09-01 08:00:00,56,12
144,2024-09-01 09:00:00,56,12
144,2024-09-01 10:00:00,56,12
144,2024-09-01 11:00:00,56,12
144,2024-09-01 12:00:00,56,12
144,2024-09-01 13:00:00,56,12
144,2024-09-01 14:00:00,56,12
144,2024-09-01 15:00:00,56,12
144,2024-09-01 16:00:00,56,12
144,2024-09-01 17:00:00,56,12
144,2024-09-01 18:00:00,56,12
144,2024-09-01 19:00:00,56,12
144,2024-09-01 20:00:00,56,12
144,2024-09-01 21:00:00,56,12
144,2024-09-01 22:00:00,56,12
144,2024-09-01 23:00:00,56,12
144,2024-09-02 00:00:00,56,12
144,2024-09-02 01:00:00,56,12
144,2024-09-02 02:00:00,56,12
144,2024-09-02 03:00:00,56,12
144,2024-09-02 04:00:00,56,12
144,2024-09-02 05:00:00,56,12
144,2024-09-02 06:00:00,57,13
144,2024-09-02 07:00:00,58,14
144,2024-09-02 08:00:00,62,15
144,2024-09-02 09:00:00,65,16
144,2024-09-02 10:00:00,69,16
144,2024-09-02 11:00:00,72,16
144,2024-09-02 12:00:00,74,16
144,2024-09-02 13:00:00,75,16
144,2024-09-02 14:00:00,75,16
144,2024-09-02 15:00:00,75,16
144,2024-09-02 16:00:00,75,16
144,2024-09-02 17:00:00,75,16
144,2024-09-02 18:00:00,75,16
144,2024-09-02 19:00:00,75,16
144,2024-09-02 20:00:00,75,16
144,2024-09-02 21:00:00,75,16
144,2024-09-02 22:00:00,75,16
144,2024-09-02 23:00:00,75,16
144,2024-09-03 00:00:00,75,16
144,2024-09-03 01:00:00,75,16
144,2024-09-03 02:00:00,75,16
144,2024-09-03 03:00:00,75,16
144,2024-09-03 04:00:00,75,16
144,2024-09-03 05:00:00,75,16
144,2024-09-03 06:00:00,75,16
144,2024-09-03 07:00:00,75,16
144,2024-09-03 08:00:00,75,16
144,2024-09-03 09:00:00,75,16
144,2024-09-03 10:00:00,75,16
144,2024-09-03 11:00:00,75,16
144,2024-09-03 12:00:00,75,16
144,2024-09-03 13:00:00,75,16
144,2024-09-03 14:00:00,75,16
144,2024-09-03 15:00:00,75,16
144,2024-09-03 16:00:00,75,16
144,2024-09-03 17:00:00,75,16
144,2024-09-03 18:00:00,0,0
144,2024-09-03 19:00:00,0,0
144,2024-09-03 20:00:00,0,0
144,2024-09-03 21:00:00,0,0
144,2024-09-03 22:00:00,0,0
144,2024-09-03 23:00:00,0,0
145,2024-09-01 00:00:00,56,12
145,2024-09-01 01:00:00,56,12
145,2024-09-01 02:00:00,56,12
145,2024-09-01 03:00:00,56,12
145,2024-09-01 04:00:00,56,12
145,2024-09-01 05:00:00,56,12
145,2024-09-01 06:00:00,56,12
145,2024-09-01 07:00:00,56,12
145,2024-09-01 08:00:00,56,12
145,2024-09-01 09:00:00,56,12
145,2024-09-01 10:00:00,56,12
145,2024-09-01 11:00:00,56,12
145,2024-09-01 12:00:00,56,12
145,2024-09-01 13:00:00,56,12
145,2024-09-01 14:00:00,56,12
145,2024-09-01 15:00:00,56,12
145,2024-09-01 16:00:00,56,12
145,2024-09-01 17:00:00,56,12
145,2024-09-01 18:00:00,56,12
145,2024-09-01 19:00:00,56,12
145,2024-09-01 20:00:00,56,12
145,2024-09-01 21:00:00,56,12
145,2024-09-01 22:00:00,56,12
145,2024-09-01 23:00:00,56,12
145,2024-09-02 00:00:00,56,12
145,2024-09-02 01:00:00,56,12
145,2024-09-02 02:00:00,56,12
145,2024-09-02 03:00:00,56,12
145,2024-09-02 04:00:00,56,12
145,2024-09-02 05:00:00,56,12
145,2024-09-02 06:00:00,57,13
145,2024-09-02 07:00:00,58,14
145,2024-09-02 08:00:00,62,15
145,2024-09-02 09:00:00,65,16
145,2024-09-02 10:00:00,70,16
145,2024-09-02 11:00:00,73,16
145,2024-09-02 12:00:00,75,16
145,2024-09-02 13:00:00,75,16
145,2024-09-02 14:00:00,75,16
145,2024-09-02 15:00:00,75,16
145,2024-09-02 16:00:00,75,16
145,2024-09-02 17:00:00,75,16
145,2024-09-02 18:00:00,75,16
145,2024-09-02 19:00:00,75,16
145,2024-09-02 20:00:00,75,16
145,2024-09-02 21:00:00,75,16
145,2024-09-02 22:00:00,75,16
145,2024-09-02 23:00:00,75,16
145,2024-09-03 00:00:00,75,16
145,2024-09-03 01:00:00,75,16
145,2024-09-03 02:00:00,75,16
145,2024-09-03 03:00:00,75,16
145,2024-09-03 04:00:00,75,16
145,2024-09-03 05:00:00,75,16
145,2024-09-03 06:00:00,75,16
145,2024-09-03 07:00:00,75,16
145,2024-09-03 08:00:00,75,16
145,2024-09-03 09:00:00,75,16
145,2024-09-03 10:00:00,75,16
145,2024-09-03 11:00:00,75,16
145,2024-09-03 12:00:00,75,16
145,2024-09-03 13:00:00,75,16
145,2024-09-03 14:00:00,75,16
145,2024-09-03 15:00:00,75,16
145,2024-09-03 16:00:00,75,16
145,2024-09-03 17:00:00,75,16
145,2024-09-03 18:00:00,0,0
145,2024-09-03 19:00:00,0,0
145,2024-09-03 20:00:00,0,0
145,2024-09-03 21:00:00,0,0
145,2024-09-03 22:00:00,0,0
145,2024-09-03 23:00:00,0,0
146,2024-09-01 00:00:00,57,12
146,2024-09-01 01:00:00,57,12
146,2024-09-01 02:00:00,57,12
146,2024-09-01 03:00:00,57,12
146,2024-09-01 04:00:00,57,12
146,2024-09-01 05:00:00,57,12
146,2024-09-01 06:00:00,57,12
146,2024-09-01 07:00:00,57,12
146,2024-09-01 08:00:00,57,12
146,2024-09-01 09:00:00,57,12
146,2024-09-01 10:00:00,57,12
146,2024-09-01 11:00:00,57,12
146,2024-09-01 12:00:00,57,12
146,2024-09-01 13:00:00,57,12
146,2024-09-01 14:00:00,57,12
146,2024-09-01 15:00:00,57,12
146,2024-09-01 16:00:00,57,12
146,2024-09-01 17:00:00,57,12
146,2024-09-01 18:00:00,57,12
146,2024-09-01 19:00:00,57,12
146,2024-09-01 20:00:00,57,12
146,2024-09-01 21:00:00,57,12
146,2024-09-01 22:00:00,57,12
146,2024-09-01 23:00:00,57,12
146,2024-09-02 00:00:00,57,12
146,2024-09-02 01:00:00,57,12
146,2024-09-02 02:00:00,57,12
146,2024-09-02 03:00:00,57,12
146,2024-09-02 04:00:00,57,12
146,2024-09-02 05:00:00,57,12
146,2024-09-02 06:00:00,58,13
146,2024-09-02 07:00:00,59,14
146,2024-09-02 08:00:00,63,15
146,2024-09-02 09:00:00,66,16
146,2024-09-02 10:00:00,70,16
146,2024-09-02 11:00:00,72,16
146,2024-09-02 12:00:00,74,16
146,2024-09-02 13:00:00,75,16
146,2024-09-02 14:00:00,75,16
146,2024-09-02 15:00:00,75,16
146,2024-09-02 16:00:00,75,16
146,2024-09-02 17:00:00,75,16
146,2024-09-02 18:00:00,75,16
146,2024-09-02 19:00:00,75,16
146,2024-09-02 20:00:00,75,16
146,2024-09-02 21:00:00,75,16
146,2024-09-02 22:00:00,75,16
146,2024-09-02 23:00:00,75,16
146,2024-09-03 00:00:00,75,16
146,2024-09-03 01:00:00,75,16
146,2024-09-03 02:00:00,75,16
146,2024-09-03 03:00:00,75,16
146,2024-09-03 04:00:00,75,16
146,2024-09-03 05:00:00,75,16
146,2024-09-03 06:00:00,75,16
146,2024-09-03 07:00:00,75,16
146,2024-09-03 08:00:00,75,16
146,2024-09-03 09:00:00,75,16
146,2024-09-03 10:00:00,75,16
146,2024-09-03 11:00:00,75,16
146,2024-09-03 12:00:00,75,16
146,2024-09-03 13:00:00,75,16
146,2024-09-03 14:00:00,75,16
146,2024-09-03 15:00:00,75,16
146,2024-09-03 16:00:00,75,16
146,2024-09-03 17:00:00,75,16
146,2024-09-03 18:00:00,0,0
146,2024-09-03 19:00:00,0,0
146,2024-09-03 20:00:00,0,0
146,2024-09-03 21:00:00,0,0
146,2024-09-03 22:00:00,0,0
146,2024-09-03 23:00:00,0,0
147,2024-09-01 00:00:00,55,12
147,2024-09-01 01:00:00,55,12
147,2024-09-01 02:00:00,55,12
147,2024-09-01 03:00:00,55,12
147,2024-09-01 04:00:00,55,12
147,2024-09-01 05:00:00,55,12
147,2024-09-01 06:00:00,55,12
147,2024-09-01 07:00:00,55,12
147,2024-09-01 08:00:00,55,12
147,2024-09-01 09:00:00,55,12
147,2024-09-01 10:00:00,55,12
147,2024-09-01 11:00:00,55,12
147,2024-09-01 12:00:00,55,12
147,2024-09-01 13:00:00,55,12
147,2024-09-01 14:00:00,55,12
147,2024-09-01 15:00:00,55,12
147,2024-09-01 16:00:00,55,12
147,2024-09-01 17:00:00,55,12
147,2024-09-01 18:00:00,55,12
147,2024-09-01 19:00:00,55,12
147,2024-09-01 20:00:00,55,12
147,2024-09-01 21:00:00,55,12
147,2024-09-01 22:00:00,55,12
147,2024-09-01 23:00:00,55,12
147,2024-09-02 00:00:00,55,12
147,2024-09-02 01:00:00,55,12
147,2024-09-02 02:00:00,55,12
147,2024-09-02 03:00:00,55,12
147,2024-09-02 04:00:00,55,12
147,2024-09-02 05:00:00,55,12
147,2024-09-02 06:00:00,56,13
147,2024-09-02 07:00:00,57,14
147,2024-09-02 08:00:00,61,15
147,2024-09-02 09:00:00,64,16
147,2024-09-02 10:00:00,68,16
147,2024-09-02 11:00:00,72,16
147,2024-09-02 12:00:00,75,16
147,2024-09-02 13:00:00,75,16
147,2024-09-02 14:00:00,75,16
147,2024-09-02 15:00:00,75,16
147,2024-09-02 16:00:00,75,16
147,2024-09-02 17:00:00,75,16
147,2024-09-02 18:00:00,75,16
147,2024-09-02 19:00:00,75,16
147,2024-09-02 20:00:00,75,16
147,2024-09-02 21:00:00,75,16
147,2024-09-02 22:00:00,75,16
147,2024-09-02 23:00:00,75,16
147,2024-09-03 00:00:00,75,16
147,2024-09-03 01:00:00,75,16
147,2024-09-03 02:00:00,75,16
147,2024-09-03 03:00:00,75,16
147,2024-09-03 04:00:00,75,16
147,2024-09-03 05:00:00,75,16
147,2024-09-03 06:00:00,75,16
147,2024-09-03 07:00:00,75,16
147,2024-09-03 08:00:00,75,16
147,2024-09-03 09:00:00,75,16
147,2024-09-03 10:00:00,75,16
147,2024-09-03 11:00:00,75,16
147,2024-09-03 12:00:00,75,16
147,2024-09-03 13:00:00,75,16
147,2024-09-03 14:00:00,75,16
147,2024-09-03 15:00:00,75,16
147,2024-09-03 16:00:00,75,16
147,2024-09-03 17:00:00,75,16
147,2024-09-03 18:00:00,0,0
147,2024-09-03 19:00:00,0,0
147,2024-09-03 20:00:00,0,0
147,2024-09-03 21:00:00,0,0
147,2024-09-03 22:00:00,0,0
147,2024-09-03 23:00:00,0,0
148,2024-09-01 00:00:00,57,12
148,2024-09-01 01:00:00,57,12
148,2024-09-01 02:00:00,57,12
148,2024-09-01 03:00:00,57,12
148,2024-09-01 04:00:00,57,12
148,2024-09-01 05:00:00,57,12
148,2024-09-01 06:00:00,57,12
148,2024-09-01 07:00:00,57,12
148,2024-09-01 08:00:00,57,12
148,2024-09-01 09:00:00,57,12
148,2024-09-01 10:00:00,57,12
148,2024-09-01 11:00:00,57,12
148,2024-09-01 12:00:00,57,12
148,2024-09-01 13:00:00,57,12
148,2024-09-01 14:00:00,57,12
148,2024-09-01 15:00:00,57,12
148,2024-09-01 16:00:00,57,12
148,2024-09-01 17:00:00,57,12
148,2024-09-01 18:00:00,57,12
148,2024-09-01 19:00:00,57,12
148,2024-09-01 20:00:00,57,12
148,2024-09-01 21:00:00,57,12
148,2024-09-01 22:00:00,57,12
148,2024-09-01 23:00:00,57,12
148,2024-09-02 00:00:00,57,12
148,2024-09-02 01:00:00,57,12
148,2024-09-02 02:00:00,57,12
148,2024-09-02 03:00:00,57,12
148,2024-09-02 04:00:00,57,12
148,2024-09-02 05:00:00,57,12
148,2024-09-02 06:00:00,58,13
148,2024-09-02 07:00:00,59,14
148,2024-09-02 08:00:00,62,15
148,2024-09-02 09:00:00,65,16
148,2024-09-02 10:00:00,70,16
148,2024-09-02 11:00:00,72,16
148,2024-09-02 12:00:00,75,16
148,2024-09-02 13:00:00,75,16
148,2024-09-02 14:00:00,75,16
148,2024-09-02 15:00:00,75,16
148,2024-09-02 16:00:00,75,16
148,2024-09-02 17:00:00,75,16
148,2024-09-02 18:00:00,75,16
148,2024-09-02 19:00:00,75,16
148,2024-09-02 20:00:00,75,16
148,2024-09-02 21:00:00,75,16
148,2024-09-02 22:00:00,75,16
148,2024-09-02 23:00:00,75,16
148,2024-09-03 00:00:00,75,16
148,2024-09-03 01:00:00,75,16
148,2024-09-03 02:00:00,75,16
148,2024-09-03 03:00:00,75,16
148,2024-09-03 04:00:00,75,16
148,2024-09-03 05:00:00,75,16
148,2024-09-03 06:00:00,75,16
148,2024-09-03 07:00:00,75,16
148,2024-09-03 08:00:00,75,16
148,2024-09-03 09:00:00,75,16
148,2024-09-03 10:00:00,75,16
148,2024-09-03 11:00:00,75,16
148,2024-09-03 12:00:00,75,16
148,2024-09-03 13:00:00,75,16
148,2024-09-03 14:00:00,75,16
148,2024-09-03 15:00:00,75,16
148,2024-09-03 16:00:00,75,16
148,2024-09-03 17:00:00,75,16
148,2024-09-03 18:00:00,0,0
148,2024-09-03 19:00:00,0,0
148,2024-09-03 20:00:00,0,0
148,2024-09-03 21:00:00,0,0
148,2024-09-03 22:00:00,0,0
148,2024-09-03 23:00:00,0,0
149,2024-09-01 00:00:00,56,12
149,2024-09-01 01:00:00,56,12
149,2024-09-01 02:00:00,56,12
149,2024-09-01 03:00:00,56,12
149,2024-09-01 04:00:00,56,12
149,2024-09-01 05:00:00,56,12
149,2024-09-01 06:00:00,56,12
149,2024-09-01 07:00:00,56,12
149,2024-09-01 08:00:00,56,12
149,2024-09-01 09:00:00,56,12
149,2024-09-01 10:00:00,56,12
149,2024-09-01 11:00:00,56,12
149,2024-09-01 12:00:00,56,12
149,2024-09-01 13:00:00,56,12
149,2024-09-01 14:00:00,56,12
149,2024-09-01 15:00:00,56,12
149,2024-09-01 16:00:00,56,12
149,2024-09-01 17:00:00,56,12
149,2024-09-01 18:00:00,56,12
149,2024-09-01 19:00:00,56,12
149,2024-09-01 20:00:00,56,12
149,2024-09-01 21:00:00,56,12
149,2024-09-01 22:00:00,56,12
149,2024-09-01 23:00:00,56,12
149,2024-09-02 00:00:00,56,12
149,2024-09-02 01:00:00,56,12
149,2024-09-02 02:00:00,56,12
149,2024-09-02 03:00:00,56,12
149,2024-09-02 04:00:00,56,12
149,2024-09-02 05:00:00,56,12
149,2024-09-02 06:00:00,57,13
149,2024-09-02 07:00:00,58,14
149,2024-09-02 08:00:00,62,15
149,2024-09-02 09:00:00,65,16
149,2024-09-02 10:00:00,69,16
149,2024-09-02 11:00:00,72,16
149,2024-09-02 12:00:00,74,16
149,2024-09-02 13:00:00,75,16
149,2024-09-02 14:00:00,75,16
149,2024-09-02 15:00:00,75,16
149,2024-09-02 16:00:00,75,16
149,2024-09-02 17:00:00,75,16
149,2024-09-02 18:00:00,75,16
149,2024-09-02 19:00:00,75,16
149,2024-09-02 20:00:00,75,16
149,2024-09-02 21:00:00,75,16
149,2024-09-02 22:00:00,75,16
149,2024-09-02 23:00:00,75,16
149,2024-09-03 00:00:00,75,16
149,2024-09-03 01:00:00,75,16
149,2024-09-03 02:00:00,75,16
149,2024-09-03 03:00:00,75,16
149,2024-09-03 04:00:00,75,16
149,2024-09-03 05:00:00,75,16
149,2024-09-03 06:00:00,75,16
149,2024-09-03 07:00:00,75,16
149,2024-09-03 08:00:00,75,16
149,2024-09-03 09:00:00,75,16
149,2024-09-03 10:00:00,75,16
149,2024-09-03 11:00:00,75,16
149,2024-09-03 12:00:00,75,16
149,2024-09-03 13:00:00,75,16
149,2024-09-03 14:00:00,75,16
149,2024-09-03 15:00:00,75,16
149,2024-09-03 16:00:00,75,16
149,2024-09-03 17:00:00,75,16
149,2024-09-03 18:00:00,0,0
149,2024-09-03 19:00:00,0,0
149,2024-09-03 20:00:00,0,0
149,2024-09-03 21:00:00,0,0
149,2024-09-03 22:00:00,0,0
149,2024-09-03 23:00:00,0,0
150,2024-09-01 00:00:00,55,12
150,2024-09-01 01:00:00,55,12
150,2024-09-01 02:00:00,55,12
150,2024-09-01 03:00:00,55,12
150,2024-09-01 04:00:00,55,12
150,2024-09-01 05:00:00,55,12
150,2024-09-01 06:00:00,55,12
150,2024-09-01 07:00:00,55,12
150,2024-09-01 08:00:00,55,12
150,2024-09-01 09:00:00,55,12
150,2024-09-01 10:00:00,55,12
150,2024-09-01 11:00:00,55,12
150,2024-09-01 12:00:00,55,12
150,2024-09-01 13:00:00,55,12
150,2024-09-01 14:00:00,55,12
150,2024-09-01 15:00:00,55,12
150,2024-09-01 16:00:00,55,12
150,2024-09-01 17:00:00,55,12
150,2024-09-01 18:00:00,55,12
150,2024-09-01 19:00:00,55,12
150,2024-09-01 20:00:00,55,12
150,2024-09-01 21:00:00,55,12
150,2024-09-01 22:00:00,55,12
150,2024-09-01 23:00:00,55,12
150,2024-09-02 00:00:00,55,12
150,2024-09-02 01:00:00,55,12
150,2024-09-02 02:00:00,55,12
150,2024-09-02 03:00:00,55,12
150,2024-09-02 04:00:00,55,12
150,2024-09-02 05:00:00,55,12
150,2024-09-02 06:00:00,56,13
150,2024-09-02 07:00:00,57,14
150,2024-09-02 08:00:00,61,15
150,2024-09-02 09:00:00,64,16
150,2024-09-02 10:00:00,69,16
150,2024-09-02 11:00:00,72,16
150,2024-09-02 12:00:00,74,16
150,2024-09-02 13:00:00,75,16
150,2024-09-02 14:00:00,75,16
150,2024-09-02 15:00:00,75,16
150,2024-09-02 16:00:00,75,16
150,2024-09-02 17:00:00,75,16
150,2024-09-02 18:00:00,75,16
150,2024-09-02 19:00:00,75,16
150,2024-09-02 20:00:00,75,16
150,2024-09-02 21:00:00,75,16
150,2024-09-02 22:00:00,75,16
150,2024-09-02 23:00:00,75,16
150,2024-09-03 00:00:00,75,16
150,2024-09-03 01:00:00,75,16
150,2024-09-03 02:00:00,75,16
150,2024-09-03 03:00:00,75,16
150,2024-09-03 04:00:00,75,16
150,2024-09-03 05:00:00,75,16
150,2024-09-03 06:00:00,75,16
150,2024-09-03 07:00:00,75,16
150,2024-09-03 08:00:00,75,16
150,2024-09-03 09:00:00,75,16
150,2024-09-03 10:00:00,75,16
150,2024-09-03 11:00:00,75,16
150,2024-09-03 12:00:00,75,16
150,2024-09-03 13:00:00,75,16
150,2024-09-03 14:00:00,75,16
150,2024-09-03 15:00:00,75,16
150,2024-09-03 16:00:00,75,16
150,2024-09-03 17:00:00,75,16
150,2024-09-03 18:00:00,0,0
150,2024-09-03 19:00:00,0,0
150,2024-09-03 20:00:00,0,0
150,2024-09-03 21:00:00,0,0
150,2024-09-03 22:00:00,0,0
150,2024-09-03 23:00:00,0,0
151,2024-09-01 00:00:00,57,12
151,2024-09-01 01:00:00,57,12
151,2024-09-01 02:00:00,57,12
151,2024-09-01 03:00:00,57,12
151,2024-09-01 04:00:00,57,12
151,2024-09-01 05:00:00,57,12
151,2024-09-01 06:00:00,57,12
151,2024-09-01 07:00:00,57,12
151,2024-09-01 08:00:00,57,12
151,2024-09-01 09:00:00,57,12
151,2024-09-01 10:00:00,57,12
151,2024-09-01 11:00:00,57,12
151,2024-09-01 12:00:00,57,12
151,2024-09-01 13:00:00,57,12
151,2024-09-01 14:00:00,57,12
151,2024-09-01 15:00:00,57,12
151,2024-09-01 16:00:00,57,12
151,2024-09-01 17:00:00,57,12
151,2024-09-01 18:00:00,57,12
151,2024-09-01 19:00:00,57,12
151,2024-09-01 20:00:00,57,12
151,2024-09-01 21:00:00,57,12
151,2024-09-01 22:00:00,57,12
151,2024-09-01 23:00:00,57,12
151,2024-09-02 00:00:00,57,12
151,2024-09-02 01:00:00,57,12
151,2024-09-02 02:00:00,57,12
151,2024-09-02 03:00:00,57,12
151,2024-09-02 04:00:00,57,12
151,2024-09-02 05:00:00,57,12
151,2024-09-02 06:00:00,58,13
151,2024-09-02 07:00:00,59,14
151,2024-09-02 08:00:00,63,15
151,2024-09-02 09:00:00,66,16
151,2024-09-02 10:00:00,70,16
151,2024-09-02 11:00:00,73,16
151,2024-09-02 12:00:00,74,16
151,2024-09-02 13:00:00,75,16
151,2024-09-02 14:00:00,75,16
151,2024-09-02 15:00:00,75,16
151,2024-09-02 16:00:00,75,16
151,2024-09-02 17:00:00,75,16
151,2024-09-02 18:00:00,75,16
151,2024-09-02 19:00:00,75,16
151,2024-09-02 20:00:00,75,16
151,2024-09-02 21:00:00,75,16
151,2024-09-02 22:00:00,75,16
151,2024-09-02 23:00:00,75,16
151,2024-09-03 00:00:00,75,16
151,2024-09-03 01:00:00,75,16
151,2024-09-03 02:00:00,75,16
151,2024-09-03 03:00:00,75,16
151,2024-09-03 04:00:00,75,16
151,2024-09-03 05:00:00,75,16
151,2024-09-03 06:00:00,75,16
151,2024-09-03 07:00:00,75,16
151,2024-09-03 08:00:00,75,16
151,2024-09-03 09:00:00,75,16
151,2024-09-03 10:00:00,75,16
151,2024-09-03 11:00:00,75,16
151,2024-09-03 12:00:00,75,16
151,2024-09-03 13:00:00,75,16
151,2024-09-03 14:00:00,75,16
151,2024-09-03 15:00:00,75,16
151,2024-09-03 16:00:00,75,16
151,2024-09-03 17:00:00,75,16
151,2024-09-03 18:00:00,0,0
151,2024-09-03 19:00:00,0,0
151,2024-09-03 20:00:00,0,0
151,2024-09-03 21:00:00,0,0
151,2024-09-03 22:00:00,0,0
151,2024-09-03 23:00:00,0,0
152,2024-09-01 00:00:00,57,12
152,2024-09-01 01:00:00,57,12
152,2024-09-01 02:00:00,57,12
152,2024-09-01 03:00:00,57,12
152,2024-09-01 04:00:00,57,12
152,2024-09-01 05:00:00,57,12
152,2024-09-01 06:00:00,57,12
152,2024-09-01 07:00:00,57,12
152,2024-09-01 08:00:00,57,12
152,2024-09-01 09:00:00,57,12
152,2024-09-01 10:00:00,57,12
152,2024-09-01 11:00:00,57,12
152,2024-09-01 12:00:00,57,12
152,2024-09-01 13:00:00,57,12
152,2024-09-01 14:00:00,57,12
152,2024-09-01 15:00:00,57,12
152,2024-09-01 16:00:00,57,12
152,2024-09-01 17:00:00,57,12
152,2024-09-01 18:00:00,57,12
152,2024-09-01 19:00:00,57,12
152,2024-09-01 20:00:00,57,12
152,2024-09-01 21:00:00,57,12
152,2024-09-01 22:00:00,57,12
152,2024-09-01 23:00:00,57,12
152,2024-09-02 00:00:00,57,12
152,2024-09-02 01:00:00,57,12
152,2024-09-02 02:00:00,57,12
152,2024-09-02 03:00:00,57,12
152,2024-09-02 04:00:00,57,12
152,2024-09-02 05:00:00,57,12
152,2024-09-02 06:00:00,58,13
152,2024-09-02 07:00:00,59,14
152,2024-09-02 08:00:00,63,15
152,2024-09-02 09:00:00,66,16
152,2024-09-02 10:00:00,70,16
152,2024-09-02 11:00:00,73,16
152,2024-09-02 12:00:00,74,16
152,2024-09-02 13:00:00,75,16
152,2024-09-02 14:00:00,75,16
152,2024-09-02 15:00:00,75,16
152,2024-09-02 16:00:00,75,16
152,2024-09-02 17:00:00,75,16
152,2024-09-02 18:00:00,75,16
152,2024-09-02 19:00:00,75,16
152,2024-09-02 20:00:00,75,16
152,2024-09-02 21:00:00,75,16
152,2024-09-02 22:00:00,75,16
152,2024-09-02 23:00:00,75,16
152,2024-09-03 00:00:00,75,16
152,2024-09-03 01:00:00,75,16
152,2024-09-03 02:00:00,75,16
152,2024-09-03 03:00:00,75,16
152,2024-09-03 04:00:00,75,16
152,2024-09-03 05:00:00,75,16
152,2024-09-03 06:00:00,75,16
152,2024-09-03 07:00:00,75,16
152,2024-09-03 08:00:00,75,16
152,2024-09-03 09:00:00,75,16
152,2024-09-03 10:00:00,75,16
152,2024-09-03 11:00:00,75,16
152,2024-09-03 12:00:00,75,16
152,2024-09-03 13:00:00,75,16
152,2024-09-03 14:00:00,75,16
152,2024-09-03 15:00:00,75,16
152,2024-09-03 16:00:00,75,16
152,2024-09-03 17:00:00,75,16
152,2024-09-03 18:00:00,0,0
152,2024-09-03 19:00:00,0,0
152,2024-09-03 20:00:00,0,0
152,2024-09-03 21:00:00,0,0
152,2024-09-03 22:00:00,0,0
152,2024-09-03 23:00:00,0,0
153,2024-09-01 00:00:00,55,12
153,2024-09-01 01:00:00,55,12
153,2024-09-01 02:00:00,55,12
153,2024-09-01 03:00:00,55,12
153,2024-09-01 04:00:00,55,12
153,2024-09-01 05:00:00,55,12
153,2024-09-01 06:00:00,55,12
153,2024-09-01 07:00:00,55,12
153,2024-09-01 08:00:00,55,12
153,2024-09-01 09:00:00,55,12
153,2024-09-01 10:00:00,55,12
153,2024-09-01 11:00:00,55,12
153,2024-09-01 12:00:00,55,12
153,2024-09-01 13:00:00,55,12
153,2024-09-01 14:00:00,55,12
153,2024-09-01 15:00:00,55,12
153,2024-09-01 16:00:00,55,12
153,2024-09-01 17:00:00,55,12
153,2024-09-01 18:00:00,55,12
153,2024-09-01 19:00:00,55,12
153,2024-09-01 20:00:00,55,12
153,2024-09-01 21:00:00,55,12
153,2024-09-01 22:00:00,55,12
153,2024-09-01 23:00:00,55,12
153,2024-09-02 00:00:00,55,12
153,2024-09-02 01:00:00,55,12
153,2024-09-02 02:00:00,55,12
153,2024-09-02 03:00:00,55,12
153,2024-09-02 04:00:00,55,12
153,2024-09-02 05:00:00,55,12
153,2024-09-02 06:00:00,56,13
153,2024-09-02 07:00:00,57,14
153,2024-09-02 08:00:00,61,15
153,2024-09-02 09:00:00,64,16
153,2024-09-02 10:00:00,69,16
153,2024-09-02 11:00:00,72,16
153,2024-09-02 12:00:00,74,16
153,2024-09-02 13:00:00,75,16
153,2024-09-02 14:00:00,75,16
153,2024-09-02 15:00:00,75,16
153,2024-09-02 16:00:00,75,16
153,2024-09-02 17:00:00,75,16
153,2024-09-02 18:00:00,75,16
153,2024-09-02 19:00:00,75,16
153,2024-09-02 20:00:00,75,16
153,2024-09-02 21:00:00,75,16
153,2024-09-02 22:00:00,75,16
153,2024-09-02 23:00:00,75,16
153,2024-09-03 00:00:00,75,16
153,2024-09-03 01:00:00,75,16
153,2024-09-03 02:00:00,75,16
153,2024-09-03 03:00:00,75,16
153,2024-09-03 04:00:00,75,16
153,2024-09-03 05:00:00,75,16
153,2024-09-03 06:00:00,75,16
153,2024-09-03 07:00:00,75,16
153,2024-09-03 08:00:00,75,16
153,2024-09-03 09:00:00,75,16
153,2024-09-03 10:00:00,75,16
153,2024-09-03 11:00:00,75,16
153,2024-09-03 12:00:00,75,16
153,2024-09-03 13:00:00,75,16
153,2024-09-03 14:00:00,75,16
153,2024-09-03 15:00:00,75,16
153,2024-09-03 16:00:00,75,16
153,2024-09-03 17:00:00,75,16
153,2024-09-03 18:00:00,0,0
153,2024-09-03 19:00:00,0,0
153,2024-09-03 20:00:00,0,0
153,2024-09-03 21:00:00,0,0
153,2024-09-03 22:00:00,0,0
153,2024-09-03 23:00:00,0,0
154,2024-09-01 00:00:00,59,12
154,2024-09-01 01:00:00,59,12
154,2024-09-01 02:00:00,59,12
154,2024-09-01 03:00:00,59,12
154,2024-09-01 04:00:00,59,12
154,2024-09-01 05:00:00,59,12
154,2024-09-01 06:00:00,59,12
154,2024-09-01 07:00:00,59,12
154,2024-09-01 08:00:00,59,12
154,2024-09-01 09:00:00,59,12
154,2024-09-01 10:00:00,59,12
154,2024-09-01 11:00:00,59,12
154,2024-09-01 12:00:00,59,12
154,2024-09-01 13:00:00,59,12
154,2024-09-01 14:00:00,59,12
154,2024-09-01 15:00:00,59,12
154,2024-09-01 16:00:00,59,12
154,2024-09-01 17:00:00,59,12
154,2024-09-01 18:00:00,59,12
154,2024-09-01 19:00:00,59,12
154,2024-09-01 20:00:00,59,12
154,2024-09-01 21:00:00,59,12
154,2024-09-01 22:00:00,59,12
154,2024-09-01 23:00:00,59,12
154,2024-09-02 00:00:00,59,12
154,2024-09-02 01:00:00,59,12
154,2024-09-02 02:00:00,59,12
154,2024-09-02 03:00:00,59,12
154,2024-09-02 04:00:00,59,12
154,2024-09-02 05:00:00,59,12
154,2024-09-02 06:00:00,60,13
154,2024-09-02 07:00:00,61,14
154,2024-09-02 08:00:00,64,15
154,2024-09-02 09:00:00,67,16
154,2024-09-02 10:00:00,71,16
154,2024-09-02 11:00:00,73,16
154,2024-09-02 12:00:00,74,16
154,2024-09-02 13:00:00,75,16
154,2024-09-02 14:00:00,75,16
154,2024-09-02 15:00:00,75,16
154,2024-09-02 16:00:00,75,16
154,2024-09-02 17:00:00,75,16
154,2024-09-02 18:00:00,75,16
154,2024-09-02 19:00:00,75,16
154,2024-09-02 20:00:00,75,16
154,2024-09-02 21:00:00,75,16
154,2024-09-02 22:00:00,75,16
154,2024-09-02 23:00:00,75,16
154,2024-09-03 00:00:00,75,16
154,2024-09-03 01:00:00,75,16
154,2024-09-03 02:00:00,75,16
154,2024-09-03 03:00:00,75,16
154,2024-09-03 04:00:00,75,16
154,2024-09-03 05:00:00,75,16
154,2024-09-03 06:00:00,75,16
154,2024-09-03 07:00:00,75,16
154,2024-09-03 08:00:00,75,16
154,2024-09-03 09:00:00,75,16
154,2024-09-03 10:00:00,75,16
154,2024-09-03 11:00:00,75,16
154,2024-09-03 12:00:00,75,16
154,2024-09-03 13:00:00,75,16
154,2024-09-03 14:00:00,75,16
154,2024-09-03 15:00:00,75,16
154,2024-09-03 16:00:00,75,16
154,2024-09-03 17:00:00,75,16
154,2024-09-03 18:00:00,0,0
154,2024-09-03 19:00:00,0,0
154,2024-09-03 20:00:00,0,0
154,2024-09-03 21:00:00,0,0
154,2024-09-03 22:00:00,0,0
154,2024-09-03 23:00:00,0,0
155,2024-09-01 00:00:00,55,12
155,2024-09-01 01:00:00,55,12
155,2024-09-01 02:00:00,55,12
155,2024-09-01 03:00:00,55,12
155,2024-09-01 04:00:00,55,12
155,2024-09-01 05:00:00,55,12
155,2024-09-01 06:00:00,55,12
155,2024-09-01 07:00:00,55,12
155,2024-09-01 08:00:00,55,12
155,2024-09-01 09:00:00,55,12
155,2024-09-01 10:00:00,55,12
155,2024-09-01 11:00:00,55,12
155,2024-09-01 12:00:00,55,12
155,2024-09-01 13:00:00,55,12
155,2024-09-01 14:00:00,55,12
155,2024-09-01 15:00:00,55,12
155,2024-09-01 16:00:00,55,12
155,2024-09-01 17:00:00,55,12
155,2024-09-01 18:00:00,55,12
155,2024-09-01 19:00:00,55,12
155,2024-09-01 20:00:00,55,12
155,2024-09-01 21:00:00,55,12
155,2024-09-01 22:00:00,55,12
155,2024-09-01 23:00:00,55,12
155,2024-09-02 00:00:00,55,12
155,2024-09-02 01:00:00,55,12
155,2024-09-02 02:00:00,55,12
155,2024-09-02 03:00:00,55,12
155,2024-09-02 04:00:00,55,12
155,2024-09-02 05:00:00,55,12
155,2024-09-02 06:00:00,56,13
155,2024-09-02 07:00:00,57,14
155,2024-09-02 08:00:00,61,15
155,2024-09-02 09:00:00,64,16
155,2024-09-02 10:00:00,69,16
155,2024-09-02 11:00:00,72,16
155,2024-09-02 12:00:00,75,16
155,2024-09-02 13:00:00,75,16
155,2024-09-02 14:00:00,75,16
155,2024-09-02 15:00:00,75,16
155,2024-09-02 16:00:00,75,16
155,2024-09-02 17:00:00,75,16
155,2024-09-02 18:00:00,75,16
155,2024-09-02 19:00:00,75,16
155,2024-09-02 20:00:00,75,16
155,2024-09-02 21:00:00,75,16
155,2024-09-02 22:00:00,75,16
155,2024-09-02 23:00:00,75,16
155,2024-09-03 00:00:00,75,16
155,2024-09-03 01:00:00,75,16
155,2024-09-03 02:00:00,75,16
155,2024-09-03 03:00:00,75,16
155,2024-09-03 04:00:00,75,16
155,2024-09-03 05:00:00,75,16
155,2024-09-03 06:00:00,75,16
155,2024-09-03 07:00:00,75,16
155,2024-09-03 08:00:00,75,16
155,2024-09-03 09:00:00,75,16
155,2024-09-03 10:00:00,75,16
155,2024-09-03 11:00:00,75,16
155,2024-09-03 12:00:00,75,16
155,2024-09-03 13:00:00,75,16
155,2024-09-03 14:00:00,75,16
155,2024-09-03 15:00:00,75,16
155,2024-09-03 16:00:00,75,16
155,2024-09-03 17:00:00,75,16
155,2024-09-03 18:00:00,0,0
155,2024-09-03 19:00:00,0,0
155,2024-09-03 20:00:00,0,0
155,2024-09-03 21:00:00,0,0
155,2024-09-03 22:00:00,0,0
155,2024-09-03 23:00:00,0,0
156,2024-09-01 00:00:00,56,12
156,2024-09-01 01:00:00,56,12
156,2024-09-01 02:00:00,56,12
156,2024-09-01 03:00:00,56,12
156,2024-09-01 04:00:00,56,12
156,2024-09-01 05:00:00,56,12
156,2024-09-01 06:00:00,56,12
156,2024-09-01 07:00:00,56,12
156,2024-09-01 08:00:00,56,12
156,2024-09-01 09:00:00,56,12
156,2024-09-01 10:00:00,56,12
156,2024-09-01 11:00:00,56,12
156,2024-09-01 12:00:00,56,12
156,2024-09-01 13:00:00,56,12
156,2024-09-01 14:00:00,56,12
156,2024-09-01 15:00:00,56,12
156,2024-09-01 16:00:00,56,12
156,2024-09-01 17:00:00,56,12
156,2024-09-01 18:00:00,56,12
156,2024-09-01 19:00:00,56,12
156,2024-09-01 20:00:00,56,12
156,2024-09-01 21:00:00,56,12
156,2024-09-01 22:00:00,56,12
156,2024-09-01 23:00:00,56,12
156,2024-09-02 00:00:00,56,12
156,2024-09-02 01:00:00,56,12
156,2024-09-02 02:00:00,56,12
156,2024-09-02 03:00:00,56,12
156,2024-09-02 04:00:00,56,12
156,2024-09-02 05:00:00,56,12
156,2024-09-02 06:00:00,57,13
156,2024-09-02 07:00:00,58,14
156,2024-09-02 08:00:00,62,15
156,2024-09-02 09:00:00,65,16
156,2024-09-02 10:00:00,70,16
156,2024-09-02 11:00:00,73,16
156,2024-09-02 12:00:00,75,16
156,2024-09-02 13:00:00,75,16
156,2024-09-02 14:00:00,75,16
156,2024-09-02 15:00:00,75,16
156,2024-09-02 16:00:00,75,16
156,2024-09-02 17:00:00,75,16
156,2024-09-02 18:00:00,75,16
156,2024-09-02 19:00:00,75,16
156,2024-09-02 20:00:00,75,16
156,2024-09-02 21:00:00,75,16
156,2024-09-02 22:00:00,75,16
156,2024-09-02 23:00:00,75,16
156,2024-09-03 00:00:00,75,16
156,2024-09-03 01:00:00,75,16
156,2024-09-03 02:00:00,75,16
156,2024-09-03 03:00:00,75,16
156,2024-09-03 04:00:00,75,16
156,2024-09-03 05:00:00,75,16
156,2024-09-03 06:00:00,75,16
156,2024-09-03 07:00:00,75,16
156,2024-09-03 08:00:00,75,16
156,2024-09-03 09:00:00,75,16
156,2024-09-03 10:00:00,75,16
156,2024-09-03 11:00:00,75,16
156,2024-09-03 12:00:00,75,16
156,2024-09-03 13:00:00,75,16
156,2024-09-03 14:00:00,75,16
156,2024-09-03 15:00:00,75,16
156,2024-09-03 16:00:00,75,16
156,2024-09-03 17:00:00,75,16
156,2024-09-03 18:00:00,0,0
156,2024-09-03 19:00:00,0,0
156,2024-09-03 20:00:00,0,0
156,2024-09-03 21:00:00,0,0
156,2024-09-03 22:00:00,0,0
156,2024-09-03 23:00:00,0,0
157,2024-09-01 00:00:00,56,12
157,2024-09-01 01:00:00,56,12
157,2024-09-01 02:00:00,56,12
157,2024-09-01 03:00:00,56,12
157,2024-09-01 04:00:00,56,12
157,2024-09-01 05:00:00,56,12
157,2024-09-01 06:00:00,56,12
157,2024-09-01 07:00:00,56,12
157,2024-09-01 08:00:00,56,12
157,2024-09-01 09:00:00,56,12
157,2024-09-01 10:00:00,56,12
157,2024-09-01 11:00:00,56,12
157,2024-09-01 12:00:00,56,12
157,2024-09-01 13:00:00,56,12
157,2024-09-01 14:00:00,56,12
157,2024-09-01 15:00:00,56,12
157,2024-09-01 16:00:00,56,12
157,2024-09-01 17:00:00,56,12
157,2024-09-01 18:00:00,56,12
157,2024-09-01 19:00:00,56,12
157,2024-09-01 20:00:00,56,12
157,2024-09-01 21:00:00,56,12
157,2024-09-01 22:00:00,56,12
157,2024-09-01 23:00:00,56,12
157,2024-09-02 00:00:00,56,12
157,2024-09-02 01:00:00,56,12
157,2024-09-02 02:00:00,56,12
157,2024-09-02 03:00:00,56,12
157,2024-09-02 04:00:00,56,12
157,2024-09-02 05:00:00,56,12
157,2024-09-02 06:00:00,57,13
157,2024-09-02 07:00:00,58,14
157,2024-09-02 08:00:00,62,15
157,2024-09-02 09:00:00,65,16
157,2024-09-02 10:00:00,69,16
157,2024-09-02 11:00:00,72,16
157,2024-09-02 12:00:00,74,16
157,2024-09-02 13:00:00,75,16
157,2024-09-02 14:00:00,75,16
157,2024-09-02 15:00:00,75,16
157,2024-09-02 16:00:00,75,16
157,2024-09-02 17:00:00,75,16
157,2024-09-02 18:00:00,75,16
157,2024-09-02 19:00:00,75,16
157,2024-09-02 20:00:00,75,16
157,2024-09-02 21:00:00,75,16
157,2024-09-02 22:00:00,75,16
157,2024-09-02 23:00:00,75,16
157,2024-09-03 00:00:00,75,16
157,2024-09-03 01:00:00,75,16
157,2024-09-03 02:00:00,75,16
157,2024-09-03 03:00:00,75,16
157,2024-09-03 04:00:00,75,16
157,2024-09-03 05:00:00,75,16
157,2024-09-03 06:00:00,75,16
157,2024-09-03 07:00:00,75,16
157,2024-09-03 08:00:00,75,16
157,2024-09-03 09:00:00,75,16
157,2024-09-03 10:00:00,75,16
157,2024-09-03 11:00:00,75,16
157,2024-09-03 12:00:00,75,16
157,2024-09-03 13:00:00,75,16
157,2024-09-03 14:00:00,75,16
157,2024-09-03 15:00:00,75,16
157,2024-09-03 16:00:00,75,16
157,2024-09-03 17:00:00,75,16
157,2024-09-03 18:00:00,0,0
157,2024-09-03 19:00:00,0,0
157,2024-09-03 20:00:00,0,0
157,2024-09-03 21:00:00,0,0
157,2024-09-03 22:00:00,0,0
157,2024-09-03 23:00:00,0,0
158,2024-09-01 00:00:00,56,12
158,2024-09-01 01:00:00,56,12
158,2024-09-01 02:00:00,56,12
158,2024-09-01 03:00:00,56,12
158,2024-09-01 04:00:00,56,12
158,2024-09-01 05:00:00,56,12
158,2024-09-01 06:00:00,56,12
158,2024-09-01 07:00:00,56,12
158,2024-09-01 08:00:00,56,12
158,2024-09-01 09:00:00,56,12
158,2024-09-01 10:00:00,56,12
158,2024-09-01 11:00:00,56,12
158,2024-09-01 12:00:00,56,12
158,2024-09-01 13:00:00,56,12
158,2024-09-01 14:00:00,56,12
158,2024-09-01 15:00:00,56,12
158,2024-09-01 16:00:00,56,12
158,2024-09-01 17:00:00,56,12
158,2024-09-01 18:00:00,56,12
158,2024-09-01 19:00:00,56,12
158,2024-09-01 20:00:00,56,12
158,2024-09-01 21:00:00,56,12
158,2024-09-01 22:00:00,56,12
158,2024-09-01 23:00:00,56,12
158,2024-09-02 00:00:00,56,12
158,2024-09-02 01:00:00,56,12
158,2024-09-02 02:00:00,56,12
158,2024-09-02 03:00:00,56,12
158,2024-09-02 04:00:00,56,12
158,2024-09-02 05:00:00,56,12
158,2024-09-02 06:00:00,57,13
158,2024-09-02 07:00:00,58,14
158,2024-09-02 08:00:00,62,15
158,2024-09-02 09:00:00,65,16
158,2024-09-02 10:00:00,69,16
158,2024-09-02 11:00:00,72,16
158,2024-09-02 12:00:00,75,16
158,2024-09-02 13:00:00,75,16
158,2024-09-02 14:00:00,75,16
158,2024-09-02 15:00:00,75,16
158,2024-09-02 16:00:00,75,16
158,2024-09-02 17:00:00,75,16
158,2024-09-02 18:00:00,75,16
158,2024-09-02 19:00:00,75,16
158,2024-09-02 20:00:00,75,16
158,2024-09-02 21:00:00,75,16
158,2024-09-02 22:00:00,75,16
158,2024-09-02 23:00:00,75,16
158,2024-09-03 00:00:00,75,16
158,2024-09-03 01:00:00,75,16
158,2024-09-03 02:00:00,75,16
158,2024-09-03 03:00:00,75,16
158,2024-09-03 04:00:00,75,16
158,2024-09-03 05:00:00,75,16
158,2024-09-03 06:00:00,75,16
158,2024-09-03 07:00:00,75,16
158,2024-09-03 08:00:00,75,16
158,2024-09-03 09:00:00,75,16
158,2024-09-03 10:00:00,75,16
158,2024-09-03 11:00:00,75,16
158,2024-09-03 12:00:00,75,16
158,2024-09-03 13:00:00,75,16
158,2024-09-03 14:00:00,75,16
158,2024-09-03 15:00:00,75,16
158,2024-09-03 16:00:00,75,16
158,2024-09-03 17:00:00,75,16
158,2024-09-03 18:00:00,0,0
158,2024-09-03 19:00:00,0,0
158,2024-09-03 20:00:00,0,0
158,2024-09-03 21:00:00,0,0
158,2024-09-03 22:00:00,0,0
158,2024-09-03 23:00:00,0,0
159,2024-09-01 00:00:00,55,12
159,2024-09-01 01:00:00,55,12
159,2024-09-01 02:00:00,55,12
159,2024-09-01 03:00:00,55,12
159,2024-09-01 04:00:00,55,12
159,2024-09-01 05:00:00,55,12
159,2024-09-01 06:00:00,55,12
159,2024-09-01 07:00:00,55,12
159,2024-09-01 08:00:00,55,12
159,2024-09-01 09:00:00,55,12
159,2024-09-01 10:00:00,55,12
159,2024-09-01 11:00:00,55,12
159,2024-09-01 12:00:00,55,12
159,2024-09-01 13:00:00,55,12
159,2024-09-01 14:00:00,55,12
159,2024-09-01 15:00:00,55,12
159,2024-09-01 16:00:00,55,12
159,2024-09-01 17:00:00,55,12
159,2024-09-01 18:00:00,55,12
159,2024-09-01 19:00:00,55,12
159,2024-09-01 20:00:00,55,12
159,2024-09-01 21:00:00,55,12
159,2024-09-01 22:00:00,55,12
159,2024-09-01 23:00:00,55,12
159,2024-09-02 00:00:00,55,12
159,2024-09-02 01:00:00,55,12
159,2024-09-02 02:00:00,55,12
159,2024-09-02 03:00:00,55,12
159,2024-09-02 04:00:00,55,12
159,2024-09-02 05:00:00,55,12
159,2024-09-02 06:00:00,56,13
159,2024-09-02 07:00:00,57,14
159,2024-09-02 08:00:00,61,15
159,2024-09-02 09:00:00,64,16
159,2024-09-02 10:00:00,68,16
159,2024-09-02 11:00:00,72,16
159,2024-09-02 12:00:00,74,16
159,2024-09-02 13:00:00,74,16
159,2024-09-02 14:00:00,75,16
159,2024-09-02 15:00:00,75,16
159,2024-09-02 16:00:00,75,16
159,2024-09-02 17:00:00,75,16
159,2024-09-02 18:00:00,75,16
159,2024-09-02 19:00:00,75,16
159,2024-09-02 20:00:00,75,16
159,2024-09-02 21:00:00,75,16
159,2024-09-02 22:00:00,75,16
159,2024-09-02 23:00:00,75,16
159,2024-09-03 00:00:00,75,16
159,2024-09-03 01:00:00,75,16
159,2024-09-03 02:00:00,75,16
159,2024-09-03 03:00:00,75,16
159,2024-09-03 04:00:00,75,16
159,2024-09-03 05:00:00,75,16
159,2024-09-03 06:00:00,75,16
159,2024-09-03 07:00:00,75,16
159,2024-09-03 08:00:00,75,16
159,2024-09-03 09:00:00,75,16
159,2024-09-03 10:00:00,75,16
159,2024-09-03 11:00:00,75,16
159,2024-09-03 12:00:00,75,16
159,2024-09-03 13:00:00,75,16
159,2024-09-03 14:00:00,75,16
159,2024-09-03 15:00:00,75,16
159,2024-09-03 16:00:00,75,16
159,2024-09-03 17:00:00,75,16
159,2024-09-03 18:00:00,0,0
159,2024-09-03 19:00:00,0,0
159,2024-09-03 20:00:00,0,0
159,2024-09-03 21:00:00,0,0
159,2024-09-03 22:00:00,0,0
159,2024-09-03 23:00:00,0,0
160,2024-09-01 00:00:00,56,12
160,2024-09-01 01:00:00,56,12
160,2024-09-01 02:00:00,56,12
160,2024-09-01 03:00:00,56,12
160,2024-09-01 04:00:00,56,12
160,2024-09-01 05:00:00,56,12
160,2024-09-01 06:00:00,56,12
160,2024-09-01 07:00:00,56,12
160,2024-09-01 08:00:00,56,12
160,2024-09-01 09:00:00,56,12
160,2024-09-01 10:00:00,56,12
160,2024-09-01 11:00:00,56,12
160,2024-09-01 12:00:00,56,12
160,2024-09-01 13:00:00,56,12
160,2024-09-01 14:00:00,56,12
160,2024-09-01 15:00:00,56,12
160,2024-09-01 16:00:00,56,12
160,2024-09-01 17:00:00,56,12
160,2024-09-01 18:00:00,56,12
160,2024-09-01 19:00:00,56,12
160,2024-09-01 20:00:00,56,12
160,2024-09-01 21:00:00,56,12
160,2024-09-01 22:00:00,56,12
160,2024-09-01 23:00:00,56,12
160,2024-09-02 00:00:00,56,12
160,2024-09-02 01:00:00,56,12
160,2024-09-02 02:00:00,56,12
160,2024-09-02 03:00:00,56,12
160,2024-09-02 04:00:00,56,12
160,2024-09-02 05:00:00,56,12
160,2024-09-02 06:00:00,57,13
160,2024-09-02 07:00:00,58,14
160,2024-09-02 08:00:00,62,15
160,2024-09-02 09:00:00,65,16
160,2024-09-02 10:00:00,69,16
160,2024-09-02 11:00:00,72,16
160,2024-09-02 12:00:00,74,16
160,2024-09-02 13:00:00,75,16
160,2024-09-02 14:00:00,75,16
160,2024-09-02 15:00:00,75,16
160,2024-09-02 16:00:00,75,16
160,2024-09-02 17:00:00,75,16
160,2024-09-02 18:00:00,75,16
160,2024-09-02 19:00:00,75,16
160,2024-09-02 20:00:00,75,16
160,2024-09-02 21:00:00,75,16
160,2024-09-02 22:00:00,75,16
160,2024-09-02 23:00:00,75,16
160,2024-09-03 00:00:00,75,16
160,2024-09-03 01:00:00,75,16
160,2024-09-03 02:00:00,75,16
160,2024-09-03 03:00:00,75,16
160,2024-09-03 04:00:00,75,16
160,2024-09-03 05:00:00,75,16
160,2024-09-03 06:00:00,75,16
160,2024-09-03 07:00:00,75,16
160,2024-09-03 08:00:00,75,16
160,2024-09-03 09:00:00,75,16
160,2024-09-03 10:00:00,75,16
160,2024-09-03 11:00:00,75,16
160,2024-09-03 12:00:00,75,16
160,2024-09-03 13:00:00,75,16
160,2024-09-03 14:00:00,75,16
160,2024-09-03 15:00:00,75,16
160,2024-09-03 16:00:00,75,16
160,2024-09-03 17:00:00,75,16
160,2024-09-03 18:00:00,0,0
160,2024-09-03 19:00:00,0,0
160,2024-09-03 20:00:00,0,0
160,2024-09-03 21:00:00,0,0
160,2024-09-03 22:00:00,0,0
160,2024-09-03 23:00:00,0,0
161,2024-09-01 00:00:00,57,12
161,2024-09-01 01:00:00,57,12
161,2024-09-01 02:00:00,57,12
161,2024-09-01 03:00:00,57,12
161,2024-09-01 04:00:00,57,12
161,2024-09-01 05:00:00,57,12
161,2024-09-01 06:00:00,57,12
161,2024-09-01 07:00:00,57,12
161,2024-09-01 08:00:00,57,12
161,2024-09-01 09:00:00,57,12
161,2024-09-01 10:00:00,57,12
161,2024-09-01 11:00:00,57,12
161,2024-09-01 12:00:00,57,12
161,2024-09-01 13:00:00,57,12
161,2024-09-01 14:00:00,57,12
161,2024-09-01 15:00:00,57,12
161,2024-09-01 16:00:00,57,12
161,2024-09-01 17:00:00,57,12
161,2024-09-01 18:00:00,57,12
161,2024-09-01 19:00:00,57,12
161,2024-09-01 20:00:00,57,12
161,2024-09-01 21:00:00,57,12
161,2024-09-01 22:00:00,57,12
161,2024-09-01 23:00:00,57,12
161,2024-09-02 00:00:00,57,12
161,2024-09-02 01:00:00,57,12
161,2024-09-02 02:00:00,57,12
161,2024-09-02 03:00:00,57,12
161,2024-09-02 04:00:00,57,12
161,2024-09-02 05:00:00,57,12
161,2024-09-02 06:00:00,58,13
161,2024-09-02 07:00:00,59,14
161,2024-09-02 08:00:00,63,15
161,2024-09-02 09:00:00,66,16
161,2024-09-02 10:00:00,71,16
161,2024-09-02 11:00:00,73,16
161,2024-09-02 12:00:00,74,16
161,2024-09-02 13:00:00,75,16
161,2024-09-02 14:00:00,75,16
161,2024-09-02 15:00:00,75,16
161,2024-09-02 16:00:00,75,16
161,2024-09-02 17:00:00,75,16
161,2024-09-02 18:00:00,75,16
161,2024-09-02 19:00:00,75,16
161,2024-09-02 20:00:00,75,16
161,2024-09-02 21:00:00,75,16
161,2024-09-02 22:00:00,75,16
161,2024-09-02 23:00:00,75,16
161,2024-09-03 00:00:00,75,16
161,2024-09-03 01:00:00,75,16
161,2024-09-03 02:00:00,75,16
161,2024-09-03 03:00:00,75,16
161,2024-09-03 04:00:00,75,16
161,2024-09-03 05:00:00,75,16
161,2024-09-03 06:00:00,75,16
161,2024-09-03 07:00:00,75,16
161,2024-09-03 08:00:00,75,16
161,2024-09-03 09:00:00,75,16
161,2024-09-03 10:00:00,75,16
161,2024-09-03 11:00:00,75,16
161,2024-09-03 12:00:00,75,16
161,2024-09-03 13:00:00,75,16
161,2024-09-03 14:00:00,75,16
161,2024-09-03 15:00:00,75,16
161,2024-09-03 16:00:00,75,16
161,2024-09-03 17:00:00,75,16
161,2024-09-03 18:00:00,0,0
161,2024-09-03 19:00:00,0,0
161,2024-09-03 20:00:00,0,0
161,2024-09-03 21:00:00,0,0
161,2024-09-03 22:00:00,0,0
161,2024-09-03 23:00:00,0,0
162,2024-09-01 00:00:00,57,12
162,2024-09-01 01:00:00,57,12
162,2024-09-01 02:00:00,57,12
162,2024-09-01 03:00:00,57,12
162,2024-09-01 04:00:00,57,12
162,2024-09-01 05:00:00,57,12
162,2024-09-01 06:00:00,57,12
162,2024-09-01 07:00:00,57,12
162,2024-09-01 08:00:00,57,12
162,2024-09-01 09:00:00,57,12
162,2024-09-01 10:00:00,57,12
162,2024-09-01 11:00:00,57,12
162,2024-09-01 12:00:00,57,12
162,2024-09-01 13:00:00,57,12
162,2024-09-01 14:00:00,57,12
162,2024-09-01 15:00:00,57,12
162,2024-09-01 16:00:00,57,12
162,2024-09-01 17:00:00,57,12
162,2024-09-01 18:00:00,57,12
162,2024-09-01 19:00:00,57,12
162,2024-09-01 20:00:00,57,12
162,2024-09-01 21:00:00,57,12
162,2024-09-01 22:00:00,57,12
162,2024-09-01 23:00:00,57,12
162,2024-09-02 00:00:00,57,12
162,2024-09-02 01:00:00,57,12
162,2024-09-02 02:00:00,57,12
162,2024-09-02 03:00:00,57,12
162,2024-09-02 04:00:00,57,12
162,2024-09-02 05:00:00,57,12
162,2024-09-02 06:00:00,58,13
162,2024-09-02 07:00:00,59,14
162,2024-09-02 08:00:00,62,15
162,2024-09-02 09:00:00,65,16
162,2024-09-02 10:00:00,69,16
162,2024-09-02 11:00:00,72,16
162,2024-09-02 12:00:00,74,16
162,2024-09-02 13:00:00,75,16
162,2024-09-02 14:00:00,75,16
162,2024-09-02 15:00:00,75,16
162,2024-09-02 16:00:00,75,16
162,2024-09-02 17:00:00,75,16
162,2024-09-02 18:00:00,75,16
162,2024-09-02 19:00:00,75,16
162,2024-09-02 20:00:00,75,16
162,2024-09-02 21:00:00,75,16
162,2024-09-02 22:00:00,75,16
162,2024-09-02 23:00:00,75,16
162,2024-09-03 00:00:00,75,16
162,2024-09-03 01:00:00,75,16
162,2024-09-03 02:00:00,75,16
162,2024-09-03 03:00:00,75,16
162,2024-09-03 04:00:00,75,16
162,2024-09-03 05:00:00,75,16
162,2024-09-03 06:00:00,75,16
162,2024-09-03 07:00:00,75,16
162,2024-09-03 08:00:00,75,16
162,2024-09-03 09:00:00,75,16
162,2024-09-03 10:00:00,75,16
162,2024-09-03 11:00:00,75,16
162,2024-09-03 12:00:00,75,16
162,2024-09-03 13:00:00,75,16
162,2024-09-03 14:00:00,75,16
162,2024-09-03 15:00:00,75,16
162,2024-09-03 16:00:00,75,16
162,2024-09-03 17:00:00,75,16
162,2024-09-03 18:00:00,0,0
162,2024-09-03 19:00:00,0,0
162,2024-09-03 20:00:00,0,0
162,2024-09-03 21:00:00,0,0
162,2024-09-03 22:00:00,0,0
162,2024-09-03 23:00:00,0,0
163,2024-09-01 00:00:00,56,12
163,2024-09-01 01:00:00,56,12
163,2024-09-01 02:00:00,56,12
163,2024-09-01 03:00:00,56,12
163,2024-09-01 04:00:00,56,12
163,2024-09-01 05:00:00,56,12
163,2024-09-01 06:00:00,56,12
163,2024-09-01 07:00:00,56,12
163,2024-09-01 08:00:00,56,12
163,2024-09-01 09:00:00,56,12
163,2024-09-01 10:00:00,56,12
163,2024-09-01 11:00:00,56,12
163,2024-09-01 12:00:00,56,12
163,2024-09-01 13:00:00,56,12
163,2024-09-01 14:00:00,56,12
163,2024-09-01 15:00:00,56,12
163,2024-09-01 16:00:00,56,12
163,2024-09-01 17:00:00,56,12
163,2024-09-01 18:00:00,56,12
163,2024-09-01 19:00:00,56,12
163,2024-09-01 20:00:00,56,12
163,2024-09-01 21:00:00,56,12
163,2024-09-01 22:00:00,56,12
163,2024-09-01 23:00:00,56,12
163,2024-09-02 00:00:00,56,12
163,2024-09-02 01:00:00,56,12
163,2024-09-02 02:00:00,56,12
163,2024-09-02 03:00:00,56,12
163,2024-09-02 04:00:00,56,12
163,2024-09-02 05:00:00,56,12
163,2024-09-02 06:00:00,57,13
163,2024-09-02 07:00:00,58,14
163,2024-09-02 08:00:00,62,15
163,2024-09-02 09:00:00,65,16
163,2024-09-02 10:00:00,70,16
163,2024-09-02 11:00:00,72,16
163,2024-09-02 12:00:00,75,16
163,2024-09-02 13:00:00,75,16
163,2024-09-02 14:00:00,75,16
163,2024-09-02 15:00:00,75,16
163,2024-09-02 16:00:00,75,16
163,2024-09-02 17:00:00,75,16
163,2024-09-02 18:00:00,75,16
163,2024-09-02 19:00:00,75,16
163,2024-09-02 20:00:00,75,16
163,2024-09-02 21:00:00,75,16
163,2024-09-02 22:00:00,75,16
163,2024-09-02 23:00:00,75,16
163,2024-09-03 00:00:00,75,16
163,2024-09-03 01:00:00,75,16
163,2024-09-03 02:00:00,75,16
163,2024-09-03 03:00:00,75,16
163,2024-09-03 04:00:00,75,16
163,2024-09-03 05:00:00,75,16
163,2024-09-03 06:00:00,75,16
163,2024-09-03 07:00:00,75,16
163,2024-09-03 08:00:00,75,16
163,2024-09-03 09:00:00,75,16
163,2024-09-03 10:00:00,75,16
163,2024-09-03 11:00:00,75,16
163,2024-09-03 12:00:00,75,16
163,2024-09-03 13:00:00,75,16
163,2024-09-03 14:00:00,75,16
163,2024-09-03 15:00:00,75,16
163,2024-09-03 16:00:00,75,16
163,2024-09-03 17:00:00,75,16
163,2024-09-03 18:00:00,0,0
163,2024-09-03 19:00:00,0,0
163,2024-09-03 20:00:00,0,0
163,2024-09-03 21:00:00,0,0
163,2024-09-03 22:00:00,0,0
163,2024-09-03 23:00:00,0,0
164,2024-09-01 00:00:00,55,12
164,2024-09-01 01:00:00,55,12
164,2024-09-01 02:00:00,55,12
164,2024-09-01 03:00:00,55,12
164,2024-09-01 04:00:00,55,12
164,2024-09-01 05:00:00,55,12
164,2024-09-01 06:00:00,55,12
164,2024-09-01 07:00:00,55,12
164,2024-09-01 08:00:00,55,12
164,2024-09-01 09:00:00,55,12
164,2024-09-01 10:00:00,55,12
164,2024-09-01 11:00:00,55,12
164,2024-09-01 12:00:00,55,12
164,2024-09-01 13:00:00,55,12
164,2024-09-01 14:00:00,55,12
164,2024-09-01 15:00:00,55,12
164,2024-09-01 16:00:00,55,12
164,2024-09-01 17:00:00,55,12
164,2024-09-01 18:00:00,55,12
164,2024-09-01 19:00:00,55,12
164,2024-09-01 20:00:00,55,12
164,2024-09-01 21:00:00,55,12
164,2024-09-01 22:00:00,55,12
164,2024-09-01 23:00:00,55,12
164,2024-09-02 00:00:00,55,12
164,2024-09-02 01:00:00,55,12
164,2024-09-02 02:00:00,55,12
164,2024-09-02 03:00:00,55,12
164,2024-09-02 04:00:00,55,12
164,2024-09-02 05:00:00,55,12
164,2024-09-02 06:00:00,56,13
164,2024-09-02 07:00:00,57,14
164,2024-09-02 08:00:00,61,15
164,2024-09-02 09:00:00,64,16
164,2024-09-02 10:00:00,69,16
164,2024-09-02 11:00:00,72,16
164,2024-09-02 12:00:00,75,16
164,2024-09-02 13:00:00,75,16
164,2024-09-02 14:00:00,75,16
164,2024-09-02 15:00:00,75,16
164,2024-09-02 16:00:00,75,16
164,2024-09-02 17:00:00,75,16
164,2024-09-02 18:00:00,75,16
164,2024-09-02 19:00:00,75,16
164,2024-09-02 20:00:00,75,16
164,2024-09-02 21:00:00,75,16
164,2024-09-02 22:00:00,75,16
164,2024-09-02 23:00:00,75,16
164,2024-09-03 00:00:00,75,16
164,2024-09-03 01:00:00,75,16
164,2024-09-03 02:00:00,75,16
164,2024-09-03 03:00:00,75,16
164,2024-09-03 04:00:00,75,16
164,2024-09-03 05:00:00,75,16
164,2024-09-03 06:00:00,75,16
164,2024-09-03 07:00:00,75,16
164,2024-09-03 08:00:00,75,16
164,2024-09-03 09:00:00,75,16
164,2024-09-03 10:00:00,75,16
164,2024-09-03 11:00:00,75,16
164,2024-09-03 12:00:00,75,16
164,2024-09-03 13:00:00,75,16
164,2024-09-03 14:00:00,75,16
164,2024-09-03 15:00:00,75,16
164,2024-09-03 16:00:00,75,16
164,2024-09-03 17:00:00,75,16
164,2024-09-03 18:00:00,0,0
164,2024-09-03 19:00:00,0,0
164,2024-09-03 20:00:00,0,0
164,2024-09-03 21:00:00,0,0
164,2024-09-03 22:00:00,0,0
164,2024-09-03 23:00:00,0,0
165,2024-09-01 00:00:00,58,12
165,2024-09-01 01:00:00,58,12
165,2024-09-01 02:00:00,58,12
165,2024-09-01 03:00:00,58,12
165,2024-09-01 04:00:00,58,12
165,2024-09-01 05:00:00,58,12
165,2024-09-01 06:00:00,58,12
165,2024-09-01 07:00:00,58,12
165,2024-09-01 08:00:00,58,12
165,2024-09-01 09:00:00,58,12
165,2024-09-01 10:00:00,58,12
165,2024-09-01 11:00:00,58,12
165,2024-09-01 12:00:00,58,12
165,2024-09-01 13:00:00,58,12
165,2024-09-01 14:00:00,58,12
165,2024-09-01 15:00:00,58,12
165,2024-09-01 16:00:00,58,12
165,2024-09-01 17:00:00,58,12
165,2024-09-01 18:00:00,58,12
165,2024-09-01 19:00:00,58,12
165,2024-09-01 20:00:00,58,12
165,2024-09-01 21:00:00,58,12
165,2024-09-01 22:00:00,58,12
165,2024-09-01 23:00:00,58,12
165,2024-09-02 00:00:00,58,12
165,2024-09-02 01:00:00,58,12
165,2024-09-02 02:00:00,58,12
165,2024-09-02 03:00:00,58,12
165,2024-09-02 04:00:00,58,12
165,2024-09-02 05:00:00,58,12
165,2024-09-02 06:00:00,59,13
165,2024-09-02 07:00:00,60,14
165,2024-09-02 08:00:00,64,15
165,2024-09-02 09:00:00,67,16
165,2024-09-02 10:00:00,71,16
165,2024-09-02 11:00:00,73,16
165,2024-09-02 12:00:00,74,16
165,2024-09-02 13:00:00,75,16
165,2024-09-02 14:00:00,75,16
165,2024-09-02 15:00:00,75,16
165,2024-09-02 16:00:00,75,16
165,2024-09-02 17:00:00,75,16
165,2024-09-02 18:00:00,75,16
165,2024-09-02 19:00:00,75,16
165,2024-09-02 20:00:00,75,16
165,2024-09-02 21:00:00,75,16
165,2024-09-02 22:00:00,75,16
165,2024-09-02 23:00:00,75,16
165,2024-09-03 00:00:00,75,16
165,2024-09-03 01:00:00,75,16
165,2024-09-03 02:00:00,75,16
165,2024-09-03 03:00:00,75,16
165,2024-09-03 04:00:00,75,16
165,2024-09-03 05:00:00,75,16
165,2024-09-03 06:00:00,75,16
165,2024-09-03 07:00:00,75,16
165,2024-09-03 08:00:00,75,16
165,2024-09-03 09:00:00,75,16
165,2024-09-03 10:00:00,75,16
165,2024-09-03 11:00:00,75,16
165,2024-09-03 12:00:00,75,16
165,2024-09-03 13:00:00,75,16
165,2024-09-03 14:00:00,75,16
165,2024-09-03 15:00:00,75,16
165,2024-09-03 16:00:00,75,16
165,2024-09-03 17:00:00,75,16
165,2024-09-03 18:00:00,0,0
165,2024-09-03 19:00:00,0,0
165,2024-09-03 20:00:00,0,0
165,2024-09-03 21:00:00,0,0
165,2024-09-03 22:00:00,0,0
165,2024-09-03 23:00:00,0,0
166,2024-09-01 00:00:00,55,12
166,2024-09-01 01:00:00,55,12
166,2024-09-01 02:00:00,55,12
166,2024-09-01 03:00:00,55,12
166,2024-09-01 04:00:00,55,12
166,2024-09-01 05:00:00,55,12
166,2024-09-01 06:00:00,55,12
166,2024-09-01 07:00:00,55,12
166,2024-09-01 08:00:00,55,12
166,2024-09-01 09:00:00,55,12
166,2024-09-01 10:00:00,55,12
166,2024-09-01 11:00:00,55,12
166,2024-09-01 12:00:00,55,12
166,2024-09-01 13:00:00,55,12
166,2024-09-01 14:00:00,55,12
166,2024-09-01 15:00:00,55,12
166,2024-09-01 16:00:00,55,12
166,2024-09-01 17:00:00,55,12
166,2024-09-01 18:00:00,55,12
166,2024-09-01 19:00:00,55,12
166,2024-09-01 20:00:00,55,12
166,2024-09-01 21:00:00,55,12
166,2024-09-01 22:00:00,55,12
166,2024-09-01 23:00:00,55,12
166,2024-09-02 00:00:00,55,12
166,2024-09-02 01:00:00,55,12
166,2024-09-02 02:00:00,55,12
166,2024-09-02 03:00:00,55,12
166,2024-09-02 04:00:00,55,12
166,2024-09-02 05:00:00,55,12
166,2024-09-02 06:00:00,56,13
166,2024-09-02 07:00:00,57,14
166,2024-09-02 08:00:00,61,15
166,2024-09-02 09:00:00,64,16
166,2024-09-02 10:00:00,69,16
166,2024-09-02 11:00:00,72,16
166,2024-09-02 12:00:00,75,16
166,2024-09-02 13:00:00,75,16
166,2024-09-02 14:00:00,75,16
166,2024-09-02 15:00:00,75,16
166,2024-09-02 16:00:00,75,16
166,2024-09-02 17:00:00,75,16
166,2024-09-02 18:00:00,75,16
166,2024-09-02 19:00:00,75,16
166,2024-09-02 20:00:00,75,16
166,2024-09-02 21:00:00,75,16
166,2024-09-02 22:00:00,75,16
166,2024-09-02 23:00:00,75,16
166,2024-09-03 00:00:00,75,16
166,2024-09-03 01:00:00,75,16
166,2024-09-03 02:00:00,75,16
166,2024-09-03 03:00:00,75,16
166,2024-09-03 04:00:00,75,16
166,2024-09-03 05:00:00,75,16
166,2024-09-03 06:00:00,75,16
166,2024-09-03 07:00:00,75,16
166,2024-09-03 08:00:00,75,16
166,2024-09-03 09:00:00,75,16
166,2024-09-03 10:00:00,75,16
166,2024-09-03 11:00:00,75,16
166,2024-09-03 12:00:00,75,16
166,2024-09-03 13:00:00,75,16
166,2024-09-03 14:00:00,75,16
166,2024-09-03 15:00:00,75,16
166,2024-09-03 16:00:00,75,16
166,2024-09-03 17:00:00,75,16
166,2024-09-03 18:00:00,0,0
166,2024-09-03 19:00:00,0,0
166,2024-09-03 20:00:00,0,0
166,2024-09-03 21:00:00,0,0
166,2024-09-03 22:00:00,0,0
166,2024-09-03 23:00:00,0,0
167,2024-09-01 00:00:00,56,12
167,2024-09-01 01:00:00,56,12
167,2024-09-01 02:00:00,56,12
167,2024-09-01 03:00:00,56,12
167,2024-09-01 04:00:00,56,12
167,2024-09-01 05:00:00,56,12
167,2024-09-01 06:00:00,56,12
167,2024-09-01 07:00:00,56,12
167,2024-09-01 08:00:00,56,12
167,2024-09-01 09:00:00,56,12
167,2024-09-01 10:00:00,56,12
167,2024-09-01 11:00:00,56,12
167,2024-09-01 12:00:00,56,12
167,2024-09-01 13:00:00,56,12
167,2024-09-01 14:00:00,56,12
167,2024-09-01 15:00:00,56,12
167,2024-09-01 16:00:00,56,12
167,2024-09-01 17:00:00,56,12
167,2024-09-01 18:00:00,56,12
167,2024-09-01 19:00:00,56,12
167,2024-09-01 20:00:00,56,12
167,2024-09-01 21:00:00,56,12
167,2024-09-01 22:00:00,56,12
167,2024-09-01 23:00:00,56,12
167,2024-09-02 00:00:00,56,12
167,2024-09-02 01:00:00,56,12
167,2024-09-02 02:00:00,56,12
167,2024-09-02 03:00:00,56,12
167,2024-09-02 04:00:00,56,12
167,2024-09-02 05:00:00,56,12
167,2024-09-02 06:00:00,57,13
167,2024-09-02 07:00:00,58,14
167,2024-09-02 08:00:00,62,15
167,2024-09-02 09:00:00,65,16
167,2024-09-02 10:00:00,69,16
167,2024-09-02 11:00:00,73,16
167,2024-09-02 12:00:00,74,16
167,2024-09-02 13:00:00,75,16
167,2024-09-02 14:00:00,75,16
167,2024-09-02 15:00:00,75,16
167,2024-09-02 16:00:00,75,16
167,2024-09-02 17:00:00,75,16
167,2024-09-02 18:00:00,75,16
167,2024-09-02 19:00:00,75,16
167,2024-09-02 20:00:00,75,16
167,2024-09-02 21:00:00,75,16
167,2024-09-02 22:00:00,75,16
167,2024-09-02 23:00:00,75,16
167,2024-09-03 00:00:00,75,16
167,2024-09-03 01:00:00,75,16
167,2024-09-03 02:00:00,75,16
167,2024-09-03 03:00:00,75,16
167,2024-09-03 04:00:00,75,16
167,2024-09-03 05:00:00,75,16
167,2024-09-03 06:00:00,75,16
167,2024-09-03 07:00:00,75,16
167,2024-09-03 08:00:00,75,16
167,2024-09-03 09:00:00,75,16
167,2024-09-03 10:00:00,75,16
167,2024-09-03 11:00:00,75,16
167,2024-09-03 12:00:00,75,16
167,2024-09-03 13:00:00,75,16
167,2024-09-03 14:00:00,75,16
167,2024-09-03 15:00:00,75,16
167,2024-09-03 16:00:00,75,16
167,2024-09-03 17:00:00,75,16
167,2024-09-03 18:00:00,0,0
167,2024-09-03 19:00:00,0,0
167,2024-09-03 20:00:00,0,0
167,2024-09-03 21:00:00,0,0
167,2024-09-03 22:00:00,0,0
167,2024-09-03 23:00:00,0,0
168,2024-09-01 00:00:00,55,12
168,2024-09-01 01:00:00,55,12
168,2024-09-01 02:00:00,55,12
168,2024-09-01 03:00:00,55,12
168,2024-09-01 04:00:00,55,12
168,2024-09-01 05:00:00,55,12
168,2024-09-01 06:00:00,55,12
168,2024-09-01 07:00:00,55,12
168,2024-09-01 08:00:00,55,12
168,2024-09-01 09:00:00,55,12
168,2024-09-01 10:00:00,55,12
168,2024-09-01 11:00:00,55,12
168,2024-09-01 12:00:00,55,12
168,2024-09-01 13:00:00,55,12
168,2024-09-01 14:00:00,55,12
168,2024-09-01 15:00:00,55,12
168,2024-09-01 16:00:00,55,12
168,2024-09-01 17:00:00,55,12
168,2024-09-01 18:00:00,55,12
168,2024-09-01 19:00:00,55,12
168,2024-09-01 20:00:00,55,12
168,2024-09-01 21:00:00,55,12
168,2024-09-01 22:00:00,55,12
168,2024-09-01 23:00:00,55,12
168,2024-09-02 00:00:00,55,12
168,2024-09-02 01:00:00,55,12
168,2024-09-02 02:00:00,55,12
168,2024-09-02 03:00:00,55,12
168,2024-09-02 04:00:00,55,12
168,2024-09-02 05:00:00,55,12
168,2024-09-02 06:00:00,56,13
168,2024-09-02 07:00:00,57,14
168,2024-09-02 08:00:00,61,15
168,2024-09-02 09:00:00,64,16
168,2024-09-02 10:00:00,68,16
168,2024-09-02 11:00:00,72,16
168,2024-09-02 12:00:00,74,16
168,2024-09-02 13:00:00,75,16
168,2024-09-02 14:00:00,75,16
168,2024-09-02 15:00:00,75,16
168,2024-09-02 16:00:00,75,16
168,2024-09-02 17:00:00,75,16
168,2024-09-02 18:00:00,75,16
168,2024-09-02 19:00:00,75,16
168,2024-09-02 20:00:00,75,16
168,2024-09-02 21:00:00,75,16
168,2024-09-02 22:00:00,75,16
168,2024-09-02 23:00:00,75,16
168,2024-09-03 00:00:00,75,16
168,2024-09-03 01:00:00,75,16
168,2024-09-03 02:00:00,75,16
168,2024-09-03 03:00:00,75,16
168,2024-09-03 04:00:00,75,16
168,2024-09-03 05:00:00,75,16
168,2024-09-03 06:00:00,75,16
168,2024-09-03 07:00:00,75,16
168,2024-09-03 08:00:00,75,16
168,2024-09-03 09:00:00,75,16
168,2024-09-03 10:00:00,75,16
168,2024-09-03 11:00:00,75,16
168,2024-09-03 12:00:00,75,16
168,2024-09-03 13:00:00,75,16
168,2024-09-03 14:00:00,75,16
168,2024-09-03 15:00:00,75,16
168,2024-09-03 16:00:00,75,16
168,2024-09-03 17:00:00,75,16
168,2024-09-03 18:00:00,0,0
168,2024-09-03 19:00:00,0,0
168,2024-09-03 20:00:00,0,0
168,2024-09-03 21:00:00,0,0
168,2024-09-03 22:00:00,0,0
168,2024-09-03 23:00:00,0,0
169,2024-09-01 00:00:00,56,12
169,2024-09-01 01:00:00,56,12
169,2024-09-01 02:00:00,56,12
169,2024-09-01 03:00:00,56,12
169,2024-09-01 04:00:00,56,12
169,2024-09-01 05:00:00,56,12
169,2024-09-01 06:00:00,56,12
169,2024-09-01 07:00:00,56,12
169,2024-09-01 08:00:00,56,12
169,2024-09-01 09:00:00,56,12
169,2024-09-01 10:00:00,56,12
169,2024-09-01 11:00:00,56,12
169,2024-09-01 12:00:00,56,12
169,2024-09-01 13:00:00,56,12
169,2024-09-01 14:00:00,56,12
169,2024-09-01 15:00:00,56,12
169,2024-09-01 16:00:00,56,12
169,2024-09-01 17:00:00,56,12
169,2024-09-01 18:00:00,56,12
169,2024-09-01 19:00:00,56,12
169,2024-09-01 20:00:00,56,12
169,2024-09-01 21:00:00,56,12
169,2024-09-01 22:00:00,56,12
169,2024-09-01 23:00:00,56,12
169,2024-09-02 00:00:00,56,12
169,2024-09-02 01:00:00,56,12
169,2024-09-02 02:00:00,56,12
169,2024-09-02 03:00:00,56,12
169,2024-09-02 04:00:00,56,12
169,2024-09-02 05:00:00,56,12
169,2024-09-02 06:00:00,57,13
169,2024-09-02 07:00:00,58,14
169,2024-09-02 08:00:00,62,15
169,2024-09-02 09:00:00,65,16
169,2024-09-02 10:00:00,70,16
169,2024-09-02 11:00:00,72,16
169,2024-09-02 12:00:00,75,16
169,2024-09-02 13:00:00,75,16
169,2024-09-02 14:00:00,75,16
169,2024-09-02 15:00:00,75,16
169,2024-09-02 16:00:00,75,16
169,2024-09-02 17:00:00,75,16
169,2024-09-02 18:00:00,75,16
169,2024-09-02 19:00:00,75,16
169,2024-09-02 20:00:00,75,16
169,2024-09-02 21:00:00,75,16
169,2024-09-02 22:00:00,75,16
169,2024-09-02 23:00:00,75,16
169,2024-09-03 00:00:00,75,16
169,2024-09-03 01:00:00,75,16
169,2024-09-03 02:00:00,75,16
169,2024-09-03 03:00:00,75,16
169,2024-09-03 04:00:00,75,16
169,2024-09-03 05:00:00,75,16
169,2024-09-03 06:00:00,75,16
169,2024-09-03 07:00:00,75,16
169,2024-09-03 08:00:00,75,16
169,2024-09-03 09:00:00,75,16
169,2024-09-03 10:00:00,75,16
169,2024-09-03 11:00:00,75,16
169,2024-09-03 12:00:00,75,16
169,2024-09-03 13:00:00,75,16
169,2024-09-03 14:00:00,75,16
169,2024-09-03 15:00:00,75,16
169,2024-09-03 16:00:00,75,16
169,2024-09-03 17:00:00,75,16
169,2024-09-03 18:00:00,0,0
169,2024-09-03 19:00:00,0,0
169,2024-09-03 20:00:00,0,0
169,2024-09-03 21:00:00,0,0
169,2024-09-03 22:00:00,0,0
169,2024-09-03 23:00:00,0,0
170,2024-09-01 00:00:00,57,12
170,2024-09-01 01:00:00,57,12
170,2024-09-01 02:00:00,57,12
170,2024-09-01 03:00:00,57,12
170,2024-09-01 04:00:00,57,12
170,2024-09-01 05:00:00,57,12
170,2024-09-01 06:00:00,57,12
170,2024-09-01 07:00:00,57,12
170,2024-09-01 08:00:00,57,12
170,2024-09-01 09:00:00,57,12
170,2024-09-01 10:00:00,57,12
170,2024-09-01 11:00:00,57,12
170,2024-09-01 12:00:00,57,12
170,2024-09-01 13:00:00,57,12
170,2024-09-01 14:00:00,57,12
170,2024-09-01 15:00:00,57,12
170,2024-09-01 16:00:00,57,12
170,2024-09-01 17:00:00,57,12
170,2024-09-01 18:00:00,57,12
170,2024-09-01 19:00:00,57,12
170,2024-09-01 20:00:00,57,12
170,2024-09-01 21:00:00,57,12
170,2024-09-01 22:00:00,57,12
170,2024-09-01 23:00:00,57,12
170,2024-09-02 00:00:00,57,12
170,2024-09-02 01:00:00,57,12
170,2024-09-02 02:00:00,57,12
170,2024-09-02 03:00:00,57,12
170,2024-09-02 04:00:00,57,12
170,2024-09-02 05:00:00,57,12
170,2024-09-02 06:00:00,58,13
170,2024-09-02 07:00:00,59,14
170,2024-09-02 08:00:00,63,15
170,2024-09-02 09:00:00,66,16
170,2024-09-02 10:00:00,70,16
170,2024-09-02 11:00:00,73,16
170,2024-09-02 12:00:00,74,16
170,2024-09-02 13:00:00,75,16
170,2024-09-02 14:00:00,75,16
170,2024-09-02 15:00:00,75,16
170,2024-09-02 16:00:00,75,16
170,2024-09-02 17:00:00,75,16
170,2024-09-02 18:00:00,75,16
170,2024-09-02 19:00:00,75,16
170,2024-09-02 20:00:00,75,16
170,2024-09-02 21:00:00,75,16
170,2024-09-02 22:00:00,75,16
170,2024-09-02 23:00:00,75,16
170,2024-09-03 00:00:00,75,16
170,2024-09-03 01:00:00,75,16
170,2024-09-03 02:00:00,75,16
170,2024-09-03 03:00:00,75,16
170,2024-09-03 04:00:00,75,16
170,2024-09-03 05:00:00,75,16
170,2024-09-03 06:00:00,75,16
170,2024-09-03 07:00:00,75,16
170,2024-09-03 08:00:00,75,16
170,2024-09-03 09:00:00,75,16
170,2024-09-03 10:00:00,75,16
170,2024-09-03 11:00:00,75,16
170,2024-09-03 12:00:00,75,16
170,2024-09-03 13:00:00,75,16
170,2024-09-03 14:00:00,75,16
170,2024-09-03 15:00:00,75,16
170,2024-09-03 16:00:00,75,16
170,2024-09-03 17:00:00,75,16
170,2024-09-03 18:00:00,0,0
170,2024-09-03 19:00:00,0,0
170,2024-09-03 20:00:00,0,0
170,2024-09-03 21:00:00,0,0
170,2024-09-03 22:00:00,0,0
170,2024-09-03 23:00:00,0,0
171,2024-09-01 00:00:00,56,12
171,2024-09-01 01:00:00,56,12
171,2024-09-01 02:00:00,56,12
171,2024-09-01 03:00:00,56,12
171,2024-09-01 04:00:00,56,12
171,2024-09-01 05:00:00,56,12
171,2024-09-01 06:00:00,56,12
171,2024-09-01 07:00:00,56,12
171,2024-09-01 08:00:00,56,12
171,2024-09-01 09:00:00,56,12
171,2024-09-01 10:00:00,56,12
171,2024-09-01 11:00:00,56,12
171,2024-09-01 12:00:00,56,12
171,2024-09-01 13:00:00,56,12
171,2024-09-01 14:00:00,56,12
171,2024-09-01 15:00:00,56,12
171,2024-09-01 16:00:00,56,12
171,2024-09-01 17:00:00,56,12
171,2024-09-01 18:00:00,56,12
171,2024-09-01 19:00:00,56,12
171,2024-09-01 20:00:00,56,12
171,2024-09-01 21:00:00,56,12
171,2024-09-01 22:00:00,56,12
171,2024-09-01 23:00:00,56,12
171,2024-09-02 00:00:00,56,12
171,2024-09-02 01:00:00,56,12
171,2024-09-02 02:00:00,56,12
171,2024-09-02 03:00:00,56,12
171,2024-09-02 04:00:00,56,12
171,2024-09-02 05:00:00,56,12
171,2024-09-02 06:00:00,57,13
171,2024-09-02 07:00:00,58,14
171,2024-09-02 08:00:00,62,15
171,2024-09-02 09:00:00,65,16
171,2024-09-02 10:00:00,69,16
171,2024-09-02 11:00:00,72,16
171,2024-09-02 12:00:00,75,16
171,2024-09-02 13:00:00,75,16
171,2024-09-02 14:00:00,75,16
171,2024-09-02 15:00:00,75,16
171,2024-09-02 16:00:00,75,16
171,2024-09-02 17:00:00,75,16
171,2024-09-02 18:00:00,75,16
171,2024-09-02 19:00:00,75,16
171,2024-09-02 20:00:00,75,16
171,2024-09-02 21:00:00,75,16
171,2024-09-02 22:00:00,75,16
171,2024-09-02 23:00:00,75,16
171,2024-09-03 00:00:00,75,16
171,2024-09-03 01:00:00,75,16
171,2024-09-03 02:00:00,75,16
171,2024-09-03 03:00:00,75,16
171,2024-09-03 04:00:00,75,16
171,2024-09-03 05:00:00,75,16
171,2024-09-03 06:00:00,75,16
171,2024-09-03 07:00:00,75,16
171,2024-09-03 08:00:00,75,16
171,2024-09-03 09:00:00,75,16
171,2024-09-03 10:00:00,75,16
171,2024-09-03 11:00:00,75,16
171,2024-09-03 12:00:00,75,16
171,2024-09-03 13:00:00,75,16
171,2024-09-03 14:00:00,75,16
171,2024-09-03 15:00:00,75,16
171,2024-09-03 16:00:00,75,16
171,2024-09-03 17:00:00,75,16
171,2024-09-03 18:00:00,0,0
171,2024-09-03 19:00:00,0,0
171,2024-09-03 20:00:00,0,0
171,2024-09-03 21:00:00,0,0
171,2024-09-03 22:00:00,0,0
171,2024-09-03 23:00:00,0,0
172,2024-09-01 00:00:00,57,12
172,2024-09-01 01:00:00,57,12
172,2024-09-01 02:00:00,57,12
172,2024-09-01 03:00:00,57,12
172,2024-09-01 04:00:00,57,12
172,2024-09-01 05:00:00,57,12
172,2024-09-01 06:00:00,57,12
172,2024-09-01 07:00:00,57,12
172,2024-09-01 08:00:00,57,12
172,2024-09-01 09:00:00,57,12
172,2024-09-01 10:00:00,57,12
172,2024-09-01 11:00:00,57,12
172,2024-09-01 12:00:00,57,12
172,2024-09-01 13:00:00,57,12
172,2024-09-01 14:00:00,57,12
172,2024-09-01 15:00:00,57,12
172,2024-09-01 16:00:00,57,12
172,2024-09-01 17:00:00,57,12
172,2024-09-01 18:00:00,57,12
172,2024-09-01 19:00:00,57,12
172,2024-09-01 20:00:00,57,12
172,2024-09-01 21:00:00,57,12
172,2024-09-01 22:00:00,57,12
172,2024-09-01 23:00:00,57,12
172,2024-09-02 00:00:00,57,12
172,2024-09-02 01:00:00,57,12
172,2024-09-02 02:00:00,57,12
172,2024-09-02 03:00:00,57,12
172,2024-09-02 04:00:00,57,12
172,2024-09-02 05:00:00,57,12
172,2024-09-02 06:00:00,58,13
172,2024-09-02 07:00:00,59,14
172,2024-09-02 08:00:00,62,15
172,2024-09-02 09:00:00,65,16
172,2024-09-02 10:00:00,70,16
172,2024-09-02 11:00:00,73,16
172,2024-09-02 12:00:00,75,16
172,2024-09-02 13:00:00,75,16
172,2024-09-02 14:00:00,75,16
172,2024-09-02 15:00:00,75,16
172,2024-09-02 16:00:00,75,16
172,2024-09-02 17:00:00,75,16
172,2024-09-02 18:00:00,75,16
172,2024-09-02 19:00:00,75,16
172,2024-09-02 20:00:00,75,16
172,2024-09-02 21:00:00,75,16
172,2024-09-02 22:00:00,75,16
172,2024-09-02 23:00:00,75,16
172,2024-09-03 00:00:00,75,16
172,2024-09-03 01:00:00,75,16
172,2024-09-03 02:00:00,75,16
172,2024-09-03 03:00:00,75,16
172,2024-09-03 04:00:00,75,16
172,2024-09-03 05:00:00,75,16
172,2024-09-03 06:00:00,75,16
172,2024-09-03 07:00:00,75,16
172,2024-09-03 08:00:00,75,16
172,2024-09-03 09:00:00,75,16
172,2024-09-03 10:00:00,75,16
172,2024-09-03 11:00:00,75,16
172,2024-09-03 12:00:00,75,16
172,2024-09-03 13:00:00,75,16
172,2024-09-03 14:00:00,75,16
172,2024-09-03 15:00:00,75,16
172,2024-09-03 16:00:00,75,16
172,2024-09-03 17:00:00,75,16
172,2024-09-03 18:00:00,0,0
172,2024-09-03 19:00:00,0,0
172,2024-09-03 20:00:00,0,0
172,2024-09-03 21:00:00,0,0
172,2024-09-03 22:00:00,0,0
172,2024-09-03 23:00:00,0,0
173,2024-09-01 00:00:00,56,12
173,2024-09-01 01:00:00,56,12
173,2024-09-01 02:00:00,56,12
173,2024-09-01 03:00:00,56,12
173,2024-09-01 04:00:00,56,12
173,2024-09-01 05:00:00,56,12
173,2024-09-01 06:00:00,56,12
173,2024-09-01 07:00:00,56,12
173,2024-09-01 08:00:00,56,12
173,2024-09-01 09:00:00,56,12
173,2024-09-01 10:00:00,56,12
173,2024-09-01 11:00:00,56,12
173,2024-09-01 12:00:00,56,12
173,2024-09-01 13:00:00,56,12
173,2024-09-01 14:00:00,56,12
173,2024-09-01 15:00:00,56,12
173,2024-09-01 16:00:00,56,12
173,2024-09-01 17:00:00,56,12
173,2024-09-01 18:00:00,56,12
173,2024-09-01 19:00:00,56,12
173,2024-09-01 20:00:00,56,12
173,2024-09-01 21:00:00,56,12
173,2024-09-01 22:00:00,56,12
173,2024-09-01 23:00:00,56,12
173,2024-09-02 00:00:00,56,12
173,2024-09-02 01:00:00,56,12
173,2024-09-02 02:00:00,56,12
173,2024-09-02 03:00:00,56,12
173,2024-09-02 04:00:00,56,12
173,2024-09-02 05:00:00,56,12
173,2024-09-02 06:00:00,57,13
173,2024-09-02 07:00:00,58,14
173,2024-09-02 08:00:00,62,15
173,2024-09-02 09:00:00,65,16
173,2024-09-02 10:00:00,69,16
173,2024-09-02 11:00:00,72,16
173,2024-09-02 12:00:00,74,16
173,2024-09-02 13:00:00,75,16
173,2024-09-02 14:00:00,75,16
173,2024-09-02 15:00:00,75,16
173,2024-09-02 16:00:00,75,16
173,2024-09-02 17:00:00,75,16
173,2024-09-02 18:00:00,75,16
173,2024-09-02 19:00:00,75,16
173,2024-09-02 20:00:00,75,16
173,2024-09-02 21:00:00,75,16
173,2024-09-02 22:00:00,75,16
173,2024-09-02 23:00:00,75,16
173,2024-09-03 00:00:00,75,16
173,2024-09-03 01:00:00,75,16
173,2024-09-03 02:00:00,75,16
173,2024-09-03 03:00:00,75,16
173,2024-09-03 04:00:00,75,16
173,2024-09-03 05:00:00,75,16
173,2024-09-03 06:00:00,75,16
173,2024-09-03 07:00:00,75,16
173,2024-09-03 08:00:00,75,16
173,2024-09-03 09:00:00,75,16
173,2024-09-03 10:00:00,75,16
173,2024-09-03 11:00:00,75,16
173,2024-09-03 12:00:00,75,16
173,2024-09-03 13:00:00,75,16
173,2024-09-03 14:00:00,75,16
173,2024-09-03 15:00:00,75,16
173,2024-09-03 16:00:00,75,16
173,2024-09-03 17:00:00,75,16
173,2024-09-03 18:00:00,0,0
173,2024-09-03 19:00:00,0,0
173,2024-09-03 20:00:00,0,0
173,2024-09-03 21:00:00,0,0
173,2024-09-03 22:00:00,0,0
173,2024-09-03 23:00:00,0,0
174,2024-09-01 00:00:00,55,12
174,2024-09-01 01:00:00,55,12
174,2024-09-01 02:00:00,55,12
174,2024-09-01 03:00:00,55,12
174,2024-09-01 04:00:00,55,12
174,2024-09-01 05:00:00,55,12
174,2024-09-01 06:00:00,55,12
174,2024-09-01 07:00:00,55,12
174,2024-09-01 08:00:00,55,12
174,2024-09-01 09:00:00,55,12
174,2024-09-01 10:00:00,55,12
174,2024-09-01 11:00:00,55,12
174,2024-09-01 12:00:00,55,12
174,2024-09-01 13:00:00,55,12
174,2024-09-01 14:00:00,55,12
174,2024-09-01 15:00:00,55,12
174,2024-09-01 16:00:00,55,12
174,2024-09-01 17:00:00,55,12
174,2024-09-01 18:00:00,55,12
174,2024-09-01 19:00:00,55,12
174,2024-09-01 20:00:00,55,12
174,2024-09-01 21:00:00,55,12
174,2024-09-01 22:00:00,55,12
174,2024-09-01 23:00:00,55,12
174,2024-09-02 00:00:00,55,12
174,2024-09-02 01:00:00,55,12
174,2024-09-02 02:00:00,55,12
174,2024-09-02 03:00:00,55,12
174,2024-09-02 04:00:00,55,12
174,2024-09-02 05:00:00,55,12
174,2024-09-02 06:00:00,56,13
174,2024-09-02 07:00:00,57,14
174,2024-09-02 08:00:00,61,15
174,2024-09-02 09:00:00,64,16
174,2024-09-02 10:00:00,68,16
174,2024-09-02 11:00:00,72,16
174,2024-09-02 12:00:00,74,16
174,2024-09-02 13:00:00,75,16
174,2024-09-02 14:00:00,75,16
174,2024-09-02 15:00:00,75,16
174,2024-09-02 16:00:00,75,16
174,2024-09-02 17:00:00,75,16
174,2024-09-02 18:00:00,75,16
174,2024-09-02 19:00:00,75,16
174,2024-09-02 20:00:00,75,16
174,2024-09-02 21:00:00,75,16
174,2024-09-02 22:00:00,75,16
174,2024-09-02 23:00:00,75,16
174,2024-09-03 00:00:00,75,16
174,2024-09-03 01:00:00,75,16
174,2024-09-03 02:00:00,75,16
174,2024-09-03 03:00:00,75,16
174,2024-09-03 04:00:00,75,16
174,2024-09-03 05:00:00,75,16
174,2024-09-03 06:00:00,75,16
174,2024-09-03 07:00:00,75,16
174,2024-09-03 08:00:00,75,16
174,2024-09-03 09:00:00,75,16
174,2024-09-03 10:00:00,75,16
174,2024-09-03 11:00:00,75,16
174,2024-09-03 12:00:00,75,16
174,2024-09-03 13:00:00,75,16
174,2024-09-03 14:00:00,75,16
174,2024-09-03 15:00:00,75,16
174,2024-09-03 16:00:00,75,16
174,2024-09-03 17:00:00,75,16
174,2024-09-03 18:00:00,0,0
174,2024-09-03 19:00:00,0,0
174,2024-09-03 20:00:00,0,0
174,2024-09-03 21:00:00,0,0
174,2024-09-03 22:00:00,0,0
174,2024-09-03 23:00:00,0,0
175,2024-09-01 00:00:00,57,12
175,2024-09-01 01:00:00,57,12
175,2024-09-01 02:00:00,57,12
175,2024-09-01 03:00:00,57,12
175,2024-09-01 04:00:00,57,12
175,2024-09-01 05:00:00,57,12
175,2024-09-01 06:00:00,57,12
175,2024-09-01 07:00:00,57,12
175,2024-09-01 08:00:00,57,12
175,2024-09-01 09:00:00,57,12
175,2024-09-01 10:00:00,57,12
175,2024-09-01 11:00:00,57,12
175,2024-09-01 12:00:00,57,12
175,2024-09-01 13:00:00,57,12
175,2024-09-01 14:00:00,57,12
175,2024-09-01 15:00:00,57,12
175,2024-09-01 16:00:00,57,12
175,2024-09-01 17:00:00,57,12
175,2024-09-01 18:00:00,57,12
175,2024-09-01 19:00:00,57,12
175,2024-09-01 20:00:00,57,12
175,2024-09-01 21:00:00,57,12
175,2024-09-01 22:00:00,57,12
175,2024-09-01 23:00:00,57,12
175,2024-09-02 00:00:00,57,12
175,2024-09-02 01:00:00,57,12
175,2024-09-02 02:00:00,57,12
175,2024-09-02 03:00:00,57,12
175,2024-09-02 04:00:00,57,12
175,2024-09-02 05:00:00,57,12
175,2024-09-02 06:00:00,58,13
175,2024-09-02 07:00:00,59,14
175,2024-09-02 08:00:00,63,15
175,2024-09-02 09:00:00,66,16
175,2024-09-02 10:00:00,70,16
175,2024-09-02 11:00:00,72,16
175,2024-09-02 12:00:00,74,16
175,2024-09-02 13:00:00,75,16
175,2024-09-02 14:00:00,75,16
175,2024-09-02 15:00:00,75,16
175,2024-09-02 16:00:00,75,16
175,2024-09-02 17:00:00,75,16
175,2024-09-02 18:00:00,75,16
175,2024-09-02 19:00:00,75,16
175,2024-09-02 20:00:00,75,16
175,2024-09-02 21:00:00,75,16
175,2024-09-02 22:00:00,75,16
175,2024-09-02 23:00:00,75,16
175,2024-09-03 00:00:00,75,16
175,2024-09-03 01:00:00,75,16
175,2024-09-03 02:00:00,75,16
175,2024-09-03 03:00:00,75,16
175,2024-09-03 04:00:00,75,16
175,2024-09-03 05:00:00,75,16
175,2024-09-03 06:00:00,75,16
175,2024-09-03 07:00:00,75,16
175,2024-09-03 08:00:00,75,16
175,2024-09-03 09:00:00,75,16
175,2024-09-03 10:00:00,75,16
175,2024-09-03 11:00:00,75,16
175,2024-09-03 12:00:00,75,16
175,2024-09-03 13:00:00,75,16
175,2024-09-03 14:00:00,75,16
175,2024-09-03 15:00:00,75,16
175,2024-09-03 16:00:00,75,16
175,2024-09-03 17:00:00,75,16
175,2024-09-03 18:00:00,0,0
175,2024-09-03 19:00:00,0,0
175,2024-09-03 20:00:00,0,0
175,2024-09-03 21:00:00,0,0
175,2024-09-03 22:00:00,0,0
175,2024-09-03 23:00:00,0,0
176,2024-09-01 00:00:00,56,12
176,2024-09-01 01:00:00,56,12
176,2024-09-01 02:00:00,56,12
176,2024-09-01 03:00:00,56,12
176,2024-09-01 04:00:00,56,12
176,2024-09-01 05:00:00,56,12
176,2024-09-01 06:00:00,56,12
176,2024-09-01 07:00:00,56,12
176,2024-09-01 08:00:00,56,12
176,2024-09-01 09:00:00,56,12
176,2024-09-01 10:00:00,56,12
176,2024-09-01 11:00:00,56,12
176,2024-09-01 12:00:00,56,12
176,2024-09-01 13:00:00,56,12
176,2024-09-01 14:00:00,56,12
176,2024-09-01 15:00:00,56,12
176,2024-09-01 16:00:00,56,12
176,2024-09-01 17:00:00,56,12
176,2024-09-01 18:00:00,56,12
176,2024-09-01 19:00:00,56,12
176,2024-09-01 20:00:00,56,12
176,2024-09-01 21:00:00,56,12
176,2024-09-01 22:00:00,56,12
176,2024-09-01 23:00:00,56,12
176,2024-09-02 00:00:00,56,12
176,2024-09-02 01:00:00,56,12
176,2024-09-02 02:00:00,56,12
176,2024-09-02 03:00:00,56,12
176,2024-09-02 04:00:00,56,12
176,2024-09-02 05:00:00,56,12
176,2024-09-02 06:00:00,57,13
176,2024-09-02 07:00:00,58,14
176,2024-09-02 08:00:00,62,15
176,2024-09-02 09:00:00,65,16
176,2024-09-02 10:00:00,69,16
176,2024-09-02 11:00:00,73,16
176,2024-09-02 12:00:00,74,16
176,2024-09-02 13:00:00,75,16
176,2024-09-02 14:00:00,75,16
176,2024-09-02 15:00:00,75,16
176,2024-09-02 16:00:00,75,16
176,2024-09-02 17:00:00,75,16
176,2024-09-02 18:00:00,75,16
176,2024-09-02 19:00:00,75,16
176,2024-09-02 20:00:00,75,16
176,2024-09-02 21:00:00,75,16
176,2024-09-02 22:00:00,75,16
176,2024-09-02 23:00:00,75,16
176,2024-09-03 00:00:00,75,16
176,2024-09-03 01:00:00,75,16
176,2024-09-03 02:00:00,75,16
176,2024-09-03 03:00:00,75,16
176,2024-09-03 04:00:00,75,16
176,2024-09-03 05:00:00,75,16
176,2024-09-03 06:00:00,75,16
176,2024-09-03 07:00:00,75,16
176,2024-09-03 08:00:00,75,16
176,2024-09-03 09:00:00,75,16
176,2024-09-03 10:00:00,75,16
176,2024-09-03 11:00:00,75,16
176,2024-09-03 12:00:00,75,16
176,2024-09-03 13:00:00,75,16
176,2024-09-03 14:00:00,75,16
176,2024-09-03 15:00:00,75,16
176,2024-09-03 16:00:00,75,16
176,2024-09-03 17:00:00,75,16
176,2024-09-03 18:00:00,0,0
176,2024-09-03 19:00:00,0,0
176,2024-09-03 20:00:00,0,0
176,2024-09-03 21:00:00,0,0
176,2024-09-03 22:00:00,0,0
176,2024-09-03 23:00:00,0,0
177,2024-09-01 00:00:00,56,12
177,2024-09-01 01:00:00,56,12
177,2024-09-01 02:00:00,56,12
177,2024-09-01 03:00:00,56,12
177,2024-09-01 04:00:00,56,12
177,2024-09-01 05:00:00,56,12
177,2024-09-01 06:00:00,56,12
177,2024-09-01 07:00:00,56,12
177,2024-09-01 08:00:00,56,12
177,2024-09-01 09:00:00,56,12
177,2024-09-01 10:00:00,56,12
177,2024-09-01 11:00:00,56,12
177,2024-09-01 12:00:00,56,12
177,2024-09-01 13:00:00,56,12
177,2024-09-01 14:00:00,56,12
177,2024-09-01 15:00:00,56,12
177,2024-09-01 16:00:00,56,12
177,2024-09-01 17:00:00,56,12
177,2024-09-01 18:00:00,56,12
177,2024-09-01 19:00:00,56,12
177,2024-09-01 20:00:00,56,12
177,2024-09-01 21:00:00,56,12
177,2024-09-01 22:00:00,56,12
177,2024-09-01 23:00:00,56,12
177,2024-09-02 00:00:00,56,12
177,2024-09-02 01:00:00,56,12
177,2024-09-02 02:00:00,56,12
177,2024-09-02 03:00:00,56,12
177,2024-09-02 04:00:00,56,12
177,2024-09-02 05:00:00,56,12
177,2024-09-02 06:00:00,57,13
177,2024-09-02 07:00:00,58,14
177,2024-09-02 08:00:00,62,15
177,2024-09-02 09:00:00,65,16
177,2024-09-02 10:00:00,70,16
177,2024-09-02 11:00:00,72,16
177,2024-09-02 12:00:00,75,16
177,2024-09-02 13:00:00,75,16
177,2024-09-02 14:00:00,75,16
177,2024-09-02 15:00:00,75,16
177,2024-09-02 16:00:00,75,16
177,2024-09-02 17:00:00,75,16
177,2024-09-02 18:00:00,75,16
177,2024-09-02 19:00:00,75,16
177,2024-09-02 20:00:00,75,16
177,2024-09-02 21:00:00,75,16
177,2024-09-02 22:00:00,75,16
177,2024-09-02 23:00:00,75,16
177,2024-09-03 00:00:00,75,16
177,2024-09-03 01:00:00,75,16
177,2024-09-03 02:00:00,75,16
177,2024-09-03 03:00:00,75,16
177,2024-09-03 04:00:00,75,16
177,2024-09-03 05:00:00,75,16
177,2024-09-03 06:00:00,75,16
177,2024-09-03 07:00:00,75,16
177,2024-09-03 08:00:00,75,16
177,2024-09-03 09:00:00,75,16
177,2024-09-03 10:00:00,75,16
177,2024-09-03 11:00:00,75,16
177,2024-09-03 12:00:00,75,16
177,2024-09-03 13:00:00,75,16
177,2024-09-03 14:00:00,75,16
177,2024-09-03 15:00:00,75,16
177,2024-09-03 16:00:00,75,16
177,2024-09-03 17:00:00,75,16
177,2024-09-03 18:00:00,0,0
177,2024-09-03 19:00:00,0,0
177,2024-09-03 20:00:00,0,0
177,2024-09-03 21:00:00,0,0
177,2024-09-03 22:00:00,0,0
177,2024-09-03 23:00:00,0,0
178,2024-09-01 00:00:00,56,12
178,2024-09-01 01:00:00,56,12
178,2024-09-01 02:00:00,56,12
178,2024-09-01 03:00:00,56,12
178,2024-09-01 04:00:00,56,12
178,2024-09-01 05:00:00,56,12
178,2024-09-01 06:00:00,56,12
178,2024-09-01 07:00:00,56,12
178,2024-09-01 08:00:00,56,12
178,2024-09-01 09:00:00,56,12
178,2024-09-01 10:00:00,56,12
178,2024-09-01 11:00:00,56,12
178,2024-09-01 12:00:00,56,12
178,2024-09-01 13:00:00,56,12
178,2024-09-01 14:00:00,56,12
178,2024-09-01 15:00:00,56,12
178,2024-09-01 16:00:00,56,12
178,2024-09-01 17:00:00,56,12
178,2024-09-01 18:00:00,56,12
178,2024-09-01 19:00:00,56,12
178,2024-09-01 20:00:00,56,12
178,2024-09-01 21:00:00,56,12
178,2024-09-01 22:00:00,56,12
178,2024-09-01 23:00:00,56,12
178,2024-09-02 00:00:00,56,12
178,2024-09-02 01:00:00,56,12
178,2024-09-02 02:00:00,56,12
178,2024-09-02 03:00:00,56,12
178,2024-09-02 04:00:00,56,12
178,2024-09-02 05:00:00,56,12
178,2024-09-02 06:00:00,57,13
178,2024-09-02 07:00:00,58,14
178,2024-09-02 08:00:00,62,15
178,2024-09-02 09:00:00,65,16
178,2024-09-02 10:00:00,69,16
178,2024-09-02 11:00:00,73,16
178,2024-09-02 12:00:00,74,16
178,2024-09-02 13:00:00,75,16
178,2024-09-02 14:00:00,75,16
178,2024-09-02 15:00:00,75,16
178,2024-09-02 16:00:00,75,16
178,2024-09-02 17:00:00,75,16
178,2024-09-02 18:00:00,75,16
178,2024-09-02 19:00:00,75,16
178,2024-09-02 20:00:00,75,16
178,2024-09-02 21:00:00,75,16
178,2024-09-02 22:00:00,75,16
178,2024-09-02 23:00:00,75,16
178,2024-09-03 00:00:00,75,16
178,2024-09-03 01:00:00,75,16
178,2024-09-03 02:00:00,75,16
178,2024-09-03 03:00:00,75,16
178,2024-09-03 04:00:00,75,16
178,2024-09-03 05:00:00,75,16
178,2024-09-03 06:00:00,75,16
178,2024-09-03 07:00:00,75,16
178,2024-09-03 08:00:00,75,16
178,2024-09-03 09:00:00,75,16
178,2024-09-03 10:00:00,75,16
178,2024-09-03 11:00:00,75,16
178,2024-09-03 12:00:00,75,16
178,2024-09-03 13:00:00,75,16
178,2024-09-03 14:00:00,75,16
178,2024-09-03 15:00:00,75,16
178,2024-09-03 16:00:00,75,16
178,2024-09-03 17:00:00,75,16
178,2024-09-03 18:00:00,0,0
178,2024-09-03 19:00:00,0,0
178,2024-09-03 20:00:00,0,0
178,2024-09-03 21:00:00,0,0
178,2024-09-03 22:00:00,0,0
178,2024-09-03 23:00:00,0,0
179,2024-09-01 00:00:00,56,12
179,2024-09-01 01:00:00,56,12
179,2024-09-01 02:00:00,56,12
179,2024-09-01 03:00:00,56,12
179,2024-09-01 04:00:00,56,12
179,2024-09-01 05:00:00,56,12
179,2024-09-01 06:00:00,56,12
179,2024-09-01 07:00:00,56,12
179,2024-09-01 08:00:00,56,12
179,2024-09-01 09:00:00,56,12
179,2024-09-01 10:00:00,56,12
179,2024-09-01 11:00:00,56,12
179,2024-09-01 12:00:00,56,12
179,2024-09-01 13:00:00,56,12
179,2024-09-01 14:00:00,56,12
179,2024-09-01 15:00:00,56,12
179,2024-09-01 16:00:00,56,12
179,2024-09-01 17:00:00,56,12
179,2024-09-01 18:00:00,56,12
179,2024-09-01 19:00:00,56,12
179,2024-09-01 20:00:00,56,12
179,2024-09-01 21:00:00,56,12
179,2024-09-01 22:00:00,56,12
179,2024-09-01 23:00:00,56,12
179,2024-09-02 00:00:00,56,12
179,2024-09-02 01:00:00,56,12
179,2024-09-02 02:00:00,56,12
179,2024-09-02 03:00:00,56,12
179,2024-09-02 04:00:00,56,12
179,2024-09-02 05:00:00,56,12
179,2024-09-02 06:00:00,57,13
179,2024-09-02 07:00:00,58,14
179,2024-09-02 08:00:00,62,15
179,2024-09-02 09:00:00,65,16
179,2024-09-02 10:00:00,69,16
179,2024-09-02 11:00:00,72,16
179,2024-09-02 12:00:00,75,16
179,2024-09-02 13:00:00,75,16
179,2024-09-02 14:00:00,75,16
179,2024-09-02 15:00:00,75,16
179,2024-09-02 16:00:00,75,16
179,2024-09-02 17:00:00,75,16
179,2024-09-02 18:00:00,75,16
179,2024-09-02 19:00:00,75,16
179,2024-09-02 20:00:00,75,16
179,2024-09-02 21:00:00,75,16
179,2024-09-02 22:00:00,75,16
179,2024-09-02 23:00:00,75,16
179,2024-09-03 00:00:00,75,16
179,2024-09-03 01:00:00,75,16
179,2024-09-03 02:00:00,75,16
179,2024-09-03 03:00:00,75,16
179,2024-09-03 04:00:00,75,16
179,2024-09-03 05:00:00,75,16
179,2024-09-03 06:00:00,75,16
179,2024-09-03 07:00:00,75,16
179,2024-09-03 08:00:00,75,16
179,2024-09-03 09:00:00,75,16
179,2024-09-03 10:00:00,75,16
179,2024-09-03 11:00:00,75,16
179,2024-09-03 12:00:00,75,16
179,2024-09-03 13:00:00,75,16
179,2024-09-03 14:00:00,75,16
179,2024-09-03 15:00:00,75,16
179,2024-09-03 16:00:00,75,16
179,2024-09-03 17:00:00,75,16
179,2024-09-03 18:00:00,0,0
179,2024-09-03 19:00:00,0,0
179,2024-09-03 20:00:00,0,0
179,2024-09-03 21:00:00,0,0
179,2024-09-03 22:00:00,0,0
179,2024-09-03 23:00:00,0,0
180,2024-09-01 00:00:00,56,12
180,2024-09-01 01:00:00,56,12
180,2024-09-01 02:00:00,56,12
180,2024-09-01 03:00:00,56,12
180,2024-09-01 04:00:00,56,12
180,2024-09-01 05:00:00,56,12
180,2024-09-01 06:00:00,56,12
180,2024-09-01 07:00:00,56,12
180,2024-09-01 08:00:00,56,12
180,2024-09-01 09:00:00,56,12
180,2024-09-01 10:00:00,56,12
180,2024-09-01 11:00:00,56,12
180,2024-09-01 12:00:00,56,12
180,2024-09-01 13:00:00,56,12
180,2024-09-01 14:00:00,56,12
180,2024-09-01 15:00:00,56,12
180,2024-09-01 16:00:00,56,12
180,2024-09-01 17:00:00,56,12
180,2024-09-01 18:00:00,56,12
180,2024-09-01 19:00:00,56,12
180,2024-09-01 20:00:00,56,12
180,2024-09-01 21:00:00,56,12
180,2024-09-01 22:00:00,56,12
180,2024-09-01 23:00:00,56,12
180,2024-09-02 00:00:00,56,12
180,2024-09-02 01:00:00,56,12
180,2024-09-02 02:00:00,56,12
180,2024-09-02 03:00:00,56,12
180,2024-09-02 04:00:00,56,12
180,2024-09-02 05:00:00,56,12
180,2024-09-02 06:00:00,57,13
180,2024-09-02 07:00:00,58,14
180,2024-09-02 08:00:00,62,15
180,2024-09-02 09:00:00,65,16
180,2024-09-02 10:00:00,69,16
180,2024-09-02 11:00:00,72,16
180,2024-09-02 12:00:00,75,16
180,2024-09-02 13:00:00,75,16
180,2024-09-02 14:00:00,75,16
180,2024-09-02 15:00:00,75,16
180,2024-09-02 16:00:00,75,16
180,2024-09-02 17:00:00,75,16
180,2024-09-02 18:00:00,75,16
180,2024-09-02 19:00:00,75,16
180,2024-09-02 20:00:00,75,16
180,2024-09-02 21:00:00,75,16
180,2024-09-02 22:00:00,75,16
180,2024-09-02 23:00:00,75,16
180,2024-09-03 00:00:00,75,16
180,2024-09-03 01:00:00,75,16
180,2024-09-03 02:00:00,75,16
180,2024-09-03 03:00:00,75,16
180,2024-09-03 04:00:00,75,16
180,2024-09-03 05:00:00,75,16
180,2024-09-03 06:00:00,75,16
180,2024-09-03 07:00:00,75,16
180,2024-09-03 08:00:00,75,16
180,2024-09-03 09:00:00,75,16
180,2024-09-03 10:00:00,75,16
180,2024-09-03 11:00:00,75,16
180,2024-09-03 12:00:00,75,16
180,2024-09-03 13:00:00,75,16
180,2024-09-03 14:00:00,75,16
180,2024-09-03 15:00:00,75,16
180,2024-09-03 16:00:00,75,16
180,2024-09-03 17:00:00,75,16
180,2024-09-03 18:00:00,0,0
180,2024-09-03 19:00:00,0,0
180,2024-09-03 20:00:00,0,0
180,2024-09-03 21:00:00,0,0
180,2024-09-03 22:00:00,0,0
180,2024-09-03 23:00:00,0,0
181,2024-09-01 00:00:00,57,12
181,2024-09-01 01:00:00,57,12
181,2024-09-01 02:00:00,57,12
181,2024-09-01 03:00:00,57,12
181,2024-09-01 04:00:00,57,12
181,2024-09-01 05:00:00,57,12
181,2024-09-01 06:00:00,57,12
181,2024-09-01 07:00:00,57,12
181,2024-09-01 08:00:00,57,12
181,2024-09-01 09:00:00,57,12
181,2024-09-01 10:00:00,57,12
181,2024-09-01 11:00:00,57,12
181,2024-09-01 12:00:00,57,12
181,2024-09-01 13:00:00,57,12
181,2024-09-01 14:00:00,57,12
181,2024-09-01 15:00:00,57,12
181,2024-09-01 16:00:00,57,12
181,2024-09-01 17:00:00,57,12
181,2024-09-01 18:00:00,57,12
181,2024-09-01 19:00:00,57,12
181,2024-09-01 20:00:00,57,12
181,2024-09-01 21:00:00,57,12
181,2024-09-01 22:00:00,57,12
181,2024-09-01 23:00:00,57,12
181,2024-09-02 00:00:00,57,12
181,2024-09-02 01:00:00,57,12
181,2024-09-02 02:00:00,57,12
181,2024-09-02 03:00:00,57,12
181,2024-09-02 04:00:00,57,12
181,2024-09-02 05:00:00,57,12
181,2024-09-02 06:00:00,58,13
181,2024-09-02 07:00:00,59,14
181,2024-09-02 08:00:00,62,15
181,2024-09-02 09:00:00,65,16
181,2024-09-02 10:00:00,69,16
181,2024-09-02 11:00:00,72,16
181,2024-09-02 12:00:00,74,16
181,2024-09-02 13:00:00,75,16
181,2024-09-02 14:00:00,75,16
181,2024-09-02 15:00:00,75,16
181,2024-09-02 16:00:00,75,16
181,2024-09-02 17:00:00,75,16
181,2024-09-02 18:00:00,75,16
181,2024-09-02 19:00:00,75,16
181,2024-09-02 20:00:00,75,16
181,2024-09-02 21:00:00,75,16
181,2024-09-02 22:00:00,75,16
181,2024-09-02 23:00:00,75,16
181,2024-09-03 00:00:00,75,16
181,2024-09-03 01:00:00,75,16
181,2024-09-03 02:00:00,75,16
181,2024-09-03 03:00:00,75,16
181,2024-09-03 04:00:00,75,16
181,2024-09-03 05:00:00,75,16
181,2024-09-03 06:00:00,75,16
181,2024-09-03 07:00:00,75,16
181,2024-09-03 08:00:00,75,16
181,2024-09-03 09:00:00,75,16
181,2024-09-03 10:00:00,75,16
181,2024-09-03 11:00:00,75,16
181,2024-09-03 12:00:00,75,16
181,2024-09-03 13:00:00,75,16
181,2024-09-03 14:00:00,75,16
181,2024-09-03 15:00:00,75,16
181,2024-09-03 16:00:00,75,16
181,2024-09-03 17:00:00,75,16
181,2024-09-03 18:00:00,0,0
181,2024-09-03 19:00:00,0,0
181,2024-09-03 20:00:00,0,0
181,2024-09-03 21:00:00,0,0
181,2024-09-03 22:00:00,0,0
181,2024-09-03 23:00:00,0,0
182,2024-09-01 00:00:00,56,12
182,2024-09-01 01:00:00,56,12
182,2024-09-01 02:00:00,56,12
182,2024-09-01 03:00:00,56,12
182,2024-09-01 04:00:00,56,12
182,2024-09-01 05:00:00,56,12
182,2024-09-01 06:00:00,56,12
182,2024-09-01 07:00:00,56,12
182,2024-09-01 08:00:00,56,12
182,2024-09-01 09:00:00,56,12
182,2024-09-01 10:00:00,56,12
182,2024-09-01 11:00:00,56,12
182,2024-09-01 12:00:00,56,12
182,2024-09-01 13:00:00,56,12
182,2024-09-01 14:00:00,56,12
182,2024-09-01 15:00:00,56,12
182,2024-09-01 16:00:00,56,12
182,2024-09-01 17:00:00,56,12
182,2024-09-01 18:00:00,56,12
182,2024-09-01 19:00:00,56,12
182,2024-09-01 20:00:00,56,12
182,2024-09-01 21:00:00,56,12
182,2024-09-01 22:00:00,56,12
182,2024-09-01 23:00:00,56,12
182,2024-09-02 00:00:00,56,12
182,2024-09-02 01:00:00,56,12
182,2024-09-02 02:00:00,56,12
182,2024-09-02 03:00:00,56,12
182,2024-09-02 04:00:00,56,12
182,2024-09-02 05:00:00,56,12
182,2024-09-02 06:00:00,57,13
182,2024-09-02 07:00:00,58,14
182,2024-09-02 08:00:00,62,15
182,2024-09-02 09:00:00,65,16
182,2024-09-02 10:00:00,70,16
182,2024-09-02 11:00:00,73,16
182,2024-09-02 12:00:00,75,16
182,2024-09-02 13:00:00,75,16
182,2024-09-02 14:00:00,75,16
182,2024-09-02 15:00:00,75,16
182,2024-09-02 16:00:00,75,16
182,2024-09-02 17:00:00,75,16
182,2024-09-02 18:00:00,75,16
182,2024-09-02 19:00:00,75,16
182,2024-09-02 20:00:00,75,16
182,2024-09-02 21:00:00,75,16
182,2024-09-02 22:00:00,75,16
182,2024-09-02 23:00:00,75,16
182,2024-09-03 00:00:00,75,16
182,2024-09-03 01:00:00,75,16
182,2024-09-03 02:00:00,75,16
182,2024-09-03 03:00:00,75,16
182,2024-09-03 04:00:00,75,16
182,2024-09-03 05:00:00,75,16
182,2024-09-03 06:00:00,75,16
182,2024-09-03 07:00:00,75,16
182,2024-09-03 08:00:00,75,16
182,2024-09-03 09:00:00,75,16
182,2024-09-03 10:00:00,75,16
182,2024-09-03 11:00:00,75,16
182,2024-09-03 12:00:00,75,16
182,2024-09-03 13:00:00,75,16
182,2024-09-03 14:00:00,75,16
182,2024-09-03 15:00:00,75,16
182,2024-09-03 16:00:00,75,16
182,2024-09-03 17:00:00,75,16
182,2024-09-03 18:00:00,0,0
182,2024-09-03 19:00:00,0,0
182,2024-09-03 20:00:00,0,0
182,2024-09-03 21:00:00,0,0
182,2024-09-03 22:00:00,0,0
182,2024-09-03 23:00:00,0,0
183,2024-09-01 00:00:00,55,12
183,2024-09-01 01:00:00,55,12
183,2024-09-01 02:00:00,55,12
183,2024-09-01 03:00:00,55,12
183,2024-09-01 04:00:00,55,12
183,2024-09-01 05:00:00,55,12
183,2024-09-01 06:00:00,55,12
183,2024-09-01 07:00:00,55,12
183,2024-09-01 08:00:00,55,12
183,2024-09-01 09:00:00,55,12
183,2024-09-01 10:00:00,55,12
183,2024-09-01 11:00:00,55,12
183,2024-09-01 12:00:00,55,12
183,2024-09-01 13:00:00,55,12
183,2024-09-01 14:00:00,55,12
183,2024-09-01 15:00:00,55,12
183,2024-09-01 16:00:00,55,12
183,2024-09-01 17:00:00,55,12
183,2024-09-01 18:00:00,55,12
183,2024-09-01 19:00:00,55,12
183,2024-09-01 20:00:00,55,12
183,2024-09-01 21:00:00,55,12
183,2024-09-01 22:00:00,55,12
183,2024-09-01 23:00:00,55,12
183,2024-09-02 00:00:00,55,12
183,2024-09-02 01:00:00,55,12
183,2024-09-02 02:00:00,55,12
183,2024-09-02 03:00:00,55,12
183,2024-09-02 04:00:00,55,12
183,2024-09-02 05:00:00,55,12
183,2024-09-02 06:00:00,56,13
183,2024-09-02 07:00:00,57,14
183,2024-09-02 08:00:00,61,15
183,2024-09-02 09:00:00,64,16
183,2024-09-02 10:00:00,68,16
183,2024-09-02 11:00:00,72,16
183,2024-09-02 12:00:00,74,16
183,2024-09-02 13:00:00,75,16
183,2024-09-02 14:00:00,75,16
183,2024-09-02 15:00:00,75,16
183,2024-09-02 16:00:00,75,16
183,2024-09-02 17:00:00,75,16
183,2024-09-02 18:00:00,75,16
183,2024-09-02 19:00:00,75,16
183,2024-09-02 20:00:00,75,16
183,2024-09-02 21:00:00,75,16
183,2024-09-02 22:00:00,75,16
183,2024-09-02 23:00:00,75,16
183,2024-09-03 00:00:00,75,16
183,2024-09-03 01:00:00,75,16
183,2024-09-03 02:00:00,75,16
183,2024-09-03 03:00:00,75,16
183,2024-09-03 04:00:00,75,16
183,2024-09-03 05:00:00,75,16
183,2024-09-03 06:00:00,75,16
183,2024-09-03 07:00:00,75,16
183,2024-09-03 08:00:00,75,16
183,2024-09-03 09:00:00,75,16
183,2024-09-03 10:00:00,75,16
183,2024-09-03 11:00:00,75,16
183,2024-09-03 12:00:00,75,16
183,2024-09-03 13:00:00,75,16
183,2024-09-03 14:00:00,75,16
183,2024-09-03 15:00:00,75,16
183,2024-09-03 16:00:00,75,16
183,2024-09-03 17:00:00,75,16
183,2024-09-03 18:00:00,0,0
183,2024-09-03 19:00:00,0,0
183,2024-09-03 20:00:00,0,0
183,2024-09-03 21:00:00,0,0
183,2024-09-03 22:00:00,0,0
183,2024-09-03 23:00:00,0,0
184,2024-09-01 00:00:00,55,12
184,2024-09-01 01:00:00,55,12
184,2024-09-01 02:00:00,55,12
184,2024-09-01 03:00:00,55,12
184,2024-09-01 04:00:00,55,12
184,2024-09-01 05:00:00,55,12
184,2024-09-01 06:00:00,55,12
184,2024-09-01 07:00:00,55,12
184,2024-09-01 08:00:00,55,12
184,2024-09-01 09:00:00,55,12
184,2024-09-01 10:00:00,55,12
184,2024-09-01 11:00:00,55,12
184,2024-09-01 12:00:00,55,12
184,2024-09-01 13:00:00,55,12
184,2024-09-01 14:00:00,55,12
184,2024-09-01 15:00:00,55,12
184,2024-09-01 16:00:00,55,12
184,2024-09-01 17:00:00,55,12
184,2024-09-01 18:00:00,55,12
184,2024-09-01 19:00:00,55,12
184,2024-09-01 20:00:00,55,12
184,2024-09-01 21:00:00,55,12
184,2024-09-01 22:00:00,55,12
184,2024-09-01 23:00:00,55,12
184,2024-09-02 00:00:00,55,12
184,2024-09-02 01:00:00,55,12
184,2024-09-02 02:00:00,55,12
184,2024-09-02 03:00:00,55,12
184,2024-09-02 04:00:00,55,12
184,2024-09-02 05:00:00,55,12
184,2024-09-02 06:00:00,56,13
184,2024-09-02 07:00:00,57,14
184,2024-09-02 08:00:00,61,15
184,2024-09-02 09:00:00,64,16
184,2024-09-02 10:00:00,68,16
184,2024-09-02 11:00:00,72,16
184,2024-09-02 12:00:00,74,16
184,2024-09-02 13:00:00,74,16
184,2024-09-02 14:00:00,75,16
184,2024-09-02 15:00:00,75,16
184,2024-09-02 16:00:00,75,16
184,2024-09-02 17:00:00,75,16
184,2024-09-02 18:00:00,75,16
184,2024-09-02 19:00:00,75,16
184,2024-09-02 20:00:00,75,16
184,2024-09-02 21:00:00,75,16
184,2024-09-02 22:00:00,75,16
184,2024-09-02 23:00:00,75,16
184,2024-09-03 00:00:00,75,16
184,2024-09-03 01:00:00,75,16
184,2024-09-03 02:00:00,75,16
184,2024-09-03 03:00:00,75,16
184,2024-09-03 04:00:00,75,16
184,2024-09-03 05:00:00,75,16
184,2024-09-03 06:00:00,75,16
184,2024-09-03 07:00:00,75,16
184,2024-09-03 08:00:00,75,16
184,2024-09-03 09:00:00,75,16
184,2024-09-03 10:00:00,75,16
184,2024-09-03 11:00:00,75,16
184,2024-09-03 12:00:00,75,16
184,2024-09-03 13:00:00,75,16
184,2024-09-03 14:00:00,75,16
184,2024-09-03 15:00:00,75,16
184,2024-09-03 16:00:00,75,16
184,2024-09-03 17:00:00,75,16
184,2024-09-03 18:00:00,0,0
184,2024-09-03 19:00:00,0,0
184,2024-09-03 20:00:00,0,0
184,2024-09-03 21:00:00,0,0
184,2024-09-03 22:00:00,0,0
184,2024-09-03 23:00:00,0,0
185,2024-09-01 00:00:00,56,12
185,2024-09-01 01:00:00,56,12
185,2024-09-01 02:00:00,56,12
185,2024-09-01 03:00:00,56,12
185,2024-09-01 04:00:00,56,12
185,2024-09-01 05:00:00,56,12
185,2024-09-01 06:00:00,56,12
185,2024-09-01 07:00:00,56,12
185,2024-09-01 08:00:00,56,12
185,2024-09-01 09:00:00,56,12
185,2024-09-01 10:00:00,56,12
185,2024-09-01 11:00:00,56,12
185,2024-09-01 12:00:00,56,12
185,2024-09-01 13:00:00,56,12
185,2024-09-01 14:00:00,56,12
185,2024-09-01 15:00:00,56,12
185,2024-09-01 16:00:00,56,12
185,2024-09-01 17:00:00,56,12
185,2024-09-01 18:00:00,56,12
185,2024-09-01 19:00:00,56,12
185,2024-09-01 20:00:00,56,12
185,2024-09-01 21:00:00,56,12
185,2024-09-01 22:00:00,56,12
185,2024-09-01 23:00:00,56,12
185,2024-09-02 00:00:00,56,12
185,2024-09-02 01:00:00,56,12
185,2024-09-02 02:00:00,56,12
185,2024-09-02 03:00:00,56,12
185,2024-09-02 04:00:00,56,12
185,2024-09-02 05:00:00,56,12
185,2024-09-02 06:00:00,57,13
185,2024-09-02 07:00:00,58,14
185,2024-09-02 08:00:00,62,15
185,2024-09-02 09:00:00,65,16
185,2024-09-02 10:00:00,70,16
185,2024-09-02 11:00:00,72,16
185,2024-09-02 12:00:00,75,16
185,2024-09-02 13:00:00,75,16
185,2024-09-02 14:00:00,75,16
185,2024-09-02 15:00:00,75,16
185,2024-09-02 16:00:00,75,16
185,2024-09-02 17:00:00,75,16
185,2024-09-02 18:00:00,75,16
185,2024-09-02 19:00:00,75,16
185,2024-09-02 20:00:00,75,16
185,2024-09-02 21:00:00,75,16
185,2024-09-02 22:00:00,75,16
185,2024-09-02 23:00:00,75,16
185,2024-09-03 00:00:00,75,16
185,2024-09-03 01:00:00,75,16
185,2024-09-03 02:00:00,75,16
185,2024-09-03 03:00:00,75,16
185,2024-09-03 04:00:00,75,16
185,2024-09-03 05:00:00,75,16
185,2024-09-03 06:00:00,75,16
185,2024-09-03 07:00:00,75,16
185,2024-09-03 08:00:00,75,16
185,2024-09-03 09:00:00,75,16
185,2024-09-03 10:00:00,75,16
185,2024-09-03 11:00:00,75,16
185,2024-09-03 12:00:00,75,16
185,2024-09-03 13:00:00,75,16
185,2024-09-03 14:00:00,75,16
185,2024-09-03 15:00:00,75,16
185,2024-09-03 16:00:00,75,16
185,2024-09-03 17:00:00,75,16
185,2024-09-03 18:00:00,0,0
185,2024-09-03 19:00:00,0,0
185,2024-09-03 20:00:00,0,0
185,2024-09-03 21:00:00,0,0
185,2024-09-03 22:00:00,0,0
185,2024-09-03 23:00:00,0,0
186,2024-09-01 00:00:00,55,12
186,2024-09-01 01:00:00,55,12
186,2024-09-01 02:00:00,55,12
186,2024-09-01 03:00:00,55,12
186,2024-09-01 04:00:00,55,12
186,2024-09-01 05:00:00,55,12
186,2024-09-01 06:00:00,55,12
186,2024-09-01 07:00:00,55,12
186,2024-09-01 08:00:00,55,12
186,2024-09-01 09:00:00,55,12
186,2024-09-01 10:00:00,55,12
186,2024-09-01 11:00:00,55,12
186,2024-09-01 12:00:00,55,12
186,2024-09-01 13:00:00,55,12
186,2024-09-01 14:00:00,55,12
186,2024-09-01 15:00:00,55,12
186,2024-09-01 16:00:00,55,12
186,2024-09-01 17:00:00,55,12
186,2024-09-01 18:00:00,55,12
186,2024-09-01 19:00:00,55,12
186,2024-09-01 20:00:00,55,12
186,2024-09-01 21:00:00,55,12
186,2024-09-01 22:00:00,55,12
186,2024-09-01 23:00:00,55,12
186,2024-09-02 00:00:00,55,12
186,2024-09-02 01:00:00,55,12
186,2024-09-02 02:00:00,55,12
186,2024-09-02 03:00:00,55,12
186,2024-09-02 04:00:00,55,12
186,2024-09-02 05:00:00,55,12
186,2024-09-02 06:00:00,56,13
186,2024-09-02 07:00:00,57,14
186,2024-09-02 08:00:00,61,15
186,2024-09-02 09:00:00,64,16
186,2024-09-02 10:00:00,68,16
186,2024-09-02 11:00:00,72,16
186,2024-09-02 12:00:00,74,16
186,2024-09-02 13:00:00,75,16
186,2024-09-02 14:00:00,75,16
186,2024-09-02 15:00:00,75,16
186,2024-09-02 16:00:00,75,16
186,2024-09-02 17:00:00,75,16
186,2024-09-02 18:00:00,75,16
186,2024-09-02 19:00:00,75,16
186,2024-09-02 20:00:00,75,16
186,2024-09-02 21:00:00,75,16
186,2024-09-02 22:00:00,75,16
186,2024-09-02 23:00:00,75,16
186,2024-09-03 00:00:00,75,16
186,2024-09-03 01:00:00,75,16
186,2024-09-03 02:00:00,75,16
186,2024-09-03 03:00:00,75,16
186,2024-09-03 04:00:00,75,16
186,2024-09-03 05:00:00,75,16
186,2024-09-03 06:00:00,75,16
186,2024-09-03 07:00:00,75,16
186,2024-09-03 08:00:00,75,16
186,2024-09-03 09:00:00,75,16
186,2024-09-03 10:00:00,75,16
186,2024-09-03 11:00:00,75,16
186,2024-09-03 12:00:00,75,16
186,2024-09-03 13:00:00,75,16
186,2024-09-03 14:00:00,75,16
186,2024-09-03 15:00:00,75,16
186,2024-09-03 16:00:00,75,16
186,2024-09-03 17:00:00,75,16
186,2024-09-03 18:00:00,0,0
186,2024-09-03 19:00:00,0,0
186,2024-09-03 20:00:00,0,0
186,2024-09-03 21:00:00,0,0
186,2024-09-03 22:00:00,0,0
186,2024-09-03 23:00:00,0,0
187,2024-09-01 00:00:00,58,12
187,2024-09-01 01:00:00,58,12
187,2024-09-01 02:00:00,58,12
187,2024-09-01 03:00:00,58,12
187,2024-09-01 04:00:00,58,12
187,2024-09-01 05:00:00,58,12
187,2024-09-01 06:00:00,58,12
187,2024-09-01 07:00:00,58,12
187,2024-09-01 08:00:00,58,12
187,2024-09-01 09:00:00,58,12
187,2024-09-01 10:00:00,58,12
187,2024-09-01 11:00:00,58,12
187,2024-09-01 12:00:00,58,12
187,2024-09-01 13:00:00,58,12
187,2024-09-01 14:00:00,58,12
187,2024-09-01 15:00:00,58,12
187,2024-09-01 16:00:00,58,12
187,2024-09-01 17:00:00,58,12
187,2024-09-01 18:00:00,58,12
187,2024-09-01 19:00:00,58,12
187,2024-09-01 20:00:00,58,12
187,2024-09-01 21:00:00,58,12
187,2024-09-01 22:00:00,58,12
187,2024-09-01 23:00:00,58,12
187,2024-09-02 00:00:00,58,12
187,2024-09-02 01:00:00,58,12
187,2024-09-02 02:00:00,58,12
187,2024-09-02 03:00:00,58,12
187,2024-09-02 04:00:00,58,12
187,2024-09-02 05:00:00,58,12
187,2024-09-02 06:00:00,59,13
187,2024-09-02 07:00:00,60,14
187,2024-09-02 08:00:00,64,15
187,2024-09-02 09:00:00,67,16
187,2024-09-02 10:00:00,71,16
187,2024-09-02 11:00:00,73,16
187,2024-09-02 12:00:00,75,16
187,2024-09-02 13:00:00,75,16
187,2024-09-02 14:00:00,75,16
187,2024-09-02 15:00:00,75,16
187,2024-09-02 16:00:00,75,16
187,2024-09-02 17:00:00,75,16
187,2024-09-02 18:00:00,75,16
187,2024-09-02 19:00:00,75,16
187,2024-09-02 20:00:00,75,16
187,2024-09-02 21:00:00,75,16
187,2024-09-02 22:00:00,75,16
187,2024-09-02 23:00:00,75,16
187,2024-09-03 00:00:00,75,16
187,2024-09-03 01:00:00,75,16
187,2024-09-03 02:00:00,75,16
187,2024-09-03 03:00:00,75,16
187,2024-09-03 04:00:00,75,16
187,2024-09-03 05:00:00,75,16
187,2024-09-03 06:00:00,75,16
187,2024-09-03 07:00:00,75,16
187,2024-09-03 08:00:00,75,16
187,2024-09-03 09:00:00,75,16
187,2024-09-03 10:00:00,75,16
187,2024-09-03 11:00:00,75,16
187,2024-09-03 12:00:00,75,16
187,2024-09-03 13:00:00,75,16
187,2024-09-03 14:00:00,75,16
187,2024-09-03 15:00:00,75,16
187,2024-09-03 16:00:00,75,16
187,2024-09-03 17:00:00,75,16
187,2024-09-03 18:00:00,0,0
187,2024-09-03 19:00:00,0,0
187,2024-09-03 20:00:00,0,0
187,2024-09-03 21:00:00,0,0
187,2024-09-03 22:00:00,0,0
187,2024-09-03 23:00:00,0,0
188,2024-09-01 00:00:00,56,12
188,2024-09-01 01:00:00,56,12
188,2024-09-01 02:00:00,56,12
188,2024-09-01 03:00:00,56,12
188,2024-09-01 04:00:00,56,12
188,2024-09-01 05:00:00,56,12
188,2024-09-01 06:00:00,56,12
188,2024-09-01 07:00:00,56,12
188,2024-09-01 08:00:00,56,12
188,2024-09-01 09:00:00,56,12
188,2024-09-01 10:00:00,56,12
188,2024-09-01 11:00:00,56,12
188,2024-09-01 12:00:00,56,12
188,2024-09-01 13:00:00,56,12
188,2024-09-01 14:00:00,56,12
188,2024-09-01 15:00:00,56,12
188,2024-09-01 16:00:00,56,12
188,2024-09-01 17:00:00,56,12
188,2024-09-01 18:00:00,56,12
188,2024-09-01 19:00:00,56,12
188,2024-09-01 20:00:00,56,12
188,2024-09-01 21:00:00,56,12
188,2024-09-01 22:00:00,56,12
188,2024-09-01 23:00:00,56,12
188,2024-09-02 00:00:00,56,12
188,2024-09-02 01:00:00,56,12
188,2024-09-02 02:00:00,56,12
188,2024-09-02 03:00:00,56,12
188,2024-09-02 04:00:00,56,12
188,2024-09-02 05:00:00,56,12
188,2024-09-02 06:00:00,57,13
188,2024-09-02 07:00:00,58,14
188,2024-09-02 08:00:00,62,15
188,2024-09-02 09:00:00,65,16
188,2024-09-02 10:00:00,69,16
188,2024-09-02 11:00:00,72,16
188,2024-09-02 12:00:00,75,16
188,2024-09-02 13:00:00,75,16
188,2024-09-02 14:00:00,75,16
188,2024-09-02 15:00:00,75,16
188,2024-09-02 16:00:00,75,16
188,2024-09-02 17:00:00,75,16
188,2024-09-02 18:00:00,75,16
188,2024-09-02 19:00:00,75,16
188,2024-09-02 20:00:00,75,16
188,2024-09-02 21:00:00,75,16
188,2024-09-02 22:00:00,75,16
188,2024-09-02 23:00:00,75,16
188,2024-09-03 00:00:00,75,16
188,2024-09-03 01:00:00,75,16
188,2024-09-03 02:00:00,75,16
188,2024-09-03 03:00:00,75,16
188,2024-09-03 04:00:00,75,16
188,2024-09-03 05:00:00,75,16
188,2024-09-03 06:00:00,75,16
188,2024-09-03 07:00:00,75,16
188,2024-09-03 08:00:00,75,16
188,2024-09-03 09:00:00,75,16
188,2024-09-03 10:00:00,75,16
188,2024-09-03 11:00:00,75,16
188,2024-09-03 12:00:00,75,16
188,2024-09-03 13:00:00,75,16
188,2024-09-03 14:00:00,75,16
188,2024-09-03 15:00:00,75,16
188,2024-09-03 16:00:00,75,16
188,2024-09-03 17:00:00,75,16
188,2024-09-03 18:00:00,0,0
188,2024-09-03 19:00:00,0,0
188,2024-09-03 20:00:00,0,0
188,2024-09-03 21:00:00,0,0
188,2024-09-03 22:00:00,0,0
188,2024-09-03 23:00:00,0,0
189,2024-09-01 00:00:00,56,12
189,2024-09-01 01:00:00,56,12
189,2024-09-01 02:00:00,56,12
189,2024-09-01 03:00:00,56,12
189,2024-09-01 04:00:00,56,12
189,2024-09-01 05:00:00,56,12
189,2024-09-01 06:00:00,56,12
189,2024-09-01 07:00:00,56,12
189,2024-09-01 08:00:00,56,12
189,2024-09-01 09:00:00,56,12
189,2024-09-01 10:00:00,56,12
189,2024-09-01 11:00:00,56,12
189,2024-09-01 12:00:00,56,12
189,2024-09-01 13:00:00,56,12
189,2024-09-01 14:00:00,56,12
189,2024-09-01 15:00:00,56,12
189,2024-09-01 16:00:00,56,12
189,2024-09-01 17:00:00,56,12
189,2024-09-01 18:00:00,56,12
189,2024-09-01 19:00:00,56,12
189,2024-09-01 20:00:00,56,12
189,2024-09-01 21:00:00,56,12
189,2024-09-01 22:00:00,56,12
189,2024-09-01 23:00:00,56,12
189,2024-09-02 00:00:00,56,12
189,2024-09-02 01:00:00,56,12
189,2024-09-02 02:00:00,56,12
189,2024-09-02 03:00:00,56,12
189,2024-09-02 04:00:00,56,12
189,2024-09-02 05:00:00,56,12
189,2024-09-02 06:00:00,57,13
189,2024-09-02 07:00:00,58,14
189,2024-09-02 08:00:00,62,15
189,2024-09-02 09:00:00,65,16
189,2024-09-02 10:00:00,69,16
189,2024-09-02 11:00:00,73,16
189,2024-09-02 12:00:00,74,16
189,2024-09-02 13:00:00,75,16
189,2024-09-02 14:00:00,75,16
189,2024-09-02 15:00:00,75,16
189,2024-09-02 16:00:00,75,16
189,2024-09-02 17:00:00,75,16
189,2024-09-02 18:00:00,75,16
189,2024-09-02 19:00:00,75,16
189,2024-09-02 20:00:00,75,16
189,2024-09-02 21:00:00,75,16
189,2024-09-02 22:00:00,75,16
189,2024-09-02 23:00:00,75,16
189,2024-09-03 00:00:00,75,16
189,2024-09-03 01:00:00,75,16
189,2024-09-03 02:00:00,75,16
189,2024-09-03 03:00:00,75,16
189,2024-09-03 04:00:00,75,16
189,2024-09-03 05:00:00,75,16
189,2024-09-03 06:00:00,75,16
189,2024-09-03 07:00:00,75,16
189,2024-09-03 08:00:00,75,16
189,2024-09-03 09:00:00,75,16
189,2024-09-03 10:00:00,75,16
189,2024-09-03 11:00:00,75,16
189,2024-09-03 12:00:00,75,16
189,2024-09-03 13:00:00,75,16
189,2024-09-03 14:00:00,75,16
189,2024-09-03 15:00:00,75,16
189,2024-09-03 16:00:00,75,16
189,2024-09-03 17:00:00,75,16
189,2024-09-03 18:00:00,0,0
189,2024-09-03 19:00:00,0,0
189,2024-09-03 20:00:00,0,0
189,2024-09-03 21:00:00,0,0
189,2024-09-03 22:00:00,0,0
189,2024-09-03 23:00:00,0,0
190,2024-09-01 00:00:00,56,12
190,2024-09-01 01:00:00,56,12
190,2024-09-01 02:00:00,56,12
190,2024-09-01 03:00:00,56,12
190,2024-09-01 04:00:00,56,12
190,2024-09-01 05:00:00,56,12
190,2024-09-01 06:00:00,56,12
190,2024-09-01 07:00:00,56,12
190,2024-09-01 08:00:00,56,12
190,2024-09-01 09:00:00,56,12
190,2024-09-01 10:00:00,56,12
190,2024-09-01 11:00:00,56,12
190,2024-09-01 12:00:00,56,12
190,2024-09-01 13:00:00,56,12
190,2024-09-01 14:00:00,56,12
190,2024-09-01 15:00:00,56,12
190,2024-09-01 16:00:00,56,12
190,2024-09-01 17:00:00,56,12
190,2024-09-01 18:00:00,56,12
190,2024-09-01 19:00:00,56,12
190,2024-09-01 20:00:00,56,12
190,2024-09-01 21:00:00,56,12
190,2024-09-01 22:00:00,56,12
190,2024-09-01 23:00:00,56,12
190,2024-09-02 00:00:00,56,12
190,2024-09-02 01:00:00,56,12
190,2024-09-02 02:00:00,56,12
190,2024-09-02 03:00:00,56,12
190,2024-09-02 04:00:00,56,12
190,2024-09-02 05:00:00,56,12
190,2024-09-02 06:00:00,57,13
190,2024-09-02 07:00:00,58,14
190,2024-09-02 08:00:00,62,15
190,2024-09-02 09:00:00,65,16
190,2024-09-02 10:00:00,69,16
190,2024-09-02 11:00:00,72,16
190,2024-09-02 12:00:00,74,16
190,2024-09-02 13:00:00,75,16
190,2024-09-02 14:00:00,75,16
190,2024-09-02 15:00:00,75,16
190,2024-09-02 16:00:00,75,16
190,2024-09-02 17:00:00,75,16
190,2024-09-02 18:00:00,75,16
190,2024-09-02 19:00:00,75,16
190,2024-09-02 20:00:00,75,16
190,2024-09-02 21:00:00,75,16
190,2024-09-02 22:00:00,75,16
190,2024-09-02 23:00:00,75,16
190,2024-09-03 00:00:00,75,16
190,2024-09-03 01:00:00,75,16
190,2024-09-03 02:00:00,75,16
190,2024-09-03 03:00:00,75,16
190,2024-09-03 04:00:00,75,16
190,2024-09-03 05:00:00,75,16
190,2024-09-03 06:00:00,75,16
190,2024-09-03 07:00:00,75,16
190,2024-09-03 08:00:00,75,16
190,2024-09-03 09:00:00,75,16
190,2024-09-03 10:00:00,75,16
190,2024-09-03 11:00:00,75,16
190,2024-09-03 12:00:00,75,16
190,2024-09-03 13:00:00,75,16
190,2024-09-03 14:00:00,75,16
190,2024-09-03 15:00:00,75,16
190,2024-09-03 16:00:00,75,16
190,2024-09-03 17:00:00,75,16
190,2024-09-03 18:00:00,0,0
190,2024-09-03 19:00:00,0,0
190,2024-09-03 20:00:00,0,0
190,2024-09-03 21:00:00,0,0
190,2024-09-03 22:00:00,0,0
190,2024-09-03 23:00:00,0,0
191,2024-09-01 00:00:00,57,12
191,2024-09-01 01:00:00,57,12
191,2024-09-01 02:00:00,57,12
191,2024-09-01 03:00:00,57,12
191,2024-09-01 04:00:00,57,12
191,2024-09-01 05:00:00,57,12
191,2024-09-01 06:00:00,57,12
191,2024-09-01 07:00:00,57,12
191,2024-09-01 08:00:00,57,12
191,2024-09-01 09:00:00,57,12
191,2024-09-01 10:00:00,57,12
191,2024-09-01 11:00:00,57,12
191,2024-09-01 12:00:00,57,12
191,2024-09-01 13:00:00,57,12
191,2024-09-01 14:00:00,57,12
191,2024-09-01 15:00:00,57,12
191,2024-09-01 16:00:00,57,12
191,2024-09-01 17:00:00,57,12
191,2024-09-01 18:00:00,57,12
191,2024-09-01 19:00:00,57,12
191,2024-09-01 20:00:00,57,12
191,2024-09-01 21:00:00,57,12
191,2024-09-01 22:00:00,57,12
191,2024-09-01 23:00:00,57,12
191,2024-09-02 00:00:00,57,12
191,2024-09-02 01:00:00,57,12
191,2024-09-02 02:00:00,57,12
191,2024-09-02 03:00:00,57,12
191,2024-09-02 04:00:00,57,12
191,2024-09-02 05:00:00,57,12
191,2024-09-02 06:00:00,58,13
191,2024-09-02 07:00:00,59,14
191,2024-09-02 08:00:00,63,15
191,2024-09-02 09:00:00,66,16
191,2024-09-02 10:00:00,70,16
191,2024-09-02 11:00:00,73,16
191,2024-09-02 12:00:00,74,16
191,2024-09-02 13:00:00,75,16
191,2024-09-02 14:00:00,75,16
191,2024-09-02 15:00:00,75,16
191,2024-09-02 16:00:00,75,16
191,2024-09-02 17:00:00,75,16
191,2024-09-02 18:00:00,75,16
191,2024-09-02 19:00:00,75,16
191,2024-09-02 20:00:00,75,16
191,2024-09-02 21:00:00,75,16
191,2024-09-02 22:00:00,75,16
191,2024-09-02 23:00:00,75,16
191,2024-09-03 00:00:00,75,16
191,2024-09-03 01:00:00,75,16
191,2024-09-03 02:00:00,75,16
191,2024-09-03 03:00:00,75,16
191,2024-09-03 04:00:00,75,16
191,2024-09-03 05:00:00,75,16
191,2024-09-03 06:00:00,75,16
191,2024-09-03 07:00:00,75,16
191,2024-09-03 08:00:00,75,16
191,2024-09-03 09:00:00,75,16
191,2024-09-03 10:00:00,75,16
191,2024-09-03 11:00:00,75,16
191,2024-09-03 12:00:00,75,16
191,2024-09-03 13:00:00,75,16
191,2024-09-03 14:00:00,75,16
191,2024-09-03 15:00:00,75,16
191,2024-09-03 16:00:00,75,16
191,2024-09-03 17:00:00,75,16
191,2024-09-03 18:00:00,0,0
191,2024-09-03 19:00:00,0,0
191,2024-09-03 20:00:00,0,0
191,2024-09-03 21:00:00,0,0
191,2024-09-03 22:00:00,0,0
191,2024-09-03 23:00:00,0,0
192,2024-09-01 00:00:00,56,12
192,2024-09-01 01:00:00,56,12
192,2024-09-01 02:00:00,56,12
192,2024-09-01 03:00:00,56,12
192,2024-09-01 04:00:00,56,12
192,2024-09-01 05:00:00,56,12
192,2024-09-01 06:00:00,56,12
192,2024-09-01 07:00:00,56,12
192,2024-09-01 08:00:00,56,12
192,2024-09-01 09:00:00,56,12
192,2024-09-01 10:00:00,56,12
192,2024-09-01 11:00:00,56,12
192,2024-09-01 12:00:00,56,12
192,2024-09-01 13:00:00,56,12
192,2024-09-01 14:00:00,56,12
192,2024-09-01 15:00:00,56,12
192,2024-09-01 16:00:00,56,12
192,2024-09-01 17:00:00,56,12
192,2024-09-01 18:00:00,56,12
192,2024-09-01 19:00:00,56,12
192,2024-09-01 20:00:00,56,12
192,2024-09-01 21:00:00,56,12
192,2024-09-01 22:00:00,56,12
192,2024-09-01 23:00:00,56,12
192,2024-09-02 00:00:00,56,12
192,2024-09-02 01:00:00,56,12
192,2024-09-02 02:00:00,56,12
192,2024-09-02 03:00:00,56,12
192,2024-09-02 04:00:00,56,12
192,2024-09-02 05:00:00,56,12
192,2024-09-02 06:00:00,57,13
192,2024-09-02 07:00:00,58,14
192,2024-09-02 08:00:00,62,15
192,2024-09-02 09:00:00,65,16
192,2024-09-02 10:00:00,69,16
192,2024-09-02 11:00:00,73,16
192,2024-09-02 12:00:00,75,16
192,2024-09-02 13:00:00,75,16
192,2024-09-02 14:00:00,75,16
192,2024-09-02 15:00:00,75,16
192,2024-09-02 16:00:00,75,16
192,2024-09-02 17:00:00,75,16
192,2024-09-02 18:00:00,75,16
192,2024-09-02 19:00:00,75,16
192,2024-09-02 20:00:00,75,16
192,2024-09-02 21:00:00,75,16
192,2024-09-02 22:00:00,75,16
192,2024-09-02 23:00:00,75,16
192,2024-09-03 00:00:00,75,16
192,2024-09-03 01:00:00,75,16
192,2024-09-03 02:00:00,75,16
192,2024-09-03 03:00:00,75,16
192,2024-09-03 04:00:00,75,16
192,2024-09-03 05:00:00,75,16
192,2024-09-03 06:00:00,75,16
192,2024-09-03 07:00:00,75,16
192,2024-09-03 08:00:00,75,16
192,2024-09-03 09:00:00,75,16
192,2024-09-03 10:00:00,75,16
192,2024-09-03 11:00:00,75,16
192,2024-09-03 12:00:00,75,16
192,2024-09-03 13:00:00,75,16
192,2024-09-03 14:00:00,75,16
192,2024-09-03 15:00:00,75,16
192,2024-09-03 16:00:00,75,16
192,2024-09-03 17:00:00,75,16
192,2024-09-03 18:00:00,0,0
192,2024-09-03 19:00:00,0,0
192,2024-09-03 20:00:00,0,0
192,2024-09-03 21:00:00,0,0
192,2024-09-03 22:00:00,0,0
192,2024-09-03 23:00:00,0,0
193,2024-09-01 00:00:00,56,12
193,2024-09-01 01:00:00,56,12
193,2024-09-01 02:00:00,56,12
193,2024-09-01 03:00:00,56,12
193,2024-09-01 04:00:00,56,12
193,2024-09-01 05:00:00,56,12
193,2024-09-01 06:00:00,56,12
193,2024-09-01 07:00:00,56,12
193,2024-09-01 08:00:00,56,12
193,2024-09-01 09:00:00,56,12
193,2024-09-01 10:00:00,56,12
193,2024-09-01 11:00:00,56,12
193,2024-09-01 12:00:00,56,12
193,2024-09-01 13:00:00,56,12
193,2024-09-01 14:00:00,56,12
193,2024-09-01 15:00:00,56,12
193,2024-09-01 16:00:00,56,12
193,2024-09-01 17:00:00,56,12
193,2024-09-01 18:00:00,56,12
193,2024-09-01 19:00:00,56,12
193,2024-09-01 20:00:00,56,12
193,2024-09-01 21:00:00,56,12
193,2024-09-01 22:00:00,56,12
193,2024-09-01 23:00:00,56,12
193,2024-09-02 00:00:00,56,12
193,2024-09-02 01:00:00,56,12
193,2024-09-02 02:00:00,56,12
193,2024-09-02 03:00:00,56,12
193,2024-09-02 04:00:00,56,12
193,2024-09-02 05:00:00,56,12
193,2024-09-02 06:00:00,57,13
193,2024-09-02 07:00:00,58,14
193,2024-09-02 08:00:00,62,15
193,2024-09-02 09:00:00,65,16
193,2024-09-02 10:00:00,69,16
193,2024-09-02 11:00:00,72,16
193,2024-09-02 12:00:00,74,16
193,2024-09-02 13:00:00,75,16
193,2024-09-02 14:00:00,75,16
193,2024-09-02 15:00:00,75,16
193,2024-09-02 16:00:00,75,16
193,2024-09-02 17:00:00,75,16
193,2024-09-02 18:00:00,75,16
193,2024-09-02 19:00:00,75,16
193,2024-09-02 20:00:00,75,16
193,2024-09-02 21:00:00,75,16
193,2024-09-02 22:00:00,75,16
193,2024-09-02 23:00:00,75,16
193,2024-09-03 00:00:00,75,16
193,2024-09-03 01:00:00,75,16
193,2024-09-03 02:00:00,75,16
193,2024-09-03 03:00:00,75,16
193,2024-09-03 04:00:00,75,16
193,2024-09-03 05:00:00,75,16
193,2024-09-03 06:00:00,75,16
193,2024-09-03 07:00:00,75,16
193,2024-09-03 08:00:00,75,16
193,2024-09-03 09:00:00,75,16
193,2024-09-03 10:00:00,75,16
193,2024-09-03 11:00:00,75,16
193,2024-09-03 12:00:00,75,16
193,2024-09-03 13:00:00,75,16
193,2024-09-03 14:00:00,75,16
193,2024-09-03 15:00:00,75,16
193,2024-09-03 16:00:00,75,16
193,2024-09-03 17:00:00,75,16
193,2024-09-03 18:00:00,0,0
193,2024-09-03 19:00:00,0,0
193,2024-09-03 20:00:00,0,0
193,2024-09-03 21:00:00,0,0
193,2024-09-03 22:00:00,0,0
193,2024-09-03 23:00:00,0,0
194,2024-09-01 00:00:00,55,12
194,2024-09-01 01:00:00,55,12
194,2024-09-01 02:00:00,55,12
194,2024-09-01 03:00:00,55,12
194,2024-09-01 04:00:00,55,12
194,2024-09-01 05:00:00,55,12
194,2024-09-01 06:00:00,55,12
194,2024-09-01 07:00:00,55,12
194,2024-09-01 08:00:00,55,12
194,2024-09-01 09:00:00,55,12
194,2024-09-01 10:00:00,55,12
194,2024-09-01 11:00:00,55,12
194,2024-09-01 12:00:00,55,12
194,2024-09-01 13:00:00,55,12
194,2024-09-01 14:00:00,55,12
194,2024-09-01 15:00:00,55,12
194,2024-09-01 16:00:00,55,12
194,2024-09-01 17:00:00,55,12
194,2024-09-01 18:00:00,55,12
194,2024-09-01 19:00:00,55,12
194,2024-09-01 20:00:00,55,12
194,2024-09-01 21:00:00,55,12
194,2024-09-01 22:00:00,55,12
194,2024-09-01 23:00:00,55,12
194,2024-09-02 00:00:00,55,12
194,2024-09-02 01:00:00,55,12
194,2024-09-02 02:00:00,55,12
194,2024-09-02 03:00:00,55,12
194,2024-09-02 04:00:00,55,12
194,2024-09-02 05:00:00,55,12
194,2024-09-02 06:00:00,56,13
194,2024-09-02 07:00:00,57,14
194,2024-09-02 08:00:00,61,15
194,2024-09-02 09:00:00,64,16
194,2024-09-02 10:00:00,68,16
194,2024-09-02 11:00:00,72,16
194,2024-09-02 12:00:00,75,16
194,2024-09-02 13:00:00,75,16
194,2024-09-02 14:00:00,75,16
194,2024-09-02 15:00:00,75,16
194,2024-09-02 16:00:00,75,16
194,2024-09-02 17:00:00,75,16
194,2024-09-02 18:00:00,75,16
194,2024-09-02 19:00:00,75,16
194,2024-09-02 20:00:00,75,16
194,2024-09-02 21:00:00,75,16
194,2024-09-02 22:00:00,75,16
194,2024-09-02 23:00:00,75,16
194,2024-09-03 00:00:00,75,16
194,2024-09-03 01:00:00,75,16
194,2024-09-03 02:00:00,75,16
194,2024-09-03 03:00:00,75,16
194,2024-09-03 04:00:00,75,16
194,2024-09-03 05:00:00,75,16
194,2024-09-03 06:00:00,75,16
194,2024-09-03 07:00:00,75,16
194,2024-09-03 08:00:00,75,16
194,2024-09-03 09:00:00,75,16
194,2024-09-03 10:00:00,75,16
194,2024-09-03 11:00:00,75,16
194,2024-09-03 12:00:00,75,16
194,2024-09-03 13:00:00,75,16
194,2024-09-03 14:00:00,75,16
194,2024-09-03 15:00:00,75,16
194,2024-09-03 16:00:00,75,16
194,2024-09-03 17:00:00,75,16
194,2024-09-03 18:00:00,0,0
194,2024-09-03 19:00:00,0,0
194,2024-09-03 20:00:00,0,0
194,2024-09-03 21:00:00,0,0
194,2024-09-03 22:00:00,0,0
194,2024-09-03 23:00:00,0,0
195,2024-09-01 00:00:00,57,12
195,2024-09-01 01:00:00,57,12
195,2024-09-01 02:00:00,57,12
195,2024-09-01 03:00:00,57,12
195,2024-09-01 04:00:00,57,12
195,2024-09-01 05:00:00,57,12
195,2024-09-01 06:00:00,57,12
195,2024-09-01 07:00:00,57,12
195,2024-09-01 08:00:00,57,12
195,2024-09-01 09:00:00,57,12
195,2024-09-01 10:00:00,57,12
195,2024-09-01 11:00:00,57,12
195,2024-09-01 12:00:00,57,12
195,2024-09-01 13:00:00,57,12
195,2024-09-01 14:00:00,57,12
195,2024-09-01 15:00:00,57,12
195,2024-09-01 16:00:00,57,12
195,2024-09-01 17:00:00,57,12
195,2024-09-01 18:00:00,57,12
195,2024-09-01 19:00:00,57,12
195,2024-09-01 20:00:00,57,12
195,2024-09-01 21:00:00,57,12
195,2024-09-01 22:00:00,57,12
195,2024-09-01 23:00:00,57,12
195,2024-09-02 00:00:00,57,12
195,2024-09-02 01:00:00,57,12
195,2024-09-02 02:00:00,57,12
195,2024-09-02 03:00:00,57,12
195,2024-09-02 04:00:00,57,12
195,2024-09-02 05:00:00,57,12
195,2024-09-02 06:00:00,58,13
195,2024-09-02 07:00:00,59,14
195,2024-09-02 08:00:00,63,15
195,2024-09-02 09:00:00,66,16
195,2024-09-02 10:00:00,70,16
195,2024-09-02 11:00:00,72,16
195,2024-09-02 12:00:00,74,16
195,2024-09-02 13:00:00,75,16
195,2024-09-02 14:00:00,75,16
195,2024-09-02 15:00:00,75,16
195,2024-09-02 16:00:00,75,16
195,2024-09-02 17:00:00,75,16
195,2024-09-02 18:00:00,75,16
195,2024-09-02 19:00:00,75,16
195,2024-09-02 20:00:00,75,16
195,2024-09-02 21:00:00,75,16
195,2024-09-02 22:00:00,75,16
195,2024-09-02 23:00:00,75,16
195,2024-09-03 00:00:00,75,16
195,2024-09-03 01:00:00,75,16
195,2024-09-03 02:00:00,75,16
195,2024-09-03 03:00:00,75,16
195,2024-09-03 04:00:00,75,16
195,2024-09-03 05:00:00,75,16
195,2024-09-03 06:00:00,75,16
195,2024-09-03 07:00:00,75,16
195,2024-09-03 08:00:00,75,16
195,2024-09-03 09:00:00,75,16
195,2024-09-03 10:00:00,75,16
195,2024-09-03 11:00:00,75,16
195,2024-09-03 12:00:00,75,16
195,2024-09-03 13:00:00,75,16
195,2024-09-03 14:00:00,75,16
195,2024-09-03 15:00:00,75,16
195,2024-09-03 16:00:00,75,16
195,2024-09-03 17:00:00,75,16
195,2024-09-03 18:00:00,0,0
195,2024-09-03 19:00:00,0,0
195,2024-09-03 20:00:00,0,0
195,2024-09-03 21:00:00,0,0
195,2024-09-03 22:00:00,0,0
195,2024-09-03 23:00:00,0,0
196,2024-09-01 00:00:00,56,12
196,2024-09-01 01:00:00,56,12
196,2024-09-01 02:00:00,56,12
196,2024-09-01 03:00:00,56,12
196,2024-09-01 04:00:00,56,12
196,2024-09-01 05:00:00,56,12
196,2024-09-01 06:00:00,56,12
196,2024-09-01 07:00:00,56,12
196,2024-09-01 08:00:00,56,12
196,2024-09-01 09:00:00,56,12
196,2024-09-01 10:00:00,56,12
196,2024-09-01 11:00:00,56,12
196,2024-09-01 12:00:00,56,12
196,2024-09-01 13:00:00,56,12
196,2024-09-01 14:00:00,56,12
196,2024-09-01 15:00:00,56,12
196,2024-09-01 16:00:00,56,12
196,2024-09-01 17:00:00,56,12
196,2024-09-01 18:00:00,56,12
196,2024-09-01 19:00:00,56,12
196,2024-09-01 20:00:00,56,12
196,2024-09-01 21:00:00,56,12
196,2024-09-01 22:00:00,56,12
196,2024-09-01 23:00:00,56,12
196,2024-09-02 00:00:00,56,12
196,2024-09-02 01:00:00,56,12
196,2024-09-02 02:00:00,56,12
196,2024-09-02 03:00:00,56,12
196,2024-09-02 04:00:00,56,12
196,2024-09-02 05:00:00,56,12
196,2024-09-02 06:00:00,57,13
196,2024-09-02 07:00:00,58,14
196,2024-09-02 08:00:00,62,15
196,2024-09-02 09:00:00,65,16
196,2024-09-02 10:00:00,69,16
196,2024-09-02 11:00:00,72,16
196,2024-09-02 12:00:00,74,16
196,2024-09-02 13:00:00,75,16
196,2024-09-02 14:00:00,75,16
196,2024-09-02 15:00:00,75,16
196,2024-09-02 16:00:00,75,16
196,2024-09-02 17:00:00,75,16
196,2024-09-02 18:00:00,75,16
196,2024-09-02 19:00:00,75,16
196,2024-09-02 20:00:00,75,16
196,2024-09-02 21:00:00,75,16
196,2024-09-02 22:00:00,75,16
196,2024-09-02 23:00:00,75,16
196,2024-09-03 00:00:00,75,16
196,2024-09-03 01:00:00,75,16
196,2024-09-03 02:00:00,75,16
196,2024-09-03 03:00:00,75,16
196,2024-09-03 04:00:00,75,16
196,2024-09-03 05:00:00,75,16
196,2024-09-03 06:00:00,75,16
196,2024-09-03 07:00:00,75,16
196,2024-09-03 08:00:00,75,16
196,2024-09-03 09:00:00,75,16
196,2024-09-03 10:00:00,75,16
196,2024-09-03 11:00:00,75,16
196,2024-09-03 12:00:00,75,16
196,2024-09-03 13:00:00,75,16
196,2024-09-03 14:00:00,75,16
196,2024-09-03 15:00:00,75,16
196,2024-09-03 16:00:00,75,16
196,2024-09-03 17:00:00,75,16
196,2024-09-03 18:00:00,0,0
196,2024-09-03 19:00:00,0,0
196,2024-09-03 20:00:00,0,0
196,2024-09-03 21:00:00,0,0
196,2024-09-03 22:00:00,0,0
196,2024-09-03 23:00:00,0,0
197,2024-09-01 00:00:00,56,12
197,2024-09-01 01:00:00,56,12
197,2024-09-01 02:00:00,56,12
197,2024-09-01 03:00:00,56,12
197,2024-09-01 04:00:00,56,12
197,2024-09-01 05:00:00,56,12
197,2024-09-01 06:00:00,56,12
197,2024-09-01 07:00:00,56,12
197,2024-09-01 08:00:00,56,12
197,2024-09-01 09:00:00,56,12
197,2024-09-01 10:00:00,56,12
197,2024-09-01 11:00:00,56,12
197,2024-09-01 12:00:00,56,12
197,2024-09-01 13:00:00,56,12
197,2024-09-01 14:00:00,56,12
197,2024-09-01 15:00:00,56,12
197,2024-09-01 16:00:00,56,12
197,2024-09-01 17:00:00,56,12
197,2024-09-01 18:00:00,56,12
197,2024-09-01 19:00:00,56,12
197,2024-09-01 20:00:00,56,12
197,2024-09-01 21:00:00,56,12
197,2024-09-01 22:00:00,56,12
197,2024-09-01 23:00:00,56,12
197,2024-09-02 00:00:00,56,12
197,2024-09-02 01:00:00,56,12
197,2024-09-02 02:00:00,56,12
197,2024-09-02 03:00:00,56,12
197,2024-09-02 04:00:00,56,12
197,2024-09-02 05:00:00,56,12
197,2024-09-02 06:00:00,57,13
197,2024-09-02 07:00:00,58,14
197,2024-09-02 08:00:00,62,15
197,2024-09-02 09:00:00,65,16
197,2024-09-02 10:00:00,69,16
197,2024-09-02 11:00:00,72,16
197,2024-09-02 12:00:00,75,16
197,2024-09-02 13:00:00,75,16
197,2024-09-02 14:00:00,75,16
197,2024-09-02 15:00:00,75,16
197,2024-09-02 16:00:00,75,16
197,2024-09-02 17:00:00,75,16
197,2024-09-02 18:00:00,75,16
197,2024-09-02 19:00:00,75,16
197,2024-09-02 20:00:00,75,16
197,2024-09-02 21:00:00,75,16
197,2024-09-02 22:00:00,75,16
197,2024-09-02 23:00:00,75,16
197,2024-09-03 00:00:00,75,16
197,2024-09-03 01:00:00,75,16
197,2024-09-03 02:00:00,75,16
197,2024-09-03 03:00:00,75,16
197,2024-09-03 04:00:00,75,16
197,2024-09-03 05:00:00,75,16
197,2024-09-03 06:00:00,75,16
197,2024-09-03 07:00:00,75,16
197,2024-09-03 08:00:00,75,16
197,2024-09-03 09:00:00,75,16
197,2024-09-03 10:00:00,75,16
197,2024-09-03 11:00:00,75,16
197,2024-09-03 12:00:00,75,16
197,2024-09-03 13:00:00,75,16
197,2024-09-03 14:00:00,75,16
197,2024-09-03 15:00:00,75,16
197,2024-09-03 16:00:00,75,16
197,2024-09-03 17:00:00,75,16
197,2024-09-03 18:00:00,0,0
197,2024-09-03 19:00:00,0,0
197,2024-09-03 20:00:00,0,0
197,2024-09-03 21:00:00,0,0
197,2024-09-03 22:00:00,0,0
197,2024-09-03 23:00:00,0,0
198,2024-09-01 00:00:00,57,12
198,2024-09-01 01:00:00,57,12
198,2024-09-01 02:00:00,57,12
198,2024-09-01 03:00:00,57,12
198,2024-09-01 04:00:00,57,12
198,2024-09-01 05:00:00,57,12
198,2024-09-01 06:00:00,57,12
198,2024-09-01 07:00:00,57,12
198,2024-09-01 08:00:00,57,12
198,2024-09-01 09:00:00,57,12
198,2024-09-01 10:00:00,57,12
198,2024-09-01 11:00:00,57,12
198,2024-09-01 12:00:00,57,12
198,2024-09-01 13:00:00,57,12
198,2024-09-01 14:00:00,57,12
198,2024-09-01 15:00:00,57,12
198,2024-09-01 16:00:00,57,12
198,2024-09-01 17:00:00,57,12
198,2024-09-01 18:00:00,57,12
198,2024-09-01 19:00:00,57,12
198,2024-09-01 20:00:00,57,12
198,2024-09-01 21:00:00,57,12
198,2024-09-01 22:00:00,57,12
198,2024-09-01 23:00:00,57,12
198,2024-09-02 00:00:00,57,12
198,2024-09-02 01:00:00,57,12
198,2024-09-02 02:00:00,57,12
198,2024-09-02 03:00:00,57,12
198,2024-09-02 04:00:00,57,12
198,2024-09-02 05:00:00,57,12
198,2024-09-02 06:00:00,58,13
198,2024-09-02 07:00:00,59,14
198,2024-09-02 08:00:00,63,15
198,2024-09-02 09:00:00,66,16
198,2024-09-02 10:00:00,69,16
198,2024-09-02 11:00:00,73,16
198,2024-09-02 12:00:00,74,16
198,2024-09-02 13:00:00,75,16
198,2024-09-02 14:00:00,75,16
198,2024-09-02 15:00:00,75,16
198,2024-09-02 16:00:00,75,16
198,2024-09-02 17:00:00,75,16
198,2024-09-02 18:00:00,75,16
198,2024-09-02 19:00:00,75,16
198,2024-09-02 20:00:00,75,16
198,2024-09-02 21:00:00,75,16
198,2024-09-02 22:00:00,75,16
198,2024-09-02 23:00:00,75,16
198,2024-09-03 00:00:00,75,16
198,2024-09-03 01:00:00,75,16
198,2024-09-03 02:00:00,75,16
198,2024-09-03 03:00:00,75,16
198,2024-09-03 04:00:00,75,16
198,2024-09-03 05:00:00,75,16
198,2024-09-03 06:00:00,75,16
198,2024-09-03 07:00:00,75,16
198,2024-09-03 08:00:00,75,16
198,2024-09-03 09:00:00,75,16
198,2024-09-03 10:00:00,75,16
198,2024-09-03 11:00:00,75,16
198,2024-09-03 12:00:00,75,16
198,2024-09-03 13:00:00,75,16
198,2024-09-03 14:00:00,75,16
198,2024-09-03 15:00:00,75,16
198,2024-09-03 16:00:00,75,16
198,2024-09-03 17:00:00,75,16
198,2024-09-03 18:00:00,0,0
198,2024-09-03 19:00:00,0,0
198,2024-09-03 20:00:00,0,0
198,2024-09-03 21:00:00,0,0
198,2024-09-03 22:00:00,0,0
198,2024-09-03 23:00:00,0,0
199,2024-09-01 00:00:00,56,12
199,2024-09-01 01:00:00,56,12
199,2024-09-01 02:00:00,56,12
199,2024-09-01 03:00:00,56,12
199,2024-09-01 04:00:00,56,12
199,2024-09-01 05:00:00,56,12
199,2024-09-01 06:00:00,56,12
199,2024-09-01 07:00:00,56,12
199,2024-09-01 08:00:00,56,12
199,2024-09-01 09:00:00,56,12
199,2024-09-01 10:00:00,56,12
199,2024-09-01 11:00:00,56,12
199,2024-09-01 12:00:00,56,12
199,2024-09-01 13:00:00,56,12
199,2024-09-01 14:00:00,56,12
199,2024-09-01 15:00:00,56,12
199,2024-09-01 16:00:00,56,12
199,2024-09-01 17:00:00,56,12
199,2024-09-01 18:00:00,56,12
199,2024-09-01 19:00:00,56,12
199,2024-09-01 20:00:00,56,12
199,2024-09-01 21:00:00,56,12
199,2024-09-01 22:00:00,56,12
199,2024-09-01 23:00:00,56,12
199,2024-09-02 00:00:00,56,12
199,2024-09-02 01:00:00,56,12
199,2024-09-02 02:00:00,56,12
199,2024-09-02 03:00:00,56,12
199,2024-09-02 04:00:00,56,12
199,2024-09-02 05:00:00,56,12
199,2024-09-02 06:00:00,57,13
199,2024-09-02 07:00:00,58,14
199,2024-09-02 08:00:00,62,15
199,2024-09-02 09:00:00,65,16
199,2024-09-02 10:00:00,69,16
199,2024-09-02 11:00:00,72,16
199,2024-09-02 12:00:00,75,16
199,2024-09-02 13:00:00,75,16
199,2024-09-02 14:00:00,75,16
199,2024-09-02 15:00:00,75,16
199,2024-09-02 16:00:00,75,16
199,2024-09-02 17:00:00,75,16
199,2024-09-02 18:00:00,75,16
199,2024-09-02 19:00:00,75,16
199,2024-09-02 20:00:00,75,16
199,2024-09-02 21:00:00,75,16
199,2024-09-02 22:00:00,75,16
199,2024-09-02 23:00:00,75,16
199,2024-09-03 00:00:00,75,16
199,2024-09-03 01:00:00,75,16
199,2024-09-03 02:00:00,75,16
199,2024-09-03 03:00:00,75,16
199,2024-09-03 04:00:00,75,16
199,2024-09-03 05:00:00,75,16
199,2024-09-03 06:00:00,75,16
199,2024-09-03 07:00:00,75,16
199,2024-09-03 08:00:00,75,16
199,2024-09-03 09:00:00,75,16
199,2024-09-03 10:00:00,75,16
199,2024-09-03 11:00:00,75,16
199,2024-09-03 12:00:00,75,16
199,2024-09-03 13:00:00,75,16
199,2024-09-03 14:00:00,75,16
199,2024-09-03 15:00:00,75,16
199,2024-09-03 16:00:00,75,16
199,2024-09-03 17:00:00,75,16
199,2024-09-03 18:00:00,0,0
199,2024-09-03 19:00:00,0,0
199,2024-09-03 20:00:00,0,0
199,2024-09-03 21:00:00,0,0
199,2024-09-03 22:00:00,0,0
199,2024-09-03 23:00:00,0,0
200,2024-09-01 00:00:00,55,12
200,2024-09-01 01:00:00,55,12
200,2024-09-01 02:00:00,55,12
200,2024-09-01 03:00:00,55,12
200,2024-09-01 04:00:00,55,12
200,2024-09-01 05:00:00,55,12
200,2024-09-01 06:00:00,55,12
200,2024-09-01 07:00:00,55,12
200,2024-09-01 08:00:00,55,12
200,2024-09-01 09:00:00,55,12
200,2024-09-01 10:00:00,55,12
200,2024-09-01 11:00:00,55,12
200,2024-09-01 12:00:00,55,12
200,2024-09-01 13:00:00,55,12
200,2024-09-01 14:00:00,55,12
200,2024-09-01 15:00:00,55,12
200,2024-09-01 16:00:00,55,12
200,2024-09-01 17:00:00,55,12
200,2024-09-01 18:00:00,55,12
200,2024-09-01 19:00:00,55,12
200,2024-09-01 20:00:00,55,12
200,2024-09-01 21:00:00,55,12
200,2024-09-01 22:00:00,55,12
200,2024-09-01 23:00:00,55,12
200,2024-09-02 00:00:00,55,12
200,2024-09-02 01:00:00,55,12
200,2024-09-02 02:00:00,55,12
200,2024-09-02 03:00:00,55,12
200,2024-09-02 04:00:00,55,12
200,2024-09-02 05:00:00,55,12
200,2024-09-02 06:00:00,56,13
200,2024-09-02 07:00:00,57,14
200,2024-09-02 08:00:00,61,15
200,2024-09-02 09:00:00,64,16
200,2024-09-02 10:00:00,68,16
200,2024-09-02 11:00:00,72,16
200,2024-09-02 12:00:00,75,16
200,2024-09-02 13:00:00,75,16
200,2024-09-02 14:00:00,75,16
200,2024-09-02 15:00:00,75,16
200,2024-09-02 16:00:00,75,16
200,2024-09-02 17:00:00,75,16
200,2024-09-02 18:00:00,75,16
200,2024-09-02 19:00:00,75,16
200,2024-09-02 20:00:00,75,16
200,2024-09-02 21:00:00,75,16
200,2024-09-02 22:00:00,75,16
200,2024-09-02 23:00:00,75,16
200,2024-09-03 00:00:00,75,16
200,2024-09-03 01:00:00,75,16
200,2024-09-03 02:00:00,75,16
200,2024-09-03 03:00:00,75,16
200,2024-09-03 04:00:00,75,16
200,2024-09-03 05:00:00,75,16
200,2024-09-03 06:00:00,75,16
200,2024-09-03 07:00:00,75,16
200,2024-09-03 08:00:00,75,16
200,2024-09-03 09:00:00,75,16
200,2024-09-03 10:00:00,75,16
200,2024-09-03 11:00:00,75,16
200,2024-09-03 12:00:00,75,16
200,2024-09-03 13:00:00,75,16
200,2024-09-03 14:00:00,75,16
200,2024-09-03 15:00:00,75,16
200,2024-09-03 16:00:00,75,16
200,2024-09-03 17:00:00,75,16
200,2024-09-03 18:00:00,0,0
200,2024-09-03 19:00:00,0,0
200,2024-09-03 20:00:00,0,0
200,2024-09-03 21:00:00,0,0
200,2024-09-03 22:00:00,0,0
200,2024-09-03 23:00:00,0,0
201,2024-09-01 00:00:00,56,12
201,2024-09-01 01:00:00,56,12
201,2024-09-01 02:00:00,56,12
201,2024-09-01 03:00:00,56,12
201,2024-09-01 04:00:00,56,12
201,2024-09-01 05:00:00,56,12
201,2024-09-01 06:00:00,56,12
201,2024-09-01 07:00:00,56,12
201,2024-09-01 08:00:00,56,12
201,2024-09-01 09:00:00,56,12
201,2024-09-01 10:00:00,56,12
201,2024-09-01 11:00:00,56,12
201,2024-09-01 12:00:00,56,12
201,2024-09-01 13:00:00,56,12
201,2024-09-01 14:00:00,56,12
201,2024-09-01 15:00:00,56,12
201,2024-09-01 16:00:00,56,12
201,2024-09-01 17:00:00,56,12
201,2024-09-01 18:00:00,56,12
201,2024-09-01 19:00:00,56,12
201,2024-09-01 20:00:00,56,12
201,2024-09-01 21:00:00,56,12
201,2024-09-01 22:00:00,56,12
201,2024-09-01 23:00:00,56,12
201,2024-09-02 00:00:00,56,12
201,2024-09-02 01:00:00,56,12
201,2024-09-02 02:00:00,56,12
201,2024-09-02 03:00:00,56,12
201,2024-09-02 04:00:00,56,12
201,2024-09-02 05:00:00,56,12
201,2024-09-02 06:00:00,57,13
201,2024-09-02 07:00:00,58,14
201,2024-09-02 08:00:00,62,15
201,2024-09-02 09:00:00,65,16
201,2024-09-02 10:00:00,70,16
201,2024-09-02 11:00:00,72,16
201,2024-09-02 12:00:00,74,16
201,2024-09-02 13:00:00,74,16
201,2024-09-02 14:00:00,75,16
201,2024-09-02 15:00:00,75,16
201,2024-09-02 16:00:00,75,16
201,2024-09-02 17:00:00,75,16
201,2024-09-02 18:00:00,75,16
201,2024-09-02 19:00:00,75,16
201,2024-09-02 20:00:00,75,16
201,2024-09-02 21:00:00,75,16
201,2024-09-02 22:00:00,75,16
201,2024-09-02 23:00:00,75,16
201,2024-09-03 00:00:00,75,16
201,2024-09-03 01:00:00,75,16
201,2024-09-03 02:00:00,75,16
201,2024-09-03 03:00:00,75,16
201,2024-09-03 04:00:00,75,16
201,2024-09-03 05:00:00,75,16
201,2024-09-03 06:00:00,75,16
201,2024-09-03 07:00:00,75,16
201,2024-09-03 08:00:00,75,16
201,2024-09-03 09:00:00,75,16
201,2024-09-03 10:00:00,75,16
201,2024-09-03 11:00:00,75,16
201,2024-09-03 12:00:00,75,16
201,2024-09-03 13:00:00,75,16
201,2024-09-03 14:00:00,75,16
201,2024-09-03 15:00:00,75,16
201,2024-09-03 16:00:00,75,16
201,2024-09-03 17:00:00,75,16
201,2024-09-03 18:00:00,0,0
201,2024-09-03 19:00:00,0,0
201,2024-09-03 20:00:00,0,0
201,2024-09-03 21:00:00,0,0
201,2024-09-03 22:00:00,0,0
201,2024-09-03 23:00:00,0,0
202,2024-09-01 00:00:00,55,12
202,2024-09-01 01:00:00,55,12
202,2024-09-01 02:00:00,55,12
202,2024-09-01 03:00:00,55,12
202,2024-09-01 04:00:00,55,12
202,2024-09-01 05:00:00,55,12
202,2024-09-01 06:00:00,55,12
202,2024-09-01 07:00:00,55,12
202,2024-09-01 08:00:00,55,12
202,2024-09-01 09:00:00,55,12
202,2024-09-01 10:00:00,55,12
202,2024-09-01 11:00:00,55,12
202,2024-09-01 12:00:00,55,12
202,2024-09-01 13:00:00,55,12
202,2024-09-01 14:00:00,55,12
202,2024-09-01 15:00:00,55,12
202,2024-09-01 16:00:00,55,12
202,2024-09-01 17:00:00,55,12
202,2024-09-01 18:00:00,55,12
202,2024-09-01 19:00:00,55,12
202,2024-09-01 20:00:00,55,12
202,2024-09-01 21:00:00,55,12
202,2024-09-01 22:00:00,55,12
202,2024-09-01 23:00:00,55,12
202,2024-09-02 00:00:00,55,12
202,2024-09-02 01:00:00,55,12
202,2024-09-02 02:00:00,55,12
202,2024-09-02 03:00:00,55,12
202,2024-09-02 04:00:00,55,12
202,2024-09-02 05:00:00,55,12
202,2024-09-02 06:00:00,56,13
202,2024-09-02 07:00:00,57,14
202,2024-09-02 08:00:00,61,15
202,2024-09-02 09:00:00,64,16
202,2024-09-02 10:00:00,68,16
202,2024-09-02 11:00:00,72,16
202,2024-09-02 12:00:00,75,16
202,2024-09-02 13:00:00,75,16
202,2024-09-02 14:00:00,75,16
202,2024-09-02 15:00:00,75,16
202,2024-09-02 16:00:00,75,16
202,2024-09-02 17:00:00,75,16
202,2024-09-02 18:00:00,75,16
202,2024-09-02 19:00:00,75,16
202,2024-09-02 20:00:00,75,16
202,2024-09-02 21:00:00,75,16
202,2024-09-02 22:00:00,75,16
202,2024-09-02 23:00:00,75,16
202,2024-09-03 00:00:00,75,16
202,2024-09-03 01:00:00,75,16
202,2024-09-03 02:00:00,75,16
202,2024-09-03 03:00:00,75,16
202,2024-09-03 04:00:00,75,16
202,2024-09-03 05:00:00,75,16
202,2024-09-03 06:00:00,75,16
202,2024-09-03 07:00:00,75,16
202,2024-09-03 08:00:00,75,16
202,2024-09-03 09:00:00,75,16
202,2024-09-03 10:00:00,75,16
202,2024-09-03 11:00:00,75,16
202,2024-09-03 12:00:00,75,16
202,2024-09-03 13:00:00,75,16
202,2024-09-03 14:00:00,75,16
202,2024-09-03 15:00:00,75,16
202,2024-09-03 16:00:00,75,16
202,2024-09-03 17:00:00,75,16
202,2024-09-03 18:00:00,0,0
202,2024-09-03 19:00:00,0,0
202,2024-09-03 20:00:00,0,0
202,2024-09-03 21:00:00,0,0
202,2024-09-03 22:00:00,0,0
202,2024-09-03 23:00:00,0,0
203,2024-09-01 00:00:00,57,12
203,2024-09-01 01:00:00,57,12
203,2024-09-01 02:00:00,57,12
203,2024-09-01 03:00:00,57,12
203,2024-09-01 04:00:00,57,12
203,2024-09-01 05:00:00,57,12
203,2024-09-01 06:00:00,57,12
203,2024-09-01 07:00:00,57,12
203,2024-09-01 08:00:00,57,12
203,2024-09-01 09:00:00,57,12
203,2024-09-01 10:00:00,57,12
203,2024-09-01 11:00:00,57,12
203,2024-09-01 12:00:00,57,12
203,2024-09-01 13:00:00,57,12
203,2024-09-01 14:00:00,57,12
203,2024-09-01 15:00:00,57,12
203,2024-09-01 16:00:00,57,12
203,2024-09-01 17:00:00,57,12
203,2024-09-01 18:00:00,57,12
203,2024-09-01 19:00:00,57,12
203,2024-09-01 20:00:00,57,12
203,2024-09-01 21:00:00,57,12
203,2024-09-01 22:00:00,57,12
203,2024-09-01 23:00:00,57,12
203,2024-09-02 00:00:00,57,12
203,2024-09-02 01:00:00,57,12
203,2024-09-02 02:00:00,57,12
203,2024-09-02 03:00:00,57,12
203,2024-09-02 04:00:00,57,12
203,2024-09-02 05:00:00,57,12
203,2024-09-02 06:00:00,58,13
203,2024-09-02 07:00:00,59,14
203,2024-09-02 08:00:00,63,15
203,2024-09-02 09:00:00,66,16
203,2024-09-02 10:00:00,70,16
203,2024-09-02 11:00:00,73,16
203,2024-09-02 12:00:00,74,16
203,2024-09-02 13:00:00,75,16
203,2024-09-02 14:00:00,75,16
203,2024-09-02 15:00:00,75,16
203,2024-09-02 16:00:00,75,16
203,2024-09-02 17:00:00,75,16
203,2024-09-02 18:00:00,75,16
203,2024-09-02 19:00:00,75,16
203,2024-09-02 20:00:00,75,16
203,2024-09-02 21:00:00,75,16
203,2024-09-02 22:00:00,75,16
203,2024-09-02 23:00:00,75,16
203,2024-09-03 00:00:00,75,16
203,2024-09-03 01:00:00,75,16
203,2024-09-03 02:00:00,75,16
203,2024-09-03 03:00:00,75,16
203,2024-09-03 04:00:00,75,16
203,2024-09-03 05:00:00,75,16
203,2024-09-03 06:00:00,75,16
203,2024-09-03 07:00:00,75,16
203,2024-09-03 08:00:00,75,16
203,2024-09-03 09:00:00,75,16
203,2024-09-03 10:00:00,75,16
203,2024-09-03 11:00:00,75,16
203,2024-09-03 12:00:00,75,16
203,2024-09-03 13:00:00,75,16
203,2024-09-03 14:00:00,75,16
203,2024-09-03 15:00:00,75,16
203,2024-09-03 16:00:00,75,16
203,2024-09-03 17:00:00,75,16
203,2024-09-03 18:00:00,0,0
203,2024-09-03 19:00:00,0,0
203,2024-09-03 20:00:00,0,0
203,2024-09-03 21:00:00,0,0
203,2024-09-03 22:00:00,0,0
203,2024-09-03 23:00:00,0,0
204,2024-09-01 00:00:00,57,12
204,2024-09-01 01:00:00,57,12
204,2024-09-01 02:00:00,57,12
204,2024-09-01 03:00:00,57,12
204,2024-09-01 04:00:00,57,12
204,2024-09-01 05:00:00,57,12
204,2024-09-01 06:00:00,57,12
204,2024-09-01 07:00:00,57,12
204,2024-09-01 08:00:00,57,12
204,2024-09-01 09:00:00,57,12
204,2024-09-01 10:00:00,57,12
204,2024-09-01 11:00:00,57,12
204,2024-09-01 12:00:00,57,12
204,2024-09-01 13:00:00,57,12
204,2024-09-01 14:00:00,57,12
204,2024-09-01 15:00:00,57,12
204,2024-09-01 16:00:00,57,12
204,2024-09-01 17:00:00,57,12
204,2024-09-01 18:00:00,57,12
204,2024-09-01 19:00:00,57,12
204,2024-09-01 20:00:00,57,12
204,2024-09-01 21:00:00,57,12
204,2024-09-01 22:00:00,57,12
204,2024-09-01 23:00:00,57,12
204,2024-09-02 00:00:00,57,12
204,2024-09-02 01:00:00,57,12
204,2024-09-02 02:00:00,57,12
204,2024-09-02 03:00:00,57,12
204,2024-09-02 04:00:00,57,12
204,2024-09-02 05:00:00,57,12
204,2024-09-02 06:00:00,58,13
204,2024-09-02 07:00:00,59,14
204,2024-09-02 08:00:00,62,15
204,2024-09-02 09:00:00,65,16
204,2024-09-02 10:00:00,69,16
204,2024-09-02 11:00:00,72,16
204,2024-09-02 12:00:00,74,16
204,2024-09-02 13:00:00,75,16
204,2024-09-02 14:00:00,75,16
204,2024-09-02 15:00:00,75,16
204,2024-09-02 16:00:00,75,16
204,2024-09-02 17:00:00,75,16
204,2024-09-02 18:00:00,75,16
204,2024-09-02 19:00:00,75,16
204,2024-09-02 20:00:00,75,16
204,2024-09-02 21:00:00,75,16
204,2024-09-02 22:00:00,75,16
204,2024-09-02 23:00:00,75,16
204,2024-09-03 00:00:00,75,16
204,2024-09-03 01:00:00,75,16
204,2024-09-03 02:00:00,75,16
204,2024-09-03 03:00:00,75,16
204,2024-09-03 04:00:00,75,16
204,2024-09-03 05:00:00,75,16
204,2024-09-03 06:00:00,75,16
204,2024-09-03 07:00:00,75,16
204,2024-09-03 08:00:00,75,16
204,2024-09-03 09:00:00,75,16
204,2024-09-03 10:00:00,75,16
204,2024-09-03 11:00:00,75,16
204,2024-09-03 12:00:00,75,16
204,2024-09-03 13:00:00,75,16
204,2024-09-03 14:00:00,75,16
204,2024-09-03 15:00:00,75,16
204,2024-09-03 16:00:00,75,16
204,2024-09-03 17:00:00,75,16
204,2024-09-03 18:00:00,0,0
204,2024-09-03 19:00:00,0,0
204,2024-09-03 20:00:00,0,0
204,2024-09-03 21:00:00,0,0
204,2024-09-03 22:00:00,0,0
204,2024-09-03 23:00:00,0,0
205,2024-09-01 00:00:00,57,12
205,2024-09-01 01:00:00,57,12
205,2024-09-01 02:00:00,57,12
205,2024-09-01 03:00:00,57,12
205,2024-09-01 04:00:00,57,12
205,2024-09-01 05:00:00,57,12
205,2024-09-01 06:00:00,57,12
205,2024-09-01 07:00:00,57,12
205,2024-09-01 08:00:00,57,12
205,2024-09-01 09:00:00,57,12
205,2024-09-01 10:00:00,57,12
205,2024-09-01 11:00:00,57,12
205,2024-09-01 12:00:00,57,12
205,2024-09-01 13:00:00,57,12
205,2024-09-01 14:00:00,57,12
205,2024-09-01 15:00:00,57,12
205,2024-09-01 16:00:00,57,12
205,2024-09-01 17:00:00,57,12
205,2024-09-01 18:00:00,57,12
205,2024-09-01 19:00:00,57,12
205,2024-09-01 20:00:00,57,12
205,2024-09-01 21:00:00,57,12
205,2024-09-01 22:00:00,57,12
205,2024-09-01 23:00:00,57,12
205,2024-09-02 00:00:00,57,12
205,2024-09-02 01:00:00,57,12
205,2024-09-02 02:00:00,57,12
205,2024-09-02 03:00:00,57,12
205,2024-09-02 04:00:00,57,12
205,2024-09-02 05:00:00,57,12
205,2024-09-02 06:00:00,58,13
205,2024-09-02 07:00:00,59,14
205,2024-09-02 08:00:00,63,15
205,2024-09-02 09:00:00,66,16
205,2024-09-02 10:00:00,70,16
205,2024-09-02 11:00:00,73,16
205,2024-09-02 12:00:00,74,16
205,2024-09-02 13:00:00,75,16
205,2024-09-02 14:00:00,75,16
205,2024-09-02 15:00:00,75,16
205,2024-09-02 16:00:00,75,16
205,2024-09-02 17:00:00,75,16
205,2024-09-02 18:00:00,75,16
205,2024-09-02 19:00:00,75,16
205,2024-09-02 20:00:00,75,16
205,2024-09-02 21:00:00,75,16
205,2024-09-02 22:00:00,75,16
205,2024-09-02 23:00:00,75,16
205,2024-09-03 00:00:00,75,16
205,2024-09-03 01:00:00,75,16
205,2024-09-03 02:00:00,75,16
205,2024-09-03 03:00:00,75,16
205,2024-09-03 04:00:00,75,16
205,2024-09-03 05:00:00,75,16
205,2024-09-03 06:00:00,75,16
205,2024-09-03 07:00:00,75,16
205,2024-09-03 08:00:00,75,16
205,2024-09-03 09:00:00,75,16
205,2024-09-03 10:00:00,75,16
205,2024-09-03 11:00:00,75,16
205,2024-09-03 12:00:00,75,16
205,2024-09-03 13:00:00,75,16
205,2024-09-03 14:00:00,75,16
205,2024-09-03 15:00:00,75,16
205,2024-09-03 16:00:00,75,16
205,2024-09-03 17:00:00,75,16
205,2024-09-03 18:00:00,0,0
205,2024-09-03 19:00:00,0,0
205,2024-09-03 20:00:00,0,0
205,2024-09-03 21:00:00,0,0
205,2024-09-03 22:00:00,0,0
205,2024-09-03 23:00:00,0,0
206,2024-09-01 00:00:00,55,12
206,2024-09-01 01:00:00,55,12
206,2024-09-01 02:00:00,55,12
206,2024-09-01 03:00:00,55,12
206,2024-09-01 04:00:00,55,12
206,2024-09-01 05:00:00,55,12
206,2024-09-01 06:00:00,55,12
206,2024-09-01 07:00:00,55,12
206,2024-09-01 08:00:00,55,12
206,2024-09-01 09:00:00,55,12
206,2024-09-01 10:00:00,55,12
206,2024-09-01 11:00:00,55,12
206,2024-09-01 12:00:00,55,12
206,2024-09-01 13:00:00,55,12
206,2024-09-01 14:00:00,55,12
206,2024-09-01 15:00:00,55,12
206,2024-09-01 16:00:00,55,12
206,2024-09-01 17:00:00,55,12
206,2024-09-01 18:00:00,55,12
206,2024-09-01 19:00:00,55,12
206,2024-09-01 20:00:00,55,12
206,2024-09-01 21:00:00,55,12
206,2024-09-01 22:00:00,55,12
206,2024-09-01 23:00:00,55,12
206,2024-09-02 00:00:00,55,12
206,2024-09-02 01:00:00,55,12
206,2024-09-02 02:00:00,55,12
206,2024-09-02 03:00:00,55,12
206,2024-09-02 04:00:00,55,12
206,2024-09-02 05:00:00,55,12
206,2024-09-02 06:00:00,56,13
206,2024-09-02 07:00:00,57,14
206,2024-09-02 08:00:00,61,15
206,2024-09-02 09:00:00,64,16
206,2024-09-02 10:00:00,68,16
206,2024-09-02 11:00:00,72,16
206,2024-09-02 12:00:00,74,16
206,2024-09-02 13:00:00,75,16
206,2024-09-02 14:00:00,75,16
206,2024-09-02 15:00:00,75,16
206,2024-09-02 16:00:00,75,16
206,2024-09-02 17:00:00,75,16
206,2024-09-02 18:00:00,75,16
206,2024-09-02 19:00:00,75,16
206,2024-09-02 20:00:00,75,16
206,2024-09-02 21:00:00,75,16
206,2024-09-02 22:00:00,75,16
206,2024-09-02 23:00:00,75,16
206,2024-09-03 00:00:00,75,16
206,2024-09-03 01:00:00,75,16
206,2024-09-03 02:00:00,75,16
206,2024-09-03 03:00:00,75,16
206,2024-09-03 04:00:00,75,16
206,2024-09-03 05:00:00,75,16
206,2024-09-03 06:00:00,75,16
206,2024-09-03 07:00:00,75,16
206,2024-09-03 08:00:00,75,16
206,2024-09-03 09:00:00,75,16
206,2024-09-03 10:00:00,75,16
206,2024-09-03 11:00:00,75,16
206,2024-09-03 12:00:00,75,16
206,2024-09-03 13:00:00,75,16
206,2024-09-03 14:00:00,75,16
206,2024-09-03 15:00:00,75,16
206,2024-09-03 16:00:00,75,16
206,2024-09-03 17:00:00,75,16
206,2024-09-03 18:00:00,0,0
206,2024-09-03 19:00:00,0,0
206,2024-09-03 20:00:00,0,0
206,2024-09-03 21:00:00,0,0
206,2024-09-03 22:00:00,0,0
206,2024-09-03 23:00:00,0,0
207,2024-09-01 00:00:00,57,12
207,2024-09-01 01:00:00,57,12
207,2024-09-01 02:00:00,57,12
207,2024-09-01 03:00:00,57,12
207,2024-09-01 04:00:00,57,12
207,2024-09-01 05:00:00,57,12
207,2024-09-01 06:00:00,57,12
207,2024-09-01 07:00:00,57,12
207,2024-09-01 08:00:00,57,12
207,2024-09-01 09:00:00,57,12
207,2024-09-01 10:00:00,57,12
207,2024-09-01 11:00:00,57,12
207,2024-09-01 12:00:00,57,12
207,2024-09-01 13:00:00,57,12
207,2024-09-01 14:00:00,57,12
207,2024-09-01 15:00:00,57,12
207,2024-09-01 16:00:00,57,12
207,2024-09-01 17:00:00,57,12
207,2024-09-01 18:00:00,57,12
207,2024-09-01 19:00:00,57,12
207,2024-09-01 20:00:00,57,12
207,2024-09-01 21:00:00,57,12
207,2024-09-01 22:00:00,57,12
207,2024-09-01 23:00:00,57,12
207,2024-09-02 00:00:00,57,12
207,2024-09-02 01:00:00,57,12
207,2024-09-02 02:00:00,57,12
207,2024-09-02 03:00:00,57,12
207,2024-09-02 04:00:00,57,12
207,2024-09-02 05:00:00,57,12
207,2024-09-02 06:00:00,58,13
207,2024-09-02 07:00:00,59,14
207,2024-09-02 08:00:00,63,15
207,2024-09-02 09:00:00,66,16
207,2024-09-02 10:00:00,70,16
207,2024-09-02 11:00:00,74,16
207,2024-09-02 12:00:00,75,16
207,2024-09-02 13:00:00,75,16
207,2024-09-02 14:00:00,75,16
207,2024-09-02 15:00:00,75,16
207,2024-09-02 16:00:00,75,16
207,2024-09-02 17:00:00,75,16
207,2024-09-02 18:00:00,75,16
207,2024-09-02 19:00:00,75,16
207,2024-09-02 20:00:00,75,16
207,2024-09-02 21:00:00,75,16
207,2024-09-02 22:00:00,75,16
207,2024-09-02 23:00:00,75,16
207,2024-09-03 00:00:00,75,16
207,2024-09-03 01:00:00,75,16
207,2024-09-03 02:00:00,75,16
207,2024-09-03 03:00:00,75,16
207,2024-09-03 04:00:00,75,16
207,2024-09-03 05:00:00,75,16
207,2024-09-03 06:00:00,75,16
207,2024-09-03 07:00:00,75,16
207,2024-09-03 08:00:00,75,16
207,2024-09-03 09:00:00,75,16
207,2024-09-03 10:00:00,75,16
207,2024-09-03 11:00:00,75,16
207,2024-09-03 12:00:00,75,16
207,2024-09-03 13:00:00,75,16
207,2024-09-03 14:00:00,75,16
207,2024-09-03 15:00:00,75,16
207,2024-09-03 16:00:00,75,16
207,2024-09-03 17:00:00,75,16
207,2024-09-03 18:00:00,0,0
207,2024-09-03 19:00:00,0,0
207,2024-09-03 20:00:00,0,0
207,2024-09-03 21:00:00,0,0
207,2024-09-03 22:00:00,0,0
207,2024-09-03 23:00:00,0,0
208,2024-09-01 00:00:00,56,12
208,2024-09-01 01:00:00,56,12
208,2024-09-01 02:00:00,56,12
208,2024-09-01 03:00:00,56,12
208,2024-09-01 04:00:00,56,12
208,2024-09-01 05:00:00,56,12
208,2024-09-01 06:00:00,56,12
208,2024-09-01 07:00:00,56,12
208,2024-09-01 08:00:00,56,12
208,2024-09-01 09:00:00,56,12
208,2024-09-01 10:00:00,56,12
208,2024-09-01 11:00:00,56,12
208,2024-09-01 12:00:00,56,12
208,2024-09-01 13:00:00,56,12
208,2024-09-01 14:00:00,56,12
208,2024-09-01 15:00:00,56,12
208,2024-09-01 16:00:00,56,12
208,2024-09-01 17:00:00,56,12
208,2024-09-01 18:00:00,56,12
208,2024-09-01 19:00:00,56,12
208,2024-09-01 20:00:00,56,12
208,2024-09-01 21:00:00,56,12
208,2024-09-01 22:00:00,56,12
208,2024-09-01 23:00:00,56,12
208,2024-09-02 00:00:00,56,12
208,2024-09-02 01:00:00,56,12
208,2024-09-02 02:00:00,56,12
208,2024-09-02 03:00:00,56,12
208,2024-09-02 04:00:00,56,12
208,2024-09-02 05:00:00,56,12
208,2024-09-02 06:00:00,57,13
208,2024-09-02 07:00:00,58,14
208,2024-09-02 08:00:00,62,15
208,2024-09-02 09:00:00,65,16
208,2024-09-02 10:00:00,69,16
208,2024-09-02 11:00:00,72,16
208,2024-09-02 12:00:00,75,16
208,2024-09-02 13:00:00,75,16
208,2024-09-02 14:00:00,75,16
208,2024-09-02 15:00:00,75,16
208,2024-09-02 16:00:00,75,16
208,2024-09-02 17:00:00,75,16
208,2024-09-02 18:00:00,75,16
208,2024-09-02 19:00:00,75,16
208,2024-09-02 20:00:00,75,16
208,2024-09-02 21:00:00,75,16
208,2024-09-02 22:00:00,75,16
208,2024-09-02 23:00:00,75,16
208,2024-09-03 00:00:00,75,16
208,2024-09-03 01:00:00,75,16
208,2024-09-03 02:00:00,75,16
208,2024-09-03 03:00:00,75,16
208,2024-09-03 04:00:00,75,16
208,2024-09-03 05:00:00,75,16
208,2024-09-03 06:00:00,75,16
208,2024-09-03 07:00:00,75,16
208,2024-09-03 08:00:00,75,16
208,2024-09-03 09:00:00,75,16
208,2024-09-03 10:00:00,75,16
208,2024-09-03 11:00:00,75,16
208,2024-09-03 12:00:00,75,16
208,2024-09-03 13:00:00,75,16
208,2024-09-03 14:00:00,75,16
208,2024-09-03 15:00:00,75,16
208,2024-09-03 16:00:00,75,16
208,2024-09-03 17:00:00,75,16
208,2024-09-03 18:00:00,0,0
208,2024-09-03 19:00:00,0,0
208,2024-09-03 20:00:00,0,0
208,2024-09-03 21:00:00,0,0
208,2024-09-03 22:00:00,0,0
208,2024-09-03 23:00:00,0,0
209,2024-09-01 00:00:00,56,12
209,2024-09-01 01:00:00,56,12
209,2024-09-01 02:00:00,56,12
209,2024-09-01 03:00:00,56,12
209,2024-09-01 04:00:00,56,12
209,2024-09-01 05:00:00,56,12
209,2024-09-01 06:00:00,56,12
209,2024-09-01 07:00:00,56,12
209,2024-09-01 08:00:00,56,12
209,2024-09-01 09:00:00,56,12
209,2024-09-01 10:00:00,56,12
209,2024-09-01 11:00:00,56,12
209,2024-09-01 12:00:00,56,12
209,2024-09-01 13:00:00,56,12
209,2024-09-01 14:00:00,56,12
209,2024-09-01 15:00:00,56,12
209,2024-09-01 16:00:00,56,12
209,2024-09-01 17:00:00,56,12
209,2024-09-01 18:00:00,56,12
209,2024-09-01 19:00:00,56,12
209,2024-09-01 20:00:00,56,12
209,2024-09-01 21:00:00,56,12
209,2024-09-01 22:00:00,56,12
209,2024-09-01 23:00:00,56,12
209,2024-09-02 00:00:00,56,12
209,2024-09-02 01:00:00,56,12
209,2024-09-02 02:00:00,56,12
209,2024-09-02 03:00:00,56,12
209,2024-09-02 04:00:00,56,12
209,2024-09-02 05:00:00,56,12
209,2024-09-02 06:00:00,57,13
209,2024-09-02 07:00:00,58,14
209,2024-09-02 08:00:00,62,15
209,2024-09-02 09:00:00,65,16
209,2024-09-02 10:00:00,70,16
209,2024-09-02 11:00:00,73,16
209,2024-09-02 12:00:00,74,16
209,2024-09-02 13:00:00,75,16
209,2024-09-02 14:00:00,75,16
209,2024-09-02 15:00:00,75,16
209,2024-09-02 16:00:00,75,16
209,2024-09-02 17:00:00,75,16
209,2024-09-02 18:00:00,75,16
209,2024-09-02 19:00:00,75,16
209,2024-09-02 20:00:00,75,16
209,2024-09-02 21:00:00,75,16
209,2024-09-02 22:00:00,75,16
209,2024-09-02 23:00:00,75,16
209,2024-09-03 00:00:00,75,16
209,2024-09-03 01:00:00,75,16
209,2024-09-03 02:00:00,75,16
209,2024-09-03 03:00:00,75,16
209,2024-09-03 04:00:00,75,16
209,2024-09-03 05:00:00,75,16
209,2024-09-03 06:00:00,75,16
209,2024-09-03 07:00:00,75,16
209,2024-09-03 08:00:00,75,16
209,2024-09-03 09:00:00,75,16
209,2024-09-03 10:00:00,75,16
209,2024-09-03 11:00:00,75,16
209,2024-09-03 12:00:00,75,16
209,2024-09-03 13:00:00,75,16
209,2024-09-03 14:00:00,75,16
209,2024-09-03 15:00:00,75,16
209,2024-09-03 16:00:00,75,16
209,2024-09-03 17:00:00,75,16
209,2024-09-03 18:00:00,0,0
209,2024-09-03 19:00:00,0,0
209,2024-09-03 20:00:00,0,0
209,2024-09-03 21:00:00,0,0
209,2024-09-03 22:00:00,0,0
209,2024-09-03 23:00:00,0,0
210,2024-09-01 00:00:00,56,12
210,2024-09-01 01:00:00,56,12
210,2024-09-01 02:00:00,56,12
210,2024-09-01 03:00:00,56,12
210,2024-09-01 04:00:00,56,12
210,2024-09-01 05:00:00,56,12
210,2024-09-01 06:00:00,56,12
210,2024-09-01 07:00:00,56,12
210,2024-09-01 08:00:00,56,12
210,2024-09-01 09:00:00,56,12
210,2024-09-01 10:00:00,56,12
210,2024-09-01 11:00:00,56,12
210,2024-09-01 12:00:00,56,12
210,2024-09-01 13:00:00,56,12
210,2024-09-01 14:00:00,56,12
210,2024-09-01 15:00:00,56,12
210,2024-09-01 16:00:00,56,12
210,2024-09-01 17:00:00,56,12
210,2024-09-01 18:00:00,56,12
210,2024-09-01 19:00:00,56,12
210,2024-09-01 20:00:00,56,12
210,2024-09-01 21:00:00,56,12
210,2024-09-01 22:00:00,56,12
210,2024-09-01 23:00:00,56,12
210,2024-09-02 00:00:00,56,12
210,2024-09-02 01:00:00,56,12
210,2024-09-02 02:00:00,56,12
210,2024-09-02 03:00:00,56,12
210,2024-09-02 04:00:00,56,12
210,2024-09-02 05:00:00,56,12
210,2024-09-02 06:00:00,57,13
210,2024-09-02 07:00:00,58,14
210,2024-09-02 08:00:00,62,15
210,2024-09-02 09:00:00,65,16
210,2024-09-02 10:00:00,69,16
210,2024-09-02 11:00:00,72,16
210,2024-09-02 12:00:00,74,16
210,2024-09-02 13:00:00,75,16
210,2024-09-02 14:00:00,75,16
210,2024-09-02 15:00:00,75,16
210,2024-09-02 16:00:00,75,16
210,2024-09-02 17:00:00,75,16
210,2024-09-02 18:00:00,75,16
210,2024-09-02 19:00:00,75,16
210,2024-09-02 20:00:00,75,16
210,2024-09-02 21:00:00,75,16
210,2024-09-02 22:00:00,75,16
210,2024-09-02 23:00:00,75,16
210,2024-09-03 00:00:00,75,16
210,2024-09-03 01:00:00,75,16
210,2024-09-03 02:00:00,75,16
210,2024-09-03 03:00:00,75,16
210,2024-09-03 04:00:00,75,16
210,2024-09-03 05:00:00,75,16
210,2024-09-03 06:00:00,75,16
210,2024-09-03 07:00:00,75,16
210,2024-09-03 08:00:00,75,16
210,2024-09-03 09:00:00,75,16
210,2024-09-03 10:00:00,75,16
210,2024-09-03 11:00:00,75,16
210,2024-09-03 12:00:00,75,16
210,2024-09-03 13:00:00,75,16
210,2024-09-03 14:00:00,75,16
210,2024-09-03 15:00:00,75,16
210,2024-09-03 16:00:00,75,16
210,2024-09-03 17:00:00,75,16
210,2024-09-03 18:00:00,0,0
210,2024-09-03 19:00:00,0,0
210,2024-09-03 20:00:00,0,0
210,2024-09-03 21:00:00,0,0
210,2024-09-03 22:00:00,0,0
210,2024-09-03 23:00:00,0,0
211,2024-09-01 00:00:00,56,12
211,2024-09-01 01:00:00,56,12
211,2024-09-01 02:00:00,56,12
211,2024-09-01 03:00:00,56,12
211,2024-09-01 04:00:00,56,12
211,2024-09-01 05:00:00,56,12
211,2024-09-01 06:00:00,56,12
211,2024-09-01 07:00:00,56,12
211,2024-09-01 08:00:00,56,12
211,2024-09-01 09:00:00,56,12
211,2024-09-01 10:00:00,56,12
211,2024-09-01 11:00:00,56,12
211,2024-09-01 12:00:00,56,12
211,2024-09-01 13:00:00,56,12
211,2024-09-01 14:00:00,56,12
211,2024-09-01 15:00:00,56,12
211,2024-09-01 16:00:00,56,12
211,2024-09-01 17:00:00,56,12
211,2024-09-01 18:00:00,56,12
211,2024-09-01 19:00:00,56,12
211,2024-09-01 20:00:00,56,12
211,2024-09-01 21:00:00,56,12
211,2024-09-01 22:00:00,56,12
211,2024-09-01 23:00:00,56,12
211,2024-09-02 00:00:00,56,12
211,2024-09-02 01:00:00,56,12
211,2024-09-02 02:00:00,56,12
211,2024-09-02 03:00:00,56,12
211,2024-09-02 04:00:00,56,12
211,2024-09-02 05:00:00,56,12
211,2024-09-02 06:00:00,57,13
211,2024-09-02 07:00:00,58,14
211,2024-09-02 08:00:00,62,15
211,2024-09-02 09:00:00,65,16
211,2024-09-02 10:00:00,70,16
211,2024-09-02 11:00:00,72,16
211,2024-09-02 12:00:00,74,16
211,2024-09-02 13:00:00,75,16
211,2024-09-02 14:00:00,75,16
211,2024-09-02 15:00:00,75,16
211,2024-09-02 16:00:00,75,16
211,2024-09-02 17:00:00,75,16
211,2024-09-02 18:00:00,75,16
211,2024-09-02 19:00:00,75,16
211,2024-09-02 20:00:00,75,16
211,2024-09-02 21:00:00,75,16
211,2024-09-02 22:00:00,75,16
211,2024-09-02 23:00:00,75,16
211,2024-09-03 00:00:00,75,16
211,2024-09-03 01:00:00,75,16
211,2024-09-03 02:00:00,75,16
211,2024-09-03 03:00:00,75,16
211,2024-09-03 04:00:00,75,16
211,2024-09-03 05:00:00,75,16
211,2024-09-03 06:00:00,75,16
211,2024-09-03 07:00:00,75,16
211,2024-09-03 08:00:00,75,16
211,2024-09-03 09:00:00,75,16
211,2024-09-03 10:00:00,75,16
211,2024-09-03 11:00:00,75,16
211,2024-09-03 12:00:00,75,16
211,2024-09-03 13:00:00,75,16
211,2024-09-03 14:00:00,75,16
211,2024-09-03 15:00:00,75,16
211,2024-09-03 16:00:00,75,16
211,2024-09-03 17:00:00,75,16
211,2024-09-03 18:00:00,0,0
211,2024-09-03 19:00:00,0,0
211,2024-09-03 20:00:00,0,0
211,2024-09-03 21:00:00,0,0
211,2024-09-03 22:00:00,0,0
211,2024-09-03 23:00:00,0,0
212,2024-09-01 00:00:00,55,12
212,2024-09-01 01:00:00,55,12
212,2024-09-01 02:00:00,55,12
212,2024-09-01 03:00:00,55,12
212,2024-09-01 04:00:00,55,12
212,2024-09-01 05:00:00,55,12
212,2024-09-01 06:00:00,55,12
212,2024-09-01 07:00:00,55,12
212,2024-09-01 08:00:00,55,12
212,2024-09-01 09:00:00,55,12
212,2024-09-01 10:00:00,55,12
212,2024-09-01 11:00:00,55,12
212,2024-09-01 12:00:00,55,12
212,2024-09-01 13:00:00,55,12
212,2024-09-01 14:00:00,55,12
212,2024-09-01 15:00:00,55,12
212,2024-09-01 16:00:00,55,12
212,2024-09-01 17:00:00,55,12
212,2024-09-01 18:00:00,55,12
212,2024-09-01 19:00:00,55,12
212,2024-09-01 20:00:00,55,12
212,2024-09-01 21:00:00,55,12
212,2024-09-01 22:00:00,55,12
212,2024-09-01 23:00:00,55,12
212,2024-09-02 00:00:00,55,12
212,2024-09-02 01:00:00,55,12
212,2024-09-02 02:00:00,55,12
212,2024-09-02 03:00:00,55,12
212,2024-09-02 04:00:00,55,12
212,2024-09-02 05:00:00,55,12
212,2024-09-02 06:00:00,56,13
212,2024-09-02 07:00:00,57,14
212,2024-09-02 08:00:00,61,15
212,2024-09-02 09:00:00,64,16
212,2024-09-02 10:00:00,69,16
212,2024-09-02 11:00:00,72,16
212,2024-09-02 12:00:00,74,16
212,2024-09-02 13:00:00,75,16
212,2024-09-02 14:00:00,75,16
212,2024-09-02 15:00:00,75,16
212,2024-09-02 16:00:00,75,16
212,2024-09-02 17:00:00,75,16
212,2024-09-02 18:00:00,75,16
212,2024-09-02 19:00:00,75,16
212,2024-09-02 20:00:00,75,16
212,2024-09-02 21:00:00,75,16
212,2024-09-02 22:00:00,75,16
212,2024-09-02 23:00:00,75,16
212,2024-09-03 00:00:00,75,16
212,2024-09-03 01:00:00,75,16
212,2024-09-03 02:00:00,75,16
212,2024-09-03 03:00:00,75,16
212,2024-09-03 04:00:00,75,16
212,2024-09-03 05:00:00,75,16
212,2024-09-03 06:00:00,75,16
212,2024-09-03 07:00:00,75,16
212,2024-09-03 08:00:00,75,16
212,2024-09-03 09:00:00,75,16
212,2024-09-03 10:00:00,75,16
212,2024-09-03 11:00:00,75,16
212,2024-09-03 12:00:00,75,16
212,2024-09-03 13:00:00,75,16
212,2024-09-03 14:00:00,75,16
212,2024-09-03 15:00:00,75,16
212,2024-09-03 16:00:00,75,16
212,2024-09-03 17:00:00,75,16
212,2024-09-03 18:00:00,0,0
212,2024-09-03 19:00:00,0,0
212,2024-09-03 20:00:00,0,0
212,2024-09-03 21:00:00,0,0
212,2024-09-03 22:00:00,0,0
212,2024-09-03 23:00:00,0,0
213,2024-09-01 00:00:00,59,12
213,2024-09-01 01:00:00,59,12
213,2024-09-01 02:00:00,59,12
213,2024-09-01 03:00:00,59,12
213,2024-09-01 04:00:00,59,12
213,2024-09-01 05:00:00,59,12
213,2024-09-01 06:00:00,59,12
213,2024-09-01 07:00:00,59,12
213,2024-09-01 08:00:00,59,12
213,2024-09-01 09:00:00,59,12
213,2024-09-01 10:00:00,59,12
213,2024-09-01 11:00:00,59,12
213,2024-09-01 12:00:00,59,12
213,2024-09-01 13:00:00,59,12
213,2024-09-01 14:00:00,59,12
213,2024-09-01 15:00:00,59,12
213,2024-09-01 16:00:00,59,12
213,2024-09-01 17:00:00,59,12
213,2024-09-01 18:00:00,59,12
213,2024-09-01 19:00:00,59,12
213,2024-09-01 20:00:00,59,12
213,2024-09-01 21:00:00,59,12
213,2024-09-01 22:00:00,59,12
213,2024-09-01 23:00:00,59,12
213,2024-09-02 00:00:00,59,12
213,2024-09-02 01:00:00,59,12
213,2024-09-02 02:00:00,59,12
213,2024-09-02 03:00:00,59,12
213,2024-09-02 04:00:00,59,12
213,2024-09-02 05:00:00,59,12
213,2024-09-02 06:00:00,60,13
213,2024-09-02 07:00:00,61,14
213,2024-09-02 08:00:00,64,15
213,2024-09-02 09:00:00,67,16
213,2024-09-02 10:00:00,71,16
213,2024-09-02 11:00:00,73,16
213,2024-09-02 12:00:00,75,16
213,2024-09-02 13:00:00,75,16
213,2024-09-02 14:00:00,75,16
213,2024-09-02 15:00:00,75,16
213,2024-09-02 16:00:00,75,16
213,2024-09-02 17:00:00,75,16
213,2024-09-02 18:00:00,75,16
213,2024-09-02 19:00:00,75,16
213,2024-09-02 20:00:00,75,16
213,2024-09-02 21:00:00,75,16
213,2024-09-02 22:00:00,75,16
213,2024-09-02 23:00:00,75,16
213,2024-09-03 00:00:00,75,16
213,2024-09-03 01:00:00,75,16
213,2024-09-03 02:00:00,75,16
213,2024-09-03 03:00:00,75,16
213,2024-09-03 04:00:00,75,16
213,2024-09-03 05:00:00,75,16
213,2024-09-03 06:00:00,75,16
213,2024-09-03 07:00:00,75,16
213,2024-09-03 08:00:00,75,16
213,2024-09-03 09:00:00,75,16
213,2024-09-03 10:00:00,75,16
213,2024-09-03 11:00:00,75,16
213,2024-09-03 12:00:00,75,16
213,2024-09-03 13:00:00,75,16
213,2024-09-03 14:00:00,75,16
213,2024-09-03 15:00:00,75,16
213,2024-09-03 16:00:00,75,16
213,2024-09-03 17:00:00,75,16
213,2024-09-03 18:00:00,0,0
213,2024-09-03 19:00:00,0,0
213,2024-09-03 20:00:00,0,0
213,2024-09-03 21:00:00,0,0
213,2024-09-03 22:00:00,0,0
213,2024-09-03 23:00:00,0,0
214,2024-09-01 00:00:00,55,12
214,2024-09-01 01:00:00,55,12
214,2024-09-01 02:00:00,55,12
214,2024-09-01 03:00:00,55,12
214,2024-09-01 04:00:00,55,12
214,2024-09-01 05:00:00,55,12
214,2024-09-01 06:00:00,55,12
214,2024-09-01 07:00:00,55,12
214,2024-09-01 08:00:00,55,12
214,2024-09-01 09:00:00,55,12
214,2024-09-01 10:00:00,55,12
214,2024-09-01 11:00:00,55,12
214,2024-09-01 12:00:00,55,12
214,2024-09-01 13:00:00,55,12
214,2024-09-01 14:00:00,55,12
214,2024-09-01 15:00:00,55,12
214,2024-09-01 16:00:00,55,12
214,2024-09-01 17:00:00,55,12
214,2024-09-01 18:00:00,55,12
214,2024-09-01 19:00:00,55,12
214,2024-09-01 20:00:00,55,12
214,2024-09-01 21:00:00,55,12
214,2024-09-01 22:00:00,55,12
214,2024-09-01 23:00:00,55,12
214,2024-09-02 00:00:00,55,12
214,2024-09-02 01:00:00,55,12
214,2024-09-02 02:00:00,55,12
214,2024-09-02 03:00:00,55,12
214,2024-09-02 04:00:00,55,12
214,2024-09-02 05:00:00,55,12
214,2024-09-02 06:00:00,56,13
214,2024-09-02 07:00:00,57,14
214,2024-09-02 08:00:00,61,15
214,2024-09-02 09:00:00,64,16
214,2024-09-02 10:00:00,68,16
214,2024-09-02 11:00:00,72,16
214,2024-09-02 12:00:00,74,16
214,2024-09-02 13:00:00,75,16
214,2024-09-02 14:00:00,75,16
214,2024-09-02 15:00:00,75,16
214,2024-09-02 16:00:00,75,16
214,2024-09-02 17:00:00,75,16
214,2024-09-02 18:00:00,75,16
214,2024-09-02 19:00:00,75,16
214,2024-09-02 20:00:00,75,16
214,2024-09-02 21:00:00,75,16
214,2024-09-02 22:00:00,75,16
214,2024-09-02 23:00:00,75,16
214,2024-09-03 00:00:00,75,16
214,2024-09-03 01:00:00,75,16
214,2024-09-03 02:00:00,75,16
214,2024-09-03 03:00:00,75,16
214,2024-09-03 04:00:00,75,16
214,2024-09-03 05:00:00,75,16
214,2024-09-03 06:00:00,75,16
214,2024-09-03 07:00:00,75,16
214,2024-09-03 08:00:00,75,16
214,2024-09-03 09:00:00,75,16
214,2024-09-03 10:00:00,75,16
214,2024-09-03 11:00:00,75,16
214,2024-09-03 12:00:00,75,16
214,2024-09-03 13:00:00,75,16
214,2024-09-03 14:00:00,75,16
214,2024-09-03 15:00:00,75,16
214,2024-09-03 16:00:00,75,16
214,2024-09-03 17:00:00,75,16
214,2024-09-03 18:00:00,0,0
214,2024-09-03 19:00:00,0,0
214,2024-09-03 20:00:00,0,0
214,2024-09-03 21:00:00,0,0
214,2024-09-03 22:00:00,0,0
214,2024-09-03 23:00:00,0,0
215,2024-09-01 00:00:00,57,12
215,2024-09-01 01:00:00,57,12
215,2024-09-01 02:00:00,57,12
215,2024-09-01 03:00:00,57,12
215,2024-09-01 04:00:00,57,12
215,2024-09-01 05:00:00,57,12
215,2024-09-01 06:00:00,57,12
215,2024-09-01 07:00:00,57,12
215,2024-09-01 08:00:00,57,12
215,2024-09-01 09:00:00,57,12
215,2024-09-01 10:00:00,57,12
215,2024-09-01 11:00:00,57,12
215,2024-09-01 12:00:00,57,12
215,2024-09-01 13:00:00,57,12
215,2024-09-01 14:00:00,57,12
215,2024-09-01 15:00:00,57,12
215,2024-09-01 16:00:00,57,12
215,2024-09-01 17:00:00,57,12
215,2024-09-01 18:00:00,57,12
215,2024-09-01 19:00:00,57,12
215,2024-09-01 20:00:00,57,12
215,2024-09-01 21:00:00,57,12
215,2024-09-01 22:00:00,57,12
215,2024-09-01 23:00:00,57,12
215,2024-09-02 00:00:00,57,12
215,2024-09-02 01:00:00,57,12
215,2024-09-02 02:00:00,57,12
215,2024-09-02 03:00:00,57,12
215,2024-09-02 04:00:00,57,12
215,2024-09-02 05:00:00,57,12
215,2024-09-02 06:00:00,58,13
215,2024-09-02 07:00:00,59,14
215,2024-09-02 08:00:00,63,15
215,2024-09-02 09:00:00,66,16
215,2024-09-02 10:00:00,70,16
215,2024-09-02 11:00:00,73,16
215,2024-09-02 12:00:00,75,16
215,2024-09-02 13:00:00,75,16
215,2024-09-02 14:00:00,75,16
215,2024-09-02 15:00:00,75,16
215,2024-09-02 16:00:00,75,16
215,2024-09-02 17:00:00,75,16
215,2024-09-02 18:00:00,75,16
215,2024-09-02 19:00:00,75,16
215,2024-09-02 20:00:00,75,16
215,2024-09-02 21:00:00,75,16
215,2024-09-02 22:00:00,75,16
215,2024-09-02 23:00:00,75,16
215,2024-09-03 00:00:00,75,16
215,2024-09-03 01:00:00,75,16
215,2024-09-03 02:00:00,75,16
215,2024-09-03 03:00:00,75,16
215,2024-09-03 04:00:00,75,16
215,2024-09-03 05:00:00,75,16
215,2024-09-03 06:00:00,75,16
215,2024-09-03 07:00:00,75,16
215,2024-09-03 08:00:00,75,16
215,2024-09-03 09:00:00,75,16
215,2024-09-03 10:00:00,75,16
215,2024-09-03 11:00:00,75,16
215,2024-09-03 12:00:00,75,16
215,2024-09-03 13:00:00,75,16
215,2024-09-03 14:00:00,75,16
215,2024-09-03 15:00:00,75,16
215,2024-09-03 16:00:00,75,16
215,2024-09-03 17:00:00,75,16
215,2024-09-03 18:00:00,0,0
215,2024-09-03 19:00:00,0,0
215,2024-09-03 20:00:00,0,0
215,2024-09-03 21:00:00,0,0
215,2024-09-03 22:00:00,0,0
215,2024-09-03 23:00:00,0,0
216,2024-09-01 00:00:00,56,12
216,2024-09-01 01:00:00,56,12
216,2024-09-01 02:00:00,56,12
216,2024-09-01 03:00:00,56,12
216,2024-09-01 04:00:00,56,12
216,2024-09-01 05:00:00,56,12
216,2024-09-01 06:00:00,56,12
216,2024-09-01 07:00:00,56,12
216,2024-09-01 08:00:00,56,12
216,2024-09-01 09:00:00,56,12
216,2024-09-01 10:00:00,56,12
216,2024-09-01 11:00:00,56,12
216,2024-09-01 12:00:00,56,12
216,2024-09-01 13:00:00,56,12
216,2024-09-01 14:00:00,56,12
216,2024-09-01 15:00:00,56,12
216,2024-09-01 16:00:00,56,12
216,2024-09-01 17:00:00,56,12
216,2024-09-01 18:00:00,56,12
216,2024-09-01 19:00:00,56,12
216,2024-09-01 20:00:00,56,12
216,2024-09-01 21:00:00,56,12
216,2024-09-01 22:00:00,56,12
216,2024-09-01 23:00:00,56,12
216,2024-09-02 00:00:00,56,12
216,2024-09-02 01:00:00,56,12
216,2024-09-02 02:00:00,56,12
216,2024-09-02 03:00:00,56,12
216,2024-09-02 04:00:00,56,12
216,2024-09-02 05:00:00,56,12
216,2024-09-02 06:00:00,57,13
216,2024-09-02 07:00:00,58,14
216,2024-09-02 08:00:00,62,15
216,2024-09-02 09:00:00,65,16
216,2024-09-02 10:00:00,69,16
216,2024-09-02 11:00:00,73,16
216,2024-09-02 12:00:00,75,16
216,2024-09-02 13:00:00,75,16
216,2024-09-02 14:00:00,75,16
216,2024-09-02 15:00:00,75,16
216,2024-09-02 16:00:00,75,16
216,2024-09-02 17:00:00,75,16
216,2024-09-02 18:00:00,75,16
216,2024-09-02 19:00:00,75,16
216,2024-09-02 20:00:00,75,16
216,2024-09-02 21:00:00,75,16
216,2024-09-02 22:00:00,75,16
216,2024-09-02 23:00:00,75,16
216,2024-09-03 00:00:00,75,16
216,2024-09-03 01:00:00,75,16
216,2024-09-03 02:00:00,75,16
216,2024-09-03 03:00:00,75,16
216,2024-09-03 04:00:00,75,16
216,2024-09-03 05:00:00,75,16
216,2024-09-03 06:00:00,75,16
216,2024-09-03 07:00:00,75,16
216,2024-09-03 08:00:00,75,16
216,2024-09-03 09:00:00,75,16
216,2024-09-03 10:00:00,75,16
216,2024-09-03 11:00:00,75,16
216,2024-09-03 12:00:00,75,16
216,2024-09-03 13:00:00,75,16
216,2024-09-03 14:00:00,75,16
216,2024-09-03 15:00:00,75,16
216,2024-09-03 16:00:00,75,16
216,2024-09-03 17:00:00,75,16
216,2024-09-03 18:00:00,0,0
216,2024-09-03 19:00:00,0,0
216,2024-09-03 20:00:00,0,0
216,2024-09-03 21:00:00,0,0
216,2024-09-03 22:00:00,0,0
216,2024-09-03 23:00:00,0,0
217,2024-09-01 00:00:00,56,12
217,2024-09-01 01:00:00,56,12
217,2024-09-01 02:00:00,56,12
217,2024-09-01 03:00:00,56,12
217,2024-09-01 04:00:00,56,12
217,2024-09-01 05:00:00,56,12
217,2024-09-01 06:00:00,56,12
217,2024-09-01 07:00:00,56,12
217,2024-09-01 08:00:00,56,12
217,2024-09-01 09:00:00,56,12
217,2024-09-01 10:00:00,56,12
217,2024-09-01 11:00:00,56,12
217,2024-09-01 12:00:00,56,12
217,2024-09-01 13:00:00,56,12
217,2024-09-01 14:00:00,56,12
217,2024-09-01 15:00:00,56,12
217,2024-09-01 16:00:00,56,12
217,2024-09-01 17:00:00,56,12
217,2024-09-01 18:00:00,56,12
217,2024-09-01 19:00:00,56,12
217,2024-09-01 20:00:00,56,12
217,2024-09-01 21:00:00,56,12
217,2024-09-01 22:00:00,56,12
217,2024-09-01 23:00:00,56,12
217,2024-09-02 00:00:00,56,12
217,2024-09-02 01:00:00,56,12
217,2024-09-02 02:00:00,56,12
217,2024-09-02 03:00:00,56,12
217,2024-09-02 04:00:00,56,12
217,2024-09-02 05:00:00,56,12
217,2024-09-02 06:00:00,57,13
217,2024-09-02 07:00:00,58,14
217,2024-09-02 08:00:00,62,15
217,2024-09-02 09:00:00,65,16
217,2024-09-02 10:00:00,70,16
217,2024-09-02 11:00:00,72,16
217,2024-09-02 12:00:00,74,16
217,2024-09-02 13:00:00,75,16
217,2024-09-02 14:00:00,75,16
217,2024-09-02 15:00:00,75,16
217,2024-09-02 16:00:00,75,16
217,2024-09-02 17:00:00,75,16
217,2024-09-02 18:00:00,75,16
217,2024-09-02 19:00:00,75,16
217,2024-09-02 20:00:00,75,16
217,2024-09-02 21:00:00,75,16
217,2024-09-02 22:00:00,75,16
217,2024-09-02 23:00:00,75,16
217,2024-09-03 00:00:00,75,16
217,2024-09-03 01:00:00,75,16
217,2024-09-03 02:00:00,75,16
217,2024-09-03 03:00:00,75,16
217,2024-09-03 04:00:00,75,16
217,2024-09-03 05:00:00,75,16
217,2024-09-03 06:00:00,75,16
217,2024-09-03 07:00:00,75,16
217,2024-09-03 08:00:00,75,16
217,2024-09-03 09:00:00,75,16
217,2024-09-03 10:00:00,75,16
217,2024-09-03 11:00:00,75,16
217,2024-09-03 12:00:00,75,16
217,2024-09-03 13:00:00,75,16
217,2024-09-03 14:00:00,75,16
217,2024-09-03 15:00:00,75,16
217,2024-09-03 16:00:00,75,16
217,2024-09-03 17:00:00,75,16
217,2024-09-03 18:00:00,0,0
217,2024-09-03 19:00:00,0,0
217,2024-09-03 20:00:00,0,0
217,2024-09-03 21:00:00,0,0
217,2024-09-03 22:00:00,0,0
217,2024-09-03 23:00:00,0,0
218,2024-09-01 00:00:00,57,12
218,2024-09-01 01:00:00,57,12
218,2024-09-01 02:00:00,57,12
218,2024-09-01 03:00:00,57,12
218,2024-09-01 04:00:00,57,12
218,2024-09-01 05:00:00,57,12
218,2024-09-01 06:00:00,57,12
218,2024-09-01 07:00:00,57,12
218,2024-09-01 08:00:00,57,12
218,2024-09-01 09:00:00,57,12
218,2024-09-01 10:00:00,57,12
218,2024-09-01 11:00:00,57,12
218,2024-09-01 12:00:00,57,12
218,2024-09-01 13:00:00,57,12
218,2024-09-01 14:00:00,57,12
218,2024-09-01 15:00:00,57,12
218,2024-09-01 16:00:00,57,12
218,2024-09-01 17:00:00,57,12
218,2024-09-01 18:00:00,57,12
218,2024-09-01 19:00:00,57,12
218,2024-09-01 20:00:00,57,12
218,2024-09-01 21:00:00,57,12
218,2024-09-01 22:00:00,57,12
218,2024-09-01 23:00:00,57,12
218,2024-09-02 00:00:00,57,12
218,2024-09-02 01:00:00,57,12
218,2024-09-02 02:00:00,57,12
218,2024-09-02 03:00:00,57,12
218,2024-09-02 04:00:00,57,12
218,2024-09-02 05:00:00,57,12
218,2024-09-02 06:00:00,58,13
218,2024-09-02 07:00:00,59,14
218,2024-09-02 08:00:00,63,15
218,2024-09-02 09:00:00,66,16
218,2024-09-02 10:00:00,70,16
218,2024-09-02 11:00:00,73,16
218,2024-09-02 12:00:00,75,16
218,2024-09-02 13:00:00,75,16
218,2024-09-02 14:00:00,75,16
218,2024-09-02 15:00:00,75,16
218,2024-09-02 16:00:00,75,16
218,2024-09-02 17:00:00,75,16
218,2024-09-02 18:00:00,75,16
218,2024-09-02 19:00:00,75,16
218,2024-09-02 20:00:00,75,16
218,2024-09-02 21:00:00,75,16
218,2024-09-02 22:00:00,75,16
218,2024-09-02 23:00:00,75,16
218,2024-09-03 00:00:00,75,16
218,2024-09-03 01:00:00,75,16
218,2024-09-03 02:00:00,75,16
218,2024-09-03 03:00:00,75,16
218,2024-09-03 04:00:00,75,16
218,2024-09-03 05:00:00,75,16
218,2024-09-03 06:00:00,75,16
218,2024-09-03 07:00:00,75,16
218,2024-09-03 08:00:00,75,16
218,2024-09-03 09:00:00,75,16
218,2024-09-03 10:00:00,75,16
218,2024-09-03 11:00:00,75,16
218,2024-09-03 12:00:00,75,16
218,2024-09-03 13:00:00,75,16
218,2024-09-03 14:00:00,75,16
218,2024-09-03 15:00:00,75,16
218,2024-09-03 16:00:00,75,16
218,2024-09-03 17:00:00,75,16
218,2024-09-03 18:00:00,0,0
218,2024-09-03 19:00:00,0,0
218,2024-09-03 20:00:00,0,0
218,2024-09-03 21:00:00,0,0
218,2024-09-03 22:00:00,0,0
218,2024-09-03 23:00:00,0,0
219,2024-09-01 00:00:00,56,12
219,2024-09-01 01:00:00,56,12
219,2024-09-01 02:00:00,56,12
219,2024-09-01 03:00:00,56,12
219,2024-09-01 04:00:00,56,12
219,2024-09-01 05:00:00,56,12
219,2024-09-01 06:00:00,56,12
219,2024-09-01 07:00:00,56,12
219,2024-09-01 08:00:00,56,12
219,2024-09-01 09:00:00,56,12
219,2024-09-01 10:00:00,56,12
219,2024-09-01 11:00:00,56,12
219,2024-09-01 12:00:00,56,12
219,2024-09-01 13:00:00,56,12
219,2024-09-01 14:00:00,56,12
219,2024-09-01 15:00:00,56,12
219,2024-09-01 16:00:00,56,12
219,2024-09-01 17:00:00,56,12
219,2024-09-01 18:00:00,56,12
219,2024-09-01 19:00:00,56,12
219,2024-09-01 20:00:00,56,12
219,2024-09-01 21:00:00,56,12
219,2024-09-01 22:00:00,56,12
219,2024-09-01 23:00:00,56,12
219,2024-09-02 00:00:00,56,12
219,2024-09-02 01:00:00,56,12
219,2024-09-02 02:00:00,56,12
219,2024-09-02 03:00:00,56,12
219,2024-09-02 04:00:00,56,12
219,2024-09-02 05:00:00,56,12
219,2024-09-02 06:00:00,57,13
219,2024-09-02 07:00:00,58,14
219,2024-09-02 08:00:00,61,15
219,2024-09-02 09:00:00,64,16
219,2024-09-02 10:00:00,68,16
219,2024-09-02 11:00:00,72,16
219,2024-09-02 12:00:00,74,16
219,2024-09-02 13:00:00,75,16
219,2024-09-02 14:00:00,75,16
219,2024-09-02 15:00:00,75,16
219,2024-09-02 16:00:00,75,16
219,2024-09-02 17:00:00,75,16
219,2024-09-02 18:00:00,75,16
219,2024-09-02 19:00:00,75,16
219,2024-09-02 20:00:00,75,16
219,2024-09-02 21:00:00,75,16
219,2024-09-02 22:00:00,75,16
219,2024-09-02 23:00:00,75,16
219,2024-09-03 00:00:00,75,16
219,2024-09-03 01:00:00,75,16
219,2024-09-03 02:00:00,75,16
219,2024-09-03 03:00:00,75,16
219,2024-09-03 04:00:00,75,16
219,2024-09-03 05:00:00,75,16
219,2024-09-03 06:00:00,75,16
219,2024-09-03 07:00:00,75,16
219,2024-09-03 08:00:00,75,16
219,2024-09-03 09:00:00,75,16
219,2024-09-03 10:00:00,75,16
219,2024-09-03 11:00:00,75,16
219,2024-09-03 12:00:00,75,16
219,2024-09-03 13:00:00,75,16
219,2024-09-03 14:00:00,75,16
219,2024-09-03 15:00:00,75,16
219,2024-09-03 16:00:00,75,16
219,2024-09-03 17:00:00,75,16
219,2024-09-03 18:00:00,0,0
219,2024-09-03 19:00:00,0,0
219,2024-09-03 20:00:00,0,0
219,2024-09-03 21:00:00,0,0
219,2024-09-03 22:00:00,0,0
219,2024-09-03 23:00:00,0,0
220,2024-09-01 00:00:00,56,12
220,2024-09-01 01:00:00,56,12
220,2024-09-01 02:00:00,56,12
220,2024-09-01 03:00:00,56,12
220,2024-09-01 04:00:00,56,12
220,2024-09-01 05:00:00,56,12
220,2024-09-01 06:00:00,56,12
220,2024-09-01 07:00:00,56,12
220,2024-09-01 08:00:00,56,12
220,2024-09-01 09:00:00,56,12
220,2024-09-01 10:00:00,56,12
220,2024-09-01 11:00:00,56,12
220,2024-09-01 12:00:00,56,12
220,2024-09-01 13:00:00,56,12
220,2024-09-01 14:00:00,56,12
220,2024-09-01 15:00:00,56,12
220,2024-09-01 16:00:00,56,12
220,2024-09-01 17:00:00,56,12
220,2024-09-01 18:00:00,56,12
220,2024-09-01 19:00:00,56,12
220,2024-09-01 20:00:00,56,12
220,2024-09-01 21:00:00,56,12
220,2024-09-01 22:00:00,56,12
220,2024-09-01 23:00:00,56,12
220,2024-09-02 00:00:00,56,12
220,2024-09-02 01:00:00,56,12
220,2024-09-02 02:00:00,56,12
220,2024-09-02 03:00:00,56,12
220,2024-09-02 04:00:00,56,12
220,2024-09-02 05:00:00,56,12
220,2024-09-02 06:00:00,57,13
220,2024-09-02 07:00:00,58,14
220,2024-09-02 08:00:00,62,15
220,2024-09-02 09:00:00,65,16
220,2024-09-02 10:00:00,70,16
220,2024-09-02 11:00:00,73,16
220,2024-09-02 12:00:00,74,16
220,2024-09-02 13:00:00,75,16
220,2024-09-02 14:00:00,75,16
220,2024-09-02 15:00:00,75,16
220,2024-09-02 16:00:00,75,16
220,2024-09-02 17:00:00,75,16
220,2024-09-02 18:00:00,75,16
220,2024-09-02 19:00:00,75,16
220,2024-09-02 20:00:00,75,16
220,2024-09-02 21:00:00,75,16
220,2024-09-02 22:00:00,75,16
220,2024-09-02 23:00:00,75,16
220,2024-09-03 00:00:00,75,16
220,2024-09-03 01:00:00,75,16
220,2024-09-03 02:00:00,75,16
220,2024-09-03 03:00:00,75,16
220,2024-09-03 04:00:00,75,16
220,2024-09-03 05:00:00,75,16
220,2024-09-03 06:00:00,75,16
220,2024-09-03 07:00:00,75,16
220,2024-09-03 08:00:00,75,16
220,2024-09-03 09:00:00,75,16
220,2024-09-03 10:00:00,75,16
220,2024-09-03 11:00:00,75,16
220,2024-09-03 12:00:00,75,16
220,2024-09-03 13:00:00,75,16
220,2024-09-03 14:00:00,75,16
220,2024-09-03 15:00:00,75,16
220,2024-09-03 16:00:00,75,16
220,2024-09-03 17:00:00,75,16
220,2024-09-03 18:00:00,0,0
220,2024-09-03 19:00:00,0,0
220,2024-09-03 20:00:00,0,0
220,2024-09-03 21:00:00,0,0
220,2024-09-03 22:00:00,0,0
220,2024-09-03 23:00:00,0,0
221,2024-09-01 00:00:00,57,12
221,2024-09-01 01:00:00,57,12
221,2024-09-01 02:00:00,57,12
221,2024-09-01 03:00:00,57,12
221,2024-09-01 04:00:00,57,12
221,2024-09-01 05:00:00,57,12
221,2024-09-01 06:00:00,57,12
221,2024-09-01 07:00:00,57,12
221,2024-09-01 08:00:00,57,12
221,2024-09-01 09:00:00,57,12
221,2024-09-01 10:00:00,57,12
221,2024-09-01 11:00:00,57,12
221,2024-09-01 12:00:00,57,12
221,2024-09-01 13:00:00,57,12
221,2024-09-01 14:00:00,57,12
221,2024-09-01 15:00:00,57,12
221,2024-09-01 16:00:00,57,12
221,2024-09-01 17:00:00,57,12
221,2024-09-01 18:00:00,57,12
221,2024-09-01 19:00:00,57,12
221,2024-09-01 20:00:00,57,12
221,2024-09-01 21:00:00,57,12
221,2024-09-01 22:00:00,57,12
221,2024-09-01 23:00:00,57,12
221,2024-09-02 00:00:00,57,12
221,2024-09-02 01:00:00,57,12
221,2024-09-02 02:00:00,57,12
221,2024-09-02 03:00:00,57,12
221,2024-09-02 04:00:00,57,12
221,2024-09-02 05:00:00,57,12
221,2024-09-02 06:00:00,58,13
221,2024-09-02 07:00:00,59,14
221,2024-09-02 08:00:00,63,15
221,2024-09-02 09:00:00,66,16
221,2024-09-02 10:00:00,70,16
221,2024-09-02 11:00:00,72,16
221,2024-09-02 12:00:00,74,16
221,2024-09-02 13:00:00,75,16
221,2024-09-02 14:00:00,75,16
221,2024-09-02 15:00:00,75,16
221,2024-09-02 16:00:00,75,16
221,2024-09-02 17:00:00,75,16
221,2024-09-02 18:00:00,75,16
221,2024-09-02 19:00:00,75,16
221,2024-09-02 20:00:00,75,16
221,2024-09-02 21:00:00,75,16
221,2024-09-02 22:00:00,75,16
221,2024-09-02 23:00:00,75,16
221,2024-09-03 00:00:00,75,16
221,2024-09-03 01:00:00,75,16
221,2024-09-03 02:00:00,75,16
221,2024-09-03 03:00:00,75,16
221,2024-09-03 04:00:00,75,16
221,2024-09-03 05:00:00,75,16
221,2024-09-03 06:00:00,75,16
221,2024-09-03 07:00:00,75,16
221,2024-09-03 08:00:00,75,16
221,2024-09-03 09:00:00,75,16
221,2024-09-03 10:00:00,75,16
221,2024-09-03 11:00:00,75,16
221,2024-09-03 12:00:00,75,16
221,2024-09-03 13:00:00,75,16
221,2024-09-03 14:00:00,75,16
221,2024-09-03 15:00:00,75,16
221,2024-09-03 16:00:00,75,16
221,2024-09-03 17:00:00,75,16
221,2024-09-03 18:00:00,0,0
221,2024-09-03 19:00:00,0,0
221,2024-09-03 20:00:00,0,0
221,2024-09-03 21:00:00,0,0
221,2024-09-03 22:00:00,0,0
221,2024-09-03 23:00:00,0,0
222,2024-09-01 00:00:00,55,12
222,2024-09-01 01:00:00,55,12
222,2024-09-01 02:00:00,55,12
222,2024-09-01 03:00:00,55,12
222,2024-09-01 04:00:00,55,12
222,2024-09-01 05:00:00,55,12
222,2024-09-01 06:00:00,55,12
222,2024-09-01 07:00:00,55,12
222,2024-09-01 08:00:00,55,12
222,2024-09-01 09:00:00,55,12
222,2024-09-01 10:00:00,55,12
222,2024-09-01 11:00:00,55,12
222,2024-09-01 12:00:00,55,12
222,2024-09-01 13:00:00,55,12
222,2024-09-01 14:00:00,55,12
222,2024-09-01 15:00:00,55,12
222,2024-09-01 16:00:00,55,12
222,2024-09-01 17:00:00,55,12
222,2024-09-01 18:00:00,55,12
222,2024-09-01 19:00:00,55,12
222,2024-09-01 20:00:00,55,12
222,2024-09-01 21:00:00,55,12
222,2024-09-01 22:00:00,55,12
222,2024-09-01 23:00:00,55,12
222,2024-09-02 00:00:00,55,12
222,2024-09-02 01:00:00,55,12
222,2024-09-02 02:00:00,55,12
222,2024-09-02 03:00:00,55,12
222,2024-09-02 04:00:00,55,12
222,2024-09-02 05:00:00,55,12
222,2024-09-02 06:00:00,56,13
222,2024-09-02 07:00:00,57,14
222,2024-09-02 08:00:00,61,15
222,2024-09-02 09:00:00,64,16
222,2024-09-02 10:00:00,69,16
222,2024-09-02 11:00:00,72,16
222,2024-09-02 12:00:00,74,16
222,2024-09-02 13:00:00,75,16
222,2024-09-02 14:00:00,75,16
222,2024-09-02 15:00:00,75,16
222,2024-09-02 16:00:00,75,16
222,2024-09-02 17:00:00,75,16
222,2024-09-02 18:00:00,75,16
222,2024-09-02 19:00:00,75,16
222,2024-09-02 20:00:00,75,16
222,2024-09-02 21:00:00,75,16
222,2024-09-02 22:00:00,75,16
222,2024-09-02 23:00:00,75,16
222,2024-09-03 00:00:00,75,16
222,2024-09-03 01:00:00,75,16
222,2024-09-03 02:00:00,75,16
222,2024-09-03 03:00:00,75,16
222,2024-09-03 04:00:00,75,16
222,2024-09-03 05:00:00,75,16
222,2024-09-03 06:00:00,75,16
222,2024-09-03 07:00:00,75,16
222,2024-09-03 08:00:00,75,16
222,2024-09-03 09:00:00,75,16
222,2024-09-03 10:00:00,75,16
222,2024-09-03 11:00:00,75,16
222,2024-09-03 12:00:00,75,16
222,2024-09-03 13:00:00,75,16
222,2024-09-03 14:00:00,75,16
222,2024-09-03 15:00:00,75,16
222,2024-09-03 16:00:00,75,16
222,2024-09-03 17:00:00,75,16
222,2024-09-03 18:00:00,0,0
222,2024-09-03 19:00:00,0,0
222,2024-09-03 20:00:00,0,0
222,2024-09-03 21:00:00,0,0
222,2024-09-03 22:00:00,0,0
222,2024-09-03 23:00:00,0,0
223,2024-09-01 00:00:00,55,12
223,2024-09-01 01:00:00,55,12
223,2024-09-01 02:00:00,55,12
223,2024-09-01 03:00:00,55,12
223,2024-09-01 04:00:00,55,12
223,2024-09-01 05:00:00,55,12
223,2024-09-01 06:00:00,55,12
223,2024-09-01 07:00:00,55,12
223,2024-09-01 08:00:00,55,12
223,2024-09-01 09:00:00,55,12
223,2024-09-01 10:00:00,55,12
223,2024-09-01 11:00:00,55,12
223,2024-09-01 12:00:00,55,12
223,2024-09-01 13:00:00,55,12
223,2024-09-01 14:00:00,55,12
223,2024-09-01 15:00:00,55,12
223,2024-09-01 16:00:00,55,12
223,2024-09-01 17:00:00,55,12
223,2024-09-01 18:00:00,55,12
223,2024-09-01 19:00:00,55,12
223,2024-09-01 20:00:00,55,12
223,2024-09-01 21:00:00,55,12
223,2024-09-01 22:00:00,55,12
223,2024-09-01 23:00:00,55,12
223,2024-09-02 00:00:00,55,12
223,2024-09-02 01:00:00,55,12
223,2024-09-02 02:00:00,55,12
223,2024-09-02 03:00:00,55,12
223,2024-09-02 04:00:00,55,12
223,2024-09-02 05:00:00,55,12
223,2024-09-02 06:00:00,56,13
223,2024-09-02 07:00:00,57,14
223,2024-09-02 08:00:00,61,15
223,2024-09-02 09:00:00,64,16
223,2024-09-02 10:00:00,68,16
223,2024-09-02 11:00:00,72,16
223,2024-09-02 12:00:00,75,16
223,2024-09-02 13:00:00,75,16
223,2024-09-02 14:00:00,75,16
223,2024-09-02 15:00:00,75,16
223,2024-09-02 16:00:00,75,16
223,2024-09-02 17:00:00,75,16
223,2024-09-02 18:00:00,75,16
223,2024-09-02 19:00:00,75,16
223,2024-09-02 20:00:00,75,16
223,2024-09-02 21:00:00,75,16
223,2024-09-02 22:00:00,75,16
223,2024-09-02 23:00:00,75,16
223,2024-09-03 00:00:00,75,16
223,2024-09-03 01:00:00,75,16
223,2024-09-03 02:00:00,75,16
223,2024-09-03 03:00:00,75,16
223,2024-09-03 04:00:00,75,16
223,2024-09-03 05:00:00,75,16
223,2024-09-03 06:00:00,75,16
223,2024-09-03 07:00:00,75,16
223,2024-09-03 08:00:00,75,16
223,2024-09-03 09:00:00,75,16
223,2024-09-03 10:00:00,75,16
223,2024-09-03 11:00:00,75,16
223,2024-09-03 12:00:00,75,16
223,2024-09-03 13:00:00,75,16
223,2024-09-03 14:00:00,75,16
223,2024-09-03 15:00:00,75,16
223,2024-09-03 16:00:00,75,16
223,2024-09-03 17:00:00,75,16
223,2024-09-03 18:00:00,0,0
223,2024-09-03 19:00:00,0,0
223,2024-09-03 20:00:00,0,0
223,2024-09-03 21:00:00,0,0
223,2024-09-03 22:00:00,0,0
223,2024-09-03 23:00:00,0,0
224,2024-09-01 00:00:00,55,12
224,2024-09-01 01:00:00,55,12
224,2024-09-01 02:00:00,55,12
224,2024-09-01 03:00:00,55,12
224,2024-09-01 04:00:00,55,12
224,2024-09-01 05:00:00,55,12
224,2024-09-01 06:00:00,55,12
224,2024-09-01 07:00:00,55,12
224,2024-09-01 08:00:00,55,12
224,2024-09-01 09:00:00,55,12
224,2024-09-01 10:00:00,55,12
224,2024-09-01 11:00:00,55,12
224,2024-09-01 12:00:00,55,12
224,2024-09-01 13:00:00,55,12
224,2024-09-01 14:00:00,55,12
224,2024-09-01 15:00:00,55,12
224,2024-09-01 16:00:00,55,12
224,2024-09-01 17:00:00,55,12
224,2024-09-01 18:00:00,55,12
224,2024-09-01 19:00:00,55,12
224,2024-09-01 20:00:00,55,12
224,2024-09-01 21:00:00,55,12
224,2024-09-01 22:00:00,55,12
224,2024-09-01 23:00:00,55,12
224,2024-09-02 00:00:00,55,12
224,2024-09-02 01:00:00,55,12
224,2024-09-02 02:00:00,55,12
224,2024-09-02 03:00:00,55,12
224,2024-09-02 04:00:00,55,12
224,2024-09-02 05:00:00,55,12
224,2024-09-02 06:00:00,56,13
224,2024-09-02 07:00:00,57,14
224,2024-09-02 08:00:00,61,15
224,2024-09-02 09:00:00,64,16
224,2024-09-02 10:00:00,68,16
224,2024-09-02 11:00:00,72,16
224,2024-09-02 12:00:00,75,16
224,2024-09-02 13:00:00,75,16
224,2024-09-02 14:00:00,75,16
224,2024-09-02 15:00:00,75,16
224,2024-09-02 16:00:00,75,16
224,2024-09-02 17:00:00,75,16
224,2024-09-02 18:00:00,75,16
224,2024-09-02 19:00:00,75,16
224,2024-09-02 20:00:00,75,16
224,2024-09-02 21:00:00,75,16
224,2024-09-02 22:00:00,75,16
224,2024-09-02 23:00:00,75,16
224,2024-09-03 00:00:00,75,16
224,2024-09-03 01:00:00,75,16
224,2024-09-03 02:00:00,75,16
224,2024-09-03 03:00:00,75,16
224,2024-09-03 04:00:00,75,16
224,2024-09-03 05:00:00,75,16
224,2024-09-03 06:00:00,75,16
224,2024-09-03 07:00:00,75,16
224,2024-09-03 08:00:00,75,16
224,2024-09-03 09:00:00,75,16
224,2024-09-03 10:00:00,75,16
224,2024-09-03 11:00:00,75,16
224,2024-09-03 12:00:00,75,16
224,2024-09-03 13:00:00,75,16
224,2024-09-03 14:00:00,75,16
224,2024-09-03 15:00:00,75,16
224,2024-09-03 16:00:00,75,16
224,2024-09-03 17:00:00,75,16
224,2024-09-03 18:00:00,0,0
224,2024-09-03 19:00:00,0,0
224,2024-09-03 20:00:00,0,0
224,2024-09-03 21:00:00,0,0
224,2024-09-03 22:00:00,0,0
224,2024-09-03 23:00:00,0,0
225,2024-09-01 00:00:00,56,12
225,2024-09-01 01:00:00,56,12
225,2024-09-01 02:00:00,56,12
225,2024-09-01 03:00:00,56,12
225,2024-09-01 04:00:00,56,12
225,2024-09-01 05:00:00,56,12
225,2024-09-01 06:00:00,56,12
225,2024-09-01 07:00:00,56,12
225,2024-09-01 08:00:00,56,12
225,2024-09-01 09:00:00,56,12
225,2024-09-01 10:00:00,56,12
225,2024-09-01 11:00:00,56,12
225,2024-09-01 12:00:00,56,12
225,2024-09-01 13:00:00,56,12
225,2024-09-01 14:00:00,56,12
225,2024-09-01 15:00:00,56,12
225,2024-09-01 16:00:00,56,12
225,2024-09-01 17:00:00,56,12
225,2024-09-01 18:00:00,56,12
225,2024-09-01 19:00:00,56,12
225,2024-09-01 20:00:00,56,12
225,2024-09-01 21:00:00,56,12
225,2024-09-01 22:00:00,56,12
225,2024-09-01 23:00:00,56,12
225,2024-09-02 00:00:00,56,12
225,2024-09-02 01:00:00,56,12
225,2024-09-02 02:00:00,56,12
225,2024-09-02 03:00:00,56,12
225,2024-09-02 04:00:00,56,12
225,2024-09-02 05:00:00,56,12
225,2024-09-02 06:00:00,57,13
225,2024-09-02 07:00:00,58,14
225,2024-09-02 08:00:00,62,15
225,2024-09-02 09:00:00,65,16
225,2024-09-02 10:00:00,70,16
225,2024-09-02 11:00:00,73,16
225,2024-09-02 12:00:00,74,16
225,2024-09-02 13:00:00,75,16
225,2024-09-02 14:00:00,75,16
225,2024-09-02 15:00:00,75,16
225,2024-09-02 16:00:00,75,16
225,2024-09-02 17:00:00,75,16
225,2024-09-02 18:00:00,75,16
225,2024-09-02 19:00:00,75,16
225,2024-09-02 20:00:00,75,16
225,2024-09-02 21:00:00,75,16
225,2024-09-02 22:00:00,75,16
225,2024-09-02 23:00:00,75,16
225,2024-09-03 00:00:00,75,16
225,2024-09-03 01:00:00,75,16
225,2024-09-03 02:00:00,75,16
225,2024-09-03 03:00:00,75,16
225,2024-09-03 04:00:00,75,16
225,2024-09-03 05:00:00,75,16
225,2024-09-03 06:00:00,75,16
225,2024-09-03 07:00:00,75,16
225,2024-09-03 08:00:00,75,16
225,2024-09-03 09:00:00,75,16
225,2024-09-03 10:00:00,75,16
225,2024-09-03 11:00:00,75,16
225,2024-09-03 12:00:00,75,16
225,2024-09-03 13:00:00,75,16
225,2024-09-03 14:00:00,75,16
225,2024-09-03 15:00:00,75,16
225,2024-09-03 16:00:00,75,16
225,2024-09-03 17:00:00,75,16
225,2024-09-03 18:00:00,0,0
225,2024-09-03 19:00:00,0,0
225,2024-09-03 20:00:00,0,0
225,2024-09-03 21:00:00,0,0
225,2024-09-03 22:00:00,0,0
225,2024-09-03 23:00:00,0,0
226,2024-09-01 00:00:00,57,12
226,2024-09-01 01:00:00,57,12
226,2024-09-01 02:00:00,57,12
226,2024-09-01 03:00:00,57,12
226,2024-09-01 04:00:00,57,12
226,2024-09-01 05:00:00,57,12
226,2024-09-01 06:00:00,57,12
226,2024-09-01 07:00:00,57,12
226,2024-09-01 08:00:00,57,12
226,2024-09-01 09:00:00,57,12
226,2024-09-01 10:00:00,57,12
226,2024-09-01 11:00:00,57,12
226,2024-09-01 12:00:00,57,12
226,2024-09-01 13:00:00,57,12
226,2024-09-01 14:00:00,57,12
226,2024-09-01 15:00:00,57,12
226,2024-09-01 16:00:00,57,12
226,2024-09-01 17:00:00,57,12
226,2024-09-01 18:00:00,57,12
226,2024-09-01 19:00:00,57,12
226,2024-09-01 20:00:00,57,12
226,2024-09-01 21:00:00,57,12
226,2024-09-01 22:00:00,57,12
226,2024-09-01 23:00:00,57,12
226,2024-09-02 00:00:00,57,12
226,2024-09-02 01:00:00,57,12
226,2024-09-02 02:00:00,57,12
226,2024-09-02 03:00:00,57,12
226,2024-09-02 04:00:00,57,12
226,2024-09-02 05:00:00,57,12
226,2024-09-02 06:00:00,58,13
226,2024-09-02 07:00:00,59,14
226,2024-09-02 08:00:00,63,15
226,2024-09-02 09:00:00,66,16
226,2024-09-02 10:00:00,70,16
226,2024-09-02 11:00:00,72,16
226,2024-09-02 12:00:00,75,16
226,2024-09-02 13:00:00,75,16
226,2024-09-02 14:00:00,75,16
226,2024-09-02 15:00:00,75,16
226,2024-09-02 16:00:00,75,16
226,2024-09-02 17:00:00,75,16
226,2024-09-02 18:00:00,75,16
226,2024-09-02 19:00:00,75,16
226,2024-09-02 20:00:00,75,16
226,2024-09-02 21:00:00,75,16
226,2024-09-02 22:00:00,75,16
226,2024-09-02 23:00:00,75,16
226,2024-09-03 00:00:00,75,16
226,2024-09-03 01:00:00,75,16
226,2024-09-03 02:00:00,75,16
226,2024-09-03 03:00:00,75,16
226,2024-09-03 04:00:00,75,16
226,2024-09-03 05:00:00,75,16
226,2024-09-03 06:00:00,75,16
226,2024-09-03 07:00:00,75,16
226,2024-09-03 08:00:00,75,16
226,2024-09-03 09:00:00,75,16
226,2024-09-03 10:00:00,75,16
226,2024-09-03 11:00:00,75,16
226,2024-09-03 12:00:00,75,16
226,2024-09-03 13:00:00,75,16
226,2024-09-03 14:00:00,75,16
226,2024-09-03 15:00:00,75,16
226,2024-09-03 16:00:00,75,16
226,2024-09-03 17:00:00,75,16
226,2024-09-03 18:00:00,0,0
226,2024-09-03 19:00:00,0,0
226,2024-09-03 20:00:00,0,0
226,2024-09-03 21:00:00,0,0
226,2024-09-03 22:00:00,0,0
226,2024-09-03 23:00:00,0,0
227,2024-09-01 00:00:00,56,12
227,2024-09-01 01:00:00,56,12
227,2024-09-01 02:00:00,56,12
227,2024-09-01 03:00:00,56,12
227,2024-09-01 04:00:00,56,12
227,2024-09-01 05:00:00,56,12
227,2024-09-01 06:00:00,56,12
227,2024-09-01 07:00:00,56,12
227,2024-09-01 08:00:00,56,12
227,2024-09-01 09:00:00,56,12
227,2024-09-01 10:00:00,56,12
227,2024-09-01 11:00:00,56,12
227,2024-09-01 12:00:00,56,12
227,2024-09-01 13:00:00,56,12
227,2024-09-01 14:00:00,56,12
227,2024-09-01 15:00:00,56,12
227,2024-09-01 16:00:00,56,12
227,2024-09-01 17:00:00,56,12
227,2024-09-01 18:00:00,56,12
227,2024-09-01 19:00:00,56,12
227,2024-09-01 20:00:00,56,12
227,2024-09-01 21:00:00,56,12
227,2024-09-01 22:00:00,56,12
227,2024-09-01 23:00:00,56,12
227,2024-09-02 00:00:00,56,12
227,2024-09-02 01:00:00,56,12
227,2024-09-02 02:00:00,56,12
227,2024-09-02 03:00:00,56,12
227,2024-09-02 04:00:00,56,12
227,2024-09-02 05:00:00,56,12
227,2024-09-02 06:00:00,57,13
227,2024-09-02 07:00:00,58,14
227,2024-09-02 08:00:00,61,15
227,2024-09-02 09:00:00,64,16
227,2024-09-02 10:00:00,69,16
227,2024-09-02 11:00:00,72,16
227,2024-09-02 12:00:00,74,16
227,2024-09-02 13:00:00,75,16
227,2024-09-02 14:00:00,75,16
227,2024-09-02 15:00:00,75,16
227,2024-09-02 16:00:00,75,16
227,2024-09-02 17:00:00,75,16
227,2024-09-02 18:00:00,75,16
227,2024-09-02 19:00:00,75,16
227,2024-09-02 20:00:00,75,16
227,2024-09-02 21:00:00,75,16
227,2024-09-02 22:00:00,75,16
227,2024-09-02 23:00:00,75,16
227,2024-09-03 00:00:00,75,16
227,2024-09-03 01:00:00,75,16
227,2024-09-03 02:00:00,75,16
227,2024-09-03 03:00:00,75,16
227,2024-09-03 04:00:00,75,16
227,2024-09-03 05:00:00,75,16
227,2024-09-03 06:00:00,75,16
227,2024-09-03 07:00:00,75,16
227,2024-09-03 08:00:00,75,16
227,2024-09-03 09:00:00,75,16
227,2024-09-03 10:00:00,75,16
227,2024-09-03 11:00:00,75,16
227,2024-09-03 12:00:00,75,16
227,2024-09-03 13:00:00,75,16
227,2024-09-03 14:00:00,75,16
227,2024-09-03 15:00:00,75,16
227,2024-09-03 16:00:00,75,16
227,2024-09-03 17:00:00,75,16
227,2024-09-03 18:00:00,0,0
227,2024-09-03 19:00:00,0,0
227,2024-09-03 20:00:00,0,0
227,2024-09-03 21:00:00,0,0
227,2024-09-03 22:00:00,0,0
227,2024-09-03 23:00:00,0,0
228,2024-09-01 00:00:00,56,12
228,2024-09-01 01:00:00,56,12
228,2024-09-01 02:00:00,56,12
228,2024-09-01 03:00:00,56,12
228,2024-09-01 04:00:00,56,12
228,2024-09-01 05:00:00,56,12
228,2024-09-01 06:00:00,56,12
228,2024-09-01 07:00:00,56,12
228,2024-09-01 08:00:00,56,12
228,2024-09-01 09:00:00,56,12
228,2024-09-01 10:00:00,56,12
228,2024-09-01 11:00:00,56,12
228,2024-09-01 12:00:00,56,12
228,2024-09-01 13:00:00,56,12
228,2024-09-01 14:00:00,56,12
228,2024-09-01 15:00:00,56,12
228,2024-09-01 16:00:00,56,12
228,2024-09-01 17:00:00,56,12
228,2024-09-01 18:00:00,56,12
228,2024-09-01 19:00:00,56,12
228,2024-09-01 20:00:00,56,12
228,2024-09-01 21:00:00,56,12
228,2024-09-01 22:00:00,56,12
228,2024-09-01 23:00:00,56,12
228,2024-09-02 00:00:00,56,12
228,2024-09-02 01:00:00,56,12
228,2024-09-02 02:00:00,56,12
228,2024-09-02 03:00:00,56,12
228,2024-09-02 04:00:00,56,12
228,2024-09-02 05:00:00,56,12
228,2024-09-02 06:00:00,57,13
228,2024-09-02 07:00:00,58,14
228,2024-09-02 08:00:00,62,15
228,2024-09-02 09:00:00,65,16
228,2024-09-02 10:00:00,70,16
228,2024-09-02 11:00:00,72,16
228,2024-09-02 12:00:00,74,16
228,2024-09-02 13:00:00,75,16
228,2024-09-02 14:00:00,75,16
228,2024-09-02 15:00:00,75,16
228,2024-09-02 16:00:00,75,16
228,2024-09-02 17:00:00,75,16
228,2024-09-02 18:00:00,75,16
228,2024-09-02 19:00:00,75,16
228,2024-09-02 20:00:00,75,16
228,2024-09-02 21:00:00,75,16
228,2024-09-02 22:00:00,75,16
228,2024-09-02 23:00:00,75,16
228,2024-09-03 00:00:00,75,16
228,2024-09-03 01:00:00,75,16
228,2024-09-03 02:00:00,75,16
228,2024-09-03 03:00:00,75,16
228,2024-09-03 04:00:00,75,16
228,2024-09-03 05:00:00,75,16
228,2024-09-03 06:00:00,75,16
228,2024-09-03 07:00:00,75,16
228,2024-09-03 08:00:00,75,16
228,2024-09-03 09:00:00,75,16
228,2024-09-03 10:00:00,75,16
228,2024-09-03 11:00:00,75,16
228,2024-09-03 12:00:00,75,16
228,2024-09-03 13:00:00,75,16
228,2024-09-03 14:00:00,75,16
228,2024-09-03 15:00:00,75,16
228,2024-09-03 16:00:00,75,16
228,2024-09-03 17:00:00,75,16
228,2024-09-03 18:00:00,0,0
228,2024-09-03 19:00:00,0,0
228,2024-09-03 20:00:00,0,0
228,2024-09-03 21:00:00,0,0
228,2024-09-03 22:00:00,0,0
228,2024-09-03 23:00:00,0,0
229,2024-09-01 00:00:00,57,12
229,2024-09-01 01:00:00,57,12
229,2024-09-01 02:00:00,57,12
229,2024-09-01 03:00:00,57,12
229,2024-09-01 04:00:00,57,12
229,2024-09-01 05:00:00,57,12
229,2024-09-01 06:00:00,57,12
229,2024-09-01 07:00:00,57,12
229,2024-09-01 08:00:00,57,12
229,2024-09-01 09:00:00,57,12
229,2024-09-01 10:00:00,57,12
229,2024-09-01 11:00:00,57,12
229,2024-09-01 12:00:00,57,12
229,2024-09-01 13:00:00,57,12
229,2024-09-01 14:00:00,57,12
229,2024-09-01 15:00:00,57,12
229,2024-09-01 16:00:00,57,12
229,2024-09-01 17:00:00,57,12
229,2024-09-01 18:00:00,57,12
229,2024-09-01 19:00:00,57,12
229,2024-09-01 20:00:00,57,12
229,2024-09-01 21:00:00,57,12
229,2024-09-01 22:00:00,57,12
229,2024-09-01 23:00:00,57,12
229,2024-09-02 00:00:00,57,12
229,2024-09-02 01:00:00,57,12
229,2024-09-02 02:00:00,57,12
229,2024-09-02 03:00:00,57,12
229,2024-09-02 04:00:00,57,12
229,2024-09-02 05:00:00,57,12
229,2024-09-02 06:00:00,58,13
229,2024-09-02 07:00:00,59,14
229,2024-09-02 08:00:00,63,15
229,2024-09-02 09:00:00,66,16
229,2024-09-02 10:00:00,70,16
229,2024-09-02 11:00:00,73,16
229,2024-09-02 12:00:00,74,16
229,2024-09-02 13:00:00,75,16
229,2024-09-02 14:00:00,75,16
229,2024-09-02 15:00:00,75,16
229,2024-09-02 16:00:00,75,16
229,2024-09-02 17:00:00,75,16
229,2024-09-02 18:00:00,75,16
229,2024-09-02 19:00:00,75,16
229,2024-09-02 20:00:00,75,16
229,2024-09-02 21:00:00,75,16
229,2024-09-02 22:00:00,75,16
229,2024-09-02 23:00:00,75,16
229,2024-09-03 00:00:00,75,16
229,2024-09-03 01:00:00,75,16
229,2024-09-03 02:00:00,75,16
229,2024-09-03 03:00:00,75,16
229,2024-09-03 04:00:00,75,16
229,2024-09-03 05:00:00,75,16
229,2024-09-03 06:00:00,75,16
229,2024-09-03 07:00:00,75,16
229,2024-09-03 08:00:00,75,16
229,2024-09-03 09:00:00,75,16
229,2024-09-03 10:00:00,75,16
229,2024-09-03 11:00:00,75,16
229,2024-09-03 12:00:00,75,16
229,2024-09-03 13:00:00,75,16
229,2024-09-03 14:00:00,75,16
229,2024-09-03 15:00:00,75,16
229,2024-09-03 16:00:00,75,16
229,2024-09-03 17:00:00,75,16
229,2024-09-03 18:00:00,0,0
229,2024-09-03 19:00:00,0,0
229,2024-09-03 20:00:00,0,0
229,2024-09-03 21:00:00,0,0
229,2024-09-03 22:00:00,0,0
229,2024-09-03 23:00:00,0,0
230,2024-09-01 00:00:00,56,12
230,2024-09-01 01:00:00,56,12
230,2024-09-01 02:00:00,56,12
230,2024-09-01 03:00:00,56,12
230,2024-09-01 04:00:00,56,12
230,2024-09-01 05:00:00,56,12
230,2024-09-01 06:00:00,56,12
230,2024-09-01 07:00:00,56,12
230,2024-09-01 08:00:00,56,12
230,2024-09-01 09:00:00,56,12
230,2024-09-01 10:00:00,56,12
230,2024-09-01 11:00:00,56,12
230,2024-09-01 12:00:00,56,12
230,2024-09-01 13:00:00,56,12
230,2024-09-01 14:00:00,56,12
230,2024-09-01 15:00:00,56,12
230,2024-09-01 16:00:00,56,12
230,2024-09-01 17:00:00,56,12
230,2024-09-01 18:00:00,56,12
230,2024-09-01 19:00:00,56,12
230,2024-09-01 20:00:00,56,12
230,2024-09-01 21:00:00,56,12
230,2024-09-01 22:00:00,56,12
230,2024-09-01 23:00:00,56,12
230,2024-09-02 00:00:00,56,12
230,2024-09-02 01:00:00,56,12
230,2024-09-02 02:00:00,56,12
230,2024-09-02 03:00:00,56,12
230,2024-09-02 04:00:00,56,12
230,2024-09-02 05:00:00,56,12
230,2024-09-02 06:00:00,57,13
230,2024-09-02 07:00:00,58,14
230,2024-09-02 08:00:00,62,15
230,2024-09-02 09:00:00,65,16
230,2024-09-02 10:00:00,69,16
230,2024-09-02 11:00:00,72,16
230,2024-09-02 12:00:00,74,16
230,2024-09-02 13:00:00,75,16
230,2024-09-02 14:00:00,75,16
230,2024-09-02 15:00:00,75,16
230,2024-09-02 16:00:00,75,16
230,2024-09-02 17:00:00,75,16
230,2024-09-02 18:00:00,75,16
230,2024-09-02 19:00:00,75,16
230,2024-09-02 20:00:00,75,16
230,2024-09-02 21:00:00,75,16
230,2024-09-02 22:00:00,75,16
230,2024-09-02 23:00:00,75,16
230,2024-09-03 00:00:00,75,16
230,2024-09-03 01:00:00,75,16
230,2024-09-03 02:00:00,75,16
230,2024-09-03 03:00:00,75,16
230,2024-09-03 04:00:00,75,16
230,2024-09-03 05:00:00,75,16
230,2024-09-03 06:00:00,75,16
230,2024-09-03 07:00:00,75,16
230,2024-09-03 08:00:00,75,16
230,2024-09-03 09:00:00,75,16
230,2024-09-03 10:00:00,75,16
230,2024-09-03 11:00:00,75,16
230,2024-09-03 12:00:00,75,16
230,2024-09-03 13:00:00,75,16
230,2024-09-03 14:00:00,75,16
230,2024-09-03 15:00:00,75,16
230,2024-09-03 16:00:00,75,16
230,2024-09-03 17:00:00,75,16
230,2024-09-03 18:00:00,0,0
230,2024-09-03 19:00:00,0,0
230,2024-09-03 20:00:00,0,0
230,2024-09-03 21:00:00,0,0
230,2024-09-03 22:00:00,0,0
230,2024-09-03 23:00:00,0,0
231,2024-09-01 00:00:00,56,12
231,2024-09-01 01:00:00,56,12
231,2024-09-01 02:00:00,56,12
231,2024-09-01 03:00:00,56,12
231,2024-09-01 04:00:00,56,12
231,2024-09-01 05:00:00,56,12
231,2024-09-01 06:00:00,56,12
231,2024-09-01 07:00:00,56,12
231,2024-09-01 08:00:00,56,12
231,2024-09-01 09:00:00,56,12
231,2024-09-01 10:00:00,56,12
231,2024-09-01 11:00:00,56,12
231,2024-09-01 12:00:00,56,12
231,2024-09-01 13:00:00,56,12
231,2024-09-01 14:00:00,56,12
231,2024-09-01 15:00:00,56,12
231,2024-09-01 16:00:00,56,12
231,2024-09-01 17:00:00,56,12
231,2024-09-01 18:00:00,56,12
231,2024-09-01 19:00:00,56,12
231,2024-09-01 20:00:00,56,12
231,2024-09-01 21:00:00,56,12
231,2024-09-01 22:00:00,56,12
231,2024-09-01 23:00:00,56,12
231,2024-09-02 00:00:00,56,12
231,2024-09-02 01:00:00,56,12
231,2024-09-02 02:00:00,56,12
231,2024-09-02 03:00:00,56,12
231,2024-09-02 04:00:00,56,12
231,2024-09-02 05:00:00,56,12
231,2024-09-02 06:00:00,57,13
231,2024-09-02 07:00:00,58,14
231,2024-09-02 08:00:00,62,15
231,2024-09-02 09:00:00,65,16
231,2024-09-02 10:00:00,69,16
231,2024-09-02 11:00:00,73,16
231,2024-09-02 12:00:00,75,16
231,2024-09-02 13:00:00,75,16
231,2024-09-02 14:00:00,75,16
231,2024-09-02 15:00:00,75,16
231,2024-09-02 16:00:00,75,16
231,2024-09-02 17:00:00,75,16
231,2024-09-02 18:00:00,75,16
231,2024-09-02 19:00:00,75,16
231,2024-09-02 20:00:00,75,16
231,2024-09-02 21:00:00,75,16
231,2024-09-02 22:00:00,75,16
231,2024-09-02 23:00:00,75,16
231,2024-09-03 00:00:00,75,16
231,2024-09-03 01:00:00,75,16
231,2024-09-03 02:00:00,75,16
231,2024-09-03 03:00:00,75,16
231,2024-09-03 04:00:00,75,16
231,2024-09-03 05:00:00,75,16
231,2024-09-03 06:00:00,75,16
231,2024-09-03 07:00:00,75,16
231,2024-09-03 08:00:00,75,16
231,2024-09-03 09:00:00,75,16
231,2024-09-03 10:00:00,75,16
231,2024-09-03 11:00:00,75,16
231,2024-09-03 12:00:00,75,16
231,2024-09-03 13:00:00,75,16
231,2024-09-03 14:00:00,75,16
231,2024-09-03 15:00:00,75,16
231,2024-09-03 16:00:00,75,16
231,2024-09-03 17:00:00,75,16
231,2024-09-03 18:00:00,0,0
231,2024-09-03 19:00:00,0,0
231,2024-09-03 20:00:00,0,0
231,2024-09-03 21:00:00,0,0
231,2024-09-03 22:00:00,0,0
231,2024-09-03 23:00:00,0,0
232,2024-09-01 00:00:00,58,12
232,2024-09-01 01:00:00,58,12
232,2024-09-01 02:00:00,58,12
232,2024-09-01 03:00:00,58,12
232,2024-09-01 04:00:00,58,12
232,2024-09-01 05:00:00,58,12
232,2024-09-01 06:00:00,58,12
232,2024-09-01 07:00:00,58,12
232,2024-09-01 08:00:00,58,12
232,2024-09-01 09:00:00,58,12
232,2024-09-01 10:00:00,58,12
232,2024-09-01 11:00:00,58,12
232,2024-09-01 12:00:00,58,12
232,2024-09-01 13:00:00,58,12
232,2024-09-01 14:00:00,58,12
232,2024-09-01 15:00:00,58,12
232,2024-09-01 16:00:00,58,12
232,2024-09-01 17:00:00,58,12
232,2024-09-01 18:00:00,58,12
232,2024-09-01 19:00:00,58,12
232,2024-09-01 20:00:00,58,12
232,2024-09-01 21:00:00,58,12
232,2024-09-01 22:00:00,58,12
232,2024-09-01 23:00:00,58,12
232,2024-09-02 00:00:00,58,12
232,2024-09-02 01:00:00,58,12
232,2024-09-02 02:00:00,58,12
232,2024-09-02 03:00:00,58,12
232,2024-09-02 04:00:00,58,12
232,2024-09-02 05:00:00,58,12
232,2024-09-02 06:00:00,59,13
232,2024-09-02 07:00:00,60,14
232,2024-09-02 08:00:00,64,15
232,2024-09-02 09:00:00,67,16
232,2024-09-02 10:00:00,71,16
232,2024-09-02 11:00:00,73,16
232,2024-09-02 12:00:00,75,16
232,2024-09-02 13:00:00,75,16
232,2024-09-02 14:00:00,75,16
232,2024-09-02 15:00:00,75,16
232,2024-09-02 16:00:00,75,16
232,2024-09-02 17:00:00,75,16
232,2024-09-02 18:00:00,75,16
232,2024-09-02 19:00:00,75,16
232,2024-09-02 20:00:00,75,16
232,2024-09-02 21:00:00,75,16
232,2024-09-02 22:00:00,75,16
232,2024-09-02 23:00:00,75,16
232,2024-09-03 00:00:00,75,16
232,2024-09-03 01:00:00,75,16
232,2024-09-03 02:00:00,75,16
232,2024-09-03 03:00:00,75,16
232,2024-09-03 04:00:00,75,16
232,2024-09-03 05:00:00,75,16
232,2024-09-03 06:00:00,75,16
232,2024-09-03 07:00:00,75,16
232,2024-09-03 08:00:00,75,16
232,2024-09-03 09:00:00,75,16
232,2024-09-03 10:00:00,75,16
232,2024-09-03 11:00:00,75,16
232,2024-09-03 12:00:00,75,16
232,2024-09-03 13:00:00,75,16
232,2024-09-03 14:00:00,75,16
232,2024-09-03 15:00:00,75,16
232,2024-09-03 16:00:00,75,16
232,2024-09-03 17:00:00,75,16
232,2024-09-03 18:00:00,0,0
232,2024-09-03 19:00:00,0,0
232,2024-09-03 20:00:00,0,0
232,2024-09-03 21:00:00,0,0
232,2024-09-03 22:00:00,0,0
232,2024-09-03 23:00:00,0,0
233,2024-09-01 00:00:00,55,12
233,2024-09-01 01:00:00,55,12
233,2024-09-01 02:00:00,55,12
233,2024-09-01 03:00:00,55,12
233,2024-09-01 04:00:00,55,12
233,2024-09-01 05:00:00,55,12
233,2024-09-01 06:00:00,55,12
233,2024-09-01 07:00:00,55,12
233,2024-09-01 08:00:00,55,12
233,2024-09-01 09:00:00,55,12
233,2024-09-01 10:00:00,55,12
233,2024-09-01 11:00:00,55,12
233,2024-09-01 12:00:00,55,12
233,2024-09-01 13:00:00,55,12
233,2024-09-01 14:00:00,55,12
233,2024-09-01 15:00:00,55,12
233,2024-09-01 16:00:00,55,12
233,2024-09-01 17:00:00,55,12
233,2024-09-01 18:00:00,55,12
233,2024-09-01 19:00:00,55,12
233,2024-09-01 20:00:00,55,12
233,2024-09-01 21:00:00,55,12
233,2024-09-01 22:00:00,55,12
233,2024-09-01 23:00:00,55,12
233,2024-09-02 00:00:00,55,12
233,2024-09-02 01:00:00,55,12
233,2024-09-02 02:00:00,55,12
233,2024-09-02 03:00:00,55,12
233,2024-09-02 04:00:00,55,12
233,2024-09-02 05:00:00,55,12
233,2024-09-02 06:00:00,56,13
233,2024-09-02 07:00:00,57,14
233,2024-09-02 08:00:00,61,15
233,2024-09-02 09:00:00,64,16
233,2024-09-02 10:00:00,69,16
233,2024-09-02 11:00:00,72,16
233,2024-09-02 12:00:00,74,16
233,2024-09-02 13:00:00,75,16
233,2024-09-02 14:00:00,75,16
233,2024-09-02 15:00:00,75,16
233,2024-09-02 16:00:00,75,16
233,2024-09-02 17:00:00,75,16
233,2024-09-02 18:00:00,75,16
233,2024-09-02 19:00:00,75,16
233,2024-09-02 20:00:00,75,16
233,2024-09-02 21:00:00,75,16
233,2024-09-02 22:00:00,75,16
233,2024-09-02 23:00:00,75,16
233,2024-09-03 00:00:00,75,16
233,2024-09-03 01:00:00,75,16
233,2024-09-03 02:00:00,75,16
233,2024-09-03 03:00:00,75,16
233,2024-09-03 04:00:00,75,16
233,2024-09-03 05:00:00,75,16
233,2024-09-03 06:00:00,75,16
233,2024-09-03 07:00:00,75,16
233,2024-09-03 08:00:00,75,16
233,2024-09-03 09:00:00,75,16
233,2024-09-03 10:00:00,75,16
233,2024-09-03 11:00:00,75,16
233,2024-09-03 12:00:00,75,16
233,2024-09-03 13:00:00,75,16
233,2024-09-03 14:00:00,75,16
233,2024-09-03 15:00:00,75,16
233,2024-09-03 16:00:00,75,16
233,2024-09-03 17:00:00,75,16
233,2024-09-03 18:00:00,0,0
233,2024-09-03 19:00:00,0,0
233,2024-09-03 20:00:00,0,0
233,2024-09-03 21:00:00,0,0
233,2024-09-03 22:00:00,0,0
233,2024-09-03 23:00:00,0,0
234,2024-09-01 00:00:00,57,12
234,2024-09-01 01:00:00,57,12
234,2024-09-01 02:00:00,57,12
234,2024-09-01 03:00:00,57,12
234,2024-09-01 04:00:00,57,12
234,2024-09-01 05:00:00,57,12
234,2024-09-01 06:00:00,57,12
234,2024-09-01 07:00:00,57,12
234,2024-09-01 08:00:00,57,12
234,2024-09-01 09:00:00,57,12
234,2024-09-01 10:00:00,57,12
234,2024-09-01 11:00:00,57,12
234,2024-09-01 12:00:00,57,12
234,2024-09-01 13:00:00,57,12
234,2024-09-01 14:00:00,57,12
234,2024-09-01 15:00:00,57,12
234,2024-09-01 16:00:00,57,12
234,2024-09-01 17:00:00,57,12
234,2024-09-01 18:00:00,57,12
234,2024-09-01 19:00:00,57,12
234,2024-09-01 20:00:00,57,12
234,2024-09-01 21:00:00,57,12
234,2024-09-01 22:00:00,57,12
234,2024-09-01 23:00:00,57,12
234,2024-09-02 00:00:00,57,12
234,2024-09-02 01:00:00,57,12
234,2024-09-02 02:00:00,57,12
234,2024-09-02 03:00:00,57,12
234,2024-09-02 04:00:00,57,12
234,2024-09-02 05:00:00,57,12
234,2024-09-02 06:00:00,58,13
234,2024-09-02 07:00:00,59,14
234,2024-09-02 08:00:00,63,15
234,2024-09-02 09:00:00,66,16
234,2024-09-02 10:00:00,70,16
234,2024-09-02 11:00:00,73,16
234,2024-09-02 12:00:00,75,16
234,2024-09-02 13:00:00,75,16
234,2024-09-02 14:00:00,75,16
234,2024-09-02 15:00:00,75,16
234,2024-09-02 16:00:00,75,16
234,2024-09-02 17:00:00,75,16
234,2024-09-02 18:00:00,75,16
234,2024-09-02 19:00:00,75,16
234,2024-09-02 20:00:00,75,16
234,2024-09-02 21:00:00,75,16
234,2024-09-02 22:00:00,75,16
234,2024-09-02 23:00:00,75,16
234,2024-09-03 00:00:00,75,16
234,2024-09-03 01:00:00,75,16
234,2024-09-03 02:00:00,75,16
234,2024-09-03 03:00:00,75,16
234,2024-09-03 04:00:00,75,16
234,2024-09-03 05:00:00,75,16
234,2024-09-03 06:00:00,75,16
234,2024-09-03 07:00:00,75,16
234,2024-09-03 08:00:00,75,16
234,2024-09-03 09:00:00,75,16
234,2024-09-03 10:00:00,75,16
234,2024-09-03 11:00:00,75,16
234,2024-09-03 12:00:00,75,16
234,2024-09-03 13:00:00,75,16
234,2024-09-03 14:00:00,75,16
234,2024-09-03 15:00:00,75,16
234,2024-09-03 16:00:00,75,16
234,2024-09-03 17:00:00,75,16
234,2024-09-03 18:00:00,0,0
234,2024-09-03 19:00:00,0,0
234,2024-09-03 20:00:00,0,0
234,2024-09-03 21:00:00,0,0
234,2024-09-03 22:00:00,0,0
234,2024-09-03 23:00:00,0,0
235,2024-09-01 00:00:00,55,12
235,2024-09-01 01:00:00,55,12
235,2024-09-01 02:00:00,55,12
235,2024-09-01 03:00:00,55,12
235,2024-09-01 04:00:00,55,12
235,2024-09-01 05:00:00,55,12
235,2024-09-01 06:00:00,55,12
235,2024-09-01 07:00:00,55,12
235,2024-09-01 08:00:00,55,12
235,2024-09-01 09:00:00,55,12
235,2024-09-01 10:00:00,55,12
235,2024-09-01 11:00:00,55,12
235,2024-09-01 12:00:00,55,12
235,2024-09-01 13:00:00,55,12
235,2024-09-01 14:00:00,55,12
235,2024-09-01 15:00:00,55,12
235,2024-09-01 16:00:00,55,12
235,2024-09-01 17:00:00,55,12
235,2024-09-01 18:00:00,55,12
235,2024-09-01 19:00:00,55,12
235,2024-09-01 20:00:00,55,12
235,2024-09-01 21:00:00,55,12
235,2024-09-01 22:00:00,55,12
235,2024-09-01 23:00:00,55,12
235,2024-09-02 00:00:00,55,12
235,2024-09-02 01:00:00,55,12
235,2024-09-02 02:00:00,55,12
235,2024-09-02 03:00:00,55,12
235,2024-09-02 04:00:00,55,12
235,2024-09-02 05:00:00,55,12
235,2024-09-02 06:00:00,56,13
235,2024-09-02 07:00:00,57,14
235,2024-09-02 08:00:00,61,15
235,2024-09-02 09:00:00,64,16
235,2024-09-02 10:00:00,68,16
235,2024-09-02 11:00:00,72,16
235,2024-09-02 12:00:00,74,16
235,2024-09-02 13:00:00,75,16
235,2024-09-02 14:00:00,75,16
235,2024-09-02 15:00:00,75,16
235,2024-09-02 16:00:00,75,16
235,2024-09-02 17:00:00,75,16
235,2024-09-02 18:00:00,75,16
235,2024-09-02 19:00:00,75,16
235,2024-09-02 20:00:00,75,16
235,2024-09-02 21:00:00,75,16
235,2024-09-02 22:00:00,75,16
235,2024-09-02 23:00:00,75,16
235,2024-09-03 00:00:00,75,16
235,2024-09-03 01:00:00,75,16
235,2024-09-03 02:00:00,75,16
235,2024-09-03 03:00:00,75,16
235,2024-09-03 04:00:00,75,16
235,2024-09-03 05:00:00,75,16
235,2024-09-03 06:00:00,75,16
235,2024-09-03 07:00:00,75,16
235,2024-09-03 08:00:00,75,16
235,2024-09-03 09:00:00,75,16
235,2024-09-03 10:00:00,75,16
235,2024-09-03 11:00:00,75,16
235,2024-09-03 12:00:00,75,16
235,2024-09-03 13:00:00,75,16
235,2024-09-03 14:00:00,75,16
235,2024-09-03 15:00:00,75,16
235,2024-09-03 16:00:00,75,16
235,2024-09-03 17:00:00,75,16
235,2024-09-03 18:00:00,0,0
235,2024-09-03 19:00:00,0,0
235,2024-09-03 20:00:00,0,0
235,2024-09-03 21:00:00,0,0
235,2024-09-03 22:00:00,0,0
235,2024-09-03 23:00:00,0,0
236,2024-09-01 00:00:00,57,12
236,2024-09-01 01:00:00,57,12
236,2024-09-01 02:00:00,57,12
236,2024-09-01 03:00:00,57,12
236,2024-09-01 04:00:00,57,12
236,2024-09-01 05:00:00,57,12
236,2024-09-01 06:00:00,57,12
236,2024-09-01 07:00:00,57,12
236,2024-09-01 08:00:00,57,12
236,2024-09-01 09:00:00,57,12
236,2024-09-01 10:00:00,57,12
236,2024-09-01 11:00:00,57,12
236,2024-09-01 12:00:00,57,12
236,2024-09-01 13:00:00,57,12
236,2024-09-01 14:00:00,57,12
236,2024-09-01 15:00:00,57,12
236,2024-09-01 16:00:00,57,12
236,2024-09-01 17:00:00,57,12
236,2024-09-01 18:00:00,57,12
236,2024-09-01 19:00:00,57,12
236,2024-09-01 20:00:00,57,12
236,2024-09-01 21:00:00,57,12
236,2024-09-01 22:00:00,57,12
236,2024-09-01 23:00:00,57,12
236,2024-09-02 00:00:00,57,12
236,2024-09-02 01:00:00,57,12
236,2024-09-02 02:00:00,57,12
236,2024-09-02 03:00:00,57,12
236,2024-09-02 04:00:00,57,12
236,2024-09-02 05:00:00,57,12
236,2024-09-02 06:00:00,58,13
236,2024-09-02 07:00:00,59,14
236,2024-09-02 08:00:00,63,15
236,2024-09-02 09:00:00,66,16
236,2024-09-02 10:00:00,71,16
236,2024-09-02 11:00:00,73,16
236,2024-09-02 12:00:00,74,16
236,2024-09-02 13:00:00,75,16
236,2024-09-02 14:00:00,75,16
236,2024-09-02 15:00:00,75,16
236,2024-09-02 16:00:00,75,16
236,2024-09-02 17:00:00,75,16
236,2024-09-02 18:00:00,75,16
236,2024-09-02 19:00:00,75,16
236,2024-09-02 20:00:00,75,16
236,2024-09-02 21:00:00,75,16
236,2024-09-02 22:00:00,75,16
236,2024-09-02 23:00:00,75,16
236,2024-09-03 00:00:00,75,16
236,2024-09-03 01:00:00,75,16
236,2024-09-03 02:00:00,75,16
236,2024-09-03 03:00:00,75,16
236,2024-09-03 04:00:00,75,16
236,2024-09-03 05:00:00,75,16
236,2024-09-03 06:00:00,75,16
236,2024-09-03 07:00:00,75,16
236,2024-09-03 08:00:00,75,16
236,2024-09-03 09:00:00,75,16
236,2024-09-03 10:00:00,75,16
236,2024-09-03 11:00:00,75,16
236,2024-09-03 12:00:00,75,16
236,2024-09-03 13:00:00,75,16
236,2024-09-03 14:00:00,75,16
236,2024-09-03 15:00:00,75,16
236,2024-09-03 16:00:00,75,16
236,2024-09-03 17:00:00,75,16
236,2024-09-03 18:00:00,0,0
236,2024-09-03 19:00:00,0,0
236,2024-09-03 20:00:00,0,0
236,2024-09-03 21:00:00,0,0
236,2024-09-03 22:00:00,0,0
236,2024-09-03 23:00:00,0,0
237,2024-09-01 00:00:00,57,12
237,2024-09-01 01:00:00,57,12
237,2024-09-01 02:00:00,57,12
237,2024-09-01 03:00:00,57,12
237,2024-09-01 04:00:00,57,12
237,2024-09-01 05:00:00,57,12
237,2024-09-01 06:00:00,57,12
237,2024-09-01 07:00:00,57,12
237,2024-09-01 08:00:00,57,12
237,2024-09-01 09:00:00,57,12
237,2024-09-01 10:00:00,57,12
237,2024-09-01 11:00:00,57,12
237,2024-09-01 12:00:00,57,12
237,2024-09-01 13:00:00,57,12
237,2024-09-01 14:00:00,57,12
237,2024-09-01 15:00:00,57,12
237,2024-09-01 16:00:00,57,12
237,2024-09-01 17:00:00,57,12
237,2024-09-01 18:00:00,57,12
237,2024-09-01 19:00:00,57,12
237,2024-09-01 20:00:00,57,12
237,2024-09-01 21:00:00,57,12
237,2024-09-01 22:00:00,57,12
237,2024-09-01 23:00:00,57,12
237,2024-09-02 00:00:00,57,12
237,2024-09-02 01:00:00,57,12
237,2024-09-02 02:00:00,57,12
237,2024-09-02 03:00:00,57,12
237,2024-09-02 04:00:00,57,12
237,2024-09-02 05:00:00,57,12
237,2024-09-02 06:00:00,58,13
237,2024-09-02 07:00:00,59,14
237,2024-09-02 08:00:00,62,15
237,2024-09-02 09:00:00,65,16
237,2024-09-02 10:00:00,69,16
237,2024-09-02 11:00:00,72,16
237,2024-09-02 12:00:00,75,16
237,2024-09-02 13:00:00,75,16
237,2024-09-02 14:00:00,75,16
237,2024-09-02 15:00:00,75,16
237,2024-09-02 16:00:00,75,16
237,2024-09-02 17:00:00,75,16
237,2024-09-02 18:00:00,75,16
237,2024-09-02 19:00:00,75,16
237,2024-09-02 20:00:00,75,16
237,2024-09-02 21:00:00,75,16
237,2024-09-02 22:00:00,75,16
237,2024-09-02 23:00:00,75,16
237,2024-09-03 00:00:00,75,16
237,2024-09-03 01:00:00,75,16
237,2024-09-03 02:00:00,75,16
237,2024-09-03 03:00:00,75,16
237,2024-09-03 04:00:00,75,16
237,2024-09-03 05:00:00,75,16
237,2024-09-03 06:00:00,75,16
237,2024-09-03 07:00:00,75,16
237,2024-09-03 08:00:00,75,16
237,2024-09-03 09:00:00,75,16
237,2024-09-03 10:00:00,75,16
237,2024-09-03 11:00:00,75,16
237,2024-09-03 12:00:00,75,16
237,2024-09-03 13:00:00,75,16
237,2024-09-03 14:00:00,75,16
237,2024-09-03 15:00:00,75,16
237,2024-09-03 16:00:00,75,16
237,2024-09-03 17:00:00,75,16
237,2024-09-03 18:00:00,0,0
237,2024-09-03 19:00:00,0,0
237,2024-09-03 20:00:00,0,0
237,2024-09-03 21:00:00,0,0
237,2024-09-03 22:00:00,0,0
237,2024-09-03 23:00:00,0,0
238,2024-09-01 00:00:00,56,12
238,2024-09-01 01:00:00,56,12
238,2024-09-01 02:00:00,56,12
238,2024-09-01 03:00:00,56,12
238,2024-09-01 04:00:00,56,12
238,2024-09-01 05:00:00,56,12
238,2024-09-01 06:00:00,56,12
238,2024-09-01 07:00:00,56,12
238,2024-09-01 08:00:00,56,12
238,2024-09-01 09:00:00,56,12
238,2024-09-01 10:00:00,56,12
238,2024-09-01 11:00:00,56,12
238,2024-09-01 12:00:00,56,12
238,2024-09-01 13:00:00,56,12
238,2024-09-01 14:00:00,56,12
238,2024-09-01 15:00:00,56,12
238,2024-09-01 16:00:00,56,12
238,2024-09-01 17:00:00,56,12
238,2024-09-01 18:00:00,56,12
238,2024-09-01 19:00:00,56,12
238,2024-09-01 20:00:00,56,12
238,2024-09-01 21:00:00,56,12
238,2024-09-01 22:00:00,56,12
238,2024-09-01 23:00:00,56,12
238,2024-09-02 00:00:00,56,12
238,2024-09-02 01:00:00,56,12
238,2024-09-02 02:00:00,56,12
238,2024-09-02 03:00:00,56,12
238,2024-09-02 04:00:00,56,12
238,2024-09-02 05:00:00,56,12
238,2024-09-02 06:00:00,57,13
238,2024-09-02 07:00:00,58,14
238,2024-09-02 08:00:00,62,15
238,2024-09-02 09:00:00,65,16
238,2024-09-02 10:00:00,69,16
238,2024-09-02 11:00:00,72,16
238,2024-09-02 12:00:00,74,16
238,2024-09-02 13:00:00,74,16
238,2024-09-02 14:00:00,75,16
238,2024-09-02 15:00:00,75,16
238,2024-09-02 16:00:00,75,16
238,2024-09-02 17:00:00,75,16
238,2024-09-02 18:00:00,75,16
238,2024-09-02 19:00:00,75,16
238,2024-09-02 20:00:00,75,16
238,2024-09-02 21:00:00,75,16
238,2024-09-02 22:00:00,75,16
238,2024-09-02 23:00:00,75,16
238,2024-09-03 00:00:00,75,16
238,2024-09-03 01:00:00,75,16
238,2024-09-03 02:00:00,75,16
238,2024-09-03 03:00:00,75,16
238,2024-09-03 04:00:00,75,16
238,2024-09-03 05:00:00,75,16
238,2024-09-03 06:00:00,75,16
238,2024-09-03 07:00:00,75,16
238,2024-09-03 08:00:00,75,16
238,2024-09-03 09:00:00,75,16
238,2024-09-03 10:00:00,75,16
238,2024-09-03 11:00:00,75,16
238,2024-09-03 12:00:00,75,16
238,2024-09-03 13:00:00,75,16
238,2024-09-03 14:00:00,75,16
238,2024-09-03 15:00:00,75,16
238,2024-09-03 16:00:00,75,16
238,2024-09-03 17:00:00,75,16
238,2024-09-03 18:00:00,0,0
238,2024-09-03 19:00:00,0,0
238,2024-09-03 20:00:00,0,0
238,2024-09-03 21:00:00,0,0
238,2024-09-03 22:00:00,0,0
238,2024-09-03 23:00:00,0,0
239,2024-09-01 00:00:00,55,12
239,2024-09-01 01:00:00,55,12
239,2024-09-01 02:00:00,55,12
239,2024-09-01 03:00:00,55,12
239,2024-09-01 04:00:00,55,12
239,2024-09-01 05:00:00,55,12
239,2024-09-01 06:00:00,55,12
239,2024-09-01 07:00:00,55,12
239,2024-09-01 08:00:00,55,12
239,2024-09-01 09:00:00,55,12
239,2024-09-01 10:00:00,55,12
239,2024-09-01 11:00:00,55,12
239,2024-09-01 12:00:00,55,12
239,2024-09-01 13:00:00,55,12
239,2024-09-01 14:00:00,55,12
239,2024-09-01 15:00:00,55,12
239,2024-09-01 16:00:00,55,12
239,2024-09-01 17:00:00,55,12
239,2024-09-01 18:00:00,55,12
239,2024-09-01 19:00:00,55,12
239,2024-09-01 20:00:00,55,12
239,2024-09-01 21:00:00,55,12
239,2024-09-01 22:00:00,55,12
239,2024-09-01 23:00:00,55,12
239,2024-09-02 00:00:00,55,12
239,2024-09-02 01:00:00,55,12
239,2024-09-02 02:00:00,55,12
239,2024-09-02 03:00:00,55,12
239,2024-09-02 04:00:00,55,12
239,2024-09-02 05:00:00,55,12
239,2024-09-02 06:00:00,56,13
239,2024-09-02 07:00:00,57,14
239,2024-09-02 08:00:00,61,15
239,2024-09-02 09:00:00,64,16
239,2024-09-02 10:00:00,68,16
239,2024-09-02 11:00:00,72,16
239,2024-09-02 12:00:00,75,16
239,2024-09-02 13:00:00,75,16
239,2024-09-02 14:00:00,75,16
239,2024-09-02 15:00:00,75,16
239,2024-09-02 16:00:00,75,16
239,2024-09-02 17:00:00,75,16
239,2024-09-02 18:00:00,75,16
239,2024-09-02 19:00:00,75,16
239,2024-09-02 20:00:00,75,16
239,2024-09-02 21:00:00,75,16
239,2024-09-02 22:00:00,75,16
239,2024-09-02 23:00:00,75,16
239,2024-09-03 00:00:00,75,16
239,2024-09-03 01:00:00,75,16
239,2024-09-03 02:00:00,75,16
239,2024-09-03 03:00:00,75,16
239,2024-09-03 04:00:00,75,16
239,2024-09-03 05:00:00,75,16
239,2024-09-03 06:00:00,75,16
239,2024-09-03 07:00:00,75,16
239,2024-09-03 08:00:00,75,16
239,2024-09-03 09:00:00,75,16
239,2024-09-03 10:00:00,75,16
239,2024-09-03 11:00:00,75,16
239,2024-09-03 12:00:00,75,16
239,2024-09-03 13:00:00,75,16
239,2024-09-03 14:00:00,75,16
239,2024-09-03 15:00:00,75,16
239,2024-09-03 16:00:00,75,16
239,2024-09-03 17:00:00,75,16
239,2024-09-03 18:00:00,0,0
239,2024-09-03 19:00:00,0,0
239,2024-09-03 20:00:00,0,0
239,2024-09-03 21:00:00,0,0
239,2024-09-03 22:00:00,0,0
239,2024-09-03 23:00:00,0,0
240,2024-09-01 00:00:00,56,12
240,2024-09-01 01:00:00,56,12
240,2024-09-01 02:00:00,56,12
240,2024-09-01 03:00:00,56,12
240,2024-09-01 04:00:00,56,12
240,2024-09-01 05:00:00,56,12
240,2024-09-01 06:00:00,56,12
240,2024-09-01 07:00:00,56,12
240,2024-09-01 08:00:00,56,12
240,2024-09-01 09:00:00,56,12
240,2024-09-01 10:00:00,56,12
240,2024-09-01 11:00:00,56,12
240,2024-09-01 12:00:00,56,12
240,2024-09-01 13:00:00,56,12
240,2024-09-01 14:00:00,56,12
240,2024-09-01 15:00:00,56,12
240,2024-09-01 16:00:00,56,12
240,2024-09-01 17:00:00,56,12
240,2024-09-01 18:00:00,56,12
240,2024-09-01 19:00:00,56,12
240,2024-09-01 20:00:00,56,12
240,2024-09-01 21:00:00,56,12
240,2024-09-01 22:00:00,56,12
240,2024-09-01 23:00:00,56,12
240,2024-09-02 00:00:00,56,12
240,2024-09-02 01:00:00,56,12
240,2024-09-02 02:00:00,56,12
240,2024-09-02 03:00:00,56,12
240,2024-09-02 04:00:00,56,12
240,2024-09-02 05:00:00,56,12
240,2024-09-02 06:00:00,57,13
240,2024-09-02 07:00:00,58,14
240,2024-09-02 08:00:00,62,15
240,2024-09-02 09:00:00,65,16
240,2024-09-02 10:00:00,69,16
240,2024-09-02 11:00:00,73,16
240,2024-09-02 12:00:00,75,16
240,2024-09-02 13:00:00,75,16
240,2024-09-02 14:00:00,75,16
240,2024-09-02 15:00:00,75,16
240,2024-09-02 16:00:00,75,16
240,2024-09-02 17:00:00,75,16
240,2024-09-02 18:00:00,75,16
240,2024-09-02 19:00:00,75,16
240,2024-09-02 20:00:00,75,16
240,2024-09-02 21:00:00,75,16
240,2024-09-02 22:00:00,75,16
240,2024-09-02 23:00:00,75,16
240,2024-09-03 00:00:00,75,16
240,2024-09-03 01:00:00,75,16
240,2024-09-03 02:00:00,75,16
240,2024-09-03 03:00:00,75,16
240,2024-09-03 04:00:00,75,16
240,2024-09-03 05:00:00,75,16
240,2024-09-03 06:00:00,75,16
240,2024-09-03 07:00:00,75,16
240,2024-09-03 08:00:00,75,16
240,2024-09-03 09:00:00,75,16
240,2024-09-03 10:00:00,75,16
240,2024-09-03 11:00:00,75,16
240,2024-09-03 12:00:00,75,16
240,2024-09-03 13:00:00,75,16
240,2024-09-03 14:00:00,75,16
240,2024-09-03 15:00:00,75,16
240,2024-09-03 16:00:00,75,16
240,2024-09-03 17:00:00,75,16
240,2024-09-03 18:00:00,0,0
240,2024-09-03 19:00:00,0,0
240,2024-09-03 20:00:00,0,0
240,2024-09-03 21:00:00,0,0
240,2024-09-03 22:00:00,0,0
240,2024-09-03 23:00:00,0,0
241,2024-09-01 00:00:00,55,12
241,2024-09-01 01:00:00,55,12
241,2024-09-01 02:00:00,55,12
241,2024-09-01 03:00:00,55,12
241,2024-09-01 04:00:00,55,12
241,2024-09-01 05:00:00,55,12
241,2024-09-01 06:00:00,55,12
241,2024-09-01 07:00:00,55,12
241,2024-09-01 08:00:00,55,12
241,2024-09-01 09:00:00,55,12
241,2024-09-01 10:00:00,55,12
241,2024-09-01 11:00:00,55,12
241,2024-09-01 12:00:00,55,12
241,2024-09-01 13:00:00,55,12
241,2024-09-01 14:00:00,55,12
241,2024-09-01 15:00:00,55,12
241,2024-09-01 16:00:00,55,12
241,2024-09-01 17:00:00,55,12
241,2024-09-01 18:00:00,55,12
241,2024-09-01 19:00:00,55,12
241,2024-09-01 20:00:00,55,12
241,2024-09-01 21:00:00,55,12
241,2024-09-01 22:00:00,55,12
241,2024-09-01 23:00:00,55,12
241,2024-09-02 00:00:00,55,12
241,2024-09-02 01:00:00,55,12
241,2024-09-02 02:00:00,55,12
241,2024-09-02 03:00:00,55,12
241,2024-09-02 04:00:00,55,12
241,2024-09-02 05:00:00,55,12
241,2024-09-02 06:00:00,56,13
241,2024-09-02 07:00:00,57,14
241,2024-09-02 08:00:00,61,15
241,2024-09-02 09:00:00,64,16
241,2024-09-02 10:00:00,69,16
241,2024-09-02 11:00:00,72,16
241,2024-09-02 12:00:00,74,16
241,2024-09-02 13:00:00,75,16
241,2024-09-02 14:00:00,75,16
241,2024-09-02 15:00:00,75,16
241,2024-09-02 16:00:00,75,16
241,2024-09-02 17:00:00,75,16
241,2024-09-02 18:00:00,75,16
241,2024-09-02 19:00:00,75,16
241,2024-09-02 20:00:00,75,16
241,2024-09-02 21:00:00,75,16
241,2024-09-02 22:00:00,75,16
241,2024-09-02 23:00:00,75,16
241,2024-09-03 00:00:00,75,16
241,2024-09-03 01:00:00,75,16
241,2024-09-03 02:00:00,75,16
241,2024-09-03 03:00:00,75,16
241,2024-09-03 04:00:00,75,16
241,2024-09-03 05:00:00,75,16
241,2024-09-03 06:00:00,75,16
241,2024-09-03 07:00:00,75,16
241,2024-09-03 08:00:00,75,16
241,2024-09-03 09:00:00,75,16
241,2024-09-03 10:00:00,75,16
241,2024-09-03 11:00:00,75,16
241,2024-09-03 12:00:00,75,16
241,2024-09-03 13:00:00,75,16
241,2024-09-03 14:00:00,75,16
241,2024-09-03 15:00:00,75,16
241,2024-09-03 16:00:00,75,16
241,2024-09-03 17:00:00,75,16
241,2024-09-03 18:00:00,0,0
241,2024-09-03 19:00:00,0,0
241,2024-09-03 20:00:00,0,0
241,2024-09-03 21:00:00,0,0
241,2024-09-03 22:00:00,0,0
241,2024-09-03 23:00:00,0,0
242,2024-09-01 00:00:00,57,12
242,2024-09-01 01:00:00,57,12
242,2024-09-01 02:00:00,57,12
242,2024-09-01 03:00:00,57,12
242,2024-09-01 04:00:00,57,12
242,2024-09-01 05:00:00,57,12
242,2024-09-01 06:00:00,57,12
242,2024-09-01 07:00:00,57,12
242,2024-09-01 08:00:00,57,12
242,2024-09-01 09:00:00,57,12
242,2024-09-01 10:00:00,57,12
242,2024-09-01 11:00:00,57,12
242,2024-09-01 12:00:00,57,12
242,2024-09-01 13:00:00,57,12
242,2024-09-01 14:00:00,57,12
242,2024-09-01 15:00:00,57,12
242,2024-09-01 16:00:00,57,12
242,2024-09-01 17:00:00,57,12
242,2024-09-01 18:00:00,57,12
242,2024-09-01 19:00:00,57,12
242,2024-09-01 20:00:00,57,12
242,2024-09-01 21:00:00,57,12
242,2024-09-01 22:00:00,57,12
242,2024-09-01 23:00:00,57,12
242,2024-09-02 00:00:00,57,12
242,2024-09-02 01:00:00,57,12
242,2024-09-02 02:00:00,57,12
242,2024-09-02 03:00:00,57,12
242,2024-09-02 04:00:00,57,12
242,2024-09-02 05:00:00,57,12
242,2024-09-02 06:00:00,58,13
242,2024-09-02 07:00:00,59,14
242,2024-09-02 08:00:00,63,15
242,2024-09-02 09:00:00,66,16
242,2024-09-02 10:00:00,70,16
242,2024-09-02 11:00:00,73,16
242,2024-09-02 12:00:00,75,16
242,2024-09-02 13:00:00,75,16
242,2024-09-02 14:00:00,75,16
242,2024-09-02 15:00:00,75,16
242,2024-09-02 16:00:00,75,16
242,2024-09-02 17:00:00,75,16
242,2024-09-02 18:00:00,75,16
242,2024-09-02 19:00:00,75,16
242,2024-09-02 20:00:00,75,16
242,2024-09-02 21:00:00,75,16
242,2024-09-02 22:00:00,75,16
242,2024-09-02 23:00:00,75,16
242,2024-09-03 00:00:00,75,16
242,2024-09-03 01:00:00,75,16
242,2024-09-03 02:00:00,75,16
242,2024-09-03 03:00:00,75,16
242,2024-09-03 04:00:00,75,16
242,2024-09-03 05:00:00,75,16
242,2024-09-03 06:00:00,75,16
242,2024-09-03 07:00:00,75,16
242,2024-09-03 08:00:00,75,16
242,2024-09-03 09:00:00,75,16
242,2024-09-03 10:00:00,75,16
242,2024-09-03 11:00:00,75,16
242,2024-09-03 12:00:00,75,16
242,2024-09-03 13:00:00,75,16
242,2024-09-03 14:00:00,75,16
242,2024-09-03 15:00:00,75,16
242,2024-09-03 16:00:00,75,16
242,2024-09-03 17:00:00,75,16
242,2024-09-03 18:00:00,0,0
242,2024-09-03 19:00:00,0,0
242,2024-09-03 20:00:00,0,0
242,2024-09-03 21:00:00,0,0
242,2024-09-03 22:00:00,0,0
242,2024-09-03 23:00:00,0,0
243,2024-09-01 00:00:00,56,12
243,2024-09-01 01:00:00,56,12
243,2024-09-01 02:00:00,56,12
243,2024-09-01 03:00:00,56,12
243,2024-09-01 04:00:00,56,12
243,2024-09-01 05:00:00,56,12
243,2024-09-01 06:00:00,56,12
243,2024-09-01 07:00:00,56,12
243,2024-09-01 08:00:00,56,12
243,2024-09-01 09:00:00,56,12
243,2024-09-01 10:00:00,56,12
243,2024-09-01 11:00:00,56,12
243,2024-09-01 12:00:00,56,12
243,2024-09-01 13:00:00,56,12
243,2024-09-01 14:00:00,56,12
243,2024-09-01 15:00:00,56,12
243,2024-09-01 16:00:00,56,12
243,2024-09-01 17:00:00,56,12
243,2024-09-01 18:00:00,56,12
243,2024-09-01 19:00:00,56,12
243,2024-09-01 20:00:00,56,12
243,2024-09-01 21:00:00,56,12
243,2024-09-01 22:00:00,56,12
243,2024-09-01 23:00:00,56,12
243,2024-09-02 00:00:00,56,12
243,2024-09-02 01:00:00,56,12
243,2024-09-02 02:00:00,56,12
243,2024-09-02 03:00:00,56,12
243,2024-09-02 04:00:00,56,12
243,2024-09-02 05:00:00,56,12
243,2024-09-02 06:00:00,57,13
243,2024-09-02 07:00:00,58,14
243,2024-09-02 08:00:00,62,15
243,2024-09-02 09:00:00,65,16
243,2024-09-02 10:00:00,69,16
243,2024-09-02 11:00:00,72,16
243,2024-09-02 12:00:00,74,16
243,2024-09-02 13:00:00,75,16
243,2024-09-02 14:00:00,75,16
243,2024-09-02 15:00:00,75,16
243,2024-09-02 16:00:00,75,16
243,2024-09-02 17:00:00,75,16
243,2024-09-02 18:00:00,75,16
243,2024-09-02 19:00:00,75,16
243,2024-09-02 20:00:00,75,16
243,2024-09-02 21:00:00,75,16
243,2024-09-02 22:00:00,75,16
243,2024-09-02 23:00:00,75,16
243,2024-09-03 00:00:00,75,16
243,2024-09-03 01:00:00,75,16
243,2024-09-03 02:00:00,75,16
243,2024-09-03 03:00:00,75,16
243,2024-09-03 04:00:00,75,16
243,2024-09-03 05:00:00,75,16
243,2024-09-03 06:00:00,75,16
243,2024-09-03 07:00:00,75,16
243,2024-09-03 08:00:00,75,16
243,2024-09-03 09:00:00,75,16
243,2024-09-03 10:00:00,75,16
243,2024-09-03 11:00:00,75,16
243,2024-09-03 12:00:00,75,16
243,2024-09-03 13:00:00,75,16
243,2024-09-03 14:00:00,75,16
243,2024-09-03 15:00:00,75,16
243,2024-09-03 16:00:00,75,16
243,2024-09-03 17:00:00,75,16
243,2024-09-03 18:00:00,0,0
243,2024-09-03 19:00:00,0,0
243,2024-09-03 20:00:00,0,0
243,2024-09-03 21:00:00,0,0
243,2024-09-03 22:00:00,0,0
243,2024-09-03 23:00:00,0,0
244,2024-09-01 00:00:00,57,12
244,2024-09-01 01:00:00,57,12
244,2024-09-01 02:00:00,57,12
244,2024-09-01 03:00:00,57,12
244,2024-09-01 04:00:00,57,12
244,2024-09-01 05:00:00,57,12
244,2024-09-01 06:00:00,57,12
244,2024-09-01 07:00:00,57,12
244,2024-09-01 08:00:00,57,12
244,2024-09-01 09:00:00,57,12
244,2024-09-01 10:00:00,57,12
244,2024-09-01 11:00:00,57,12
244,2024-09-01 12:00:00,57,12
244,2024-09-01 13:00:00,57,12
244,2024-09-01 14:00:00,57,12
244,2024-09-01 15:00:00,57,12
244,2024-09-01 16:00:00,57,12
244,2024-09-01 17:00:00,57,12
244,2024-09-01 18:00:00,57,12
244,2024-09-01 19:00:00,57,12
244,2024-09-01 20:00:00,57,12
244,2024-09-01 21:00:00,57,12
244,2024-09-01 22:00:00,57,12
244,2024-09-01 23:00:00,57,12
244,2024-09-02 00:00:00,57,12
244,2024-09-02 01:00:00,57,12
244,2024-09-02 02:00:00,57,12
244,2024-09-02 03:00:00,57,12
244,2024-09-02 04:00:00,57,12
244,2024-09-02 05:00:00,57,12
244,2024-09-02 06:00:00,58,13
244,2024-09-02 07:00:00,59,14
244,2024-09-02 08:00:00,63,15
244,2024-09-02 09:00:00,66,16
244,2024-09-02 10:00:00,70,16
244,2024-09-02 11:00:00,72,16
244,2024-09-02 12:00:00,74,16
244,2024-09-02 13:00:00,75,16
244,2024-09-02 14:00:00,75,16
244,2024-09-02 15:00:00,75,16
244,2024-09-02 16:00:00,75,16
244,2024-09-02 17:00:00,75,16
244,2024-09-02 18:00:00,75,16
244,2024-09-02 19:00:00,75,16
244,2024-09-02 20:00:00,75,16
244,2024-09-02 21:00:00,75,16
244,2024-09-02 22:00:00,75,16
244,2024-09-02 23:00:00,75,16
244,2024-09-03 00:00:00,75,16
244,2024-09-03 01:00:00,75,16
244,2024-09-03 02:00:00,75,16
244,2024-09-03 03:00:00,75,16
244,2024-09-03 04:00:00,75,16
244,2024-09-03 05:00:00,75,16
244,2024-09-03 06:00:00,75,16
244,2024-09-03 07:00:00,75,16
244,2024-09-03 08:00:00,75,16
244,2024-09-03 09:00:00,75,16
244,2024-09-03 10:00:00,75,16
244,2024-09-03 11:00:00,75,16
244,2024-09-03 12:00:00,75,16
244,2024-09-03 13:00:00,75,16
244,2024-09-03 14:00:00,75,16
244,2024-09-03 15:00:00,75,16
244,2024-09-03 16:00:00,75,16
244,2024-09-03 17:00:00,75,16
244,2024-09-03 18:00:00,0,0
244,2024-09-03 19:00:00,0,0
244,2024-09-03 20:00:00,0,0
244,2024-09-03 21:00:00,0,0
244,2024-09-03 22:00:00,0,0
244,2024-09-03 23:00:00,0,0
245,2024-09-01 00:00:00,55,12
245,2024-09-01 01:00:00,55,12
245,2024-09-01 02:00:00,55,12
245,2024-09-01 03:00:00,55,12
245,2024-09-01 04:00:00,55,12
245,2024-09-01 05:00:00,55,12
245,2024-09-01 06:00:00,55,12
245,2024-09-01 07:00:00,55,12
245,2024-09-01 08:00:00,55,12
245,2024-09-01 09:00:00,55,12
245,2024-09-01 10:00:00,55,12
245,2024-09-01 11:00:00,55,12
245,2024-09-01 12:00:00,55,12
245,2024-09-01 13:00:00,55,12
245,2024-09-01 14:00:00,55,12
245,2024-09-01 15:00:00,55,12
245,2024-09-01 16:00:00,55,12
245,2024-09-01 17:00:00,55,12
245,2024-09-01 18:00:00,55,12
245,2024-09-01 19:00:00,55,12
245,2024-09-01 20:00:00,55,12
245,2024-09-01 21:00:00,55,12
245,2024-09-01 22:00:00,55,12
245,2024-09-01 23:00:00,55,12
245,2024-09-02 00:00:00,55,12
245,2024-09-02 01:00:00,55,12
245,2024-09-02 02:00:00,55,12
245,2024-09-02 03:00:00,55,12
245,2024-09-02 04:00:00,55,12
245,2024-09-02 05:00:00,55,12
245,2024-09-02 06:00:00,56,13
245,2024-09-02 07:00:00,57,14
245,2024-09-02 08:00:00,61,15
245,2024-09-02 09:00:00,64,16
245,2024-09-02 10:00:00,68,16
245,2024-09-02 11:00:00,72,16
245,2024-09-02 12:00:00,74,16
245,2024-09-02 13:00:00,75,16
245,2024-09-02 14:00:00,75,16
245,2024-09-02 15:00:00,75,16
245,2024-09-02 16:00:00,75,16
245,2024-09-02 17:00:00,75,16
245,2024-09-02 18:00:00,75,16
245,2024-09-02 19:00:00,75,16
245,2024-09-02 20:00:00,75,16
245,2024-09-02 21:00:00,75,16
245,2024-09-02 22:00:00,75,16
245,2024-09-02 23:00:00,75,16
245,2024-09-03 00:00:00,75,16
245,2024-09-03 01:00:00,75,16
245,2024-09-03 02:00:00,75,16
245,2024-09-03 03:00:00,75,16
245,2024-09-03 04:00:00,75,16
245,2024-09-03 05:00:00,75,16
245,2024-09-03 06:00:00,75,16
245,2024-09-03 07:00:00,75,16
245,2024-09-03 08:00:00,75,16
245,2024-09-03 09:00:00,75,16
245,2024-09-03 10:00:00,75,16
245,2024-09-03 11:00:00,75,16
245,2024-09-03 12:00:00,75,16
245,2024-09-03 13:00:00,75,16
245,2024-09-03 14:00:00,75,16
245,2024-09-03 15:00:00,75,16
245,2024-09-03 16:00:00,75,16
245,2024-09-03 17:00:00,75,16
245,2024-09-03 18:00:00,0,0
245,2024-09-03 19:00:00,0,0
245,2024-09-03 20:00:00,0,0
245,2024-09-03 21:00:00,0,0
245,2024-09-03 22:00:00,0,0
245,2024-09-03 23:00:00,0,0
246,2024-09-01 00:00:00,58,12
246,2024-09-01 01:00:00,58,12
246,2024-09-01 02:00:00,58,12
246,2024-09-01 03:00:00,58,12
246,2024-09-01 04:00:00,58,12
246,2024-09-01 05:00:00,58,12
246,2024-09-01 06:00:00,58,12
246,2024-09-01 07:00:00,58,12
246,2024-09-01 08:00:00,58,12
246,2024-09-01 09:00:00,58,12
246,2024-09-01 10:00:00,58,12
246,2024-09-01 11:00:00,58,12
246,2024-09-01 12:00:00,58,12
246,2024-09-01 13:00:00,58,12
246,2024-09-01 14:00:00,58,12
246,2024-09-01 15:00:00,58,12
246,2024-09-01 16:00:00,58,12
246,2024-09-01 17:00:00,58,12
246,2024-09-01 18:00:00,58,12
246,2024-09-01 19:00:00,58,12
246,2024-09-01 20:00:00,58,12
246,2024-09-01 21:00:00,58,12
246,2024-09-01 22:00:00,58,12
246,2024-09-01 23:00:00,58,12
246,2024-09-02 00:00:00,58,12
246,2024-09-02 01:00:00,58,12
246,2024-09-02 02:00:00,58,12
246,2024-09-02 03:00:00,58,12
246,2024-09-02 04:00:00,58,12
246,2024-09-02 05:00:00,58,12
246,2024-09-02 06:00:00,59,13
246,2024-09-02 07:00:00,60,14
246,2024-09-02 08:00:00,64,15
246,2024-09-02 09:00:00,67,16
246,2024-09-02 10:00:00,71,16
246,2024-09-02 11:00:00,73,16
246,2024-09-02 12:00:00,74,16
246,2024-09-02 13:00:00,75,16
246,2024-09-02 14:00:00,75,16
246,2024-09-02 15:00:00,75,16
246,2024-09-02 16:00:00,75,16
246,2024-09-02 17:00:00,75,16
246,2024-09-02 18:00:00,75,16
246,2024-09-02 19:00:00,75,16
246,2024-09-02 20:00:00,75,16
246,2024-09-02 21:00:00,75,16
246,2024-09-02 22:00:00,75,16
246,2024-09-02 23:00:00,75,16
246,2024-09-03 00:00:00,75,16
246,2024-09-03 01:00:00,75,16
246,2024-09-03 02:00:00,75,16
246,2024-09-03 03:00:00,75,16
246,2024-09-03 04:00:00,75,16
246,2024-09-03 05:00:00,75,16
246,2024-09-03 06:00:00,75,16
246,2024-09-03 07:00:00,75,16
246,2024-09-03 08:00:00,75,16
246,2024-09-03 09:00:00,75,16
246,2024-09-03 10:00:00,75,16
246,2024-09-03 11:00:00,75,16
246,2024-09-03 12:00:00,75,16
246,2024-09-03 13:00:00,75,16
246,2024-09-03 14:00:00,75,16
246,2024-09-03 15:00:00,75,16
246,2024-09-03 16:00:00,75,16
246,2024-09-03 17:00:00,75,16
246,2024-09-03 18:00:00,0,0
246,2024-09-03 19:00:00,0,0
246,2024-09-03 20:00:00,0,0
246,2024-09-03 21:00:00,0,0
246,2024-09-03 22:00:00,0,0
246,2024-09-03 23:00:00,0,0
247,2024-09-01 00:00:00,55,12
247,2024-09-01 01:00:00,55,12
247,2024-09-01 02:00:00,55,12
247,2024-09-01 03:00:00,55,12
247,2024-09-01 04:00:00,55,12
247,2024-09-01 05:00:00,55,12
247,2024-09-01 06:00:00,55,12
247,2024-09-01 07:00:00,55,12
247,2024-09-01 08:00:00,55,12
247,2024-09-01 09:00:00,55,12
247,2024-09-01 10:00:00,55,12
247,2024-09-01 11:00:00,55,12
247,2024-09-01 12:00:00,55,12
247,2024-09-01 13:00:00,55,12
247,2024-09-01 14:00:00,55,12
247,2024-09-01 15:00:00,55,12
247,2024-09-01 16:00:00,55,12
247,2024-09-01 17:00:00,55,12
247,2024-09-01 18:00:00,55,12
247,2024-09-01 19:00:00,55,12
247,2024-09-01 20:00:00,55,12
247,2024-09-01 21:00:00,55,12
247,2024-09-01 22:00:00,55,12
247,2024-09-01 23:00:00,55,12
247,2024-09-02 00:00:00,55,12
247,2024-09-02 01:00:00,55,12
247,2024-09-02 02:00:00,55,12
247,2024-09-02 03:00:00,55,12
247,2024-09-02 04:00:00,55,12
247,2024-09-02 05:00:00,55,12
247,2024-09-02 06:00:00,56,13
247,2024-09-02 07:00:00,57,14
247,2024-09-02 08:00:00,61,15
247,2024-09-02 09:00:00,64,16
247,2024-09-02 10:00:00,68,16
247,2024-09-02 11:00:00,72,16
247,2024-09-02 12:00:00,75,16
247,2024-09-02 13:00:00,75,16
247,2024-09-02 14:00:00,75,16
247,2024-09-02 15:00:00,75,16
247,2024-09-02 16:00:00,75,16
247,2024-09-02 17:00:00,75,16
247,2024-09-02 18:00:00,75,16
247,2024-09-02 19:00:00,75,16
247,2024-09-02 20:00:00,75,16
247,2024-09-02 21:00:00,75,16
247,2024-09-02 22:00:00,75,16
247,2024-09-02 23:00:00,75,16
247,2024-09-03 00:00:00,75,16
247,2024-09-03 01:00:00,75,16
247,2024-09-03 02:00:00,75,16
247,2024-09-03 03:00:00,75,16
247,2024-09-03 04:00:00,75,16
247,2024-09-03 05:00:00,75,16
247,2024-09-03 06:00:00,75,16
247,2024-09-03 07:00:00,75,16
247,2024-09-03 08:00:00,75,16
247,2024-09-03 09:00:00,75,16
247,2024-09-03 10:00:00,75,16
247,2024-09-03 11:00:00,75,16
247,2024-09-03 12:00:00,75,16
247,2024-09-03 13:00:00,75,16
247,2024-09-03 14:00:00,75,16
247,2024-09-03 15:00:00,75,16
247,2024-09-03 16:00:00,75,16
247,2024-09-03 17:00:00,75,16
247,2024-09-03 18:00:00,0,0
247,2024-09-03 19:00:00,0,0
247,2024-09-03 20:00:00,0,0
247,2024-09-03 21:00:00,0,0
247,2024-09-03 22:00:00,0,0
247,2024-09-03 23:00:00,0,0
248,2024-09-01 00:00:00,56,12
248,2024-09-01 01:00:00,56,12
248,2024-09-01 02:00:00,56,12
248,2024-09-01 03:00:00,56,12
248,2024-09-01 04:00:00,56,12
248,2024-09-01 05:00:00,56,12
248,2024-09-01 06:00:00,56,12
248,2024-09-01 07:00:00,56,12
248,2024-09-01 08:00:00,56,12
248,2024-09-01 09:00:00,56,12
248,2024-09-01 10:00:00,56,12
248,2024-09-01 11:00:00,56,12
248,2024-09-01 12:00:00,56,12
248,2024-09-01 13:00:00,56,12
248,2024-09-01 14:00:00,56,12
248,2024-09-01 15:00:00,56,12
248,2024-09-01 16:00:00,56,12
248,2024-09-01 17:00:00,56,12
248,2024-09-01 18:00:00,56,12
248,2024-09-01 19:00:00,56,12
248,2024-09-01 20:00:00,56,12
248,2024-09-01 21:00:00,56,12
248,2024-09-01 22:00:00,56,12
248,2024-09-01 23:00:00,56,12
248,2024-09-02 00:00:00,56,12
248,2024-09-02 01:00:00,56,12
248,2024-09-02 02:00:00,56,12
248,2024-09-02 03:00:00,56,12
248,2024-09-02 04:00:00,56,12
248,2024-09-02 05:00:00,56,12
248,2024-09-02 06:00:00,57,13
248,2024-09-02 07:00:00,58,14
248,2024-09-02 08:00:00,62,15
248,2024-09-02 09:00:00,65,16
248,2024-09-02 10:00:00,69,16
248,2024-09-02 11:00:00,72,16
248,2024-09-02 12:00:00,75,16
248,2024-09-02 13:00:00,75,16
248,2024-09-02 14:00:00,75,16
248,2024-09-02 15:00:00,75,16
248,2024-09-02 16:00:00,75,16
248,2024-09-02 17:00:00,75,16
248,2024-09-02 18:00:00,75,16
248,2024-09-02 19:00:00,75,16
248,2024-09-02 20:00:00,75,16
248,2024-09-02 21:00:00,75,16
248,2024-09-02 22:00:00,75,16
248,2024-09-02 23:00:00,75,16
248,2024-09-03 00:00:00,75,16
248,2024-09-03 01:00:00,75,16
248,2024-09-03 02:00:00,75,16
248,2024-09-03 03:00:00,75,16
248,2024-09-03 04:00:00,75,16
248,2024-09-03 05:00:00,75,16
248,2024-09-03 06:00:00,75,16
248,2024-09-03 07:00:00,75,16
248,2024-09-03 08:00:00,75,16
248,2024-09-03 09:00:00,75,16
248,2024-09-03 10:00:00,75,16
248,2024-09-03 11:00:00,75,16
248,2024-09-03 12:00:00,75,16
248,2024-09-03 13:00:00,75,16
248,2024-09-03 14:00:00,75,16
248,2024-09-03 15:00:00,75,16
248,2024-09-03 16:00:00,75,16
248,2024-09-03 17:00:00,75,16
248,2024-09-03 18:00:00,0,0
248,2024-09-03 19:00:00,0,0
248,2024-09-03 20:00:00,0,0
248,2024-09-03 21:00:00,0,0
248,2024-09-03 22:00:00,0,0
248,2024-09-03 23:00:00,0,0
249,2024-09-01 00:00:00,56,12
249,2024-09-01 01:00:00,56,12
249,2024-09-01 02:00:00,56,12
249,2024-09-01 03:00:00,56,12
249,2024-09-01 04:00:00,56,12
249,2024-09-01 05:00:00,56,12
249,2024-09-01 06:00:00,56,12
249,2024-09-01 07:00:00,56,12
249,2024-09-01 08:00:00,56,12
249,2024-09-01 09:00:00,56,12
249,2024-09-01 10:00:00,56,12
249,2024-09-01 11:00:00,56,12
249,2024-09-01 12:00:00,56,12
249,2024-09-01 13:00:00,56,12
249,2024-09-01 14:00:00,56,12
249,2024-09-01 15:00:00,56,12
249,2024-09-01 16:00:00,56,12
249,2024-09-01 17:00:00,56,12
249,2024-09-01 18:00:00,56,12
249,2024-09-01 19:00:00,56,12
249,2024-09-01 20:00:00,56,12
249,2024-09-01 21:00:00,56,12
249,2024-09-01 22:00:00,56,12
249,2024-09-01 23:00:00,56,12
249,2024-09-02 00:00:00,56,12
249,2024-09-02 01:00:00,56,12
249,2024-09-02 02:00:00,56,12
249,2024-09-02 03:00:00,56,12
249,2024-09-02 04:00:00,56,12
249,2024-09-02 05:00:00,56,12
249,2024-09-02 06:00:00,57,13
249,2024-09-02 07:00:00,58,14
249,2024-09-02 08:00:00,62,15
249,2024-09-02 09:00:00,65,16
249,2024-09-02 10:00:00,69,16
249,2024-09-02 11:00:00,72,16
249,2024-09-02 12:00:00,74,16
249,2024-09-02 13:00:00,75,16
249,2024-09-02 14:00:00,75,16
249,2024-09-02 15:00:00,75,16
249,2024-09-02 16:00:00,75,16
249,2024-09-02 17:00:00,75,16
249,2024-09-02 18:00:00,75,16
249,2024-09-02 19:00:00,75,16
249,2024-09-02 20:00:00,75,16
249,2024-09-02 21:00:00,75,16
249,2024-09-02 22:00:00,75,16
249,2024-09-02 23:00:00,75,16
249,2024-09-03 00:00:00,75,16
249,2024-09-03 01:00:00,75,16
249,2024-09-03 02:00:00,75,16
249,2024-09-03 03:00:00,75,16
249,2024-09-03 04:00:00,75,16
249,2024-09-03 05:00:00,75,16
249,2024-09-03 06:00:00,75,16
249,2024-09-03 07:00:00,75,16
249,2024-09-03 08:00:00,75,16
249,2024-09-03 09:00:00,75,16
249,2024-09-03 10:00:00,75,16
249,2024-09-03 11:00:00,75,16
249,2024-09-03 12:00:00,75,16
249,2024-09-03 13:00:00,75,16
249,2024-09-03 14:00:00,75,16
249,2024-09-03 15:00:00,75,16
249,2024-09-03 16:00:00,75,16
249,2024-09-03 17:00:00,75,16
249,2024-09-03 18:00:00,0,0
249,2024-09-03 19:00:00,0,0
249,2024-09-03 20:00:00,0,0
249,2024-09-03 21:00:00,0,0
249,2024-09-03 22:00:00,0,0
249,2024-09-03 23:00:00,0,0
250,2024-09-01 00:00:00,56,12
250,2024-09-01 01:00:00,56,12
250,2024-09-01 02:00:00,56,12
250,2024-09-01 03:00:00,56,12
250,2024-09-01 04:00:00,56,12
250,2024-09-01 05:00:00,56,12
250,2024-09-01 06:00:00,56,12
250,2024-09-01 07:00:00,56,12
250,2024-09-01 08:00:00,56,12
250,2024-09-01 09:00:00,56,12
250,2024-09-01 10:00:00,56,12
250,2024-09-01 11:00:00,56,12
250,2024-09-01 12:00:00,56,12
250,2024-09-01 13:00:00,56,12
250,2024-09-01 14:00:00,56,12
250,2024-09-01 15:00:00,56,12
250,2024-09-01 16:00:00,56,12
250,2024-09-01 17:00:00,56,12
250,2024-09-01 18:00:00,56,12
250,2024-09-01 19:00:00,56,12
250,2024-09-01 20:00:00,56,12
250,2024-09-01 21:00:00,56,12
250,2024-09-01 22:00:00,56,12
250,2024-09-01 23:00:00,56,12
250,2024-09-02 00:00:00,56,12
250,2024-09-02 01:00:00,56,12
250,2024-09-02 02:00:00,56,12
250,2024-09-02 03:00:00,56,12
250,2024-09-02 04:00:00,56,12
250,2024-09-02 05:00:00,56,12
250,2024-09-02 06:00:00,57,13
250,2024-09-02 07:00:00,58,14
250,2024-09-02 08:00:00,61,15
250,2024-09-02 09:00:00,64,16
250,2024-09-02 10:00:00,68,16
250,2024-09-02 11:00:00,72,16
250,2024-09-02 12:00:00,74,16
250,2024-09-02 13:00:00,75,16
250,2024-09-02 14:00:00,75,16
250,2024-09-02 15:00:00,75,16
250,2024-09-02 16:00:00,75,16
250,2024-09-02 17:00:00,75,16
250,2024-09-02 18:00:00,75,16
250,2024-09-02 19:00:00,75,16
250,2024-09-02 20:00:00,75,16
250,2024-09-02 21:00:00,75,16
250,2024-09-02 22:00:00,75,16
250,2024-09-02 23:00:00,75,16
250,2024-09-03 00:00:00,75,16
250,2024-09-03 01:00:00,75,16
250,2024-09-03 02:00:00,75,16
250,2024-09-03 03:00:00,75,16
250,2024-09-03 04:00:00,75,16
250,2024-09-03 05:00:00,75,16
250,2024-09-03 06:00:00,75,16
250,2024-09-03 07:00:00,75,16
250,2024-09-03 08:00:00,75,16
250,2024-09-03 09:00:00,75,16
250,2024-09-03 10:00:00,75,16
250,2024-09-03 11:00:00,75,16
250,2024-09-03 12:00:00,75,16
250,2024-09-03 13:00:00,75,16
250,2024-09-03 14:00:00,75,16
250,2024-09-03 15:00:00,75,16
250,2024-09-03 16:00:00,75,16
250,2024-09-03 17:00:00,75,16
250,2024-09-03 18:00:00,0,0
250,2024-09-03 19:00:00,0,0
250,2024-09-03 20:00:00,0,0
250,2024-09-03 21:00:00,0,0
250,2024-09-03 22:00:00,0,0
250,2024-09-03 23:00:00,0,0
251,2024-09-01 00:00:00,57,12
251,2024-09-01 01:00:00,57,12
251,2024-09-01 02:00:00,57,12
251,2024-09-01 03:00:00,57,12
251,2024-09-01 04:00:00,57,12
251,2024-09-01 05:00:00,57,12
251,2024-09-01 06:00:00,57,12
251,2024-09-01 07:00:00,57,12
251,2024-09-01 08:00:00,57,12
251,2024-09-01 09:00:00,57,12
251,2024-09-01 10:00:00,57,12
251,2024-09-01 11:00:00,57,12
251,2024-09-01 12:00:00,57,12
251,2024-09-01 13:00:00,57,12
251,2024-09-01 14:00:00,57,12
251,2024-09-01 15:00:00,57,12
251,2024-09-01 16:00:00,57,12
251,2024-09-01 17:00:00,57,12
251,2024-09-01 18:00:00,57,12
251,2024-09-01 19:00:00,57,12
251,2024-09-01 20:00:00,57,12
251,2024-09-01 21:00:00,57,12
251,2024-09-01 22:00:00,57,12
251,2024-09-01 23:00:00,57,12
251,2024-09-02 00:00:00,57,12
251,2024-09-02 01:00:00,57,12
251,2024-09-02 02:00:00,57,12
251,2024-09-02 03:00:00,57,12
251,2024-09-02 04:00:00,57,12
251,2024-09-02 05:00:00,57,12
251,2024-09-02 06:00:00,58,13
251,2024-09-02 07:00:00,59,14
251,2024-09-02 08:00:00,63,15
251,2024-09-02 09:00:00,66,16
251,2024-09-02 10:00:00,70,16
251,2024-09-02 11:00:00,73,16
251,2024-09-02 12:00:00,74,16
251,2024-09-02 13:00:00,75,16
251,2024-09-02 14:00:00,75,16
251,2024-09-02 15:00:00,75,16
251,2024-09-02 16:00:00,75,16
251,2024-09-02 17:00:00,75,16
251,2024-09-02 18:00:00,75,16
251,2024-09-02 19:00:00,75,16
251,2024-09-02 20:00:00,75,16
251,2024-09-02 21:00:00,75,16
251,2024-09-02 22:00:00,75,16
251,2024-09-02 23:00:00,75,16
251,2024-09-03 00:00:00,75,16
251,2024-09-03 01:00:00,75,16
251,2024-09-03 02:00:00,75,16
251,2024-09-03 03:00:00,75,16
251,2024-09-03 04:00:00,75,16
251,2024-09-03 05:00:00,75,16
251,2024-09-03 06:00:00,75,16
251,2024-09-03 07:00:00,75,16
251,2024-09-03 08:00:00,75,16
251,2024-09-03 09:00:00,75,16
251,2024-09-03 10:00:00,75,16
251,2024-09-03 11:00:00,75,16
251,2024-09-03 12:00:00,75,16
251,2024-09-03 13:00:00,75,16
251,2024-09-03 14:00:00,75,16
251,2024-09-03 15:00:00,75,16
251,2024-09-03 16:00:00,75,16
251,2024-09-03 17:00:00,75,16
251,2024-09-03 18:00:00,0,0
251,2024-09-03 19:00:00,0,0
251,2024-09-03 20:00:00,0,0
251,2024-09-03 21:00:00,0,0
251,2024-09-03 22:00:00,0,0
251,2024-09-03 23:00:00,0,0
252,2024-09-01 00:00:00,57,12
252,2024-09-01 01:00:00,57,12
252,2024-09-01 02:00:00,57,12
252,2024-09-01 03:00:00,57,12
252,2024-09-01 04:00:00,57,12
252,2024-09-01 05:00:00,57,12
252,2024-09-01 06:00:00,57,12
252,2024-09-01 07:00:00,57,12
252,2024-09-01 08:00:00,57,12
252,2024-09-01 09:00:00,57,12
252,2024-09-01 10:00:00,57,12
252,2024-09-01 11:00:00,57,12
252,2024-09-01 12:00:00,57,12
252,2024-09-01 13:00:00,57,12
252,2024-09-01 14:00:00,57,12
252,2024-09-01 15:00:00,57,12
252,2024-09-01 16:00:00,57,12
252,2024-09-01 17:00:00,57,12
252,2024-09-01 18:00:00,57,12
252,2024-09-01 19:00:00,57,12
252,2024-09-01 20:00:00,57,12
252,2024-09-01 21:00:00,57,12
252,2024-09-01 22:00:00,57,12
252,2024-09-01 23:00:00,57,12
252,2024-09-02 00:00:00,57,12
252,2024-09-02 01:00:00,57,12
252,2024-09-02 02:00:00,57,12
252,2024-09-02 03:00:00,57,12
252,2024-09-02 04:00:00,57,12
252,2024-09-02 05:00:00,57,12
252,2024-09-02 06:00:00,58,13
252,2024-09-02 07:00:00,59,14
252,2024-09-02 08:00:00,63,15
252,2024-09-02 09:00:00,66,16
252,2024-09-02 10:00:00,70,16
252,2024-09-02 11:00:00,72,16
252,2024-09-02 12:00:00,74,16
252,2024-09-02 13:00:00,75,16
252,2024-09-02 14:00:00,75,16
252,2024-09-02 15:00:00,75,16
252,2024-09-02 16:00:00,75,16
252,2024-09-02 17:00:00,75,16
252,2024-09-02 18:00:00,75,16
252,2024-09-02 19:00:00,75,16
252,2024-09-02 20:00:00,75,16
252,2024-09-02 21:00:00,75,16
252,2024-09-02 22:00:00,75,16
252,2024-09-02 23:00:00,75,16
252,2024-09-03 00:00:00,75,16
252,2024-09-03 01:00:00,75,16
252,2024-09-03 02:00:00,75,16
252,2024-09-03 03:00:00,75,16
252,2024-09-03 04:00:00,75,16
252,2024-09-03 05:00:00,75,16
252,2024-09-03 06:00:00,75,16
252,2024-09-03 07:00:00,75,16
252,2024-09-03 08:00:00,75,16
252,2024-09-03 09:00:00,75,16
252,2024-09-03 10:00:00,75,16
252,2024-09-03 11:00:00,75,16
252,2024-09-03 12:00:00,75,16
252,2024-09-03 13:00:00,75,16
252,2024-09-03 14:00:00,75,16
252,2024-09-03 15:00:00,75,16
252,2024-09-03 16:00:00,75,16
252,2024-09-03 17:00:00,75,16
252,2024-09-03 18:00:00,0,0
252,2024-09-03 19:00:00,0,0
252,2024-09-03 20:00:00,0,0
252,2024-09-03 21:00:00,0,0
252,2024-09-03 22:00:00,0,0
252,2024-09-03 23:00:00,0,0
253,2024-09-01 00:00:00,56,12
253,2024-09-01 01:00:00,56,12
253,2024-09-01 02:00:00,56,12
253,2024-09-01 03:00:00,56,12
253,2024-09-01 04:00:00,56,12
253,2024-09-01 05:00:00,56,12
253,2024-09-01 06:00:00,56,12
253,2024-09-01 07:00:00,56,12
253,2024-09-01 08:00:00,56,12
253,2024-09-01 09:00:00,56,12
253,2024-09-01 10:00:00,56,12
253,2024-09-01 11:00:00,56,12
253,2024-09-01 12:00:00,56,12
253,2024-09-01 13:00:00,56,12
253,2024-09-01 14:00:00,56,12
253,2024-09-01 15:00:00,56,12
253,2024-09-01 16:00:00,56,12
253,2024-09-01 17:00:00,56,12
253,2024-09-01 18:00:00,56,12
253,2024-09-01 19:00:00,56,12
253,2024-09-01 20:00:00,56,12
253,2024-09-01 21:00:00,56,12
253,2024-09-01 22:00:00,56,12
253,2024-09-01 23:00:00,56,12
253,2024-09-02 00:00:00,56,12
253,2024-09-02 01:00:00,56,12
253,2024-09-02 02:00:00,56,12
253,2024-09-02 03:00:00,56,12
253,2024-09-02 04:00:00,56,12
253,2024-09-02 05:00:00,56,12
253,2024-09-02 06:00:00,57,13
253,2024-09-02 07:00:00,58,14
253,2024-09-02 08:00:00,62,15
253,2024-09-02 09:00:00,65,16
253,2024-09-02 10:00:00,69,16
253,2024-09-02 11:00:00,73,16
253,2024-09-02 12:00:00,75,16
253,2024-09-02 13:00:00,75,16
253,2024-09-02 14:00:00,75,16
253,2024-09-02 15:00:00,75,16
253,2024-09-02 16:00:00,75,16
253,2024-09-02 17:00:00,75,16
253,2024-09-02 18:00:00,75,16
253,2024-09-02 19:00:00,75,16
253,2024-09-02 20:00:00,75,16
253,2024-09-02 21:00:00,75,16
253,2024-09-02 22:00:00,75,16
253,2024-09-02 23:00:00,75,16
253,2024-09-03 00:00:00,75,16
253,2024-09-03 01:00:00,75,16
253,2024-09-03 02:00:00,75,16
253,2024-09-03 03:00:00,75,16
253,2024-09-03 04:00:00,75,16
253,2024-09-03 05:00:00,75,16
253,2024-09-03 06:00:00,75,16
253,2024-09-03 07:00:00,75,16
253,2024-09-03 08:00:00,75,16
253,2024-09-03 09:00:00,75,16
253,2024-09-03 10:00:00,75,16
253,2024-09-03 11:00:00,75,16
253,2024-09-03 12:00:00,75,16
253,2024-09-03 13:00:00,75,16
253,2024-09-03 14:00:00,75,16
253,2024-09-03 15:00:00,75,16
253,2024-09-03 16:00:00,75,16
253,2024-09-03 17:00:00,75,16
253,2024-09-03 18:00:00,0,0
253,2024-09-03 19:00:00,0,0
253,2024-09-03 20:00:00,0,0
253,2024-09-03 21:00:00,0,0
253,2024-09-03 22:00:00,0,0
253,2024-09-03 23:00:00,0,0
254,2024-09-01 00:00:00,55,12
254,2024-09-01 01:00:00,55,12
254,2024-09-01 02:00:00,55,12
254,2024-09-01 03:00:00,55,12
254,2024-09-01 04:00:00,55,12
254,2024-09-01 05:00:00,55,12
254,2024-09-01 06:00:00,55,12
254,2024-09-01 07:00:00,55,12
254,2024-09-01 08:00:00,55,12
254,2024-09-01 09:00:00,55,12
254,2024-09-01 10:00:00,55,12
254,2024-09-01 11:00:00,55,12
254,2024-09-01 12:00:00,55,12
254,2024-09-01 13:00:00,55,12
254,2024-09-01 14:00:00,55,12
254,2024-09-01 15:00:00,55,12
254,2024-09-01 16:00:00,55,12
254,2024-09-01 17:00:00,55,12
254,2024-09-01 18:00:00,55,12
254,2024-09-01 19:00:00,55,12
254,2024-09-01 20:00:00,55,12
254,2024-09-01 21:00:00,55,12
254,2024-09-01 22:00:00,55,12
254,2024-09-01 23:00:00,55,12
254,2024-09-02 00:00:00,55,12
254,2024-09-02 01:00:00,55,12
254,2024-09-02 02:00:00,55,12
254,2024-09-02 03:00:00,55,12
254,2024-09-02 04:00:00,55,12
254,2024-09-02 05:00:00,55,12
254,2024-09-02 06:00:00,56,13
254,2024-09-02 07:00:00,57,14
254,2024-09-02 08:00:00,61,15
254,2024-09-02 09:00:00,64,16
254,2024-09-02 10:00:00,69,16
254,2024-09-02 11:00:00,72,16
254,2024-09-02 12:00:00,74,16
254,2024-09-02 13:00:00,75,16
254,2024-09-02 14:00:00,75,16
254,2024-09-02 15:00:00,75,16
254,2024-09-02 16:00:00,75,16
254,2024-09-02 17:00:00,75,16
254,2024-09-02 18:00:00,75,16
254,2024-09-02 19:00:00,75,16
254,2024-09-02 20:00:00,75,16
254,2024-09-02 21:00:00,75,16
254,2024-09-02 22:00:00,75,16
254,2024-09-02 23:00:00,75,16
254,2024-09-03 00:00:00,75,16
254,2024-09-03 01:00:00,75,16
254,2024-09-03 02:00:00,75,16
254,2024-09-03 03:00:00,75,16
254,2024-09-03 04:00:00,75,16
254,2024-09-03 05:00:00,75,16
254,2024-09-03 06:00:00,75,16
254,2024-09-03 07:00:00,75,16
254,2024-09-03 08:00:00,75,16
254,2024-09-03 09:00:00,75,16
254,2024-09-03 10:00:00,75,16
254,2024-09-03 11:00:00,75,16
254,2024-09-03 12:00:00,75,16
254,2024-09-03 13:00:00,75,16
254,2024-09-03 14:00:00,75,16
254,2024-09-03 15:00:00,75,16
254,2024-09-03 16:00:00,75,16
254,2024-09-03 17:00:00,75,16
254,2024-09-03 18:00:00,0,0
254,2024-09-03 19:00:00,0,0
254,2024-09-03 20:00:00,0,0
254,2024-09-03 21:00:00,0,0
254,2024-09-03 22:00:00,0,0
254,2024-09-03 23:00:00,0,0
255,2024-09-01 00:00:00,55,12
255,2024-09-01 01:00:00,55,12
255,2024-09-01 02:00:00,55,12
255,2024-09-01 03:00:00,55,12
255,2024-09-01 04:00:00,55,12
255,2024-09-01 05:00:00,55,12
255,2024-09-01 06:00:00,55,12
255,2024-09-01 07:00:00,55,12
255,2024-09-01 08:00:00,55,12
255,2024-09-01 09:00:00,55,12
255,2024-09-01 10:00:00,55,12
255,2024-09-01 11:00:00,55,12
255,2024-09-01 12:00:00,55,12
255,2024-09-01 13:00:00,55,12
255,2024-09-01 14:00:00,55,12
255,2024-09-01 15:00:00,55,12
255,2024-09-01 16:00:00,55,12
255,2024-09-01 17:00:00,55,12
255,2024-09-01 18:00:00,55,12
255,2024-09-01 19:00:00,55,12
255,2024-09-01 20:00:00,55,12
255,2024-09-01 21:00:00,55,12
255,2024-09-01 22:00:00,55,12
255,2024-09-01 23:00:00,55,12
255,2024-09-02 00:00:00,55,12
255,2024-09-02 01:00:00,55,12
255,2024-09-02 02:00:00,55,12
255,2024-09-02 03:00:00,55,12
255,2024-09-02 04:00:00,55,12
255,2024-09-02 05:00:00,55,12
255,2024-09-02 06:00:00,56,13
255,2024-09-02 07:00:00,57,14
255,2024-09-02 08:00:00,61,15
255,2024-09-02 09:00:00,64,16
255,2024-09-02 10:00:00,68,16
255,2024-09-02 11:00:00,72,16
255,2024-09-02 12:00:00,75,16
255,2024-09-02 13:00:00,75,16
255,2024-09-02 14:00:00,75,16
255,2024-09-02 15:00:00,75,16
255,2024-09-02 16:00:00,75,16
255,2024-09-02 17:00:00,75,16
255,2024-09-02 18:00:00,75,16
255,2024-09-02 19:00:00,75,16
255,2024-09-02 20:00:00,75,16
255,2024-09-02 21:00:00,75,16
255,2024-09-02 22:00:00,75,16
255,2024-09-02 23:00:00,75,16
255,2024-09-03 00:00:00,75,16
255,2024-09-03 01:00:00,75,16
255,2024-09-03 02:00:00,75,16
255,2024-09-03 03:00:00,75,16
255,2024-09-03 04:00:00,75,16
255,2024-09-03 05:00:00,75,16
255,2024-09-03 06:00:00,75,16
255,2024-09-03 07:00:00,75,16
255,2024-09-03 08:00:00,75,16
255,2024-09-03 09:00:00,75,16
255,2024-09-03 10:00:00,75,16
255,2024-09-03 11:00:00,75,16
255,2024-09-03 12:00:00,75,16
255,2024-09-03 13:00:00,75,16
255,2024-09-03 14:00:00,75,16
255,2024-09-03 15:00:00,75,16
255,2024-09-03 16:00:00,75,16
255,2024-09-03 17:00:00,75,16
255,2024-09-03 18:00:00,0,0
255,2024-09-03 19:00:00,0,0
255,2024-09-03 20:00:00,0,0
255,2024-09-03 21:00:00,0,0
255,2024-09-03 22:00:00,0,0
255,2024-09-03 23:00:00,0,0
