timestamp,wind,pv
2020-01-01 00:00:00,1.2279273557279102,0.0170078909269331
2020-01-01 01:00:00,1.322183062236974,0.0011466302022006
2020-01-01 02:00:00,1.2530783209269798,0.0
2020-01-01 03:00:00,1.5157279968828763,0.0227154923090666
2020-01-01 04:00:00,1.373713398084253,0.032667881355134
2020-01-01 05:00:00,1.344327992577301,0.0
2020-01-01 06:00:00,1.3380128985928144,0.0
2020-01-01 07:00:00,1.4674305618204593,0.4327693716002086
2020-01-01 08:00:00,1.3497743610180888,0.776689438874942
2020-01-01 09:00:00,1.3589066631684374,1.1176145150272947
2020-01-01 10:00:00,1.5000983665026868,1.2995062747522734
2020-01-01 11:00:00,1.445739126106643,1.5275819906489088
2020-01-01 12:00:00,1.540455142055599,1.5508425123797487
2020-01-01 13:00:00,1.4533705626540872,1.5463615948490044
2020-01-01 14:00:00,1.3599010695458236,1.308248210327212
2020-01-01 15:00:00,1.41539583572471,1.1062014214751885
2020-01-01 16:00:00,1.3660713982488097,0.766077123778909
2020-01-01 17:00:00,1.5098304310018498,0.44772013788223475
2020-01-01 18:00:00,1.470078948047927,0.0
2020-01-01 19:00:00,1.4138406609293697,0.0
2020-01-01 20:00:00,1.3988374549465368,0.0022230218622455
2020-01-01 21:00:00,1.5771379082043115,0.016328488810765998
2020-01-01 22:00:00,1.448196452271158,0.0976212966859609
2020-01-01 23:00:00,1.6270060764086884,0.05137032664464
2020-01-02 00:00:00,1.6428034100790718,0.0
2020-01-02 01:00:00,1.5578002476117807,0.0
2020-01-02 02:00:00,1.5130336613220199,0.014634338445568
2020-01-02 03:00:00,1.6036412065462373,0.0045050053289118
2020-01-02 04:00:00,1.5178809616048836,0.0779239387305263
2020-01-02 05:00:00,1.5560093747769255,0.0394194713160446
2020-01-02 06:00:00,1.4974639923312048,0.0652311059112656
2020-01-02 07:00:00,1.5637783215799845,0.4025672921958149
2020-01-02 08:00:00,1.5167819988411093,0.8520968398565034
2020-01-02 09:00:00,1.511120260716162,1.1024430338736955
2020-01-02 10:00:00,1.5437131551307077,1.511593688954136
2020-01-02 11:00:00,1.6018389782888214,1.5631761761241698
2020-01-02 12:00:00,1.5392372144562194,1.5430547871401061
2020-01-02 13:00:00,1.504403634324889,1.5510991805231253
2020-01-02 14:00:00,1.5701860649487356,1.440166443648594
2020-01-02 15:00:00,1.532804426920554,1.1534874347941975
2020-01-02 16:00:00,1.5629485125459635,0.8482683296977701
2020-01-02 17:00:00,1.4299679564668262,0.4434961521326473
2020-01-02 18:00:00,1.4495137559234244,0.043057796339331905
2020-01-02 19:00:00,1.5763251804924,0.0414334289995707
2020-01-02 20:00:00,1.5068328465914846,0.1120465563061826
2020-01-02 21:00:00,1.4864136150577067,0.0342445327197701
2020-01-02 22:00:00,1.6211900005183488,0.0316099211029455
2020-01-02 23:00:00,1.4371540283087518,0.0183415016232498
2020-01-03 00:00:00,1.6079541089517653,0.0346867525085232
2020-01-03 01:00:00,1.636510728349911,0.0
2020-01-03 02:00:00,1.548705133847866,0.044465493590117804
2020-01-03 03:00:00,1.465714222224177,0.018692006555102
2020-01-03 04:00:00,1.2909954226771103,0.0
2020-01-03 05:00:00,1.4886096253609438,0.0
2020-01-03 06:00:00,1.2824286002518925,0.0
2020-01-03 07:00:00,1.4295422569489697,0.3840286001652614
2020-01-03 08:00:00,1.37942581581745,0.7722746767956924
2020-01-03 09:00:00,1.3334038393112748,1.1541517358915483
2020-01-03 10:00:00,1.3860408479720931,1.330678472715268
2020-01-03 11:00:00,1.2957461906348944,1.542553522279292
2020-01-03 12:00:00,1.3235083906415017,1.6463006263200193
2020-01-03 13:00:00,1.3158930055459606,1.5531282583844523
2020-01-03 14:00:00,1.344978248799063,1.429305169338361
2020-01-03 15:00:00,1.2514769819210376,1.1366099234982296
2020-01-03 16:00:00,1.177049693726995,0.8285107212647558
2020-01-03 17:00:00,1.2838473252030724,0.42980710711573344
2020-01-03 18:00:00,1.3189999119507436,0.0165055891845775
2020-01-03 19:00:00,1.3227822267028202,0.0
2020-01-03 20:00:00,1.1647501258284878,0.0279484430068261
2020-01-03 21:00:00,1.2958237854438923,0.0424400269995502
2020-01-03 22:00:00,1.0292297914367987,0.0454029992795959
2020-01-03 23:00:00,1.2314544405631833,0.0142940490038715
2020-01-04 00:00:00,1.3097220875294537,0.0203045038230146
2020-01-04 01:00:00,1.1352242405339128,0.0133866371825193
2020-01-04 02:00:00,1.171657591233422,0.0136539150388346
2020-01-04 03:00:00,1.0534132381855665,0.0151388485263426
2020-01-04 04:00:00,1.1080654076185619,0.0
2020-01-04 05:00:00,1.1588995847249275,0.0
2020-01-04 06:00:00,1.1237573038470379,0.0266635617204287
2020-01-04 07:00:00,1.0078574112807557,0.37991377020236106
2020-01-04 08:00:00,1.1050329215414298,0.830318502416466
2020-01-04 09:00:00,0.987299788143752,1.2516706727294258
2020-01-04 10:00:00,0.9564422056799,1.3489621490357804
2020-01-04 11:00:00,1.0531036139679042,1.5676040170294154
2020-01-04 12:00:00,0.9597785408525148,1.59450180540144
2020-01-04 13:00:00,0.9657109681120142,1.5370507187027524
2020-01-04 14:00:00,0.8365017642044175,1.3272796188490439
2020-01-04 15:00:00,0.9775742783670021,1.194407144285913
2020-01-04 16:00:00,0.8407229128208795,0.8156065294341734
2020-01-04 17:00:00,0.9594343444824995,0.4682976190792847
2020-01-04 18:00:00,0.9488817004942597,0.049200569351061596
2020-01-04 19:00:00,0.7777541217818013,0.0685614788238975
2020-01-04 20:00:00,0.7567590589966025,0.0259431199091476
2020-01-04 21:00:00,0.8582993495162218,0.0391019188680465
2020-01-04 22:00:00,0.8139226231718246,0.0
2020-01-04 23:00:00,1.0201637325868806,0.0
2020-01-05 00:00:00,0.6876894910478992,0.0095516244442845
2020-01-05 01:00:00,0.8501037053218992,0.0184467043819855
2020-01-05 02:00:00,0.6789215370214341,0.0
2020-01-05 03:00:00,0.7450548742382204,0.0374931107912284
2020-01-05 04:00:00,0.6135577347785727,0.0310530249765797
2020-01-05 05:00:00,0.729959504158683,0.0876876646532306
2020-01-05 06:00:00,0.7808973357665416,0.0257389499032139
2020-01-05 07:00:00,0.7230387808219646,0.42567316982296677
2020-01-05 08:00:00,0.7340116639895944,0.8205328524321702
2020-01-05 09:00:00,0.7850567095340459,1.143195498560657
2020-01-05 10:00:00,0.7350765825261443,1.3877564123159463
2020-01-05 11:00:00,0.7591753180022938,1.56310205310151
2020-01-05 12:00:00,0.7890893650463411,1.7373767974693846
2020-01-05 13:00:00,0.7495226401404713,1.5325125627411247
2020-01-05 14:00:00,0.7035370484368332,1.4290662853586065
2020-01-05 15:00:00,0.6259235673756538,1.169643945255895
2020-01-05 16:00:00,0.7996644559225314,0.7873704724448594
2020-01-05 17:00:00,0.7492560426938661,0.4642532678278199
2020-01-05 18:00:00,0.7186819598055569,0.0622463903613381
2020-01-05 19:00:00,0.8473994502769893,0.0076373337048396
2020-01-05 20:00:00,0.690033945046242,0.029897523299058
2020-01-05 21:00:00,0.7873735705579308,0.0189563981563844
2020-01-05 22:00:00,0.6841001519027562,0.0
2020-01-05 23:00:00,0.7128242312020957,0.074512947298053
2020-01-06 00:00:00,0.8157959563813051,0.0011747324267414
2020-01-06 01:00:00,0.6852840034314474,0.0567583106975612
2020-01-06 02:00:00,0.6798371991065519,0.0510043122324016
2020-01-06 03:00:00,0.7728780300682689,0.0
2020-01-06 04:00:00,0.7572257520673709,0.0612050684879085
2020-01-06 05:00:00,0.8472365335085417,0.0074957509854109
2020-01-06 06:00:00,0.8606140223984344,0.0888942096899927
2020-01-06 07:00:00,0.8984439853273254,0.3775559948920822
2020-01-06 08:00:00,0.8281736291137478,0.7999331524620785
2020-01-06 09:00:00,0.670680591153448,1.1578632264327036
2020-01-06 10:00:00,0.7916749251564672,1.405199970613306
2020-01-06 11:00:00,0.7827466099428719,1.6137701320482667
2020-01-06 12:00:00,0.8033566782110999,1.5928591504367882
2020-01-06 13:00:00,0.728671970723554,1.6250824062191191
2020-01-06 14:00:00,0.8638306852533952,1.3928390063996867
2020-01-06 15:00:00,0.9349696502338112,1.1867302606531067
2020-01-06 16:00:00,0.8535649647649219,0.8304927821652683
2020-01-06 17:00:00,0.9026763846857295,0.4645158871790676
2020-01-06 18:00:00,0.8200476248201779,0.0367216711628101
2020-01-06 19:00:00,0.8179984424478693,0.0677147073859084
2020-01-06 20:00:00,0.9800829011194563,0.0182857663562472
2020-01-06 21:00:00,0.8212807448062587,0.0
2020-01-06 22:00:00,0.9991069308692979,0.0
2020-01-06 23:00:00,0.9524317227728745,0.0006371948481749
2020-01-07 00:00:00,0.9211547311797477,0.0373404505014798
2020-01-07 01:00:00,1.0330538238972575,0.0091180067981335
2020-01-07 02:00:00,0.9725816016864487,0.0
2020-01-07 03:00:00,1.0548858333401585,0.0
2020-01-07 04:00:00,0.9760482259800012,0.0462082351662801
2020-01-07 05:00:00,1.1118492533829722,0.0025002357090328
2020-01-07 06:00:00,0.9219541437416265,0.0
2020-01-07 07:00:00,0.9779776420204762,0.43518709809512146
2020-01-07 08:00:00,1.1259829070656349,0.7732592665384349
2020-01-07 09:00:00,1.0785868257266866,1.094094358138398
2020-01-07 10:00:00,1.1241853792697154,1.4017099831764104
2020-01-07 11:00:00,1.0074859767127904,1.6116384579396255
2020-01-07 12:00:00,1.0731873504107643,1.6133968325742702
2020-01-07 13:00:00,1.0670042652857221,1.5282244033876982
2020-01-07 14:00:00,1.2193822880629583,1.4487738019433154
2020-01-07 15:00:00,1.2894396066560412,1.1453615275747149
2020-01-07 16:00:00,1.2300510320220006,0.8177352994678365
2020-01-07 17:00:00,1.361726400808768,0.4479473648992154
2020-01-07 18:00:00,1.2383313609821558,0.0074590040892819
2020-01-07 19:00:00,1.1616135958007225,0.08740192351099131
2020-01-07 20:00:00,1.424110022942228,0.0188240636685289
2020-01-07 21:00:00,1.1707209419359843,0.0394098133995975
2020-01-07 22:00:00,1.2774275767986945,0.0053996392964278
2020-01-07 23:00:00,1.3617073567212854,0.0212394546821641
2020-01-08 00:00:00,1.2610811422061166,0.0363430225408211
2020-01-08 01:00:00,1.3924530295142268,0.0784423938379421
2020-01-08 02:00:00,1.3393251505415453,0.0185944886230064
2020-01-08 03:00:00,1.3452448605304754,0.0227231250448739
2020-01-08 04:00:00,1.3184498390767467,0.0208795633050597
2020-01-08 05:00:00,1.4399473617716967,0.0
2020-01-08 06:00:00,1.4114470028170087,0.0073609344738147
2020-01-08 07:00:00,1.3523616439477029,0.4400311569299765
2020-01-08 08:00:00,1.4640602108152891,0.7560676961758145
2020-01-08 09:00:00,1.3702771465684962,1.175836266276801
2020-01-08 10:00:00,1.466102297171868,1.3925665423385858
2020-01-08 11:00:00,1.562281999078698,1.4997774215352624
2020-01-08 12:00:00,1.6026513619214882,1.6101158140509262
2020-01-08 13:00:00,1.4592342530694893,1.5296634865785987
2020-01-08 14:00:00,1.5694115095356895,1.4481180635988826
2020-01-08 15:00:00,1.3925252517734572,1.1339452508520997
2020-01-08 16:00:00,1.5856949841771413,0.8144269985927364
2020-01-08 17:00:00,1.590590211750662,0.4001602970276928
2020-01-08 18:00:00,1.610315252754845,0.0116133982855576
2020-01-08 19:00:00,1.5195890322570824,0.061771449126790896
2020-01-08 20:00:00,1.3658938698658218,0.0
2020-01-08 21:00:00,1.5858446729244724,0.0
2020-01-08 22:00:00,1.5585279273692354,0.0270214410414888
2020-01-08 23:00:00,1.6066811260021698,0.0244813922233821
2020-01-09 00:00:00,1.6679918295388463,0.0117561090413514
2020-01-09 01:00:00,1.6515958230936176,0.0317824825011764
2020-01-09 02:00:00,1.6132029047687133,0.0500403940368964
2020-01-09 03:00:00,1.4774365613605278,0.0
2020-01-09 04:00:00,1.4496388896436363,0.0148364205328342
2020-01-09 05:00:00,1.5816386486484764,0.0079792580868811
2020-01-09 06:00:00,1.5240941037181859,0.0399529788678939
2020-01-09 07:00:00,1.547802455666178,0.431561216258261
2020-01-09 08:00:00,1.590776494468689,0.9003711470401596
2020-01-09 09:00:00,1.593667026305073,1.1486168064781992
2020-01-09 10:00:00,1.5802267610855827,1.4500559195947411
2020-01-09 11:00:00,1.594191154223698,1.6282443019708361
2020-01-09 12:00:00,1.6601762127740352,1.647986034800189
2020-01-09 13:00:00,1.6074225999771734,1.5481638574729122
2020-01-09 14:00:00,1.4496237379222043,1.5199572072654837
2020-01-09 15:00:00,1.6193022560521952,1.1879953762110733
2020-01-09 16:00:00,1.618206320544736,0.853194296341248
2020-01-09 17:00:00,1.589445080014808,0.4540501677191378
2020-01-09 18:00:00,1.6486489187098028,0.055266919131487
2020-01-09 19:00:00,1.483583308419269,0.0172125801253754
2020-01-09 20:00:00,1.5352628717475665,0.0269937441662347
2020-01-09 21:00:00,1.4781002426767644,0.0309328726944082
2020-01-09 22:00:00,1.5491014003509442,0.0
2020-01-09 23:00:00,1.5475626916667888,0.0036397549283019
2020-01-10 00:00:00,1.5440161233704917,0.0428930973745118
2020-01-10 01:00:00,1.4184985752121182,0.0
2020-01-10 02:00:00,1.4438866394393548,0.0263286778656271
2020-01-10 03:00:00,1.4158370174252304,0.0275385801780576
2020-01-10 04:00:00,1.4577600439450147,0.0508289613673431
2020-01-10 05:00:00,1.3847867048918614,0.0241884690372024
2020-01-10 06:00:00,1.4033451208870495,0.0
2020-01-10 07:00:00,1.3780099516242514,0.4368291560719008
2020-01-10 08:00:00,1.4022803569712838,0.772595708875842
2020-01-10 09:00:00,1.4626734283150735,1.1728307531958042
2020-01-10 10:00:00,1.375685001560734,1.4095070893858825
2020-01-10 11:00:00,1.401282272704686,1.629719209920247
2020-01-10 12:00:00,1.376608405043533,1.6990962644929917
2020-01-10 13:00:00,1.3315237131400468,1.590413146706027
2020-01-10 14:00:00,1.3672105833224562,1.453277104210946
2020-01-10 15:00:00,1.4703538993619714,1.228847276156076
2020-01-10 16:00:00,1.4370353455572549,0.8011589234559591
2020-01-10 17:00:00,1.4541523273654717,0.3852651113724975
2020-01-10 18:00:00,1.4248180004182314,0.0532396070018757
2020-01-10 19:00:00,1.1003653171161465,0.0
2020-01-10 20:00:00,1.3558399842245152,0.0
2020-01-10 21:00:00,1.156288188177165,0.02893758748611
2020-01-10 22:00:00,1.289514388350689,0.0
2020-01-10 23:00:00,1.3927707132679348,0.0
2020-01-11 00:00:00,1.2623559033760112,0.0035137943814294
2020-01-11 01:00:00,1.1559946967531287,0.0221391518380298
2020-01-11 02:00:00,1.2180915644528443,0.0403432150183576
2020-01-11 03:00:00,1.1258148256632348,0.0194345499387696
2020-01-11 04:00:00,1.0785960757655886,0.0
2020-01-11 05:00:00,1.0835945311215223,0.0336147399968152
2020-01-11 06:00:00,1.1845107358298343,0.0203758640093797
2020-01-11 07:00:00,1.0439243284334374,0.48823254733840993
2020-01-11 08:00:00,0.9861261090412716,0.8379577058600133
2020-01-11 09:00:00,1.1224044449206045,1.1400567511714434
2020-01-11 10:00:00,0.9514495987887622,1.406335143343898
2020-01-11 11:00:00,1.0499882020748001,1.55077682352875
2020-01-11 12:00:00,0.8951909497489868,1.6329805400351751
2020-01-11 13:00:00,1.027594218821122,1.543501438803354
2020-01-11 14:00:00,1.012863141911274,1.4692070611760446
2020-01-11 15:00:00,0.974250737819788,1.1390522356430122
2020-01-11 16:00:00,1.0170740928645594,0.8398325457141425
2020-01-11 17:00:00,1.0423157053672707,0.41788411519056246
2020-01-11 18:00:00,0.9089627587854998,0.0052458066368271
2020-01-11 19:00:00,0.7871570989133085,0.0
2020-01-11 20:00:00,0.9670633219612084,0.0679253747035224
2020-01-11 21:00:00,0.8089447636387649,0.0598148384583678
2020-01-11 22:00:00,0.8168137034626668,0.0
2020-01-11 23:00:00,0.9271354949623976,0.0
2020-01-12 00:00:00,0.8097170343209695,0.0194296351817219
2020-01-12 01:00:00,0.8268250608033059,0.0135651675174469
2020-01-12 02:00:00,0.7058318480245326,0.0
2020-01-12 03:00:00,0.6621295018263386,0.0091523001716833
2020-01-12 04:00:00,0.8821400584002412,0.0442024127806778
2020-01-12 05:00:00,0.7930576506542792,0.0393012676319551
2020-01-12 06:00:00,0.8327553632829525,0.0253460089703787
2020-01-12 07:00:00,0.923903042267123,0.4452050755809396
2020-01-12 08:00:00,0.7687160961605835,0.8163342954890981
2020-01-12 09:00:00,0.8121090422266151,1.1354310088656554
2020-01-12 10:00:00,0.8728516321356496,1.4472216356365752
2020-01-12 11:00:00,0.7735462716899918,1.6141980167224905
2020-01-12 12:00:00,0.8192521867743296,1.7095424053895374
2020-01-12 13:00:00,0.6814260329432487,1.5355210653224773
2020-01-12 14:00:00,0.7192389666787768,1.410358155954325
2020-01-12 15:00:00,0.8603859909814107,1.2102657778583477
2020-01-12 16:00:00,0.8317863355835993,0.8607532747575886
2020-01-12 17:00:00,0.8432936323115403,0.4417104116221119
2020-01-12 18:00:00,0.7240229213898783,0.0156086386653604
2020-01-12 19:00:00,0.7188231528287263,0.0230946839410129
2020-01-12 20:00:00,0.8828596762008494,0.0395775173499727
2020-01-12 21:00:00,0.7457311871702708,0.0025658775158038
2020-01-12 22:00:00,0.7772311507108736,0.0045459759374062
2020-01-12 23:00:00,0.7547295088577374,0.0
2020-01-13 00:00:00,0.841134140257539,0.0244600725260732
2020-01-13 01:00:00,0.7340906185229805,0.0437970208415248
2020-01-13 02:00:00,0.8546096035002975,0.0331640849055737
2020-01-13 03:00:00,0.684002178373322,0.0
2020-01-13 04:00:00,0.8013215773715233,0.0316854702953599
2020-01-13 05:00:00,0.6452011028299688,0.0798748933767798
2020-01-13 06:00:00,0.8910198060164982,0.0061849685055919
2020-01-13 07:00:00,0.6969925192388609,0.4337789805646069
2020-01-13 08:00:00,0.9040004747113022,0.8806892518499239
2020-01-13 09:00:00,0.9848018552955156,1.22768594101611
2020-01-13 10:00:00,0.8314750230128822,1.4742515091471509
2020-01-13 11:00:00,0.8859448110197059,1.6152023826190356
2020-01-13 12:00:00,0.8632698490045445,1.588595217802355
2020-01-13 13:00:00,0.6983233916119549,1.5045351636281952
2020-01-13 14:00:00,0.9680998392428342,1.4491237810272772
2020-01-13 15:00:00,1.0741773339997123,1.2205427795193482
2020-01-13 16:00:00,0.7940080616550566,0.7904044235574639
2020-01-13 17:00:00,1.0030324100148278,0.4269813338474075
2020-01-13 18:00:00,0.9792091440775904,0.0
2020-01-13 19:00:00,0.8082686696049044,0.019104075253037
2020-01-13 20:00:00,0.7942305344992671,0.0460590868512039
2020-01-13 21:00:00,0.8948001083371243,0.0290012873004509
2020-01-13 22:00:00,0.9924844194438177,0.0
2020-01-13 23:00:00,0.9615656049792531,0.0463518767672823
2020-01-14 00:00:00,0.8047389922608053,0.0
2020-01-14 01:00:00,0.8928963906704235,0.014774172300318
2020-01-14 02:00:00,0.9509902362944933,0.0
2020-01-14 03:00:00,1.0399368296215934,0.0871197630659543
2020-01-14 04:00:00,0.9548809907047913,0.0
2020-01-14 05:00:00,1.0478371193560903,0.0250766271808641
2020-01-14 06:00:00,1.14541323882246,0.0
2020-01-14 07:00:00,0.9432323992118183,0.44099182372975143
2020-01-14 08:00:00,1.0478212283729047,0.8514457359134487
2020-01-14 09:00:00,1.0884801800502433,1.141506472454136
2020-01-14 10:00:00,1.152381127334083,1.4377398081099266
2020-01-14 11:00:00,1.113877571785605,1.6315953909128669
2020-01-14 12:00:00,1.1145526229453722,1.685630196337462
2020-01-14 13:00:00,1.1385560975475086,1.602580357221107
2020-01-14 14:00:00,1.136536789892855,1.4010688114654126
2020-01-14 15:00:00,1.1621354719941013,1.1414888685640898
2020-01-14 16:00:00,1.2788045907966363,0.8178008486829739
2020-01-14 17:00:00,1.3976657475157677,0.49407398904162425
2020-01-14 18:00:00,1.2606005561769753,0.0407599108967516
2020-01-14 19:00:00,1.286624273910654,0.0
2020-01-14 20:00:00,1.2986882409736396,0.0094645035134759
2020-01-14 21:00:00,1.2919285672431995,0.0
2020-01-14 22:00:00,1.257219837114763,0.0
2020-01-14 23:00:00,1.264213866206643,0.0202721701986879
2020-01-15 00:00:00,1.4036379762195343,0.0376260048552001
2020-01-15 01:00:00,1.353299277982206,0.0551660637165184
2020-01-15 02:00:00,1.3611842033138555,0.0
2020-01-15 03:00:00,1.177411109442252,0.0033911086144356
2020-01-15 04:00:00,1.322538538570912,0.0
2020-01-15 05:00:00,1.3994675825454401,0.054302061051074
2020-01-15 06:00:00,1.3998129482657982,0.040007992102706
2020-01-15 07:00:00,1.3947275009296103,0.416554524764507
2020-01-15 08:00:00,1.4802382861365366,0.8717887638216474
2020-01-15 09:00:00,1.4339072205092114,1.2085331915937036
2020-01-15 10:00:00,1.507109414817216,1.3705279347870518
2020-01-15 11:00:00,1.4750220365857198,1.6168227386646872
2020-01-15 12:00:00,1.258368710074698,1.6136035058847837
2020-01-15 13:00:00,1.5946444390977326,1.5904165229413212
2020-01-15 14:00:00,1.444736947977524,1.4424026710765137
2020-01-15 15:00:00,1.544148343797031,1.19677478411097
2020-01-15 16:00:00,1.6068809594187374,0.7918989041769406
2020-01-15 17:00:00,1.630915492880046,0.47277421840967215
2020-01-15 18:00:00,1.5900109145740484,0.0092195215262955
2020-01-15 19:00:00,1.735623561398356,0.0271859184264234
2020-01-15 20:00:00,1.5761911701986437,0.0217197333378681
2020-01-15 21:00:00,1.6694903339468765,0.0184092568881815
2020-01-15 22:00:00,1.6167748272697038,0.0
2020-01-15 23:00:00,1.5661393193100914,0.0065547609591984
2020-01-16 00:00:00,1.6004487584294518,0.0444405020750168
2020-01-16 01:00:00,1.533797707164744,0.0
2020-01-16 02:00:00,1.6060571453399364,0.0
2020-01-16 03:00:00,1.6365311684855277,0.0
2020-01-16 04:00:00,1.5356003955693267,0.0
2020-01-16 05:00:00,1.5519939568388776,0.0339410504598686
2020-01-16 06:00:00,1.5376123904570937,0.051352875847799004
2020-01-16 07:00:00,1.6453332467291628,0.4846413173595882
2020-01-16 08:00:00,1.4939014508958643,0.8652251585962443
2020-01-16 09:00:00,1.5376301289458794,1.1544161190499658
2020-01-16 10:00:00,1.5535179013428815,1.50875076965124
2020-01-16 11:00:00,1.5643931182485153,1.6184507108996717
2020-01-16 12:00:00,1.605486518486865,1.6661484843537748
2020-01-16 13:00:00,1.6290298997589745,1.6851107595423986
2020-01-16 14:00:00,1.644078585076143,1.47457646622393
2020-01-16 15:00:00,1.6023104001552968,1.2252931867914318
2020-01-16 16:00:00,1.5059052388793714,0.8675922672025804
2020-01-16 17:00:00,1.6162785174382939,0.38279820503914463
2020-01-16 18:00:00,1.6528714278480223,0.0430616269735543
2020-01-16 19:00:00,1.6288094098332024,0.0091635033271496
2020-01-16 20:00:00,1.6491446819841868,0.0776282669127522
2020-01-16 21:00:00,1.4310708084607358,0.0635414312255793
2020-01-16 22:00:00,1.4934712701514108,0.0198467409973158
2020-01-16 23:00:00,1.4744001435767151,0.0
2020-01-17 00:00:00,1.5270903227428052,0.0354866716226352
2020-01-17 01:00:00,1.4955587691854029,0.0626534803582744
2020-01-17 02:00:00,1.4580519524592226,0.0
2020-01-17 03:00:00,1.5505419871451762,0.0343377099268049
2020-01-17 04:00:00,1.5549593850727645,0.0
2020-01-17 05:00:00,1.5343515306366675,0.0265494762001196
2020-01-17 06:00:00,1.571679327597975,0.0906043154970814
2020-01-17 07:00:00,1.4134200555134402,0.4381120370334728
2020-01-17 08:00:00,1.2150453665114318,0.8672738178174451
2020-01-17 09:00:00,1.4213278809222023,1.1543034977756874
2020-01-17 10:00:00,1.4399358838614578,1.5011310288062938
2020-01-17 11:00:00,1.3502377158711982,1.671030146390069
2020-01-17 12:00:00,1.415433479100313,1.6800401224700512
2020-01-17 13:00:00,1.3263669871064216,1.6259539715120277
2020-01-17 14:00:00,1.3801035250944516,1.4670804034692
2020-01-17 15:00:00,1.306016670390918,1.2259350273284986
2020-01-17 16:00:00,1.2718104101944405,0.8349848936316151
2020-01-17 17:00:00,1.290182893852143,0.4382062948339821
2020-01-17 18:00:00,1.2533766067277337,0.0
2020-01-17 19:00:00,1.270533387440581,0.0352247811437481
2020-01-17 20:00:00,1.3523681682828625,0.0
2020-01-17 21:00:00,1.2741269966136233,0.0
2020-01-17 22:00:00,1.235597567271882,0.0149127832416576
2020-01-17 23:00:00,1.2462826864822003,0.0108569881656326
2020-01-18 00:00:00,1.0792684490031297,0.0
2020-01-18 01:00:00,1.145341490776672,0.0158069707095626
2020-01-18 02:00:00,1.2799065314031879,0.0412702337716437
2020-01-18 03:00:00,1.2271650612925755,0.0210417527041277
2020-01-18 04:00:00,1.257365845118821,0.023987028423315
2020-01-18 05:00:00,1.2971041021311092,0.0627390414631777
2020-01-18 06:00:00,1.1304628368461833,0.092096837752753
2020-01-18 07:00:00,1.0358995712404782,0.4450277776935334
2020-01-18 08:00:00,1.0848880325525707,0.8202373728033205
2020-01-18 09:00:00,1.126708874857333,1.1865119150053038
2020-01-18 10:00:00,1.1813314437271536,1.4349271303561162
2020-01-18 11:00:00,1.033434551437062,1.653912477710152
2020-01-18 12:00:00,1.0083099018071446,1.605743627044917
2020-01-18 13:00:00,1.2091070787071567,1.5795126166700721
2020-01-18 14:00:00,0.9447042990974808,1.5087864031500244
2020-01-18 15:00:00,0.9772874913350598,1.2386197192233175
2020-01-18 16:00:00,0.9935375336394447,0.8628291189102659
2020-01-18 17:00:00,0.9381217752187657,0.405004318871244
2020-01-18 18:00:00,0.8615383330732732,0.0227038167483039
2020-01-18 19:00:00,0.9498088411835401,0.0249563630614596
2020-01-18 20:00:00,0.9326593596887003,0.0728011284861271
2020-01-18 21:00:00,1.110221289762621,0.0
2020-01-18 22:00:00,0.9964805476398835,0.10733323117594981
2020-01-18 23:00:00,0.9039554466238152,0.0507931581953428
2020-01-19 00:00:00,0.8898342727320705,0.0119960758094319
2020-01-19 01:00:00,0.8075851694358267,0.0198385890432912
2020-01-19 02:00:00,0.8152660509612095,0.0060650707918684
2020-01-19 03:00:00,0.808199229477761,0.0173443106028884
2020-01-19 04:00:00,0.7894404170432299,0.07101454695277859
2020-01-19 05:00:00,0.6997089215879984,0.0062712118651214
2020-01-19 06:00:00,0.8179682172655602,0.0439526700886928
2020-01-19 07:00:00,0.7088930989716723,0.4375128083035338
2020-01-19 08:00:00,0.9349652378363387,0.8596782953484718
2020-01-19 09:00:00,0.8520751253449599,1.2158873112508632
2020-01-19 10:00:00,0.8966519949936309,1.4268535083014675
2020-01-19 11:00:00,0.8090179801264517,1.6713112769644618
2020-01-19 12:00:00,0.6971998912522002,1.6427897393480329
2020-01-19 13:00:00,0.7577842868664122,1.6374644102358291
2020-01-19 14:00:00,0.6880547289701955,1.5094605810776827
2020-01-19 15:00:00,0.7537912692288677,1.206585619490251
2020-01-19 16:00:00,0.8106762914391424,0.7468173026932299
2020-01-19 17:00:00,0.7151887057864013,0.36907134455680823
2020-01-19 18:00:00,0.7118806118494245,0.0069718733116201
2020-01-19 19:00:00,0.800470754154043,0.0
2020-01-19 20:00:00,0.7032639214933467,0.0719707191497296
2020-01-19 21:00:00,0.7998513689901681,0.0025277633268503
2020-01-19 22:00:00,0.8094593632524815,0.007330848469747
2020-01-19 23:00:00,0.6865740132056111,0.0294374306547118
2020-01-20 00:00:00,0.6615768662207302,0.0
2020-01-20 01:00:00,0.8716361309116467,0.0690406369446187
2020-01-20 02:00:00,0.6471292746047523,0.0
2020-01-20 03:00:00,0.823882511304322,0.0
2020-01-20 04:00:00,0.8248491147472119,0.0101060438056481
2020-01-20 05:00:00,0.8317902479017745,0.077680896205401
2020-01-20 06:00:00,0.7938536182267706,0.0396977208791475
2020-01-20 07:00:00,0.653596182151633,0.4497598189182384
2020-01-20 08:00:00,0.8074814608136935,0.7875917139684909
2020-01-20 09:00:00,0.8828067810914024,1.2425251102200687
2020-01-20 10:00:00,0.8679888696710487,1.4930708125462828
2020-01-20 11:00:00,0.6980158491283459,1.6596174129507713
2020-01-20 12:00:00,0.6783141916078099,1.6611147500859746
2020-01-20 13:00:00,0.913908644964876,1.6647934316510198
2020-01-20 14:00:00,1.0253696134442802,1.4802960304361694
2020-01-20 15:00:00,1.0014596451492421,1.2716053127193088
2020-01-20 16:00:00,1.0007022187126269,0.8718700183689356
2020-01-20 17:00:00,0.9863304539283113,0.4274190705229069
2020-01-20 18:00:00,0.9908715669556276,0.051678663519501206
2020-01-20 19:00:00,0.8925988929408476,0.0
2020-01-20 20:00:00,1.0385710763356946,0.0436550498233158
2020-01-20 21:00:00,0.8804778431109005,0.0
2020-01-20 22:00:00,0.8403829473024369,0.0161909060126031
2020-01-20 23:00:00,0.9739276836084252,0.0
2020-01-21 00:00:00,0.9415270390500461,0.0121587160094963
2020-01-21 01:00:00,1.0493286615742332,0.0199177996197526
2020-01-21 02:00:00,1.1073152845218046,0.0299236559675251
2020-01-21 03:00:00,1.068298284148724,0.0149943535513309
2020-01-21 04:00:00,0.9937002986376215,0.0
2020-01-21 05:00:00,1.1414323900085241,0.0
2020-01-21 06:00:00,1.100083237627761,0.0067326669001356
2020-01-21 07:00:00,1.190555319928165,0.4368317256522499
2020-01-21 08:00:00,1.0624573300342686,0.810253183434962
2020-01-21 09:00:00,1.1206437643097154,1.2143258957972352
2020-01-21 10:00:00,1.059785731275717,1.4542185727301509
2020-01-21 11:00:00,1.1409777032553068,1.6829054276463031
2020-01-21 12:00:00,1.1868994342004204,1.7141722397467045
2020-01-21 13:00:00,1.2376390566917643,1.5835839424797733
2020-01-21 14:00:00,1.2702080753694713,1.4904154935321694
2020-01-21 15:00:00,1.038938989272511,1.122124495734763
2020-01-21 16:00:00,1.240791040136949,0.8856578754076176
2020-01-21 17:00:00,1.1977423394536404,0.4990024712740295
2020-01-21 18:00:00,1.340396158196516,0.0
2020-01-21 19:00:00,1.3733762344243707,0.0352138161006126
2020-01-21 20:00:00,1.465374142899444,0.0609555063989187
2020-01-21 21:00:00,1.411636282929329,0.040560500601736
2020-01-21 22:00:00,1.2676193946556413,0.0317520900190618
2020-01-21 23:00:00,1.2398832041451744,0.0510754538927013
2020-01-22 00:00:00,1.267978615082523,0.0093652598376918
2020-01-22 01:00:00,1.3182003756079625,0.0265519615547657
2020-01-22 02:00:00,1.4330636388615063,0.0253784418803041
2020-01-22 03:00:00,1.3075585430429508,0.0
2020-01-22 04:00:00,1.4261812071635425,0.0512561204542055
2020-01-22 05:00:00,1.5630878197043852,0.0159444963171215
2020-01-22 06:00:00,1.4397666820563333,0.0122942405603137
2020-01-22 07:00:00,1.6404815368690886,0.4530589008127921
2020-01-22 08:00:00,1.5448555622037485,0.789882373564522
2020-01-22 09:00:00,1.4802461305421062,1.2066633971817946
2020-01-22 10:00:00,1.5745873337848182,1.4733132671110543
2020-01-22 11:00:00,1.5664372298535014,1.652786035749283
2020-01-22 12:00:00,1.487868987611609,1.6704310126291086
2020-01-22 13:00:00,1.496392386077936,1.6950379924094587
2020-01-22 14:00:00,1.6395410139591067,1.4250976265827264
2020-01-22 15:00:00,1.5123950232405745,1.2553909351721924
2020-01-22 16:00:00,1.5414596835140604,0.9117813517832463
2020-01-22 17:00:00,1.6119219965585114,0.42670583723216815
2020-01-22 18:00:00,1.6719486657876277,0.0263231022074555
2020-01-22 19:00:00,1.5465724404145098,0.0351248238845666
2020-01-22 20:00:00,1.6510775551767187,0.0072152941720001
2020-01-22 21:00:00,1.6364885814997039,0.0077621074321965
2020-01-22 22:00:00,1.4759260775210628,0.0
2020-01-22 23:00:00,1.6213092987185593,0.0641604131698668
2020-01-23 00:00:00,1.6934708219777073,0.0107809612763224
2020-01-23 01:00:00,1.6080457486126964,0.0609438204546561
2020-01-23 02:00:00,1.7985965726700015,0.1101756619171084
2020-01-23 03:00:00,1.6805136793650428,0.0041045744555679
2020-01-23 04:00:00,1.523626297125908,0.0
2020-01-23 05:00:00,1.6689562829112834,0.023177888309116
2020-01-23 06:00:00,1.560504013713736,0.0187742336517091
2020-01-23 07:00:00,1.6542442658230168,0.4037560044239985
2020-01-23 08:00:00,1.5933315876713672,0.8601451213549255
2020-01-23 09:00:00,1.669371583275702,1.2409375868863428
2020-01-23 10:00:00,1.6890156565128303,1.4773829130330436
2020-01-23 11:00:00,1.6206753158840261,1.6800383185216026
2020-01-23 12:00:00,1.502447245423682,1.6558019403443311
2020-01-23 13:00:00,1.4822291368064304,1.6394238447895928
2020-01-23 14:00:00,1.5573876087287162,1.3988024249486544
2020-01-23 15:00:00,1.679625077213547,1.2417921108561019
2020-01-23 16:00:00,1.6326100176732266,0.8956355106432081
2020-01-23 17:00:00,1.6560012050564006,0.4109639227190509
2020-01-23 18:00:00,1.5878092869234954,0.0169657455834198
2020-01-23 19:00:00,1.5084120474464084,0.003230732826924
2020-01-23 20:00:00,1.4878873568153699,0.0
2020-01-23 21:00:00,1.484630012246821,0.0497895600543663
2020-01-23 22:00:00,1.4955271051390615,0.0469998317529669
2020-01-23 23:00:00,1.3701721806686187,0.038050709196932396
2020-01-24 00:00:00,1.5090885857514986,0.0229813291138029
2020-01-24 01:00:00,1.4088500187553135,0.0
2020-01-24 02:00:00,1.5363744469478982,0.0
2020-01-24 03:00:00,1.502899752387905,0.0123462785692159
2020-01-24 04:00:00,1.556660264101646,0.0
2020-01-24 05:00:00,1.3839369589178059,0.0079730511581069
2020-01-24 06:00:00,1.352135562381603,0.0
2020-01-24 07:00:00,1.416508103966844,0.4936726395190608
2020-01-24 08:00:00,1.712975874167029,0.871627945344349
2020-01-24 09:00:00,1.4975487216380148,1.2573063151004373
2020-01-24 10:00:00,1.3078222102605512,1.5275940221245026
2020-01-24 11:00:00,1.420291902226313,1.6245959707109723
2020-01-24 12:00:00,1.4898784759256665,1.6947463172784283
2020-01-24 13:00:00,1.3916558704838695,1.6494337420692498
2020-01-24 14:00:00,1.4898693791444901,1.4845880457958627
2020-01-24 15:00:00,1.4281563199037701,1.190924617245222
2020-01-24 16:00:00,1.3860964298301308,0.8241982703981704
2020-01-24 17:00:00,1.4705881508186,0.38490382581963256
2020-01-24 18:00:00,1.2904283915870585,0.0
2020-01-24 19:00:00,1.2546304036527371,0.0189872509129436
2020-01-24 20:00:00,1.2190921164998108,0.0324250183916599
2020-01-24 21:00:00,1.3852068834501166,0.0
2020-01-24 22:00:00,1.2859120619830957,0.0224868017574537
2020-01-24 23:00:00,1.1139298228458512,0.0084250591974136
2020-01-25 00:00:00,1.2151444236199358,0.0303664972219469
2020-01-25 01:00:00,1.2148155209585907,0.034449391340957605
2020-01-25 02:00:00,1.2287341810637455,0.0
2020-01-25 03:00:00,1.2627815105032605,0.0076989310017634
2020-01-25 04:00:00,1.2871598402160482,0.0391705784126877
2020-01-25 05:00:00,1.062594164300406,0.0604698672872795
2020-01-25 06:00:00,1.2076228923320351,0.0
2020-01-25 07:00:00,1.077994258633006,0.4364107350330903
2020-01-25 08:00:00,1.1490956919790025,0.8757500649123734
2020-01-25 09:00:00,1.1689357068723396,1.240556088884965
2020-01-25 10:00:00,1.0592117252085518,1.5410848240142019
2020-01-25 11:00:00,0.9622293327661025,1.5946245073735525
2020-01-25 12:00:00,1.1727615567595637,1.7383077250788843
2020-01-25 13:00:00,0.9865763440217874,1.7497408718059975
2020-01-25 14:00:00,0.9376825683249854,1.4798603116370512
2020-01-25 15:00:00,1.133558279982739,1.2615954399689056
2020-01-25 16:00:00,1.0359298359782445,0.8349906324383015
2020-01-25 17:00:00,0.9513200452050978,0.45549742393096526
2020-01-25 18:00:00,0.9972151353734324,0.0541094695007163
2020-01-25 19:00:00,0.94024070838782,0.0414978577769455
2020-01-25 20:00:00,0.9761263871248663,0.0
2020-01-25 21:00:00,0.9675104337212501,0.0576558481565659
2020-01-25 22:00:00,0.9024290038279925,0.0462632057857438
2020-01-25 23:00:00,1.0015951486272594,0.0155675245258249
2020-01-26 00:00:00,0.9217633669844554,0.0514566807617993
2020-01-26 01:00:00,0.8363345197659807,0.026621018367589497
2020-01-26 02:00:00,0.9167579633207601,0.0488032213304918
2020-01-26 03:00:00,0.714996971864562,0.0
2020-01-26 04:00:00,0.8471871812111943,0.009966219125028
2020-01-26 05:00:00,0.798073601319212,0.0271781450996631
2020-01-26 06:00:00,0.8779274862431521,0.0
2020-01-26 07:00:00,0.8914569186097879,0.4118905538600929
2020-01-26 08:00:00,0.9322553777702819,0.8488946736343963
2020-01-26 09:00:00,0.8647027101061163,1.2233972762470422
2020-01-26 10:00:00,0.8199372334760163,1.647617397788165
2020-01-26 11:00:00,0.8216152555215104,1.6435229101044673
2020-01-26 12:00:00,0.7504340689214142,1.820574354859398
2020-01-26 13:00:00,0.988651098368105,1.7665320410165548
2020-01-26 14:00:00,0.7917783507830689,1.535981337170554
2020-01-26 15:00:00,0.903099755466409,1.1903684620415704
2020-01-26 16:00:00,0.7896038749978098,0.8249067401557055
2020-01-26 17:00:00,0.8653389388223236,0.466273752837716
2020-01-26 18:00:00,0.7434227363333356,0.0149709145970447
2020-01-26 19:00:00,0.9512064676478129,0.0101197256740655
2020-01-26 20:00:00,0.8188352908812859,0.0
2020-01-26 21:00:00,0.7717133744940157,0.064976492295893
2020-01-26 22:00:00,0.8555089269713922,0.0502698596324447
2020-01-26 23:00:00,0.8913389110492769,0.0
2020-01-27 00:00:00,0.7833710545243602,0.0252900485796159
2020-01-27 01:00:00,0.8296873702285112,0.0
2020-01-27 02:00:00,0.7433544331565847,0.0344697141064805
2020-01-27 03:00:00,0.795471638711358,0.0065480837496167
2020-01-27 04:00:00,0.8184641294639596,0.0065594981029629
2020-01-27 05:00:00,0.8183198004443983,0.0807588719364762
2020-01-27 06:00:00,0.907678672325309,0.0
2020-01-27 07:00:00,0.7951168896202694,0.37044172312114887
2020-01-27 08:00:00,0.9131164488865808,0.8298179116768819
2020-01-27 09:00:00,0.8398136112411346,1.2627152814849842
2020-01-27 10:00:00,0.9669262490701382,1.4829370060080844
2020-01-27 11:00:00,0.9084776428928475,1.6227383771340744
2020-01-27 12:00:00,0.9275585866968525,1.718400638128827
2020-01-27 13:00:00,1.0699650090145356,1.6523731128918608
2020-01-27 14:00:00,1.0337924677812786,1.5081082162017534
2020-01-27 15:00:00,1.009659572751319,1.2401760851897046
2020-01-27 16:00:00,0.8285282367807316,0.8657287184129392
2020-01-27 17:00:00,0.9770507401546626,0.4330878425478155
2020-01-27 18:00:00,0.7741388877870957,0.0133115013991225
2020-01-27 19:00:00,0.9768125667087824,0.0
2020-01-27 20:00:00,0.9109355162498253,0.0306360906700168
2020-01-27 21:00:00,0.9044879546445479,0.0
2020-01-27 22:00:00,1.0412038055757638,0.0279240386541325
2020-01-27 23:00:00,0.8811288588472104,0.0
2020-01-28 00:00:00,0.9575509760252963,0.0
2020-01-28 01:00:00,1.0225922662751994,0.0410777227218994
2020-01-28 02:00:00,1.0907860358437853,0.0283611322392955
2020-01-28 03:00:00,0.921108650675881,0.0
2020-01-28 04:00:00,1.0416744497558754,0.0
2020-01-28 05:00:00,1.2114860413748398,0.0852892211514613
2020-01-28 06:00:00,1.1531350994939662,0.0
2020-01-28 07:00:00,1.1201045518816244,0.47504135384194823
2020-01-28 08:00:00,1.1866347834081914,0.8888075624629184
2020-01-28 09:00:00,1.114500613206507,1.2816622941273688
2020-01-28 10:00:00,1.071474570369517,1.5755610181734154
2020-01-28 11:00:00,1.2728384174550806,1.7542222658248696
2020-01-28 12:00:00,1.1823534887267235,1.7537023108033418
2020-01-28 13:00:00,1.1604567078139225,1.6759519303606347
2020-01-28 14:00:00,1.3067725508282622,1.5208166550402458
2020-01-28 15:00:00,1.2630074270285383,1.249302902913625
2020-01-28 16:00:00,1.2507834357565182,0.8216771948040962
2020-01-28 17:00:00,1.2735457649330684,0.3657100670622413
2020-01-28 18:00:00,1.1496597098208758,0.11492765190449111
2020-01-28 19:00:00,1.3797375298132344,0.0077856081859702
2020-01-28 20:00:00,1.341750980689671,0.0083410224231541
2020-01-28 21:00:00,1.2156167447047643,0.0102905549093173
2020-01-28 22:00:00,1.4701771338396252,0.0217279177211967
2020-01-28 23:00:00,1.2245475053671346,0.0736906733413904
2020-01-29 00:00:00,1.3801852199494613,0.051061656977547
2020-01-29 01:00:00,1.4057092946456935,0.010255963161585
2020-01-29 02:00:00,1.350252537763395,0.0
2020-01-29 03:00:00,1.2683917280555794,0.0499123594229889
2020-01-29 04:00:00,1.3910681196186818,0.0649168323664495
2020-01-29 05:00:00,1.4857129626866565,0.0633236527732938
2020-01-29 06:00:00,1.5756010353448968,0.0
2020-01-29 07:00:00,1.638369528145041,0.3692634694730874
2020-01-29 08:00:00,1.4632641078762436,0.903983865709768
2020-01-29 09:00:00,1.443836853243631,1.243305473214706
2020-01-29 10:00:00,1.5089738836126636,1.5070061569984703
2020-01-29 11:00:00,1.4873659964315449,1.6510863387570809
2020-01-29 12:00:00,1.5882739911946797,1.746354552297915
2020-01-29 13:00:00,1.5522043205270033,1.6935796196158646
2020-01-29 14:00:00,1.5391619697015182,1.532108410048409
2020-01-29 15:00:00,1.5446172429628642,1.2499263739759519
2020-01-29 16:00:00,1.6166018255529988,0.956694266095287
2020-01-29 17:00:00,1.5984975968032962,0.4477766995313725
2020-01-29 18:00:00,1.683704083870629,0.022610724564589
2020-01-29 19:00:00,1.5565289523575045,0.014815808479618301
2020-01-29 20:00:00,1.6007123317638077,0.0102070282192366
2020-01-29 21:00:00,1.496159771352906,0.0
2020-01-29 22:00:00,1.6314699404617743,0.0
2020-01-29 23:00:00,1.6858638433225424,0.0
2020-01-30 00:00:00,1.7339881273624882,0.0598092190434131
2020-01-30 01:00:00,1.5771564918174166,0.0404526572132589
2020-01-30 02:00:00,1.6980026648844913,0.0110715816174165
2020-01-30 03:00:00,1.6314497013527522,0.0309992991127579
2020-01-30 04:00:00,1.5041591234946932,0.03767817611244
2020-01-30 05:00:00,1.583380720229786,0.0
2020-01-30 06:00:00,1.5845921745216849,0.006066344488881546
2020-01-30 07:00:00,1.778306663477375,0.4516205028134046
2020-01-30 08:00:00,1.6783363973484633,0.9081945283304873
2020-01-30 09:00:00,1.6645787624205965,1.2300179118659997
2020-01-30 10:00:00,1.6728615242510427,1.5613079769401796
2020-01-30 11:00:00,1.6441518859374515,1.6755563189398615
2020-01-30 12:00:00,1.6641756138058224,1.7347801752247425
2020-01-30 13:00:00,1.7437944910999317,1.7693440141919963
2020-01-30 14:00:00,1.8312516875754858,1.4848410305110828
2020-01-30 15:00:00,1.6796035473904052,1.2115705085418549
2020-01-30 16:00:00,1.5903907336170602,0.9208110766442177
2020-01-30 17:00:00,1.4951457897319174,0.40844198377908225
2020-01-30 18:00:00,1.4931625607487677,0.0438268736160181
2020-01-30 19:00:00,1.6156109364936801,0.0111223284110757
2020-01-30 20:00:00,1.67241908145397,0.0175931926540602
2020-01-30 21:00:00,1.5302896944974358,0.0300854673548477
2020-01-30 22:00:00,1.5908246345426296,0.0
2020-01-30 23:00:00,1.4998382654442524,0.0495506641830952
2020-01-31 00:00:00,1.5100848765604589,0.0604765508545955
2020-01-31 01:00:00,1.6479481381994747,0.0117145633347981
2020-01-31 02:00:00,1.5593822308855168,0.0
2020-01-31 03:00:00,1.5242323830707016,0.0089555004373615
2020-01-31 04:00:00,1.5757919350087293,0.0619530040979337
2020-01-31 05:00:00,1.4188688436916341,0.0060256447508652
2020-01-31 06:00:00,1.5699892613913151,0.0052724367889329
2020-01-31 07:00:00,1.511946670018602,0.484870901911036
2020-01-31 08:00:00,1.5268563229894574,0.9097770418057136
2020-01-31 09:00:00,1.3710480524144533,1.1710217344378346
2020-01-31 10:00:00,1.5042445749129585,1.4853477365626937
2020-01-31 11:00:00,1.509678724027287,1.6184207903245897
2020-01-31 12:00:00,1.4340569244553554,1.7091540944466832
2020-01-31 13:00:00,1.2422709164365426,1.701413704461252
2020-01-31 14:00:00,1.3319853553802323,1.481645034985296
2020-01-31 15:00:00,1.4177383494128661,1.188307223052318
2020-01-31 16:00:00,1.4764956943492211,0.8696824059419871
2020-01-31 17:00:00,1.4616016624304256,0.3945878922435182
2020-01-31 18:00:00,1.3928848036193338,0.0203497742255075
2020-01-31 19:00:00,1.3023943219656686,0.0107002584314054
2020-01-31 20:00:00,1.4080420866267285,0.0307003980401203
2020-01-31 21:00:00,1.4036955568970813,6.508270291204907e-06
2020-01-31 22:00:00,1.2949924184638486,0.0304644247168106
2020-01-31 23:00:00,1.1786711950505844,0.0
2020-02-01 00:00:00,1.2982211841565623,0.023562216115592602
2020-02-01 01:00:00,1.302685627484522,0.0
2020-02-01 02:00:00,1.3306078562586523,0.000586990266891
2020-02-01 03:00:00,1.2864667142394755,0.0096225892396046
2020-02-01 04:00:00,1.1139483745119878,0.0206668612252992
2020-02-01 05:00:00,1.209751582463808,0.044432831418846
2020-02-01 06:00:00,1.1419634611853953,0.0286389162692286
2020-02-01 07:00:00,1.2265213689957488,0.4085727664378725
2020-02-01 08:00:00,1.032282339283679,0.885411854491552
2020-02-01 09:00:00,1.1092066538095802,1.263302085546035
2020-02-01 10:00:00,1.1127684266639775,1.5607830234056408
2020-02-01 11:00:00,1.0587339868258145,1.700659960164098
2020-02-01 12:00:00,1.1334079363806455,1.7235184204700078
2020-02-01 13:00:00,1.04473038576576,1.6837978561596385
2020-02-01 14:00:00,1.0281676579005945,1.530361321860586
2020-02-01 15:00:00,1.1183745068187698,1.3253488895019832
2020-02-01 16:00:00,1.0469398555073228,0.9482625618514436
2020-02-01 17:00:00,1.052579297873273,0.5238573068347783
2020-02-01 18:00:00,0.9098782974083459,0.0463662911438311
2020-02-01 19:00:00,1.0920108448209744,0.0610653001777897
2020-02-01 20:00:00,1.0783111223179294,0.0260887348521119
2020-02-01 21:00:00,1.0174027382804622,0.0
2020-02-01 22:00:00,0.8338885491462846,0.0
2020-02-01 23:00:00,1.026423955202623,0.0337910018641816
2020-02-02 00:00:00,0.80719572888743,0.0124891692821283
2020-02-02 01:00:00,0.9132207160722845,0.0
2020-02-02 02:00:00,0.8565884467903644,0.0
2020-02-02 03:00:00,0.7769036989535449,0.0
2020-02-02 04:00:00,1.0312107747531503,0.0150989276222544
2020-02-02 05:00:00,0.8627300585711712,0.0
2020-02-02 06:00:00,0.8827696300697967,0.0266205007569543
2020-02-02 07:00:00,0.962221370099992,0.4912359229529276
2020-02-02 08:00:00,0.6878189909301328,0.884933918366974
2020-02-02 09:00:00,0.8546879081488037,1.2723924916061113
2020-02-02 10:00:00,0.8875053972039064,1.4922046691798767
2020-02-02 11:00:00,0.8546019411706569,1.6729157561938632
2020-02-02 12:00:00,1.0283002784635886,1.736009149620207
2020-02-02 13:00:00,0.7766182843216952,1.673775565776975
2020-02-02 14:00:00,0.7568179978263663,1.5069211734624368
2020-02-02 15:00:00,0.9267843857600183,1.2937671507501634
2020-02-02 16:00:00,0.872550982980639,0.8888092641419509
2020-02-02 17:00:00,0.7659427287543108,0.3809730472076706
2020-02-02 18:00:00,0.7292899402852848,0.08317066876966281
2020-02-02 19:00:00,0.7926625592583202,0.0309136020815275
2020-02-02 20:00:00,0.7434838751769131,0.0381216136671561
2020-02-02 21:00:00,0.7841238316867096,0.011949779398076
2020-02-02 22:00:00,0.916901714682328,0.0132927646841294
2020-02-02 23:00:00,0.7980343752980419,0.006240243385021
2020-02-03 00:00:00,0.8178176384881419,0.0028556222406134
2020-02-03 01:00:00,0.9020665276959802,0.0
2020-02-03 02:00:00,0.9220428130355585,0.0
2020-02-03 03:00:00,1.027938084679501,0.0
2020-02-03 04:00:00,0.8174832382355122,0.0072003759113845
2020-02-03 05:00:00,0.8977119346010394,0.010578376852491701
2020-02-03 06:00:00,0.8683869590455601,0.0341792824798994
2020-02-03 07:00:00,0.877922952343563,0.4629891779609561
2020-02-03 08:00:00,0.7921808817696601,0.8619573519051169
2020-02-03 09:00:00,0.8886569820829242,1.2237455931572425
2020-02-03 10:00:00,0.8759879487631467,1.5721462351028301
2020-02-03 11:00:00,0.8907624938860298,1.6546703971525232
2020-02-03 12:00:00,0.9618025871101665,1.719645198791798
2020-02-03 13:00:00,0.9141692975081568,1.6806468792674825
2020-02-03 14:00:00,0.9059915616449812,1.5686283273805173
2020-02-03 15:00:00,1.00808796008085,1.2618271330671018
2020-02-03 16:00:00,0.9699122480932896,0.8515736139607453
2020-02-03 17:00:00,0.8864742924485112,0.4458977678828113
2020-02-03 18:00:00,1.1501138377063729,0.0085126417844928
2020-02-03 19:00:00,0.934062623367226,0.0021589659555572
2020-02-03 20:00:00,0.8969258907572072,0.0393413632509603
2020-02-03 21:00:00,0.9850276011377639,0.0146332430359312
2020-02-03 22:00:00,0.8798970121128862,0.023489161910698803
2020-02-03 23:00:00,1.1010528288072559,0.0065939556233586
2020-02-04 00:00:00,1.1022470059467415,0.029013816557616
2020-02-04 01:00:00,1.0867839408234954,0.0280135831508657
2020-02-04 02:00:00,0.9494357233050212,0.0
2020-02-04 03:00:00,1.0463325307589142,0.0093480683354393
2020-02-04 04:00:00,1.0206466303951789,0.016760288011313
2020-02-04 05:00:00,1.0617336792002647,0.0111186973385201
2020-02-04 06:00:00,1.242582581630166,0.0
2020-02-04 07:00:00,1.138229214561569,0.4601847866240517
2020-02-04 08:00:00,1.1010755761296223,0.9175469016664795
2020-02-04 09:00:00,1.1176991967895304,1.2310922003260236
2020-02-04 10:00:00,1.1435943657566086,1.4617743000611756
2020-02-04 11:00:00,1.1161961542778136,1.688221667939358
2020-02-04 12:00:00,1.1914299398113153,1.7374359822151173
2020-02-04 13:00:00,1.171212885305176,1.6775530223915058
2020-02-04 14:00:00,1.2686868393835964,1.4659474487614559
2020-02-04 15:00:00,1.1907579520636058,1.1940860194895166
2020-02-04 16:00:00,1.316064936217228,0.8951870139311027
2020-02-04 17:00:00,1.3145109477635293,0.451722032105068
2020-02-04 18:00:00,1.3682105829948552,0.1046679077272763
2020-02-04 19:00:00,1.2441196364816596,0.0
2020-02-04 20:00:00,1.3251906359219146,0.0
2020-02-04 21:00:00,1.3322475725465073,0.0449825079788913
2020-02-04 22:00:00,1.3785617563981125,0.0
2020-02-04 23:00:00,1.4227118456078123,0.0038015292450776
2020-02-05 00:00:00,1.4090817618625113,0.005617706266265
2020-02-05 01:00:00,1.421641296566762,0.0346881381501777
2020-02-05 02:00:00,1.5762458947249984,0.0
2020-02-05 03:00:00,1.4906361596395241,0.0148016475773594
2020-02-05 04:00:00,1.5309435750886786,0.0290886819858336
2020-02-05 05:00:00,1.6807975911111672,0.0
2020-02-05 06:00:00,1.4732651320396006,0.0450813255074213
2020-02-05 07:00:00,1.586656902358985,0.4960289296994115
2020-02-05 08:00:00,1.3882933019739454,0.8529829851202337
2020-02-05 09:00:00,1.6457693988399993,1.2733903622851852
2020-02-05 10:00:00,1.360618986754941,1.556771485188869
2020-02-05 11:00:00,1.6881192892153154,1.7515479185755152
2020-02-05 12:00:00,1.5944736706002007,1.7610670522643466
2020-02-05 13:00:00,1.5257687901507098,1.6681447051658922
2020-02-05 14:00:00,1.568895061960145,1.4806002244852765
2020-02-05 15:00:00,1.5944303234619646,1.2159628552979194
2020-02-05 16:00:00,1.6484650045354645,0.9410902184503115
2020-02-05 17:00:00,1.6937068435282772,0.3668390128343716
2020-02-05 18:00:00,1.5065468944749232,0.0321992799340317
2020-02-05 19:00:00,1.6823157747559305,0.0
2020-02-05 20:00:00,1.5028847651032424,0.0131750584270065
2020-02-05 21:00:00,1.7664621474486863,0.0186858024773462
2020-02-05 22:00:00,1.716026123622719,0.0208945888840628
2020-02-05 23:00:00,1.616340851833501,0.0
2020-02-06 00:00:00,1.6915656070035765,0.0038060295109592
2020-02-06 01:00:00,1.706455298197716,0.0690242087595074
2020-02-06 02:00:00,1.7029902218083173,0.0747241693599547
2020-02-06 03:00:00,1.8227991108764459,0.0
2020-02-06 04:00:00,1.6335350057559457,0.0
2020-02-06 05:00:00,1.57132188067372,0.0
2020-02-06 06:00:00,1.6355113463993338,0.0328468813649984
2020-02-06 07:00:00,1.7553963093780105,0.4337637112658428
2020-02-06 08:00:00,1.592000193040663,0.8924989859103756
2020-02-06 09:00:00,1.8223230019521068,1.2665918720208806
2020-02-06 10:00:00,1.7256827627486024,1.5819776854566348
2020-02-06 11:00:00,1.6902397486090017,1.7704110877042676
2020-02-06 12:00:00,1.6835408645655252,1.8363316008796282
2020-02-06 13:00:00,1.6629423355601871,1.7175204073109962
2020-02-06 14:00:00,1.7035810244492553,1.5638136359299009
2020-02-06 15:00:00,1.5674558779730468,1.2468018556732348
2020-02-06 16:00:00,1.6447994619405562,0.8877015015050091
2020-02-06 17:00:00,1.7299850047969727,0.4399374400357276
2020-02-06 18:00:00,1.6969107234902556,0.0
2020-02-06 19:00:00,1.5656433924178472,0.0248418293712673
2020-02-06 20:00:00,1.7705457764843793,0.0009854192587217
2020-02-06 21:00:00,1.4494791632293187,0.0
2020-02-06 22:00:00,1.60678513343602,0.0477435172276286
2020-02-06 23:00:00,1.5960843014767478,0.0098029525525759
2020-02-07 00:00:00,1.6409915713693577,0.0
2020-02-07 01:00:00,1.5964818981790478,0.0
2020-02-07 02:00:00,1.6718153031705758,0.0013174479628163
2020-02-07 03:00:00,1.448955398851611,0.0
2020-02-07 04:00:00,1.5814654540234772,0.036952195639936
2020-02-07 05:00:00,1.584816923285978,0.0
2020-02-07 06:00:00,1.6082774399330515,0.0009283280533639
2020-02-07 07:00:00,1.4284427911990667,0.4328409955426257
2020-02-07 08:00:00,1.4315173780220873,0.845420182380449
2020-02-07 09:00:00,1.5493101038090584,1.315418645033335
2020-02-07 10:00:00,1.625745129560955,1.5205681575144543
2020-02-07 11:00:00,1.4562843504697482,1.6510953108763178
2020-02-07 12:00:00,1.558260610023614,1.752281213309586
2020-02-07 13:00:00,1.3577955976588387,1.7579916441184746
2020-02-07 14:00:00,1.4741855274018794,1.6334964600349404
2020-02-07 15:00:00,1.533197542275721,1.241845923637951
2020-02-07 16:00:00,1.4166297897036908,0.9061809160795633
2020-02-07 17:00:00,1.2826944877190671,0.4453392486755048
2020-02-07 18:00:00,1.3996562204058831,0.0909123535913119
2020-02-07 19:00:00,1.4127469863577127,0.038379429949889
2020-02-07 20:00:00,1.3357770125064723,0.0
2020-02-07 21:00:00,1.3792663419421012,0.0
2020-02-07 22:00:00,1.173072078071717,0.0189964300377968
2020-02-07 23:00:00,1.2372264958843562,0.040081360280201296
2020-02-08 00:00:00,1.2192482242701042,0.0119279524394828
2020-02-08 01:00:00,1.1420579824672874,0.005658757335569
2020-02-08 02:00:00,1.2087716020487596,0.0
2020-02-08 03:00:00,1.1816864430564114,0.0039587889469849
2020-02-08 04:00:00,1.2229882207199303,0.0428357837433114
2020-02-08 05:00:00,1.2570216289639147,0.052620632587751
2020-02-08 06:00:00,1.131510791785778,0.0
2020-02-08 07:00:00,1.1930077904958805,0.4251513882772334
2020-02-08 08:00:00,1.0081922192079655,0.9887768687464944
2020-02-08 09:00:00,1.2658919984376038,1.2608578909301196
2020-02-08 10:00:00,1.280026367580977,1.6135718034672075
2020-02-08 11:00:00,1.1386428120278247,1.7113692381558683
2020-02-08 12:00:00,1.14551096861883,1.814715938309528
2020-02-08 13:00:00,1.1299441808289812,1.6622605675575954
2020-02-08 14:00:00,1.157565235015496,1.5773982948913532
2020-02-08 15:00:00,1.0324936691353126,1.1977424834188404
2020-02-08 16:00:00,1.009321227365566,0.863855468093174
2020-02-08 17:00:00,0.8887991197999467,0.4807102885338407
2020-02-08 18:00:00,1.031051535180852,0.0
2020-02-08 19:00:00,0.9890671211559132,0.0
2020-02-08 20:00:00,0.9565628865298117,0.0461724178558523
2020-02-08 21:00:00,0.9850800723471268,0.0278586870134545
2020-02-08 22:00:00,0.9398739448523954,0.0
2020-02-08 23:00:00,1.0182039925499946,0.0
2020-02-09 00:00:00,0.8878093129333318,0.063907059038745
2020-02-09 01:00:00,0.983216209739417,0.0210019275692639
2020-02-09 02:00:00,0.9712981523034319,0.0147302538259055
2020-02-09 03:00:00,0.7436792869898496,0.0
2020-02-09 04:00:00,0.8605539937815765,0.0355178149397423
2020-02-09 05:00:00,0.8428911398854403,0.0518956737466848
2020-02-09 06:00:00,0.8406840509174749,0.0
2020-02-09 07:00:00,0.7824270591376628,0.522389077594863
2020-02-09 08:00:00,0.934989248783917,0.8218991084235803
2020-02-09 09:00:00,0.8889975641686281,1.2495745751169656
2020-02-09 10:00:00,0.8548774277791429,1.548475888301778
2020-02-09 11:00:00,0.7511177948851566,1.7136757197495458
2020-02-09 12:00:00,0.8919542375881582,1.791968023341978
2020-02-09 13:00:00,0.8122925776185437,1.689462144213465
2020-02-09 14:00:00,0.7862651220692825,1.5936538884220512
2020-02-09 15:00:00,0.7922832988317481,1.2385679786519943
2020-02-09 16:00:00,0.7580804000821063,0.9085204108876007
2020-02-09 17:00:00,0.7366359585180502,0.4075741627160427
2020-02-09 18:00:00,0.865267318811413,0.0199366075916477
2020-02-09 19:00:00,0.9348539521304429,0.0507123075864882
2020-02-09 20:00:00,0.7575183831075727,0.0179261522889376
2020-02-09 21:00:00,0.8618637126185498,0.0022320786442062
2020-02-09 22:00:00,0.8730753048801245,0.0192439270449232
2020-02-09 23:00:00,0.8519296969755554,0.0
2020-02-10 00:00:00,0.8922278953672571,0.0
2020-02-10 01:00:00,0.8957468474230972,0.0
2020-02-10 02:00:00,0.9324094068858568,0.0062774690182844
2020-02-10 03:00:00,0.8196804983143144,0.0260701209637276
2020-02-10 04:00:00,0.9956731656368135,0.0273590256292967
2020-02-10 05:00:00,1.0629954882070272,0.0247487903653237
2020-02-10 06:00:00,0.7335283215439137,0.0316651937702932
2020-02-10 07:00:00,0.8749188728004107,0.3983540643112135
2020-02-10 08:00:00,0.9503972425048555,0.8571841086129652
2020-02-10 09:00:00,0.6977570575509453,1.280063030675691
2020-02-10 10:00:00,0.9153673408982896,1.566738464375157
2020-02-10 11:00:00,0.937565537515065,1.7575921666951504
2020-02-10 12:00:00,0.9478212977381092,1.8002212865776173
2020-02-10 13:00:00,0.9486906801682016,1.7636023511510506
2020-02-10 14:00:00,1.0575101248490832,1.5570593926284757
2020-02-10 15:00:00,0.9365645977817179,1.3105633383168809
2020-02-10 16:00:00,0.9616516323608744,0.9023419039738898
2020-02-10 17:00:00,1.0799392939744605,0.4148039165705716
2020-02-10 18:00:00,1.1383206776771315,0.0081516570347741
2020-02-10 19:00:00,0.8740103183360501,0.0740155382270371
2020-02-10 20:00:00,0.9399347985464689,0.042296404589817295
2020-02-10 21:00:00,0.942117918455124,0.0258426022507531
2020-02-10 22:00:00,1.1015041100706604,0.0196227143698854
2020-02-10 23:00:00,1.0081272901634755,0.0786282109439134
2020-02-11 00:00:00,1.0061163918689764,0.0366553265570826
2020-02-11 01:00:00,0.9972660473343342,0.0
2020-02-11 02:00:00,1.0021738483826528,0.0046006899668615
2020-02-11 03:00:00,1.2544504687470406,0.0054245929149868
2020-02-11 04:00:00,0.9679824912157992,0.012531518617065099
2020-02-11 05:00:00,1.0964005147224594,0.0192819102920128
2020-02-11 06:00:00,1.1249231686248136,0.0128986819915949
2020-02-11 07:00:00,1.109000664609509,0.406628115887366
2020-02-11 08:00:00,1.2582619432446218,0.9796858653411842
2020-02-11 09:00:00,1.2211297928017277,1.2391412948756415
2020-02-11 10:00:00,1.263696489990578,1.6213726583376569
2020-02-11 11:00:00,1.2690201053430996,1.714682370428252
2020-02-11 12:00:00,1.4060126971275468,1.8090596090509297
2020-02-11 13:00:00,1.215917832510693,1.7597674332927637
2020-02-11 14:00:00,1.320877057182067,1.5588837961114965
2020-02-11 15:00:00,1.3276767313811617,1.3139436656361334
2020-02-11 16:00:00,1.3467950511355287,0.930233578145305
2020-02-11 17:00:00,1.3612433427206705,0.4536980881629462
2020-02-11 18:00:00,1.3821559670685504,0.0283334879270806
2020-02-11 19:00:00,1.4210124463109515,0.06533331658736169
2020-02-11 20:00:00,1.283285408602771,0.0132620019472128
2020-02-11 21:00:00,1.3805393501114682,0.0059687681857337
2020-02-11 22:00:00,1.4277806543999982,0.0218881138204317
2020-02-11 23:00:00,1.3848172196006998,0.0
2020-02-12 00:00:00,1.4629815214791282,0.06572347481016219
2020-02-12 01:00:00,1.3705529701697503,0.0711078213559131
2020-02-12 02:00:00,1.4428846023739874,0.0
2020-02-12 03:00:00,1.3814502989071058,0.0
2020-02-12 04:00:00,1.4427925771620962,0.0059758079210269
2020-02-12 05:00:00,1.6181033053231513,0.0
2020-02-12 06:00:00,1.2917877112352691,0.0109930186978932
2020-02-12 07:00:00,1.4451464500838371,0.4548906201644298
2020-02-12 08:00:00,1.4251108790023999,0.926020366394209
2020-02-12 09:00:00,1.50178961105473,1.3410644597989254
2020-02-12 10:00:00,1.5939574766877866,1.6085314399979285
2020-02-12 11:00:00,1.5853198714038816,1.7336926069872804
2020-02-12 12:00:00,1.4641222662978661,1.8101337753510538
2020-02-12 13:00:00,1.577890533357622,1.7532653168945225
2020-02-12 14:00:00,1.6661872201385932,1.5658380568598014
2020-02-12 15:00:00,1.6391710776404302,1.2395722664459616
2020-02-12 16:00:00,1.6521195189463396,0.9031351833800298
2020-02-12 17:00:00,1.6652059636533878,0.47486194440955176
2020-02-12 18:00:00,1.6990058046503949,0.0328421948931559
2020-02-12 19:00:00,1.7486360652043151,0.0343656608581314
2020-02-12 20:00:00,1.5993867166219637,0.0220273073139463
2020-02-12 21:00:00,1.6169928236566595,0.0350603790000425
2020-02-12 22:00:00,1.7214050051703342,0.0
2020-02-12 23:00:00,1.6481976739971755,0.0194465560946121
2020-02-13 00:00:00,1.6757319420817445,0.0
2020-02-13 01:00:00,1.6058770618670666,0.0224169610934485
2020-02-13 02:00:00,1.6878976832680541,0.0
2020-02-13 03:00:00,1.6256127385907282,0.0174837541650755
2020-02-13 04:00:00,1.6647502638302205,0.0240045810070063
2020-02-13 05:00:00,1.7843206246269419,0.0361098658317884
2020-02-13 06:00:00,1.622512398952078,0.0
2020-02-13 07:00:00,1.6570755695870405,0.4685116299301546
2020-02-13 08:00:00,1.7503218716508164,0.8253209475452554
2020-02-13 09:00:00,1.7903203384405089,1.350811176571312
2020-02-13 10:00:00,1.6172665898128895,1.5536550206022306
2020-02-13 11:00:00,1.6662411347608315,1.6782038345718922
2020-02-13 12:00:00,1.7922942388741379,1.7994010319173794
2020-02-13 13:00:00,1.7903033798149095,1.7613464472158546
2020-02-13 14:00:00,1.5979561719298856,1.5654869714411275
2020-02-13 15:00:00,1.6510167022088202,1.2760460043132937
2020-02-13 16:00:00,1.6455682298431227,0.8755514707702032
2020-02-13 17:00:00,1.6196705447069681,0.4429422479476155
2020-02-13 18:00:00,1.594884636780136,0.0388452832407372
2020-02-13 19:00:00,1.6148716775485803,0.0413406490300956
2020-02-13 20:00:00,1.681487205002385,0.0184307696085015
2020-02-13 21:00:00,1.6161062929258923,0.0433273993960208
2020-02-13 22:00:00,1.6378188676632592,0.0074379473551515
2020-02-13 23:00:00,1.6416721237077305,0.067831359249189
2020-02-14 00:00:00,1.6736603817366067,0.0850042796207897
2020-02-14 01:00:00,1.560939403130413,0.0
2020-02-14 02:00:00,1.6135051013971347,0.0022749681031983
2020-02-14 03:00:00,1.6847061372437682,0.0
2020-02-14 04:00:00,1.6054247308866558,0.0251401086681516
2020-02-14 05:00:00,1.6140849989232742,0.0
2020-02-14 06:00:00,1.6465865135944138,0.0205968364972116
2020-02-14 07:00:00,1.5677487046803853,0.45594451131021874
2020-02-14 08:00:00,1.5961133764519224,0.9438427701320329
2020-02-14 09:00:00,1.589788557708066,1.2968151030452129
2020-02-14 10:00:00,1.479827624421592,1.6013563990919937
2020-02-14 11:00:00,1.4343290159845932,1.7118468944567378
2020-02-14 12:00:00,1.5637388101137093,1.799733677658164
2020-02-14 13:00:00,1.4362413866554,1.7412600265747482
2020-02-14 14:00:00,1.4036724437398078,1.5451256847288557
2020-02-14 15:00:00,1.4224925006691065,1.3449307003697424
2020-02-14 16:00:00,1.383555977268383,0.9371899950583709
2020-02-14 17:00:00,1.4090906392643174,0.5492132373980497
2020-02-14 18:00:00,1.3577649139872738,0.0927924343757007
2020-02-14 19:00:00,1.3330727216612905,0.0098971381459921
2020-02-14 20:00:00,1.3631612542762832,0.024815061728204
2020-02-14 21:00:00,1.2824779363401992,0.0383547208190028
2020-02-14 22:00:00,1.3067693892639496,0.0733679593484381
2020-02-14 23:00:00,1.2784603530622507,0.0366812362173003
2020-02-15 00:00:00,1.2417973540480696,0.0
2020-02-15 01:00:00,1.343903536919545,0.0
2020-02-15 02:00:00,1.219184343980619,0.0133994607972487
2020-02-15 03:00:00,1.3310128324588364,0.0
2020-02-15 04:00:00,1.2388198239162724,0.0046834521754567
2020-02-15 05:00:00,1.2161099205592178,0.0
2020-02-15 06:00:00,1.1615502706617942,0.0064889981196112
2020-02-15 07:00:00,1.1366951734900566,0.4967544942044328
2020-02-15 08:00:00,1.2915168801058543,0.8947620939394355
2020-02-15 09:00:00,1.1871556352053685,1.2615016818563802
2020-02-15 10:00:00,0.9768856002745943,1.5106769044347772
2020-02-15 11:00:00,1.09228040053353,1.7692602654979082
2020-02-15 12:00:00,1.081296521165328,1.7921703011162045
2020-02-15 13:00:00,1.1536686908964888,1.7939397881771213
2020-02-15 14:00:00,1.05379617552764,1.6065980685564996
2020-02-15 15:00:00,1.0184580936236354,1.2499972116158706
2020-02-15 16:00:00,1.0516146244853513,0.8868257705923563
2020-02-15 17:00:00,0.9551543644829171,0.4766045266977456
2020-02-15 18:00:00,1.0860029270991045,0.0075121372131132
2020-02-15 19:00:00,1.1159055427466071,0.0111936556954157
2020-02-15 20:00:00,1.077228848714149,0.0
2020-02-15 21:00:00,0.9843318993314446,0.0271021731761527
2020-02-15 22:00:00,1.0137465965080763,0.0059646596058505
2020-02-15 23:00:00,1.034309777525408,0.0219621302842831
2020-02-16 00:00:00,0.935635161405128,0.0411744865826479
2020-02-16 01:00:00,1.0227211879209843,0.0654875007697915
2020-02-16 02:00:00,0.9583112884468494,0.0
2020-02-16 03:00:00,0.9061095643692203,0.0854380650402604
2020-02-16 04:00:00,1.034534788044391,0.0166869960880722
2020-02-16 05:00:00,0.8678437172686488,0.0083959001853002
2020-02-16 06:00:00,0.8761944568006034,0.0090131272759876
2020-02-16 07:00:00,0.9432531927100198,0.5021280019576658
2020-02-16 08:00:00,0.8408580962373726,0.9078661865081943
2020-02-16 09:00:00,0.9926413594627257,1.2009557581732202
2020-02-16 10:00:00,0.791738776138464,1.590003849818674
2020-02-16 11:00:00,0.7765699332074127,1.7632543967915586
2020-02-16 12:00:00,0.7034579992957464,1.8950518823543296
2020-02-16 13:00:00,0.9608518569121605,1.8007107332060692
2020-02-16 14:00:00,0.8289447665421106,1.5454133358022708
2020-02-16 15:00:00,0.7588623010482656,1.2368528154239116
2020-02-16 16:00:00,0.9044116353919067,0.9598439635528739
2020-02-16 17:00:00,0.7582889892042716,0.38722359744902857
2020-02-16 18:00:00,0.9593031329725985,0.0
2020-02-16 19:00:00,1.0063270180284563,0.0110336715456983
2020-02-16 20:00:00,0.9745993008880348,0.0110106497238565
2020-02-16 21:00:00,0.8850652726017321,0.0412333042827316
2020-02-16 22:00:00,0.8610134105133216,0.002128443074297
2020-02-16 23:00:00,0.8219576257329173,0.0
2020-02-17 00:00:00,0.9735640794501641,0.0090969672330381
2020-02-17 01:00:00,0.9551116429980366,0.0420045302990393
2020-02-17 02:00:00,0.8144480221206698,0.0
2020-02-17 03:00:00,0.6640480026264565,0.024806330188117
2020-02-17 04:00:00,0.7488422051770154,0.0
2020-02-17 05:00:00,0.8411363970257554,0.0257937958201116
2020-02-17 06:00:00,0.8966663379407802,0.0
2020-02-17 07:00:00,0.8101248763235617,0.41477506943969356
2020-02-17 08:00:00,0.8714414809674691,0.960428323335601
2020-02-17 09:00:00,0.9394354340163551,1.2474917019202105
2020-02-17 10:00:00,1.022994664806265,1.5626467924155671
2020-02-17 11:00:00,0.9208644474913594,1.7581849418945328
2020-02-17 12:00:00,0.937374310411673,1.7989047951552353
2020-02-17 13:00:00,0.8615912976142185,1.7628252740095687
2020-02-17 14:00:00,0.9226711652440822,1.663167164211698
2020-02-17 15:00:00,1.018583761513035,1.346495061618221
2020-02-17 16:00:00,0.9214476964298877,0.9222617320670227
2020-02-17 17:00:00,1.1121715613215133,0.4773804187276089
2020-02-17 18:00:00,0.99200501025616,0.0228652595665384
2020-02-17 19:00:00,0.9024097035407797,0.0042504390764057
2020-02-17 20:00:00,1.0232676152131428,0.0391913361081194
2020-02-17 21:00:00,1.0398234803853599,0.0
2020-02-17 22:00:00,1.1387235331988332,0.026963373742275
2020-02-17 23:00:00,1.1350183464994306,0.0
2020-02-18 00:00:00,1.1017798913166326,0.0255193613782109
2020-02-18 01:00:00,1.0178932210252887,0.0150995392888036
2020-02-18 02:00:00,1.1284380813358221,0.0229931200127691
2020-02-18 03:00:00,1.1682095761884297,0.0018763529698137
2020-02-18 04:00:00,1.1642872787883696,0.0109400877674991
2020-02-18 05:00:00,1.071983393347089,0.0190648528973312
2020-02-18 06:00:00,1.1108913615936744,0.0217409642217222
2020-02-18 07:00:00,1.064618299189266,0.4412577539743337
2020-02-18 08:00:00,1.1542629879537585,0.9215442940270973
2020-02-18 09:00:00,1.161482424623036,1.2725544127435138
2020-02-18 10:00:00,1.2138761754226743,1.5859195115138829
2020-02-18 11:00:00,1.0771079637552594,1.7692387119274353
2020-02-18 12:00:00,1.2121139591909964,1.7873365251435445
2020-02-18 13:00:00,1.4358048887342445,1.746472935310949
2020-02-18 14:00:00,1.1225997538193464,1.65244971464673
2020-02-18 15:00:00,1.2875300325396073,1.2320629496181286
2020-02-18 16:00:00,1.2451772361441706,0.9144026589205771
2020-02-18 17:00:00,1.4312022101716413,0.4401383224517712
2020-02-18 18:00:00,1.4448804441681606,0.035038931861651
2020-02-18 19:00:00,1.3823704774601517,0.0221084258465822
2020-02-18 20:00:00,1.513781966733956,0.0130094270938342
2020-02-18 21:00:00,1.3713548913894082,0.0020524424016816
2020-02-18 22:00:00,1.5788168018016497,0.0518416260124715
2020-02-18 23:00:00,1.4928417309018862,0.0057608896064727
2020-02-19 00:00:00,1.41544677045376,0.0
2020-02-19 01:00:00,1.403932046511326,0.11149667589121941
2020-02-19 02:00:00,1.577969008413997,0.0054230587156692
2020-02-19 03:00:00,1.476447629438025,0.0382411572193128
2020-02-19 04:00:00,1.4855933362204887,0.0
2020-02-19 05:00:00,1.4228277939841947,0.0293527153008881
2020-02-19 06:00:00,1.420875617942278,0.0055331291821181
2020-02-19 07:00:00,1.5829676834190365,0.41003562476344646
2020-02-19 08:00:00,1.5663513130237185,0.9492627503019557
2020-02-19 09:00:00,1.4698812457649286,1.3235822535136457
2020-02-19 10:00:00,1.5397352459830118,1.5509023032953997
2020-02-19 11:00:00,1.5515890497932683,1.7453086599743948
2020-02-19 12:00:00,1.549288824019059,1.7402297037504373
2020-02-19 13:00:00,1.5721985817544737,1.7464816878458889
2020-02-19 14:00:00,1.7214707780032683,1.5938346005547848
2020-02-19 15:00:00,1.5549902481895104,1.2743740011819127
2020-02-19 16:00:00,1.8199807018112082,0.9153405037685014
2020-02-19 17:00:00,1.6680058999987888,0.46523690547642393
2020-02-19 18:00:00,1.6877301886365847,0.0611200272175362
2020-02-19 19:00:00,1.6261700377548247,0.0331574658549898
2020-02-19 20:00:00,1.7152113884824716,0.0186155858142047
2020-02-19 21:00:00,1.636378301271597,0.0406161043623502
2020-02-19 22:00:00,1.782467140674585,0.0177897971321155
2020-02-19 23:00:00,1.7101486744692747,0.0273442773215757
2020-02-20 00:00:00,1.8153901104880434,0.0046124749208869
2020-02-20 01:00:00,1.7462830007064936,0.0418847725115262
2020-02-20 02:00:00,1.7189087668656855,0.032002397247739
2020-02-20 03:00:00,1.618441726305845,0.0024404429396092
2020-02-20 04:00:00,1.749887867122855,0.0304011571719895
2020-02-20 05:00:00,1.7941730591173382,0.07831577462626531
2020-02-20 06:00:00,1.7500067356084763,0.0029662800742708
2020-02-20 07:00:00,1.6641988584985525,0.506042123250483
2020-02-20 08:00:00,1.6056348771889897,0.8988702172592218
2020-02-20 09:00:00,1.8565951834913297,1.313093823116737
2020-02-20 10:00:00,1.6506914401334591,1.6119569551675645
2020-02-20 11:00:00,1.7619054247702084,1.8016638348552516
2020-02-20 12:00:00,1.555973995456178,1.8387119493222697
2020-02-20 13:00:00,1.6755120132414687,1.8147437167534268
2020-02-20 14:00:00,1.7104607319194653,1.641589012705666
2020-02-20 15:00:00,1.659674741391398,1.3485380982153448
2020-02-20 16:00:00,1.7054823134521566,0.9439836797507102
2020-02-20 17:00:00,1.586394589736127,0.4978096678764648
2020-02-20 18:00:00,1.6463558028620646,0.028726112080366302
2020-02-20 19:00:00,1.6719552334911523,0.0161600436817798
2020-02-20 20:00:00,1.7379387937540993,0.0147398767798113
2020-02-20 21:00:00,1.621218488971243,0.0431454778493489
2020-02-20 22:00:00,1.6133080436157001,0.0004114171125802
2020-02-20 23:00:00,1.6488049121966593,0.0275390619058986
2020-02-21 00:00:00,1.6000113620386123,0.0044308915765916
2020-02-21 01:00:00,1.6152480328989127,0.0
2020-02-21 02:00:00,1.7290139862999179,0.0140447171313864
2020-02-21 03:00:00,1.6676843205433776,0.0
2020-02-21 04:00:00,1.6070817107189108,0.0
2020-02-21 05:00:00,1.6739596958884881,0.002140973547287
2020-02-21 06:00:00,1.5692432241996106,0.0427074504734104
2020-02-21 07:00:00,1.6671645911677038,0.5168724266874214
2020-02-21 08:00:00,1.50718140953005,0.940747009219373
2020-02-21 09:00:00,1.4332705288486645,1.354066909164532
2020-02-21 10:00:00,1.507618202917408,1.5450266140849385
2020-02-21 11:00:00,1.5164289214634188,1.7146091038035558
2020-02-21 12:00:00,1.4451238612265365,1.8817890085190307
2020-02-21 13:00:00,1.407268453380079,1.7341919198605034
2020-02-21 14:00:00,1.4448062509759139,1.620802266128802
2020-02-21 15:00:00,1.413772084648936,1.3018239368389448
2020-02-21 16:00:00,1.4619632711130903,0.8922942392165162
2020-02-21 17:00:00,1.4290824887600835,0.4301997029677261
2020-02-21 18:00:00,1.4383967031883698,0.0
2020-02-21 19:00:00,1.341194282357227,0.0089371698642841
2020-02-21 20:00:00,1.405066599176561,0.0259773331755619
2020-02-21 21:00:00,1.3970099976923072,0.0470365207620527
2020-02-21 22:00:00,1.3972547359592626,0.0656901112425046
2020-02-21 23:00:00,1.2298837011752848,0.0
2020-02-22 00:00:00,1.2964410144280718,0.0208114083442961
2020-02-22 01:00:00,1.244456166986944,0.0
2020-02-22 02:00:00,1.3802223851812143,0.0
2020-02-22 03:00:00,1.2899539206127284,0.0307076094170799
2020-02-22 04:00:00,1.2515821751393017,0.0020380275634012
2020-02-22 05:00:00,1.266331909237087,0.0027904748377238
2020-02-22 06:00:00,1.1833600232601702,0.017436597101056
2020-02-22 07:00:00,1.3310520435915296,0.4588824815637555
2020-02-22 08:00:00,1.2372820918018475,0.8403627010981066
2020-02-22 09:00:00,1.0933638773107686,1.2666644037965034
2020-02-22 10:00:00,1.1996488784069566,1.6135051488242034
2020-02-22 11:00:00,1.2428054179893517,1.7590800183840145
2020-02-22 12:00:00,1.0647403880709414,1.8418205180145208
2020-02-22 13:00:00,1.0379703264449849,1.7262571353949947
2020-02-22 14:00:00,1.2242798529571712,1.6018067777245233
2020-02-22 15:00:00,1.1195793109274537,1.3211381974704275
2020-02-22 16:00:00,1.0262655733147725,0.9439203460992456
2020-02-22 17:00:00,0.9915697891734363,0.4559903275459877
2020-02-22 18:00:00,1.0857066237710427,0.0278047864528926
2020-02-22 19:00:00,1.207269180749506,0.0522857716605655
2020-02-22 20:00:00,1.0677283737442766,0.0321998252210338
2020-02-22 21:00:00,1.0120637555722978,0.0060100448401966
2020-02-22 22:00:00,0.9522285911697435,0.0442971479253358
2020-02-22 23:00:00,0.886432837280952,0.0
2020-02-23 00:00:00,1.0589324783772962,0.027556543819297202
2020-02-23 01:00:00,1.1314457454141846,0.0558009436125539
2020-02-23 02:00:00,1.044768185887326,0.0
2020-02-23 03:00:00,0.7935244274437302,0.0095397099951189
2020-02-23 04:00:00,0.8175914417940736,0.0247016001395893
2020-02-23 05:00:00,0.9333499081795037,0.026922674585248
2020-02-23 06:00:00,0.8992986930278442,0.0025985946859168
2020-02-23 07:00:00,0.7724594224809083,0.4807800405656213
2020-02-23 08:00:00,0.8294733377900116,0.900344299868507
2020-02-23 09:00:00,1.0102309935773608,1.2669966175019847
2020-02-23 10:00:00,0.9141686231263624,1.6535239424654145
2020-02-23 11:00:00,0.8586675775609004,1.8321335040134912
2020-02-23 12:00:00,0.8427891482944476,1.8128282560851774
2020-02-23 13:00:00,1.0569033341322775,1.7211651958233833
2020-02-23 14:00:00,0.8329298321855301,1.5851601611180266
2020-02-23 15:00:00,0.8752670694585022,1.1768979030116333
2020-02-23 16:00:00,0.944187701172051,0.9164002965609145
2020-02-23 17:00:00,0.9838538802344141,0.4876369123402016
2020-02-23 18:00:00,0.860587493082366,0.0128060127851846
2020-02-23 19:00:00,0.9438647766129387,0.0041889979336351
2020-02-23 20:00:00,0.8685172409625972,0.0162031698707885
2020-02-23 21:00:00,0.8329406887282396,0.0004737432721318
2020-02-23 22:00:00,0.8796952110294557,0.0063827377018134
2020-02-23 23:00:00,0.694067164388336,0.062196598193460496
2020-02-24 00:00:00,0.9175968954627041,0.0
2020-02-24 01:00:00,0.8813494383482334,0.0768224946779014
2020-02-24 02:00:00,0.8529006425247888,0.0283024136155202
2020-02-24 03:00:00,0.9553312721369209,0.0396997871520284
2020-02-24 04:00:00,0.9194406791277581,0.0
2020-02-24 05:00:00,0.9069566819263457,0.0
2020-02-24 06:00:00,0.9471446590531697,0.040108001398676596
2020-02-24 07:00:00,0.9121460480913433,0.46381638243823053
2020-02-24 08:00:00,1.0140476288858655,0.9235125109237543
2020-02-24 09:00:00,0.8811359872217244,1.2859842842039786
2020-02-24 10:00:00,0.9209648177205616,1.6197385783679272
2020-02-24 11:00:00,0.9943883834907997,1.8199465440427403
2020-02-24 12:00:00,0.9386392538093067,1.9154548214442826
2020-02-24 13:00:00,0.9989950891476314,1.7483694736425868
2020-02-24 14:00:00,0.8250622551282445,1.4990506898423752
2020-02-24 15:00:00,1.0399967343046015,1.2006993367223822
2020-02-24 16:00:00,1.0878756425486555,0.9302803096972283
2020-02-24 17:00:00,0.9853630635222608,0.43989231838957066
2020-02-24 18:00:00,0.9071429815309464,0.0
2020-02-24 19:00:00,1.026070033436301,0.0346134589064318
2020-02-24 20:00:00,1.0229249313076956,0.0
2020-02-24 21:00:00,1.131509342224248,0.0
2020-02-24 22:00:00,1.0882195790195093,0.0071338513723602
2020-02-24 23:00:00,1.0311081822030164,0.0604647324219901
2020-02-25 00:00:00,1.1925536742767386,0.0
2020-02-25 01:00:00,1.2380995672802861,0.0500212025095303
2020-02-25 02:00:00,1.3084473075832985,0.0445814042152189
2020-02-25 03:00:00,1.154277793821451,0.0207261280092555
2020-02-25 04:00:00,1.041482001291761,0.0334500260462453
2020-02-25 05:00:00,1.133080977178544,0.0221831063793056
2020-02-25 06:00:00,1.106196518414532,0.019119021814635
2020-02-25 07:00:00,1.1821701498465336,0.43960578283668983
2020-02-25 08:00:00,1.3548271880990237,0.9026623431164953
2020-02-25 09:00:00,1.3049970330628227,1.2445786059904163
2020-02-25 10:00:00,1.120486668143653,1.6516391843304605
2020-02-25 11:00:00,1.4329325956228423,1.7503225717818651
2020-02-25 12:00:00,1.3614406939570967,1.8422750360677003
2020-02-25 13:00:00,1.2127341881552223,1.7714309876571739
2020-02-25 14:00:00,1.326990309296261,1.5585267559755613
2020-02-25 15:00:00,1.2959851643415876,1.2911972535902885
2020-02-25 16:00:00,1.3209090110294073,0.9168461503568618
2020-02-25 17:00:00,1.4063744182999862,0.4396776470206538
2020-02-25 18:00:00,1.3317186985998264,0.053411249155125
2020-02-25 19:00:00,1.426273655815161,0.0403935607320388
2020-02-25 20:00:00,1.424449640191531,0.0
2020-02-25 21:00:00,1.336116200465693,0.0481457642607467
2020-02-25 22:00:00,1.406897828021874,0.0225862686604555
2020-02-25 23:00:00,1.4227991802008608,0.0141975528633778
2020-02-26 00:00:00,1.2731306476538076,0.0504975426054633
2020-02-26 01:00:00,1.5225925991317304,0.0004148268835826
2020-02-26 02:00:00,1.5406503146545991,0.0057814081194783
2020-02-26 03:00:00,1.43674711628508,0.0
2020-02-26 04:00:00,1.4901135834371142,0.009775482707412
2020-02-26 05:00:00,1.6458508256518396,0.0147195973760544
2020-02-26 06:00:00,1.4329487776658616,0.0
2020-02-26 07:00:00,1.5245786192458644,0.4345021649498959
2020-02-26 08:00:00,1.5915397068540869,0.903570941136335
2020-02-26 09:00:00,1.5706313339050473,1.2887300400533137
2020-02-26 10:00:00,1.6414755011209294,1.6016958524706912
2020-02-26 11:00:00,1.4762064542040092,1.8640944118317817
2020-02-26 12:00:00,1.725612273289862,1.8485826090576987
2020-02-26 13:00:00,1.6382021283433381,1.7589476702211613
2020-02-26 14:00:00,1.5491809895762458,1.62946141770973
2020-02-26 15:00:00,1.7155409306752647,1.3281762394842374
2020-02-26 16:00:00,1.7581650892884082,0.9221862606538123
2020-02-26 17:00:00,1.421900939814766,0.46169593423691657
2020-02-26 18:00:00,1.5668523530780507,0.08744139634202809
2020-02-26 19:00:00,1.662732303621374,0.0
2020-02-26 20:00:00,1.7140261041748208,0.0504690307969563
2020-02-26 21:00:00,1.674397327046031,0.0465188159544691
2020-02-26 22:00:00,1.7075559572063956,0.0
2020-02-26 23:00:00,1.5607337732787017,0.0044666815471696
2020-02-27 00:00:00,1.5860895391294134,0.0536052793585281
2020-02-27 01:00:00,1.5550196532666205,0.0275865064644655
2020-02-27 02:00:00,1.8041080184754572,0.021770965885828
2020-02-27 03:00:00,1.7626535978644826,0.0328140752498617
2020-02-27 04:00:00,1.7786822733526901,0.0195489928888665
2020-02-27 05:00:00,1.6850818072628373,0.047251298165345
2020-02-27 06:00:00,1.6140023213038852,0.0255457368889809
2020-02-27 07:00:00,1.8791866418815522,0.450165794648499
2020-02-27 08:00:00,1.7442465535884022,0.9718495341880296
2020-02-27 09:00:00,1.809079244343629,1.3386231445582322
2020-02-27 10:00:00,1.700527441854597,1.6158257590456588
2020-02-27 11:00:00,1.624567269993559,1.725336275270372
2020-02-27 12:00:00,1.6564387871312705,1.856880762068736
2020-02-27 13:00:00,1.7070665164178744,1.8109939636079622
2020-02-27 14:00:00,1.6083136260469248,1.5667076589532078
2020-02-27 15:00:00,1.600826316313009,1.3466757551736506
2020-02-27 16:00:00,1.7236680547640604,0.847714573678833
2020-02-27 17:00:00,1.6433776055273444,0.4752896855276681
2020-02-27 18:00:00,1.6979444505000725,0.0
2020-02-27 19:00:00,1.681204516353817,0.0377485566575269
2020-02-27 20:00:00,1.664700551072662,1.295202302519428e-05
2020-02-27 21:00:00,1.6033858518900233,0.0
2020-02-27 22:00:00,1.6566592535701128,0.0
2020-02-27 23:00:00,1.6751193710645262,0.0132572810697264
2020-02-28 00:00:00,1.6885358496886598,0.0
2020-02-28 01:00:00,1.793983938412715,0.0124367358548189
2020-02-28 02:00:00,1.566181461028779,0.0470099073860461
2020-02-28 03:00:00,1.539207799711661,0.0489965885029235
2020-02-28 04:00:00,1.5711373986776276,0.0030403342525619
2020-02-28 05:00:00,1.52235217642359,0.0021122981280517
2020-02-28 06:00:00,1.4902807019169877,0.0025005228057163
2020-02-28 07:00:00,1.5121161541331,0.4682369882263906
2020-02-28 08:00:00,1.4815236813716752,0.9159304821819494
2020-02-28 09:00:00,1.5442377613553109,1.3201019108886929
2020-02-28 10:00:00,1.531934526041861,1.6331556865882613
2020-02-28 11:00:00,1.4155309616731704,1.7698539421735942
2020-02-28 12:00:00,1.4137387090852762,1.8463025093345296
2020-02-28 13:00:00,1.4514793102593515,1.759865018743542
2020-02-28 14:00:00,1.477192584254822,1.6619487880731423
2020-02-28 15:00:00,1.3655934734111217,1.3558569460809946
2020-02-28 16:00:00,1.5302073963856477,0.9107670807972511
2020-02-28 17:00:00,1.3607456879958155,0.4017392609397476
2020-02-28 18:00:00,1.4485858779132263,0.0149464678817892
2020-02-28 19:00:00,1.4092876141644242,0.0
2020-02-28 20:00:00,1.3826114521558281,0.0455392640594648
2020-02-28 21:00:00,1.1735927570527558,0.0154880074358166
2020-02-28 22:00:00,1.324376796043182,0.0
2020-02-28 23:00:00,1.3035817103677494,0.0087705527881185
2020-02-29 00:00:00,1.2735717607091033,0.0262986790432202
2020-02-29 01:00:00,1.3206904890229056,0.003965658728838
2020-02-29 02:00:00,1.3519215026220812,0.0397601812885467
2020-02-29 03:00:00,1.3463168780878019,0.0282522292770068
2020-02-29 04:00:00,1.26489364558988,0.0320573657245273
2020-02-29 05:00:00,1.2583276070116773,0.0361849558986346
2020-02-29 06:00:00,1.4259897545070803,0.0123270979377212
2020-02-29 07:00:00,1.2306569361542405,0.5174076131435951
2020-02-29 08:00:00,1.1184147889834426,0.9897122710371724
2020-02-29 09:00:00,1.2199788806600993,1.3780879924804732
2020-02-29 10:00:00,1.1467007510444263,1.5893316860015299
2020-02-29 11:00:00,1.1904723943100104,1.781745697154037
2020-02-29 12:00:00,1.024977720122385,1.945183210918741
2020-02-29 13:00:00,1.2733938139123926,1.8445109009212952
2020-02-29 14:00:00,1.0772777970524623,1.6801158105778777
2020-02-29 15:00:00,1.122070035455289,1.3465312553193929
2020-02-29 16:00:00,0.9503789645247416,0.9396556567723942
2020-02-29 17:00:00,1.1503174566630585,0.4809378718110546
2020-02-29 18:00:00,1.0538321387569376,0.0009396971371597
2020-02-29 19:00:00,0.9416604649809606,0.0
2020-02-29 20:00:00,1.0868629075114895,0.0
2020-02-29 21:00:00,0.9786460009757412,0.0379076490663931
2020-02-29 22:00:00,1.0085859611056116,0.0682395809041768
2020-02-29 23:00:00,1.093322516744922,0.0688351154739078
2020-03-01 00:00:00,0.9254424563621159,0.0
2020-03-01 01:00:00,0.9705992155035341,0.08115681702496749
2020-03-01 02:00:00,0.9053078128263541,0.0373793667632808
2020-03-01 03:00:00,0.8953071572294165,0.1047432501513065
2020-03-01 04:00:00,0.9040700668373653,0.0640817686834369
2020-03-01 05:00:00,0.9724968905065527,0.0
2020-03-01 06:00:00,0.889318328872834,0.0109731483259206
2020-03-01 07:00:00,0.9236625700245138,0.48247956832720396
2020-03-01 08:00:00,0.8397088573159908,0.9155901714946377
2020-03-01 09:00:00,0.8511433760495084,1.3838837101521988
2020-03-01 10:00:00,0.8585107138457846,1.598383495210474
2020-03-01 11:00:00,0.8689913046973816,1.7766206552992214
2020-03-01 12:00:00,1.0070698715936544,1.8703934351259086
2020-03-01 13:00:00,0.9256274730522788,1.8271000217100375
2020-03-01 14:00:00,0.9268065592515535,1.6280915699778646
2020-03-01 15:00:00,0.7482000450159755,1.3024552268140095
2020-03-01 16:00:00,0.9271372434639444,0.958984318372722
2020-03-01 17:00:00,0.7911659802005885,0.4377178964541945
2020-03-01 18:00:00,0.846706754312094,0.0210931047432033
2020-03-01 19:00:00,0.9992989497636433,0.0
2020-03-01 20:00:00,0.9033107599820509,0.0313785718925122
2020-03-01 21:00:00,0.9622264214227751,0.0
2020-03-01 22:00:00,0.8256546679745211,0.0294287228420518
2020-03-01 23:00:00,0.9737269818170722,0.0071658768004069
2020-03-02 00:00:00,0.9002245248924735,0.0354466609609108
2020-03-02 01:00:00,0.8739579009745294,0.011840737238753101
2020-03-02 02:00:00,0.8298802115478827,0.0
2020-03-02 03:00:00,0.9853605929176992,0.0
2020-03-02 04:00:00,1.0326814439120586,0.0649068939750569
2020-03-02 05:00:00,0.8007788106806759,0.0
2020-03-02 06:00:00,0.9388974869130582,0.0131935667071681
2020-03-02 07:00:00,1.0611915485660468,0.4947340659804128
2020-03-02 08:00:00,0.853110433469633,0.9823214661997761
2020-03-02 09:00:00,1.04474952994156,1.2766478709064712
2020-03-02 10:00:00,0.9534812333465107,1.5971633114014232
2020-03-02 11:00:00,0.8962682663977632,1.8002960874481484
2020-03-02 12:00:00,1.153360543919804,1.8043226751810943
2020-03-02 13:00:00,0.9609261496160528,1.7864764891418017
2020-03-02 14:00:00,1.0811547496753413,1.5933569653097623
2020-03-02 15:00:00,1.0283559885256008,1.3696492230371404
2020-03-02 16:00:00,0.9374397394162156,0.9517051062616616
2020-03-02 17:00:00,1.0959984996413261,0.419928846525838
2020-03-02 18:00:00,1.1126281129294484,0.0
2020-03-02 19:00:00,1.2642765260797566,0.0307241126572112
2020-03-02 20:00:00,1.1334819022708649,0.0
2020-03-02 21:00:00,1.1018221015041305,0.0266314692837113
2020-03-02 22:00:00,1.0909655145559685,0.0570477010395311
2020-03-02 23:00:00,1.2186809320648573,0.0258584290403274
2020-03-03 00:00:00,1.148125105642049,0.0246955113904997
2020-03-03 01:00:00,1.0857769998500828,0.0
2020-03-03 02:00:00,1.070427703145446,0.0591189342951263
2020-03-03 03:00:00,1.131116311154785,0.022859289476032302
2020-03-03 04:00:00,1.1114725277139537,0.0
2020-03-03 05:00:00,1.1844831220263585,0.0
2020-03-03 06:00:00,1.0595690667033577,0.0337641866149443
2020-03-03 07:00:00,1.18287894776624,0.4851479373711204
2020-03-03 08:00:00,1.2591023867382711,0.9000871179457394
2020-03-03 09:00:00,1.3842705442012844,1.2242819977706487
2020-03-03 10:00:00,1.2231617617397448,1.635078063337432
2020-03-03 11:00:00,1.3183003966928513,1.8591050632496189
2020-03-03 12:00:00,1.2579193227839007,1.8605778903927734
2020-03-03 13:00:00,1.3354002403504763,1.8602609553223508
2020-03-03 14:00:00,1.4148654527212234,1.6276838846746036
2020-03-03 15:00:00,1.4292083397573938,1.3554260158945268
2020-03-03 16:00:00,1.2705672600561155,0.9258138415257287
2020-03-03 17:00:00,1.251234450855285,0.49785423613781055
2020-03-03 18:00:00,1.5083314640616003,0.0371903144053485
2020-03-03 19:00:00,1.4901827361260194,0.0686345224379184
2020-03-03 20:00:00,1.3717692549356069,0.0153068780237217
2020-03-03 21:00:00,1.3431338736659568,0.0445724568252916
2020-03-03 22:00:00,1.4152598913671857,0.0358194290104706
2020-03-03 23:00:00,1.4272959452921747,0.0377894029466281
2020-03-04 00:00:00,1.5185784441483654,0.06859454819043401
2020-03-04 01:00:00,1.5499132248383234,0.0790030103125186
2020-03-04 02:00:00,1.5654323522660503,0.010157448595852402
2020-03-04 03:00:00,1.5797606839584502,0.0
2020-03-04 04:00:00,1.4585392311879675,0.0372543054641494
2020-03-04 05:00:00,1.553321383010778,0.022397441668928
2020-03-04 06:00:00,1.5267009402340017,0.0110794461203748
2020-03-04 07:00:00,1.5333357339647167,0.4746723281279221
2020-03-04 08:00:00,1.4951867055483825,0.9602264102068001
2020-03-04 09:00:00,1.4075126325789293,1.368429284214907
2020-03-04 10:00:00,1.6722440553867104,1.6089677476878017
2020-03-04 11:00:00,1.529884003984406,1.8141944394888316
2020-03-04 12:00:00,1.5253968773046984,1.903793198218806
2020-03-04 13:00:00,1.6906319669333527,1.8589538045058218
2020-03-04 14:00:00,1.6543099840110547,1.5164998101482656
2020-03-04 15:00:00,1.712624301056474,1.3396268706837415
2020-03-04 16:00:00,1.6418878846948108,0.893721952467669
2020-03-04 17:00:00,1.5453670198610228,0.4575644517304755
2020-03-04 18:00:00,1.6201163562198202,0.0
2020-03-04 19:00:00,1.6540953135038858,0.0
2020-03-04 20:00:00,1.695799497418716,0.0131222005251625
2020-03-04 21:00:00,1.6597168806430758,0.001266306903929
2020-03-04 22:00:00,1.6535456336304897,0.0541778321695396
2020-03-04 23:00:00,1.7158828471637697,0.001044710125062
2020-03-05 00:00:00,1.7023519561308122,0.0176375003921416
2020-03-05 01:00:00,1.7306516246035342,0.0365268049033576
2020-03-05 02:00:00,1.6433937310236988,0.0642487035798107
2020-03-05 03:00:00,1.7005935345643104,0.0
2020-03-05 04:00:00,1.6372255126179518,0.0068480143836645
2020-03-05 05:00:00,1.7642148560555166,0.0178348650924659
2020-03-05 06:00:00,1.7526935197078568,0.0453687912740399
2020-03-05 07:00:00,1.7947573304615434,0.4590881696150557
2020-03-05 08:00:00,1.8080979288434853,0.9555810638321087
2020-03-05 09:00:00,1.757827193310473,1.3709031692740798
2020-03-05 10:00:00,1.845650972453718,1.5920190359545996
2020-03-05 11:00:00,1.8612963296010707,1.8131164532235917
2020-03-05 12:00:00,1.6798820685431166,1.922226188828647
2020-03-05 13:00:00,1.7027025950303663,1.835449618115028
2020-03-05 14:00:00,1.7151196368940171,1.631611695491272
2020-03-05 15:00:00,1.5982405410508589,1.3726460934828748
2020-03-05 16:00:00,1.5965916874047963,0.9289811481115249
2020-03-05 17:00:00,1.7154746598133324,0.5023290845081247
2020-03-05 18:00:00,1.8193024763706938,0.0277953338952155
2020-03-05 19:00:00,1.6796667177836366,0.0141424349827573
2020-03-05 20:00:00,1.6794432790660085,0.014704270761231
2020-03-05 21:00:00,1.6128139140305966,0.0133069106620454
2020-03-05 22:00:00,1.6166874082544689,0.0
2020-03-05 23:00:00,1.668544429670018,0.0
2020-03-06 00:00:00,1.6697984003928488,0.0
2020-03-06 01:00:00,1.6095131204136606,0.0
2020-03-06 02:00:00,1.518968997686188,0.06966952368982379
2020-03-06 03:00:00,1.5958659933878905,0.0
2020-03-06 04:00:00,1.4578870552457779,0.0013107477330695
2020-03-06 05:00:00,1.4631860183014818,0.0612397702672988
2020-03-06 06:00:00,1.5690014982808085,0.0137465719693455
2020-03-06 07:00:00,1.5284825470381558,0.5403606502957776
2020-03-06 08:00:00,1.635105975521459,0.9747090142153969
2020-03-06 09:00:00,1.5663799914381167,1.351674551486493
2020-03-06 10:00:00,1.4396386404781496,1.671562840239877
2020-03-06 11:00:00,1.5325452599323355,1.8397636386914948
2020-03-06 12:00:00,1.515061461082993,1.8176678992452093
2020-03-06 13:00:00,1.5910268475814993,1.8405336882979633
2020-03-06 14:00:00,1.5148758899471124,1.588114583702998
2020-03-06 15:00:00,1.2894235083447674,1.3247091640622466
2020-03-06 16:00:00,1.39272245919169,0.9475276536185917
2020-03-06 17:00:00,1.520987548766931,0.5190110840818956
2020-03-06 18:00:00,1.2520236430439393,0.0
2020-03-06 19:00:00,1.4775970284347701,0.0735587987845527
2020-03-06 20:00:00,1.403235725008601,0.0
2020-03-06 21:00:00,1.4054627479654007,0.0373124838719665
2020-03-06 22:00:00,1.2837469149195444,0.0
2020-03-06 23:00:00,1.3259457438966678,0.0291509648375188
2020-03-07 00:00:00,1.4300577491675832,0.0325248734540645
2020-03-07 01:00:00,1.36318335221468,0.0
2020-03-07 02:00:00,1.1690137791950035,0.0374437753971299
2020-03-07 03:00:00,1.3359157636735106,0.0197578691029623
2020-03-07 04:00:00,1.2646225949881862,0.0481520201848785
2020-03-07 05:00:00,1.240327562345842,0.0142639577765095
2020-03-07 06:00:00,1.0851131909540763,0.0393225141442538
2020-03-07 07:00:00,1.1909831763151006,0.5485844041961931
2020-03-07 08:00:00,1.1745983205602297,1.001035597465215
2020-03-07 09:00:00,1.1669593620618972,1.3482773567432333
2020-03-07 10:00:00,1.2217205828338942,1.6362666478295669
2020-03-07 11:00:00,1.1746596981080455,1.8180132634368071
2020-03-07 12:00:00,1.1388193715298631,1.8430555686849768
2020-03-07 13:00:00,1.0783525102886742,1.7918277945601355
2020-03-07 14:00:00,1.1510669085588812,1.6514802198279988
2020-03-07 15:00:00,0.978761996680724,1.3069385123406412
2020-03-07 16:00:00,1.134004977689668,0.9400535210403071
2020-03-07 17:00:00,1.024827013464508,0.46365075264938826
2020-03-07 18:00:00,1.1380449494944536,0.0364156521918737
2020-03-07 19:00:00,0.896399400795657,0.0131923966201002
2020-03-07 20:00:00,1.0151352745268574,0.048269099619529
2020-03-07 21:00:00,1.1224621640316041,0.0
2020-03-07 22:00:00,1.0180208484628863,0.041016646852037195
2020-03-07 23:00:00,1.0524068142949168,0.0361368244029453
2020-03-08 00:00:00,0.8644823401368218,0.0337358894780052
2020-03-08 01:00:00,0.8236232070789821,0.0326779695389708
2020-03-08 02:00:00,0.9913575465533876,0.0492300482634903
2020-03-08 03:00:00,0.9163994791286565,0.0
2020-03-08 04:00:00,1.0584161544212272,0.0066301481398536
2020-03-08 05:00:00,0.9974005193232942,0.0
2020-03-08 06:00:00,0.9446545731190577,0.0141124342918771
2020-03-08 07:00:00,0.9154405013400428,0.49273469384034907
2020-03-08 08:00:00,0.9478625412383772,1.0032545601562224
2020-03-08 09:00:00,0.7671977727631214,1.3561093683701595
2020-03-08 10:00:00,1.0211642278800215,1.6202771175194761
2020-03-08 11:00:00,0.9924947277181068,1.8801237854195558
2020-03-08 12:00:00,1.010527760820648,1.9135702304024207
2020-03-08 13:00:00,0.8667749990784289,1.7946612580269647
2020-03-08 14:00:00,0.9579062670121388,1.562756728052483
2020-03-08 15:00:00,0.8604447370953061,1.2840225781417833
2020-03-08 16:00:00,0.9013130555776572,0.9487579084046739
2020-03-08 17:00:00,0.8398135314826435,0.43189465885556844
2020-03-08 18:00:00,0.929926014143307,0.0358756561617557
2020-03-08 19:00:00,0.876505210195654,0.0061350823676137
2020-03-08 20:00:00,0.7849343660123504,0.0425488381040307
2020-03-08 21:00:00,0.9221515428589524,0.0076222064660466
2020-03-08 22:00:00,0.8360348074288468,0.0207046227615336
2020-03-08 23:00:00,0.9185037970501593,0.0310308749374751
2020-03-09 00:00:00,0.993239914286018,0.0084285639172158
2020-03-09 01:00:00,0.7510974862672257,0.0769355671237514
2020-03-09 02:00:00,1.0032893606735387,0.012900363182254
2020-03-09 03:00:00,0.8685961790361785,0.0702749155217839
2020-03-09 04:00:00,0.8487851867304308,0.0
2020-03-09 05:00:00,0.9299695832621705,0.0060841302297701
2020-03-09 06:00:00,0.983874695199356,0.0
2020-03-09 07:00:00,0.9555881968957265,0.5148240434559817
2020-03-09 08:00:00,1.2188881785376413,0.8923619163884093
2020-03-09 09:00:00,0.8651116437153197,1.302207462252734
2020-03-09 10:00:00,1.0001587188588903,1.6811110357309391
2020-03-09 11:00:00,0.8825285959517153,1.8320309444136842
2020-03-09 12:00:00,0.989687487120863,1.899664702289929
2020-03-09 13:00:00,0.980404725189843,1.8052521243862025
2020-03-09 14:00:00,0.9428891433886535,1.6642348872149881
2020-03-09 15:00:00,0.8955307052578425,1.3083592837997498
2020-03-09 16:00:00,1.0551246147043534,0.9770772491447415
2020-03-09 17:00:00,0.9854632612871654,0.5681161767522243
2020-03-09 18:00:00,1.1490234309070024,0.0371472657923764
2020-03-09 19:00:00,1.0217490274280758,0.014443711629893
2020-03-09 20:00:00,1.0916425385845847,0.021990566298257998
2020-03-09 21:00:00,1.0040105426577695,0.005031810346541
2020-03-09 22:00:00,1.0284490416670273,0.0118519007541779
2020-03-09 23:00:00,1.170912513947806,0.0212000019558981
2020-03-10 00:00:00,1.0679196954381363,0.0435223937901961
2020-03-10 01:00:00,1.0276077862857964,0.0327578235844109
2020-03-10 02:00:00,1.0681347376814398,0.0022489640052136
2020-03-10 03:00:00,1.175853239368159,0.03596939791386
2020-03-10 04:00:00,1.3259674972550755,0.0096149038896674
2020-03-10 05:00:00,1.4188479270919427,0.0042519902644805
2020-03-10 06:00:00,1.2130307759662324,0.022268518932431
2020-03-10 07:00:00,1.2074473454818775,0.4657673622753232
2020-03-10 08:00:00,1.2529709608749597,0.9482985875967229
2020-03-10 09:00:00,1.239237718838126,1.3057290260036274
2020-03-10 10:00:00,1.2893245547679433,1.6487976710705736
2020-03-10 11:00:00,1.1464549885469129,1.7895942141180095
2020-03-10 12:00:00,1.3595343091682692,1.9158569312229394
2020-03-10 13:00:00,1.4411578008860517,1.8582000511199324
2020-03-10 14:00:00,1.3369830259196447,1.7024811817565428
2020-03-10 15:00:00,1.372137299792393,1.3353576959378626
2020-03-10 16:00:00,1.4011610736783395,0.908272771377133
2020-03-10 17:00:00,1.291672801235322,0.5251548909061174
2020-03-10 18:00:00,1.269455461417413,0.102796164368745
2020-03-10 19:00:00,1.411312024794163,0.0151922851308644
2020-03-10 20:00:00,1.5624269219020963,0.0270072922106074
2020-03-10 21:00:00,1.466239964301129,0.0
2020-03-10 22:00:00,1.4607709083017026,0.0
2020-03-10 23:00:00,1.459309216117916,0.0
2020-03-11 00:00:00,1.482200900365468,0.0268275223328205
2020-03-11 01:00:00,1.4434079756717415,0.0
2020-03-11 02:00:00,1.4677455102957961,0.0157629386133229
2020-03-11 03:00:00,1.518243462040492,0.0337740705453392
2020-03-11 04:00:00,1.5811955323584401,0.0035897978663302
2020-03-11 05:00:00,1.4378195749720422,0.0
2020-03-11 06:00:00,1.505399042391769,0.0072194297257437
2020-03-11 07:00:00,1.5299465873428402,0.4500333356087326
2020-03-11 08:00:00,1.6926620161841897,0.9697213703250206
2020-03-11 09:00:00,1.4864383500632459,1.3476321012602268
2020-03-11 10:00:00,1.7317814101870481,1.6443955669612693
2020-03-11 11:00:00,1.7206396846886776,1.805669032821113
2020-03-11 12:00:00,1.5726011435791334,1.8625405391992245
2020-03-11 13:00:00,1.7179330498016567,1.8081452740562027
2020-03-11 14:00:00,1.4787109661321547,1.576237714114999
2020-03-11 15:00:00,1.719076458850239,1.3167645769049656
2020-03-11 16:00:00,1.627207284196097,0.8951724148114566
2020-03-11 17:00:00,1.7471111730256754,0.5260896942875894
2020-03-11 18:00:00,1.7869485187958838,0.0201584237261996
2020-03-11 19:00:00,1.5635037622281627,0.0159137119124701
2020-03-11 20:00:00,1.563791541861774,0.0006012752013303
2020-03-11 21:00:00,1.5954358763680534,0.0084014884629723
2020-03-11 22:00:00,1.6477892598217205,0.039024075611141504
2020-03-11 23:00:00,1.660787378163465,0.0164462423964003
2020-03-12 00:00:00,1.6564678681191412,0.0191560148172801
2020-03-12 01:00:00,1.8323441243496812,0.0316331166565558
2020-03-12 02:00:00,1.6863149683520833,0.0297495140098879
2020-03-12 03:00:00,1.7445549374382656,0.0
2020-03-12 04:00:00,1.548763894630378,0.1041836436066805
2020-03-12 05:00:00,1.7480181949799638,0.0235252354262328
2020-03-12 06:00:00,1.8204169860878952,0.0
2020-03-12 07:00:00,1.6789420118548597,0.5343439769841668
2020-03-12 08:00:00,1.794635081575751,0.9046396009216474
2020-03-12 09:00:00,1.8329535424478802,1.3701147586250784
2020-03-12 10:00:00,1.775467759787221,1.6721328041405008
2020-03-12 11:00:00,1.8111204455421563,1.8082221708059305
2020-03-12 12:00:00,1.750773183968275,1.8845605971557418
2020-03-12 13:00:00,1.6398319797744985,1.8697740747096985
2020-03-12 14:00:00,1.7477344508025885,1.6313123130496847
2020-03-12 15:00:00,1.6274845663921353,1.2702282745115956
2020-03-12 16:00:00,1.7302018068421432,1.0228036928335351
2020-03-12 17:00:00,1.5717142382654399,0.5057351110909041
2020-03-12 18:00:00,1.6309201848268298,0.0338759081601494
2020-03-12 19:00:00,1.7340452538027222,0.0052263127450628
2020-03-12 20:00:00,1.7224409241821432,0.0
2020-03-12 21:00:00,1.767288883866871,0.0014250944295679
2020-03-12 22:00:00,1.8261198356637616,0.046584813162170995
2020-03-12 23:00:00,1.6325293061523038,0.0521948204372346
2020-03-13 00:00:00,1.4485331752920372,0.0004229995190847
2020-03-13 01:00:00,1.7339955821731468,0.0278575965983984
2020-03-13 02:00:00,1.4653928665186715,0.0181004097441866
2020-03-13 03:00:00,1.6026043378141164,0.050620160631724
2020-03-13 04:00:00,1.4359386220711396,0.0173784760414187
2020-03-13 05:00:00,1.458940629281169,0.0597733625214011
2020-03-13 06:00:00,1.589341760432169,0.0126040980137031
2020-03-13 07:00:00,1.577121625991142,0.5539780203783012
2020-03-13 08:00:00,1.5406337893658963,0.9328940633329298
2020-03-13 09:00:00,1.4148935883319074,1.4120491727460407
2020-03-13 10:00:00,1.52597075797047,1.5716602069597352
2020-03-13 11:00:00,1.5199885629833294,1.8808319019958857
2020-03-13 12:00:00,1.4108101680245189,1.8641668971265708
2020-03-13 13:00:00,1.5596359869994645,1.8312864148320154
2020-03-13 14:00:00,1.4562459629918054,1.6763119639079445
2020-03-13 15:00:00,1.4185854336903347,1.362950620477188
2020-03-13 16:00:00,1.427380837837089,0.9265909416776343
2020-03-13 17:00:00,1.4745313597535985,0.41292352240302543
2020-03-13 18:00:00,1.4307707845288906,0.0083458698276471
2020-03-13 19:00:00,1.4120423142471745,0.0
2020-03-13 20:00:00,1.4347021141688936,0.0
2020-03-13 21:00:00,1.511418482329245,0.0567730151584471
2020-03-13 22:00:00,1.6250575842977382,0.0306053129419523
2020-03-13 23:00:00,1.348538208511818,0.0
2020-03-14 00:00:00,1.3599392126265482,0.0
2020-03-14 01:00:00,1.2063480472920758,0.0068989392800338
2020-03-14 02:00:00,1.3640714688902924,0.0166166924269102
2020-03-14 03:00:00,1.239934717435737,0.0195949373907076
2020-03-14 04:00:00,1.2620210558072518,0.0181363754341749
2020-03-14 05:00:00,1.084692989404498,0.0204180953721354
2020-03-14 06:00:00,1.1195956951987303,0.0079695787044961
2020-03-14 07:00:00,1.318391564492036,0.45828120067886546
2020-03-14 08:00:00,1.31204031823356,1.0162148603655692
2020-03-14 09:00:00,1.1854726296875366,1.3406518553774118
2020-03-14 10:00:00,1.0819197039819908,1.6594735728009735
2020-03-14 11:00:00,1.181724166325348,1.8193333105520166
2020-03-14 12:00:00,1.27075384781096,1.9296831152340372
2020-03-14 13:00:00,1.0232917656081797,1.8135011559059984
2020-03-14 14:00:00,1.1390835836646933,1.651489690021514
2020-03-14 15:00:00,1.1210952721363854,1.3275487840122437
2020-03-14 16:00:00,1.01519368211593,1.0005577881646082
2020-03-14 17:00:00,1.119312179176444,0.49264148817894093
2020-03-14 18:00:00,1.0863019290580789,0.0704588570709552
2020-03-14 19:00:00,1.1074107233654393,0.0007828701846395
2020-03-14 20:00:00,1.0150504476076483,0.0
2020-03-14 21:00:00,1.047398366964391,0.031085255152838
2020-03-14 22:00:00,1.0936505980266724,0.0194983102788852
2020-03-14 23:00:00,1.0304211828789853,0.0
2020-03-15 00:00:00,0.9465292927320995,0.0327881323136419
2020-03-15 01:00:00,0.9660143889399717,0.0099969255503783
2020-03-15 02:00:00,0.9309975712753278,0.0
2020-03-15 03:00:00,0.9181034733589286,0.0390027308603567
2020-03-15 04:00:00,0.9056702618676844,0.008180413655311
2020-03-15 05:00:00,0.8273220256151779,0.0533240572685767
2020-03-15 06:00:00,0.964183359035747,0.0233890613442365
2020-03-15 07:00:00,0.9266127386964012,0.4604951745906018
2020-03-15 08:00:00,1.0533336519634897,0.9213496989313821
2020-03-15 09:00:00,0.8863971477898086,1.368998177433269
2020-03-15 10:00:00,0.8101557498627536,1.6348744892493898
2020-03-15 11:00:00,0.8079640910653809,1.8426428882614152
2020-03-15 12:00:00,0.8980603276857626,1.9078498416018745
2020-03-15 13:00:00,1.0388135840941333,1.8652227452694912
2020-03-15 14:00:00,0.8536647992921615,1.706754210515286
2020-03-15 15:00:00,0.9924577839198035,1.3595993662093426
2020-03-15 16:00:00,0.8824482426906202,0.9450530275000323
2020-03-15 17:00:00,0.7971746417817767,0.483302189098463
2020-03-15 18:00:00,0.9381119467335424,0.0
2020-03-15 19:00:00,0.966393529828599,0.0
2020-03-15 20:00:00,0.8329168611034128,0.0233168110247619
2020-03-15 21:00:00,0.8200914270214562,0.0
2020-03-15 22:00:00,0.8402762040923633,0.030190779175089
2020-03-15 23:00:00,0.9083960623268543,0.0524942050441516
2020-03-16 00:00:00,0.8975195449910862,0.0235129092149749
2020-03-16 01:00:00,0.8635439793309196,0.0132968437969028
2020-03-16 02:00:00,0.9986080355420008,0.0
2020-03-16 03:00:00,0.8871181737897829,0.0631669453396004
2020-03-16 04:00:00,0.8988478067836422,0.0006516058233147
2020-03-16 05:00:00,0.9297104988454757,0.0114548543296989
2020-03-16 06:00:00,0.7369555004633961,0.046173276016037296
2020-03-16 07:00:00,0.9036404287485154,0.5510453338612208
2020-03-16 08:00:00,1.0073926781657896,0.9893948489292895
2020-03-16 09:00:00,0.8896030791732303,1.2958840944031946
2020-03-16 10:00:00,1.0659969164788956,1.608483330457919
2020-03-16 11:00:00,0.8190678405982824,1.8151701239294744
2020-03-16 12:00:00,0.9546017423944132,1.8307539329757923
2020-03-16 13:00:00,0.8716562319921133,1.8423944046696294
2020-03-16 14:00:00,1.0544364881746724,1.648194825672617
2020-03-16 15:00:00,1.0375915755083907,1.372753110365477
2020-03-16 16:00:00,1.0801121235714748,0.936048025703653
2020-03-16 17:00:00,0.9391587380735776,0.4575146674232892
2020-03-16 18:00:00,1.0087455253768745,0.0138742511235159
2020-03-16 19:00:00,1.0579160411771396,0.0728437933643127
2020-03-16 20:00:00,1.063324666961695,0.0033659787994908
2020-03-16 21:00:00,1.1088041308312777,0.047906226068807706
2020-03-16 22:00:00,0.894743057480863,0.0337587844651844
2020-03-16 23:00:00,1.1033386104364453,0.0
2020-03-17 00:00:00,1.173763481336106,0.0224684781571461
2020-03-17 01:00:00,1.072161299887136,0.0
2020-03-17 02:00:00,1.227844535748802,0.0233408883611422
2020-03-17 03:00:00,1.0457837868703632,0.0516354780193565
2020-03-17 04:00:00,1.1278333423652709,0.0312501979180663
2020-03-17 05:00:00,1.1975571113341754,0.0255905568654421
2020-03-17 06:00:00,1.2124469255961077,0.0
2020-03-17 07:00:00,1.3452277674621966,0.5368721363944458
2020-03-17 08:00:00,1.167543393929878,0.9563773924976401
2020-03-17 09:00:00,1.258578016582819,1.3768765739032522
2020-03-17 10:00:00,1.4605794699412362,1.6084872291150978
2020-03-17 11:00:00,1.1990946774795188,1.8338707201750024
2020-03-17 12:00:00,1.354725092229976,1.928327136676006
2020-03-17 13:00:00,1.1485951660313491,1.7798269957187383
2020-03-17 14:00:00,1.3529891466168935,1.5492627716651772
2020-03-17 15:00:00,1.3460900383333576,1.339319725377253
2020-03-17 16:00:00,1.3891419485401943,0.9043001924536809
2020-03-17 17:00:00,1.3840473535844589,0.5064050744358661
2020-03-17 18:00:00,1.4991385709207394,0.0015073237554186
2020-03-17 19:00:00,1.3631231054658934,0.0197627063224643
2020-03-17 20:00:00,1.3345111304362218,0.062166443001904506
2020-03-17 21:00:00,1.453686800194959,0.0
2020-03-17 22:00:00,1.4366554714259447,0.030019210010517397
2020-03-17 23:00:00,1.495977168316484,0.0082199347245742
2020-03-18 00:00:00,1.3866497891635117,0.0
2020-03-18 01:00:00,1.508546115739496,0.0
2020-03-18 02:00:00,1.5341643786827037,0.0529361150519978
2020-03-18 03:00:00,1.53167636088292,0.0
2020-03-18 04:00:00,1.4252694291881105,0.0
2020-03-18 05:00:00,1.4907545961262594,0.0482450632859594
2020-03-18 06:00:00,1.5362307321853446,0.0
2020-03-18 07:00:00,1.664234666973667,0.4831965023276626
2020-03-18 08:00:00,1.6167525787496204,1.0199436614986173
2020-03-18 09:00:00,1.6019319458388324,1.3067429987350738
2020-03-18 10:00:00,1.5895849353100244,1.633232129595407
2020-03-18 11:00:00,1.646244640219852,1.7840877288527994
2020-03-18 12:00:00,1.5348374974496162,1.8948867889111187
2020-03-18 13:00:00,1.6722247976718962,1.879775881410388
2020-03-18 14:00:00,1.6720085858310405,1.616591994396292
2020-03-18 15:00:00,1.7409897592463293,1.361458109176662
2020-03-18 16:00:00,1.6147328804332708,0.9759254654899099
2020-03-18 17:00:00,1.7285171269897486,0.49397636179898885
2020-03-18 18:00:00,1.636557036092935,0.0176970745888241
2020-03-18 19:00:00,1.5714083732369475,0.0533109056193099
2020-03-18 20:00:00,1.7940158790481024,0.0044997100125686
2020-03-18 21:00:00,1.7083447270397696,0.0
2020-03-18 22:00:00,1.701866286669553,0.0442355216346617
2020-03-18 23:00:00,1.7838351052883268,0.0
2020-03-19 00:00:00,1.8022918939154606,0.0093820167171526
2020-03-19 01:00:00,1.6168637216009476,0.0191142449128687
2020-03-19 02:00:00,1.7955368647938632,0.0313686803567609
2020-03-19 03:00:00,1.6631627665230324,0.0336086380903203
2020-03-19 04:00:00,1.702919915834106,0.0
2020-03-19 05:00:00,1.6925474578539104,0.0113091608358623
2020-03-19 06:00:00,1.644871012490787,0.0062750981333727
2020-03-19 07:00:00,1.8752626445493883,0.49221608209110307
2020-03-19 08:00:00,1.5879735656628151,0.9506577121793458
2020-03-19 09:00:00,1.6826924909308365,1.265990426456531
2020-03-19 10:00:00,1.8057701818702236,1.64964058075072
2020-03-19 11:00:00,1.50722675618514,1.8296024640982371
2020-03-19 12:00:00,1.5781404528193463,1.8995852341656443
2020-03-19 13:00:00,1.675562946371513,1.7553263741816036
2020-03-19 14:00:00,1.6301726075169607,1.7223757721877662
2020-03-19 15:00:00,1.6785331864355792,1.326247723589168
2020-03-19 16:00:00,1.8247135299592117,0.9148212652232419
2020-03-19 17:00:00,1.5681043460391932,0.5821623962886392
2020-03-19 18:00:00,1.817846918019579,0.0
2020-03-19 19:00:00,1.698068697089908,0.0342647655827584
2020-03-19 20:00:00,1.645299739716699,0.0
2020-03-19 21:00:00,1.5680373883496732,0.0108668032609335
2020-03-19 22:00:00,1.7144416606206336,0.0077432367741406
2020-03-19 23:00:00,1.5860264265551642,0.000204891974427
2020-03-20 00:00:00,1.5764912859941143,0.0
2020-03-20 01:00:00,1.7106837158262242,0.013213214891743999
2020-03-20 02:00:00,1.5467991631918485,0.0068156909991347
2020-03-20 03:00:00,1.6143189317177016,0.0547420847324334
2020-03-20 04:00:00,1.5873286533462343,0.0
2020-03-20 05:00:00,1.5468817158442925,0.0172161736532014
2020-03-20 06:00:00,1.6120067376533918,0.0116591127726789
2020-03-20 07:00:00,1.6602471401880186,0.5298057839024495
2020-03-20 08:00:00,1.6081221021583896,0.9332867322432943
2020-03-20 09:00:00,1.4960250427978954,1.3289170482056245
2020-03-20 10:00:00,1.4667357973201756,1.7001164393124801
2020-03-20 11:00:00,1.5791634778914094,1.8350591419939564
2020-03-20 12:00:00,1.5312159108114591,1.8917115090869223
2020-03-20 13:00:00,1.4889489819519275,1.823352403115142
2020-03-20 14:00:00,1.3578435004831197,1.6468847084412483
2020-03-20 15:00:00,1.4276661264026942,1.3672697980573227
2020-03-20 16:00:00,1.4741121058248754,0.9901929363895599
2020-03-20 17:00:00,1.49249470921117,0.539805854116254
2020-03-20 18:00:00,1.4303522823665036,0.0314594289053767
2020-03-20 19:00:00,1.3705948687115819,0.0245288851700274
2020-03-20 20:00:00,1.4340463920845106,0.0953967975425538
2020-03-20 21:00:00,1.4603421742852858,0.0014085440196861
2020-03-20 22:00:00,1.2828663622948768,0.012881307550788
2020-03-20 23:00:00,1.3636420238623006,0.0034835841793225
2020-03-21 00:00:00,1.2123934423229352,0.0427427614874452
2020-03-21 01:00:00,1.1838572498384032,0.0320007938913721
2020-03-21 02:00:00,1.2591792333282643,0.0130824519229493
2020-03-21 03:00:00,1.3240426225398438,0.0
2020-03-21 04:00:00,1.2310035583494692,0.0086504105685695
2020-03-21 05:00:00,1.352322755898097,0.0589627612598381
2020-03-21 06:00:00,1.2954092326326627,0.0036023844347266
2020-03-21 07:00:00,1.2249788572583578,0.4882905061648059
2020-03-21 08:00:00,1.15101074222318,0.9311174225667249
2020-03-21 09:00:00,1.0521876829068912,1.378642379374047
2020-03-21 10:00:00,1.146495391977103,1.6293852428206776
2020-03-21 11:00:00,1.1233988017762702,1.8710794895402079
2020-03-21 12:00:00,1.0507942424584893,1.8480245533772197
2020-03-21 13:00:00,1.1397396591991864,1.8677529745939743
2020-03-21 14:00:00,1.1154557361589903,1.5962723994879306
2020-03-21 15:00:00,1.09441325237328,1.2989301274816836
2020-03-21 16:00:00,1.1111800319147094,0.9866157748599169
2020-03-21 17:00:00,1.1285933414931668,0.4662910549778093
2020-03-21 18:00:00,1.0614223900357254,0.0145786409666188
2020-03-21 19:00:00,1.0181041316856294,0.0
2020-03-21 20:00:00,1.0364307571864098,0.0110558711592851
2020-03-21 21:00:00,0.9875230785230029,0.0436152832957595
2020-03-21 22:00:00,0.859653537774917,0.039135917048844
2020-03-21 23:00:00,1.0177477335696556,0.0232130707465329
2020-03-22 00:00:00,1.079371847443199,0.0
2020-03-22 01:00:00,0.8689454465617761,0.0219888685248266
2020-03-22 02:00:00,0.9617532150236445,0.0335413821406017
2020-03-22 03:00:00,1.0125364180560834,0.0055620612405992
2020-03-22 04:00:00,1.06144784712626,0.0553419192100965
2020-03-22 05:00:00,0.9491038687634077,0.0
2020-03-22 06:00:00,0.8563960280955787,0.0411778972479774
2020-03-22 07:00:00,0.9439073162784655,0.440740092052454
2020-03-22 08:00:00,0.9312331364235,0.9835954013718996
2020-03-22 09:00:00,0.9560267577078534,1.4081478294717438
2020-03-22 10:00:00,0.9996644388031044,1.6588674346191459
2020-03-22 11:00:00,0.8316706626908363,1.8208356716656002
2020-03-22 12:00:00,0.8310381611388491,1.943952886424017
2020-03-22 13:00:00,0.8944914273424722,1.7428511603418737
2020-03-22 14:00:00,0.9118234309475735,1.6078738163918793
2020-03-22 15:00:00,0.7735044024008703,1.3381655597705424
2020-03-22 16:00:00,0.7969712928027226,0.9845058785425228
2020-03-22 17:00:00,0.9396561670340344,0.5163621709855866
2020-03-22 18:00:00,0.8563146434092914,0.0036457782017295
2020-03-22 19:00:00,0.7030737510071783,0.0033526568085253
2020-03-22 20:00:00,0.8272137327998226,0.0542350775469654
2020-03-22 21:00:00,0.9234709152699883,0.020034142943625398
2020-03-22 22:00:00,0.91434888207663,0.0
2020-03-22 23:00:00,0.906239239632652,0.06287401874125009
2020-03-23 00:00:00,0.9299604461382964,0.0
2020-03-23 01:00:00,0.8754967323168203,0.0458383131140769
2020-03-23 02:00:00,0.8859318866290139,0.0
2020-03-23 03:00:00,0.9138136539643754,0.0
2020-03-23 04:00:00,0.8431940365306347,0.0872801276874989
2020-03-23 05:00:00,0.9441574491268557,0.0059577409856915
2020-03-23 06:00:00,0.8610254763686862,0.0
2020-03-23 07:00:00,0.8951439736823219,0.4958216632211384
2020-03-23 08:00:00,1.036466176656417,0.9731791396291191
2020-03-23 09:00:00,0.9953482684905985,1.3690892216993236
2020-03-23 10:00:00,0.9459283642340091,1.656774958452265
2020-03-23 11:00:00,0.9984113642695044,1.8228205976250904
2020-03-23 12:00:00,0.9932597818435529,1.9043629933797441
2020-03-23 13:00:00,1.064064283664176,1.84931709909502
2020-03-23 14:00:00,0.897856952680828,1.6513891951875488
2020-03-23 15:00:00,1.0764541746257112,1.3172281337136793
2020-03-23 16:00:00,0.9151173327966535,0.9391408921236493
2020-03-23 17:00:00,0.9720544084025524,0.5382689495971233
2020-03-23 18:00:00,1.121828544556783,0.0248823393720157
2020-03-23 19:00:00,1.086569180075565,0.0287429629288572
2020-03-23 20:00:00,0.9922026617649673,0.0130219024935805
2020-03-23 21:00:00,1.1155126609407118,0.0505663629258001
2020-03-23 22:00:00,1.1244874581343849,0.0
2020-03-23 23:00:00,1.0608091788088876,0.048032860189606404
2020-03-24 00:00:00,1.157754863832908,0.058285337694723
2020-03-24 01:00:00,1.1154925538962397,0.0
2020-03-24 02:00:00,1.2561118555163175,0.0141819373779057
2020-03-24 03:00:00,1.098120759794281,0.0401049019765859
2020-03-24 04:00:00,1.2677656293633224,0.0
2020-03-24 05:00:00,1.1579751882261093,0.0600033372252556
2020-03-24 06:00:00,1.3193067844695114,0.0542748010979953
2020-03-24 07:00:00,1.2164124155052982,0.5426232853494906
2020-03-24 08:00:00,1.1574629885039283,0.9639048580497444
2020-03-24 09:00:00,1.2596004346989798,1.2979929664850869
2020-03-24 10:00:00,1.2803148906703705,1.6327458573001914
2020-03-24 11:00:00,1.2932736137633984,1.8324268935449892
2020-03-24 12:00:00,1.2579335989847862,1.8538726981908051
2020-03-24 13:00:00,1.3405041167768423,1.863922488089849
2020-03-24 14:00:00,1.303182918052987,1.7197786751515292
2020-03-24 15:00:00,1.3454676797453677,1.3667861890441824
2020-03-24 16:00:00,1.4971058187869122,0.9581531199335558
2020-03-24 17:00:00,1.3291821050043546,0.5240015593835441
2020-03-24 18:00:00,1.3988491010672495,0.01743114158667
2020-03-24 19:00:00,1.442127590295635,0.0080966117074426
2020-03-24 20:00:00,1.485225195061343,0.059254669682876
2020-03-24 21:00:00,1.4342945393674023,0.0378041264336918
2020-03-24 22:00:00,1.3091710916289172,0.0529098731916564
2020-03-24 23:00:00,1.4364108597885363,0.0
2020-03-25 00:00:00,1.4427606812107936,0.0
2020-03-25 01:00:00,1.4543949991564564,0.0191313367768758
2020-03-25 02:00:00,1.5813616439151006,0.0071459680703693
2020-03-25 03:00:00,1.4833698532351598,0.0094461776938664
2020-03-25 04:00:00,1.6675369173604668,0.0950607208800602
2020-03-25 05:00:00,1.6151182458193958,0.0
2020-03-25 06:00:00,1.5179981439653676,0.0210406731151085
2020-03-25 07:00:00,1.6102908579450324,0.393150116369884
2020-03-25 08:00:00,1.690909125006221,1.0222816672186872
2020-03-25 09:00:00,1.705317120150765,1.41482727947158
2020-03-25 10:00:00,1.574339787679956,1.631322114773088
2020-03-25 11:00:00,1.515829385583677,1.8404720408331712
2020-03-25 12:00:00,1.6276220546210127,1.8173715574542126
2020-03-25 13:00:00,1.6462746011816538,1.8748571596934323
2020-03-25 14:00:00,1.6772246627134473,1.6314555865389886
2020-03-25 15:00:00,1.5565254931426544,1.3034364734672024
2020-03-25 16:00:00,1.7124724889300729,0.9920754536823313
2020-03-25 17:00:00,1.8344102733558152,0.5297988642387776
2020-03-25 18:00:00,1.7352256440282234,0.055579073752304496
2020-03-25 19:00:00,1.7159140638141201,0.0460352298237931
2020-03-25 20:00:00,1.841408760571911,0.0241883057142677
2020-03-25 21:00:00,1.7210033470713206,0.0
2020-03-25 22:00:00,1.7800214242511578,0.0177413905316911
2020-03-25 23:00:00,1.6318226380308989,0.014551276812958
2020-03-26 00:00:00,1.781475745986785,0.0070902818381969
2020-03-26 01:00:00,1.6500962721034904,0.0060817321067273
2020-03-26 02:00:00,1.534755907761268,0.0
2020-03-26 03:00:00,1.8866306010642093,0.0
2020-03-26 04:00:00,1.820413603756358,6.476818268622337e-06
2020-03-26 05:00:00,1.6897925210979545,0.0473350384449167
2020-03-26 06:00:00,1.7933797472145312,0.0265645188118667
2020-03-26 07:00:00,1.7732037528470581,0.45986449946949226
2020-03-26 08:00:00,1.812921019414252,1.0021255313645898
2020-03-26 09:00:00,1.8185413425390728,1.388967749895211
2020-03-26 10:00:00,1.8146548055031,1.6787892512003926
2020-03-26 11:00:00,1.7753539298458731,1.8276595432912113
2020-03-26 12:00:00,1.7588377936188826,1.890720113215135
2020-03-26 13:00:00,1.7803080297069542,1.875423378696347
2020-03-26 14:00:00,1.6837680052688975,1.6598537735663599
2020-03-26 15:00:00,1.7150252736138634,1.361669190188004
2020-03-26 16:00:00,1.7501089025738548,0.9736191938962997
2020-03-26 17:00:00,1.7090559851377987,0.4988256409390942
2020-03-26 18:00:00,1.7494559436373895,0.0
2020-03-26 19:00:00,1.7448695078962868,0.0
2020-03-26 20:00:00,1.6775715587850013,0.0179564373656309
2020-03-26 21:00:00,1.6365017303135128,0.0007020087260555
2020-03-26 22:00:00,1.6598871443960763,0.0231519474607278
2020-03-26 23:00:00,1.756997062753077,0.0346251772847143
2020-03-27 00:00:00,1.6873416941681798,0.0501074063501741
2020-03-27 01:00:00,1.5689084841018437,0.0214875220119001
2020-03-27 02:00:00,1.505818057441243,0.0022914395143442
2020-03-27 03:00:00,1.6380457643311797,0.0
2020-03-27 04:00:00,1.5927348773050602,0.0
2020-03-27 05:00:00,1.7126263187501407,0.0105934632576912
2020-03-27 06:00:00,1.616639977234171,0.009886495323612
2020-03-27 07:00:00,1.5096156325799517,0.4056926230478829
2020-03-27 08:00:00,1.5784724875706693,0.9367623918263916
2020-03-27 09:00:00,1.459828166451382,1.3204901984843305
2020-03-27 10:00:00,1.4739083262151453,1.6487369357874702
2020-03-27 11:00:00,1.625009031880436,1.749048218521648
2020-03-27 12:00:00,1.5286541384282009,1.8946555738716038
2020-03-27 13:00:00,1.3794949605871014,1.9004220800821963
2020-03-27 14:00:00,1.6383667402265316,1.652968596993524
2020-03-27 15:00:00,1.4097277308996194,1.3708224221084522
2020-03-27 16:00:00,1.4696131914419985,0.9390163131634017
2020-03-27 17:00:00,1.3399343113170308,0.4056996703375686
2020-03-27 18:00:00,1.4287105822325956,0.0111447647688231
2020-03-27 19:00:00,1.4049982961080678,0.0
2020-03-27 20:00:00,1.4661106487987152,0.03008045519172
2020-03-27 21:00:00,1.4326584390061943,0.0
2020-03-27 22:00:00,1.245158103611448,0.0
2020-03-27 23:00:00,1.397695311107687,0.0
2020-03-28 00:00:00,1.3135882788781639,0.0727002938692678
2020-03-28 01:00:00,1.3946425578077775,0.046113902104007995
2020-03-28 02:00:00,1.2807087677523603,0.0
2020-03-28 03:00:00,1.2627872493085714,0.043131598519723
2020-03-28 04:00:00,1.346029614463319,0.0042396879964901
2020-03-28 05:00:00,1.261559182990702,0.032699257730937
2020-03-28 06:00:00,1.236412435494148,0.0
2020-03-28 07:00:00,1.2702578961242055,0.5070032107097864
2020-03-28 08:00:00,1.3133952332454109,0.9593545667284957
2020-03-28 09:00:00,1.1987498963544392,1.4435892301564328
2020-03-28 10:00:00,1.2186501971702473,1.6610170405303473
2020-03-28 11:00:00,1.2357029227212992,1.8810018873031824
2020-03-28 12:00:00,1.1157829150616727,1.9327792341445433
2020-03-28 13:00:00,1.1438322167567245,1.8495634922268875
2020-03-28 14:00:00,1.2072534480646966,1.6340863628831106
2020-03-28 15:00:00,1.0612024520478442,1.3627523267958406
2020-03-28 16:00:00,1.0793227449238936,1.0658229031148925
2020-03-28 17:00:00,1.0430871951843064,0.5419131594550761
2020-03-28 18:00:00,1.1242273907383773,0.017474453277699
2020-03-28 19:00:00,1.0341954643030344,0.0070584589672583
2020-03-28 20:00:00,1.1267077762656064,0.02139471684081
2020-03-28 21:00:00,1.0127621769787765,0.0
2020-03-28 22:00:00,1.0065128853087164,0.0082103320085623
2020-03-28 23:00:00,0.8032188405593066,0.0412012973533856
2020-03-29 00:00:00,1.0598205063534507,0.0
2020-03-29 01:00:00,1.0871451911914252,0.019532901764935
2020-03-29 02:00:00,0.916864395071255,0.0
2020-03-29 03:00:00,0.6701204135431851,0.0737540494827433
2020-03-29 04:00:00,1.0161016155849802,0.0057644537105454
2020-03-29 05:00:00,0.8409066865474664,0.004756610842686
2020-03-29 06:00:00,0.910916782246258,0.0188163635764901
2020-03-29 07:00:00,0.8666747736531271,0.4463847626870453
2020-03-29 08:00:00,0.7640147651638987,0.9935566747824349
2020-03-29 09:00:00,1.0367343064940506,1.2980203627766809
2020-03-29 10:00:00,0.9465879559978525,1.6364375725035254
2020-03-29 11:00:00,0.8314516296120666,1.8716893968558772
2020-03-29 12:00:00,0.9757186585853158,1.9051204437077693
2020-03-29 13:00:00,0.859152440057446,1.833787168181331
2020-03-29 14:00:00,0.7359655799341225,1.7499883649764982
2020-03-29 15:00:00,1.0323401502098002,1.3504138005697452
2020-03-29 16:00:00,0.729949519608573,0.9540386160294267
2020-03-29 17:00:00,0.8281491438154485,0.45251867162240833
2020-03-29 18:00:00,0.9557872621557466,0.0274540092817013
2020-03-29 19:00:00,1.005315524338009,0.0212444409405265
2020-03-29 20:00:00,0.9094205549710583,0.0178596670626346
2020-03-29 21:00:00,0.9474657266580258,0.0095776883698088
2020-03-29 22:00:00,0.8179986917766056,0.0392387919962505
2020-03-29 23:00:00,1.018178892134462,0.0023815798469814
2020-03-30 00:00:00,0.8117612010518214,0.0
2020-03-30 01:00:00,0.8273794538135206,0.0029512620513944
2020-03-30 02:00:00,0.9474560830253548,0.0
2020-03-30 03:00:00,0.914958339977135,0.0222073864251782
2020-03-30 04:00:00,0.9769071480299518,0.0
2020-03-30 05:00:00,0.9033363801925978,0.0303777602119773
2020-03-30 06:00:00,0.9436463592134781,0.0223334666053958
2020-03-30 07:00:00,0.9639784591356666,0.49783572707395196
2020-03-30 08:00:00,0.9122629467027676,1.0269991397099623
2020-03-30 09:00:00,1.0219191106060301,1.4010676842359295
2020-03-30 10:00:00,0.8348644229881024,1.6351880203008218
2020-03-30 11:00:00,0.8800549022099219,1.8475758689041242
2020-03-30 12:00:00,0.9897422499568915,1.896852182124655
2020-03-30 13:00:00,0.938110799720228,1.8729421776840898
2020-03-30 14:00:00,0.991544214242734,1.6221162759815244
2020-03-30 15:00:00,1.0115387948007193,1.3025460930345596
2020-03-30 16:00:00,1.0866855779674744,0.927576029952867
2020-03-30 17:00:00,0.8016597994255558,0.5433400039941465
2020-03-30 18:00:00,0.9996691733463607,0.03122360951459
2020-03-30 19:00:00,1.005433756515668,0.0210881613708232
2020-03-30 20:00:00,1.0595089911960973,0.0970737477016851
2020-03-30 21:00:00,1.013917756452531,0.0
2020-03-30 22:00:00,1.1396207426245384,0.0246943103328786
2020-03-30 23:00:00,1.1566863157545477,0.0208448296659291
2020-03-31 00:00:00,1.1910062926171985,0.0209752189604606
2020-03-31 01:00:00,1.212540766655216,0.0
2020-03-31 02:00:00,1.0535020873043919,0.020691359843497
2020-03-31 03:00:00,1.1488090035072593,0.0
2020-03-31 04:00:00,1.1646140314753324,0.0116487877984838
2020-03-31 05:00:00,1.1456984634332827,0.0
2020-03-31 06:00:00,1.1492680267578688,0.0114877572495485
2020-03-31 07:00:00,1.1721451728082222,0.47877782219694076
2020-03-31 08:00:00,1.3193715573834255,0.9342942478563371
2020-03-31 09:00:00,1.2532294586138215,1.3470560600133035
2020-03-31 10:00:00,1.1368334587611257,1.7458218797741385
2020-03-31 11:00:00,1.1975574285454653,1.8266246268810917
2020-03-31 12:00:00,1.2402682183836844,1.916172759890236
2020-03-31 13:00:00,1.442423910850617,1.8047825017056236
2020-03-31 14:00:00,1.3034398382823493,1.6560368306842232
2020-03-31 15:00:00,1.3752687545696323,1.4109204219567268
2020-03-31 16:00:00,1.434696028186078,0.9718086555188168
2020-03-31 17:00:00,1.349697326049569,0.4754277661619428
2020-03-31 18:00:00,1.3875853028150889,0.0171652083977999
2020-03-31 19:00:00,1.397106776218949,0.0104130897329531
2020-03-31 20:00:00,1.3317240725067112,0.0008063686824579
2020-03-31 21:00:00,1.393007201281585,0.0426725085170758
2020-03-31 22:00:00,1.3820840868600475,0.0
2020-03-31 23:00:00,1.3799231782220123,0.0099899443849329
2020-04-01 00:00:00,1.3546555671778502,0.043076559627652396
2020-04-01 01:00:00,1.6104210850957217,0.0213824344520591
2020-04-01 02:00:00,1.4633928533261207,0.0
2020-04-01 03:00:00,1.6678595699527934,0.0221162436448439
2020-04-01 04:00:00,1.587458615713737,0.0493992223168178
2020-04-01 05:00:00,1.61823741480849,0.0129133520757239
2020-04-01 06:00:00,1.471925305317542,0.0231245177797125
2020-04-01 07:00:00,1.7120045042046026,0.4962782991712923
2020-04-01 08:00:00,1.6076047356589054,0.9514175465253258
2020-04-01 09:00:00,1.6196733962961147,1.3976458960418765
2020-04-01 10:00:00,1.5840083240769394,1.5966407058844823
2020-04-01 11:00:00,1.5721821268403666,1.8495924884029327
2020-04-01 12:00:00,1.5200758684079034,1.9010351655189142
2020-04-01 13:00:00,1.6146090918493443,1.8099915224867904
2020-04-01 14:00:00,1.749629155715725,1.642160024405264
2020-04-01 15:00:00,1.6010513268580353,1.423802494342759
2020-04-01 16:00:00,1.7515980233410016,0.9711272446987489
2020-04-01 17:00:00,1.7238459255525993,0.5490415043717827
2020-04-01 18:00:00,1.4702677134175608,0.0135927263145234
2020-04-01 19:00:00,1.6814656662623457,0.0
2020-04-01 20:00:00,1.6898073519196313,0.0624873114259116
2020-04-01 21:00:00,1.7525294577196484,0.0653598177966638
2020-04-01 22:00:00,1.8406741480761515,0.0289650187095046
2020-04-01 23:00:00,1.4818263684507953,0.0
2020-04-02 00:00:00,1.6847740190638483,0.054238831750202304
2020-04-02 01:00:00,1.9351094627932508,0.0
2020-04-02 02:00:00,1.7684939317889625,0.053719672923706
2020-04-02 03:00:00,1.8770954472900454,0.0
2020-04-02 04:00:00,1.849292334337108,0.0
2020-04-02 05:00:00,1.6327722125314805,0.0
2020-04-02 06:00:00,1.707816622642487,0.0
2020-04-02 07:00:00,1.698337940890482,0.45517535801752784
2020-04-02 08:00:00,1.6373294398375262,0.9268249009451367
2020-04-02 09:00:00,1.746937150994997,1.3389773470429347
2020-04-02 10:00:00,1.6613044378326074,1.6283391461594547
2020-04-02 11:00:00,1.7166277227936626,1.8234353054569876
2020-04-02 12:00:00,1.7375956540923032,1.9797146495733042
2020-04-02 13:00:00,1.67797349094299,1.8236102113205575
2020-04-02 14:00:00,1.7226159527300065,1.6379712613435582
2020-04-02 15:00:00,1.6855415727329275,1.3398990363585157
2020-04-02 16:00:00,1.6469190014651622,0.9613236817322515
2020-04-02 17:00:00,1.599651704497865,0.4716687317676651
2020-04-02 18:00:00,1.7700756197810954,0.012580382645811999
2020-04-02 19:00:00,1.6450879128519782,0.019967449157681
2020-04-02 20:00:00,1.7076041466518181,0.0
2020-04-02 21:00:00,1.5324238958716407,0.0279847379336841
2020-04-02 22:00:00,1.6666711628155784,0.0034060256982906
2020-04-02 23:00:00,1.7909603606365896,0.0
2020-04-03 00:00:00,1.5686781805937429,0.0
2020-04-03 01:00:00,1.7471767467365986,0.041153025369982305
2020-04-03 02:00:00,1.7402504961639993,0.0
2020-04-03 03:00:00,1.5069241862513632,0.0220915910948988
2020-04-03 04:00:00,1.5150697106355098,0.0396368903093816
2020-04-03 05:00:00,1.635787929993358,0.00696733482461545
2020-04-03 06:00:00,1.5033750996435544,0.0
2020-04-03 07:00:00,1.5471236500883463,0.4797289538688677
2020-04-03 08:00:00,1.6350648045341263,0.9863823486950003
2020-04-03 09:00:00,1.5861535358117491,1.3591180287116438
2020-04-03 10:00:00,1.4793291657076262,1.6645510733153306
2020-04-03 11:00:00,1.6046544386770414,1.8380905240457186
2020-04-03 12:00:00,1.4180736947818633,1.9008568170906162
2020-04-03 13:00:00,1.4659649674986324,1.801059066699123
2020-04-03 14:00:00,1.4906733192413169,1.6372199563663674
2020-04-03 15:00:00,1.5270791555462102,1.3863467125498188
2020-04-03 16:00:00,1.496371598043043,0.8853267316983708
2020-04-03 17:00:00,1.451877539626069,0.4854943833935735
2020-04-03 18:00:00,1.429642013536214,0.008054943347896
2020-04-03 19:00:00,1.4109963733898856,0.0601118155857978
2020-04-03 20:00:00,1.563259047859178,0.0191178563635061
2020-04-03 21:00:00,1.268943930108207,0.0
2020-04-03 22:00:00,1.3517454692108444,0.057135040185947
2020-04-03 23:00:00,1.347126929785874,0.0
2020-04-04 00:00:00,1.3235952323120244,0.0439944511404719
2020-04-04 01:00:00,1.444066121800173,0.0
2020-04-04 02:00:00,1.3035048202648098,0.0351716214905347
2020-04-04 03:00:00,1.197926714849618,0.0300548761635779
2020-04-04 04:00:00,1.2375488965810664,0.0248294843598144
2020-04-04 05:00:00,1.257605327917971,0.0
2020-04-04 06:00:00,1.137895181652657,0.0134810115875628
2020-04-04 07:00:00,1.211102570052685,0.4602117760991465
2020-04-04 08:00:00,1.171121896405834,0.9360186251979767
2020-04-04 09:00:00,1.1255016472676338,1.3507398659028782
2020-04-04 10:00:00,1.065877180301273,1.6159695328455765
2020-04-04 11:00:00,1.2614411778666308,1.8850485300192696
2020-04-04 12:00:00,1.1047319252145358,1.9549011322344174
2020-04-04 13:00:00,1.1965408327682967,1.8747948179210265
2020-04-04 14:00:00,1.1562706816876624,1.637397507543021
2020-04-04 15:00:00,1.119422155562848,1.3684199461301234
2020-04-04 16:00:00,1.1558328493763985,0.9309922278170915
2020-04-04 17:00:00,0.9836007076673735,0.42754015750475727
2020-04-04 18:00:00,1.123539737172816,0.10069870229233399
2020-04-04 19:00:00,0.9963328944878357,0.050142985812451
2020-04-04 20:00:00,1.2109322808002312,0.0215162260038995
2020-04-04 21:00:00,1.085725206508572,0.0059414095514241
2020-04-04 22:00:00,0.9454499390165888,0.003325418974008
2020-04-04 23:00:00,1.026101361527664,0.0331180825679931
2020-04-05 00:00:00,1.0636234044987614,0.0198291338814419
2020-04-05 01:00:00,1.0708998267544934,0.0138186076647739
2020-04-05 02:00:00,0.8152036832248799,0.0218056675792111
2020-04-05 03:00:00,1.0299159756179972,0.0815689698484833
2020-04-05 04:00:00,1.012486066487425,0.0
2020-04-05 05:00:00,0.9077497896743572,0.0387989148234712
2020-04-05 06:00:00,0.8328996694593462,0.0124303028348284
2020-04-05 07:00:00,1.0419433266523748,0.4282347237962806
2020-04-05 08:00:00,1.0089574727849038,0.9481109425696518
2020-04-05 09:00:00,0.8565959922442332,1.3935578717464836
2020-04-05 10:00:00,0.8878477743990607,1.6377589640618444
2020-04-05 11:00:00,0.8995571017857833,1.9182822869214153
2020-04-05 12:00:00,0.8845594379643893,1.8837676504000525
2020-04-05 13:00:00,1.052656349713859,1.822069288156424
2020-04-05 14:00:00,0.8972991897317127,1.6284059694459727
2020-04-05 15:00:00,0.7689259857847581,1.324685666769521
2020-04-05 16:00:00,0.8526188465741384,1.0258704001367538
2020-04-05 17:00:00,0.9469735171698048,0.5032141241990082
2020-04-05 18:00:00,0.9455128454990325,0.0346634146515467
2020-04-05 19:00:00,0.8592398926807572,0.0404359983378331
2020-04-05 20:00:00,0.9459524812420019,0.0484271073834701
2020-04-05 21:00:00,0.8950510181051192,0.0
2020-04-05 22:00:00,1.010903418109914,0.0719033885587946
2020-04-05 23:00:00,0.8311699848193699,0.0383268518461333
2020-04-06 00:00:00,0.9108499921280022,0.0
2020-04-06 01:00:00,0.882575266445383,0.0
2020-04-06 02:00:00,1.050439458833265,0.0264266995469749
2020-04-06 03:00:00,0.823728111672331,0.0253598619290189
2020-04-06 04:00:00,0.9431452646253017,0.0242585035567217
2020-04-06 05:00:00,0.9475933161476152,0.0292658614930689
2020-04-06 06:00:00,0.8755091411713699,0.0135577287923187
2020-04-06 07:00:00,0.8355315037093858,0.4786178384908816
2020-04-06 08:00:00,1.0180730440610337,0.9932452964059643
2020-04-06 09:00:00,0.914496400712256,1.3079533133474093
2020-04-06 10:00:00,0.8651566267195551,1.6120578777482792
2020-04-06 11:00:00,0.9631596132191421,1.8619456667541274
2020-04-06 12:00:00,0.8239775862169354,1.9004073905107055
2020-04-06 13:00:00,1.1076751051506992,1.835496829591347
2020-04-06 14:00:00,1.0466454373836789,1.6790676260053994
2020-04-06 15:00:00,1.0498078861912583,1.4467871057791772
2020-04-06 16:00:00,0.9316444404825965,0.9637797688278222
2020-04-06 17:00:00,1.0342043053056198,0.42506368787289606
2020-04-06 18:00:00,0.9960053580893131,0.0107582226568503
2020-04-06 19:00:00,0.9671088779810717,0.0573266724964773
2020-04-06 20:00:00,1.025278629977593,0.0024794112440271
2020-04-06 21:00:00,1.1498971988303412,0.0065700722614333
2020-04-06 22:00:00,0.9883796191310108,0.0
2020-04-06 23:00:00,1.0339837466219082,0.0174752598365795
2020-04-07 00:00:00,1.1670810634143483,0.0652786215804235
2020-04-07 01:00:00,1.246398075828468,0.0557451935276321
2020-04-07 02:00:00,1.0805736462485083,0.008532182393785
2020-04-07 03:00:00,1.1185740199542964,0.0083964050341156
2020-04-07 04:00:00,1.2221145715355992,0.039813952271870706
2020-04-07 05:00:00,1.1966907124620678,0.0
2020-04-07 06:00:00,1.271276803847763,0.0100032192625962
2020-04-07 07:00:00,1.267354138221224,0.5652526139533605
2020-04-07 08:00:00,1.2287036309115984,0.9279883631437837
2020-04-07 09:00:00,1.079907487539391,1.3711085695051943
2020-04-07 10:00:00,1.3399087738586632,1.6847412835004154
2020-04-07 11:00:00,1.2992758533354163,1.7709364563838341
2020-04-07 12:00:00,1.3929790374727018,1.9469525814303181
2020-04-07 13:00:00,1.3555101195780697,1.8433515100177862
2020-04-07 14:00:00,1.353824836880274,1.6319657170005695
2020-04-07 15:00:00,1.325834385862061,1.332862486886833
2020-04-07 16:00:00,1.3427329615372572,1.0064138982296655
2020-04-07 17:00:00,1.5066049970550044,0.5125792678946985
2020-04-07 18:00:00,1.4123781890223226,0.0
2020-04-07 19:00:00,1.4862093374605911,0.0127547720480259
2020-04-07 20:00:00,1.485916478781343,0.0184039550171479
2020-04-07 21:00:00,1.4351065369523002,0.0347150026590092
2020-04-07 22:00:00,1.5207014165637216,0.0134724118897666
2020-04-07 23:00:00,1.562893644374185,0.0275576887410216
2020-04-08 00:00:00,1.5521800220673387,0.0016740093721092
2020-04-08 01:00:00,1.4879668751578903,0.0758911842633404
2020-04-08 02:00:00,1.629717639434444,0.0131713959683367
2020-04-08 03:00:00,1.5472562522685738,0.0019564460131161
2020-04-08 04:00:00,1.5796449223452562,0.0
2020-04-08 05:00:00,1.5655217835799817,0.0091662657075832
2020-04-08 06:00:00,1.4689508416712518,0.0
2020-04-08 07:00:00,1.619159404634122,0.5152401418512376
2020-04-08 08:00:00,1.6006451067167888,0.9465900615890392
2020-04-08 09:00:00,1.5171130252179577,1.3759990428862447
2020-04-08 10:00:00,1.5256177208268602,1.5971276009648043
2020-04-08 11:00:00,1.6384588203959214,1.8649267104689589
2020-04-08 12:00:00,1.4853034417872197,1.85791701557582
2020-04-08 13:00:00,1.4463017896300814,1.774045094861273
2020-04-08 14:00:00,1.6735540372885938,1.5954630759435413
2020-04-08 15:00:00,1.7591610899917298,1.377266527053468
2020-04-08 16:00:00,1.679844604831884,0.9904544931810413
2020-04-08 17:00:00,1.7016553501847098,0.5547631291082145
2020-04-08 18:00:00,1.7264450738292632,0.0313956368997862
2020-04-08 19:00:00,1.7410581591464669,0.02554574808275
2020-04-08 20:00:00,1.567155127808743,0.0
2020-04-08 21:00:00,1.670765588706168,0.0186239729505839
2020-04-08 22:00:00,1.7428620115681328,0.0
2020-04-08 23:00:00,1.7130264897469218,0.030184933818479
2020-04-09 00:00:00,1.637722889843167,0.0
2020-04-09 01:00:00,1.6402462645003362,0.0035707347100385
2020-04-09 02:00:00,1.7018111222270833,0.02879254191886
2020-04-09 03:00:00,1.6199521259174423,0.023555372348151898
2020-04-09 04:00:00,1.7058620368430528,0.0
2020-04-09 05:00:00,1.618620073017305,0.0084897281647263
2020-04-09 06:00:00,1.6092806922974854,0.0595707080383342
2020-04-09 07:00:00,1.6236995062724373,0.4955181174472615
2020-04-09 08:00:00,1.7771018322459813,0.9917907895219484
2020-04-09 09:00:00,1.7079835023569374,1.3256914951996923
2020-04-09 10:00:00,1.7459831321138382,1.642048834846552
2020-04-09 11:00:00,1.71248906136227,1.8219000719562968
2020-04-09 12:00:00,1.6207879136038459,1.945124225158826
2020-04-09 13:00:00,1.6560902864627092,1.7630232063328433
2020-04-09 14:00:00,1.6535037556587358,1.6736348129816534
2020-04-09 15:00:00,1.7469452125326392,1.3722548375515748
2020-04-09 16:00:00,1.7520099885153715,0.9488974744853457
2020-04-09 17:00:00,1.8121717080040831,0.436426840483182
2020-04-09 18:00:00,1.6679514746751525,0.0358560752936959
2020-04-09 19:00:00,1.6555944726787386,0.0391278414452455
2020-04-09 20:00:00,1.6912656615465531,0.0548804476339426
2020-04-09 21:00:00,1.7030442512430408,0.000231015846397
2020-04-09 22:00:00,1.7883233330524653,0.0637213751546124
2020-04-09 23:00:00,1.7306391492918038,0.005911499125502701
2020-04-10 00:00:00,1.7104361331110196,0.0055634285238508
2020-04-10 01:00:00,1.6200309998810347,0.0261567931255954
2020-04-10 02:00:00,1.6044285771460585,0.06425808826946809
2020-04-10 03:00:00,1.5897335953518406,0.0367638232172183
2020-04-10 04:00:00,1.7190941518887524,0.0
2020-04-10 05:00:00,1.4773099894972117,0.0
2020-04-10 06:00:00,1.5745274499388635,0.0
2020-04-10 07:00:00,1.5927730642902058,0.4283001165006907
2020-04-10 08:00:00,1.603365432137858,0.9600429604237316
2020-04-10 09:00:00,1.6497494373973858,1.3527431338059825
2020-04-10 10:00:00,1.6010868841130876,1.6704450496187526
2020-04-10 11:00:00,1.582401834020177,1.814311896289307
2020-04-10 12:00:00,1.5298311929201458,1.8805881955997727
2020-04-10 13:00:00,1.53761199370371,1.8833879789771462
2020-04-10 14:00:00,1.4879404180315148,1.6784476654629175
2020-04-10 15:00:00,1.400254520357561,1.3365437220494698
2020-04-10 16:00:00,1.4590481133668476,0.9190410949755795
2020-04-10 17:00:00,1.3824617671865798,0.4940369759722807
2020-04-10 18:00:00,1.410866476602957,0.0
2020-04-10 19:00:00,1.3662671173809438,0.0111184709023566
2020-04-10 20:00:00,1.4870042435600537,0.0045834825596086
2020-04-10 21:00:00,1.3380157370410914,0.0017480464051684
2020-04-10 22:00:00,1.1864641914568712,0.0596761970475079
2020-04-10 23:00:00,1.2532590388301752,0.0
2020-04-11 00:00:00,1.3487527290699637,0.0262754315549711
2020-04-11 01:00:00,1.298664781576459,0.060969379735168694
2020-04-11 02:00:00,1.3642028278515257,0.0
2020-04-11 03:00:00,1.2849996752197632,0.0051015283669528
2020-04-11 04:00:00,1.253259484588042,0.0
2020-04-11 05:00:00,1.3361934609998287,0.056021504963180896
2020-04-11 06:00:00,1.1980517920783529,0.0023325653290247
2020-04-11 07:00:00,1.2775696830523935,0.46054044378129033
2020-04-11 08:00:00,1.146628157185305,1.0140846410817552
2020-04-11 09:00:00,1.1059760059835249,1.3404364665484716
2020-04-11 10:00:00,1.1918252274050312,1.6622849214859459
2020-04-11 11:00:00,1.1295512700586583,1.8643543328336354
2020-04-11 12:00:00,1.1457681771433998,1.9193876775981247
2020-04-11 13:00:00,1.2753021842632961,1.9053272830918122
2020-04-11 14:00:00,1.1476291579186393,1.5583096515912391
2020-04-11 15:00:00,1.0154387052159275,1.2490500645475713
2020-04-11 16:00:00,1.0938606144833725,0.8914321599432564
2020-04-11 17:00:00,1.1463608238268657,0.4690129342604697
2020-04-11 18:00:00,1.0703898779670207,0.0025413365122957
2020-04-11 19:00:00,1.0372041097734286,0.0333474837187402
2020-04-11 20:00:00,0.9779481423384334,0.0
2020-04-11 21:00:00,1.1031231664856782,0.0091242576008179
2020-04-11 22:00:00,1.0923122690275229,0.0
2020-04-11 23:00:00,1.0299039069706666,0.003803471252627
2020-04-12 00:00:00,1.0421234747369161,0.0309648012600536
2020-04-12 01:00:00,0.8614008394909933,0.0130111165714268
2020-04-12 02:00:00,0.9567858086996293,0.0079620365799364
2020-04-12 03:00:00,0.9129692320159137,0.0398803158984609
2020-04-12 04:00:00,0.9475594070737356,0.0
2020-04-12 05:00:00,0.8544967568386714,0.0143725158511235
2020-04-12 06:00:00,0.8805856508320896,0.0120926672445904
2020-04-12 07:00:00,0.9831162452730078,0.5353550189962712
2020-04-12 08:00:00,0.9115994698096788,0.9531544112871526
2020-04-12 09:00:00,1.0507798567652908,1.3505999702179685
2020-04-12 10:00:00,0.7603351669470779,1.5932427628538546
2020-04-12 11:00:00,0.8228208640646659,1.8589302339536222
2020-04-12 12:00:00,0.9923778531887775,1.927105179701037
2020-04-12 13:00:00,0.8681062003776081,1.8222846598504265
2020-04-12 14:00:00,0.9621212676078755,1.639570678084389
2020-04-12 15:00:00,1.0475238257831305,1.3748014445024435
2020-04-12 16:00:00,0.8754493722901882,0.9178650106735389
2020-04-12 17:00:00,0.8960941962233072,0.48708420910009864
2020-04-12 18:00:00,0.9290389097272083,0.039057612899409
2020-04-12 19:00:00,0.9522533354268994,0.0571285814287906
2020-04-12 20:00:00,0.9103459145974049,0.0113730340156575
2020-04-12 21:00:00,0.8101994380322495,0.0
2020-04-12 22:00:00,0.8645452235104187,0.03352303849363
2020-04-12 23:00:00,0.7935446763722285,0.0027506247231426
2020-04-13 00:00:00,0.7542965347820321,0.0316252117957455
2020-04-13 01:00:00,0.968407724564815,0.0329205744241458
2020-04-13 02:00:00,0.9038173556387896,0.0321535248220409
2020-04-13 03:00:00,1.0186784351369809,0.0253615305878754
2020-04-13 04:00:00,1.0627003312483887,0.0134658375417319
2020-04-13 05:00:00,0.904113786820917,0.0
2020-04-13 06:00:00,0.9271682155351173,0.0284390413713149
2020-04-13 07:00:00,0.908037281280428,0.5671622084711414
2020-04-13 08:00:00,0.7634502230544429,0.9350162465969336
2020-04-13 09:00:00,1.0097750195531956,1.3646689000984922
2020-04-13 10:00:00,0.9999388272022909,1.6386127916446012
2020-04-13 11:00:00,0.8884241538495823,1.7864888044068241
2020-04-13 12:00:00,0.9226318675336911,1.9246838694249258
2020-04-13 13:00:00,0.9098954146224405,1.82398510567317
2020-04-13 14:00:00,0.9708304938400443,1.6670934424384058
2020-04-13 15:00:00,1.00133999701697,1.3521339895009699
2020-04-13 16:00:00,1.00361685323465,0.8995926578331994
2020-04-13 17:00:00,1.0576448856541059,0.4486739961388714
2020-04-13 18:00:00,1.0114643115392326,0.0002952987297441
2020-04-13 19:00:00,0.9840662557440224,0.024720639406838
2020-04-13 20:00:00,0.9527914177371876,0.0
2020-04-13 21:00:00,0.9928573799278666,0.0311460590774089
2020-04-13 22:00:00,1.156959547112411,0.0524755348388369
2020-04-13 23:00:00,1.1224608409531653,0.0177332176025755
2020-04-14 00:00:00,1.0776873790452353,0.0400551508588816
2020-04-14 01:00:00,1.1618361987853891,0.0907760767856234
2020-04-14 02:00:00,1.1166211504905121,0.0
2020-04-14 03:00:00,1.1089614398348417,0.009900096259209
2020-04-14 04:00:00,1.1305287515886493,0.0387096791494876
2020-04-14 05:00:00,1.059709026169403,0.0115568904881427
2020-04-14 06:00:00,1.1668079101689677,0.0125108905913371
2020-04-14 07:00:00,1.120268130812589,0.5300876228550016
2020-04-14 08:00:00,1.2436697309497213,0.9216190002027655
2020-04-14 09:00:00,1.2897728941983828,1.2654299226917032
2020-04-14 10:00:00,1.2103590902173211,1.5960149874055987
2020-04-14 11:00:00,1.2740277844998567,1.9109414876681687
2020-04-14 12:00:00,1.2898484364624476,1.8853959439865786
2020-04-14 13:00:00,1.422340277503793,1.7694096422735783
2020-04-14 14:00:00,1.375505789018016,1.5788241263488865
2020-04-14 15:00:00,1.4554358616591907,1.322671669193375
2020-04-14 16:00:00,1.4096766086677273,0.9054961358551075
2020-04-14 17:00:00,1.1717300668208996,0.48294101375955445
2020-04-14 18:00:00,1.4104481349562863,0.06979817445591391
2020-04-14 19:00:00,1.37686655938505,0.0157637059972963
2020-04-14 20:00:00,1.4082198734080962,0.0012600410550433
2020-04-14 21:00:00,1.4550869411558192,0.0298769403419995
2020-04-14 22:00:00,1.5154433523146733,0.0709657438617361
2020-04-14 23:00:00,1.374420860655006,0.0290055080649235
2020-04-15 00:00:00,1.478529518531965,0.0177384903179342
2020-04-15 01:00:00,1.5688361837441187,0.031642546163365
2020-04-15 02:00:00,1.3923124735452914,0.0046323085728244
2020-04-15 03:00:00,1.4540903037500232,0.0426051282917368
2020-04-15 04:00:00,1.39787410192456,0.06326114687862819
2020-04-15 05:00:00,1.6115250957563947,0.0
2020-04-15 06:00:00,1.6965531112199599,0.0147810618151741
2020-04-15 07:00:00,1.6521083959983636,0.519427161919963
2020-04-15 08:00:00,1.624028017112861,0.9548943827085615
2020-04-15 09:00:00,1.6083219155673014,1.2353965786805383
2020-04-15 10:00:00,1.5056330333088828,1.607729779682324
2020-04-15 11:00:00,1.6244313742048804,1.7460587174608588
2020-04-15 12:00:00,1.6142914537875455,1.9054782767501686
2020-04-15 13:00:00,1.6728704383637585,1.8722023092364148
2020-04-15 14:00:00,1.7184489769872047,1.6603570807434194
2020-04-15 15:00:00,1.5521395908663411,1.3612013451984475
2020-04-15 16:00:00,1.6592510783787457,0.9521339034143381
2020-04-15 17:00:00,1.555437053298008,0.5919080865177796
2020-04-15 18:00:00,1.7802818279198425,0.0119985802532949
2020-04-15 19:00:00,1.5586452540902582,0.0
2020-04-15 20:00:00,1.5947727182284517,0.0422720618058599
2020-04-15 21:00:00,1.6038869722640474,0.0454073900552374
2020-04-15 22:00:00,1.7479269045660022,0.0
2020-04-15 23:00:00,1.722884884639491,0.0
2020-04-16 00:00:00,1.660907005900054,0.043685318304893
2020-04-16 01:00:00,1.7423700979837866,0.0
2020-04-16 02:00:00,1.6702882397611751,0.0263968534615037
2020-04-16 03:00:00,1.6627811085259707,0.030469807522621
2020-04-16 04:00:00,1.740971463240199,0.0159497377101404
2020-04-16 05:00:00,1.8019506274870238,0.09983431838215409
2020-04-16 06:00:00,1.648798785747926,0.0
2020-04-16 07:00:00,1.8212404333471197,0.5047886644202363
2020-04-16 08:00:00,1.7503901929368197,0.9057996903783437
2020-04-16 09:00:00,1.5678624267596377,1.3384696927820767
2020-04-16 10:00:00,1.8219312098258054,1.670523271047741
2020-04-16 11:00:00,1.6723664675692558,1.8094447942033454
2020-04-16 12:00:00,1.8012314718018532,1.9414566617231448
2020-04-16 13:00:00,1.7576697245090314,1.8535491191588207
2020-04-16 14:00:00,1.7029939758174641,1.6315842152090412
2020-04-16 15:00:00,1.7766514755897052,1.313877482169891
2020-04-16 16:00:00,1.7081968352879473,0.9886368772571215
2020-04-16 17:00:00,1.6708401566612565,0.46514799602961354
2020-04-16 18:00:00,1.6594558924862235,0.0004632158993115
2020-04-16 19:00:00,1.6725237141239695,0.0504217349826094
2020-04-16 20:00:00,1.7346235144338027,0.016591134930467
2020-04-16 21:00:00,1.7816564180382923,0.0111040564748659
2020-04-16 22:00:00,1.6104831746860102,0.07441964841530341
2020-04-16 23:00:00,1.6222614012608672,0.0079297564448548
2020-04-17 00:00:00,1.6751823871138063,0.0037870029144995
2020-04-17 01:00:00,1.6921238449500067,0.0058689673871251
2020-04-17 02:00:00,1.5883540462377694,0.0124866155976429
2020-04-17 03:00:00,1.5788913453573534,0.0077516729099032
2020-04-17 04:00:00,1.6647215639532642,0.0
2020-04-17 05:00:00,1.6168843709394372,0.059300275952855704
2020-04-17 06:00:00,1.481399636809901,0.0608325357425097
2020-04-17 07:00:00,1.690764770573876,0.5499994360791796
2020-04-17 08:00:00,1.5249639105270354,0.9344041610014236
2020-04-17 09:00:00,1.6719732859890468,1.3475825829626
2020-04-17 10:00:00,1.657793924126643,1.6018704276928715
2020-04-17 11:00:00,1.5937417098480693,1.8349674548483237
2020-04-17 12:00:00,1.5280440343708697,1.9472936860696906
2020-04-17 13:00:00,1.6633497053073452,1.7874617486427833
2020-04-17 14:00:00,1.507210457945454,1.674841561403054
2020-04-17 15:00:00,1.453306628057728,1.388402898179955
2020-04-17 16:00:00,1.4010756471374297,0.9353006313599876
2020-04-17 17:00:00,1.3513483189543742,0.517743614914993
2020-04-17 18:00:00,1.3305311532647413,0.0589754678510628
2020-04-17 19:00:00,1.389510565033475,0.0296640581886463
2020-04-17 20:00:00,1.3757125742710785,0.0232526741290575
2020-04-17 21:00:00,1.3464516840009646,0.0396650652701817
2020-04-17 22:00:00,1.315796090508606,0.0
2020-04-17 23:00:00,1.2550711767768794,0.027031399002094402
2020-04-18 00:00:00,1.408437305318531,0.0
2020-04-18 01:00:00,1.2929188475017903,0.036291326485191996
2020-04-18 02:00:00,1.3138982876514953,0.0
2020-04-18 03:00:00,1.18265735161045,0.019335592477786
2020-04-18 04:00:00,1.1287598600534081,0.1037595820119292
2020-04-18 05:00:00,1.1955913054085294,0.0066875920257526
2020-04-18 06:00:00,1.3209693286412123,0.0246010607233858
2020-04-18 07:00:00,1.187871931668564,0.49533733601056107
2020-04-18 08:00:00,1.1801802718052992,0.9802056275599118
2020-04-18 09:00:00,1.0943828731393213,1.315143992169018
2020-04-18 10:00:00,1.2424199720610978,1.7174015738096107
2020-04-18 11:00:00,1.1688236123519418,1.8356695431130672
2020-04-18 12:00:00,1.0984596201345405,1.8943668842813126
2020-04-18 13:00:00,1.1625813652005208,1.746631542275219
2020-04-18 14:00:00,0.9154105779569734,1.5870249556161418
2020-04-18 15:00:00,1.1161725814446695,1.293697610498807
2020-04-18 16:00:00,1.1305051875214487,1.0131625688178416
2020-04-18 17:00:00,1.0450647685919032,0.425240085851246
2020-04-18 18:00:00,0.9305259243742157,0.0433664223492993
2020-04-18 19:00:00,0.9327253854623311,0.0
2020-04-18 20:00:00,1.0882008130202794,0.042140429978231
2020-04-18 21:00:00,0.9267947800774392,0.008659909783378501
2020-04-18 22:00:00,1.0458061124384326,0.049199259875129
2020-04-18 23:00:00,1.0136473132223622,0.0564669514367031
2020-04-19 00:00:00,0.9776571607004438,0.0007509450681911
2020-04-19 01:00:00,1.0140904974298102,0.0071668016091037
2020-04-19 02:00:00,0.9808363295017763,0.0
2020-04-19 03:00:00,0.9490544849915092,0.0328979341201654
2020-04-19 04:00:00,0.9724356927666996,0.0372158525238284
2020-04-19 05:00:00,1.0563528360494354,0.0143836350508025
2020-04-19 06:00:00,0.9898228150086101,0.0612724138699096
2020-04-19 07:00:00,0.9243538753807852,0.5700075540674224
2020-04-19 08:00:00,0.9697383031476143,0.8830081242967747
2020-04-19 09:00:00,0.8872371348325554,1.2849822110809441
2020-04-19 10:00:00,0.7865564128568343,1.6488965570661342
2020-04-19 11:00:00,0.9122005430288864,1.8668774487416215
2020-04-19 12:00:00,0.9737091134183522,1.8558163386024584
2020-04-19 13:00:00,0.8268024678118437,1.8434609210495467
2020-04-19 14:00:00,0.92135484212388,1.617139416989977
2020-04-19 15:00:00,0.8928039175793161,1.34693775256943
2020-04-19 16:00:00,0.7643623966615494,0.9122435495235441
2020-04-19 17:00:00,0.9002880834872342,0.417407505443399
2020-04-19 18:00:00,0.9344656050370416,0.0
2020-04-19 19:00:00,0.8798317548151029,0.010754495000249099
2020-04-19 20:00:00,0.8558167546410799,0.0607824512479216
2020-04-19 21:00:00,0.7636387478761377,0.0222705885587784
2020-04-19 22:00:00,0.9091352626469877,0.0
2020-04-19 23:00:00,0.9284697203907963,0.0285861670122864
2020-04-20 00:00:00,0.8294749906030392,0.0
2020-04-20 01:00:00,0.8700860778920809,0.0
2020-04-20 02:00:00,0.9325485452364549,0.0618431554983733
2020-04-20 03:00:00,0.8184511921446456,0.0
2020-04-20 04:00:00,0.9811134059310631,0.0501200189895894
2020-04-20 05:00:00,1.0561047443891014,0.0311450399897719
2020-04-20 06:00:00,0.9717259966182717,0.0353464405738318
2020-04-20 07:00:00,1.0077606744716778,0.4223654497533718
2020-04-20 08:00:00,0.961599429636908,0.921320213189225
2020-04-20 09:00:00,0.882079361781311,1.359460899007864
2020-04-20 10:00:00,0.9624629822058354,1.6565782565072071
2020-04-20 11:00:00,1.0451031376781785,1.8543662624446653
2020-04-20 12:00:00,0.978675213131007,1.9079174719663912
2020-04-20 13:00:00,0.9373907450332497,1.8092397969353395
2020-04-20 14:00:00,0.9327100817041152,1.6182246078885525
2020-04-20 15:00:00,1.0173292911003413,1.3003761926227366
2020-04-20 16:00:00,1.0113485368582453,0.9835896653910463
2020-04-20 17:00:00,1.0302361019738528,0.5215910902764507
2020-04-20 18:00:00,1.009777269657361,0.0036728846576115
2020-04-20 19:00:00,1.1947689193947915,0.0
2020-04-20 20:00:00,1.2372366653822255,0.031588318916144
2020-04-20 21:00:00,1.1010553174147892,0.0361786994581457
2020-04-20 22:00:00,1.0630081313672388,0.0308994404161503
2020-04-20 23:00:00,1.0147114651507265,0.0
2020-04-21 00:00:00,1.0557484883599546,0.0
2020-04-21 01:00:00,1.08059726024279,0.0
2020-04-21 02:00:00,1.22491028097313,0.0389201853496411
2020-04-21 03:00:00,1.1971311053796363,0.0366216856244619
2020-04-21 04:00:00,1.0777663726195321,0.0534409779525747
2020-04-21 05:00:00,1.2621670383078358,0.0
2020-04-21 06:00:00,1.1847790299218508,0.0017915854861283
2020-04-21 07:00:00,1.3115202628434433,0.5305267225708759
2020-04-21 08:00:00,1.1513929064528021,0.9398881211956214
2020-04-21 09:00:00,1.2679360201053624,1.3542443445925614
2020-04-21 10:00:00,1.231173082667656,1.624108471432236
2020-04-21 11:00:00,1.2530019126021887,1.8320428418862835
2020-04-21 12:00:00,1.2873510501504088,1.8999946210116234
2020-04-21 13:00:00,1.2057870505148867,1.8624263884126462
2020-04-21 14:00:00,1.2794164839792255,1.6183085833286242
2020-04-21 15:00:00,1.28300246255445,1.3894970569474379
2020-04-21 16:00:00,1.3734223067157418,0.9675125871749233
2020-04-21 17:00:00,1.4831462186753126,0.4904059648791873
2020-04-21 18:00:00,1.3782354184134715,0.0258554357196752
2020-04-21 19:00:00,1.3529430519375611,0.0
2020-04-21 20:00:00,1.374942379474489,0.0
2020-04-21 21:00:00,1.3762646946478148,0.0510552135351804
2020-04-21 22:00:00,1.5087969852747927,0.0620527995542333
2020-04-21 23:00:00,1.4494712789850173,0.0
2020-04-22 00:00:00,1.3942224509871974,0.0109872003292472
2020-04-22 01:00:00,1.4161148298277473,0.0273473605105881
2020-04-22 02:00:00,1.5100564068796727,0.0361067660458693
2020-04-22 03:00:00,1.6064770211266675,0.0097091877993794
2020-04-22 04:00:00,1.461589436809301,0.0
2020-04-22 05:00:00,1.4271623196978331,0.0181945589014099
2020-04-22 06:00:00,1.5639398563273712,0.0347995489483055
2020-04-22 07:00:00,1.514708114457531,0.4852881817591481
2020-04-22 08:00:00,1.610769470976717,0.9418280654938103
2020-04-22 09:00:00,1.5604361819290762,1.4077445312974453
2020-04-22 10:00:00,1.578386803445152,1.6569907309765068
2020-04-22 11:00:00,1.496480829997549,1.8272030754776916
2020-04-22 12:00:00,1.4229577795527268,1.8285164092263213
2020-04-22 13:00:00,1.6340858607579563,1.8508017415872993
2020-04-22 14:00:00,1.6605773454203234,1.6194134260115236
2020-04-22 15:00:00,1.5953795905585402,1.2879217057869616
2020-04-22 16:00:00,1.5809812844657625,0.9546682211243025
2020-04-22 17:00:00,1.5346667390237987,0.5372452313444396
2020-04-22 18:00:00,1.6803457183204924,0.0
2020-04-22 19:00:00,1.6229768153410846,0.014937960934846
2020-04-22 20:00:00,1.668595951531589,0.0309871261806455
2020-04-22 21:00:00,1.7309345012559687,0.0077986399097564
2020-04-22 22:00:00,1.62811258248676,0.0439814467909913
2020-04-22 23:00:00,1.7497302619041084,0.0301093815305415
2020-04-23 00:00:00,1.6905476413816884,0.0355788682831026
2020-04-23 01:00:00,1.6492737230539558,0.0891467523483455
2020-04-23 02:00:00,1.5303449469156052,0.0360557189760313
2020-04-23 03:00:00,1.5557776753601082,0.0351485021429031
2020-04-23 04:00:00,1.7486857968724703,0.0923488944505944
2020-04-23 05:00:00,1.7509726214554777,0.0319378140570447
2020-04-23 06:00:00,1.7082685214794087,0.0006467925125965
2020-04-23 07:00:00,1.687448753275794,0.5425148571003786
2020-04-23 08:00:00,1.695532819718573,0.8765194275208412
2020-04-23 09:00:00,1.7898332364687983,1.3516092731732878
2020-04-23 10:00:00,1.713212008354619,1.5685630285380128
2020-04-23 11:00:00,1.718707714521507,1.8760475166663353
2020-04-23 12:00:00,1.6943819808166458,1.8430196667018905
2020-04-23 13:00:00,1.5451537690794472,1.7797306919786196
2020-04-23 14:00:00,1.716817386038677,1.649449777810458
2020-04-23 15:00:00,1.6333848423861022,1.297748023470714
2020-04-23 16:00:00,1.7139592759879347,0.992738339380685
2020-04-23 17:00:00,1.6286199247903383,0.5099108874211193
2020-04-23 18:00:00,1.6841894545367098,0.0
2020-04-23 19:00:00,1.5937790119876718,0.021056934887308
2020-04-23 20:00:00,1.7328118191298298,0.0
2020-04-23 21:00:00,1.618593593124372,0.0180032346268685
2020-04-23 22:00:00,1.5840814816475937,0.0
2020-04-23 23:00:00,1.7397444241817446,0.0
2020-04-24 00:00:00,1.6341836075356926,0.002392070246486
2020-04-24 01:00:00,1.614248149637635,0.0295320235604035
2020-04-24 02:00:00,1.6165622694470343,0.0176177692196542
2020-04-24 03:00:00,1.7003544943401148,0.0
2020-04-24 04:00:00,1.562804824884286,0.0
2020-04-24 05:00:00,1.4729270456596848,0.011977113090339666
2020-04-24 06:00:00,1.5848607627715374,0.0012989528921302
2020-04-24 07:00:00,1.5618034335444253,0.4889201861886605
2020-04-24 08:00:00,1.5396388962513594,0.9842095837267452
2020-04-24 09:00:00,1.5466709764297333,1.3674913802449837
2020-04-24 10:00:00,1.4614960581752752,1.6587967390522667
2020-04-24 11:00:00,1.593915705506389,1.7768572125559667
2020-04-24 12:00:00,1.3199109471361996,1.9185927658966946
2020-04-24 13:00:00,1.360190310228723,1.8416189656667203
2020-04-24 14:00:00,1.310620907327602,1.6644962071184985
2020-04-24 15:00:00,1.4674794135656466,1.3125680924741756
2020-04-24 16:00:00,1.3449035013040647,0.85988715742639
2020-04-24 17:00:00,1.3311888909485323,0.4638733282658598
2020-04-24 18:00:00,1.4434602377658479,0.0505415413058338
2020-04-24 19:00:00,1.3643792565664752,0.0290751784366998
2020-04-24 20:00:00,1.2833137794073362,0.0135501633495319
2020-04-24 21:00:00,1.3900143438397086,0.0442671163979852
2020-04-24 22:00:00,1.3676636305479477,0.06951530453153
2020-04-24 23:00:00,1.274965229587123,0.0125055427559261
2020-04-25 00:00:00,1.1900592869092081,0.0187347928651232
2020-04-25 01:00:00,1.1093186607687946,0.0061240135186579
2020-04-25 02:00:00,1.2756840614455118,0.0
2020-04-25 03:00:00,1.1938696494755292,0.0723906129136151
2020-04-25 04:00:00,1.2419204282361824,0.0
2020-04-25 05:00:00,1.1865689717586336,0.023530285283327002
2020-04-25 06:00:00,1.055846949092539,0.0358576708741204
2020-04-25 07:00:00,1.1894983013701332,0.5222757922449717
2020-04-25 08:00:00,1.2712759048601363,0.9754409517411082
2020-04-25 09:00:00,1.1812061220332375,1.2381302601454807
2020-04-25 10:00:00,1.2166911297710832,1.6545965380373469
2020-04-25 11:00:00,1.0685714445826906,1.8169999550232023
2020-04-25 12:00:00,1.2259346196828664,1.8212479499517542
2020-04-25 13:00:00,0.9030359932282461,1.8848621780449455
2020-04-25 14:00:00,1.1497630084586954,1.646198168849904
2020-04-25 15:00:00,0.9484320817271559,1.3772249971019663
2020-04-25 16:00:00,0.9463237241121472,0.9753822758486739
2020-04-25 17:00:00,0.9965042052416007,0.4371638966619126
2020-04-25 18:00:00,1.1173010646923183,0.0347230576357156
2020-04-25 19:00:00,1.0339631414637411,0.0806982986412358
2020-04-25 20:00:00,1.0483260775956547,0.0212140832435739
2020-04-25 21:00:00,0.8159559274051686,0.0377462027743762
2020-04-25 22:00:00,1.1310746982441744,0.0007249810573749
2020-04-25 23:00:00,0.7762366319008953,0.0162251567528164
2020-04-26 00:00:00,1.193246304952472,0.0
2020-04-26 01:00:00,0.9626192280732715,0.0163044981231383
2020-04-26 02:00:00,0.979119789756107,0.0038302889712242
2020-04-26 03:00:00,0.9999411101221163,0.0660535076461406
2020-04-26 04:00:00,0.8868317683382686,0.0397685317774378
2020-04-26 05:00:00,0.9063707274326662,0.021124650059758297
2020-04-26 06:00:00,0.8690306603207782,0.0303781309877703
2020-04-26 07:00:00,0.9739810818338888,0.4707521624624941
2020-04-26 08:00:00,0.9722844201569047,1.0414355886181879
2020-04-26 09:00:00,0.8810486018119873,1.3382731701231847
2020-04-26 10:00:00,0.7406773380474803,1.6383997184907724
2020-04-26 11:00:00,0.9162674623545735,1.7685617130600169
2020-04-26 12:00:00,0.7656166296199377,1.8071985827161559
2020-04-26 13:00:00,1.107857726968443,1.785144672380687
2020-04-26 14:00:00,0.9350930158679984,1.5859107536494146
2020-04-26 15:00:00,0.8887502445563462,1.3031371746286027
2020-04-26 16:00:00,0.9123320781044213,0.9570711846418483
2020-04-26 17:00:00,0.8133711575396727,0.4920912084339557
2020-04-26 18:00:00,0.7855160726978299,0.0651613079419924
2020-04-26 19:00:00,1.002087160164258,0.0040723869932436
2020-04-26 20:00:00,0.9103000572987436,0.0
2020-04-26 21:00:00,0.8839478335278559,0.0212935057110236
2020-04-26 22:00:00,0.8899957335197624,0.0
2020-04-26 23:00:00,0.8814531367176451,0.0171218071923701
2020-04-27 00:00:00,0.8325853155609413,0.0192809794815675
2020-04-27 01:00:00,0.9520175311624803,0.0136846441604452
2020-04-27 02:00:00,0.9052981821514071,0.0624341543601514
2020-04-27 03:00:00,0.9644945016270109,0.0008023949314523
2020-04-27 04:00:00,0.7928957773146145,0.024128427562988438
2020-04-27 05:00:00,0.9210777772593151,0.0562916472690701
2020-04-27 06:00:00,0.8934668193481587,0.0089404767392068
2020-04-27 07:00:00,0.9887860662232794,0.4944531492001849
2020-04-27 08:00:00,0.8538059206579047,0.9422962993958648
2020-04-27 09:00:00,0.8245117851821337,1.306934286612851
2020-04-27 10:00:00,1.011103584426402,1.6399894261949464
2020-04-27 11:00:00,0.9397340071184452,1.7916517476089593
2020-04-27 12:00:00,1.1019925183297419,1.872485477436249
2020-04-27 13:00:00,0.9851368859829709,1.838854193669142
2020-04-27 14:00:00,0.8177415319339708,1.6638794767650278
2020-04-27 15:00:00,1.0213470388851555,1.3893477762398967
2020-04-27 16:00:00,0.8696005353128282,0.8955149486595952
2020-04-27 17:00:00,1.0054014610962059,0.5425957386616505
2020-04-27 18:00:00,1.0946657750911228,0.0
2020-04-27 19:00:00,0.9634506611767779,0.0977524430148691
2020-04-27 20:00:00,1.0446705524005089,0.0155304455927363
2020-04-27 21:00:00,1.1360403080076928,0.0
2020-04-27 22:00:00,0.9671094430430512,0.0426405126332473
2020-04-27 23:00:00,1.2051219581007528,0.076205084272422
2020-04-28 00:00:00,1.010918939086924,0.0617865236791056
2020-04-28 01:00:00,1.103550830874477,0.13098996789148898
2020-04-28 02:00:00,0.9286436521666483,0.0065492269312042
2020-04-28 03:00:00,1.131857185773585,0.0
2020-04-28 04:00:00,1.0824468268493872,0.0
2020-04-28 05:00:00,1.052284983664809,0.0021613464646036
2020-04-28 06:00:00,1.2470967285739991,0.0249333367344182
2020-04-28 07:00:00,0.9957806071231752,0.4742396471804252
2020-04-28 08:00:00,1.2679492535957704,0.9261064572406326
2020-04-28 09:00:00,1.3564541456165855,1.3153956847911221
2020-04-28 10:00:00,1.114262086280738,1.6846158938457925
2020-04-28 11:00:00,1.3315429698376846,1.887315351770853
2020-04-28 12:00:00,1.191484044759779,1.8518525066291798
2020-04-28 13:00:00,1.2132366335463187,1.8530181331148066
2020-04-28 14:00:00,1.2000237852839537,1.6752099086625514
2020-04-28 15:00:00,1.373286333449653,1.30320707468156
2020-04-28 16:00:00,1.4968629215382434,1.0058041075746962
2020-04-28 17:00:00,1.2646724779179137,0.443088115481396
2020-04-28 18:00:00,1.2587861672708203,0.0165683141532083
2020-04-28 19:00:00,1.4767940272048745,0.0051423950924208
2020-04-28 20:00:00,1.625390407877361,0.0
2020-04-28 21:00:00,1.3356824624806687,0.0557749851248442
2020-04-28 22:00:00,1.4007494092654356,0.0016670885350895
2020-04-28 23:00:00,1.416787564262106,0.0241271477385009
2020-04-29 00:00:00,1.4227786655096644,0.0269058396001925
2020-04-29 01:00:00,1.4282027292891972,0.0209345308350106
2020-04-29 02:00:00,1.502962479682955,0.0068271283750828
2020-04-29 03:00:00,1.743228408890817,0.1466680214995421
2020-04-29 04:00:00,1.4807243021037948,0.0
2020-04-29 05:00:00,1.540022678453326,0.016787831948246
2020-04-29 06:00:00,1.5637914943609457,0.0
2020-04-29 07:00:00,1.469588256105543,0.5608105629360322
2020-04-29 08:00:00,1.4784744855845278,0.8962726141343974
2020-04-29 09:00:00,1.6462282429550916,1.265505010621312
2020-04-29 10:00:00,1.6343538884554738,1.6477376185274628
2020-04-29 11:00:00,1.6653525056784702,1.8390220483415587
2020-04-29 12:00:00,1.5424525353357499,1.8833593072063346
2020-04-29 13:00:00,1.6466801535360431,1.832655782442616
2020-04-29 14:00:00,1.6659019591154265,1.6662773933753905
2020-04-29 15:00:00,1.5709674129846798,1.3136451015053807
2020-04-29 16:00:00,1.6659692183822106,0.896646635858183
2020-04-29 17:00:00,1.656617045724806,0.46403404768698453
2020-04-29 18:00:00,1.513847453456743,0.0178728541325841
2020-04-29 19:00:00,1.4824275292717661,0.0
2020-04-29 20:00:00,1.571471939298671,0.0193840547065044
2020-04-29 21:00:00,1.6331293060063248,0.0378687156894577
2020-04-29 22:00:00,1.4615096446961828,0.006291878462887
2020-04-29 23:00:00,1.5967834588594312,0.0
2020-04-30 00:00:00,1.649462143028832,0.0256397929704386
2020-04-30 01:00:00,1.7111956101521528,0.0573924366966561
2020-04-30 02:00:00,1.6636306661935072,0.0664788302460618
2020-04-30 03:00:00,1.9097653935506047,0.0
2020-04-30 04:00:00,1.7484751978726978,0.0149489289715235
2020-04-30 05:00:00,1.8040946850663344,0.0234032243115986
2020-04-30 06:00:00,1.6770319308712813,0.024963569983327202
2020-04-30 07:00:00,1.7155639512156369,0.5289261042550505
2020-04-30 08:00:00,1.7252974777866865,0.9115558326101549
2020-04-30 09:00:00,1.8416128113357595,1.3119975818041154
2020-04-30 10:00:00,1.6195393984310607,1.6631056152600614
2020-04-30 11:00:00,1.6397028260773037,1.8279306872096222
2020-04-30 12:00:00,1.653908259899195,1.8794268396228775
2020-04-30 13:00:00,1.7626629327977898,1.8227377515497851
2020-04-30 14:00:00,1.708352139722186,1.6725017316143187
2020-04-30 15:00:00,1.6749740076487414,1.3215391158190881
2020-04-30 16:00:00,1.6182879566882153,0.8814825761665023
2020-04-30 17:00:00,1.748392456219678,0.4595664841948458
2020-04-30 18:00:00,1.6328348984607088,0.0165877866200427
2020-04-30 19:00:00,1.6374405769859646,0.0086371183629234
2020-04-30 20:00:00,1.6621206467394816,0.0
2020-04-30 21:00:00,1.6384917605109401,0.0126313742789239
2020-04-30 22:00:00,1.4931092811424103,0.0086779008015005
2020-04-30 23:00:00,1.6909137870287716,0.0866561220124159
2020-05-01 00:00:00,1.405283320330203,0.0422775712605563
2020-05-01 01:00:00,1.6178867807619732,0.0283404180925294
2020-05-01 02:00:00,1.6256620799163115,0.026576296671805097
2020-05-01 03:00:00,1.6119366977679825,0.0263509536312515
2020-05-01 04:00:00,1.5993872754778775,0.0390245140862245
2020-05-01 05:00:00,1.5228190876489662,0.0509649647121238
2020-05-01 06:00:00,1.633357548028391,0.0
2020-05-01 07:00:00,1.603855657071727,0.4548241918608389
2020-05-01 08:00:00,1.4651746327322916,0.8948454229714232
2020-05-01 09:00:00,1.471478193475866,1.3675713614154807
2020-05-01 10:00:00,1.6297719865897982,1.5571985906895702
2020-05-01 11:00:00,1.4235371335051799,1.7773455123521567
2020-05-01 12:00:00,1.4378163013334886,1.81337966067179
2020-05-01 13:00:00,1.434481756075323,1.823241744653723
2020-05-01 14:00:00,1.5409953352254337,1.6486113235088844
2020-05-01 15:00:00,1.3910821702024156,1.2858107650121693
2020-05-01 16:00:00,1.2697999180601403,1.0472458093753714
2020-05-01 17:00:00,1.3198316649926851,0.468694685620762
2020-05-01 18:00:00,1.334835211438738,0.023327164943189198
2020-05-01 19:00:00,1.2811066148381856,0.0181455767250624
2020-05-01 20:00:00,1.2743539367842405,0.0087152796415065
2020-05-01 21:00:00,1.3785394889872968,0.0096585724578623
2020-05-01 22:00:00,1.3019751550977823,0.0218232005123787
2020-05-01 23:00:00,1.3318177209337811,0.0
2020-05-02 00:00:00,1.3414629032543686,0.0154710991203701
2020-05-02 01:00:00,1.3839953185941938,0.0020927500059712
2020-05-02 02:00:00,1.303660584570052,0.0
2020-05-02 03:00:00,1.3751035725161618,0.0152822712453654
2020-05-02 04:00:00,1.2203518475042459,0.0
2020-05-02 05:00:00,1.060700040284889,0.0012308569936041
2020-05-02 06:00:00,1.1778065862547278,0.0258391384925559
2020-05-02 07:00:00,1.270945339718027,0.4762610666642293
2020-05-02 08:00:00,1.2732334384234953,0.8638973760288985
2020-05-02 09:00:00,1.1519412807731735,1.2939211348198425
2020-05-02 10:00:00,1.093070739016748,1.6421705499419583
2020-05-02 11:00:00,1.082024989516917,1.8469237862514365
2020-05-02 12:00:00,1.1286303501341406,1.8171125393835008
2020-05-02 13:00:00,1.1756800384705792,1.7756314744756099
2020-05-02 14:00:00,0.9952036101617341,1.591876242786021
2020-05-02 15:00:00,1.0209857352300944,1.268987971877669
2020-05-02 16:00:00,1.0825583999727115,0.8818997284208163
2020-05-02 17:00:00,0.9516923481931303,0.49685960793982753
2020-05-02 18:00:00,1.1880706643793508,0.0
2020-05-02 19:00:00,1.0000751962502445,0.0286436447464304
2020-05-02 20:00:00,0.865237607585897,0.0396306349894286
2020-05-02 21:00:00,1.0518683390848136,0.0251150481712518
2020-05-02 22:00:00,1.015294631367194,0.0820937385127775
2020-05-02 23:00:00,0.8642180974791287,0.0437487570874504
2020-05-03 00:00:00,1.0294003116941894,0.0
2020-05-03 01:00:00,0.9926589806490985,0.0
2020-05-03 02:00:00,0.8918270683762701,0.0302321149436773
2020-05-03 03:00:00,0.9641185600202238,0.0363977530676628
2020-05-03 04:00:00,1.0798764441588906,0.0479330078822804
2020-05-03 05:00:00,0.9386651691045449,0.0256540790613967
2020-05-03 06:00:00,0.8581448663588382,0.0145002135553643
2020-05-03 07:00:00,0.8134097950694335,0.43484992541688827
2020-05-03 08:00:00,0.9531848775695514,0.9743053263036633
2020-05-03 09:00:00,0.7880409269761928,1.2729563942815623
2020-05-03 10:00:00,0.8375397588245027,1.6069711149215207
2020-05-03 11:00:00,0.8960981862575067,1.8289934400978336
2020-05-03 12:00:00,0.8844270697278741,1.8261993950258422
2020-05-03 13:00:00,0.9515868223601529,1.7706492637391176
2020-05-03 14:00:00,0.8417678518084397,1.6197708789024121
2020-05-03 15:00:00,0.7576230198497678,1.308734772945939
2020-05-03 16:00:00,0.8482904046688753,0.9807599419932745
2020-05-03 17:00:00,0.8547003075871598,0.4712644274239761
2020-05-03 18:00:00,0.8867092024175143,0.022511184352379
2020-05-03 19:00:00,0.8265523117716931,0.0
2020-05-03 20:00:00,0.907291490068999,0.0036162370714844004
2020-05-03 21:00:00,0.9348824955677182,0.0513990009002455
2020-05-03 22:00:00,0.8234754951303356,0.0221092824105774
2020-05-03 23:00:00,0.847567806055859,0.009634684857627
2020-05-04 00:00:00,0.8779998892425778,0.0223378708390708
2020-05-04 01:00:00,0.7739767879749275,0.0062484204269144
2020-05-04 02:00:00,0.8593356902291935,0.050704555588363696
2020-05-04 03:00:00,0.9505436385300488,0.0245993544194692
2020-05-04 04:00:00,0.9339364206728402,0.0
2020-05-04 05:00:00,0.9028331701690779,0.0116482589259025
2020-05-04 06:00:00,0.8886262819916099,0.0761732503997699
2020-05-04 07:00:00,0.8860996784164156,0.523287311612765
2020-05-04 08:00:00,0.832147923435163,0.9386546499785116
2020-05-04 09:00:00,0.7975801259407843,1.343370994087373
2020-05-04 10:00:00,0.795268758793944,1.6624280434422827
2020-05-04 11:00:00,0.8464187432260273,1.7255225473802032
2020-05-04 12:00:00,0.9617751060164489,1.9192939318596718
2020-05-04 13:00:00,0.9610796038001826,1.8447917697663363
2020-05-04 14:00:00,0.8596139757045328,1.631177926627582
2020-05-04 15:00:00,0.927705455306427,1.3469216015210934
2020-05-04 16:00:00,0.9654133052527945,0.910942498161057
2020-05-04 17:00:00,0.8372001305937696,0.5024835156029024
2020-05-04 18:00:00,0.9696497134817925,0.0
2020-05-04 19:00:00,1.0312329297793057,0.0
2020-05-04 20:00:00,1.1113468579257144,0.0227284908478397
2020-05-04 21:00:00,0.9799050596512019,0.0303386644383743
2020-05-04 22:00:00,1.016796460400319,0.0
2020-05-04 23:00:00,1.1158245823216877,0.0
2020-05-05 00:00:00,0.9916023103967563,0.0
2020-05-05 01:00:00,1.0680200066804533,0.0141703351317718
2020-05-05 02:00:00,1.1390409310038745,0.0053881990393512
2020-05-05 03:00:00,1.0864636451581267,0.0063926487926494
2020-05-05 04:00:00,1.1736613054102554,0.0264663536979056
2020-05-05 05:00:00,1.1753912613609367,0.0130563333454972
2020-05-05 06:00:00,1.2251941255009473,0.0098811218347029
2020-05-05 07:00:00,1.2660532794327155,0.5133129355881487
2020-05-05 08:00:00,1.1629411535681804,0.9696113537220588
2020-05-05 09:00:00,1.2049946772085833,1.2641635322356
2020-05-05 10:00:00,1.1887670308766967,1.601908616155392
2020-05-05 11:00:00,1.20437316971914,1.774981958844632
2020-05-05 12:00:00,1.2073994725201043,1.745513551592769
2020-05-05 13:00:00,1.30207612305241,1.7930168134090012
2020-05-05 14:00:00,1.2901106664981965,1.5818743054077191
2020-05-05 15:00:00,1.3356735708607983,1.364799927243975
2020-05-05 16:00:00,1.212036832443058,0.9183608592822121
2020-05-05 17:00:00,1.2905711625268934,0.5029598777248744
2020-05-05 18:00:00,1.2395568891080333,0.0
2020-05-05 19:00:00,1.3187482570050046,0.0
2020-05-05 20:00:00,1.4468138036556488,0.0234295949049603
2020-05-05 21:00:00,1.3075742686288003,0.0
2020-05-05 22:00:00,1.4480839450154956,0.0184443552053756
2020-05-05 23:00:00,1.3061721918967009,0.043075960040812
2020-05-06 00:00:00,1.538356326828529,0.0554376270380072
2020-05-06 01:00:00,1.3826842340398395,0.0125061756282695
2020-05-06 02:00:00,1.3808354917161538,0.0
2020-05-06 03:00:00,1.5265482606902874,0.0553490099757981
2020-05-06 04:00:00,1.5339938108513889,0.0
2020-05-06 05:00:00,1.3890888361806741,0.0052658325723102
2020-05-06 06:00:00,1.511084579807243,0.0605874957826171
2020-05-06 07:00:00,1.7147005332703185,0.4930513659953434
2020-05-06 08:00:00,1.5700286781027812,0.9783883696154814
2020-05-06 09:00:00,1.4996888240739126,1.3889658089973977
2020-05-06 10:00:00,1.52886781140214,1.6962833507600057
2020-05-06 11:00:00,1.5503191244140124,1.7985264867277304
2020-05-06 12:00:00,1.5427400008174859,1.81673738411464
2020-05-06 13:00:00,1.6696425956811607,1.7505371908679586
2020-05-06 14:00:00,1.5749774197978004,1.5986749476689295
2020-05-06 15:00:00,1.5046448387173839,1.3353788397665012
2020-05-06 16:00:00,1.6554380175215067,0.9413954887365845
2020-05-06 17:00:00,1.6819863534208437,0.41218141069730374
2020-05-06 18:00:00,1.7250741410381396,0.0367193578311827
2020-05-06 19:00:00,1.663794802260583,0.0
2020-05-06 20:00:00,1.6817211641840637,0.0310846708569264
2020-05-06 21:00:00,1.593159880260484,0.0558445843165954
2020-05-06 22:00:00,1.7008301622250819,0.0188190329961445
2020-05-06 23:00:00,1.694869982533395,0.0139360097586302
2020-05-07 00:00:00,1.619970996706868,0.0395544382884689
2020-05-07 01:00:00,1.643852529748955,0.0401343009956831
2020-05-07 02:00:00,1.892888261067436,0.0431781451295059
2020-05-07 03:00:00,1.651061973787829,0.0122997081470166
2020-05-07 04:00:00,1.7816472143291775,0.0472762461115774
2020-05-07 05:00:00,1.5778438112671798,0.0
2020-05-07 06:00:00,1.6324442735699805,0.0476059701442512
2020-05-07 07:00:00,1.7766879638472335,0.4678162508656082
2020-05-07 08:00:00,1.5574256764195316,0.9008467390426955
2020-05-07 09:00:00,1.6749904237303457,1.4050880074230259
2020-05-07 10:00:00,1.7206168759270293,1.5673557887872938
2020-05-07 11:00:00,1.5177615506490656,1.80570066104804
2020-05-07 12:00:00,1.6648253401130542,1.7591093512979885
2020-05-07 13:00:00,1.6820111309384518,1.7378854143303095
2020-05-07 14:00:00,1.6267757548043762,1.5848354901454174
2020-05-07 15:00:00,1.5522429399959368,1.3131063110627523
2020-05-07 16:00:00,1.5263527931740315,0.9333835976635578
2020-05-07 17:00:00,1.7447797776553216,0.5295465091344226
2020-05-07 18:00:00,1.6127039046836456,0.0048895542583121
2020-05-07 19:00:00,1.6179489075164302,0.0
2020-05-07 20:00:00,1.6035134478980897,0.0734164485576778
2020-05-07 21:00:00,1.5892228426946655,0.0234740848630614
2020-05-07 22:00:00,1.643655401813493,0.0096887026005375
2020-05-07 23:00:00,1.5896715310126406,0.036215932428679
2020-05-08 00:00:00,1.6760274054750555,0.047163351707991
2020-05-08 01:00:00,1.6412485416901834,0.0350088105163659
2020-05-08 02:00:00,1.6321636825461436,0.0
2020-05-08 03:00:00,1.3918113002970904,0.0
2020-05-08 04:00:00,1.5988847305463578,0.0098822659351367
2020-05-08 05:00:00,1.4348170512158605,0.0168035475691955
2020-05-08 06:00:00,1.5325247707499958,0.0086827742964947
2020-05-08 07:00:00,1.4548021307624035,0.508767185051149
2020-05-08 08:00:00,1.484020542277392,0.8556535788014976
2020-05-08 09:00:00,1.5475636795819163,1.3194887845669885
2020-05-08 10:00:00,1.513296919243835,1.5668661609167696
2020-05-08 11:00:00,1.461775275402037,1.709852652866132
2020-05-08 12:00:00,1.522230656600588,1.8555406728353694
2020-05-08 13:00:00,1.416953896072819,1.7994661124399562
2020-05-08 14:00:00,1.3535684972242716,1.6076819301776433
2020-05-08 15:00:00,1.3382885587169984,1.2493563086762258
2020-05-08 16:00:00,1.558397615313016,0.9195342791651022
2020-05-08 17:00:00,1.2625001991241898,0.4356623682891171
2020-05-08 18:00:00,1.3731693920789563,0.0451362463815657
2020-05-08 19:00:00,1.3818244159600375,0.0221430879609531
2020-05-08 20:00:00,1.2928454440938766,0.0
2020-05-08 21:00:00,1.278797896084542,0.0
2020-05-08 22:00:00,1.3203199634733227,0.0203843556077977
2020-05-08 23:00:00,1.267947199398362,0.0
2020-05-09 00:00:00,1.422653182940845,0.043952511812638706
2020-05-09 01:00:00,1.159808816634444,0.010974031049788
2020-05-09 02:00:00,1.1984105087091925,0.0
2020-05-09 03:00:00,1.3219768926858397,0.0116992391718806
2020-05-09 04:00:00,1.128099868099628,0.0257471991296288
2020-05-09 05:00:00,1.3241053633734934,0.0073620467884117
2020-05-09 06:00:00,1.1750084396933331,0.0309580315208881
2020-05-09 07:00:00,1.1616940051337834,0.48932834907800116
2020-05-09 08:00:00,1.1701924550839375,0.9455523295163137
2020-05-09 09:00:00,1.2424183777622675,1.3295622878089393
2020-05-09 10:00:00,1.1461929662616925,1.5720435320775579
2020-05-09 11:00:00,1.0777977011246662,1.717481957837617
2020-05-09 12:00:00,1.0789685506856255,1.833437134851688
2020-05-09 13:00:00,0.9982625247089394,1.781580036188418
2020-05-09 14:00:00,1.0832109022109138,1.6041783310643658
2020-05-09 15:00:00,0.9756184736496575,1.2764786241736994
2020-05-09 16:00:00,1.0391998067318278,0.9361093869689738
2020-05-09 17:00:00,1.037724284445447,0.4370364176070725
2020-05-09 18:00:00,1.149191480616682,0.0235896610859038
2020-05-09 19:00:00,1.0449642895517082,0.0110260649474611
2020-05-09 20:00:00,1.0958135693373814,0.010878777997879
2020-05-09 21:00:00,0.98585040368998,0.0476246279111376
2020-05-09 22:00:00,0.8643500899821941,0.0192095147893987
2020-05-09 23:00:00,0.8857181549575387,0.0519629499339343
2020-05-10 00:00:00,0.9618582239319537,0.0148594515038629
2020-05-10 01:00:00,0.9161026978903517,0.0105171821607535
2020-05-10 02:00:00,1.0063195073212485,0.0
2020-05-10 03:00:00,0.800584540532964,0.0647219044349342
2020-05-10 04:00:00,0.9840712358534806,0.043273432100595
2020-05-10 05:00:00,0.9657691111999498,0.0514356043492478
2020-05-10 06:00:00,0.8659239106241088,0.0282286036510979
2020-05-10 07:00:00,1.000037870781311,0.5143701948246182
2020-05-10 08:00:00,0.7429192545028,0.9430822608708399
2020-05-10 09:00:00,0.8958169304853466,1.2846236084873337
2020-05-10 10:00:00,0.8370330523802483,1.5756778605088941
2020-05-10 11:00:00,0.8156691424925997,1.7911269483723202
2020-05-10 12:00:00,0.824662104883767,1.8688903324988475
2020-05-10 13:00:00,0.8468951900388313,1.7710956059030232
2020-05-10 14:00:00,0.8589015930043017,1.5944746811385622
2020-05-10 15:00:00,0.8226456518548196,1.2915174795255804
2020-05-10 16:00:00,0.9135299118975273,0.8959200999815461
2020-05-10 17:00:00,0.8574732765506579,0.4644766083025714
2020-05-10 18:00:00,0.8682252501715266,0.0065269509260797
2020-05-10 19:00:00,0.7936879068945286,0.0100110334992442
2020-05-10 20:00:00,0.8138452498069809,0.0
2020-05-10 21:00:00,0.7462256849331227,0.0102584718630751
2020-05-10 22:00:00,0.8563257688435177,0.0
2020-05-10 23:00:00,0.955444046774552,0.0224644562746031
2020-05-11 00:00:00,0.8524463634405421,0.0
2020-05-11 01:00:00,0.9154247888388098,0.0624444019995376
2020-05-11 02:00:00,0.7958496660563499,0.032596907982411105
2020-05-11 03:00:00,0.9100185287004903,0.0100202701313132
2020-05-11 04:00:00,0.7882226586619456,0.0360740690809376
2020-05-11 05:00:00,0.8920223950249931,0.0242892943449751
2020-05-11 06:00:00,0.8064060874665395,0.0194032067662772
2020-05-11 07:00:00,0.994214929000865,0.4511541886727478
2020-05-11 08:00:00,0.8972351620183816,0.8841858950793791
2020-05-11 09:00:00,0.8557573964197478,1.2935096475795227
2020-05-11 10:00:00,0.9565627417974604,1.5388894850740162
2020-05-11 11:00:00,0.8409938202083542,1.722195028253452
2020-05-11 12:00:00,0.8127321484195391,1.8751016498523878
2020-05-11 13:00:00,0.9003370546550467,1.7598089615504797
2020-05-11 14:00:00,0.8787842620222182,1.5411097339705255
2020-05-11 15:00:00,0.8103957142966478,1.3007922093063446
2020-05-11 16:00:00,0.9130028657089035,1.008638804768974
2020-05-11 17:00:00,1.0872110885965736,0.4927110463413992
2020-05-11 18:00:00,0.9336702293950065,0.0
2020-05-11 19:00:00,0.9713270126484427,0.0023573993465504
2020-05-11 20:00:00,0.7912182071571662,0.0377584353905901
2020-05-11 21:00:00,1.0293927300052501,0.0033513037117142
2020-05-11 22:00:00,0.91665701980376,0.0143488497266381
2020-05-11 23:00:00,1.0693666821507595,0.024420421928232898
2020-05-12 00:00:00,1.167906911524324,0.0422561499714815
2020-05-12 01:00:00,1.1055569164583372,0.0628838784401787
2020-05-12 02:00:00,0.9123698829318122,0.0317814196421015
2020-05-12 03:00:00,1.1597251144241412,0.0
2020-05-12 04:00:00,1.1641418201036606,0.0194953429799604
2020-05-12 05:00:00,1.0981335908399552,0.0405577458444963
2020-05-12 06:00:00,1.136135701528485,0.0596562473891811
2020-05-12 07:00:00,1.1505744243479055,0.4723360190226299
2020-05-12 08:00:00,1.1902240659479122,0.8585984597989103
2020-05-12 09:00:00,1.148070192713913,1.28678770930435
2020-05-12 10:00:00,1.1726875017317968,1.586280872635869
2020-05-12 11:00:00,1.1891485242187154,1.853393095297779
2020-05-12 12:00:00,1.2478954234631834,1.8447944597420918
2020-05-12 13:00:00,1.2891954857643602,1.7741892471470542
2020-05-12 14:00:00,1.3625341048203283,1.5890252337104593
2020-05-12 15:00:00,1.2350816879812996,1.268953640840834
2020-05-12 16:00:00,1.3554004530673445,0.8576422603621228
2020-05-12 17:00:00,1.3112631742078542,0.5071248273100148
2020-05-12 18:00:00,1.284807132734985,0.0112571393303552
2020-05-12 19:00:00,1.227920524491997,0.0595503201634144
2020-05-12 20:00:00,1.4840748489722029,0.0853532224604086
2020-05-12 21:00:00,1.294329150281863,0.0072129589746218
2020-05-12 22:00:00,1.25142156354636,0.0108467142950186
2020-05-12 23:00:00,1.4496255700367562,0.1039051596135202
2020-05-13 00:00:00,1.314415519019335,0.0
2020-05-13 01:00:00,1.398573962524278,0.0
2020-05-13 02:00:00,1.416750708122607,0.0021933258629439
2020-05-13 03:00:00,1.5055994031154518,0.0170582823396407
2020-05-13 04:00:00,1.7410612824287846,0.0453247102116216
2020-05-13 05:00:00,1.4601044048230483,0.0218798838833363
2020-05-13 06:00:00,1.502149521333218,0.0265941886134324
2020-05-13 07:00:00,1.6101513015799442,0.5491734196560711
2020-05-13 08:00:00,1.4580468632580472,0.9604539647155796
2020-05-13 09:00:00,1.533257606304553,1.2984129646630573
2020-05-13 10:00:00,1.5844404596978379,1.6230300299973779
2020-05-13 11:00:00,1.5813309049756596,1.8027432859932353
2020-05-13 12:00:00,1.4913448642190854,1.918242751415084
2020-05-13 13:00:00,1.4959968597074405,1.8106473384128585
2020-05-13 14:00:00,1.6056026264991243,1.6170360552728131
2020-05-13 15:00:00,1.6087876087492297,1.3357977947011324
2020-05-13 16:00:00,1.701900951637714,0.891662545251467
2020-05-13 17:00:00,1.492382631845052,0.497398787486016
2020-05-13 18:00:00,1.623262793112851,0.0173590056267605
2020-05-13 19:00:00,1.5995441518382136,0.064958550178732
2020-05-13 20:00:00,1.5708713658021054,0.0090945065532735
2020-05-13 21:00:00,1.51532568441911,0.0077262093822007
2020-05-13 22:00:00,1.631164878356449,0.033302846248836
2020-05-13 23:00:00,1.7512732523812566,0.0
2020-05-14 00:00:00,1.7376195160251515,0.0150547871971051
2020-05-14 01:00:00,1.4513922767999627,0.0410010127925159
2020-05-14 02:00:00,1.6629817149392454,0.0433733671870887
2020-05-14 03:00:00,1.5989936826860496,0.057970442004915204
2020-05-14 04:00:00,1.535678673297907,0.0669648346834287
2020-05-14 05:00:00,1.736170795353872,0.0100494629891466
2020-05-14 06:00:00,1.6842576707559498,0.09137409722190981
2020-05-14 07:00:00,1.5930822002309122,0.434212368421651
2020-05-14 08:00:00,1.6411444638017274,0.929736956781462
2020-05-14 09:00:00,1.764727505109088,1.3176765626392624
2020-05-14 10:00:00,1.6115997333989667,1.6359430456613078
2020-05-14 11:00:00,1.6224367882855308,1.7485632777305695
2020-05-14 12:00:00,1.6607838566699795,1.9330695001026044
2020-05-14 13:00:00,1.7714248323592954,1.7650362444665957
2020-05-14 14:00:00,1.5692742172577174,1.5071650286960558
2020-05-14 15:00:00,1.661439123466073,1.3061711989402678
2020-05-14 16:00:00,1.6165253485161286,0.9313783373016948
2020-05-14 17:00:00,1.6975405708562161,0.42833663849401626
2020-05-14 18:00:00,1.5723246773982513,0.0484496970342295
2020-05-14 19:00:00,1.5954344535094174,0.0
2020-05-14 20:00:00,1.5752983681606874,0.053239719143829
2020-05-14 21:00:00,1.727294547281796,0.0290967284568954
2020-05-14 22:00:00,1.6690507372466927,0.0473265951955185
2020-05-14 23:00:00,1.5440160031206283,0.022031383352178
2020-05-15 00:00:00,1.57384359208704,0.0966709751913408
2020-05-15 01:00:00,1.5086074460604382,0.0210022195787787
2020-05-15 02:00:00,1.515758072398067,0.0132687175799989
2020-05-15 03:00:00,1.5056779608733568,0.0
2020-05-15 04:00:00,1.5289055679124384,0.0087262148206462
2020-05-15 05:00:00,1.6287773004796748,0.0628259619778548
2020-05-15 06:00:00,1.4143312843079423,0.0046072442974081
2020-05-15 07:00:00,1.4801269828691912,0.3631306596218654
2020-05-15 08:00:00,1.495114261980985,0.9236346709790666
2020-05-15 09:00:00,1.5023186888509865,1.3713435443190205
2020-05-15 10:00:00,1.4866640135161475,1.563983159392317
2020-05-15 11:00:00,1.491871322107348,1.7580992652311935
2020-05-15 12:00:00,1.4369593645656487,1.8095840876822695
2020-05-15 13:00:00,1.5314693221731972,1.8014163991480592
2020-05-15 14:00:00,1.4292753363703334,1.5374190831675003
2020-05-15 15:00:00,1.4833903003909277,1.3441134364771692
2020-05-15 16:00:00,1.4382528224620972,0.9431805617555045
2020-05-15 17:00:00,1.3511604414478726,0.4813557838811241
2020-05-15 18:00:00,1.3810299029996318,0.0149872783035522
2020-05-15 19:00:00,1.3127724186711838,0.0332330791113871
2020-05-15 20:00:00,1.4744496213517864,0.0399920885983329
2020-05-15 21:00:00,1.5117176851496428,0.0100190372278465
2020-05-15 22:00:00,1.3301625096144474,0.0
2020-05-15 23:00:00,1.193367039322674,0.0291026744131358
2020-05-16 00:00:00,1.2631468599270312,0.0058768681121487
2020-05-16 01:00:00,1.17556265090961,0.0
2020-05-16 02:00:00,1.1599478390829578,0.0901319888223582
2020-05-16 03:00:00,1.3007153335787778,0.07984121055498569
2020-05-16 04:00:00,1.2990353573918125,0.0020462623367977
2020-05-16 05:00:00,1.1751043559459688,0.0
2020-05-16 06:00:00,1.111363607085703,0.0830654614088737
2020-05-16 07:00:00,1.1124209720210783,0.4365148122441377
2020-05-16 08:00:00,1.256227109057412,0.9159062544192158
2020-05-16 09:00:00,1.1864601280935094,1.3120177899498446
2020-05-16 10:00:00,1.0998980709571824,1.5431317190737368
2020-05-16 11:00:00,0.9839843794329219,1.7089628869217801
2020-05-16 12:00:00,1.035011301976843,1.8335117864389425
2020-05-16 13:00:00,0.9736612241738345,1.7133485831618664
2020-05-16 14:00:00,0.9573305098954217,1.584343189157324
2020-05-16 15:00:00,1.0403313780675305,1.2649909883141528
2020-05-16 16:00:00,0.9706382260659014,0.9746714687938628
2020-05-16 17:00:00,1.0302621523754343,0.4385091902807129
2020-05-16 18:00:00,0.9670251864424141,0.0410798790438831
2020-05-16 19:00:00,1.0532807830396633,0.0090814593632696
2020-05-16 20:00:00,0.8826624230051279,0.0452007564860804
2020-05-16 21:00:00,0.9659188440360891,0.0
2020-05-16 22:00:00,1.018443792747936,0.0415196775719566
2020-05-16 23:00:00,0.9551832488874775,0.0411043961834249
2020-05-17 00:00:00,0.8705717938116897,0.0
2020-05-17 01:00:00,0.8669692101083848,0.0
2020-05-17 02:00:00,0.9147282578940885,0.0
2020-05-17 03:00:00,0.9121949267971785,0.044088984004420004
2020-05-17 04:00:00,0.8874664044710627,0.0310539093148429
2020-05-17 05:00:00,0.8041175900192371,0.0308472555170476
2020-05-17 06:00:00,0.8640060204165725,0.0448857528119842
2020-05-17 07:00:00,0.8637904346333033,0.5516446724221411
2020-05-17 08:00:00,0.7953409530214988,0.8697268412142591
2020-05-17 09:00:00,0.8884743249008282,1.3135775160914127
2020-05-17 10:00:00,0.9623992896204436,1.5320105499304275
2020-05-17 11:00:00,0.894915035023661,1.7070747308669225
2020-05-17 12:00:00,0.8057768629525348,1.7876490306150836
2020-05-17 13:00:00,0.8180667134589708,1.7450229621425595
2020-05-17 14:00:00,0.7772766148535186,1.5839650268604846
2020-05-17 15:00:00,0.8115618622885963,1.2486084575026561
2020-05-17 16:00:00,0.8250728579643808,0.9011072593192184
2020-05-17 17:00:00,0.813063394826981,0.4681539842774754
2020-05-17 18:00:00,0.8111151624887558,0.0017962814643857
2020-05-17 19:00:00,0.7081440187465768,0.0079088376047744
2020-05-17 20:00:00,0.7986255422324561,0.0298973644030868
2020-05-17 21:00:00,0.8541506674253161,0.0388465485423737
2020-05-17 22:00:00,0.7772505377031012,0.0205859698024561
2020-05-17 23:00:00,0.7376437906443613,0.0
2020-05-18 00:00:00,0.7291557318801254,0.0078400516146574
2020-05-18 01:00:00,0.9594298818729537,0.0
2020-05-18 02:00:00,0.842155330964848,0.0
2020-05-18 03:00:00,0.9797669869602218,0.0
2020-05-18 04:00:00,0.8448753518141052,0.0211387733988047
2020-05-18 05:00:00,0.8201392041232507,0.0140184721691469
2020-05-18 06:00:00,0.8247326699975874,0.0403109882582941
2020-05-18 07:00:00,0.9735719337571488,0.45708212259497594
2020-05-18 08:00:00,0.8763571714407226,0.8860393683212231
2020-05-18 09:00:00,0.8466169286665428,1.2814798306373003
2020-05-18 10:00:00,0.7606202715386893,1.5069196439782504
2020-05-18 11:00:00,0.862217104287637,1.7861564180922875
2020-05-18 12:00:00,0.9356401758778881,1.8197500094703343
2020-05-18 13:00:00,0.9049136344116198,1.7618182617808862
2020-05-18 14:00:00,1.0316492043599665,1.6027480379286616
2020-05-18 15:00:00,0.9082382365928493,1.2673469645413988
2020-05-18 16:00:00,0.8539107998660027,0.9978467024340139
2020-05-18 17:00:00,0.9058446589204482,0.42598118635935966
2020-05-18 18:00:00,1.0736807786376446,0.0112564863438603
2020-05-18 19:00:00,0.8423226778337927,0.0069409695796353
2020-05-18 20:00:00,1.0065128316971503,0.0
2020-05-18 21:00:00,0.9637542223898274,0.0376978260681638
2020-05-18 22:00:00,1.0247682319102858,0.0084840381650247
2020-05-18 23:00:00,1.1119651009565956,0.0
2020-05-19 00:00:00,0.9829471395805844,0.012515928785688201
2020-05-19 01:00:00,1.0506418681423892,0.0180009428974571
2020-05-19 02:00:00,0.9348378736282217,0.0081996391300969
2020-05-19 03:00:00,1.0000286038412116,0.008677171720152
2020-05-19 04:00:00,1.193631852472647,0.0047347311177
2020-05-19 05:00:00,1.143686347576349,0.0101952511676283
2020-05-19 06:00:00,1.224287529747714,0.094556983063945
2020-05-19 07:00:00,1.038639592520818,0.4591355274129398
2020-05-19 08:00:00,1.2701483803025944,0.9283723394785088
2020-05-19 09:00:00,1.1221806517826094,1.295345257376305
2020-05-19 10:00:00,1.2075627211697981,1.648222926376484
2020-05-19 11:00:00,1.1769651250991648,1.7350694905057193
2020-05-19 12:00:00,1.3579260737150487,1.778336930056882
2020-05-19 13:00:00,1.195697725498299,1.723794449456269
2020-05-19 14:00:00,1.1056974519646863,1.544979287043764
2020-05-19 15:00:00,1.1857396070706083,1.256711117397531
2020-05-19 16:00:00,1.463382262824086,0.8452158428686007
2020-05-19 17:00:00,1.3186268296824746,0.4664052519209519
2020-05-19 18:00:00,1.1291109935467758,0.0
2020-05-19 19:00:00,1.397106012229119,0.0434917425455134
2020-05-19 20:00:00,1.311681396359056,0.0
2020-05-19 21:00:00,1.3250813602485008,0.0025503435714651
2020-05-19 22:00:00,1.2848890073520205,0.0249499755980556
2020-05-19 23:00:00,1.5135852148129239,0.010896340367045499
2020-05-20 00:00:00,1.2525107744942985,0.0212753289152803
2020-05-20 01:00:00,1.6506743005572477,0.0331252566527577
2020-05-20 02:00:00,1.459051877798475,0.0093794743227066
2020-05-20 03:00:00,1.3875461592022458,0.034426994081418
2020-05-20 04:00:00,1.4048024048635068,0.0300516246308143
2020-05-20 05:00:00,1.4398796499985669,0.0
2020-05-20 06:00:00,1.4999841618293792,0.0433880282515358
2020-05-20 07:00:00,1.468603850720537,0.47705367599524484
2020-05-20 08:00:00,1.5059170316971784,0.8874785986059507
2020-05-20 09:00:00,1.4971747223643104,1.2715571234340164
2020-05-20 10:00:00,1.4790371992152938,1.589241583115781
2020-05-20 11:00:00,1.4600383815129532,1.720151262876549
2020-05-20 12:00:00,1.6093057364713408,1.7248313886131754
2020-05-20 13:00:00,1.6273869818538063,1.7671309857805502
2020-05-20 14:00:00,1.3738127669416025,1.5498390667292432
2020-05-20 15:00:00,1.5965705457015313,1.2870136954958167
2020-05-20 16:00:00,1.6681401299010157,0.954730883520341
2020-05-20 17:00:00,1.5708193257475058,0.5295772247231096
2020-05-20 18:00:00,1.6824326403379146,0.0
2020-05-20 19:00:00,1.5504975762733597,0.0
2020-05-20 20:00:00,1.6849241205360181,0.0587701157821561
2020-05-20 21:00:00,1.6225360163524534,0.0258580820427389
2020-05-20 22:00:00,1.678870864853017,0.025912916467875
2020-05-20 23:00:00,1.6590498463587506,0.0095193674481568
2020-05-21 00:00:00,1.6120637933923443,0.0033765504517469
2020-05-21 01:00:00,1.7747183857063105,0.0125218368012934
2020-05-21 02:00:00,1.6587925553760252,0.0025791568416208
2020-05-21 03:00:00,1.6840454387871029,0.0002815786619702
2020-05-21 04:00:00,1.5234816647687075,0.0
2020-05-21 05:00:00,1.5369217265537505,0.0339836271886729
2020-05-21 06:00:00,1.6110383690710113,0.0084282007820954
2020-05-21 07:00:00,1.6740344032671337,0.48911059808903745
2020-05-21 08:00:00,1.7375537837475092,0.8309148782552244
2020-05-21 09:00:00,1.488579764011241,1.281807754902009
2020-05-21 10:00:00,1.5823597338325215,1.5405441523524197
2020-05-21 11:00:00,1.6056277107556722,1.7542187925933175
2020-05-21 12:00:00,1.5931252143667671,1.7738532442804453
2020-05-21 13:00:00,1.644987736148688,1.7130163037166621
2020-05-21 14:00:00,1.6192149731864354,1.5707962820701373
2020-05-21 15:00:00,1.4829688994843608,1.2502172861454572
2020-05-21 16:00:00,1.5914272108028755,0.8922814515782236
2020-05-21 17:00:00,1.5984333476329495,0.5139853504081644
2020-05-21 18:00:00,1.6587507147632756,0.0138889645737695
2020-05-21 19:00:00,1.5656950179566822,0.0034088800296157
2020-05-21 20:00:00,1.4695137157226035,0.0077960495864597
2020-05-21 21:00:00,1.6471525009119403,0.0476177871244128
2020-05-21 22:00:00,1.6396957353922157,0.0342884139542653
2020-05-21 23:00:00,1.556126551599069,0.0105088664136967
2020-05-22 00:00:00,1.5616155006704604,0.0
2020-05-22 01:00:00,1.6817105087185156,0.0063587057802489
2020-05-22 02:00:00,1.6132076420796213,0.0321331308028786
2020-05-22 03:00:00,1.5439711179143831,0.0
2020-05-22 04:00:00,1.4154104573726092,0.0331104889860179
2020-05-22 05:00:00,1.4804828471447136,0.0233005409057198
2020-05-22 06:00:00,1.450356936014522,0.023735168282472498
2020-05-22 07:00:00,1.4516881172921376,0.4679090956746248
2020-05-22 08:00:00,1.512936698828263,0.8604450601862608
2020-05-22 09:00:00,1.4504887503401993,1.2784696196405791
2020-05-22 10:00:00,1.4640247994038245,1.5681100394055099
2020-05-22 11:00:00,1.4365066703195324,1.6994338453814
2020-05-22 12:00:00,1.4083706349886498,1.8025866018014574
2020-05-22 13:00:00,1.4061538644400295,1.7642660119013962
2020-05-22 14:00:00,1.4071762040973157,1.554391499408543
2020-05-22 15:00:00,1.2805652791292923,1.2970822618464108
2020-05-22 16:00:00,1.3571374750123084,0.8661759103710274
2020-05-22 17:00:00,1.3844450005430715,0.40722590635042244
2020-05-22 18:00:00,1.2900105359448595,0.0
2020-05-22 19:00:00,1.2127565233625783,0.0087383531853422
2020-05-22 20:00:00,1.2999800448646572,0.0
2020-05-22 21:00:00,1.3617886211691355,0.0480581146803326
2020-05-22 22:00:00,1.2408302187093816,0.0177276906341809
2020-05-22 23:00:00,1.1461989607644316,0.0297898279347723
2020-05-23 00:00:00,1.2230870147070378,0.0133056812879479
2020-05-23 01:00:00,1.1310138730546337,0.0085485708793567
2020-05-23 02:00:00,1.2004889581968454,0.0
2020-05-23 03:00:00,1.210135473945735,0.0058157435077014
2020-05-23 04:00:00,1.1361983937749058,0.01809546766584
2020-05-23 05:00:00,1.2404735105269329,0.0280121817056239
2020-05-23 06:00:00,1.2099555661782748,0.0
2020-05-23 07:00:00,0.9355057991974267,0.5066470613157354
2020-05-23 08:00:00,0.99212764840682,0.8813232820076253
2020-05-23 09:00:00,1.0504007308371919,1.3143741639767725
2020-05-23 10:00:00,1.0277446600984308,1.5310983622200383
2020-05-23 11:00:00,1.0584060793957686,1.7379351875159665
2020-05-23 12:00:00,1.204227874581673,1.8313424001719187
2020-05-23 13:00:00,1.132775743875797,1.7452546361413903
2020-05-23 14:00:00,1.1606967452852273,1.5219021340255419
2020-05-23 15:00:00,0.9757255107897125,1.264369487725412
2020-05-23 16:00:00,0.9649790643414682,0.8261615613563893
2020-05-23 17:00:00,0.9466551821359841,0.5046249288576724
2020-05-23 18:00:00,1.0559125558317783,0.0
2020-05-23 19:00:00,0.8805215536750883,0.021261216233069598
2020-05-23 20:00:00,0.8487159792261938,0.0294657942490158
2020-05-23 21:00:00,0.9213122552400999,0.0
2020-05-23 22:00:00,0.9230476930804019,0.0
2020-05-23 23:00:00,0.8413649645450935,0.014880572441779899
2020-05-24 00:00:00,0.7120798735770192,0.0347493937644718
2020-05-24 01:00:00,0.9178582597776219,0.0112641088125662
2020-05-24 02:00:00,0.9245887964605451,0.0130697004221718
2020-05-24 03:00:00,0.94071569293308,0.0089501629077195
2020-05-24 04:00:00,0.8760882007936848,0.045047373595178096
2020-05-24 05:00:00,0.9195999971916535,0.0130813640717073
2020-05-24 06:00:00,0.7892558903187451,0.0
2020-05-24 07:00:00,0.7522447597553776,0.4884815582609145
2020-05-24 08:00:00,0.6296698835157692,0.9005377748078032
2020-05-24 09:00:00,0.878752899255361,1.3127521474645714
2020-05-24 10:00:00,0.7648157716916852,1.5743302239206378
2020-05-24 11:00:00,0.9017204494221953,1.6934761040836355
2020-05-24 12:00:00,0.7378204884019647,1.728418566798506
2020-05-24 13:00:00,0.741142039697913,1.7459355991554801
2020-05-24 14:00:00,0.7871315195166348,1.61682945342875
2020-05-24 15:00:00,0.9197932707136941,1.204477217356316
2020-05-24 16:00:00,0.862290189336963,0.854818166164672
2020-05-24 17:00:00,0.7550273372988123,0.42605735407618717
2020-05-24 18:00:00,0.830854029049477,0.0175850619126283
2020-05-24 19:00:00,0.7375575491336005,0.0039874348306622
2020-05-24 20:00:00,0.8729496183453285,0.0202978903077519
2020-05-24 21:00:00,0.7086321920222871,0.0102281601127035
2020-05-24 22:00:00,0.8899440561841174,0.0
2020-05-24 23:00:00,0.8055270277016099,0.0
2020-05-25 00:00:00,0.7992535026245715,0.0
2020-05-25 01:00:00,0.7496554688646464,0.006956536058545
2020-05-25 02:00:00,0.7085217513328693,0.0
2020-05-25 03:00:00,0.7494773459650115,0.0523036298353753
2020-05-25 04:00:00,0.8361050900408336,0.0667327849519637
2020-05-25 05:00:00,0.7893945863433337,0.0195044169771448
2020-05-25 06:00:00,0.8588092660881081,0.0422860778972879
2020-05-25 07:00:00,0.7609167793722886,0.47161870213953616
2020-05-25 08:00:00,0.8197509994055603,0.8915844457737228
2020-05-25 09:00:00,0.8130296456485004,1.274540918995286
2020-05-25 10:00:00,0.9276464141019758,1.5202146888624555
2020-05-25 11:00:00,0.9452883299711747,1.6694454688210234
2020-05-25 12:00:00,0.8957379026598189,1.8425194274802796
2020-05-25 13:00:00,0.8866861297437689,1.7269780526315999
2020-05-25 14:00:00,1.042990607305253,1.5382710928941528
2020-05-25 15:00:00,0.8985811154446623,1.2108312884916088
2020-05-25 16:00:00,0.9275766488520382,0.8655582885535686
2020-05-25 17:00:00,0.8835042969048432,0.3837992759746459
2020-05-25 18:00:00,0.9585837112759792,0.0075978736423094
2020-05-25 19:00:00,1.036889142737508,0.0661197727689525
2020-05-25 20:00:00,0.9741455270121095,0.0
2020-05-25 21:00:00,0.9405908510992957,0.0047518352343387
2020-05-25 22:00:00,1.0953046486557951,0.015295242553607
2020-05-25 23:00:00,0.9968091802862913,0.0038138175615912
2020-05-26 00:00:00,1.021686022382045,0.0141719961871744
2020-05-26 01:00:00,0.9873175149907614,0.0347507500119464
2020-05-26 02:00:00,1.1233262563262505,0.0073077689112234
2020-05-26 03:00:00,1.0588321380631451,0.06736556276752881
2020-05-26 04:00:00,0.8915864473821681,0.0
2020-05-26 05:00:00,1.1032232480340856,0.0047578885597202
2020-05-26 06:00:00,1.161397661211142,0.0082338911323848
2020-05-26 07:00:00,1.050886145196272,0.4716424567114767
2020-05-26 08:00:00,1.1107219473084902,0.8141036224879342
2020-05-26 09:00:00,1.0248255180057013,1.14584063317059
2020-05-26 10:00:00,1.1235549988063365,1.5348250280228855
2020-05-26 11:00:00,1.2804399386146224,1.7121424757573172
2020-05-26 12:00:00,1.3360070528446424,1.7656092206606864
2020-05-26 13:00:00,1.217221251682068,1.669778145293951
2020-05-26 14:00:00,1.1453527792013194,1.5440434812215014
2020-05-26 15:00:00,1.2896010635497976,1.185360476165257
2020-05-26 16:00:00,1.274364552310524,0.885259457541388
2020-05-26 17:00:00,1.2544680063586915,0.5353660787599575
2020-05-26 18:00:00,1.2687041328582218,0.0309183749907845
2020-05-26 19:00:00,1.3211166761041926,0.067936265592385
2020-05-26 20:00:00,1.3204050017227118,0.0174522674937531
2020-05-26 21:00:00,1.3871162555733314,0.0064509349493227
2020-05-26 22:00:00,1.2654991354602163,0.0059181685415769
2020-05-26 23:00:00,1.3372282758394258,0.0153593200397648
2020-05-27 00:00:00,1.3793231237734052,0.0058399780907726
2020-05-27 01:00:00,1.245330701974203,0.0271656341875531
2020-05-27 02:00:00,1.2010050044102858,0.029653877874188102
2020-05-27 03:00:00,1.2970211980122923,0.037442185521176403
2020-05-27 04:00:00,1.5094475594482122,0.0
2020-05-27 05:00:00,1.5028802897459803,0.0226854062405414
2020-05-27 06:00:00,1.5098794582487245,0.0145084396683341
2020-05-27 07:00:00,1.4127254605345505,0.48519910013505596
2020-05-27 08:00:00,1.3758653606339108,0.7907065558070222
2020-05-27 09:00:00,1.341792052946086,1.273568688509251
2020-05-27 10:00:00,1.58469514322553,1.5526620712666837
2020-05-27 11:00:00,1.5325313039903699,1.7532290822982073
2020-05-27 12:00:00,1.4873171219715466,1.7942290335658204
2020-05-27 13:00:00,1.5677272618885685,1.6817572762196
2020-05-27 14:00:00,1.4767069494111533,1.5554843475567977
2020-05-27 15:00:00,1.6118861272110392,1.3559553331927787
2020-05-27 16:00:00,1.434185030066419,0.8856497083394054
2020-05-27 17:00:00,1.4076137459974887,0.5141123535880103
2020-05-27 18:00:00,1.6200767935161058,0.0406482682799613
2020-05-27 19:00:00,1.6876797324394759,0.0157069552363475
2020-05-27 20:00:00,1.6976543974551503,0.0134827580223435
2020-05-27 21:00:00,1.6786884460109885,0.0035793843275629
2020-05-27 22:00:00,1.491632458250525,0.0341572003765412
2020-05-27 23:00:00,1.6167744235464765,0.0
2020-05-28 00:00:00,1.6336225967687577,0.0
2020-05-28 01:00:00,1.686222920578503,0.0
2020-05-28 02:00:00,1.4504130369534278,0.0266262547998075
2020-05-28 03:00:00,1.4396101877671903,0.0
2020-05-28 04:00:00,1.5854647962635733,0.0090413600844796
2020-05-28 05:00:00,1.5886843329059812,0.0182492477297272
2020-05-28 06:00:00,1.704859301616985,0.0106524125488426
2020-05-28 07:00:00,1.6207926341697956,0.409819401878438
2020-05-28 08:00:00,1.6574478820805987,0.8245879954223523
2020-05-28 09:00:00,1.606575497124624,1.22315995534714
2020-05-28 10:00:00,1.5823486735986614,1.5458413748195166
2020-05-28 11:00:00,1.6423721346097853,1.573696869511216
2020-05-28 12:00:00,1.544524778656078,1.8293968768454079
2020-05-28 13:00:00,1.6720474761906372,1.7047841704203086
2020-05-28 14:00:00,1.6427947255357216,1.5536817935382898
2020-05-28 15:00:00,1.5775885621106753,1.2451191004030036
2020-05-28 16:00:00,1.5837368739967257,0.9075035315910833
2020-05-28 17:00:00,1.591270375242879,0.45158707552375027
2020-05-28 18:00:00,1.6193309031068805,0.0
2020-05-28 19:00:00,1.5878248261439571,0.0172480267826128
2020-05-28 20:00:00,1.6077397550458656,0.0629979025595694
2020-05-28 21:00:00,1.523390973128858,0.0
2020-05-28 22:00:00,1.5455576166683662,0.054105334894693505
2020-05-28 23:00:00,1.582336294635041,0.0136948158886342
2020-05-29 00:00:00,1.57959241099182,0.0057749046765912
2020-05-29 01:00:00,1.4868110873337383,0.0535013403849583
2020-05-29 02:00:00,1.4521520194009157,0.0016147721476611
2020-05-29 03:00:00,1.3540939949009547,0.1078939298948589
2020-05-29 04:00:00,1.4592830946452287,0.06641742277018
2020-05-29 05:00:00,1.4797137706792425,0.0059378235688453
2020-05-29 06:00:00,1.481781264086905,0.0224202301190826
2020-05-29 07:00:00,1.4608758682191014,0.4607815581669886
2020-05-29 08:00:00,1.4410239915160803,0.8836737683100517
2020-05-29 09:00:00,1.390644208380599,1.1790600676916179
2020-05-29 10:00:00,1.2835556403044455,1.405549591905654
2020-05-29 11:00:00,1.4537959525562396,1.6647639059824437
2020-05-29 12:00:00,1.360015782614252,1.8163485025619481
2020-05-29 13:00:00,1.2776790667735132,1.6271310538680464
2020-05-29 14:00:00,1.2805903292350669,1.4588341937082008
2020-05-29 15:00:00,1.2733099152662832,1.2492948490599716
2020-05-29 16:00:00,1.3632225541733791,0.8933422092339511
2020-05-29 17:00:00,1.3646901305329266,0.4229618051851634
2020-05-29 18:00:00,1.2988572228683983,0.0034274418392891
2020-05-29 19:00:00,1.148729966635936,0.008527352878235299
2020-05-29 20:00:00,1.2821085376520833,0.0141009516737592
2020-05-29 21:00:00,1.3678866692796212,0.0
2020-05-29 22:00:00,1.3572930434217945,0.0
2020-05-29 23:00:00,1.2473264219460074,0.0039613400796436
2020-05-30 00:00:00,1.120084887330608,0.0
2020-05-30 01:00:00,1.0328848003553914,0.0519952972684762
2020-05-30 02:00:00,1.272083294648017,0.0535670915660002
2020-05-30 03:00:00,1.0532320409777225,0.0015665291878676
2020-05-30 04:00:00,1.0634034498832299,0.0
2020-05-30 05:00:00,1.0171139533592732,0.0250450455331633
2020-05-30 06:00:00,1.0202498234592716,0.0471100029507849
2020-05-30 07:00:00,1.1594454829495335,0.44959935470784185
2020-05-30 08:00:00,1.1213416956480144,0.9113722064338121
2020-05-30 09:00:00,1.1007409099038465,1.242821902739287
2020-05-30 10:00:00,1.0950353859352,1.5918128760982504
2020-05-30 11:00:00,1.0843679862767117,1.6944167094269504
2020-05-30 12:00:00,1.053299645596658,1.7419379656180678
2020-05-30 13:00:00,0.924080210843061,1.616357010210547
2020-05-30 14:00:00,0.9062346491145128,1.4863376033955988
2020-05-30 15:00:00,0.9362088475927788,1.2084248772732593
2020-05-30 16:00:00,0.9668648183475843,0.8182510799362641
2020-05-30 17:00:00,0.8843272159761264,0.43239704883180186
2020-05-30 18:00:00,0.8671715681124139,0.0148452871202195
2020-05-30 19:00:00,0.8517211657764259,0.0356817173094156
2020-05-30 20:00:00,1.0609728969472825,0.0350026793640524
2020-05-30 21:00:00,0.7801358893690781,0.0029483286048657
2020-05-30 22:00:00,0.7650161271671643,0.0137625518992245
2020-05-30 23:00:00,0.9352442095740872,0.0554046993721639
2020-05-31 00:00:00,0.7848867600811631,0.0284622582933149
2020-05-31 01:00:00,0.8881275989588433,0.0291349672111084
2020-05-31 02:00:00,0.8784819222425191,0.0
2020-05-31 03:00:00,0.8056747853952545,0.0
2020-05-31 04:00:00,0.8176208440233113,0.0
2020-05-31 05:00:00,0.7528198082193371,0.0267986130098743
2020-05-31 06:00:00,0.7230648842865506,0.0109449470571662
2020-05-31 07:00:00,0.839556501831433,0.3570125217928828
2020-05-31 08:00:00,0.6625444941439004,0.9005174246263112
2020-05-31 09:00:00,0.7932390245347276,1.2506146621586045
2020-05-31 10:00:00,0.9556842458805413,1.4750569949710621
2020-05-31 11:00:00,0.8305871180070183,1.6489378523949303
2020-05-31 12:00:00,0.7809034735097422,1.7398375800666859
2020-05-31 13:00:00,0.627188253957732,1.7183978164638938
2020-05-31 14:00:00,0.7130825329950494,1.5099594423168277
2020-05-31 15:00:00,0.6247871629431345,1.2041428056449892
2020-05-31 16:00:00,0.7847477817468886,0.929175195626055
2020-05-31 17:00:00,0.7306834229304358,0.3967064734703929
2020-05-31 18:00:00,0.6704878413429163,0.0
2020-05-31 19:00:00,0.904417364216805,0.0456143645945529
2020-05-31 20:00:00,0.6756525974746341,0.1123818051973294
2020-05-31 21:00:00,0.7238225723617772,0.0192472539182556
2020-05-31 22:00:00,0.7267740379494894,0.0
2020-05-31 23:00:00,0.8778608362595406,0.0144120305588251
2020-06-01 00:00:00,0.7879994214611121,0.0940797734530901
2020-06-01 01:00:00,0.6080737868909125,0.0575706864771536
2020-06-01 02:00:00,0.8551819225557684,0.0314515589290086
2020-06-01 03:00:00,0.7832789101398776,0.0825412719475187
2020-06-01 04:00:00,0.9911243636293463,0.0062079927173863
2020-06-01 05:00:00,0.7210136822467033,0.0290457452803253
2020-06-01 06:00:00,0.8189673501613755,0.07278098816669559
2020-06-01 07:00:00,0.6678640926464676,0.4012592837268296
2020-06-01 08:00:00,0.7969228820476646,0.9009963949740055
2020-06-01 09:00:00,0.6995012319702152,1.2696919800152473
2020-06-01 10:00:00,0.9115919055638974,1.4837379519078144
2020-06-01 11:00:00,0.8025055949537775,1.7196091320882991
2020-06-01 12:00:00,0.8249447902901887,1.7334621426169292
2020-06-01 13:00:00,0.8866941021742736,1.7880352133472739
2020-06-01 14:00:00,0.8389447537257023,1.5025103262887072
2020-06-01 15:00:00,0.8987424662855964,1.189336475502621
2020-06-01 16:00:00,0.8545800922562146,0.7855395173857238
2020-06-01 17:00:00,0.9732696892950248,0.43005221635408153
2020-06-01 18:00:00,0.944786171252487,0.0
2020-06-01 19:00:00,0.8660446358530082,0.0649034674866455
2020-06-01 20:00:00,1.0236461143148636,0.018507467258976
2020-06-01 21:00:00,0.9136117816705286,0.05759012931422319
2020-06-01 22:00:00,0.8726356839170686,0.0517263624480724
2020-06-01 23:00:00,0.9844958193428648,0.02303596002802
2020-06-02 00:00:00,0.9899504592609263,0.0345377004913816
2020-06-02 01:00:00,0.8159093546216674,0.0453143394763342
2020-06-02 02:00:00,0.9579152317134475,0.0389200215693082
2020-06-02 03:00:00,1.0850193826700665,0.0101774826888845
2020-06-02 04:00:00,1.156849287491755,0.0458482314295257
2020-06-02 05:00:00,1.0990989076254456,0.0249827165805499
2020-06-02 06:00:00,1.2240447689043803,0.0275035921868471
2020-06-02 07:00:00,1.2006746451357824,0.4301305733976774
2020-06-02 08:00:00,1.17414641349134,0.8813629177143656
2020-06-02 09:00:00,1.1344828468078232,1.2008293395374134
2020-06-02 10:00:00,1.0305096463315544,1.4896038410935772
2020-06-02 11:00:00,1.2235120533728026,1.7748586386172682
2020-06-02 12:00:00,1.0838544474211114,1.7620038238419453
2020-06-02 13:00:00,1.2673211640425202,1.6458023349998263
2020-06-02 14:00:00,1.2374497797741522,1.5111143018702715
2020-06-02 15:00:00,1.1073920161405828,1.2152244230607407
2020-06-02 16:00:00,1.3055949086406646,0.9849879441993321
2020-06-02 17:00:00,1.1526482084909624,0.4516698466352854
2020-06-02 18:00:00,1.2010894626455704,0.0141493445574135
2020-06-02 19:00:00,1.1945440496516508,0.0
2020-06-02 20:00:00,1.246805320068539,0.0139847196809733
2020-06-02 21:00:00,1.330823000692408,0.0411946942824223
2020-06-02 22:00:00,1.3160480583222949,0.0090790999618707
2020-06-02 23:00:00,1.2319479756550908,0.0050554995443167
2020-06-03 00:00:00,1.470787418153809,0.0254847678474572
2020-06-03 01:00:00,1.3606941679578708,0.0023808177879363
2020-06-03 02:00:00,1.2804255790401013,0.0
2020-06-03 03:00:00,1.4432962147718498,0.0
2020-06-03 04:00:00,1.4153492643644747,0.0592826204419697
2020-06-03 05:00:00,1.3402992648321037,0.000149072576881
2020-06-03 06:00:00,1.4319900121325975,0.0542161023943499
2020-06-03 07:00:00,1.4657703755475775,0.4743013756111889
2020-06-03 08:00:00,1.3761804246964844,0.8334476124949396
2020-06-03 09:00:00,1.530070150063561,1.285429901548111
2020-06-03 10:00:00,1.5310955842180451,1.5365452714933299
2020-06-03 11:00:00,1.611373241338713,1.7679847777031217
2020-06-03 12:00:00,1.4967827331622734,1.7140694843875255
2020-06-03 13:00:00,1.5798049465147752,1.6239065892354767
2020-06-03 14:00:00,1.5533670306940417,1.4718024136339514
2020-06-03 15:00:00,1.4886150441345296,1.236872145494524
2020-06-03 16:00:00,1.5288136447819696,0.876168048689983
2020-06-03 17:00:00,1.6629263620424615,0.43391157888393905
2020-06-03 18:00:00,1.396905588322228,0.0
2020-06-03 19:00:00,1.5653427761063659,0.0027461620069838
2020-06-03 20:00:00,1.6119909867128126,0.0142300076286357
2020-06-03 21:00:00,1.562412873119027,0.0
2020-06-03 22:00:00,1.557972292552282,0.0509827379875116
2020-06-03 23:00:00,1.7312243414831194,0.0389546574679552
2020-06-04 00:00:00,1.5472778992529757,0.0372948222919145
2020-06-04 01:00:00,1.6425511959479673,0.0044162096379681
2020-06-04 02:00:00,1.6023266966455716,0.1139588018144853
2020-06-04 03:00:00,1.5932597677563285,0.0242459557593062
2020-06-04 04:00:00,1.6932176724905292,0.0242399187513281
2020-06-04 05:00:00,1.6460119501677704,0.0
2020-06-04 06:00:00,1.5692223250647248,0.069363080088463
2020-06-04 07:00:00,1.5712751180389213,0.42833091522109307
2020-06-04 08:00:00,1.5243894228197985,0.8800455835453719
2020-06-04 09:00:00,1.6009387769953656,1.12337904182662
2020-06-04 10:00:00,1.6110904375248165,1.498886006591983
2020-06-04 11:00:00,1.432323822772295,1.6996456380860632
2020-06-04 12:00:00,1.6205703608117015,1.7300548849223005
2020-06-04 13:00:00,1.651809797249762,1.7017596213479118
2020-06-04 14:00:00,1.6113401273610115,1.5131019167159199
2020-06-04 15:00:00,1.492074329618024,1.1983806572647295
2020-06-04 16:00:00,1.4492249408284708,0.8247297529620843
2020-06-04 17:00:00,1.6643836703243347,0.4641689850328788
2020-06-04 18:00:00,1.4781706831875914,0.0106508732776858
2020-06-04 19:00:00,1.5361726165865501,0.0
2020-06-04 20:00:00,1.5434655193611846,0.0393086098442626
2020-06-04 21:00:00,1.6044261818427898,0.0045795398177733
2020-06-04 22:00:00,1.5180966634069897,0.0048352909187798
2020-06-04 23:00:00,1.5370099343036785,0.030247967538552502
2020-06-05 00:00:00,1.467461510094244,0.0106757756355791
2020-06-05 01:00:00,1.5208847909328789,0.0161391873789567
2020-06-05 02:00:00,1.561441935214074,0.0092443180932996
2020-06-05 03:00:00,1.5460847630997159,0.0
2020-06-05 04:00:00,1.4042666170292248,0.0088304507368412
2020-06-05 05:00:00,1.4277780801712998,0.0202217277604062
2020-06-05 06:00:00,1.3394942325498456,0.0665832818415399
2020-06-05 07:00:00,1.5511824095923323,0.3827872809348308
2020-06-05 08:00:00,1.4878631318092386,0.8124370536693545
2020-06-05 09:00:00,1.43714941840406,1.2066946431215464
2020-06-05 10:00:00,1.3410999645929875,1.4157398117233715
2020-06-05 11:00:00,1.4912795714084943,1.6343173909844315
2020-06-05 12:00:00,1.3522944452077825,1.6933677967839722
2020-06-05 13:00:00,1.3437576043309594,1.5683351571213893
2020-06-05 14:00:00,1.2585246494978546,1.425750333627915
2020-06-05 15:00:00,1.3005497578354206,1.2007166200222872
2020-06-05 16:00:00,1.4441395525603136,0.7742730146319554
2020-06-05 17:00:00,1.318981182065627,0.5233138646689951
2020-06-05 18:00:00,1.3478276288512177,0.0
2020-06-05 19:00:00,1.2619677399530067,0.034169021008724695
2020-06-05 20:00:00,1.2809044065419006,0.0251656339368143
2020-06-05 21:00:00,1.25207725584367,0.0401823928549029
2020-06-05 22:00:00,1.2426686387626542,0.0455743459402971
2020-06-05 23:00:00,1.2856734279538111,0.0
2020-06-06 00:00:00,1.1307537582917622,0.0490432253590852
2020-06-06 01:00:00,1.0626874723746291,0.0053507618732255
2020-06-06 02:00:00,1.1144974312118976,0.0050330731221482
2020-06-06 03:00:00,1.1549056638949975,0.0204979076964295
2020-06-06 04:00:00,1.1385309837852577,0.0391424814845139
2020-06-06 05:00:00,1.0352637120093353,0.08345149765280649
2020-06-06 06:00:00,1.1532491294322587,0.0
2020-06-06 07:00:00,1.0195326638634588,0.5187601546881084
2020-06-06 08:00:00,0.9814677815842033,0.8359882880710687
2020-06-06 09:00:00,1.0194744423612998,1.2808802466168654
2020-06-06 10:00:00,1.0011854695218643,1.487780615895818
2020-06-06 11:00:00,0.9447135917389966,1.7155726875782529
2020-06-06 12:00:00,0.860140669801592,1.7149241112496654
2020-06-06 13:00:00,1.0649909893010445,1.6869961352649365
2020-06-06 14:00:00,0.8671960038167312,1.5057197470514172
2020-06-06 15:00:00,1.1208687198569118,1.167661185540548
2020-06-06 16:00:00,0.9706425532650285,0.8429448572453242
2020-06-06 17:00:00,1.0062240626984682,0.5135274767735765
2020-06-06 18:00:00,0.985582338342152,0.0492576416596806
2020-06-06 19:00:00,0.8441413844748464,0.0175993682815475
2020-06-06 20:00:00,0.8553450644530456,0.0433575026442604
2020-06-06 21:00:00,0.8119549642519799,0.062262318639660905
2020-06-06 22:00:00,0.9443730459089664,0.0305857390226955
2020-06-06 23:00:00,0.7718058045246722,0.0
2020-06-07 00:00:00,0.9005642786371449,0.0369737459055059
2020-06-07 01:00:00,0.8774651204763663,0.034664813905872
2020-06-07 02:00:00,0.7596443229258982,0.031318611164622596
2020-06-07 03:00:00,0.7552567811672157,0.0699724704344936
2020-06-07 04:00:00,0.6854283050003914,0.0
2020-06-07 05:00:00,0.7703122027076283,0.0426786799472063
2020-06-07 06:00:00,0.7022358914960894,0.0101684337262578
2020-06-07 07:00:00,0.7734313343829726,0.4810363023322948
2020-06-07 08:00:00,0.8577225755085005,0.8642822920786017
2020-06-07 09:00:00,0.6289772788870311,1.1867760919316548
2020-06-07 10:00:00,0.6897958110862346,1.444010020482421
2020-06-07 11:00:00,0.7458775484428367,1.7144215459832906
2020-06-07 12:00:00,0.7803046728454461,1.7422307289126835
2020-06-07 13:00:00,0.7843982643403171,1.6757551180946897
2020-06-07 14:00:00,0.7579234555211566,1.4286705331276988
2020-06-07 15:00:00,0.6585870958584086,1.2817086997959266
2020-06-07 16:00:00,0.8032723386082369,0.8933867902451248
2020-06-07 17:00:00,0.7240899918628382,0.4223164669084711
2020-06-07 18:00:00,0.6899789666267029,0.0
2020-06-07 19:00:00,0.8728610009500126,0.0008790217378601
2020-06-07 20:00:00,0.6697747494868744,0.0
2020-06-07 21:00:00,0.7395135395325529,0.052219524461933106
2020-06-07 22:00:00,0.7185499953471106,0.0112018337776886
2020-06-07 23:00:00,0.7563503108253291,0.0225933302351656
2020-06-08 00:00:00,0.771378676264528,0.0360635242309736
2020-06-08 01:00:00,0.5638062015135343,0.0097779088680497
2020-06-08 02:00:00,0.6593550774578021,0.0100312506130664
2020-06-08 03:00:00,0.7692535523202545,0.0208619247534163
2020-06-08 04:00:00,0.7958608885094959,0.0091406232046302
2020-06-08 05:00:00,0.7655577496730184,0.0226298701508717
2020-06-08 06:00:00,0.6830710517123854,0.005467861151657
2020-06-08 07:00:00,0.8823169687977221,0.5018078876928671
2020-06-08 08:00:00,0.6917495594295805,0.9102236791829197
2020-06-08 09:00:00,0.8310903750900286,1.2204711003083326
2020-06-08 10:00:00,0.8288430498986167,1.4742681521381071
2020-06-08 11:00:00,0.698946736455647,1.6337542588397604
2020-06-08 12:00:00,0.6828833782497494,1.7487484236952844
2020-06-08 13:00:00,0.8135788643885994,1.668017136235622
2020-06-08 14:00:00,0.834183389515974,1.4877968653895288
2020-06-08 15:00:00,0.9438447997685904,1.165423343628774
2020-06-08 16:00:00,0.7290023281487359,0.8558053681318967
2020-06-08 17:00:00,0.9272470019824484,0.39909515273037033
2020-06-08 18:00:00,0.970911453116557,0.0098918438295722
2020-06-08 19:00:00,0.8158894260551435,0.0490768936241987
2020-06-08 20:00:00,0.8060342236714428,0.0
2020-06-08 21:00:00,0.9195848666427554,0.0581773427102439
2020-06-08 22:00:00,0.9993385060210656,0.027299073397836
2020-06-08 23:00:00,0.9245129710212947,0.0
2020-06-09 00:00:00,1.0196677436433759,0.0393472552055923
2020-06-09 01:00:00,0.865540787066742,0.0594878169106694
2020-06-09 02:00:00,0.9534572536552208,0.021406269473411
2020-06-09 03:00:00,0.9389938996777387,0.0072406260283718
2020-06-09 04:00:00,1.0745366803609313,0.0461280751474502
2020-06-09 05:00:00,1.0593770466982828,0.0
2020-06-09 06:00:00,1.048166596589641,0.0035267970574973
2020-06-09 07:00:00,1.0914340808768852,0.4465214237871684
2020-06-09 08:00:00,1.1048837675704892,0.8954405250257502
2020-06-09 09:00:00,1.1993075998246718,1.2399279651705544
2020-06-09 10:00:00,1.197980059446865,1.4439023683795575
2020-06-09 11:00:00,1.1081478306098527,1.675646597156533
2020-06-09 12:00:00,1.0455615531892704,1.7755430365143545
2020-06-09 13:00:00,1.0336257306055132,1.678344609726865
2020-06-09 14:00:00,1.2548675088200127,1.471058760118218
2020-06-09 15:00:00,1.077222566221844,1.204512669593433
2020-06-09 16:00:00,1.028075702303883,0.8827218429536846
2020-06-09 17:00:00,1.321478859519129,0.5168376164850768
2020-06-09 18:00:00,1.2658312270368768,0.0077639569555313
2020-06-09 19:00:00,1.3000199081648658,0.0
2020-06-09 20:00:00,1.2584962284694505,0.0719572205547955
2020-06-09 21:00:00,1.2239019259641415,0.0
2020-06-09 22:00:00,1.4045980750187521,0.0193935503224903
2020-06-09 23:00:00,1.4671803737828528,0.0
2020-06-10 00:00:00,1.557577308426139,0.062223761608675
2020-06-10 01:00:00,1.2946810262131958,0.0367607873298581
2020-06-10 02:00:00,1.4059702730254937,0.0060456847880352
2020-06-10 03:00:00,1.5297826847317384,0.0
2020-06-10 04:00:00,1.2957191542878852,0.0157513208973753
2020-06-10 05:00:00,1.342415576202594,0.0488507103237947
2020-06-10 06:00:00,1.419552831347893,0.030858106327097
2020-06-10 07:00:00,1.3741631979170001,0.48144613346397036
2020-06-10 08:00:00,1.3227863858500912,0.8727651729811291
2020-06-10 09:00:00,1.5386325115431894,1.1922971133907778
2020-06-10 10:00:00,1.3482939470343316,1.4423259881399997
2020-06-10 11:00:00,1.4915650874406763,1.6128655564826757
2020-06-10 12:00:00,1.5812341170606707,1.7438177165657764
2020-06-10 13:00:00,1.494450225603679,1.598819759028912
2020-06-10 14:00:00,1.3541665116601098,1.4195547860965076
2020-06-10 15:00:00,1.4327238635937003,1.2458819370482042
2020-06-10 16:00:00,1.4565150534995026,0.8643970012135025
2020-06-10 17:00:00,1.54967386795895,0.4730911265751509
2020-06-10 18:00:00,1.4412806640690037,0.0292500418653022
2020-06-10 19:00:00,1.4546739087035054,0.0
2020-06-10 20:00:00,1.4763534135887144,0.0034564383345978
2020-06-10 21:00:00,1.4377049448760715,0.0372130994426732
2020-06-10 22:00:00,1.6003318084115261,0.061858855573365304
2020-06-10 23:00:00,1.5161698450091263,0.0
2020-06-11 00:00:00,1.535992373400401,0.0512436681445356
2020-06-11 01:00:00,1.5627308726340008,0.0
2020-06-11 02:00:00,1.6425783760085066,0.0
2020-06-11 03:00:00,1.5034315750265335,0.0
2020-06-11 04:00:00,1.5755610037045216,0.0399343226931692
2020-06-11 05:00:00,1.7017674462430898,0.0
2020-06-11 06:00:00,1.5259165919561184,0.0210716471214179
2020-06-11 07:00:00,1.7851683962097085,0.44663287352674974
2020-06-11 08:00:00,1.6203950784408194,0.8719932394083132
2020-06-11 09:00:00,1.6484047564011557,1.2171607996707943
2020-06-11 10:00:00,1.5844911266643043,1.4191041076944917
2020-06-11 11:00:00,1.7126146873547425,1.6653243403364386
2020-06-11 12:00:00,1.7025023438970088,1.6713206363207624
2020-06-11 13:00:00,1.54538979991578,1.60929364097447
2020-06-11 14:00:00,1.4893188074129382,1.4391004137467216
2020-06-11 15:00:00,1.6553293702150667,1.163974219687156
2020-06-11 16:00:00,1.5161856502171158,0.8629420798349963
2020-06-11 17:00:00,1.6221980182874836,0.45328998798369613
2020-06-11 18:00:00,1.4745100375776183,0.0237344051333158
2020-06-11 19:00:00,1.4484464067229061,0.0
2020-06-11 20:00:00,1.4214486013677279,0.0
2020-06-11 21:00:00,1.4949409826057765,0.0225043459307875
2020-06-11 22:00:00,1.3341985438726625,0.0282417984574883
2020-06-11 23:00:00,1.4159525879641612,0.0030906104648734
2020-06-12 00:00:00,1.409045084923306,0.0
2020-06-12 01:00:00,1.4187494893361499,0.0
2020-06-12 02:00:00,1.4896597208244096,0.013018843816187
2020-06-12 03:00:00,1.4154029950128062,0.0
2020-06-12 04:00:00,1.2628209755559225,0.0
2020-06-12 05:00:00,1.4058969596656805,0.0204342583712832
2020-06-12 06:00:00,1.3016129385893251,0.0
2020-06-12 07:00:00,1.5302283026027659,0.44075646178153094
2020-06-12 08:00:00,1.3709232465618273,0.8499198341491063
2020-06-12 09:00:00,1.3030148301121882,1.1773101589099548
2020-06-12 10:00:00,1.3120663078266346,1.46424188695332
2020-06-12 11:00:00,1.1663569592418566,1.6246379529342316
2020-06-12 12:00:00,1.3372648450711406,1.7196193741409287
2020-06-12 13:00:00,1.3819924227223508,1.5937451676697116
2020-06-12 14:00:00,1.3242003263037088,1.4257500041220073
2020-06-12 15:00:00,1.282546411682856,1.2496020941987656
2020-06-12 16:00:00,1.3168092257507764,0.8808788539521757
2020-06-12 17:00:00,1.3849219337569774,0.4288477305328501
2020-06-12 18:00:00,1.2724302014410247,0.0
2020-06-12 19:00:00,1.18574130268967,0.0
2020-06-12 20:00:00,1.2535455045453388,0.09799501516116421
2020-06-12 21:00:00,1.1718491022026545,0.0796564586836159
2020-06-12 22:00:00,1.155390289664557,0.0
2020-06-12 23:00:00,1.1643142522736016,0.007350809598069
2020-06-13 00:00:00,1.0778102851667362,0.0364991589451172
2020-06-13 01:00:00,1.0909288605643357,0.0573597231665367
2020-06-13 02:00:00,1.041488015834154,0.0
2020-06-13 03:00:00,1.0465124471982477,0.0249396386512365
2020-06-13 04:00:00,1.0214530796079526,0.040430275313914806
2020-06-13 05:00:00,1.063033565238419,0.0086777854045159
2020-06-13 06:00:00,1.0969665293740842,0.0330583473036775
2020-06-13 07:00:00,1.0461549661641483,0.4464396044775158
2020-06-13 08:00:00,1.070262067911388,0.7698145322176022
2020-06-13 09:00:00,1.0052768959239389,1.1752275946370356
2020-06-13 10:00:00,0.9228618501622002,1.4572516482334323
2020-06-13 11:00:00,1.0155463622127066,1.63143349097277
2020-06-13 12:00:00,0.9916210900992761,1.676310649550858
2020-06-13 13:00:00,1.0489673560064787,1.6609225967679109
2020-06-13 14:00:00,0.797138135946619,1.389054071797108
2020-06-13 15:00:00,0.8289294662871142,1.1749124367780897
2020-06-13 16:00:00,0.8610862837865593,0.8293971502201611
2020-06-13 17:00:00,0.9247063690032409,0.35356171141090176
2020-06-13 18:00:00,0.893369136756464,0.0315732212606998
2020-06-13 19:00:00,0.8310875300112452,0.0341206167077873
2020-06-13 20:00:00,0.8073265711924583,0.0642872512132198
2020-06-13 21:00:00,0.7948950140851387,0.0451823193549767
2020-06-13 22:00:00,0.8215948777625868,0.0178094573734632
2020-06-13 23:00:00,0.9095440492741835,0.0
2020-06-14 00:00:00,0.8742735129957059,0.0
2020-06-14 01:00:00,0.7106669560247788,0.0
2020-06-14 02:00:00,0.6498142776243334,0.0153477248478764
2020-06-14 03:00:00,0.7639709062407347,0.0
2020-06-14 04:00:00,0.6977587075833679,0.0
2020-06-14 05:00:00,0.6885649411596715,0.0304500234522674
2020-06-14 06:00:00,0.886118829850091,0.0145361076677121
2020-06-14 07:00:00,0.7798588894938594,0.39377286974318193
2020-06-14 08:00:00,0.8052138699045831,0.9033106409939269
2020-06-14 09:00:00,0.7182317296053812,1.1891755042830883
2020-06-14 10:00:00,0.7599898684493821,1.4312538140254447
2020-06-14 11:00:00,0.7566348820629976,1.6208207630440916
2020-06-14 12:00:00,0.62485783334618,1.6991514886368368
2020-06-14 13:00:00,0.653544593902993,1.6857199201155941
2020-06-14 14:00:00,0.8297738184867548,1.5267815417395136
2020-06-14 15:00:00,0.7959529208526509,1.217133616180512
2020-06-14 16:00:00,0.5621150407257011,0.8341735220068789
2020-06-14 17:00:00,0.667006828563915,0.4685141666291689
2020-06-14 18:00:00,0.7530882694968886,0.0030694513525941
2020-06-14 19:00:00,0.6278264485356639,0.0495687406895962
2020-06-14 20:00:00,0.7950974321444049,0.1000674340500277
2020-06-14 21:00:00,0.8188147057629368,0.0217899830078774
2020-06-14 22:00:00,0.6391159923045833,0.0
2020-06-14 23:00:00,0.8220957458759942,0.038806525433204
2020-06-15 00:00:00,0.8258808859803934,0.0
2020-06-15 01:00:00,0.6284702694476318,0.0112683992241928
2020-06-15 02:00:00,0.7683177635679632,0.0123518845746107
2020-06-15 03:00:00,0.6062313409682275,0.0
2020-06-15 04:00:00,0.8127378901566833,0.0181826218269407
2020-06-15 05:00:00,0.7232679445305581,0.028166581328806402
2020-06-15 06:00:00,0.7891049500597311,0.0
2020-06-15 07:00:00,0.7276359927638376,0.4366601213272848
2020-06-15 08:00:00,0.7692642405199097,0.9161362201293208
2020-06-15 09:00:00,0.8375235209301589,1.2275099728181746
2020-06-15 10:00:00,0.7769226135955873,1.5175137358245532
2020-06-15 11:00:00,0.8905312990277687,1.5661893027978797
2020-06-15 12:00:00,0.8656696437106505,1.7063459687148055
2020-06-15 13:00:00,0.8184364980494143,1.6846676901740445
2020-06-15 14:00:00,0.7884829479770143,1.401748509679594
2020-06-15 15:00:00,0.8850013319204949,1.1924923123951061
2020-06-15 16:00:00,0.8217940968576873,0.7853445221029622
2020-06-15 17:00:00,0.7408942780805394,0.4998831089289222
2020-06-15 18:00:00,0.8750480617028656,0.060604495541374495
2020-06-15 19:00:00,0.9455127936837601,0.0207313067789422
2020-06-15 20:00:00,0.9197567171227778,0.0059176945570157
2020-06-15 21:00:00,0.8807724890152245,0.0
2020-06-15 22:00:00,0.87031633989778,0.0
2020-06-15 23:00:00,0.9322879064760861,0.0342012546616132
2020-06-16 00:00:00,0.8986455880227737,0.0114759429357184
2020-06-16 01:00:00,0.9204816203704695,0.0096928877259573
2020-06-16 02:00:00,0.7934686430270241,0.0156335961441795
2020-06-16 03:00:00,0.9462996246582177,0.0
2020-06-16 04:00:00,0.8907527888406463,0.0033405967749896
2020-06-16 05:00:00,1.143277122265614,0.0182371145164743
2020-06-16 06:00:00,1.023354399548281,0.0
2020-06-16 07:00:00,1.0441388394160998,0.3901544374027302
2020-06-16 08:00:00,0.8351042946996441,0.7717515354091846
2020-06-16 09:00:00,0.9856399796197617,1.1683553693275033
2020-06-16 10:00:00,1.049221950254117,1.477627780994635
2020-06-16 11:00:00,1.120005990006626,1.6326829966899636
2020-06-16 12:00:00,1.1897225355317174,1.6978241857126282
2020-06-16 13:00:00,1.0920972873471628,1.6266008309685935
2020-06-16 14:00:00,1.1859659623210317,1.4815882852766282
2020-06-16 15:00:00,1.208565957067116,1.1824798762464988
2020-06-16 16:00:00,1.2513030450874716,0.793967650731221
2020-06-16 17:00:00,1.1622355634533803,0.4157551414713896
2020-06-16 18:00:00,1.2699960960489467,0.0678192875250433
2020-06-16 19:00:00,1.1978035197066794,0.0221976854671892
2020-06-16 20:00:00,1.2887069406639664,0.07911082725950369
2020-06-16 21:00:00,1.1710650145652421,0.0147032608201756
2020-06-16 22:00:00,1.2548466704666412,0.0112679396917233
2020-06-16 23:00:00,1.351042150154576,0.0
2020-06-17 00:00:00,1.249915474874068,0.0325683082456515
2020-06-17 01:00:00,1.4336787192696276,0.020061386896879998
2020-06-17 02:00:00,1.1822486811129131,0.0054708970448309
2020-06-17 03:00:00,1.324097213636097,0.0322637097493197
2020-06-17 04:00:00,1.3541255935446177,0.0325649413472122
2020-06-17 05:00:00,1.47229630877505,0.0231802989221979
2020-06-17 06:00:00,1.362001479093846,0.0451848471014906
2020-06-17 07:00:00,1.2775827186429602,0.40392795488042066
2020-06-17 08:00:00,1.3271780986540591,0.8406562337456167
2020-06-17 09:00:00,1.4808735159667572,1.1071530767664837
2020-06-17 10:00:00,1.4687004903471528,1.417213784721949
2020-06-17 11:00:00,1.5380789852162864,1.688880045980814
2020-06-17 12:00:00,1.3205431309600313,1.6341012297214994
2020-06-17 13:00:00,1.4813876956800347,1.6931345475357218
2020-06-17 14:00:00,1.642161631934036,1.4193395491593654
2020-06-17 15:00:00,1.501486766175636,1.1686678210968044
2020-06-17 16:00:00,1.5027826236425028,0.788188468780116
2020-06-17 17:00:00,1.5710362592181353,0.4488507177344477
2020-06-17 18:00:00,1.5273717252633823,0.0069594663089123
2020-06-17 19:00:00,1.3785566613852245,0.0179888439717286
2020-06-17 20:00:00,1.527359725975351,0.0145752079414249
2020-06-17 21:00:00,1.467332632127661,0.0216052547973832
2020-06-17 22:00:00,1.459608295336643,0.0034866093794333
2020-06-17 23:00:00,1.4301283447875393,0.0
2020-06-18 00:00:00,1.416635524831389,0.0655811528860529
2020-06-18 01:00:00,1.5187734111919102,0.0157921365729756
2020-06-18 02:00:00,1.5161350352123801,0.0
2020-06-18 03:00:00,1.467575605753675,0.0323603749554135
2020-06-18 04:00:00,1.6460402206410336,0.0035412502200995
2020-06-18 05:00:00,1.4674243879347317,0.0332045069602578
2020-06-18 06:00:00,1.5067828776796712,0.0066177793707757
2020-06-18 07:00:00,1.5847853847829017,0.4937106306909735
2020-06-18 08:00:00,1.5617807466255749,0.8772472350077973
2020-06-18 09:00:00,1.5735904050559508,1.1641618027204155
2020-06-18 10:00:00,1.5198095737896278,1.419276654280311
2020-06-18 11:00:00,1.5446585019379668,1.5334954394448532
2020-06-18 12:00:00,1.5301970202423734,1.6283487784605328
2020-06-18 13:00:00,1.519249465094024,1.6238992121361753
2020-06-18 14:00:00,1.4183636810313474,1.4060669414115299
2020-06-18 15:00:00,1.5861098136888983,1.1924575541925
2020-06-18 16:00:00,1.4897786001454185,0.8696273396653282
2020-06-18 17:00:00,1.5850524910897263,0.41954341256925465
2020-06-18 18:00:00,1.4783852194182696,0.0
2020-06-18 19:00:00,1.484620638663345,0.0
2020-06-18 20:00:00,1.503354677727288,0.0
2020-06-18 21:00:00,1.3403225111331356,0.0591850810911088
2020-06-18 22:00:00,1.4922016647426641,0.0
2020-06-18 23:00:00,1.3963367143208827,0.0011556969799785
2020-06-19 00:00:00,1.4561005436851344,0.0442564087864757
2020-06-19 01:00:00,1.378100384671175,0.0679798071046607
2020-06-19 02:00:00,1.358794003283022,0.0021795648586135
2020-06-19 03:00:00,1.3224265905947545,0.0419443304702181
2020-06-19 04:00:00,1.467941229897578,0.013653250516201799
2020-06-19 05:00:00,1.3653639577289671,0.0128660306373637
2020-06-19 06:00:00,1.3561365598241726,0.0299756754889422
2020-06-19 07:00:00,1.385075823265847,0.4686976881737091
2020-06-19 08:00:00,1.5870135469616964,0.8415698915592664
2020-06-19 09:00:00,1.3089689783137075,1.2067394843903005
2020-06-19 10:00:00,1.2663837911271352,1.4652486299216192
2020-06-19 11:00:00,1.2979017769457792,1.6151682423592433
2020-06-19 12:00:00,1.2060561270910284,1.6537292158813768
2020-06-19 13:00:00,1.3556261159091703,1.6429360356985208
2020-06-19 14:00:00,1.1814477011321807,1.4199716490724603
2020-06-19 15:00:00,1.2250962288703677,1.1291658371700835
2020-06-19 16:00:00,1.2661836942965299,0.8610603483776882
2020-06-19 17:00:00,1.3235106939770702,0.42518600554328334
2020-06-19 18:00:00,1.2271607017557253,0.0082938659546147
2020-06-19 19:00:00,1.175532979219899,0.0274400184060807
2020-06-19 20:00:00,1.1657298360482498,0.0377429871945729
2020-06-19 21:00:00,1.2407169393522994,0.0014887883471605
2020-06-19 22:00:00,1.106686023141378,0.0320714995270194
2020-06-19 23:00:00,1.0164307614426125,0.0244385376757156
2020-06-20 00:00:00,1.173827958036826,0.0538390320421431
2020-06-20 01:00:00,1.1596770018204625,0.003676066983983
2020-06-20 02:00:00,1.1339100693709359,0.0385880323020519
2020-06-20 03:00:00,1.1750271785741881,0.08184719995981289
2020-06-20 04:00:00,0.9247114153643137,0.0356412952883429
2020-06-20 05:00:00,0.9682858245935249,0.004528699795557
2020-06-20 06:00:00,1.0690053056685795,0.0613031180656108
2020-06-20 07:00:00,1.0128731116477674,0.4782847655123477
2020-06-20 08:00:00,0.9726182467151087,0.818084725369632
2020-06-20 09:00:00,1.0586513469622112,1.1345292052531886
2020-06-20 10:00:00,1.0347445684537038,1.4145746548495262
2020-06-20 11:00:00,0.9428857988535055,1.5948196358651998
2020-06-20 12:00:00,0.9037895953996328,1.7249372281132311
2020-06-20 13:00:00,0.9615520449045336,1.5473424333360848
2020-06-20 14:00:00,1.030138690564454,1.4287369455027688
2020-06-20 15:00:00,1.0168861072830406,1.191564342890361
2020-06-20 16:00:00,0.9024171332369944,0.7934534069635666
2020-06-20 17:00:00,1.0078485461020086,0.4054749606342329
2020-06-20 18:00:00,0.8319492771842696,0.032191507808973
2020-06-20 19:00:00,0.8004659392357698,0.0220485046032
2020-06-20 20:00:00,0.9152976560822137,0.0
2020-06-20 21:00:00,0.8830074822414629,0.0478276607669878
2020-06-20 22:00:00,0.7892732553587858,0.0241994708536953
2020-06-20 23:00:00,0.6758477079146271,0.0516291991863739
2020-06-21 00:00:00,0.708672257085305,0.0746599046916819
2020-06-21 01:00:00,0.8848592754879634,0.0
2020-06-21 02:00:00,0.698161380054427,0.0211219365178485
2020-06-21 03:00:00,0.70087475923521,0.0085733729350627
2020-06-21 04:00:00,0.7118048384756859,0.0
2020-06-21 05:00:00,0.7163830160058907,0.045452352469742996
2020-06-21 06:00:00,0.8523068695496094,0.0042999656259994
2020-06-21 07:00:00,0.834596831512626,0.4269600343255054
2020-06-21 08:00:00,0.8489072193680522,0.7657983609863802
2020-06-21 09:00:00,0.7619581785066468,1.1231565956556135
2020-06-21 10:00:00,0.7537869926539784,1.4500031085084304
2020-06-21 11:00:00,0.6867413830682019,1.5376371298759883
2020-06-21 12:00:00,0.770358733971845,1.6638955731294889
2020-06-21 13:00:00,0.8707154424309933,1.5381668983647234
2020-06-21 14:00:00,0.5632920054231028,1.4244974218901403
2020-06-21 15:00:00,0.6416098598729473,1.117388212309729
2020-06-21 16:00:00,0.7678143196477436,0.8404728335209877
2020-06-21 17:00:00,0.6770738843065816,0.434577984820515
2020-06-21 18:00:00,0.6124311209296787,0.0
2020-06-21 19:00:00,0.6847339025783538,0.08394338947822749
2020-06-21 20:00:00,0.6189960146995981,0.0
2020-06-21 21:00:00,0.6519243688394374,0.0
2020-06-21 22:00:00,0.6892118015050558,0.035813948564384496
2020-06-21 23:00:00,0.6648186276053013,0.0197723376291472
2020-06-22 00:00:00,0.7019769788460732,0.0
2020-06-22 01:00:00,0.7232950172240133,0.0099521139593347
2020-06-22 02:00:00,0.6360377745067021,0.0114650563433472
2020-06-22 03:00:00,0.632425730327139,0.0
2020-06-22 04:00:00,0.7104953362970947,0.0092789359438266
2020-06-22 05:00:00,0.7580259955589717,0.0662478471722102
2020-06-22 06:00:00,0.6791047221558159,0.0369381841532831
2020-06-22 07:00:00,0.8671422385633366,0.4600391826622353
2020-06-22 08:00:00,0.7770679817260973,0.8167511326343564
2020-06-22 09:00:00,0.6572196741379368,1.1127866347815196
2020-06-22 10:00:00,0.7283293230176231,1.4391011079508291
2020-06-22 11:00:00,0.6814216800262547,1.5470690836522363
2020-06-22 12:00:00,0.8297007246253029,1.6445789616013933
2020-06-22 13:00:00,0.9019721785456033,1.6061313745925005
2020-06-22 14:00:00,0.8741182333133504,1.4345480850080556
2020-06-22 15:00:00,0.6449557921738933,1.1308910498098608
2020-06-22 16:00:00,0.7389275720678488,0.7925583430926124
2020-06-22 17:00:00,0.6589955786430883,0.506153035346499
2020-06-22 18:00:00,0.773583933708901,0.0386312670764716
2020-06-22 19:00:00,0.9658996298093241,0.0212678732298338
2020-06-22 20:00:00,0.8725372896411827,0.0034653268718087
2020-06-22 21:00:00,0.7854726095395037,0.0
2020-06-22 22:00:00,0.85508666430382,0.0481254921324286
2020-06-22 23:00:00,0.8967210783445372,0.0
2020-06-23 00:00:00,0.7983070357301668,0.0332506441109697
2020-06-23 01:00:00,0.9685828721235056,0.0150984621965324
2020-06-23 02:00:00,0.9347394823851701,0.0485378326758984
2020-06-23 03:00:00,0.8895548549603531,0.0343530553148069
2020-06-23 04:00:00,0.9784372316407373,0.0335659634724804
2020-06-23 05:00:00,1.043143018603793,0.0
2020-06-23 06:00:00,0.8658725347908542,0.0232730816816919
2020-06-23 07:00:00,0.9378713232632179,0.4804260537466344
2020-06-23 08:00:00,1.0420994867622153,0.746829271835759
2020-06-23 09:00:00,1.1317637234461237,1.159917328574437
2020-06-23 10:00:00,0.9487821020123354,1.4192071452322637
2020-06-23 11:00:00,1.081916084553482,1.575790324781426
2020-06-23 12:00:00,1.0373885154805231,1.6790863125075837
2020-06-23 13:00:00,1.1257600230006557,1.6497233775610933
2020-06-23 14:00:00,1.1561916601659146,1.3894217183690907
2020-06-23 15:00:00,1.0476010180419486,1.1857503898432196
2020-06-23 16:00:00,1.1857862926800657,0.8195314851617703
2020-06-23 17:00:00,1.2188887286907935,0.38624496177628165
2020-06-23 18:00:00,1.2564506729614355,0.0317397998853666
2020-06-23 19:00:00,1.15802520189888,0.0071770551105934
2020-06-23 20:00:00,1.244660050675424,0.0
2020-06-23 21:00:00,1.3015596020147608,0.018773467524379
2020-06-23 22:00:00,1.295549993508262,0.0
2020-06-23 23:00:00,1.2592852502635323,0.0584952770211519
2020-06-24 00:00:00,1.3266177021065055,0.0130819520814538
2020-06-24 01:00:00,1.1904217772939765,0.023711083042966
2020-06-24 02:00:00,1.3437122465798481,0.0358142982212533
2020-06-24 03:00:00,1.1578832933483274,0.0
2020-06-24 04:00:00,1.304153087275667,0.0123188598103269
2020-06-24 05:00:00,1.2934402865883698,0.0051926213812429
2020-06-24 06:00:00,1.383688857530553,0.0
2020-06-24 07:00:00,1.599595476785731,0.4537243758364765
2020-06-24 08:00:00,1.3199003351686125,0.7681770195799492
2020-06-24 09:00:00,1.2599803056019376,1.157796638140228
2020-06-24 10:00:00,1.3342686567581148,1.4188001020702998
2020-06-24 11:00:00,1.2806489637117833,1.57288810429658
2020-06-24 12:00:00,1.5023007768347538,1.6329955086945542
2020-06-24 13:00:00,1.4334610303915745,1.5505385448845632
2020-06-24 14:00:00,1.289323714994651,1.4211735681707962
2020-06-24 15:00:00,1.431017257262941,1.1171003138935647
2020-06-24 16:00:00,1.369522980276599,0.8182905915823091
2020-06-24 17:00:00,1.5719598119277227,0.38187348425178014
2020-06-24 18:00:00,1.368304378566211,0.0476977872262429
2020-06-24 19:00:00,1.5061715113202416,0.0
2020-06-24 20:00:00,1.449116530517128,0.0062062784941319
2020-06-24 21:00:00,1.3725299520446668,0.0477107065514542
2020-06-24 22:00:00,1.3502685065482634,0.0319542840353426
2020-06-24 23:00:00,1.5473123020026205,0.0037630933336882
2020-06-25 00:00:00,1.4883646592714432,0.0
2020-06-25 01:00:00,1.5398826129666818,0.004019449756869
2020-06-25 02:00:00,1.551372348745151,0.0572909835052781
2020-06-25 03:00:00,1.4106034268657002,0.0392231176128822
2020-06-25 04:00:00,1.4026511326394775,0.0130783120900608
2020-06-25 05:00:00,1.4577808716427265,0.023111483583822798
2020-06-25 06:00:00,1.4748033777732026,0.0059066672813001
2020-06-25 07:00:00,1.581108970299016,0.4041995077960093
2020-06-25 08:00:00,1.5456217271263788,0.8319309598775197
2020-06-25 09:00:00,1.493881475880355,1.1641153031984062
2020-06-25 10:00:00,1.4764083927747533,1.412783705039318
2020-06-25 11:00:00,1.5500269675873355,1.543143022614311
2020-06-25 12:00:00,1.445411780460449,1.543891948177976
2020-06-25 13:00:00,1.503822045897496,1.5353279899063295
2020-06-25 14:00:00,1.5116634131630047,1.4264356344486009
2020-06-25 15:00:00,1.5569339021568145,1.186257320738735
2020-06-25 16:00:00,1.4795161222846183,0.8384332651735327
2020-06-25 17:00:00,1.4336127668335052,0.4431794388373082
2020-06-25 18:00:00,1.3799270519077353,0.0260823960360376
2020-06-25 19:00:00,1.5106811200648997,0.0617745576904088
2020-06-25 20:00:00,1.419668402484492,0.008045752298552
2020-06-25 21:00:00,1.5434960017609436,0.0137646045244533
2020-06-25 22:00:00,1.5638601851512852,0.0011518862511569
2020-06-25 23:00:00,1.4804522023894617,0.0200948944995478
2020-06-26 00:00:00,1.4752311952169381,0.033193861873731204
2020-06-26 01:00:00,1.5252495232286791,0.0075187786907676
2020-06-26 02:00:00,1.4865728889991776,0.0365474663684256
2020-06-26 03:00:00,1.4730248905637284,0.053232859642436806
2020-06-26 04:00:00,1.4728658504329162,0.0074997481252503
2020-06-26 05:00:00,1.2149579849117753,0.0398215564350431
2020-06-26 06:00:00,1.3419606241829425,0.0
2020-06-26 07:00:00,1.2866001429874874,0.4494265817216619
2020-06-26 08:00:00,1.3707681823853726,0.884194711035748
2020-06-26 09:00:00,1.4113091073313844,1.1600505005810238
2020-06-26 10:00:00,1.3666512376272184,1.4180002352893513
2020-06-26 11:00:00,1.3209477770914009,1.5686747746755079
2020-06-26 12:00:00,1.3164937065461553,1.6429696295540004
2020-06-26 13:00:00,1.3823652799696653,1.5977009337776824
2020-06-26 14:00:00,1.2744438259835444,1.4008776299240009
2020-06-26 15:00:00,1.1902755160576,1.1698468360437926
2020-06-26 16:00:00,1.3067674480435647,0.8044792708396364
2020-06-26 17:00:00,1.1208487390191217,0.4133367564738555
2020-06-26 18:00:00,1.1229802642862134,0.0294181260992658
2020-06-26 19:00:00,1.2597628481565566,0.0139003559156602
2020-06-26 20:00:00,1.2028231859722764,0.0287079360558664
2020-06-26 21:00:00,1.1122882942675991,0.0284969741454862
2020-06-26 22:00:00,1.1599659725068974,0.0328408177387042
2020-06-26 23:00:00,1.0914431775785707,0.0
2020-06-27 00:00:00,0.9662061071991839,0.010935965707329
2020-06-27 01:00:00,1.1190876575918192,0.0202700330523298
2020-06-27 02:00:00,1.1818319458075341,0.0115227795262702
2020-06-27 03:00:00,0.8776406394952666,0.0
2020-06-27 04:00:00,0.9806496527656845,0.056150859335644995
2020-06-27 05:00:00,1.1739574247790538,0.0247026985243926
2020-06-27 06:00:00,0.9658149702486993,0.008427233473634
2020-06-27 07:00:00,1.0927443571320248,0.42183065464359604
2020-06-27 08:00:00,0.9646430755128999,0.7583389116671668
2020-06-27 09:00:00,0.8244847244558373,1.0726967455693743
2020-06-27 10:00:00,0.9446748108872641,1.4266853248563032
2020-06-27 11:00:00,0.9024506340203589,1.5625568105350194
2020-06-27 12:00:00,0.9464146021334685,1.5127581677299875
2020-06-27 13:00:00,0.7590629438294415,1.5179261729987719
2020-06-27 14:00:00,0.9334093161246091,1.269457163525603
2020-06-27 15:00:00,0.8474912465441427,1.1218898228289338
2020-06-27 16:00:00,0.8761079904943863,0.7752250005490506
2020-06-27 17:00:00,0.8400814856119763,0.43138225103355443
2020-06-27 18:00:00,0.7807989113710595,0.0
2020-06-27 19:00:00,0.9370438904687868,0.0
2020-06-27 20:00:00,0.7805003685171604,0.0119057050378427
2020-06-27 21:00:00,0.6753290008795441,0.0192467298588216
2020-06-27 22:00:00,0.7799219623074629,0.0272392009595376
2020-06-27 23:00:00,0.7883145911297469,0.0141487837825826
2020-06-28 00:00:00,0.7199189298200299,0.0
2020-06-28 01:00:00,0.7500661292111729,0.030217935579195
2020-06-28 02:00:00,0.787804316392837,0.0356530783098798
2020-06-28 03:00:00,0.8063213763147355,0.0072995157017404
2020-06-28 04:00:00,0.7133239589049758,0.0435628527725514
2020-06-28 05:00:00,0.6341958132459481,0.0815844858876389
2020-06-28 06:00:00,0.6702546182711919,0.0
2020-06-28 07:00:00,0.5725928845206991,0.3589032211300613
2020-06-28 08:00:00,0.6551314209105729,0.8112828887133403
2020-06-28 09:00:00,0.6505898443667328,1.217017751191146
2020-06-28 10:00:00,0.5580877476355455,1.4201746539450724
2020-06-28 11:00:00,0.7581621852510182,1.5289212684262272
2020-06-28 12:00:00,0.7726393184260554,1.6692714571023755
2020-06-28 13:00:00,0.6549091570095906,1.580807624621845
2020-06-28 14:00:00,0.7145185884640012,1.4009071273207483
2020-06-28 15:00:00,0.6194686100862808,1.1589864941810197
2020-06-28 16:00:00,0.839768874088654,0.7504575047826835
2020-06-28 17:00:00,0.7226174598371395,0.4232184241000184
2020-06-28 18:00:00,0.694984709492356,0.0080623603334696
2020-06-28 19:00:00,0.6431593676091192,0.061677909573388194
2020-06-28 20:00:00,0.6303557986355054,0.0019683983415554
2020-06-28 21:00:00,0.6713979143157023,0.0184580219024881
2020-06-28 22:00:00,0.6171362730593146,0.0
2020-06-28 23:00:00,0.7453061176820989,0.0104414171043252
2020-06-29 00:00:00,0.6593438376043874,0.0335032431131408
2020-06-29 01:00:00,0.6142908805211413,0.0227036947842683
2020-06-29 02:00:00,0.7245743836059875,0.0
2020-06-29 03:00:00,0.6648759226722722,0.0311110986957615
2020-06-29 04:00:00,0.6329827288986853,0.0
2020-06-29 05:00:00,0.7410095131729451,0.028181575279929802
2020-06-29 06:00:00,0.679173800639475,0.0
2020-06-29 07:00:00,0.7680550694993282,0.43091405464852905
2020-06-29 08:00:00,0.8041607848503904,0.8232551904170466
2020-06-29 09:00:00,0.7500705983734337,1.1322408808118665
2020-06-29 10:00:00,0.7542401408429735,1.3550771627194496
2020-06-29 11:00:00,0.7161574685120224,1.5574189789775739
2020-06-29 12:00:00,0.6788681774827869,1.6050947840192733
2020-06-29 13:00:00,0.8733871041342796,1.6095922116517207
2020-06-29 14:00:00,0.6302779584933955,1.3654510435566747
2020-06-29 15:00:00,0.7141184892999128,1.1229787009494363
2020-06-29 16:00:00,0.7824711697601392,0.7596601181767653
2020-06-29 17:00:00,0.7557292866084645,0.3666133664961496
2020-06-29 18:00:00,0.8319584804821922,0.0084124040482772
2020-06-29 19:00:00,0.8777608642379161,0.017285796176828
2020-06-29 20:00:00,0.8366769893457757,0.0
2020-06-29 21:00:00,0.8711394354653512,0.0
2020-06-29 22:00:00,0.8677482470270279,0.0261466523514624
2020-06-29 23:00:00,0.7521134027746341,0.0815022243478255
2020-06-30 00:00:00,0.8932977646889988,0.0
2020-06-30 01:00:00,0.8327630772929718,0.0150735400384909
2020-06-30 02:00:00,0.9191962081204543,0.0195055777602912
2020-06-30 03:00:00,0.9355017743392442,0.0031216153522254
2020-06-30 04:00:00,0.9610279211351838,0.0049225633048471
2020-06-30 05:00:00,0.9326854216379117,0.0
2020-06-30 06:00:00,0.9873593074310563,0.0
2020-06-30 07:00:00,0.9676637089223037,0.43753848455406885
2020-06-30 08:00:00,0.9949904390470112,0.8303911361594789
2020-06-30 09:00:00,1.0813185267923258,1.1555236351322768
2020-06-30 10:00:00,1.1138794663846476,1.3984368926436388
2020-06-30 11:00:00,1.0934575186703217,1.4784511504917903
2020-06-30 12:00:00,1.1738505334168388,1.5074692435465733
2020-06-30 13:00:00,1.0952640201422086,1.5236297803606889
2020-06-30 14:00:00,1.1234172704956804,1.3686604394203714
2020-06-30 15:00:00,1.2482583614960627,1.1270307773929364
2020-06-30 16:00:00,1.1825687151659672,0.7306197920186797
2020-06-30 17:00:00,1.0906040563073591,0.4513153242416454
2020-06-30 18:00:00,1.139598205718496,0.0
2020-06-30 19:00:00,1.2668329204099378,0.0048850796811911
2020-06-30 20:00:00,1.1354890057037894,0.041514107145818
2020-06-30 21:00:00,1.04344427917541,0.0274047564191138
2020-06-30 22:00:00,1.194726855637262,0.0165766840856563
2020-06-30 23:00:00,1.240743127231918,0.0
2020-07-01 00:00:00,1.209225287653965,0.0
2020-07-01 01:00:00,1.1933115008798407,0.0349795816748153
2020-07-01 02:00:00,1.077439437133469,0.0707332201259617
2020-07-01 03:00:00,1.2588720464750707,0.0433244754974846
2020-07-01 04:00:00,1.4044866258536088,0.015157992367529901
2020-07-01 05:00:00,1.3248427616280734,0.0104255358915532
2020-07-01 06:00:00,1.3781491597195865,0.0003087913656094
2020-07-01 07:00:00,1.32117827880842,0.3527144880704432
2020-07-01 08:00:00,1.4045542612006938,0.8019254055598175
2020-07-01 09:00:00,1.3979353665506693,1.1405544548577928
2020-07-01 10:00:00,1.368490219408355,1.3841437220958364
2020-07-01 11:00:00,1.3773416078994496,1.5349129359774722
2020-07-01 12:00:00,1.333449642254315,1.6054296896009057
2020-07-01 13:00:00,1.521041087527609,1.5609343292799471
2020-07-01 14:00:00,1.4787062356916025,1.3914918151355355
2020-07-01 15:00:00,1.2692975490207141,1.0661130418189126
2020-07-01 16:00:00,1.3911030589924298,0.8015365198673645
2020-07-01 17:00:00,1.473979425706391,0.3446293448387273
2020-07-01 18:00:00,1.474522991127699,0.0159246323191383
2020-07-01 19:00:00,1.469593939280242,0.0
2020-07-01 20:00:00,1.214400845531927,0.0029206147885338
2020-07-01 21:00:00,1.4235156713773796,0.0
2020-07-01 22:00:00,1.3441983619690754,0.0188007870888333
2020-07-01 23:00:00,1.466506646042847,0.0266070403204212
2020-07-02 00:00:00,1.4265235801464922,0.0207012112000736
2020-07-02 01:00:00,1.4296708174111494,0.0
2020-07-02 02:00:00,1.395032482515022,0.0
2020-07-02 03:00:00,1.5338847191572103,0.0584514483021529
2020-07-02 04:00:00,1.394594042275235,0.0526463954103653
2020-07-02 05:00:00,1.4940994263153937,0.0004162938593022
2020-07-02 06:00:00,1.5881299544706586,0.0208074946740111
2020-07-02 07:00:00,1.5165430205624215,0.4882795334108631
2020-07-02 08:00:00,1.4785170063108373,0.8129530933495239
2020-07-02 09:00:00,1.3592005258260973,1.1071214510682361
2020-07-02 10:00:00,1.4203355286919126,1.2764996146788299
2020-07-02 11:00:00,1.5326444046310437,1.5548250798743268
2020-07-02 12:00:00,1.4592494650926446,1.5476894255864186
2020-07-02 13:00:00,1.489319679641601,1.5162260077605487
2020-07-02 14:00:00,1.5161443275292292,1.3858561094036166
2020-07-02 15:00:00,1.4818458373970356,1.0901429811540182
2020-07-02 16:00:00,1.6085950941612188,0.7871760868980081
2020-07-02 17:00:00,1.5566984195506048,0.4653770209707003
2020-07-02 18:00:00,1.428201009479551,0.0046058562913029
2020-07-02 19:00:00,1.465621745248233,0.0
2020-07-02 20:00:00,1.4361015981263616,0.0217366663416926
2020-07-02 21:00:00,1.341968890213979,0.0126669709483408
2020-07-02 22:00:00,1.3599239591426766,0.0129783891034577
2020-07-02 23:00:00,1.378903481885577,0.0148154640887624
2020-07-03 00:00:00,1.3622698145155199,0.0272689892133661
2020-07-03 01:00:00,1.3250057232469148,0.10683036737111021
2020-07-03 02:00:00,1.5120936331601889,0.0156925370978057
2020-07-03 03:00:00,1.313091904425759,0.034609572520809
2020-07-03 04:00:00,1.491641130431051,0.0054126191470418
2020-07-03 05:00:00,1.4066006876057597,0.0105646284852353
2020-07-03 06:00:00,1.207617633101554,0.0549632091318076
2020-07-03 07:00:00,1.2867187811111331,0.4441364539226842
2020-07-03 08:00:00,1.1600367494827801,0.8197970401210918
2020-07-03 09:00:00,1.266272826044482,1.1084158473957566
2020-07-03 10:00:00,1.2897988083208136,1.3120530424129555
2020-07-03 11:00:00,1.2912808333365922,1.512521760330749
2020-07-03 12:00:00,1.1576344685820015,1.6248762136670711
2020-07-03 13:00:00,1.2467791976160454,1.4670317891115976
2020-07-03 14:00:00,1.099939885470936,1.3671643996974439
2020-07-03 15:00:00,1.1875698190434827,1.120200850310257
2020-07-03 16:00:00,1.2807075809749175,0.7637854626576319
2020-07-03 17:00:00,1.1845932057141286,0.39624415309551375
2020-07-03 18:00:00,1.1626255353136012,0.0372815170153811
2020-07-03 19:00:00,1.221088406278469,0.0679685622342812
2020-07-03 20:00:00,1.2491739149570096,0.0144415976899819
2020-07-03 21:00:00,0.8746290621971751,0.0589995052533172
2020-07-03 22:00:00,1.166172434903709,0.0
2020-07-03 23:00:00,1.0779078028371214,0.0
2020-07-04 00:00:00,1.2334752648304268,0.0644882274532011
2020-07-04 01:00:00,1.1965328560415254,0.0340501666916515
2020-07-04 02:00:00,1.061044833844253,0.0708729818673505
2020-07-04 03:00:00,1.0779657334837562,0.0095681417821855
2020-07-04 04:00:00,1.008725343126045,0.0
2020-07-04 05:00:00,0.9660297864745595,0.0001874378248752
2020-07-04 06:00:00,0.8386252605007427,0.0217076847885412
2020-07-04 07:00:00,1.0011487286645542,0.4238077333637828
2020-07-04 08:00:00,0.9126720561242534,0.8314600331280371
2020-07-04 09:00:00,0.8951641424250802,1.0854967418254526
2020-07-04 10:00:00,1.0050895863287366,1.358124719330762
2020-07-04 11:00:00,0.8976304606553869,1.536307919330267
2020-07-04 12:00:00,0.8472152051753743,1.5578811467239215
2020-07-04 13:00:00,0.8911005189511905,1.5730493858374874
2020-07-04 14:00:00,0.7356982852979341,1.3862195799089303
2020-07-04 15:00:00,0.8453026224740003,1.0775871556072067
2020-07-04 16:00:00,0.7958138602645366,0.7482707218012862
2020-07-04 17:00:00,0.6359126881381363,0.4154516941884414
2020-07-04 18:00:00,0.7159366603998851,0.0
2020-07-04 19:00:00,0.7854729569285331,0.0182288022204822
2020-07-04 20:00:00,0.708269322906273,0.0202024732088901
2020-07-04 21:00:00,0.9004430400749366,0.0
2020-07-04 22:00:00,0.7151799374363939,0.0100238806880738
2020-07-04 23:00:00,0.6757995349854642,0.0259721901057925
2020-07-05 00:00:00,0.6681947144191596,0.0009887745725961
2020-07-05 01:00:00,0.7437176415648576,0.008463046656193499
2020-07-05 02:00:00,0.8369471352757469,0.017043864666281598
2020-07-05 03:00:00,0.7477453330183274,0.0546721473446625
2020-07-05 04:00:00,0.640303035956267,0.0285665494841296
2020-07-05 05:00:00,0.8685788079654317,0.0099811182859202
2020-07-05 06:00:00,0.7687468669555745,0.0001293998394067
2020-07-05 07:00:00,0.5889406247868276,0.4442948718744404
2020-07-05 08:00:00,0.6638938227809918,0.7613643042640446
2020-07-05 09:00:00,0.6462860303359105,1.019229325142415
2020-07-05 10:00:00,0.6657288765511367,1.3699612292964551
2020-07-05 11:00:00,0.6669825887102234,1.4687992289698006
2020-07-05 12:00:00,0.62920041963279,1.593006140725693
2020-07-05 13:00:00,0.7064881649239945,1.469455104764478
2020-07-05 14:00:00,0.6840657677402953,1.3659863467572153
2020-07-05 15:00:00,0.6218568974971852,1.1956674702120051
2020-07-05 16:00:00,0.5619966489511175,0.808632704737983
2020-07-05 17:00:00,0.5105305564866687,0.3227712620786257
2020-07-05 18:00:00,0.4366584795286492,0.0
2020-07-05 19:00:00,0.6686334584030975,0.0133799273403533
2020-07-05 20:00:00,0.7574019554603275,0.0
2020-07-05 21:00:00,0.6685906434704818,0.0
2020-07-05 22:00:00,0.46011908221027265,0.0029705383543626
2020-07-05 23:00:00,0.5730479807046198,0.0021134738526332
2020-07-06 00:00:00,0.7108494026741704,0.0
2020-07-06 01:00:00,0.6378173631429485,0.0
2020-07-06 02:00:00,0.6789851402895339,0.0679316350443832
2020-07-06 03:00:00,0.6708485143123118,0.0318044990082113
2020-07-06 04:00:00,0.6046515930508654,0.0137521158276965
2020-07-06 05:00:00,0.6821641055939505,0.0277276920432774
2020-07-06 06:00:00,0.6577140380724131,0.02597214862422
2020-07-06 07:00:00,0.5759735602795489,0.4626760945582148
2020-07-06 08:00:00,0.5564844466913407,0.8919294495296592
2020-07-06 09:00:00,0.724116449119617,1.150981027003716
2020-07-06 10:00:00,0.6844299460432794,1.3057544801510383
2020-07-06 11:00:00,0.5673461667880413,1.47612476917201
2020-07-06 12:00:00,0.8051779825723819,1.6508071374793887
2020-07-06 13:00:00,0.7984685642272609,1.5422256425928795
2020-07-06 14:00:00,0.7134052911401534,1.4091235579953358
2020-07-06 15:00:00,0.7508363376276335,1.062856971253113
2020-07-06 16:00:00,0.7068793303725115,0.7889001116586238
2020-07-06 17:00:00,0.7065482792985531,0.38204370210226957
2020-07-06 18:00:00,0.680830509125165,0.0361766021560396
2020-07-06 19:00:00,0.7683302788907949,0.0061922851998291
2020-07-06 20:00:00,0.9261383343903122,0.0321782237941718
2020-07-06 21:00:00,0.7214135220702377,0.0
2020-07-06 22:00:00,0.8888709725166126,0.0076679979500022
2020-07-06 23:00:00,0.8670300717828305,0.0252167107703491
2020-07-07 00:00:00,0.8097333367146068,0.0
2020-07-07 01:00:00,0.8258124217920613,0.0
2020-07-07 02:00:00,0.9001821748786321,0.065178582789085
2020-07-07 03:00:00,0.9190634886498001,0.0
2020-07-07 04:00:00,0.8918664944212994,0.0218553348759334
2020-07-07 05:00:00,0.977311157595057,0.0118119646301041
2020-07-07 06:00:00,0.9641822009741658,0.0079624168816201
2020-07-07 07:00:00,0.9547536140906341,0.3718882975760424
2020-07-07 08:00:00,0.9810903630955893,0.7993108655881465
2020-07-07 09:00:00,1.118603078038417,1.0891816020654916
2020-07-07 10:00:00,0.9422362652630178,1.3404301408222543
2020-07-07 11:00:00,1.0198961213843274,1.429406960687158
2020-07-07 12:00:00,1.0605595873235907,1.5536051948609007
2020-07-07 13:00:00,1.0656312272056043,1.4965330711653677
2020-07-07 14:00:00,1.2222520946235664,1.38740264134433
2020-07-07 15:00:00,1.189322869555975,1.0599674764847173
2020-07-07 16:00:00,1.0787930793698055,0.8089002644314833
2020-07-07 17:00:00,1.154277568842709,0.37341270700342577
2020-07-07 18:00:00,1.1506822163458956,0.0
2020-07-07 19:00:00,1.109837417950692,0.0334087472867055
2020-07-07 20:00:00,1.195055985249493,0.0033653639269805
2020-07-07 21:00:00,1.0919414217382397,0.0
2020-07-07 22:00:00,1.2211290685755871,0.0037576073761073
2020-07-07 23:00:00,1.0988406575756375,0.0014891457957124
2020-07-08 00:00:00,1.3262140723402243,0.0252231848189302
2020-07-08 01:00:00,1.1591461126635552,0.0
2020-07-08 02:00:00,1.2955869596694116,0.0257738017079219
2020-07-08 03:00:00,1.3696827400362133,0.0
2020-07-08 04:00:00,1.299472888268558,0.0152639222775746
2020-07-08 05:00:00,1.2406940809523888,0.030593496442699798
2020-07-08 06:00:00,1.3344885307055439,0.0017637657275145
2020-07-08 07:00:00,1.2932231462110453,0.4352140408159361
2020-07-08 08:00:00,1.3066432172758544,0.7242622135075892
2020-07-08 09:00:00,1.3803491253092823,1.1664926551700912
2020-07-08 10:00:00,1.3647430007742951,1.3367419782731313
2020-07-08 11:00:00,1.3879991287516806,1.5034409896505339
2020-07-08 12:00:00,1.3592499998274286,1.5124975914191316
2020-07-08 13:00:00,1.460916816866647,1.5415414897146198
2020-07-08 14:00:00,1.3166043881390204,1.2839314932579196
2020-07-08 15:00:00,1.455461305318337,1.0305614767001718
2020-07-08 16:00:00,1.4450844392725457,0.7794590300135996
2020-07-08 17:00:00,1.4455896975089497,0.3235716918812806
2020-07-08 18:00:00,1.2467943999909452,0.0619323146520465
2020-07-08 19:00:00,1.3473746415059855,0.0
2020-07-08 20:00:00,1.5229503478235968,0.0356321471637592
2020-07-08 21:00:00,1.5137072025005558,0.0351724530928073
2020-07-08 22:00:00,1.4515705553346996,0.0154312140564185
2020-07-08 23:00:00,1.474647472887296,0.0474248494728472
2020-07-09 00:00:00,1.464518918849859,0.0053628189082735
2020-07-09 01:00:00,1.4855381773936807,0.0860109553552979
2020-07-09 02:00:00,1.4805632001468105,0.0040416628964881
2020-07-09 03:00:00,1.4519932611972857,0.041045737578449495
2020-07-09 04:00:00,1.3794126350793618,0.0134782876934485
2020-07-09 05:00:00,1.4591667168874733,0.1038797723049984
2020-07-09 06:00:00,1.462109013699089,0.0137073574001038
2020-07-09 07:00:00,1.5025731177920492,0.4098733577842413
2020-07-09 08:00:00,1.2092443979967498,0.769138713982989
2020-07-09 09:00:00,1.4253182417380148,1.0206925299324316
2020-07-09 10:00:00,1.5192753727296828,1.3384740283917989
2020-07-09 11:00:00,1.4092076530656947,1.4457229940497305
2020-07-09 12:00:00,1.4696348929466942,1.562555505117285
2020-07-09 13:00:00,1.6414384546869458,1.483602605869984
2020-07-09 14:00:00,1.499237325104633,1.3510093882711223
2020-07-09 15:00:00,1.3766790337739172,1.0997183012906164
2020-07-09 16:00:00,1.461846021261903,0.7072034378281449
2020-07-09 17:00:00,1.5455241816585814,0.3727449746612289
2020-07-09 18:00:00,1.3483161434637738,0.0016258504850145
2020-07-09 19:00:00,1.3369114753790927,0.0148366000058254
2020-07-09 20:00:00,1.5110200058325733,0.019403820888223202
2020-07-09 21:00:00,1.3352205122157965,0.040082990140212
2020-07-09 22:00:00,1.304640323611293,0.0
2020-07-09 23:00:00,1.28806803332969,0.0
2020-07-10 00:00:00,1.3209290837322505,0.0049837718969556
2020-07-10 01:00:00,1.455207002698668,0.1023345921756967
2020-07-10 02:00:00,1.4030119256682951,0.0
2020-07-10 03:00:00,1.2588515576102215,0.0
2020-07-10 04:00:00,1.3169924017372585,0.0262545057328579
2020-07-10 05:00:00,1.2327365283292386,0.0282189920063748
2020-07-10 06:00:00,1.2804472606278854,0.0286733934239284
2020-07-10 07:00:00,1.2512639461803912,0.3785675785207094
2020-07-10 08:00:00,1.3038442864846265,0.719512250462513
2020-07-10 09:00:00,1.3106676628939522,1.0376236213334455
2020-07-10 10:00:00,1.2801765730353063,1.308382533564192
2020-07-10 11:00:00,1.2039989354062675,1.5026085668695903
2020-07-10 12:00:00,1.3010397096200377,1.5235622133220215
2020-07-10 13:00:00,1.1304247141252277,1.533899434765007
2020-07-10 14:00:00,1.0127357826541314,1.2877543039584833
2020-07-10 15:00:00,1.258629730604004,1.039665128624486
2020-07-10 16:00:00,1.2432642136863024,0.760442531021079
2020-07-10 17:00:00,1.3256692988171577,0.40218742728369095
2020-07-10 18:00:00,1.1927070434502212,0.048056350825029
2020-07-10 19:00:00,1.0232840998374397,0.0
2020-07-10 20:00:00,1.0353224243554473,0.0137644391974919
2020-07-10 21:00:00,1.1528935920035657,0.0
2020-07-10 22:00:00,1.0212528155395582,0.0943322314880023
2020-07-10 23:00:00,1.0601972088920764,0.0302863181885133
2020-07-11 00:00:00,1.1161059586361093,0.0374397141844168
2020-07-11 01:00:00,0.9630106308098869,0.0035562685655493
2020-07-11 02:00:00,1.0026438634500248,0.0
2020-07-11 03:00:00,1.015339429062668,0.0277614113001292
2020-07-11 04:00:00,1.0099732021520622,0.0440117155437472
2020-07-11 05:00:00,0.9419626760177023,0.0
2020-07-11 06:00:00,1.0482457325587933,0.0082699552975748
2020-07-11 07:00:00,0.9968815944303839,0.45084426964749746
2020-07-11 08:00:00,0.8962403049384569,0.7715237722641661
2020-07-11 09:00:00,0.9244940949295068,1.0273451449288524
2020-07-11 10:00:00,0.7984235184190148,1.3151961447209768
2020-07-11 11:00:00,0.7739554239947092,1.4794390692999349
2020-07-11 12:00:00,0.8755398702821382,1.5805583602184206
2020-07-11 13:00:00,0.8154959220643481,1.5099380670466713
2020-07-11 14:00:00,0.8147796811562233,1.3453468723943847
2020-07-11 15:00:00,0.8249192948102229,1.0720216307955766
2020-07-11 16:00:00,0.8452160686323542,0.7623108621674883
2020-07-11 17:00:00,0.6943028076206369,0.4087808581862663
2020-07-11 18:00:00,0.8407961924015062,0.0
2020-07-11 19:00:00,0.8104917704004212,0.06518269911315411
2020-07-11 20:00:00,0.7102448293788906,0.0234080221339759
2020-07-11 21:00:00,0.7746801946739283,0.0224178294206065
2020-07-11 22:00:00,0.6914724323033394,0.0356638457144954
2020-07-11 23:00:00,0.6908235642428904,0.0744891638135127
2020-07-12 00:00:00,0.6794678599495042,0.0061940095811067
2020-07-12 01:00:00,0.65664768483273,0.0487346076824334
2020-07-12 02:00:00,0.7186604364252693,0.032040039771996
2020-07-12 03:00:00,0.7388770436168043,0.0353862218806656
2020-07-12 04:00:00,0.622872820083005,0.0413145510243768
2020-07-12 05:00:00,0.7287063414098451,0.0074797829775272
2020-07-12 06:00:00,0.6947446954290937,0.0073914488342055
2020-07-12 07:00:00,0.5443255709668693,0.3661333379951796
2020-07-12 08:00:00,0.6499922463412579,0.765173934587828
2020-07-12 09:00:00,0.7360967310804357,1.0653548566007542
2020-07-12 10:00:00,0.6710578182185221,1.33759654771536
2020-07-12 11:00:00,0.6145126937270637,1.5038534142379534
2020-07-12 12:00:00,0.667389495760909,1.510770013316538
2020-07-12 13:00:00,0.6779610808987375,1.473468278197997
2020-07-12 14:00:00,0.5035939638859135,1.2622327231048844
2020-07-12 15:00:00,0.5409647589945904,1.1368480612548115
2020-07-12 16:00:00,0.7557043573714616,0.6568157698189376
2020-07-12 17:00:00,0.5156471810937995,0.4591167463175554
2020-07-12 18:00:00,0.6076162895145554,0.0453931766629457
2020-07-12 19:00:00,0.6386130105739476,0.0
2020-07-12 20:00:00,0.613310349278553,0.0127595716607057
2020-07-12 21:00:00,0.46012160839791477,0.0
2020-07-12 22:00:00,0.7041203957580351,0.0410945845239902
2020-07-12 23:00:00,0.7012649463836591,0.0535917392754034
2020-07-13 00:00:00,0.676224816843815,0.0674779450741466
2020-07-13 01:00:00,0.674423942570151,0.0769136728046649
2020-07-13 02:00:00,0.7021693228560295,0.0584253184984384
2020-07-13 03:00:00,0.6163764938869771,0.0870945247314372
2020-07-13 04:00:00,0.6300773338976021,0.0
2020-07-13 05:00:00,0.5968101646707382,0.0269707928564271
2020-07-13 06:00:00,0.6247747675800097,0.0608939621268877
2020-07-13 07:00:00,0.7982476934751002,0.4434542137094725
2020-07-13 08:00:00,0.5740068056862456,0.7841824465514041
2020-07-13 09:00:00,0.7058251621909032,1.1200982494540477
2020-07-13 10:00:00,0.6494669900589908,1.31812136184673
2020-07-13 11:00:00,0.8232159824457924,1.3985634021366156
2020-07-13 12:00:00,0.6992343084639256,1.5484708618833505
2020-07-13 13:00:00,0.8020777942900121,1.5222565226336595
2020-07-13 14:00:00,0.6995169520604653,1.2530078653108683
2020-07-13 15:00:00,0.5870364627551594,1.0712798125479863
2020-07-13 16:00:00,0.7977874485697497,0.8061345727392131
2020-07-13 17:00:00,0.7697438559627502,0.41029609247107257
2020-07-13 18:00:00,0.7499436221584159,0.0762093148882248
2020-07-13 19:00:00,0.7291050594044846,0.0006965537517266
2020-07-13 20:00:00,0.8772871716812022,0.0260303798212704
2020-07-13 21:00:00,0.8823773801603979,0.0246205959293033
2020-07-13 22:00:00,0.7409618428490953,0.0
2020-07-13 23:00:00,0.7678929569403553,0.0196022066743216
2020-07-14 00:00:00,0.854679785346304,0.0174681571813964
2020-07-14 01:00:00,0.7836434671729051,0.0464654442362891
2020-07-14 02:00:00,0.8958851960430483,0.0180345159277313
2020-07-14 03:00:00,0.9039704902039871,0.0041343488901255
2020-07-14 04:00:00,0.9749158763464111,0.0
2020-07-14 05:00:00,0.7954256933967725,0.0
2020-07-14 06:00:00,0.9409413538723583,0.037847250260426
2020-07-14 07:00:00,0.860112048406144,0.3717136144580695
2020-07-14 08:00:00,0.7844287607176972,0.7650527168767923
2020-07-14 09:00:00,1.0483206714663502,0.9732746791382372
2020-07-14 10:00:00,1.0082041261318493,1.2128684062690167
2020-07-14 11:00:00,0.9487849157806789,1.4296155784509892
2020-07-14 12:00:00,0.9962063765482998,1.5214624204264346
2020-07-14 13:00:00,1.143126503407832,1.4938881363146874
2020-07-14 14:00:00,0.9836386648118759,1.329826760067796
2020-07-14 15:00:00,1.1450426255981037,1.1456593804747757
2020-07-14 16:00:00,1.009939256448197,0.8003398285601534
2020-07-14 17:00:00,1.0665129819472219,0.484162660393331
2020-07-14 18:00:00,1.2111121225242245,0.0134166906663731
2020-07-14 19:00:00,1.2045079954045632,0.0772330519583459
2020-07-14 20:00:00,1.1621593381670854,0.0
2020-07-14 21:00:00,1.0477825109841963,0.0573377782004415
2020-07-14 22:00:00,1.1214448215754373,0.0348338736333802
2020-07-14 23:00:00,1.119442170149989,0.0028420299808055
2020-07-15 00:00:00,1.2224897513719695,0.0
2020-07-15 01:00:00,1.2914239335505115,0.0
2020-07-15 02:00:00,1.1994413192608828,0.0147046059058963
2020-07-15 03:00:00,1.278233053878708,0.0250645071499621
2020-07-15 04:00:00,1.2912364291971914,0.0314528667974437
2020-07-15 05:00:00,1.2242631989773276,0.0
2020-07-15 06:00:00,1.278607375157085,0.0471667727564596
2020-07-15 07:00:00,1.2782793986486558,0.3274572971158429
2020-07-15 08:00:00,1.2895879876769607,0.7315827753100252
2020-07-15 09:00:00,1.285139899813418,1.082996313861721
2020-07-15 10:00:00,1.3933362851101863,1.299280449559232
2020-07-15 11:00:00,1.2922620729725514,1.4490513729962138
2020-07-15 12:00:00,1.3426114051066125,1.4872388729912496
2020-07-15 13:00:00,1.3608438228658908,1.459243804608349
2020-07-15 14:00:00,1.2246134513410358,1.3380548468391904
2020-07-15 15:00:00,1.2568994738494812,1.0597420225654486
2020-07-15 16:00:00,1.4511802621974201,0.7842243482623131
2020-07-15 17:00:00,1.324963519352381,0.3756740026768155
2020-07-15 18:00:00,1.3910481044525502,0.0301680962796544
2020-07-15 19:00:00,1.448741893872398,0.0492135277287137
2020-07-15 20:00:00,1.483163510260534,0.0
2020-07-15 21:00:00,1.4569065603114435,0.000357665419612
2020-07-15 22:00:00,1.398481448874159,0.0137008463860294
2020-07-15 23:00:00,1.3942680471632536,0.0045267350680498
2020-07-16 00:00:00,1.4366432323292004,0.05985438167623659
2020-07-16 01:00:00,1.604845048297793,0.0731925750445363
2020-07-16 02:00:00,1.4010480678994064,0.0509043429385378
2020-07-16 03:00:00,1.3882930300084846,0.0133896115277211
2020-07-16 04:00:00,1.5574708894893,0.029902047337825102
2020-07-16 05:00:00,1.4633620520326729,0.0
2020-07-16 06:00:00,1.467481908709635,0.0
2020-07-16 07:00:00,1.4147135529723087,0.3612918535184514
2020-07-16 08:00:00,1.3610939917479719,0.7325615697893761
2020-07-16 09:00:00,1.4458809392794283,1.092603192767437
2020-07-16 10:00:00,1.4215771226010037,1.2909130108015625
2020-07-16 11:00:00,1.4994924045849323,1.4796710395647525
2020-07-16 12:00:00,1.4182590087956186,1.511590608184105
2020-07-16 13:00:00,1.4145705247193334,1.4355518889126881
2020-07-16 14:00:00,1.5059400248170463,1.3234522150215522
2020-07-16 15:00:00,1.4093887329759123,1.0407846477662497
2020-07-16 16:00:00,1.2623215618225818,0.7712427622377507
2020-07-16 17:00:00,1.4171322887694333,0.3690718546716194
2020-07-16 18:00:00,1.4681307254306424,0.0019076889810921
2020-07-16 19:00:00,1.1848429207510085,0.0483992131400356
2020-07-16 20:00:00,1.3492112941130658,0.0
2020-07-16 21:00:00,1.492947953199353,0.0245114934987891
2020-07-16 22:00:00,1.39793095009981,0.0742158636837977
2020-07-16 23:00:00,1.2444067788515745,0.0400632484354469
2020-07-17 00:00:00,1.306397514567525,0.0739288167292942
2020-07-17 01:00:00,1.2009266285182125,0.0172545910403573
2020-07-17 02:00:00,1.3810869231213978,0.0
2020-07-17 03:00:00,1.246056808896748,0.0341822042413587
2020-07-17 04:00:00,1.299608742570095,0.0043985331593804
2020-07-17 05:00:00,1.3370185243494983,0.0284195906627738
2020-07-17 06:00:00,1.2536620503685008,0.08467658331673139
2020-07-17 07:00:00,1.2230532026949619,0.3812052209358486
2020-07-17 08:00:00,1.3013918974093885,0.7434567526615568
2020-07-17 09:00:00,1.09360964481158,1.0470605475489625
2020-07-17 10:00:00,1.225295738864997,1.2824021508715444
2020-07-17 11:00:00,1.1700862999560293,1.415354277572706
2020-07-17 12:00:00,1.1783363823838833,1.459467474020368
2020-07-17 13:00:00,1.134664227775873,1.5285033626603746
2020-07-17 14:00:00,1.094225048185186,1.3492247858526771
2020-07-17 15:00:00,1.0750200328618869,1.0210965692423062
2020-07-17 16:00:00,1.1414230092369646,0.7811568073684362
2020-07-17 17:00:00,1.0816195952024987,0.3880744981785995
2020-07-17 18:00:00,1.0602222620843302,0.0
2020-07-17 19:00:00,0.9752266667228464,0.0268263094321987
2020-07-17 20:00:00,1.0356249189305204,0.0473723607137559
2020-07-17 21:00:00,1.0934053186343637,0.0
2020-07-17 22:00:00,0.9684969107378643,0.0261698697863503
2020-07-17 23:00:00,1.055864924189962,0.0
2020-07-18 00:00:00,1.0019337452553292,0.06022577283979459
2020-07-18 01:00:00,1.0753846838148182,0.060848920441408806
2020-07-18 02:00:00,0.9551829020966758,0.057961211240324995
2020-07-18 03:00:00,0.9624305843665569,0.0
2020-07-18 04:00:00,1.0150023731690532,0.0
2020-07-18 05:00:00,0.8255077431028895,0.0648704891920686
2020-07-18 06:00:00,0.9568127002681603,0.0
2020-07-18 07:00:00,1.026818251985556,0.4816096526667878
2020-07-18 08:00:00,1.0327533358000236,0.754731135531236
2020-07-18 09:00:00,0.8967643904332647,1.0507486278624563
2020-07-18 10:00:00,0.8627287962905195,1.3473458525492523
2020-07-18 11:00:00,0.7213320666994563,1.4139863502684764
2020-07-18 12:00:00,0.7638189916275254,1.4630151778249065
2020-07-18 13:00:00,0.7622930680643785,1.502291795689141
2020-07-18 14:00:00,0.6701954144269163,1.2505488410524481
2020-07-18 15:00:00,0.9279993088837304,1.056709548090412
2020-07-18 16:00:00,0.8189653554627341,0.7431536868699959
2020-07-18 17:00:00,0.7541352125416865,0.3627621849491248
2020-07-18 18:00:00,0.7883925197015641,0.037678599332289
2020-07-18 19:00:00,0.7622514752631647,0.0234159326840491
2020-07-18 20:00:00,0.7382161121490521,0.0
2020-07-18 21:00:00,0.6842658360780609,0.029787968283478
2020-07-18 22:00:00,0.6387120883124415,0.041407847879739904
2020-07-18 23:00:00,0.7012241539909766,0.0
2020-07-19 00:00:00,0.7486948853655488,0.0
2020-07-19 01:00:00,0.5780106129612507,0.0267493516690821
2020-07-19 02:00:00,0.5488298476031606,0.0286621966507867
2020-07-19 03:00:00,0.6815176395844977,0.089059942732019
2020-07-19 04:00:00,0.7154300160921789,0.0429559414780995
2020-07-19 05:00:00,0.7720454038393161,0.0191157614805709
2020-07-19 06:00:00,0.6539353547328403,0.0142144483546432
2020-07-19 07:00:00,0.6707909227631297,0.340427808267249
2020-07-19 08:00:00,0.6224498737846975,0.799255916480972
2020-07-19 09:00:00,0.5775004729706635,1.0865858855194044
2020-07-19 10:00:00,0.5559850196716344,1.260267541824954
2020-07-19 11:00:00,0.5527534333983042,1.4939590003316985
2020-07-19 12:00:00,0.5941616645948526,1.4753145677406874
2020-07-19 13:00:00,0.6917238640238519,1.455043080483823
2020-07-19 14:00:00,0.6490446856096485,1.3710739231431657
2020-07-19 15:00:00,0.5663428073611088,1.0438619992844838
2020-07-19 16:00:00,0.47988183912414,0.7130456044752164
2020-07-19 17:00:00,0.4827530223340604,0.3786133100126402
2020-07-19 18:00:00,0.5864974961198565,0.0804173655801981
2020-07-19 19:00:00,0.5558342041931408,0.0145969234040601
2020-07-19 20:00:00,0.6666943474053886,0.0511981025604967
2020-07-19 21:00:00,0.4635956814373051,0.007644269907756
2020-07-19 22:00:00,0.6584963075430813,0.0238257825754381
2020-07-19 23:00:00,0.6257076700207814,0.0031932429463018
2020-07-20 00:00:00,0.5512592235567085,0.0
2020-07-20 01:00:00,0.4851884497047818,0.0
2020-07-20 02:00:00,0.7180562093837619,0.0406540072323195
2020-07-20 03:00:00,0.5169030414569262,0.0
2020-07-20 04:00:00,0.5968810787756909,0.0183790325767
2020-07-20 05:00:00,0.6369985667047414,0.0
2020-07-20 06:00:00,0.8340295968865109,0.0206807673480059
2020-07-20 07:00:00,0.5319274096741562,0.33571460873577086
2020-07-20 08:00:00,0.7200564133461607,0.7150099754571918
2020-07-20 09:00:00,0.5578815372811852,1.1051327485917855
2020-07-20 10:00:00,0.7850649640581724,1.2265761207764263
2020-07-20 11:00:00,0.6090614192236741,1.457024745342931
2020-07-20 12:00:00,0.5901067315026993,1.520741518953308
2020-07-20 13:00:00,0.7411110181400447,1.4038032256563615
2020-07-20 14:00:00,0.6383862067445274,1.2956515386988732
2020-07-20 15:00:00,0.6963851296239381,1.0566140990679977
2020-07-20 16:00:00,0.793561806718189,0.7141652306651977
2020-07-20 17:00:00,0.5914542707585615,0.3731564625215085
2020-07-20 18:00:00,0.7150342591405383,0.0366332770772584
2020-07-20 19:00:00,0.6223598357120181,0.0119280206794709
2020-07-20 20:00:00,0.6940618156068141,0.0
2020-07-20 21:00:00,0.8368057380561624,0.0083121969092357
2020-07-20 22:00:00,0.8202282404569605,0.040846400851226
2020-07-20 23:00:00,0.7056519393742406,0.0493323805853559
2020-07-21 00:00:00,0.7798241838944139,0.0036850041480387
2020-07-21 01:00:00,0.9144726123028071,0.0106553131000107
2020-07-21 02:00:00,0.7567955560262025,0.0
2020-07-21 03:00:00,0.820771497988128,0.0170717725444736
2020-07-21 04:00:00,0.7029219551021846,0.0
2020-07-21 05:00:00,0.9574945592226721,0.030002405700737502
2020-07-21 06:00:00,0.9195786387030722,0.0020430666514855
2020-07-21 07:00:00,0.8531910883357732,0.42911611504795033
2020-07-21 08:00:00,0.8183856353118886,0.7690496124422488
2020-07-21 09:00:00,1.0198481645320048,1.0054223072174486
2020-07-21 10:00:00,0.9921587842981332,1.34799153005277
2020-07-21 11:00:00,1.1048226640404917,1.452943946374827
2020-07-21 12:00:00,0.9712904225958303,1.4932553100286392
2020-07-21 13:00:00,0.9199253102719309,1.5083515281426694
2020-07-21 14:00:00,1.0242331352920968,1.22630852181259
2020-07-21 15:00:00,0.9364215619800753,1.0151162419515347
2020-07-21 16:00:00,0.9512784491409432,0.8148959570910945
2020-07-21 17:00:00,1.0798376062081303,0.39382209047196
2020-07-21 18:00:00,1.1693889200982,0.032694319250627296
2020-07-21 19:00:00,1.1476690150723705,0.0294468179239008
2020-07-21 20:00:00,1.129771793054291,0.0725705586265332
2020-07-21 21:00:00,1.124018246122377,0.0554748470436546
2020-07-21 22:00:00,1.0574479246801118,0.0
2020-07-21 23:00:00,1.0960227320813742,0.030410926476278
2020-07-22 00:00:00,1.1784689900969119,0.0453249888420875
2020-07-22 01:00:00,1.1103387459770167,0.034642590211954205
2020-07-22 02:00:00,1.1725792941195712,0.0252288465808542
2020-07-22 03:00:00,1.1955547737777181,0.0
2020-07-22 04:00:00,1.1205546226901069,0.0
2020-07-22 05:00:00,1.3405619480478628,0.0229427147081654
2020-07-22 06:00:00,1.4183897235459217,0.0
2020-07-22 07:00:00,1.2633876022847155,0.3214730540608368
2020-07-22 08:00:00,1.344712622438207,0.7662824341219299
2020-07-22 09:00:00,1.3935352948973208,1.0291989390315295
2020-07-22 10:00:00,1.2265229050089301,1.2735160369519454
2020-07-22 11:00:00,1.2110212918778793,1.4120622055142023
2020-07-22 12:00:00,1.446065530661643,1.4966121647422135
2020-07-22 13:00:00,1.3338892049956668,1.4570954537020802
2020-07-22 14:00:00,1.384802261848268,1.2840511726819368
2020-07-22 15:00:00,1.336044125261448,1.1109415236064943
2020-07-22 16:00:00,1.4260980916994397,0.7404715774616681
2020-07-22 17:00:00,1.4202913404779773,0.37149386105653004
2020-07-22 18:00:00,1.368236059644019,0.0036949785758829
2020-07-22 19:00:00,1.3410625721848621,0.0118225041255334
2020-07-22 20:00:00,1.3055300168364181,0.0
2020-07-22 21:00:00,1.3838359206505215,0.005728659473817
2020-07-22 22:00:00,1.3674319137066302,0.0106491213064105
2020-07-22 23:00:00,1.3510163758556484,0.0712797855660353
2020-07-23 00:00:00,1.4496154302883695,0.003162734720444597
2020-07-23 01:00:00,1.399251408591328,0.07598321695430811
2020-07-23 02:00:00,1.433202759510614,0.0467021300695718
2020-07-23 03:00:00,1.3524273349799638,0.0450761409696719
2020-07-23 04:00:00,1.3434326737088949,0.0510187620750107
2020-07-23 05:00:00,1.3092585409714057,0.0178941391062875
2020-07-23 06:00:00,1.4248466051554685,0.0494040528248125
2020-07-23 07:00:00,1.3119991923275465,0.4167699026779599
2020-07-23 08:00:00,1.3604113930266528,0.7549233135668513
2020-07-23 09:00:00,1.4869559474350567,1.0753081796700743
2020-07-23 10:00:00,1.4738040780455268,1.3413585636408172
2020-07-23 11:00:00,1.3365906013031763,1.4286040563267681
2020-07-23 12:00:00,1.3859751463833976,1.4394659835455468
2020-07-23 13:00:00,1.4227687480116087,1.365724992130826
2020-07-23 14:00:00,1.4448885964107394,1.2967197573720832
2020-07-23 15:00:00,1.4306768496556879,1.0771572224463075
2020-07-23 16:00:00,1.4095174523045078,0.6963567566119272
2020-07-23 17:00:00,1.2822664160118342,0.38906698097424486
2020-07-23 18:00:00,1.4580084929399004,0.010329804020751
2020-07-23 19:00:00,1.262020281370216,0.0088847538232661
2020-07-23 20:00:00,1.2616769783436927,0.0314207322197107
2020-07-23 21:00:00,1.4132025019151344,0.0
2020-07-23 22:00:00,1.4294412206883673,0.0
2020-07-23 23:00:00,1.3223427662789884,0.0
2020-07-24 00:00:00,1.332312248274878,0.0487562747112832
2020-07-24 01:00:00,1.3491600819222098,0.0634978239469038
2020-07-24 02:00:00,1.1688281636387634,0.0156083160104574
2020-07-24 03:00:00,1.3617680095038454,0.1001074082437628
2020-07-24 04:00:00,1.2112834962056356,0.0608340584988573
2020-07-24 05:00:00,1.3269840630797203,0.0017721464668868
2020-07-24 06:00:00,1.2530471709289692,0.0425316023860342
2020-07-24 07:00:00,1.1634298881736078,0.3376825379620496
2020-07-24 08:00:00,1.385804126253122,0.6720205375585806
2020-07-24 09:00:00,1.238872092623647,0.9860915136589313
2020-07-24 10:00:00,1.1569500903284515,1.255195951632262
2020-07-24 11:00:00,1.1625244391041332,1.4249411769047897
2020-07-24 12:00:00,1.1724744540566414,1.4712823825353978
2020-07-24 13:00:00,1.1517304197485725,1.4834906252087172
2020-07-24 14:00:00,1.1422497532280345,1.3172237796578004
2020-07-24 15:00:00,1.0993666841021037,1.0200336564551733
2020-07-24 16:00:00,1.0026476986080815,0.7360243114048786
2020-07-24 17:00:00,1.032471689938719,0.4189080150751387
2020-07-24 18:00:00,1.060506358073983,0.0659124467828513
2020-07-24 19:00:00,1.0193023781626203,0.0331548582243946
2020-07-24 20:00:00,0.9586327222114629,0.0052905818357211
2020-07-24 21:00:00,1.2172804999376603,0.0234730439848822
2020-07-24 22:00:00,1.1052954914297761,0.0251098808880178
2020-07-24 23:00:00,1.054851997196799,0.0206510916153896
2020-07-25 00:00:00,0.9588063559391734,0.0464010843388421
2020-07-25 01:00:00,0.893548218792948,0.0006399774745716
2020-07-25 02:00:00,0.893130197911872,0.0236854131809484
2020-07-25 03:00:00,0.9559709962614372,0.0354600211254011
2020-07-25 04:00:00,1.0261083039191794,0.0506240550818166
2020-07-25 05:00:00,0.9920249031142194,0.01013443191788
2020-07-25 06:00:00,0.8678309459989912,0.013640726294412
2020-07-25 07:00:00,1.0350073073309978,0.42750959688636136
2020-07-25 08:00:00,0.72270587250783,0.7592552145829421
2020-07-25 09:00:00,0.8513979377727023,1.017250828788789
2020-07-25 10:00:00,0.7194775678945637,1.3215658942166657
2020-07-25 11:00:00,0.8589103516236952,1.3862631734910533
2020-07-25 12:00:00,0.7004641541858769,1.4129741806363225
2020-07-25 13:00:00,0.8212607653476425,1.4583995376820074
2020-07-25 14:00:00,0.7788999462851096,1.2404722117448528
2020-07-25 15:00:00,0.7372754884215269,1.007755631798777
2020-07-25 16:00:00,0.702094367962807,0.7261387058281754
2020-07-25 17:00:00,0.8079379861567855,0.3532815938363887
2020-07-25 18:00:00,0.6657894011360987,0.0404758804033636
2020-07-25 19:00:00,0.8030777596476373,0.057321892423615
2020-07-25 20:00:00,0.7014505775346175,0.0065528727407119
2020-07-25 21:00:00,0.7258863861582092,0.0695867096447187
2020-07-25 22:00:00,0.759624906091884,0.007876720733952
2020-07-25 23:00:00,0.6307758999121778,0.0328940538474741
2020-07-26 00:00:00,0.5837040943462923,0.0
2020-07-26 01:00:00,0.531089022872907,0.0248873145507855
2020-07-26 02:00:00,0.627147510992432,0.0
2020-07-26 03:00:00,0.6963038056868511,0.0065186286641232
2020-07-26 04:00:00,0.715002058075072,0.0
2020-07-26 05:00:00,0.5841906870432618,0.0223923138497285
2020-07-26 06:00:00,0.6153084238230333,0.0
2020-07-26 07:00:00,0.7018719363012219,0.41716476689793436
2020-07-26 08:00:00,0.604695478171198,0.730724903925093
2020-07-26 09:00:00,0.5865587141424925,1.0008614840785803
2020-07-26 10:00:00,0.7193838464551743,1.2289332548817393
2020-07-26 11:00:00,0.6296343660630924,1.4415454205562983
2020-07-26 12:00:00,0.4997199490465195,1.44786840888662
2020-07-26 13:00:00,0.5881640008710893,1.4644450744531223
2020-07-26 14:00:00,0.6153916416430549,1.2034046990571845
2020-07-26 15:00:00,0.6839950900944998,1.0123672576355256
2020-07-26 16:00:00,0.6460562482537906,0.70691979769186
2020-07-26 17:00:00,0.556958829266689,0.3550320439341176
2020-07-26 18:00:00,0.6090541186229315,0.0497724540911162
2020-07-26 19:00:00,0.5805622325233992,0.0
2020-07-26 20:00:00,0.5118489035940711,0.0179821714578635
2020-07-26 21:00:00,0.6752826902864804,0.0548251267914294
2020-07-26 22:00:00,0.512388164891033,0.0521166948167405
2020-07-26 23:00:00,0.6734585282411443,0.0115359605824115
2020-07-27 00:00:00,0.5050125951393664,0.0555931219962357
2020-07-27 01:00:00,0.719518863398452,0.0377007640370147
2020-07-27 02:00:00,0.5228154620966919,0.0510440639844394
2020-07-27 03:00:00,0.5375771044832152,0.0082313535471836
2020-07-27 04:00:00,0.5233761353460888,0.0112390889828981
2020-07-27 05:00:00,0.4984458441191979,0.0488871553948394
2020-07-27 06:00:00,0.5750284547269735,0.0315975265266143
2020-07-27 07:00:00,0.5852301292274464,0.396841490782176
2020-07-27 08:00:00,0.5751617571180765,0.7103318538469157
2020-07-27 09:00:00,0.5944081274026622,0.9999180610685321
2020-07-27 10:00:00,0.660603050950068,1.2417727596805408
2020-07-27 11:00:00,0.5106471393798521,1.4026609783251343
2020-07-27 12:00:00,0.5657104364232814,1.377844082675678
2020-07-27 13:00:00,0.7546432329338639,1.3783258340422497
2020-07-27 14:00:00,0.6497581335892517,1.3011405623048509
2020-07-27 15:00:00,0.6468574823638569,0.9962949425695801
2020-07-27 16:00:00,0.7658291626060392,0.7706040641995089
2020-07-27 17:00:00,0.7495211339421988,0.4004582059381866
2020-07-27 18:00:00,0.7371023700303267,0.0
2020-07-27 19:00:00,0.8388515530711833,0.0
2020-07-27 20:00:00,0.7637735758767704,0.0351784417912863
2020-07-27 21:00:00,0.8484293362830062,0.0452575691042259
2020-07-27 22:00:00,0.6005158450224286,0.0721959553107557
2020-07-27 23:00:00,0.775733311005091,0.0206161296505836
2020-07-28 00:00:00,0.8048953138037915,0.0
2020-07-28 01:00:00,0.8284545790254083,0.0365130417543367
2020-07-28 02:00:00,0.8202176187107189,0.0363907070936455
2020-07-28 03:00:00,0.9093794916987712,0.0460276636708645
2020-07-28 04:00:00,0.8552391218334318,0.0276449009094412
2020-07-28 05:00:00,0.8591324855000283,0.0
2020-07-28 06:00:00,0.9341470769550485,0.0017225651728217
2020-07-28 07:00:00,0.9527609626512572,0.3866141572958224
2020-07-28 08:00:00,1.003455761580466,0.7453900074332006
2020-07-28 09:00:00,1.0656105691345317,1.0331559020611183
2020-07-28 10:00:00,0.8835125641660676,1.2688402478209255
2020-07-28 11:00:00,0.8408686132791009,1.337781163785227
2020-07-28 12:00:00,0.9331019783235969,1.4532280277530125
2020-07-28 13:00:00,1.0361176431715822,1.3948557749131398
2020-07-28 14:00:00,0.9548679358384637,1.2782622998119453
2020-07-28 15:00:00,0.9925307286765208,0.9369235907922631
2020-07-28 16:00:00,1.0501848901272162,0.8017009300257054
2020-07-28 17:00:00,0.9839782081434334,0.3171978806726653
2020-07-28 18:00:00,0.983108223710573,0.0
2020-07-28 19:00:00,1.00414727555976,0.0173725100890155
2020-07-28 20:00:00,1.1057416067820833,0.0073180972654807
2020-07-28 21:00:00,1.0252352281562844,0.0
2020-07-28 22:00:00,1.2437860183899376,0.0203504178776246
2020-07-28 23:00:00,1.076451458284616,0.0109507125031948
2020-07-29 00:00:00,1.1593268900279734,0.0055931987289648
2020-07-29 01:00:00,1.2306311204151164,0.0145807304996362
2020-07-29 02:00:00,1.1646822650282216,0.0521569388342175
2020-07-29 03:00:00,1.2372197399512963,0.0931378536675393
2020-07-29 04:00:00,1.2056757091286194,0.001699720824474
2020-07-29 05:00:00,1.316883188697441,0.0062203170554726
2020-07-29 06:00:00,1.2289526164693212,0.0063576633788929
2020-07-29 07:00:00,1.1687302797565775,0.431178130090545
2020-07-29 08:00:00,1.2844631475620116,0.7425056942348336
2020-07-29 09:00:00,1.2642461707817718,0.9648864841797927
2020-07-29 10:00:00,1.3529586040648465,1.2598117874039123
2020-07-29 11:00:00,1.4141911067185604,1.483211999416575
2020-07-29 12:00:00,1.3401549470090197,1.4307196384857024
2020-07-29 13:00:00,1.306752660362644,1.4298959558646414
2020-07-29 14:00:00,1.4575954726699603,1.2064347441200147
2020-07-29 15:00:00,1.3786331434496808,0.9967802242948223
2020-07-29 16:00:00,1.251155256783783,0.7039147288958891
2020-07-29 17:00:00,1.3508648934977905,0.4367335877772347
2020-07-29 18:00:00,1.359519209171753,0.0292542945557681
2020-07-29 19:00:00,1.4133432983286136,0.0
2020-07-29 20:00:00,1.2653930470969255,0.0
2020-07-29 21:00:00,1.3911478874597907,0.0
2020-07-29 22:00:00,1.4174044593538704,0.0
2020-07-29 23:00:00,1.3992999509709882,0.051350042631439205
2020-07-30 00:00:00,1.4379435717240656,0.0024100777338189
2020-07-30 01:00:00,1.410337438517531,0.011544611524889298
2020-07-30 02:00:00,1.278862569777385,0.0241014118180176
2020-07-30 03:00:00,1.4679093162423578,0.020499203989502
2020-07-30 04:00:00,1.434778212385193,0.0231613056155111
2020-07-30 05:00:00,1.4077443168927772,0.0034139416101094
2020-07-30 06:00:00,1.4322968160552692,0.0261463129683439
2020-07-30 07:00:00,1.3587017183635446,0.2922314240387147
2020-07-30 08:00:00,1.3915091470641725,0.7220482777825747
2020-07-30 09:00:00,1.2798948293370125,0.9999985213191396
2020-07-30 10:00:00,1.3388073567060341,1.1839670600162258
2020-07-30 11:00:00,1.1981340639317133,1.3914137478418875
2020-07-30 12:00:00,1.3117766748791475,1.4866421429046741
2020-07-30 13:00:00,1.358890096360194,1.325544934281755
2020-07-30 14:00:00,1.2830879339831176,1.2250489062085137
2020-07-30 15:00:00,1.2344890632436458,0.9824385102471229
2020-07-30 16:00:00,1.1928850855285527,0.7536562055857834
2020-07-30 17:00:00,1.343322912261722,0.3664233362511158
2020-07-30 18:00:00,1.2562338626556324,0.0
2020-07-30 19:00:00,1.4054982918568417,0.0109460041654931
2020-07-30 20:00:00,1.3416780524091214,0.0632170192375686
2020-07-30 21:00:00,1.4164351052223814,0.0281614389514056
2020-07-30 22:00:00,1.306498427807899,0.0013225350082964
2020-07-30 23:00:00,1.1468277926839263,0.005566478059415474
2020-07-31 00:00:00,1.2625083729019684,0.0
2020-07-31 01:00:00,1.2208971200390133,0.0200713975566763
2020-07-31 02:00:00,1.3040817467003212,0.0
2020-07-31 03:00:00,1.3567225004411982,0.0799684846353891
2020-07-31 04:00:00,1.1187274468785693,0.0
2020-07-31 05:00:00,1.2723517225825338,0.0456418202582476
2020-07-31 06:00:00,1.273232638615327,0.0284813843573319
2020-07-31 07:00:00,1.3436388874465133,0.4155153682172799
2020-07-31 08:00:00,1.1678979624773849,0.6840096267797297
2020-07-31 09:00:00,1.1517935896313114,0.9579779120421964
2020-07-31 10:00:00,1.1608624616407832,1.228286126303218
2020-07-31 11:00:00,1.2041516371223207,1.3527535641288382
2020-07-31 12:00:00,1.1549279373149623,1.4075309955563022
2020-07-31 13:00:00,1.2654531824128297,1.34537813310055
2020-07-31 14:00:00,1.1661685123731527,1.1992474544637608
2020-07-31 15:00:00,1.1448275980563514,0.9332448854819098
2020-07-31 16:00:00,1.076117624554296,0.7033469833254393
2020-07-31 17:00:00,1.0780385736272386,0.3880174276944432
2020-07-31 18:00:00,0.9738927329477381,0.0283956903669128
2020-07-31 19:00:00,0.880793278046847,0.0621786947443929
2020-07-31 20:00:00,1.0374764650336656,0.0
2020-07-31 21:00:00,1.0891608193144924,0.014043574954038
2020-07-31 22:00:00,0.9203216257780223,0.0214227496174683
2020-07-31 23:00:00,1.0996349388108184,0.0095883050761496
2020-08-01 00:00:00,0.8225419163632657,0.0132906074654467
2020-08-01 01:00:00,1.1229506277345433,0.0712081994153704
2020-08-01 02:00:00,0.8597844853846475,0.0095975429211396
2020-08-01 03:00:00,0.8632320242763483,0.031612779106914
2020-08-01 04:00:00,0.9156390348939061,0.0380944625749779
2020-08-01 05:00:00,0.8402107718040555,0.0235881303399943
2020-08-01 06:00:00,0.7212485028234701,0.0205545548972585
2020-08-01 07:00:00,0.7567517753926521,0.32897618766920766
2020-08-01 08:00:00,0.6980242135855663,0.6966809448722284
2020-08-01 09:00:00,0.9358775289480208,0.9289608219198084
2020-08-01 10:00:00,0.8473815703527382,1.2139391065772105
2020-08-01 11:00:00,0.7247764334350055,1.3692650302464153
2020-08-01 12:00:00,0.640061019188888,1.3634017328002457
2020-08-01 13:00:00,0.7961688906165979,1.3574874323233348
2020-08-01 14:00:00,0.7595068846482051,1.237953257668589
2020-08-01 15:00:00,0.9071462519001565,1.0097988798209308
2020-08-01 16:00:00,0.8498685002351642,0.7594121885226061
2020-08-01 17:00:00,0.7880834007031907,0.3530642013191817
2020-08-01 18:00:00,0.7190225124612661,0.0337969473676799
2020-08-01 19:00:00,0.6804931739740308,0.0302836988870816
2020-08-01 20:00:00,0.6943414396524106,0.0416592760104344
2020-08-01 21:00:00,0.7338514002841274,0.0220716238299516
2020-08-01 22:00:00,0.6006663265777081,0.049366985846234
2020-08-01 23:00:00,0.8027773000936131,0.0186001922320921
2020-08-02 00:00:00,0.6135086414759348,0.054852925824926194
2020-08-02 01:00:00,0.7207058124826968,0.0408495415168507
2020-08-02 02:00:00,0.6309983511537179,0.06621159974045329
2020-08-02 03:00:00,0.6922223104923606,0.013950193155336
2020-08-02 04:00:00,0.6658893153436054,0.0363884228218608
2020-08-02 05:00:00,0.5126888322839096,0.0051974347878517
2020-08-02 06:00:00,0.5311403309384588,0.0
2020-08-02 07:00:00,0.490422492602909,0.36729675931580597
2020-08-02 08:00:00,0.5692202386686986,0.6961834287823163
2020-08-02 09:00:00,0.573263001514403,1.0075920316629712
2020-08-02 10:00:00,0.7666971068261255,1.1960487782966716
2020-08-02 11:00:00,0.477597999371568,1.3648571473386033
2020-08-02 12:00:00,0.4911159738047187,1.4320832175170914
2020-08-02 13:00:00,0.4377953837991343,1.41957382782334
2020-08-02 14:00:00,0.49452740280384444,1.196179978678996
2020-08-02 15:00:00,0.44538659626712485,0.9846141839599563
2020-08-02 16:00:00,0.6018209490488045,0.7262797147673197
2020-08-02 17:00:00,0.5176946723034042,0.3628490602022542
2020-08-02 18:00:00,0.5534089582602232,0.0570123253198338
2020-08-02 19:00:00,0.4882545215692363,0.0279216225998621
2020-08-02 20:00:00,0.5382962360732089,0.0
2020-08-02 21:00:00,0.4882072846897497,0.0
2020-08-02 22:00:00,0.6218280246592622,0.0239129542989428
2020-08-02 23:00:00,0.6395362983000292,0.0351965280139178
2020-08-03 00:00:00,0.5751948214733253,0.0382226143210023
2020-08-03 01:00:00,0.558111300203562,0.0
2020-08-03 02:00:00,0.4879780900694851,0.0
2020-08-03 03:00:00,0.44179358240174216,0.0114265852166694
2020-08-03 04:00:00,0.42362011078174433,0.0271823058169419
2020-08-03 05:00:00,0.5692693482088973,0.053444313414801
2020-08-03 06:00:00,0.5441346175080273,0.0
2020-08-03 07:00:00,0.679306471523916,0.3955930709435703
2020-08-03 08:00:00,0.6387087181656745,0.6942806025403288
2020-08-03 09:00:00,0.5924538424263829,1.0245387402982695
2020-08-03 10:00:00,0.4833729836623641,1.2168475445173061
2020-08-03 11:00:00,0.6297853187332079,1.413932173421974
2020-08-03 12:00:00,0.5500538324209567,1.44612784423462
2020-08-03 13:00:00,0.6602763393168387,1.4281066222129988
2020-08-03 14:00:00,0.6331296892838933,1.2308969680888733
2020-08-03 15:00:00,0.598062386611964,1.0126879520337262
2020-08-03 16:00:00,0.7424575615668929,0.6891546971627759
2020-08-03 17:00:00,0.6762880113347121,0.3399120050675979
2020-08-03 18:00:00,0.6289197285226338,0.0597422723373509
2020-08-03 19:00:00,0.7575241418833828,0.0155699292639077
2020-08-03 20:00:00,0.7830423292630408,0.052164697317979805
2020-08-03 21:00:00,0.7743108765835475,0.042617569327431
2020-08-03 22:00:00,0.7959605726855884,0.0152360162677359
2020-08-03 23:00:00,0.6756234908132521,0.0
2020-08-04 00:00:00,0.7349202565158832,0.0
2020-08-04 01:00:00,0.9036824928944738,0.0393606730097879
2020-08-04 02:00:00,0.8122773918724584,0.0025799448202532
2020-08-04 03:00:00,0.9155087020256254,0.0090262875314815
2020-08-04 04:00:00,0.8234884769893396,0.0085565486783454
2020-08-04 05:00:00,0.8400208271907819,0.0
2020-08-04 06:00:00,0.8975801668289884,0.0794356832410358
2020-08-04 07:00:00,0.7848527875367539,0.2781351532835288
2020-08-04 08:00:00,0.8656691771843767,0.6479726570720487
2020-08-04 09:00:00,0.9662291322590789,1.0293095722189536
2020-08-04 10:00:00,0.919741816558597,1.2315010354600844
2020-08-04 11:00:00,0.9145946136590661,1.3496234820505422
2020-08-04 12:00:00,1.0509699542802649,1.4244660086551764
2020-08-04 13:00:00,0.8627325080474675,1.3432511616611984
2020-08-04 14:00:00,1.027405541720381,1.246465592444403
2020-08-04 15:00:00,0.8815210989768685,1.0100236008741925
2020-08-04 16:00:00,1.0875515723926943,0.7580250749572197
2020-08-04 17:00:00,1.00716574918969,0.3194550558310971
2020-08-04 18:00:00,1.0361145255936028,0.011970981575438
2020-08-04 19:00:00,1.082940520586215,0.0156857600842297
2020-08-04 20:00:00,1.0767512727054334,0.0
2020-08-04 21:00:00,1.0284594820808035,0.0672799478172858
2020-08-04 22:00:00,1.0470895760847507,0.0400166397569048
2020-08-04 23:00:00,1.0917030239720202,0.0
2020-08-05 00:00:00,1.093689256815083,0.0117973612450717
2020-08-05 01:00:00,1.2232753236600256,0.0153191080146481
2020-08-05 02:00:00,1.1305312243630636,0.0840456038259361
2020-08-05 03:00:00,1.088488876540842,0.0
2020-08-05 04:00:00,1.2864305220240069,0.0
2020-08-05 05:00:00,1.217683583324313,0.0
2020-08-05 06:00:00,1.228642802308539,0.0082089968495363
2020-08-05 07:00:00,1.1694868971399224,0.38381778891404383
2020-08-05 08:00:00,1.0243611497249834,0.6965203186692928
2020-08-05 09:00:00,1.172774823176764,0.9994239610010778
2020-08-05 10:00:00,1.2422147232630767,1.2256475103656985
2020-08-05 11:00:00,1.2322886040668857,1.3830658290126188
2020-08-05 12:00:00,1.2624554569326727,1.3671980047973684
2020-08-05 13:00:00,1.2504245190198264,1.370963809474417
2020-08-05 14:00:00,1.303710212211414,1.167217202678671
2020-08-05 15:00:00,1.3364509812556324,0.9774632455779102
2020-08-05 16:00:00,1.273223251352774,0.6595377055380384
2020-08-05 17:00:00,1.3197033125408724,0.3533269187483909
2020-08-05 18:00:00,1.2245203951534656,0.0
2020-08-05 19:00:00,1.2991160218276572,0.0370890060340996
2020-08-05 20:00:00,1.4168769276897204,0.0218352872870135
2020-08-05 21:00:00,1.4597388890924372,0.0087202696302274
2020-08-05 22:00:00,1.313319449592546,0.0704075731984107
2020-08-05 23:00:00,1.4033221876992434,0.0487377940672144
2020-08-06 00:00:00,1.285432091024483,0.010290548345301
2020-08-06 01:00:00,1.2593647029311976,0.0286239393230994
2020-08-06 02:00:00,1.3544812308578256,0.0
2020-08-06 03:00:00,1.4243585011070508,0.0288079664871735
2020-08-06 04:00:00,1.333204302270012,0.0008827216301142
2020-08-06 05:00:00,1.3121694161693824,0.004745522765703
2020-08-06 06:00:00,1.4688435001516282,0.0
2020-08-06 07:00:00,1.2833977963772856,0.3778972910163375
2020-08-06 08:00:00,1.5309936960356099,0.7052707880710588
2020-08-06 09:00:00,1.3331235848398912,1.0075313737130995
2020-08-06 10:00:00,1.333600243469066,1.218293869401667
2020-08-06 11:00:00,1.3285390347562456,1.3862363582207233
2020-08-06 12:00:00,1.2465979631130637,1.3791444319274204
2020-08-06 13:00:00,1.3663252517722342,1.3171141174385173
2020-08-06 14:00:00,1.4105194840363326,1.2108566466329296
2020-08-06 15:00:00,1.3724936598475617,1.0346225491725223
2020-08-06 16:00:00,1.3926010908286797,0.6709069864836068
2020-08-06 17:00:00,1.2840226264647767,0.4053586125512179
2020-08-06 18:00:00,1.2326461514471754,0.0
2020-08-06 19:00:00,1.1472973291192317,0.0
2020-08-06 20:00:00,1.389318289420376,0.0
2020-08-06 21:00:00,1.3316434773286119,0.0
2020-08-06 22:00:00,1.2898792432219996,0.0
2020-08-06 23:00:00,1.3415858828157203,0.003173087082448
2020-08-07 00:00:00,1.2091034304382124,0.017401664468602
2020-08-07 01:00:00,1.2073429849311432,0.0239269055203866
2020-08-07 02:00:00,1.1915119665893232,0.0736036566320104
2020-08-07 03:00:00,1.2979040508790838,0.036030835379627
2020-08-07 04:00:00,1.2998287140624682,0.0229113316770784
2020-08-07 05:00:00,1.3215430207480874,0.0135820029853585
2020-08-07 06:00:00,1.201616244263516,0.07285160610415001
2020-08-07 07:00:00,1.2418432673789752,0.2914265441353136
2020-08-07 08:00:00,1.271681456871669,0.7178440731675206
2020-08-07 09:00:00,1.3466721794823298,1.0380619770088657
2020-08-07 10:00:00,1.1520300487689608,1.2709597036277385
2020-08-07 11:00:00,1.1443181356617256,1.4141142520896286
2020-08-07 12:00:00,1.1032540062378098,1.3812267186628855
2020-08-07 13:00:00,1.1768201807260512,1.4344818818738638
2020-08-07 14:00:00,1.0865713188011317,1.1947871763184925
2020-08-07 15:00:00,1.1079098258309854,1.036729829706791
2020-08-07 16:00:00,1.0973372115741022,0.7328862877102791
2020-08-07 17:00:00,1.139228198863489,0.3601499173204048
2020-08-07 18:00:00,1.1252591767985665,0.0719371091815184
2020-08-07 19:00:00,0.8946639493412172,0.0210876966037763
2020-08-07 20:00:00,0.9602226997998659,0.0390067500564701
2020-08-07 21:00:00,1.032614709113711,0.0
2020-08-07 22:00:00,1.013051606354342,0.0
2020-08-07 23:00:00,0.8800009266303763,0.0
2020-08-08 00:00:00,0.9619074432321144,0.0409517945422671
2020-08-08 01:00:00,1.0607121116934535,0.0253332579337112
2020-08-08 02:00:00,1.001195877450861,0.0
2020-08-08 03:00:00,0.8758636670337154,0.0220594864523354
2020-08-08 04:00:00,0.7999818893638234,0.010402811803447
2020-08-08 05:00:00,0.9501616309901426,0.0163491563126473
2020-08-08 06:00:00,0.7393976246798072,0.0182759148555952
2020-08-08 07:00:00,0.7799696162248196,0.3742336986504059
2020-08-08 08:00:00,0.9244702263337699,0.7353365548830493
2020-08-08 09:00:00,0.7207350107369802,1.010664318184755
2020-08-08 10:00:00,0.8366390349887936,1.2440479066545622
2020-08-08 11:00:00,0.8558398865337,1.3335758410862644
2020-08-08 12:00:00,0.71357955527246,1.347550157255331
2020-08-08 13:00:00,0.8164550837479616,1.3376584808499157
2020-08-08 14:00:00,0.8098189206266346,1.216850839386844
2020-08-08 15:00:00,0.6727658408457933,0.9745548816326377
2020-08-08 16:00:00,0.5927864751995866,0.6520101172385165
2020-08-08 17:00:00,0.4962179621307996,0.3128546441879883
2020-08-08 18:00:00,0.6533452598038096,0.0169075880087985
2020-08-08 19:00:00,0.6934547101114863,0.0
2020-08-08 20:00:00,0.6774536808999991,0.061267070289054
2020-08-08 21:00:00,0.6476817111335722,0.0011099940071722
2020-08-08 22:00:00,0.544368897394483,0.0
2020-08-08 23:00:00,0.6259120792387523,0.0808945396017088
2020-08-09 00:00:00,0.63778000422601,0.015572198307868101
2020-08-09 01:00:00,0.5027406978796769,0.0
2020-08-09 02:00:00,0.44389056278931993,0.006754191598744
2020-08-09 03:00:00,0.5932371116961964,0.0029145527045957
2020-08-09 04:00:00,0.5348284306438281,0.0026860527474251
2020-08-09 05:00:00,0.6965246148519112,0.0
2020-08-09 06:00:00,0.4353732823176797,0.0031339069630276
2020-08-09 07:00:00,0.537805840081041,0.2628359303690304
2020-08-09 08:00:00,0.6197714969629101,0.7240032388606433
2020-08-09 09:00:00,0.5355048891775211,0.9168786858340494
2020-08-09 10:00:00,0.5461953255034936,1.1895394875399148
2020-08-09 11:00:00,0.4747649935965826,1.2787795009927874
2020-08-09 12:00:00,0.555028557012565,1.3773979212116787
2020-08-09 13:00:00,0.5024044972762496,1.3968379439839782
2020-08-09 14:00:00,0.49483318584105307,1.212770826630126
2020-08-09 15:00:00,0.4277413593343285,0.9680186564872659
2020-08-09 16:00:00,0.674994971875721,0.7448272594629517
2020-08-09 17:00:00,0.5381564723254713,0.37877571717210823
2020-08-09 18:00:00,0.4926723614841195,0.0071584950674002
2020-08-09 19:00:00,0.6712699574197828,0.0
2020-08-09 20:00:00,0.5186649032617145,0.0230359101553324
2020-08-09 21:00:00,0.6329447872955705,0.0126044986312201
2020-08-09 22:00:00,0.5390766758831174,0.0500457645202165
2020-08-09 23:00:00,0.5267527234962902,0.0
2020-08-10 00:00:00,0.6081060205076848,0.06622492668821
2020-08-10 01:00:00,0.535596300939756,0.0820959116678945
2020-08-10 02:00:00,0.45634105850231343,0.0
2020-08-10 03:00:00,0.5076795103900549,0.0167433618456012
2020-08-10 04:00:00,0.44578558426707215,0.030024362707911402
2020-08-10 05:00:00,0.5949579818784383,0.0172128130480069
2020-08-10 06:00:00,0.5155506508458798,0.024375973633054
2020-08-10 07:00:00,0.6611789195471836,0.3045068996593037
2020-08-10 08:00:00,0.611586275037889,0.7039856540658507
2020-08-10 09:00:00,0.470083576307056,0.9625342050762528
2020-08-10 10:00:00,0.7100890266103761,1.220827523664327
2020-08-10 11:00:00,0.4553737503799566,1.3114908873562643
2020-08-10 12:00:00,0.6028883784548416,1.4493308356018275
2020-08-10 13:00:00,0.6140654471556299,1.3177611908732056
2020-08-10 14:00:00,0.6432983904418761,1.3092008613023909
2020-08-10 15:00:00,0.7159583653619056,0.9557929407260923
2020-08-10 16:00:00,0.6284592000225847,0.6879522748197409
2020-08-10 17:00:00,0.8086756592432065,0.36165633179265144
2020-08-10 18:00:00,0.7360986729164356,0.0
2020-08-10 19:00:00,0.5779621819616726,0.0215771819654475
2020-08-10 20:00:00,0.6323488850190927,0.0325516515423572
2020-08-10 21:00:00,0.6479477406610521,0.0391829071045985
2020-08-10 22:00:00,0.7051142084203954,0.031492947379984704
2020-08-10 23:00:00,0.7811827624769723,0.0380416706520035
2020-08-11 00:00:00,0.7128505594004052,0.0
2020-08-11 01:00:00,0.7079977123440093,0.0173696193973328
2020-08-11 02:00:00,0.7947732334553833,0.0365259754038466
2020-08-11 03:00:00,0.7857615427948275,0.0131184564807376
2020-08-11 04:00:00,0.849460129614181,0.0047197093000842
2020-08-11 05:00:00,0.7223679492150218,0.012497203121204802
2020-08-11 06:00:00,0.7804843034992772,0.0
2020-08-11 07:00:00,0.8274514732390359,0.3407579399598943
2020-08-11 08:00:00,0.9324453016437302,0.7165457343461711
2020-08-11 09:00:00,0.8911338332270995,0.9541280856015233
2020-08-11 10:00:00,0.947758200620897,1.24553873968627
2020-08-11 11:00:00,0.8928457108462747,1.3842935079714296
2020-08-11 12:00:00,0.9155120597742654,1.422447345198349
2020-08-11 13:00:00,0.9328181703757782,1.2985727836311018
2020-08-11 14:00:00,1.0730330686491905,1.1805834006097182
2020-08-11 15:00:00,0.9669540577381843,0.9975153414297899
2020-08-11 16:00:00,1.0348176053796303,0.6547068176695607
2020-08-11 17:00:00,1.0946227257616727,0.4111658404865827
2020-08-11 18:00:00,1.0565355916771981,0.0301135163423586
2020-08-11 19:00:00,0.9187194157658949,0.0689176730641074
2020-08-11 20:00:00,1.1220941143747805,0.0092921819765934
2020-08-11 21:00:00,0.9078858472780629,0.0
2020-08-11 22:00:00,1.184343722384089,0.0
2020-08-11 23:00:00,1.1594130751727525,0.0275397285688611
2020-08-12 00:00:00,1.3104760324984346,0.0141208866942982
2020-08-12 01:00:00,1.0740569390299735,0.0
2020-08-12 02:00:00,1.113694648894704,0.0
2020-08-12 03:00:00,1.160301920828207,0.0324161711657153
2020-08-12 04:00:00,1.2258299153493484,0.042539260900585296
2020-08-12 05:00:00,1.14431063153094,0.0
2020-08-12 06:00:00,1.09887291729734,0.0107105265631831
2020-08-12 07:00:00,1.3047082225028594,0.3519498036297988
2020-08-12 08:00:00,1.2802714373852633,0.7125366266878119
2020-08-12 09:00:00,1.2211354882409773,0.9452523736436809
2020-08-12 10:00:00,1.2528666009662441,1.2073801630007304
2020-08-12 11:00:00,1.2135723657428958,1.281297923472236
2020-08-12 12:00:00,1.3209778656943927,1.398327809076004
2020-08-12 13:00:00,1.107055449093351,1.365459446389058
2020-08-12 14:00:00,1.4074379210275116,1.1577608280405867
2020-08-12 15:00:00,1.1553404679510275,0.9534815623516668
2020-08-12 16:00:00,1.3015896683230748,0.71225873716915
2020-08-12 17:00:00,1.2679654213850666,0.40230632918882203
2020-08-12 18:00:00,1.2605812633054378,0.08082361365360821
2020-08-12 19:00:00,1.3683718842865642,0.0
2020-08-12 20:00:00,1.2853929660433807,0.0362459057551273
2020-08-12 21:00:00,1.3527224166011071,0.0001751053118258
2020-08-12 22:00:00,1.2762691224815932,0.028204131582488898
2020-08-12 23:00:00,1.2302258464893618,0.0327699650183121
2020-08-13 00:00:00,1.3337813272464907,0.0
2020-08-13 01:00:00,1.3458977541857298,0.0234877696047041
2020-08-13 02:00:00,1.2494565919489915,0.032288988230522196
2020-08-13 03:00:00,1.3257612243779329,0.0217131749626626
2020-08-13 04:00:00,1.4182211791812627,0.0
2020-08-13 05:00:00,1.4030531222686877,0.0
2020-08-13 06:00:00,1.4500673702348794,0.0
2020-08-13 07:00:00,1.3783605500390164,0.36140501817656456
2020-08-13 08:00:00,1.1836382931401896,0.7623150669036913
2020-08-13 09:00:00,1.2681780995282557,0.9444845639935637
2020-08-13 10:00:00,1.351314040741069,1.1990658509768652
2020-08-13 11:00:00,1.389945673378611,1.3411064227075429
2020-08-13 12:00:00,1.3329638130048873,1.312320664873703
2020-08-13 13:00:00,1.1720005747507847,1.2931244219499605
2020-08-13 14:00:00,1.356069485085651,1.1552619808669304
2020-08-13 15:00:00,1.5006874649999862,0.9806976972376307
2020-08-13 16:00:00,1.2895734016141291,0.7085770968805596
2020-08-13 17:00:00,1.2300976671519575,0.2983555120329044
2020-08-13 18:00:00,1.28494277125306,0.0
2020-08-13 19:00:00,1.2580563310425001,0.031287475552537
2020-08-13 20:00:00,1.4016912013045055,0.0298046119888396
2020-08-13 21:00:00,1.4393322533377462,0.0033640237300101
2020-08-13 22:00:00,1.3069977263673045,0.0069935771491133
2020-08-13 23:00:00,1.4998637436251023,0.0
2020-08-14 00:00:00,1.2801018662663335,0.0
2020-08-14 01:00:00,1.1913517707435237,0.0348859438754186
2020-08-14 02:00:00,1.309735279199025,0.0
2020-08-14 03:00:00,1.2570747327867733,0.0199781895724238
2020-08-14 04:00:00,1.177281778210513,0.0012499836628427
2020-08-14 05:00:00,1.1674109227893625,0.0040762915271803
2020-08-14 06:00:00,1.2040257505562262,0.0232682758304775
2020-08-14 07:00:00,1.0636152667365844,0.3042777335126407
2020-08-14 08:00:00,1.1139560802535562,0.7092850824820953
2020-08-14 09:00:00,1.2160965263515577,1.0541543058122147
2020-08-14 10:00:00,1.2725095330625396,1.2099266920544425
2020-08-14 11:00:00,1.1235673714579095,1.336489798491801
2020-08-14 12:00:00,1.009638473750199,1.3317992893348478
2020-08-14 13:00:00,1.0690054780985627,1.3247410401106423
2020-08-14 14:00:00,1.1919080413564838,1.1959374572964547
2020-08-14 15:00:00,1.0626098540262228,1.0093439746586115
2020-08-14 16:00:00,1.0137107805594832,0.6564023387061192
2020-08-14 17:00:00,1.0580795809265973,0.375604055504208
2020-08-14 18:00:00,1.0062292446261667,0.0254676865075807
2020-08-14 19:00:00,0.9748578940217523,0.0
2020-08-14 20:00:00,1.069976346877608,0.0560595850854603
2020-08-14 21:00:00,0.9032038356333514,0.0
2020-08-14 22:00:00,0.8266485744942185,0.0
2020-08-14 23:00:00,1.0141589588537037,0.0030269751272818
2020-08-15 00:00:00,0.8577685703964266,0.0431157269698219
2020-08-15 01:00:00,0.7856741863041279,0.0049549694776747
2020-08-15 02:00:00,0.9613615719916078,0.0023141426155219
2020-08-15 03:00:00,0.8222069244622441,0.0
2020-08-15 04:00:00,0.9342988987035803,0.0180896459522838
2020-08-15 05:00:00,0.7787234803395071,0.0369713324559053
2020-08-15 06:00:00,0.779223018222694,0.0
2020-08-15 07:00:00,0.6531730370102564,0.3723455101326432
2020-08-15 08:00:00,0.6697118118934682,0.7333777972409242
2020-08-15 09:00:00,0.8600770077888729,1.0082309018394244
2020-08-15 10:00:00,0.7296682321570604,1.231689987508142
2020-08-15 11:00:00,0.7083475239759993,1.3199163196720696
2020-08-15 12:00:00,0.7553998280729941,1.33567655255077
2020-08-15 13:00:00,0.669160485085395,1.3859501544403192
2020-08-15 14:00:00,0.6183470075407109,1.2241787391840602
2020-08-15 15:00:00,0.6841919769625333,0.9486969478997401
2020-08-15 16:00:00,0.7011088997102974,0.7255703782534726
2020-08-15 17:00:00,0.7294863107029101,0.3868266894421678
2020-08-15 18:00:00,0.7417259275231576,0.0250245886211052
2020-08-15 19:00:00,0.6665723628379052,0.0316395712119346
2020-08-15 20:00:00,0.6224151215068413,0.016282952373805
2020-08-15 21:00:00,0.5779997098870675,0.0294824301003499
2020-08-15 22:00:00,0.6627136200549191,0.0641896379333389
2020-08-15 23:00:00,0.6805938426705125,0.0
2020-08-16 00:00:00,0.553655323361642,0.050968977408501995
2020-08-16 01:00:00,0.5334947924913712,0.0003728989888539
2020-08-16 02:00:00,0.5777942863814115,0.0192124278052064
2020-08-16 03:00:00,0.5091410674851097,0.0334846917105745
2020-08-16 04:00:00,0.4382590139568178,0.016410598767896502
2020-08-16 05:00:00,0.6300969226279688,0.0109994552268356
2020-08-16 06:00:00,0.4457099076885559,0.0065751210834203
2020-08-16 07:00:00,0.4987138451629257,0.3569205370849364
2020-08-16 08:00:00,0.4171556675011724,0.6297997154351237
2020-08-16 09:00:00,0.5847775191614663,1.0188733276371778
2020-08-16 10:00:00,0.4353720931048049,1.0966875597563406
2020-08-16 11:00:00,0.4516147674392483,1.381364695007082
2020-08-16 12:00:00,0.5867165210351696,1.348865410252185
2020-08-16 13:00:00,0.5205505889871818,1.396921309393034
2020-08-16 14:00:00,0.4405422360201418,1.0971165328859396
2020-08-16 15:00:00,0.41064713748782367,0.9607899600913152
2020-08-16 16:00:00,0.4603664741984066,0.6442366832238899
2020-08-16 17:00:00,0.4254817120686129,0.3471847712700402
2020-08-16 18:00:00,0.5718286006360013,0.059251586173275
2020-08-16 19:00:00,0.4678797971372803,0.06676838682131711
2020-08-16 20:00:00,0.5368123260392059,0.0156317235359197
2020-08-16 21:00:00,0.5627951572669843,0.0094690448528009
2020-08-16 22:00:00,0.43479937017446224,0.0
2020-08-16 23:00:00,0.4627118537318954,0.0
2020-08-17 00:00:00,0.5336146725184233,0.0
2020-08-17 01:00:00,0.5135759233616087,0.0690618129937476
2020-08-17 02:00:00,0.4838358663120038,0.0576078717100694
2020-08-17 03:00:00,0.5292834184471717,0.011316632125153499
2020-08-17 04:00:00,0.44988207084458687,0.046428065254810004
2020-08-17 05:00:00,0.48015925935751347,0.0320787601276316
2020-08-17 06:00:00,0.4849148193980279,0.0245875188364201
2020-08-17 07:00:00,0.6366796432285965,0.40859343162266715
2020-08-17 08:00:00,0.5638517815523749,0.680236527627146
2020-08-17 09:00:00,0.5821539624904114,0.9808454862979659
2020-08-17 10:00:00,0.5680433204741355,1.194707840101378
2020-08-17 11:00:00,0.5144704359116556,1.3165832192684852
2020-08-17 12:00:00,0.653046111295742,1.3890178558446962
2020-08-17 13:00:00,0.5430336116450466,1.3641986874984449
2020-08-17 14:00:00,0.4902032813510224,1.1917564995460643
2020-08-17 15:00:00,0.5241890371498945,0.909352510356187
2020-08-17 16:00:00,0.6358776646133404,0.641102749047644
2020-08-17 17:00:00,0.622006605952043,0.3218574760311914
2020-08-17 18:00:00,0.6310975164714534,0.048977113055973
2020-08-17 19:00:00,0.6774833647306642,0.0
2020-08-17 20:00:00,0.7404704221435653,0.0406747939557319
2020-08-17 21:00:00,0.8553805001019401,0.0079066250590952
2020-08-17 22:00:00,0.7488917534390424,0.0
2020-08-17 23:00:00,0.6491500740647285,0.0252111792696609
2020-08-18 00:00:00,0.8199577511062313,0.0011295826471885
2020-08-18 01:00:00,0.7544731457759387,0.0477156345915222
2020-08-18 02:00:00,0.8645166504778539,0.0202505269632548
2020-08-18 03:00:00,0.855641248026344,0.0546466791982566
2020-08-18 04:00:00,0.7299986058379324,0.0155732557502116
2020-08-18 05:00:00,0.8446223341255132,0.09070884620661909
2020-08-18 06:00:00,0.9714281297596952,0.0
2020-08-18 07:00:00,0.6443726198858423,0.3280607076990993
2020-08-18 08:00:00,0.9376361241607378,0.7048614093513202
2020-08-18 09:00:00,0.9012041310282621,0.9943085773075406
2020-08-18 10:00:00,0.9457380449319016,1.1834143107749826
2020-08-18 11:00:00,1.0189059268711005,1.3037435493635467
2020-08-18 12:00:00,0.8477888111003178,1.4195644737196593
2020-08-18 13:00:00,0.9010487195085185,1.3163824157945723
2020-08-18 14:00:00,1.0024409656829942,1.2203348550074475
2020-08-18 15:00:00,1.0878285794237588,0.9540865940139303
2020-08-18 16:00:00,0.99102607183181,0.5938996307251734
2020-08-18 17:00:00,1.0126651813542682,0.3777552426869752
2020-08-18 18:00:00,1.0031943061966515,0.0172623709971616
2020-08-18 19:00:00,0.9531869122742873,0.0213864468153162
2020-08-18 20:00:00,0.8246157707992265,0.0068384934442322
2020-08-18 21:00:00,1.094751159799514,0.0274606232339757
2020-08-18 22:00:00,1.0016754593367658,0.0339147372669085
2020-08-18 23:00:00,1.2253684647265093,0.033093654731145
2020-08-19 00:00:00,1.0132935368800307,0.0388966318902596
2020-08-19 01:00:00,1.297835585253479,0.0264593275707245
2020-08-19 02:00:00,1.2105936032021662,0.0170138596358836
2020-08-19 03:00:00,1.1347894525869717,0.0207183740242088
2020-08-19 04:00:00,1.074482704960348,0.0
2020-08-19 05:00:00,1.1406799410899922,0.0099391116116022
2020-08-19 06:00:00,1.1456687909807912,0.043719140562556394
2020-08-19 07:00:00,1.2581904584232986,0.3437559957857222
2020-08-19 08:00:00,1.2082669216622757,0.6282673233260159
2020-08-19 09:00:00,1.2320275245776489,0.9865665675484192
2020-08-19 10:00:00,1.1698816015324134,1.0982149241735795
2020-08-19 11:00:00,1.2074476199041242,1.3270293111340965
2020-08-19 12:00:00,1.1895993304621733,1.3416898932473384
2020-08-19 13:00:00,1.2978866350643854,1.2932821057410484
2020-08-19 14:00:00,0.998947007848865,1.1618996541152369
2020-08-19 15:00:00,1.197465883556362,1.0307516581681704
2020-08-19 16:00:00,1.251967283411342,0.7132734497446078
2020-08-19 17:00:00,1.3406206820510662,0.3892607298503629
2020-08-19 18:00:00,1.3186598015274016,0.0210284201182891
2020-08-19 19:00:00,1.1877495557469606,0.0164292944725837
2020-08-19 20:00:00,1.421740815862761,0.0070074937193567
2020-08-19 21:00:00,1.1505148507225496,0.0175907098905176
2020-08-19 22:00:00,1.2692567948679385,0.0
2020-08-19 23:00:00,1.331371148955522,0.0141206528372182
2020-08-20 00:00:00,1.3064389109715764,0.0
2020-08-20 01:00:00,1.3619689108084871,0.0392619845737619
2020-08-20 02:00:00,1.404996177184262,0.0032706354340694
2020-08-20 03:00:00,1.4475233370229668,0.0169161522806883
2020-08-20 04:00:00,1.4796161005827189,0.0
2020-08-20 05:00:00,1.4336826628025863,0.0
2020-08-20 06:00:00,1.3921749562128714,0.0
2020-08-20 07:00:00,1.2421898020012132,0.3397300941012665
2020-08-20 08:00:00,1.3520302274518028,0.6328702004954782
2020-08-20 09:00:00,1.2571802479220888,0.9570085063455562
2020-08-20 10:00:00,1.3269949976804363,1.134426891827836
2020-08-20 11:00:00,1.2846466541026187,1.3105304145733538
2020-08-20 12:00:00,1.29074096715308,1.3471940661696584
2020-08-20 13:00:00,1.3386744509232358,1.3576087833963464
2020-08-20 14:00:00,1.4795880108644108,1.0616532557655312
2020-08-20 15:00:00,1.318324252286962,0.9052838757785515
2020-08-20 16:00:00,1.3216193546096036,0.7045586302140513
2020-08-20 17:00:00,1.2474277864742194,0.31728075380994014
2020-08-20 18:00:00,1.2996733240416458,0.049766643634400295
2020-08-20 19:00:00,1.3497855426211132,0.0093049246557335
2020-08-20 20:00:00,1.2193906384654065,0.041561400294786305
2020-08-20 21:00:00,1.1420772665554606,0.0
2020-08-20 22:00:00,1.307419838745211,0.0211418131292239
2020-08-20 23:00:00,1.2602432009648243,0.0771077531166094
2020-08-21 00:00:00,1.2213958465873143,0.0436441683754456
2020-08-21 01:00:00,1.2554024605948542,0.0533003036917923
2020-08-21 02:00:00,1.2409910358291967,0.0
2020-08-21 03:00:00,1.2933733431378092,0.015447410768358
2020-08-21 04:00:00,1.1830449483176615,0.0005011500582721
2020-08-21 05:00:00,1.1351954986878865,0.045089115000833103
2020-08-21 06:00:00,1.2994679428236804,0.0175227553044828
2020-08-21 07:00:00,1.272221887086098,0.3165634602766436
2020-08-21 08:00:00,1.273992502102499,0.700246512579044
2020-08-21 09:00:00,1.0521708235618055,0.9232912109360009
2020-08-21 10:00:00,1.153792148321753,1.2179728569732418
2020-08-21 11:00:00,1.0629068420636898,1.308230280854284
2020-08-21 12:00:00,1.218549756061258,1.285432343796767
2020-08-21 13:00:00,1.0356453135908992,1.328815817113445
2020-08-21 14:00:00,0.9777293474809312,1.1756072809461604
2020-08-21 15:00:00,1.0161287692596046,0.8885486924767727
2020-08-21 16:00:00,1.1499063971609425,0.714902666690823
2020-08-21 17:00:00,0.8921147701121844,0.4257565535557552
2020-08-21 18:00:00,1.089305008267102,0.011671048665390501
2020-08-21 19:00:00,0.8313093908273534,0.0
2020-08-21 20:00:00,0.9743488408986085,0.0278673155784761
2020-08-21 21:00:00,1.0611225095906898,0.0
2020-08-21 22:00:00,0.94276674862549,0.0212721508006295
2020-08-21 23:00:00,0.8500764219412148,0.0307145579185244
2020-08-22 00:00:00,0.8577423042493695,0.0
2020-08-22 01:00:00,0.7688088031433776,0.0
2020-08-22 02:00:00,0.943881130773629,0.0566703122102133
2020-08-22 03:00:00,0.9064321487891509,0.013688674983460599
2020-08-22 04:00:00,0.7727529363034995,0.0021992954122176
2020-08-22 05:00:00,0.9289530004424729,0.0
2020-08-22 06:00:00,0.8802581778106398,0.0002745879466258
2020-08-22 07:00:00,0.7363609596893288,0.3784215445263857
2020-08-22 08:00:00,0.7872192814148365,0.6388381242781742
2020-08-22 09:00:00,0.7683924348429045,0.9374814006998562
2020-08-22 10:00:00,0.6748650991873737,1.19078787465916
2020-08-22 11:00:00,0.8717436766430379,1.2907503985368383
2020-08-22 12:00:00,0.6178518497304901,1.3854183242660352
2020-08-22 13:00:00,0.5741806540064998,1.3534950253032896
2020-08-22 14:00:00,0.8402685417692264,1.2304175004996034
2020-08-22 15:00:00,0.584362657724569,0.9912310267070333
2020-08-22 16:00:00,0.6775635299730982,0.7631388354337572
2020-08-22 17:00:00,0.5834917357004968,0.37317070018033327
2020-08-22 18:00:00,0.7287054323634323,0.1085262334676107
2020-08-22 19:00:00,0.6426685376486692,0.0326545499544667
2020-08-22 20:00:00,0.6500448566266335,0.0196317828614032
2020-08-22 21:00:00,0.7572781025398667,0.0
2020-08-22 22:00:00,0.5008448497022825,0.0154930591147712
2020-08-22 23:00:00,0.557983831212975,0.0556591557892312
2020-08-23 00:00:00,0.6600714412401193,0.0
2020-08-23 01:00:00,0.6904346176312011,0.0
2020-08-23 02:00:00,0.5527209058677396,0.0115530386852587
2020-08-23 03:00:00,0.5931914228145165,0.0195446122204144
2020-08-23 04:00:00,0.6867479772116541,0.0
2020-08-23 05:00:00,0.673224024703629,0.0
2020-08-23 06:00:00,0.6636373414475059,0.0145374301425658
2020-08-23 07:00:00,0.637782675833283,0.359357010665781
2020-08-23 08:00:00,0.6655204371509356,0.6604392991597348
2020-08-23 09:00:00,0.4945306362486851,0.9736704471035447
2020-08-23 10:00:00,0.4760573342455252,1.1483854552290187
2020-08-23 11:00:00,0.6045678442546235,1.3725759219858387
2020-08-23 12:00:00,0.5522955208889145,1.2408359241978861
2020-08-23 13:00:00,0.5253723413233142,1.2244387890971424
2020-08-23 14:00:00,0.4975789850202711,1.158367670799076
2020-08-23 15:00:00,0.5518276143293304,0.9183093395693172
2020-08-23 16:00:00,0.5072780070523606,0.6429434188144253
2020-08-23 17:00:00,0.480851790849538,0.35489859705478666
2020-08-23 18:00:00,0.516630929963812,0.0173454468314972
2020-08-23 19:00:00,0.4396942380931709,0.0545562169106022
2020-08-23 20:00:00,0.5620511294710878,0.0
2020-08-23 21:00:00,0.5238523847977226,0.0064236916303041
2020-08-23 22:00:00,0.4775464604992877,0.0
2020-08-23 23:00:00,0.4613090325853137,0.0361680605558265
2020-08-24 00:00:00,0.6501962209787526,0.0166807182306614
2020-08-24 01:00:00,0.5736768724655141,0.0
2020-08-24 02:00:00,0.40799181173835847,0.0102186422543572
2020-08-24 03:00:00,0.654308470823175,0.0714069857876631
2020-08-24 04:00:00,0.5417011092927205,0.0253594105373901
2020-08-24 05:00:00,0.6255399553165306,0.0008249293354938
2020-08-24 06:00:00,0.43012147078529384,0.024303557604030503
2020-08-24 07:00:00,0.6028030334012193,0.316472586787953
2020-08-24 08:00:00,0.5467433068364176,0.6252937395507127
2020-08-24 09:00:00,0.4280626051963255,1.0123402124138172
2020-08-24 10:00:00,0.5012562306653048,1.1508782016376502
2020-08-24 11:00:00,0.4504306724385819,1.2592639408222197
2020-08-24 12:00:00,0.587161790503361,1.2628251951875626
2020-08-24 13:00:00,0.6012737943545499,1.2246816069766913
2020-08-24 14:00:00,0.6452956062175472,1.0960769517818258
2020-08-24 15:00:00,0.5186337488654298,0.9444129369321518
2020-08-24 16:00:00,0.5749672996231863,0.6711564921741
2020-08-24 17:00:00,0.5692004399898877,0.3792467686867591
2020-08-24 18:00:00,0.7249050056489085,0.0798097039120496
2020-08-24 19:00:00,0.6685554425020874,0.0635192100276106
2020-08-24 20:00:00,0.6896658568529903,0.0
2020-08-24 21:00:00,0.6824225597161147,0.0
2020-08-24 22:00:00,0.773793456198788,0.0059778590680252
2020-08-24 23:00:00,0.555532835002951,0.0
2020-08-25 00:00:00,0.5775454224819032,0.0254512375432043
2020-08-25 01:00:00,0.761165767931081,0.048705421346685304
2020-08-25 02:00:00,0.7183242944505225,0.0
2020-08-25 03:00:00,0.7922050457182364,0.008326911870699
2020-08-25 04:00:00,0.7935713205842102,0.0485333733069678
2020-08-25 05:00:00,0.7296596206188416,0.0
2020-08-25 06:00:00,0.8575789916675787,0.0023162668583438
2020-08-25 07:00:00,0.8562200843936678,0.3725534460026153
2020-08-25 08:00:00,0.8628626604228549,0.7428245125308746
2020-08-25 09:00:00,0.7485805016930773,1.0018148659121306
2020-08-25 10:00:00,0.7273577726624303,1.129623608147438
2020-08-25 11:00:00,0.9048202226230062,1.2654203726415978
2020-08-25 12:00:00,0.9015288190088162,1.324178480724433
2020-08-25 13:00:00,1.002370920346448,1.3224156327543548
2020-08-25 14:00:00,0.9271265584438952,1.1130739246208359
2020-08-25 15:00:00,0.9889591326691212,0.9309786540991116
2020-08-25 16:00:00,0.869491863339107,0.6883135327767498
2020-08-25 17:00:00,0.792848480262905,0.3487918448314523
2020-08-25 18:00:00,0.9287829637430307,0.0336816337101583
2020-08-25 19:00:00,1.074574983996318,0.0214094377966297
2020-08-25 20:00:00,0.9918396509958662,0.0338762577447518
2020-08-25 21:00:00,0.8888247211238891,0.0586647925427487
2020-08-25 22:00:00,1.094486454800053,0.0484756288900324
2020-08-25 23:00:00,1.0934800967997669,0.0433915660827909
2020-08-26 00:00:00,1.0786575117014747,0.028890136883443197
2020-08-26 01:00:00,1.035087444972957,0.0
2020-08-26 02:00:00,1.0552345976722668,0.0313369855720212
2020-08-26 03:00:00,1.1903438375700894,0.047855346924063596
2020-08-26 04:00:00,1.010845992830166,0.0150777894082499
2020-08-26 05:00:00,1.1128337472585665,0.0137859095260529
2020-08-26 06:00:00,1.1988763412254688,0.06679603557343819
2020-08-26 07:00:00,1.280506880558944,0.3550286329004789
2020-08-26 08:00:00,1.0466458539295345,0.6531035377679196
2020-08-26 09:00:00,1.0865915668522654,0.9321190999465843
2020-08-26 10:00:00,1.1920051204098687,1.1993221969986032
2020-08-26 11:00:00,1.2467175913647202,1.307484544387776
2020-08-26 12:00:00,1.134770022030294,1.2542012928773045
2020-08-26 13:00:00,1.3626618387219038,1.2818420062865288
2020-08-26 14:00:00,1.2033618655959368,1.142294992946407
2020-08-26 15:00:00,1.190769926111748,0.8728912628117909
2020-08-26 16:00:00,1.1091378863269177,0.6358249917943558
2020-08-26 17:00:00,1.3186869190436377,0.3283181609942576
2020-08-26 18:00:00,1.2114279937217074,0.0
2020-08-26 19:00:00,1.3300708686627578,0.0472859490225341
2020-08-26 20:00:00,1.1931311793134565,0.0349793599402826
2020-08-26 21:00:00,1.3746376708493582,0.0
2020-08-26 22:00:00,1.3619471469227566,0.0
2020-08-26 23:00:00,1.3131442849013406,0.0205792528862833
2020-08-27 00:00:00,1.2358562334104042,0.0
2020-08-27 01:00:00,1.3481894318917294,0.0
2020-08-27 02:00:00,1.2592533483404917,0.061735426942227896
2020-08-27 03:00:00,1.404012606172326,0.014521435590803
2020-08-27 04:00:00,1.475563993428664,0.0192965601160047
2020-08-27 05:00:00,1.2652517661322151,0.0
2020-08-27 06:00:00,1.2832242855791047,0.0
2020-08-27 07:00:00,1.3750942184299517,0.37111701331890257
2020-08-27 08:00:00,1.2346067557879241,0.6659774486332675
2020-08-27 09:00:00,1.221585472229176,0.9469156718011291
2020-08-27 10:00:00,1.2520501046443477,1.163803225201146
2020-08-27 11:00:00,1.2933244147869898,1.2639806146882089
2020-08-27 12:00:00,1.225388074472105,1.3526254769408
2020-08-27 13:00:00,1.2336205379233893,1.214601832237253
2020-08-27 14:00:00,1.2024991481227247,1.144100791671049
2020-08-27 15:00:00,1.3012968901276842,0.9405474210968124
2020-08-27 16:00:00,1.182954376742228,0.7172002995023149
2020-08-27 17:00:00,1.2003297507688426,0.338602144877184
2020-08-27 18:00:00,1.2931811426678501,0.0241416927287163
2020-08-27 19:00:00,1.1325874856643368,0.0
2020-08-27 20:00:00,1.1555590731585275,0.0235853324553387
2020-08-27 21:00:00,1.2538214767864018,0.0072009623234988
2020-08-27 22:00:00,1.3527029983464005,0.0048616486408717
2020-08-27 23:00:00,1.1843136276620503,0.0254420182687713
2020-08-28 00:00:00,1.2167131022201334,0.0
2020-08-28 01:00:00,1.2423944500135489,0.0351791758437856
2020-08-28 02:00:00,1.198779817191807,0.0096414957739302
2020-08-28 03:00:00,1.1563070557098882,0.0088218472542979
2020-08-28 04:00:00,1.2163821167293485,0.0056933253583218
2020-08-28 05:00:00,1.2256799849566267,0.0
2020-08-28 06:00:00,1.3090223358860824,0.032817701218218504
2020-08-28 07:00:00,1.1271738533786417,0.32901808832336776
2020-08-28 08:00:00,0.9967871658982318,0.7060264380622405
2020-08-28 09:00:00,1.106554427562979,0.9722899320742235
2020-08-28 10:00:00,1.1569317948254325,1.1111923633446732
2020-08-28 11:00:00,1.1045899381101856,1.3045909981356125
2020-08-28 12:00:00,0.9796333061701087,1.3221950922063257
2020-08-28 13:00:00,0.9422298978791699,1.2858518270139543
2020-08-28 14:00:00,1.2090867691118206,1.1364489352480798
2020-08-28 15:00:00,1.1656828970784034,0.9594617720085341
2020-08-28 16:00:00,1.1935042672843341,0.7057959457742646
2020-08-28 17:00:00,1.1170405274643365,0.3329968991257518
2020-08-28 18:00:00,0.9759188222193604,0.0443462920047441
2020-08-28 19:00:00,1.0691449765498382,0.0
2020-08-28 20:00:00,0.8930268957143797,0.0420654591697737
2020-08-28 21:00:00,0.9226602245369687,0.0969981861002579
2020-08-28 22:00:00,0.8541286766804554,0.0523029616274406
2020-08-28 23:00:00,0.7390760560335583,0.035671100684709
2020-08-29 00:00:00,0.8472989271477267,0.0154691402817102
2020-08-29 01:00:00,0.8593602075314766,0.0798824000921528
2020-08-29 02:00:00,0.8108059894005448,0.0
2020-08-29 03:00:00,0.9237885415925777,0.0199438345634507
2020-08-29 04:00:00,0.8041061747986151,0.006575753167061
2020-08-29 05:00:00,0.8828133747550548,0.0427822137597976
2020-08-29 06:00:00,0.6591606621245906,0.0237625577473235
2020-08-29 07:00:00,0.8666379075754598,0.317065034777968
2020-08-29 08:00:00,0.7641086304393342,0.6051413293895368
2020-08-29 09:00:00,0.817440707365229,1.0180103493817627
2020-08-29 10:00:00,0.7214549702178176,1.1168858015275351
2020-08-29 11:00:00,0.6902607588172345,1.2999791492327049
2020-08-29 12:00:00,0.6961461244294908,1.3059818202799118
2020-08-29 13:00:00,0.7645548058040341,1.3247848522561876
2020-08-29 14:00:00,0.6158062313822166,1.1238373728506108
2020-08-29 15:00:00,0.6015060211625589,0.9745220488939836
2020-08-29 16:00:00,0.7367604912883706,0.6557990096909609
2020-08-29 17:00:00,0.6797425637303137,0.3290193909276054
2020-08-29 18:00:00,0.7576334066276786,0.0
2020-08-29 19:00:00,0.6782167073622806,0.0105918427494011
2020-08-29 20:00:00,0.4824338930543536,0.0
2020-08-29 21:00:00,0.743739166047389,0.0987689130038559
2020-08-29 22:00:00,0.5828213483476373,0.0353589160295666
2020-08-29 23:00:00,0.5099275185787785,0.0020421920536507
2020-08-30 00:00:00,0.6418423846854004,0.0
2020-08-30 01:00:00,0.5850629962096803,0.0436868586425454
2020-08-30 02:00:00,0.5827565914736124,0.0224850634302656
2020-08-30 03:00:00,0.5041601976678365,0.0769878917886016
2020-08-30 04:00:00,0.38415299275306947,1.5318038461271933e-05
2020-08-30 05:00:00,0.4858001824074164,0.0053130277303647
2020-08-30 06:00:00,0.46438931742309586,0.0
2020-08-30 07:00:00,0.4243516103556473,0.3083220750794099
2020-08-30 08:00:00,0.3112327180390775,0.6422113025166996
2020-08-30 09:00:00,0.4181040262499258,0.9442331238294825
2020-08-30 10:00:00,0.5189139672973034,1.079290921215375
2020-08-30 11:00:00,0.4003121331246322,1.2165836857141974
2020-08-30 12:00:00,0.43718963039963127,1.333372349424682
2020-08-30 13:00:00,0.5472058298720603,1.2933415683920693
2020-08-30 14:00:00,0.4989268699483592,1.1442721951694759
2020-08-30 15:00:00,0.5507165473513881,0.8787615301010033
2020-08-30 16:00:00,0.5065860167639091,0.6932867041683967
2020-08-30 17:00:00,0.564029559187812,0.3531875750516062
2020-08-30 18:00:00,0.5427655840366217,0.0253852465564249
2020-08-30 19:00:00,0.4213187582120736,0.0002487081960925
2020-08-30 20:00:00,0.4401340905361505,0.005938058756116
2020-08-30 21:00:00,0.4581811299218007,0.0032596074659771
2020-08-30 22:00:00,0.5053822892001658,0.0351789495035686
2020-08-30 23:00:00,0.4563503228089476,0.059354357638792
2020-08-31 00:00:00,0.4533052750033164,0.0172835436719344
2020-08-31 01:00:00,0.6077574555323134,0.0211786756252896
2020-08-31 02:00:00,0.4613280450013447,0.0241699386492986
2020-08-31 03:00:00,0.6444681558502312,0.0017703424242022
2020-08-31 04:00:00,0.5095498410540058,0.0476978320211561
2020-08-31 05:00:00,0.4134277907813727,0.0007709928576548
2020-08-31 06:00:00,0.4835998198904422,0.09359960536533629
2020-08-31 07:00:00,0.6342417169045029,0.384548646847941
2020-08-31 08:00:00,0.5589246275787667,0.6430945222489607
2020-08-31 09:00:00,0.5682191658613289,0.9309435260235529
2020-08-31 10:00:00,0.4572905007071952,1.1137995343572236
2020-08-31 11:00:00,0.5713315812541335,1.2642274598098648
2020-08-31 12:00:00,0.5285269114319944,1.2676988769189037
2020-08-31 13:00:00,0.5241322022732383,1.3093989903566214
2020-08-31 14:00:00,0.45445178163204825,1.119200237508192
2020-08-31 15:00:00,0.6096897314511286,0.8353399998531901
2020-08-31 16:00:00,0.5977636243556577,0.7117359112210978
2020-08-31 17:00:00,0.4709865290154676,0.3929465493235925
2020-08-31 18:00:00,0.5174623925697088,0.0
2020-08-31 19:00:00,0.6632037729940772,0.0555213947434733
2020-08-31 20:00:00,0.7380750115631677,0.0180530055538538
2020-08-31 21:00:00,0.6995729081231268,0.0738514724695666
2020-08-31 22:00:00,0.7203015294095803,0.0
2020-08-31 23:00:00,0.5502364214292067,0.0075219191186464
2020-09-01 00:00:00,0.6286728454661267,0.0
2020-09-01 01:00:00,0.800243861718478,0.0
2020-09-01 02:00:00,0.6771539380964346,0.06614222361276059
2020-09-01 03:00:00,0.8848458669630943,0.008858600014865
2020-09-01 04:00:00,0.7196710773520141,0.0041051395208007
2020-09-01 05:00:00,0.8358341522594888,0.0058332297460001
2020-09-01 06:00:00,0.8499481928489774,0.0139252781212598
2020-09-01 07:00:00,0.833995869595983,0.2763290752267756
2020-09-01 08:00:00,0.9821742962209228,0.6112973300273374
2020-09-01 09:00:00,0.8374243451903987,0.9508786330469524
2020-09-01 10:00:00,0.80548008082065,1.1322395243867625
2020-09-01 11:00:00,0.8469425582541017,1.3019459955553092
2020-09-01 12:00:00,0.9280210411563584,1.2911860971064266
2020-09-01 13:00:00,0.8621042697449834,1.2073039421374847
2020-09-01 14:00:00,0.8560815443838419,1.1655403160776008
2020-09-01 15:00:00,0.8778436351125657,0.9485330076707705
2020-09-01 16:00:00,0.9141626068815579,0.6104204092686053
2020-09-01 17:00:00,0.9288281262504108,0.34126420325031126
2020-09-01 18:00:00,0.9054416501947187,0.0
2020-09-01 19:00:00,1.0388153421506607,0.0
2020-09-01 20:00:00,0.9952116965340992,0.0004473264198215
2020-09-01 21:00:00,0.9310310035957744,0.0046856372670435
2020-09-01 22:00:00,1.141439217583832,0.0
2020-09-01 23:00:00,1.0443666142181343,0.0
2020-09-02 00:00:00,0.9168053356539438,0.0
2020-09-02 01:00:00,1.2155409258305432,0.0
2020-09-02 02:00:00,1.2119395686679262,0.0302155624904913
2020-09-02 03:00:00,1.1546396773508567,0.029312752662112362
2020-09-02 04:00:00,1.0406610676661585,0.0194413964462159
2020-09-02 05:00:00,1.178502234973142,0.0012285376881041
2020-09-02 06:00:00,1.1005042855942944,0.0055360457258371
2020-09-02 07:00:00,1.1545138304592588,0.39962527803062364
2020-09-02 08:00:00,1.1503711346249899,0.6664235526424638
2020-09-02 09:00:00,1.3253682112252232,0.9266687751821384
2020-09-02 10:00:00,1.1739557207454445,1.1356169951863082
2020-09-02 11:00:00,1.1237847995762302,1.2343369724897761
2020-09-02 12:00:00,1.1394431796097977,1.32834386327043
2020-09-02 13:00:00,1.2724265394957601,1.2382862635285656
2020-09-02 14:00:00,1.3706113417021362,1.1093638479386403
2020-09-02 15:00:00,1.3922767403021425,0.9161283601873362
2020-09-02 16:00:00,1.3386854947669782,0.6803303670712815
2020-09-02 17:00:00,1.1682937440762617,0.3192239493049992
2020-09-02 18:00:00,1.37373466537202,0.0040917067672504
2020-09-02 19:00:00,1.121168464519962,0.0090057824379649
2020-09-02 20:00:00,1.3191941180465794,0.0385063857231812
2020-09-02 21:00:00,1.2475625153184604,0.0479737493828578
2020-09-02 22:00:00,1.321494444227255,0.0437750640007925
2020-09-02 23:00:00,1.1998698746946346,0.0257976573445041
2020-09-03 00:00:00,1.441622677623102,0.0
2020-09-03 01:00:00,1.3595897971784492,0.045889351266634
2020-09-03 02:00:00,1.266395347187276,0.0476504747429973
2020-09-03 03:00:00,1.3312639200268965,0.063906725743428
2020-09-03 04:00:00,1.3140345266555533,0.0
2020-09-03 05:00:00,1.304152109852092,0.0
2020-09-03 06:00:00,1.1899110741639325,0.040217167206863
2020-09-03 07:00:00,1.2170561719188986,0.3362560271090267
2020-09-03 08:00:00,1.2952622053111549,0.6506430926618635
2020-09-03 09:00:00,1.3192090100789513,0.8830436670243469
2020-09-03 10:00:00,1.1981335285324572,1.118003540440434
2020-09-03 11:00:00,1.3165508092975569,1.2274519007879086
2020-09-03 12:00:00,1.3149520391210934,1.2929474595473693
2020-09-03 13:00:00,1.3032044315098292,1.2689471075470398
2020-09-03 14:00:00,1.3698323080744534,1.1231826360276038
2020-09-03 15:00:00,1.2478457868607036,0.970213312324925
2020-09-03 16:00:00,1.1980659098771995,0.723469554950229
2020-09-03 17:00:00,1.340247481716212,0.3532636824764547
2020-09-03 18:00:00,1.2510259615943085,0.0162506699927502
2020-09-03 19:00:00,1.158756941989243,0.0
2020-09-03 20:00:00,1.2315063946566958,0.0
2020-09-03 21:00:00,1.1843136344750986,0.0
2020-09-03 22:00:00,1.405462015239886,0.0682097241432845
2020-09-03 23:00:00,1.236401219505938,0.057894241626348
2020-09-04 00:00:00,1.0588975640159617,0.0156169405772673
2020-09-04 01:00:00,1.0995959662285353,0.0
2020-09-04 02:00:00,1.1110038350008438,0.0606132620472878
2020-09-04 03:00:00,1.2053865161802841,0.0168595204256791
2020-09-04 04:00:00,1.2291215397903525,0.025099891445660202
2020-09-04 05:00:00,1.3012351490918843,0.022424561368103
2020-09-04 06:00:00,1.0469566685195684,0.0191479854900445
2020-09-04 07:00:00,1.0132000231642495,0.3224029860081444
2020-09-04 08:00:00,1.290342574416527,0.673957994937763
2020-09-04 09:00:00,1.0190994918638236,0.9503186916943395
2020-09-04 10:00:00,1.0463726021425122,1.1206402738966985
2020-09-04 11:00:00,1.0939131318315156,1.3050737546276934
2020-09-04 12:00:00,1.1080956928253791,1.251011677303522
2020-09-04 13:00:00,1.0961000675406276,1.2180541323736231
2020-09-04 14:00:00,1.0923152956915063,1.0963002805166218
2020-09-04 15:00:00,1.190946823169771,0.9120640833496153
2020-09-04 16:00:00,1.0032651476370213,0.6662509722117917
2020-09-04 17:00:00,1.1466645521757366,0.3769481048925585
2020-09-04 18:00:00,1.1236442677427552,0.0607260462727577
2020-09-04 19:00:00,1.0329759375156675,0.0
2020-09-04 20:00:00,0.9955980247691956,0.0061340721461742
2020-09-04 21:00:00,0.9674673554746271,0.0421358612118945
2020-09-04 22:00:00,1.0234538998617873,0.0375679646291528
2020-09-04 23:00:00,0.7507226430124974,0.0
2020-09-05 00:00:00,0.9062008164248339,0.0707040799816693
2020-09-05 01:00:00,0.8029581331272388,0.060075086821924
2020-09-05 02:00:00,0.9239008312188592,0.0529338524391139
2020-09-05 03:00:00,0.8488175816886183,0.049674066769987396
2020-09-05 04:00:00,0.7658570119276287,0.0447335634805366
2020-09-05 05:00:00,0.7894744661255,0.0205990366509676
2020-09-05 06:00:00,0.724387086498117,0.0176772666050488
2020-09-05 07:00:00,0.8395067250653758,0.26263533948631257
2020-09-05 08:00:00,0.7390615602162469,0.6789253566787776
2020-09-05 09:00:00,0.6920597320083129,0.8482582735929951
2020-09-05 10:00:00,0.6127818794804288,1.0504961525126475
2020-09-05 11:00:00,0.7295619731822132,1.281133721291839
2020-09-05 12:00:00,0.5857849696149058,1.249112477784434
2020-09-05 13:00:00,0.6923572342278008,1.2139000522764758
2020-09-05 14:00:00,0.7414631597895085,1.1118019433116875
2020-09-05 15:00:00,0.6951177004388767,0.908812298599495
2020-09-05 16:00:00,0.7037073401460308,0.699924353602684
2020-09-05 17:00:00,0.5484853430134693,0.387897436102642
2020-09-05 18:00:00,0.6401482988494083,0.0
2020-09-05 19:00:00,0.4905576037218291,0.0
2020-09-05 20:00:00,0.5764097457899195,0.0342790871507109
2020-09-05 21:00:00,0.45249906833386166,0.0115446274022091
2020-09-05 22:00:00,0.6009775526114818,0.0158134151602493
2020-09-05 23:00:00,0.5998657402478023,0.0153729849849958
2020-09-06 00:00:00,0.4716615260247621,0.0053279542794993
2020-09-06 01:00:00,0.557418738914849,0.0173911526991959
2020-09-06 02:00:00,0.4323396810817367,0.0
2020-09-06 03:00:00,0.5761316321812946,0.0914532288481171
2020-09-06 04:00:00,0.5202838769909026,0.0595418701959173
2020-09-06 05:00:00,0.5921575607987069,0.0537275011840681
2020-09-06 06:00:00,0.6777220750290187,0.0
2020-09-06 07:00:00,0.452165480681251,0.3813421885060906
2020-09-06 08:00:00,0.5440008840589688,0.5653096602397899
2020-09-06 09:00:00,0.6141859122867429,0.9577889378918151
2020-09-06 10:00:00,0.4377107779468745,1.176520171652259
2020-09-06 11:00:00,0.4182891770968713,1.2452593192772978
2020-09-06 12:00:00,0.4003520574193228,1.2150013472246406
2020-09-06 13:00:00,0.4956355895915393,1.1788124141199194
2020-09-06 14:00:00,0.503912982811592,1.0727743073070766
2020-09-06 15:00:00,0.5202547373704404,0.9784839662905174
2020-09-06 16:00:00,0.38011293987658357,0.5812552732288117
2020-09-06 17:00:00,0.4624261264670406,0.2953600334862586
2020-09-06 18:00:00,0.509844686259198,0.0254754312268482
2020-09-06 19:00:00,0.5168415507820225,0.0111851695316524
2020-09-06 20:00:00,0.4298994167618143,0.051572191101201204
2020-09-06 21:00:00,0.3351202493357631,0.0191293468607094
2020-09-06 22:00:00,0.4847635865679195,0.0
2020-09-06 23:00:00,0.36657629992205665,0.0079372109279319
2020-09-07 00:00:00,0.43236568024545813,0.0
2020-09-07 01:00:00,0.3651615988114264,0.0
2020-09-07 02:00:00,0.4627728024151958,0.0765666043361482
2020-09-07 03:00:00,0.5079280083529936,0.0
2020-09-07 04:00:00,0.4973057911098141,0.0
2020-09-07 05:00:00,0.4303242580658615,0.0666286482598021
2020-09-07 06:00:00,0.4881646624743001,0.0
2020-09-07 07:00:00,0.48615453005800835,0.30465286971093763
2020-09-07 08:00:00,0.5664381780051995,0.6344273072334825
2020-09-07 09:00:00,0.4966700854954489,0.8809944419789174
2020-09-07 10:00:00,0.6655190575180419,1.0676972437040975
2020-09-07 11:00:00,0.6319637074874465,1.3272622000842076
2020-09-07 12:00:00,0.6027723647794698,1.2651810837165456
2020-09-07 13:00:00,0.5649492143713691,1.3055891243197597
2020-09-07 14:00:00,0.5085126127870938,1.2097131825351064
2020-09-07 15:00:00,0.582399897337481,0.8737245558685116
2020-09-07 16:00:00,0.4941099943913967,0.6146666453642825
2020-09-07 17:00:00,0.6369362680329266,0.3093052990901257
2020-09-07 18:00:00,0.6658006622274283,0.030480691240847
2020-09-07 19:00:00,0.5505852521059661,0.0387831175441525
2020-09-07 20:00:00,0.633399033170261,0.0112927346977368
2020-09-07 21:00:00,0.657775205064466,0.0319117965199295
2020-09-07 22:00:00,0.8093601192016706,0.0
2020-09-07 23:00:00,0.6792385448759997,0.0290160946198987
2020-09-08 00:00:00,0.7828881543782459,0.0
2020-09-08 01:00:00,0.6505792923685172,0.0
2020-09-08 02:00:00,0.5958555402074502,0.0887042597879306
2020-09-08 03:00:00,0.7160684998162625,0.013574332784758
2020-09-08 04:00:00,0.9432752317979093,0.0322500787028225
2020-09-08 05:00:00,0.7021510921444939,0.0
2020-09-08 06:00:00,0.818376885676384,0.0103673804100947
2020-09-08 07:00:00,0.7079049631582695,0.3734859595911926
2020-09-08 08:00:00,0.7737208674645093,0.59461333731519
2020-09-08 09:00:00,0.8102258921916203,0.8940613200089544
2020-09-08 10:00:00,1.0005759557457061,1.1940024839175543
2020-09-08 11:00:00,0.8035972520430248,1.2012197702191711
2020-09-08 12:00:00,0.8455513295273314,1.2959468800900593
2020-09-08 13:00:00,0.8628306438261522,1.19555242406893
2020-09-08 14:00:00,0.9450333726113478,1.0742001060913338
2020-09-08 15:00:00,0.876651663395335,0.926539379332678
2020-09-08 16:00:00,0.8735896828796637,0.6575571671705225
2020-09-08 17:00:00,0.9939451503484664,0.3090009635911748
2020-09-08 18:00:00,0.9234918050055543,0.0289533210957924
2020-09-08 19:00:00,0.8857254670461984,0.0130130712459693
2020-09-08 20:00:00,1.019539849216906,0.043454543038646
2020-09-08 21:00:00,1.0186297465286012,0.0239521652338971
2020-09-08 22:00:00,0.9694173189323443,0.010146499889004
2020-09-08 23:00:00,1.2300137127468114,0.0
2020-09-09 00:00:00,0.9913456021044302,0.056670821306109606
2020-09-09 01:00:00,1.1968176706416864,0.0
2020-09-09 02:00:00,1.1214838467848223,0.0434314111235329
2020-09-09 03:00:00,1.0854750159004398,0.0
2020-09-09 04:00:00,0.9792168035384619,0.02687738055781
2020-09-09 05:00:00,1.0226770706606305,0.0006535399467484
2020-09-09 06:00:00,0.9814447899398901,0.0
2020-09-09 07:00:00,1.135558392685789,0.2601250142902546
2020-09-09 08:00:00,1.177767611550542,0.6888193601513587
2020-09-09 09:00:00,1.1748207149352412,0.8991026612193314
2020-09-09 10:00:00,1.1127674469327802,1.079825299624674
2020-09-09 11:00:00,1.3563708482280807,1.2181364048249692
2020-09-09 12:00:00,1.107659984633322,1.2767095722790687
2020-09-09 13:00:00,1.182168235131628,1.2097577999291258
2020-09-09 14:00:00,1.138583690223811,1.124331614599778
2020-09-09 15:00:00,1.2720202948189225,0.9344720979135251
2020-09-09 16:00:00,1.1496465972807526,0.675245238053966
2020-09-09 17:00:00,1.240284064029166,0.3898909809995924
2020-09-09 18:00:00,1.2703732340592024,0.0070672495371112
2020-09-09 19:00:00,1.3119994439929172,0.0755252992195253
2020-09-09 20:00:00,1.3277591830647548,0.0378243981473533
2020-09-09 21:00:00,1.4291587831900467,0.0275863088330826
2020-09-09 22:00:00,1.2320545089055028,0.0385319682967517
2020-09-09 23:00:00,1.2968819298600178,0.013092261228544
2020-09-10 00:00:00,1.3167967234917881,0.018889155525684
2020-09-10 01:00:00,1.2637966187302498,0.06311180161324781
2020-09-10 02:00:00,1.2106020070717347,0.0006988652941088
2020-09-10 03:00:00,1.297358514649875,0.0234754640291692
2020-09-10 04:00:00,1.311465223001338,0.0756929601294416
2020-09-10 05:00:00,1.2799497032417682,0.0050855813468742
2020-09-10 06:00:00,1.38195787989146,0.0315294973828067
2020-09-10 07:00:00,1.2436194780978902,0.3544618451561607
2020-09-10 08:00:00,1.4754347270606958,0.6171177644330199
2020-09-10 09:00:00,1.3522583685352245,0.8910743155900556
2020-09-10 10:00:00,1.3396530310704433,1.1062324965997268
2020-09-10 11:00:00,1.3066419254637789,1.2239086055279325
2020-09-10 12:00:00,1.291635136903433,1.290095485973784
2020-09-10 13:00:00,1.2946092864092305,1.2177187145072117
2020-09-10 14:00:00,1.2951294684837025,1.1588617345934242
2020-09-10 15:00:00,1.227087912941231,0.8925504488905138
2020-09-10 16:00:00,1.2622825346785362,0.5948628548158064
2020-09-10 17:00:00,1.2392481343187955,0.2992887909868272
2020-09-10 18:00:00,1.3921058050301407,0.0
2020-09-10 19:00:00,1.2646056605539782,0.0758376360688153
2020-09-10 20:00:00,1.3318731168871079,0.0316257108716884
2020-09-10 21:00:00,1.1867416774031763,0.0
2020-09-10 22:00:00,1.2776731641532362,0.0388989445814982
2020-09-10 23:00:00,1.2161957038159268,0.0956453557876634
2020-09-11 00:00:00,1.1412364666065378,0.0529344179684533
2020-09-11 01:00:00,1.2493834181262584,0.0
2020-09-11 02:00:00,1.2347398530495446,0.0069307105146263
2020-09-11 03:00:00,1.2153207960009784,0.0
2020-09-11 04:00:00,1.2743826760428045,0.0312712667114509
2020-09-11 05:00:00,1.13520517944361,0.0169300625900314
2020-09-11 06:00:00,1.1577816919026733,0.0365776959583529
2020-09-11 07:00:00,0.9876616045625732,0.3257784598976038
2020-09-11 08:00:00,1.2440205421009523,0.6077002805865156
2020-09-11 09:00:00,1.1171458918432164,0.9443112326289484
2020-09-11 10:00:00,1.0139108748299988,1.0698902565335153
2020-09-11 11:00:00,1.1565541601424958,1.1603876878739914
2020-09-11 12:00:00,1.1786672727131247,1.2433968933475301
2020-09-11 13:00:00,1.1790759862510254,1.188179712474342
2020-09-11 14:00:00,1.0449739257999167,1.1187222420416818
2020-09-11 15:00:00,1.1018604140329853,0.89910865639351
2020-09-11 16:00:00,1.0109879631387892,0.5756056749331867
2020-09-11 17:00:00,1.0498332837223836,0.34851734100731735
2020-09-11 18:00:00,1.0359868539045465,0.002820341027771
2020-09-11 19:00:00,0.8811125450673896,0.0034974700852032
2020-09-11 20:00:00,0.9848546963257554,0.0386460000170754
2020-09-11 21:00:00,0.8859107774648276,0.0579237108974289
2020-09-11 22:00:00,0.9109964078900215,0.0558299633392011
2020-09-11 23:00:00,0.939891238957695,0.0
2020-09-12 00:00:00,0.8839340467125236,0.0
2020-09-12 01:00:00,0.9108123527436289,0.0422059635923382
2020-09-12 02:00:00,0.9115459207964665,0.0308759201888793
2020-09-12 03:00:00,0.6984957796452382,0.0
2020-09-12 04:00:00,0.864015545759507,0.0922177543312265
2020-09-12 05:00:00,0.8856686518190298,0.0610462051253282
2020-09-12 06:00:00,0.8387535353379234,0.0257528444849631
2020-09-12 07:00:00,0.7690545415483779,0.384986595001781
2020-09-12 08:00:00,0.7130924443255537,0.5785580477877059
2020-09-12 09:00:00,0.7676167969347809,0.9671134717592991
2020-09-12 10:00:00,0.7711431155315018,1.1999066473501698
2020-09-12 11:00:00,0.6343386578570049,1.2738370918706436
2020-09-12 12:00:00,0.586611373122191,1.3003207357899091
2020-09-12 13:00:00,0.6378582101778426,1.2614248243963566
2020-09-12 14:00:00,0.6990067393097128,1.0627594322413934
2020-09-12 15:00:00,0.759638572641204,0.9216837272350379
2020-09-12 16:00:00,0.6153012859360335,0.6891650387985068
2020-09-12 17:00:00,0.6170485889806401,0.3126338571299324
2020-09-12 18:00:00,0.6036608653840211,0.0515134780414414
2020-09-12 19:00:00,0.6089068213343631,0.0
2020-09-12 20:00:00,0.635504626147336,0.0046524874954314
2020-09-12 21:00:00,0.6966819182589263,0.0
2020-09-12 22:00:00,0.5731921087403758,0.0404498998310871
2020-09-12 23:00:00,0.5903334913975833,0.0258337391862155
2020-09-13 00:00:00,0.6069328520070552,0.0805409384674865
2020-09-13 01:00:00,0.6875003046047763,0.0425879329822887
2020-09-13 02:00:00,0.48160843180575347,0.0
2020-09-13 03:00:00,0.5047367698366122,0.0
2020-09-13 04:00:00,0.5264568770846705,0.013565179315972599
2020-09-13 05:00:00,0.5935707449132327,0.027782615924558
2020-09-13 06:00:00,0.379372162836056,0.0
2020-09-13 07:00:00,0.5333663456481834,0.3004890336301986
2020-09-13 08:00:00,0.5551090431017922,0.6015467720899974
2020-09-13 09:00:00,0.6231254312508331,0.8462395571152395
2020-09-13 10:00:00,0.6007792862675518,1.18232742956851
2020-09-13 11:00:00,0.521780017623469,1.2264640654487364
2020-09-13 12:00:00,0.5051261880885725,1.3527801880591543
2020-09-13 13:00:00,0.45090526155879923,1.1848943391832742
2020-09-13 14:00:00,0.4375805790300745,1.0729243440998282
2020-09-13 15:00:00,0.5749182479070281,0.846736537416725
2020-09-13 16:00:00,0.4676269771226317,0.5897143886842227
2020-09-13 17:00:00,0.42850642804284844,0.3420899814801992
2020-09-13 18:00:00,0.38565724631694387,0.0145888306952951
2020-09-13 19:00:00,0.5221898865307365,0.009410480378176
2020-09-13 20:00:00,0.41625531864389764,0.0216719615204989
2020-09-13 21:00:00,0.3711683661491999,0.0
2020-09-13 22:00:00,0.5406445824319988,0.038323308017843
2020-09-13 23:00:00,0.41566471274433503,0.0356519214502557
2020-09-14 00:00:00,0.4510699515443788,0.0432592772845166
2020-09-14 01:00:00,0.4280710033438653,0.0424596095831773
2020-09-14 02:00:00,0.6666252621705718,0.0112666355606075
2020-09-14 03:00:00,0.4860131620144258,0.0
2020-09-14 04:00:00,0.4353843691620642,0.0602741424459788
2020-09-14 05:00:00,0.4861046568182187,0.0481706122846386
2020-09-14 06:00:00,0.4203381717352028,0.0224076024457157
2020-09-14 07:00:00,0.5270041688226468,0.338240102812662
2020-09-14 08:00:00,0.45424234092226,0.6264328401950403
2020-09-14 09:00:00,0.5493642368929562,0.826522888518853
2020-09-14 10:00:00,0.6142110579598842,1.120707174947612
2020-09-14 11:00:00,0.6760054615315301,1.2700392635251083
2020-09-14 12:00:00,0.5719841998822099,1.2035579293338226
2020-09-14 13:00:00,0.5532648601512815,1.2525848149919614
2020-09-14 14:00:00,0.4269826675093584,1.1289925134512746
2020-09-14 15:00:00,0.5866807681901736,0.9201400954113386
2020-09-14 16:00:00,0.5942581642779804,0.5856590576009988
2020-09-14 17:00:00,0.6847507565668274,0.32959096970427904
2020-09-14 18:00:00,0.6397405096466771,0.0294213112982782
2020-09-14 19:00:00,0.5378432370299376,0.0183045717828274
2020-09-14 20:00:00,0.7392840262047207,0.0
2020-09-14 21:00:00,0.6441750829274888,0.0106829885176554
2020-09-14 22:00:00,0.6174337504709848,0.0064111626021249
2020-09-14 23:00:00,0.695875419974803,0.0585452157723276
2020-09-15 00:00:00,0.8137470506196307,0.0464616796142897
2020-09-15 01:00:00,0.6972497558332533,0.0455232514706863
2020-09-15 02:00:00,0.8448296186993587,0.0035995519152728
2020-09-15 03:00:00,0.6186137003966179,0.0506810084930374
2020-09-15 04:00:00,0.869221761682873,0.0354735037597693
2020-09-15 05:00:00,0.5726724707339974,0.0025816916790765
2020-09-15 06:00:00,0.8842233055212187,0.0386021750097879
2020-09-15 07:00:00,0.7645431314662009,0.3037685926642424
2020-09-15 08:00:00,0.7249341761914647,0.6639619713885845
2020-09-15 09:00:00,0.7732424953629629,0.972690187889306
2020-09-15 10:00:00,0.7462655482489784,1.151265559019386
2020-09-15 11:00:00,0.8551646461481014,1.2109398770500583
2020-09-15 12:00:00,0.8065576137186871,1.2619391821611874
2020-09-15 13:00:00,0.7948294056891868,1.2845984881777701
2020-09-15 14:00:00,0.8824117898838086,1.097895597511577
2020-09-15 15:00:00,1.073308878851737,0.8669577736400338
2020-09-15 16:00:00,0.9629206060366265,0.6322439168791678
2020-09-15 17:00:00,0.8514941972846154,0.3849365535932846
2020-09-15 18:00:00,0.9481832485194517,0.0
2020-09-15 19:00:00,1.119357344879925,0.0
2020-09-15 20:00:00,0.896713084935896,0.0
2020-09-15 21:00:00,0.9342969787923481,0.0
2020-09-15 22:00:00,1.1210283282509992,0.0535440499464066
2020-09-15 23:00:00,1.0127200909477283,0.0047621280949326
2020-09-16 00:00:00,1.131861919688081,0.0278454788894794
2020-09-16 01:00:00,1.0980102973594474,0.026395355161243
2020-09-16 02:00:00,1.1678239420068255,0.0465367743050991
2020-09-16 03:00:00,1.1653409726843984,0.0
2020-09-16 04:00:00,1.0316177678977023,0.0124471122228671
2020-09-16 05:00:00,1.2474448382370071,0.0030013785107113
2020-09-16 06:00:00,1.1031900399685801,0.0
2020-09-16 07:00:00,1.1672411573887624,0.3016537367213255
2020-09-16 08:00:00,1.0941027416389153,0.6575051291431474
2020-09-16 09:00:00,1.1958071396547354,0.8961296571049413
2020-09-16 10:00:00,1.2014797566844835,1.1493452357784113
2020-09-16 11:00:00,1.3069687270724835,1.2073358178717681
2020-09-16 12:00:00,1.2267299587449527,1.37163199791341
2020-09-16 13:00:00,1.1547523774373398,1.2240196477146275
2020-09-16 14:00:00,1.1137958489418969,1.1450616383392798
2020-09-16 15:00:00,1.2801962805712632,0.917122768527223
2020-09-16 16:00:00,1.1949483206753895,0.6678693126049046
2020-09-16 17:00:00,1.2740787812630914,0.3491064394219869
2020-09-16 18:00:00,1.2969292763148421,0.016359031734691
2020-09-16 19:00:00,1.2214282286874856,0.00013648707016
2020-09-16 20:00:00,1.139516860888989,0.0269343213379693
2020-09-16 21:00:00,1.3982996680396251,0.0135226251404236
2020-09-16 22:00:00,1.2924244533766855,0.0590956184484214
2020-09-16 23:00:00,1.3413911319840324,0.07065498923699119
2020-09-17 00:00:00,1.372368350890747,0.0207113714587861
2020-09-17 01:00:00,1.3617807471463634,0.039726467076833
2020-09-17 02:00:00,1.373637083603111,0.049101904023931
2020-09-17 03:00:00,1.2536957279394874,0.0135740011586176
2020-09-17 04:00:00,1.3066135482398433,0.0
2020-09-17 05:00:00,1.26209615404862,0.0
2020-09-17 06:00:00,1.157515834323517,0.0
2020-09-17 07:00:00,1.4210707946893018,0.2993095910190756
2020-09-17 08:00:00,1.2232372265534042,0.6844640416585654
2020-09-17 09:00:00,1.502979833048892,0.9326425864384474
2020-09-17 10:00:00,1.3936204789542845,1.1934280185805788
2020-09-17 11:00:00,1.3056675902875265,1.2089846568932632
2020-09-17 12:00:00,1.3983139217858769,1.2204898452545454
2020-09-17 13:00:00,1.2080592934088425,1.319920561123276
2020-09-17 14:00:00,1.293950406183566,1.12684419226543
2020-09-17 15:00:00,1.3190162629176787,0.9347056645982312
2020-09-17 16:00:00,1.2699828416717753,0.6243392041046059
2020-09-17 17:00:00,1.2899994991508628,0.3617305331759243
2020-09-17 18:00:00,1.2574404904071295,0.0126918586808992
2020-09-17 19:00:00,1.2759423270365753,0.046651593959157
2020-09-17 20:00:00,1.2119296059323028,0.0412061122736174
2020-09-17 21:00:00,1.2179857842399509,0.0
2020-09-17 22:00:00,1.178552759888126,0.0092734730630273
2020-09-17 23:00:00,1.2993780150869907,0.0367811195665797
2020-09-18 00:00:00,1.2577584466139395,0.0
2020-09-18 01:00:00,1.173616097809012,0.08393040630513621
2020-09-18 02:00:00,1.3185540225076426,0.044961224394062
2020-09-18 03:00:00,1.1670146767329228,0.057007904423199
2020-09-18 04:00:00,1.1368545118358089,0.0
2020-09-18 05:00:00,1.1896191971503425,0.0008511257133222
2020-09-18 06:00:00,1.1209197136134987,0.0
2020-09-18 07:00:00,1.0682595601001856,0.3569924965434404
2020-09-18 08:00:00,0.9176217662994326,0.6362759804272868
2020-09-18 09:00:00,1.2520741747151143,0.9186561705421386
2020-09-18 10:00:00,1.1384202866225797,1.027939222551398
2020-09-18 11:00:00,1.1052716623688328,1.240732452997634
2020-09-18 12:00:00,1.079949653838036,1.233465486951539
2020-09-18 13:00:00,1.028866557327544,1.2700243193672778
2020-09-18 14:00:00,0.9585300453619443,1.1277405931646343
2020-09-18 15:00:00,0.9852532908064778,0.9392034966324672
2020-09-18 16:00:00,0.9757650945317956,0.664643406528426
2020-09-18 17:00:00,0.8924532444176749,0.352787441007334
2020-09-18 18:00:00,0.941486059605798,0.0026500191059477
2020-09-18 19:00:00,1.048854618867439,0.0
2020-09-18 20:00:00,0.8789497046851817,0.0200548478302995
2020-09-18 21:00:00,0.7295894316877589,0.0065963068297665
2020-09-18 22:00:00,0.9988723339889953,0.024785764853587203
2020-09-18 23:00:00,0.9038477701155092,0.0086998012947765
2020-09-19 00:00:00,0.7973587820843588,0.0546334956628186
2020-09-19 01:00:00,0.7597973509937173,0.0
2020-09-19 02:00:00,0.9249309638819508,0.0
2020-09-19 03:00:00,0.7531004157768914,0.0022553149068249
2020-09-19 04:00:00,0.8426550452306911,0.0
2020-09-19 05:00:00,0.932980209316219,0.0132995492934786
2020-09-19 06:00:00,0.7327326668002516,0.0
2020-09-19 07:00:00,0.7536442048453849,0.3210107255753613
2020-09-19 08:00:00,0.7159419821758495,0.581129271239059
2020-09-19 09:00:00,0.7425631844755146,0.9381132692465464
2020-09-19 10:00:00,0.6056291665801129,1.0656042033981215
2020-09-19 11:00:00,0.6157205190190014,1.2572358876729126
2020-09-19 12:00:00,0.5999784864015808,1.3470884829361098
2020-09-19 13:00:00,0.7790751085354712,1.275210647758589
2020-09-19 14:00:00,0.8134242931883229,1.0597767009011205
2020-09-19 15:00:00,0.7131020345993517,0.8558819016963891
2020-09-19 16:00:00,0.5307042744645185,0.6281906561794459
2020-09-19 17:00:00,0.5141633377190415,0.408246322041181
2020-09-19 18:00:00,0.6293521128097288,0.0
2020-09-19 19:00:00,0.4311790145776595,0.0
2020-09-19 20:00:00,0.6267531643600479,0.0651483970172358
2020-09-19 21:00:00,0.6314445408440962,0.014700115689647
2020-09-19 22:00:00,0.5777919264435107,0.0
2020-09-19 23:00:00,0.5269700818417244,0.0722727388396685
2020-09-20 00:00:00,0.6592200598822349,0.0
2020-09-20 01:00:00,0.38556091249960267,0.0
2020-09-20 02:00:00,0.548029133743898,0.0
2020-09-20 03:00:00,0.5812146204848964,0.0
2020-09-20 04:00:00,0.47293614576405574,0.0070372081308632
2020-09-20 05:00:00,0.5681130129221832,0.0
2020-09-20 06:00:00,0.40953835043699116,0.0
2020-09-20 07:00:00,0.5769974182956235,0.2646219447276146
2020-09-20 08:00:00,0.43140271215636117,0.6355539063908933
2020-09-20 09:00:00,0.3848149588590418,0.8891288659325658
2020-09-20 10:00:00,0.4177637210934282,1.0702375464072806
2020-09-20 11:00:00,0.40552736821058477,1.2250515324771385
2020-09-20 12:00:00,0.45285927948158233,1.3073606566030849
2020-09-20 13:00:00,0.44921592778161057,1.300994551519464
2020-09-20 14:00:00,0.5027278306419967,1.111388046627713
2020-09-20 15:00:00,0.5138580871374873,0.8845636457462369
2020-09-20 16:00:00,0.5644067854349897,0.6091627741788489
2020-09-20 17:00:00,0.43934125493155696,0.3217447800193602
2020-09-20 18:00:00,0.45365754542851167,0.061945743598162496
2020-09-20 19:00:00,0.3726725711445158,0.0
2020-09-20 20:00:00,0.4677233888645387,0.0909704959413674
2020-09-20 21:00:00,0.406131378544873,0.0479541368046871
2020-09-20 22:00:00,0.4509143818930649,0.0
2020-09-20 23:00:00,0.5172202485168519,0.0268331234143298
2020-09-21 00:00:00,0.379697160193305,0.0093317984624609
2020-09-21 01:00:00,0.4731869048646689,0.057091911933256204
2020-09-21 02:00:00,0.4522369351605397,0.0952319877510817
2020-09-21 03:00:00,0.47959648886931927,0.0503525928859905
2020-09-21 04:00:00,0.5069590954180636,0.0170579198040402
2020-09-21 05:00:00,0.4292213194114796,0.0154043329131355
2020-09-21 06:00:00,0.47454454628862847,0.0133975939351808
2020-09-21 07:00:00,0.4462783885770002,0.2749951073932422
2020-09-21 08:00:00,0.508589019859017,0.5988232992472597
2020-09-21 09:00:00,0.6776141271453731,0.9336313708461316
2020-09-21 10:00:00,0.6462337290943867,1.0359534013842888
2020-09-21 11:00:00,0.3825151533800889,1.2620608182011412
2020-09-21 12:00:00,0.5710007860854219,1.322767230697165
2020-09-21 13:00:00,0.40341733807134805,1.2282737739102108
2020-09-21 14:00:00,0.632157848009269,1.1250894908255384
2020-09-21 15:00:00,0.4017016926971988,0.8167812013835861
2020-09-21 16:00:00,0.590021851050796,0.6166481172795496
2020-09-21 17:00:00,0.5600925927360274,0.3574960010450762
2020-09-21 18:00:00,0.7625293967688603,0.010524572102222698
2020-09-21 19:00:00,0.4781373022817934,0.0111706741385372
2020-09-21 20:00:00,0.6115220896090826,0.0125770772084779
2020-09-21 21:00:00,0.6543711912608603,0.0
2020-09-21 22:00:00,0.5636224535191636,0.0439001681079677
2020-09-21 23:00:00,0.6300970605364573,0.0032729475016337
2020-09-22 00:00:00,0.734212629324235,0.0353831732862222
2020-09-22 01:00:00,0.7916431072402887,0.0090166159805188
2020-09-22 02:00:00,0.7267528024275646,0.0198506451266951
2020-09-22 03:00:00,0.7311068527206417,0.0439747006312579
2020-09-22 04:00:00,0.6671607965904522,0.0018472332896064
2020-09-22 05:00:00,0.8304865300635971,0.0679773658881561
2020-09-22 06:00:00,0.7872873974567438,0.0313278744603412
2020-09-22 07:00:00,0.7422366794886001,0.3483252079476103
2020-09-22 08:00:00,0.8396914677248606,0.6486507305181028
2020-09-22 09:00:00,0.8832768067304412,0.8095588233555601
2020-09-22 10:00:00,0.9651681795945779,1.0659970559371252
2020-09-22 11:00:00,0.948232692576088,1.2572016458490003
2020-09-22 12:00:00,0.6767987545641723,1.2720289931578264
2020-09-22 13:00:00,0.8340632496044104,1.2544886605387373
2020-09-22 14:00:00,0.9481866396614868,1.093254791920725
2020-09-22 15:00:00,0.8039660990972015,0.9417281553993572
2020-09-22 16:00:00,0.9785466661574673,0.6764654645536723
2020-09-22 17:00:00,0.9102406896497783,0.3248717428862341
2020-09-22 18:00:00,0.92198370078808,0.04783273519703429
2020-09-22 19:00:00,0.8084680515549223,0.001520837257438
2020-09-22 20:00:00,0.8686805884528855,0.072007080901208
2020-09-22 21:00:00,1.0735021507792417,0.028546019096439102
2020-09-22 22:00:00,0.9876170840136869,0.0436454129107458
2020-09-22 23:00:00,1.1643302268139442,0.0380195162087719
2020-09-23 00:00:00,1.1313491403924902,0.00798034509348
2020-09-23 01:00:00,1.1102037478656968,0.0393585193153486
2020-09-23 02:00:00,1.028369701816839,0.0527706794047988
2020-09-23 03:00:00,1.134548812615732,0.0555342673881353
2020-09-23 04:00:00,1.0594898546579297,0.0324449008201969
2020-09-23 05:00:00,1.0404967900688236,0.0318754837474926
2020-09-23 06:00:00,1.0550321206705853,0.0619976474968484
2020-09-23 07:00:00,1.1310167246507135,0.3371839767789335
2020-09-23 08:00:00,1.2033026642039837,0.6013279697550655
2020-09-23 09:00:00,1.1692081425543228,0.869458340551296
2020-09-23 10:00:00,1.1296466862617787,1.0694266430783452
2020-09-23 11:00:00,1.2461563221762726,1.2533936390197713
2020-09-23 12:00:00,0.9740137278155693,1.2301321804481735
2020-09-23 13:00:00,1.2797193727226297,1.2955028292756718
2020-09-23 14:00:00,1.2639000645387948,1.0680386415320364
2020-09-23 15:00:00,1.172437485689124,0.9459318227337017
2020-09-23 16:00:00,1.3258641996156881,0.6004851378854457
2020-09-23 17:00:00,1.2437500907519197,0.36095559949467493
2020-09-23 18:00:00,1.2651406857242078,0.0
2020-09-23 19:00:00,1.2265330813640667,0.0432151724011453
2020-09-23 20:00:00,1.2359692223113923,0.0359098227866773
2020-09-23 21:00:00,1.2775754872770837,0.0
2020-09-23 22:00:00,1.196456561012861,0.0
2020-09-23 23:00:00,1.209227525146399,0.0
2020-09-24 00:00:00,1.3763947407085588,0.0
2020-09-24 01:00:00,1.3469491792972461,0.0
2020-09-24 02:00:00,1.1302343456081592,0.0
2020-09-24 03:00:00,1.3985745719137044,0.0
2020-09-24 04:00:00,1.1851069874599145,0.0
2020-09-24 05:00:00,1.153633840246763,0.0
2020-09-24 06:00:00,1.2755325330939749,0.0558074042138898
2020-09-24 07:00:00,1.3148007274356386,0.30787111290322744
2020-09-24 08:00:00,1.300123220240135,0.6909363639924043
2020-09-24 09:00:00,1.3780972131772082,0.9479929157704092
2020-09-24 10:00:00,1.2633944603104565,1.0938003754476446
2020-09-24 11:00:00,1.2730717355105223,1.2945140213254664
2020-09-24 12:00:00,1.2652613294012656,1.2843222709230653
2020-09-24 13:00:00,1.2537598973503061,1.2730492136340796
2020-09-24 14:00:00,1.224866506952011,1.0842240722374128
2020-09-24 15:00:00,1.205791837113121,0.8901567462730499
2020-09-24 16:00:00,1.3702966261149747,0.5696528360383829
2020-09-24 17:00:00,1.2541963273341175,0.3309059231303413
2020-09-24 18:00:00,1.201852658510512,0.0178323504636714
2020-09-24 19:00:00,1.194853687933431,0.0136523732103559
2020-09-24 20:00:00,1.255529264748846,0.0332169029470342
2020-09-24 21:00:00,1.1878990013339297,0.0178308088193355
2020-09-24 22:00:00,1.1679587409244885,0.0352731867776687
2020-09-24 23:00:00,1.2444539267598627,0.0
2020-09-25 00:00:00,1.1980054519261243,0.0382466611183699
2020-09-25 01:00:00,1.2920981087842744,0.0023962117555214
2020-09-25 02:00:00,1.3449101419628813,0.002208676354791
2020-09-25 03:00:00,1.1743653999145387,0.0357632801126415
2020-09-25 04:00:00,1.1338860755464628,0.0575315383169695
2020-09-25 05:00:00,1.1858195075719018,0.0002540522442825
2020-09-25 06:00:00,1.0284316572754224,0.0086362741239653
2020-09-25 07:00:00,1.169990689282245,0.32049251978876103
2020-09-25 08:00:00,1.0243445002009173,0.5695431013185195
2020-09-25 09:00:00,1.0354006904923547,0.8646975142270046
2020-09-25 10:00:00,1.0585932122672175,1.1593492321106658
2020-09-25 11:00:00,1.076101389031306,1.2421606622222523
2020-09-25 12:00:00,1.0531717773260678,1.2848672673156671
2020-09-25 13:00:00,0.9122450002738214,1.2528779298153128
2020-09-25 14:00:00,0.9837253548578966,1.0953862498603808
2020-09-25 15:00:00,1.1526965436235463,0.8898972921718105
2020-09-25 16:00:00,1.0651406914367183,0.6524787056292398
2020-09-25 17:00:00,0.9816705396023793,0.391586714167628
2020-09-25 18:00:00,0.8497794549820417,0.0
2020-09-25 19:00:00,0.8755415308169199,0.0202566604225579
2020-09-25 20:00:00,0.9658188406608184,0.0
2020-09-25 21:00:00,0.9734896841839444,0.0446668580813169
2020-09-25 22:00:00,0.9888108546217997,0.0419866294661167
2020-09-25 23:00:00,0.8567241239366211,0.0022256881927686
2020-09-26 00:00:00,0.8997269152476879,0.0060678375680002
2020-09-26 01:00:00,0.9319222102411538,0.026240677485464402
2020-09-26 02:00:00,0.8651196604349067,0.0072315023984683
2020-09-26 03:00:00,0.7683167092322596,0.0087945946973814
2020-09-26 04:00:00,0.7463633043323206,0.002720903901183
2020-09-26 05:00:00,0.8035692294743294,0.0263393778768688
2020-09-26 06:00:00,0.9101773317320012,0.037995559865505
2020-09-26 07:00:00,0.7396065866261884,0.3148067231044911
2020-09-26 08:00:00,0.6666230350513582,0.668123345481068
2020-09-26 09:00:00,0.829368068374517,0.9926388395722308
2020-09-26 10:00:00,0.5927952052955491,1.1134122049684878
2020-09-26 11:00:00,0.7432806986150899,1.2494246869147922
2020-09-26 12:00:00,0.8192109103735576,1.2627135471062552
2020-09-26 13:00:00,0.6751774782957085,1.2720123040432734
2020-09-26 14:00:00,0.6929111077797011,1.077213078724308
2020-09-26 15:00:00,0.632832355589908,0.8674015726637808
2020-09-26 16:00:00,0.5444600562804244,0.5706227867857484
2020-09-26 17:00:00,0.6972111482786421,0.3211166702902615
2020-09-26 18:00:00,0.4903611690288504,0.0140737026078133
2020-09-26 19:00:00,0.6278552016993387,0.0009312653519656
2020-09-26 20:00:00,0.6239804678277053,0.0
2020-09-26 21:00:00,0.6740304211087715,0.0053406767251194
2020-09-26 22:00:00,0.6573392260827554,0.0283862717428402
2020-09-26 23:00:00,0.5883717322308001,0.022866132972835202
2020-09-27 00:00:00,0.6160925109080101,0.0565076647613271
2020-09-27 01:00:00,0.6159239337305087,0.0
2020-09-27 02:00:00,0.5171510395947804,0.0218759840516593
2020-09-27 03:00:00,0.5550076743936709,0.0644393447079507
2020-09-27 04:00:00,0.5183124300073539,0.0
2020-09-27 05:00:00,0.44777250228873633,0.0078496989052712
2020-09-27 06:00:00,0.5701302347917052,0.0050693543096819
2020-09-27 07:00:00,0.511448369624261,0.2935445996231856
2020-09-27 08:00:00,0.4124084589662099,0.6678563058355638
2020-09-27 09:00:00,0.4063690731980942,0.9475824921617495
2020-09-27 10:00:00,0.5235942104043669,1.1397181828642986
2020-09-27 11:00:00,0.4895132749658656,1.222158968265163
2020-09-27 12:00:00,0.5065676409100304,1.252868100235133
2020-09-27 13:00:00,0.4780283614386152,1.233470839715353
2020-09-27 14:00:00,0.5062339205050495,1.1862063350717629
2020-09-27 15:00:00,0.3520824828033162,0.9877778574053953
2020-09-27 16:00:00,0.5852191400618778,0.6165511356141917
2020-09-27 17:00:00,0.3428238249234879,0.32692595890344067
2020-09-27 18:00:00,0.3746690613466864,0.0065364296219926
2020-09-27 19:00:00,0.3848459104365254,0.0254069908514825
2020-09-27 20:00:00,0.4098786133919471,0.0158474061020633
2020-09-27 21:00:00,0.6505932542955712,0.0425601533605357
2020-09-27 22:00:00,0.4887244880046202,0.0017268381998375
2020-09-27 23:00:00,0.5404398346844547,0.0115094407994902
2020-09-28 00:00:00,0.46738405011541984,0.0
2020-09-28 01:00:00,0.41275095202991074,0.0437843350666464
2020-09-28 02:00:00,0.5490006963561257,0.0158046317500231
2020-09-28 03:00:00,0.6936936659507812,0.0304282563307449
2020-09-28 04:00:00,0.5492562673188535,0.0
2020-09-28 05:00:00,0.5554608375757947,0.0
2020-09-28 06:00:00,0.5519718312708506,0.019659956981272
2020-09-28 07:00:00,0.4593783216649159,0.33499743440460106
2020-09-28 08:00:00,0.33003008709734116,0.6461998557988683
2020-09-28 09:00:00,0.5767417630511242,0.9179817601532119
2020-09-28 10:00:00,0.6531693937461935,1.1797839538332997
2020-09-28 11:00:00,0.5974972945453141,1.3077621755089563
2020-09-28 12:00:00,0.5298136253888689,1.1876645960005745
2020-09-28 13:00:00,0.5152658777607102,1.256151891321874
2020-09-28 14:00:00,0.5970215621572177,1.0760230454745452
2020-09-28 15:00:00,0.5408219763764621,0.8890977027571797
2020-09-28 16:00:00,0.6148088354892536,0.686360005846474
2020-09-28 17:00:00,0.6255832310023526,0.309096714911297
2020-09-28 18:00:00,0.6312854736213158,0.0
2020-09-28 19:00:00,0.6402444611377234,0.0
2020-09-28 20:00:00,0.7034046872382089,0.0148319246994878
2020-09-28 21:00:00,0.6719889359578168,0.006294596181811
2020-09-28 22:00:00,0.6625310754099443,0.0250147796551027
2020-09-28 23:00:00,0.6389146068897277,0.0
2020-09-29 00:00:00,0.7357948667803339,0.05042844708764
2020-09-29 01:00:00,0.6547828865309306,0.0395069580669686
2020-09-29 02:00:00,0.6901884411704817,0.0058523294357159
2020-09-29 03:00:00,0.7041713162343127,0.0258791806960552
2020-09-29 04:00:00,0.7696004014480008,0.0039810436093988
2020-09-29 05:00:00,0.7601059355824449,0.0
2020-09-29 06:00:00,0.7912851352935004,0.0
2020-09-29 07:00:00,0.7897563598659569,0.32076068810974767
2020-09-29 08:00:00,0.6861062872886364,0.7177400557959686
2020-09-29 09:00:00,0.8396731244509311,0.9145591579599298
2020-09-29 10:00:00,0.9043855606353333,1.1385070445738827
2020-09-29 11:00:00,0.7818479881060179,1.2689803848908372
2020-09-29 12:00:00,0.8190135161467121,1.252949551982096
2020-09-29 13:00:00,0.8076675192856229,1.218079844527367
2020-09-29 14:00:00,0.8598963950462506,1.1499766415126462
2020-09-29 15:00:00,0.9697825944201107,0.885540643294709
2020-09-29 16:00:00,1.013694515861253,0.601452791468344
2020-09-29 17:00:00,0.9988703089789441,0.2910866282912407
2020-09-29 18:00:00,0.8079424728561007,0.0470229381030312
2020-09-29 19:00:00,1.0061070948490487,0.0120549588578699
2020-09-29 20:00:00,0.8954609825304436,0.0393977707387949
2020-09-29 21:00:00,0.9707119340426471,0.0284033760506293
2020-09-29 22:00:00,0.9816952645126658,0.0
2020-09-29 23:00:00,1.1594058913505452,0.0500516307969674
2020-09-30 00:00:00,1.2194410922598167,0.0073104654818453
2020-09-30 01:00:00,1.2458052719788717,0.003030537853032
2020-09-30 02:00:00,1.1907513198778563,0.015857100166085
2020-09-30 03:00:00,1.044072345638087,0.0230553853322108
2020-09-30 04:00:00,1.1262483906609833,0.057654877861652395
2020-09-30 05:00:00,1.1001463209875206,0.0
2020-09-30 06:00:00,1.0609921761254975,0.0107534075722154
2020-09-30 07:00:00,1.2177937619158552,0.2868515370329632
2020-09-30 08:00:00,1.1339396190482998,0.618943132192795
2020-09-30 09:00:00,0.9760739968184518,0.7777556124740148
2020-09-30 10:00:00,1.1952915982932912,1.126895281076219
2020-09-30 11:00:00,1.2813010512280698,1.2294655795923908
2020-09-30 12:00:00,1.050467285931353,1.3154546018081037
2020-09-30 13:00:00,1.2237002588036534,1.2825149534602955
2020-09-30 14:00:00,1.1291429679076712,1.0633516419962834
2020-09-30 15:00:00,1.299498459746693,0.8747233144436707
2020-09-30 16:00:00,1.1349935678537622,0.6574442621191672
2020-09-30 17:00:00,1.30855142699891,0.3084888826839305
2020-09-30 18:00:00,1.3168812247524768,0.0082254147216957
2020-09-30 19:00:00,1.3007928238079087,0.0749207178171841
2020-09-30 20:00:00,1.3295939918646091,0.0067799934738296
2020-09-30 21:00:00,1.1428813764513668,0.0
2020-09-30 22:00:00,1.0881495618739354,0.0351350694106185
2020-09-30 23:00:00,1.1348906093950317,0.0
2020-10-01 00:00:00,1.2852845364767465,0.0398094265720896
2020-10-01 01:00:00,1.2532752199569295,0.0290123855836822
2020-10-01 02:00:00,1.357783290306001,0.0263665958362718
2020-10-01 03:00:00,1.4276300230036016,0.0496188544800942
2020-10-01 04:00:00,1.3068312092501022,0.0393133599831059
2020-10-01 05:00:00,1.435901199161011,0.0283099080493338
2020-10-01 06:00:00,1.2677200379201352,0.000265811450323
2020-10-01 07:00:00,1.4833851071208364,0.357233529662268
2020-10-01 08:00:00,1.2673295810816738,0.5936889676758237
2020-10-01 09:00:00,1.1657826749411906,0.9736383332732014
2020-10-01 10:00:00,1.1208933066297637,1.1522468103562713
2020-10-01 11:00:00,1.1912268362446392,1.2198999075042685
2020-10-01 12:00:00,1.288999122506465,1.3606363903173195
2020-10-01 13:00:00,1.4418340243864385,1.2423459433218207
2020-10-01 14:00:00,1.1967917451400865,1.0549657003399218
2020-10-01 15:00:00,1.252326239507965,0.8772399110400209
2020-10-01 16:00:00,1.1147066218817943,0.6655594588089749
2020-10-01 17:00:00,1.2389843604456499,0.3427963215049285
2020-10-01 18:00:00,1.20495010737634,0.060004152159028296
2020-10-01 19:00:00,1.2912089238807751,0.031622396666771004
2020-10-01 20:00:00,1.3300882547784285,0.0
2020-10-01 21:00:00,1.2420528485150224,0.0
2020-10-01 22:00:00,1.2110409529305466,0.0143180389892366
2020-10-01 23:00:00,1.1476529767548704,0.0130148444695328
2020-10-02 00:00:00,1.135110475838887,0.0157654126935961
2020-10-02 01:00:00,1.0786515086475914,0.113513741280178
2020-10-02 02:00:00,1.205381324739326,0.0
2020-10-02 03:00:00,1.171607663681674,0.0
2020-10-02 04:00:00,1.1134670041155788,0.0207496399257683
2020-10-02 05:00:00,1.15963106733569,0.057396535013576895
2020-10-02 06:00:00,1.2234902531059562,0.0926686968511587
2020-10-02 07:00:00,1.113518146998816,0.3178639188004757
2020-10-02 08:00:00,1.1293920903600723,0.6211248075283189
2020-10-02 09:00:00,0.9638822346183722,0.9208115951770428
2020-10-02 10:00:00,1.1121190260876255,1.0400548987203895
2020-10-02 11:00:00,1.1178136751465877,1.2228303401119387
2020-10-02 12:00:00,1.0142417932733432,1.2569644308810843
2020-10-02 13:00:00,1.1090079789492608,1.3094496958789104
2020-10-02 14:00:00,1.0039032105264873,1.1293524609520067
2020-10-02 15:00:00,1.0075095783421444,0.8881209450966898
2020-10-02 16:00:00,1.0979248526543892,0.6303469499311178
2020-10-02 17:00:00,0.9693655511087675,0.3035486138839965
2020-10-02 18:00:00,0.9566118469469005,0.0326591576714576
2020-10-02 19:00:00,0.9893374387099481,0.0576799631003471
2020-10-02 20:00:00,0.9873979996986217,0.0
2020-10-02 21:00:00,0.8030116920075046,0.0130875215114891
2020-10-02 22:00:00,1.1064747610420202,0.0313982616674186
2020-10-02 23:00:00,1.0324043185329619,0.0327077264016954
2020-10-03 00:00:00,1.0326344953712892,0.0327462380809353
2020-10-03 01:00:00,1.0277739838325541,0.0
2020-10-03 02:00:00,0.7605078076775429,0.0
2020-10-03 03:00:00,0.9580700504034025,0.0
2020-10-03 04:00:00,0.8318147234253159,0.0773985731781728
2020-10-03 05:00:00,0.8916708203455581,0.0098448065329642
2020-10-03 06:00:00,0.876317103678091,0.0
2020-10-03 07:00:00,0.7314853921847241,0.2892567743676721
2020-10-03 08:00:00,0.749727047021185,0.6037307848873404
2020-10-03 09:00:00,0.780193888776018,0.8987796441095699
2020-10-03 10:00:00,0.7708230785759783,1.1467917285140472
2020-10-03 11:00:00,0.6919442270012017,1.2816497626824088
2020-10-03 12:00:00,0.5905930332910632,1.2959350824986822
2020-10-03 13:00:00,0.6819799683244073,1.1406959953895077
2020-10-03 14:00:00,0.5682989973868842,1.0172133270009054
2020-10-03 15:00:00,0.615190879881696,0.8126706185075594
2020-10-03 16:00:00,0.6568326117445984,0.6596243708561
2020-10-03 17:00:00,0.7864240287672052,0.377648084046965
2020-10-03 18:00:00,0.6052775707188456,0.0214153072034509
2020-10-03 19:00:00,0.6208899469892807,0.0478158923738637
2020-10-03 20:00:00,0.7451937227613363,0.033866016055821596
2020-10-03 21:00:00,0.5124455557655274,0.0152583682164368
2020-10-03 22:00:00,0.6020590807362716,0.0420372288784109
2020-10-03 23:00:00,0.5376392478856353,0.0056551545832964
2020-10-04 00:00:00,0.5384174457554951,0.0776394188737824
2020-10-04 01:00:00,0.6703028016359893,0.0317869633806165
2020-10-04 02:00:00,0.5837595380498828,0.0
2020-10-04 03:00:00,0.6401315633399483,0.0
2020-10-04 04:00:00,0.49590976261824554,0.0025199430886844
2020-10-04 05:00:00,0.410251740290759,0.0332161783517384
2020-10-04 06:00:00,0.6452474637358442,0.0252153605761823
2020-10-04 07:00:00,0.6505820920133498,0.39087154016428194
2020-10-04 08:00:00,0.3778925147892768,0.6210160904122154
2020-10-04 09:00:00,0.4932019814383058,0.89706541717722
2020-10-04 10:00:00,0.6486709802706008,1.093187165188178
2020-10-04 11:00:00,0.5915625192379972,1.1120555162745238
2020-10-04 12:00:00,0.5541490553317499,1.2703079619489122
2020-10-04 13:00:00,0.43101673773055316,1.1592487109154035
2020-10-04 14:00:00,0.5859947735667341,1.1176032334359474
2020-10-04 15:00:00,0.5028536149797381,0.9524814407521089
2020-10-04 16:00:00,0.5136371030735376,0.6337559970741842
2020-10-04 17:00:00,0.39806359059176966,0.315091854841667
2020-10-04 18:00:00,0.5462120719735861,0.0304649763751284
2020-10-04 19:00:00,0.5591958727521237,0.0
2020-10-04 20:00:00,0.4792336910435565,0.0115445760697793
2020-10-04 21:00:00,0.3975998172333908,0.0
2020-10-04 22:00:00,0.5236137016759074,0.0
2020-10-04 23:00:00,0.4208770599374132,0.018031277746793802
2020-10-05 00:00:00,0.43465165277289763,0.0
2020-10-05 01:00:00,0.5543434923345827,0.0
2020-10-05 02:00:00,0.3676587599281171,0.0667703579751174
2020-10-05 03:00:00,0.4995202609192401,0.061101861358649104
2020-10-05 04:00:00,0.5228335630886309,0.0093425912897508
2020-10-05 05:00:00,0.5307687404645751,0.0357514014088143
2020-10-05 06:00:00,0.43328688724930997,0.0
2020-10-05 07:00:00,0.5796388511367955,0.36698260492281254
2020-10-05 08:00:00,0.5707745509006223,0.6101776430238329
2020-10-05 09:00:00,0.3560908897801186,0.8723061983649785
2020-10-05 10:00:00,0.47622673578380403,1.0688776123097692
2020-10-05 11:00:00,0.4750765914468824,1.2105292993487466
2020-10-05 12:00:00,0.4511246088606947,1.2721078320097798
2020-10-05 13:00:00,0.5470148506367598,1.2509760982307156
2020-10-05 14:00:00,0.5415549786907314,1.1586995588063385
2020-10-05 15:00:00,0.3742276902904954,0.9123809273406429
2020-10-05 16:00:00,0.7595215701282564,0.6694207985678253
2020-10-05 17:00:00,0.6133808657687319,0.30358755234900253
2020-10-05 18:00:00,0.7500693565743858,0.0717483116191764
2020-10-05 19:00:00,0.5539908663677597,0.0580271099947094
2020-10-05 20:00:00,0.4858324660762045,0.0
2020-10-05 21:00:00,0.6663296390796567,0.0153596509707595
2020-10-05 22:00:00,0.7800684150654943,0.020149316533684798
2020-10-05 23:00:00,0.6710225525310186,0.023996151126076
2020-10-06 00:00:00,0.6458864760119173,0.0330914997973027
2020-10-06 01:00:00,0.7389169930953441,0.0
2020-10-06 02:00:00,0.6081255459936611,0.0094899321202864
2020-10-06 03:00:00,0.5661984131620686,0.0442439844131388
2020-10-06 04:00:00,0.734086016769472,0.1015202681683148
2020-10-06 05:00:00,0.7620153902092857,0.0281125508913241
2020-10-06 06:00:00,0.8089676483572774,0.0266187937179376
2020-10-06 07:00:00,0.9184219847551489,0.2922651234577707
2020-10-06 08:00:00,0.865297712362938,0.599657574008649
2020-10-06 09:00:00,0.7208054182750958,0.8991093717041755
2020-10-06 10:00:00,0.9552463118696846,1.1248173193367075
2020-10-06 11:00:00,0.8514797638477595,1.2041693135261218
2020-10-06 12:00:00,0.9111845597761867,1.1649008882384615
2020-10-06 13:00:00,0.9225814033467821,1.2400816878940946
2020-10-06 14:00:00,0.878697653511613,1.053788215027399
2020-10-06 15:00:00,1.1108805570686715,0.9180456635312038
2020-10-06 16:00:00,0.9078488400785645,0.6723406611425625
2020-10-06 17:00:00,0.988678309880402,0.3603547795689325
2020-10-06 18:00:00,0.9781804285044157,0.0065609621953521
2020-10-06 19:00:00,1.1069987883694177,0.035091772849436
2020-10-06 20:00:00,0.917930773036141,0.0187451083035436
2020-10-06 21:00:00,0.9565546401849996,0.0223558829244581
2020-10-06 22:00:00,1.0021555951240446,0.0370740041179089
2020-10-06 23:00:00,1.0603599013346696,0.0182180173343694
2020-10-07 00:00:00,1.111233261590725,0.0013565427153288
2020-10-07 01:00:00,1.0285254922150588,0.0327838704057415
2020-10-07 02:00:00,1.1365038462038148,0.0470940378012186
2020-10-07 03:00:00,0.9971664437141305,0.0
2020-10-07 04:00:00,1.085637943816518,0.0343806925192623
2020-10-07 05:00:00,1.070475362138204,0.0
2020-10-07 06:00:00,1.1507736195587206,0.0356157035124557
2020-10-07 07:00:00,1.145486176668074,0.29941487408756423
2020-10-07 08:00:00,1.1017298608176374,0.6507647276164559
2020-10-07 09:00:00,0.9376427266745991,0.8736768758708482
2020-10-07 10:00:00,1.219724602363844,1.0562710498071093
2020-10-07 11:00:00,1.1065853452416397,1.2482105377947497
2020-10-07 12:00:00,1.2865497358654197,1.1924029771284563
2020-10-07 13:00:00,1.2193337387786696,1.1854930567201425
2020-10-07 14:00:00,1.2535440301828733,1.13098890229027
2020-10-07 15:00:00,1.2397638998134721,0.877174437279929
2020-10-07 16:00:00,1.028562216146614,0.65591702420701
2020-10-07 17:00:00,1.1258707621144948,0.3890764281606037
2020-10-07 18:00:00,1.2245095063054234,0.0602710887158018
2020-10-07 19:00:00,1.3742621396658552,0.034126037164299
2020-10-07 20:00:00,1.3177614062978216,0.0
2020-10-07 21:00:00,1.3943579836389728,0.0
2020-10-07 22:00:00,1.2645747581090445,0.0
2020-10-07 23:00:00,1.2630284581566773,0.0
2020-10-08 00:00:00,1.3145780072899191,0.0465213813215676
2020-10-08 01:00:00,1.3026383185964283,0.0063342516328984
2020-10-08 02:00:00,1.2202284602616653,0.0
2020-10-08 03:00:00,1.306327837088123,0.0182449752710422
2020-10-08 04:00:00,1.3295971839293566,0.0418585573271696
2020-10-08 05:00:00,1.2228260166004088,0.0140063556090062
2020-10-08 06:00:00,1.4017233280735253,0.0045679796914494
2020-10-08 07:00:00,1.3091278440627145,0.2768853851071786
2020-10-08 08:00:00,1.2293194488521801,0.6450782206867207
2020-10-08 09:00:00,1.2213347954430316,0.9459314268505954
2020-10-08 10:00:00,1.4168488452071726,1.2299687504251158
2020-10-08 11:00:00,1.260264595888569,1.2789276595283827
2020-10-08 12:00:00,1.238714623614464,1.320262221008028
2020-10-08 13:00:00,1.341223380807289,1.2229950092997615
2020-10-08 14:00:00,1.2850925581756538,1.1268356856134074
2020-10-08 15:00:00,1.3119858505463258,0.934491944954623
2020-10-08 16:00:00,1.0839663383302156,0.5614027431494852
2020-10-08 17:00:00,1.2458572964745716,0.2977972572033884
2020-10-08 18:00:00,1.1884066576271128,0.0945885261254104
2020-10-08 19:00:00,1.3231541884397822,0.0
2020-10-08 20:00:00,1.2652907544069438,0.0065041080123143
2020-10-08 21:00:00,1.2670071080570877,0.0
2020-10-08 22:00:00,1.257142773921145,0.0402466704386512
2020-10-08 23:00:00,1.2931293181005656,0.0115857590974073
2020-10-09 00:00:00,1.2643043402689749,0.0
2020-10-09 01:00:00,1.3558141265066999,0.051801328379189895
2020-10-09 02:00:00,1.2983380267106281,0.0068218761618193
2020-10-09 03:00:00,1.1762892018072302,0.0
2020-10-09 04:00:00,1.1868598150439669,0.0198581312870238
2020-10-09 05:00:00,1.1477948512126255,0.0445332668615847
2020-10-09 06:00:00,1.1387527824941641,0.0
2020-10-09 07:00:00,1.1120007481210823,0.34424290266741786
2020-10-09 08:00:00,1.0812834806937135,0.6509293601159079
2020-10-09 09:00:00,1.0755020276733243,0.9004135960206161
2020-10-09 10:00:00,1.0975020255365977,1.0675246118344388
2020-10-09 11:00:00,1.0667042986783395,1.1834184056139505
2020-10-09 12:00:00,0.8828638137807587,1.2776607405991198
2020-10-09 13:00:00,1.2407882225284839,1.240511495561895
2020-10-09 14:00:00,0.9821658929804653,1.0359459846963892
2020-10-09 15:00:00,0.9119880076575881,0.8321856438668409
2020-10-09 16:00:00,0.9957580466669882,0.595335347652082
2020-10-09 17:00:00,0.9638664103929011,0.2760423708183949
2020-10-09 18:00:00,0.9830112672339301,0.0240554467228942
2020-10-09 19:00:00,0.9839276078956667,0.0
2020-10-09 20:00:00,0.9152868203530014,0.0103384208866297
2020-10-09 21:00:00,1.0266591556340823,0.0208538348120824
2020-10-09 22:00:00,0.9605891183107941,0.0
2020-10-09 23:00:00,0.9111826100050147,0.0063187113244372
2020-10-10 00:00:00,0.9424587096448109,0.0438580782444465
2020-10-10 01:00:00,0.8491976578259115,0.0
2020-10-10 02:00:00,0.7534165139808034,0.0
2020-10-10 03:00:00,0.8416514606568188,0.0088211520140742
2020-10-10 04:00:00,0.8905189558146382,0.0
2020-10-10 05:00:00,0.9188682762683752,0.0334506316281046
2020-10-10 06:00:00,0.922098301761196,0.0027454156333981
2020-10-10 07:00:00,0.7739786863882538,0.3060873070734908
2020-10-10 08:00:00,0.7951119688124204,0.6852244138315091
2020-10-10 09:00:00,0.7923846173627171,1.0020246228705396
2020-10-10 10:00:00,0.7565536613391043,1.0980146623165
2020-10-10 11:00:00,0.6793985503539897,1.2487557378277623
2020-10-10 12:00:00,0.7296694697900376,1.2602562372296435
2020-10-10 13:00:00,0.697200703738877,1.2374748827234494
2020-10-10 14:00:00,0.63842064249582,1.0723417973338394
2020-10-10 15:00:00,0.6663761362611786,0.8946990886270176
2020-10-10 16:00:00,0.6724493874526997,0.6795190096534294
2020-10-10 17:00:00,0.7268818573041231,0.32725049376572
2020-10-10 18:00:00,0.6707578760605346,0.0
2020-10-10 19:00:00,0.6521112074008607,0.0146100932737514
2020-10-10 20:00:00,0.5457308521694826,0.0
2020-10-10 21:00:00,0.6508146661411698,0.0
2020-10-10 22:00:00,0.7129128024424263,0.0
2020-10-10 23:00:00,0.51608674588888,0.0089061653966862
2020-10-11 00:00:00,0.49571536872030975,0.0124086567664488
2020-10-11 01:00:00,0.6029823485955133,0.0746976402636548
2020-10-11 02:00:00,0.5031395719184328,0.0045504172848667
2020-10-11 03:00:00,0.6544225539234514,0.0523354240768781
2020-10-11 04:00:00,0.6068782060241429,0.0288955667026663
2020-10-11 05:00:00,0.5156721499828048,0.0646615130321231
2020-10-11 06:00:00,0.5421225353989106,0.0026796926436445
2020-10-11 07:00:00,0.5726960735010461,0.3482955461475134
2020-10-11 08:00:00,0.48880219229209343,0.5775889782189987
2020-10-11 09:00:00,0.5668352213317088,0.9414792451519954
2020-10-11 10:00:00,0.5193546358691536,1.1204766345748738
2020-10-11 11:00:00,0.4219251857778261,1.2409135791443555
2020-10-11 12:00:00,0.4945845683413241,1.2595808182280919
2020-10-11 13:00:00,0.37402800196332137,1.2248530172822345
2020-10-11 14:00:00,0.6011935370336028,1.1805724974284177
2020-10-11 15:00:00,0.5236504131319966,0.8607771125120054
2020-10-11 16:00:00,0.49975299676408436,0.6663376461319461
2020-10-11 17:00:00,0.42384194715073786,0.3339150890988804
2020-10-11 18:00:00,0.5451352410061155,0.0
2020-10-11 19:00:00,0.4444270944698042,0.0460549271357937
2020-10-11 20:00:00,0.4805330367322813,0.0
2020-10-11 21:00:00,0.5522135970191737,0.0285606730994169
2020-10-11 22:00:00,0.5944072816499126,0.0005452270816742
2020-10-11 23:00:00,0.5583874088019215,0.0238804100866811
2020-10-12 00:00:00,0.5112331647405636,0.0388714949284785
2020-10-12 01:00:00,0.3489335553537521,0.0235121831580582
2020-10-12 02:00:00,0.5157386546645855,0.0143817691005156
2020-10-12 03:00:00,0.5274832056395913,0.0592566732693802
2020-10-12 04:00:00,0.3240002645762166,0.0
2020-10-12 05:00:00,0.5439759946723031,0.0
2020-10-12 06:00:00,0.4022011722433039,0.0
2020-10-12 07:00:00,0.5375967172233186,0.4236880845024979
2020-10-12 08:00:00,0.4211368027960025,0.651838108861697
2020-10-12 09:00:00,0.54451085599695,0.9438640715707247
2020-10-12 10:00:00,0.6266306853979777,1.098346696053215
2020-10-12 11:00:00,0.4578957471707341,1.1753893674689178
2020-10-12 12:00:00,0.6483139134626463,1.2644087106475603
2020-10-12 13:00:00,0.5440729642403922,1.2654894931293212
2020-10-12 14:00:00,0.5842603950370697,1.066705299721027
2020-10-12 15:00:00,0.4047177216765059,0.8750815707287152
2020-10-12 16:00:00,0.6534842914291872,0.6649184813886774
2020-10-12 17:00:00,0.5655316731226442,0.3922459311719766
2020-10-12 18:00:00,0.7262302387621564,0.0030784380823331
2020-10-12 19:00:00,0.703018485994015,0.0091295003220099
2020-10-12 20:00:00,0.7393834392279421,0.0061367551503968
2020-10-12 21:00:00,0.6637498681587584,0.06993527359102569
2020-10-12 22:00:00,0.7607523992829126,0.0452101140462826
2020-10-12 23:00:00,0.7109106869740112,0.0
2020-10-13 00:00:00,0.7403375369039515,0.046169961231889704
2020-10-13 01:00:00,0.8138113979381386,0.0
2020-10-13 02:00:00,0.7540830164033865,0.0
2020-10-13 03:00:00,0.6854928783260603,0.0
2020-10-13 04:00:00,0.7245080856289734,0.0409555620415497
2020-10-13 05:00:00,0.5692474088661753,0.0185027738262104
2020-10-13 06:00:00,0.71370236076661,0.0139640657396711
2020-10-13 07:00:00,0.8401784008699789,0.2996077010297577
2020-10-13 08:00:00,0.8097132984457971,0.6595453592177978
2020-10-13 09:00:00,0.8136696246904978,0.926559177651301
2020-10-13 10:00:00,0.9164872565371287,1.1061041507613238
2020-10-13 11:00:00,0.8618653132385525,1.1566469148418046
2020-10-13 12:00:00,0.7587870420919964,1.271649824863359
2020-10-13 13:00:00,0.9226875398938916,1.23215749602268
2020-10-13 14:00:00,1.0015539361083317,1.1027766431713353
2020-10-13 15:00:00,0.8221421959760049,0.883162128523761
2020-10-13 16:00:00,0.9255115306926036,0.7010662535194834
2020-10-13 17:00:00,0.8825257535350712,0.3156204663573154
2020-10-13 18:00:00,0.9926873960344426,0.0
2020-10-13 19:00:00,0.9259650253906628,0.0
2020-10-13 20:00:00,1.034149034482329,0.0
2020-10-13 21:00:00,1.106945891221204,0.0
2020-10-13 22:00:00,0.8792221032995182,0.004164505784
2020-10-13 23:00:00,0.978704434589339,0.0
2020-10-14 00:00:00,1.0614384703801527,0.0501584107952098
2020-10-14 01:00:00,0.9388753870976143,0.0512252586906395
2020-10-14 02:00:00,1.1265811820630165,0.0
2020-10-14 03:00:00,1.12544090540447,0.0061859913396667
2020-10-14 04:00:00,1.2071784269884853,0.0106345917079489
2020-10-14 05:00:00,1.1490445634561985,0.0343078349320256
2020-10-14 06:00:00,1.0563328081690957,0.0209031920061201
2020-10-14 07:00:00,0.9946847521437913,0.430457365358209
2020-10-14 08:00:00,1.2412430659054972,0.5828051654882914
2020-10-14 09:00:00,1.20990695881152,0.8713679467654887
2020-10-14 10:00:00,1.272220695366625,1.1119344172702426
2020-10-14 11:00:00,1.169920687248103,1.2549994948335719
2020-10-14 12:00:00,1.2691971954909875,1.3036663301376443
2020-10-14 13:00:00,1.182892506385885,1.2821664433616218
2020-10-14 14:00:00,1.3372499904568893,1.1443589651207486
2020-10-14 15:00:00,1.1435584526333997,0.9096794328701112
2020-10-14 16:00:00,1.1997170393379326,0.669204410493519
2020-10-14 17:00:00,1.3561340159686563,0.3772023141057612
2020-10-14 18:00:00,1.1256049253716518,0.0
2020-10-14 19:00:00,1.279332517491209,0.0
2020-10-14 20:00:00,1.143215032265409,0.0
2020-10-14 21:00:00,1.312590510338754,0.0
2020-10-14 22:00:00,1.2546350766028764,0.0
2020-10-14 23:00:00,1.2092215143468068,0.0087493919079214
2020-10-15 00:00:00,1.4604756024164653,0.0144031369382191
2020-10-15 01:00:00,1.2120306515853172,0.0235422433892847
2020-10-15 02:00:00,1.444884097933569,0.0423317157059972
2020-10-15 03:00:00,1.3147229900162607,0.0216871812145369
2020-10-15 04:00:00,1.2143721389628488,0.0020706979769918
2020-10-15 05:00:00,1.3155571421070418,0.0
2020-10-15 06:00:00,1.2982050243421577,0.0161117628715244
2020-10-15 07:00:00,1.2126972558582823,0.3239172750057065
2020-10-15 08:00:00,1.3293061526901804,0.6718999907397487
2020-10-15 09:00:00,1.162116130028938,0.9493818000574663
2020-10-15 10:00:00,1.2346900767672815,1.0472444585148852
2020-10-15 11:00:00,1.3601936495579166,1.1969846586820667
2020-10-15 12:00:00,1.1618484076155156,1.3220592440628456
2020-10-15 13:00:00,1.2254942588885402,1.2714410255752724
2020-10-15 14:00:00,1.3548207547697326,1.14586472101735
2020-10-15 15:00:00,1.299278197315942,0.9852984550217407
2020-10-15 16:00:00,1.313875047322166,0.6145948647125459
2020-10-15 17:00:00,1.279354257762587,0.31222196559329013
2020-10-15 18:00:00,1.2056157024581509,0.0298725476720864
2020-10-15 19:00:00,1.2660750868150017,0.0
2020-10-15 20:00:00,1.279370755801827,0.0402859929634631
2020-10-15 21:00:00,1.3153785950438333,0.0096367096031957
2020-10-15 22:00:00,1.2637573697634792,0.0354445116712067
2020-10-15 23:00:00,1.146556685988735,0.0507478966480816
2020-10-16 00:00:00,1.2021752066263947,0.0324709811243039
2020-10-16 01:00:00,1.321669421393576,0.0122821962995514
2020-10-16 02:00:00,1.2657094850372852,0.0
2020-10-16 03:00:00,1.263972823654693,0.0045007844910655
2020-10-16 04:00:00,1.1447213658172726,0.0
2020-10-16 05:00:00,1.164686628833189,0.0209543397620508
2020-10-16 06:00:00,1.0887804481217822,0.0636176982924789
2020-10-16 07:00:00,1.0682576255842444,0.3050505086625871
2020-10-16 08:00:00,1.1135098462064823,0.7081196059738997
2020-10-16 09:00:00,1.1372254997402387,0.8971977397430062
2020-10-16 10:00:00,1.0583556413184636,1.102489748129837
2020-10-16 11:00:00,1.0336492700154085,1.152465913804384
2020-10-16 12:00:00,1.1419996209197532,1.2977702923929124
2020-10-16 13:00:00,1.14293115861678,1.265704312153304
2020-10-16 14:00:00,1.010148966306938,1.197243771948211
2020-10-16 15:00:00,0.973757622877681,0.9693871945917444
2020-10-16 16:00:00,1.013992128173859,0.654870548158566
2020-10-16 17:00:00,0.8817737589146077,0.3373508323308543
2020-10-16 18:00:00,1.0029339985177599,0.0218685634719698
2020-10-16 19:00:00,0.9904490034894735,0.0667100438581776
2020-10-16 20:00:00,0.9980103774068314,0.0269188798021951
2020-10-16 21:00:00,0.8852745855050895,0.0161296565302478
2020-10-16 22:00:00,0.8784641386809893,0.0149030165187892
2020-10-16 23:00:00,0.8990649843969712,0.0187259589616143
2020-10-17 00:00:00,0.9574297397837745,0.020137706828919598
2020-10-17 01:00:00,0.9202095569793873,0.0
2020-10-17 02:00:00,0.8210944509969856,0.0
2020-10-17 03:00:00,0.6795692550717716,0.0
2020-10-17 04:00:00,0.7838398346568247,0.0222303255824253
2020-10-17 05:00:00,0.7665031038640888,0.0
2020-10-17 06:00:00,0.774810681015215,0.0451021418675908
2020-10-17 07:00:00,0.6904303234452062,0.3434287185563896
2020-10-17 08:00:00,0.8894661991703283,0.5844779270854734
2020-10-17 09:00:00,0.711753499182693,0.8925383216367259
2020-10-17 10:00:00,0.8267523167718966,1.1045218978423974
2020-10-17 11:00:00,0.8483231058228526,1.2701428123294016
2020-10-17 12:00:00,0.7882787213283704,1.2404086515998216
2020-10-17 13:00:00,0.7556469901287841,1.2381601062070497
2020-10-17 14:00:00,0.5786547075227217,1.1282430582912961
2020-10-17 15:00:00,0.8193569655844641,0.8766956153773637
2020-10-17 16:00:00,0.5984479660423689,0.615931929931339
2020-10-17 17:00:00,0.5121287572711775,0.37665374023832243
2020-10-17 18:00:00,0.7151462111217557,0.0268155353540482
2020-10-17 19:00:00,0.6426689598623097,0.0556656381584158
2020-10-17 20:00:00,0.7607820153062583,0.0
2020-10-17 21:00:00,0.5300665520863008,0.0103156150710888
2020-10-17 22:00:00,0.6310219483211481,0.0106344090686427
2020-10-17 23:00:00,0.5222094490593268,0.0356733948427409
2020-10-18 00:00:00,0.5315541625610803,0.0054805397423902
2020-10-18 01:00:00,0.5175932093516558,0.0035252923760855
2020-10-18 02:00:00,0.7048744125099073,0.0304949720699606
2020-10-18 03:00:00,0.6143823318882002,0.0084194149343575
2020-10-18 04:00:00,0.5954020040601615,0.0316020612396972
2020-10-18 05:00:00,0.5461757391903502,0.0673392747374919
2020-10-18 06:00:00,0.5897681514522775,0.0579061530949503
2020-10-18 07:00:00,0.5687517342780438,0.306505832451053
2020-10-18 08:00:00,0.4785030945490486,0.6612762717780623
2020-10-18 09:00:00,0.5022669053692557,0.8349642346166913
2020-10-18 10:00:00,0.5046929578437059,1.1198875449388774
2020-10-18 11:00:00,0.5810023959799335,1.239827912080977
2020-10-18 12:00:00,0.5993085822093066,1.3048451750183554
2020-10-18 13:00:00,0.4070470837590626,1.2564218420923874
2020-10-18 14:00:00,0.5104413150697296,1.075281613972861
2020-10-18 15:00:00,0.5681688526773039,0.925613411181275
2020-10-18 16:00:00,0.3989784179358317,0.6547876044785538
2020-10-18 17:00:00,0.5088289934789996,0.3358634460299762
2020-10-18 18:00:00,0.5159251927111627,0.0208238367976083
2020-10-18 19:00:00,0.4638850209494958,0.0540037403792504
2020-10-18 20:00:00,0.5224173890299688,0.0077135955252509
2020-10-18 21:00:00,0.5514250542906095,0.0
2020-10-18 22:00:00,0.5419460174350811,0.0
2020-10-18 23:00:00,0.6200861806604729,0.0315302257789888
2020-10-19 00:00:00,0.4558320399446184,0.0
2020-10-19 01:00:00,0.42635644834180897,0.0
2020-10-19 02:00:00,0.485120266889363,0.0
2020-10-19 03:00:00,0.5750094930673705,0.06863547129951181
2020-10-19 04:00:00,0.6339349492340363,0.07162527859779749
2020-10-19 05:00:00,0.5289910138595467,0.0340910871963237
2020-10-19 06:00:00,0.44862040731298247,0.0234903019380327
2020-10-19 07:00:00,0.5137424015878299,0.365585877975128
2020-10-19 08:00:00,0.6384052679887573,0.6947053475822864
2020-10-19 09:00:00,0.5074708710636506,0.8732519848562326
2020-10-19 10:00:00,0.4299443046149123,1.1936281770607313
2020-10-19 11:00:00,0.5051548392552688,1.2503761403595415
2020-10-19 12:00:00,0.5029433296649826,1.3196764203411187
2020-10-19 13:00:00,0.5390754016290054,1.2333585932530942
2020-10-19 14:00:00,0.6684237349607657,1.131561269083487
2020-10-19 15:00:00,0.5749879898443565,0.8890393600131838
2020-10-19 16:00:00,0.5934300061619946,0.6006877018231334
2020-10-19 17:00:00,0.4878470784499096,0.3354644386990485
2020-10-19 18:00:00,0.6666259197704928,0.0198918416858135
2020-10-19 19:00:00,0.5484791727530038,0.0873286481949767
2020-10-19 20:00:00,0.5759325633485293,0.0261952166215814
2020-10-19 21:00:00,0.7228985088283171,0.0
2020-10-19 22:00:00,0.6860220480357238,0.0623817931981358
2020-10-19 23:00:00,0.853994670523757,0.0300293903745236
2020-10-20 00:00:00,0.6525596130694731,0.0
2020-10-20 01:00:00,0.8874298111597712,0.024131459778235
2020-10-20 02:00:00,0.6175834019471186,0.045647623176894796
2020-10-20 03:00:00,0.7079650522367116,0.0316054273628235
2020-10-20 04:00:00,0.8465893049203285,0.0371608200997157
2020-10-20 05:00:00,0.7005068446762401,0.0282754838422642
2020-10-20 06:00:00,0.722232873339585,0.0893406192185946
2020-10-20 07:00:00,0.8734022871279961,0.3674138426229398
2020-10-20 08:00:00,0.775605890117934,0.6802835376268457
2020-10-20 09:00:00,0.7792726356528368,0.8910445455397489
2020-10-20 10:00:00,0.7720926997182369,1.0883722643495666
2020-10-20 11:00:00,0.944510867878586,1.2416576948243299
2020-10-20 12:00:00,1.0609298811307175,1.1815131063460755
2020-10-20 13:00:00,0.922992580843378,1.2750978539920723
2020-10-20 14:00:00,0.9539607852034948,1.1206426036949568
2020-10-20 15:00:00,0.9316440259644105,0.9246361021749725
2020-10-20 16:00:00,0.9432767782236986,0.6127028841316213
2020-10-20 17:00:00,0.9490940775374455,0.2648140501053231
2020-10-20 18:00:00,1.0770789850347642,0.0252057291004
2020-10-20 19:00:00,0.9427751423154466,0.0
2020-10-20 20:00:00,1.042016606375457,0.0404195951322099
2020-10-20 21:00:00,0.8799450917769093,0.0238548750589393
2020-10-20 22:00:00,1.0389672338300386,0.0348113973475143
2020-10-20 23:00:00,0.9807029142835716,0.0330136986744834
2020-10-21 00:00:00,1.1279450523573957,0.0329942237255184
2020-10-21 01:00:00,1.163072153594836,0.0327141674378748
2020-10-21 02:00:00,1.1646559715199172,0.0085226556190581
2020-10-21 03:00:00,0.9976542159433583,0.0064736607164519
2020-10-21 04:00:00,1.2017738181923425,0.0
2020-10-21 05:00:00,1.1983713245887717,0.0212653116151124
2020-10-21 06:00:00,1.2502114212986277,0.012025704271097299
2020-10-21 07:00:00,1.1495801034425228,0.3123403112516603
2020-10-21 08:00:00,1.1335669530935566,0.6514286126098471
2020-10-21 09:00:00,1.140936818726719,0.8935886571108899
2020-10-21 10:00:00,1.263647630217253,1.1536293752161637
2020-10-21 11:00:00,1.2214343551862388,1.2794008468581874
2020-10-21 12:00:00,1.198797142372062,1.2226974867109495
2020-10-21 13:00:00,1.149814920109206,1.230002868755785
2020-10-21 14:00:00,1.2334288707479453,1.1168136035061118
2020-10-21 15:00:00,1.4039611657431617,0.9403052833735472
2020-10-21 16:00:00,1.1822256737406578,0.6102608290647101
2020-10-21 17:00:00,1.2318895603631734,0.3669325029863753
2020-10-21 18:00:00,1.2992834614562991,0.0205613294119377
2020-10-21 19:00:00,1.3423143244723375,0.0194129733150245
2020-10-21 20:00:00,1.2000173894239792,0.008660626026338478
2020-10-21 21:00:00,1.3019744347426174,0.0586305557544228
2020-10-21 22:00:00,1.3299400779809183,0.0
2020-10-21 23:00:00,1.3589332966545191,0.0073441534017676
2020-10-22 00:00:00,1.2704910110490273,0.024616839599666
2020-10-22 01:00:00,1.3380687349536893,0.0115014649531617
2020-10-22 02:00:00,1.3404015110841663,0.0
2020-10-22 03:00:00,1.2680590878190643,0.0244011300633649
2020-10-22 04:00:00,1.279375998185562,0.0106631836280306
2020-10-22 05:00:00,1.3404078290623191,0.0103264630690329
2020-10-22 06:00:00,1.3507092659164779,0.0132506520227373
2020-10-22 07:00:00,1.3210656585753342,0.3459138929658536
2020-10-22 08:00:00,1.3641776183360967,0.7064307240474182
2020-10-22 09:00:00,1.2612397634189962,0.9595147562020769
2020-10-22 10:00:00,1.4069839590568973,1.125440024942418
2020-10-22 11:00:00,1.3815352725637937,1.2977598621065327
2020-10-22 12:00:00,1.4420304643496364,1.3261083090806962
2020-10-22 13:00:00,1.2723789845651055,1.2860434305515445
2020-10-22 14:00:00,1.3598564370100905,1.0776202076051136
2020-10-22 15:00:00,1.2428269286518923,0.8581866739819637
2020-10-22 16:00:00,1.3348373431152152,0.6246730533463136
2020-10-22 17:00:00,1.2468566229898725,0.4099019021234292
2020-10-22 18:00:00,1.4189090810685778,0.0
2020-10-22 19:00:00,1.1164141455509875,0.0619789819195542
2020-10-22 20:00:00,1.2856309131549748,0.0
2020-10-22 21:00:00,1.23494701026066,0.0207030029635839
2020-10-22 22:00:00,1.2722326390250174,0.043975536329573
2020-10-22 23:00:00,1.2151004318692051,0.0139141038582177
2020-10-23 00:00:00,1.123763062956235,0.006399451650682
2020-10-23 01:00:00,1.2063899208107252,0.0591999994371511
2020-10-23 02:00:00,1.152016308191912,0.044154103419901
2020-10-23 03:00:00,1.1347749055944143,0.0
2020-10-23 04:00:00,1.3620985385518187,0.0426981222442651
2020-10-23 05:00:00,1.1241458402526274,0.0319650085782811
2020-10-23 06:00:00,1.2214418442396802,0.0154812401248213
2020-10-23 07:00:00,1.212074695785442,0.3456778509146108
2020-10-23 08:00:00,1.187724067713815,0.6255930225654369
2020-10-23 09:00:00,1.0345713259010134,0.9391481134740279
2020-10-23 10:00:00,1.1059068192976684,1.0386530352338854
2020-10-23 11:00:00,1.1758619169081714,1.2291128887870473
2020-10-23 12:00:00,1.1175180251059258,1.39686927843269
2020-10-23 13:00:00,0.9401275601435676,1.2416161423453076
2020-10-23 14:00:00,1.1285766678804867,1.134048971983973
2020-10-23 15:00:00,1.0686469955958087,0.9296527343456669
2020-10-23 16:00:00,0.9844201593440587,0.6631253861265909
2020-10-23 17:00:00,0.992902761109751,0.2946995366353352
2020-10-23 18:00:00,1.0111614063433854,0.006260765944607
2020-10-23 19:00:00,0.962351401044298,0.0490817142689348
2020-10-23 20:00:00,0.8239904759713848,0.061641654754175
2020-10-23 21:00:00,0.9442930459132759,0.0355436650538436
2020-10-23 22:00:00,1.0463281067364134,0.0168392399633197
2020-10-23 23:00:00,0.896806191046305,0.0216661943114825
2020-10-24 00:00:00,0.8801342799656541,0.0171797028049501
2020-10-24 01:00:00,1.0334209652564406,0.0
2020-10-24 02:00:00,0.880436924253773,0.0525422222408683
2020-10-24 03:00:00,0.883036446664457,0.0
2020-10-24 04:00:00,0.8828495525947595,0.0098126323607297
2020-10-24 05:00:00,0.8328340812408181,0.0001667640216351
2020-10-24 06:00:00,0.6786132655980669,0.0225315143404464
2020-10-24 07:00:00,0.9494026690229647,0.3985460718616683
2020-10-24 08:00:00,0.8916330951747555,0.6366333525957371
2020-10-24 09:00:00,0.7951685416819457,0.8862586868614035
2020-10-24 10:00:00,0.828304575248209,1.2056191682812565
2020-10-24 11:00:00,0.6898694504811712,1.2438599406801285
2020-10-24 12:00:00,0.717194164007436,1.2997387776957687
2020-10-24 13:00:00,0.658333059421319,1.2556918066886753
2020-10-24 14:00:00,0.8909887004572521,1.1421167204600422
2020-10-24 15:00:00,0.7208410668772443,0.8815285106294684
2020-10-24 16:00:00,0.6771639702068147,0.6442563634494649
2020-10-24 17:00:00,0.5905258996639586,0.3247151554923232
2020-10-24 18:00:00,0.8017270635363953,0.0216322767523796
2020-10-24 19:00:00,0.6924354398185952,0.0313771653585682
2020-10-24 20:00:00,0.5323293148790694,0.0
2020-10-24 21:00:00,0.783581446855827,0.0
2020-10-24 22:00:00,0.6503510797092871,0.0058284783995554
2020-10-24 23:00:00,0.3998046867244035,0.0
2020-10-25 00:00:00,0.6896246852487788,0.0193390443888613
2020-10-25 01:00:00,0.5491516627354861,0.0802203686537884
2020-10-25 02:00:00,0.4168087314460645,0.0119102817839414
2020-10-25 03:00:00,0.5202438712113269,0.0717990001404974
2020-10-25 04:00:00,0.46524314554263424,0.0
2020-10-25 05:00:00,0.7197335435353693,0.0343849538992436
2020-10-25 06:00:00,0.5923581193665021,0.0368769647030245
2020-10-25 07:00:00,0.5266576842257369,0.3061412854355121
2020-10-25 08:00:00,0.49837105179431623,0.6831061738938455
2020-10-25 09:00:00,0.5170782406420507,0.9568984657949398
2020-10-25 10:00:00,0.6580804406631068,1.1408558897104404
2020-10-25 11:00:00,0.5743918369770252,1.3513507035575538
2020-10-25 12:00:00,0.6652361531288413,1.2924039656222117
2020-10-25 13:00:00,0.3832561911983186,1.296217768124832
2020-10-25 14:00:00,0.4527774581269385,1.0785161948114899
2020-10-25 15:00:00,0.4243906284584233,0.946915803721019
2020-10-25 16:00:00,0.412305784558361,0.7280812081994406
2020-10-25 17:00:00,0.5476456353797596,0.3560044450012688
2020-10-25 18:00:00,0.6107815616303343,0.023092531013184
2020-10-25 19:00:00,0.5479878051046555,0.0150970128826413
2020-10-25 20:00:00,0.4760844224654721,0.032615838454117946
2020-10-25 21:00:00,0.6408274822921377,0.0377622696028927
2020-10-25 22:00:00,0.6177226395454449,0.06341563704608011
2020-10-25 23:00:00,0.5128635473185602,0.0208576911825925
2020-10-26 00:00:00,0.49449170472351156,0.0072724391532357
2020-10-26 01:00:00,0.6933933990727794,0.0
2020-10-26 02:00:00,0.4703539028825378,0.0043215690332597
2020-10-26 03:00:00,0.5308950685371584,0.0051405839994095
2020-10-26 04:00:00,0.6210733470449599,0.0
2020-10-26 05:00:00,0.5748086235605232,0.029789362767834702
2020-10-26 06:00:00,0.48291426922511027,0.070723455271673
2020-10-26 07:00:00,0.3909592242906468,0.2956060305181711
2020-10-26 08:00:00,0.5963960919375273,0.6977612011589616
2020-10-26 09:00:00,0.6628658180395957,0.9129117337541759
2020-10-26 10:00:00,0.5681175073335148,1.1071066917574641
2020-10-26 11:00:00,0.5158626291632292,1.2682856423374942
2020-10-26 12:00:00,0.4146820167442383,1.3677490448892247
2020-10-26 13:00:00,0.42721655601321096,1.2284681336544432
2020-10-26 14:00:00,0.564303210247228,1.1499076877036114
2020-10-26 15:00:00,0.6628797375202689,0.9254469057230694
2020-10-26 16:00:00,0.6323820355494757,0.6667199773831332
2020-10-26 17:00:00,0.6570828956614616,0.3356951017252794
2020-10-26 18:00:00,0.6430114187978645,0.0283631033525581
2020-10-26 19:00:00,0.7509284553977496,0.0082665412465077
2020-10-26 20:00:00,0.6845415754518036,0.0
2020-10-26 21:00:00,0.5964022923442716,0.0183512903998783
2020-10-26 22:00:00,0.7336515883241792,0.0639940355050365
2020-10-26 23:00:00,0.8401330028012965,0.0
2020-10-27 00:00:00,0.6923050904395323,0.0185971178781676
2020-10-27 01:00:00,0.6518302955360773,0.003862603999778
2020-10-27 02:00:00,0.7730472871741649,0.0
2020-10-27 03:00:00,0.8088008847398723,0.0308543263012047
2020-10-27 04:00:00,0.7713130478218384,0.0296551395709936
2020-10-27 05:00:00,0.8271822129673772,0.06817117129681409
2020-10-27 06:00:00,0.842389675739214,0.0499010918836787
2020-10-27 07:00:00,0.9237126809004503,0.3417529743690463
2020-10-27 08:00:00,0.7975458136624884,0.6174909334660432
2020-10-27 09:00:00,0.8493567472615506,0.9995478185460993
2020-10-27 10:00:00,0.9165601286108019,1.1119771505665936
2020-10-27 11:00:00,1.015088401537916,1.2150038724565007
2020-10-27 12:00:00,0.8013205642945198,1.261035913359111
2020-10-27 13:00:00,1.1346287894372395,1.2828312010144225
2020-10-27 14:00:00,1.0284493723252037,1.1868098497890665
2020-10-27 15:00:00,0.8225443321532555,0.964284385456595
2020-10-27 16:00:00,0.8636688989811502,0.6309168210431844
2020-10-27 17:00:00,1.1214818271595979,0.3284347680557898
2020-10-27 18:00:00,0.8824452125650433,0.0
2020-10-27 19:00:00,0.893687344138645,0.0332162682467915
2020-10-27 20:00:00,1.1570771521724037,0.051363280046113
2020-10-27 21:00:00,1.0876434015243144,0.0464739079708309
2020-10-27 22:00:00,0.9510876420352723,0.039617996407391
2020-10-27 23:00:00,1.0406420362556834,0.0
2020-10-28 00:00:00,1.1565037017180924,0.0179286820955645
2020-10-28 01:00:00,1.1109599721887182,0.0
2020-10-28 02:00:00,1.0924278070608457,0.0
2020-10-28 03:00:00,1.0576362435079214,0.0434105229619056
2020-10-28 04:00:00,1.1767096066591454,0.0511982747147052
2020-10-28 05:00:00,1.2014199367925047,0.0121853414416534
2020-10-28 06:00:00,1.2106416370778,0.0096205808656103
2020-10-28 07:00:00,1.1421148291829892,0.3075327519359017
2020-10-28 08:00:00,1.1551973604704353,0.5680195308095384
2020-10-28 09:00:00,1.1831918713473806,0.9179164537840689
2020-10-28 10:00:00,1.2391919819685453,1.1362494832224503
2020-10-28 11:00:00,1.2078546574518683,1.2431159426717175
2020-10-28 12:00:00,1.2346171001057265,1.2484114949650231
2020-10-28 13:00:00,1.2823059240716872,1.267688003517727
2020-10-28 14:00:00,1.3164059906754777,1.071727958729732
2020-10-28 15:00:00,1.3164707090994727,0.8585644166653255
2020-10-28 16:00:00,1.2218844522746641,0.6485211516825538
2020-10-28 17:00:00,1.3133825735408882,0.3187579210865456
2020-10-28 18:00:00,1.305159212248586,0.0283236662059654
2020-10-28 19:00:00,1.3674624073640946,0.0
2020-10-28 20:00:00,1.278735587892161,0.0367287717184222
2020-10-28 21:00:00,1.260476231484377,0.0
2020-10-28 22:00:00,1.2974680931514206,0.0176497193341509
2020-10-28 23:00:00,1.3460041513175165,0.010021783879035299
2020-10-29 00:00:00,1.1717121361832055,0.0
2020-10-29 01:00:00,1.3661945907591244,0.0172163726818022
2020-10-29 02:00:00,1.3472866642669503,0.0
2020-10-29 03:00:00,1.3776317602861432,0.0011700391653737
2020-10-29 04:00:00,1.1864143646577365,0.006550279906201
2020-10-29 05:00:00,1.3981975958832464,0.0
2020-10-29 06:00:00,1.398368194911614,0.0387601111085301
2020-10-29 07:00:00,1.2308937772474096,0.3479929355772971
2020-10-29 08:00:00,1.325024135959132,0.6568751228572973
2020-10-29 09:00:00,1.269488566804284,0.9646021684538164
2020-10-29 10:00:00,1.3100957559393247,1.2007623879590388
2020-10-29 11:00:00,1.4477060999918354,1.2472887476102954
2020-10-29 12:00:00,1.5046338545060531,1.3195636216632411
2020-10-29 13:00:00,1.4952915690635833,1.2524168460896217
2020-10-29 14:00:00,1.4558499763754749,1.1580770177367312
2020-10-29 15:00:00,1.1888143808658584,0.9383412203829218
2020-10-29 16:00:00,1.2481942004032072,0.6917147425315142
2020-10-29 17:00:00,1.3757020834751499,0.3037981196534483
2020-10-29 18:00:00,1.2213178726671872,0.0582661463862662
2020-10-29 19:00:00,1.3131489493565223,0.0723788938529674
2020-10-29 20:00:00,1.2837733072417965,0.0459083046092196
2020-10-29 21:00:00,1.1957800755971357,0.0304540897224876
2020-10-29 22:00:00,1.13735102566724,0.0081137057206363
2020-10-29 23:00:00,1.3383935311912487,0.0201772081562053
2020-10-30 00:00:00,1.1327133749520795,0.023684447873735102
2020-10-30 01:00:00,1.1744100601299827,0.0
2020-10-30 02:00:00,1.1743481034891778,0.0410535675399911
2020-10-30 03:00:00,1.1945105083833178,0.0282924658286871
2020-10-30 04:00:00,1.2898340614951918,0.096612464668702
2020-10-30 05:00:00,1.1728182197912338,0.0
2020-10-30 06:00:00,1.263876193159001,0.0186011987063872
2020-10-30 07:00:00,1.2346775600371374,0.2566009414301901
2020-10-30 08:00:00,1.1967674954550303,0.6560580314564775
2020-10-30 09:00:00,0.9684634557354315,0.8926063242950832
2020-10-30 10:00:00,1.2851654741739509,1.106730802328812
2020-10-30 11:00:00,1.1471227535979258,1.3313492058270642
2020-10-30 12:00:00,1.1366913237476126,1.378430765329686
2020-10-30 13:00:00,1.198744947967791,1.2953897623883166
2020-10-30 14:00:00,1.065819555857817,1.1171516358341793
2020-10-30 15:00:00,1.0821235749772131,0.9717906115043873
2020-10-30 16:00:00,0.9986155931807962,0.6119818845709336
2020-10-30 17:00:00,1.0644636024144967,0.3596679010743652
2020-10-30 18:00:00,1.039389020634888,0.0112764002332047
2020-10-30 19:00:00,1.0083216728908524,0.0124259006782089
2020-10-30 20:00:00,1.0034441029822498,0.0
2020-10-30 21:00:00,0.8855724113333105,0.0445704319899459
2020-10-30 22:00:00,0.9297322718099361,0.063517345367344
2020-10-30 23:00:00,0.8190597467691447,0.0
2020-10-31 00:00:00,1.0249881027337282,0.0177390594108335
2020-10-31 01:00:00,0.8729365653495009,0.0
2020-10-31 02:00:00,0.8870861657662316,0.0265325292206016
2020-10-31 03:00:00,0.8801238102593975,0.0377748357120306
2020-10-31 04:00:00,0.9627358897306731,0.0193132091974976
2020-10-31 05:00:00,0.895692027551759,0.0170625357703122
2020-10-31 06:00:00,0.9782828912686787,0.0464226411384096
2020-10-31 07:00:00,0.8993146200420554,0.3386136415505321
2020-10-31 08:00:00,0.9256289492269638,0.6407180540785845
2020-10-31 09:00:00,0.8555257083982205,0.8994701870531571
2020-10-31 10:00:00,0.8504326754745478,1.1424475890386574
2020-10-31 11:00:00,0.6915840034238445,1.2557404485891508
2020-10-31 12:00:00,0.7513845292202936,1.2742685561394473
2020-10-31 13:00:00,0.7964330335109626,1.2229866837194976
2020-10-31 14:00:00,0.6586417641155343,1.1435425227994074
2020-10-31 15:00:00,0.6907571109372085,0.964399366905003
2020-10-31 16:00:00,0.7557591150870643,0.680659408232913
2020-10-31 17:00:00,0.6602383395632381,0.3279358755054199
2020-10-31 18:00:00,0.6613573735220268,0.0391990974710333
2020-10-31 19:00:00,0.626183437337917,0.0037820228325094
2020-10-31 20:00:00,0.6239550649945145,0.0598553078572618
2020-10-31 21:00:00,0.8094744607505078,0.0
2020-10-31 22:00:00,0.7157420078182235,0.0526631047316424
2020-10-31 23:00:00,0.6141158052667902,0.011718249339993499
2020-11-01 00:00:00,0.47848828200952986,0.0
2020-11-01 01:00:00,0.5171970384091336,0.0601163252243763
2020-11-01 02:00:00,0.5708143175731397,0.0
2020-11-01 03:00:00,0.6500978927457364,0.0
2020-11-01 04:00:00,0.6677415277631745,0.0
2020-11-01 05:00:00,0.6476123054128453,0.0
2020-11-01 06:00:00,0.47284696412594196,0.0327693492801209
2020-11-01 07:00:00,0.5795549883016141,0.312378500703835
2020-11-01 08:00:00,0.658881474936891,0.6798547869598136
2020-11-01 09:00:00,0.6444675566059059,0.8659571813793911
2020-11-01 10:00:00,0.6511283238733774,1.137822825413924
2020-11-01 11:00:00,0.5320173159302957,1.3347808521275801
2020-11-01 12:00:00,0.341416940015124,1.36541649467503
2020-11-01 13:00:00,0.5329262590110979,1.26552052963142
2020-11-01 14:00:00,0.6387260310701905,1.1620253144194437
2020-11-01 15:00:00,0.472074910614941,0.9375374797688795
2020-11-01 16:00:00,0.6202457226029578,0.6036118494696181
2020-11-01 17:00:00,0.528144263304342,0.2825940642165345
2020-11-01 18:00:00,0.46998507486756713,0.0318119000375957
2020-11-01 19:00:00,0.5629971009741376,0.0137879520286029
2020-11-01 20:00:00,0.5354958542478935,0.0008927498034008
2020-11-01 21:00:00,0.4360345966671495,0.0350121722961135
2020-11-01 22:00:00,0.554037933928107,0.0021684207459369
2020-11-01 23:00:00,0.552575148876697,0.0
2020-11-02 00:00:00,0.5326869129867294,0.07101866011906599
2020-11-02 01:00:00,0.4706583311314123,0.07817994584219111
2020-11-02 02:00:00,0.5555706888937669,0.0050507486896246
2020-11-02 03:00:00,0.6333636481028133,0.0238438998746655
2020-11-02 04:00:00,0.4439101167566234,0.021677718150863
2020-11-02 05:00:00,0.6298706537007936,0.0
2020-11-02 06:00:00,0.3981051647831594,0.0140393417133975
2020-11-02 07:00:00,0.5402940958689695,0.3935682717800873
2020-11-02 08:00:00,0.5445793707584993,0.6709110041467713
2020-11-02 09:00:00,0.6112455793681334,1.0233797587580722
2020-11-02 10:00:00,0.6024689278989714,1.1897440499172316
2020-11-02 11:00:00,0.7688861386083766,1.2381867155979387
2020-11-02 12:00:00,0.677445572660225,1.35900205148522
2020-11-02 13:00:00,0.5250661873712275,1.2789460634499439
2020-11-02 14:00:00,0.6660053657975419,1.123702736803856
2020-11-02 15:00:00,0.705214345580264,0.977115178621156
2020-11-02 16:00:00,0.5969566142130809,0.6384499742075512
2020-11-02 17:00:00,0.7073970600031735,0.3106188448399567
2020-11-02 18:00:00,0.3863802846215505,0.0313533534118351
2020-11-02 19:00:00,0.7597085214939825,0.14716329603292572
2020-11-02 20:00:00,0.6750094353918719,0.0136300777105123
2020-11-02 21:00:00,0.7047238437029502,0.0248616429290804
2020-11-02 22:00:00,0.736635065315683,0.0
2020-11-02 23:00:00,0.7789244474292272,0.0054043285293944
2020-11-03 00:00:00,0.9197639904528647,0.0248913085128666
2020-11-03 01:00:00,0.7931167395663286,0.0474233254965094
2020-11-03 02:00:00,0.7172037549571337,0.006415882794667
2020-11-03 03:00:00,0.7352724284778265,0.0204537515593733
2020-11-03 04:00:00,0.7496355244472059,0.0050442214102622
2020-11-03 05:00:00,0.8335732000852921,0.0504773998955836
2020-11-03 06:00:00,0.8834550819211833,0.0276289880184327
2020-11-03 07:00:00,0.8488408885483836,0.39261489865338883
2020-11-03 08:00:00,0.8287330041192017,0.6210641356526635
2020-11-03 09:00:00,1.001972670996984,0.8480749729053529
2020-11-03 10:00:00,0.9041203184227822,1.1517361610883197
2020-11-03 11:00:00,0.9333475218134247,1.294622727184939
2020-11-03 12:00:00,1.0448514393333221,1.3692348058268762
2020-11-03 13:00:00,0.8921683905372977,1.2532905932697207
2020-11-03 14:00:00,0.9924698154012741,1.1619234629017496
2020-11-03 15:00:00,0.9865484318319111,0.9345237727009087
2020-11-03 16:00:00,0.9699599198556131,0.6431624150989917
2020-11-03 17:00:00,0.9682839802312714,0.3621092858892412
2020-11-03 18:00:00,0.8736519982121168,0.0
2020-11-03 19:00:00,1.06879886895267,0.0369499519329399
2020-11-03 20:00:00,1.037865365881622,0.0492573044628701
2020-11-03 21:00:00,1.064650433028359,0.0083812327388411
2020-11-03 22:00:00,1.1030966498039376,0.0346314489867546
2020-11-03 23:00:00,1.0185645137017678,0.0
2020-11-04 00:00:00,0.9755002267975648,0.0242473254733003
2020-11-04 01:00:00,1.1236072349687494,0.05016124507609179
2020-11-04 02:00:00,0.9965781030208648,0.029370827531800398
2020-11-04 03:00:00,1.0400362137584764,0.0255826760400786
2020-11-04 04:00:00,1.162427620432977,0.0
2020-11-04 05:00:00,1.1049908716957928,0.0725447423201903
2020-11-04 06:00:00,1.1768450039870144,0.10894274408204221
2020-11-04 07:00:00,1.0073060887342784,0.3123289749235183
2020-11-04 08:00:00,1.1070050009726866,0.6723856314235998
2020-11-04 09:00:00,1.2275855888147411,0.9723177391602039
2020-11-04 10:00:00,1.1389425782822387,1.169313097558571
2020-11-04 11:00:00,1.192959647007555,1.3035419925335456
2020-11-04 12:00:00,1.2466002633136153,1.291613061320158
2020-11-04 13:00:00,1.2320904209249062,1.2398476232003026
2020-11-04 14:00:00,1.3723026553377355,1.15727147785785
2020-11-04 15:00:00,1.254519915954889,0.8545587399748857
2020-11-04 16:00:00,1.400260109331614,0.6778253109374855
2020-11-04 17:00:00,1.3128949677635346,0.3918355779673799
2020-11-04 18:00:00,1.351537605461035,0.013978687062550302
2020-11-04 19:00:00,1.4165650914624366,0.0017444561663791
2020-11-04 20:00:00,1.3775601058621203,0.0330374599549758
2020-11-04 21:00:00,1.1595310319223011,0.0271270460402312
2020-11-04 22:00:00,1.2941013705890392,0.0067774012323797
2020-11-04 23:00:00,1.4627829790831783,0.0823900439648825
2020-11-05 00:00:00,1.4646095290382597,0.0
2020-11-05 01:00:00,1.4375619938676887,0.0173811409962211
2020-11-05 02:00:00,1.2735589453769038,0.0
2020-11-05 03:00:00,1.363387235069648,0.0
2020-11-05 04:00:00,1.4102602069232366,0.0232020659482309
2020-11-05 05:00:00,1.3293812026709537,0.0436679669904187
2020-11-05 06:00:00,1.3609066743672815,0.0
2020-11-05 07:00:00,1.357863205567607,0.3156653616895359
2020-11-05 08:00:00,1.378558816277828,0.6414542625741694
2020-11-05 09:00:00,1.374193113316737,0.9208645535318346
2020-11-05 10:00:00,1.3447141749455236,1.1499412385148355
2020-11-05 11:00:00,1.2820712578028388,1.3010773326592198
2020-11-05 12:00:00,1.383751695737688,1.3564911846019294
2020-11-05 13:00:00,1.2376943147746373,1.2725616342184958
2020-11-05 14:00:00,1.5769621806070453,1.116164594388059
2020-11-05 15:00:00,1.3228973733416658,0.9253893495646928
2020-11-05 16:00:00,1.2800655378358423,0.6249934566656647
2020-11-05 17:00:00,1.353038693709852,0.344543552680588
2020-11-05 18:00:00,1.4086695999674945,0.0
2020-11-05 19:00:00,1.2946895493104777,0.0658721786385893
2020-11-05 20:00:00,1.2806406104626689,0.0048881935428722
2020-11-05 21:00:00,1.2810188032090282,0.0
2020-11-05 22:00:00,1.1320728107701692,0.036423113890026004
2020-11-05 23:00:00,1.250671575851214,0.0124579637578842
2020-11-06 00:00:00,1.0664502771182405,0.0144821008043999
2020-11-06 01:00:00,1.3068455540959572,0.0
2020-11-06 02:00:00,1.4705426030792839,0.0
2020-11-06 03:00:00,1.2321315486850262,0.0188294794618896
2020-11-06 04:00:00,1.2005745728173156,0.0
2020-11-06 05:00:00,1.2787600050417565,0.0207576499944377
2020-11-06 06:00:00,1.2321066456235894,0.0546636242301721
2020-11-06 07:00:00,1.1774357179539248,0.3112429149975064
2020-11-06 08:00:00,1.1037895908135302,0.6930767788953135
2020-11-06 09:00:00,1.1871028613908798,0.8485095188106302
2020-11-06 10:00:00,1.0680089924748026,1.1779984395625365
2020-11-06 11:00:00,1.1828744512666518,1.3357883631501695
2020-11-06 12:00:00,1.0888931658802914,1.3827540454565566
2020-11-06 13:00:00,1.0976661813398811,1.2787325261428424
2020-11-06 14:00:00,1.1896847975765352,1.0611912642521368
2020-11-06 15:00:00,1.035017012331355,1.020071497585316
2020-11-06 16:00:00,1.0311473753224822,0.6657729357156009
2020-11-06 17:00:00,1.0829861831802154,0.39091120105928334
2020-11-06 18:00:00,1.0788044042905116,0.0825390828286805
2020-11-06 19:00:00,1.006910162340357,0.0155028202333378
2020-11-06 20:00:00,1.0031373254021463,0.0315930210731268
2020-11-06 21:00:00,1.0242556977492805,0.048731459506990996
2020-11-06 22:00:00,0.8259441696568179,0.0053470857496962
2020-11-06 23:00:00,0.9018776176965915,0.0351631462392307
2020-11-07 00:00:00,1.0583194388022756,0.0041141052070804
2020-11-07 01:00:00,1.0029607362563135,0.0129072244039903
2020-11-07 02:00:00,0.9881920220349754,0.0227893667009076
2020-11-07 03:00:00,0.7119369763243228,0.036235657998113305
2020-11-07 04:00:00,0.9629743967144635,0.0243027594269333
2020-11-07 05:00:00,0.9054445285290538,0.0541422789132515
2020-11-07 06:00:00,0.8683596073259596,0.0068326050173459
2020-11-07 07:00:00,0.9135085061553072,0.3551003459171225
2020-11-07 08:00:00,0.7406176848596291,0.6395407372619158
2020-11-07 09:00:00,0.8130044833454377,0.9840934192313671
2020-11-07 10:00:00,0.7541652091642222,1.108792604740065
2020-11-07 11:00:00,0.7691348962891377,1.3220081293505863
2020-11-07 12:00:00,0.7242647614729334,1.345420795490761
2020-11-07 13:00:00,0.7670412221526748,1.2727551622218902
2020-11-07 14:00:00,0.6693475297736267,1.1850840459217058
2020-11-07 15:00:00,0.7282065459272341,0.8898307416433389
2020-11-07 16:00:00,0.7404689221676628,0.6654458232575822
2020-11-07 17:00:00,0.7457713809062114,0.43006123081724656
2020-11-07 18:00:00,0.629167576415247,0.039902592288651
2020-11-07 19:00:00,0.6997296219763625,0.0
2020-11-07 20:00:00,0.677936898766103,0.0564005753447882
2020-11-07 21:00:00,0.6734101323990831,0.0840331370026481
2020-11-07 22:00:00,0.729555783402606,0.0298223891616518
2020-11-07 23:00:00,0.7516561488242262,0.0116332718592979
2020-11-08 00:00:00,0.5717446005533686,0.0
2020-11-08 01:00:00,0.547684458104917,0.0238312156067228
2020-11-08 02:00:00,0.5995694269563593,0.0014143577312695
2020-11-08 03:00:00,0.6311674483219682,0.0316369069335816
2020-11-08 04:00:00,0.558855068145856,0.0048637249979887
2020-11-08 05:00:00,0.644785343069208,0.0
2020-11-08 06:00:00,0.4974066380078823,0.0510858466502601
2020-11-08 07:00:00,0.4760017407194431,0.3358563474776997
2020-11-08 08:00:00,0.569377825205098,0.6420856139767497
2020-11-08 09:00:00,0.6204045073833218,0.9355276067205913
2020-11-08 10:00:00,0.46052055764883093,1.1232307283163174
2020-11-08 11:00:00,0.4971278047216133,1.2987301392892563
2020-11-08 12:00:00,0.5778636711234781,1.3845786205816366
2020-11-08 13:00:00,0.537074501222352,1.3455725399816112
2020-11-08 14:00:00,0.3779737395339184,1.1816755315570666
2020-11-08 15:00:00,0.5312393908906058,0.9669498272059943
2020-11-08 16:00:00,0.4957709925136309,0.6112871670804703
2020-11-08 17:00:00,0.5482112899522336,0.3659189850327579
2020-11-08 18:00:00,0.5535173382431077,0.0
2020-11-08 19:00:00,0.5352414789847283,0.0142089660454148
2020-11-08 20:00:00,0.5964624493189423,0.0138780930043756
2020-11-08 21:00:00,0.5324244107630143,0.0448553610607242
2020-11-08 22:00:00,0.4930462721173189,0.0214843994509283
2020-11-08 23:00:00,0.5378232454708531,0.0969314533450239
2020-11-09 00:00:00,0.5404032993363277,0.0685882634559341
2020-11-09 01:00:00,0.45150691576948143,0.0
2020-11-09 02:00:00,0.5273803840374787,0.0374946972303061
2020-11-09 03:00:00,0.5859056543491763,0.0437010901123018
2020-11-09 04:00:00,0.6906230724048761,0.0498369489951657
2020-11-09 05:00:00,0.4847611730440895,0.0
2020-11-09 06:00:00,0.48292254952109753,0.0307306623749558
2020-11-09 07:00:00,0.5389303458896009,0.3617777839555538
2020-11-09 08:00:00,0.6072662983563872,0.6988209564109596
2020-11-09 09:00:00,0.5474728355383471,0.8931841945255903
2020-11-09 10:00:00,0.5874086475135076,1.1955496723113155
2020-11-09 11:00:00,0.4998944326275349,1.3428749367053157
2020-11-09 12:00:00,0.6358413600275278,1.3448286030119063
2020-11-09 13:00:00,0.6766646911525297,1.3041942984610004
2020-11-09 14:00:00,0.6222374282183575,1.2196862545259939
2020-11-09 15:00:00,0.5298831195042416,0.9242152706303784
2020-11-09 16:00:00,0.7524608648200368,0.65966988492897
2020-11-09 17:00:00,0.6029658869146053,0.37560170477071186
2020-11-09 18:00:00,0.674789973379428,0.0089450740101374
2020-11-09 19:00:00,0.6028747280973276,0.030761875751821002
2020-11-09 20:00:00,0.7031597055287389,0.0
2020-11-09 21:00:00,0.8331969157964214,0.0
2020-11-09 22:00:00,0.8328608517014473,0.00479068723852
2020-11-09 23:00:00,0.7886547044359701,0.0255921312058809
2020-11-10 00:00:00,0.8525288103108156,0.0070833222063425
2020-11-10 01:00:00,0.8099882345183731,0.016871845548442902
2020-11-10 02:00:00,0.7604674894611513,0.0188715787752591
2020-11-10 03:00:00,0.7014280116865964,0.0075521012836997
2020-11-10 04:00:00,0.8397375762171,0.0359030131018421
2020-11-10 05:00:00,0.9922286758226748,0.0372310051272585
2020-11-10 06:00:00,0.8707414291672737,0.0439952182116263
2020-11-10 07:00:00,0.9098917467141681,0.3796141452755673
2020-11-10 08:00:00,0.830744723719823,0.6344621364899098
2020-11-10 09:00:00,0.9290457960132124,0.9461561278385251
2020-11-10 10:00:00,0.8337990041511837,1.1785747700942997
2020-11-10 11:00:00,0.9107916967373603,1.303249901587499
2020-11-10 12:00:00,0.9710238529198685,1.4049349590398155
2020-11-10 13:00:00,1.0061943588547317,1.357688680549617
2020-11-10 14:00:00,0.9910721150647612,1.1772359964164527
2020-11-10 15:00:00,0.9251186453842668,0.9194952823350269
2020-11-10 16:00:00,1.1333170528929513,0.6183811625421258
2020-11-10 17:00:00,1.0221929943346137,0.38862232824988896
2020-11-10 18:00:00,1.1211592814117068,0.0021628404763132
2020-11-10 19:00:00,1.1274206753995488,0.0851208893079427
2020-11-10 20:00:00,0.9851200899928013,0.046436614375471
2020-11-10 21:00:00,1.1961607818792066,0.0594149195104389
2020-11-10 22:00:00,1.0515193693422542,0.060806433278588104
2020-11-10 23:00:00,1.155785778767753,0.0113260946724202
2020-11-11 00:00:00,1.2958956041841518,0.0
2020-11-11 01:00:00,1.0917182170392268,0.002158706304345
2020-11-11 02:00:00,1.0462393744776541,0.0368839463316137
2020-11-11 03:00:00,1.1227908990858786,0.0013888316978156
2020-11-11 04:00:00,1.0529203305505612,0.0
2020-11-11 05:00:00,1.2831053407529835,0.0060742480415879
2020-11-11 06:00:00,1.2384908962444046,0.0197337629972105
2020-11-11 07:00:00,1.1977935930193029,0.3316616702386672
2020-11-11 08:00:00,1.2006952025358553,0.6874083613889346
2020-11-11 09:00:00,1.0931346323294888,0.9978110212775628
2020-11-11 10:00:00,1.2562706823018135,1.1329870539224491
2020-11-11 11:00:00,1.3322343378828538,1.2788202169787224
2020-11-11 12:00:00,1.2713179499198892,1.3323441253142059
2020-11-11 13:00:00,1.2536901203500044,1.3164595452793986
2020-11-11 14:00:00,1.2833750094571055,1.131889993724456
2020-11-11 15:00:00,1.2491117033872237,1.0143585216668711
2020-11-11 16:00:00,1.2396133491734436,0.6827280225954189
2020-11-11 17:00:00,1.3482785926155572,0.3678511305274
2020-11-11 18:00:00,1.2622790786769698,0.0
2020-11-11 19:00:00,1.457491076378635,0.0
2020-11-11 20:00:00,1.3621422402572552,0.0289868771186817
2020-11-11 21:00:00,1.293132551182651,0.0
2020-11-11 22:00:00,1.2952954086468869,0.0086307151644884
2020-11-11 23:00:00,1.4083548675258144,0.0437787938149298
2020-11-12 00:00:00,1.2737736515057358,0.0
2020-11-12 01:00:00,1.3010447797989464,0.0166513868972747
2020-11-12 02:00:00,1.3106496631598241,0.0147724044155833
2020-11-12 03:00:00,1.4399582151650936,0.0322568611364052
2020-11-12 04:00:00,1.3498052446570283,0.0286627583551839
2020-11-12 05:00:00,1.3412627576289278,0.0
2020-11-12 06:00:00,1.4262753158392623,0.0277004359093935
2020-11-12 07:00:00,1.2775333809757277,0.3324930411265737
2020-11-12 08:00:00,1.3445781864115756,0.6697949352865308
2020-11-12 09:00:00,1.4192746398305562,0.9377226132091683
2020-11-12 10:00:00,1.3691084163483693,1.147960261097257
2020-11-12 11:00:00,1.3723195478367645,1.254747183741324
2020-11-12 12:00:00,1.3900575368537897,1.2869010541020574
2020-11-12 13:00:00,1.37075360531754,1.3817517958297687
2020-11-12 14:00:00,1.3792581279041847,1.1266221997749708
2020-11-12 15:00:00,1.4041850755829657,0.8902028170671333
2020-11-12 16:00:00,1.3190601942536166,0.6291503775713124
2020-11-12 17:00:00,1.3811885324176045,0.4225590365339182
2020-11-12 18:00:00,1.4091513109925367,0.0705739280039779
2020-11-12 19:00:00,1.2991966133936756,0.0718524586556192
2020-11-12 20:00:00,1.3766194038251014,0.07143418468413751
2020-11-12 21:00:00,1.266332656890069,0.0153969952232443
2020-11-12 22:00:00,1.267597669686542,0.0413170320377659
2020-11-12 23:00:00,1.2405795328266278,0.0098665599045555
2020-11-13 00:00:00,1.3718696237076542,0.0234855797525287
2020-11-13 01:00:00,1.3051809269693069,0.0152480968219701
2020-11-13 02:00:00,1.3068429444743543,0.0209197730937113
2020-11-13 03:00:00,1.1787737542288632,0.0
2020-11-13 04:00:00,1.213464519275828,0.0
2020-11-13 05:00:00,1.191626166364398,0.0743879325945088
2020-11-13 06:00:00,1.2668069190375921,0.0656891755462645
2020-11-13 07:00:00,1.245837798886095,0.3805890629841911
2020-11-13 08:00:00,1.2302093443097613,0.713311709648111
2020-11-13 09:00:00,1.0804778590753956,0.9196375348758679
2020-11-13 10:00:00,1.2946225143784043,1.1799889283591822
2020-11-13 11:00:00,1.2812358869458416,1.2939663065525773
2020-11-13 12:00:00,1.1876726736432774,1.388826934727086
2020-11-13 13:00:00,1.0102582414865053,1.2780328748572993
2020-11-13 14:00:00,1.0760091819553805,1.2255502700340106
2020-11-13 15:00:00,1.1306227724141038,0.8950779805700049
2020-11-13 16:00:00,1.158720677350083,0.714855495361474
2020-11-13 17:00:00,1.1972109309621517,0.4015955180804197
2020-11-13 18:00:00,0.9591144129157094,0.0484809684190908
2020-11-13 19:00:00,1.1367329730818145,0.0008857110291533
2020-11-13 20:00:00,1.0867899778406818,0.0110648255794562
2020-11-13 21:00:00,0.9620313371005844,0.0185544828406869
2020-11-13 22:00:00,0.9680261080420951,0.0232069814239818
2020-11-13 23:00:00,1.025466158195221,0.0115809725063452
2020-11-14 00:00:00,1.0100905407964258,0.039076843339489305
2020-11-14 01:00:00,0.9519746282396813,0.0162233313852257
2020-11-14 02:00:00,0.9062236704758775,0.041596397079683003
2020-11-14 03:00:00,1.0866241874696498,0.0
2020-11-14 04:00:00,0.897712916099983,0.0
2020-11-14 05:00:00,0.8020708553762861,0.0444949022728185
2020-11-14 06:00:00,0.9454935272750085,0.0372067194845361
2020-11-14 07:00:00,0.7550196347198702,0.3798696258198278
2020-11-14 08:00:00,0.9323430397924223,0.7496886068055938
2020-11-14 09:00:00,0.7696439172034404,0.9441059208838523
2020-11-14 10:00:00,0.8414106576207925,1.1583059862524248
2020-11-14 11:00:00,0.7546640945944527,1.346124688061476
2020-11-14 12:00:00,0.6832856949908218,1.3099953250337233
2020-11-14 13:00:00,0.7916389432200384,1.3621696521045958
2020-11-14 14:00:00,0.8970024952862682,1.1457271534674343
2020-11-14 15:00:00,0.6824854271475415,1.084633974955532
2020-11-14 16:00:00,0.7404277386918137,0.6582420923461785
2020-11-14 17:00:00,0.7311421897461448,0.365418144290578
2020-11-14 18:00:00,0.5631740674296901,0.0361934993475145
2020-11-14 19:00:00,0.6354847445639972,0.0339461169786504
2020-11-14 20:00:00,0.45080845077360787,0.0
2020-11-14 21:00:00,0.7408976263121311,0.0
2020-11-14 22:00:00,0.5984370562371845,0.0582533663846697
2020-11-14 23:00:00,0.775081901426312,0.060559254817701205
2020-11-15 00:00:00,0.6139612971368802,0.0463736720599127
2020-11-15 01:00:00,0.5735449999846305,0.0
2020-11-15 02:00:00,0.7183835550624635,0.0436311880529269
2020-11-15 03:00:00,0.6886299349377072,0.0251662081533668
2020-11-15 04:00:00,0.655342570561251,0.0117001788783971
2020-11-15 05:00:00,0.6220471297631252,0.0
2020-11-15 06:00:00,0.5299113185713905,0.0185535647554169
2020-11-15 07:00:00,0.5796899869828053,0.3124556593224857
2020-11-15 08:00:00,0.6243781777672759,0.6551318213575289
2020-11-15 09:00:00,0.4940932332328424,1.020542106299939
2020-11-15 10:00:00,0.5699340071208547,1.1597845072408175
2020-11-15 11:00:00,0.622353260405411,1.2914876125033579
2020-11-15 12:00:00,0.4764362741116578,1.359514513426261
2020-11-15 13:00:00,0.6070367725471837,1.3438577810712378
2020-11-15 14:00:00,0.6063929348737875,1.1505718078519136
2020-11-15 15:00:00,0.6012446914736602,0.9448818667281341
2020-11-15 16:00:00,0.5385326400456988,0.5952458596501857
2020-11-15 17:00:00,0.5114301403458974,0.3319876630205859
2020-11-15 18:00:00,0.5217294657757379,0.0049572913825353
2020-11-15 19:00:00,0.5428582065934455,0.0044152753232083
2020-11-15 20:00:00,0.5392810187977455,0.0363300337140579
2020-11-15 21:00:00,0.5651448624069741,0.0074682758500416
2020-11-15 22:00:00,0.5515212651296793,0.0203769230714548
2020-11-15 23:00:00,0.6166199743518623,0.0
2020-11-16 00:00:00,0.5598803229275179,0.0139657586785616
2020-11-16 01:00:00,0.5212190917360953,0.0743008924595897
2020-11-16 02:00:00,0.6719647429032587,0.030027472929986098
2020-11-16 03:00:00,0.625983320148674,0.0028066859844551
2020-11-16 04:00:00,0.6517315899859465,0.054980783435278804
2020-11-16 05:00:00,0.3936217219197985,0.0
2020-11-16 06:00:00,0.6475867667142103,0.0100867173332926
2020-11-16 07:00:00,0.4651980797971181,0.3171317183190214
2020-11-16 08:00:00,0.5722612108574554,0.6071150557574871
2020-11-16 09:00:00,0.5588869554251417,0.9481431519075336
2020-11-16 10:00:00,0.7060034841982157,1.1308843896715868
2020-11-16 11:00:00,0.5725491848068152,1.31300898122247
2020-11-16 12:00:00,0.5718489266053033,1.3301289369805729
2020-11-16 13:00:00,0.726149379808348,1.3317403720279293
2020-11-16 14:00:00,0.8287982388622368,1.204155538363669
2020-11-16 15:00:00,0.6359814239125172,0.9792566061262733
2020-11-16 16:00:00,0.574795113338497,0.6731067014119284
2020-11-16 17:00:00,0.650912898307873,0.3186136507022713
2020-11-16 18:00:00,0.6151507214776413,0.0163296192024295
2020-11-16 19:00:00,0.9216887736643613,0.0025201089809443
2020-11-16 20:00:00,0.7692939223293588,0.0263586318753937
2020-11-16 21:00:00,0.7130495127803582,0.040958910690862
2020-11-16 22:00:00,0.7985895319035773,0.0
2020-11-16 23:00:00,0.6178076058521492,0.0191592862823944
2020-11-17 00:00:00,0.7186726243913941,0.0223376059072839
2020-11-17 01:00:00,0.8077351692827104,0.0229736344390157
2020-11-17 02:00:00,0.8448805291229726,0.00235362580078
2020-11-17 03:00:00,0.8019409132924349,0.053602592713540995
2020-11-17 04:00:00,0.8951999552207167,0.0
2020-11-17 05:00:00,0.9484024439465726,0.06242149650426
2020-11-17 06:00:00,0.8686133977598396,0.013442538163665
2020-11-17 07:00:00,0.8935474477757144,0.3740883435339667
2020-11-17 08:00:00,0.9212664310878,0.7160329585229068
2020-11-17 09:00:00,0.825006533292135,0.9450871967556408
2020-11-17 10:00:00,0.8255485854233798,1.1604497310231374
2020-11-17 11:00:00,0.8147978145258383,1.2610578994810722
2020-11-17 12:00:00,0.8279862527968032,1.3977670993298088
2020-11-17 13:00:00,1.0823775318396014,1.3781265540796144
2020-11-17 14:00:00,1.0188213703218736,1.2018669188815574
2020-11-17 15:00:00,0.9089259424047367,0.9228737564481015
2020-11-17 16:00:00,0.9918651011496149,0.6702254388818898
2020-11-17 17:00:00,1.0499660904466095,0.3295874118580081
2020-11-17 18:00:00,1.112808143885755,0.0229850998400552
2020-11-17 19:00:00,1.104069925263527,0.0311145918115579
2020-11-17 20:00:00,0.9945254697354728,0.0510086961757356
2020-11-17 21:00:00,1.0768865330063941,0.0149602496294062
2020-11-17 22:00:00,1.1617429611839785,0.0507394046808545
2020-11-17 23:00:00,1.1658189939358652,0.0747940802348801
2020-11-18 00:00:00,1.300533925619872,0.0135953629181616
2020-11-18 01:00:00,1.0240489856456967,0.0326374457194416
2020-11-18 02:00:00,1.2638395427054145,0.0418799947945172
2020-11-18 03:00:00,1.2874938010134511,0.0860321355839456
2020-11-18 04:00:00,1.0844209495461496,0.050790040223694
2020-11-18 05:00:00,1.200935101693796,0.0
2020-11-18 06:00:00,1.311787217227463,0.0
2020-11-18 07:00:00,1.2893164579671414,0.4730527744042524
2020-11-18 08:00:00,1.261517624038178,0.7126177841649762
2020-11-18 09:00:00,1.3832776278765322,0.9855764614995446
2020-11-18 10:00:00,1.2911308771938623,1.1903749376962718
2020-11-18 11:00:00,1.3733994703745522,1.3152335166879645
2020-11-18 12:00:00,1.2335462581187238,1.3429434356997392
2020-11-18 13:00:00,1.2867097324586103,1.2987902962448272
2020-11-18 14:00:00,1.3498474330154004,1.2274395090389953
2020-11-18 15:00:00,1.3585146269301989,0.9083500006365381
2020-11-18 16:00:00,1.3292768134156274,0.6556181110654471
2020-11-18 17:00:00,1.4501194091472889,0.3287770733951484
2020-11-18 18:00:00,1.3867101838671485,0.046860435799641095
2020-11-18 19:00:00,1.4863919216979466,0.0563393903549496
2020-11-18 20:00:00,1.4580410303925424,0.0698917617958076
2020-11-18 21:00:00,1.4173444510076543,0.0270896635757682
2020-11-18 22:00:00,1.4186607042713635,0.0046628244041016
2020-11-18 23:00:00,1.3026374491798907,0.12220460273487471
2020-11-19 00:00:00,1.4020871253907958,0.0399758450367946
2020-11-19 01:00:00,1.3797689855741528,0.0235248058392118
2020-11-19 02:00:00,1.3634084385203038,0.0093708877430159
2020-11-19 03:00:00,1.3758283247241336,0.0057450816504101
2020-11-19 04:00:00,1.305856526572257,0.0113821226961378
2020-11-19 05:00:00,1.4006853278274463,0.0369353475519655
2020-11-19 06:00:00,1.3207008727079708,0.0135323141168472
2020-11-19 07:00:00,1.3633889969535422,0.3959299261799698
2020-11-19 08:00:00,1.3614890563256925,0.634818629559406
2020-11-19 09:00:00,1.5023247704485678,1.0011964960058757
2020-11-19 10:00:00,1.4149289057981367,1.1657474472153695
2020-11-19 11:00:00,1.458178424905126,1.3055692754512267
2020-11-19 12:00:00,1.4903596768754506,1.401284048744931
2020-11-19 13:00:00,1.4173392330602614,1.298384518638946
2020-11-19 14:00:00,1.4159040347037686,1.2249294099497825
2020-11-19 15:00:00,1.4264386555050046,0.9442039963378202
2020-11-19 16:00:00,1.5212011681420248,0.7250561709610885
2020-11-19 17:00:00,1.4290639351392902,0.3722355908242437
2020-11-19 18:00:00,1.3027860253646824,0.0437248462172121
2020-11-19 19:00:00,1.3321940045704967,0.028722372468523
2020-11-19 20:00:00,1.3942108554455075,0.0234267562828348
2020-11-19 21:00:00,1.275892154419033,0.0
2020-11-19 22:00:00,1.3386850893310727,0.0011110619212535
2020-11-19 23:00:00,1.221208685727198,0.0132911710430469
2020-11-20 00:00:00,1.320903372547088,0.0322710073464775
2020-11-20 01:00:00,1.2450742824313341,0.014990673183676
2020-11-20 02:00:00,1.1629682335237113,0.0236925562667578
2020-11-20 03:00:00,1.4000395657960993,0.0
2020-11-20 04:00:00,1.181547726054183,0.0190549676718553
2020-11-20 05:00:00,1.3189570257356997,0.0
2020-11-20 06:00:00,1.1446925320446448,0.0269034615330538
2020-11-20 07:00:00,1.284957884469233,0.3430971176947381
2020-11-20 08:00:00,1.2304342899219514,0.5982763936467005
2020-11-20 09:00:00,1.1517580512452095,0.9929159162456347
2020-11-20 10:00:00,1.0982545932953134,1.2207558816787782
2020-11-20 11:00:00,1.0964088439986188,1.2640858826139143
2020-11-20 12:00:00,1.2452580022386126,1.4162950923570417
2020-11-20 13:00:00,1.2133448003739902,1.2986673650737572
2020-11-20 14:00:00,1.2021027093442085,1.2774108281813124
2020-11-20 15:00:00,1.0758048476064461,0.9776131287827627
2020-11-20 16:00:00,1.1397209467416078,0.6934290941645277
2020-11-20 17:00:00,1.1656995687644711,0.34373680261139017
2020-11-20 18:00:00,1.0485856704469618,0.0119285214273278
2020-11-20 19:00:00,1.1089053875907258,0.0
2020-11-20 20:00:00,1.044804563193272,0.027748834078545198
2020-11-20 21:00:00,1.0267484388006172,0.041167333450373995
2020-11-20 22:00:00,0.9738775084803148,0.0314207956042558
2020-11-20 23:00:00,1.040137106334583,0.021084865947517
2020-11-21 00:00:00,1.1030037625297326,0.0727431390462931
2020-11-21 01:00:00,0.8940645055869388,0.0
2020-11-21 02:00:00,0.8636865522655821,0.0223215650607433
2020-11-21 03:00:00,0.8302212298968965,0.0268957006298251
2020-11-21 04:00:00,0.8350295212107491,0.0717758254096482
2020-11-21 05:00:00,0.970947312284076,0.037263008900905996
2020-11-21 06:00:00,0.761983575798018,0.0493480362980816
2020-11-21 07:00:00,0.8730963519915729,0.3408911212526331
2020-11-21 08:00:00,0.778917048793115,0.6720797606644725
2020-11-21 09:00:00,0.8294517477511412,1.0251925533739197
2020-11-21 10:00:00,0.7463659755320782,1.2352004286910208
2020-11-21 11:00:00,0.8251420436136894,1.3725429960446895
2020-11-21 12:00:00,0.672004734310112,1.4397124045867038
2020-11-21 13:00:00,0.7827443319699889,1.3513119664434983
2020-11-21 14:00:00,0.6044280648907435,1.2432505688363864
2020-11-21 15:00:00,0.6935018325539072,1.0344989564133786
2020-11-21 16:00:00,0.7068278257303685,0.6994600240886837
2020-11-21 17:00:00,0.6098074256329062,0.3453862598442213
2020-11-21 18:00:00,0.6917734819106509,0.0
2020-11-21 19:00:00,0.645881763543737,0.037398934806943
2020-11-21 20:00:00,0.7154914201278482,0.0421807465715151
2020-11-21 21:00:00,0.7008468175577303,0.0
2020-11-21 22:00:00,0.7512252086440192,0.0010003214168999
2020-11-21 23:00:00,0.743048985414155,0.0103445283662451
2020-11-22 00:00:00,0.652086494778582,0.0416285084181604
2020-11-22 01:00:00,0.6480733051878893,0.059192438322614005
2020-11-22 02:00:00,0.7396800065566593,0.0250645276555271
2020-11-22 03:00:00,0.6002685097586463,0.0121103150560673
2020-11-22 04:00:00,0.6240211616925899,0.0
2020-11-22 05:00:00,0.6088533618068072,0.0071927190976975
2020-11-22 06:00:00,0.7116803752596291,0.0346825918845565
2020-11-22 07:00:00,0.4706383117070333,0.23641053742933518
2020-11-22 08:00:00,0.6846708754695598,0.7089204435639045
2020-11-22 09:00:00,0.6892141699047591,0.9560187825550575
2020-11-22 10:00:00,0.49763075068412077,1.1794674374250236
2020-11-22 11:00:00,0.6904351504043671,1.4048458509930093
2020-11-22 12:00:00,0.6396876911352161,1.4305100748820845
2020-11-22 13:00:00,0.5450835647734004,1.2949384283696066
2020-11-22 14:00:00,0.6132890154272369,1.190120235246916
2020-11-22 15:00:00,0.5058452965988336,0.950504002170228
2020-11-22 16:00:00,0.6148034679828815,0.7215661313206748
2020-11-22 17:00:00,0.6021500635152135,0.3111915107544
2020-11-22 18:00:00,0.6073998508452483,0.0757859378597168
2020-11-22 19:00:00,0.5889372131736026,0.0157146379877438
2020-11-22 20:00:00,0.5080791591319601,0.0432590981908313
2020-11-22 21:00:00,0.51030345193937,0.0026114486098893
2020-11-22 22:00:00,0.4973232846680207,0.0005808219626733
2020-11-22 23:00:00,0.6265111221266959,0.023581063446234
2020-11-23 00:00:00,0.5285255762530565,0.004057840519157
2020-11-23 01:00:00,0.6710716317804801,0.0047882472233843
2020-11-23 02:00:00,0.6157857019518491,0.0
2020-11-23 03:00:00,0.5871208192678754,0.0006175262140702
2020-11-23 04:00:00,0.6439823669067284,0.0499675441352285
2020-11-23 05:00:00,0.6522181916868297,0.0
2020-11-23 06:00:00,0.5201924045744346,0.0531682735316167
2020-11-23 07:00:00,0.6638446368079591,0.3473385660972319
2020-11-23 08:00:00,0.7020167120099967,0.6744193711226374
2020-11-23 09:00:00,0.6448532392573907,0.989360485728483
2020-11-23 10:00:00,0.708878655525985,1.2588221640114172
2020-11-23 11:00:00,0.7407322340979274,1.3499545750057644
2020-11-23 12:00:00,0.7358615848663017,1.4522347693783968
2020-11-23 13:00:00,0.5870956975032737,1.301960093338015
2020-11-23 14:00:00,0.5364669912684797,1.1893161333379396
2020-11-23 15:00:00,0.6637591806791496,0.9153288240966053
2020-11-23 16:00:00,0.5669114115863026,0.7222616702385595
2020-11-23 17:00:00,0.597703718297942,0.3977448176300154
2020-11-23 18:00:00,0.754350992821962,0.0
2020-11-23 19:00:00,0.7640412050725642,0.0
2020-11-23 20:00:00,0.7818431753011719,0.0558021901577962
2020-11-23 21:00:00,0.6363856477145422,0.0265504702158655
2020-11-23 22:00:00,0.6470341078241478,0.0322331239678689
2020-11-23 23:00:00,0.8976749526592538,0.0228482730398877
2020-11-24 00:00:00,0.678249886722642,0.0227340725597245
2020-11-24 01:00:00,0.8148634046857064,0.0
2020-11-24 02:00:00,0.7548959499496761,0.035092179810525204
2020-11-24 03:00:00,0.7317707551747956,0.0
2020-11-24 04:00:00,0.8881802428596262,0.0254944460224204
2020-11-24 05:00:00,0.7728479088998361,0.05837325501249879
2020-11-24 06:00:00,0.827809979610785,0.0
2020-11-24 07:00:00,0.9304592222146002,0.3935751329892847
2020-11-24 08:00:00,0.8608236555474431,0.7165499162562027
2020-11-24 09:00:00,0.9649879370641223,0.9861128082641213
2020-11-24 10:00:00,0.962199216121147,1.195422142782117
2020-11-24 11:00:00,0.9155110236605665,1.36498497525113
2020-11-24 12:00:00,0.9933502038693829,1.4215756406922981
2020-11-24 13:00:00,1.0790001104926512,1.3677873398502451
2020-11-24 14:00:00,0.9570826113662849,1.1885351233429187
2020-11-24 15:00:00,1.08906081959661,1.0532147041224793
2020-11-24 16:00:00,1.0193511282954542,0.697087491165843
2020-11-24 17:00:00,1.0566003849538252,0.38464235760975163
2020-11-24 18:00:00,1.0867007183827622,0.0134489064160917
2020-11-24 19:00:00,1.0429219745426006,0.0361843365772044
2020-11-24 20:00:00,1.1537865218097871,0.0201877222441459
2020-11-24 21:00:00,1.27680459249743,0.022860775446136003
2020-11-24 22:00:00,1.072050979377831,0.0071490200708745
2020-11-24 23:00:00,1.0588351696310105,0.0
2020-11-25 00:00:00,1.1481654342380008,0.0168247507807364
2020-11-25 01:00:00,1.2615233819458214,0.0408740745990937
2020-11-25 02:00:00,1.1008782694742845,0.0115773026051652
2020-11-25 03:00:00,1.18540728913676,0.0238229473745671
2020-11-25 04:00:00,1.1061132967014793,0.0320268585637913
2020-11-25 05:00:00,1.2426758049498474,0.0045865004671609
2020-11-25 06:00:00,1.3339694645662772,0.0
2020-11-25 07:00:00,1.2769210434973486,0.3685387576498455
2020-11-25 08:00:00,1.2712533220355255,0.6947123308481364
2020-11-25 09:00:00,1.4232700391676998,1.0095178662043913
2020-11-25 10:00:00,1.3413652127865938,1.1546045247245278
2020-11-25 11:00:00,1.1749713066748142,1.3244394255871472
2020-11-25 12:00:00,1.439615028545874,1.439398537787767
2020-11-25 13:00:00,1.2438574146192725,1.3568082037906743
2020-11-25 14:00:00,1.1651306600575686,1.1883787235325876
2020-11-25 15:00:00,1.3311487306957854,0.9126344088313735
2020-11-25 16:00:00,1.316934267001853,0.688061948054078
2020-11-25 17:00:00,1.2928397111191812,0.3879892435284701
2020-11-25 18:00:00,1.2961422833896137,0.0392404236252243
2020-11-25 19:00:00,1.4051551237307738,0.0582130864826686
2020-11-25 20:00:00,1.391326686084894,0.058149652030531004
2020-11-25 21:00:00,1.3892032262505627,0.0
2020-11-25 22:00:00,1.3747101827313242,0.0054953184355797
2020-11-25 23:00:00,1.260497029003804,0.0170614490155073
2020-11-26 00:00:00,1.2953752394407374,0.0400807237606241
2020-11-26 01:00:00,1.5305395546035216,0.0
2020-11-26 02:00:00,1.4680439381485875,0.004414065005792
2020-11-26 03:00:00,1.354213994866035,0.0359501721465666
2020-11-26 04:00:00,1.3176762170414835,0.0466256706072845
2020-11-26 05:00:00,1.3540632101863181,0.0293431533742978
2020-11-26 06:00:00,1.4590391457676861,0.0353081384510263
2020-11-26 07:00:00,1.4622087171473823,0.2608569249465374
2020-11-26 08:00:00,1.4221524919180033,0.7813174016353135
2020-11-26 09:00:00,1.4784836956807963,0.9716876019868176
2020-11-26 10:00:00,1.388177899650107,1.217748088432761
2020-11-26 11:00:00,1.5233726690716194,1.378577806865866
2020-11-26 12:00:00,1.3447330381057767,1.4289741736867663
2020-11-26 13:00:00,1.4387121142122923,1.3359080664844114
2020-11-26 14:00:00,1.3865737303151255,1.2420591695418206
2020-11-26 15:00:00,1.5399891465024957,0.955231248653772
2020-11-26 16:00:00,1.3350361691821648,0.677867797089358
2020-11-26 17:00:00,1.3790831393391696,0.37076423843704065
2020-11-26 18:00:00,1.2924516355941682,0.0214364596410366
2020-11-26 19:00:00,1.3916523794267044,0.0219592206031809
2020-11-26 20:00:00,1.4475827934921748,0.04213986806002
2020-11-26 21:00:00,1.3266527750747459,0.0
2020-11-26 22:00:00,1.348527265774437,0.0067801753508488
2020-11-26 23:00:00,1.241837215393509,0.0116767807074177
2020-11-27 00:00:00,1.4184390399771383,0.0301528950853723
2020-11-27 01:00:00,1.3785144634029423,0.0888344195333653
2020-11-27 02:00:00,1.3808417020207084,0.0
2020-11-27 03:00:00,1.351270531448811,0.0455202036896029
2020-11-27 04:00:00,1.260972012732732,0.0106593355597092
2020-11-27 05:00:00,1.3233852009776892,0.0227142209460745
2020-11-27 06:00:00,1.2886696539529754,0.0635873399277474
2020-11-27 07:00:00,1.1213934184446912,0.39842923565802796
2020-11-27 08:00:00,1.2658221040144069,0.6907812599269888
2020-11-27 09:00:00,1.2167327216969883,1.0104105813264195
2020-11-27 10:00:00,1.148806935531546,1.3020573753999258
2020-11-27 11:00:00,1.1381202888505115,1.2722952682017052
2020-11-27 12:00:00,1.2805064909252857,1.4248147266293998
2020-11-27 13:00:00,1.0795780034672784,1.3722612767098252
2020-11-27 14:00:00,1.069236800544055,1.2403697200243955
2020-11-27 15:00:00,1.115114359693942,1.0506619198081713
2020-11-27 16:00:00,1.199447164639016,0.6591996740191368
2020-11-27 17:00:00,1.0715141424335606,0.3569513184201844
2020-11-27 18:00:00,1.207418788552336,0.030081891558153
2020-11-27 19:00:00,1.0746849780567636,0.0568824483531821
2020-11-27 20:00:00,1.1873455310844245,0.0043804382879568
2020-11-27 21:00:00,0.9575474012377124,0.0295271246250775
2020-11-27 22:00:00,1.0306184141921224,0.0
2020-11-27 23:00:00,1.0113718129564826,0.0058411648238367
2020-11-28 00:00:00,0.9527410402185292,0.0460583103533836
2020-11-28 01:00:00,0.9216209730522391,0.0
2020-11-28 02:00:00,0.9558076328490723,0.0227319789683778
2020-11-28 03:00:00,0.9560221859426519,0.0
2020-11-28 04:00:00,1.0274466442187096,0.0
2020-11-28 05:00:00,1.039017452123331,0.0
2020-11-28 06:00:00,0.903205605760214,0.0
2020-11-28 07:00:00,0.8387858848410008,0.2801477176905642
2020-11-28 08:00:00,0.939367369878487,0.7411696918721801
2020-11-28 09:00:00,0.866492611915231,0.9608521310932201
2020-11-28 10:00:00,0.9829947476691647,1.1728352955470918
2020-11-28 11:00:00,0.8135316771061891,1.3695647750293372
2020-11-28 12:00:00,0.7412735327439091,1.4053211194548094
2020-11-28 13:00:00,0.809022977972897,1.3759900267656369
2020-11-28 14:00:00,0.6890423719964651,1.1993081967289272
2020-11-28 15:00:00,0.6542443422996361,1.048032454741118
2020-11-28 16:00:00,0.6409076110465985,0.7298363696417466
2020-11-28 17:00:00,0.6553262142184155,0.3753444874381748
2020-11-28 18:00:00,0.8046178692392892,0.0193333702349727
2020-11-28 19:00:00,0.7327015981947584,0.0387660524446954
2020-11-28 20:00:00,0.7296613548172114,0.0189029861522946
2020-11-28 21:00:00,0.8680029196270584,0.0128491037958841
2020-11-28 22:00:00,0.7506383896618648,0.0
2020-11-28 23:00:00,0.7426866685832461,0.0058841031717268
2020-11-29 00:00:00,0.6568159885034077,0.0075415014768541
2020-11-29 01:00:00,0.7305256528812674,0.0398100989158691
2020-11-29 02:00:00,0.5871560906903618,0.0236285069897133
2020-11-29 03:00:00,0.6710297190545875,0.0
2020-11-29 04:00:00,0.5957887927067747,0.0
2020-11-29 05:00:00,0.7009798857939382,0.0147351179678167
2020-11-29 06:00:00,0.6350105590728018,0.0146850706032105
2020-11-29 07:00:00,0.6458897509895585,0.4111227130873668
2020-11-29 08:00:00,0.6111700944099583,0.687487387399514
2020-11-29 09:00:00,0.7098226870148424,1.0523101740693817
2020-11-29 10:00:00,0.6154670380027196,1.2268465340003334
2020-11-29 11:00:00,0.6242453893852477,1.337761311206667
2020-11-29 12:00:00,0.5819079679253353,1.4161501630334903
2020-11-29 13:00:00,0.4755221878096724,1.388791584242591
2020-11-29 14:00:00,0.627813812532318,1.20396727499324
2020-11-29 15:00:00,0.834520258491749,1.0119465136722796
2020-11-29 16:00:00,0.605805851339707,0.719002143647241
2020-11-29 17:00:00,0.7209462619295994,0.365800440587727
2020-11-29 18:00:00,0.6305304583203757,0.0092350515356124
2020-11-29 19:00:00,0.5113277215875961,0.0200188156815307
2020-11-29 20:00:00,0.5467281828523728,0.005781674840555
2020-11-29 21:00:00,0.6772442532018725,0.045003886532730505
2020-11-29 22:00:00,0.5370941534141733,0.0163750645774862
2020-11-29 23:00:00,0.7698509699469104,0.0242128973854574
2020-11-30 00:00:00,0.5748152091441074,0.0204019215408294
2020-11-30 01:00:00,0.6384574954213754,0.0199822077216863
2020-11-30 02:00:00,0.6682178543925271,0.0470467852064749
2020-11-30 03:00:00,0.6724135488001612,0.0
2020-11-30 04:00:00,0.6467925053577347,0.0377479942775893
2020-11-30 05:00:00,0.4864729539999001,0.0038269040763435
2020-11-30 06:00:00,0.59721220746124,0.0553284155973496
2020-11-30 07:00:00,0.648070316903472,0.4505653742137667
2020-11-30 08:00:00,0.6181986235162068,0.7637658841209198
2020-11-30 09:00:00,0.7386821486572734,1.0611493686059381
2020-11-30 10:00:00,0.58070146586694,1.2451624446746055
2020-11-30 11:00:00,0.6477380044741635,1.3483475731602481
2020-11-30 12:00:00,0.7907826566167699,1.4067714101204616
2020-11-30 13:00:00,0.5398368251336589,1.3977552257415915
2020-11-30 14:00:00,0.580127652104063,1.242950180397005
2020-11-30 15:00:00,0.6545288949372596,1.0415415290947752
2020-11-30 16:00:00,0.71454968837305,0.6773174274828914
2020-11-30 17:00:00,0.6541391694059676,0.4569319277833611
2020-11-30 18:00:00,0.6809945122018122,0.0480741467242079
2020-11-30 19:00:00,0.8305922502083043,0.0
2020-11-30 20:00:00,0.7684305972447509,0.0065116641572612
2020-11-30 21:00:00,0.9525563876245706,0.0415585155767458
2020-11-30 22:00:00,0.7323827300821815,0.0116415264303593
2020-11-30 23:00:00,0.7908284411455104,0.0
2020-12-01 00:00:00,0.8913840098932844,0.0
2020-12-01 01:00:00,0.9615340789538513,0.0293880922513151
2020-12-01 02:00:00,0.8178653205908528,0.0539876861251543
2020-12-01 03:00:00,0.8777277246166437,0.07116635192082729
2020-12-01 04:00:00,0.8363461771489358,0.0238049020210306
2020-12-01 05:00:00,0.7800817145299384,0.0098242717703792
2020-12-01 06:00:00,0.8929286948117217,0.0
2020-12-01 07:00:00,0.8718104933122786,0.2940760823307622
2020-12-01 08:00:00,0.8247811560780802,0.7015340741369971
2020-12-01 09:00:00,1.0072378949272829,1.0329633941006393
2020-12-01 10:00:00,0.8124430225666242,1.2394357763958765
2020-12-01 11:00:00,1.0704741393338542,1.3889215448929615
2020-12-01 12:00:00,0.9600050279224162,1.4088449034645498
2020-12-01 13:00:00,1.2044312804596147,1.3896943430697322
2020-12-01 14:00:00,1.1066725500465884,1.2023906983371515
2020-12-01 15:00:00,1.0652551781092332,1.0176445202275275
2020-12-01 16:00:00,1.1250780013123158,0.77727496404671
2020-12-01 17:00:00,1.0068654211914467,0.38430694611548566
2020-12-01 18:00:00,1.0260786780642657,0.0393408021564321
2020-12-01 19:00:00,1.2219282777977682,0.0
2020-12-01 20:00:00,1.2288346602550813,0.0
2020-12-01 21:00:00,1.1737733373281094,0.0197548958261987
2020-12-01 22:00:00,1.0565562408669993,0.0434589993601545
2020-12-01 23:00:00,1.1697807093649417,0.0061522980886176
2020-12-02 00:00:00,1.2188468879789607,0.0115560284318332
2020-12-02 01:00:00,1.31701563039684,0.0059256577622949
2020-12-02 02:00:00,1.2474382494521647,0.0
2020-12-02 03:00:00,1.3622325884323934,0.0938048615252439
2020-12-02 04:00:00,1.1699422398287838,0.0511320428043955
2020-12-02 05:00:00,1.3686600948135652,0.0101069569526371
2020-12-02 06:00:00,1.151184967124384,0.052874441143379
2020-12-02 07:00:00,1.1131971335825257,0.4608276733976314
2020-12-02 08:00:00,1.317845181210448,0.6359684238139656
2020-12-02 09:00:00,1.280817797858127,1.0720968431550857
2020-12-02 10:00:00,1.2255546458101332,1.2145876720943076
2020-12-02 11:00:00,1.2893398152810704,1.406910860503287
2020-12-02 12:00:00,1.384169055561303,1.4675044168190796
2020-12-02 13:00:00,1.329838169353544,1.360623589270413
2020-12-02 14:00:00,1.2998112947796439,1.1734427643372518
2020-12-02 15:00:00,1.4808023035234745,1.024018059507681
2020-12-02 16:00:00,1.438335464601232,0.657435996849626
2020-12-02 17:00:00,1.412955327646352,0.3811243657821137
2020-12-02 18:00:00,1.4412879134685328,0.0287037956434606
2020-12-02 19:00:00,1.499849682401777,0.0087290938918117
2020-12-02 20:00:00,1.3917023534156168,0.0165129974639574
2020-12-02 21:00:00,1.4075743267285659,0.0158148164220182
2020-12-02 22:00:00,1.428786446810851,0.020661134822485598
2020-12-02 23:00:00,1.442923259504349,0.0
2020-12-03 00:00:00,1.5617459015082824,0.0
2020-12-03 01:00:00,1.4868296877380915,0.0549103938562312
2020-12-03 02:00:00,1.46123960441182,0.0081800444429394
2020-12-03 03:00:00,1.3953062116786077,0.0
2020-12-03 04:00:00,1.5618804365448606,0.0142634862024387
2020-12-03 05:00:00,1.490506713620129,0.0349621725810301
2020-12-03 06:00:00,1.4161048809171943,0.0
2020-12-03 07:00:00,1.5546003167696805,0.3383570408379297
2020-12-03 08:00:00,1.23728576368833,0.7548158539659184
2020-12-03 09:00:00,1.4063135444449153,1.013872114298264
2020-12-03 10:00:00,1.4739140254914802,1.2662425384505178
2020-12-03 11:00:00,1.4100673926086795,1.426207099291673
2020-12-03 12:00:00,1.3689739007300554,1.4552833061195574
2020-12-03 13:00:00,1.314697281193029,1.3626459559150417
2020-12-03 14:00:00,1.3940243997498936,1.2069449057276058
2020-12-03 15:00:00,1.456201644410767,1.0097280571619522
2020-12-03 16:00:00,1.3273644426784026,0.6689465845366611
2020-12-03 17:00:00,1.4661797202906306,0.3618376825885984
2020-12-03 18:00:00,1.3094684715842642,0.0226648385494111
2020-12-03 19:00:00,1.4676093430111008,0.0
2020-12-03 20:00:00,1.3642098355644228,0.0
2020-12-03 21:00:00,1.3904207991133886,0.0
2020-12-03 22:00:00,1.2346850806678815,0.0207684340259993
2020-12-03 23:00:00,1.401851894042103,0.032598447255759
2020-12-04 00:00:00,1.3188101804742325,0.008780211084055
2020-12-04 01:00:00,1.5231990912178444,0.0230252605345341
2020-12-04 02:00:00,1.5412698776557199,0.0963967927517751
2020-12-04 03:00:00,1.3749626157965005,0.0806271197055303
2020-12-04 04:00:00,1.4216045471752552,0.0153627710314024
2020-12-04 05:00:00,1.2609113406284322,0.0813142951365402
2020-12-04 06:00:00,1.1988172885401294,0.052049653310592
2020-12-04 07:00:00,1.2915055827193793,0.3629795081082089
2020-12-04 08:00:00,1.2534021156956725,0.7609894392649849
2020-12-04 09:00:00,1.1956058967580439,1.0648618576426405
2020-12-04 10:00:00,1.3147796385980055,1.2881608309721817
2020-12-04 11:00:00,1.3635915737575766,1.4360664391138545
2020-12-04 12:00:00,1.1739954803305706,1.4461455478911633
2020-12-04 13:00:00,1.1776435276596762,1.4103906835855522
2020-12-04 14:00:00,1.1389287238507744,1.2879273910996707
2020-12-04 15:00:00,1.1365261453048148,1.0170020303756624
2020-12-04 16:00:00,1.1270219407699842,0.7219436133717626
2020-12-04 17:00:00,1.0358122270884238,0.3651777560651545
2020-12-04 18:00:00,1.0957068685606957,0.0
2020-12-04 19:00:00,1.1560604009919653,0.0137095664064153
2020-12-04 20:00:00,1.12545961157998,0.0039560046457342
2020-12-04 21:00:00,1.231275270394145,0.0390779317342904
2020-12-04 22:00:00,0.966424138117093,0.0042673797780039
2020-12-04 23:00:00,1.052397427826079,0.0358053655602903
2020-12-05 00:00:00,1.0712523269411447,0.0
2020-12-05 01:00:00,1.0142810174336372,0.0248893559583543
2020-12-05 02:00:00,0.9816605196976684,0.0314591153537425
2020-12-05 03:00:00,0.8212972445235119,0.0017318968645088
2020-12-05 04:00:00,1.0116119350288968,0.0075945140382705
2020-12-05 05:00:00,1.039405663627984,0.0
2020-12-05 06:00:00,0.9981057157416794,0.0056056400097549
2020-12-05 07:00:00,0.930554970459928,0.3736401620188122
2020-12-05 08:00:00,1.1299946883068372,0.7186013347357723
2020-12-05 09:00:00,1.0003561610852976,1.061837215813365
2020-12-05 10:00:00,0.8656107808735131,1.1977164957938502
2020-12-05 11:00:00,0.8090955263750295,1.405100688656857
2020-12-05 12:00:00,0.7617282658023485,1.4867564630628731
2020-12-05 13:00:00,0.7253477243737617,1.4331176742108576
2020-12-05 14:00:00,0.8589866541794401,1.2639526891102857
2020-12-05 15:00:00,0.5791609993519444,1.0343013105394478
2020-12-05 16:00:00,0.8872175240433537,0.7291497209765114
2020-12-05 17:00:00,0.6800374469809264,0.3492896225481587
2020-12-05 18:00:00,0.9199457747216162,0.0100222254965382
2020-12-05 19:00:00,0.8274500030932262,0.0092798334635713
2020-12-05 20:00:00,0.9064662483920878,0.0974429205945462
2020-12-05 21:00:00,0.7568471102893932,0.096193988580991
2020-12-05 22:00:00,0.7945739008744148,0.0708270696878148
2020-12-05 23:00:00,0.7825102174314621,0.0364114732023415
2020-12-06 00:00:00,0.6341076124125155,0.0
2020-12-06 01:00:00,0.6471952400702901,0.0
2020-12-06 02:00:00,0.6040609141752165,0.05209066327594079
2020-12-06 03:00:00,0.7640838517288586,0.0
2020-12-06 04:00:00,0.6667974755931486,0.0357836723543364
2020-12-06 05:00:00,0.7504069274052658,0.0229435020221069
2020-12-06 06:00:00,0.6413979750843847,0.0
2020-12-06 07:00:00,0.6715577071619806,0.41121257212598783
2020-12-06 08:00:00,0.7012826656847471,0.8078321466447895
2020-12-06 09:00:00,0.7569921488421767,1.0601982754182309
2020-12-06 10:00:00,0.7074997261914096,1.234594643128333
2020-12-06 11:00:00,0.6129117995651284,1.390205428674233
2020-12-06 12:00:00,0.5372280165067039,1.4648691894114843
2020-12-06 13:00:00,0.5426820232595004,1.2985917434238436
2020-12-06 14:00:00,0.6450024032153898,1.2363925197369796
2020-12-06 15:00:00,0.5692607557909418,1.0399215581986334
2020-12-06 16:00:00,0.7410479643706565,0.7836849744923923
2020-12-06 17:00:00,0.4981876876574915,0.326139248582767
2020-12-06 18:00:00,0.5663393016252314,0.0602323376020721
2020-12-06 19:00:00,0.6958457611775299,0.0140351749667025
2020-12-06 20:00:00,0.6222544201495336,0.0094857794749645
2020-12-06 21:00:00,0.6268184040289264,0.0225268964127496
2020-12-06 22:00:00,0.5497255548867486,0.0361560682269668
2020-12-06 23:00:00,0.7355415749151503,0.0
2020-12-07 00:00:00,0.7053192058951085,0.0408594268628271
2020-12-07 01:00:00,0.7077571205660679,0.0235283584355754
2020-12-07 02:00:00,0.6233194504274693,0.0050545967303886
2020-12-07 03:00:00,0.7105173757805197,0.0574927854098681
2020-12-07 04:00:00,0.6742759272056802,0.0204556352552932
2020-12-07 05:00:00,0.7169456868727921,0.0504479456250014
2020-12-07 06:00:00,0.7464127088347454,0.0278901848334618
2020-12-07 07:00:00,0.5460679333332898,0.3212995435076291
2020-12-07 08:00:00,0.7561395834309947,0.7737487944234164
2020-12-07 09:00:00,0.4998637234145929,1.0510908361963818
2020-12-07 10:00:00,0.8812870749773267,1.226214798598523
2020-12-07 11:00:00,0.7023383861033035,1.4501769454855626
2020-12-07 12:00:00,0.8752733206105812,1.4441857485461287
2020-12-07 13:00:00,0.7756599649755644,1.3662238625033916
2020-12-07 14:00:00,0.7740960140814495,1.3008286073456778
2020-12-07 15:00:00,0.7489458144089605,1.0656560589837607
2020-12-07 16:00:00,0.6791837409949062,0.7631106282031931
2020-12-07 17:00:00,0.6110090514491073,0.3982128562522784
2020-12-07 18:00:00,0.8199995538457002,0.0
2020-12-07 19:00:00,0.8662096620397919,0.0003768007378853
2020-12-07 20:00:00,0.7603376727198432,0.0
2020-12-07 21:00:00,0.9047141002486716,0.0109351905146435
2020-12-07 22:00:00,0.8677200281144111,0.0385341554846352
2020-12-07 23:00:00,0.8492766837214187,0.09420457671064139
2020-12-08 00:00:00,0.8474984834560152,0.0131037999201539
2020-12-08 01:00:00,0.7921471657091748,0.0103752707877395
2020-12-08 02:00:00,0.9995791804044682,0.0077328107924941
2020-12-08 03:00:00,0.8773175811470844,0.0193228901339516
2020-12-08 04:00:00,0.8549304192906106,0.0
2020-12-08 05:00:00,1.0935679795697557,0.0932741888505116
2020-12-08 06:00:00,0.9678100701217401,0.0124027248506505
2020-12-08 07:00:00,0.9010432782001816,0.3637594281177533
2020-12-08 08:00:00,0.8656256587830387,0.711281706432769
2020-12-08 09:00:00,0.9558190331420018,1.0589218998529895
2020-12-08 10:00:00,1.015571177133704,1.2252580420241304
2020-12-08 11:00:00,1.0736426616338581,1.4598158776952248
2020-12-08 12:00:00,1.0129294406260938,1.5193387917502235
2020-12-08 13:00:00,1.0440360628793925,1.466987065450046
2020-12-08 14:00:00,1.1752477384234281,1.3560378914523803
2020-12-08 15:00:00,1.0520497491784857,1.0801998095056409
2020-12-08 16:00:00,1.1010487316654567,0.7254048950991903
2020-12-08 17:00:00,1.1022727677757889,0.436361398402509
2020-12-08 18:00:00,1.1931710879128503,0.021938466989941
2020-12-08 19:00:00,1.101204613487778,0.0217438689761467
2020-12-08 20:00:00,1.1316789336381678,0.0348689987040943
2020-12-08 21:00:00,1.2455644145492033,0.017786652232994297
2020-12-08 22:00:00,1.2802137071359274,0.0038070162516475
2020-12-08 23:00:00,1.2592156607764564,0.0
2020-12-09 00:00:00,1.2048196468105117,0.0161652197136215
2020-12-09 01:00:00,1.1500568280003893,0.0106038958467817
2020-12-09 02:00:00,1.3799745646089716,0.0
2020-12-09 03:00:00,1.298555222075798,0.0002449694279283
2020-12-09 04:00:00,1.4592972836301694,0.0066912517044896
2020-12-09 05:00:00,1.16023556536644,0.0322136185300428
2020-12-09 06:00:00,1.2838998817938674,0.0229172128213775
2020-12-09 07:00:00,1.2870703539911532,0.3924152547066384
2020-12-09 08:00:00,1.2809875818257872,0.7847851106715419
2020-12-09 09:00:00,1.3717044644301994,0.9845474113835331
2020-12-09 10:00:00,1.255376486583109,1.2345510386788894
2020-12-09 11:00:00,1.4354267010863984,1.4570411833195367
2020-12-09 12:00:00,1.3333121939993187,1.4429033756801528
2020-12-09 13:00:00,1.288009903302782,1.442289746568194
2020-12-09 14:00:00,1.3978619456509431,1.285370005358415
2020-12-09 15:00:00,1.2339227842485765,1.0625520225318759
2020-12-09 16:00:00,1.4941014333856435,0.7030997143305572
2020-12-09 17:00:00,1.370888997446964,0.4272081448426027
2020-12-09 18:00:00,1.4113197145424845,0.0
2020-12-09 19:00:00,1.4166642061933967,0.0298811351430682
2020-12-09 20:00:00,1.420118337619016,0.0
2020-12-09 21:00:00,1.2739437048013067,0.033297259949202296
2020-12-09 22:00:00,1.3650039097390931,0.0
2020-12-09 23:00:00,1.5622794338487616,0.024112971021601
2020-12-10 00:00:00,1.5567940843213819,0.0
2020-12-10 01:00:00,1.5748365865824323,0.0
2020-12-10 02:00:00,1.5681848262135474,0.0
2020-12-10 03:00:00,1.5559363510081963,0.042618714590870396
2020-12-10 04:00:00,1.365294469707139,0.0018768948124634
2020-12-10 05:00:00,1.523552381808651,0.028546223519383702
2020-12-10 06:00:00,1.5122299163129909,0.0316965948672019
2020-12-10 07:00:00,1.4830810244455628,0.3886754478454944
2020-12-10 08:00:00,1.3970536578406163,0.7478977207482036
2020-12-10 09:00:00,1.5256579678054472,0.9954386171306118
2020-12-10 10:00:00,1.5332895781800522,1.292612794596184
2020-12-10 11:00:00,1.541294552784961,1.3708865211471593
2020-12-10 12:00:00,1.4549171638399496,1.493005079010309
2020-12-10 13:00:00,1.4050008957790954,1.3663618666230872
2020-12-10 14:00:00,1.4135254810251356,1.2974185044977138
2020-12-10 15:00:00,1.3490527574662732,1.053158412344809
2020-12-10 16:00:00,1.3889305348736098,0.7028272468959011
2020-12-10 17:00:00,1.3788460543887469,0.41621882939384197
2020-12-10 18:00:00,1.5688555593931555,0.0077889443117659
2020-12-10 19:00:00,1.4700367636367515,0.0
2020-12-10 20:00:00,1.403608035789713,0.0
2020-12-10 21:00:00,1.3286869888923216,0.0
2020-12-10 22:00:00,1.4192641110078321,0.0282476744955517
2020-12-10 23:00:00,1.402890274163906,0.0
2020-12-11 00:00:00,1.2778106090784216,0.0008572874200891
2020-12-11 01:00:00,1.4533792845464029,0.0046345243372934
2020-12-11 02:00:00,1.3409811381834007,0.0135237228479379
2020-12-11 03:00:00,1.3308996155069266,0.0321403721232933
2020-12-11 04:00:00,1.2559781076370822,0.048186033131395
2020-12-11 05:00:00,1.2150907016536598,0.0
2020-12-11 06:00:00,1.3663683936470765,0.0
2020-12-11 07:00:00,1.2984446004925523,0.37109966460322985
2020-12-11 08:00:00,1.2873716480237827,0.7993472385879745
2020-12-11 09:00:00,1.4291368283472825,1.0948326194937967
2020-12-11 10:00:00,1.2619424867614857,1.2354404855618328
2020-12-11 11:00:00,1.2547960023555795,1.416913526772467
2020-12-11 12:00:00,1.1974313906700043,1.55208148550162
2020-12-11 13:00:00,1.2607581025360832,1.4320074095339126
2020-12-11 14:00:00,1.2201540678935874,1.3101804536842407
2020-12-11 15:00:00,1.2299167961113189,1.0029548917240878
2020-12-11 16:00:00,1.155775889342387,0.7595885616591939
2020-12-11 17:00:00,1.0802600987197737,0.4000533475378898
2020-12-11 18:00:00,1.1393727530687459,0.0216194756461433
2020-12-11 19:00:00,1.179775182998817,0.1029215111367825
2020-12-11 20:00:00,1.1642517468762232,0.031240820664961
2020-12-11 21:00:00,1.0422866614276058,0.0186049911032852
2020-12-11 22:00:00,1.0841810369044467,0.089213846002356
2020-12-11 23:00:00,1.0029166746104194,0.0779216477157348
2020-12-12 00:00:00,1.096233483607429,0.0
2020-12-12 01:00:00,0.9641615065639771,0.07919285344355431
2020-12-12 02:00:00,1.055043772973172,0.0131799233550876
2020-12-12 03:00:00,1.1856075844334368,0.0301357851646926
2020-12-12 04:00:00,1.074830332326022,0.0006995445967041
2020-12-12 05:00:00,0.8814877503723704,0.0345611808337647
2020-12-12 06:00:00,1.0093001196648348,0.0417022749460759
2020-12-12 07:00:00,0.9636855980279075,0.42842197491856115
2020-12-12 08:00:00,1.0796090707179005,0.7865091359439398
2020-12-12 09:00:00,0.8993119205960982,1.0390182481156314
2020-12-12 10:00:00,0.8654128727618366,1.341459526746231
2020-12-12 11:00:00,0.7726002274400403,1.474187426195889
2020-12-12 12:00:00,0.8382285956174877,1.4740762612736464
2020-12-12 13:00:00,0.8294196443373378,1.4605437902929288
2020-12-12 14:00:00,0.8862943165689527,1.3227209279956011
2020-12-12 15:00:00,0.8075788201891076,1.1412490578366192
2020-12-12 16:00:00,0.7771975514222365,0.673751268738086
2020-12-12 17:00:00,0.7723184384408908,0.40361263679891046
2020-12-12 18:00:00,0.8187497930568657,0.029592249837000997
2020-12-12 19:00:00,0.8405206716918397,0.0396695823591993
2020-12-12 20:00:00,0.7536221970448512,0.0382064697541723
2020-12-12 21:00:00,0.9059212075801106,0.0075300254038327
2020-12-12 22:00:00,0.7894881564570669,0.0540277911795551
2020-12-12 23:00:00,0.7609910440926604,0.0
2020-12-13 00:00:00,0.6485805877794879,0.0223714212459626
2020-12-13 01:00:00,0.7918745835769164,0.0341314803970722
2020-12-13 02:00:00,0.7214277471935922,0.0044763593285262
2020-12-13 03:00:00,0.785370115688685,0.0108801219664204
2020-12-13 04:00:00,0.6934800692681309,0.0
2020-12-13 05:00:00,0.6099394164747372,0.0053053534576969
2020-12-13 06:00:00,0.6738982237475803,0.0589077946440814
2020-12-13 07:00:00,0.5895683545902043,0.3858983644509409
2020-12-13 08:00:00,0.6611741515863512,0.7425794501629913
2020-12-13 09:00:00,0.5524761181375732,1.0528858067533446
2020-12-13 10:00:00,0.7920657356055267,1.3167860041401693
2020-12-13 11:00:00,0.7641580696922465,1.4450016257278295
2020-12-13 12:00:00,0.6647565915265256,1.5181294907096508
2020-12-13 13:00:00,0.7672358111611566,1.4430120608474457
2020-12-13 14:00:00,0.6992359908727621,1.3475429515128077
2020-12-13 15:00:00,0.6001080895549656,1.0220255214496954
2020-12-13 16:00:00,0.5696887257387944,0.7347605361089293
2020-12-13 17:00:00,0.6617979302071039,0.3221065505338824
2020-12-13 18:00:00,0.6672220116602148,0.0
2020-12-13 19:00:00,0.6432558245492483,0.0
2020-12-13 20:00:00,0.8273606389451541,0.0891077460734601
2020-12-13 21:00:00,0.719698147021539,0.0082809965517886
2020-12-13 22:00:00,0.8357609452352472,0.0552340310242629
2020-12-13 23:00:00,0.5268583802774542,0.07984124320923369
2020-12-14 00:00:00,0.5837599878008746,0.0284681276041555
2020-12-14 01:00:00,0.776737559639628,0.0130019765185963
2020-12-14 02:00:00,0.8650337338782024,0.0090377777687542
2020-12-14 03:00:00,0.7645221864149634,0.0049942554713242
2020-12-14 04:00:00,0.775515105283902,0.0
2020-12-14 05:00:00,0.7274025054127088,0.0
2020-12-14 06:00:00,0.736525913723695,0.0
2020-12-14 07:00:00,0.7732446206556546,0.3626877388684735
2020-12-14 08:00:00,0.5758621101685268,0.7805576042747469
2020-12-14 09:00:00,0.6775009975818346,1.0734428264170164
2020-12-14 10:00:00,0.6868097932195829,1.3544931555989446
2020-12-14 11:00:00,0.7322930357882957,1.5298505021736295
2020-12-14 12:00:00,0.6230987675471689,1.4906720910154694
2020-12-14 13:00:00,0.7673997395870797,1.4740566701764397
2020-12-14 14:00:00,0.5968797670049735,1.2753393817144785
2020-12-14 15:00:00,0.7877757901438309,1.0685755585897012
2020-12-14 16:00:00,0.6552627722186157,0.755494567396919
2020-12-14 17:00:00,0.7198607639635191,0.33561499118061777
2020-12-14 18:00:00,0.7383206601510003,0.0076680465280842
2020-12-14 19:00:00,0.8299971119078282,0.0341720156868222
2020-12-14 20:00:00,0.9522395004127286,0.0374053743855978
2020-12-14 21:00:00,0.9239853857220532,0.036603564056935
2020-12-14 22:00:00,0.7115084235049027,0.049381711534795404
2020-12-14 23:00:00,0.6471244735183146,0.0274464337228921
2020-12-15 00:00:00,0.9387196591821223,0.0
2020-12-15 01:00:00,0.8882136429075732,0.0409293379509629
2020-12-15 02:00:00,0.9205719600014836,0.007850844675243683
2020-12-15 03:00:00,1.0148973423677734,0.0147666335371769
2020-12-15 04:00:00,1.0043603294837284,0.05285896530841
2020-12-15 05:00:00,0.9485678295388409,0.0437213373936296
2020-12-15 06:00:00,1.013001105393177,0.0232517249283862
2020-12-15 07:00:00,1.0274747406504225,0.3445825871712669
2020-12-15 08:00:00,0.9803732422319851,0.7706021730300722
2020-12-15 09:00:00,1.0238439658375431,1.1486627346631535
2020-12-15 10:00:00,1.147416235904013,1.3557132510440706
2020-12-15 11:00:00,0.9888276454563029,1.4744959499260943
2020-12-15 12:00:00,1.1701684953456017,1.4886139097274211
2020-12-15 13:00:00,1.153729561619389,1.4863286361548718
2020-12-15 14:00:00,1.0166028939564593,1.3156468659126068
2020-12-15 15:00:00,1.0035720343543018,1.1432974858793306
2020-12-15 16:00:00,1.1981031657315515,0.7279644640730942
2020-12-15 17:00:00,1.1915329042926044,0.3537670616457811
2020-12-15 18:00:00,1.2128078306215404,0.0082839006115651
2020-12-15 19:00:00,1.2247253534661906,0.0149874616241105
2020-12-15 20:00:00,1.2730113084868626,0.0
2020-12-15 21:00:00,1.269190787376391,0.0397860068210212
2020-12-15 22:00:00,1.289741644697234,0.001948148484958
2020-12-15 23:00:00,1.2012202479046228,0.026905727903293
2020-12-16 00:00:00,1.2667082585566394,0.075694252878702
2020-12-16 01:00:00,1.2573142786652447,0.0144601175908985
2020-12-16 02:00:00,1.2603424558588947,0.0301384394617264
2020-12-16 03:00:00,1.290174714685536,0.032592913794943904
2020-12-16 04:00:00,1.2563875319342812,0.0428349471154333
2020-12-16 05:00:00,1.2215954326446727,0.0
2020-12-16 06:00:00,1.2512377123129683,0.0103447562743011
2020-12-16 07:00:00,1.38812135127186,0.418082478660893
2020-12-16 08:00:00,1.2689226375987679,0.7598269503666182
2020-12-16 09:00:00,1.3598750254577752,1.0810099350625966
2020-12-16 10:00:00,1.3489262330840726,1.3477534526385182
2020-12-16 11:00:00,1.3667869571093656,1.4317798142110365
2020-12-16 12:00:00,1.3548189358451426,1.5438382725820052
2020-12-16 13:00:00,1.3491052912891042,1.3626966703990546
2020-12-16 14:00:00,1.4721357899709901,1.2585073820559
2020-12-16 15:00:00,1.3859799258476544,1.0567804929024747
2020-12-16 16:00:00,1.4286651933050318,0.8054671270724442
2020-12-16 17:00:00,1.2641481126989798,0.3539184145170641
2020-12-16 18:00:00,1.44972578439835,0.0116524832673228
2020-12-16 19:00:00,1.497288069814228,0.0
2020-12-16 20:00:00,1.4924276136763717,0.0004954998394126
2020-12-16 21:00:00,1.4366527648862617,0.0
2020-12-16 22:00:00,1.4560995932507128,0.0
2020-12-16 23:00:00,1.4435876136431416,0.0331018253945746
2020-12-17 00:00:00,1.4660876781250423,0.0486115929036937
2020-12-17 01:00:00,1.421224807547746,0.0223311125521408
2020-12-17 02:00:00,1.4327743223018279,0.0
2020-12-17 03:00:00,1.4434701839995747,0.0190720059047257
2020-12-17 04:00:00,1.4367145076381544,0.0
2020-12-17 05:00:00,1.4357386553690161,0.0
2020-12-17 06:00:00,1.4460472590131153,0.0188439586224813
2020-12-17 07:00:00,1.371174102790935,0.47415462681564224
2020-12-17 08:00:00,1.6061705058116837,0.7243485123865323
2020-12-17 09:00:00,1.4199892486012815,1.1590121829223148
2020-12-17 10:00:00,1.3705506145003419,1.305025090851974
2020-12-17 11:00:00,1.5674518107079038,1.413321638871127
2020-12-17 12:00:00,1.526040133429748,1.4742778366595821
2020-12-17 13:00:00,1.365518420207833,1.398581753543566
2020-12-17 14:00:00,1.3991991030532707,1.3133475480021513
2020-12-17 15:00:00,1.431722802392942,1.0804829232018078
2020-12-17 16:00:00,1.2825649657007978,0.7046853725147852
2020-12-17 17:00:00,1.4752569077679927,0.4004880655367875
2020-12-17 18:00:00,1.4177830585023932,0.0352461489506049
2020-12-17 19:00:00,1.5054813452079374,0.0
2020-12-17 20:00:00,1.4036943583994852,0.0
2020-12-17 21:00:00,1.4758145013781352,0.0
2020-12-17 22:00:00,1.5924377529718021,0.024429214358841
2020-12-17 23:00:00,1.459530527312768,0.0
2020-12-18 00:00:00,1.4252312941617533,0.0193911153151322
2020-12-18 01:00:00,1.4473130650882484,0.0339082144376288
2020-12-18 02:00:00,1.349012462058852,0.0492141312490778
2020-12-18 03:00:00,1.3953881757276303,0.005151182850422
2020-12-18 04:00:00,1.279858956458796,0.0186746018742207
2020-12-18 05:00:00,1.3109279878149018,0.0244005469583115
2020-12-18 06:00:00,1.1913703253861914,0.0088729224041831
2020-12-18 07:00:00,1.4009745630540256,0.3888054770666788
2020-12-18 08:00:00,1.4339933334421038,0.7487430109801929
2020-12-18 09:00:00,1.4314101701291337,1.069906499167967
2020-12-18 10:00:00,1.3161668365678485,1.3697959700583038
2020-12-18 11:00:00,1.2413773932122707,1.4014957384040672
2020-12-18 12:00:00,1.2369894803976513,1.5869632067958754
2020-12-18 13:00:00,1.292460825004132,1.4450660352623
2020-12-18 14:00:00,1.3333521516429134,1.3671681783114815
2020-12-18 15:00:00,1.122785119852638,1.109749941813754
2020-12-18 16:00:00,1.1513052306377194,0.7267817474840281
2020-12-18 17:00:00,1.1028348785831243,0.4229798360571007
2020-12-18 18:00:00,1.2031638022382727,0.0
2020-12-18 19:00:00,1.1412436734380669,0.0068418398712486
2020-12-18 20:00:00,1.255883792407158,0.0214900464514429
2020-12-18 21:00:00,1.1471664198927034,0.0638449197580256
2020-12-18 22:00:00,1.082199121135687,0.0
2020-12-18 23:00:00,1.1360791415079352,0.0
2020-12-19 00:00:00,1.0723758943000878,0.035894205290793096
2020-12-19 01:00:00,0.9541800221236372,0.0284030211802631
2020-12-19 02:00:00,1.1039905063378004,0.0272717203284759
2020-12-19 03:00:00,1.0902403883421266,0.0794460255419686
2020-12-19 04:00:00,1.1365402410615353,0.0458956244150313
2020-12-19 05:00:00,0.940490557721779,0.0314200325400489
2020-12-19 06:00:00,1.149038919512387,0.0
2020-12-19 07:00:00,1.0338928306384452,0.4291816425717728
2020-12-19 08:00:00,0.9267056725397946,0.846132161291768
2020-12-19 09:00:00,0.8425846041150777,1.0359985634133584
2020-12-19 10:00:00,0.937113147814078,1.322886930884845
2020-12-19 11:00:00,0.9422882976010423,1.432806556174872
2020-12-19 12:00:00,1.035159757233253,1.5554314166890681
2020-12-19 13:00:00,0.935279456343042,1.5266814759337533
2020-12-19 14:00:00,0.7976019261441916,1.3080884621818767
2020-12-19 15:00:00,1.001221006825199,1.1464769454434411
2020-12-19 16:00:00,0.8787619828339468,0.7406127334512496
2020-12-19 17:00:00,0.6689326478660667,0.4049333419105223
2020-12-19 18:00:00,0.7632848811098158,0.0231274629706545
2020-12-19 19:00:00,0.9100746369080913,0.0965639739476683
2020-12-19 20:00:00,0.9347744378025181,0.0691238949063109
2020-12-19 21:00:00,0.8287867624817449,0.0006498905271803
2020-12-19 22:00:00,0.705024957090679,0.0591072144972005
2020-12-19 23:00:00,0.8279470105862838,0.0
2020-12-20 00:00:00,0.9039625677134362,0.042047588802605
2020-12-20 01:00:00,0.8378615999329234,0.0610086910041345
2020-12-20 02:00:00,0.8948082926234594,0.0224671514366483
2020-12-20 03:00:00,0.7755135483610405,0.0176308661683675
2020-12-20 04:00:00,0.7029916250361758,0.0210609044852673
2020-12-20 05:00:00,0.7407776437305336,0.0162605392695689
2020-12-20 06:00:00,0.7720323069144045,0.006612681073467
2020-12-20 07:00:00,0.7956985545381918,0.39651586558610763
2020-12-20 08:00:00,0.6874598547850055,0.7839670597804824
2020-12-20 09:00:00,0.7314529807431064,1.0955434694570516
2020-12-20 10:00:00,0.8153970989611012,1.3292906835996803
2020-12-20 11:00:00,0.7416729025058584,1.486657316996471
2020-12-20 12:00:00,0.6235690102577258,1.5607157576568165
2020-12-20 13:00:00,0.6161507902652175,1.4804260505321012
2020-12-20 14:00:00,0.7209088984657367,1.301260136923402
2020-12-20 15:00:00,0.7295785880492275,1.0797858730199632
2020-12-20 16:00:00,0.7312260138598901,0.6960552706226478
2020-12-20 17:00:00,0.644379431889182,0.39413349795284314
2020-12-20 18:00:00,0.5167935678062227,0.0118401325915632
2020-12-20 19:00:00,0.5895344908957216,0.0
2020-12-20 20:00:00,0.7410756137264665,0.0123827082029178
2020-12-20 21:00:00,0.5549711393599883,0.0390229535880508
2020-12-20 22:00:00,0.8217528512430872,0.0
2020-12-20 23:00:00,0.7913994406361207,0.0
2020-12-21 00:00:00,0.7020392122969377,0.0325272840226009
2020-12-21 01:00:00,0.8040137501431525,0.0415247466898313
2020-12-21 02:00:00,0.7344440559207399,0.0
2020-12-21 03:00:00,0.7380387016009508,0.0186549850476245
2020-12-21 04:00:00,0.6050088101483126,0.0
2020-12-21 05:00:00,0.7689256619665017,0.0298324501337841
2020-12-21 06:00:00,0.8034082295866516,0.0327940756024319
2020-12-21 07:00:00,0.7510961526277733,0.3954183486815039
2020-12-21 08:00:00,0.6944258945986159,0.8003563414643111
2020-12-21 09:00:00,0.7464771579020886,1.0616189332973793
2020-12-21 10:00:00,0.842097216614361,1.2818426407192578
2020-12-21 11:00:00,0.8065883755014542,1.5002798577903844
2020-12-21 12:00:00,0.8253414565588566,1.562180137520543
2020-12-21 13:00:00,0.7490456557618863,1.4948627360411164
2020-12-21 14:00:00,0.6691626651397301,1.4325733364072202
2020-12-21 15:00:00,0.8246610791630732,1.0424608098978425
2020-12-21 16:00:00,0.817145258885418,0.7125984210132559
2020-12-21 17:00:00,0.717534452829392,0.433807821915317
2020-12-21 18:00:00,0.8314197515470045,0.0327800333463614
2020-12-21 19:00:00,0.9582740721191201,0.0
2020-12-21 20:00:00,0.8235725098189539,0.015767120571646802
2020-12-21 21:00:00,0.8548717217424104,0.0
2020-12-21 22:00:00,0.9756334637721078,0.0
2020-12-21 23:00:00,0.9214745550509289,0.0723589199258042
2020-12-22 00:00:00,0.9431212661569714,0.0
2020-12-22 01:00:00,0.8374258644494699,0.0
2020-12-22 02:00:00,0.8696648816837618,0.0543021961613191
2020-12-22 03:00:00,0.9946087475977989,0.0291568278502535
2020-12-22 04:00:00,1.1172858099519745,0.0
2020-12-22 05:00:00,0.9034949119166671,0.0352444710914049
2020-12-22 06:00:00,0.9932398998595875,0.0107724067266005
2020-12-22 07:00:00,1.1292714604473109,0.36396525685499237
2020-12-22 08:00:00,1.0987255021253497,0.7778762526682281
2020-12-22 09:00:00,1.1123153754614603,1.0773139944114272
2020-12-22 10:00:00,1.0748697782720822,1.2743617746660334
2020-12-22 11:00:00,0.9677280984440089,1.486827686868792
2020-12-22 12:00:00,1.1097043779872926,1.5021450306750912
2020-12-22 13:00:00,1.1317677245850652,1.5273211908817919
2020-12-22 14:00:00,1.1048364289543744,1.3454251083784294
2020-12-22 15:00:00,1.1121142419539787,1.0985513032580647
2020-12-22 16:00:00,1.044790236733893,0.7729577861160373
2020-12-22 17:00:00,1.1909882990533176,0.3754321012339814
2020-12-22 18:00:00,1.3412452344745536,0.0
2020-12-22 19:00:00,1.0909914318576852,0.0
2020-12-22 20:00:00,1.3216917678054902,0.0031973070638751
2020-12-22 21:00:00,1.2896764347356064,0.0312220913787413
2020-12-22 22:00:00,1.2840596640360449,0.0119388117511663
2020-12-22 23:00:00,1.1647815924493783,0.0169610396062633
2020-12-23 00:00:00,1.245356572341139,0.0176436681491498
2020-12-23 01:00:00,1.2486223470470346,0.0236836009177896
2020-12-23 02:00:00,1.382948804092492,0.0195965047280024
2020-12-23 03:00:00,1.2564158254266493,0.0086302843121392
2020-12-23 04:00:00,1.360422611917023,0.0199336390214176
2020-12-23 05:00:00,1.4559475495553658,0.0394955311105432
2020-12-23 06:00:00,1.3465849586991196,0.0
2020-12-23 07:00:00,1.3875472959687187,0.3957188005891149
2020-12-23 08:00:00,1.4468064045967988,0.7678952757662454
2020-12-23 09:00:00,1.3479969089992583,1.1245406591782916
2020-12-23 10:00:00,1.391195764171641,1.3514835808467076
2020-12-23 11:00:00,1.429813053507343,1.3985805317666447
2020-12-23 12:00:00,1.3536317139925311,1.582739683031673
2020-12-23 13:00:00,1.5464650650155929,1.5387959686415407
2020-12-23 14:00:00,1.4701616340894832,1.2944858724232229
2020-12-23 15:00:00,1.4329603584301247,1.1282448500047841
2020-12-23 16:00:00,1.3377968633059116,0.8045097102330369
2020-12-23 17:00:00,1.5383631734081669,0.4265991467051933
2020-12-23 18:00:00,1.4746068126969125,0.0283569926113286
2020-12-23 19:00:00,1.569046431105911,0.0
2020-12-23 20:00:00,1.5488616401837156,0.0374853937521622
2020-12-23 21:00:00,1.505479139646661,0.0
2020-12-23 22:00:00,1.6497638391722182,0.0
2020-12-23 23:00:00,1.541271727711477,0.0
2020-12-24 00:00:00,1.609459716466124,0.055249331535342
2020-12-24 01:00:00,1.5554648374991733,0.0296774077815396
2020-12-24 02:00:00,1.514503009613433,0.030804057826254304
2020-12-24 03:00:00,1.6535405628048603,0.0
2020-12-24 04:00:00,1.4490128575852392,0.0708026537649039
2020-12-24 05:00:00,1.492895814812146,0.060620636094194894
2020-12-24 06:00:00,1.3972805388529896,0.0566434688364945
2020-12-24 07:00:00,1.4754381890502788,0.436910975235965
2020-12-24 08:00:00,1.4217535081495547,0.7769234887506486
2020-12-24 09:00:00,1.4256509013525345,1.0939572545622487
2020-12-24 10:00:00,1.5253365528069585,1.3477038321033539
2020-12-24 11:00:00,1.4589364728009828,1.4996953879340102
2020-12-24 12:00:00,1.5933902523611423,1.6138999341064988
2020-12-24 13:00:00,1.4725624281584362,1.4942293917499119
2020-12-24 14:00:00,1.4820084783869691,1.3213037106125698
2020-12-24 15:00:00,1.518901219495382,1.130033931359391
2020-12-24 16:00:00,1.5086163058435482,0.7813465967323143
2020-12-24 17:00:00,1.595186256813108,0.4320215181063819
2020-12-24 18:00:00,1.5818096302928284,0.0
2020-12-24 19:00:00,1.5869620454471471,0.0241903983288061
2020-12-24 20:00:00,1.4117472378749207,0.0
2020-12-24 21:00:00,1.4289800659423764,0.0602505995165052
2020-12-24 22:00:00,1.315716890710061,0.023030270272739
2020-12-24 23:00:00,1.4850908010519248,0.0
2020-12-25 00:00:00,1.4949116448099455,0.0294765223952791
2020-12-25 01:00:00,1.3739038084337198,0.006836631234812
2020-12-25 02:00:00,1.593427356272517,0.0
2020-12-25 03:00:00,1.4157701262306381,0.0278717705360829
2020-12-25 04:00:00,1.3040879311475195,0.0164506868017484
2020-12-25 05:00:00,1.448348658235209,0.047534029828063
2020-12-25 06:00:00,1.2830942514722166,0.0
2020-12-25 07:00:00,1.345012501834356,0.3763529932224286
2020-12-25 08:00:00,1.2220473828144476,0.7516213920793734
2020-12-25 09:00:00,1.2519042217218053,1.1463844069913223
2020-12-25 10:00:00,1.4810208952587374,1.4006803801585246
2020-12-25 11:00:00,1.2044671746899935,1.5319026880459812
2020-12-25 12:00:00,1.1568784448408262,1.5061369609952933
2020-12-25 13:00:00,1.2005676525044695,1.514577461290969
2020-12-25 14:00:00,1.319606615046096,1.3155094749493395
2020-12-25 15:00:00,1.3501401420042378,1.1279736710860986
2020-12-25 16:00:00,1.23421516319733,0.8273377229717135
2020-12-25 17:00:00,1.2469468023693362,0.3836352519470065
2020-12-25 18:00:00,1.1338512770462672,0.0070618186855328
2020-12-25 19:00:00,1.1706311697102043,0.0
2020-12-25 20:00:00,1.177091518881149,0.0255303845568236
2020-12-25 21:00:00,1.1681970682860032,0.011483477028325
2020-12-25 22:00:00,1.1448414409078447,0.0
2020-12-25 23:00:00,1.0257566262166082,0.0
2020-12-26 00:00:00,1.150351861553425,0.0503561805919811
2020-12-26 01:00:00,1.1473631813047767,0.0255173686104121
2020-12-26 02:00:00,1.0859203348688413,0.0019251482870157
2020-12-26 03:00:00,1.0451662098383792,0.0327066938860624
2020-12-26 04:00:00,1.044328474772467,0.0
2020-12-26 05:00:00,1.098872654307105,0.0566002495496729
2020-12-26 06:00:00,1.0916282764947656,0.0505700415512709
2020-12-26 07:00:00,0.9119186928654222,0.3757158385644208
2020-12-26 08:00:00,0.9468826563612411,0.828415641484884
2020-12-26 09:00:00,1.0039343649228776,1.10740542050018
2020-12-26 10:00:00,0.8402657568083591,1.402098768187558
2020-12-26 11:00:00,1.0063918946853339,1.5270082355840315
2020-12-26 12:00:00,0.7776465617250493,1.589452248753283
2020-12-26 13:00:00,1.0567861518188457,1.5064008729057
2020-12-26 14:00:00,0.9637719126597286,1.3623624839294113
2020-12-26 15:00:00,0.8286641833382772,1.1055882283760314
2020-12-26 16:00:00,0.7741622198288811,0.8296850902647097
2020-12-26 17:00:00,0.8551478418687994,0.4164912822983489
2020-12-26 18:00:00,0.8776116383996309,0.028232012171196204
2020-12-26 19:00:00,0.8297903361568133,0.0
2020-12-26 20:00:00,0.7600536667799538,0.05709609887392521
2020-12-26 21:00:00,0.917953314073546,0.0
2020-12-26 22:00:00,0.8493531709799588,0.0109635886551578
2020-12-26 23:00:00,0.8067440136273109,0.0296958191867989
2020-12-27 00:00:00,0.831884021378714,0.0238110562813458
2020-12-27 01:00:00,0.8278807387087515,0.0
2020-12-27 02:00:00,0.7389605906541481,0.0135104220180347
2020-12-27 03:00:00,0.8009897638154242,0.0258741932111624
2020-12-27 04:00:00,0.7502877208096759,0.027679433513033
2020-12-27 05:00:00,0.6640708020712895,0.0115237548526142
2020-12-27 06:00:00,0.8440503944585847,0.0
2020-12-27 07:00:00,0.7408518254005556,0.47711209157085877
2020-12-27 08:00:00,0.7300232842207621,0.7876550699070712
2020-12-27 09:00:00,0.7485963255926359,1.1893227949280492
2020-12-27 10:00:00,0.647588998173863,1.346764845621243
2020-12-27 11:00:00,0.7522105018756129,1.5745320002012593
2020-12-27 12:00:00,0.8995438117917041,1.5836490196951927
2020-12-27 13:00:00,0.6682641173534605,1.5057414816746513
2020-12-27 14:00:00,0.677872489848073,1.314107885677544
2020-12-27 15:00:00,0.6962869972519106,1.1102151392782629
2020-12-27 16:00:00,0.6749062616340185,0.7642098267132734
2020-12-27 17:00:00,0.6116529496861198,0.3936965663106658
2020-12-27 18:00:00,0.6818401025403328,0.0581819477747149
2020-12-27 19:00:00,0.7282965781134731,0.029905181617432
2020-12-27 20:00:00,0.7615124829837336,0.0124101838971251
2020-12-27 21:00:00,0.6866537855537505,0.0
2020-12-27 22:00:00,0.8101522657472958,0.0
2020-12-27 23:00:00,0.7557368838806002,0.0340438206074035
2020-12-28 00:00:00,0.7672960587227045,0.0433782709051338
2020-12-28 01:00:00,0.5953301666891624,0.0026019452237126
2020-12-28 02:00:00,0.6618325617554672,0.0017442071086274
2020-12-28 03:00:00,0.650362489903294,0.0
2020-12-28 04:00:00,0.7412596361520104,0.094063880506808
2020-12-28 05:00:00,0.7244695712497426,0.0105004710361671
2020-12-28 06:00:00,0.7637458176800557,0.007613082396501
2020-12-28 07:00:00,0.7187000868859592,0.42385870418235105
2020-12-28 08:00:00,0.6901362891454479,0.8470494124821568
2020-12-28 09:00:00,0.6705735708342657,1.2058336298618837
2020-12-28 10:00:00,0.6868900321212166,1.4314126830527065
2020-12-28 11:00:00,0.7685192817026876,1.4996319409659722
2020-12-28 12:00:00,0.751021752473068,1.5545973660816168
2020-12-28 13:00:00,0.6992974470401465,1.5682175269402518
2020-12-28 14:00:00,0.8545510132995378,1.3735044710975326
2020-12-28 15:00:00,0.7753113286090474,1.1299480958444459
2020-12-28 16:00:00,0.9594920581062112,0.8046936440639871
2020-12-28 17:00:00,0.730970031818239,0.3780229705882284
2020-12-28 18:00:00,0.7904455103156072,0.0067996856320959
2020-12-28 19:00:00,0.8662242961530577,0.0085269494166461
2020-12-28 20:00:00,0.7795658401946596,0.0
2020-12-28 21:00:00,0.9204118209590424,0.0611130704613334
2020-12-28 22:00:00,0.9573117618629622,0.0135549812768362
2020-12-28 23:00:00,1.1232141291610398,0.0214398725361656
2020-12-29 00:00:00,0.9440430859252245,0.0260881246956879
2020-12-29 01:00:00,0.9470910656680961,0.0150289112452635
2020-12-29 02:00:00,1.0815674713584553,0.0185668368700675
2020-12-29 03:00:00,1.0177467461788416,0.027186491281352802
2020-12-29 04:00:00,0.828820919042458,0.0
2020-12-29 05:00:00,1.038507404238727,0.0
2020-12-29 06:00:00,1.050138787967204,0.0125901503509576
2020-12-29 07:00:00,1.1554554779385091,0.4395447860134126
2020-12-29 08:00:00,1.2121449706523997,0.7650784486567657
2020-12-29 09:00:00,1.019755444086711,1.103401495037988
2020-12-29 10:00:00,1.0564528654604608,1.3128861440087967
2020-12-29 11:00:00,1.089116931706172,1.5263099142207377
2020-12-29 12:00:00,1.0884436869478997,1.6083024692594368
2020-12-29 13:00:00,1.0421486390531611,1.5661037744086759
2020-12-29 14:00:00,1.1203296066079347,1.4052118349797107
2020-12-29 15:00:00,1.2550540628174724,1.1335122548258256
2020-12-29 16:00:00,1.2082030499939687,0.7978890057330019
2020-12-29 17:00:00,1.2331724279411733,0.31094358820321477
2020-12-29 18:00:00,1.2478730529564448,0.0371956894705307
2020-12-29 19:00:00,1.3264617272881412,0.020186110345756
2020-12-29 20:00:00,1.3339422631157598,0.0
2020-12-29 21:00:00,1.3708077531918377,0.0442832914044887
2020-12-29 22:00:00,1.3178434150877263,0.0086434412431422
2020-12-29 23:00:00,1.3734241379101086,0.085012896764375
2020-12-30 00:00:00,1.2822269859936397,0.0031215731661265
2020-12-30 01:00:00,1.2504668699951917,0.0
2020-12-30 02:00:00,1.362546065623482,0.049223128037224
2020-12-30 03:00:00,1.2808272596189065,0.0
2020-12-30 04:00:00,1.4306549969499456,0.0337184877656994
2020-12-30 05:00:00,1.3962587205599575,0.0
2020-12-30 06:00:00,1.3834956591892085,0.0
2020-12-30 07:00:00,1.2837182015516162,0.3819753066657295
2020-12-30 08:00:00,1.4201400472715036,0.847157753770803
2020-12-30 09:00:00,1.3778130547161909,1.1824581739529578
2020-12-30 10:00:00,1.4768878979900313,1.424844828211552
2020-12-30 11:00:00,1.437924892215071,1.4825791796928613
2020-12-30 12:00:00,1.5211900203544189,1.5160303952150413
2020-12-30 13:00:00,1.413958499573464,1.5532025030327739
2020-12-30 14:00:00,1.5690006601901612,1.3839498270374868
2020-12-30 15:00:00,1.4938253821587941,1.136963806144566
2020-12-30 16:00:00,1.4260489468952744,0.7688603041932927
2020-12-30 17:00:00,1.5599436310902128,0.3772205999993074
2020-12-30 18:00:00,1.3700933837194977,0.0083093640617417
2020-12-30 19:00:00,1.463121781826552,0.0242438718065099
2020-12-30 20:00:00,1.4028946692638185,0.0351184020555214
2020-12-30 21:00:00,1.4801118017988228,0.0
2020-12-30 22:00:00,1.5421735734734408,0.0452178889115661
2020-12-30 23:00:00,1.5778462610215942,0.0
2020-12-31 00:00:00,1.5280017942305943,0.0028626399328573
2020-12-31 01:00:00,1.6690266420776858,0.0079642141809201
2020-12-31 02:00:00,1.465223330873803,0.0062047886545501
2020-12-31 03:00:00,1.6484274435162778,0.0027188717407086
2020-12-31 04:00:00,1.4723772657105623,0.0
2020-12-31 05:00:00,1.4942901311168868,0.0059557633319726
2020-12-31 06:00:00,1.575072078712447,0.0143774260994297
2020-12-31 07:00:00,1.4078825966264772,0.4452912028672201
2020-12-31 08:00:00,1.5715467180788758,0.7792245730930067
2020-12-31 09:00:00,1.4907948983927573,1.1404145484924484
2020-12-31 10:00:00,1.4798502276444485,1.4413450503259264
2020-12-31 11:00:00,1.4796510361814086,1.532239548505541
2020-12-31 12:00:00,1.6352427710588051,1.612346060834359
2020-12-31 13:00:00,1.6076702667123544,1.4641076453838733
2020-12-31 14:00:00,1.4705345838615929,1.4367621869075675
2020-12-31 15:00:00,1.4920472207460316,1.0840304845296687
2020-12-31 16:00:00,1.556907856147988,0.7173486310069888
2020-12-31 17:00:00,1.4770591483792295,0.41107341196162805
2020-12-31 18:00:00,1.5267093812588088,0.0397687561549943
2020-12-31 19:00:00,1.5526269439265645,0.0483219399617617
2020-12-31 20:00:00,1.484540270298726,0.0240562324046068
2020-12-31 21:00:00,1.5259440443624592,0.0099024932048857
2020-12-31 22:00:00,1.5003550638738123,0.0308801558660809
2020-12-31 23:00:00,1.4408357836279526,0.0277567054319893
