timestamp,model,line_id,from_bus,to_bus,v_surface_ms,p_tower,p_span,p_line,towers,spans,design_line_load_n,design_tower_load_kn
2024-09-01 00:00:00,schloemer,L0,22,23,35.2362304385067,0.0,0.0,0.0,4,8,2184616.11112,34734.983586
2024-09-01 00:00:00,schloemer,L1,23,69,29.060550993302044,0.0,0.0,0.0,4,8,2184616.11112,34734.983586
2024-09-01 00:00:00,schloemer,L2,23,71,30.597214700114595,0.0,0.0,0.0,4,8,2184616.11112,34734.983586
2024-09-01 00:00:00,schloemer,L3,29,37,20.494434222596073,0.0,0.0,0.0,4,8,2184616.11112,34734.983586
2024-09-01 00:00:00,schloemer,L4,32,36,19.8274421785118,0.0,0.0,0.0,4,8,2184616.11112,34734.983586
2024-09-01 00:00:00,schloemer,L5,33,36,20.41581564653325,0.0,0.0,0.0,4,8,2184616.11112,34734.983586
2024-09-01 00:00:00,schloemer,L6,33,42,21.17269668076542,0.0,0.0,0.0,4,8,2184616.11112,34734.983586
2024-09-01 00:00:00,schloemer,L7,34,36,19.69160748563271,0.0,0.0,0.0,4,8,2184616.11112,34734.983586
2024-09-01 00:00:00,schloemer,L8,36,38,20.18748013166576,0.0,0.0,0.0,4,8,2184616.11112,34734.983586
2024-09-01 00:00:00,schloemer,L9,36,39,20.613002892489344,0.0,0.0,0.0,4,8,2184616.11112,34734.983586
2024-09-01 00:00:00,schloemer,L10,37,36,20.531645571561377,0.0,0.0,0.0,20,48,2185542.33716,34764.744572
2024-09-01 00:00:00,schloemer,L11,37,64,21.72082871775942,0.0,0.0,0.0,4,8,2184616.11112,34734.983586
2024-09-01 00:00:00,schloemer,L12,38,39,20.65797065980927,0.0,0.0,0.0,4,8,2184616.11112,34734.983586
2024-09-01 00:00:00,schloemer,L13,39,40,21.40951180726545,0.0,0.0,0.0,4,8,2184616.11112,34734.983586
2024-09-01 00:00:00,schloemer,L14,39,41,21.85990704981251,0.0,0.0,0.0,4,8,2184616.11112,34734.983586
2024-09-01 00:00:00,schloemer,L15,40,41,22.18767801316311,0.0,0.0,0.0,4,8,2184616.11112,34734.983586
2024-09-01 00:00:00,schloemer,L16,41,48,23.724783390706126,0.0,0.0,0.0,4,8,2184616.11112,34734.983586
2024-09-01 00:00:00,schloemer,L17,41,48,23.724783390706126,0.0,0.0,0.0,4,8,2184616.11112,34734.983586
2024-09-01 00:00:00,schloemer,L18,42,43,22.27913522921048,0.0,0.0,0.0,4,8,2184616.11112,34734.983586
2024-09-01 00:00:00,schloemer,L19,43,44,23.566555993057747,0.0,0.0,0.0,4,8,2184616.11112,34734.983586
2024-09-01 00:00:00,schloemer,L20,44,45,24.85070125103032,0.0,0.0,0.0,4,8,2184616.11112,34734.983586
2024-09-01 00:00:00,schloemer,L21,44,48,24.558154886563017,0.0,0.0,0.0,4,8,2184616.11112,34734.983586
2024-09-01 00:00:00,schloemer,L22,45,46,25.515914631922875,0.0,0.0,0.0,4,8,2184616.11112,34734.983586
2024-09-01 00:00:00,schloemer,L23,45,47,25.748012379913032,0.0,0.0,0.0,4,8,2184616.11112,34734.983586
2024-09-01 00:00:00,schloemer,L24,46,48,25.21697395664818,0.0,0.0,0.0,4,8,2184616.11112,34734.983586
2024-09-01 00:00:00,schloemer,L25,46,68,25.57394662486518,0.0,0.0,0.0,4,8,2184616.11112,34734.983586
2024-09-01 00:00:00,schloemer,L26,47,48,25.431708485110345,0.0,0.0,0.0,4,8,2184616.11112,34734.983586
2024-09-01 00:00:00,schloemer,L27,48,49,25.21815406925819,0.0,0.0,0.0,4,8,2184616.11112,34734.983586
2024-09-01 00:00:00,schloemer,L28,48,50,25.572477504859066,0.0,0.0,0.0,4,8,2184616.11112,34734.983586
2024-09-01 00:00:00,schloemer,L29,48,53,24.93094748226575,0.0,0.0,0.0,4,8,2184616.11112,34734.983586
2024-09-01 00:00:00,schloemer,L30,48,53,24.93094748226575,0.0,0.0,0.0,4,8,2184616.11112,34734.983586
2024-09-01 00:00:00,schloemer,L31,48,65,24.01357575326822,0.0,0.0,0.0,4,8,2184616.11112,34734.983586
2024-09-01 00:00:00,schloemer,L32,48,65,24.01357575326822,0.0,0.0,0.0,4,8,2184616.11112,34734.983586
2024-09-01 00:00:00,schloemer,L33,48,68,25.27620385619057,0.0,0.0,0.0,4,8,2184616.11112,34734.983586
2024-09-01 00:00:00,schloemer,L34,49,56,25.645695143983332,0.0,0.0,0.0,4,8,2184616.11112,34734.983586
2024-09-01 00:00:00,schloemer,L35,50,51,26.716227056560687,0.0,0.0,0.0,4,8,2184616.11112,34734.983586
2024-09-01 00:00:00,schloemer,L36,50,57,26.285102589497043,0.0,0.0,0.0,4,8,2184616.11112,34734.983586
2024-09-01 00:00:00,schloemer,L37,51,52,26.64183415417161,0.0,0.0,0.0,4,8,2184616.11112,34734.983586
2024-09-01 00:00:00,schloemer,L38,52,53,25.523814423225925,0.0,0.0,0.0,4,8,2184616.11112,34734.983586
2024-09-01 00:00:00,schloemer,L39,53,54,24.723283451015206,0.0,0.0,0.0,4,8,2184616.11112,34734.983586
2024-09-01 00:00:00,schloemer,L40,53,55,24.986819156115867,0.0,0.0,0.0,4,8,2184616.11112,34734.983586
2024-09-01 00:00:00,schloemer,L41,53,58,24.335318138657346,0.0,0.0,0.0,4,8,2184616.11112,34734.983586
2024-09-01 00:00:00,schloemer,L42,54,55,24.7805887059148,0.0,0.0,0.0,4,8,2184616.11112,34734.983586
2024-09-01 00:00:00,schloemer,L43,54,58,24.139880957637228,0.0,0.0,0.0,4,8,2184616.11112,34734.983586
2024-09-01 00:00:00,schloemer,L44,55,56,25.383593368031498,0.0,0.0,0.0,4,8,2184616.11112,34734.983586
2024-09-01 00:00:00,schloemer,L45,55,57,25.64785092222265,0.0,0.0,0.0,4,8,2184616.11112,34734.983586
2024-09-01 00:00:00,schloemer,L46,55,58,24.39443509703569,0.0,0.0,0.0,4,8,2184616.11112,34734.983586
2024-09-01 00:00:00,schloemer,L47,55,58,24.39443509703569,0.0,0.0,0.0,4,8,2184616.11112,34734.983586
2024-09-01 00:00:00,schloemer,L48,58,59,23.24027834622057,0.0,0.0,0.0,4,8,2184616.11112,34734.983586
2024-09-01 00:00:00,schloemer,L49,58,60,23.220481010547132,0.0,0.0,0.0,4,8,2184616.11112,34734.983586
2024-09-01 00:00:00,schloemer,L50,59,60,22.712582075240366,0.0,0.0,0.0,4,8,2184616.11112,34734.983586
2024-09-01 00:00:00,schloemer,L51,59,61,22.679148386369366,0.0,0.0,0.0,4,8,2184616.11112,34734.983586
2024-09-01 00:00:00,schloemer,L52,60,61,22.655024649188654,0.0,0.0,0.0,4,8,2184616.11112,34734.983586
2024-09-01 00:00:00,schloemer,L53,61,65,22.912849133224924,0.0,0.0,0.0,4,8,2184616.11112,34734.983586
2024-09-01 00:00:00,schloemer,L54,61,66,22.458208512382523,0.0,0.0,0.0,4,8,2184616.11112,34734.983586
2024-09-01 00:00:00,schloemer,L55,62,58,23.414559127067154,0.0,0.0,0.0,13,30,2185148.89802,34751.629934
2024-09-01 00:00:00,schloemer,L56,62,63,22.884501117382644,0.0,0.0,0.0,4,8,2184616.11112,34734.983586
2024-09-01 00:00:00,schloemer,L57,63,60,22.700892925310963,0.0,0.0,0.0,20,47,2185512.78098,34763.759366
2024-09-01 00:00:00,schloemer,L58,63,64,22.649955677614997,0.0,0.0,0.0,4,8,2184616.11112,34734.983586
2024-09-01 00:00:00,schloemer,L59,64,65,22.887971022050376,0.0,0.0,0.0,20,48,2185545.98792,34764.866264
2024-09-01 00:00:00,schloemer,L60,64,67,23.11986941557606,0.0,0.0,0.0,38,93,2186503.81292,34796.793764
2024-09-01 00:00:00,schloemer,L61,65,66,22.743767227397594,0.0,0.0,0.0,4,8,2184616.11112,34734.983586
2024-09-01 00:00:00,schloemer,L62,67,68,24.568743756122814,0.0,0.0,0.0,28,68,2185978.45538,34779.281846
2024-09-01 00:00:00,schloemer,L63,68,69,26.71229895624269,0.0,0.0,0.0,4,8,2184616.11112,34734.983586
2024-09-01 00:00:00,schloemer,L64,68,74,25.965783828506215,0.0,0.0,0.0,4,8,2184616.11112,34734.983586
2024-09-01 00:00:00,schloemer,L65,68,76,25.178972129035436,0.0,0.0,0.0,4,8,2184616.11112,34734.983586
2024-09-01 00:00:00,schloemer,L66,69,70,28.723759561347308,0.0,0.0,0.0,4,8,2184616.11112,34734.983586
2024-09-01 00:00:00,schloemer,L67,69,73,27.71123684411173,0.0,0.0,0.0,4,8,2184616.11112,34734.983586
2024-09-01 00:00:00,schloemer,L68,69,74,27.09794831943554,0.0,0.0,0.0,4,8,2184616.11112,34734.983586
2024-09-01 00:00:00,schloemer,L69,70,71,30.20162582792856,0.0,0.0,0.0,4,8,2184616.11112,34734.983586
2024-09-01 00:00:00,schloemer,L70,70,72,29.96838881903938,0.0,0.0,0.0,4,8,2184616.11112,34734.983586
2024-09-01 00:00:00,schloemer,L71,73,74,26.908081355664184,0.0,0.0,0.0,4,8,2184616.11112,34734.983586
2024-09-01 00:00:00,schloemer,L72,74,76,25.505391854257663,0.0,0.0,0.0,4,8,2184616.11112,34734.983586
2024-09-01 00:00:00,schloemer,L73,74,117,26.417694225954836,0.0,0.0,0.0,4,8,2184616.11112,34734.983586
2024-09-01 00:00:00,schloemer,L74,75,76,25.17803464155025,0.0,0.0,0.0,4,8,2184616.11112,34734.983586
2024-09-01 00:00:00,schloemer,L75,75,117,26.057306224586664,0.0,0.0,0.0,4,8,2184616.11112,34734.983586
2024-09-01 00:00:00,schloemer,L76,76,77,24.64583562908601,0.0,0.0,0.0,4,8,2184616.11112,34734.983586
2024-09-01 00:00:00,schloemer,L77,76,79,23.89402157323585,0.0,0.0,0.0,4,8,2184616.11112,34734.983586
2024-09-01 00:00:00,schloemer,L78,76,79,23.89402157323585,0.0,0.0,0.0,4,8,2184616.11112,34734.983586
2024-09-01 00:00:00,schloemer,L79,76,81,24.08690613207424,0.0,0.0,0.0,4,8,2184616.11112,34734.983586
2024-09-01 00:00:00,schloemer,L80,77,78,24.184593007544503,0.0,0.0,0.0,4,8,2184616.11112,34734.983586
2024-09-01 00:00:00,schloemer,L81,78,79,23.468973591491153,0.0,0.0,0.0,4,8,2184616.11112,34734.983586
2024-09-01 00:00:00,schloemer,L82,79,95,22.683173620839803,0.0,0.0,0.0,4,8,2184616.11112,34734.983586
2024-09-01 00:00:00,schloemer,L83,79,96,22.744612787058166,0.0,0.0,0.0,4,8,2184616.11112,34734.983586
2024-09-01 00:00:00,schloemer,L84,79,97,22.97225334260056,0.0,0.0,0.0,4,8,2184616.11112,34734.983586
2024-09-01 00:00:00,schloemer,L85,79,98,22.585407960018077,0.0,0.0,0.0,4,8,2184616.11112,34734.983586
2024-09-01 00:00:00,schloemer,L86,80,67,23.499144249935412,0.0,0.0,0.0,30,72,2186055.70436,34781.856812
2024-09-01 00:00:00,schloemer,L87,80,79,23.236075053083873,0.0,0.0,0.0,28,69,2185981.58126,34779.386042
2024-09-01 00:00:00,schloemer,L88,81,82,23.338854448001165,0.0,0.0,0.0,4,8,2184616.11112,34734.983586
2024-09-01 00:00:00,schloemer,L89,81,95,22.846699469361887,0.0,0.0,0.0,4,8,2184616.11112,34734.983586
2024-09-01 00:00:00,schloemer,L90,93,95,21.77081964720591,0.0,0.0,0.0,4,8,2184616.11112,34734.983586
2024-09-01 00:00:00,schloemer,L91,95,96,22.322590559009356,0.0,0.0,0.0,4,8,2184616.11112,34734.983586
2024-09-01 00:00:00,schloemer,L92,115,67,23.4690348185895,0.0,0.0,0.0,13,29,2185126.88168,34750.896056
2024-09-01 01:00:00,schloemer,L0,22,23,36.34192821972881,0.0,0.0,0.0,4,8,2184616.11112,34734.983586
2024-09-01 01:00:00,schloemer,L1,23,69,29.90771881989707,0.0,0.0,0.0,4,8,2184616.11112,34734.983586
2024-09-01 01:00:00,schloemer,L2,23,71,35.52959527057804,0.0,0.0,0.0,4,8,2184616.11112,34734.983586
2024-09-01 01:00:00,schloemer,L3,29,37,20.90110408221846,0.0,0.0,0.0,4,8,2184616.11112,34734.983586
2024-09-01 01:00:00,schloemer,L4,32,36,20.20898877716388,0.0,0.0,0.0,4,8,2184616.11112,34734.983586
2024-09-01 01:00:00,schloemer,L5,33,36,20.82119209601833,0.0,0.0,0.0,4,8,2184616.11112,34734.983586
2024-09-01 01:00:00,schloemer,L6,33,42,21.610226341793666,0.0,0.0,0.0,4,8,2184616.11112,34734.983586
2024-09-01 01:00:00,schloemer,L7,34,36,20.067122923522863,0.0,0.0,0.0,4,8,2184616.11112,34734.983586
2024-09-01 01:00:00,schloemer,L8,36,38,20.583967064533276,0.0,0.0,0.0,4,8,2184616.11112,34734.983586
2024-09-01 01:00:00,schloemer,L9,36,39,21.027294235745295,0.0,0.0,0.0,4,8,2184616.11112,34734.983586
2024-09-01 01:00:00,schloemer,L10,37,36,20.94145526406543,0.0,0.0,0.0,20,48,2185542.33716,34764.744572
2024-09-01 01:00:00,schloemer,L11,37,64,22.181882960310258,0.0,0.0,0.0,4,8,2184616.11112,34734.983586
2024-09-01 01:00:00,schloemer,L12,38,39,21.074607257073644,0.0,0.0,0.0,4,8,2184616.11112,34734.983586
2024-09-01 01:00:00,schloemer,L13,39,40,21.858947175553155,0.0,0.0,0.0,4,8,2184616.11112,34734.983586
2024-09-01 01:00:00,schloemer,L14,39,41,22.329273378553573,0.0,0.0,0.0,4,8,2184616.11112,34734.983586
2024-09-01 01:00:00,schloemer,L15,40,41,22.672232503873158,0.0,0.0,0.0,4,8,2184616.11112,34734.983586
2024-09-01 01:00:00,schloemer,L16,41,48,24.281652200311957,0.0,0.0,0.0,4,8,2184616.11112,34734.983586
2024-09-01 01:00:00,schloemer,L17,41,48,24.281652200311957,0.0,0.0,0.0,4,8,2184616.11112,34734.983586
2024-09-01 01:00:00,schloemer,L18,42,43,22.76645331005291,0.0,0.0,0.0,4,8,2184616.11112,34734.983586
2024-09-01 01:00:00,schloemer,L19,43,44,24.11553177538992,0.0,0.0,0.0,4,8,2184616.11112,34734.983586
2024-09-01 01:00:00,schloemer,L20,44,45,25.465141190663836,0.0,0.0,0.0,4,8,2184616.11112,34734.983586
2024-09-01 01:00:00,schloemer,L21,44,48,25.156488767606668,0.0,0.0,0.0,4,8,2184616.11112,34734.983586
2024-09-01 01:00:00,schloemer,L22,45,46,26.166649234761724,0.0,0.0,0.0,4,8,2184616.11112,34734.983586
2024-09-01 01:00:00,schloemer,L23,45,47,26.40963481406725,0.0,0.0,0.0,4,8,2184616.11112,34734.983586
2024-09-01 01:00:00,schloemer,L24,46,48,25.850996096946346,0.0,0.0,0.0,4,8,2184616.11112,34734.983586
2024-09-01 01:00:00,schloemer,L25,46,68,26.228921937188435,0.0,0.0,0.0,4,8,2184616.11112,34734.983586
2024-09-01 01:00:00,schloemer,L26,47,48,26.075195991507535,0.0,0.0,0.0,4,8,2184616.11112,34734.983586
2024-09-01 01:00:00,schloemer,L27,48,49,25.847485245708203,0.0,0.0,0.0,4,8,2184616.11112,34734.983586
2024-09-01 01:00:00,schloemer,L28,48,50,26.219649377992642,0.0,0.0,0.0,4,8,2184616.11112,34734.983586
2024-09-01 01:00:00,schloemer,L29,48,53,25.54248130687768,0.0,0.0,0.0,4,8,2184616.11112,34734.983586
2024-09-01 01:00:00,schloemer,L30,48,53,25.54248130687768,0.0,0.0,0.0,4,8,2184616.11112,34734.983586
2024-09-01 01:00:00,schloemer,L31,48,65,24.58162399959688,0.0,0.0,0.0,4,8,2184616.11112,34734.983586
2024-09-01 01:00:00,schloemer,L32,48,65,24.58162399959688,0.0,0.0,0.0,4,8,2184616.11112,34734.983586
2024-09-01 01:00:00,schloemer,L33,48,68,25.914771533706194,0.0,0.0,0.0,4,8,2184616.11112,34734.983586
2024-09-01 01:00:00,schloemer,L34,49,56,26.290222771436838,0.0,0.0,0.0,4,8,2184616.11112,34734.983586
2024-09-01 01:00:00,schloemer,L35,50,51,27.415548689073795,0.0,0.0,0.0,4,8,2184616.11112,34734.983586
2024-09-01 01:00:00,schloemer,L36,50,57,26.960719369576314,0.0,0.0,0.0,4,8,2184616.11112,34734.983586
2024-09-01 01:00:00,schloemer,L37,51,52,27.32883944664737,0.0,0.0,0.0,4,8,2184616.11112,34734.983586
2024-09-01 01:00:00,schloemer,L38,52,53,26.154127794909922,0.0,0.0,0.0,4,8,2184616.11112,34734.983586
2024-09-01 01:00:00,schloemer,L39,53,54,25.312168293185128,0.0,0.0,0.0,4,8,2184616.11112,34734.983586
2024-09-01 01:00:00,schloemer,L40,53,55,25.590336556108472,0.0,0.0,0.0,4,8,2184616.11112,34734.983586
2024-09-01 01:00:00,schloemer,L41,53,58,24.906175800102,0.0,0.0,0.0,4,8,2184616.11112,34734.983586
2024-09-01 01:00:00,schloemer,L42,54,55,25.368757334180003,0.0,0.0,0.0,4,8,2184616.11112,34734.983586
2024-09-01 01:00:00,schloemer,L43,54,58,24.696603772962725,0.0,0.0,0.0,4,8,2184616.11112,34734.983586
2024-09-01 01:00:00,schloemer,L44,55,56,26.006817774687683,0.0,0.0,0.0,4,8,2184616.11112,34734.983586
2024-09-01 01:00:00,schloemer,L45,55,57,26.28295910167294,0.0,0.0,0.0,4,8,2184616.11112,34734.983586
2024-09-01 01:00:00,schloemer,L46,55,58,24.964905385076456,0.0,0.0,0.0,4,8,2184616.11112,34734.983586
2024-09-01 01:00:00,schloemer,L47,55,58,24.964905385076456,0.0,0.0,0.0,4,8,2184616.11112,34734.983586
2024-09-01 01:00:00,schloemer,L48,58,59,23.75459034318551,0.0,0.0,0.0,4,8,2184616.11112,34734.983586
2024-09-01 01:00:00,schloemer,L49,58,60,23.735835735590904,0.0,0.0,0.0,4,8,2184616.11112,34734.983586
2024-09-01 01:00:00,schloemer,L50,59,60,23.203658528226864,0.0,0.0,0.0,4,8,2184616.11112,34734.983586
2024-09-01 01:00:00,schloemer,L51,59,61,23.170572423630773,0.0,0.0,0.0,4,8,2184616.11112,34734.983586
2024-09-01 01:00:00,schloemer,L52,60,61,23.14702217260135,0.0,0.0,0.0,4,8,2184616.11112,34734.983586
2024-09-01 01:00:00,schloemer,L53,61,65,23.42212428442564,0.0,0.0,0.0,4,8,2184616.11112,34734.983586
2024-09-01 01:00:00,schloemer,L54,61,66,22.944402689957514,0.0,0.0,0.0,4,8,2184616.11112,34734.983586
2024-09-01 01:00:00,schloemer,L55,62,58,23.939416417026152,0.0,0.0,0.0,13,30,2185148.89802,34751.629934
2024-09-01 01:00:00,schloemer,L56,62,63,23.389496319588794,0.0,0.0,0.0,4,8,2184616.11112,34734.983586
2024-09-01 01:00:00,schloemer,L57,63,60,23.197038500455395,0.0,0.0,0.0,20,47,2185512.78098,34763.759366
2024-09-01 01:00:00,schloemer,L58,63,64,23.151047591310466,0.0,0.0,0.0,4,8,2184616.11112,34734.983586
2024-09-01 01:00:00,schloemer,L59,64,65,23.40150111973521,0.0,0.0,0.0,20,48,2185545.98792,34764.866264
2024-09-01 01:00:00,schloemer,L60,64,67,23.648701347232933,0.0,0.0,0.0,38,93,2186503.81292,34796.793764
2024-09-01 01:00:00,schloemer,L61,65,66,23.2464904926532,0.0,0.0,0.0,4,8,2184616.11112,34734.983586
2024-09-01 01:00:00,schloemer,L62,67,68,25.170669267148654,0.0,0.0,0.0,28,68,2185978.45538,34779.281846
2024-09-01 01:00:00,schloemer,L63,68,69,27.427790378698596,0.0,0.0,0.0,4,8,2184616.11112,34734.983586
2024-09-01 01:00:00,schloemer,L64,68,74,26.639884014364068,0.0,0.0,0.0,4,8,2184616.11112,34734.983586
2024-09-01 01:00:00,schloemer,L65,68,76,25.80986680264005,0.0,0.0,0.0,4,8,2184616.11112,34734.983586
2024-09-01 01:00:00,schloemer,L66,69,70,29.548178275810773,0.0,0.0,0.0,4,8,2184616.11112,34734.983586
2024-09-01 01:00:00,schloemer,L67,69,73,28.479100400155797,0.0,0.0,0.0,4,8,2184616.11112,34734.983586
2024-09-01 01:00:00,schloemer,L68,69,74,27.83193052188636,0.0,0.0,0.0,4,8,2184616.11112,34734.983586
2024-09-01 01:00:00,schloemer,L69,70,71,35.05165729047094,0.0,0.0,0.0,4,8,2184616.11112,34734.983586
2024-09-01 01:00:00,schloemer,L70,70,72,34.76606407920339,0.0,0.0,0.0,4,8,2184616.11112,34734.983586
2024-09-01 01:00:00,schloemer,L71,73,74,27.630078917442017,0.0,0.0,0.0,4,8,2184616.11112,34734.983586
2024-09-01 01:00:00,schloemer,L72,74,76,26.150319501327058,0.0,0.0,0.0,4,8,2184616.11112,34734.983586
2024-09-01 01:00:00,schloemer,L73,74,117,27.110770016469903,0.0,0.0,0.0,4,8,2184616.11112,34734.983586
2024-09-01 01:00:00,schloemer,L74,75,76,25.802183313796142,0.0,0.0,0.0,4,8,2184616.11112,34734.983586
2024-09-01 01:00:00,schloemer,L75,75,117,26.72648669967888,0.0,0.0,0.0,4,8,2184616.11112,34734.983586
2024-09-01 01:00:00,schloemer,L76,76,77,25.241439490493644,0.0,0.0,0.0,4,8,2184616.11112,34734.983586
2024-09-01 01:00:00,schloemer,L77,76,79,24.453241050606202,0.0,0.0,0.0,4,8,2184616.11112,34734.983586
2024-09-01 01:00:00,schloemer,L78,76,79,24.453241050606202,0.0,0.0,0.0,4,8,2184616.11112,34734.983586
2024-09-01 01:00:00,schloemer,L79,76,81,24.653908683580603,0.0,0.0,0.0,4,8,2184616.11112,34734.983586
2024-09-01 01:00:00,schloemer,L80,77,78,24.75233984474396,0.0,0.0,0.0,4,8,2184616.11112,34734.983586
2024-09-01 01:00:00,schloemer,L81,78,79,24.00344713356095,0.0,0.0,0.0,4,8,2184616.11112,34734.983586
2024-09-01 01:00:00,schloemer,L82,79,95,23.180928459835496,0.0,0.0,0.0,4,8,2184616.11112,34734.983586
2024-09-01 01:00:00,schloemer,L83,79,96,23.24448368884916,0.0,0.0,0.0,4,8,2184616.11112,34734.983586
2024-09-01 01:00:00,schloemer,L84,79,97,23.48253582194365,0.0,0.0,0.0,4,8,2184616.11112,34734.983586
2024-09-01 01:00:00,schloemer,L85,79,98,23.080243351630934,0.0,0.0,0.0,4,8,2184616.11112,34734.983586
2024-09-01 01:00:00,schloemer,L86,80,67,24.046612794786107,0.0,0.0,0.0,30,72,2186055.70436,34781.856812
2024-09-01 01:00:00,schloemer,L87,80,79,23.765797745574567,0.0,0.0,0.0,28,69,2185981.58126,34779.386042
2024-09-01 01:00:00,schloemer,L88,81,82,23.86175464188991,0.0,0.0,0.0,4,8,2184616.11112,34734.983586
2024-09-01 01:00:00,schloemer,L89,81,95,23.35025447182926,0.0,0.0,0.0,4,8,2184616.11112,34734.983586
2024-09-01 01:00:00,schloemer,L90,93,95,22.224292926465246,0.0,0.0,0.0,4,8,2184616.11112,34734.983586
2024-09-01 01:00:00,schloemer,L91,95,96,22.80115156596407,0.0,0.0,0.0,4,8,2184616.11112,34734.983586
2024-09-01 01:00:00,schloemer,L92,115,67,24.015613031250666,0.0,0.0,0.0,13,29,2185126.88168,34750.896056
2024-09-01 02:00:00,schloemer,L0,22,23,37.507250987460345,0.0,0.0,0.0,4,8,2184616.11112,34734.983586
2024-09-01 02:00:00,schloemer,L1,23,69,34.6999274606044,0.0,0.0,0.0,4,8,2184616.11112,34734.983586
2024-09-01 02:00:00,schloemer,L2,23,71,36.63790847378118,0.0,0.0,0.0,4,8,2184616.11112,34734.983586
2024-09-01 02:00:00,schloemer,L3,29,37,21.3168972961535,0.0,0.0,0.0,4,8,2184616.11112,34734.983586
2024-09-01 02:00:00,schloemer,L4,32,36,20.598460622995596,0.0,0.0,0.0,4,8,2184616.11112,34734.983586
2024-09-01 02:00:00,schloemer,L5,33,36,21.235771510694715,0.0,0.0,0.0,4,8,2184616.11112,34734.983586
2024-09-01 02:00:00,schloemer,L6,33,42,22.058795723692235,0.0,0.0,0.0,4,8,2184616.11112,34734.983586
2024-09-01 02:00:00,schloemer,L7,34,36,20.45020204857386,0.0,0.0,0.0,4,8,2184616.11112,34734.983586
2024-09-01 02:00:00,schloemer,L8,36,38,20.989207722809276,0.0,0.0,0.0,4,8,2184616.11112,34734.983586
2024-09-01 02:00:00,schloemer,L9,36,39,21.451338339206625,0.0,0.0,0.0,4,8,2184616.11112,34734.983586
2024-09-01 02:00:00,schloemer,L10,37,36,21.360684673662444,0.0,0.0,0.0,20,48,2185542.33716,34764.744572
2024-09-01 02:00:00,schloemer,L11,37,64,22.65533523722549,0.0,0.0,0.0,4,8,2184616.11112,34734.983586
2024-09-01 02:00:00,schloemer,L12,38,39,21.501163257758876,0.0,0.0,0.0,4,8,2184616.11112,34734.983586
2024-09-01 02:00:00,schloemer,L13,39,40,22.320250595275724,0.0,0.0,0.0,4,8,2184616.11112,34734.983586
2024-09-01 02:00:00,schloemer,L14,39,41,22.81171389089962,0.0,0.0,0.0,4,8,2184616.11112,34734.983586
2024-09-01 02:00:00,schloemer,L15,40,41,23.17083546450816,0.0,0.0,0.0,4,8,2184616.11112,34734.983586
2024-09-01 02:00:00,schloemer,L16,41,48,24.85729814012336,0.0,0.0,0.0,4,8,2184616.11112,34734.983586
2024-09-01 02:00:00,schloemer,L17,41,48,24.85729814012336,0.0,0.0,0.0,4,8,2184616.11112,34734.983586
2024-09-01 02:00:00,schloemer,L18,42,43,23.267878550249154,0.0,0.0,0.0,4,8,2184616.11112,34734.983586
2024-09-01 02:00:00,schloemer,L19,43,44,24.682730331930287,0.0,0.0,0.0,4,8,2184616.11112,34734.983586
2024-09-01 02:00:00,schloemer,L20,44,45,26.102530300981396,0.0,0.0,0.0,4,8,2184616.11112,34734.983586
2024-09-01 02:00:00,schloemer,L21,44,48,25.776501008566616,0.0,0.0,0.0,4,8,2184616.11112,34734.983586
2024-09-01 02:00:00,schloemer,L22,45,46,26.843178534217692,0.0,0.0,0.0,4,8,2184616.11112,34734.983586
2024-09-01 02:00:00,schloemer,L23,45,47,27.097743212233382,0.0,0.0,0.0,4,8,2184616.11112,34734.983586
2024-09-01 02:00:00,schloemer,L24,46,48,26.509465863798745,0.0,0.0,0.0,4,8,2184616.11112,34734.983586
2024-09-01 02:00:00,schloemer,L25,46,68,26.91011434898638,0.0,0.0,0.0,4,8,2184616.11112,34734.983586
2024-09-01 02:00:00,schloemer,L26,47,48,26.74366893202897,0.0,0.0,0.0,4,8,2184616.11112,34734.983586
2024-09-01 02:00:00,schloemer,L27,48,49,26.500470023432523,0.0,0.0,0.0,4,8,2184616.11112,34734.983586
2024-09-01 02:00:00,schloemer,L28,48,50,26.8917239991983,0.0,0.0,0.0,4,8,2184616.11112,34734.983586
2024-09-01 02:00:00,schloemer,L29,48,53,26.176098837478374,0.0,0.0,0.0,4,8,2184616.11112,34734.983586
2024-09-01 02:00:00,schloemer,L30,48,53,26.176098837478374,0.0,0.0,0.0,4,8,2184616.11112,34734.983586
2024-09-01 02:00:00,schloemer,L31,48,65,25.168948866624497,0.0,0.0,0.0,4,8,2184616.11112,34734.983586
2024-09-01 02:00:00,schloemer,L32,48,65,25.168948866624497,0.0,0.0,0.0,4,8,2184616.11112,34734.983586
2024-09-01 02:00:00,schloemer,L33,48,68,26.578258164556477,0.0,0.0,0.0,4,8,2184616.11112,34734.983586
2024-09-01 02:00:00,schloemer,L34,49,56,26.95882829378223,0.0,0.0,0.0,4,8,2184616.11112,34734.983586
2024-09-01 02:00:00,schloemer,L35,50,51,28.1427802508944,0.0,0.0,0.0,4,8,2184616.11112,34734.983586
2024-09-01 02:00:00,schloemer,L36,50,57,27.66242495914489,0.0,0.0,0.0,4,8,2184616.11112,34734.983586
2024-09-01 02:00:00,schloemer,L37,51,52,28.041989515498315,0.0,0.0,0.0,4,8,2184616.11112,34734.983586
2024-09-01 02:00:00,schloemer,L38,52,53,26.806734658711594,0.0,0.0,0.0,4,8,2184616.11112,34734.983586
2024-09-01 02:00:00,schloemer,L39,53,54,25.92041966040433,0.0,0.0,0.0,4,8,2184616.11112,34734.983586
2024-09-01 02:00:00,schloemer,L40,53,55,26.21434743772762,0.0,0.0,0.0,4,8,2184616.11112,34734.983586
2024-09-01 02:00:00,schloemer,L41,53,58,25.495306195671677,0.0,0.0,0.0,4,8,2184616.11112,34734.983586
2024-09-01 02:00:00,schloemer,L42,54,55,25.975907842064583,0.0,0.0,0.0,4,8,2184616.11112,34734.983586
2024-09-01 02:00:00,schloemer,L43,54,58,25.27025185697813,0.0,0.0,0.0,4,8,2184616.11112,34734.983586
2024-09-01 02:00:00,schloemer,L44,55,56,26.6518515987801,0.0,0.0,0.0,4,8,2184616.11112,34734.983586
2024-09-01 02:00:00,schloemer,L45,55,57,26.940539846067356,0.0,0.0,0.0,4,8,2184616.11112,34734.983586
2024-09-01 02:00:00,schloemer,L46,55,58,25.553317820563983,0.0,0.0,0.0,4,8,2184616.11112,34734.983586
2024-09-01 02:00:00,schloemer,L47,55,58,25.553317820563983,0.0,0.0,0.0,4,8,2184616.11112,34734.983586
2024-09-01 02:00:00,schloemer,L48,58,59,24.2831914800833,0.0,0.0,0.0,4,8,2184616.11112,34734.983586
2024-09-01 02:00:00,schloemer,L49,58,60,24.265717426894565,0.0,0.0,0.0,4,8,2184616.11112,34734.983586
2024-09-01 02:00:00,schloemer,L50,59,60,23.707710541386362,0.0,0.0,0.0,4,8,2184616.11112,34734.983586
2024-09-01 02:00:00,schloemer,L51,59,61,23.675154301864268,0.0,0.0,0.0,4,8,2184616.11112,34734.983586
2024-09-01 02:00:00,schloemer,L52,60,61,23.652356358466378,0.0,0.0,0.0,4,8,2184616.11112,34734.983586
2024-09-01 02:00:00,schloemer,L53,61,65,23.946270097019948,0.0,0.0,0.0,4,8,2184616.11112,34734.983586
2024-09-01 02:00:00,schloemer,L54,61,66,23.44385210848495,0.0,0.0,0.0,4,8,2184616.11112,34734.983586
2024-09-01 02:00:00,schloemer,L55,62,58,24.479427609103677,0.0,0.0,0.0,13,30,2185148.89802,34751.629934
2024-09-01 02:00:00,schloemer,L56,62,63,23.908837069876554,0.0,0.0,0.0,4,8,2184616.11112,34734.983586
2024-09-01 02:00:00,schloemer,L57,63,60,23.706950014755684,0.0,0.0,0.0,20,47,2185512.78098,34763.759366
2024-09-01 02:00:00,schloemer,L58,63,64,23.666839315762267,0.0,0.0,0.0,4,8,2184616.11112,34734.983586
2024-09-01 02:00:00,schloemer,L59,64,65,23.930641342888133,0.0,0.0,0.0,20,48,2185545.98792,34764.866264
2024-09-01 02:00:00,schloemer,L60,64,67,24.19451594328887,0.0,0.0,0.0,38,93,2186503.81292,34796.793764
2024-09-01 02:00:00,schloemer,L61,65,66,23.76378422356291,0.0,0.0,0.0,4,8,2184616.11112,34734.983586
2024-09-01 02:00:00,schloemer,L62,67,68,25.79479319096933,0.0,0.0,0.0,28,68,2185978.45538,34779.281846
2024-09-01 02:00:00,schloemer,L63,68,69,28.17406668895419,0.0,0.0,0.0,4,8,2184616.11112,34734.983586
2024-09-01 02:00:00,schloemer,L64,68,74,27.34146092352111,0.0,0.0,0.0,4,8,2184616.11112,34734.983586
2024-09-01 02:00:00,schloemer,L65,68,76,26.464820354797578,0.0,0.0,0.0,4,8,2184616.11112,34734.983586
2024-09-01 02:00:00,schloemer,L66,69,70,30.41163604269854,0.0,0.0,0.0,4,8,2184616.11112,34734.983586
2024-09-01 02:00:00,schloemer,L67,69,73,29.281554966760197,0.0,0.0,0.0,4,8,2184616.11112,34734.983586
2024-09-01 02:00:00,schloemer,L68,69,74,28.597848644173418,0.0,0.0,0.0,4,8,2184616.11112,34734.983586
2024-09-01 02:00:00,schloemer,L69,70,71,36.124361397043664,0.0,0.0,0.0,4,8,2184616.11112,34734.983586
2024-09-01 02:00:00,schloemer,L70,70,72,35.81319708384149,0.0,0.0,0.0,4,8,2184616.11112,34734.983586
2024-09-01 02:00:00,schloemer,L71,73,74,28.382905802967485,0.0,0.0,0.0,4,8,2184616.11112,34734.983586
2024-09-01 02:00:00,schloemer,L72,74,76,26.820033903198244,0.0,0.0,0.0,4,8,2184616.11112,34734.983586
2024-09-01 02:00:00,schloemer,L73,74,117,27.832205686403576,0.0,0.0,0.0,4,8,2184616.11112,34734.983586
2024-09-01 02:00:00,schloemer,L74,75,76,26.449224791512922,0.0,0.0,0.0,4,8,2184616.11112,34734.983586
2024-09-01 02:00:00,schloemer,L75,75,117,27.421747060515777,0.0,0.0,0.0,4,8,2184616.11112,34734.983586
2024-09-01 02:00:00,schloemer,L76,76,77,25.857776047634193,0.0,0.0,0.0,4,8,2184616.11112,34734.983586
2024-09-01 02:00:00,schloemer,L77,76,79,25.030790232018987,0.0,0.0,0.0,4,8,2184616.11112,34734.983586
2024-09-01 02:00:00,schloemer,L78,76,79,25.030790232018987,0.0,0.0,0.0,4,8,2184616.11112,34734.983586
2024-09-01 02:00:00,schloemer,L79,76,81,25.239606550707887,0.0,0.0,0.0,4,8,2184616.11112,34734.983586
2024-09-01 02:00:00,schloemer,L80,77,78,25.338445256233584,0.0,0.0,0.0,4,8,2184616.11112,34734.983586
2024-09-01 02:00:00,schloemer,L81,78,79,24.55422218146437,0.0,0.0,0.0,4,8,2184616.11112,34734.983586
2024-09-01 02:00:00,schloemer,L82,79,95,23.692673251152733,0.0,0.0,0.0,4,8,2184616.11112,34734.983586
2024-09-01 02:00:00,schloemer,L83,79,96,23.75841117201819,0.0,0.0,0.0,4,8,2184616.11112,34734.983586
2024-09-01 02:00:00,schloemer,L84,79,97,24.007509997261618,0.0,0.0,0.0,4,8,2184616.11112,34734.983586
2024-09-01 02:00:00,schloemer,L85,79,98,23.589029372480386,0.0,0.0,0.0,4,8,2184616.11112,34734.983586
2024-09-01 02:00:00,schloemer,L86,80,67,24.612330515401016,0.0,0.0,0.0,30,72,2186055.70436,34781.856812
2024-09-01 02:00:00,schloemer,L87,80,79,24.312101154375224,0.0,0.0,0.0,28,69,2185981.58126,34779.386042
2024-09-01 02:00:00,schloemer,L88,81,82,24.399721607197133,0.0,0.0,0.0,4,8,2184616.11112,34734.983586
2024-09-01 02:00:00,schloemer,L89,81,95,23.86800112876452,0.0,0.0,0.0,4,8,2184616.11112,34734.983586
2024-09-01 02:00:00,schloemer,L90,93,95,22.688825647143876,0.0,0.0,0.0,4,8,2184616.11112,34734.983586
2024-09-01 02:00:00,schloemer,L91,95,96,23.292290328169553,0.0,0.0,0.0,4,8,2184616.11112,34734.983586
2024-09-01 02:00:00,schloemer,L92,115,67,24.580438628156084,0.0,0.0,0.0,13,29,2185126.88168,34750.896056
2024-09-01 03:00:00,schloemer,L0,22,23,38.73584865836216,0.0,0.0,0.0,4,8,2184616.11112,34734.983586
2024-09-01 03:00:00,schloemer,L1,23,69,35.74979479177391,0.0,0.0,0.0,4,8,2184616.11112,34734.983586
2024-09-01 03:00:00,schloemer,L2,23,71,37.80365347921569,0.0,0.0,0.0,4,8,2184616.11112,34734.983586
2024-09-01 03:00:00,schloemer,L3,29,37,21.74097020944876,0.0,0.0,0.0,4,8,2184616.11112,34734.983586
2024-09-01 03:00:00,schloemer,L4,32,36,20.994975737176024,0.0,0.0,0.0,4,8,2184616.11112,34734.983586
2024-09-01 03:00:00,schloemer,L5,33,36,21.658733557459065,0.0,0.0,0.0,4,8,2184616.11112,34734.983586
2024-09-01 03:00:00,schloemer,L6,33,42,22.517687751802395,0.0,0.0,0.0,4,8,2184616.11112,34734.983586
2024-09-01 03:00:00,schloemer,L7,34,36,20.83994078153368,0.0,0.0,0.0,4,8,2184616.11112,34734.983586
2024-09-01 03:00:00,schloemer,L8,36,38,21.4023635927021,0.0,0.0,0.0,4,8,2184616.11112,34734.983586
2024-09-01 03:00:00,schloemer,L9,36,39,21.884350754306254,0.0,0.0,0.0,4,8,2184616.11112,34734.983586
2024-09-01 03:00:00,schloemer,L10,37,36,21.788521146398587,0.0,0.0,0.0,20,48,2185542.33716,34764.744572
2024-09-01 03:00:00,schloemer,L11,37,64,23.14054644845574,0.0,0.0,0.0,4,8,2184616.11112,34734.983586
2024-09-01 03:00:00,schloemer,L12,38,39,21.936867615004733,0.0,0.0,0.0,4,8,2184616.11112,34734.983586
2024-09-01 03:00:00,schloemer,L13,39,40,22.79277092626523,0.0,0.0,0.0,4,8,2184616.11112,34734.983586
2024-09-01 03:00:00,schloemer,L14,39,41,23.30665464129021,0.0,0.0,0.0,4,8,2184616.11112,34734.983586
2024-09-01 03:00:00,schloemer,L15,40,41,23.68298241616819,0.0,0.0,0.0,4,8,2184616.11112,34734.983586
2024-09-01 03:00:00,schloemer,L16,41,48,25.45156606897869,0.0,0.0,0.0,4,8,2184616.11112,34734.983586
2024-09-01 03:00:00,schloemer,L17,41,48,25.45156606897869,0.0,0.0,0.0,4,8,2184616.11112,34734.983586
2024-09-01 03:00:00,schloemer,L18,42,43,23.7828959167729,0.0,0.0,0.0,4,8,2184616.11112,34734.983586
2024-09-01 03:00:00,schloemer,L19,43,44,25.267950552085775,0.0,0.0,0.0,4,8,2184616.11112,34734.983586
2024-09-01 03:00:00,schloemer,L20,44,45,26.763077191705953,0.0,0.0,0.0,4,8,2184616.11112,34734.983586
2024-09-01 03:00:00,schloemer,L21,44,48,26.418275581102463,0.0,0.0,0.0,4,8,2184616.11112,34734.983586
2024-09-01 03:00:00,schloemer,L22,45,46,27.54598942698221,0.0,0.0,0.0,4,8,2184616.11112,34734.983586
2024-09-01 03:00:00,schloemer,L23,45,47,27.81287054734605,0.0,0.0,0.0,4,8,2184616.11112,34734.983586
2024-09-01 03:00:00,schloemer,L24,46,48,27.192733493056583,0.0,0.0,0.0,4,8,2184616.11112,34734.983586
2024-09-01 03:00:00,schloemer,L25,46,68,27.61806323657704,0.0,0.0,0.0,4,8,2184616.11112,34734.983586
2024-09-01 03:00:00,schloemer,L26,47,48,27.43750333458966,0.0,0.0,0.0,4,8,2184616.11112,34734.983586
2024-09-01 03:00:00,schloemer,L27,48,49,27.17732606044562,0.0,0.0,0.0,4,8,2184616.11112,34734.983586
2024-09-01 03:00:00,schloemer,L28,48,50,27.58901989284602,0.0,0.0,0.0,4,8,2184616.11112,34734.983586
2024-09-01 03:00:00,schloemer,L29,48,53,26.831844195917107,0.0,0.0,0.0,4,8,2184616.11112,34734.983586
2024-09-01 03:00:00,schloemer,L30,48,53,26.831844195917107,0.0,0.0,0.0,4,8,2184616.11112,34734.983586
2024-09-01 03:00:00,schloemer,L31,48,65,25.775399188613516,0.0,0.0,0.0,4,8,2184616.11112,34734.983586
2024-09-01 03:00:00,schloemer,L32,48,65,25.775399188613516,0.0,0.0,0.0,4,8,2184616.11112,34734.983586
2024-09-01 03:00:00,schloemer,L33,48,68,27.26707477102502,0.0,0.0,0.0,4,8,2184616.11112,34734.983586
2024-09-01 03:00:00,schloemer,L34,49,56,27.65166856632282,0.0,0.0,0.0,4,8,2184616.11112,34734.983586
2024-09-01 03:00:00,schloemer,L35,50,51,28.898375568664797,0.0,0.0,0.0,4,8,2184616.11112,34734.983586
2024-09-01 03:00:00,schloemer,L36,50,57,28.39050756467902,0.0,0.0,0.0,4,8,2184616.11112,34734.983586
2024-09-01 03:00:00,schloemer,L37,51,52,28.781459298267176,0.0,0.0,0.0,4,8,2184616.11112,34734.983586
2024-09-01 03:00:00,schloemer,L38,52,53,27.48153555815776,0.0,0.0,0.0,4,8,2184616.11112,34734.983586
2024-09-01 03:00:00,schloemer,L39,53,54,26.547707879395045,0.0,0.0,0.0,4,8,2184616.11112,34734.983586
2024-09-01 03:00:00,schloemer,L40,53,55,26.85862398861259,0.0,0.0,0.0,4,8,2184616.11112,34734.983586
2024-09-01 03:00:00,schloemer,L41,53,58,26.102317423328667,0.0,0.0,0.0,4,8,2184616.11112,34734.983586
2024-09-01 03:00:00,schloemer,L42,54,55,26.60163467320531,0.0,0.0,0.0,4,8,2184616.11112,34734.983586
2024-09-01 03:00:00,schloemer,L43,54,58,25.860281231710854,0.0,0.0,0.0,4,8,2184616.11112,34734.983586
2024-09-01 03:00:00,schloemer,L44,55,56,27.31855984673369,0.0,0.0,0.0,4,8,2184616.11112,34734.983586
2024-09-01 03:00:00,schloemer,L45,55,57,27.620484303239905,0.0,0.0,0.0,4,8,2184616.11112,34734.983586
2024-09-01 03:00:00,schloemer,L46,55,58,26.159214044591913,0.0,0.0,0.0,4,8,2184616.11112,34734.983586
2024-09-01 03:00:00,schloemer,L47,55,58,26.159214044591913,0.0,0.0,0.0,4,8,2184616.11112,34734.983586
2024-09-01 03:00:00,schloemer,L48,58,59,24.82537693849659,0.0,0.0,0.0,4,8,2184616.11112,34734.983586
2024-09-01 03:00:00,schloemer,L49,58,60,24.80945993074813,0.0,0.0,0.0,4,8,2184616.11112,34734.983586
2024-09-01 03:00:00,schloemer,L50,59,60,24.223969693465744,0.0,0.0,0.0,4,8,2184616.11112,34734.983586
2024-09-01 03:00:00,schloemer,L51,59,61,24.19215839437548,0.0,0.0,0.0,4,8,2184616.11112,34734.983586
2024-09-01 03:00:00,schloemer,L52,60,61,24.170321923133656,0.0,0.0,0.0,4,8,2184616.11112,34734.983586
2024-09-01 03:00:00,schloemer,L53,61,65,24.484741525268362,0.0,0.0,0.0,4,8,2184616.11112,34734.983586
2024-09-01 03:00:00,schloemer,L54,61,66,23.95588328386118,0.0,0.0,0.0,4,8,2184616.11112,34734.983586
2024-09-01 03:00:00,schloemer,L55,62,58,25.033970530035752,0.0,0.0,0.0,13,30,2185148.89802,34751.629934
2024-09-01 03:00:00,schloemer,L56,62,63,24.441909274566218,0.0,0.0,0.0,4,8,2184616.11112,34734.983586
2024-09-01 03:00:00,schloemer,L57,63,60,24.229972380489098,0.0,0.0,0.0,20,47,2185512.78098,34763.759366
2024-09-01 03:00:00,schloemer,L58,63,64,24.196820416208784,0.0,0.0,0.0,4,8,2184616.11112,34734.983586
2024-09-01 03:00:00,schloemer,L59,64,65,24.4749599550627,0.0,0.0,0.0,20,48,2185545.98792,34764.866264
2024-09-01 03:00:00,schloemer,L60,64,67,24.75703075285924,0.0,0.0,0.0,38,93,2186503.81292,34796.793764
2024-09-01 03:00:00,schloemer,L61,65,66,24.295098443299942,0.0,0.0,0.0,4,8,2184616.11112,34734.983586
2024-09-01 03:00:00,schloemer,L62,67,68,26.4412779460863,0.0,0.0,0.0,28,68,2185978.45538,34779.281846
2024-09-01 03:00:00,schloemer,L63,68,69,28.952087179652306,0.0,0.0,0.0,4,8,2184616.11112,34734.983586
2024-09-01 03:00:00,schloemer,L64,68,74,28.071141761343892,0.0,0.0,0.0,4,8,2184616.11112,34734.983586
2024-09-01 03:00:00,schloemer,L65,68,76,27.14412164069218,0.0,0.0,0.0,4,8,2184616.11112,34734.983586
2024-09-01 03:00:00,schloemer,L66,69,70,35.28544260535117,0.0,0.0,0.0,4,8,2184616.11112,34734.983586
2024-09-01 03:00:00,schloemer,L67,69,73,30.119878024082432,0.0,0.0,0.0,4,8,2184616.11112,34734.983586
2024-09-01 03:00:00,schloemer,L68,69,74,29.396726570719032,0.0,0.0,0.0,4,8,2184616.11112,34734.983586
2024-09-01 03:00:00,schloemer,L69,70,71,37.25062296373306,0.0,0.0,0.0,4,8,2184616.11112,34734.983586
2024-09-01 03:00:00,schloemer,L70,70,72,36.91067575260278,0.0,0.0,0.0,4,8,2184616.11112,34734.983586
2024-09-01 03:00:00,schloemer,L71,73,74,29.167453552950924,0.0,0.0,0.0,4,8,2184616.11112,34734.983586
2024-09-01 03:00:00,schloemer,L72,74,76,27.51484332428011,0.0,0.0,0.0,4,8,2184616.11112,34734.983586
2024-09-01 03:00:00,schloemer,L73,74,117,28.582625047621672,0.0,0.0,0.0,4,8,2184616.11112,34734.983586
2024-09-01 03:00:00,schloemer,L74,75,76,27.119249050950376,0.0,0.0,0.0,4,8,2184616.11112,34734.983586
2024-09-01 03:00:00,schloemer,L75,75,117,28.143434041715757,0.0,0.0,0.0,4,8,2184616.11112,34734.983586
2024-09-01 03:00:00,schloemer,L76,76,77,26.494739205078485,0.0,0.0,0.0,4,8,2184616.11112,34734.983586
2024-09-01 03:00:00,schloemer,L77,76,79,25.626390241181728,0.0,0.0,0.0,4,8,2184616.11112,34734.983586
2024-09-01 03:00:00,schloemer,L78,76,79,25.626390241181728,0.0,0.0,0.0,4,8,2184616.11112,34734.983586
2024-09-01 03:00:00,schloemer,L79,76,81,25.84372573859395,0.0,0.0,0.0,4,8,2184616.11112,34734.983586
2024-09-01 03:00:00,schloemer,L80,77,78,25.942555137845464,0.0,0.0,0.0,4,8,2184616.11112,34734.983586
2024-09-01 03:00:00,schloemer,L81,78,79,25.120818030230264,0.0,0.0,0.0,4,8,2184616.11112,34734.983586
2024-09-01 03:00:00,schloemer,L82,79,95,24.21777617759306,0.0,0.0,0.0,4,8,2184616.11112,34734.983586
2024-09-01 03:00:00,schloemer,L83,79,96,24.285758680421473,0.0,0.0,0.0,4,8,2184616.11112,34734.983586
2024-09-01 03:00:00,schloemer,L84,79,97,24.546578008796423,0.0,0.0,0.0,4,8,2184616.11112,34734.983586
2024-09-01 03:00:00,schloemer,L85,79,98,24.111151311321585,0.0,0.0,0.0,4,8,2184616.11112,34734.983586
2024-09-01 03:00:00,schloemer,L86,80,67,25.196112866147114,0.0,0.0,0.0,30,72,2186055.70436,34781.856812
2024-09-01 03:00:00,schloemer,L87,80,79,24.874606686303398,0.0,0.0,0.0,28,69,2185981.58126,34779.386042
2024-09-01 03:00:00,schloemer,L88,81,82,24.952122724615823,0.0,0.0,0.0,4,8,2184616.11112,34734.983586
2024-09-01 03:00:00,schloemer,L89,81,95,24.399298396637157,0.0,0.0,0.0,4,8,2184616.11112,34734.983586
2024-09-01 03:00:00,schloemer,L90,93,95,23.16357526543343,0.0,0.0,0.0,4,8,2184616.11112,34734.983586
2024-09-01 03:00:00,schloemer,L91,95,96,23.79525524777788,0.0,0.0,0.0,4,8,2184616.11112,34734.983586
2024-09-01 03:00:00,schloemer,L92,115,67,25.163335489192065,0.0,0.0,0.0,13,29,2185126.88168,34750.896056
2024-09-01 04:00:00,schloemer,L0,22,23,40.03169186581876,0.0,0.0,0.0,4,8,2184616.11112,34734.983586
2024-09-01 04:00:00,schloemer,L1,23,69,36.850822120754266,0.0,0.0,0.0,4,8,2184616.11112,34734.983586
2024-09-01 04:00:00,schloemer,L2,23,71,39.03001912562906,0.0,0.0,0.0,4,8,2184616.11112,34734.983586
2024-09-01 04:00:00,schloemer,L3,29,37,22.172292615837048,0.0,0.0,0.0,4,8,2184616.11112,34734.983586
2024-09-01 04:00:00,schloemer,L4,32,36,21.39746866846109,0.0,0.0,0.0,4,8,2184616.11112,34734.983586
2024-09-01 04:00:00,schloemer,L5,33,36,22.089075263035895,0.0,0.0,0.0,4,8,2184616.11112,34734.983586
2024-09-01 04:00:00,schloemer,L6,33,42,22.986006826403024,0.0,0.0,0.0,4,8,2184616.11112,34734.983586
2024-09-01 04:00:00,schloemer,L7,34,36,21.235250467433943,0.0,0.0,0.0,4,8,2184616.11112,34734.983586
2024-09-01 04:00:00,schloemer,L8,36,38,21.822413905331207,0.0,0.0,0.0,4,8,2184616.11112,34734.983586
2024-09-01 04:00:00,schloemer,L9,36,39,22.32536661033375,0.0,0.0,0.0,4,8,2184616.11112,34734.983586
2024-09-01 04:00:00,schloemer,L10,37,36,22.22396897356959,0.0,0.0,0.0,20,48,2185542.33716,34764.744572
2024-09-01 04:00:00,schloemer,L11,37,64,23.63670231880176,0.0,0.0,0.0,4,8,2184616.11112,34734.983586
2024-09-01 04:00:00,schloemer,L12,38,39,22.380770040007725,0.0,0.0,0.0,4,8,2184616.11112,34734.983586
2024-09-01 04:00:00,schloemer,L13,39,40,23.275684426520733,0.0,0.0,0.0,4,8,2184616.11112,34734.983586
2024-09-01 04:00:00,schloemer,L14,39,41,23.813353868146073,0.0,0.0,0.0,4,8,2184616.11112,34734.983586
2024-09-01 04:00:00,schloemer,L15,40,41,24.20800648622163,0.0,0.0,0.0,4,8,2184616.11112,34734.983586
2024-09-01 04:00:00,schloemer,L16,41,48,26.064167715608455,0.0,0.0,0.0,4,8,2184616.11112,34734.983586
2024-09-01 04:00:00,schloemer,L17,41,48,26.064167715608455,0.0,0.0,0.0,4,8,2184616.11112,34734.983586
2024-09-01 04:00:00,schloemer,L18,42,43,24.310825046806706,0.0,0.0,0.0,4,8,2184616.11112,34734.983586
2024-09-01 04:00:00,schloemer,L19,43,44,25.87085358185381,0.0,0.0,0.0,4,8,2184616.11112,34734.983586
2024-09-01 04:00:00,schloemer,L20,44,45,27.446896679087754,0.0,0.0,0.0,4,8,2184616.11112,34734.983586
2024-09-01 04:00:00,schloemer,L21,44,48,27.081787115443376,0.0,0.0,0.0,4,8,2184616.11112,34734.983586
2024-09-01 04:00:00,schloemer,L22,45,46,28.27550994369356,0.0,0.0,0.0,4,8,2184616.11112,34734.983586
2024-09-01 04:00:00,schloemer,L23,45,47,28.55549355093977,0.0,0.0,0.0,4,8,2184616.11112,34734.983586
2024-09-01 04:00:00,schloemer,L24,46,48,27.90107246943544,0.0,0.0,0.0,4,8,2184616.11112,34734.983586
2024-09-01 04:00:00,schloemer,L25,46,68,28.353257239225634,0.0,0.0,0.0,4,8,2184616.11112,34734.983586
2024-09-01 04:00:00,schloemer,L26,47,48,28.156997855878277,0.0,0.0,0.0,4,8,2184616.11112,34734.983586
2024-09-01 04:00:00,schloemer,L27,48,49,27.878169973908633,0.0,0.0,0.0,4,8,2184616.11112,34734.983586
2024-09-01 04:00:00,schloemer,L28,48,50,28.311763832310152,0.0,0.0,0.0,4,8,2184616.11112,34734.983586
2024-09-01 04:00:00,schloemer,L29,48,53,27.509636459491908,0.0,0.0,0.0,4,8,2184616.11112,34734.983586
2024-09-01 04:00:00,schloemer,L30,48,53,27.509636459491908,0.0,0.0,0.0,4,8,2184616.11112,34734.983586
2024-09-01 04:00:00,schloemer,L31,48,65,26.400685582431155,0.0,0.0,0.0,4,8,2184616.11112,34734.983586
2024-09-01 04:00:00,schloemer,L32,48,65,26.400685582431155,0.0,0.0,0.0,4,8,2184616.11112,34734.983586
2024-09-01 04:00:00,schloemer,L33,48,68,27.981565316197297,0.0,0.0,0.0,4,8,2184616.11112,34734.983586
2024-09-01 04:00:00,schloemer,L34,49,56,28.3687770833282,0.0,0.0,0.0,4,8,2184616.11112,34734.983586
2024-09-01 04:00:00,schloemer,L35,50,51,29.68268800108374,0.0,0.0,0.0,4,8,2184616.11112,34734.983586
2024-09-01 04:00:00,schloemer,L36,50,57,29.145137513249924,0.0,0.0,0.0,4,8,2184616.11112,34734.983586
2024-09-01 04:00:00,schloemer,L37,51,52,29.5472736542737,0.0,0.0,0.0,4,8,2184616.11112,34734.983586
2024-09-01 04:00:00,schloemer,L38,52,53,28.178265572301793,0.0,0.0,0.0,4,8,2184616.11112,34734.983586
2024-09-01 04:00:00,schloemer,L39,53,54,27.193519440611823,0.0,0.0,0.0,4,8,2184616.11112,34734.983586
2024-09-01 04:00:00,schloemer,L40,53,55,27.522765041191274,0.0,0.0,0.0,4,8,2184616.11112,34734.983586
2024-09-01 04:00:00,schloemer,L41,53,58,26.72663265374934,0.0,0.0,0.0,4,8,2184616.11112,34734.983586
2024-09-01 04:00:00,schloemer,L42,54,55,27.245334663682616,0.0,0.0,0.0,4,8,2184616.11112,34734.983586
2024-09-01 04:00:00,schloemer,L43,54,58,26.4659432823119,0.0,0.0,0.0,4,8,2184616.11112,34734.983586
2024-09-01 04:00:00,schloemer,L44,55,56,28.006639710035877,0.0,0.0,0.0,4,8,2184616.11112,34734.983586
2024-09-01 04:00:00,schloemer,L45,55,57,28.322513100907816,0.0,0.0,0.0,4,8,2184616.11112,34734.983586
2024-09-01 04:00:00,schloemer,L46,55,58,26.781938775182113,0.0,0.0,0.0,4,8,2184616.11112,34734.983586
2024-09-01 04:00:00,schloemer,L47,55,58,26.781938775182113,0.0,0.0,0.0,4,8,2184616.11112,34734.983586
2024-09-01 04:00:00,schloemer,L48,58,59,25.38023164753036,0.0,0.0,0.0,4,8,2184616.11112,34734.983586
2024-09-01 04:00:00,schloemer,L49,58,60,25.366192899934664,0.0,0.0,0.0,4,8,2184616.11112,34734.983586
2024-09-01 04:00:00,schloemer,L50,59,60,24.751457980571786,0.0,0.0,0.0,4,8,2184616.11112,34734.983586
2024-09-01 04:00:00,schloemer,L51,59,61,24.720644744211576,0.0,0.0,0.0,4,8,2184616.11112,34734.983586
2024-09-01 04:00:00,schloemer,L52,60,61,24.700014027790967,0.0,0.0,0.0,4,8,2184616.11112,34734.983586
2024-09-01 04:00:00,schloemer,L53,61,65,25.036813140854232,0.0,0.0,0.0,4,8,2184616.11112,34734.983586
2024-09-01 04:00:00,schloemer,L54,61,66,24.47963113596119,0.0,0.0,0.0,4,8,2184616.11112,34734.983586
2024-09-01 04:00:00,schloemer,L55,62,58,25.602221590655315,0.0,0.0,0.0,13,30,2185148.89802,34751.629934
2024-09-01 04:00:00,schloemer,L56,62,63,24.98790858635831,0.0,0.0,0.0,4,8,2184616.11112,34734.983586
2024-09-01 04:00:00,schloemer,L57,63,60,24.76525744607488,0.0,0.0,0.0,20,47,2185512.78098,34763.759366
2024-09-01 04:00:00,schloemer,L58,63,64,24.740309866183225,0.0,0.0,0.0,4,8,2184616.11112,34734.983586
2024-09-01 04:00:00,schloemer,L59,64,65,25.0338626939019,0.0,0.0,0.0,20,48,2185545.98792,34764.866264
2024-09-01 04:00:00,schloemer,L60,64,67,25.335820346623677,0.0,0.0,0.0,38,93,2186503.81292,34796.793764
2024-09-01 04:00:00,schloemer,L61,65,66,24.839705001410326,0.0,0.0,0.0,4,8,2184616.11112,34734.983586
2024-09-01 04:00:00,schloemer,L62,67,68,27.11018981482755,0.0,0.0,0.0,28,68,2185978.45538,34779.281846
2024-09-01 04:00:00,schloemer,L63,68,69,29.762808623915532,0.0,0.0,0.0,4,8,2184616.11112,34734.983586
2024-09-01 04:00:00,schloemer,L64,68,74,28.82950827790576,0.0,0.0,0.0,4,8,2184616.11112,34734.983586
2024-09-01 04:00:00,schloemer,L65,68,76,27.847971085865673,0.0,0.0,0.0,4,8,2184616.11112,34734.983586
2024-09-01 04:00:00,schloemer,L66,69,70,36.35214834992552,0.0,0.0,0.0,4,8,2184616.11112,34734.983586
2024-09-01 04:00:00,schloemer,L67,69,73,34.92436463921695,0.0,0.0,0.0,4,8,2184616.11112,34734.983586
2024-09-01 04:00:00,schloemer,L68,69,74,30.229585122766196,0.0,0.0,0.0,4,8,2184616.11112,34734.983586
2024-09-01 04:00:00,schloemer,L69,70,71,38.43307943418026,0.0,0.0,0.0,4,8,2184616.11112,34734.983586
2024-09-01 04:00:00,schloemer,L70,70,72,38.06062340857546,0.0,0.0,0.0,4,8,2184616.11112,34734.983586
2024-09-01 04:00:00,schloemer,L71,73,74,29.984590198743444,0.0,0.0,0.0,4,8,2184616.11112,34734.983586
2024-09-01 04:00:00,schloemer,L72,74,76,28.234962179599,0.0,0.0,0.0,4,8,2184616.11112,34734.983586
2024-09-01 04:00:00,schloemer,L73,74,117,29.362591271568604,0.0,0.0,0.0,4,8,2184616.11112,34734.983586
2024-09-01 04:00:00,schloemer,L74,75,76,27.812220678815194,0.0,0.0,0.0,4,8,2184616.11112,34734.983586
2024-09-01 04:00:00,schloemer,L75,75,117,28.891791429919913,0.0,0.0,0.0,4,8,2184616.11112,34734.983586
2024-09-01 04:00:00,schloemer,L76,76,77,27.152076107527435,0.0,0.0,0.0,4,8,2184616.11112,34734.983586
2024-09-01 04:00:00,schloemer,L77,76,79,26.23960320147166,0.0,0.0,0.0,4,8,2184616.11112,34734.983586
2024-09-01 04:00:00,schloemer,L78,76,79,26.23960320147166,0.0,0.0,0.0,4,8,2184616.11112,34734.983586
2024-09-01 04:00:00,schloemer,L79,76,81,26.465829784763777,0.0,0.0,0.0,4,8,2184616.11112,34734.983586
2024-09-01 04:00:00,schloemer,L80,77,78,26.56413729252722,0.0,0.0,0.0,4,8,2184616.11112,34734.983586
2024-09-01 04:00:00,schloemer,L81,78,79,25.70257086283245,0.0,0.0,0.0,4,8,2184616.11112,34734.983586
2024-09-01 04:00:00,schloemer,L82,79,95,24.755414044268353,0.0,0.0,0.0,4,8,2184616.11112,34734.983586
2024-09-01 04:00:00,schloemer,L83,79,96,24.82569643318382,0.0,0.0,0.0,4,8,2184616.11112,34734.983586
2024-09-01 04:00:00,schloemer,L84,79,97,25.098950388920244,0.0,0.0,0.0,4,8,2184616.11112,34734.983586
2024-09-01 04:00:00,schloemer,L85,79,98,24.645807447777617,0.0,0.0,0.0,4,8,2184616.11112,34734.983586
2024-09-01 04:00:00,schloemer,L86,80,67,25.79764090563991,0.0,0.0,0.0,30,72,2186055.70436,34781.856812
2024-09-01 04:00:00,schloemer,L87,80,79,25.45277385252388,0.0,0.0,0.0,28,69,2185981.58126,34779.386042
2024-09-01 04:00:00,schloemer,L88,81,82,25.5181212065695,0.0,0.0,0.0,4,8,2184616.11112,34734.983586
2024-09-01 04:00:00,schloemer,L89,81,95,24.94330942473271,0.0,0.0,0.0,4,8,2184616.11112,34734.983586
2024-09-01 04:00:00,schloemer,L90,93,95,23.647493043809963,0.0,0.0,0.0,4,8,2184616.11112,34734.983586
2024-09-01 04:00:00,schloemer,L91,95,96,24.309092073698277,0.0,0.0,0.0,4,8,2184616.11112,34734.983586
2024-09-01 04:00:00,schloemer,L92,115,67,25.763995283134687,0.0,0.0,0.0,13,29,2185126.88168,34750.896056
2024-09-01 05:00:00,schloemer,L0,22,23,41.3991716548368,0.0,0.0,0.0,4,8,2184616.11112,34734.983586
2024-09-01 05:00:00,schloemer,L1,23,69,38.00559869075183,0.0,0.0,0.0,4,8,2184616.11112,34734.983586
2024-09-01 05:00:00,schloemer,L2,23,71,40.320480099392014,0.0,0.0,0.0,4,8,2184616.11112,34734.983586
2024-09-01 05:00:00,schloemer,L3,29,37,22.60965270035497,0.0,0.0,0.0,4,8,2184616.11112,34734.983586
2024-09-01 05:00:00,schloemer,L4,32,36,21.804695578312547,0.0,0.0,0.0,4,8,2184616.11112,34734.983586
2024-09-01 05:00:00,schloemer,L5,33,36,22.525616465160653,0.0,0.0,0.0,4,8,2184616.11112,34734.983586
2024-09-01 05:00:00,schloemer,L6,33,42,23.462685158340946,0.0,0.0,0.0,4,8,2184616.11112,34734.983586
2024-09-01 05:00:00,schloemer,L7,34,36,21.634862762670988,0.0,0.0,0.0,4,8,2184616.11112,34734.983586
2024-09-01 05:00:00,schloemer,L8,36,38,22.248161042432297,0.0,0.0,0.0,4,8,2184616.11112,34734.983586
2024-09-01 05:00:00,schloemer,L9,36,39,22.773246458883484,0.0,0.0,0.0,4,8,2184616.11112,34734.983586
2024-09-01 05:00:00,schloemer,L10,37,36,22.66585483162511,0.0,0.0,0.0,20,48,2185542.33716,34764.744572
2024-09-01 05:00:00,schloemer,L11,37,64,24.142820409480354,0.0,0.0,0.0,4,8,2184616.11112,34734.983586
2024-09-01 05:00:00,schloemer,L12,38,39,22.831747034025565,0.0,0.0,0.0,4,8,2184616.11112,34734.983586
2024-09-01 05:00:00,schloemer,L13,39,40,23.768002082720123,0.0,0.0,0.0,4,8,2184616.11112,34734.983586
2024-09-01 05:00:00,schloemer,L14,39,41,24.33091023335355,0.0,0.0,0.0,4,8,2184616.11112,34734.983586
2024-09-01 05:00:00,schloemer,L15,40,41,24.745087630944834,0.0,0.0,0.0,4,8,2184616.11112,34734.983586
2024-09-01 05:00:00,schloemer,L16,41,48,26.694696184792903,0.0,0.0,0.0,4,8,2184616.11112,34734.983586
2024-09-01 05:00:00,schloemer,L17,41,48,26.694696184792903,0.0,0.0,0.0,4,8,2184616.11112,34734.983586
2024-09-01 05:00:00,schloemer,L18,42,43,24.85082898631784,0.0,0.0,0.0,4,8,2184616.11112,34734.983586
2024-09-01 05:00:00,schloemer,L19,43,44,26.490976493148967,0.0,0.0,0.0,4,8,2184616.11112,34734.983586
2024-09-01 05:00:00,schloemer,L20,44,45,28.15403157105571,0.0,0.0,0.0,4,8,2184616.11112,34734.983586
2024-09-01 05:00:00,schloemer,L21,44,48,27.76691969976084,0.0,0.0,0.0,4,8,2184616.11112,34734.983586
2024-09-01 05:00:00,schloemer,L22,45,46,29.0321378442362,0.0,0.0,0.0,4,8,2184616.11112,34734.983586
2024-09-01 05:00:00,schloemer,L23,45,47,29.326061570155012,0.0,0.0,0.0,4,8,2184616.11112,34734.983586
2024-09-01 05:00:00,schloemer,L24,46,48,28.634704576274526,0.0,0.0,0.0,4,8,2184616.11112,34734.983586
2024-09-01 05:00:00,schloemer,L25,46,68,29.116164556159145,0.0,0.0,0.0,4,8,2184616.11112,34734.983586
2024-09-01 05:00:00,schloemer,L26,47,48,28.90239843951701,0.0,0.0,0.0,4,8,2184616.11112,34734.983586
2024-09-01 05:00:00,schloemer,L27,48,49,28.603037214441123,0.0,0.0,0.0,4,8,2184616.11112,34734.983586
2024-09-01 05:00:00,schloemer,L28,48,50,29.060112204789696,0.0,0.0,0.0,4,8,2184616.11112,34734.983586
2024-09-01 05:00:00,schloemer,L29,48,53,28.209284918879685,0.0,0.0,0.0,4,8,2184616.11112,34734.983586
2024-09-01 05:00:00,schloemer,L30,48,53,28.209284918879685,0.0,0.0,0.0,4,8,2184616.11112,34734.983586
2024-09-01 05:00:00,schloemer,L31,48,65,27.04439384441123,0.0,0.0,0.0,4,8,2184616.11112,34734.983586
2024-09-01 05:00:00,schloemer,L32,48,65,27.04439384441123,0.0,0.0,0.0,4,8,2184616.11112,34734.983586
2024-09-01 05:00:00,schloemer,L33,48,68,28.72203378305062,0.0,0.0,0.0,4,8,2184616.11112,34734.983586
2024-09-01 05:00:00,schloemer,L34,49,56,29.110078589868674,0.0,0.0,0.0,4,8,2184616.11112,34734.983586
2024-09-01 05:00:00,schloemer,L35,50,51,30.49598758947134,0.0,0.0,0.0,4,8,2184616.11112,34734.983586
2024-09-01 05:00:00,schloemer,L36,50,57,29.92638174889128,0.0,0.0,0.0,4,8,2184616.11112,34734.983586
2024-09-01 05:00:00,schloemer,L37,51,52,30.339314308506914,0.0,0.0,0.0,4,8,2184616.11112,34734.983586
2024-09-01 05:00:00,schloemer,L38,52,53,28.89650074230417,0.0,0.0,0.0,4,8,2184616.11112,34734.983586
2024-09-01 05:00:00,schloemer,L39,53,54,27.857161213009004,0.0,0.0,0.0,4,8,2184616.11112,34734.983586
2024-09-01 05:00:00,schloemer,L40,53,55,28.20620185871378,0.0,0.0,0.0,4,8,2184616.11112,34734.983586
2024-09-01 05:00:00,schloemer,L41,53,58,27.36749460111397,0.0,0.0,0.0,4,8,2184616.11112,34734.983586
2024-09-01 05:00:00,schloemer,L42,54,55,27.906208721766156,0.0,0.0,0.0,4,8,2184616.11112,34734.983586
2024-09-01 05:00:00,schloemer,L43,54,58,27.08628603345264,0.0,0.0,0.0,4,8,2184616.11112,34734.983586
2024-09-01 05:00:00,schloemer,L44,55,56,28.715626784524524,0.0,0.0,0.0,4,8,2184616.11112,34734.983586
2024-09-01 05:00:00,schloemer,L45,55,57,29.04618157145894,0.0,0.0,0.0,4,8,2184616.11112,34734.983586
2024-09-01 05:00:00,schloemer,L46,55,58,27.420642109221763,0.0,0.0,0.0,4,8,2184616.11112,34734.983586
2024-09-01 05:00:00,schloemer,L47,55,58,27.420642109221763,0.0,0.0,0.0,4,8,2184616.11112,34734.983586
2024-09-01 05:00:00,schloemer,L48,58,59,25.94663144302467,0.0,0.0,0.0,4,8,2184616.11112,34734.983586
2024-09-01 05:00:00,schloemer,L49,58,60,25.934843916394044,0.0,0.0,0.0,4,8,2184616.11112,34734.983586
2024-09-01 05:00:00,schloemer,L50,59,60,25.288989385146092,0.0,0.0,0.0,4,8,2184616.11112,34734.983586
2024-09-01 05:00:00,schloemer,L51,59,61,25.25947144063181,0.0,0.0,0.0,4,8,2184616.11112,34734.983586
2024-09-01 05:00:00,schloemer,L52,60,61,25.2403313982333,0.0,0.0,0.0,4,8,2184616.11112,34734.983586
2024-09-01 05:00:00,schloemer,L53,61,65,25.60158528176753,0.0,0.0,0.0,4,8,2184616.11112,34734.983586
2024-09-01 05:00:00,schloemer,L54,61,66,25.014043405793046,0.0,0.0,0.0,4,8,2184616.11112,34734.983586
2024-09-01 05:00:00,schloemer,L55,62,58,26.183158228127397,0.0,0.0,0.0,13,30,2185148.89802,34751.629934
2024-09-01 05:00:00,schloemer,L56,62,63,25.545844926497704,0.0,0.0,0.0,4,8,2184616.11112,34734.983586
2024-09-01 05:00:00,schloemer,L57,63,60,25.31176812261278,0.0,0.0,0.0,20,47,2185512.78098,34763.759366
2024-09-01 05:00:00,schloemer,L58,63,64,25.296463900075832,0.0,0.0,0.0,4,8,2184616.11112,34734.983586
2024-09-01 05:00:00,schloemer,L59,64,65,25.606602006010128,0.0,0.0,0.0,20,48,2185545.98792,34764.866264
2024-09-01 05:00:00,schloemer,L60,64,67,25.93032907278596,0.0,0.0,0.0,38,93,2186503.81292,34796.793764
2024-09-01 05:00:00,schloemer,L61,65,66,25.39670413017371,0.0,0.0,0.0,4,8,2184616.11112,34734.983586
2024-09-01 05:00:00,schloemer,L62,67,68,27.80152042181352,0.0,0.0,0.0,28,68,2185978.45538,34779.281846
2024-09-01 05:00:00,schloemer,L63,68,69,30.607224492844676,0.0,0.0,0.0,4,8,2184616.11112,34734.983586
2024-09-01 05:00:00,schloemer,L64,68,74,29.617127566677347,0.0,0.0,0.0,4,8,2184616.11112,34734.983586
2024-09-01 05:00:00,schloemer,L65,68,76,28.576503141438153,0.0,0.0,0.0,4,8,2184616.11112,34734.983586
2024-09-01 05:00:00,schloemer,L66,69,70,37.468883541825505,0.0,0.0,0.0,4,8,2184616.11112,34734.983586
2024-09-01 05:00:00,schloemer,L67,69,73,35.95427099506232,0.0,0.0,0.0,4,8,2184616.11112,34734.983586
2024-09-01 05:00:00,schloemer,L68,69,74,35.03941415660084,0.0,0.0,0.0,4,8,2184616.11112,34734.983586
2024-09-01 05:00:00,schloemer,L69,70,71,39.67455368928724,0.0,0.0,0.0,4,8,2184616.11112,34734.983586
2024-09-01 05:00:00,schloemer,L70,70,72,39.26524710068371,0.0,0.0,0.0,4,8,2184616.11112,34734.983586
2024-09-01 05:00:00,schloemer,L71,73,74,34.743880514194714,0.0,0.0,0.0,4,8,2184616.11112,34734.983586
2024-09-01 05:00:00,schloemer,L72,74,76,28.9805318474987,0.0,0.0,0.0,4,8,2184616.11112,34734.983586
2024-09-01 05:00:00,schloemer,L73,74,117,30.17263326645954,0.0,0.0,0.0,4,8,2184616.11112,34734.983586
2024-09-01 05:00:00,schloemer,L74,75,76,28.527993528198454,0.0,0.0,0.0,4,8,2184616.11112,34734.983586
2024-09-01 05:00:00,schloemer,L75,75,117,29.666977899594787,0.0,0.0,0.0,4,8,2184616.11112,34734.983586
2024-09-01 05:00:00,schloemer,L76,76,77,27.82939817150464,0.0,0.0,0.0,4,8,2184616.11112,34734.983586
2024-09-01 05:00:00,schloemer,L77,76,79,26.869841587101313,0.0,0.0,0.0,4,8,2184616.11112,34734.983586
2024-09-01 05:00:00,schloemer,L78,76,79,26.869841587101313,0.0,0.0,0.0,4,8,2184616.11112,34734.983586
2024-09-01 05:00:00,schloemer,L79,76,81,27.105328314821925,0.0,0.0,0.0,4,8,2184616.11112,34734.983586
2024-09-01 05:00:00,schloemer,L80,77,78,27.202487015100978,0.0,0.0,0.0,4,8,2184616.11112,34734.983586
2024-09-01 05:00:00,schloemer,L81,78,79,26.298639008605114,0.0,0.0,0.0,4,8,2184616.11112,34734.983586
2024-09-01 05:00:00,schloemer,L82,79,95,25.304576503465867,0.0,0.0,0.0,4,8,2184616.11112,34734.983586
2024-09-01 05:00:00,schloemer,L83,79,96,25.37720532755074,0.0,0.0,0.0,4,8,2184616.11112,34734.983586
2024-09-01 05:00:00,schloemer,L84,79,97,25.663650137680072,0.0,0.0,0.0,4,8,2184616.11112,34734.983586
2024-09-01 05:00:00,schloemer,L85,79,98,25.192014020849523,0.0,0.0,0.0,4,8,2184616.11112,34734.983586
2024-09-01 05:00:00,schloemer,L86,80,67,26.416475567712613,0.0,0.0,0.0,30,72,2186055.70436,34781.856812
2024-09-01 05:00:00,schloemer,L87,80,79,26.045909420434867,0.0,0.0,0.0,28,69,2185981.58126,34779.386042
2024-09-01 05:00:00,schloemer,L88,81,82,26.096677896924152,0.0,0.0,0.0,4,8,2184616.11112,34734.983586
2024-09-01 05:00:00,schloemer,L89,81,95,25.499004997814637,0.0,0.0,0.0,4,8,2184616.11112,34734.983586
2024-09-01 05:00:00,schloemer,L90,93,95,24.139326228195568,0.0,0.0,0.0,4,8,2184616.11112,34734.983586
2024-09-01 05:00:00,schloemer,L91,95,96,24.832646460910887,0.0,0.0,0.0,4,8,2184616.11112,34734.983586
2024-09-01 05:00:00,schloemer,L92,115,67,26.381992184378852,0.0,0.0,0.0,13,29,2185126.88168,34750.896056
2024-09-01 06:00:00,schloemer,L0,22,23,42.84323629506132,0.0,0.0,0.0,4,8,2184616.11112,34734.983586
2024-09-01 06:00:00,schloemer,L1,23,69,39.21702109860018,0.0,0.0,0.0,4,8,2184616.11112,34734.983586
2024-09-01 06:00:00,schloemer,L2,23,71,41.67890386186251,0.0,0.0,0.0,4,8,2184616.11112,34734.983586
2024-09-01 06:00:00,schloemer,L3,29,37,23.051673199230294,0.0,0.0,0.0,4,8,2184616.11112,34734.983586
2024-09-01 06:00:00,schloemer,L4,32,36,22.21525022888962,0.0,0.0,0.0,4,8,2184616.11112,34734.983586
2024-09-01 06:00:00,schloemer,L5,33,36,22.967016544575213,0.0,0.0,0.0,4,8,2184616.11112,34734.983586
2024-09-01 06:00:00,schloemer,L6,33,42,23.946500947687156,0.0,0.0,0.0,4,8,2184616.11112,34734.983586
2024-09-01 06:00:00,schloemer,L7,34,36,22.037345313288967,0.0,0.0,0.0,4,8,2184616.11112,34734.983586
2024-09-01 06:00:00,schloemer,L8,36,38,22.67824709739067,0.0,0.0,0.0,4,8,2184616.11112,34734.983586
2024-09-01 06:00:00,schloemer,L9,36,39,23.22669358127452,0.0,0.0,0.0,4,8,2184616.11112,34734.983586
2024-09-01 06:00:00,schloemer,L10,37,36,23.112844559139003,0.0,0.0,0.0,20,48,2185542.33716,34764.744572
2024-09-01 06:00:00,schloemer,L11,37,64,24.657769378602005,0.0,0.0,0.0,4,8,2184616.11112,34734.983586
2024-09-01 06:00:00,schloemer,L12,38,39,23.28851944628246,0.0,0.0,0.0,4,8,2184616.11112,34734.983586
2024-09-01 06:00:00,schloemer,L13,39,40,24.268589114971807,0.0,0.0,0.0,4,8,2184616.11112,34734.983586
2024-09-01 06:00:00,schloemer,L14,39,41,24.85828364766555,0.0,0.0,0.0,4,8,2184616.11112,34734.983586
2024-09-01 06:00:00,schloemer,L15,40,41,25.29327481468423,0.0,0.0,0.0,4,8,2184616.11112,34734.983586
2024-09-01 06:00:00,schloemer,L16,41,48,27.342655281140278,0.0,0.0,0.0,4,8,2184616.11112,34734.983586
2024-09-01 06:00:00,schloemer,L17,41,48,27.342655281140278,0.0,0.0,0.0,4,8,2184616.11112,34734.983586
2024-09-01 06:00:00,schloemer,L18,42,43,25.401935813340604,0.0,0.0,0.0,4,8,2184616.11112,34734.983586
2024-09-01 06:00:00,schloemer,L19,43,44,27.127760511374145,0.0,0.0,0.0,4,8,2184616.11112,34734.983586
2024-09-01 06:00:00,schloemer,L20,44,45,28.8844914394305,0.0,0.0,0.0,4,8,2184616.11112,34734.983586
2024-09-01 06:00:00,schloemer,L21,44,48,28.473501822077615,0.0,0.0,0.0,4,8,2184616.11112,34734.983586
2024-09-01 06:00:00,schloemer,L22,45,46,29.816288143958584,0.0,0.0,0.0,4,8,2184616.11112,34734.983586
2024-09-01 06:00:00,schloemer,L23,45,47,30.125044446604733,0.0,0.0,0.0,4,8,2184616.11112,34734.983586
2024-09-01 06:00:00,schloemer,L24,46,48,29.393842869496137,0.0,0.0,0.0,4,8,2184616.11112,34734.983586
2024-09-01 06:00:00,schloemer,L25,46,68,29.907282658084007,0.0,0.0,0.0,4,8,2184616.11112,34734.983586
2024-09-01 06:00:00,schloemer,L26,47,48,29.673940821790584,0.0,0.0,0.0,4,8,2184616.11112,34734.983586
2024-09-01 06:00:00,schloemer,L27,48,49,29.35191849341636,0.0,0.0,0.0,4,8,2184616.11112,34734.983586
2024-09-01 06:00:00,schloemer,L28,48,50,29.83418936373546,0.0,0.0,0.0,4,8,2184616.11112,34734.983586
2024-09-01 06:00:00,schloemer,L29,48,53,28.9305196629748,0.0,0.0,0.0,4,8,2184616.11112,34734.983586
2024-09-01 06:00:00,schloemer,L30,48,53,28.9305196629748,0.0,0.0,0.0,4,8,2184616.11112,34734.983586
2024-09-01 06:00:00,schloemer,L31,48,65,27.70601298416496,0.0,0.0,0.0,4,8,2184616.11112,34734.983586
2024-09-01 06:00:00,schloemer,L32,48,65,27.70601298416496,0.0,0.0,0.0,4,8,2184616.11112,34734.983586
2024-09-01 06:00:00,schloemer,L33,48,68,29.488789740173473,0.0,0.0,0.0,4,8,2184616.11112,34734.983586
2024-09-01 06:00:00,schloemer,L34,49,56,29.875418956784223,0.0,0.0,0.0,4,8,2184616.11112,34734.983586
2024-09-01 06:00:00,schloemer,L35,50,51,35.31097924538412,0.0,0.0,0.0,4,8,2184616.11112,34734.983586
2024-09-01 06:00:00,schloemer,L36,50,57,34.630122332390734,0.0,0.0,0.0,4,8,2184616.11112,34734.983586
2024-09-01 06:00:00,schloemer,L37,51,52,35.106862139091106,0.0,0.0,0.0,4,8,2184616.11112,34734.983586
2024-09-01 06:00:00,schloemer,L38,52,53,29.63567778762995,0.0,0.0,0.0,4,8,2184616.11112,34734.983586
2024-09-01 06:00:00,schloemer,L39,53,54,28.537777353314688,0.0,0.0,0.0,4,8,2184616.11112,34734.983586
2024-09-01 06:00:00,schloemer,L40,53,55,28.9082170073527,0.0,0.0,0.0,4,8,2184616.11112,34734.983586
2024-09-01 06:00:00,schloemer,L41,53,58,28.02398266302938,0.0,0.0,0.0,4,8,2184616.11112,34734.983586
2024-09-01 06:00:00,schloemer,L42,54,55,28.583275670306598,0.0,0.0,0.0,4,8,2184616.11112,34734.983586
2024-09-01 06:00:00,schloemer,L43,54,58,27.72016738109303,0.0,0.0,0.0,4,8,2184616.11112,34734.983586
2024-09-01 06:00:00,schloemer,L44,55,56,29.444914521312725,0.0,0.0,0.0,4,8,2184616.11112,34734.983586
2024-09-01 06:00:00,schloemer,L45,55,57,29.79089799774352,0.0,0.0,0.0,4,8,2184616.11112,34734.983586
2024-09-01 06:00:00,schloemer,L46,55,58,28.074294046507216,0.0,0.0,0.0,4,8,2184616.11112,34734.983586
2024-09-01 06:00:00,schloemer,L47,55,58,28.074294046507216,0.0,0.0,0.0,4,8,2184616.11112,34734.983586
2024-09-01 06:00:00,schloemer,L48,58,59,26.523255905878713,0.0,0.0,0.0,4,8,2184616.11112,34734.983586
2024-09-01 06:00:00,schloemer,L49,58,60,26.51415247313297,0.0,0.0,0.0,4,8,2184616.11112,34734.983586
2024-09-01 06:00:00,schloemer,L50,59,60,25.83518301766478,0.0,0.0,0.0,4,8,2184616.11112,34734.983586
2024-09-01 06:00:00,schloemer,L51,59,61,25.8073087092135,0.0,0.0,0.0,4,8,2184616.11112,34734.983586
2024-09-01 06:00:00,schloemer,L52,60,61,25.789991293888747,0.0,0.0,0.0,4,8,2184616.11112,34734.983586
2024-09-01 06:00:00,schloemer,L53,61,65,26.178002777687798,0.0,0.0,0.0,4,8,2184616.11112,34734.983586
2024-09-01 06:00:00,schloemer,L54,61,66,25.55789710274723,0.0,0.0,0.0,4,8,2184616.11112,34734.983586
2024-09-01 06:00:00,schloemer,L55,62,58,26.775573334754853,0.0,0.0,0.0,13,30,2185148.89802,34751.629934
2024-09-01 06:00:00,schloemer,L56,62,63,26.11455922890638,0.0,0.0,0.0,4,8,2184616.11112,34734.983586
2024-09-01 06:00:00,schloemer,L57,63,60,25.868294579598814,0.0,0.0,0.0,20,47,2185512.78098,34763.759366
2024-09-01 06:00:00,schloemer,L58,63,64,25.86429670904044,0.0,0.0,0.0,4,8,2184616.11112,34734.983586
2024-09-01 06:00:00,schloemer,L59,64,65,26.192299534028663,0.0,0.0,0.0,20,48,2185545.98792,34764.866264
2024-09-01 06:00:00,schloemer,L60,64,67,26.539897988518142,0.0,0.0,0.0,38,93,2186503.81292,34796.793764
2024-09-01 06:00:00,schloemer,L61,65,66,25.965043598240598,0.0,0.0,0.0,4,8,2184616.11112,34734.983586
2024-09-01 06:00:00,schloemer,L62,67,68,28.515225068050675,0.0,0.0,0.0,28,68,2185978.45538,34779.281846
2024-09-01 06:00:00,schloemer,L63,68,69,35.477663241041725,0.0,0.0,0.0,4,8,2184616.11112,34734.983586
2024-09-01 06:00:00,schloemer,L64,68,74,30.43460245957561,0.0,0.0,0.0,4,8,2184616.11112,34734.983586
2024-09-01 06:00:00,schloemer,L65,68,76,29.329825996136677,0.0,0.0,0.0,4,8,2184616.11112,34734.983586
2024-09-01 06:00:00,schloemer,L66,69,70,38.63800572057289,0.0,0.0,0.0,4,8,2184616.11112,34734.983586
2024-09-01 06:00:00,schloemer,L67,69,73,37.02931062930298,0.0,0.0,0.0,4,8,2184616.11112,34734.983586
2024-09-01 06:00:00,schloemer,L68,69,74,36.058097636547245,0.0,0.0,0.0,4,8,2184616.11112,34734.983586
2024-09-01 06:00:00,schloemer,L69,70,71,40.97813770487284,0.0,0.0,0.0,4,8,2184616.11112,34734.983586
2024-09-01 06:00:00,schloemer,L70,70,72,40.52689669872468,0.0,0.0,0.0,4,8,2184616.11112,34734.983586
2024-09-01 06:00:00,schloemer,L71,73,74,35.74107862298052,0.0,0.0,0.0,4,8,2184616.11112,34734.983586
2024-09-01 06:00:00,schloemer,L72,74,76,29.751658363085593,0.0,0.0,0.0,4,8,2184616.11112,34734.983586
2024-09-01 06:00:00,schloemer,L73,74,117,34.94455261495178,0.0,0.0,0.0,4,8,2184616.11112,34734.983586
2024-09-01 06:00:00,schloemer,L74,75,76,29.266340650643375,0.0,0.0,0.0,4,8,2184616.11112,34734.983586
2024-09-01 06:00:00,schloemer,L75,75,117,30.469101000695794,0.0,0.0,0.0,4,8,2184616.11112,34734.983586
2024-09-01 06:00:00,schloemer,L76,76,77,28.526206413246335,0.0,0.0,0.0,4,8,2184616.11112,34734.983586
2024-09-01 06:00:00,schloemer,L77,76,79,27.51639127125617,0.0,0.0,0.0,4,8,2184616.11112,34734.983586
2024-09-01 06:00:00,schloemer,L78,76,79,27.51639127125617,0.0,0.0,0.0,4,8,2184616.11112,34734.983586
2024-09-01 06:00:00,schloemer,L79,76,81,27.761499174272736,0.0,0.0,0.0,4,8,2184616.11112,34734.983586
2024-09-01 06:00:00,schloemer,L80,77,78,27.856745622130237,0.0,0.0,0.0,4,8,2184616.11112,34734.983586
2024-09-01 06:00:00,schloemer,L81,78,79,26.90802085818233,0.0,0.0,0.0,4,8,2184616.11112,34734.983586
2024-09-01 06:00:00,schloemer,L82,79,95,25.86408242870274,0.0,0.0,0.0,4,8,2184616.11112,34734.983586
2024-09-01 06:00:00,schloemer,L83,79,96,25.939092951381912,0.0,0.0,0.0,4,8,2184616.11112,34734.983586
2024-09-01 06:00:00,schloemer,L84,79,97,26.239529030912735,0.0,0.0,0.0,4,8,2184616.11112,34734.983586
2024-09-01 06:00:00,schloemer,L85,79,98,25.748622456095173,0.0,0.0,0.0,4,8,2184616.11112,34734.983586
2024-09-01 06:00:00,schloemer,L86,80,67,27.052086635576373,0.0,0.0,0.0,30,72,2186055.70436,34781.856812
2024-09-01 06:00:00,schloemer,L87,80,79,26.65318998269236,0.0,0.0,0.0,28,69,2185981.58126,34779.386042
2024-09-01 06:00:00,schloemer,L88,81,82,26.686564983094275,0.0,0.0,0.0,4,8,2184616.11112,34734.983586
2024-09-01 06:00:00,schloemer,L89,81,95,26.06517903721591,0.0,0.0,0.0,4,8,2184616.11112,34734.983586
2024-09-01 06:00:00,schloemer,L90,93,95,24.637631600355146,0.0,0.0,0.0,4,8,2184616.11112,34734.983586
2024-09-01 06:00:00,schloemer,L91,95,96,25.36457820947267,0.0,0.0,0.0,4,8,2184616.11112,34734.983586
2024-09-01 06:00:00,schloemer,L92,115,67,27.016812385060252,0.0,0.0,0.0,13,29,2185126.88168,34750.896056
2024-09-01 07:00:00,schloemer,L0,22,23,44.369574153301876,0.0,0.0,0.0,4,8,2184616.11112,34734.983586
2024-09-01 07:00:00,schloemer,L1,23,69,40.48843258063232,0.0,0.0,0.0,4,8,2184616.11112,34734.983586
2024-09-01 07:00:00,schloemer,L2,23,71,43.10969570476129,0.0,0.0,0.0,4,8,2184616.11112,34734.983586
2024-09-01 07:00:00,schloemer,L3,29,37,23.496841279052475,0.0,0.0,0.0,4,8,2184616.11112,34734.983586
2024-09-01 07:00:00,schloemer,L4,32,36,22.62759326860066,0.0,0.0,0.0,4,8,2184616.11112,34734.983586
2024-09-01 07:00:00,schloemer,L5,33,36,23.41180496020424,0.0,0.0,0.0,4,8,2184616.11112,34734.983586
2024-09-01 07:00:00,schloemer,L6,33,42,24.4361111141531,0.0,0.0,0.0,4,8,2184616.11112,34734.983586
2024-09-01 07:00:00,schloemer,L7,34,36,22.441130580606725,0.0,0.0,0.0,4,8,2184616.11112,34734.983586
2024-09-01 07:00:00,schloemer,L8,36,38,23.11118407187796,0.0,0.0,0.0,4,8,2184616.11112,34734.983586
2024-09-01 07:00:00,schloemer,L9,36,39,23.684285342074805,0.0,0.0,0.0,4,8,2184616.11112,34734.983586
2024-09-01 07:00:00,schloemer,L10,37,36,23.56347381221502,0.0,0.0,0.0,20,48,2185542.33716,34764.744572
2024-09-01 07:00:00,schloemer,L11,37,64,25.180303331539363,0.0,0.0,0.0,4,8,2184616.11112,34734.983586
2024-09-01 07:00:00,schloemer,L12,38,39,23.749684161869816,0.0,0.0,0.0,4,8,2184616.11112,34734.983586
2024-09-01 07:00:00,schloemer,L13,39,40,24.77619947163596,0.0,0.0,0.0,4,8,2184616.11112,34734.983586
2024-09-01 07:00:00,schloemer,L14,39,41,25.3943316296557,0.0,0.0,0.0,4,8,2184616.11112,34734.983586
2024-09-01 07:00:00,schloemer,L15,40,41,25.85152421061334,0.0,0.0,0.0,4,8,2184616.11112,34734.983586
2024-09-01 07:00:00,schloemer,L16,41,48,28.00750728970602,0.0,0.0,0.0,4,8,2184616.11112,34734.983586
2024-09-01 07:00:00,schloemer,L17,41,48,28.00750728970602,0.0,0.0,0.0,4,8,2184616.11112,34734.983586
2024-09-01 07:00:00,schloemer,L18,42,43,25.963076188321153,0.0,0.0,0.0,4,8,2184616.11112,34734.983586
2024-09-01 07:00:00,schloemer,L19,43,44,27.78059736111738,0.0,0.0,0.0,4,8,2184616.11112,34734.983586
2024-09-01 07:00:00,schloemer,L20,44,45,29.638312679194097,0.0,0.0,0.0,4,8,2184616.11112,34734.983586
2024-09-01 07:00:00,schloemer,L21,44,48,29.201361493047585,0.0,0.0,0.0,4,8,2184616.11112,34734.983586
2024-09-01 07:00:00,schloemer,L22,45,46,30.628464475207643,0.0,0.0,0.0,4,8,2184616.11112,34734.983586
2024-09-01 07:00:00,schloemer,L23,45,47,34.87662459781901,0.0,0.0,0.0,4,8,2184616.11112,34734.983586
2024-09-01 07:00:00,schloemer,L24,46,48,30.178757163768353,0.0,0.0,0.0,4,8,2184616.11112,34734.983586
2024-09-01 07:00:00,schloemer,L25,46,68,34.62221124614276,0.0,0.0,0.0,4,8,2184616.11112,34734.983586
2024-09-01 07:00:00,schloemer,L26,47,48,30.471915431222175,0.0,0.0,0.0,4,8,2184616.11112,34734.983586
2024-09-01 07:00:00,schloemer,L27,48,49,30.124816900564415,0.0,0.0,0.0,4,8,2184616.11112,34734.983586
2024-09-01 07:00:00,schloemer,L28,48,50,30.634147222728163,0.0,0.0,0.0,4,8,2184616.11112,34734.983586
2024-09-01 07:00:00,schloemer,L29,48,53,29.67304125435749,0.0,0.0,0.0,4,8,2184616.11112,34734.983586
2024-09-01 07:00:00,schloemer,L30,48,53,29.67304125435749,0.0,0.0,0.0,4,8,2184616.11112,34734.983586
2024-09-01 07:00:00,schloemer,L31,48,65,28.384981471854076,0.0,0.0,0.0,4,8,2184616.11112,34734.983586
2024-09-01 07:00:00,schloemer,L32,48,65,28.384981471854076,0.0,0.0,0.0,4,8,2184616.11112,34734.983586
2024-09-01 07:00:00,schloemer,L33,48,68,30.282217168276397,0.0,0.0,0.0,4,8,2184616.11112,34734.983586
2024-09-01 07:00:00,schloemer,L34,49,56,30.66461402438959,0.0,0.0,0.0,4,8,2184616.11112,34734.983586
2024-09-01 07:00:00,schloemer,L35,50,51,36.293441812932926,0.0,0.0,0.0,4,8,2184616.11112,34734.983586
2024-09-01 07:00:00,schloemer,L36,50,57,35.570322539423174,0.0,0.0,0.0,4,8,2184616.11112,34734.983586
2024-09-01 07:00:00,schloemer,L37,51,52,36.05749175033844,0.0,0.0,0.0,4,8,2184616.11112,34734.983586
2024-09-01 07:00:00,schloemer,L38,52,53,30.395130243910366,0.0,0.0,0.0,4,8,2184616.11112,34734.983586
2024-09-01 07:00:00,schloemer,L39,53,54,29.234381904070506,0.0,0.0,0.0,4,8,2184616.11112,34734.983586
2024-09-01 07:00:00,schloemer,L40,53,55,29.62797941112248,0.0,0.0,0.0,4,8,2184616.11112,34734.983586
2024-09-01 07:00:00,schloemer,L41,53,58,28.695045721328935,0.0,0.0,0.0,4,8,2184616.11112,34734.983586
2024-09-01 07:00:00,schloemer,L42,54,55,29.275401101972708,0.0,0.0,0.0,4,8,2184616.11112,34734.983586
2024-09-01 07:00:00,schloemer,L43,54,58,28.36628307867133,0.0,0.0,0.0,4,8,2184616.11112,34734.983586
2024-09-01 07:00:00,schloemer,L44,55,56,30.193790032056334,0.0,0.0,0.0,4,8,2184616.11112,34734.983586
2024-09-01 07:00:00,schloemer,L45,55,57,30.555957930117486,0.0,0.0,0.0,4,8,2184616.11112,34734.983586
2024-09-01 07:00:00,schloemer,L46,55,58,28.74171410571986,0.0,0.0,0.0,4,8,2184616.11112,34734.983586
2024-09-01 07:00:00,schloemer,L47,55,58,28.74171410571986,0.0,0.0,0.0,4,8,2184616.11112,34734.983586
2024-09-01 07:00:00,schloemer,L48,58,59,27.108615590773883,0.0,0.0,0.0,4,8,2184616.11112,34734.983586
2024-09-01 07:00:00,schloemer,L49,58,60,27.102698574510796,0.0,0.0,0.0,4,8,2184616.11112,34734.983586
2024-09-01 07:00:00,schloemer,L50,59,60,26.38849049825875,0.0,0.0,0.0,4,8,2184616.11112,34734.983586
2024-09-01 07:00:00,schloemer,L51,59,61,26.36266742041935,0.0,0.0,0.0,4,8,2184616.11112,34734.983586
2024-09-01 07:00:00,schloemer,L52,60,61,26.34755906804895,0.0,0.0,0.0,4,8,2184616.11112,34734.983586
2024-09-01 07:00:00,schloemer,L53,61,65,26.764889207619174,0.0,0.0,0.0,4,8,2184616.11112,34734.983586
2024-09-01 07:00:00,schloemer,L54,61,66,26.109829770496997,0.0,0.0,0.0,4,8,2184616.11112,34734.983586
2024-09-01 07:00:00,schloemer,L55,62,58,27.37810447117703,0.0,0.0,0.0,13,30,2185148.89802,34751.629934
2024-09-01 07:00:00,schloemer,L56,62,63,26.692755259071507,0.0,0.0,0.0,4,8,2184616.11112,34734.983586
2024-09-01 07:00:00,schloemer,L57,63,60,26.433485315127307,0.0,0.0,0.0,20,47,2185512.78098,34763.759366
2024-09-01 07:00:00,schloemer,L58,63,64,26.442717012316326,0.0,0.0,0.0,4,8,2184616.11112,34734.983586
2024-09-01 07:00:00,schloemer,L59,64,65,26.78998501367632,0.0,0.0,0.0,20,48,2185545.98792,34764.866264
2024-09-01 07:00:00,schloemer,L60,64,67,27.163809412479555,0.0,0.0,0.0,38,93,2186503.81292,34796.793764
2024-09-01 07:00:00,schloemer,L61,65,66,26.543553421093478,0.0,0.0,0.0,4,8,2184616.11112,34734.983586
2024-09-01 07:00:00,schloemer,L62,67,68,29.25128219773311,0.0,0.0,0.0,28,68,2185978.45538,34779.281846
2024-09-01 07:00:00,schloemer,L63,68,69,36.508948371789565,0.0,0.0,0.0,4,8,2184616.11112,34734.983586
2024-09-01 07:00:00,schloemer,L64,68,74,35.24805252921263,0.0,0.0,0.0,4,8,2184616.11112,34734.983586
2024-09-01 07:00:00,schloemer,L65,68,76,30.10808293068507,0.0,0.0,0.0,4,8,2184616.11112,34734.983586
2024-09-01 07:00:00,schloemer,L66,69,70,39.86221462937331,0.0,0.0,0.0,4,8,2184616.11112,34734.983586
2024-09-01 07:00:00,schloemer,L67,69,73,38.15144415073723,0.0,0.0,0.0,4,8,2184616.11112,34734.983586
2024-09-01 07:00:00,schloemer,L68,69,74,37.11905505702267,0.0,0.0,0.0,4,8,2184616.11112,34734.983586
2024-09-01 07:00:00,schloemer,L69,70,71,42.34730787360431,0.0,0.0,0.0,4,8,2184616.11112,34734.983586
2024-09-01 07:00:00,schloemer,L70,70,72,41.84814866678574,0.0,0.0,0.0,4,8,2184616.11112,34734.983586
2024-09-01 07:00:00,schloemer,L71,73,74,36.778272123168286,0.0,0.0,0.0,4,8,2184616.11112,34734.983586
2024-09-01 07:00:00,schloemer,L72,74,76,30.548471240862014,0.0,0.0,0.0,4,8,2184616.11112,34734.983586
2024-09-01 07:00:00,schloemer,L73,74,117,35.926963996553766,0.0,0.0,0.0,4,8,2184616.11112,34734.983586
2024-09-01 07:00:00,schloemer,L74,75,76,30.027003270835166,0.0,0.0,0.0,4,8,2184616.11112,34734.983586
2024-09-01 07:00:00,schloemer,L75,75,117,35.26565778058078,0.0,0.0,0.0,4,8,2184616.11112,34734.983586
2024-09-01 07:00:00,schloemer,L76,76,77,29.241934561383065,0.0,0.0,0.0,4,8,2184616.11112,34734.983586
2024-09-01 07:00:00,schloemer,L77,76,79,28.178451589046148,0.0,0.0,0.0,4,8,2184616.11112,34734.983586
2024-09-01 07:00:00,schloemer,L78,76,79,28.178451589046148,0.0,0.0,0.0,4,8,2184616.11112,34734.983586
2024-09-01 07:00:00,schloemer,L79,76,81,28.4335274198975,0.0,0.0,0.0,4,8,2184616.11112,34734.983586
2024-09-01 07:00:00,schloemer,L80,77,78,28.525935032648217,0.0,0.0,0.0,4,8,2184616.11112,34734.983586
2024-09-01 07:00:00,schloemer,L81,78,79,27.52958845230706,0.0,0.0,0.0,4,8,2184616.11112,34734.983586
2024-09-01 07:00:00,schloemer,L82,79,95,26.432611294680235,0.0,0.0,0.0,4,8,2184616.11112,34734.983586
2024-09-01 07:00:00,schloemer,L83,79,96,26.51002455314759,0.0,0.0,0.0,4,8,2184616.11112,34734.983586
2024-09-01 07:00:00,schloemer,L84,79,97,26.825299049468793,0.0,0.0,0.0,4,8,2184616.11112,34734.983586
2024-09-01 07:00:00,schloemer,L85,79,98,26.314351735406355,0.0,0.0,0.0,4,8,2184616.11112,34734.983586
2024-09-01 07:00:00,schloemer,L86,80,67,27.703900034921784,0.0,0.0,0.0,30,72,2186055.70436,34781.856812
2024-09-01 07:00:00,schloemer,L87,80,79,27.27370117315508,0.0,0.0,0.0,28,69,2185981.58126,34779.386042
2024-09-01 07:00:00,schloemer,L88,81,82,27.286394434561295,0.0,0.0,0.0,4,8,2184616.11112,34734.983586
2024-09-01 07:00:00,schloemer,L89,81,95,26.64047899763193,0.0,0.0,0.0,4,8,2184616.11112,34734.983586
2024-09-01 07:00:00,schloemer,L90,93,95,25.140803015368338,0.0,0.0,0.0,4,8,2184616.11112,34734.983586
2024-09-01 07:00:00,schloemer,L91,95,96,25.903389899023615,0.0,0.0,0.0,4,8,2184616.11112,34734.983586
2024-09-01 07:00:00,schloemer,L92,115,67,27.667902045207715,0.0,0.0,0.0,13,29,2185126.88168,34750.896056
2024-09-01 08:00:00,schloemer,L0,22,23,45.984852237092376,0.0,0.0,0.0,4,8,2184616.11112,34734.983586
2024-09-01 08:00:00,schloemer,L1,23,69,41.82381068816127,0.0,0.0,0.0,4,8,2184616.11112,34734.983586
2024-09-01 08:00:00,schloemer,L2,23,71,44.61798937222061,0.0,0.0,0.0,4,8,2184616.11112,34734.983586
2024-09-01 08:00:00,schloemer,L3,29,37,23.943554501026025,0.0,0.0,0.0,4,8,2184616.11112,34734.983586
2024-09-01 08:00:00,schloemer,L4,32,36,23.040097065096845,0.0,0.0,0.0,4,8,2184616.11112,34734.983586
2024-09-01 08:00:00,schloemer,L5,33,36,23.858427984184477,0.0,0.0,0.0,4,8,2184616.11112,34734.983586
2024-09-01 08:00:00,schloemer,L6,33,42,24.93010119427931,0.0,0.0,0.0,4,8,2184616.11112,34734.983586
2024-09-01 08:00:00,schloemer,L7,34,36,22.844560017923293,0.0,0.0,0.0,4,8,2184616.11112,34734.983586
2024-09-01 08:00:00,schloemer,L8,36,38,23.545400057864573,0.0,0.0,0.0,4,8,2184616.11112,34734.983586
2024-09-01 08:00:00,schloemer,L9,36,39,24.144521058783063,0.0,0.0,0.0,4,8,2184616.11112,34734.983586
2024-09-01 08:00:00,schloemer,L10,37,36,24.01619501560852,0.0,0.0,0.0,20,48,2185542.33716,34764.744572
2024-09-01 08:00:00,schloemer,L11,37,64,25.7091140302651,0.0,0.0,0.0,4,8,2184616.11112,34734.983586
2024-09-01 08:00:00,schloemer,L12,38,39,24.21376241598808,0.0,0.0,0.0,4,8,2184616.11112,34734.983586
2024-09-01 08:00:00,schloemer,L13,39,40,25.28952806315431,0.0,0.0,0.0,4,8,2184616.11112,34734.983586
2024-09-01 08:00:00,schloemer,L14,39,41,25.93786410487179,0.0,0.0,0.0,4,8,2184616.11112,34734.983586
2024-09-01 08:00:00,schloemer,L15,40,41,26.4187564733517,0.0,0.0,0.0,4,8,2184616.11112,34734.983586
2024-09-01 08:00:00,schloemer,L16,41,48,28.688742965695717,0.0,0.0,0.0,4,8,2184616.11112,34734.983586
2024-09-01 08:00:00,schloemer,L17,41,48,28.688742965695717,0.0,0.0,0.0,4,8,2184616.11112,34734.983586
2024-09-01 08:00:00,schloemer,L18,42,43,26.533139846883614,0.0,0.0,0.0,4,8,2184616.11112,34734.983586
2024-09-01 08:00:00,schloemer,L19,43,44,28.44889738280755,0.0,0.0,0.0,4,8,2184616.11112,34734.983586
2024-09-01 08:00:00,schloemer,L20,44,45,30.41564444364418,0.0,0.0,0.0,4,8,2184616.11112,34734.983586
2024-09-01 08:00:00,schloemer,L21,44,48,29.950405798108743,0.0,0.0,0.0,4,8,2184616.11112,34734.983586
2024-09-01 08:00:00,schloemer,L22,45,46,35.458433420521,0.0,0.0,0.0,4,8,2184616.11112,34734.983586
2024-09-01 08:00:00,schloemer,L23,45,47,35.843038648793765,0.0,0.0,0.0,4,8,2184616.11112,34734.983586
2024-09-01 08:00:00,schloemer,L24,46,48,34.918159990307586,0.0,0.0,0.0,4,8,2184616.11112,34734.983586
2024-09-01 08:00:00,schloemer,L25,46,68,35.57945093114875,0.0,0.0,0.0,4,8,2184616.11112,34734.983586
2024-09-01 08:00:00,schloemer,L26,47,48,35.263954443735145,0.0,0.0,0.0,4,8,2184616.11112,34734.983586
2024-09-01 08:00:00,schloemer,L27,48,49,34.84149865025829,0.0,0.0,0.0,4,8,2184616.11112,34734.983586
2024-09-01 08:00:00,schloemer,L28,48,50,35.448169650492495,0.0,0.0,0.0,4,8,2184616.11112,34734.983586
2024-09-01 08:00:00,schloemer,L29,48,53,30.436593345944733,0.0,0.0,0.0,4,8,2184616.11112,34734.983586
2024-09-01 08:00:00,schloemer,L30,48,53,30.436593345944733,0.0,0.0,0.0,4,8,2184616.11112,34734.983586
2024-09-01 08:00:00,schloemer,L31,48,65,29.080755350007724,0.0,0.0,0.0,4,8,2184616.11112,34734.983586
2024-09-01 08:00:00,schloemer,L32,48,65,29.080755350007724,0.0,0.0,0.0,4,8,2184616.11112,34734.983586
2024-09-01 08:00:00,schloemer,L33,48,68,35.045489308916046,0.0,0.0,0.0,4,8,2184616.11112,34734.983586
2024-09-01 08:00:00,schloemer,L34,49,56,35.46762945188848,0.0,0.0,0.0,4,8,2184616.11112,34734.983586
2024-09-01 08:00:00,schloemer,L35,50,51,37.3094025830316,0.0,0.0,0.0,4,8,2184616.11112,34734.983586
2024-09-01 08:00:00,schloemer,L36,50,57,36.54048356172384,0.0,0.0,0.0,4,8,2184616.11112,34734.983586
2024-09-01 08:00:00,schloemer,L37,51,52,37.03662891346948,0.0,0.0,0.0,4,8,2184616.11112,34734.983586
2024-09-01 08:00:00,schloemer,L38,52,53,35.12579604613743,0.0,0.0,0.0,4,8,2184616.11112,34734.983586
2024-09-01 08:00:00,schloemer,L39,53,54,29.94590991601647,0.0,0.0,0.0,4,8,2184616.11112,34734.983586
2024-09-01 08:00:00,schloemer,L40,53,55,30.36459854497916,0.0,0.0,0.0,4,8,2184616.11112,34734.983586
2024-09-01 08:00:00,schloemer,L41,53,58,29.379553456055504,0.0,0.0,0.0,4,8,2184616.11112,34734.983586
2024-09-01 08:00:00,schloemer,L42,54,55,29.981343892417996,0.0,0.0,0.0,4,8,2184616.11112,34734.983586
2024-09-01 08:00:00,schloemer,L43,54,58,29.02321208775437,0.0,0.0,0.0,4,8,2184616.11112,34734.983586
2024-09-01 08:00:00,schloemer,L44,55,56,34.88618502976164,0.0,0.0,0.0,4,8,2184616.11112,34734.983586
2024-09-01 08:00:00,schloemer,L45,55,57,35.31334921434964,0.0,0.0,0.0,4,8,2184616.11112,34734.983586
2024-09-01 08:00:00,schloemer,L46,55,58,29.421618722337605,0.0,0.0,0.0,4,8,2184616.11112,34734.983586
2024-09-01 08:00:00,schloemer,L47,55,58,29.421618722337605,0.0,0.0,0.0,4,8,2184616.11112,34734.983586
2024-09-01 08:00:00,schloemer,L48,58,59,27.701096178937682,0.0,0.0,0.0,4,8,2184616.11112,34734.983586
2024-09-01 08:00:00,schloemer,L49,58,60,27.698948551924186,0.0,0.0,0.0,4,8,2184616.11112,34734.983586
2024-09-01 08:00:00,schloemer,L50,59,60,26.947240074642437,0.0,0.0,0.0,4,8,2184616.11112,34734.983586
2024-09-01 08:00:00,schloemer,L51,59,61,26.923944563858015,0.0,0.0,0.0,4,8,2184616.11112,34734.983586
2024-09-01 08:00:00,schloemer,L52,60,61,26.91149491652894,0.0,0.0,0.0,4,8,2184616.11112,34734.983586
2024-09-01 08:00:00,schloemer,L53,61,65,27.360999560155104,0.0,0.0,0.0,4,8,2184616.11112,34734.983586
2024-09-01 08:00:00,schloemer,L54,61,66,26.66838823869716,0.0,0.0,0.0,4,8,2184616.11112,34734.983586
2024-09-01 08:00:00,schloemer,L55,62,58,27.989280503721503,0.0,0.0,0.0,13,30,2185148.89802,34751.629934
2024-09-01 08:00:00,schloemer,L56,62,63,27.279049242252913,0.0,0.0,0.0,4,8,2184616.11112,34734.983586
2024-09-01 08:00:00,schloemer,L57,63,60,27.005895779867426,0.0,0.0,0.0,20,47,2185512.78098,34763.759366
2024-09-01 08:00:00,schloemer,L58,63,64,27.030583488423876,0.0,0.0,0.0,4,8,2184616.11112,34734.983586
2024-09-01 08:00:00,schloemer,L59,64,65,27.398654723283684,0.0,0.0,0.0,20,48,2185545.98792,34764.866264
2024-09-01 08:00:00,schloemer,L60,64,67,27.801352619212498,0.0,0.0,0.0,38,93,2186503.81292,34796.793764
2024-09-01 08:00:00,schloemer,L61,65,66,27.13099901130354,0.0,0.0,0.0,4,8,2184616.11112,34734.983586
2024-09-01 08:00:00,schloemer,L62,67,68,30.009778573855378,0.0,0.0,0.0,28,68,2185978.45538,34779.281846
2024-09-01 08:00:00,schloemer,L63,68,69,37.58265847505488,0.0,0.0,0.0,4,8,2184616.11112,34734.983586
2024-09-01 08:00:00,schloemer,L64,68,74,36.23908726236082,0.0,0.0,0.0,4,8,2184616.11112,34734.983586
2024-09-01 08:00:00,schloemer,L65,68,76,34.829904224170384,0.0,0.0,0.0,4,8,2184616.11112,34734.983586
2024-09-01 08:00:00,schloemer,L66,69,70,41.14471330270712,0.0,0.0,0.0,4,8,2184616.11112,34734.983586
2024-09-01 08:00:00,schloemer,L67,69,73,39.32303873624778,0.0,0.0,0.0,4,8,2184616.11112,34734.983586
2024-09-01 08:00:00,schloemer,L68,69,74,38.224126211223385,0.0,0.0,0.0,4,8,2184616.11112,34734.983586
2024-09-01 08:00:00,schloemer,L69,70,71,43.78607748427162,0.0,0.0,0.0,4,8,2184616.11112,34734.983586
2024-09-01 08:00:00,schloemer,L70,70,72,43.23191781611729,0.0,0.0,0.0,4,8,2184616.11112,34734.983586
2024-09-01 08:00:00,schloemer,L71,73,74,37.856972262859,0.0,0.0,0.0,4,8,2184616.11112,34734.983586
2024-09-01 08:00:00,schloemer,L72,74,76,35.34783988671456,0.0,0.0,0.0,4,8,2184616.11112,34734.983586
2024-09-01 08:00:00,schloemer,L73,74,117,36.94545967561693,0.0,0.0,0.0,4,8,2184616.11112,34734.983586
2024-09-01 08:00:00,schloemer,L74,75,76,34.71522551415513,0.0,0.0,0.0,4,8,2184616.11112,34734.983586
2024-09-01 08:00:00,schloemer,L75,75,117,36.23062603534417,0.0,0.0,0.0,4,8,2184616.11112,34734.983586
2024-09-01 08:00:00,schloemer,L76,76,77,29.976013452328925,0.0,0.0,0.0,4,8,2184616.11112,34734.983586
2024-09-01 08:00:00,schloemer,L77,76,79,28.855195724125984,0.0,0.0,0.0,4,8,2184616.11112,34734.983586
2024-09-01 08:00:00,schloemer,L78,76,79,28.855195724125984,0.0,0.0,0.0,4,8,2184616.11112,34734.983586
2024-09-01 08:00:00,schloemer,L79,76,81,29.120564423721703,0.0,0.0,0.0,4,8,2184616.11112,34734.983586
2024-09-01 08:00:00,schloemer,L80,77,78,29.20901141167348,0.0,0.0,0.0,4,8,2184616.11112,34734.983586
2024-09-01 08:00:00,schloemer,L81,78,79,28.16213967235835,0.0,0.0,0.0,4,8,2184616.11112,34734.983586
2024-09-01 08:00:00,schloemer,L82,79,95,27.008752311088216,0.0,0.0,0.0,4,8,2184616.11112,34734.983586
2024-09-01 08:00:00,schloemer,L83,79,96,27.088571703073352,0.0,0.0,0.0,4,8,2184616.11112,34734.983586
2024-09-01 08:00:00,schloemer,L84,79,97,27.419581707783667,0.0,0.0,0.0,4,8,2184616.11112,34734.983586
2024-09-01 08:00:00,schloemer,L85,79,98,26.887838697714557,0.0,0.0,0.0,4,8,2184616.11112,34734.983586
2024-09-01 08:00:00,schloemer,L86,80,67,28.37136717845689,0.0,0.0,0.0,30,72,2186055.70436,34781.856812
2024-09-01 08:00:00,schloemer,L87,80,79,27.90649675248076,0.0,0.0,0.0,28,69,2185981.58126,34779.386042
2024-09-01 08:00:00,schloemer,L88,81,82,27.894663832823156,0.0,0.0,0.0,4,8,2184616.11112,34734.983586
2024-09-01 08:00:00,schloemer,L89,81,95,27.22345387503171,0.0,0.0,0.0,4,8,2184616.11112,34734.983586
2024-09-01 08:00:00,schloemer,L90,93,95,25.647115379704942,0.0,0.0,0.0,4,8,2184616.11112,34734.983586
2024-09-01 08:00:00,schloemer,L91,95,96,26.44747249393501,0.0,0.0,0.0,4,8,2184616.11112,34734.983586
2024-09-01 08:00:00,schloemer,L92,115,67,28.33473745174517,0.0,0.0,0.0,13,29,2185126.88168,34750.896056
2024-09-01 09:00:00,schloemer,L0,22,23,47.697020104747324,0.0,0.0,0.0,4,8,2184616.11112,34734.983586
2024-09-01 09:00:00,schloemer,L1,23,69,43.22801364568573,0.0,0.0,0.0,4,8,2184616.11112,34734.983586
2024-09-01 09:00:00,schloemer,L2,23,71,46.20989028642973,0.0,0.0,0.0,4,8,2184616.11112,34734.983586
2024-09-01 09:00:00,schloemer,L3,29,37,24.390184891627875,0.0,0.0,0.0,4,8,2184616.11112,34734.983586
2024-09-01 09:00:00,schloemer,L4,32,36,23.45110798759921,0.0,0.0,0.0,4,8,2184616.11112,34734.983586
2024-09-01 09:00:00,schloemer,L5,33,36,24.30531370350586,0.0,0.0,0.0,4,8,2184616.11112,34734.983586
2024-09-01 09:00:00,schloemer,L6,33,42,25.427054723369274,0.0,0.0,0.0,4,8,2184616.11112,34734.983586
2024-09-01 09:00:00,schloemer,L7,34,36,23.245945445822098,0.0,0.0,0.0,4,8,2184616.11112,34734.983586
2024-09-01 09:00:00,schloemer,L8,36,38,23.97930342121016,0.0,0.0,0.0,4,8,2184616.11112,34734.983586
2024-09-01 09:00:00,schloemer,L9,36,39,24.605888541947525,0.0,0.0,0.0,4,8,2184616.11112,34734.983586
2024-09-01 09:00:00,schloemer,L10,37,36,24.46944269768372,0.0,0.0,0.0,20,48,2185542.33716,34764.744572
2024-09-01 09:00:00,schloemer,L11,37,64,26.242903455650513,0.0,0.0,0.0,4,8,2184616.11112,34734.983586
2024-09-01 09:00:00,schloemer,L12,38,39,24.67926692151601,0.0,0.0,0.0,4,8,2184616.11112,34734.983586
2024-09-01 09:00:00,schloemer,L13,39,40,25.80728321933377,0.0,0.0,0.0,4,8,2184616.11112,34734.983586
2024-09-01 09:00:00,schloemer,L14,39,41,26.48771931616357,0.0,0.0,0.0,4,8,2184616.11112,34734.983586
2024-09-01 09:00:00,schloemer,L15,40,41,26.99393592883734,0.0,0.0,0.0,4,8,2184616.11112,34734.983586
2024-09-01 09:00:00,schloemer,L16,41,48,29.385977431423484,0.0,0.0,0.0,4,8,2184616.11112,34734.983586
2024-09-01 09:00:00,schloemer,L17,41,48,29.385977431423484,0.0,0.0,0.0,4,8,2184616.11112,34734.983586
2024-09-01 09:00:00,schloemer,L18,42,43,27.111053827842056,0.0,0.0,0.0,4,8,2184616.11112,34734.983586
2024-09-01 09:00:00,schloemer,L19,43,44,29.13218299418732,0.0,0.0,0.0,4,8,2184616.11112,34734.983586
2024-09-01 09:00:00,schloemer,L20,44,45,35.173932634159705,0.0,0.0,0.0,4,8,2184616.11112,34734.983586
2024-09-01 09:00:00,schloemer,L21,44,48,34.61490613203742,0.0,0.0,0.0,4,8,2184616.11112,34734.983586
2024-09-01 09:00:00,schloemer,L22,45,46,36.43942680254031,0.0,0.0,0.0,4,8,2184616.11112,34734.983586
2024-09-01 09:00:00,schloemer,L23,45,47,36.84417695090206,0.0,0.0,0.0,4,8,2184616.11112,34734.983586
2024-09-01 09:00:00,schloemer,L24,46,48,35.862385659142014,0.0,0.0,0.0,4,8,2184616.11112,34734.983586
2024-09-01 09:00:00,schloemer,L25,46,68,36.57136922639954,0.0,0.0,0.0,4,8,2184616.11112,34734.983586
2024-09-01 09:00:00,schloemer,L26,47,48,36.22443040326621,0.0,0.0,0.0,4,8,2184616.11112,34734.983586
2024-09-01 09:00:00,schloemer,L27,48,49,35.76705537888976,0.0,0.0,0.0,4,8,2184616.11112,34734.983586
2024-09-01 09:00:00,schloemer,L28,48,50,36.409005740997856,0.0,0.0,0.0,4,8,2184616.11112,34734.983586
2024-09-01 09:00:00,schloemer,L29,48,53,35.1786613797603,0.0,0.0,0.0,4,8,2184616.11112,34734.983586
2024-09-01 09:00:00,schloemer,L30,48,53,35.1786613797603,0.0,0.0,0.0,4,8,2184616.11112,34734.983586
2024-09-01 09:00:00,schloemer,L31,48,65,29.792901748605477,0.0,0.0,0.0,4,8,2184616.11112,34734.983586
2024-09-01 09:00:00,schloemer,L32,48,65,29.792901748605477,0.0,0.0,0.0,4,8,2184616.11112,34734.983586
2024-09-01 09:00:00,schloemer,L33,48,68,36.001816666111765,0.0,0.0,0.0,4,8,2184616.11112,34734.983586
2024-09-01 09:00:00,schloemer,L34,49,56,36.41029507052342,0.0,0.0,0.0,4,8,2184616.11112,34734.983586
2024-09-01 09:00:00,schloemer,L35,50,51,38.35940465331786,0.0,0.0,0.0,4,8,2184616.11112,34734.983586
2024-09-01 09:00:00,schloemer,L36,50,57,37.54078261582012,0.0,0.0,0.0,4,8,2184616.11112,34734.983586
2024-09-01 09:00:00,schloemer,L37,51,52,38.04392373950183,0.0,0.0,0.0,4,8,2184616.11112,34734.983586
2024-09-01 09:00:00,schloemer,L38,52,53,36.02482779972812,0.0,0.0,0.0,4,8,2184616.11112,34734.983586
2024-09-01 09:00:00,schloemer,L39,53,54,30.671289490675726,0.0,0.0,0.0,4,8,2184616.11112,34734.983586
2024-09-01 09:00:00,schloemer,L40,53,55,35.06163413848569,0.0,0.0,0.0,4,8,2184616.11112,34734.983586
2024-09-01 09:00:00,schloemer,L41,53,58,30.076368618711363,0.0,0.0,0.0,4,8,2184616.11112,34734.983586
2024-09-01 09:00:00,schloemer,L42,54,55,34.59134931371161,0.0,0.0,0.0,4,8,2184616.11112,34734.983586
2024-09-01 09:00:00,schloemer,L43,54,58,29.689481437283995,0.0,0.0,0.0,4,8,2184616.11112,34734.983586
2024-09-01 09:00:00,schloemer,L44,55,56,35.77157600520938,0.0,0.0,0.0,4,8,2184616.11112,34734.983586
2024-09-01 09:00:00,schloemer,L45,55,57,36.21866767605013,0.0,0.0,0.0,4,8,2184616.11112,34734.983586
2024-09-01 09:00:00,schloemer,L46,55,58,30.112688658931376,0.0,0.0,0.0,4,8,2184616.11112,34734.983586
2024-09-01 09:00:00,schloemer,L47,55,58,30.112688658931376,0.0,0.0,0.0,4,8,2184616.11112,34734.983586
2024-09-01 09:00:00,schloemer,L48,58,59,28.29902165343432,0.0,0.0,0.0,4,8,2184616.11112,34734.983586
2024-09-01 09:00:00,schloemer,L49,58,60,28.301320276871174,0.0,0.0,0.0,4,8,2184616.11112,34734.983586
2024-09-01 09:00:00,schloemer,L50,59,60,27.509699554505616,0.0,0.0,0.0,4,8,2184616.11112,34734.983586
2024-09-01 09:00:00,schloemer,L51,59,61,27.489487834619986,0.0,0.0,0.0,4,8,2184616.11112,34734.983586
2024-09-01 09:00:00,schloemer,L52,60,61,27.480220028074516,0.0,0.0,0.0,4,8,2184616.11112,34734.983586
2024-09-01 09:00:00,schloemer,L53,61,65,27.965093856770757,0.0,0.0,0.0,4,8,2184616.11112,34734.983586
2024-09-01 09:00:00,schloemer,L54,61,66,27.23209717694282,0.0,0.0,0.0,4,8,2184616.11112,34734.983586
2024-09-01 09:00:00,schloemer,L55,62,58,28.60758789258875,0.0,0.0,0.0,13,30,2185148.89802,34751.629934
2024-09-01 09:00:00,schloemer,L56,62,63,27.872039682715332,0.0,0.0,0.0,4,8,2184616.11112,34734.983586
2024-09-01 09:00:00,schloemer,L57,63,60,27.58405687382307,0.0,0.0,0.0,20,47,2185512.78098,34763.759366
2024-09-01 09:00:00,schloemer,L58,63,64,27.62678179508902,0.0,0.0,0.0,4,8,2184616.11112,34734.983586
2024-09-01 09:00:00,schloemer,L59,64,65,28.017352412745314,0.0,0.0,0.0,20,48,2185545.98792,34764.866264
2024-09-01 09:00:00,schloemer,L60,64,67,28.451914100171223,0.0,0.0,0.0,38,93,2186503.81292,34796.793764
2024-09-01 09:00:00,schloemer,L61,65,66,27.726155355843225,0.0,0.0,0.0,4,8,2184616.11112,34734.983586
2024-09-01 09:00:00,schloemer,L62,67,68,34.69411259415092,0.0,0.0,0.0,28,68,2185978.45538,34779.281846
2024-09-01 09:00:00,schloemer,L63,68,69,38.701118305827286,0.0,0.0,0.0,4,8,2184616.11112,34734.983586
2024-09-01 09:00:00,schloemer,L64,68,74,37.26706518807895,0.0,0.0,0.0,4,8,2184616.11112,34734.983586
2024-09-01 09:00:00,schloemer,L65,68,76,35.764174527588885,0.0,0.0,0.0,4,8,2184616.11112,34734.983586
2024-09-01 09:00:00,schloemer,L66,69,70,42.489419679133725,0.0,0.0,0.0,4,8,2184616.11112,34734.983586
2024-09-01 09:00:00,schloemer,L67,69,73,40.54706300976457,0.0,0.0,0.0,4,8,2184616.11112,34734.983586
2024-09-01 09:00:00,schloemer,L68,69,74,39.37567105852698,0.0,0.0,0.0,4,8,2184616.11112,34734.983586
2024-09-01 09:00:00,schloemer,L69,70,71,45.29919088130029,0.0,0.0,0.0,4,8,2184616.11112,34734.983586
2024-09-01 09:00:00,schloemer,L70,70,72,44.68159867024445,0.0,0.0,0.0,4,8,2184616.11112,34734.983586
2024-09-01 09:00:00,schloemer,L71,73,74,38.97914473295627,0.0,0.0,0.0,4,8,2184616.11112,34734.983586
2024-09-01 09:00:00,schloemer,L72,74,76,36.304595178222606,0.0,0.0,0.0,4,8,2184616.11112,34734.983586
2024-09-01 09:00:00,schloemer,L73,74,117,38.001273445939404,0.0,0.0,0.0,4,8,2184616.11112,34734.983586
2024-09-01 09:00:00,schloemer,L74,75,76,35.622015202792745,0.0,0.0,0.0,4,8,2184616.11112,34734.983586
2024-09-01 09:00:00,schloemer,L75,75,117,37.226713930295666,0.0,0.0,0.0,4,8,2184616.11112,34734.983586
2024-09-01 09:00:00,schloemer,L76,76,77,34.62305350871239,0.0,0.0,0.0,4,8,2184616.11112,34734.983586
2024-09-01 09:00:00,schloemer,L77,76,79,29.54585450099322,0.0,0.0,0.0,4,8,2184616.11112,34734.983586
2024-09-01 09:00:00,schloemer,L78,76,79,29.54585450099322,0.0,0.0,0.0,4,8,2184616.11112,34734.983586
2024-09-01 09:00:00,schloemer,L79,76,81,29.82181008301202,0.0,0.0,0.0,4,8,2184616.11112,34734.983586
2024-09-01 09:00:00,schloemer,L80,77,78,29.90494054191342,0.0,0.0,0.0,4,8,2184616.11112,34734.983586
2024-09-01 09:00:00,schloemer,L81,78,79,28.80447163287378,0.0,0.0,0.0,4,8,2184616.11112,34734.983586
2024-09-01 09:00:00,schloemer,L82,79,95,27.59107371778614,0.0,0.0,0.0,4,8,2184616.11112,34734.983586
2024-09-01 09:00:00,schloemer,L83,79,96,27.673281030486976,0.0,0.0,0.0,4,8,2184616.11112,34734.983586
2024-09-01 09:00:00,schloemer,L84,79,97,28.02097771306614,0.0,0.0,0.0,4,8,2184616.11112,34734.983586
2024-09-01 09:00:00,schloemer,L85,79,98,27.467708737533396,0.0,0.0,0.0,4,8,2184616.11112,34734.983586
2024-09-01 09:00:00,schloemer,L86,80,67,29.054060048410232,0.0,0.0,0.0,30,72,2186055.70436,34781.856812
2024-09-01 09:00:00,schloemer,L87,80,79,28.550680573739655,0.0,0.0,0.0,28,69,2185981.58126,34779.386042
2024-09-01 09:00:00,schloemer,L88,81,82,28.509821854188527,0.0,0.0,0.0,4,8,2184616.11112,34734.983586
2024-09-01 09:00:00,schloemer,L89,81,95,27.812622180853324,0.0,0.0,0.0,4,8,2184616.11112,34734.983586
2024-09-01 09:00:00,schloemer,L90,93,95,26.154787138284863,0.0,0.0,0.0,4,8,2184616.11112,34734.983586
2024-09-01 09:00:00,schloemer,L91,95,96,26.995170117148803,0.0,0.0,0.0,4,8,2184616.11112,34734.983586
2024-09-01 09:00:00,schloemer,L92,115,67,29.01692112788943,0.0,0.0,0.0,13,29,2185126.88168,34750.896056
2024-09-01 10:00:00,schloemer,L0,22,23,49.515687843790694,0.0,0.0,0.0,4,8,2184616.11112,34734.983586
2024-09-01 10:00:00,schloemer,L1,23,69,44.707096700557564,0.0,0.0,0.0,4,8,2184616.11112,34734.983586
2024-09-01 10:00:00,schloemer,L2,23,71,47.89277695378405,0.0,0.0,0.0,4,8,2184616.11112,34734.983586
2024-09-01 10:00:00,schloemer,L3,29,37,24.83516256674967,0.0,0.0,0.0,4,8,2184616.11112,34734.983586
2024-09-01 10:00:00,schloemer,L4,32,36,23.859027469329074,0.0,0.0,0.0,4,8,2184616.11112,34734.983586
2024-09-01 10:00:00,schloemer,L5,33,36,24.75095680054332,0.0,0.0,0.0,4,8,2184616.11112,34734.983586
2024-09-01 10:00:00,schloemer,L6,33,42,25.925643899542212,0.0,0.0,0.0,4,8,2184616.11112,34734.983586
2024-09-01 10:00:00,schloemer,L7,34,36,23.643648893519075,0.0,0.0,0.0,4,8,2184616.11112,34734.983586
2024-09-01 10:00:00,schloemer,L8,36,38,24.411366446408426,0.0,0.0,0.0,4,8,2184616.11112,34734.983586
2024-09-01 10:00:00,schloemer,L9,36,39,25.066950921583228,0.0,0.0,0.0,4,8,2184616.11112,34734.983586
2024-09-01 10:00:00,schloemer,L10,37,36,24.921718742475193,0.0,0.0,0.0,20,48,2185542.33716,34764.744572
2024-09-01 10:00:00,schloemer,L11,37,64,26.78047871805244,0.0,0.0,0.0,4,8,2184616.11112,34734.983586
2024-09-01 10:00:00,schloemer,L12,38,39,25.14478946629799,0.0,0.0,0.0,4,8,2184616.11112,34734.983586
2024-09-01 10:00:00,schloemer,L13,39,40,26.328281374003012,0.0,0.0,0.0,4,8,2184616.11112,34734.983586
2024-09-01 10:00:00,schloemer,L14,39,41,27.042863068298928,0.0,0.0,0.0,4,8,2184616.11112,34734.983586
2024-09-01 10:00:00,schloemer,L15,40,41,27.576174115937086,0.0,0.0,0.0,4,8,2184616.11112,34734.983586
2024-09-01 10:00:00,schloemer,L16,41,48,30.09907544914456,0.0,0.0,0.0,4,8,2184616.11112,34734.983586
2024-09-01 10:00:00,schloemer,L17,41,48,30.09907544914456,0.0,0.0,0.0,4,8,2184616.11112,34734.983586
2024-09-01 10:00:00,schloemer,L18,42,43,27.695884793221555,0.0,0.0,0.0,4,8,2184616.11112,34734.983586
2024-09-01 10:00:00,schloemer,L19,43,44,29.830210809452137,0.0,0.0,0.0,4,8,2184616.11112,34734.983586
2024-09-01 10:00:00,schloemer,L20,44,45,36.104489926546556,0.0,0.0,0.0,4,8,2184616.11112,34734.983586
2024-09-01 10:00:00,schloemer,L21,44,48,35.50732931614324,0.0,0.0,0.0,4,8,2184616.11112,34734.983586
2024-09-01 10:00:00,schloemer,L22,45,46,37.45563769419443,0.0,0.0,0.0,4,8,2184616.11112,34734.983586
2024-09-01 10:00:00,schloemer,L23,45,47,37.88183344624902,0.0,0.0,0.0,4,8,2184616.11112,34734.983586
2024-09-01 10:00:00,schloemer,L24,46,48,36.83818832408917,0.0,0.0,0.0,4,8,2184616.11112,34734.983586
2024-09-01 10:00:00,schloemer,L25,46,68,37.599868427669115,0.0,0.0,0.0,4,8,2184616.11112,34734.983586
2024-09-01 10:00:00,schloemer,L26,47,48,37.217267690894545,0.0,0.0,0.0,4,8,2184616.11112,34734.983586
2024-09-01 10:00:00,schloemer,L27,48,49,36.72086387224893,0.0,0.0,0.0,4,8,2184616.11112,34734.983586
2024-09-01 10:00:00,schloemer,L28,48,50,37.40083959134439,0.0,0.0,0.0,4,8,2184616.11112,34734.983586
2024-09-01 10:00:00,schloemer,L29,48,53,36.08631540763506,0.0,0.0,0.0,4,8,2184616.11112,34734.983586
2024-09-01 10:00:00,schloemer,L30,48,53,36.08631540763506,0.0,0.0,0.0,4,8,2184616.11112,34734.983586
2024-09-01 10:00:00,schloemer,L31,48,65,30.521221025793906,0.0,0.0,0.0,4,8,2184616.11112,34734.983586
2024-09-01 10:00:00,schloemer,L32,48,65,30.521221025793906,0.0,0.0,0.0,4,8,2184616.11112,34734.983586
2024-09-01 10:00:00,schloemer,L33,48,68,36.9912923395237,0.0,0.0,0.0,4,8,2184616.11112,34734.983586
2024-09-01 10:00:00,schloemer,L34,49,56,37.37997062232481,0.0,0.0,0.0,4,8,2184616.11112,34734.983586
2024-09-01 10:00:00,schloemer,L35,50,51,39.44434465148253,0.0,0.0,0.0,4,8,2184616.11112,34734.983586
2024-09-01 10:00:00,schloemer,L36,50,57,38.57169892016305,0.0,0.0,0.0,4,8,2184616.11112,34734.983586
2024-09-01 10:00:00,schloemer,L37,51,52,39.07919137492567,0.0,0.0,0.0,4,8,2184616.11112,34734.983586
2024-09-01 10:00:00,schloemer,L38,52,53,36.94450554516643,0.0,0.0,0.0,4,8,2184616.11112,34734.983586
2024-09-01 10:00:00,schloemer,L39,53,54,35.39102689110899,0.0,0.0,0.0,4,8,2184616.11112,34734.983586
2024-09-01 10:00:00,schloemer,L40,53,55,35.92679017163922,0.0,0.0,0.0,4,8,2184616.11112,34734.983586
2024-09-01 10:00:00,schloemer,L41,53,58,34.68669520198744,0.0,0.0,0.0,4,8,2184616.11112,34734.983586
2024-09-01 10:00:00,schloemer,L42,54,55,35.41363657026769,0.0,0.0,0.0,4,8,2184616.11112,34734.983586
2024-09-01 10:00:00,schloemer,L43,54,58,30.363651945611462,0.0,0.0,0.0,4,8,2184616.11112,34734.983586
2024-09-01 10:00:00,schloemer,L44,55,56,36.67665505701674,0.0,0.0,0.0,4,8,2184616.11112,34734.983586
2024-09-01 10:00:00,schloemer,L45,55,57,37.1444863340507,0.0,0.0,0.0,4,8,2184616.11112,34734.983586
2024-09-01 10:00:00,schloemer,L46,55,58,34.71961450077166,0.0,0.0,0.0,4,8,2184616.11112,34734.983586
2024-09-01 10:00:00,schloemer,L47,55,58,34.71961450077166,0.0,0.0,0.0,4,8,2184616.11112,34734.983586
2024-09-01 10:00:00,schloemer,L48,58,59,28.900737864362096,0.0,0.0,0.0,4,8,2184616.11112,34734.983586
2024-09-01 10:00:00,schloemer,L49,58,60,28.908269247962664,0.0,0.0,0.0,4,8,2184616.11112,34734.983586
2024-09-01 10:00:00,schloemer,L50,59,60,28.074159430415026,0.0,0.0,0.0,4,8,2184616.11112,34734.983586
2024-09-01 10:00:00,schloemer,L51,59,61,28.057680800508265,0.0,0.0,0.0,4,8,2184616.11112,34734.983586
2024-09-01 10:00:00,schloemer,L52,60,61,28.052203694332345,0.0,0.0,0.0,4,8,2184616.11112,34734.983586
2024-09-01 10:00:00,schloemer,L53,61,65,28.576033735244017,0.0,0.0,0.0,4,8,2184616.11112,34734.983586
2024-09-01 10:00:00,schloemer,L54,61,66,27.799549158155845,0.0,0.0,0.0,4,8,2184616.11112,34734.983586
2024-09-01 10:00:00,schloemer,L55,62,58,29.231558150779076,0.0,0.0,0.0,13,30,2185148.89802,34751.629934
2024-09-01 10:00:00,schloemer,L56,62,63,28.470399136479312,0.0,0.0,0.0,4,8,2184616.11112,34734.983586
2024-09-01 10:00:00,schloemer,L57,63,60,28.166565009140715,0.0,0.0,0.0,20,47,2185512.78098,34763.759366
2024-09-01 10:00:00,schloemer,L58,63,64,28.230325420410633,0.0,0.0,0.0,4,8,2184616.11112,34734.983586
2024-09-01 10:00:00,schloemer,L59,64,65,28.645275202553304,0.0,0.0,0.0,20,48,2185545.98792,34764.866264
2024-09-01 10:00:00,schloemer,L60,64,67,29.115095539553803,0.0,0.0,0.0,38,93,2186503.81292,34796.793764
2024-09-01 10:00:00,schloemer,L61,65,66,28.327904266218024,0.0,0.0,0.0,4,8,2184616.11112,34734.983586
2024-09-01 10:00:00,schloemer,L62,67,68,35.60079654809119,0.0,0.0,0.0,28,68,2185978.45538,34779.281846
2024-09-01 10:00:00,schloemer,L63,68,69,39.86742961432568,0.0,0.0,0.0,4,8,2184616.11112,34734.983586
2024-09-01 10:00:00,schloemer,L64,68,74,38.33404895336314,0.0,0.0,0.0,4,8,2184616.11112,34734.983586
2024-09-01 10:00:00,schloemer,L65,68,76,36.72843031292454,0.0,0.0,0.0,4,8,2184616.11112,34734.983586
2024-09-01 10:00:00,schloemer,L66,69,70,43.90123726622203,0.0,0.0,0.0,4,8,2184616.11112,34734.983586
2024-09-01 10:00:00,schloemer,L67,69,73,41.82733877253381,0.0,0.0,0.0,4,8,2184616.11112,34734.983586
2024-09-01 10:00:00,schloemer,L68,69,74,40.57680383613819,0.0,0.0,0.0,4,8,2184616.11112,34734.983586
2024-09-01 10:00:00,schloemer,L69,70,71,46.892361676584436,0.0,0.0,0.0,4,8,2184616.11112,34734.983586
2024-09-01 10:00:00,schloemer,L70,70,72,46.20123503529981,0.0,0.0,0.0,4,8,2184616.11112,34734.983586
2024-09-01 10:00:00,schloemer,L71,73,74,40.14742627378251,0.0,0.0,0.0,4,8,2184616.11112,34734.983586
2024-09-01 10:00:00,schloemer,L72,74,76,37.292015385067444,0.0,0.0,0.0,4,8,2184616.11112,34734.983586
2024-09-01 10:00:00,schloemer,L73,74,117,39.096168925639624,0.0,0.0,0.0,4,8,2184616.11112,34734.983586
2024-09-01 10:00:00,schloemer,L74,75,76,36.55382234543834,0.0,0.0,0.0,4,8,2184616.11112,34734.983586
2024-09-01 10:00:00,schloemer,L75,75,117,38.25471633955384,0.0,0.0,0.0,4,8,2184616.11112,34734.983586
2024-09-01 10:00:00,schloemer,L76,76,77,35.49013348047895,0.0,0.0,0.0,4,8,2184616.11112,34734.983586
2024-09-01 10:00:00,schloemer,L77,76,79,30.24982619082402,0.0,0.0,0.0,4,8,2184616.11112,34734.983586
2024-09-01 10:00:00,schloemer,L78,76,79,30.24982619082402,0.0,0.0,0.0,4,8,2184616.11112,34734.983586
2024-09-01 10:00:00,schloemer,L79,76,81,30.536620606787185,0.0,0.0,0.0,4,8,2184616.11112,34734.983586
2024-09-01 10:00:00,schloemer,L80,77,78,30.612796947407585,0.0,0.0,0.0,4,8,2184616.11112,34734.983586
2024-09-01 10:00:00,schloemer,L81,78,79,29.45547727547122,0.0,0.0,0.0,4,8,2184616.11112,34734.983586
2024-09-01 10:00:00,schloemer,L82,79,95,28.178214045466213,0.0,0.0,0.0,4,8,2184616.11112,34734.983586
2024-09-01 10:00:00,schloemer,L83,79,96,28.262764807177827,0.0,0.0,0.0,4,8,2184616.11112,34734.983586
2024-09-01 10:00:00,schloemer,L84,79,97,28.628158769257364,0.0,0.0,0.0,4,8,2184616.11112,34734.983586
2024-09-01 10:00:00,schloemer,L85,79,98,28.052668791658775,0.0,0.0,0.0,4,8,2184616.11112,34734.983586
2024-09-01 10:00:00,schloemer,L86,80,67,29.75179548836602,0.0,0.0,0.0,30,72,2186055.70436,34781.856812
2024-09-01 10:00:00,schloemer,L87,80,79,29.205513997490133,0.0,0.0,0.0,28,69,2185981.58126,34779.386042
2024-09-01 10:00:00,schloemer,L88,81,82,29.13035496912415,0.0,0.0,0.0,4,8,2184616.11112,34734.983586
2024-09-01 10:00:00,schloemer,L89,81,95,28.40656160532122,0.0,0.0,0.0,4,8,2184616.11112,34734.983586
2024-09-01 10:00:00,schloemer,L90,93,95,26.662062688964873,0.0,0.0,0.0,4,8,2184616.11112,34734.983586
2024-09-01 10:00:00,schloemer,L91,95,96,27.54486554528106,0.0,0.0,0.0,4,8,2184616.11112,34734.983586
2024-09-01 10:00:00,schloemer,L92,115,67,29.714307443618967,0.0,0.0,0.0,13,29,2185126.88168,34750.896056
2024-09-01 11:00:00,schloemer,L0,22,23,51.45258386287549,0.0,0.0,0.0,4,8,2184616.11112,34734.983586
2024-09-01 11:00:00,schloemer,L1,23,69,46.268710721928606,0.0,0.0,0.0,4,8,2184616.11112,34734.983586
2024-09-01 11:00:00,schloemer,L2,23,71,49.675662896535506,0.0,0.0,0.0,4,8,2184616.11112,34734.983586
2024-09-01 11:00:00,schloemer,L3,29,37,25.277079553601048,0.0,0.0,0.0,4,8,2184616.11112,34734.983586
2024-09-01 11:00:00,schloemer,L4,32,36,24.262412389173353,0.0,0.0,0.0,4,8,2184616.11112,34734.983586
2024-09-01 11:00:00,schloemer,L5,33,36,25.194023848402306,0.0,0.0,0.0,4,8,2184616.11112,34734.983586
2024-09-01 11:00:00,schloemer,L6,33,42,26.424742586734236,0.0,0.0,0.0,4,8,2184616.11112,34734.983586
2024-09-01 11:00:00,schloemer,L7,34,36,24.03618137207118,0.0,0.0,0.0,4,8,2184616.11112,34734.983586
2024-09-01 11:00:00,schloemer,L8,36,38,24.840229125329074,0.0,0.0,0.0,4,8,2184616.11112,34734.983586
2024-09-01 11:00:00,schloemer,L9,36,39,25.52645461815417,0.0,0.0,0.0,4,8,2184616.11112,34734.983586
2024-09-01 11:00:00,schloemer,L10,37,36,25.371698314020325,0.0,0.0,0.0,20,48,2185542.33716,34764.744572
2024-09-01 11:00:00,schloemer,L11,37,64,27.320870593200457,0.0,0.0,0.0,4,8,2184616.11112,34734.983586
2024-09-01 11:00:00,schloemer,L12,38,39,25.609109888655382,0.0,0.0,0.0,4,8,2184616.11112,34734.983586
2024-09-01 11:00:00,schloemer,L13,39,40,26.85156529082438,0.0,0.0,0.0,4,8,2184616.11112,34734.983586
2024-09-01 11:00:00,schloemer,L14,39,41,27.60251287807951,0.0,0.0,0.0,4,8,2184616.11112,34734.983586
2024-09-01 11:00:00,schloemer,L15,40,41,28.164859508007144,0.0,0.0,0.0,4,8,2184616.11112,34734.983586
2024-09-01 11:00:00,schloemer,L16,41,48,34.7361229926419,0.0,0.0,0.0,4,8,2184616.11112,34734.983586
2024-09-01 11:00:00,schloemer,L17,41,48,34.7361229926419,0.0,0.0,0.0,4,8,2184616.11112,34734.983586
2024-09-01 11:00:00,schloemer,L18,42,43,28.286967155268627,0.0,0.0,0.0,4,8,2184616.11112,34734.983586
2024-09-01 11:00:00,schloemer,L19,43,44,30.543125305893305,0.0,0.0,0.0,4,8,2184616.11112,34734.983586
2024-09-01 11:00:00,schloemer,L20,44,45,37.06432301293151,0.0,0.0,0.0,4,8,2184616.11112,34734.983586
2024-09-01 11:00:00,schloemer,L21,44,48,36.42525355971938,0.0,0.0,0.0,4,8,2184616.11112,34734.983586
2024-09-01 11:00:00,schloemer,L22,45,46,38.50959584393991,0.0,0.0,0.0,4,8,2184616.11112,34734.983586
2024-09-01 11:00:00,schloemer,L23,45,47,38.95862671847604,0.0,0.0,0.0,4,8,2184616.11112,34734.983586
2024-09-01 11:00:00,schloemer,L24,46,48,37.847574687856536,0.0,0.0,0.0,4,8,2184616.11112,34734.983586
2024-09-01 11:00:00,schloemer,L25,46,68,38.66771238749534,0.0,0.0,0.0,4,8,2184616.11112,34734.983586
2024-09-01 11:00:00,schloemer,L26,47,48,38.244473291377176,0.0,0.0,0.0,4,8,2184616.11112,34734.983586
2024-09-01 11:00:00,schloemer,L27,48,49,37.70426396450667,0.0,0.0,0.0,4,8,2184616.11112,34734.983586
2024-09-01 11:00:00,schloemer,L28,48,50,38.4252930442822,0.0,0.0,0.0,4,8,2184616.11112,34734.983586
2024-09-01 11:00:00,schloemer,L29,48,53,37.018381947763835,0.0,0.0,0.0,4,8,2184616.11112,34734.983586
2024-09-01 11:00:00,schloemer,L30,48,53,37.018381947763835,0.0,0.0,0.0,4,8,2184616.11112,34734.983586
2024-09-01 11:00:00,schloemer,L31,48,65,35.229183375964446,0.0,0.0,0.0,4,8,2184616.11112,34734.983586
2024-09-01 11:00:00,schloemer,L32,48,65,35.229183375964446,0.0,0.0,0.0,4,8,2184616.11112,34734.983586
2024-09-01 11:00:00,schloemer,L33,48,68,38.01619830635235,0.0,0.0,0.0,4,8,2184616.11112,34734.983586
2024-09-01 11:00:00,schloemer,L34,49,56,38.37743017568849,0.0,0.0,0.0,4,8,2184616.11112,34734.983586
2024-09-01 11:00:00,schloemer,L35,50,51,40.56565674339635,0.0,0.0,0.0,4,8,2184616.11112,34734.983586
2024-09-01 11:00:00,schloemer,L36,50,57,39.63418809947911,0.0,0.0,0.0,4,8,2184616.11112,34734.983586
2024-09-01 11:00:00,schloemer,L37,51,52,40.142548427656045,0.0,0.0,0.0,4,8,2184616.11112,34734.983586
2024-09-01 11:00:00,schloemer,L38,52,53,37.884493572482455,0.0,0.0,0.0,4,8,2184616.11112,34734.983586
2024-09-01 11:00:00,schloemer,L39,53,54,36.236474953553184,0.0,0.0,0.0,4,8,2184616.11112,34734.983586
2024-09-01 11:00:00,schloemer,L40,53,55,36.808515139102205,0.0,0.0,0.0,4,8,2184616.11112,34734.983586
2024-09-01 11:00:00,schloemer,L41,53,58,35.4962599426622,0.0,0.0,0.0,4,8,2184616.11112,34734.983586
2024-09-01 11:00:00,schloemer,L42,54,55,36.24744198100697,0.0,0.0,0.0,4,8,2184616.11112,34734.983586
2024-09-01 11:00:00,schloemer,L43,54,58,34.979633819362945,0.0,0.0,0.0,4,8,2184616.11112,34734.983586
2024-09-01 11:00:00,schloemer,L44,55,56,37.60101492008453,0.0,0.0,0.0,4,8,2184616.11112,34734.983586
2024-09-01 11:00:00,schloemer,L45,55,57,38.09034939472454,0.0,0.0,0.0,4,8,2184616.11112,34734.983586
2024-09-01 11:00:00,schloemer,L46,55,58,35.519351105724866,0.0,0.0,0.0,4,8,2184616.11112,34734.983586
2024-09-01 11:00:00,schloemer,L47,55,58,35.519351105724866,0.0,0.0,0.0,4,8,2184616.11112,34734.983586
2024-09-01 11:00:00,schloemer,L48,58,59,29.50471680504845,0.0,0.0,0.0,4,8,2184616.11112,34734.983586
2024-09-01 11:00:00,schloemer,L49,58,60,29.518396014579007,0.0,0.0,0.0,4,8,2184616.11112,34734.983586
2024-09-01 11:00:00,schloemer,L50,59,60,28.63903657909885,0.0,0.0,0.0,4,8,2184616.11112,34734.983586
2024-09-01 11:00:00,schloemer,L51,59,61,28.627049151689366,0.0,0.0,0.0,4,8,2184616.11112,34734.983586
2024-09-01 11:00:00,schloemer,L52,60,61,28.626071998360132,0.0,0.0,0.0,4,8,2184616.11112,34734.983586
2024-09-01 11:00:00,schloemer,L53,61,65,29.192903166869545,0.0,0.0,0.0,4,8,2184616.11112,34734.983586
2024-09-01 11:00:00,schloemer,L54,61,66,28.369517062857927,0.0,0.0,0.0,4,8,2184616.11112,34734.983586
2024-09-01 11:00:00,schloemer,L55,62,58,29.85987697343175,0.0,0.0,0.0,13,30,2185148.89802,34751.629934
2024-09-01 11:00:00,schloemer,L56,62,63,29.07298880367418,0.0,0.0,0.0,4,8,2184616.11112,34734.983586
2024-09-01 11:00:00,schloemer,L57,63,60,28.752194530818244,0.0,0.0,0.0,20,47,2185512.78098,34763.759366
2024-09-01 11:00:00,schloemer,L58,63,64,28.840481892023966,0.0,0.0,0.0,4,8,2184616.11112,34734.983586
2024-09-01 11:00:00,schloemer,L59,64,65,29.28190629160527,0.0,0.0,0.0,20,48,2185545.98792,34764.866264
2024-09-01 11:00:00,schloemer,L60,64,67,29.790862217043248,0.0,0.0,0.0,38,93,2186503.81292,34796.793764
2024-09-01 11:00:00,schloemer,L61,65,66,28.935355955822057,0.0,0.0,0.0,4,8,2184616.11112,34734.983586
2024-09-01 11:00:00,schloemer,L62,67,68,36.53529740450158,0.0,0.0,0.0,28,68,2185978.45538,34779.281846
2024-09-01 11:00:00,schloemer,L63,68,69,41.08577923184862,0.0,0.0,0.0,4,8,2184616.11112,34734.983586
2024-09-01 11:00:00,schloemer,L64,68,74,39.44297692738301,0.0,0.0,0.0,4,8,2184616.11112,34734.983586
2024-09-01 11:00:00,schloemer,L65,68,76,37.72435813617362,0.0,0.0,0.0,4,8,2184616.11112,34734.983586
2024-09-01 11:00:00,schloemer,L66,69,70,45.38639331189808,0.0,0.0,0.0,4,8,2184616.11112,34734.983586
2024-09-01 11:00:00,schloemer,L67,69,73,43.16885893126177,0.0,0.0,0.0,4,8,2184616.11112,34734.983586
2024-09-01 11:00:00,schloemer,L68,69,74,41.83168945547221,0.0,0.0,0.0,4,8,2184616.11112,34734.983586
2024-09-01 11:00:00,schloemer,L69,70,71,48.572553371465965,0.0,0.0,0.0,4,8,2184616.11112,34734.983586
2024-09-01 11:00:00,schloemer,L70,70,72,47.79571126790119,0.0,0.0,0.0,4,8,2184616.11112,34734.983586
2024-09-01 11:00:00,schloemer,L71,73,74,41.36539802662328,0.0,0.0,0.0,4,8,2184616.11112,34734.983586
2024-09-01 11:00:00,schloemer,L72,74,76,38.311667595564764,0.0,0.0,0.0,4,8,2184616.11112,34734.983586
2024-09-01 11:00:00,schloemer,L73,74,117,40.23267631938624,0.0,0.0,0.0,4,8,2184616.11112,34734.983586
2024-09-01 11:00:00,schloemer,L74,75,76,37.51133896125416,0.0,0.0,0.0,4,8,2184616.11112,34734.983586
2024-09-01 11:00:00,schloemer,L75,75,117,39.31598948856603,0.0,0.0,0.0,4,8,2184616.11112,34734.983586
2024-09-01 11:00:00,schloemer,L76,76,77,36.37710567925415,0.0,0.0,0.0,4,8,2184616.11112,34734.983586
2024-09-01 11:00:00,schloemer,L77,76,79,34.892185025033626,0.0,0.0,0.0,4,8,2184616.11112,34734.983586
2024-09-01 11:00:00,schloemer,L78,76,79,34.892185025033626,0.0,0.0,0.0,4,8,2184616.11112,34734.983586
2024-09-01 11:00:00,schloemer,L79,76,81,35.22776737897279,0.0,0.0,0.0,4,8,2184616.11112,34734.983586
2024-09-01 11:00:00,schloemer,L80,77,78,35.30353558397936,0.0,0.0,0.0,4,8,2184616.11112,34734.983586
2024-09-01 11:00:00,schloemer,L81,78,79,30.114266274079114,0.0,0.0,0.0,4,8,2184616.11112,34734.983586
2024-09-01 11:00:00,schloemer,L82,79,95,28.768996269315405,0.0,0.0,0.0,4,8,2184616.11112,34734.983586
2024-09-01 11:00:00,schloemer,L83,79,96,28.855814253301144,0.0,0.0,0.0,4,8,2184616.11112,34734.983586
2024-09-01 11:00:00,schloemer,L84,79,97,29.239982439710168,0.0,0.0,0.0,4,8,2184616.11112,34734.983586
2024-09-01 11:00:00,schloemer,L85,79,98,28.64162366503725,0.0,0.0,0.0,4,8,2184616.11112,34734.983586
2024-09-01 11:00:00,schloemer,L86,80,67,30.464791816907557,0.0,0.0,0.0,30,72,2186055.70436,34781.856812
2024-09-01 11:00:00,schloemer,L87,80,79,29.870550657396237,0.0,0.0,0.0,28,69,2185981.58126,34779.386042
2024-09-01 11:00:00,schloemer,L88,81,82,29.754895909475184,0.0,0.0,0.0,4,8,2184616.11112,34734.983586
2024-09-01 11:00:00,schloemer,L89,81,95,29.004021175132028,0.0,0.0,0.0,4,8,2184616.11112,34734.983586
2024-09-01 11:00:00,schloemer,L90,93,95,27.167315221551796,0.0,0.0,0.0,4,8,2184616.11112,34734.983586
2024-09-01 11:00:00,schloemer,L91,95,96,28.09508705270578,0.0,0.0,0.0,4,8,2184616.11112,34734.983586
2024-09-01 11:00:00,schloemer,L92,115,67,30.427160954309386,0.0,0.0,0.0,13,29,2185126.88168,34750.896056
2024-09-01 12:00:00,schloemer,L0,22,23,53.52209167664131,0.0,0.0,0.0,4,8,2184616.11112,34734.983586
2024-09-01 12:00:00,schloemer,L1,23,69,47.922596114537214,0.0,0.0,0.0,4,8,2184616.11112,34734.983586
2024-09-01 12:00:00,schloemer,L2,23,71,51.56961519993711,0.0,0.0,0.0,4,8,2184616.11112,34734.983586
2024-09-01 12:00:00,schloemer,L3,29,37,25.7148134553051,0.0,0.0,0.0,4,8,2184616.11112,34734.983586
2024-09-01 12:00:00,schloemer,L4,32,36,24.660094332810882,0.0,0.0,0.0,4,8,2184616.11112,34734.983586
2024-09-01 12:00:00,schloemer,L5,33,36,25.633478892829068,0.0,0.0,0.0,4,8,2184616.11112,34734.983586
2024-09-01 12:00:00,schloemer,L6,33,42,26.923561789185545,0.0,0.0,0.0,4,8,2184616.11112,34734.983586
2024-09-01 12:00:00,schloemer,L7,34,36,24.422320054722462,0.0,0.0,0.0,4,8,2184616.11112,34734.983586
2024-09-01 12:00:00,schloemer,L8,36,38,25.264822810127324,0.0,0.0,0.0,4,8,2184616.11112,34734.983586
2024-09-01 12:00:00,schloemer,L9,36,39,25.98345837500325,0.0,0.0,0.0,4,8,2184616.11112,34734.983586
2024-09-01 12:00:00,schloemer,L10,37,36,25.81835624060686,0.0,0.0,0.0,20,48,2185542.33716,34764.744572
2024-09-01 12:00:00,schloemer,L11,37,64,27.863476059578545,0.0,0.0,0.0,4,8,2184616.11112,34734.983586
2024-09-01 12:00:00,schloemer,L12,38,39,26.07132641061816,0.0,0.0,0.0,4,8,2184616.11112,34734.983586
2024-09-01 12:00:00,schloemer,L13,39,40,27.376546284791722,0.0,0.0,0.0,4,8,2184616.11112,34734.983586
2024-09-01 12:00:00,schloemer,L14,39,41,28.166287788629194,0.0,0.0,0.0,4,8,2184616.11112,34734.983586
2024-09-01 12:00:00,schloemer,L15,40,41,28.759814488320217,0.0,0.0,0.0,4,8,2184616.11112,34734.983586
2024-09-01 12:00:00,schloemer,L16,41,48,35.57695873496948,0.0,0.0,0.0,4,8,2184616.11112,34734.983586
2024-09-01 12:00:00,schloemer,L17,41,48,35.57695873496948,0.0,0.0,0.0,4,8,2184616.11112,34734.983586
2024-09-01 12:00:00,schloemer,L18,42,43,28.884057921130804,0.0,0.0,0.0,4,8,2184616.11112,34734.983586
2024-09-01 12:00:00,schloemer,L19,43,44,35.23565792060566,0.0,0.0,0.0,4,8,2184616.11112,34734.983586
2024-09-01 12:00:00,schloemer,L20,44,45,38.055848151937205,0.0,0.0,0.0,4,8,2184616.11112,34734.983586
2024-09-01 12:00:00,schloemer,L21,44,48,37.37054479944067,0.0,0.0,0.0,4,8,2184616.11112,34734.983586
2024-09-01 12:00:00,schloemer,L22,45,46,39.60496414924964,0.0,0.0,0.0,4,8,2184616.11112,34734.983586
2024-09-01 12:00:00,schloemer,L23,45,47,40.07831494254526,0.0,0.0,0.0,4,8,2184616.11112,34734.983586
2024-09-01 12:00:00,schloemer,L24,46,48,38.89357021207045,0.0,0.0,0.0,4,8,2184616.11112,34734.983586
2024-09-01 12:00:00,schloemer,L25,46,68,39.778854768300484,0.0,0.0,0.0,4,8,2184616.11112,34734.983586
2024-09-01 12:00:00,schloemer,L26,47,48,39.30905959204741,0.0,0.0,0.0,4,8,2184616.11112,34734.983586
2024-09-01 12:00:00,schloemer,L27,48,49,38.71944965007798,0.0,0.0,0.0,4,8,2184616.11112,34734.983586
2024-09-01 12:00:00,schloemer,L28,48,50,39.48488814985654,0.0,0.0,0.0,4,8,2184616.11112,34734.983586
2024-09-01 12:00:00,schloemer,L29,48,53,37.976238984174906,0.0,0.0,0.0,4,8,2184616.11112,34734.983586
2024-09-01 12:00:00,schloemer,L30,48,53,37.976238984174906,0.0,0.0,0.0,4,8,2184616.11112,34734.983586
2024-09-01 12:00:00,schloemer,L31,48,65,36.08754935264381,0.0,0.0,0.0,4,8,2184616.11112,34734.983586
2024-09-01 12:00:00,schloemer,L32,48,65,36.08754935264381,0.0,0.0,0.0,4,8,2184616.11112,34734.983586
2024-09-01 12:00:00,schloemer,L33,48,68,39.07990147417769,0.0,0.0,0.0,4,8,2184616.11112,34734.983586
2024-09-01 12:00:00,schloemer,L34,49,56,39.404140390783425,0.0,0.0,0.0,4,8,2184616.11112,34734.983586
2024-09-01 12:00:00,schloemer,L35,50,51,41.725531115966845,0.0,0.0,0.0,4,8,2184616.11112,34734.983586
2024-09-01 12:00:00,schloemer,L36,50,57,40.72988974853581,0.0,0.0,0.0,4,8,2184616.11112,34734.983586
2024-09-01 12:00:00,schloemer,L37,51,52,41.23457011146931,0.0,0.0,0.0,4,8,2184616.11112,34734.983586
2024-09-01 12:00:00,schloemer,L38,52,53,38.84491050675118,0.0,0.0,0.0,4,8,2184616.11112,34734.983586
2024-09-01 12:00:00,schloemer,L39,53,54,37.09505435657772,0.0,0.0,0.0,4,8,2184616.11112,34734.983586
2024-09-01 12:00:00,schloemer,L40,53,55,37.706658426421484,0.0,0.0,0.0,4,8,2184616.11112,34734.983586
2024-09-01 12:00:00,schloemer,L41,53,58,36.31700182185233,0.0,0.0,0.0,4,8,2184616.11112,34734.983586
2024-09-01 12:00:00,schloemer,L42,54,55,37.09186941023421,0.0,0.0,0.0,4,8,2184616.11112,34734.983586
2024-09-01 12:00:00,schloemer,L43,54,58,35.75297937682835,0.0,0.0,0.0,4,8,2184616.11112,34734.983586
2024-09-01 12:00:00,schloemer,L44,55,56,38.5446967056312,0.0,0.0,0.0,4,8,2184616.11112,34734.983586
2024-09-01 12:00:00,schloemer,L45,55,57,39.056221532853456,0.0,0.0,0.0,4,8,2184616.11112,34734.983586
2024-09-01 12:00:00,schloemer,L46,55,58,36.328090173072816,0.0,0.0,0.0,4,8,2184616.11112,34734.983586
2024-09-01 12:00:00,schloemer,L47,55,58,36.328090173072816,0.0,0.0,0.0,4,8,2184616.11112,34734.983586
2024-09-01 12:00:00,schloemer,L48,58,59,30.10968056554346,0.0,0.0,0.0,4,8,2184616.11112,34734.983586
2024-09-01 12:00:00,schloemer,L49,58,60,30.130574085448238,0.0,0.0,0.0,4,8,2184616.11112,34734.983586
2024-09-01 12:00:00,schloemer,L50,59,60,29.202997637934793,0.0,0.0,0.0,4,8,2184616.11112,34734.983586
2024-09-01 12:00:00,schloemer,L51,59,61,29.196387291827914,0.0,0.0,0.0,4,8,2184616.11112,34734.983586
2024-09-01 12:00:00,schloemer,L52,60,61,29.200737494629312,0.0,0.0,0.0,4,8,2184616.11112,34734.983586
2024-09-01 12:00:00,schloemer,L53,61,65,29.815153420216816,0.0,0.0,0.0,4,8,2184616.11112,34734.983586
2024-09-01 12:00:00,schloemer,L54,61,66,28.941088534927943,0.0,0.0,0.0,4,8,2184616.11112,34734.983586
2024-09-01 12:00:00,schloemer,L55,62,58,30.49151420908704,0.0,0.0,0.0,13,30,2185148.89802,34751.629934
2024-09-01 12:00:00,schloemer,L56,62,63,29.678995650202577,0.0,0.0,0.0,4,8,2184616.11112,34734.983586
2024-09-01 12:00:00,schloemer,L57,63,60,29.340032128203823,0.0,0.0,0.0,20,47,2185512.78098,34763.759366
2024-09-01 12:00:00,schloemer,L58,63,64,29.456924959856405,0.0,0.0,0.0,4,8,2184616.11112,34734.983586
2024-09-01 12:00:00,schloemer,L59,64,65,29.927175484137283,0.0,0.0,0.0,20,48,2185545.98792,34764.866264
2024-09-01 12:00:00,schloemer,L60,64,67,30.479724017242265,0.0,0.0,0.0,38,93,2186503.81292,34796.793764
2024-09-01 12:00:00,schloemer,L61,65,66,29.547995184147993,0.0,0.0,0.0,4,8,2184616.11112,34734.983586
2024-09-01 12:00:00,schloemer,L62,67,68,37.49993010476906,0.0,0.0,0.0,28,68,2185978.45538,34779.281846
2024-09-01 12:00:00,schloemer,L63,68,69,42.361825268807046,0.0,0.0,0.0,4,8,2184616.11112,34734.983586
2024-09-01 12:00:00,schloemer,L64,68,74,40.597992279468755,0.0,0.0,0.0,4,8,2184616.11112,34734.983586
2024-09-01 12:00:00,schloemer,L65,68,76,38.754584610359416,0.0,0.0,0.0,4,8,2184616.11112,34734.983586
2024-09-01 12:00:00,schloemer,L66,69,70,46.952852330343454,0.0,0.0,0.0,4,8,2184616.11112,34734.983586
2024-09-01 12:00:00,schloemer,L67,69,73,44.578181588691,0.0,0.0,0.0,4,8,2184616.11112,34734.983586
2024-09-01 12:00:00,schloemer,L68,69,74,43.145911706460524,0.0,0.0,0.0,4,8,2184616.11112,34734.983586
2024-09-01 12:00:00,schloemer,L69,70,71,50.348293738001274,0.0,0.0,0.0,4,8,2184616.11112,34734.983586
2024-09-01 12:00:00,schloemer,L70,70,72,49.470950499971416,0.0,0.0,0.0,4,8,2184616.11112,34734.983586
2024-09-01 12:00:00,schloemer,L71,73,74,42.637923200060044,0.0,0.0,0.0,4,8,2184616.11112,34734.983586
2024-09-01 12:00:00,schloemer,L72,74,76,39.36600847037779,0.0,0.0,0.0,4,8,2184616.11112,34734.983586
2024-09-01 12:00:00,schloemer,L73,74,117,41.41438264971697,0.0,0.0,0.0,4,8,2184616.11112,34734.983586
2024-09-01 12:00:00,schloemer,L74,75,76,38.49595880097262,0.0,0.0,0.0,4,8,2184616.11112,34734.983586
2024-09-01 12:00:00,schloemer,L75,75,117,40.4126856919953,0.0,0.0,0.0,4,8,2184616.11112,34734.983586
2024-09-01 12:00:00,schloemer,L76,76,77,37.284636794866074,0.0,0.0,0.0,4,8,2184616.11112,34734.983586
2024-09-01 12:00:00,schloemer,L77,76,79,35.71492239571925,0.0,0.0,0.0,4,8,2184616.11112,34734.983586
2024-09-01 12:00:00,schloemer,L78,76,79,35.71492239571925,0.0,0.0,0.0,4,8,2184616.11112,34734.983586
2024-09-01 12:00:00,schloemer,L79,76,81,36.06307683561161,0.0,0.0,0.0,4,8,2184616.11112,34734.983586
2024-09-01 12:00:00,schloemer,L80,77,78,36.12608631051862,0.0,0.0,0.0,4,8,2184616.11112,34734.983586
2024-09-01 12:00:00,schloemer,L81,78,79,34.682039656112444,0.0,0.0,0.0,4,8,2184616.11112,34734.983586
2024-09-01 12:00:00,schloemer,L82,79,95,29.36256465212143,0.0,0.0,0.0,4,8,2184616.11112,34734.983586
2024-09-01 12:00:00,schloemer,L83,79,96,29.451535288134927,0.0,0.0,0.0,4,8,2184616.11112,34734.983586
2024-09-01 12:00:00,schloemer,L84,79,97,29.85562981424045,0.0,0.0,0.0,4,8,2184616.11112,34734.983586
2024-09-01 12:00:00,schloemer,L85,79,98,29.23381566691847,0.0,0.0,0.0,4,8,2184616.11112,34734.983586
2024-09-01 12:00:00,schloemer,L86,80,67,35.1480117666871,0.0,0.0,0.0,30,72,2186055.70436,34781.856812
2024-09-01 12:00:00,schloemer,L87,80,79,30.545799615968775,0.0,0.0,0.0,28,69,2185981.58126,34779.386042
2024-09-01 12:00:00,schloemer,L88,81,82,30.38235313297866,0.0,0.0,0.0,4,8,2184616.11112,34734.983586
2024-09-01 12:00:00,schloemer,L89,81,95,29.604055522638937,0.0,0.0,0.0,4,8,2184616.11112,34734.983586
2024-09-01 12:00:00,schloemer,L90,93,95,27.66916930629867,0.0,0.0,0.0,4,8,2184616.11112,34734.983586
2024-09-01 12:00:00,schloemer,L91,95,96,28.644636045753135,0.0,0.0,0.0,4,8,2184616.11112,34734.983586
2024-09-01 12:00:00,schloemer,L92,115,67,35.10574683206199,0.0,0.0,0.0,13,29,2185126.88168,34750.896056
2024-09-01 13:00:00,schloemer,L0,22,23,55.74185157665324,2.220446049250313e-16,0.0,8.881784197001252e-16,4,8,2184616.11112,34734.983586
2024-09-01 13:00:00,schloemer,L1,23,69,49.68118554593694,0.0,0.0,0.0,4,8,2184616.11112,34734.983586
2024-09-01 13:00:00,schloemer,L2,23,71,53.588214235515224,0.0,0.0,0.0,4,8,2184616.11112,34734.983586
2024-09-01 13:00:00,schloemer,L3,29,37,26.147669475840804,0.0,0.0,0.0,4,8,2184616.11112,34734.983586
2024-09-01 13:00:00,schloemer,L4,32,36,25.051316197040702,0.0,0.0,0.0,4,8,2184616.11112,34734.983586
2024-09-01 13:00:00,schloemer,L5,33,36,26.068728011922087,0.0,0.0,0.0,4,8,2184616.11112,34734.983586
2024-09-01 13:00:00,schloemer,L6,33,42,27.42180669715279,0.0,0.0,0.0,4,8,2184616.11112,34734.983586
2024-09-01 13:00:00,schloemer,L7,34,36,24.80124222884782,0.0,0.0,0.0,4,8,2184616.11112,34734.983586
2024-09-01 13:00:00,schloemer,L8,36,38,25.68451237329495,0.0,0.0,0.0,4,8,2184616.11112,34734.983586
2024-09-01 13:00:00,schloemer,L9,36,39,26.437482217555814,0.0,0.0,0.0,4,8,2184616.11112,34734.983586
2024-09-01 13:00:00,schloemer,L10,37,36,26.261112560887,0.0,0.0,0.0,20,48,2185542.33716,34764.744572
2024-09-01 13:00:00,schloemer,L11,37,64,28.408224207147793,0.0,0.0,0.0,4,8,2184616.11112,34734.983586
2024-09-01 13:00:00,schloemer,L12,38,39,26.531006273014523,0.0,0.0,0.0,4,8,2184616.11112,34734.983586
2024-09-01 13:00:00,schloemer,L13,39,40,27.903169947311756,0.0,0.0,0.0,4,8,2184616.11112,34734.983586
2024-09-01 13:00:00,schloemer,L14,39,41,28.734383719610598,0.0,0.0,0.0,4,8,2184616.11112,34734.983586
2024-09-01 13:00:00,schloemer,L15,40,41,29.36147984316242,0.0,0.0,0.0,4,8,2184616.11112,34734.983586
2024-09-01 13:00:00,schloemer,L16,41,48,36.438876841357605,0.0,0.0,0.0,4,8,2184616.11112,34734.983586
2024-09-01 13:00:00,schloemer,L17,41,48,36.438876841357605,0.0,0.0,0.0,4,8,2184616.11112,34734.983586
2024-09-01 13:00:00,schloemer,L18,42,43,29.487518285127116,0.0,0.0,0.0,4,8,2184616.11112,34734.983586
2024-09-01 13:00:00,schloemer,L19,43,44,36.075822896613296,0.0,0.0,0.0,4,8,2184616.11112,34734.983586
2024-09-01 13:00:00,schloemer,L20,44,45,39.08271941453766,0.0,0.0,0.0,4,8,2184616.11112,34734.983586
2024-09-01 13:00:00,schloemer,L21,44,48,38.346184024359204,0.0,0.0,0.0,4,8,2184616.11112,34734.983586
2024-09-01 13:00:00,schloemer,L22,45,46,40.74692526779599,0.0,0.0,0.0,4,8,2184616.11112,34734.983586
2024-09-01 13:00:00,schloemer,L23,45,47,41.246181244853666,0.0,0.0,0.0,4,8,2184616.11112,34734.983586
2024-09-01 13:00:00,schloemer,L24,46,48,39.98057249163555,0.0,0.0,0.0,4,8,2184616.11112,34734.983586
2024-09-01 13:00:00,schloemer,L25,46,68,40.938843629799,0.0,0.0,0.0,4,8,2184616.11112,34734.983586
2024-09-01 13:00:00,schloemer,L26,47,48,40.415390975757155,0.0,0.0,0.0,4,8,2184616.11112,34734.983586
2024-09-01 13:00:00,schloemer,L27,48,49,39.76977133942752,0.0,0.0,0.0,4,8,2184616.11112,34734.983586
2024-09-01 13:00:00,schloemer,L28,48,50,40.58335929846581,0.0,0.0,0.0,4,8,2184616.11112,34734.983586
2024-09-01 13:00:00,schloemer,L29,48,53,38.96223845639168,0.0,0.0,0.0,4,8,2184616.11112,34734.983586
2024-09-01 13:00:00,schloemer,L30,48,53,38.96223845639168,0.0,0.0,0.0,4,8,2184616.11112,34734.983586
2024-09-01 13:00:00,schloemer,L31,48,65,36.96695915988141,0.0,0.0,0.0,4,8,2184616.11112,34734.983586
2024-09-01 13:00:00,schloemer,L32,48,65,36.96695915988141,0.0,0.0,0.0,4,8,2184616.11112,34734.983586
2024-09-01 13:00:00,schloemer,L33,48,68,40.18722767967792,0.0,0.0,0.0,4,8,2184616.11112,34734.983586
2024-09-01 13:00:00,schloemer,L34,49,56,40.462510586013316,0.0,0.0,0.0,4,8,2184616.11112,34734.983586
2024-09-01 13:00:00,schloemer,L35,50,51,42.92716370918845,0.0,0.0,0.0,4,8,2184616.11112,34734.983586
2024-09-01 13:00:00,schloemer,L36,50,57,41.86136532910384,0.0,0.0,0.0,4,8,2184616.11112,34734.983586
2024-09-01 13:00:00,schloemer,L37,51,52,42.356460760095075,0.0,0.0,0.0,4,8,2184616.11112,34734.983586
2024-09-01 13:00:00,schloemer,L38,52,53,39.82651696143915,0.0,0.0,0.0,4,8,2184616.11112,34734.983586
2024-09-01 13:00:00,schloemer,L39,53,54,37.96684296513523,0.0,0.0,0.0,4,8,2184616.11112,34734.983586
2024-09-01 13:00:00,schloemer,L40,53,55,38.62169186510319,0.0,0.0,0.0,4,8,2184616.11112,34734.983586
2024-09-01 13:00:00,schloemer,L41,53,58,37.14893507138809,0.0,0.0,0.0,4,8,2184616.11112,34734.983586
2024-09-01 13:00:00,schloemer,L42,54,55,37.94650442274027,0.0,0.0,0.0,4,8,2184616.11112,34734.983586
2024-09-01 13:00:00,schloemer,L43,54,58,36.531902395916845,0.0,0.0,0.0,4,8,2184616.11112,34734.983586
2024-09-01 13:00:00,schloemer,L44,55,56,39.50837761330519,0.0,0.0,0.0,4,8,2184616.11112,34734.983586
2024-09-01 13:00:00,schloemer,L45,55,57,40.04266560537085,0.0,0.0,0.0,4,8,2184616.11112,34734.983586
2024-09-01 13:00:00,schloemer,L46,55,58,37.14542159308012,0.0,0.0,0.0,4,8,2184616.11112,34734.983586
2024-09-01 13:00:00,schloemer,L47,55,58,37.14542159308012,0.0,0.0,0.0,4,8,2184616.11112,34734.983586
2024-09-01 13:00:00,schloemer,L48,58,59,34.60816034049769,0.0,0.0,0.0,4,8,2184616.11112,34734.983586
2024-09-01 13:00:00,schloemer,L49,58,60,34.64123480838238,0.0,0.0,0.0,4,8,2184616.11112,34734.983586
2024-09-01 13:00:00,schloemer,L50,59,60,29.765099643981976,0.0,0.0,0.0,4,8,2184616.11112,34734.983586
2024-09-01 13:00:00,schloemer,L51,59,61,29.764903058166507,0.0,0.0,0.0,4,8,2184616.11112,34734.983586
2024-09-01 13:00:00,schloemer,L52,60,61,29.77554786823067,0.0,0.0,0.0,4,8,2184616.11112,34734.983586
2024-09-01 13:00:00,schloemer,L53,61,65,30.442771142231923,0.0,0.0,0.0,4,8,2184616.11112,34734.983586
2024-09-01 13:00:00,schloemer,L54,61,66,29.51382088818128,0.0,0.0,0.0,4,8,2184616.11112,34734.983586
2024-09-01 13:00:00,schloemer,L55,62,58,35.07140534291547,0.0,0.0,0.0,13,30,2185148.89802,34751.629934
2024-09-01 13:00:00,schloemer,L56,62,63,30.288090401194165,0.0,0.0,0.0,4,8,2184616.11112,34734.983586
2024-09-01 13:00:00,schloemer,L57,63,60,29.929631504091898,0.0,0.0,0.0,20,47,2185512.78098,34763.759366
2024-09-01 13:00:00,schloemer,L58,63,64,30.079912334167226,0.0,0.0,0.0,4,8,2184616.11112,34734.983586
2024-09-01 13:00:00,schloemer,L59,64,65,30.58164762173998,0.0,0.0,0.0,20,48,2185545.98792,34764.866264
2024-09-01 13:00:00,schloemer,L60,64,67,35.135719113183995,0.0,0.0,0.0,38,93,2186503.81292,34796.793764
2024-09-01 13:00:00,schloemer,L61,65,66,30.16585103109527,0.0,0.0,0.0,4,8,2184616.11112,34734.983586
2024-09-01 13:00:00,schloemer,L62,67,68,38.49823762785308,0.0,0.0,0.0,28,68,2185978.45538,34779.281846
2024-09-01 13:00:00,schloemer,L63,68,69,43.703175659784414,0.0,0.0,0.0,4,8,2184616.11112,34734.983586
2024-09-01 13:00:00,schloemer,L64,68,74,41.80484681960922,0.0,0.0,0.0,4,8,2184616.11112,34734.983586
2024-09-01 13:00:00,schloemer,L65,68,76,39.823006127488505,0.0,0.0,0.0,4,8,2184616.11112,34734.983586
2024-09-01 13:00:00,schloemer,L66,69,70,48.61081132020562,0.0,0.0,0.0,4,8,2184616.11112,34734.983586
2024-09-01 13:00:00,schloemer,L67,69,73,46.06391097923983,0.0,0.0,0.0,4,8,2184616.11112,34734.983586
2024-09-01 13:00:00,schloemer,L68,69,74,44.526923820497615,0.0,0.0,0.0,4,8,2184616.11112,34734.983586
2024-09-01 13:00:00,schloemer,L69,70,71,52.230002379827354,0.0,0.0,0.0,4,8,2184616.11112,34734.983586
2024-09-01 13:00:00,schloemer,L70,70,72,51.234092012586,0.0,0.0,0.0,4,8,2184616.11112,34734.983586
2024-09-01 13:00:00,schloemer,L71,73,74,43.97155688028942,0.0,0.0,0.0,4,8,2184616.11112,34734.983586
2024-09-01 13:00:00,schloemer,L72,74,76,40.45869500496941,0.0,0.0,0.0,4,8,2184616.11112,34734.983586
2024-09-01 13:00:00,schloemer,L73,74,117,42.64627989556876,0.0,0.0,0.0,4,8,2184616.11112,34734.983586
2024-09-01 13:00:00,schloemer,L74,75,76,39.51003651066545,0.0,0.0,0.0,4,8,2184616.11112,34734.983586
2024-09-01 13:00:00,schloemer,L75,75,117,41.54802872672935,0.0,0.0,0.0,4,8,2184616.11112,34734.983586
2024-09-01 13:00:00,schloemer,L76,76,77,38.21421672705099,0.0,0.0,0.0,4,8,2184616.11112,34734.983586
2024-09-01 13:00:00,schloemer,L77,76,79,36.553471836011475,0.0,0.0,0.0,4,8,2184616.11112,34734.983586
2024-09-01 13:00:00,schloemer,L78,76,79,36.553471836011475,0.0,0.0,0.0,4,8,2184616.11112,34734.983586
2024-09-01 13:00:00,schloemer,L79,76,81,36.91422883987557,0.0,0.0,0.0,4,8,2184616.11112,34734.983586
2024-09-01 13:00:00,schloemer,L80,77,78,36.961215974603824,0.0,0.0,0.0,4,8,2184616.11112,34734.983586
2024-09-01 13:00:00,schloemer,L81,78,79,35.440687832678705,0.0,0.0,0.0,4,8,2184616.11112,34734.983586
2024-09-01 13:00:00,schloemer,L82,79,95,29.95854273967704,0.0,0.0,0.0,4,8,2184616.11112,34734.983586
2024-09-01 13:00:00,schloemer,L83,79,96,30.04950508265965,0.0,0.0,0.0,4,8,2184616.11112,34734.983586
2024-09-01 13:00:00,schloemer,L84,79,97,30.474764336666166,0.0,0.0,0.0,4,8,2184616.11112,34734.983586
2024-09-01 13:00:00,schloemer,L85,79,98,29.828986264565035,0.0,0.0,0.0,4,8,2184616.11112,34734.983586
2024-09-01 13:00:00,schloemer,L86,80,67,35.98944764214655,0.0,0.0,0.0,30,72,2186055.70436,34781.856812
2024-09-01 13:00:00,schloemer,L87,80,79,35.19089235922467,0.0,0.0,0.0,28,69,2185981.58126,34779.386042
2024-09-01 13:00:00,schloemer,L88,81,82,34.943164977155526,0.0,0.0,0.0,4,8,2184616.11112,34734.983586
2024-09-01 13:00:00,schloemer,L89,81,95,30.206179471733932,0.0,0.0,0.0,4,8,2184616.11112,34734.983586
2024-09-01 13:00:00,schloemer,L90,93,95,28.166641188714316,0.0,0.0,0.0,4,8,2184616.11112,34734.983586
2024-09-01 13:00:00,schloemer,L91,95,96,29.19273353078003,0.0,0.0,0.0,4,8,2184616.11112,34734.983586
2024-09-01 13:00:00,schloemer,L92,115,67,35.94769611332826,0.0,0.0,0.0,13,29,2185126.88168,34750.896056
2024-09-01 14:00:00,schloemer,L0,22,23,58.13338715259479,6.661338147750939e-16,0.0,2.6645352591003757e-15,4,8,2184616.11112,34734.983586
2024-09-01 14:00:00,schloemer,L1,23,69,51.56032841668693,0.0,0.0,0.0,4,8,2184616.11112,34734.983586
2024-09-01 14:00:00,schloemer,L2,23,71,55.7480182193912,2.220446049250313e-16,0.0,8.881784197001252e-16,4,8,2184616.11112,34734.983586
2024-09-01 14:00:00,schloemer,L3,29,37,26.575538174923143,0.0,0.0,0.0,4,8,2184616.11112,34734.983586
2024-09-01 14:00:00,schloemer,L4,32,36,25.435883495259883,0.0,0.0,0.0,4,8,2184616.11112,34734.983586
2024-09-01 14:00:00,schloemer,L5,33,36,26.499780459312447,0.0,0.0,0.0,4,8,2184616.11112,34734.983586
2024-09-01 14:00:00,schloemer,L6,33,42,27.91985337941844,0.0,0.0,0.0,4,8,2184616.11112,34734.983586
2024-09-01 14:00:00,schloemer,L7,34,36,25.17267325946566,0.0,0.0,0.0,4,8,2184616.11112,34734.983586
2024-09-01 14:00:00,schloemer,L8,36,38,26.099254437178462,0.0,0.0,0.0,4,8,2184616.11112,34734.983586
2024-09-01 14:00:00,schloemer,L9,36,39,26.88867415744038,0.0,0.0,0.0,4,8,2184616.11112,34734.983586
2024-09-01 14:00:00,schloemer,L10,37,36,26.699994840968944,0.0,0.0,0.0,20,48,2185542.33716,34764.744572
2024-09-01 14:00:00,schloemer,L11,37,64,28.95576389509576,0.0,0.0,0.0,4,8,2184616.11112,34734.983586
2024-09-01 14:00:00,schloemer,L12,38,39,26.98835459115987,0.0,0.0,0.0,4,8,2184616.11112,34734.983586
2024-09-01 14:00:00,schloemer,L13,39,40,28.432103975572364,0.0,0.0,0.0,4,8,2184616.11112,34734.983586
2024-09-01 14:00:00,schloemer,L14,39,41,29.307773397333793,0.0,0.0,0.0,4,8,2184616.11112,34734.983586
2024-09-01 14:00:00,schloemer,L15,40,41,29.971126312783017,0.0,0.0,0.0,4,8,2184616.11112,34734.983586
2024-09-01 14:00:00,schloemer,L16,41,48,37.32503462935284,0.0,0.0,0.0,4,8,2184616.11112,34734.983586
2024-09-01 14:00:00,schloemer,L17,41,48,37.32503462935284,0.0,0.0,0.0,4,8,2184616.11112,34734.983586
2024-09-01 14:00:00,schloemer,L18,42,43,30.098521174299965,0.0,0.0,0.0,4,8,2184616.11112,34734.983586
2024-09-01 14:00:00,schloemer,L19,43,44,36.938188974533986,0.0,0.0,0.0,4,8,2184616.11112,34734.983586
2024-09-01 14:00:00,schloemer,L20,44,45,40.150215818316184,0.0,0.0,0.0,4,8,2184616.11112,34734.983586
2024-09-01 14:00:00,schloemer,L21,44,48,39.356618809568644,0.0,0.0,0.0,4,8,2184616.11112,34734.983586
2024-09-01 14:00:00,schloemer,L22,45,46,41.942651537428844,0.0,0.0,0.0,4,8,2184616.11112,34734.983586
2024-09-01 14:00:00,schloemer,L23,45,47,42.46950023386449,0.0,0.0,0.0,4,8,2184616.11112,34734.983586
2024-09-01 14:00:00,schloemer,L24,46,48,41.11477687462595,0.0,0.0,0.0,4,8,2184616.11112,34734.983586
2024-09-01 14:00:00,schloemer,L25,46,68,42.155316101019814,0.0,0.0,0.0,4,8,2184616.11112,34734.983586
2024-09-01 14:00:00,schloemer,L26,47,48,41.569598743351484,0.0,0.0,0.0,4,8,2184616.11112,34734.983586
2024-09-01 14:00:00,schloemer,L27,48,49,40.8600912515442,0.0,0.0,0.0,4,8,2184616.11112,34734.983586
2024-09-01 14:00:00,schloemer,L28,48,50,41.72601996023652,0.0,0.0,0.0,4,8,2184616.11112,34734.983586
2024-09-01 14:00:00,schloemer,L29,48,53,39.980009733456484,0.0,0.0,0.0,4,8,2184616.11112,34734.983586
2024-09-01 14:00:00,schloemer,L30,48,53,39.980009733456484,0.0,0.0,0.0,4,8,2184616.11112,34734.983586
2024-09-01 14:00:00,schloemer,L31,48,65,37.87035140773008,0.0,0.0,0.0,4,8,2184616.11112,34734.983586
2024-09-01 14:00:00,schloemer,L32,48,65,37.87035140773008,0.0,0.0,0.0,4,8,2184616.11112,34734.983586
2024-09-01 14:00:00,schloemer,L33,48,68,41.34491559544763,0.0,0.0,0.0,4,8,2184616.11112,34734.983586
2024-09-01 14:00:00,schloemer,L34,49,56,41.556175371244436,0.0,0.0,0.0,4,8,2184616.11112,34734.983586
2024-09-01 14:00:00,schloemer,L35,50,51,44.17503001095575,0.0,0.0,0.0,4,8,2184616.11112,34734.983586
2024-09-01 14:00:00,schloemer,L36,50,57,43.03236015000548,0.0,0.0,0.0,4,8,2184616.11112,34734.983586
2024-09-01 14:00:00,schloemer,L37,51,52,43.51022532324987,0.0,0.0,0.0,4,8,2184616.11112,34734.983586
2024-09-01 14:00:00,schloemer,L38,52,53,40.83091726344083,0.0,0.0,0.0,4,8,2184616.11112,34734.983586
2024-09-01 14:00:00,schloemer,L39,53,54,38.85267970218705,0.0,0.0,0.0,4,8,2184616.11112,34734.983586
2024-09-01 14:00:00,schloemer,L40,53,55,39.55491451032299,0.0,0.0,0.0,4,8,2184616.11112,34734.983586
2024-09-01 14:00:00,schloemer,L41,53,58,37.99284548511407,0.0,0.0,0.0,4,8,2184616.11112,34734.983586
2024-09-01 14:00:00,schloemer,L42,54,55,38.81158715633863,0.0,0.0,0.0,4,8,2184616.11112,34734.983586
2024-09-01 14:00:00,schloemer,L43,54,58,37.316339411491136,0.0,0.0,0.0,4,8,2184616.11112,34734.983586
2024-09-01 14:00:00,schloemer,L44,55,56,40.4935735007107,0.0,0.0,0.0,4,8,2184616.11112,34734.983586
2024-09-01 14:00:00,schloemer,L45,55,57,41.05103095788976,0.0,0.0,0.0,4,8,2184616.11112,34734.983586
2024-09-01 14:00:00,schloemer,L46,55,58,37.97161556972614,0.0,0.0,0.0,4,8,2184616.11112,34734.983586
2024-09-01 14:00:00,schloemer,L47,55,58,37.97161556972614,0.0,0.0,0.0,4,8,2184616.11112,34734.983586
2024-09-01 14:00:00,schloemer,L48,58,59,35.28964476005864,0.0,0.0,0.0,4,8,2184616.11112,34734.983586
2024-09-01 14:00:00,schloemer,L49,58,60,35.33389588955453,0.0,0.0,0.0,4,8,2184616.11112,34734.983586
2024-09-01 14:00:00,schloemer,L50,59,60,30.32494383960957,0.0,0.0,0.0,4,8,2184616.11112,34734.983586
2024-09-01 14:00:00,schloemer,L51,59,61,30.332376733618162,0.0,0.0,0.0,4,8,2184616.11112,34734.983586
2024-09-01 14:00:00,schloemer,L52,60,61,30.350449995211743,0.0,0.0,0.0,4,8,2184616.11112,34734.983586
2024-09-01 14:00:00,schloemer,L53,61,65,35.01573757050539,0.0,0.0,0.0,4,8,2184616.11112,34734.983586
2024-09-01 14:00:00,schloemer,L54,61,66,30.087913449237035,0.0,0.0,0.0,4,8,2184616.11112,34734.983586
2024-09-01 14:00:00,schloemer,L55,62,58,35.78923778576349,0.0,0.0,0.0,13,30,2185148.89802,34751.629934
2024-09-01 14:00:00,schloemer,L56,62,63,34.81758112690136,0.0,0.0,0.0,4,8,2184616.11112,34734.983586
2024-09-01 14:00:00,schloemer,L57,63,60,30.521185076690134,0.0,0.0,0.0,20,47,2185512.78098,34763.759366
2024-09-01 14:00:00,schloemer,L58,63,64,34.603366216040236,0.0,0.0,0.0,4,8,2184616.11112,34734.983586
2024-09-01 14:00:00,schloemer,L59,64,65,35.20759223635546,0.0,0.0,0.0,20,48,2185545.98792,34764.866264
2024-09-01 14:00:00,schloemer,L60,64,67,35.94684267470766,0.0,0.0,0.0,38,93,2186503.81292,34796.793764
2024-09-01 14:00:00,schloemer,L61,65,66,34.69260633662459,0.0,0.0,0.0,4,8,2184616.11112,34734.983586
2024-09-01 14:00:00,schloemer,L62,67,68,39.53537899233212,0.0,0.0,0.0,28,68,2185978.45538,34779.281846
2024-09-01 14:00:00,schloemer,L63,68,69,45.119977044333304,0.0,0.0,0.0,4,8,2184616.11112,34734.983586
2024-09-01 14:00:00,schloemer,L64,68,74,43.07139173465418,0.0,0.0,0.0,4,8,2184616.11112,34734.983586
2024-09-01 14:00:00,schloemer,L65,68,76,40.93518215902342,0.0,0.0,0.0,4,8,2184616.11112,34734.983586
2024-09-01 14:00:00,schloemer,L66,69,70,50.373279818585516,0.0,0.0,0.0,4,8,2184616.11112,34734.983586
2024-09-01 14:00:00,schloemer,L67,69,73,47.63727675518467,0.0,0.0,0.0,4,8,2184616.11112,34734.983586
2024-09-01 14:00:00,schloemer,L68,69,74,45.984593476572904,0.0,0.0,0.0,4,8,2184616.11112,34734.983586
2024-09-01 14:00:00,schloemer,L69,70,71,54.23029072296282,1.1102230246251565e-16,0.0,4.440892098500626e-16,4,8,2184616.11112,34734.983586
2024-09-01 14:00:00,schloemer,L70,70,72,53.09359932664504,0.0,0.0,0.0,4,8,2184616.11112,34734.983586
2024-09-01 14:00:00,schloemer,L71,73,74,45.37503624516373,0.0,0.0,0.0,4,8,2184616.11112,34734.983586
2024-09-01 14:00:00,schloemer,L72,74,76,41.594949991508614,0.0,0.0,0.0,4,8,2184616.11112,34734.983586
2024-09-01 14:00:00,schloemer,L73,74,117,43.93517479961473,0.0,0.0,0.0,4,8,2184616.11112,34734.983586
2024-09-01 14:00:00,schloemer,L74,75,76,40.557185271310495,0.0,0.0,0.0,4,8,2184616.11112,34734.983586
2024-09-01 14:00:00,schloemer,L75,75,117,42.726627769623626,0.0,0.0,0.0,4,8,2184616.11112,34734.983586
2024-09-01 14:00:00,schloemer,L76,76,77,39.16842313762744,0.0,0.0,0.0,4,8,2184616.11112,34734.983586
2024-09-01 14:00:00,schloemer,L77,76,79,37.40978352187498,0.0,0.0,0.0,4,8,2184616.11112,34734.983586
2024-09-01 14:00:00,schloemer,L78,76,79,37.40978352187498,0.0,0.0,0.0,4,8,2184616.11112,34734.983586
2024-09-01 14:00:00,schloemer,L79,76,81,37.78303231301265,0.0,0.0,0.0,4,8,2184616.11112,34734.983586
2024-09-01 14:00:00,schloemer,L80,77,78,37.81003314345488,0.0,0.0,0.0,4,8,2184616.11112,34734.983586
2024-09-01 14:00:00,schloemer,L81,78,79,36.20832228606708,0.0,0.0,0.0,4,8,2184616.11112,34734.983586
2024-09-01 14:00:00,schloemer,L82,79,95,30.557209519956743,0.0,0.0,0.0,4,8,2184616.11112,34734.983586
2024-09-01 14:00:00,schloemer,L83,79,96,30.649946276308775,0.0,0.0,0.0,4,8,2184616.11112,34734.983586
2024-09-01 14:00:00,schloemer,L84,79,97,35.039671679507286,0.0,0.0,0.0,4,8,2184616.11112,34734.983586
2024-09-01 14:00:00,schloemer,L85,79,98,30.427557105124457,0.0,0.0,0.0,4,8,2184616.11112,34734.983586
2024-09-01 14:00:00,schloemer,L86,80,67,36.853902694275256,0.0,0.0,0.0,30,72,2186055.70436,34781.856812
2024-09-01 14:00:00,schloemer,L87,80,79,35.97794362664425,0.0,0.0,0.0,28,69,2185981.58126,34779.386042
2024-09-01 14:00:00,schloemer,L88,81,82,35.65513453907491,0.0,0.0,0.0,4,8,2184616.11112,34734.983586
2024-09-01 14:00:00,schloemer,L89,81,95,34.71610094364307,0.0,0.0,0.0,4,8,2184616.11112,34734.983586
2024-09-01 14:00:00,schloemer,L90,93,95,28.659293273064193,0.0,0.0,0.0,4,8,2184616.11112,34734.983586
2024-09-01 14:00:00,schloemer,L91,95,96,29.73918193583145,0.0,0.0,0.0,4,8,2184616.11112,34734.983586
2024-09-01 14:00:00,schloemer,L92,115,67,36.813143077743824,0.0,0.0,0.0,13,29,2185126.88168,34750.896056
2024-09-01 15:00:00,schloemer,L0,22,23,60.722666794756364,3.3306690738754696e-15,0.0,1.3322676295501878e-14,4,8,2184616.11112,34734.983586
2024-09-01 15:00:00,schloemer,L1,23,69,53.580146915648065,0.0,0.0,0.0,4,8,2184616.11112,34734.983586
2024-09-01 15:00:00,schloemer,L2,23,71,58.06895852385692,6.661338147750939e-16,0.0,2.6645352591003757e-15,4,8,2184616.11112,34734.983586
2024-09-01 15:00:00,schloemer,L3,29,37,26.999065295274352,0.0,0.0,0.0,4,8,2184616.11112,34734.983586
2024-09-01 15:00:00,schloemer,L4,32,36,25.814326750261664,0.0,0.0,0.0,4,8,2184616.11112,34734.983586
2024-09-01 15:00:00,schloemer,L5,33,36,26.927423053670505,0.0,0.0,0.0,4,8,2184616.11112,34734.983586
2024-09-01 15:00:00,schloemer,L6,33,42,28.418942338860358,0.0,0.0,0.0,4,8,2184616.11112,34734.983586
2024-09-01 15:00:00,schloemer,L7,34,36,25.53704480695033,0.0,0.0,0.0,4,8,2184616.11112,34734.983586
2024-09-01 15:00:00,schloemer,L8,36,38,26.509768298700994,0.0,0.0,0.0,4,8,2184616.11112,34734.983586
2024-09-01 15:00:00,schloemer,L9,36,39,27.337991569482952,0.0,0.0,0.0,4,8,2184616.11112,34734.983586
2024-09-01 15:00:00,schloemer,L10,37,36,27.135813919010598,0.0,0.0,0.0,20,48,2185542.33716,34764.744572
2024-09-01 15:00:00,schloemer,L11,37,64,29.507670717892942,0.0,0.0,0.0,4,8,2184616.11112,34734.983586
2024-09-01 15:00:00,schloemer,L12,38,39,27.44439848968943,0.0,0.0,0.0,4,8,2184616.11112,34734.983586
2024-09-01 15:00:00,schloemer,L13,39,40,28.964946009693385,0.0,0.0,0.0,4,8,2184616.11112,34734.983586
2024-09-01 15:00:00,schloemer,L14,39,41,29.88842932016289,0.0,0.0,0.0,4,8,2184616.11112,34734.983586
2024-09-01 15:00:00,schloemer,L15,40,41,30.591092296162763,0.0,0.0,0.0,4,8,2184616.11112,34734.983586
2024-09-01 15:00:00,schloemer,L16,41,48,38.24017837557699,0.0,0.0,0.0,4,8,2184616.11112,34734.983586
2024-09-01 15:00:00,schloemer,L17,41,48,38.24017837557699,0.0,0.0,0.0,4,8,2184616.11112,34734.983586
2024-09-01 15:00:00,schloemer,L18,42,43,34.613277029632634,0.0,0.0,0.0,4,8,2184616.11112,34734.983586
2024-09-01 15:00:00,schloemer,L19,43,44,37.827192412044376,0.0,0.0,0.0,4,8,2184616.11112,34734.983586
2024-09-01 15:00:00,schloemer,L20,44,45,41.26569989280999,0.0,0.0,0.0,4,8,2184616.11112,34734.983586
2024-09-01 15:00:00,schloemer,L21,44,48,40.4081746449914,0.0,0.0,0.0,4,8,2184616.11112,34734.983586
2024-09-01 15:00:00,schloemer,L22,45,46,43.20187384040502,0.0,0.0,0.0,4,8,2184616.11112,34734.983586
2024-09-01 15:00:00,schloemer,L23,45,47,43.75809965226992,0.0,0.0,0.0,4,8,2184616.11112,34734.983586
2024-09-01 15:00:00,schloemer,L24,46,48,42.30468577806263,0.0,0.0,0.0,4,8,2184616.11112,34734.983586
2024-09-01 15:00:00,schloemer,L25,46,68,43.43860173075335,0.0,0.0,0.0,4,8,2184616.11112,34734.983586
2024-09-01 15:00:00,schloemer,L26,47,48,42.78007351543138,0.0,0.0,0.0,4,8,2184616.11112,34734.983586
2024-09-01 15:00:00,schloemer,L27,48,49,41.997195192738054,0.0,0.0,0.0,4,8,2184616.11112,34734.983586
2024-09-01 15:00:00,schloemer,L28,48,50,42.920186948891406,0.0,0.0,0.0,4,8,2184616.11112,34734.983586
2024-09-01 15:00:00,schloemer,L29,48,53,41.03480276046329,0.0,0.0,0.0,4,8,2184616.11112,34734.983586
2024-09-01 15:00:00,schloemer,L30,48,53,41.03480276046329,0.0,0.0,0.0,4,8,2184616.11112,34734.983586
2024-09-01 15:00:00,schloemer,L31,48,65,38.80218015500125,0.0,0.0,0.0,4,8,2184616.11112,34734.983586
2024-09-01 15:00:00,schloemer,L32,48,65,38.80218015500125,0.0,0.0,0.0,4,8,2184616.11112,34734.983586
2024-09-01 15:00:00,schloemer,L33,48,68,42.56216529152457,0.0,0.0,0.0,4,8,2184616.11112,34734.983586
2024-09-01 15:00:00,schloemer,L34,49,56,42.690304030263185,0.0,0.0,0.0,4,8,2184616.11112,34734.983586
2024-09-01 15:00:00,schloemer,L35,50,51,45.475170148128825,0.0,0.0,0.0,4,8,2184616.11112,34734.983586
2024-09-01 15:00:00,schloemer,L36,50,57,44.248078539303634,0.0,0.0,0.0,4,8,2184616.11112,34734.983586
2024-09-01 15:00:00,schloemer,L37,51,52,44.69882272174256,0.0,0.0,0.0,4,8,2184616.11112,34734.983586
2024-09-01 15:00:00,schloemer,L38,52,53,41.86076383698438,0.0,0.0,0.0,4,8,2184616.11112,34734.983586
2024-09-01 15:00:00,schloemer,L39,53,54,39.75436466098462,0.0,0.0,0.0,4,8,2184616.11112,34734.983586
2024-09-01 15:00:00,schloemer,L40,53,55,40.50866497645301,0.0,0.0,0.0,4,8,2184616.11112,34734.983586
2024-09-01 15:00:00,schloemer,L41,53,58,38.850498914766455,0.0,0.0,0.0,4,8,2184616.11112,34734.983586
2024-09-01 15:00:00,schloemer,L42,54,55,39.688185547691525,0.0,0.0,0.0,4,8,2184616.11112,34734.983586
2024-09-01 15:00:00,schloemer,L43,54,58,38.10704130233415,0.0,0.0,0.0,4,8,2184616.11112,34734.983586
2024-09-01 15:00:00,schloemer,L44,55,56,41.502845503595715,0.0,0.0,0.0,4,8,2184616.11112,34734.983586
2024-09-01 15:00:00,schloemer,L45,55,57,42.08363962076333,0.0,0.0,0.0,4,8,2184616.11112,34734.983586
2024-09-01 15:00:00,schloemer,L46,55,58,38.807807802617326,0.0,0.0,0.0,4,8,2184616.11112,34734.983586
2024-09-01 15:00:00,schloemer,L47,55,58,38.807807802617326,0.0,0.0,0.0,4,8,2184616.11112,34734.983586
2024-09-01 15:00:00,schloemer,L48,58,59,35.971261558460924,0.0,0.0,0.0,4,8,2184616.11112,34734.983586
2024-09-01 15:00:00,schloemer,L49,58,60,36.028621598265886,0.0,0.0,0.0,4,8,2184616.11112,34734.983586
2024-09-01 15:00:00,schloemer,L50,59,60,34.797562591471596,0.0,0.0,0.0,4,8,2184616.11112,34734.983586
2024-09-01 15:00:00,schloemer,L51,59,61,34.81614516580083,0.0,0.0,0.0,4,8,2184616.11112,34734.983586
2024-09-01 15:00:00,schloemer,L52,60,61,34.84638221993504,0.0,0.0,0.0,4,8,2184616.11112,34734.983586
2024-09-01 15:00:00,schloemer,L53,61,65,35.7384583266436,0.0,0.0,0.0,4,8,2184616.11112,34734.983586
2024-09-01 15:00:00,schloemer,L54,61,66,30.664392918473485,0.0,0.0,0.0,4,8,2184616.11112,34734.983586
2024-09-01 15:00:00,schloemer,L55,62,58,36.510992814867286,0.0,0.0,0.0,13,30,2185148.89802,34751.629934
2024-09-01 15:00:00,schloemer,L56,62,63,35.5129156030236,0.0,0.0,0.0,4,8,2184616.11112,34734.983586
2024-09-01 15:00:00,schloemer,L57,63,60,35.05995264975168,0.0,0.0,0.0,20,47,2185512.78098,34763.759366
2024-09-01 15:00:00,schloemer,L58,63,64,35.32473617686935,0.0,0.0,0.0,4,8,2184616.11112,34734.983586
2024-09-01 15:00:00,schloemer,L59,64,65,35.97177917931427,0.0,0.0,0.0,20,48,2185545.98792,34764.866264
2024-09-01 15:00:00,schloemer,L60,64,67,36.78075479132977,0.0,0.0,0.0,38,93,2186503.81292,34796.793764
2024-09-01 15:00:00,schloemer,L61,65,66,35.404186994285865,0.0,0.0,0.0,4,8,2184616.11112,34734.983586
2024-09-01 15:00:00,schloemer,L62,67,68,40.6185910791305,0.0,0.0,0.0,28,68,2185978.45538,34779.281846
2024-09-01 15:00:00,schloemer,L63,68,69,46.625637828219354,0.0,0.0,0.0,4,8,2184616.11112,34734.983586
2024-09-01 15:00:00,schloemer,L64,68,74,44.408171022470405,0.0,0.0,0.0,4,8,2184616.11112,34734.983586
2024-09-01 15:00:00,schloemer,L65,68,76,42.098799826183615,0.0,0.0,0.0,4,8,2184616.11112,34734.983586
2024-09-01 15:00:00,schloemer,L66,69,70,52.256741430266224,0.0,0.0,0.0,4,8,2184616.11112,34734.983586
2024-09-01 15:00:00,schloemer,L67,69,73,49.31282384873598,0.0,0.0,0.0,4,8,2184616.11112,34734.983586
2024-09-01 15:00:00,schloemer,L68,69,74,47.53185654727911,0.0,0.0,0.0,4,8,2184616.11112,34734.983586
2024-09-01 15:00:00,schloemer,L69,70,71,56.36415955098836,2.220446049250313e-16,0.0,8.881784197001252e-16,4,8,2184616.11112,34734.983586
2024-09-01 15:00:00,schloemer,L70,70,72,55.05921808630224,1.1102230246251565e-16,0.0,4.440892098500626e-16,4,8,2184616.11112,34734.983586
2024-09-01 15:00:00,schloemer,L71,73,74,46.85986006277423,0.0,0.0,0.0,4,8,2184616.11112,34734.983586
2024-09-01 15:00:00,schloemer,L72,74,76,42.78198525817896,0.0,0.0,0.0,4,8,2184616.11112,34734.983586
2024-09-01 15:00:00,schloemer,L73,74,117,45.290163276469684,0.0,0.0,0.0,4,8,2184616.11112,34734.983586
2024-09-01 15:00:00,schloemer,L74,75,76,41.642610411477264,0.0,0.0,0.0,4,8,2184616.11112,34734.983586
2024-09-01 15:00:00,schloemer,L75,75,117,43.954824930366804,0.0,0.0,0.0,4,8,2184616.11112,34734.983586
2024-09-01 15:00:00,schloemer,L76,76,77,40.15121434944647,0.0,0.0,0.0,4,8,2184616.11112,34734.983586
2024-09-01 15:00:00,schloemer,L77,76,79,38.28708721528324,0.0,0.0,0.0,4,8,2184616.11112,34734.983586
2024-09-01 15:00:00,schloemer,L78,76,79,38.28708721528324,0.0,0.0,0.0,4,8,2184616.11112,34734.983586
2024-09-01 15:00:00,schloemer,L79,76,81,38.67253087391424,0.0,0.0,0.0,4,8,2184616.11112,34734.983586
2024-09-01 15:00:00,schloemer,L80,77,78,38.67471311185091,0.0,0.0,0.0,4,8,2184616.11112,34734.983586
2024-09-01 15:00:00,schloemer,L81,78,79,36.986790187667616,0.0,0.0,0.0,4,8,2184616.11112,34734.983586
2024-09-01 15:00:00,schloemer,L82,79,95,35.10950906758198,0.0,0.0,0.0,4,8,2184616.11112,34734.983586
2024-09-01 15:00:00,schloemer,L83,79,96,35.21567797346551,0.0,0.0,0.0,4,8,2184616.11112,34734.983586
2024-09-01 15:00:00,schloemer,L84,79,97,35.74719376000414,0.0,0.0,0.0,4,8,2184616.11112,34734.983586
2024-09-01 15:00:00,schloemer,L85,79,98,34.96431146447332,0.0,0.0,0.0,4,8,2184616.11112,34734.983586
2024-09-01 15:00:00,schloemer,L86,80,67,37.74602434365168,0.0,0.0,0.0,30,72,2186055.70436,34781.856812
2024-09-01 15:00:00,schloemer,L87,80,79,36.78192326213019,0.0,0.0,0.0,28,69,2185981.58126,34779.386042
2024-09-01 15:00:00,schloemer,L88,81,82,36.3703075615497,0.0,0.0,0.0,4,8,2184616.11112,34734.983586
2024-09-01 15:00:00,schloemer,L89,81,95,35.400673500358565,0.0,0.0,0.0,4,8,2184616.11112,34734.983586
2024-09-01 15:00:00,schloemer,L90,93,95,29.14739781437887,0.0,0.0,0.0,4,8,2184616.11112,34734.983586
2024-09-01 15:00:00,schloemer,L91,95,96,30.2845372648092,0.0,0.0,0.0,4,8,2184616.11112,34734.983586
2024-09-01 15:00:00,schloemer,L92,115,67,37.706863730013374,0.0,0.0,0.0,13,29,2185126.88168,34750.896056
2024-09-01 16:00:00,schloemer,L0,22,23,63.54041531339434,1.9206858326015208e-14,0.0,7.682743330406083e-14,4,8,2184616.11112,34734.983586
2024-09-01 16:00:00,schloemer,L1,23,69,55.766024474358794,2.220446049250313e-16,0.0,8.881784197001252e-16,4,8,2184616.11112,34734.983586
2024-09-01 16:00:00,schloemer,L2,23,71,60.57452358902625,2.9976021664879227e-15,0.0,1.199040866595169e-14,4,8,2184616.11112,34734.983586
2024-09-01 16:00:00,schloemer,L3,29,37,27.419829264157027,0.0,0.0,0.0,4,8,2184616.11112,34734.983586
2024-09-01 16:00:00,schloemer,L4,32,36,26.188070691237684,0.0,0.0,0.0,4,8,2184616.11112,34734.983586
2024-09-01 16:00:00,schloemer,L5,33,36,27.35340385200904,0.0,0.0,0.0,4,8,2184616.11112,34734.983586
2024-09-01 16:00:00,schloemer,L6,33,42,28.921385639081734,0.0,0.0,0.0,4,8,2184616.11112,34734.983586
2024-09-01 16:00:00,schloemer,L7,34,36,25.89565883623056,0.0,0.0,0.0,4,8,2184616.11112,34734.983586
2024-09-01 16:00:00,schloemer,L8,36,38,26.917715556919777,0.0,0.0,0.0,4,8,2184616.11112,34734.983586
2024-09-01 16:00:00,schloemer,L9,36,39,27.787393617955818,0.0,0.0,0.0,4,8,2184616.11112,34734.983586
2024-09-01 16:00:00,schloemer,L10,37,36,27.57034909545647,0.0,0.0,0.0,20,48,2185542.33716,34764.744572
2024-09-01 16:00:00,schloemer,L11,37,64,30.06667038429525,0.0,0.0,0.0,4,8,2184616.11112,34734.983586
2024-09-01 16:00:00,schloemer,L12,38,39,27.90118306556019,0.0,0.0,0.0,4,8,2184616.11112,34734.983586
2024-09-01 16:00:00,schloemer,L13,39,40,29.504449101240702,0.0,0.0,0.0,4,8,2184616.11112,34734.983586
2024-09-01 16:00:00,schloemer,L14,39,41,30.47956808597582,0.0,0.0,0.0,4,8,2184616.11112,34734.983586
2024-09-01 16:00:00,schloemer,L15,40,41,35.1831514140563,0.0,0.0,0.0,4,8,2184616.11112,34734.983586
2024-09-01 16:00:00,schloemer,L16,41,48,39.19104357470184,0.0,0.0,0.0,4,8,2184616.11112,34734.983586
2024-09-01 16:00:00,schloemer,L17,41,48,39.19104357470184,0.0,0.0,0.0,4,8,2184616.11112,34734.983586
2024-09-01 16:00:00,schloemer,L18,42,43,35.327685229805866,0.0,0.0,0.0,4,8,2184616.11112,34734.983586
2024-09-01 16:00:00,schloemer,L19,43,44,38.74918489279287,0.0,0.0,0.0,4,8,2184616.11112,34734.983586
2024-09-01 16:00:00,schloemer,L20,44,45,42.4391592362734,0.0,0.0,0.0,4,8,2184616.11112,34734.983586
2024-09-01 16:00:00,schloemer,L21,44,48,41.5095333123395,0.0,0.0,0.0,4,8,2184616.11112,34734.983586
2024-09-01 16:00:00,schloemer,L22,45,46,44.537571421380264,0.0,0.0,0.0,4,8,2184616.11112,34734.983586
2024-09-01 16:00:00,schloemer,L23,45,47,45.12503631551083,0.0,0.0,0.0,4,8,2184616.11112,34734.983586
2024-09-01 16:00:00,schloemer,L24,46,48,43.5617176530089,0.0,0.0,0.0,4,8,2184616.11112,34734.983586
2024-09-01 16:00:00,schloemer,L25,46,68,44.80246100075515,0.0,0.0,0.0,4,8,2184616.11112,34734.983586
2024-09-01 16:00:00,schloemer,L26,47,48,44.05804739191418,0.0,0.0,0.0,4,8,2184616.11112,34734.983586
2024-09-01 16:00:00,schloemer,L27,48,49,43.190264486070575,0.0,0.0,0.0,4,8,2184616.11112,34734.983586
2024-09-01 16:00:00,schloemer,L28,48,50,44.17566512373079,0.0,0.0,0.0,4,8,2184616.11112,34734.983586
2024-09-01 16:00:00,schloemer,L29,48,53,42.133868735463075,0.0,0.0,0.0,4,8,2184616.11112,34734.983586
2024-09-01 16:00:00,schloemer,L30,48,53,42.133868735463075,0.0,0.0,0.0,4,8,2184616.11112,34734.983586
2024-09-01 16:00:00,schloemer,L31,48,65,39.768785449316574,0.0,0.0,0.0,4,8,2184616.11112,34734.983586
2024-09-01 16:00:00,schloemer,L32,48,65,39.768785449316574,0.0,0.0,0.0,4,8,2184616.11112,34734.983586
2024-09-01 16:00:00,schloemer,L33,48,68,43.85130235372509,0.0,0.0,0.0,4,8,2184616.11112,34734.983586
2024-09-01 16:00:00,schloemer,L34,49,56,43.87192711479608,0.0,0.0,0.0,4,8,2184616.11112,34734.983586
2024-09-01 16:00:00,schloemer,L35,50,51,46.83546439923251,0.0,0.0,0.0,4,8,2184616.11112,34734.983586
2024-09-01 16:00:00,schloemer,L36,50,57,45.51545482885035,0.0,0.0,0.0,4,8,2184616.11112,34734.983586
2024-09-01 16:00:00,schloemer,L37,51,52,45.926272850384635,0.0,0.0,0.0,4,8,2184616.11112,34734.983586
2024-09-01 16:00:00,schloemer,L38,52,53,42.91994763918298,0.0,0.0,0.0,4,8,2184616.11112,34734.983586
2024-09-01 16:00:00,schloemer,L39,53,54,40.674852555021126,0.0,0.0,0.0,4,8,2184616.11112,34734.983586
2024-09-01 16:00:00,schloemer,L40,53,55,41.4865280439532,0.0,0.0,0.0,4,8,2184616.11112,34734.983586
2024-09-01 16:00:00,schloemer,L41,53,58,39.724848468286645,0.0,0.0,0.0,4,8,2184616.11112,34734.983586
2024-09-01 16:00:00,schloemer,L42,54,55,40.57835456984366,0.0,0.0,0.0,4,8,2184616.11112,34734.983586
2024-09-01 16:00:00,schloemer,L43,54,58,38.905743309945265,0.0,0.0,0.0,4,8,2184616.11112,34734.983586
2024-09-01 16:00:00,schloemer,L44,55,56,42.53999504779694,0.0,0.0,0.0,4,8,2184616.11112,34734.983586
2024-09-01 16:00:00,schloemer,L45,55,57,43.143952063917574,0.0,0.0,0.0,4,8,2184616.11112,34734.983586
2024-09-01 16:00:00,schloemer,L46,55,58,39.65617674379173,0.0,0.0,0.0,4,8,2184616.11112,34734.983586
2024-09-01 16:00:00,schloemer,L47,55,58,39.65617674379173,0.0,0.0,0.0,4,8,2184616.11112,34734.983586
2024-09-01 16:00:00,schloemer,L48,58,59,36.65438875601206,0.0,0.0,0.0,4,8,2184616.11112,34734.983586
2024-09-01 16:00:00,schloemer,L49,58,60,36.72713699312056,0.0,0.0,0.0,4,8,2184616.11112,34734.983586
2024-09-01 16:00:00,schloemer,L50,59,60,35.425297263757834,0.0,0.0,0.0,4,8,2184616.11112,34734.983586
2024-09-01 16:00:00,schloemer,L51,59,61,35.45598819864972,0.0,0.0,0.0,4,8,2184616.11112,34734.983586
2024-09-01 16:00:00,schloemer,L52,60,61,35.497872818062724,0.0,0.0,0.0,4,8,2184616.11112,34734.983586
2024-09-01 16:00:00,schloemer,L53,61,65,36.47301737584865,0.0,0.0,0.0,4,8,2184616.11112,34734.983586
2024-09-01 16:00:00,schloemer,L54,61,66,35.20597865713155,0.0,0.0,0.0,4,8,2184616.11112,34734.983586
2024-09-01 16:00:00,schloemer,L55,62,58,37.238584563186365,0.0,0.0,0.0,13,30,2185148.89802,34751.629934
2024-09-01 16:00:00,schloemer,L56,62,63,36.21593315460973,0.0,0.0,0.0,4,8,2184616.11112,34734.983586
2024-09-01 16:00:00,schloemer,L57,63,60,35.735468365585696,0.0,0.0,0.0,20,47,2185512.78098,34763.759366
2024-09-01 16:00:00,schloemer,L58,63,64,36.0606922424514,0.0,0.0,0.0,4,8,2184616.11112,34734.983586
2024-09-01 16:00:00,schloemer,L59,64,65,36.75510866491781,0.0,0.0,0.0,20,48,2185545.98792,34764.866264
2024-09-01 16:00:00,schloemer,L60,64,67,37.64332099167226,0.0,0.0,0.0,38,93,2186503.81292,34796.793764
2024-09-01 16:00:00,schloemer,L61,65,66,36.12767545633256,0.0,0.0,0.0,4,8,2184616.11112,34734.983586
2024-09-01 16:00:00,schloemer,L62,67,68,41.757737722528624,0.0,0.0,0.0,28,68,2185978.45538,34779.281846
2024-09-01 16:00:00,schloemer,L63,68,69,48.237718225782686,0.0,0.0,0.0,4,8,2184616.11112,34734.983586
2024-09-01 16:00:00,schloemer,L64,68,74,45.8291393085371,0.0,0.0,0.0,4,8,2184616.11112,34734.983586
2024-09-01 16:00:00,schloemer,L65,68,76,43.324220073173166,0.0,0.0,0.0,4,8,2184616.11112,34734.983586
2024-09-01 16:00:00,schloemer,L66,69,70,54.28188034087266,1.1102230246251565e-16,0.0,4.440892098500626e-16,4,8,2184616.11112,34734.983586
2024-09-01 16:00:00,schloemer,L67,69,73,51.10922501431461,0.0,0.0,0.0,4,8,2184616.11112,34734.983586
2024-09-01 16:00:00,schloemer,L68,69,74,49.185496765809816,0.0,0.0,0.0,4,8,2184616.11112,34734.983586
2024-09-01 16:00:00,schloemer,L69,70,71,58.64896136147014,9.992007221626409e-16,0.0,3.9968028886505635e-15,4,8,2184616.11112,34734.983586
2024-09-01 16:00:00,schloemer,L70,70,72,57.14165184153015,3.3306690738754696e-16,0.0,1.3322676295501878e-15,4,8,2184616.11112,34734.983586
2024-09-01 16:00:00,schloemer,L71,73,74,48.44096694507585,0.0,0.0,0.0,4,8,2184616.11112,34734.983586
2024-09-01 16:00:00,schloemer,L72,74,76,44.02948588989983,0.0,0.0,0.0,4,8,2184616.11112,34734.983586
2024-09-01 16:00:00,schloemer,L73,74,117,46.72317110580239,0.0,0.0,0.0,4,8,2184616.11112,34734.983586
2024-09-01 16:00:00,schloemer,L74,75,76,42.77347454309103,0.0,0.0,0.0,4,8,2184616.11112,34734.983586
2024-09-01 16:00:00,schloemer,L75,75,117,45.24106739521125,0.0,0.0,0.0,4,8,2184616.11112,34734.983586
2024-09-01 16:00:00,schloemer,L76,76,77,41.168244885879496,0.0,0.0,0.0,4,8,2184616.11112,34734.983586
2024-09-01 16:00:00,schloemer,L77,76,79,39.19019344642074,0.0,0.0,0.0,4,8,2184616.11112,34734.983586
2024-09-01 16:00:00,schloemer,L78,76,79,39.19019344642074,0.0,0.0,0.0,4,8,2184616.11112,34734.983586
2024-09-01 16:00:00,schloemer,L79,76,81,39.58728739371552,0.0,0.0,0.0,4,8,2184616.11112,34734.983586
2024-09-01 16:00:00,schloemer,L80,77,78,39.55873350303913,0.0,0.0,0.0,4,8,2184616.11112,34734.983586
2024-09-01 16:00:00,schloemer,L81,78,79,37.77921412340607,0.0,0.0,0.0,4,8,2184616.11112,34734.983586
2024-09-01 16:00:00,schloemer,L82,79,95,35.79509800678752,0.0,0.0,0.0,4,8,2184616.11112,34734.983586
2024-09-01 16:00:00,schloemer,L83,79,96,35.90252509996609,0.0,0.0,0.0,4,8,2184616.11112,34734.983586
2024-09-01 16:00:00,schloemer,L84,79,97,36.462828025687195,0.0,0.0,0.0,4,8,2184616.11112,34734.983586
2024-09-01 16:00:00,schloemer,L85,79,98,35.65202894099696,0.0,0.0,0.0,4,8,2184616.11112,34734.983586
2024-09-01 16:00:00,schloemer,L86,80,67,38.67243967571851,0.0,0.0,0.0,30,72,2186055.70436,34781.856812
2024-09-01 16:00:00,schloemer,L87,80,79,37.607352517106975,0.0,0.0,0.0,28,69,2185981.58126,34779.386042
2024-09-01 16:00:00,schloemer,L88,81,82,37.09049152438586,0.0,0.0,0.0,4,8,2184616.11112,34734.983586
2024-09-01 16:00:00,schloemer,L89,81,95,36.09106491926488,0.0,0.0,0.0,4,8,2184616.11112,34734.983586
2024-09-01 16:00:00,schloemer,L90,93,95,29.632103520570062,0.0,0.0,0.0,4,8,2184616.11112,34734.983586
2024-09-01 16:00:00,schloemer,L91,95,96,34.73834943660303,0.0,0.0,0.0,4,8,2184616.11112,34734.983586
2024-09-01 16:00:00,schloemer,L92,115,67,38.63565066857088,0.0,0.0,0.0,13,29,2185126.88168,34750.896056
2024-09-01 17:00:00,schloemer,L0,22,23,66.6218111739686,1.3555823130673161e-13,2.220446049250313e-15,5.59996493620929e-13,4,8,2184616.11112,34734.983586
2024-09-01 17:00:00,schloemer,L1,23,69,58.14970505550764,6.661338147750939e-16,0.0,2.6645352591003757e-15,4,8,2184616.11112,34734.983586
2024-09-01 17:00:00,schloemer,L2,23,71,63.291466965580156,1.6431300764452317e-14,0.0,6.572520305780927e-14,4,8,2184616.11112,34734.983586
2024-09-01 17:00:00,schloemer,L3,29,37,27.84052168894196,0.0,0.0,0.0,4,8,2184616.11112,34734.983586
2024-09-01 17:00:00,schloemer,L4,32,36,26.55960578235951,0.0,0.0,0.0,4,8,2184616.11112,34734.983586
2024-09-01 17:00:00,schloemer,L5,33,36,27.780621021712125,0.0,0.0,0.0,4,8,2184616.11112,34734.983586
2024-09-01 17:00:00,schloemer,L6,33,42,29.430784353551488,0.0,0.0,0.0,4,8,2184616.11112,34734.983586
2024-09-01 17:00:00,schloemer,L7,34,36,26.25085271354326,0.0,0.0,0.0,4,8,2184616.11112,34734.983586
2024-09-01 17:00:00,schloemer,L8,36,38,27.3258843369471,0.0,0.0,0.0,4,8,2184616.11112,34734.983586
2024-09-01 17:00:00,schloemer,L9,36,39,28.240041090854866,0.0,0.0,0.0,4,8,2184616.11112,34734.983586
2024-09-01 17:00:00,schloemer,L10,37,36,28.006538646980964,0.0,0.0,0.0,20,48,2185542.33716,34764.744572
2024-09-01 17:00:00,schloemer,L11,37,64,30.636875727322792,0.0,0.0,0.0,4,8,2184616.11112,34734.983586
2024-09-01 17:00:00,schloemer,L12,38,39,28.36197577046163,0.0,0.0,0.0,4,8,2184616.11112,34734.983586
2024-09-01 17:00:00,schloemer,L13,39,40,30.054762805926362,0.0,0.0,0.0,4,8,2184616.11112,34734.983586
2024-09-01 17:00:00,schloemer,L14,39,41,35.02638308741129,0.0,0.0,0.0,4,8,2184616.11112,34734.983586
2024-09-01 17:00:00,schloemer,L15,40,41,35.91918674068658,0.0,0.0,0.0,4,8,2184616.11112,34734.983586
2024-09-01 17:00:00,schloemer,L16,41,48,40.18681139487657,0.0,0.0,0.0,4,8,2184616.11112,34734.983586
2024-09-01 17:00:00,schloemer,L17,41,48,40.18681139487657,0.0,0.0,0.0,4,8,2184616.11112,34734.983586
2024-09-01 17:00:00,schloemer,L18,42,43,36.062788797307775,0.0,0.0,0.0,4,8,2184616.11112,34734.983586
2024-09-01 17:00:00,schloemer,L19,43,44,39.712869087615594,0.0,0.0,0.0,4,8,2184616.11112,34734.983586
2024-09-01 17:00:00,schloemer,L20,44,45,43.68384803871518,0.0,0.0,0.0,4,8,2184616.11112,34734.983586
2024-09-01 17:00:00,schloemer,L21,44,48,42.67228910474466,0.0,0.0,0.0,4,8,2184616.11112,34734.983586
2024-09-01 17:00:00,schloemer,L22,45,46,45.96681477521295,0.0,0.0,0.0,4,8,2184616.11112,34734.983586
2024-09-01 17:00:00,schloemer,L23,45,47,46.58741361370514,0.0,0.0,0.0,4,8,2184616.11112,34734.983586
2024-09-01 17:00:00,schloemer,L24,46,48,44.90093881214742,0.0,0.0,0.0,4,8,2184616.11112,34734.983586
2024-09-01 17:00:00,schloemer,L25,46,68,46.26499801802157,0.0,0.0,0.0,4,8,2184616.11112,34734.983586
2024-09-01 17:00:00,schloemer,L26,47,48,45.418283142721975,0.0,0.0,0.0,4,8,2184616.11112,34734.983586
2024-09-01 17:00:00,schloemer,L27,48,49,44.451412894447394,0.0,0.0,0.0,4,8,2184616.11112,34734.983586
2024-09-01 17:00:00,schloemer,L28,48,50,45.50529555886408,0.0,0.0,0.0,4,8,2184616.11112,34734.983586
2024-09-01 17:00:00,schloemer,L29,48,53,43.28687497489025,0.0,0.0,0.0,4,8,2184616.11112,34734.983586
2024-09-01 17:00:00,schloemer,L30,48,53,43.28687497489025,0.0,0.0,0.0,4,8,2184616.11112,34734.983586
2024-09-01 17:00:00,schloemer,L31,48,65,40.77880570725152,0.0,0.0,0.0,4,8,2184616.11112,34734.983586
2024-09-01 17:00:00,schloemer,L32,48,65,40.77880570725152,0.0,0.0,0.0,4,8,2184616.11112,34734.983586
2024-09-01 17:00:00,schloemer,L33,48,68,45.22858833437329,0.0,0.0,0.0,4,8,2184616.11112,34734.983586
2024-09-01 17:00:00,schloemer,L34,49,56,45.110265474529285,0.0,0.0,0.0,4,8,2184616.11112,34734.983586
2024-09-01 17:00:00,schloemer,L35,50,51,48.265866019127934,0.0,0.0,0.0,4,8,2184616.11112,34734.983586
2024-09-01 17:00:00,schloemer,L36,50,57,46.843393298579414,0.0,0.0,0.0,4,8,2184616.11112,34734.983586
2024-09-01 17:00:00,schloemer,L37,51,52,47.197676578308474,0.0,0.0,0.0,4,8,2184616.11112,34734.983586
2024-09-01 17:00:00,schloemer,L38,52,53,44.01375123066542,0.0,0.0,0.0,4,8,2184616.11112,34734.983586
2024-09-01 17:00:00,schloemer,L39,53,54,41.61842220245963,0.0,0.0,0.0,4,8,2184616.11112,34734.983586
2024-09-01 17:00:00,schloemer,L40,53,55,42.49351722771957,0.0,0.0,0.0,4,8,2184616.11112,34734.983586
2024-09-01 17:00:00,schloemer,L41,53,58,40.6202259357652,0.0,0.0,0.0,4,8,2184616.11112,34734.983586
2024-09-01 17:00:00,schloemer,L42,54,55,41.48526247422997,0.0,0.0,0.0,4,8,2184616.11112,34734.983586
2024-09-01 17:00:00,schloemer,L43,54,58,39.7153118258106,0.0,0.0,0.0,4,8,2184616.11112,34734.983586
2024-09-01 17:00:00,schloemer,L44,55,56,43.610225299387665,0.0,0.0,0.0,4,8,2184616.11112,34734.983586
2024-09-01 17:00:00,schloemer,L45,55,57,44.23668684260392,0.0,0.0,0.0,4,8,2184616.11112,34734.983586
2024-09-01 17:00:00,schloemer,L46,55,58,40.520096710812155,0.0,0.0,0.0,4,8,2184616.11112,34734.983586
2024-09-01 17:00:00,schloemer,L47,55,58,40.520096710812155,0.0,0.0,0.0,4,8,2184616.11112,34734.983586
2024-09-01 17:00:00,schloemer,L48,58,59,37.341537155885824,0.0,0.0,0.0,4,8,2184616.11112,34734.983586
2024-09-01 17:00:00,schloemer,L49,58,60,37.43237330875172,0.0,0.0,0.0,4,8,2184616.11112,34734.983586
2024-09-01 17:00:00,schloemer,L50,59,60,36.05462299569521,0.0,0.0,0.0,4,8,2184616.11112,34734.983586
2024-09-01 17:00:00,schloemer,L51,59,61,36.09967437546545,0.0,0.0,0.0,4,8,2184616.11112,34734.983586
2024-09-01 17:00:00,schloemer,L52,60,61,36.15531230788577,0.0,0.0,0.0,4,8,2184616.11112,34734.983586
2024-09-01 17:00:00,schloemer,L53,61,65,37.22410049846018,0.0,0.0,0.0,4,8,2184616.11112,34734.983586
2024-09-01 17:00:00,schloemer,L54,61,66,35.869197720323044,0.0,0.0,0.0,4,8,2184616.11112,34734.983586
2024-09-01 17:00:00,schloemer,L55,62,58,37.975161280265894,0.0,0.0,0.0,13,30,2185148.89802,34751.629934
2024-09-01 17:00:00,schloemer,L56,62,63,36.93053361658542,0.0,0.0,0.0,4,8,2184616.11112,34734.983586
2024-09-01 17:00:00,schloemer,L57,63,60,36.420253875492286,0.0,0.0,0.0,20,47,2185512.78098,34763.759366
2024-09-01 17:00:00,schloemer,L58,63,64,36.81665880419644,0.0,0.0,0.0,4,8,2184616.11112,34734.983586
2024-09-01 17:00:00,schloemer,L59,64,65,37.56378585657393,0.0,0.0,0.0,20,48,2185545.98792,34764.866264
2024-09-01 17:00:00,schloemer,L60,64,67,38.54265761192945,0.0,0.0,0.0,38,93,2186503.81292,34796.793764
2024-09-01 17:00:00,schloemer,L61,65,66,36.86789108299229,0.0,0.0,0.0,4,8,2184616.11112,34734.983586
2024-09-01 17:00:00,schloemer,L62,67,68,42.96596621493681,0.0,0.0,0.0,28,68,2185978.45538,34779.281846
2024-09-01 17:00:00,schloemer,L63,68,69,49.97903341629692,0.0,0.0,0.0,4,8,2184616.11112,34734.983586
2024-09-01 17:00:00,schloemer,L64,68,74,47.35253477377072,0.0,0.0,0.0,4,8,2184616.11112,34734.983586
2024-09-01 17:00:00,schloemer,L65,68,76,44.625120137505455,0.0,0.0,0.0,4,8,2184616.11112,34734.983586
2024-09-01 17:00:00,schloemer,L66,69,70,56.47432993676499,2.220446049250313e-16,0.0,8.881784197001252e-16,4,8,2184616.11112,34734.983586
2024-09-01 17:00:00,schloemer,L67,69,73,53.0502252717608,0.0,0.0,0.0,4,8,2184616.11112,34734.983586
2024-09-01 17:00:00,schloemer,L68,69,74,50.96707154703644,0.0,0.0,0.0,4,8,2184616.11112,34734.983586
2024-09-01 17:00:00,schloemer,L69,70,71,61.10389721314841,4.218847493575595e-15,0.0,1.687538997430238e-14,4,8,2184616.11112,34734.983586
2024-09-01 17:00:00,schloemer,L70,70,72,59.3517449063944,1.4432899320127035e-15,0.0,5.773159728050814e-15,4,8,2184616.11112,34734.983586
2024-09-01 17:00:00,schloemer,L71,73,74,50.13752159027935,0.0,0.0,0.0,4,8,2184616.11112,34734.983586
2024-09-01 17:00:00,schloemer,L72,74,76,45.35015899893851,0.0,0.0,0.0,4,8,2184616.11112,34734.983586
2024-09-01 17:00:00,schloemer,L73,74,117,48.24956018669404,0.0,0.0,0.0,4,8,2184616.11112,34734.983586
2024-09-01 17:00:00,schloemer,L74,75,76,43.95928728223419,0.0,0.0,0.0,4,8,2184616.11112,34734.983586
2024-09-01 17:00:00,schloemer,L75,75,117,46.596289201846645,0.0,0.0,0.0,4,8,2184616.11112,34734.983586
2024-09-01 17:00:00,schloemer,L76,76,77,42.22719564087072,0.0,0.0,0.0,4,8,2184616.11112,34734.983586
2024-09-01 17:00:00,schloemer,L77,76,79,40.125812533207416,0.0,0.0,0.0,4,8,2184616.11112,34734.983586
2024-09-01 17:00:00,schloemer,L78,76,79,40.125812533207416,0.0,0.0,0.0,4,8,2184616.11112,34734.983586
2024-09-01 17:00:00,schloemer,L79,76,81,40.53367891756234,0.0,0.0,0.0,4,8,2184616.11112,34734.983586
2024-09-01 17:00:00,schloemer,L80,77,78,40.46710380783168,0.0,0.0,0.0,4,8,2184616.11112,34734.983586
2024-09-01 17:00:00,schloemer,L81,78,79,38.59023130438567,0.0,0.0,0.0,4,8,2184616.11112,34734.983586
2024-09-01 17:00:00,schloemer,L82,79,95,36.49126684975665,0.0,0.0,0.0,4,8,2184616.11112,34734.983586
2024-09-01 17:00:00,schloemer,L83,79,96,36.59941348104598,0.0,0.0,0.0,4,8,2184616.11112,34734.983586
2024-09-01 17:00:00,schloemer,L84,79,97,37.1904735486934,0.0,0.0,0.0,4,8,2184616.11112,34734.983586
2024-09-01 17:00:00,schloemer,L85,79,98,36.35186519683723,0.0,0.0,0.0,4,8,2184616.11112,34734.983586
2024-09-01 17:00:00,schloemer,L86,80,67,39.642215448634325,0.0,0.0,0.0,30,72,2186055.70436,34781.856812
2024-09-01 17:00:00,schloemer,L87,80,79,38.46063284939062,0.0,0.0,0.0,28,69,2185981.58126,34779.386042
2024-09-01 17:00:00,schloemer,L88,81,82,37.81872128463587,0.0,0.0,0.0,4,8,2184616.11112,34734.983586
2024-09-01 17:00:00,schloemer,L89,81,95,36.790832593198374,0.0,0.0,0.0,4,8,2184616.11112,34734.983586
2024-09-01 17:00:00,schloemer,L90,93,95,30.115597716016595,0.0,0.0,0.0,4,8,2184616.11112,34734.983586
2024-09-01 17:00:00,schloemer,L91,95,96,35.356634294670236,0.0,0.0,0.0,4,8,2184616.11112,34734.983586
2024-09-01 17:00:00,schloemer,L92,115,67,39.608786642229,0.0,0.0,0.0,13,29,2185126.88168,34750.896056
2024-09-01 18:00:00,schloemer,L0,22,23,70.00486963849174,1.1926015730523432e-12,3.2936431360042207e-11,2.68261857172547e-10,4,8,2184616.11112,34734.983586
2024-09-01 18:00:00,schloemer,L1,23,69,60.77043033167411,3.4416913763379853e-15,0.0,1.3766765505351941e-14,4,8,2184616.11112,34734.983586
2024-09-01 18:00:00,schloemer,L2,23,71,66.2485576331099,1.0680345496894006e-13,6.661338147750939e-16,4.32542890393961e-13,4,8,2184616.11112,34734.983586
2024-09-01 18:00:00,schloemer,L3,29,37,28.265126497855416,0.0,0.0,0.0,4,8,2184616.11112,34734.983586
2024-09-01 18:00:00,schloemer,L4,32,36,26.932658065502956,0.0,0.0,0.0,4,8,2184616.11112,34734.983586
2024-09-01 18:00:00,schloemer,L5,33,36,28.21331338171744,0.0,0.0,0.0,4,8,2184616.11112,34734.983586
2024-09-01 18:00:00,schloemer,L6,33,42,29.95225387869159,0.0,0.0,0.0,4,8,2184616.11112,34734.983586
2024-09-01 18:00:00,schloemer,L7,34,36,26.60616106739048,0.0,0.0,0.0,4,8,2184616.11112,34734.983586
2024-09-01 18:00:00,schloemer,L8,36,38,27.738374569753322,0.0,0.0,0.0,4,8,2184616.11112,34734.983586
2024-09-01 18:00:00,schloemer,L9,36,39,28.700500706712614,0.0,0.0,0.0,4,8,2184616.11112,34734.983586
2024-09-01 18:00:00,schloemer,L10,37,36,28.448672073247423,0.0,0.0,0.0,20,48,2185542.33716,34764.744572
2024-09-01 18:00:00,schloemer,L11,37,64,35.1820117650287,0.0,0.0,0.0,4,8,2184616.11112,34734.983586
2024-09-01 18:00:00,schloemer,L12,38,39,28.831476595621275,0.0,0.0,0.0,4,8,2184616.11112,34734.983586
2024-09-01 18:00:00,schloemer,L13,39,40,30.621689152908214,0.0,0.0,0.0,4,8,2184616.11112,34734.983586
2024-09-01 18:00:00,schloemer,L14,39,41,35.73407251897741,0.0,0.0,0.0,4,8,2184616.11112,34734.983586
2024-09-01 18:00:00,schloemer,L15,40,41,36.685080984727094,0.0,0.0,0.0,4,8,2184616.11112,34734.983586
2024-09-01 18:00:00,schloemer,L16,41,48,41.239631479623405,0.0,0.0,0.0,4,8,2184616.11112,34734.983586
2024-09-01 18:00:00,schloemer,L17,41,48,41.239631479623405,0.0,0.0,0.0,4,8,2184616.11112,34734.983586
2024-09-01 18:00:00,schloemer,L18,42,43,36.82643920738861,0.0,0.0,0.0,4,8,2184616.11112,34734.983586
2024-09-01 18:00:00,schloemer,L19,43,44,40.729794208021815,0.0,0.0,0.0,4,8,2184616.11112,34734.983586
2024-09-01 18:00:00,schloemer,L20,44,45,45.01705399837465,0.0,0.0,0.0,4,8,2184616.11112,34734.983586
2024-09-01 18:00:00,schloemer,L21,44,48,43.911599329593834,0.0,0.0,0.0,4,8,2184616.11112,34734.983586
2024-09-01 18:00:00,schloemer,L22,45,46,47.51180929061556,0.0,0.0,0.0,4,8,2184616.11112,34734.983586
2024-09-01 18:00:00,schloemer,L23,45,47,48.16737993544392,0.0,0.0,0.0,4,8,2184616.11112,34734.983586
2024-09-01 18:00:00,schloemer,L24,46,48,46.341952508132465,0.0,0.0,0.0,4,8,2184616.11112,34734.983586
2024-09-01 18:00:00,schloemer,L25,46,68,47.849805932616825,0.0,0.0,0.0,4,8,2184616.11112,34734.983586
2024-09-01 18:00:00,schloemer,L26,47,48,46.879895080062525,0.0,0.0,0.0,4,8,2184616.11112,34734.983586
2024-09-01 18:00:00,schloemer,L27,48,49,45.79629483867708,0.0,0.0,0.0,4,8,2184616.11112,34734.983586
2024-09-01 18:00:00,schloemer,L28,48,50,46.92556989421837,0.0,0.0,0.0,4,8,2184616.11112,34734.983586
2024-09-01 18:00:00,schloemer,L29,48,53,44.506348911860336,0.0,0.0,0.0,4,8,2184616.11112,34734.983586
2024-09-01 18:00:00,schloemer,L30,48,53,44.506348911860336,0.0,0.0,0.0,4,8,2184616.11112,34734.983586
2024-09-01 18:00:00,schloemer,L31,48,65,41.84363470773552,0.0,0.0,0.0,4,8,2184616.11112,34734.983586
2024-09-01 18:00:00,schloemer,L32,48,65,41.84363470773552,0.0,0.0,0.0,4,8,2184616.11112,34734.983586
2024-09-01 18:00:00,schloemer,L33,48,68,46.71522370015737,0.0,0.0,0.0,4,8,2184616.11112,34734.983586
2024-09-01 18:00:00,schloemer,L34,49,56,46.4170389655603,0.0,0.0,0.0,4,8,2184616.11112,34734.983586
2024-09-01 18:00:00,schloemer,L35,50,51,49.778539181674404,0.0,0.0,0.0,4,8,2184616.11112,34734.983586
2024-09-01 18:00:00,schloemer,L36,50,57,48.24293580674233,0.0,0.0,0.0,4,8,2184616.11112,34734.983586
2024-09-01 18:00:00,schloemer,L37,51,52,48.51909089065832,0.0,0.0,0.0,4,8,2184616.11112,34734.983586
2024-09-01 18:00:00,schloemer,L38,52,53,45.14893179235412,0.0,0.0,0.0,4,8,2184616.11112,34734.983586
2024-09-01 18:00:00,schloemer,L39,53,54,42.59079908231185,0.0,0.0,0.0,4,8,2184616.11112,34734.983586
2024-09-01 18:00:00,schloemer,L40,53,55,43.536208373930265,0.0,0.0,0.0,4,8,2184616.11112,34734.983586
2024-09-01 18:00:00,schloemer,L41,53,58,41.542498589959294,0.0,0.0,0.0,4,8,2184616.11112,34734.983586
2024-09-01 18:00:00,schloemer,L42,54,55,42.41325933089587,0.0,0.0,0.0,4,8,2184616.11112,34734.983586
2024-09-01 18:00:00,schloemer,L43,54,58,40.539848722111614,0.0,0.0,0.0,4,8,2184616.11112,34734.983586
2024-09-01 18:00:00,schloemer,L44,55,56,44.72023859194501,0.0,0.0,0.0,4,8,2184616.11112,34734.983586
2024-09-01 18:00:00,schloemer,L45,55,57,45.36785860911567,0.0,0.0,0.0,4,8,2184616.11112,34734.983586
2024-09-01 18:00:00,schloemer,L46,55,58,41.404246018213556,0.0,0.0,0.0,4,8,2184616.11112,34734.983586
2024-09-01 18:00:00,schloemer,L47,55,58,41.404246018213556,0.0,0.0,0.0,4,8,2184616.11112,34734.983586
2024-09-01 18:00:00,schloemer,L48,58,59,38.03648402053025,0.0,0.0,0.0,4,8,2184616.11112,34734.983586
2024-09-01 18:00:00,schloemer,L49,58,60,38.14861969049923,0.0,0.0,0.0,4,8,2184616.11112,34734.983586
2024-09-01 18:00:00,schloemer,L50,59,60,36.68930278533198,0.0,0.0,0.0,4,8,2184616.11112,34734.983586
2024-09-01 18:00:00,schloemer,L51,59,61,36.75139476083824,0.0,0.0,0.0,4,8,2184616.11112,34734.983586
2024-09-01 18:00:00,schloemer,L52,60,61,36.82329729667952,0.0,0.0,0.0,4,8,2184616.11112,34734.983586
2024-09-01 18:00:00,schloemer,L53,61,65,37.998189433792284,0.0,0.0,0.0,4,8,2184616.11112,34734.983586
2024-09-01 18:00:00,schloemer,L54,61,66,36.54633635201273,0.0,0.0,0.0,4,8,2184616.11112,34734.983586
2024-09-01 18:00:00,schloemer,L55,62,58,38.72525887448535,0.0,0.0,0.0,13,30,2185148.89802,34751.629934
2024-09-01 18:00:00,schloemer,L56,62,63,37.66222210643986,0.0,0.0,0.0,4,8,2184616.11112,34734.983586
2024-09-01 18:00:00,schloemer,L57,63,60,37.119503951075835,0.0,0.0,0.0,20,47,2185512.78098,34763.759366
2024-09-01 18:00:00,schloemer,L58,63,64,37.60006662954877,0.0,0.0,0.0,4,8,2184616.11112,34734.983586
2024-09-01 18:00:00,schloemer,L59,64,65,38.40621541491552,0.0,0.0,0.0,20,48,2185545.98792,34764.866264
2024-09-01 18:00:00,schloemer,L60,64,67,39.4896086059106,0.0,0.0,0.0,38,93,2186503.81292,34796.793764
2024-09-01 18:00:00,schloemer,L61,65,66,37.631495454544925,0.0,0.0,0.0,4,8,2184616.11112,34734.983586
2024-09-01 18:00:00,schloemer,L62,67,68,44.26050202615189,0.0,0.0,0.0,28,68,2185978.45538,34779.281846
2024-09-01 18:00:00,schloemer,L63,68,69,51.879035178399455,0.0,0.0,0.0,4,8,2184616.11112,34734.983586
2024-09-01 18:00:00,schloemer,L64,68,74,49.00195128748174,0.0,0.0,0.0,4,8,2184616.11112,34734.983586
2024-09-01 18:00:00,schloemer,L65,68,76,46.0192535999998,0.0,0.0,0.0,4,8,2184616.11112,34734.983586
2024-09-01 18:00:00,schloemer,L66,69,70,58.86534799375818,1.1102230246251565e-15,0.0,4.440892098500626e-15,4,8,2184616.11112,34734.983586
2024-09-01 18:00:00,schloemer,L67,69,73,55.165717381276195,1.1102230246251565e-16,0.0,4.440892098500626e-16,4,8,2184616.11112,34734.983586
2024-09-01 18:00:00,schloemer,L68,69,74,52.90400573007092,0.0,0.0,0.0,4,8,2184616.11112,34734.983586
2024-09-01 18:00:00,schloemer,L69,70,71,63.74865533714763,2.1871393585115584e-14,0.0,8.748557434046234e-14,4,8,2184616.11112,34734.983586
2024-09-01 18:00:00,schloemer,L70,70,72,61.69884279826224,6.106226635438361e-15,0.0,2.4424906541753444e-14,4,8,2184616.11112,34734.983586
2024-09-01 18:00:00,schloemer,L71,73,74,51.97381515133496,0.0,0.0,0.0,4,8,2184616.11112,34734.983586
2024-09-01 18:00:00,schloemer,L72,74,76,46.76035076883195,0.0,0.0,0.0,4,8,2184616.11112,34734.983586
2024-09-01 18:00:00,schloemer,L73,74,117,49.88879436017368,0.0,0.0,0.0,4,8,2184616.11112,34734.983586
2024-09-01 18:00:00,schloemer,L74,75,76,45.212308909888144,0.0,0.0,0.0,4,8,2184616.11112,34734.983586
2024-09-01 18:00:00,schloemer,L75,75,117,48.034278017329555,0.0,0.0,0.0,4,8,2184616.11112,34734.983586
2024-09-01 18:00:00,schloemer,L76,76,77,43.33810761872234,0.0,0.0,0.0,4,8,2184616.11112,34734.983586
2024-09-01 18:00:00,schloemer,L77,76,79,41.1028849542292,0.0,0.0,0.0,4,8,2184616.11112,34734.983586
2024-09-01 18:00:00,schloemer,L78,76,79,41.1028849542292,0.0,0.0,0.0,4,8,2184616.11112,34734.983586
2024-09-01 18:00:00,schloemer,L79,76,81,41.520192012142786,0.0,0.0,0.0,4,8,2184616.11112,34734.983586
2024-09-01 18:00:00,schloemer,L80,77,78,41.40657321959224,0.0,0.0,0.0,4,8,2184616.11112,34734.983586
2024-09-01 18:00:00,schloemer,L81,78,79,39.4262226859269,0.0,0.0,0.0,4,8,2184616.11112,34734.983586
2024-09-01 18:00:00,schloemer,L82,79,95,37.20347241944471,0.0,0.0,0.0,4,8,2184616.11112,34734.983586
2024-09-01 18:00:00,schloemer,L83,79,96,37.31164803252211,0.0,0.0,0.0,4,8,2184616.11112,34734.983586
2024-09-01 18:00:00,schloemer,L84,79,97,37.93563949719533,0.0,0.0,0.0,4,8,2184616.11112,34734.983586
2024-09-01 18:00:00,schloemer,L85,79,98,37.06965431808064,0.0,0.0,0.0,4,8,2184616.11112,34734.983586
2024-09-01 18:00:00,schloemer,L86,80,67,40.66738879383022,0.0,0.0,0.0,30,72,2186055.70436,34781.856812
2024-09-01 18:00:00,schloemer,L87,80,79,39.350393534986274,0.0,0.0,0.0,28,69,2185981.58126,34779.386042
2024-09-01 18:00:00,schloemer,L88,81,82,38.559415366644494,0.0,0.0,0.0,4,8,2184616.11112,34734.983586
2024-09-01 18:00:00,schloemer,L89,81,95,37.50507302007206,0.0,0.0,0.0,4,8,2184616.11112,34734.983586
2024-09-01 18:00:00,schloemer,L90,93,95,30.601256019264362,0.0,0.0,0.0,4,8,2184616.11112,34734.983586
2024-09-01 18:00:00,schloemer,L91,95,96,35.9826136987601,0.0,0.0,0.0,4,8,2184616.11112,34734.983586
2024-09-01 18:00:00,schloemer,L92,115,67,40.63859484573466,0.0,0.0,0.0,13,29,2185126.88168,34750.896056
2024-09-01 19:00:00,schloemer,L0,22,23,73.72620245317906,1.3248957486666768e-11,8.379813809522574e-08,6.704379039712549e-07,4,8,2184616.11112,34734.983586
2024-09-01 19:00:00,schloemer,L1,23,69,63.675928898453655,2.098321516541546e-14,0.0,8.393286066166183e-14,4,8,2184616.11112,34734.983586
2024-09-01 19:00:00,schloemer,L2,23,71,69.47351367675925,8.463230116717568e-13,8.63276117257783e-12,7.244738142730967e-11,4,8,2184616.11112,34734.983586
2024-09-01 19:00:00,schloemer,L3,29,37,28.69909443372976,0.0,0.0,0.0,4,8,2184616.11112,34734.983586
2024-09-01 19:00:00,schloemer,L4,32,36,27.312354529354696,0.0,0.0,0.0,4,8,2184616.11112,34734.983586
2024-09-01 19:00:00,schloemer,L5,33,36,28.65725045912527,0.0,0.0,0.0,4,8,2184616.11112,34734.983586
2024-09-01 19:00:00,schloemer,L6,33,42,30.49265635577024,0.0,0.0,0.0,4,8,2184616.11112,34734.983586
2024-09-01 19:00:00,schloemer,L7,34,36,26.966471212334284,0.0,0.0,0.0,4,8,2184616.11112,34734.983586
2024-09-01 19:00:00,schloemer,L8,36,38,28.16078217831327,0.0,0.0,0.0,4,8,2184616.11112,34734.983586
2024-09-01 19:00:00,schloemer,L9,36,39,29.17495255011946,0.0,0.0,0.0,4,8,2184616.11112,34734.983586
2024-09-01 19:00:00,schloemer,L10,37,36,28.902581825838737,0.0,0.0,0.0,20,48,2185542.33716,34764.744572
2024-09-01 19:00:00,schloemer,L11,37,64,35.87131769102281,0.0,0.0,0.0,4,8,2184616.11112,34734.983586
2024-09-01 19:00:00,schloemer,L12,38,39,29.31603315843,0.0,0.0,0.0,4,8,2184616.11112,34734.983586
2024-09-01 19:00:00,schloemer,L13,39,40,35.1695269064877,0.0,0.0,0.0,4,8,2184616.11112,34734.983586
2024-09-01 19:00:00,schloemer,L14,39,41,36.47595933006402,0.0,0.0,0.0,4,8,2184616.11112,34734.983586
2024-09-01 19:00:00,schloemer,L15,40,41,37.4915456232477,0.0,0.0,0.0,4,8,2184616.11112,34734.983586
2024-09-01 19:00:00,schloemer,L16,41,48,42.365227713438976,0.0,0.0,0.0,4,8,2184616.11112,34734.983586
2024-09-01 19:00:00,schloemer,L17,41,48,42.365227713438976,0.0,0.0,0.0,4,8,2184616.11112,34734.983586
2024-09-01 19:00:00,schloemer,L18,42,43,37.628968887397924,0.0,0.0,0.0,4,8,2184616.11112,34734.983586
2024-09-01 19:00:00,schloemer,L19,43,44,41.814925977660934,0.0,0.0,0.0,4,8,2184616.11112,34734.983586
2024-09-01 19:00:00,schloemer,L20,44,45,46.461028621969234,0.0,0.0,0.0,4,8,2184616.11112,34734.983586
2024-09-01 19:00:00,schloemer,L21,44,48,45.24695385047916,0.0,0.0,0.0,4,8,2184616.11112,34734.983586
2024-09-01 19:00:00,schloemer,L22,45,46,49.20121082602681,0.0,0.0,0.0,4,8,2184616.11112,34734.983586
2024-09-01 19:00:00,schloemer,L23,45,47,49.893364642942046,0.0,0.0,0.0,4,8,2184616.11112,34734.983586
2024-09-01 19:00:00,schloemer,L24,46,48,47.90999625576158,0.0,0.0,0.0,4,8,2184616.11112,34734.983586
2024-09-01 19:00:00,schloemer,L25,46,68,49.58743372873752,0.0,0.0,0.0,4,8,2184616.11112,34734.983586
2024-09-01 19:00:00,schloemer,L26,47,48,48.467336382030545,0.0,0.0,0.0,4,8,2184616.11112,34734.983586
2024-09-01 19:00:00,schloemer,L27,48,49,47.24479232270713,0.0,0.0,0.0,4,8,2184616.11112,34734.983586
2024-09-01 19:00:00,schloemer,L28,48,50,48.45731143930565,0.0,0.0,0.0,4,8,2184616.11112,34734.983586
2024-09-01 19:00:00,schloemer,L29,48,53,45.80814293968326,0.0,0.0,0.0,4,8,2184616.11112,34734.983586
2024-09-01 19:00:00,schloemer,L30,48,53,45.80814293968326,0.0,0.0,0.0,4,8,2184616.11112,34734.983586
2024-09-01 19:00:00,schloemer,L31,48,65,42.97792836984376,0.0,0.0,0.0,4,8,2184616.11112,34734.983586
2024-09-01 19:00:00,schloemer,L32,48,65,42.97792836984376,0.0,0.0,0.0,4,8,2184616.11112,34734.983586
2024-09-01 19:00:00,schloemer,L33,48,68,48.33861298006071,0.0,0.0,0.0,4,8,2184616.11112,34734.983586
2024-09-01 19:00:00,schloemer,L34,49,56,47.80671912014144,0.0,0.0,0.0,4,8,2184616.11112,34734.983586
2024-09-01 19:00:00,schloemer,L35,50,51,51.38781945957486,0.0,0.0,0.0,4,8,2184616.11112,34734.983586
2024-09-01 19:00:00,schloemer,L36,50,57,49.72729321326173,0.0,0.0,0.0,4,8,2184616.11112,34734.983586
2024-09-01 19:00:00,schloemer,L37,51,52,49.89717756600475,0.0,0.0,0.0,4,8,2184616.11112,34734.983586
2024-09-01 19:00:00,schloemer,L38,52,53,46.33368834273676,0.0,0.0,0.0,4,8,2184616.11112,34734.983586
2024-09-01 19:00:00,schloemer,L39,53,54,43.599200429405386,0.0,0.0,0.0,4,8,2184616.11112,34734.983586
2024-09-01 19:00:00,schloemer,L40,53,55,44.622790155285216,0.0,0.0,0.0,4,8,2184616.11112,34734.983586
2024-09-01 19:00:00,schloemer,L41,53,58,42.4991667244607,0.0,0.0,0.0,4,8,2184616.11112,34734.983586
2024-09-01 19:00:00,schloemer,L42,54,55,43.367855942965214,0.0,0.0,0.0,4,8,2184616.11112,34734.983586
2024-09-01 19:00:00,schloemer,L43,54,58,41.38472924502905,0.0,0.0,0.0,4,8,2184616.11112,34734.983586
2024-09-01 19:00:00,schloemer,L44,55,56,45.878227427076645,0.0,0.0,0.0,4,8,2184616.11112,34734.983586
2024-09-01 19:00:00,schloemer,L45,55,57,46.54468539344072,0.0,0.0,0.0,4,8,2184616.11112,34734.983586
2024-09-01 19:00:00,schloemer,L46,55,58,42.31464345485925,0.0,0.0,0.0,4,8,2184616.11112,34734.983586
2024-09-01 19:00:00,schloemer,L47,55,58,42.31464345485925,0.0,0.0,0.0,4,8,2184616.11112,34734.983586
2024-09-01 19:00:00,schloemer,L48,58,59,38.744361355202535,0.0,0.0,0.0,4,8,2184616.11112,34734.983586
2024-09-01 19:00:00,schloemer,L49,58,60,38.88163386267239,0.0,0.0,0.0,4,8,2184616.11112,34734.983586
2024-09-01 19:00:00,schloemer,L50,59,60,37.334506418683674,0.0,0.0,0.0,4,8,2184616.11112,34734.983586
2024-09-01 19:00:00,schloemer,L51,59,61,37.41684388143731,0.0,0.0,0.0,4,8,2184616.11112,34734.983586
2024-09-01 19:00:00,schloemer,L52,60,61,37.50802232082232,0.0,0.0,0.0,4,8,2184616.11112,34734.983586
2024-09-01 19:00:00,schloemer,L53,61,65,38.80380455114887,0.0,0.0,0.0,4,8,2184616.11112,34734.983586
2024-09-01 19:00:00,schloemer,L54,61,66,37.244415398721486,0.0,0.0,0.0,4,8,2184616.11112,34734.983586
2024-09-01 19:00:00,schloemer,L55,62,58,39.49491119693362,0.0,0.0,0.0,13,30,2185148.89802,34751.629934
2024-09-01 19:00:00,schloemer,L56,62,63,38.41829692347247,0.0,0.0,0.0,4,8,2184616.11112,34734.983586
2024-09-01 19:00:00,schloemer,L57,63,60,37.840149101279515,0.0,0.0,0.0,20,47,2185512.78098,34763.759366
2024-09-01 19:00:00,schloemer,L58,63,64,38.420671258698974,0.0,0.0,0.0,4,8,2184616.11112,34734.983586
2024-09-01 19:00:00,schloemer,L59,64,65,39.293374889203605,0.0,0.0,0.0,20,48,2185545.98792,34764.866264
2024-09-01 19:00:00,schloemer,L60,64,67,40.498296369040546,0.0,0.0,0.0,38,93,2186503.81292,34796.793764
2024-09-01 19:00:00,schloemer,L61,65,66,38.42725528026508,0.0,0.0,0.0,4,8,2184616.11112,34734.983586
2024-09-01 19:00:00,schloemer,L62,67,68,45.663628949041794,0.0,0.0,0.0,28,68,2185978.45538,34779.281846
2024-09-01 19:00:00,schloemer,L63,68,69,53.975564039552005,1.1102230246251565e-16,0.0,4.440892098500626e-16,4,8,2184616.11112,34734.983586
2024-09-01 19:00:00,schloemer,L64,68,74,50.80767282743732,0.0,0.0,0.0,4,8,2184616.11112,34734.983586
2024-09-01 19:00:00,schloemer,L65,68,76,47.52935852159713,0.0,0.0,0.0,4,8,2184616.11112,34734.983586
2024-09-01 19:00:00,schloemer,L66,69,70,61.492218789933474,5.329070518200751e-15,0.0,2.1316282072803006e-14,4,8,2184616.11112,34734.983586
2024-09-01 19:00:00,schloemer,L67,69,73,57.49292046988151,4.440892098500626e-16,0.0,1.7763568394002505e-15,4,8,2184616.11112,34734.983586
2024-09-01 19:00:00,schloemer,L68,69,74,55.03087071036799,1.1102230246251565e-16,0.0,4.440892098500626e-16,4,8,2184616.11112,34734.983586
2024-09-01 19:00:00,schloemer,L69,70,71,66.60053712907788,1.3367085216486885e-13,1.9984014443252818e-15,5.506706202140776e-13,4,8,2184616.11112,34734.983586
2024-09-01 19:00:00,schloemer,L70,70,72,64.18783287032068,2.886579864025407e-14,0.0,1.1546319456101628e-13,4,8,2184616.11112,34734.983586
2024-09-01 19:00:00,schloemer,L71,73,74,53.980275303501536,1.1102230246251565e-16,0.0,4.440892098500626e-16,4,8,2184616.11112,34734.983586
2024-09-01 19:00:00,schloemer,L72,74,76,48.28073422962228,0.0,0.0,0.0,4,8,2184616.11112,34734.983586
2024-09-01 19:00:00,schloemer,L73,74,117,51.66514710243692,0.0,0.0,0.0,4,8,2184616.11112,34734.983586
2024-09-01 19:00:00,schloemer,L74,75,76,46.54795099879587,0.0,0.0,0.0,4,8,2184616.11112,34734.983586
2024-09-01 19:00:00,schloemer,L75,75,117,49.571985920188645,0.0,0.0,0.0,4,8,2184616.11112,34734.983586
2024-09-01 19:00:00,schloemer,L76,76,77,44.51370347828297,0.0,0.0,0.0,4,8,2184616.11112,34734.983586
2024-09-01 19:00:00,schloemer,L77,76,79,42.13291518891979,0.0,0.0,0.0,4,8,2184616.11112,34734.983586
2024-09-01 19:00:00,schloemer,L78,76,79,42.13291518891979,0.0,0.0,0.0,4,8,2184616.11112,34734.983586
2024-09-01 19:00:00,schloemer,L79,76,81,42.557705597118215,0.0,0.0,0.0,4,8,2184616.11112,34734.983586
2024-09-01 19:00:00,schloemer,L80,77,78,42.38579630162812,0.0,0.0,0.0,4,8,2184616.11112,34734.983586
2024-09-01 19:00:00,schloemer,L81,78,79,40.29551875888651,0.0,0.0,0.0,4,8,2184616.11112,34734.983586
2024-09-01 19:00:00,schloemer,L82,79,95,37.93898551194453,0.0,0.0,0.0,4,8,2184616.11112,34734.983586
2024-09-01 19:00:00,schloemer,L83,79,96,38.04630492223001,0.0,0.0,0.0,4,8,2184616.11112,34734.983586
2024-09-01 19:00:00,schloemer,L84,79,97,38.705632766849426,0.0,0.0,0.0,4,8,2184616.11112,34734.983586
2024-09-01 19:00:00,schloemer,L85,79,98,37.81314699078141,0.0,0.0,0.0,4,8,2184616.11112,34734.983586
2024-09-01 19:00:00,schloemer,L86,80,67,41.76358833330051,0.0,0.0,0.0,30,72,2186055.70436,34781.856812
2024-09-01 19:00:00,schloemer,L87,80,79,40.28785990053193,0.0,0.0,0.0,28,69,2185981.58126,34779.386042
2024-09-01 19:00:00,schloemer,L88,81,82,39.318490566344266,0.0,0.0,0.0,4,8,2184616.11112,34734.983586
2024-09-01 19:00:00,schloemer,L89,81,95,38.24059403284557,0.0,0.0,0.0,4,8,2184616.11112,34734.983586
2024-09-01 19:00:00,schloemer,L90,93,95,35.03523509458848,0.0,0.0,0.0,4,8,2184616.11112,34734.983586
2024-09-01 19:00:00,schloemer,L91,95,96,36.62220123611396,0.0,0.0,0.0,4,8,2184616.11112,34734.983586
2024-09-01 19:00:00,schloemer,L92,115,67,41.741088739657066,0.0,0.0,0.0,13,29,2185126.88168,34750.896056
2024-09-01 20:00:00,schloemer,L0,22,23,77.8117920726156,1.841281571657305e-10,3.5972264239569895e-05,0.0002877426207176237,4,8,2184616.11112,34734.983586
2024-09-01 20:00:00,schloemer,L1,23,69,66.92283051039679,1.6431300764452317e-13,5.773159728050814e-15,7.034373084024992e-13,4,8,2184616.11112,34734.983586
2024-09-01 20:00:00,schloemer,L2,23,71,72.9866381505111,8.20954415559072e-12,2.1477170264461165e-08,1.718501874137246e-07,4,8,2184616.11112,34734.983586
2024-09-01 20:00:00,schloemer,L3,29,37,29.149511433725657,0.0,0.0,0.0,4,8,2184616.11112,34734.983586
2024-09-01 20:00:00,schloemer,L4,32,36,27.705383296094112,0.0,0.0,0.0,4,8,2184616.11112,34734.983586
2024-09-01 20:00:00,schloemer,L5,33,36,29.11992219308224,0.0,0.0,0.0,4,8,2184616.11112,34734.983586
2024-09-01 20:00:00,schloemer,L6,33,42,34.99813203651742,0.0,0.0,0.0,4,8,2184616.11112,34734.983586
2024-09-01 20:00:00,schloemer,L7,34,36,27.338170858098948,0.0,0.0,0.0,4,8,2184616.11112,34734.983586
2024-09-01 20:00:00,schloemer,L8,36,38,28.600382331503642,0.0,0.0,0.0,4,8,2184616.11112,34734.983586
2024-09-01 20:00:00,schloemer,L9,36,39,29.671401888337215,0.0,0.0,0.0,4,8,2184616.11112,34734.983586
2024-09-01 20:00:00,schloemer,L10,37,36,29.37583450015455,0.0,0.0,0.0,20,48,2185542.33716,34764.744572
2024-09-01 20:00:00,schloemer,L11,37,64,36.59940130117216,0.0,0.0,0.0,4,8,2184616.11112,34734.983586
2024-09-01 20:00:00,schloemer,L12,38,39,29.823862569009314,0.0,0.0,0.0,4,8,2184616.11112,34734.983586
2024-09-01 20:00:00,schloemer,L13,39,40,35.87437414989599,0.0,0.0,0.0,4,8,2184616.11112,34734.983586
2024-09-01 20:00:00,schloemer,L14,39,41,37.26451343419222,0.0,0.0,0.0,4,8,2184616.11112,34734.983586
2024-09-01 20:00:00,schloemer,L15,40,41,38.352306638843736,0.0,0.0,0.0,4,8,2184616.11112,34734.983586
2024-09-01 20:00:00,schloemer,L16,41,48,43.58361292070161,0.0,0.0,0.0,4,8,2184616.11112,34734.983586
2024-09-01 20:00:00,schloemer,L17,41,48,43.58361292070161,0.0,0.0,0.0,4,8,2184616.11112,34734.983586
2024-09-01 20:00:00,schloemer,L18,42,43,38.48359554439958,0.0,0.0,0.0,4,8,2184616.11112,34734.983586
2024-09-01 20:00:00,schloemer,L19,43,44,42.98731393854275,0.0,0.0,0.0,4,8,2184616.11112,34734.983586
2024-09-01 20:00:00,schloemer,L20,44,45,48.04413687015506,0.0,0.0,0.0,4,8,2184616.11112,34734.983586
2024-09-01 20:00:00,schloemer,L21,44,48,46.70309990569496,0.0,0.0,0.0,4,8,2184616.11112,34734.983586
2024-09-01 20:00:00,schloemer,L22,45,46,51.07181932949305,0.0,0.0,0.0,4,8,2184616.11112,34734.983586
2024-09-01 20:00:00,schloemer,L23,45,47,51.801631846474834,0.0,0.0,0.0,4,8,2184616.11112,34734.983586
2024-09-01 20:00:00,schloemer,L24,46,48,49.63732237797825,0.0,0.0,0.0,4,8,2184616.11112,34734.983586
2024-09-01 20:00:00,schloemer,L25,46,68,51.51730927516844,0.0,0.0,0.0,4,8,2184616.11112,34734.983586
2024-09-01 20:00:00,schloemer,L26,47,48,50.21160033839807,0.0,0.0,0.0,4,8,2184616.11112,34734.983586
2024-09-01 20:00:00,schloemer,L27,48,49,48.82178691803794,0.0,0.0,0.0,4,8,2184616.11112,34734.983586
2024-09-01 20:00:00,schloemer,L28,48,50,50.12641656522044,0.0,0.0,0.0,4,8,2184616.11112,34734.983586
2024-09-01 20:00:00,schloemer,L29,48,53,47.21190500828605,0.0,0.0,0.0,4,8,2184616.11112,34734.983586
2024-09-01 20:00:00,schloemer,L30,48,53,47.21190500828605,0.0,0.0,0.0,4,8,2184616.11112,34734.983586
2024-09-01 20:00:00,schloemer,L31,48,65,44.200169288934184,0.0,0.0,0.0,4,8,2184616.11112,34734.983586
2024-09-01 20:00:00,schloemer,L32,48,65,44.200169288934184,0.0,0.0,0.0,4,8,2184616.11112,34734.983586
2024-09-01 20:00:00,schloemer,L33,48,68,50.13399746137244,0.0,0.0,0.0,4,8,2184616.11112,34734.983586
2024-09-01 20:00:00,schloemer,L34,49,56,49.296668246862794,0.0,0.0,0.0,4,8,2184616.11112,34734.983586
2024-09-01 20:00:00,schloemer,L35,50,51,53.10986565609315,0.0,0.0,0.0,4,8,2184616.11112,34734.983586
2024-09-01 20:00:00,schloemer,L36,50,57,51.3116407793552,0.0,0.0,0.0,4,8,2184616.11112,34734.983586
2024-09-01 20:00:00,schloemer,L37,51,52,51.338511798118006,0.0,0.0,0.0,4,8,2184616.11112,34734.983586
2024-09-01 20:00:00,schloemer,L38,52,53,47.57744869365069,0.0,0.0,0.0,4,8,2184616.11112,34734.983586
2024-09-01 20:00:00,schloemer,L39,53,54,44.652261759633156,0.0,0.0,0.0,4,8,2184616.11112,34734.983586
2024-09-01 20:00:00,schloemer,L40,53,55,45.76298406856482,0.0,0.0,0.0,4,8,2184616.11112,34734.983586
2024-09-01 20:00:00,schloemer,L41,53,58,43.499369130222895,0.0,0.0,0.0,4,8,2184616.11112,34734.983586
2024-09-01 20:00:00,schloemer,L42,54,55,44.35557181847063,0.0,0.0,0.0,4,8,2184616.11112,34734.983586
2024-09-01 20:00:00,schloemer,L43,54,58,42.25654341676145,0.0,0.0,0.0,4,8,2184616.11112,34734.983586
2024-09-01 20:00:00,schloemer,L44,55,56,47.093699495617976,0.0,0.0,0.0,4,8,2184616.11112,34734.983586
2024-09-01 20:00:00,schloemer,L45,55,57,47.77529721088208,0.0,0.0,0.0,4,8,2184616.11112,34734.983586
2024-09-01 20:00:00,schloemer,L46,55,58,43.25857869361039,0.0,0.0,0.0,4,8,2184616.11112,34734.983586
2024-09-01 20:00:00,schloemer,L47,55,58,43.25857869361039,0.0,0.0,0.0,4,8,2184616.11112,34734.983586
2024-09-01 20:00:00,schloemer,L48,58,59,39.47167918529539,0.0,0.0,0.0,4,8,2184616.11112,34734.983586
2024-09-01 20:00:00,schloemer,L49,58,60,39.63869270862673,0.0,0.0,0.0,4,8,2184616.11112,34734.983586
2024-09-01 20:00:00,schloemer,L50,59,60,37.99687094946816,0.0,0.0,0.0,4,8,2184616.11112,34734.983586
2024-09-01 20:00:00,schloemer,L51,59,61,38.103305062958384,0.0,0.0,0.0,4,8,2184616.11112,34734.983586
2024-09-01 20:00:00,schloemer,L52,60,61,38.21739051818954,0.0,0.0,0.0,4,8,2184616.11112,34734.983586
2024-09-01 20:00:00,schloemer,L53,61,65,39.651729970712765,0.0,0.0,0.0,4,8,2184616.11112,34734.983586
2024-09-01 20:00:00,schloemer,L54,61,66,37.97239263009232,0.0,0.0,0.0,4,8,2184616.11112,34734.983586
2024-09-01 20:00:00,schloemer,L55,62,58,40.29169631412569,0.0,0.0,0.0,13,30,2185148.89802,34751.629934
2024-09-01 20:00:00,schloemer,L56,62,63,39.20800318531978,0.0,0.0,0.0,4,8,2184616.11112,34734.983586
2024-09-01 20:00:00,schloemer,L57,63,60,38.59100177328913,0.0,0.0,0.0,20,47,2185512.78098,34763.759366
2024-09-01 20:00:00,schloemer,L58,63,64,39.29088463542864,0.0,0.0,0.0,4,8,2184616.11112,34734.983586
2024-09-01 20:00:00,schloemer,L59,64,65,40.23921827716681,0.0,0.0,0.0,20,48,2185545.98792,34764.866264
2024-09-01 20:00:00,schloemer,L60,64,67,41.58677198629654,0.0,0.0,0.0,38,93,2186503.81292,34796.793764
2024-09-01 20:00:00,schloemer,L61,65,66,39.26629727357901,0.0,0.0,0.0,4,8,2184616.11112,34734.983586
2024-09-01 20:00:00,schloemer,L62,67,68,47.20392670434159,0.0,0.0,0.0,28,68,2185978.45538,34779.281846
2024-09-01 20:00:00,schloemer,L63,68,69,56.31709885551909,2.220446049250313e-16,0.0,8.881784197001252e-16,4,8,2184616.11112,34734.983586
2024-09-01 20:00:00,schloemer,L64,68,74,52.80835904220619,0.0,0.0,0.0,4,8,2184616.11112,34734.983586
2024-09-01 20:00:00,schloemer,L65,68,76,49.18425608176718,0.0,0.0,0.0,4,8,2184616.11112,34734.983586
2024-09-01 20:00:00,schloemer,L66,69,70,64.39797924677026,3.297362383136715e-14,0.0,1.318944953254686e-13,4,8,2184616.11112,34734.983586
2024-09-01 20:00:00,schloemer,L67,69,73,60.07756935056786,2.220446049250313e-15,0.0,8.881784197001252e-15,4,8,2184616.11112,34734.983586
2024-09-01 20:00:00,schloemer,L68,69,74,57.390846241135506,4.440892098500626e-16,0.0,1.7763568394002505e-15,4,8,2184616.11112,34734.983586
2024-09-01 20:00:00,schloemer,L69,70,71,69.66902143219907,9.601208716958354e-13,1.4228285216688619e-11,1.176667652202923e-10,4,8,2184616.11112,34734.983586
2024-09-01 20:00:00,schloemer,L70,70,72,66.81415922151449,1.532107773982716e-13,3.9968028886505635e-15,6.448175327022909e-13,4,8,2184616.11112,34734.983586
2024-09-01 20:00:00,schloemer,L71,73,74,56.19455366034801,2.220446049250313e-16,0.0,8.881784197001252e-16,4,8,2184616.11112,34734.983586
2024-09-01 20:00:00,schloemer,L72,74,76,49.93706482178924,0.0,0.0,0.0,4,8,2184616.11112,34734.983586
2024-09-01 20:00:00,schloemer,L73,74,117,53.60840808968733,0.0,0.0,0.0,4,8,2184616.11112,34734.983586
2024-09-01 20:00:00,schloemer,L74,75,76,47.98514541426206,0.0,0.0,0.0,4,8,2184616.11112,34734.983586
2024-09-01 20:00:00,schloemer,L75,75,117,51.229714674982375,0.0,0.0,0.0,4,8,2184616.11112,34734.983586
2024-09-01 20:00:00,schloemer,L76,76,77,45.76967303637251,0.0,0.0,0.0,4,8,2184616.11112,34734.983586
2024-09-01 20:00:00,schloemer,L77,76,79,43.230298565866,0.0,0.0,0.0,4,8,2184616.11112,34734.983586
2024-09-01 20:00:00,schloemer,L78,76,79,43.230298565866,0.0,0.0,0.0,4,8,2184616.11112,34734.983586
2024-09-01 20:00:00,schloemer,L79,76,81,43.65974340826919,0.0,0.0,0.0,4,8,2184616.11112,34734.983586
2024-09-01 20:00:00,schloemer,L80,77,78,43.415428945195465,0.0,0.0,0.0,4,8,2184616.11112,34734.983586
2024-09-01 20:00:00,schloemer,L81,78,79,41.208565483398814,0.0,0.0,0.0,4,8,2184616.11112,34734.983586
2024-09-01 20:00:00,schloemer,L82,79,95,38.7070610833552,0.0,0.0,0.0,4,8,2184616.11112,34734.983586
2024-09-01 20:00:00,schloemer,L83,79,96,38.81238674796732,0.0,0.0,0.0,4,8,2184616.11112,34734.983586
2024-09-01 20:00:00,schloemer,L84,79,97,39.5097095468302,0.0,0.0,0.0,4,8,2184616.11112,34734.983586
2024-09-01 20:00:00,schloemer,L85,79,98,38.59221533308751,0.0,0.0,0.0,4,8,2184616.11112,34734.983586
2024-09-01 20:00:00,schloemer,L86,80,67,42.95077693781145,0.0,0.0,0.0,30,72,2186055.70436,34781.856812
2024-09-01 20:00:00,schloemer,L87,80,79,41.28724275804982,0.0,0.0,0.0,28,69,2185981.58126,34779.386042
2024-09-01 20:00:00,schloemer,L88,81,82,40.10341498302311,0.0,0.0,0.0,4,8,2184616.11112,34734.983586
2024-09-01 20:00:00,schloemer,L89,81,95,39.00604851550893,0.0,0.0,0.0,4,8,2184616.11112,34734.983586
2024-09-01 20:00:00,schloemer,L90,93,95,35.60479138794248,0.0,0.0,0.0,4,8,2184616.11112,34734.983586
2024-09-01 20:00:00,schloemer,L91,95,96,37.283006361199604,0.0,0.0,0.0,4,8,2184616.11112,34734.983586
2024-09-01 20:00:00,schloemer,L92,115,67,42.93675743632643,0.0,0.0,0.0,13,29,2185126.88168,34750.896056
2024-09-01 21:00:00,schloemer,L0,22,23,82.25879510602651,3.058736375294302e-09,0.0028331617144838894,0.022441824137264144,4,8,2184616.11112,34734.983586
2024-09-01 21:00:00,schloemer,L1,23,69,70.57557496171691,1.7245094241502557e-12,1.2995571285756569e-10,1.0465437405571265e-09,4,8,2184616.11112,34734.983586
2024-09-01 21:00:00,schloemer,L2,23,71,76.78875190090257,9.554945723522223e-11,9.732681869434323e-06,7.785918487246413e-05,4,8,2184616.11112,34734.983586
2024-09-01 21:00:00,schloemer,L3,29,37,29.62526197523465,0.0,0.0,0.0,4,8,2184616.11112,34734.983586
2024-09-01 21:00:00,schloemer,L4,32,36,28.12015085346353,0.0,0.0,0.0,4,8,2184616.11112,34734.983586
2024-09-01 21:00:00,schloemer,L5,33,36,29.610731637404033,0.0,0.0,0.0,4,8,2184616.11112,34734.983586
2024-09-01 21:00:00,schloemer,L6,33,42,35.68214808011707,0.0,0.0,0.0,4,8,2184616.11112,34734.983586
2024-09-01 21:00:00,schloemer,L7,34,36,27.729289540104507,0.0,0.0,0.0,4,8,2184616.11112,34734.983586
2024-09-01 21:00:00,schloemer,L8,36,38,29.06631519379568,0.0,0.0,0.0,4,8,2184616.11112,34734.983586
2024-09-01 21:00:00,schloemer,L9,36,39,30.199900288999125,0.0,0.0,0.0,4,8,2184616.11112,34734.983586
2024-09-01 21:00:00,schloemer,L10,37,36,29.877924605203674,0.0,0.0,0.0,20,48,2185542.33716,34764.744572
2024-09-01 21:00:00,schloemer,L11,37,64,37.38010219974904,0.0,0.0,0.0,4,8,2184616.11112,34734.983586
2024-09-01 21:00:00,schloemer,L12,38,39,30.365285891613308,0.0,0.0,0.0,4,8,2184616.11112,34734.983586
2024-09-01 21:00:00,schloemer,L13,39,40,36.63192963504149,0.0,0.0,0.0,4,8,2184616.11112,34734.983586
2024-09-01 21:00:00,schloemer,L14,39,41,38.115394209768596,0.0,0.0,0.0,4,8,2184616.11112,34734.983586
2024-09-01 21:00:00,schloemer,L15,40,41,39.28461533129718,0.0,0.0,0.0,4,8,2184616.11112,34734.983586
2024-09-01 21:00:00,schloemer,L16,41,48,44.9199513110873,0.0,0.0,0.0,4,8,2184616.11112,34734.983586
2024-09-01 21:00:00,schloemer,L17,41,48,44.9199513110873,0.0,0.0,0.0,4,8,2184616.11112,34734.983586
2024-09-01 21:00:00,schloemer,L18,42,43,39.40687837619743,0.0,0.0,0.0,4,8,2184616.11112,34734.983586
2024-09-01 21:00:00,schloemer,L19,43,44,44.27089064747057,0.0,0.0,0.0,4,8,2184616.11112,34734.983586
2024-09-01 21:00:00,schloemer,L20,44,45,49.802306947772564,0.0,0.0,0.0,4,8,2184616.11112,34734.983586
2024-09-01 21:00:00,schloemer,L21,44,48,48.311173292273914,0.0,0.0,0.0,4,8,2184616.11112,34734.983586
2024-09-01 21:00:00,schloemer,L22,45,46,53.170808036808715,0.0,0.0,0.0,4,8,2184616.11112,34734.983586
2024-09-01 21:00:00,schloemer,L23,45,47,53.93826259572796,1.1102230246251565e-16,0.0,4.440892098500626e-16,4,8,2184616.11112,34734.983586
2024-09-01 21:00:00,schloemer,L24,46,48,51.564970522058374,0.0,0.0,0.0,4,8,2184616.11112,34734.983586
2024-09-01 21:00:00,schloemer,L25,46,68,53.69032477656394,0.0,0.0,0.0,4,8,2184616.11112,34734.983586
2024-09-01 21:00:00,schloemer,L26,47,48,52.15169672945628,0.0,0.0,0.0,4,8,2184616.11112,34734.983586
2024-09-01 21:00:00,schloemer,L27,48,49,50.558015921418686,0.0,0.0,0.0,4,8,2184616.11112,34734.983586
2024-09-01 21:00:00,schloemer,L28,48,50,51.964631695831635,0.0,0.0,0.0,4,8,2184616.11112,34734.983586
2024-09-01 21:00:00,schloemer,L29,48,53,48.74152557368382,0.0,0.0,0.0,4,8,2184616.11112,34734.983586
2024-09-01 21:00:00,schloemer,L30,48,53,48.74152557368382,0.0,0.0,0.0,4,8,2184616.11112,34734.983586
2024-09-01 21:00:00,schloemer,L31,48,65,45.53329916004728,0.0,0.0,0.0,4,8,2184616.11112,34734.983586
2024-09-01 21:00:00,schloemer,L32,48,65,45.53329916004728,0.0,0.0,0.0,4,8,2184616.11112,34734.983586
2024-09-01 21:00:00,schloemer,L33,48,68,52.14661460937433,0.0,0.0,0.0,4,8,2184616.11112,34734.983586
2024-09-01 21:00:00,schloemer,L34,49,56,50.907070309666544,0.0,0.0,0.0,4,8,2184616.11112,34734.983586
2024-09-01 21:00:00,schloemer,L35,50,51,54.96179507734671,1.1102230246251565e-16,0.0,4.440892098500626e-16,4,8,2184616.11112,34734.983586
2024-09-01 21:00:00,schloemer,L36,50,57,53.01252101969235,0.0,0.0,0.0,4,8,2184616.11112,34734.983586
2024-09-01 21:00:00,schloemer,L37,51,52,52.84839673150083,0.0,0.0,0.0,4,8,2184616.11112,34734.983586
2024-09-01 21:00:00,schloemer,L38,52,53,48.89038499244116,0.0,0.0,0.0,4,8,2184616.11112,34734.983586
2024-09-01 21:00:00,schloemer,L39,53,54,45.75978865334932,0.0,0.0,0.0,4,8,2184616.11112,34734.983586
2024-09-01 21:00:00,schloemer,L40,53,55,46.96776713334385,0.0,0.0,0.0,4,8,2184616.11112,34734.983586
2024-09-01 21:00:00,schloemer,L41,53,58,44.5537517278891,0.0,0.0,0.0,4,8,2184616.11112,34734.983586
2024-09-01 21:00:00,schloemer,L42,54,55,45.38359862646088,0.0,0.0,0.0,4,8,2184616.11112,34734.983586
2024-09-01 21:00:00,schloemer,L43,54,58,43.162902857461745,0.0,0.0,0.0,4,8,2184616.11112,34734.983586
2024-09-01 21:00:00,schloemer,L44,55,56,48.377052552020906,0.0,0.0,0.0,4,8,2184616.11112,34734.983586
2024-09-01 21:00:00,schloemer,L45,55,57,49.068152324237175,0.0,0.0,0.0,4,8,2184616.11112,34734.983586
2024-09-01 21:00:00,schloemer,L46,55,58,44.24439166988034,0.0,0.0,0.0,4,8,2184616.11112,34734.983586
2024-09-01 21:00:00,schloemer,L47,55,58,44.24439166988034,0.0,0.0,0.0,4,8,2184616.11112,34734.983586
2024-09-01 21:00:00,schloemer,L48,58,59,40.226260266376606,0.0,0.0,0.0,4,8,2184616.11112,34734.983586
2024-09-01 21:00:00,schloemer,L49,58,60,40.42855945934548,0.0,0.0,0.0,4,8,2184616.11112,34734.983586
2024-09-01 21:00:00,schloemer,L50,59,60,38.68449198599646,0.0,0.0,0.0,4,8,2184616.11112,34734.983586
2024-09-01 21:00:00,schloemer,L51,59,61,38.81967246277668,0.0,0.0,0.0,4,8,2184616.11112,34734.983586
2024-09-01 21:00:00,schloemer,L52,60,61,38.96106755757122,0.0,0.0,0.0,4,8,2184616.11112,34734.983586
2024-09-01 21:00:00,schloemer,L53,61,65,40.555210400065576,0.0,0.0,0.0,4,8,2184616.11112,34734.983586
2024-09-01 21:00:00,schloemer,L54,61,66,38.741291839397675,0.0,0.0,0.0,4,8,2184616.11112,34734.983586
2024-09-01 21:00:00,schloemer,L55,62,58,41.12469278868375,0.0,0.0,0.0,13,30,2185148.89802,34751.629934
2024-09-01 21:00:00,schloemer,L56,62,63,40.042636582762604,0.0,0.0,0.0,4,8,2184616.11112,34734.983586
2024-09-01 21:00:00,schloemer,L57,63,60,39.38285445761373,0.0,0.0,0.0,20,47,2185512.78098,34763.759366
2024-09-01 21:00:00,schloemer,L58,63,64,40.22612232583572,0.0,0.0,0.0,4,8,2184616.11112,34734.983586
2024-09-01 21:00:00,schloemer,L59,64,65,41.26111785962169,0.0,0.0,0.0,20,48,2185545.98792,34764.866264
2024-09-01 21:00:00,schloemer,L60,64,67,42.77780449950906,0.0,0.0,0.0,38,93,2186503.81292,34796.793764
2024-09-01 21:00:00,schloemer,L61,65,66,40.16234861806655,0.0,0.0,0.0,4,8,2184616.11112,34734.983586
2024-09-01 21:00:00,schloemer,L62,67,68,48.91787532143978,0.0,0.0,0.0,28,68,2185978.45538,34779.281846
2024-09-01 21:00:00,schloemer,L63,68,69,58.96567140459377,1.1102230246251565e-15,0.0,4.440892098500626e-15,4,8,2184616.11112,34734.983586
2024-09-01 21:00:00,schloemer,L64,68,74,55.053203493558996,1.1102230246251565e-16,0.0,4.440892098500626e-16,4,8,2184616.11112,34734.983586
2024-09-01 21:00:00,schloemer,L65,68,76,51.02019579348836,0.0,0.0,0.0,4,8,2184616.11112,34734.983586
2024-09-01 21:00:00,schloemer,L66,69,70,67.62967648832691,2.5834889783027393e-13,5.084821452783217e-14,1.440181307543753e-12,4,8,2184616.11112,34734.983586
2024-09-01 21:00:00,schloemer,L67,69,73,62.9748767499116,1.3433698597964394e-14,0.0,5.3734794391857577e-14,4,8,2184616.11112,34734.983586
2024-09-01 21:00:00,schloemer,L68,69,74,60.03730360985635,2.220446049250313e-15,0.0,8.881784197001252e-15,4,8,2184616.11112,34734.983586
2024-09-01 21:00:00,schloemer,L69,70,71,72.94620246791052,7.997491557887315e-12,1.9884337065789737e-08,1.591066753903192e-07,4,8,2184616.11112,34734.983586
2024-09-01 21:00:00,schloemer,L70,70,72,69.55592556800462,8.925082894961633e-13,1.0667355887505892e-11,8.890888025803179e-11,4,8,2184616.11112,34734.983586
2024-09-01 21:00:00,schloemer,L71,73,74,58.66259223028253,9.992007221626409e-16,0.0,3.9968028886505635e-15,4,8,2184616.11112,34734.983586
2024-09-01 21:00:00,schloemer,L72,74,76,51.760985623649205,0.0,0.0,0.0,4,8,2184616.11112,34734.983586
2024-09-01 21:00:00,schloemer,L73,74,117,55.75449275164102,2.220446049250313e-16,0.0,8.881784197001252e-16,4,8,2184616.11112,34734.983586
2024-09-01 21:00:00,schloemer,L74,75,76,49.54663135277673,0.0,0.0,0.0,4,8,2184616.11112,34734.983586
2024-09-01 21:00:00,schloemer,L75,75,117,53.031056093640025,0.0,0.0,0.0,4,8,2184616.11112,34734.983586
2024-09-01 21:00:00,schloemer,L76,76,77,47.1248843726116,0.0,0.0,0.0,4,8,2184616.11112,34734.983586
2024-09-01 21:00:00,schloemer,L77,76,79,44.41262530518305,0.0,0.0,0.0,4,8,2184616.11112,34734.983586
2024-09-01 21:00:00,schloemer,L78,76,79,44.41262530518305,0.0,0.0,0.0,4,8,2184616.11112,34734.983586
2024-09-01 21:00:00,schloemer,L79,76,81,44.842669500834596,0.0,0.0,0.0,4,8,2184616.11112,34734.983586
2024-09-01 21:00:00,schloemer,L80,77,78,44.50811607075941,0.0,0.0,0.0,4,8,2184616.11112,34734.983586
2024-09-01 21:00:00,schloemer,L81,78,79,42.17802844688555,0.0,0.0,0.0,4,8,2184616.11112,34734.983586
2024-09-01 21:00:00,schloemer,L82,79,95,39.51906742495023,0.0,0.0,0.0,4,8,2184616.11112,34734.983586
2024-09-01 21:00:00,schloemer,L83,79,96,39.62093103703663,0.0,0.0,0.0,4,8,2184616.11112,34734.983586
2024-09-01 21:00:00,schloemer,L84,79,97,40.35917419759518,0.0,0.0,0.0,4,8,2184616.11112,34734.983586
2024-09-01 21:00:00,schloemer,L85,79,98,39.41902943106614,0.0,0.0,0.0,4,8,2184616.11112,34734.983586
2024-09-01 21:00:00,schloemer,L86,80,67,44.25416394000135,0.0,0.0,0.0,30,72,2186055.70436,34781.856812
2024-09-01 21:00:00,schloemer,L87,80,79,42.366150874802166,0.0,0.0,0.0,28,69,2185981.58126,34779.386042
2024-09-01 21:00:00,schloemer,L88,81,82,40.923174892638244,0.0,0.0,0.0,4,8,2184616.11112,34734.983586
2024-09-01 21:00:00,schloemer,L89,81,95,39.81201326651144,0.0,0.0,0.0,4,8,2184616.11112,34734.983586
2024-09-01 21:00:00,schloemer,L90,93,95,36.197506408318695,0.0,0.0,0.0,4,8,2184616.11112,34734.983586
2024-09-01 21:00:00,schloemer,L91,95,96,37.97440468091101,0.0,0.0,0.0,4,8,2184616.11112,34734.983586
2024-09-01 21:00:00,schloemer,L92,115,67,44.2515421956705,0.0,0.0,0.0,13,29,2185126.88168,34750.896056
2024-09-01 22:00:00,schloemer,L0,22,23,87.0025444159391,5.479875730962647e-08,0.04920807154786677,0.33214251979231024,4,8,2184616.11112,34734.983586
2024-09-01 22:00:00,schloemer,L1,23,69,74.70186204130722,2.4896751327219135e-11,4.418951881079991e-07,3.535255623909883e-06,4,8,2184616.11112,34734.983586
2024-09-01 22:00:00,schloemer,L2,23,71,80.83997083648055,1.2588975417671122e-09,0.0008666056895992869,0.006911858772562951,4,8,2184616.11112,34734.983586
2024-09-01 22:00:00,schloemer,L3,29,37,30.13719158819747,0.0,0.0,0.0,4,8,2184616.11112,34734.983586
2024-09-01 22:00:00,schloemer,L4,32,36,28.566942298565536,0.0,0.0,0.0,4,8,2184616.11112,34734.983586
2024-09-01 22:00:00,schloemer,L5,33,36,30.141198126695336,0.0,0.0,0.0,4,8,2184616.11112,34734.983586
2024-09-01 22:00:00,schloemer,L6,33,42,36.42531923733962,0.0,0.0,0.0,4,8,2184616.11112,34734.983586
2024-09-01 22:00:00,schloemer,L7,34,36,28.14963862584364,0.0,0.0,0.0,4,8,2184616.11112,34734.983586
2024-09-01 22:00:00,schloemer,L8,36,38,29.569781802377054,0.0,0.0,0.0,4,8,2184616.11112,34734.983586
2024-09-01 22:00:00,schloemer,L9,36,39,34.67356137483539,0.0,0.0,0.0,4,8,2184616.11112,34734.983586
2024-09-01 22:00:00,schloemer,L10,37,36,30.42047800064285,0.0,0.0,0.0,20,48,2185542.33716,34764.744572
2024-09-01 22:00:00,schloemer,L11,37,64,38.23040938026895,0.0,0.0,0.0,4,8,2184616.11112,34734.983586
2024-09-01 22:00:00,schloemer,L12,38,39,34.87660414399823,0.0,0.0,0.0,4,8,2184616.11112,34734.983586
2024-09-01 22:00:00,schloemer,L13,39,40,37.45956378598615,0.0,0.0,0.0,4,8,2184616.11112,34734.983586
2024-09-01 22:00:00,schloemer,L14,39,41,39.04796167251662,0.0,0.0,0.0,4,8,2184616.11112,34734.983586
2024-09-01 22:00:00,schloemer,L15,40,41,40.309859957227516,0.0,0.0,0.0,4,8,2184616.11112,34734.983586
2024-09-01 22:00:00,schloemer,L16,41,48,46.40562435434525,0.0,0.0,0.0,4,8,2184616.11112,34734.983586
2024-09-01 22:00:00,schloemer,L17,41,48,46.40562435434525,0.0,0.0,0.0,4,8,2184616.11112,34734.983586
2024-09-01 22:00:00,schloemer,L18,42,43,40.41924892998884,0.0,0.0,0.0,4,8,2184616.11112,34734.983586
2024-09-01 22:00:00,schloemer,L19,43,44,45.69545253489966,0.0,0.0,0.0,4,8,2184616.11112,34734.983586
2024-09-01 22:00:00,schloemer,L20,44,45,51.780894023183855,0.0,0.0,0.0,4,8,2184616.11112,34734.983586
2024-09-01 22:00:00,schloemer,L21,44,48,50.11010457097615,0.0,0.0,0.0,4,8,2184616.11112,34734.983586
2024-09-01 22:00:00,schloemer,L22,45,46,55.55872064938209,1.1102230246251565e-16,0.0,4.440892098500626e-16,4,8,2184616.11112,34734.983586
2024-09-01 22:00:00,schloemer,L23,45,47,56.36171087155546,2.220446049250313e-16,0.0,8.881784197001252e-16,4,8,2184616.11112,34734.983586
2024-09-01 22:00:00,schloemer,L24,46,48,53.74508694035065,0.0,0.0,0.0,4,8,2184616.11112,34734.983586
2024-09-01 22:00:00,schloemer,L25,46,68,56.17240142022312,2.220446049250313e-16,0.0,8.881784197001252e-16,4,8,2184616.11112,34734.983586
2024-09-01 22:00:00,schloemer,L26,47,48,54.336474348287595,1.1102230246251565e-16,0.0,4.440892098500626e-16,4,8,2184616.11112,34734.983586
2024-09-01 22:00:00,schloemer,L27,48,49,52.49099003275183,0.0,0.0,0.0,4,8,2184616.11112,34734.983586
2024-09-01 22:00:00,schloemer,L28,48,50,54.01029922236366,1.1102230246251565e-16,0.0,4.440892098500626e-16,4,8,2184616.11112,34734.983586
2024-09-01 22:00:00,schloemer,L29,48,53,50.42550243076145,0.0,0.0,0.0,4,8,2184616.11112,34734.983586
2024-09-01 22:00:00,schloemer,L30,48,53,50.42550243076145,0.0,0.0,0.0,4,8,2184616.11112,34734.983586
2024-09-01 22:00:00,schloemer,L31,48,65,47.005428411550774,0.0,0.0,0.0,4,8,2184616.11112,34734.983586
2024-09-01 22:00:00,schloemer,L32,48,65,47.005428411550774,0.0,0.0,0.0,4,8,2184616.11112,34734.983586
2024-09-01 22:00:00,schloemer,L33,48,68,54.434624812568394,1.1102230246251565e-16,0.0,4.440892098500626e-16,4,8,2184616.11112,34734.983586
2024-09-01 22:00:00,schloemer,L34,49,56,52.660496259341826,0.0,0.0,0.0,4,8,2184616.11112,34734.983586
2024-09-01 22:00:00,schloemer,L35,50,51,56.95997740002573,3.3306690738754696e-16,0.0,1.3322676295501878e-15,4,8,2184616.11112,34734.983586
2024-09-01 22:00:00,schloemer,L36,50,57,54.84661032894774,1.1102230246251565e-16,0.0,4.440892098500626e-16,4,8,2184616.11112,34734.983586
2024-09-01 22:00:00,schloemer,L37,51,52,54.42898565279501,1.1102230246251565e-16,0.0,4.440892098500626e-16,4,8,2184616.11112,34734.983586
2024-09-01 22:00:00,schloemer,L38,52,53,50.28252993845827,0.0,0.0,0.0,4,8,2184616.11112,34734.983586
2024-09-01 22:00:00,schloemer,L39,53,54,46.93225640031278,0.0,0.0,0.0,4,8,2184616.11112,34734.983586
2024-09-01 22:00:00,schloemer,L40,53,55,48.248802489291045,0.0,0.0,0.0,4,8,2184616.11112,34734.983586
2024-09-01 22:00:00,schloemer,L41,53,58,45.67413686696317,0.0,0.0,0.0,4,8,2184616.11112,34734.983586
2024-09-01 22:00:00,schloemer,L42,54,55,46.45921014367423,0.0,0.0,0.0,4,8,2184616.11112,34734.983586
2024-09-01 22:00:00,schloemer,L43,54,58,44.11206431925613,0.0,0.0,0.0,4,8,2184616.11112,34734.983586
2024-09-01 22:00:00,schloemer,L44,55,56,49.73878065008384,0.0,0.0,0.0,4,8,2184616.11112,34734.983586
2024-09-01 22:00:00,schloemer,L45,55,57,50.43103420059471,0.0,0.0,0.0,4,8,2184616.11112,34734.983586
2024-09-01 22:00:00,schloemer,L46,55,58,45.28104169344765,0.0,0.0,0.0,4,8,2184616.11112,34734.983586
2024-09-01 22:00:00,schloemer,L47,55,58,45.28104169344765,0.0,0.0,0.0,4,8,2184616.11112,34734.983586
2024-09-01 22:00:00,schloemer,L48,58,59,41.017057083503175,0.0,0.0,0.0,4,8,2184616.11112,34734.983586
2024-09-01 22:00:00,schloemer,L49,58,60,41.26133780922843,0.0,0.0,0.0,4,8,2184616.11112,34734.983586
2024-09-01 22:00:00,schloemer,L50,59,60,39.40682444990388,0.0,0.0,0.0,4,8,2184616.11112,34734.983586
2024-09-01 22:00:00,schloemer,L51,59,61,39.57638904508251,0.0,0.0,0.0,4,8,2184616.11112,34734.983586
2024-09-01 22:00:00,schloemer,L52,60,61,39.750459147354135,0.0,0.0,0.0,4,8,2184616.11112,34734.983586
2024-09-01 22:00:00,schloemer,L53,61,65,41.530104812985705,0.0,0.0,0.0,4,8,2184616.11112,34734.983586
2024-09-01 22:00:00,schloemer,L54,61,66,39.56428082318612,0.0,0.0,0.0,4,8,2184616.11112,34734.983586
2024-09-01 22:00:00,schloemer,L55,62,58,42.00431222212917,0.0,0.0,0.0,13,30,2185148.89802,34751.629934
2024-09-01 22:00:00,schloemer,L56,62,63,40.935576517095534,0.0,0.0,0.0,4,8,2184616.11112,34734.983586
2024-09-01 22:00:00,schloemer,L57,63,60,40.22851128132832,0.0,0.0,0.0,20,47,2185512.78098,34763.759366
2024-09-01 22:00:00,schloemer,L58,63,64,41.24517026700594,0.0,0.0,0.0,4,8,2184616.11112,34734.983586
2024-09-01 22:00:00,schloemer,L59,64,65,42.380356023093505,0.0,0.0,0.0,20,48,2185545.98792,34764.866264
2024-09-01 22:00:00,schloemer,L60,64,67,44.099868873057275,0.0,0.0,0.0,38,93,2186503.81292,34796.793764
2024-09-01 22:00:00,schloemer,L61,65,66,41.13195448858325,0.0,0.0,0.0,4,8,2184616.11112,34734.983586
2024-09-01 22:00:00,schloemer,L62,67,68,50.85199172844354,0.0,0.0,0.0,28,68,2185978.45538,34779.281846
2024-09-01 22:00:00,schloemer,L63,68,69,62.00064768127736,7.327471962526033e-15,0.0,2.930988785010413e-14,4,8,2184616.11112,34734.983586
2024-09-01 22:00:00,schloemer,L64,68,74,57.60472222240171,5.551115123125783e-16,0.0,2.220446049250313e-15,4,8,2184616.11112,34734.983586
2024-09-01 22:00:00,schloemer,L65,68,76,53.0825154217214,0.0,0.0,0.0,4,8,2184616.11112,34734.983586
2024-09-01 22:00:00,schloemer,L66,69,70,71.23363909086135,2.639444218743847e-12,5.83462833603221e-10,4.678260445700744e-09,4,8,2184616.11112,34734.983586
2024-09-01 22:00:00,schloemer,L67,69,73,66.24971559486657,1.0691447727140257e-13,6.661338147750939e-16,4.3298697960381105e-13,4,8,2184616.11112,34734.983586
2024-09-01 22:00:00,schloemer,L68,69,74,63.03530253661775,1.3988810110276972e-14,0.0,5.595524044110789e-14,4,8,2184616.11112,34734.983586
2024-09-01 22:00:00,schloemer,L69,70,71,76.39109783486069,7.399447721212482e-11,5.651406634221701e-06,4.521065477325337e-05,4,8,2184616.11112,34734.983586
2024-09-01 22:00:00,schloemer,L70,70,72,72.3622693900934,5.480060849549773e-12,6.333203739217197e-09,5.068754904691275e-08,4,8,2184616.11112,34734.983586
2024-09-01 22:00:00,schloemer,L71,73,74,61.43942406188455,5.218048215738236e-15,0.0,2.0872192862952943e-14,4,8,2184616.11112,34734.983586
2024-09-01 22:00:00,schloemer,L72,74,76,53.790827796932305,0.0,0.0,0.0,4,8,2184616.11112,34734.983586
2024-09-01 22:00:00,schloemer,L73,74,117,58.145751658511315,6.661338147750939e-16,0.0,2.6645352591003757e-15,4,8,2184616.11112,34734.983586
2024-09-01 22:00:00,schloemer,L74,75,76,51.25906972863523,0.0,0.0,0.0,4,8,2184616.11112,34734.983586
2024-09-01 22:00:00,schloemer,L75,75,117,55.00238169332324,1.1102230246251565e-16,0.0,4.440892098500626e-16,4,8,2184616.11112,34734.983586
2024-09-01 22:00:00,schloemer,L76,76,77,48.60145603448451,0.0,0.0,0.0,4,8,2184616.11112,34734.983586
2024-09-01 22:00:00,schloemer,L77,76,79,45.70093492808544,0.0,0.0,0.0,4,8,2184616.11112,34734.983586
2024-09-01 22:00:00,schloemer,L78,76,79,45.70093492808544,0.0,0.0,0.0,4,8,2184616.11112,34734.983586
2024-09-01 22:00:00,schloemer,L79,76,81,46.12578439320002,0.0,0.0,0.0,4,8,2184616.11112,34734.983586
2024-09-01 22:00:00,schloemer,L80,77,78,45.67831510492115,0.0,0.0,0.0,4,8,2184616.11112,34734.983586
2024-09-01 22:00:00,schloemer,L81,78,79,43.2188040681927,0.0,0.0,0.0,4,8,2184616.11112,34734.983586
2024-09-01 22:00:00,schloemer,L82,79,95,40.38855806269856,0.0,0.0,0.0,4,8,2184616.11112,34734.983586
2024-09-01 22:00:00,schloemer,L83,79,96,40.48505379028841,0.0,0.0,0.0,4,8,2184616.11112,34734.983586
2024-09-01 22:00:00,schloemer,L84,79,97,41.267403327426194,0.0,0.0,0.0,4,8,2184616.11112,34734.983586
2024-09-01 22:00:00,schloemer,L85,79,98,40.30819384343995,0.0,0.0,0.0,4,8,2184616.11112,34734.983586
2024-09-01 22:00:00,schloemer,L86,80,67,45.70535813299732,0.0,0.0,0.0,30,72,2186055.70436,34781.856812
2024-09-01 22:00:00,schloemer,L87,80,79,43.54602792591711,0.0,0.0,0.0,28,69,2185981.58126,34779.386042
2024-09-01 22:00:00,schloemer,L88,81,82,41.78812389106623,0.0,0.0,0.0,4,8,2184616.11112,34734.983586
2024-09-01 22:00:00,schloemer,L89,81,95,40.67099187236086,0.0,0.0,0.0,4,8,2184616.11112,34734.983586
2024-09-01 22:00:00,schloemer,L90,93,95,36.82361072440093,0.0,0.0,0.0,4,8,2184616.11112,34734.983586
2024-09-01 22:00:00,schloemer,L91,95,96,38.70754431077463,0.0,0.0,0.0,4,8,2184616.11112,34734.983586
2024-09-01 22:00:00,schloemer,L92,115,67,45.718088029162324,0.0,0.0,0.0,13,29,2185126.88168,34750.896056
2024-09-01 23:00:00,schloemer,L0,22,23,91.86306302163601,8.873759815841709e-07,0.2527428853432868,0.9027792588006649,4,8,2184616.11112,34734.983586
2024-09-01 23:00:00,schloemer,L1,23,69,79.36069886407633,4.942499742810469e-10,0.0002064802605198368,0.001650650795998132,4,8,2184616.11112,34734.983586
2024-09-01 23:00:00,schloemer,L2,23,71,85.0257281768944,1.675106342524657e-08,0.01798846768355955,0.13516615996936465,4,8,2184616.11112,34734.983586
2024-09-01 23:00:00,schloemer,L3,29,37,34.589606949951325,0.0,0.0,0.0,4,8,2184616.11112,34734.983586
2024-09-01 23:00:00,schloemer,L4,32,36,29.05809499988117,0.0,0.0,0.0,4,8,2184616.11112,34734.983586
2024-09-01 23:00:00,schloemer,L5,33,36,34.619924831723765,0.0,0.0,0.0,4,8,2184616.11112,34734.983586
2024-09-01 23:00:00,schloemer,L6,33,42,37.246206328625725,0.0,0.0,0.0,4,8,2184616.11112,34734.983586
2024-09-01 23:00:00,schloemer,L7,34,36,28.61095873107782,0.0,0.0,0.0,4,8,2184616.11112,34734.983586
2024-09-01 23:00:00,schloemer,L8,36,38,30.12426279421278,0.0,0.0,0.0,4,8,2184616.11112,34734.983586
2024-09-01 23:00:00,schloemer,L9,36,39,35.38586723693882,0.0,0.0,0.0,4,8,2184616.11112,34734.983586
2024-09-01 23:00:00,schloemer,L10,37,36,34.94926960868837,0.0,0.0,0.0,20,48,2185542.33716,34764.744572
2024-09-01 23:00:00,schloemer,L11,37,64,39.17088721006191,0.0,0.0,0.0,4,8,2184616.11112,34734.983586
2024-09-01 23:00:00,schloemer,L12,38,39,35.60823381437831,0.0,0.0,0.0,4,8,2184616.11112,34734.983586
2024-09-01 23:00:00,schloemer,L13,39,40,38.37845376074289,0.0,0.0,0.0,4,8,2184616.11112,34734.983586
2024-09-01 23:00:00,schloemer,L14,39,41,40.08590056359627,0.0,0.0,0.0,4,8,2184616.11112,34734.983586
2024-09-01 23:00:00,schloemer,L15,40,41,41.454325127314476,0.0,0.0,0.0,4,8,2184616.11112,34734.983586
2024-09-01 23:00:00,schloemer,L16,41,48,48.079576833606616,0.0,0.0,0.0,4,8,2184616.11112,34734.983586
2024-09-01 23:00:00,schloemer,L17,41,48,48.079576833606616,0.0,0.0,0.0,4,8,2184616.11112,34734.983586
2024-09-01 23:00:00,schloemer,L18,42,43,41.545649467454155,0.0,0.0,0.0,4,8,2184616.11112,34734.983586
2024-09-01 23:00:00,schloemer,L19,43,44,47.29789108960185,0.0,0.0,0.0,4,8,2184616.11112,34734.983586
2024-09-01 23:00:00,schloemer,L20,44,45,54.037112710930195,1.1102230246251565e-16,0.0,4.440892098500626e-16,4,8,2184616.11112,34734.983586
2024-09-01 23:00:00,schloemer,L21,44,48,52.14838630165022,0.0,0.0,0.0,4,8,2184616.11112,34734.983586
2024-09-01 23:00:00,schloemer,L22,45,46,58.31357571985221,7.771561172376096e-16,0.0,3.1086244689504383e-15,4,8,2184616.11112,34734.983586
2024-09-01 23:00:00,schloemer,L23,45,47,59.146107276624086,1.2212453270876722e-15,0.0,4.884981308350689e-15,4,8,2184616.11112,34734.983586
2024-09-01 23:00:00,schloemer,L24,46,48,56.244004774574805,2.220446049250313e-16,0.0,8.881784197001252e-16,4,8,2184616.11112,34734.983586
2024-09-01 23:00:00,schloemer,L25,46,68,59.04952336914926,1.2212453270876722e-15,0.0,4.884981308350689e-15,4,8,2184616.11112,34734.983586
2024-09-01 23:00:00,schloemer,L26,47,48,56.82685322010229,3.3306690738754696e-16,0.0,1.3322676295501878e-15,4,8,2184616.11112,34734.983586
2024-09-01 23:00:00,schloemer,L27,48,49,54.66589657520582,1.1102230246251565e-16,0.0,4.440892098500626e-16,4,8,2184616.11112,34734.983586
2024-09-01 23:00:00,schloemer,L28,48,50,56.308915205014046,2.220446049250313e-16,0.0,8.881784197001252e-16,4,8,2184616.11112,34734.983586
2024-09-01 23:00:00,schloemer,L29,48,53,52.29710801482511,0.0,0.0,0.0,4,8,2184616.11112,34734.983586
2024-09-01 23:00:00,schloemer,L30,48,53,52.29710801482511,0.0,0.0,0.0,4,8,2184616.11112,34734.983586
2024-09-01 23:00:00,schloemer,L31,48,65,48.65062385653793,0.0,0.0,0.0,4,8,2184616.11112,34734.983586
2024-09-01 23:00:00,schloemer,L32,48,65,48.65062385653793,0.0,0.0,0.0,4,8,2184616.11112,34734.983586
2024-09-01 23:00:00,schloemer,L33,48,68,57.07316950459173,3.3306690738754696e-16,0.0,1.3322676295501878e-15,4,8,2184616.11112,34734.983586
2024-09-01 23:00:00,schloemer,L34,49,56,54.580843109070464,1.1102230246251565e-16,0.0,4.440892098500626e-16,4,8,2184616.11112,34734.983586
2024-09-01 23:00:00,schloemer,L35,50,51,59.11699618292805,1.2212453270876722e-15,0.0,4.884981308350689e-15,4,8,2184616.11112,34734.983586
2024-09-01 23:00:00,schloemer,L36,50,57,56.82847896254235,3.3306690738754696e-16,0.0,1.3322676295501878e-15,4,8,2184616.11112,34734.983586
2024-09-01 23:00:00,schloemer,L37,51,52,56.07648234438072,2.220446049250313e-16,0.0,8.881784197001252e-16,4,8,2184616.11112,34734.983586
2024-09-01 23:00:00,schloemer,L38,52,53,51.76231899656127,0.0,0.0,0.0,4,8,2184616.11112,34734.983586
2024-09-01 23:00:00,schloemer,L39,53,54,48.17995156103359,0.0,0.0,0.0,4,8,2184616.11112,34734.983586
2024-09-01 23:00:00,schloemer,L40,53,55,49.61744448062182,0.0,0.0,0.0,4,8,2184616.11112,34734.983586
2024-09-01 23:00:00,schloemer,L41,53,58,46.872905294717874,0.0,0.0,0.0,4,8,2184616.11112,34734.983586
2024-09-01 23:00:00,schloemer,L42,54,55,47.58883216575455,0.0,0.0,0.0,4,8,2184616.11112,34734.983586
2024-09-01 23:00:00,schloemer,L43,54,58,45.11230786972052,0.0,0.0,0.0,4,8,2184616.11112,34734.983586
2024-09-01 23:00:00,schloemer,L44,55,56,51.18814857831195,0.0,0.0,0.0,4,8,2184616.11112,34734.983586
2024-09-01 23:00:00,schloemer,L45,55,57,51.869464092430995,0.0,0.0,0.0,4,8,2184616.11112,34734.983586
2024-09-01 23:00:00,schloemer,L46,55,58,46.37738870026597,0.0,0.0,0.0,4,8,2184616.11112,34734.983586
2024-09-01 23:00:00,schloemer,L47,55,58,46.37738870026597,0.0,0.0,0.0,4,8,2184616.11112,34734.983586
2024-09-01 23:00:00,schloemer,L48,58,59,41.85381409122346,0.0,0.0,0.0,4,8,2184616.11112,34734.983586
2024-09-01 23:00:00,schloemer,L49,58,60,42.1481737413221,0.0,0.0,0.0,4,8,2184616.11112,34734.983586
2024-09-01 23:00:00,schloemer,L50,59,60,40.17446577789965,0.0,0.0,0.0,4,8,2184616.11112,34734.983586
2024-09-01 23:00:00,schloemer,L51,59,61,40.38527332555649,0.0,0.0,0.0,4,8,2184616.11112,34734.983586
2024-09-01 23:00:00,schloemer,L52,60,61,40.59858558353715,0.0,0.0,0.0,4,8,2184616.11112,34734.983586
2024-09-01 23:00:00,schloemer,L53,61,65,42.59497349560777,0.0,0.0,0.0,4,8,2184616.11112,34734.983586
2024-09-01 23:00:00,schloemer,L54,61,66,40.45667902470282,0.0,0.0,0.0,4,8,2184616.11112,34734.983586
2024-09-01 23:00:00,schloemer,L55,62,58,42.941962813559144,0.0,0.0,0.0,13,30,2185148.89802,34751.629934
2024-09-01 23:00:00,schloemer,L56,62,63,41.902218690979716,0.0,0.0,0.0,4,8,2184616.11112,34734.983586
2024-09-01 23:00:00,schloemer,L57,63,60,41.14272711642404,0.0,0.0,0.0,20,47,2185512.78098,34763.759366
2024-09-01 23:00:00,schloemer,L58,63,64,42.370574533090526,0.0,0.0,0.0,4,8,2184616.11112,34734.983586
2024-09-01 23:00:00,schloemer,L59,64,65,43.622680888857296,0.0,0.0,0.0,20,48,2185545.98792,34764.866264
2024-09-01 23:00:00,schloemer,L60,64,67,45.58842058736883,0.0,0.0,0.0,38,93,2186503.81292,34796.793764
2024-09-01 23:00:00,schloemer,L61,65,66,42.194658322210785,0.0,0.0,0.0,4,8,2184616.11112,34734.983586
2024-09-01 23:00:00,schloemer,L62,67,68,53.065749102941375,0.0,0.0,0.0,28,68,2185978.45538,34779.281846
2024-09-01 23:00:00,schloemer,L63,68,69,65.52356409900383,6.727951529228449e-14,0.0,2.6911806116913795e-13,4,8,2184616.11112,34734.983586
2024-09-01 23:00:00,schloemer,L64,68,74,60.54235565549365,2.9976021664879227e-15,0.0,1.199040866595169e-14,4,8,2184616.11112,34734.983586
2024-09-01 23:00:00,schloemer,L65,68,76,55.42768494524544,1.1102230246251565e-16,0.0,4.440892098500626e-16,4,8,2184616.11112,34734.983586
2024-09-01 23:00:00,schloemer,L66,69,70,75.24496964487574,3.535471915228072e-11,1.047758259820064e-06,8.382176757915083e-06,4,8,2184616.11112,34734.983586
2024-09-01 23:00:00,schloemer,L67,69,73,69.97480475782993,1.169730978745065e-12,3.0581870369417175e-11,2.4933388687031766e-10,4,8,2184616.11112,34734.983586
2024-09-01 23:00:00,schloemer,L68,69,74,66.4624528469199,1.2234657731369225e-13,1.3322676295501878e-15,5.000444502911705e-13,4,8,2184616.11112,34734.983586
2024-09-01 23:00:00,schloemer,L69,70,71,79.90617886429523,6.98414659439095e-10,0.00035936532839986324,0.002871311994311565,4,8,2184616.11112,34734.983586
2024-09-01 23:00:00,schloemer,L70,70,72,75.13804156967362,3.299704953718674e-11,8.869854006832156e-07,7.095993163952485e-06,4,8,2184616.11112,34734.983586
2024-09-01 23:00:00,schloemer,L71,73,74,64.58914985424924,3.7192471324942744e-14,0.0,1.4876988529977098e-13,4,8,2184616.11112,34734.983586
2024-09-01 23:00:00,schloemer,L72,74,76,56.072271900507815,2.220446049250313e-16,0.0,8.881784197001252e-16,4,8,2184616.11112,34734.983586
2024-09-01 23:00:00,schloemer,L73,74,117,60.830564643609904,3.552713678800501e-15,0.0,1.4210854715202004e-14,4,8,2184616.11112,34734.983586
2024-09-01 23:00:00,schloemer,L74,75,76,53.152820814341474,0.0,0.0,0.0,4,8,2184616.11112,34734.983586
2024-09-01 23:00:00,schloemer,L75,75,117,57.171529842885846,4.440892098500626e-16,0.0,1.7763568394002505e-15,4,8,2184616.11112,34734.983586
2024-09-01 23:00:00,schloemer,L76,76,77,50.22457955108398,0.0,0.0,0.0,4,8,2184616.11112,34734.983586
2024-09-01 23:00:00,schloemer,L77,76,79,47.11987259524924,0.0,0.0,0.0,4,8,2184616.11112,34734.983586
2024-09-01 23:00:00,schloemer,L78,76,79,47.11987259524924,0.0,0.0,0.0,4,8,2184616.11112,34734.983586
2024-09-01 23:00:00,schloemer,L79,76,81,47.531251331013266,0.0,0.0,0.0,4,8,2184616.11112,34734.983586
2024-09-01 23:00:00,schloemer,L80,77,78,46.941872041925734,0.0,0.0,0.0,4,8,2184616.11112,34734.983586
2024-09-01 23:00:00,schloemer,L81,78,79,44.34789085346972,0.0,0.0,0.0,4,8,2184616.11112,34734.983586
2024-09-01 23:00:00,schloemer,L82,79,95,41.33126305451399,0.0,0.0,0.0,4,8,2184616.11112,34734.983586
2024-09-01 23:00:00,schloemer,L83,79,96,41.41990215760518,0.0,0.0,0.0,4,8,2184616.11112,34734.983586
2024-09-01 23:00:00,schloemer,L84,79,97,42.249763258704796,0.0,0.0,0.0,4,8,2184616.11112,34734.983586
2024-09-01 23:00:00,schloemer,L85,79,98,41.276826646207496,0.0,0.0,0.0,4,8,2184616.11112,34734.983586
2024-09-01 23:00:00,schloemer,L86,80,67,47.34386597019985,0.0,0.0,0.0,30,72,2186055.70436,34781.856812
2024-09-01 23:00:00,schloemer,L87,80,79,44.852610823563154,0.0,0.0,0.0,28,69,2185981.58126,34779.386042
2024-09-01 23:00:00,schloemer,L88,81,82,42.70967232354637,0.0,0.0,0.0,4,8,2184616.11112,34734.983586
2024-09-01 23:00:00,schloemer,L89,81,95,41.597312065678345,0.0,0.0,0.0,4,8,2184616.11112,34734.983586
2024-09-01 23:00:00,schloemer,L90,93,95,37.49496702106527,0.0,0.0,0.0,4,8,2184616.11112,34734.983586
2024-09-01 23:00:00,schloemer,L91,95,96,39.495268659132094,0.0,0.0,0.0,4,8,2184616.11112,34734.983586
2024-09-01 23:00:00,schloemer,L92,115,67,47.3773960661319,0.0,0.0,0.0,13,29,2185126.88168,34750.896056
2024-09-02 00:00:00,schloemer,L0,22,23,96.47453311136358,1.0160397912017949e-05,0.558735255308054,0.9985626047913521,4,8,2184616.11112,34734.983586
2024-09-02 00:00:00,schloemer,L1,23,69,84.5755699702356,1.274205441159637e-08,0.01382417661366564,0.10538785686957786,4,8,2184616.11112,34734.983586
2024-09-02 00:00:00,schloemer,L2,23,71,89.11035031528637,1.8783564836866162e-07,0.11372012878617666,0.6193141267371394,4,8,2184616.11112,34734.983586
2024-09-02 00:00:00,schloemer,L3,29,37,35.29443278611714,0.0,0.0,0.0,4,8,2184616.11112,34734.983586
2024-09-02 00:00:00,schloemer,L4,32,36,29.608201119273517,0.0,0.0,0.0,4,8,2184616.11112,34734.983586
2024-09-02 00:00:00,schloemer,L5,33,36,35.35679762675947,0.0,0.0,0.0,4,8,2184616.11112,34734.983586
2024-09-02 00:00:00,schloemer,L6,33,42,38.16702201699688,0.0,0.0,0.0,4,8,2184616.11112,34734.983586
2024-09-02 00:00:00,schloemer,L7,34,36,29.1270877500466,0.0,0.0,0.0,4,8,2184616.11112,34734.983586
2024-09-02 00:00:00,schloemer,L8,36,38,34.64313086991849,0.0,0.0,0.0,4,8,2184616.11112,34734.983586
2024-09-02 00:00:00,schloemer,L9,36,39,36.1850212210972,0.0,0.0,0.0,4,8,2184616.11112,34734.983586
2024-09-02 00:00:00,schloemer,L10,37,36,35.7019972807355,0.0,0.0,0.0,20,48,2185542.33716,34764.744572
2024-09-02 00:00:00,schloemer,L11,37,64,40.22618349587597,0.0,0.0,0.0,4,8,2184616.11112,34734.983586
2024-09-02 00:00:00,schloemer,L12,38,39,36.42999482086056,0.0,0.0,0.0,4,8,2184616.11112,34734.983586
2024-09-02 00:00:00,schloemer,L13,39,40,39.414227261408335,0.0,0.0,0.0,4,8,2184616.11112,34734.983586
2024-09-02 00:00:00,schloemer,L14,39,41,41.2580102345683,0.0,0.0,0.0,4,8,2184616.11112,34734.983586
2024-09-02 00:00:00,schloemer,L15,40,41,42.750166252381874,0.0,0.0,0.0,4,8,2184616.11112,34734.983586
2024-09-02 00:00:00,schloemer,L16,41,48,49.990044060200475,0.0,0.0,0.0,4,8,2184616.11112,34734.983586
2024-09-02 00:00:00,schloemer,L17,41,48,49.990044060200475,0.0,0.0,0.0,4,8,2184616.11112,34734.983586
2024-09-02 00:00:00,schloemer,L18,42,43,42.816323479735054,0.0,0.0,0.0,4,8,2184616.11112,34734.983586
2024-09-02 00:00:00,schloemer,L19,43,44,49.123764659904886,0.0,0.0,0.0,4,8,2184616.11112,34734.983586
2024-09-02 00:00:00,schloemer,L20,44,45,56.64323727462416,3.3306690738754696e-16,0.0,1.3322676295501878e-15,4,8,2184616.11112,34734.983586
2024-09-02 00:00:00,schloemer,L21,44,48,54.486295769120346,1.1102230246251565e-16,0.0,4.440892098500626e-16,4,8,2184616.11112,34734.983586
2024-09-02 00:00:00,schloemer,L22,45,46,61.53656267778853,5.551115123125783e-15,0.0,2.220446049250313e-14,4,8,2184616.11112,34734.983586
2024-09-02 00:00:00,schloemer,L23,45,47,62.38547267359358,9.325873406851315e-15,0.0,3.730349362740526e-14,4,8,2184616.11112,34734.983586
2024-09-02 00:00:00,schloemer,L24,46,48,59.146367163118576,1.2212453270876722e-15,0.0,4.884981308350689e-15,4,8,2184616.11112,34734.983586
2024-09-02 00:00:00,schloemer,L25,46,68,62.43500406736639,9.658940314238862e-15,0.0,3.863576125695545e-14,4,8,2184616.11112,34734.983586
2024-09-02 00:00:00,schloemer,L26,47,48,59.698471980476725,1.7763568394002505e-15,0.0,7.105427357601002e-15,4,8,2184616.11112,34734.983586
2024-09-02 00:00:00,schloemer,L27,48,49,57.13629307173144,3.3306690738754696e-16,0.0,1.3322676295501878e-15,4,8,2184616.11112,34734.983586
2024-09-02 00:00:00,schloemer,L28,48,50,58.913154938164965,1.1102230246251565e-15,0.0,4.440892098500626e-15,4,8,2184616.11112,34734.983586
2024-09-02 00:00:00,schloemer,L29,48,53,54.39413578094355,1.1102230246251565e-16,0.0,4.440892098500626e-16,4,8,2184616.11112,34734.983586
2024-09-02 00:00:00,schloemer,L30,48,53,54.39413578094355,1.1102230246251565e-16,0.0,4.440892098500626e-16,4,8,2184616.11112,34734.983586
2024-09-02 00:00:00,schloemer,L31,48,65,50.509749418697325,0.0,0.0,0.0,4,8,2184616.11112,34734.983586
2024-09-02 00:00:00,schloemer,L32,48,65,50.509749418697325,0.0,0.0,0.0,4,8,2184616.11112,34734.983586
2024-09-02 00:00:00,schloemer,L33,48,68,60.16011111062391,2.3314683517128287e-15,0.0,9.325873406851315e-15,4,8,2184616.11112,34734.983586
2024-09-02 00:00:00,schloemer,L34,49,56,56.69122248920473,3.3306690738754696e-16,0.0,1.3322676295501878e-15,4,8,2184616.11112,34734.983586
2024-09-02 00:00:00,schloemer,L35,50,51,61.43658346590172,5.218048215738236e-15,0.0,2.0872192862952943e-14,4,8,2184616.11112,34734.983586
2024-09-02 00:00:00,schloemer,L36,50,57,58.96680881095357,1.1102230246251565e-15,0.0,4.440892098500626e-15,4,8,2184616.11112,34734.983586
2024-09-02 00:00:00,schloemer,L37,51,52,57.77721397958085,5.551115123125783e-16,0.0,2.220446049250313e-15,4,8,2184616.11112,34734.983586
2024-09-02 00:00:00,schloemer,L38,52,53,53.33433404071136,0.0,0.0,0.0,4,8,2184616.11112,34734.983586
2024-09-02 00:00:00,schloemer,L39,53,54,49.51161475708189,0.0,0.0,0.0,4,8,2184616.11112,34734.983586
2024-09-02 00:00:00,schloemer,L40,53,55,51.083136356114395,0.0,0.0,0.0,4,8,2184616.11112,34734.983586
2024-09-02 00:00:00,schloemer,L41,53,58,48.161968179924294,0.0,0.0,0.0,4,8,2184616.11112,34734.983586
2024-09-02 00:00:00,schloemer,L42,54,55,48.77667056640446,0.0,0.0,0.0,4,8,2184616.11112,34734.983586
2024-09-02 00:00:00,schloemer,L43,54,58,46.17099285838914,0.0,0.0,0.0,4,8,2184616.11112,34734.983586
2024-09-02 00:00:00,schloemer,L44,55,56,52.73112121846392,0.0,0.0,0.0,4,8,2184616.11112,34734.983586
2024-09-02 00:00:00,schloemer,L45,55,57,53.38433264563122,0.0,0.0,0.0,4,8,2184616.11112,34734.983586
2024-09-02 00:00:00,schloemer,L46,55,58,47.54108807339219,0.0,0.0,0.0,4,8,2184616.11112,34734.983586
2024-09-02 00:00:00,schloemer,L47,55,58,47.54108807339219,0.0,0.0,0.0,4,8,2184616.11112,34734.983586
2024-09-02 00:00:00,schloemer,L48,58,59,42.74652752447639,0.0,0.0,0.0,4,8,2184616.11112,34734.983586
2024-09-02 00:00:00,schloemer,L49,58,60,43.100752153551106,0.0,0.0,0.0,4,8,2184616.11112,34734.983586
2024-09-02 00:00:00,schloemer,L50,59,60,40.998785935012954,0.0,0.0,0.0,4,8,2184616.11112,34734.983586
2024-09-02 00:00:00,schloemer,L51,59,61,41.25919751810249,0.0,0.0,0.0,4,8,2184616.11112,34734.983586
2024-09-02 00:00:00,schloemer,L52,60,61,41.519815410360614,0.0,0.0,0.0,4,8,2184616.11112,34734.983586
2024-09-02 00:00:00,schloemer,L53,61,65,43.771058524543285,0.0,0.0,0.0,4,8,2184616.11112,34734.983586
2024-09-02 00:00:00,schloemer,L54,61,66,41.43586504133346,0.0,0.0,0.0,4,8,2184616.11112,34734.983586
2024-09-02 00:00:00,schloemer,L55,62,58,43.94948237007687,0.0,0.0,0.0,13,30,2185148.89802,34751.629934
2024-09-02 00:00:00,schloemer,L56,62,63,42.95976141699418,0.0,0.0,0.0,4,8,2184616.11112,34734.983586
2024-09-02 00:00:00,schloemer,L57,63,60,42.142015062633405,0.0,0.0,0.0,20,47,2185512.78098,34763.759366
2024-09-02 00:00:00,schloemer,L58,63,64,43.62905243582812,0.0,0.0,0.0,4,8,2184616.11112,34734.983586
2024-09-02 00:00:00,schloemer,L59,64,65,45.018937360152805,0.0,0.0,0.0,20,48,2185545.98792,34764.866264
2024-09-02 00:00:00,schloemer,L60,64,67,47.28758460335805,0.0,0.0,0.0,38,93,2186503.81292,34796.793764
2024-09-02 00:00:00,schloemer,L61,65,66,43.37311801167782,0.0,0.0,0.0,4,8,2184616.11112,34734.983586
2024-09-02 00:00:00,schloemer,L62,67,68,55.63565989805339,1.1102230246251565e-16,0.0,3.1086244689504383e-15,28,68,2185978.45538,34779.281846
2024-09-02 00:00:00,schloemer,L63,68,69,69.66402470527107,9.57012247226885e-13,1.4049206242816581e-11,1.1622169893144019e-10,4,8,2184616.11112,34734.983586
2024-09-02 00:00:00,schloemer,L64,68,74,63.96703763687901,2.5091040356528538e-14,0.0,1.0036416142611415e-13,4,8,2184616.11112,34734.983586
2024-09-02 00:00:00,schloemer,L65,68,76,58.12577101918665,6.661338147750939e-16,0.0,2.6645352591003757e-15,4,8,2184616.11112,34734.983586
2024-09-02 00:00:00,schloemer,L66,69,70,79.66648295466271,6.000488994573061e-10,0.0002827553387011461,0.0022598077536110095,4,8,2184616.11112,34734.983586
2024-09-02 00:00:00,schloemer,L67,69,73,74.22432841286243,1.8285262193273866e-11,1.994727261145357e-07,1.5958538357452312e-06,4,8,2184616.11112,34734.983586
2024-09-02 00:00:00,schloemer,L68,69,74,70.40782744488054,1.5473178294200807e-12,8.741229962083708e-11,7.054876682843769e-10,4,8,2184616.11112,34734.983586
2024-09-02 00:00:00,schloemer,L69,70,71,83.3074283565466,5.856897522527049e-09,0.006103465837382194,0.04779732068624665,4,8,2184616.11112,34734.983586
2024-09-02 00:00:00,schloemer,L70,70,72,77.7274131201136,1.744485667032336e-10,3.245097690718346e-05,0.0002595790289390276,4,8,2184616.11112,34734.983586
2024-09-02 00:00:00,schloemer,L71,73,74,68.18288210643695,3.6859404417555197e-13,2.5779378631796135e-13,3.5367264672458987e-12,4,8,2184616.11112,34734.983586
2024-09-02 00:00:00,schloemer,L72,74,76,58.65856847465334,9.992007221626409e-16,0.0,3.9968028886505635e-15,4,8,2184616.11112,34734.983586
2024-09-02 00:00:00,schloemer,L73,74,117,63.861397141943534,2.353672812205332e-14,0.0,9.414691248821327e-14,4,8,2184616.11112,34734.983586
2024-09-02 00:00:00,schloemer,L74,75,76,55.2610910120008,1.1102230246251565e-16,0.0,4.440892098500626e-16,4,8,2184616.11112,34734.983586
2024-09-02 00:00:00,schloemer,L75,75,117,59.56510186539445,1.6653345369377348e-15,0.0,6.661338147750939e-15,4,8,2184616.11112,34734.983586
2024-09-02 00:00:00,schloemer,L76,76,77,52.02190169180911,0.0,0.0,0.0,4,8,2184616.11112,34734.983586
2024-09-02 00:00:00,schloemer,L77,76,79,48.69765845581818,0.0,0.0,0.0,4,8,2184616.11112,34734.983586
2024-09-02 00:00:00,schloemer,L78,76,79,48.69765845581818,0.0,0.0,0.0,4,8,2184616.11112,34734.983586
2024-09-02 00:00:00,schloemer,L79,76,81,49.08373358788105,0.0,0.0,0.0,4,8,2184616.11112,34734.983586
2024-09-02 00:00:00,schloemer,L80,77,78,48.31522587142161,0.0,0.0,0.0,4,8,2184616.11112,34734.983586
2024-09-02 00:00:00,schloemer,L81,78,79,45.58404753352309,0.0,0.0,0.0,4,8,2184616.11112,34734.983586
2024-09-02 00:00:00,schloemer,L82,79,95,42.36496350745705,0.0,0.0,0.0,4,8,2184616.11112,34734.983586
2024-09-02 00:00:00,schloemer,L83,79,96,42.44247691492649,0.0,0.0,0.0,4,8,2184616.11112,34734.983586
2024-09-02 00:00:00,schloemer,L84,79,97,43.32337262185947,0.0,0.0,0.0,4,8,2184616.11112,34734.983586
2024-09-02 00:00:00,schloemer,L85,79,98,42.34455219274254,0.0,0.0,0.0,4,8,2184616.11112,34734.983586
2024-09-02 00:00:00,schloemer,L86,80,67,49.21908579801024,0.0,0.0,0.0,30,72,2186055.70436,34781.856812
2024-09-02 00:00:00,schloemer,L87,80,79,46.31639295812306,0.0,0.0,0.0,28,69,2185981.58126,34779.386042
2024-09-02 00:00:00,schloemer,L88,81,82,43.699760107658356,0.0,0.0,0.0,4,8,2184616.11112,34734.983586
2024-09-02 00:00:00,schloemer,L89,81,95,42.6068739598907,0.0,0.0,0.0,4,8,2184616.11112,34734.983586
2024-09-02 00:00:00,schloemer,L90,93,95,38.22493845758052,0.0,0.0,0.0,4,8,2184616.11112,34734.983586
2024-09-02 00:00:00,schloemer,L91,95,96,40.35192784162003,0.0,0.0,0.0,4,8,2184616.11112,34734.983586
2024-09-02 00:00:00,schloemer,L92,115,67,49.281064009755184,0.0,0.0,0.0,13,29,2185126.88168,34750.896056
2024-09-02 01:00:00,schloemer,L0,22,23,100.23223736054439,6.250168039823034e-05,0.7689236248697913,0.9999918728965185,4,8,2184616.11112,34734.983586
2024-09-02 01:00:00,schloemer,L1,23,69,90.28030735801885,3.6638377842734826e-07,0.16563339474357675,0.7651153306471533,4,8,2184616.11112,34734.983586
2024-09-02 01:00:00,schloemer,L2,23,71,92.69278980250387,1.3978361476096879e-06,0.3045808798737105,0.9453021080370407,4,8,2184616.11112,34734.983586
2024-09-02 01:00:00,schloemer,L3,29,37,36.09196618421748,0.0,0.0,0.0,4,8,2184616.11112,34734.983586
2024-09-02 01:00:00,schloemer,L4,32,36,30.23436000664611,0.0,0.0,0.0,4,8,2184616.11112,34734.983586
2024-09-02 01:00:00,schloemer,L5,33,36,36.194404238299974,0.0,0.0,0.0,4,8,2184616.11112,34734.983586
2024-09-02 01:00:00,schloemer,L6,33,42,39.21417932381646,0.0,0.0,0.0,4,8,2184616.11112,34734.983586
2024-09-02 01:00:00,schloemer,L7,34,36,29.71416730834887,0.0,0.0,0.0,4,8,2184616.11112,34734.983586
2024-09-02 01:00:00,schloemer,L8,36,38,35.44024442574604,0.0,0.0,0.0,4,8,2184616.11112,34734.983586
2024-09-02 01:00:00,schloemer,L9,36,39,37.094802340003824,0.0,0.0,0.0,4,8,2184616.11112,34734.983586
2024-09-02 01:00:00,schloemer,L10,37,36,36.55680109480974,0.0,0.0,0.0,20,48,2185542.33716,34764.744572
2024-09-02 01:00:00,schloemer,L11,37,64,41.425651810015324,0.0,0.0,0.0,4,8,2184616.11112,34734.983586
2024-09-02 01:00:00,schloemer,L12,38,39,37.36652232866228,0.0,0.0,0.0,4,8,2184616.11112,34734.983586
2024-09-02 01:00:00,schloemer,L13,39,40,40.597799120596946,0.0,0.0,0.0,4,8,2184616.11112,34734.983586
2024-09-02 01:00:00,schloemer,L14,39,41,42.5992337819199,0.0,0.0,0.0,4,8,2184616.11112,34734.983586
2024-09-02 01:00:00,schloemer,L15,40,41,44.236693576638174,0.0,0.0,0.0,4,8,2184616.11112,34734.983586
2024-09-02 01:00:00,schloemer,L16,41,48,52.19678416296952,0.0,0.0,0.0,4,8,2184616.11112,34734.983586
2024-09-02 01:00:00,schloemer,L17,41,48,52.19678416296952,0.0,0.0,0.0,4,8,2184616.11112,34734.983586
2024-09-02 01:00:00,schloemer,L18,42,43,44.26781577161081,0.0,0.0,0.0,4,8,2184616.11112,34734.983586
2024-09-02 01:00:00,schloemer,L19,43,44,51.2293217012769,0.0,0.0,0.0,4,8,2184616.11112,34734.983586
2024-09-02 01:00:00,schloemer,L20,44,45,59.690795708627135,1.7763568394002505e-15,0.0,7.105427357601002e-15,4,8,2184616.11112,34734.983586
2024-09-02 01:00:00,schloemer,L21,44,48,57.19864416642742,4.440892098500626e-16,0.0,1.7763568394002505e-15,4,8,2184616.11112,34734.983586
2024-09-02 01:00:00,schloemer,L22,45,46,65.35998628720984,6.061817714453355e-14,0.0,2.424727085781342e-13,4,8,2184616.11112,34734.983586
2024-09-02 01:00:00,schloemer,L23,45,47,66.1988546179124,1.0347278589506459e-13,5.551115123125783e-16,4.18332035678759e-13,4,8,2184616.11112,34734.983586
2024-09-02 01:00:00,schloemer,L24,46,48,62.5606238009751,1.0436096431476471e-14,0.0,4.1744385725905886e-14,4,8,2184616.11112,34734.983586
2024-09-02 01:00:00,schloemer,L25,46,68,66.48017271172931,1.2378986724570495e-13,1.3322676295501878e-15,5.058176100192213e-13,4,8,2184616.11112,34734.983586
2024-09-02 01:00:00,schloemer,L26,47,48,63.044565569028656,1.4099832412739488e-14,0.0,5.639932965095795e-14,4,8,2184616.11112,34734.983586
2024-09-02 01:00:00,schloemer,L27,48,49,59.96414257242339,2.1094237467877974e-15,0.0,8.43769498715119e-15,4,8,2184616.11112,34734.983586
2024-09-02 01:00:00,schloemer,L28,48,50,61.88164901154337,6.772360450213455e-15,0.0,2.708944180085382e-14,4,8,2184616.11112,34734.983586
2024-09-02 01:00:00,schloemer,L29,48,53,56.757803819176516,3.3306690738754696e-16,0.0,1.3322676295501878e-15,4,8,2184616.11112,34734.983586
2024-09-02 01:00:00,schloemer,L30,48,53,56.757803819176516,3.3306690738754696e-16,0.0,1.3322676295501878e-15,4,8,2184616.11112,34734.983586
2024-09-02 01:00:00,schloemer,L31,48,65,52.63127303070167,0.0,0.0,0.0,4,8,2184616.11112,34734.983586
2024-09-02 01:00:00,schloemer,L32,48,65,52.63127303070167,0.0,0.0,0.0,4,8,2184616.11112,34734.983586
2024-09-02 01:00:00,schloemer,L33,48,68,63.82428002895088,2.298161660974074e-14,0.0,9.192646643896296e-14,4,8,2184616.11112,34734.983586
2024-09-02 01:00:00,schloemer,L34,49,56,59.01013411032988,1.2212453270876722e-15,0.0,4.884981308350689e-15,4,8,2184616.11112,34734.983586
2024-09-02 01:00:00,schloemer,L35,50,51,63.905669730437474,2.4202861936828413e-14,0.0,9.681144774731365e-14,4,8,2184616.11112,34734.983586
2024-09-02 01:00:00,schloemer,L36,50,57,61.258368130715986,4.6629367034256575e-15,0.0,1.865174681370263e-14,4,8,2184616.11112,34734.983586
2024-09-02 01:00:00,schloemer,L37,51,52,59.502536459892184,1.5543122344752192e-15,0.0,6.217248937900877e-15,4,8,2184616.11112,34734.983586
2024-09-02 01:00:00,schloemer,L38,52,53,54.99599421728894,1.1102230246251565e-16,0.0,4.440892098500626e-16,4,8,2184616.11112,34734.983586
2024-09-02 01:00:00,schloemer,L39,53,54,50.93241038262518,0.0,0.0,0.0,4,8,2184616.11112,34734.983586
2024-09-02 01:00:00,schloemer,L40,53,55,52.650969310204765,0.0,0.0,0.0,4,8,2184616.11112,34734.983586
2024-09-02 01:00:00,schloemer,L41,53,58,49.551164696096144,0.0,0.0,0.0,4,8,2184616.11112,34734.983586
2024-09-02 01:00:00,schloemer,L42,54,55,50.02279375228485,0.0,0.0,0.0,4,8,2184616.11112,34734.983586
2024-09-02 01:00:00,schloemer,L43,54,58,47.29320311688102,0.0,0.0,0.0,4,8,2184616.11112,34734.983586
2024-09-02 01:00:00,schloemer,L44,55,56,54.367297805124004,1.1102230246251565e-16,0.0,4.440892098500626e-16,4,8,2184616.11112,34734.983586
2024-09-02 01:00:00,schloemer,L45,55,57,54.96855884940772,1.1102230246251565e-16,0.0,4.440892098500626e-16,4,8,2184616.11112,34734.983586
2024-09-02 01:00:00,schloemer,L46,55,58,48.77698270640531,0.0,0.0,0.0,4,8,2184616.11112,34734.983586
2024-09-02 01:00:00,schloemer,L47,55,58,48.77698270640531,0.0,0.0,0.0,4,8,2184616.11112,34734.983586
2024-09-02 01:00:00,schloemer,L48,58,59,43.704642362937285,0.0,0.0,0.0,4,8,2184616.11112,34734.983586
2024-09-02 01:00:00,schloemer,L49,58,60,44.13051722214409,0.0,0.0,0.0,4,8,2184616.11112,34734.983586
2024-09-02 01:00:00,schloemer,L50,59,60,41.89135657042514,0.0,0.0,0.0,4,8,2184616.11112,34734.983586
2024-09-02 01:00:00,schloemer,L51,59,61,42.21156455560183,0.0,0.0,0.0,4,8,2184616.11112,34734.983586
2024-09-02 01:00:00,schloemer,L52,60,61,42.52940249215022,0.0,0.0,0.0,4,8,2184616.11112,34734.983586
2024-09-02 01:00:00,schloemer,L53,61,65,45.08208823738723,0.0,0.0,0.0,4,8,2184616.11112,34734.983586
2024-09-02 01:00:00,schloemer,L54,61,66,42.5210356923197,0.0,0.0,0.0,4,8,2184616.11112,34734.983586
2024-09-02 01:00:00,schloemer,L55,62,58,45.038257879938186,0.0,0.0,0.0,13,30,2185148.89802,34751.629934
2024-09-02 01:00:00,schloemer,L56,62,63,44.126774135795614,0.0,0.0,0.0,4,8,2184616.11112,34734.983586
2024-09-02 01:00:00,schloemer,L57,63,60,43.244261536602046,0.0,0.0,0.0,20,47,2185512.78098,34763.759366
2024-09-02 01:00:00,schloemer,L58,63,64,45.051908629465096,0.0,0.0,0.0,4,8,2184616.11112,34734.983586
2024-09-02 01:00:00,schloemer,L59,64,65,46.60577326827712,0.0,0.0,0.0,20,48,2185545.98792,34764.866264
2024-09-02 01:00:00,schloemer,L60,64,67,49.25244281433718,0.0,0.0,0.0,38,93,2186503.81292,34796.793764
2024-09-02 01:00:00,schloemer,L61,65,66,44.69310686884151,0.0,0.0,0.0,4,8,2184616.11112,34734.983586
2024-09-02 01:00:00,schloemer,L62,67,68,58.661104346929314,8.881784197001252e-16,0.0,2.4868995751603507e-14,28,68,2185978.45538,34779.281846
2024-09-02 01:00:00,schloemer,L63,68,69,74.58597186420995,2.3100521495678095e-11,3.6548107973377597e-07,2.9239372996148205e-06,4,8,2184616.11112,34734.983586
2024-09-02 01:00:00,schloemer,L64,68,74,68.00667662981287,3.290701044988964e-13,1.5498713423767185e-13,2.5561774918969604e-12,4,8,2184616.11112,34734.983586
2024-09-02 01:00:00,schloemer,L65,68,76,61.26323476459167,4.6629367034256575e-15,0.0,1.865174681370263e-14,4,8,2184616.11112,34734.983586
2024-09-02 01:00:00,schloemer,L66,69,70,84.43011326937237,1.1660926113599146e-08,0.01265965519479939,0.09690165114907767,4,8,2184616.11112,34734.983586
2024-09-02 01:00:00,schloemer,L67,69,73,79.05780926557728,4.077174153849228e-10,0.00014978172281876478,0.00119762743180174,4,8,2184616.11112,34734.983586
2024-09-02 01:00:00,schloemer,L68,69,74,74.96595813785002,2.95273805406282e-11,6.76054012549443e-07,5.408537411932812e-06,4,8,2184616.11112,34734.983586
2024-09-02 01:00:00,schloemer,L69,70,71,86.29781495209096,3.602702036697991e-08,0.03530165401318719,0.2498774717950527,4,8,2184616.11112,34734.983586
2024-09-02 01:00:00,schloemer,L70,70,72,79.90431318958866,6.975905408879157e-10,0.0003587033307733689,0.0028660293057725106,4,8,2184616.11112,34734.983586
2024-09-02 01:00:00,schloemer,L71,73,74,72.29214625261957,5.236810984854401e-12,5.4981079689042645e-09,4.4005810106995114e-08,4,8,2184616.11112,34734.983586
2024-09-02 01:00:00,schloemer,L72,74,76,61.60967826472498,5.773159728050814e-15,0.0,2.3092638912203256e-14,4,8,2184616.11112,34734.983586
2024-09-02 01:00:00,schloemer,L73,74,117,67.28974193644432,2.077227279073668e-13,1.8096635301390052e-14,9.756639940405876e-13,4,8,2184616.11112,34734.983586
2024-09-02 01:00:00,schloemer,L74,75,76,57.61793232274452,5.551115123125783e-16,0.0,2.220446049250313e-15,4,8,2184616.11112,34734.983586
2024-09-02 01:00:00,schloemer,L75,75,117,62.20342247573815,8.326672684688674e-15,0.0,3.3306690738754696e-14,4,8,2184616.11112,34734.983586
2024-09-02 01:00:00,schloemer,L76,76,77,54.02214331717479,1.1102230246251565e-16,0.0,4.440892098500626e-16,4,8,2184616.11112,34734.983586
2024-09-02 01:00:00,schloemer,L77,76,79,50.46570829074553,0.0,0.0,0.0,4,8,2184616.11112,34734.983586
2024-09-02 01:00:00,schloemer,L78,76,79,50.46570829074553,0.0,0.0,0.0,4,8,2184616.11112,34734.983586
2024-09-02 01:00:00,schloemer,L79,76,81,50.80954285162892,0.0,0.0,0.0,4,8,2184616.11112,34734.983586
2024-09-02 01:00:00,schloemer,L80,77,78,49.81405903897827,0.0,0.0,0.0,4,8,2184616.11112,34734.983586
2024-09-02 01:00:00,schloemer,L81,78,79,46.94712345428037,0.0,0.0,0.0,4,8,2184616.11112,34734.983586
2024-09-02 01:00:00,schloemer,L82,79,95,43.509191224399615,0.0,0.0,0.0,4,8,2184616.11112,34734.983586
2024-09-02 01:00:00,schloemer,L83,79,96,43.57126319451523,0.0,0.0,0.0,4,8,2184616.11112,34734.983586
2024-09-02 01:00:00,schloemer,L84,79,97,44.506635299727414,0.0,0.0,0.0,4,8,2184616.11112,34734.983586
2024-09-02 01:00:00,schloemer,L85,79,98,43.53335792301998,0.0,0.0,0.0,4,8,2184616.11112,34734.983586
2024-09-02 01:00:00,schloemer,L86,80,67,51.393013733531575,0.0,0.0,0.0,30,72,2186055.70436,34781.856812
2024-09-02 01:00:00,schloemer,L87,80,79,47.973045298406575,0.0,0.0,0.0,28,69,2185981.58126,34779.386042
2024-09-02 01:00:00,schloemer,L88,81,82,44.77003632463809,0.0,0.0,0.0,4,8,2184616.11112,34734.983586
2024-09-02 01:00:00,schloemer,L89,81,95,43.716683181105935,0.0,0.0,0.0,4,8,2184616.11112,34734.983586
2024-09-02 01:00:00,schloemer,L90,93,95,39.02815012392558,0.0,0.0,0.0,4,8,2184616.11112,34734.983586
2024-09-02 01:00:00,schloemer,L91,95,96,41.293037473370866,0.0,0.0,0.0,4,8,2184616.11112,34734.983586
2024-09-02 01:00:00,schloemer,L92,115,67,51.49439468960674,0.0,0.0,0.0,13,29,2185126.88168,34750.896056
2024-09-02 02:00:00,schloemer,L0,22,23,102.34516754479344,0.00016145736201644834,0.8506823717581167,0.9999997530504944,4,8,2184616.11112,34734.983586
2024-09-02 02:00:00,schloemer,L1,23,69,96.22330117742817,8.947609592468986e-06,0.5422834229787727,0.9980735506812765,4,8,2184616.11112,34734.983586
2024-09-02 02:00:00,schloemer,L2,23,71,95.20814013404365,5.316626630613719e-06,0.4741227889446985,0.9941512161427202,4,8,2184616.11112,34734.983586
2024-09-02 02:00:00,schloemer,L3,29,37,37.00545393515457,0.0,0.0,0.0,4,8,2184616.11112,34734.983586
2024-09-02 02:00:00,schloemer,L4,32,36,34.88057198386719,0.0,0.0,0.0,4,8,2184616.11112,34734.983586
2024-09-02 02:00:00,schloemer,L5,33,36,37.15841315581859,0.0,0.0,0.0,4,8,2184616.11112,34734.983586
2024-09-02 02:00:00,schloemer,L6,33,42,40.41899306598842,0.0,0.0,0.0,4,8,2184616.11112,34734.983586
2024-09-02 02:00:00,schloemer,L7,34,36,30.390910186536004,0.0,0.0,0.0,4,8,2184616.11112,34734.983586
2024-09-02 02:00:00,schloemer,L8,36,38,36.359166132172106,0.0,0.0,0.0,4,8,2184616.11112,34734.983586
2024-09-02 02:00:00,schloemer,L9,36,39,38.1433389355584,0.0,0.0,0.0,4,8,2184616.11112,34734.983586
2024-09-02 02:00:00,schloemer,L10,37,36,37.539487227360496,0.0,0.0,0.0,20,48,2185542.33716,34764.744572
2024-09-02 02:00:00,schloemer,L11,37,64,42.80412398939125,0.0,0.0,0.0,4,8,2184616.11112,34734.983586
2024-09-02 02:00:00,schloemer,L12,38,39,38.44708059440074,0.0,0.0,0.0,4,8,2184616.11112,34734.983586
2024-09-02 02:00:00,schloemer,L13,39,40,41.9664850951343,0.0,0.0,0.0,4,8,2184616.11112,34734.983586
2024-09-02 02:00:00,schloemer,L14,39,41,44.152026679300555,0.0,0.0,0.0,4,8,2184616.11112,34734.983586
2024-09-02 02:00:00,schloemer,L15,40,41,45.9620970050009,0.0,0.0,0.0,4,8,2184616.11112,34734.983586
2024-09-02 02:00:00,schloemer,L16,41,48,54.77394726524694,1.1102230246251565e-16,0.0,4.440892098500626e-16,4,8,2184616.11112,34734.983586
2024-09-02 02:00:00,schloemer,L17,41,48,54.77394726524694,1.1102230246251565e-16,0.0,4.440892098500626e-16,4,8,2184616.11112,34734.983586
2024-09-02 02:00:00,schloemer,L18,42,43,45.944251338717706,0.0,0.0,0.0,4,8,2184616.11112,34734.983586
2024-09-02 02:00:00,schloemer,L19,43,44,53.68409430665996,0.0,0.0,0.0,4,8,2184616.11112,34734.983586
2024-09-02 02:00:00,schloemer,L20,44,45,63.29593102677379,1.6542323066914832e-14,0.0,6.616929226765933e-14,4,8,2184616.11112,34734.983586
2024-09-02 02:00:00,schloemer,L21,44,48,60.37800927908548,2.6645352591003757e-15,0.0,1.0658141036401503e-14,4,8,2184616.11112,34734.983586
2024-09-02 02:00:00,schloemer,L22,45,46,69.95823058840386,1.1572964808692632e-12,2.935429677108914e-11,2.3946356009219016e-10,4,8,2184616.11112,34734.983586
2024-09-02 02:00:00,schloemer,L23,45,47,70.73584157219557,1.9128032491266822e-12,1.888199596677964e-10,1.518210890338878e-09,4,8,2184616.11112,34734.983586
2024-09-02 02:00:00,schloemer,L24,46,48,66.62616765395408,1.3589129821411916e-13,2.220446049250313e-15,5.613287612504791e-13,4,8,2184616.11112,34734.983586
2024-09-02 02:00:00,schloemer,L25,46,68,71.39029669261487,2.9211078000912494e-12,8.23960677465152e-10,6.603369850921581e-09,4,8,2184616.11112,34734.983586
2024-09-02 02:00:00,schloemer,L26,47,48,66.9783687879781,1.701971896750365e-13,6.8833827526759706e-15,7.358558207215538e-13,4,8,2184616.11112,34734.983586
2024-09-02 02:00:00,schloemer,L27,48,49,63.2182218792793,1.5654144647214707e-14,0.0,6.261657858885883e-14,4,8,2184616.11112,34734.983586
2024-09-02 02:00:00,schloemer,L28,48,50,65.27507095699609,5.750955267558311e-14,0.0,2.3003821070233244e-13,4,8,2184616.11112,34734.983586
2024-09-02 02:00:00,schloemer,L29,48,53,59.43004245377137,1.5543122344752192e-15,0.0,6.217248937900877e-15,4,8,2184616.11112,34734.983586
2024-09-02 02:00:00,schloemer,L30,48,53,59.43004245377137,1.5543122344752192e-15,0.0,6.217248937900877e-15,4,8,2184616.11112,34734.983586
2024-09-02 02:00:00,schloemer,L31,48,65,55.07181704312342,1.1102230246251565e-16,0.0,4.440892098500626e-16,4,8,2184616.11112,34734.983586
2024-09-02 02:00:00,schloemer,L32,48,65,55.07181704312342,1.1102230246251565e-16,0.0,4.440892098500626e-16,4,8,2184616.11112,34734.983586
2024-09-02 02:00:00,schloemer,L33,48,68,68.23742753911127,3.816946758661288e-13,3.013145288832675e-13,3.937294934530655e-12,4,8,2184616.11112,34734.983586
2024-09-02 02:00:00,schloemer,L34,49,56,61.54495542264357,5.551115123125783e-15,0.0,2.220446049250313e-14,4,8,2184616.11112,34734.983586
2024-09-02 02:00:00,schloemer,L35,50,51,66.48281028077754,1.2401191185062999e-13,1.3322676295501878e-15,5.067057884389214e-13,4,8,2184616.11112,34734.983586
2024-09-02 02:00:00,schloemer,L36,50,57,63.67901274702028,2.098321516541546e-14,0.0,8.393286066166183e-14,4,8,2184616.11112,34734.983586
2024-09-02 02:00:00,schloemer,L37,51,52,61.202983926071106,4.440892098500626e-15,0.0,1.7763568394002505e-14,4,8,2184616.11112,34734.983586
2024-09-02 02:00:00,schloemer,L38,52,53,56.73298735691673,3.3306690738754696e-16,0.0,1.3322676295501878e-15,4,8,2184616.11112,34734.983586
2024-09-02 02:00:00,schloemer,L39,53,54,52.44103737784602,0.0,0.0,0.0,4,8,2184616.11112,34734.983586
2024-09-02 02:00:00,schloemer,L40,53,55,54.31814916558986,1.1102230246251565e-16,0.0,4.440892098500626e-16,4,8,2184616.11112,34734.983586
2024-09-02 02:00:00,schloemer,L41,53,58,51.045881708244046,0.0,0.0,0.0,4,8,2184616.11112,34734.983586
2024-09-02 02:00:00,schloemer,L42,54,55,51.32060024831981,0.0,0.0,0.0,4,8,2184616.11112,34734.983586
2024-09-02 02:00:00,schloemer,L43,54,58,48.47989524232366,0.0,0.0,0.0,4,8,2184616.11112,34734.983586
2024-09-02 02:00:00,schloemer,L44,55,56,56.08562574253602,2.220446049250313e-16,0.0,8.881784197001252e-16,4,8,2184616.11112,34734.983586
2024-09-02 02:00:00,schloemer,L45,55,57,56.602689086532955,3.3306690738754696e-16,0.0,1.3322676295501878e-15,4,8,2184616.11112,34734.983586
2024-09-02 02:00:00,schloemer,L46,55,58,50.084876146642515,0.0,0.0,0.0,4,8,2184616.11112,34734.983586
2024-09-02 02:00:00,schloemer,L47,55,58,50.084876146642515,0.0,0.0,0.0,4,8,2184616.11112,34734.983586
2024-09-02 02:00:00,schloemer,L48,58,59,44.73591402805422,0.0,0.0,0.0,4,8,2184616.11112,34734.983586
2024-09-02 02:00:00,schloemer,L49,58,60,45.24752450933033,0.0,0.0,0.0,4,8,2184616.11112,34734.983586
2024-09-02 02:00:00,schloemer,L50,59,60,42.86311668319876,0.0,0.0,0.0,4,8,2184616.11112,34734.983586
2024-09-02 02:00:00,schloemer,L51,59,61,43.25551081252421,0.0,0.0,0.0,4,8,2184616.11112,34734.983586
2024-09-02 02:00:00,schloemer,L52,60,61,43.642744993266504,0.0,0.0,0.0,4,8,2184616.11112,34734.983586
2024-09-02 02:00:00,schloemer,L53,61,65,46.553786099007745,0.0,0.0,0.0,4,8,2184616.11112,34734.983586
2024-09-02 02:00:00,schloemer,L54,61,66,43.73273805791429,0.0,0.0,0.0,4,8,2184616.11112,34734.983586
2024-09-02 02:00:00,schloemer,L55,62,58,46.21792479697138,0.0,0.0,0.0,13,30,2185148.89802,34751.629934
2024-09-02 02:00:00,schloemer,L56,62,63,45.42243697687741,0.0,0.0,0.0,4,8,2184616.11112,34734.983586
2024-09-02 02:00:00,schloemer,L57,63,60,44.46805478959343,0.0,0.0,0.0,20,47,2185512.78098,34763.759366
2024-09-02 02:00:00,schloemer,L58,63,64,46.675407245557935,0.0,0.0,0.0,4,8,2184616.11112,34734.983586
2024-09-02 02:00:00,schloemer,L59,64,65,48.42638816653818,0.0,0.0,0.0,20,48,2185545.98792,34764.866264
2024-09-02 02:00:00,schloemer,L60,64,67,51.55218391581134,0.0,0.0,0.0,38,93,2186503.81292,34796.793764
2024-09-02 02:00:00,schloemer,L61,65,66,46.18330410013569,0.0,0.0,0.0,4,8,2184616.11112,34734.983586
2024-09-02 02:00:00,schloemer,L62,67,68,62.272793789450546,8.43769498715119e-15,0.0,2.362554596402333e-13,28,68,2185978.45538,34779.281846
2024-09-02 02:00:00,schloemer,L63,68,69,80.49148223226575,1.0108389680851815e-09,0.0006300960019186563,0.005029669449168717,4,8,2184616.11112,34734.983586
2024-09-02 02:00:00,schloemer,L64,68,74,72.8217615567983,7.37854222165879e-12,1.5658941587837205e-08,1.2530103998820152e-07,4,8,2184616.11112,34734.983586
2024-09-02 02:00:00,schloemer,L65,68,76,64.94562538181191,4.6629367034256575e-14,0.0,1.865174681370263e-13,4,8,2184616.11112,34734.983586
2024-09-02 02:00:00,schloemer,L66,69,70,89.33444733048489,2.1367168601127418e-07,0.12277091741224178,0.6493258125606488,4,8,2184616.11112,34734.983586
2024-09-02 02:00:00,schloemer,L67,69,73,84.48459356282203,1.2054859888088743e-08,0.013086082874372629,0.10001729145335259,4,8,2184616.11112,34734.983586
2024-09-02 02:00:00,schloemer,L68,69,74,80.21953651922114,8.514379201685074e-10,0.000487422083647715,0.0038927342945777044,4,8,2184616.11112,34734.983586
2024-09-02 02:00:00,schloemer,L69,70,71,88.46958075474029,1.2964369289214517e-07,0.09021103155650456,0.5306194310694722,4,8,2184616.11112,34734.983586
2024-09-02 02:00:00,schloemer,L70,70,72,81.38451015652008,1.7719475886579517e-09,0.0013943134686679182,0.01110023121194792,4,8,2184616.11112,34734.983586
2024-09-02 02:00:00,schloemer,L71,73,74,76.97277389949073,1.0753675727670498e-10,1.2430860615308958e-05,9.944298839803523e-05,4,8,2184616.11112,34734.983586
2024-09-02 02:00:00,schloemer,L72,74,76,64.98903167094474,4.796163466380676e-14,0.0,1.9184653865522705e-13,4,8,2184616.11112,34734.983586
2024-09-02 02:00:00,schloemer,L73,74,117,71.15506199787933,2.5086599464430037e-12,4.898480510107106e-10,3.928819047871457e-09,4,8,2184616.11112,34734.983586
2024-09-02 02:00:00,schloemer,L74,75,76,60.2542181209797,2.55351295663786e-15,0.0,1.021405182655144e-14,4,8,2184616.11112,34734.983586
2024-09-02 02:00:00,schloemer,L75,75,117,65.09176099109749,5.1181281435219717e-14,0.0,2.0472512574087887e-13,4,8,2184616.11112,34734.983586
2024-09-02 02:00:00,schloemer,L76,76,77,56.25242255664475,2.220446049250313e-16,0.0,8.881784197001252e-16,4,8,2184616.11112,34734.983586
2024-09-02 02:00:00,schloemer,L77,76,79,52.45761776741189,0.0,0.0,0.0,4,8,2184616.11112,34734.983586
2024-09-02 02:00:00,schloemer,L78,76,79,52.45761776741189,0.0,0.0,0.0,4,8,2184616.11112,34734.983586
2024-09-02 02:00:00,schloemer,L79,76,81,52.7349702395544,0.0,0.0,0.0,4,8,2184616.11112,34734.983586
2024-09-02 02:00:00,schloemer,L80,77,78,51.45113766135324,0.0,0.0,0.0,4,8,2184616.11112,34734.983586
2024-09-02 02:00:00,schloemer,L81,78,79,48.45688455364233,0.0,0.0,0.0,4,8,2184616.11112,34734.983586
2024-09-02 02:00:00,schloemer,L82,79,95,44.78466020063823,0.0,0.0,0.0,4,8,2184616.11112,34734.983586
2024-09-02 02:00:00,schloemer,L83,79,96,44.82557328066317,0.0,0.0,0.0,4,8,2184616.11112,34734.983586
2024-09-02 02:00:00,schloemer,L84,79,97,45.81842865383752,0.0,0.0,0.0,4,8,2184616.11112,34734.983586
2024-09-02 02:00:00,schloemer,L85,79,98,44.86722986853045,0.0,0.0,0.0,4,8,2184616.11112,34734.983586
2024-09-02 02:00:00,schloemer,L86,80,67,53.943965487642465,1.1102230246251565e-16,0.0,3.3306690738754696e-15,30,72,2186055.70436,34781.856812
2024-09-02 02:00:00,schloemer,L87,80,79,49.863685212115705,0.0,0.0,0.0,28,69,2185981.58126,34779.386042
2024-09-02 02:00:00,schloemer,L88,81,82,45.93064625863214,0.0,0.0,0.0,4,8,2184616.11112,34734.983586
2024-09-02 02:00:00,schloemer,L89,81,95,44.944069587851224,0.0,0.0,0.0,4,8,2184616.11112,34734.983586
2024-09-02 02:00:00,schloemer,L90,93,95,39.92010603592987,0.0,0.0,0.0,4,8,2184616.11112,34734.983586
2024-09-02 02:00:00,schloemer,L91,95,96,42.33472305312963,0.0,0.0,0.0,4,8,2184616.11112,34734.983586
2024-09-02 02:00:00,schloemer,L92,115,67,54.10079390630336,1.1102230246251565e-16,0.0,1.4432899320127035e-15,13,29,2185126.88168,34750.896056
2024-09-02 03:00:00,schloemer,L0,22,23,102.09093211036617,0.00014444434128224604,0.8422426431727701,0.9999996165877134,4,8,2184616.11112,34734.983586
2024-09-02 03:00:00,schloemer,L1,23,69,101.83512455420998,0.0001290329036810478,0.8333769344588395,0.9999994061772998,4,8,2184616.11112,34734.983586
2024-09-02 03:00:00,schloemer,L2,23,71,96.04190765537135,8.159510516470014e-06,0.5302834444670053,0.9976304124166623,4,8,2184616.11112,34734.983586
2024-09-02 03:00:00,schloemer,L3,29,37,38.06166847375823,0.0,0.0,0.0,4,8,2184616.11112,34734.983586
2024-09-02 03:00:00,schloemer,L4,32,36,35.82857149745391,0.0,0.0,0.0,4,8,2184616.11112,34734.983586
2024-09-02 03:00:00,schloemer,L5,33,36,38.278922327425676,0.0,0.0,0.0,4,8,2184616.11112,34734.983586
2024-09-02 03:00:00,schloemer,L6,33,42,41.81858653668175,0.0,0.0,0.0,4,8,2184616.11112,34734.983586
2024-09-02 03:00:00,schloemer,L7,34,36,35.13121816445177,0.0,0.0,0.0,4,8,2184616.11112,34734.983586
2024-09-02 03:00:00,schloemer,L8,36,38,37.42924568409306,0.0,0.0,0.0,4,8,2184616.11112,34734.983586
2024-09-02 03:00:00,schloemer,L9,36,39,39.36392951637595,0.0,0.0,0.0,4,8,2184616.11112,34734.983586
2024-09-02 03:00:00,schloemer,L10,37,36,38.680249152287814,0.0,0.0,0.0,20,48,2185542.33716,34764.744572
2024-09-02 03:00:00,schloemer,L11,37,64,44.402866338630986,0.0,0.0,0.0,4,8,2184616.11112,34734.983586
2024-09-02 03:00:00,schloemer,L12,38,39,39.70649344426697,0.0,0.0,0.0,4,8,2184616.11112,34734.983586
2024-09-02 03:00:00,schloemer,L13,39,40,43.56550810291437,0.0,0.0,0.0,4,8,2184616.11112,34734.983586
2024-09-02 03:00:00,schloemer,L14,39,41,45.96819998959562,0.0,0.0,0.0,4,8,2184616.11112,34734.983586
2024-09-02 03:00:00,schloemer,L15,40,41,47.98579218323837,0.0,0.0,0.0,4,8,2184616.11112,34734.983586
2024-09-02 03:00:00,schloemer,L16,41,48,57.813668380871896,5.551115123125783e-16,0.0,2.220446049250313e-15,4,8,2184616.11112,34734.983586
2024-09-02 03:00:00,schloemer,L17,41,48,57.813668380871896,5.551115123125783e-16,0.0,2.220446049250313e-15,4,8,2184616.11112,34734.983586
2024-09-02 03:00:00,schloemer,L18,42,43,47.898968015223915,0.0,0.0,0.0,4,8,2184616.11112,34734.983586
2024-09-02 03:00:00,schloemer,L19,43,44,56.57414533686813,2.220446049250313e-16,0.0,8.881784197001252e-16,4,8,2184616.11112,34734.983586
2024-09-02 03:00:00,schloemer,L20,44,45,67.60578577515527,2.544631172440859e-13,4.729550084903167e-14,1.3962164757685969e-12,4,8,2184616.11112,34734.983586
2024-09-02 03:00:00,schloemer,L21,44,48,64.13805860122687,2.7977620220553945e-14,0.0,1.1191048088221578e-13,4,8,2184616.11112,34734.983586
2024-09-02 03:00:00,schloemer,L22,45,46,75.56221343678264,4.3383852066369855e-11,1.7011202734229514e-06,1.3609054694052602e-05,4,8,2184616.11112,34734.983586
2024-09-02 03:00:00,schloemer,L23,45,47,76.18020301912098,6.460365575833293e-11,4.200575315249644e-06,3.360436687682711e-05,4,8,2184616.11112,34734.983586
2024-09-02 03:00:00,schloemer,L24,46,48,71.52190601103062,3.1807889655510735e-12,1.097162805052676e-09,8.790025596283613e-09,4,8,2184616.11112,34734.983586
2024-09-02 03:00:00,schloemer,L25,46,68,77.44831587589391,1.458929643760598e-10,2.2941207766247196e-05,0.00018351550989847976,4,8,2184616.11112,34734.983586
2024-09-02 03:00:00,schloemer,L26,47,48,71.63302185577838,3.417932603611007e-12,1.393703041863148e-09,1.1163296065319628e-08,4,8,2184616.11112,34734.983586
2024-09-02 03:00:00,schloemer,L27,48,49,66.96890381851739,1.6919798895287386e-13,6.661338147750939e-15,7.300826609935029e-13,4,8,2184616.11112,34734.983586
2024-09-02 03:00:00,schloemer,L28,48,50,69.1467746253418,6.855627177060342e-13,3.676725590651131e-12,3.2156055596033184e-11,4,8,2184616.11112,34734.983586
2024-09-02 03:00:00,schloemer,L29,48,53,62.44780480933466,9.658940314238862e-15,0.0,3.863576125695545e-14,4,8,2184616.11112,34734.983586
2024-09-02 03:00:00,schloemer,L30,48,53,62.44780480933466,9.658940314238862e-15,0.0,3.863576125695545e-14,4,8,2184616.11112,34734.983586
2024-09-02 03:00:00,schloemer,L31,48,65,57.89594634467218,5.551115123125783e-16,0.0,2.220446049250313e-15,4,8,2184616.11112,34734.983586
2024-09-02 03:00:00,schloemer,L32,48,65,57.89594634467218,5.551115123125783e-16,0.0,2.220446049250313e-15,4,8,2184616.11112,34734.983586
2024-09-02 03:00:00,schloemer,L33,48,68,73.63146010925433,1.246125425069522e-11,7.073930741174905e-08,5.659641642008495e-07,4,8,2184616.11112,34734.983586
2024-09-02 03:00:00,schloemer,L34,49,56,64.28152699050301,3.064215547965432e-14,0.0,1.2256862191861728e-13,4,8,2184616.11112,34734.983586
2024-09-02 03:00:00,schloemer,L35,50,51,69.0832066330913,6.580291866953303e-13,3.1056268667839504e-12,2.7477131681052924e-11,4,8,2184616.11112,34734.983586
2024-09-02 03:00:00,schloemer,L36,50,57,66.17142994424744,1.0169642905566434e-13,4.440892098500626e-16,4.1033842990145786e-13,4,8,2184616.11112,34734.983586
2024-09-02 03:00:00,schloemer,L37,51,52,62.802981912840124,1.2101430968414206e-14,0.0,4.8405723873656825e-14,4,8,2184616.11112,34734.983586
2024-09-02 03:00:00,schloemer,L38,52,53,58.51347304648281,8.881784197001252e-16,0.0,3.552713678800501e-15,4,8,2184616.11112,34734.983586
2024-09-02 03:00:00,schloemer,L39,53,54,54.02585225509155,1.1102230246251565e-16,0.0,4.440892098500626e-16,4,8,2184616.11112,34734.983586
2024-09-02 03:00:00,schloemer,L40,53,55,56.06918684838634,2.220446049250313e-16,0.0,8.881784197001252e-16,4,8,2184616.11112,34734.983586
2024-09-02 03:00:00,schloemer,L41,53,58,52.643684397705535,0.0,0.0,0.0,4,8,2184616.11112,34734.983586
2024-09-02 03:00:00,schloemer,L42,54,55,52.653713551805176,0.0,0.0,0.0,4,8,2184616.11112,34734.983586
2024-09-02 03:00:00,schloemer,L43,54,58,49.72550198394545,0.0,0.0,0.0,4,8,2184616.11112,34734.983586
2024-09-02 03:00:00,schloemer,L44,55,56,57.858853900752955,5.551115123125783e-16,0.0,2.220446049250313e-15,4,8,2184616.11112,34734.983586
2024-09-02 03:00:00,schloemer,L45,55,57,58.24966281948465,7.771561172376096e-16,0.0,3.1086244689504383e-15,4,8,2184616.11112,34734.983586
2024-09-02 03:00:00,schloemer,L46,55,58,51.45661883088268,0.0,0.0,0.0,4,8,2184616.11112,34734.983586
2024-09-02 03:00:00,schloemer,L47,55,58,51.45661883088268,0.0,0.0,0.0,4,8,2184616.11112,34734.983586
2024-09-02 03:00:00,schloemer,L48,58,59,45.844858479644685,0.0,0.0,0.0,4,8,2184616.11112,34734.983586
2024-09-02 03:00:00,schloemer,L49,58,60,46.4588153219944,0.0,0.0,0.0,4,8,2184616.11112,34734.983586
2024-09-02 03:00:00,schloemer,L50,59,60,43.92319717263594,0.0,0.0,0.0,4,8,2184616.11112,34734.983586
2024-09-02 03:00:00,schloemer,L51,59,61,44.402736719696286,0.0,0.0,0.0,4,8,2184616.11112,34734.983586
2024-09-02 03:00:00,schloemer,L52,60,61,44.87425070228072,0.0,0.0,0.0,4,8,2184616.11112,34734.983586
2024-09-02 03:00:00,schloemer,L53,61,65,48.21288318239746,0.0,0.0,0.0,4,8,2184616.11112,34734.983586
2024-09-02 03:00:00,schloemer,L54,61,66,45.09204928577164,0.0,0.0,0.0,4,8,2184616.11112,34734.983586
2024-09-02 03:00:00,schloemer,L55,62,58,47.49452070666903,0.0,0.0,0.0,13,30,2185148.89802,34751.629934
2024-09-02 03:00:00,schloemer,L56,62,63,46.86528329431806,0.0,0.0,0.0,4,8,2184616.11112,34734.983586
2024-09-02 03:00:00,schloemer,L57,63,60,45.83158457690497,0.0,0.0,0.0,20,47,2185512.78098,34763.759366
2024-09-02 03:00:00,schloemer,L58,63,64,48.540985150389396,0.0,0.0,0.0,4,8,2184616.11112,34734.983586
2024-09-02 03:00:00,schloemer,L59,64,65,50.53121960895203,0.0,0.0,0.0,20,48,2185545.98792,34764.866264
2024-09-02 03:00:00,schloemer,L60,64,67,54.27449074118353,1.1102230246251565e-16,0.0,4.218847493575595e-15,38,93,2186503.81292,34796.793764
2024-09-02 03:00:00,schloemer,L61,65,66,47.87470343905905,0.0,0.0,0.0,4,8,2184616.11112,34734.983586
2024-09-02 03:00:00,schloemer,L62,67,68,66.64521047645486,1.3389289676979388e-13,2.220446049250313e-15,3.89999144090325e-12,28,68,2185978.45538,34779.281846
2024-09-02 03:00:00,schloemer,L63,68,69,87.61299728063399,7.857100114971871e-08,0.0641805644373934,0.4117846572647197,4,8,2184616.11112,34734.983586
2024-09-02 03:00:00,schloemer,L64,68,74,78.60811315738952,3.0620050939234034e-10,9.132179959336906e-05,0.0007303421525085563,4,8,2184616.11112,34734.983586
2024-09-02 03:00:00,schloemer,L65,68,76,69.29883257545953,7.561729020721941e-13,5.485722986975361e-12,4.6910475504091664e-11,4,8,2184616.11112,34734.983586
2024-09-02 03:00:00,schloemer,L66,69,70,93.96501549015993,2.76939867149828e-06,0.3891981685077268,0.9806269573746834,4,8,2184616.11112,34734.983586
2024-09-02 03:00:00,schloemer,L67,69,73,90.39389709890615,3.906912392492856e-07,0.17127346122697085,0.7775208610301011,4,8,2184616.11112,34734.983586
2024-09-02 03:00:00,schloemer,L68,69,74,86.19810949023856,3.394174741266909e-08,0.0336038642892702,0.23925095031930854,4,8,2184616.11112,34734.983586
2024-09-02 03:00:00,schloemer,L69,70,71,89.37260072213148,2.1840255626237592e-07,0.12435456093655795,0.6543584532073712,4,8,2184616.11112,34734.983586
2024-09-02 03:00:00,schloemer,L70,70,72,81.87574224094018,2.409153099236505e-09,0.002093434965156682,0.01662529246407385,4,8,2184616.11112,34734.983586
2024-09-02 03:00:00,schloemer,L71,73,74,82.23026942430565,3.0049156496403384e-09,0.0027712051342284605,0.021955812303726008,4,8,2184616.11112,34734.983586
2024-09-02 03:00:00,schloemer,L72,74,76,68.8553745848262,5.682121440031551e-13,1.6834311722391249e-12,1.574029795392562e-11,4,8,2184616.11112,34734.983586
2024-09-02 03:00:00,schloemer,L73,74,117,75.46287934651147,4.069167225395631e-11,1.4638506470321389e-06,1.1710907941164805e-05,4,8,2184616.11112,34734.983586
2024-09-02 03:00:00,schloemer,L74,75,76,63.19019066501995,1.5432100042289676e-14,0.0,6.17284001691587e-14,4,8,2184616.11112,34734.983586
2024-09-02 03:00:00,schloemer,L75,75,117,68.20603555000504,3.7414515929867775e-13,2.7544633240950134e-13,3.700151296470722e-12,4,8,2184616.11112,34734.983586
2024-09-02 03:00:00,schloemer,L76,76,77,58.7334482464455,9.992007221626409e-16,0.0,3.9968028886505635e-15,4,8,2184616.11112,34734.983586
2024-09-02 03:00:00,schloemer,L77,76,79,54.70701420207825,1.1102230246251565e-16,0.0,4.440892098500626e-16,4,8,2184616.11112,34734.983586
2024-09-02 03:00:00,schloemer,L78,76,79,54.70701420207825,1.1102230246251565e-16,0.0,4.440892098500626e-16,4,8,2184616.11112,34734.983586
2024-09-02 03:00:00,schloemer,L79,76,81,54.883281017661766,1.1102230246251565e-16,0.0,4.440892098500626e-16,4,8,2184616.11112,34734.983586
2024-09-02 03:00:00,schloemer,L80,77,78,53.23301036554413,0.0,0.0,0.0,4,8,2184616.11112,34734.983586
2024-09-02 03:00:00,schloemer,L81,78,79,50.131072740066486,0.0,0.0,0.0,4,8,2184616.11112,34734.983586
2024-09-02 03:00:00,schloemer,L82,79,95,46.21228355545612,0.0,0.0,0.0,4,8,2184616.11112,34734.983586
2024-09-02 03:00:00,schloemer,L83,79,96,46.224454822037174,0.0,0.0,0.0,4,8,2184616.11112,34734.983586
2024-09-02 03:00:00,schloemer,L84,79,97,47.27677510617941,0.0,0.0,0.0,4,8,2184616.11112,34734.983586
2024-09-02 03:00:00,schloemer,L85,79,98,46.371423649504756,0.0,0.0,0.0,4,8,2184616.11112,34734.983586
2024-09-02 03:00:00,schloemer,L86,80,67,56.97173302598316,3.3306690738754696e-16,0.0,9.992007221626409e-15,30,72,2186055.70436,34781.856812
2024-09-02 03:00:00,schloemer,L87,80,79,52.034759887859536,0.0,0.0,0.0,28,69,2185981.58126,34779.386042
2024-09-02 03:00:00,schloemer,L88,81,82,47.18850772385627,0.0,0.0,0.0,4,8,2184616.11112,34734.983586
2024-09-02 03:00:00,schloemer,L89,81,95,46.30544652438716,0.0,0.0,0.0,4,8,2184616.11112,34734.983586
2024-09-02 03:00:00,schloemer,L90,93,95,40.91660505487193,0.0,0.0,0.0,4,8,2184616.11112,34734.983586
2024-09-02 03:00:00,schloemer,L91,95,96,43.49285934573117,0.0,0.0,0.0,4,8,2184616.11112,34734.983586
2024-09-02 03:00:00,schloemer,L92,115,67,57.20809516001244,4.440892098500626e-16,0.0,5.773159728050814e-15,13,29,2185126.88168,34750.896056
2024-09-02 04:00:00,schloemer,L0,22,23,99.20518330735604,3.865714139683618e-05,0.719341624314176,0.999961509203023,4,8,2184616.11112,34734.983586
2024-09-02 04:00:00,schloemer,L1,23,69,106.14367825527874,0.0007751731508874871,0.9386309727967284,0.9999999997994389,4,8,2184616.11112,34734.983586
2024-09-02 04:00:00,schloemer,L2,23,71,94.77524005292409,4.244124426233675e-06,0.44456072799682933,0.9909408950407115,4,8,2184616.11112,34734.983586
2024-09-02 04:00:00,schloemer,L3,29,37,39.29135620153664,0.0,0.0,0.0,4,8,2184616.11112,34734.983586
2024-09-02 04:00:00,schloemer,L4,32,36,36.94140077332208,0.0,0.0,0.0,4,8,2184616.11112,34734.983586
2024-09-02 04:00:00,schloemer,L5,33,36,39.591295539069414,0.0,0.0,0.0,4,8,2184616.11112,34734.983586
2024-09-02 04:00:00,schloemer,L6,33,42,43.45706154541373,0.0,0.0,0.0,4,8,2184616.11112,34734.983586
2024-09-02 04:00:00,schloemer,L7,34,36,36.17278695034475,0.0,0.0,0.0,4,8,2184616.11112,34734.983586
2024-09-02 04:00:00,schloemer,L8,36,38,38.685053900858364,0.0,0.0,0.0,4,8,2184616.11112,34734.983586
2024-09-02 04:00:00,schloemer,L9,36,39,40.79614227810643,0.0,0.0,0.0,4,8,2184616.11112,34734.983586
2024-09-02 04:00:00,schloemer,L10,37,36,40.01445279242282,0.0,0.0,0.0,20,48,2185542.33716,34764.744572
2024-09-02 04:00:00,schloemer,L11,37,64,46.27073677737209,0.0,0.0,0.0,4,8,2184616.11112,34734.983586
2024-09-02 04:00:00,schloemer,L12,38,39,41.18640503611943,0.0,0.0,0.0,4,8,2184616.11112,34734.983586
2024-09-02 04:00:00,schloemer,L13,39,40,45.45005394677153,0.0,0.0,0.0,4,8,2184616.11112,34734.983586
2024-09-02 04:00:00,schloemer,L14,39,41,48.1114174196225,0.0,0.0,0.0,4,8,2184616.11112,34734.983586
2024-09-02 04:00:00,schloemer,L15,40,41,50.381632799584516,0.0,0.0,0.0,4,8,2184616.11112,34734.983586
2024-09-02 04:00:00,schloemer,L16,41,48,61.43027308246619,5.10702591327572e-15,0.0,2.042810365310288e-14,4,8,2184616.11112,34734.983586
2024-09-02 04:00:00,schloemer,L17,41,48,61.43027308246619,5.10702591327572e-15,0.0,2.042810365310288e-14,4,8,2184616.11112,34734.983586
2024-09-02 04:00:00,schloemer,L18,42,43,50.19656498592517,0.0,0.0,0.0,4,8,2184616.11112,34734.983586
2024-09-02 04:00:00,schloemer,L19,43,44,60.00589292895187,2.1094237467877974e-15,0.0,8.43769498715119e-15,4,8,2184616.11112,34734.983586
2024-09-02 04:00:00,schloemer,L20,44,45,72.80465964475063,7.297273896256229e-12,1.5150065091340537e-08,1.2122970338701577e-07,4,8,2184616.11112,34734.983586
2024-09-02 04:00:00,schloemer,L21,44,48,68.61562412877085,4.868327962981311e-13,8.727463196578356e-13,8.929301742455209e-12,4,8,2184616.11112,34734.983586
2024-09-02 04:00:00,schloemer,L22,45,46,82.47577012298737,3.5004623644141475e-09,0.003344736217069433,0.026446746772893825,4,8,2184616.11112,34734.983586
2024-09-02 04:00:00,schloemer,L23,45,47,82.74454955383872,4.1356907898304485e-09,0.004086652750004971,0.0322294200946297,4,8,2184616.11112,34734.983586
2024-09-02 04:00:00,schloemer,L24,46,48,77.47427775843062,1.4834045103384597e-10,2.370270650242645e-05,0.00018960651510213644,4,8,2184616.11112,34734.983586
2024-09-02 04:00:00,schloemer,L25,46,68,85.0490575722128,1.698963292273703e-08,0.01822896312347355,0.13685909736038215,4,8,2184616.11112,34734.983586
2024-09-02 04:00:00,schloemer,L26,47,48,77.15374387935549,1.2078149591587817e-10,1.574722045938337e-05,0.0001259713036602106,4,8,2184616.11112,34734.983586
2024-09-02 04:00:00,schloemer,L27,48,49,71.27538957611783,2.711719737646945e-12,6.399699659098701e-10,5.1306066062295486e-09,4,8,2184616.11112,34734.983586
2024-09-02 04:00:00,schloemer,L28,48,50,73.52303333683689,1.1616929640467788e-11,5.8168537431235734e-08,4.6539467246642374e-07,4,8,2184616.11112,34734.983586
2024-09-02 04:00:00,schloemer,L29,48,53,65.83215676794626,8.193445921733655e-14,1.1102230246251565e-16,3.2862601528904634e-13,4,8,2184616.11112,34734.983586
2024-09-02 04:00:00,schloemer,L30,48,53,65.83215676794626,8.193445921733655e-14,1.1102230246251565e-16,3.2862601528904634e-13,4,8,2184616.11112,34734.983586
2024-09-02 04:00:00,schloemer,L31,48,65,61.174118256606924,4.440892098500626e-15,0.0,1.7763568394002505e-14,4,8,2184616.11112,34734.983586
2024-09-02 04:00:00,schloemer,L32,48,65,61.174118256606924,4.440892098500626e-15,0.0,1.7763568394002505e-14,4,8,2184616.11112,34734.983586
2024-09-02 04:00:00,schloemer,L33,48,68,80.32232221367573,9.08527031384665e-10,0.0005375430659738667,0.0042922661672892826,4,8,2184616.11112,34734.983586
2024-09-02 04:00:00,schloemer,L34,49,56,67.16879735402257,1.9229062786507711e-13,1.2434497875801753e-14,8.686384944667225e-13,4,8,2184616.11112,34734.983586
2024-09-02 04:00:00,schloemer,L35,50,51,71.56327554932402,3.267053294564448e-12,1.1996953430681856e-09,9.610630957723743e-09,4,8,2184616.11112,34734.983586
2024-09-02 04:00:00,schloemer,L36,50,57,68.63091715453581,4.917177776064818e-13,9.103828801926284e-13,9.249934151966954e-12,4,8,2184616.11112,34734.983586
2024-09-02 04:00:00,schloemer,L37,51,52,64.19883134048341,2.90878432451791e-14,0.0,1.163513729807164e-13,4,8,2184616.11112,34734.983586
2024-09-02 04:00:00,schloemer,L38,52,53,60.281694277610846,2.55351295663786e-15,0.0,1.021405182655144e-14,4,8,2184616.11112,34734.983586
2024-09-02 04:00:00,schloemer,L39,53,54,55.66008673374936,1.1102230246251565e-16,0.0,4.440892098500626e-16,4,8,2184616.11112,34734.983586
2024-09-02 04:00:00,schloemer,L40,53,55,57.86991558003433,5.551115123125783e-16,0.0,2.220446049250313e-15,4,8,2184616.11112,34734.983586
2024-09-02 04:00:00,schloemer,L41,53,58,54.32983200181326,1.1102230246251565e-16,0.0,4.440892098500626e-16,4,8,2184616.11112,34734.983586
2024-09-02 04:00:00,schloemer,L42,54,55,53.9925921212894,1.1102230246251565e-16,0.0,4.440892098500626e-16,4,8,2184616.11112,34734.983586
2024-09-02 04:00:00,schloemer,L43,54,58,51.015052949686826,0.0,0.0,0.0,4,8,2184616.11112,34734.983586
2024-09-02 04:00:00,schloemer,L44,55,56,59.637195705680284,1.6653345369377348e-15,0.0,6.661338147750939e-15,4,8,2184616.11112,34734.983586
2024-09-02 04:00:00,schloemer,L45,55,57,59.84963716509204,1.9984014443252818e-15,0.0,7.993605777301127e-15,4,8,2184616.11112,34734.983586
2024-09-02 04:00:00,schloemer,L46,55,58,52.872587297299816,0.0,0.0,0.0,4,8,2184616.11112,34734.983586
2024-09-02 04:00:00,schloemer,L47,55,58,52.872587297299816,0.0,0.0,0.0,4,8,2184616.11112,34734.983586
2024-09-02 04:00:00,schloemer,L48,58,59,47.03073355119189,0.0,0.0,0.0,4,8,2184616.11112,34734.983586
2024-09-02 04:00:00,schloemer,L49,58,60,47.766204705568725,0.0,0.0,0.0,4,8,2184616.11112,34734.983586
2024-09-02 04:00:00,schloemer,L50,59,60,45.07731923385394,0.0,0.0,0.0,4,8,2184616.11112,34734.983586
2024-09-02 04:00:00,schloemer,L51,59,61,45.661844926500684,0.0,0.0,0.0,4,8,2184616.11112,34734.983586
2024-09-02 04:00:00,schloemer,L52,60,61,46.23565462885146,0.0,0.0,0.0,4,8,2184616.11112,34734.983586
2024-09-02 04:00:00,schloemer,L53,61,65,50.08530934809915,0.0,0.0,0.0,4,8,2184616.11112,34734.983586
2024-09-02 04:00:00,schloemer,L54,61,66,46.61921205831605,0.0,0.0,0.0,4,8,2184616.11112,34734.983586
2024-09-02 04:00:00,schloemer,L55,62,58,48.86797428942624,0.0,0.0,0.0,13,30,2185148.89802,34751.629934
2024-09-02 04:00:00,schloemer,L56,62,63,48.47120348351259,0.0,0.0,0.0,4,8,2184616.11112,34734.983586
2024-09-02 04:00:00,schloemer,L57,63,60,47.35090796647331,0.0,0.0,0.0,20,47,2185512.78098,34763.759366
2024-09-02 04:00:00,schloemer,L58,63,64,50.69506499645545,0.0,0.0,0.0,4,8,2184616.11112,34734.983586
2024-09-02 04:00:00,schloemer,L59,64,65,52.97830891186128,0.0,0.0,0.0,20,48,2185545.98792,34764.866264
2024-09-02 04:00:00,schloemer,L60,64,67,57.531685911258954,4.440892098500626e-16,0.0,1.687538997430238e-14,38,93,2186503.81292,34796.793764
2024-09-02 04:00:00,schloemer,L61,65,66,49.79934304827554,0.0,0.0,0.0,4,8,2184616.11112,34734.983586
2024-09-02 04:00:00,schloemer,L62,67,68,72.01494192037319,4.2484904483330865e-12,2.975064417043427e-09,2.0242331788544732e-07,28,68,2185978.45538,34779.281846
2024-09-02 04:00:00,schloemer,L63,68,69,96.16780519400727,8.699065874084866e-06,0.5386223546994371,0.9979467715469733,4,8,2184616.11112,34734.983586
2024-09-02 04:00:00,schloemer,L64,68,74,85.58766529514557,2.352584693721127e-08,0.02453030659980837,0.18019567184100826,4,8,2184616.11112,34734.983586
2024-09-02 04:00:00,schloemer,L65,68,76,74.4653640536986,2.1368351532657925e-11,2.993105088222592e-07,2.3945670353242576e-06,4,8,2184616.11112,34734.983586
2024-09-02 04:00:00,schloemer,L66,69,70,97.64552191436438,1.8206880010973592e-05,0.6321822507521662,0.9996650115515467,4,8,2184616.11112,34734.983586
2024-09-02 04:00:00,schloemer,L67,69,73,96.43731002969523,9.971269525399507e-06,0.5563108882835792,0.9984981974170557,4,8,2184616.11112,34734.983586
2024-09-02 04:00:00,schloemer,L68,69,74,92.79120331522942,1.4745954762807045e-06,0.3109422073345146,0.9491790677892515,4,8,2184616.11112,34734.983586
2024-09-02 04:00:00,schloemer,L69,70,71,88.66314642797931,1.4506012058213003e-07,0.09694316875607989,0.5576964696263798,4,8,2184616.11112,34734.983586
2024-09-02 04:00:00,schloemer,L70,70,72,81.16600147553896,1.545068739616795e-09,0.0011558027529676718,0.009209109846963215,4,8,2184616.11112,34734.983586
2024-09-02 04:00:00,schloemer,L71,73,74,87.9530989616231,9.592103478173186e-08,0.0737924906606493,0.45841551366821,4,8,2184616.11112,34734.983586
2024-09-02 04:00:00,schloemer,L72,74,76,73.24506299237969,9.70434843594603e-12,3.4916993962852416e-08,2.7937473501271626e-07,4,8,2184616.11112,34734.983586
2024-09-02 04:00:00,schloemer,L73,74,117,80.14518207914168,8.123677286420161e-10,0.0004538125383548586,0.0036247422924088335,4,8,2184616.11112,34734.983586
2024-09-02 04:00:00,schloemer,L74,75,76,66.42255590468704,1.1934897514720433e-13,1.1102230246251565e-15,4.862776847858186e-13,4,8,2184616.11112,34734.983586
2024-09-02 04:00:00,schloemer,L75,75,117,71.47158248463694,3.078870491890484e-12,9.837510805965621e-10,7.882324126740059e-09,4,8,2184616.11112,34734.983586
2024-09-02 04:00:00,schloemer,L76,76,77,61.4713875721621,5.329070518200751e-15,0.0,2.1316282072803006e-14,4,8,2184616.11112,34734.983586
2024-09-02 04:00:00,schloemer,L77,76,79,57.243456932464234,4.440892098500626e-16,0.0,1.7763568394002505e-15,4,8,2184616.11112,34734.983586
2024-09-02 04:00:00,schloemer,L78,76,79,57.243456932464234,4.440892098500626e-16,0.0,1.7763568394002505e-15,4,8,2184616.11112,34734.983586
2024-09-02 04:00:00,schloemer,L79,76,81,57.26960516350274,4.440892098500626e-16,0.0,1.7763568394002505e-15,4,8,2184616.11112,34734.983586
2024-09-02 04:00:00,schloemer,L80,77,78,55.15520612711182,1.1102230246251565e-16,0.0,4.440892098500626e-16,4,8,2184616.11112,34734.983586
2024-09-02 04:00:00,schloemer,L81,78,79,51.9823345559081,0.0,0.0,0.0,4,8,2184616.11112,34734.983586
2024-09-02 04:00:00,schloemer,L82,79,95,47.81155520193022,0.0,0.0,0.0,4,8,2184616.11112,34734.983586
2024-09-02 04:00:00,schloemer,L83,79,96,47.78495082146962,0.0,0.0,0.0,4,8,2184616.11112,34734.983586
2024-09-02 04:00:00,schloemer,L84,79,97,48.89675351177198,0.0,0.0,0.0,4,8,2184616.11112,34734.983586
2024-09-02 04:00:00,schloemer,L85,79,98,48.071139096232464,0.0,0.0,0.0,4,8,2184616.11112,34734.983586
2024-09-02 04:00:00,schloemer,L86,80,67,60.604719060227254,2.9976021664879227e-15,0.0,8.992806499463768e-14,30,72,2186055.70436,34781.856812
2024-09-02 04:00:00,schloemer,L87,80,79,54.53708051768711,1.1102230246251565e-16,0.0,3.1086244689504383e-15,28,69,2185981.58126,34779.386042
2024-09-02 04:00:00,schloemer,L88,81,82,48.54495999868887,0.0,0.0,0.0,4,8,2184616.11112,34734.983586
2024-09-02 04:00:00,schloemer,L89,81,95,47.81441033114848,0.0,0.0,0.0,4,8,2184616.11112,34734.983586
2024-09-02 04:00:00,schloemer,L90,93,95,42.03287360664293,0.0,0.0,0.0,4,8,2184616.11112,34734.983586
2024-09-02 04:00:00,schloemer,L91,95,96,44.78177801504502,0.0,0.0,0.0,4,8,2184616.11112,34734.983586
2024-09-02 04:00:00,schloemer,L92,115,67,60.957776443585004,3.774758283725532e-15,0.0,4.907185768843192e-14,13,29,2185126.88168,34750.896056
2024-09-02 05:00:00,schloemer,L0,22,23,94.0890910989902,2.9577879783193595e-06,0.3976452345735033,0.9826693973073969,4,8,2184616.11112,34734.983586
2024-09-02 05:00:00,schloemer,L1,23,69,107.94996961282854,0.0015343926168686073,0.9612576663186103,0.9999999999949555,4,8,2184616.11112,34734.983586
2024-09-02 05:00:00,schloemer,L2,23,71,91.42783053219881,6.973625633621694e-07,0.22707507832099116,0.8726211646948834,4,8,2184616.11112,34734.983586
2024-09-02 05:00:00,schloemer,L3,29,37,40.729761970233106,0.0,0.0,0.0,4,8,2184616.11112,34734.983586
2024-09-02 05:00:00,schloemer,L4,32,36,38.25484065891607,0.0,0.0,0.0,4,8,2184616.11112,34734.983586
2024-09-02 05:00:00,schloemer,L5,33,36,41.13726158760329,0.0,0.0,0.0,4,8,2184616.11112,34734.983586
2024-09-02 05:00:00,schloemer,L6,33,42,45.386987788916386,0.0,0.0,0.0,4,8,2184616.11112,34734.983586
2024-09-02 05:00:00,schloemer,L7,34,36,37.400753850197,0.0,0.0,0.0,4,8,2184616.11112,34734.983586
2024-09-02 05:00:00,schloemer,L8,36,38,40.167548046833055,0.0,0.0,0.0,4,8,2184616.11112,34734.983586
2024-09-02 05:00:00,schloemer,L9,36,39,42.48728815055959,0.0,0.0,0.0,4,8,2184616.11112,34734.983586
2024-09-02 05:00:00,schloemer,L10,37,36,41.58364667133228,0.0,0.0,0.0,20,48,2185542.33716,34764.744572
2024-09-02 05:00:00,schloemer,L11,37,64,48.46551346245483,0.0,0.0,0.0,4,8,2184616.11112,34734.983586
2024-09-02 05:00:00,schloemer,L12,38,39,42.9369942138301,0.0,0.0,0.0,4,8,2184616.11112,34734.983586
2024-09-02 05:00:00,schloemer,L13,39,40,47.6880899516516,0.0,0.0,0.0,4,8,2184616.11112,34734.983586
2024-09-02 05:00:00,schloemer,L14,39,41,50.660577031437356,0.0,0.0,0.0,4,8,2184616.11112,34734.983586
2024-09-02 05:00:00,schloemer,L15,40,41,53.24231181061308,0.0,0.0,0.0,4,8,2184616.11112,34734.983586
2024-09-02 05:00:00,schloemer,L16,41,48,65.76437570211371,7.849276784099857e-14,1.1102230246251565e-16,3.148592497836944e-13,4,8,2184616.11112,34734.983586
2024-09-02 05:00:00,schloemer,L17,41,48,65.76437570211371,7.849276784099857e-14,1.1102230246251565e-16,3.148592497836944e-13,4,8,2184616.11112,34734.983586
2024-09-02 05:00:00,schloemer,L18,42,43,52.91536737300026,0.0,0.0,0.0,4,8,2184616.11112,34734.983586
2024-09-02 05:00:00,schloemer,L19,43,44,64.10994747545062,2.7533531010703882e-14,0.0,1.1013412404281553e-13,4,8,2184616.11112,34734.983586
2024-09-02 05:00:00,schloemer,L20,44,45,79.11532239653515,4.229039340941654e-10,0.0001593150012478839,0.001273811250292023,4,8,2184616.11112,34734.983586
2024-09-02 05:00:00,schloemer,L21,44,48,73.96777787125171,1.5489942661872647e-11,1.2823772232994912e-07,1.0259632778897299e-06,4,8,2184616.11112,34734.983586
2024-09-02 05:00:00,schloemer,L22,45,46,91.0838660614965,5.757263155103942e-07,0.2076576065636313,0.8446532599722948,4,8,2184616.11112,34734.983586
2024-09-02 05:00:00,schloemer,L23,45,47,90.63574740141338,4.4778181829130403e-07,0.18361867929249653,0.8026924535711604,4,8,2184616.11112,34734.983586
2024-09-02 05:00:00,schloemer,L24,46,48,84.75692072416477,1.4228777267533133e-08,0.015396226705951976,0.1167331288824679,4,8,2184616.11112,34734.983586
2024-09-02 05:00:00,schloemer,L25,46,68,94.74152994687088,4.169970046707938e-06,0.4422539107425292,0.9906354906710597,4,8,2184616.11112,34734.983586
2024-09-02 05:00:00,schloemer,L26,47,48,83.66961223802497,7.319789885329442e-09,0.007800701574481539,0.06072813813157407,4,8,2184616.11112,34734.983586
2024-09-02 05:00:00,schloemer,L27,48,49,76.15827679619161,6.36980468371462e-11,4.0716032729815055e-06,3.2572616788795195e-05,4,8,2184616.11112,34734.983586
2024-09-02 05:00:00,schloemer,L28,48,50,78.3651615559469,2.6224311611144913e-10,6.925562323811807e-05,0.0005539117553385875,4,8,2184616.11112,34734.983586
2024-09-02 05:00:00,schloemer,L29,48,53,69.56888385120448,9.000578060636144e-13,1.1026846102879517e-11,9.18150000472906e-11,4,8,2184616.11112,34734.983586
2024-09-02 05:00:00,schloemer,L30,48,53,69.56888385120448,9.000578060636144e-13,1.1026846102879517e-11,9.18150000472906e-11,4,8,2184616.11112,34734.983586
2024-09-02 05:00:00,schloemer,L31,48,65,64.97661471313751,4.75175454539567e-14,0.0,1.900701818158268e-13,4,8,2184616.11112,34734.983586
2024-09-02 05:00:00,schloemer,L32,48,65,64.97661471313751,4.75175454539567e-14,0.0,1.900701818158268e-13,4,8,2184616.11112,34734.983586
2024-09-02 05:00:00,schloemer,L33,48,68,88.73840755179334,1.515253494899227e-07,0.09964688469098792,0.568180043172094,4,8,2184616.11112,34734.983586
2024-09-02 05:00:00,schloemer,L34,49,56,70.09902060591537,1.2674306049120787e-12,4.149747212522925e-11,3.370494994214823e-10,4,8,2184616.11112,34734.983586
2024-09-02 05:00:00,schloemer,L35,50,51,73.71297043256119,1.313604780506239e-11,8.184581612447062e-08,6.548188856703163e-07,4,8,2184616.11112,34734.983586
2024-09-02 05:00:00,schloemer,L36,50,57,70.89399364831681,2.1188606424971113e-12,2.7163793436812966e-10,2.1815789175150258e-09,4,8,2184616.11112,34734.983586
2024-09-02 05:00:00,schloemer,L37,51,52,65.26402150682523,5.706546346573305e-14,0.0,2.282618538629322e-13,4,8,2184616.11112,34734.983586
2024-09-02 05:00:00,schloemer,L38,52,53,61.95278332785424,7.105427357601002e-15,0.0,2.842170943040401e-14,4,8,2184616.11112,34734.983586
2024-09-02 05:00:00,schloemer,L39,53,54,57.29673081705053,4.440892098500626e-16,0.0,1.7763568394002505e-15,4,8,2184616.11112,34734.983586
2024-09-02 05:00:00,schloemer,L40,53,55,59.66112578939289,1.7763568394002505e-15,0.0,7.105427357601002e-15,4,8,2184616.11112,34734.983586
2024-09-02 05:00:00,schloemer,L41,53,58,56.07184185222638,2.220446049250313e-16,0.0,8.881784197001252e-16,4,8,2184616.11112,34734.983586
2024-09-02 05:00:00,schloemer,L42,54,55,55.29157446505002,1.1102230246251565e-16,0.0,4.440892098500626e-16,4,8,2184616.11112,34734.983586
2024-09-02 05:00:00,schloemer,L43,54,58,52.32110517467537,0.0,0.0,0.0,4,8,2184616.11112,34734.983586
2024-09-02 05:00:00,schloemer,L44,55,56,61.34269369940784,4.884981308350689e-15,0.0,1.9539925233402755e-14,4,8,2184616.11112,34734.983586
2024-09-02 05:00:00,schloemer,L45,55,57,61.31685236136914,4.773959005888173e-15,0.0,1.9095836023552692e-14,4,8,2184616.11112,34734.983586
2024-09-02 05:00:00,schloemer,L46,55,58,54.297953635476276,1.1102230246251565e-16,0.0,4.440892098500626e-16,4,8,2184616.11112,34734.983586
2024-09-02 05:00:00,schloemer,L47,55,58,54.297953635476276,1.1102230246251565e-16,0.0,4.440892098500626e-16,4,8,2184616.11112,34734.983586
2024-09-02 05:00:00,schloemer,L48,58,59,48.2850625353103,0.0,0.0,0.0,4,8,2184616.11112,34734.983586
2024-09-02 05:00:00,schloemer,L49,58,60,49.16342325335816,0.0,0.0,0.0,4,8,2184616.11112,34734.983586
2024-09-02 05:00:00,schloemer,L50,59,60,46.32569745883237,0.0,0.0,0.0,4,8,2184616.11112,34734.983586
2024-09-02 05:00:00,schloemer,L51,59,61,47.03606043172389,0.0,0.0,0.0,4,8,2184616.11112,34734.983586
2024-09-02 05:00:00,schloemer,L52,60,61,47.733604933539915,0.0,0.0,0.0,4,8,2184616.11112,34734.983586
2024-09-02 05:00:00,schloemer,L53,61,65,52.19306384537666,0.0,0.0,0.0,4,8,2184616.11112,34734.983586
2024-09-02 05:00:00,schloemer,L54,61,66,48.331446940001705,0.0,0.0,0.0,4,8,2184616.11112,34734.983586
2024-09-02 05:00:00,schloemer,L55,62,58,50.32887902930154,0.0,0.0,0.0,13,30,2185148.89802,34751.629934
2024-09-02 05:00:00,schloemer,L56,62,63,50.250390382084994,0.0,0.0,0.0,4,8,2184616.11112,34734.983586
2024-09-02 05:00:00,schloemer,L57,63,60,49.03730799011466,0.0,0.0,0.0,20,47,2185512.78098,34763.759366
2024-09-02 05:00:00,schloemer,L58,63,64,53.18799285866698,0.0,0.0,0.0,4,8,2184616.11112,34734.983586
2024-09-02 05:00:00,schloemer,L59,64,65,55.83277991822405,2.220446049250313e-16,0.0,4.440892098500626e-15,20,48,2185545.98792,34764.866264
2024-09-02 05:00:00,schloemer,L60,64,67,61.469314857721265,5.10702591327572e-15,0.0,1.9406698470447736e-13,38,93,2186503.81292,34796.793764
2024-09-02 05:00:00,schloemer,L61,65,66,51.98786369729683,0.0,0.0,0.0,4,8,2184616.11112,34734.983586
2024-09-02 05:00:00,schloemer,L62,67,68,78.70716127802547,3.158961980886943e-10,9.927639673990019e-05,0.006728401201698042,28,68,2185978.45538,34779.281846
2024-09-02 05:00:00,schloemer,L63,68,69,106.20639888806556,0.0007943175370043187,0.9395821772014806,0.9999999998230135,4,8,2184616.11112,34734.983586
2024-09-02 05:00:00,schloemer,L64,68,74,93.96189668074528,2.76481557792696e-06,0.3889861014835344,0.9805730818769357,4,8,2184616.11112,34734.983586
2024-09-02 05:00:00,schloemer,L65,68,76,80.58698461826174,1.0735529132333e-09,0.0006883884263775286,0.005493861332316885,4,8,2184616.11112,34734.983586
2024-09-02 05:00:00,schloemer,L66,69,70,99.53152512681625,4.5093283979280585e-05,0.7357960098151577,0.9999762624090444,4,8,2184616.11112,34734.983586
2024-09-02 05:00:00,schloemer,L67,69,73,101.888370935723,0.00013210772087857148,0.8352535836723569,0.9999994576267015,4,8,2184616.11112,34734.983586
2024-09-02 05:00:00,schloemer,L68,69,74,99.59378223101754,4.643120346314866e-05,0.7388615085890864,0.9999783784678447,4,8,2184616.11112,34734.983586
2024-09-02 05:00:00,schloemer,L69,70,71,86.27054663107624,3.5444561397035557e-08,0.03483099916073762,0.24694472113145327,4,8,2184616.11112,34734.983586
2024-09-02 05:00:00,schloemer,L70,70,72,79.2141698085289,4.5032610973549936e-10,0.00017699339047561047,0.001415072086502267,4,8,2184616.11112,34734.983586
2024-09-02 05:00:00,schloemer,L71,73,74,93.80342521364959,2.5413267702445452e-06,0.37823020979209965,0.9776626050414462,4,8,2184616.11112,34734.983586
2024-09-02 05:00:00,schloemer,L72,74,76,78.13725018368756,2.2672352884001157e-10,5.3105766525729514e-05,0.0004247680808729948,4,8,2184616.11112,34734.983586
2024-09-02 05:00:00,schloemer,L73,74,117,84.9978048641358,1.6469840047328432e-08,0.017703955310030217,0.13315961976987234,4,8,2184616.11112,34734.983586
2024-09-02 05:00:00,schloemer,L74,75,76,69.90383087300175,1.1173284519827575e-12,2.5650481738637154e-11,2.0967316771702826e-10,4,8,2184616.11112,34734.983586
2024-09-02 05:00:00,schloemer,L75,75,117,74.73623453492759,2.5455748620117902e-11,4.6731230640695287e-07,3.738594159252706e-06,4,8,2184616.11112,34734.983586
2024-09-02 05:00:00,schloemer,L76,76,77,64.44498029146746,3.397282455352979e-14,0.0,1.3589129821411916e-13,4,8,2184616.11112,34734.983586
2024-09-02 05:00:00,schloemer,L77,76,79,60.08512469911071,2.220446049250313e-15,0.0,8.881784197001252e-15,4,8,2184616.11112,34734.983586
2024-09-02 05:00:00,schloemer,L78,76,79,60.08512469911071,2.220446049250313e-15,0.0,8.881784197001252e-15,4,8,2184616.11112,34734.983586
2024-09-02 05:00:00,schloemer,L79,76,81,59.892716558546006,1.9984014443252818e-15,0.0,7.993605777301127e-15,4,8,2184616.11112,34734.983586
2024-09-02 05:00:00,schloemer,L80,77,78,57.195700341641974,4.440892098500626e-16,0.0,1.7763568394002505e-15,4,8,2184616.11112,34734.983586
2024-09-02 05:00:00,schloemer,L81,78,79,54.0135710474784,1.1102230246251565e-16,0.0,4.440892098500626e-16,4,8,2184616.11112,34734.983586
2024-09-02 05:00:00,schloemer,L82,79,95,49.59798376469233,0.0,0.0,0.0,4,8,2184616.11112,34734.983586
2024-09-02 05:00:00,schloemer,L83,79,96,49.51942231672591,0.0,0.0,0.0,4,8,2184616.11112,34734.983586
2024-09-02 05:00:00,schloemer,L84,79,97,50.68733516585719,0.0,0.0,0.0,4,8,2184616.11112,34734.983586
2024-09-02 05:00:00,schloemer,L85,79,98,49.98924046703542,0.0,0.0,0.0,4,8,2184616.11112,34734.983586
2024-09-02 05:00:00,schloemer,L86,80,67,65.00964202155136,4.729550084903167e-14,0.0,1.41886502547095e-12,30,72,2186055.70436,34781.856812
2024-09-02 05:00:00,schloemer,L87,80,79,57.42312642006893,4.440892098500626e-16,0.0,1.2434497875801753e-14,28,69,2185981.58126,34779.386042
2024-09-02 05:00:00,schloemer,L88,81,82,49.99272305459074,0.0,0.0,0.0,4,8,2184616.11112,34734.983586
2024-09-02 05:00:00,schloemer,L89,81,95,49.47892933261254,0.0,0.0,0.0,4,8,2184616.11112,34734.983586
2024-09-02 05:00:00,schloemer,L90,93,95,43.282303193824056,0.0,0.0,0.0,4,8,2184616.11112,34734.983586
2024-09-02 05:00:00,schloemer,L91,95,96,46.212379562599565,0.0,0.0,0.0,4,8,2184616.11112,34734.983586
2024-09-02 05:00:00,schloemer,L92,115,67,65.53850224116525,6.727951529228449e-14,0.0,8.746336987996983e-13,13,29,2185126.88168,34750.896056
2024-09-02 06:00:00,schloemer,L0,22,23,87.6031112133903,7.81155891083074e-08,0.06391506755228338,0.41044829154975926,4,8,2184616.11112,34734.983586
2024-09-02 06:00:00,schloemer,L1,23,69,106.41174556688908,0.0008600692451149472,0.9426051548044392,0.9999999998826485,4,8,2184616.11112,34734.983586
2024-09-02 06:00:00,schloemer,L2,23,71,86.48149018458643,4.020222121869921e-08,0.03859848788833253,0.27014205992631046,4,8,2184616.11112,34734.983586
2024-09-02 06:00:00,schloemer,L3,29,37,42.417196554578766,0.0,0.0,0.0,4,8,2184616.11112,34734.983586
2024-09-02 06:00:00,schloemer,L4,32,36,39.81114078669709,0.0,0.0,0.0,4,8,2184616.11112,34734.983586
2024-09-02 06:00:00,schloemer,L5,33,36,42.966341480257924,0.0,0.0,0.0,4,8,2184616.11112,34734.983586
2024-09-02 06:00:00,schloemer,L6,33,42,47.6712448915055,0.0,0.0,0.0,4,8,2184616.11112,34734.983586
2024-09-02 06:00:00,schloemer,L7,34,36,38.853380223349134,0.0,0.0,0.0,4,8,2184616.11112,34734.983586
2024-09-02 06:00:00,schloemer,L8,36,38,41.92563458897229,0.0,0.0,0.0,4,8,2184616.11112,34734.983586
2024-09-02 06:00:00,schloemer,L9,36,39,44.49438491012657,0.0,0.0,0.0,4,8,2184616.11112,34734.983586
2024-09-02 06:00:00,schloemer,L10,37,36,43.43683476490418,0.0,0.0,0.0,20,48,2185542.33716,34764.744572
2024-09-02 06:00:00,schloemer,L11,37,64,51.05525335289557,0.0,0.0,0.0,4,8,2184616.11112,34734.983586
2024-09-02 06:00:00,schloemer,L12,38,39,45.01930638264269,0.0,0.0,0.0,4,8,2184616.11112,34734.983586
2024-09-02 06:00:00,schloemer,L13,39,40,50.36423269493711,0.0,0.0,0.0,4,8,2184616.11112,34734.983586
2024-09-02 06:00:00,schloemer,L14,39,41,53.71435378449225,0.0,0.0,0.0,4,8,2184616.11112,34734.983586
2024-09-02 06:00:00,schloemer,L15,40,41,56.68534496839786,3.3306690738754696e-16,0.0,1.3322676295501878e-15,4,8,2184616.11112,34734.983586
2024-09-02 06:00:00,schloemer,L16,41,48,70.98446728778985,2.2465362903290043e-12,3.337217169274709e-10,2.678759880581083e-09,4,8,2184616.11112,34734.983586
2024-09-02 06:00:00,schloemer,L17,41,48,70.98446728778985,2.2465362903290043e-12,3.337217169274709e-10,2.678759880581083e-09,4,8,2184616.11112,34734.983586
2024-09-02 06:00:00,schloemer,L18,42,43,56.150124170881256,2.220446049250313e-16,0.0,8.881784197001252e-16,4,8,2184616.11112,34734.983586
2024-09-02 06:00:00,schloemer,L19,43,44,69.04306189790803,6.411537967210279e-13,2.790323527790406e-12,2.488720340920736e-11,4,8,2184616.11112,34734.983586
2024-09-02 06:00:00,schloemer,L20,44,45,86.78118859099798,4.805382380901335e-08,0.044467110673207855,0.30503163389972576,4,8,2184616.11112,34734.983586
2024-09-02 06:00:00,schloemer,L21,44,48,80.35426581203312,9.270288980900432e-10,0.000554030034417563,0.0044236589039580165,4,8,2184616.11112,34734.983586
2024-09-02 06:00:00,schloemer,L22,45,46,101.81010666216817,0.00012761150019779954,0.8324894777084015,0.9999993803948142,4,8,2184616.11112,34734.983586
2024-09-02 06:00:00,schloemer,L23,45,47,99.93802827963599,5.4534008236739595e-05,0.7553827612096029,0.9999871825468426,4,8,2184616.11112,34734.983586
2024-09-02 06:00:00,schloemer,L24,46,48,93.6563412092416,2.349561126324673e-06,0.36828662908850807,0.9746395781793221,4,8,2184616.11112,34734.983586
2024-09-02 06:00:00,schloemer,L25,46,68,107.2429082221824,0.0011802749450408045,0.9535030381923084,0.9999999999782557,4,8,2184616.11112,34734.983586
2024-09-02 06:00:00,schloemer,L26,47,48,91.21687004209342,6.200976971904026e-07,0.21507031655772724,0.8559063154723268,4,8,2184616.11112,34734.983586
2024-09-02 06:00:00,schloemer,L27,48,49,81.54656767662298,1.961188100807476e-09,0.0015980759947643586,0.012713336083905569,4,8,2184616.11112,34734.983586
2024-09-02 06:00:00,schloemer,L28,48,50,83.50525624584438,6.6160363854095294e-09,0.00698722749645353,0.05454978437690505,4,8,2184616.11112,34734.983586
2024-09-02 06:00:00,schloemer,L29,48,53,73.57713956878652,1.2030820784048046e-11,6.414959285994115e-08,5.132447509215154e-07,4,8,2184616.11112,34734.983586
2024-09-02 06:00:00,schloemer,L30,48,53,73.57713956878652,1.2030820784048046e-11,6.414959285994115e-08,5.132447509215154e-07,4,8,2184616.11112,34734.983586
2024-09-02 06:00:00,schloemer,L31,48,65,69.3592796853782,7.862599460395359e-13,6.4224181528516056e-12,5.452438500697099e-11,4,8,2184616.11112,34734.983586
2024-09-02 06:00:00,schloemer,L32,48,65,69.3592796853782,7.862599460395359e-13,6.4224181528516056e-12,5.452438500697099e-11,4,8,2184616.11112,34734.983586
2024-09-02 06:00:00,schloemer,L33,48,68,99.43271345655351,4.30445061585516e-05,0.7308820431329395,0.9999724915171825,4,8,2184616.11112,34734.983586
2024-09-02 06:00:00,schloemer,L34,49,56,72.88837976628697,7.703726545571499e-12,1.7801055074428973e-08,1.4243924661982987e-07,4,8,2184616.11112,34734.983586
2024-09-02 06:00:00,schloemer,L35,50,51,75.27014514571206,3.5933811481925204e-11,1.089407785537233e-06,8.715372787682085e-06,4,8,2184616.11112,34734.983586
2024-09-02 06:00:00,schloemer,L36,50,57,72.73991215714031,6.997735724212362e-12,1.3362761119850575e-08,1.0693007490569784e-07,4,8,2184616.11112,34734.983586
2024-09-02 06:00:00,schloemer,L37,51,52,65.8657530796722,8.37108160567368e-14,2.220446049250313e-16,3.3661962106634746e-13,4,8,2184616.11112,34734.983586
2024-09-02 06:00:00,schloemer,L38,52,53,63.41215106702311,1.7763568394002505e-14,0.0,7.105427357601002e-14,4,8,2184616.11112,34734.983586
2024-09-02 06:00:00,schloemer,L39,53,54,58.86451953579998,1.1102230246251565e-15,0.0,4.440892098500626e-15,4,8,2184616.11112,34734.983586
2024-09-02 06:00:00,schloemer,L40,53,55,61.35384890700281,4.884981308350689e-15,0.0,1.9539925233402755e-14,4,8,2184616.11112,34734.983586
2024-09-02 06:00:00,schloemer,L41,53,58,57.81390756170115,5.551115123125783e-16,0.0,2.220446049250313e-15,4,8,2184616.11112,34734.983586
2024-09-02 06:00:00,schloemer,L42,54,55,56.4876748448823,2.220446049250313e-16,0.0,8.881784197001252e-16,4,8,2184616.11112,34734.983586
2024-09-02 06:00:00,schloemer,L43,54,58,53.60116352498004,0.0,0.0,0.0,4,8,2184616.11112,34734.983586
2024-09-02 06:00:00,schloemer,L44,55,56,62.86730793497583,1.2656542480726785e-14,0.0,5.062616992290714e-14,4,8,2184616.11112,34734.983586
2024-09-02 06:00:00,schloemer,L45,55,57,62.54176412710125,1.0325074129013956e-14,0.0,4.1300296516055823e-14,4,8,2184616.11112,34734.983586
2024-09-02 06:00:00,schloemer,L46,55,58,55.679682047933156,1.1102230246251565e-16,0.0,4.440892098500626e-16,4,8,2184616.11112,34734.983586
2024-09-02 06:00:00,schloemer,L47,55,58,55.679682047933156,1.1102230246251565e-16,0.0,4.440892098500626e-16,4,8,2184616.11112,34734.983586
2024-09-02 06:00:00,schloemer,L48,58,59,49.58886497291952,0.0,0.0,0.0,4,8,2184616.11112,34734.983586
2024-09-02 06:00:00,schloemer,L49,58,60,50.63269850901886,0.0,0.0,0.0,4,8,2184616.11112,34734.983586
2024-09-02 06:00:00,schloemer,L50,59,60,47.660445260704755,0.0,0.0,0.0,4,8,2184616.11112,34734.983586
2024-09-02 06:00:00,schloemer,L51,59,61,48.5202499240201,0.0,0.0,0.0,4,8,2184616.11112,34734.983586
2024-09-02 06:00:00,schloemer,L52,60,61,49.366343364499365,0.0,0.0,0.0,4,8,2184616.11112,34734.983586
2024-09-02 06:00:00,schloemer,L53,61,65,54.54905799118829,1.1102230246251565e-16,0.0,4.440892098500626e-16,4,8,2184616.11112,34734.983586
2024-09-02 06:00:00,schloemer,L54,61,66,50.23957091352377,0.0,0.0,0.0,4,8,2184616.11112,34734.983586
2024-09-02 06:00:00,schloemer,L55,62,58,51.854692837013076,0.0,0.0,0.0,13,30,2185148.89802,34751.629934
2024-09-02 06:00:00,schloemer,L56,62,63,52.20286487119439,0.0,0.0,0.0,4,8,2184616.11112,34734.983586
2024-09-02 06:00:00,schloemer,L57,63,60,50.89342870400596,0.0,0.0,0.0,20,47,2185512.78098,34763.759366
2024-09-02 06:00:00,schloemer,L58,63,64,56.071208245501325,2.220446049250313e-16,0.0,8.881784197001252e-16,4,8,2184616.11112,34734.983586
2024-09-02 06:00:00,schloemer,L59,64,65,59.16426176704602,1.2212453270876722e-15,0.0,2.4424906541753444e-14,20,48,2185545.98792,34764.866264
2024-09-02 06:00:00,schloemer,L60,64,67,66.27789426764883,1.0480505352461478e-13,6.661338147750939e-16,4.044542478709445e-12,38,93,2186503.81292,34796.793764
2024-09-02 06:00:00,schloemer,L61,65,66,54.465121369406255,1.1102230246251565e-16,0.0,4.440892098500626e-16,4,8,2184616.11112,34734.983586
2024-09-02 06:00:00,schloemer,L62,67,68,87.1705999145537,5.857436224943058e-08,0.05241206399101095,0.9742885334126151,28,68,2185978.45538,34779.281846
2024-09-02 06:00:00,schloemer,L63,68,69,117.21332115393929,0.026800554543880306,0.997049807793292,1.0,4,8,2184616.11112,34734.983586
2024-09-02 06:00:00,schloemer,L64,68,74,103.764041471469,0.0002962354102494791,0.8913576557203253,0.9999999806144407,4,8,2184616.11112,34734.983586
2024-09-02 06:00:00,schloemer,L65,68,76,87.7539794945711,8.535501216933028e-08,0.06805163892342436,0.43097068196251465,4,8,2184616.11112,34734.983586
2024-09-02 06:00:00,schloemer,L66,69,70,98.9389083541685,3.406123580840248e-05,0.7054415301064678,0.9999433352535168,4,8,2184616.11112,34734.983586
2024-09-02 06:00:00,schloemer,L67,69,73,105.61856152412906,0.0006307394874260908,0.930131361995428,0.9999999994335492,4,8,2184616.11112,34734.983586
2024-09-02 06:00:00,schloemer,L68,69,74,105.71373141760974,0.0006549237837254474,0.9317448305022586,0.9999999995301639,4,8,2184616.11112,34734.983586
2024-09-02 06:00:00,schloemer,L69,70,71,82.45707973175332,3.4600562415221248e-09,0.0032977494509890404,0.026079504947193022,4,8,2184616.11112,34734.983586
2024-09-02 06:00:00,schloemer,L70,70,72,76.18375833850564,6.475164848751547e-11,4.221844042806566e-06,3.37745122733768e-05,4,8,2184616.11112,34734.983586
2024-09-02 06:00:00,schloemer,L71,73,74,99.09111966215977,3.6620668064091255e-05,0.7134389967869647,0.9999545354294108,4,8,2184616.11112,34734.983586
2024-09-02 06:00:00,schloemer,L72,74,76,83.3927346559089,6.1731062483971755e-09,0.0064722836097408365,0.05062042048091209,4,8,2184616.11112,34734.983586
2024-09-02 06:00:00,schloemer,L73,74,117,89.60430625213588,2.4940307863374755e-07,0.13423763272712008,0.6843620606114035,4,8,2184616.11112,34734.983586
2024-09-02 06:00:00,schloemer,L74,75,76,73.51307402025056,1.1542322653212977e-11,5.712702522142621e-08,4.570622796906676e-07,4,8,2184616.11112,34734.983586
2024-09-02 06:00:00,schloemer,L75,75,117,77.74642471972575,1.7658441375800749e-10,3.321545217660482e-05,0.00026569343415960844,4,8,2184616.11112,34734.983586
2024-09-02 06:00:00,schloemer,L76,76,77,67.58694829431835,2.5135449277513544e-13,4.474198789239381e-14,1.3633538742396922e-12,4,8,2184616.11112,34734.983586
2024-09-02 06:00:00,schloemer,L77,76,79,63.226578500203516,1.5765166949677223e-14,0.0,6.306066779870889e-14,4,8,2184616.11112,34734.983586
2024-09-02 06:00:00,schloemer,L78,76,79,63.226578500203516,1.5765166949677223e-14,0.0,6.306066779870889e-14,4,8,2184616.11112,34734.983586
2024-09-02 06:00:00,schloemer,L79,76,81,62.72270191457949,1.1546319456101628e-14,0.0,4.618527782440651e-14,4,8,2184616.11112,34734.983586
2024-09-02 06:00:00,schloemer,L80,77,78,59.30691358835224,1.4432899320127035e-15,0.0,5.773159728050814e-15,4,8,2184616.11112,34734.983586
2024-09-02 06:00:00,schloemer,L81,78,79,56.211290014295344,2.220446049250313e-16,0.0,8.881784197001252e-16,4,8,2184616.11112,34734.983586
2024-09-02 06:00:00,schloemer,L82,79,95,51.57917993340406,0.0,0.0,0.0,4,8,2184616.11112,34734.983586
2024-09-02 06:00:00,schloemer,L83,79,96,51.431590541057325,0.0,0.0,0.0,4,8,2184616.11112,34734.983586
2024-09-02 06:00:00,schloemer,L84,79,97,52.64680250963638,0.0,0.0,0.0,4,8,2184616.11112,34734.983586
2024-09-02 06:00:00,schloemer,L85,79,98,52.14250625134355,0.0,0.0,0.0,4,8,2184616.11112,34734.983586
2024-09-02 06:00:00,schloemer,L86,80,67,70.40406916581209,1.4969137041020986e-12,8.197464929082798e-11,5.947082160062678e-09,30,72,2186055.70436,34781.856812
2024-09-02 06:00:00,schloemer,L87,80,79,60.74102391163684,3.3306690738754696e-15,0.0,9.325873406851315e-14,28,69,2185981.58126,34779.386042
2024-09-02 06:00:00,schloemer,L88,81,82,51.51226586840458,0.0,0.0,0.0,4,8,2184616.11112,34734.983586
2024-09-02 06:00:00,schloemer,L89,81,95,51.29736402259258,0.0,0.0,0.0,4,8,2184616.11112,34734.983586
2024-09-02 06:00:00,schloemer,L90,93,95,44.67465383548447,0.0,0.0,0.0,4,8,2184616.11112,34734.983586
2024-09-02 06:00:00,schloemer,L91,95,96,47.78946515602893,0.0,0.0,0.0,4,8,2184616.11112,34734.983586
2024-09-02 06:00:00,schloemer,L92,115,67,71.2059653913608,2.5655033653038117e-12,5.386212587055184e-10,1.565336793518668e-08,13,29,2185126.88168,34750.896056
2024-09-02 07:00:00,schloemer,L0,22,23,80.64663421528147,1.114660252987676e-09,0.0007271835297124607,0.00580268789987437,4,8,2184616.11112,34734.983586
2024-09-02 07:00:00,schloemer,L1,23,69,101.65984357859394,0.00011937869587952399,0.8270820129292807,0.9999992010603482,4,8,2184616.11112,34734.983586
2024-09-02 07:00:00,schloemer,L2,23,71,80.64861693465542,1.1160531387943706e-09,0.000728505737692231,0.0058132117944666994,4,8,2184616.11112,34734.983586
2024-09-02 07:00:00,schloemer,L3,29,37,44.39955602262911,0.0,0.0,0.0,4,8,2184616.11112,34734.983586
2024-09-02 07:00:00,schloemer,L4,32,36,41.66061920206639,0.0,0.0,0.0,4,8,2184616.11112,34734.983586
2024-09-02 07:00:00,schloemer,L5,33,36,45.13766490349639,0.0,0.0,0.0,4,8,2184616.11112,34734.983586
2024-09-02 07:00:00,schloemer,L6,33,42,50.385178243426466,0.0,0.0,0.0,4,8,2184616.11112,34734.983586
2024-09-02 07:00:00,schloemer,L7,34,36,40.57564198438244,0.0,0.0,0.0,4,8,2184616.11112,34734.983586
2024-09-02 07:00:00,schloemer,L8,36,38,44.01825133746336,0.0,0.0,0.0,4,8,2184616.11112,34734.983586
2024-09-02 07:00:00,schloemer,L9,36,39,46.88675145037984,0.0,0.0,0.0,4,8,2184616.11112,34734.983586
2024-09-02 07:00:00,schloemer,L10,37,36,45.63202464900057,0.0,0.0,0.0,20,48,2185542.33716,34764.744572
2024-09-02 07:00:00,schloemer,L11,37,64,54.11928841834927,1.1102230246251565e-16,0.0,4.440892098500626e-16,4,8,2184616.11112,34734.983586
2024-09-02 07:00:00,schloemer,L12,38,39,47.50841887264679,0.0,0.0,0.0,4,8,2184616.11112,34734.983586
2024-09-02 07:00:00,schloemer,L13,39,40,53.58503272041618,0.0,0.0,0.0,4,8,2184616.11112,34734.983586
2024-09-02 07:00:00,schloemer,L14,39,41,57.39716932540737,4.440892098500626e-16,0.0,1.7763568394002505e-15,4,8,2184616.11112,34734.983586
2024-09-02 07:00:00,schloemer,L15,40,41,60.86101378000313,3.6637359812630166e-15,0.0,1.4654943925052066e-14,4,8,2184616.11112,34734.983586
2024-09-02 07:00:00,schloemer,L16,41,48,77.2791806265928,1.309014008299414e-10,1.8507786020527384e-05,0.00014805322097932727,4,8,2184616.11112,34734.983586
2024-09-02 07:00:00,schloemer,L17,41,48,77.2791806265928,1.309014008299414e-10,1.8507786020527384e-05,0.00014805322097932727,4,8,2184616.11112,34734.983586
2024-09-02 07:00:00,schloemer,L18,42,43,60.01428381467068,2.1094237467877974e-15,0.0,8.43769498715119e-15,4,8,2184616.11112,34734.983586
2024-09-02 07:00:00,schloemer,L19,43,44,74.9828427182044,2.9851010552306434e-11,6.944418142751374e-07,5.55564041460066e-06,4,8,2184616.11112,34734.983586
2024-09-02 07:00:00,schloemer,L20,44,45,95.98882179320286,7.94174799101377e-06,0.5267539694835526,0.9974841656481723,4,8,2184616.11112,34734.983586
2024-09-02 07:00:00,schloemer,L21,44,48,87.88226446837633,9.202347472925254e-08,0.07171324790355516,0.448612317191753,4,8,2184616.11112,34734.983586
2024-09-02 07:00:00,schloemer,L22,45,46,114.86264096674962,0.014335063721703012,0.9942041748321547,1.0,4,8,2184616.11112,34734.983586
2024-09-02 07:00:00,schloemer,L23,45,47,110.29848761030011,0.003505806862420746,0.9792620443929708,0.9999999999999662,4,8,2184616.11112,34734.983586
2024-09-02 07:00:00,schloemer,L24,46,48,104.32652661766791,0.0003742374824243777,0.904695833963655,0.9999999932041335,4,8,2184616.11112,34734.983586
2024-09-02 07:00:00,schloemer,L25,46,68,123.18896531045476,0.09860918667847818,0.9994787022063981,1.0,4,8,2184616.11112,34734.983586
2024-09-02 07:00:00,schloemer,L26,47,48,99.56286089698725,4.5762066066323825e-05,0.7373419228595819,0.9999773511275563,4,8,2184616.11112,34734.983586
2024-09-02 07:00:00,schloemer,L27,48,49,87.18929078216198,6.120298978729011e-08,0.05348688680197555,0.3558114891308306,4,8,2184616.11112,34734.983586
2024-09-02 07:00:00,schloemer,L28,48,50,88.55899355959542,1.3655515540555996e-07,0.09328118645770322,0.5431424789560144,4,8,2184616.11112,34734.983586
2024-09-02 07:00:00,schloemer,L29,48,53,77.66616115965293,1.677403771438435e-10,3.009682391164059e-05,0.00024074990069300473,4,8,2184616.11112,34734.983586
2024-09-02 07:00:00,schloemer,L30,48,53,77.66616115965293,1.677403771438435e-10,3.009682391164059e-05,0.00024074990069300473,4,8,2184616.11112,34734.983586
2024-09-02 07:00:00,schloemer,L31,48,65,74.33376106437416,1.9625856495508742e-11,2.400914498323914e-07,1.9208084879318577e-06,4,8,2184616.11112,34734.983586
2024-09-02 07:00:00,schloemer,L32,48,65,74.33376106437416,1.9625856495508742e-11,2.400914498323914e-07,1.9208084879318577e-06,4,8,2184616.11112,34734.983586
2024-09-02 07:00:00,schloemer,L33,48,68,112.96936695639495,0.008247550368737366,0.9900915821884874,0.9999999999999999,4,8,2184616.11112,34734.983586
2024-09-02 07:00:00,schloemer,L34,49,56,75.27102431275357,3.5954128563275844e-11,1.0908900055506265e-06,8.727230538574382e-06,4,8,2184616.11112,34734.983586
2024-09-02 07:00:00,schloemer,L35,50,51,75.97067709662453,5.644940070936855e-11,3.1098750979952072e-06,2.4878955780516243e-05,4,8,2184616.11112,34734.983586
2024-09-02 07:00:00,schloemer,L36,50,57,73.91846833163876,1.5003664977086828e-11,1.1765904828209273e-07,9.4133201322677e-07,4,8,2184616.11112,34734.983586
2024-09-02 07:00:00,schloemer,L37,51,52,65.89280070019876,8.515410598874951e-14,2.220446049250313e-16,3.423927807943983e-13,4,8,2184616.11112,34734.983586
2024-09-02 07:00:00,schloemer,L38,52,53,64.52404838127711,3.574918139293004e-14,0.0,1.4299672557172016e-13,4,8,2184616.11112,34734.983586
2024-09-02 07:00:00,schloemer,L39,53,54,60.26760165380203,2.55351295663786e-15,0.0,1.021405182655144e-14,4,8,2184616.11112,34734.983586
2024-09-02 07:00:00,schloemer,L40,53,55,62.829925680655734,1.2323475573339238e-14,0.0,4.929390229335695e-14,4,8,2184616.11112,34734.983586
2024-09-02 07:00:00,schloemer,L41,53,58,59.473067003188646,1.5543122344752192e-15,0.0,6.217248937900877e-15,4,8,2184616.11112,34734.983586
2024-09-02 07:00:00,schloemer,L42,54,55,57.50297743008754,4.440892098500626e-16,0.0,1.7763568394002505e-15,4,8,2184616.11112,34734.983586
2024-09-02 07:00:00,schloemer,L43,54,58,54.79677866051165,1.1102230246251565e-16,0.0,4.440892098500626e-16,4,8,2184616.11112,34734.983586
2024-09-02 07:00:00,schloemer,L44,55,56,64.07914073655333,2.6978419498391304e-14,0.0,1.0791367799356522e-13,4,8,2184616.11112,34734.983586
2024-09-02 07:00:00,schloemer,L45,55,57,63.40207702617822,1.765254609153999e-14,0.0,7.061018436615996e-14,4,8,2184616.11112,34734.983586
2024-09-02 07:00:00,schloemer,L46,55,58,56.94588802580857,3.3306690738754696e-16,0.0,1.3322676295501878e-15,4,8,2184616.11112,34734.983586
2024-09-02 07:00:00,schloemer,L47,55,58,56.94588802580857,3.3306690738754696e-16,0.0,1.3322676295501878e-15,4,8,2184616.11112,34734.983586
2024-09-02 07:00:00,schloemer,L48,58,59,50.910035166131266,0.0,0.0,0.0,4,8,2184616.11112,34734.983586
2024-09-02 07:00:00,schloemer,L49,58,60,52.14116680531408,0.0,0.0,0.0,4,8,2184616.11112,34734.983586
2024-09-02 07:00:00,schloemer,L50,59,60,49.062637599444486,0.0,0.0,0.0,4,8,2184616.11112,34734.983586
2024-09-02 07:00:00,schloemer,L51,59,61,50.09730061759693,0.0,0.0,0.0,4,8,2184616.11112,34734.983586
2024-09-02 07:00:00,schloemer,L52,60,61,51.119418073773744,0.0,0.0,0.0,4,8,2184616.11112,34734.983586
2024-09-02 07:00:00,schloemer,L53,61,65,57.149068637224175,3.3306690738754696e-16,0.0,1.3322676295501878e-15,4,8,2184616.11112,34734.983586
2024-09-02 07:00:00,schloemer,L54,61,66,52.34300292031576,0.0,0.0,0.0,4,8,2184616.11112,34734.983586
2024-09-02 07:00:00,schloemer,L55,62,58,53.40589359322875,0.0,0.0,0.0,13,30,2185148.89802,34751.629934
2024-09-02 07:00:00,schloemer,L56,62,63,54.31231224647009,1.1102230246251565e-16,0.0,4.440892098500626e-16,4,8,2184616.11112,34734.983586
2024-09-02 07:00:00,schloemer,L57,63,60,52.907926333432066,0.0,0.0,0.0,20,47,2185512.78098,34763.759366
2024-09-02 07:00:00,schloemer,L58,63,64,59.391051168954085,1.4432899320127035e-15,0.0,5.773159728050814e-15,4,8,2184616.11112,34734.983586
2024-09-02 07:00:00,schloemer,L59,64,65,63.03995961624179,1.3766765505351941e-14,0.0,2.753353101070388e-13,20,48,2185545.98792,34764.866264
2024-09-02 07:00:00,schloemer,L60,64,67,72.20802142439395,4.757416682821258e-12,4.349225091182518e-09,4.046586342676406e-07,38,93,2186503.81292,34796.793764
2024-09-02 07:00:00,schloemer,L61,65,66,57.24274379244804,4.440892098500626e-16,0.0,1.7763568394002505e-15,4,8,2184616.11112,34734.983586
2024-09-02 07:00:00,schloemer,L62,67,68,98.00770270081667,2.1086896642485975e-05,0.6518307907470743,1.0,28,68,2185978.45538,34779.281846
2024-09-02 07:00:00,schloemer,L63,68,69,127.37865873474668,0.19605310520750785,0.9998438077419989,1.0,4,8,2184616.11112,34734.983586
2024-09-02 07:00:00,schloemer,L64,68,74,114.48450211252087,0.01288182305337049,0.9935447482833317,1.0,4,8,2184616.11112,34734.983586
2024-09-02 07:00:00,schloemer,L65,68,76,95.88180260566061,7.519560499602562e-06,0.5196160926950826,0.9971640763185781,4,8,2184616.11112,34734.983586
2024-09-02 07:00:00,schloemer,L66,69,70,95.75794441302529,7.057798685261574e-06,0.5113197776740772,0.9967477356275182,4,8,2184616.11112,34734.983586
2024-09-02 07:00:00,schloemer,L67,69,73,106.44199865884771,0.0008701668701458498,0.9430389108744766,0.9999999998895631,4,8,2184616.11112,34734.983586
2024-09-02 07:00:00,schloemer,L68,69,74,109.74623385475718,0.0029048176816874882,0.9759222240875687,0.9999999999998883,4,8,2184616.11112,34734.983586
2024-09-02 07:00:00,schloemer,L69,70,71,77.71168948448309,1.7270151975168346e-10,3.183099410142276e-05,0.0002546202753064275,4,8,2184616.11112,34734.983586
2024-09-02 07:00:00,schloemer,L70,70,72,72.39061025239874,5.581535234000512e-12,6.704025112824752e-09,5.365452582228869e-08,4,8,2184616.11112,34734.983586
2024-09-02 07:00:00,schloemer,L71,73,74,102.76007221115266,0.00019330427427100005,0.8636800682060204,0.999999880837654,4,8,2184616.11112,34734.983586
2024-09-02 07:00:00,schloemer,L72,74,76,88.66516189014207,1.4522969549179976e-07,0.09701494329221583,0.5579776243337009,4,8,2184616.11112,34734.983586
2024-09-02 07:00:00,schloemer,L73,74,117,93.29884460972312,1.9398846230478384e-06,0.34432022702918974,0.9658389728253793,4,8,2184616.11112,34734.983586
2024-09-02 07:00:00,schloemer,L74,75,76,77.02308986889878,1.1106704445040805e-10,1.3281115603835936e-05,0.00010624443031792552,4,8,2184616.11112,34734.983586
2024-09-02 07:00:00,schloemer,L75,75,117,80.14809746135882,8.138656415468404e-10,0.00045509024954659694,0.003634931515350437,4,8,2184616.11112,34734.983586
2024-09-02 07:00:00,schloemer,L76,76,77,70.76120212506325,1.944444605328499e-12,2.0022550284437557e-10,1.6095818011763185e-09,4,8,2184616.11112,34734.983586
2024-09-02 07:00:00,schloemer,L77,76,79,66.61988878862253,1.3533618670180658e-13,2.1094237467877974e-15,5.582201367815287e-13,4,8,2184616.11112,34734.983586
2024-09-02 07:00:00,schloemer,L78,76,79,66.61988878862253,1.3533618670180658e-13,2.1094237467877974e-15,5.582201367815287e-13,4,8,2184616.11112,34734.983586
2024-09-02 07:00:00,schloemer,L79,76,81,65.68436344034797,7.4495964952348e-14,1.1102230246251565e-16,2.9887203822909214e-13,4,8,2184616.11112,34734.983586
2024-09-02 07:00:00,schloemer,L80,77,78,61.40765933388948,5.10702591327572e-15,0.0,2.042810365310288e-14,4,8,2184616.11112,34734.983586
2024-09-02 07:00:00,schloemer,L81,78,79,58.53688947259428,8.881784197001252e-16,0.0,3.552713678800501e-15,4,8,2184616.11112,34734.983586
2024-09-02 07:00:00,schloemer,L82,79,95,53.7491847631976,0.0,0.0,0.0,4,8,2184616.11112,34734.983586
2024-09-02 07:00:00,schloemer,L83,79,96,53.51099716011679,0.0,0.0,0.0,4,8,2184616.11112,34734.983586
2024-09-02 07:00:00,schloemer,L84,79,97,54.75652883141649,1.1102230246251565e-16,0.0,4.440892098500626e-16,4,8,2184616.11112,34734.983586
2024-09-02 07:00:00,schloemer,L85,79,98,54.53574676958007,1.1102230246251565e-16,0.0,4.440892098500626e-16,4,8,2184616.11112,34734.983586
2024-09-02 07:00:00,schloemer,L86,80,67,77.0702653699313,1.1072731620487275e-10,1.3665885482572193e-05,0.0009834698760496918,30,72,2186055.70436,34781.856812
2024-09-02 07:00:00,schloemer,L87,80,79,64.52249669471402,3.47499806707674e-14,0.0,9.729994587814872e-13,28,69,2185981.58126,34779.386042
2024-09-02 07:00:00,schloemer,L88,81,82,53.068018955904954,0.0,0.0,0.0,4,8,2184616.11112,34734.983586
2024-09-02 07:00:00,schloemer,L89,81,95,53.25317732280544,0.0,0.0,0.0,4,8,2184616.11112,34734.983586
2024-09-02 07:00:00,schloemer,L90,93,95,46.21357846049973,0.0,0.0,0.0,4,8,2184616.11112,34734.983586
2024-09-02 07:00:00,schloemer,L91,95,96,49.50813904123436,0.0,0.0,0.0,4,8,2184616.11112,34734.983586
2024-09-02 07:00:00,schloemer,L92,115,67,78.31105567953976,2.5045698848202846e-10,6.437333789954813e-05,0.0018651485890696096,13,29,2185126.88168,34750.896056
2024-09-02 08:00:00,schloemer,L0,22,23,73.87649607887994,1.4601875264474984e-11,1.0931182203854917e-07,8.745526491882316e-07,4,8,2184616.11112,34734.983586
2024-09-02 08:00:00,schloemer,L1,23,69,94.75466847605017,4.198722312720449e-06,0.44315303423948726,0.990755582171907,4,8,2184616.11112,34734.983586
2024-09-02 08:00:00,schloemer,L2,23,71,74.59045088407888,2.316746794406299e-11,3.681865502480619e-07,2.945581275892728e-06,4,8,2184616.11112,34734.983586
2024-09-02 08:00:00,schloemer,L3,29,37,46.72859158440027,0.0,0.0,0.0,4,8,2184616.11112,34734.983586
2024-09-02 08:00:00,schloemer,L4,32,36,43.86376308892779,0.0,0.0,0.0,4,8,2184616.11112,34734.983586
2024-09-02 08:00:00,schloemer,L5,33,36,47.72220757207926,0.0,0.0,0.0,4,8,2184616.11112,34734.983586
2024-09-02 08:00:00,schloemer,L6,33,42,53.61884165032718,0.0,0.0,0.0,4,8,2184616.11112,34734.983586
2024-09-02 08:00:00,schloemer,L7,34,36,42.620781776765355,0.0,0.0,0.0,4,8,2184616.11112,34734.983586
2024-09-02 08:00:00,schloemer,L8,36,38,46.517115186116364,0.0,0.0,0.0,4,8,2184616.11112,34734.983586
2024-09-02 08:00:00,schloemer,L9,36,39,49.749377496995955,0.0,0.0,0.0,4,8,2184616.11112,34734.983586
2024-09-02 08:00:00,schloemer,L10,37,36,48.237995883240444,0.0,0.0,0.0,20,48,2185542.33716,34764.744572
2024-09-02 08:00:00,schloemer,L11,37,64,57.74792639764741,5.551115123125783e-16,0.0,2.220446049250313e-15,4,8,2184616.11112,34734.983586
2024-09-02 08:00:00,schloemer,L12,38,39,50.49771429934195,0.0,0.0,0.0,4,8,2184616.11112,34734.983586
2024-09-02 08:00:00,schloemer,L13,39,40,57.486094974509726,4.440892098500626e-16,0.0,1.7763568394002505e-15,4,8,2184616.11112,34734.983586
2024-09-02 08:00:00,schloemer,L14,39,41,61.86663867482474,6.772360450213455e-15,0.0,2.708944180085382e-14,4,8,2184616.11112,34734.983586
2024-09-02 08:00:00,schloemer,L15,40,41,65.9622773107398,8.892886427247504e-14,2.220446049250313e-16,3.574918139293004e-13,4,8,2184616.11112,34734.983586
2024-09-02 08:00:00,schloemer,L16,41,48,84.82242052939448,1.480662148445333e-08,0.015998263367194343,0.12104448894502051,4,8,2184616.11112,34734.983586
2024-09-02 08:00:00,schloemer,L17,41,48,84.82242052939448,1.480662148445333e-08,0.015998263367194343,0.12104448894502051,4,8,2184616.11112,34734.983586
2024-09-02 08:00:00,schloemer,L18,42,43,64.64003808501904,3.8413716652030416e-14,0.0,1.5365486660812167e-13,4,8,2184616.11112,34734.983586
2024-09-02 08:00:00,schloemer,L19,43,44,82.10133712549393,2.7730829854633043e-09,0.0025055310494996874,0.019869362131740953,4,8,2184616.11112,34734.983586
2024-09-02 08:00:00,schloemer,L20,44,45,106.62890664735124,0.0009349956548218019,0.9456542510496381,0.9999999999241946,4,8,2184616.11112,34734.983586
2024-09-02 08:00:00,schloemer,L21,44,48,96.46524284718431,1.0112875617140915e-05,0.5581306189178075,0.9985467721884304,4,8,2184616.11112,34734.983586
2024-09-02 08:00:00,schloemer,L22,45,46,129.2281882974039,0.25178887606357714,0.9999075911395654,1.0,4,8,2184616.11112,34734.983586
2024-09-02 08:00:00,schloemer,L23,45,47,120.3047270331217,0.05527552470060759,0.9987960122780952,1.0,4,8,2184616.11112,34734.983586
2024-09-02 08:00:00,schloemer,L24,46,48,116.33517838766036,0.021379471815029305,0.9961997673135407,1.0,4,8,2184616.11112,34734.983586
2024-09-02 08:00:00,schloemer,L25,46,68,141.10030153588613,0.6764458411024961,0.9999962564303434,1.0,4,8,2184616.11112,34734.983586
2024-09-02 08:00:00,schloemer,L26,47,48,107.89030876290623,0.001501160041598948,0.9606522064088716,0.9999999999942885,4,8,2184616.11112,34734.983586
2024-09-02 08:00:00,schloemer,L27,48,49,92.54595200244056,1.2904466187846353e-06,0.2951651041251633,0.9390888304203643,4,8,2184616.11112,34734.983586
2024-09-02 08:00:00,schloemer,L28,48,50,92.86231823166433,1.532583148167177e-06,0.31556298173213226,0.9518423525883679,4,8,2184616.11112,34734.983586
2024-09-02 08:00:00,schloemer,L29,48,53,81.49306165145369,1.896597878747741e-09,0.001528095310098676,0.012159587306155073,4,8,2184616.11112,34734.983586
2024-09-02 08:00:00,schloemer,L30,48,53,81.49306165145369,1.896597878747741e-09,0.001528095310098676,0.012159587306155073,4,8,2184616.11112,34734.983586
2024-09-02 08:00:00,schloemer,L31,48,65,79.81184806205134,6.579300437792313e-10,0.0003272341888644892,0.002614879795243774,4,8,2184616.11112,34734.983586
2024-09-02 08:00:00,schloemer,L32,48,65,79.81184806205134,6.579300437792313e-10,0.0003272341888644892,0.002614879795243774,4,8,2184616.11112,34734.983586
2024-09-02 08:00:00,schloemer,L33,48,68,129.14920327684968,0.24926806694007808,0.9999055069751455,1.0,4,8,2184616.11112,34734.983586
2024-09-02 08:00:00,schloemer,L34,49,56,76.9273911164886,1.0444833886680271e-10,1.1707560691576191e-05,9.365706550135133e-05,4,8,2184616.11112,34734.983586
2024-09-02 08:00:00,schloemer,L35,50,51,75.62993874176227,4.532030306592105e-11,1.88308539827986e-06,1.5064765176764361e-05,4,8,2184616.11112,34734.983586
2024-09-02 08:00:00,schloemer,L36,50,57,74.21031300297969,1.8120283051814567e-11,1.9476753587710505e-07,1.5582117058876577e-06,4,8,2184616.11112,34734.983586
2024-09-02 08:00:00,schloemer,L37,51,52,65.28732800876445,5.795364188543317e-14,0.0,2.318145675417327e-13,4,8,2184616.11112,34734.983586
2024-09-02 08:00:00,schloemer,L38,52,53,65.15271623881942,5.3179682879545e-14,0.0,2.1271873151818e-13,4,8,2184616.11112,34734.983586
2024-09-02 08:00:00,schloemer,L39,53,54,61.3922453962719,4.9960036108132044e-15,0.0,1.9984014443252818e-14,4,8,2184616.11112,34734.983586
2024-09-02 08:00:00,schloemer,L40,53,55,63.952417062305436,2.4868995751603507e-14,0.0,9.947598300641403e-14,4,8,2184616.11112,34734.983586
2024-09-02 08:00:00,schloemer,L41,53,58,60.94032305897291,3.774758283725532e-15,0.0,1.509903313490213e-14,4,8,2184616.11112,34734.983586
2024-09-02 08:00:00,schloemer,L42,54,55,58.25240295627106,7.771561172376096e-16,0.0,3.1086244689504383e-15,4,8,2184616.11112,34734.983586
2024-09-02 08:00:00,schloemer,L43,54,58,55.83592317625266,2.220446049250313e-16,0.0,8.881784197001252e-16,4,8,2184616.11112,34734.983586
2024-09-02 08:00:00,schloemer,L44,55,56,64.84072222320448,4.363176486776865e-14,0.0,1.745270594710746e-13,4,8,2184616.11112,34734.983586
2024-09-02 08:00:00,schloemer,L45,55,57,63.784219352094254,2.2426505097428162e-14,0.0,8.970602038971265e-14,4,8,2184616.11112,34734.983586
2024-09-02 08:00:00,schloemer,L46,55,58,58.00971046329824,6.661338147750939e-16,0.0,2.6645352591003757e-15,4,8,2184616.11112,34734.983586
2024-09-02 08:00:00,schloemer,L47,55,58,58.00971046329824,6.661338147750939e-16,0.0,2.6645352591003757e-15,4,8,2184616.11112,34734.983586
2024-09-02 08:00:00,schloemer,L48,58,59,52.201703999503685,0.0,0.0,0.0,4,8,2184616.11112,34734.983586
2024-09-02 08:00:00,schloemer,L49,58,60,53.638011394576644,0.0,0.0,0.0,4,8,2184616.11112,34734.983586
2024-09-02 08:00:00,schloemer,L50,59,60,50.499474129720575,0.0,0.0,0.0,4,8,2184616.11112,34734.983586
2024-09-02 08:00:00,schloemer,L51,59,61,51.73423157984802,0.0,0.0,0.0,4,8,2184616.11112,34734.983586
2024-09-02 08:00:00,schloemer,L52,60,61,52.96067878267882,0.0,0.0,0.0,4,8,2184616.11112,34734.983586
2024-09-02 08:00:00,schloemer,L53,61,65,59.960096027341315,2.1094237467877974e-15,0.0,8.43769498715119e-15,4,8,2184616.11112,34734.983586
2024-09-02 08:00:00,schloemer,L54,61,66,54.6228495518823,1.1102230246251565e-16,0.0,4.440892098500626e-16,4,8,2184616.11112,34734.983586
2024-09-02 08:00:00,schloemer,L55,62,58,54.923240680931265,1.1102230246251565e-16,0.0,1.4432899320127035e-15,13,30,2185148.89802,34751.629934
2024-09-02 08:00:00,schloemer,L56,62,63,56.53837238490086,2.220446049250313e-16,0.0,8.881784197001252e-16,4,8,2184616.11112,34734.983586
2024-09-02 08:00:00,schloemer,L57,63,60,55.04867601538996,1.1102230246251565e-16,0.0,2.220446049250313e-15,20,47,2185512.78098,34763.759366
2024-09-02 08:00:00,schloemer,L58,63,64,63.17654648683451,1.532107773982716e-14,0.0,6.128431095930864e-14,4,8,2184616.11112,34734.983586
2024-09-02 08:00:00,schloemer,L59,64,65,67.50913046973771,2.347011474057581e-13,3.3861802251067274e-14,6.319389456166391e-12,20,48,2185545.98792,34764.866264
2024-09-02 08:00:00,schloemer,L60,64,67,79.58623564870665,5.452761575597265e-10,0.00025161003191431774,0.023130978632342925,38,93,2186503.81292,34796.793764
2024-09-02 08:00:00,schloemer,L61,65,66,60.307294737780666,2.55351295663786e-15,0.0,1.021405182655144e-14,4,8,2184616.11112,34734.983586
2024-09-02 08:00:00,schloemer,L62,67,68,111.91515685113326,0.005814072285062477,0.9865698011213894,1.0,28,68,2185978.45538,34779.281846
2024-09-02 08:00:00,schloemer,L63,68,69,133.36760230750494,0.3969429879308366,0.9999708223094111,1.0,4,8,2184616.11112,34734.983586
2024-09-02 08:00:00,schloemer,L64,68,74,124.40960855985297,0.12266939647278763,0.9996337359551509,1.0,4,8,2184616.11112,34734.983586
2024-09-02 08:00:00,schloemer,L65,68,76,104.46249814928119,0.0003957583800455744,0.9077025866874642,0.9999999947419029,4,8,2184616.11112,34734.983586
2024-09-02 08:00:00,schloemer,L66,69,70,90.5633478201703,4.298910331046457e-07,0.17987560395651903,0.7953380532935879,4,8,2184616.11112,34734.983586
2024-09-02 08:00:00,schloemer,L67,69,73,103.82626075226484,0.00030405290648538585,0.8929063757124929,0.999999982718531,4,8,2184616.11112,34734.983586
2024-09-02 08:00:00,schloemer,L68,69,74,110.28315119892544,0.003487727058273604,0.9791755006717484,0.9999999999999651,4,8,2184616.11112,34734.983586
2024-09-02 08:00:00,schloemer,L69,70,71,72.56218922939743,6.2372329523441294e-12,9.432694514366347e-09,7.54865026042495e-08,4,8,2184616.11112,34734.983586
2024-09-02 08:00:00,schloemer,L70,70,72,68.19935670684094,3.7247982476174e-13,2.702282841937631e-13,3.651745572597065e-12,4,8,2184616.11112,34734.983586
2024-09-02 08:00:00,schloemer,L71,73,74,103.70958727493995,0.0002895473033948104,0.8899868573749666,0.9999999785684541,4,8,2184616.11112,34734.983586
2024-09-02 08:00:00,schloemer,L72,74,76,93.31996671959477,1.962039080760647e-06,0.3457270261001697,0.9664209471919967,4,8,2184616.11112,34734.983586
2024-09-02 08:00:00,schloemer,L73,74,117,95.27742340059183,5.510827355004189e-06,0.4788370799088918,0.9945577498884679,4,8,2184616.11112,34734.983586
2024-09-02 08:00:00,schloemer,L74,75,76,80.08283536705791,7.809790592006038e-10,0.0004272452225029255,0.003412858180869116,4,8,2184616.11112,34734.983586
2024-09-02 08:00:00,schloemer,L75,75,117,81.54360691324528,1.9575578935615567e-09,0.0015941316219981738,0.012682131959212861,4,8,2184616.11112,34734.983586
2024-09-02 08:00:00,schloemer,L76,76,77,73.74357854968196,1.3398726572688702e-11,8.642912252554424e-08,6.914863659446269e-07,4,8,2184616.11112,34734.983586
2024-09-02 08:00:00,schloemer,L77,76,79,70.14907676490957,1.309063968335522e-12,4.6886272642154836e-11,3.803264370105808e-10,4,8,2184616.11112,34734.983586
2024-09-02 08:00:00,schloemer,L78,76,79,70.14907676490957,1.309063968335522e-12,4.6886272642154836e-11,3.803264370105808e-10,4,8,2184616.11112,34734.983586
2024-09-02 08:00:00,schloemer,L79,76,81,68.63893915011565,4.942712905631197e-13,9.308109838457312e-13,9.423573033018329e-12,4,8,2184616.11112,34734.983586
2024-09-02 08:00:00,schloemer,L80,77,78,63.37842493432449,1.7319479184152442e-14,0.0,6.927791673660977e-14,4,8,2184616.11112,34734.983586
2024-09-02 08:00:00,schloemer,L81,78,79,60.9168100090979,3.774758283725532e-15,0.0,1.509903313490213e-14,4,8,2184616.11112,34734.983586
2024-09-02 08:00:00,schloemer,L82,79,95,56.08083575383195,2.220446049250313e-16,0.0,8.881784197001252e-16,4,8,2184616.11112,34734.983586
2024-09-02 08:00:00,schloemer,L83,79,96,55.7258688244834,2.220446049250313e-16,0.0,8.881784197001252e-16,4,8,2184616.11112,34734.983586
2024-09-02 08:00:00,schloemer,L84,79,97,56.97335239186573,3.3306690738754696e-16,0.0,1.3322676295501878e-15,4,8,2184616.11112,34734.983586
2024-09-02 08:00:00,schloemer,L85,79,98,57.153130726227594,3.3306690738754696e-16,0.0,1.3322676295501878e-15,4,8,2184616.11112,34734.983586
2024-09-02 08:00:00,schloemer,L86,80,67,85.36217162175794,1.9831946085346885e-08,0.021379105075224114,0.7890193565676421,30,72,2186055.70436,34781.856812
2024-09-02 08:00:00,schloemer,L87,80,79,68.76072631592885,5.196953978270358e-13,1.226574397605873e-12,9.918510457396224e-11,28,69,2185981.58126,34779.386042
2024-09-02 08:00:00,schloemer,L88,81,82,54.60542003439488,1.1102230246251565e-16,0.0,4.440892098500626e-16,4,8,2184616.11112,34734.983586
2024-09-02 08:00:00,schloemer,L89,81,95,55.30857716211238,1.1102230246251565e-16,0.0,4.440892098500626e-16,4,8,2184616.11112,34734.983586
2024-09-02 08:00:00,schloemer,L90,93,95,47.893373017185574,0.0,0.0,0.0,4,8,2184616.11112,34734.983586
2024-09-02 08:00:00,schloemer,L91,95,96,51.349293609992536,0.0,0.0,0.0,4,8,2184616.11112,34734.983586
2024-09-02 08:00:00,schloemer,L92,115,67,87.33513746324884,6.592613099876132e-08,0.05675919819838138,0.816323154311972,13,29,2185126.88168,34750.896056
2024-09-02 09:00:00,schloemer,L0,22,23,67.65849985470952,2.632338791386246e-13,5.540012892879531e-14,1.496136547984861e-12,4,8,2184616.11112,34734.983586
2024-09-02 09:00:00,schloemer,L1,23,69,87.00915022331169,5.501366817650677e-08,0.04935501762050787,0.3329678194536746,4,8,2184616.11112,34734.983586
2024-09-02 09:00:00,schloemer,L2,23,71,68.76843617639031,5.372369216161132e-13,1.3286038935689248e-12,1.2777778835015852e-11,4,8,2184616.11112,34734.983586
2024-09-02 09:00:00,schloemer,L3,29,37,49.46152226406946,0.0,0.0,0.0,4,8,2184616.11112,34734.983586
2024-09-02 09:00:00,schloemer,L4,32,36,46.49394921395448,0.0,0.0,0.0,4,8,2184616.11112,34734.983586
2024-09-02 09:00:00,schloemer,L5,33,36,50.8053870500419,0.0,0.0,0.0,4,8,2184616.11112,34734.983586
2024-09-02 09:00:00,schloemer,L6,33,42,57.478646519114456,4.440892098500626e-16,0.0,1.7763568394002505e-15,4,8,2184616.11112,34734.983586
2024-09-02 09:00:00,schloemer,L7,34,36,45.052226380293064,0.0,0.0,0.0,4,8,2184616.11112,34734.983586
2024-09-02 09:00:00,schloemer,L8,36,38,49.51029175547141,0.0,0.0,0.0,4,8,2184616.11112,34734.983586
2024-09-02 09:00:00,schloemer,L9,36,39,53.18716394597902,0.0,0.0,0.0,4,8,2184616.11112,34734.983586
2024-09-02 09:00:00,schloemer,L10,37,36,51.33607111319802,0.0,0.0,0.0,20,48,2185542.33716,34764.744572
2024-09-02 09:00:00,schloemer,L11,37,64,62.03879181867694,7.549516567451064e-15,0.0,3.019806626980426e-14,4,8,2184616.11112,34734.983586
2024-09-02 09:00:00,schloemer,L12,38,39,54.104576190897596,1.1102230246251565e-16,0.0,4.440892098500626e-16,4,8,2184616.11112,34734.983586
2024-09-02 09:00:00,schloemer,L13,39,40,62.24133080028383,8.548717289613705e-15,0.0,3.419486915845482e-14,4,8,2184616.11112,34734.983586
2024-09-02 09:00:00,schloemer,L14,39,41,67.32167151040456,2.120525977034049e-13,1.9984014443252818e-14,1.0080825063596421e-12,4,8,2184616.11112,34734.983586
2024-09-02 09:00:00,schloemer,L15,40,41,72.23511162238422,5.046962847643499e-12,4.897623973043608e-09,3.920117896960562e-08,4,8,2184616.11112,34734.983586
2024-09-02 09:00:00,schloemer,L16,41,48,93.66880838366758,2.3652583525102244e-06,0.3691278172397904,0.9749084830616683,4,8,2184616.11112,34734.983586
2024-09-02 09:00:00,schloemer,L17,41,48,93.66880838366758,2.3652583525102244e-06,0.3691278172397904,0.9749084830616683,4,8,2184616.11112,34734.983586
2024-09-02 09:00:00,schloemer,L18,42,43,70.17161754280507,1.3282708266615373e-12,4.952782628464547e-11,4.015356935838099e-10,4,8,2184616.11112,34734.983586
2024-09-02 09:00:00,schloemer,L19,43,44,90.48431116024595,4.111533513651011e-07,0.17583548960985684,0.7871319115896944,4,8,2184616.11112,34734.983586
2024-09-02 09:00:00,schloemer,L20,44,45,117.72086443274405,0.030413166747329412,0.997452405518898,1.0,4,8,2184616.11112,34734.983586
2024-09-02 09:00:00,schloemer,L21,44,48,105.52809226404706,0.000608514229815893,0.9285665685665991,0.9999999993236762,4,8,2184616.11112,34734.983586
2024-09-02 09:00:00,schloemer,L22,45,46,140.0013003268815,0.6402270054043274,0.9999950316795981,1.0,4,8,2184616.11112,34734.983586
2024-09-02 09:00:00,schloemer,L23,45,47,127.1022332191807,0.1883513436446944,0.9998309875243454,1.0,4,8,2184616.11112,34734.983586
2024-09-02 09:00:00,schloemer,L24,46,48,127.65296501075815,0.20386400303218244,0.9998555526738453,1.0,4,8,2184616.11112,34734.983586
2024-09-02 09:00:00,schloemer,L25,46,68,141.89764145678302,0.7014832008667091,0.9999969455457022,1.0,4,8,2184616.11112,34734.983586
2024-09-02 09:00:00,schloemer,L26,47,48,114.51731805284756,0.013002774780720316,0.9936047580428099,1.0,4,8,2184616.11112,34734.983586
2024-09-02 09:00:00,schloemer,L27,48,49,96.74512988102077,1.164218882188095e-05,0.576210604048064,0.998959647631671,4,8,2184616.11112,34734.983586
2024-09-02 09:00:00,schloemer,L28,48,50,95.55152591619955,6.348066149075571e-06,0.49741806158170876,0.995929535339518,4,8,2184616.11112,34734.983586
2024-09-02 09:00:00,schloemer,L29,48,53,84.56078755623156,1.2627830670020046e-08,0.013701999668585763,0.10450080664859229,4,8,2184616.11112,34734.983586
2024-09-02 09:00:00,schloemer,L30,48,53,84.56078755623156,1.2627830670020046e-08,0.013701999668585763,0.10450080664859229,4,8,2184616.11112,34734.983586
2024-09-02 09:00:00,schloemer,L31,48,65,85.51690247925625,2.254346931351847e-08,0.023616615252852857,0.1740324152233741,4,8,2184616.11112,34734.983586
2024-09-02 09:00:00,schloemer,L32,48,65,85.51690247925625,2.254346931351847e-08,0.023616615252852857,0.1740324152233741,4,8,2184616.11112,34734.983586
2024-09-02 09:00:00,schloemer,L33,48,68,143.05385943202296,0.7357728629351501,0.9999977192959332,1.0,4,8,2184616.11112,34734.983586
2024-09-02 09:00:00,schloemer,L34,49,56,77.56163010542772,1.5687884324933066e-10,2.64395756337521e-05,0.00021149766005523762,4,8,2184616.11112,34734.983586
2024-09-02 09:00:00,schloemer,L35,50,51,74.21891730795483,1.822142436935792e-11,1.976435229922302e-07,1.5812199757325729e-06,4,8,2184616.11112,34734.983586
2024-09-02 09:00:00,schloemer,L36,50,57,73.50273398666612,1.1465384197606454e-11,5.6064467846006494e-08,4.485615162641565e-07,4,8,2184616.11112,34734.983586
2024-09-02 09:00:00,schloemer,L37,51,52,64.0666456616124,2.6756374893466273e-14,0.0,1.0702549957386509e-13,4,8,2184616.11112,34734.983586
2024-09-02 09:00:00,schloemer,L38,52,53,65.1940163834201,5.46229728115577e-14,0.0,2.184918912462308e-13,4,8,2184616.11112,34734.983586
2024-09-02 09:00:00,schloemer,L39,53,54,62.12302182975038,7.882583474838611e-15,0.0,3.1530333899354446e-14,4,8,2184616.11112,34734.983586
2024-09-02 09:00:00,schloemer,L40,53,55,64.58857650590289,3.7192471324942744e-14,0.0,1.4876988529977098e-13,4,8,2184616.11112,34734.983586
2024-09-02 09:00:00,schloemer,L41,53,58,62.090497290510804,7.771561172376096e-15,0.0,3.108624468950438e-14,4,8,2184616.11112,34734.983586
2024-09-02 09:00:00,schloemer,L42,54,55,58.65723495926474,9.992007221626409e-16,0.0,3.9968028886505635e-15,4,8,2184616.11112,34734.983586
2024-09-02 09:00:00,schloemer,L43,54,58,56.64009876259122,3.3306690738754696e-16,0.0,1.3322676295501878e-15,4,8,2184616.11112,34734.983586
2024-09-02 09:00:00,schloemer,L44,55,56,65.03876244880986,4.951594689828198e-14,0.0,1.9806378759312793e-13,4,8,2184616.11112,34734.983586
2024-09-02 09:00:00,schloemer,L45,55,57,63.61129183757359,2.0095036745715333e-14,0.0,8.038014698286133e-14,4,8,2184616.11112,34734.983586
2024-09-02 09:00:00,schloemer,L46,55,58,58.77946226091919,9.992007221626409e-16,0.0,3.9968028886505635e-15,4,8,2184616.11112,34734.983586
2024-09-02 09:00:00,schloemer,L47,55,58,58.77946226091919,9.992007221626409e-16,0.0,3.9968028886505635e-15,4,8,2184616.11112,34734.983586
2024-09-02 09:00:00,schloemer,L48,58,59,53.40282328955868,0.0,0.0,0.0,4,8,2184616.11112,34734.983586
2024-09-02 09:00:00,schloemer,L49,58,60,55.05385390862031,1.1102230246251565e-16,0.0,4.440892098500626e-16,4,8,2184616.11112,34734.983586
2024-09-02 09:00:00,schloemer,L50,59,60,51.92240667475002,0.0,0.0,0.0,4,8,2184616.11112,34734.983586
2024-09-02 09:00:00,schloemer,L51,59,61,53.3789439259673,0.0,0.0,0.0,4,8,2184616.11112,34734.983586
2024-09-02 09:00:00,schloemer,L52,60,61,54.8354288438803,1.1102230246251565e-16,0.0,4.440892098500626e-16,4,8,2184616.11112,34734.983586
2024-09-02 09:00:00,schloemer,L53,61,65,62.90543827976517,1.2878587085651816e-14,0.0,5.1514348342607263e-14,4,8,2184616.11112,34734.983586
2024-09-02 09:00:00,schloemer,L54,61,66,57.03326309555396,3.3306690738754696e-16,0.0,1.3322676295501878e-15,4,8,2184616.11112,34734.983586
2024-09-02 09:00:00,schloemer,L55,62,58,56.32801253191978,2.220446049250313e-16,0.0,2.886579864025407e-15,13,30,2185148.89802,34751.629934
2024-09-02 09:00:00,schloemer,L56,62,63,58.80852932025354,9.992007221626409e-16,0.0,3.9968028886505635e-15,4,8,2184616.11112,34734.983586
2024-09-02 09:00:00,schloemer,L57,63,60,57.255335018086505,4.440892098500626e-16,0.0,8.881784197001252e-15,20,47,2185512.78098,34763.759366
2024-09-02 09:00:00,schloemer,L58,63,64,67.41727101480141,2.254862963013693e-13,2.6756374893466273e-14,1.1159961843532074e-12,4,8,2184616.11112,34734.983586
2024-09-02 09:00:00,schloemer,L59,64,65,72.57192239484729,6.15119066793568e-12,9.326938332776535e-09,4.4781596564291704e-07,20,48,2185545.98792,34764.866264
2024-09-02 09:00:00,schloemer,L60,64,67,88.81797934868095,1.515825900355594e-07,0.10114831764477084,0.9999506843444265,38,93,2186503.81292,34796.793764
2024-09-02 09:00:00,schloemer,L61,65,66,63.603095649230944,1.9984014443252818e-14,0.0,7.993605777301127e-14,4,8,2184616.11112,34734.983586
2024-09-02 09:00:00,schloemer,L62,67,68,129.08230792702147,0.24454091374616738,0.9999026033588047,1.0,28,68,2185978.45538,34779.281846
2024-09-02 09:00:00,schloemer,L63,68,69,132.41056238946254,0.36161445561954286,0.9999620236551681,1.0,4,8,2184616.11112,34734.983586
2024-09-02 09:00:00,schloemer,L64,68,74,130.4010784670406,0.29052889802545623,0.9999335600780976,1.0,4,8,2184616.11112,34734.983586
2024-09-02 09:00:00,schloemer,L65,68,76,112.22279339756709,0.0065519117878408695,0.9877899821079874,0.9999999999999996,4,8,2184616.11112,34734.983586
2024-09-02 09:00:00,schloemer,L66,69,70,84.28346965358699,1.0662400740102385e-08,0.01156785631128776,0.08888150457971045,4,8,2184616.11112,34734.983586
2024-09-02 09:00:00,schloemer,L67,69,73,98.33043069682327,2.5428250703618538e-05,0.6721243711452852,0.9998664546045237,4,8,2184616.11112,34734.983586
2024-09-02 09:00:00,schloemer,L68,69,74,106.8710282439301,0.0010255380589231367,0.9488817020073244,0.9999999999535668,4,8,2184616.11112,34734.983586
2024-09-02 09:00:00,schloemer,L69,70,71,67.4339261112738,2.2792878695554464e-13,2.808864252301646e-14,1.1364242880063102e-12,4,8,2184616.11112,34734.983586
2024-09-02 09:00:00,schloemer,L70,70,72,63.93154285620629,2.453592884421596e-14,0.0,9.814371537686384e-14,4,8,2184616.11112,34734.983586
2024-09-02 09:00:00,schloemer,L71,73,74,101.43911073956595,0.00010818484635000125,0.8188965727964448,0.9999988432875624,4,8,2184616.11112,34734.983586
2024-09-02 09:00:00,schloemer,L72,74,76,96.47208082071856,1.0147833038764986e-05,0.5585756823026573,0.9985584410507621,4,8,2184616.11112,34734.983586
2024-09-02 09:00:00,schloemer,L73,74,117,94.92715378769066,4.594329281348841e-06,0.4549504367534625,0.9922110307980472,4,8,2184616.11112,34734.983586
2024-09-02 09:00:00,schloemer,L74,75,76,82.25090802237007,3.043761021004343e-09,0.002815913003456738,0.022306539681248738,4,8,2184616.11112,34734.983586
2024-09-02 09:00:00,schloemer,L75,75,117,81.61608487593172,2.0483613694111114e-09,0.0016931723287011424,0.01346538665354835,4,8,2184616.11112,34734.983586
2024-09-02 09:00:00,schloemer,L76,76,77,76.22391446666529,6.644718109072301e-11,4.469152487085459e-06,3.575292642776784e-05,4,8,2184616.11112,34734.983586
2024-09-02 09:00:00,schloemer,L77,76,79,73.60336942806384,1.2236767155116013e-11,6.725519663408619e-08,5.380903934648629e-07,4,8,2184616.11112,34734.983586
2024-09-02 09:00:00,schloemer,L78,76,79,73.60336942806384,1.2236767155116013e-11,6.725519663408619e-08,5.380903934648629e-07,4,8,2184616.11112,34734.983586
2024-09-02 09:00:00,schloemer,L79,76,81,71.37239347797535,2.887468042445107e-12,7.922804634574732e-10,6.349793579829566e-09,4,8,2184616.11112,34734.983586
2024-09-02 09:00:00,schloemer,L80,77,78,65.06558550037481,5.029310301551959e-14,0.0,2.0117241206207837e-13,4,8,2184616.11112,34734.983586
2024-09-02 09:00:00,schloemer,L81,78,79,63.234514541128206,1.587618925213974e-14,0.0,6.350475700855895e-14,4,8,2184616.11112,34734.983586
2024-09-02 09:00:00,schloemer,L82,79,95,58.51666651511365,8.881784197001252e-16,0.0,3.552713678800501e-15,4,8,2184616.11112,34734.983586
2024-09-02 09:00:00,schloemer,L83,79,96,58.015140652318706,6.661338147750939e-16,0.0,2.6645352591003757e-15,4,8,2184616.11112,34734.983586
2024-09-02 09:00:00,schloemer,L84,79,97,59.22182260959622,1.3322676295501878e-15,0.0,5.329070518200751e-15,4,8,2184616.11112,34734.983586
2024-09-02 09:00:00,schloemer,L85,79,98,59.94652828466754,2.1094237467877974e-15,0.0,8.43769498715119e-15,4,8,2184616.11112,34734.983586
2024-09-02 09:00:00,schloemer,L86,80,67,95.67448173681869,6.541820800176623e-06,0.5035876953136987,1.0,30,72,2186055.70436,34781.856812
2024-09-02 09:00:00,schloemer,L87,80,79,73.37354178121953,1.023081619422328e-11,4.2448128234617855e-08,2.9292030829797255e-06,28,69,2185981.58126,34779.386042
2024-09-02 09:00:00,schloemer,L88,81,82,56.050464936088474,2.220446049250313e-16,0.0,8.881784197001252e-16,4,8,2184616.11112,34734.983586
2024-09-02 09:00:00,schloemer,L89,81,95,57.398162023482485,4.440892098500626e-16,0.0,1.7763568394002505e-15,4,8,2184616.11112,34734.983586
2024-09-02 09:00:00,schloemer,L90,93,95,49.69502096565251,0.0,0.0,0.0,4,8,2184616.11112,34734.983586
2024-09-02 09:00:00,schloemer,L91,95,96,53.27457920293351,0.0,0.0,0.0,4,8,2184616.11112,34734.983586
2024-09-02 09:00:00,schloemer,L92,115,67,98.91166817253749,3.325997304248762e-05,0.7033809260347706,0.9999999999999996,13,29,2185126.88168,34750.896056
2024-09-02 10:00:00,schloemer,L0,22,23,62.14073559062134,7.993605777301127e-15,0.0,3.197442310920451e-14,4,8,2184616.11112,34734.983586
2024-09-02 10:00:00,schloemer,L1,23,69,79.40787457091774,5.092753996294164e-10,0.00021687849483520427,0.0017337135474788656,4,8,2184616.11112,34734.983586
2024-09-02 10:00:00,schloemer,L2,23,71,63.43649003898468,1.7985612998927536e-14,0.0,7.194245199571014e-14,4,8,2184616.11112,34734.983586
2024-09-02 10:00:00,schloemer,L3,29,37,52.65920565567282,0.0,0.0,0.0,4,8,2184616.11112,34734.983586
2024-09-02 10:00:00,schloemer,L4,32,36,49.64088685838228,0.0,0.0,0.0,4,8,2184616.11112,34734.983586
2024-09-02 10:00:00,schloemer,L5,33,36,54.48970595227428,1.1102230246251565e-16,0.0,4.440892098500626e-16,4,8,2184616.11112,34734.983586
2024-09-02 10:00:00,schloemer,L6,33,42,62.086689000922455,7.771561172376096e-15,0.0,3.108624468950438e-14,4,8,2184616.11112,34734.983586
2024-09-02 10:00:00,schloemer,L7,34,36,47.94584823803948,0.0,0.0,0.0,4,8,2184616.11112,34734.983586
2024-09-02 10:00:00,schloemer,L8,36,38,53.10669727949764,0.0,0.0,0.0,4,8,2184616.11112,34734.983586
2024-09-02 10:00:00,schloemer,L9,36,39,57.32991224801747,4.440892098500626e-16,0.0,1.7763568394002505e-15,4,8,2184616.11112,34734.983586
2024-09-02 10:00:00,schloemer,L10,37,36,55.021302344401725,1.1102230246251565e-16,0.0,2.220446049250313e-15,20,48,2185542.33716,34764.744572
2024-09-02 10:00:00,schloemer,L11,37,64,67.08547663680471,1.822986206434507e-13,9.547918011776346e-15,8.055778266680136e-13,4,8,2184616.11112,34734.983586
2024-09-02 10:00:00,schloemer,L12,38,39,58.47775512731199,8.881784197001252e-16,0.0,3.552713678800501e-15,4,8,2184616.11112,34734.983586
2024-09-02 10:00:00,schloemer,L13,39,40,68.07387863302682,3.4361402612148595e-13,1.8829382497642655e-13,2.880806704297356e-12,4,8,2184616.11112,34734.983586
2024-09-02 10:00:00,schloemer,L14,39,41,74.00757814422239,1.589384179823128e-11,1.3742769766622587e-07,1.099484627786751e-06,4,8,2184616.11112,34734.983586
2024-09-02 10:00:00,schloemer,L15,40,41,79.98242526850903,7.329327145200182e-10,0.00038737605744343373,0.003094812950017678,4,8,2184616.11112,34734.983586
2024-09-02 10:00:00,schloemer,L16,41,48,103.49701419756904,0.00026476017961840626,0.8844965600567201,0.9999999683554188,4,8,2184616.11112,34734.983586
2024-09-02 10:00:00,schloemer,L17,41,48,103.49701419756904,0.00026476017961840626,0.8844965600567201,0.9999999683554188,4,8,2184616.11112,34734.983586
2024-09-02 10:00:00,schloemer,L18,42,43,76.74126976959589,9.267842049354158e-11,9.130810688207092e-06,7.304452182721466e-05,4,8,2184616.11112,34734.983586
2024-09-02 10:00:00,schloemer,L19,43,44,99.92939200266883,5.4315308591790235e-05,0.7549772038218502,0.9999870115425615,4,8,2184616.11112,34734.983586
2024-09-02 10:00:00,schloemer,L20,44,45,126.65634244160219,0.17629361892758033,0.9998080108161084,1.0,4,8,2184616.11112,34734.983586
2024-09-02 10:00:00,schloemer,L21,44,48,113.60816403196236,0.009987779224694626,0.9917235122326457,1.0,4,8,2184616.11112,34734.983586
2024-09-02 10:00:00,schloemer,L22,45,46,140.308225976893,0.6505303462634309,0.9999954106920474,1.0,4,8,2184616.11112,34734.983586
2024-09-02 10:00:00,schloemer,L23,45,47,128.08750152601806,0.216572663827175,0.9998723482818928,1.0,4,8,2184616.11112,34734.983586
2024-09-02 10:00:00,schloemer,L24,46,48,134.21858476228266,0.42881799538189824,0.9999768805169404,1.0,4,8,2184616.11112,34734.983586
2024-09-02 10:00:00,schloemer,L25,46,68,16.302815566798845,0.0,0.0,0.0,4,8,2184616.11112,34734.983586
2024-09-02 10:00:00,schloemer,L26,47,48,117.33946532702981,0.02766407150428929,0.9971553847113804,1.0,4,8,2184616.11112,34734.983586
2024-09-02 10:00:00,schloemer,L27,48,49,98.78815230859551,3.169428193827706e-05,0.6973858243216374,0.9999296832018969,4,8,2184616.11112,34734.983586
2024-09-02 10:00:00,schloemer,L28,48,50,95.8929042367059,7.562335089250638e-06,0.5203578976013407,0.9971989217174468,4,8,2184616.11112,34734.983586
2024-09-02 10:00:00,schloemer,L29,48,53,86.31510320342412,3.6401151315423874e-08,0.03560253967739868,0.2517471133980548,4,8,2184616.11112,34734.983586
2024-09-02 10:00:00,schloemer,L30,48,53,86.31510320342412,3.6401151315423874e-08,0.03560253967739868,0.2517471133980548,4,8,2184616.11112,34734.983586
2024-09-02 10:00:00,schloemer,L31,48,65,90.88403616302475,5.148018559220091e-07,0.19675589306001495,0.8267076106862843,4,8,2184616.11112,34734.983586
2024-09-02 10:00:00,schloemer,L32,48,65,90.88403616302475,5.148018559220091e-07,0.19675589306001495,0.8267076106862843,4,8,2184616.11112,34734.983586
2024-09-02 10:00:00,schloemer,L33,48,68,133.28918849707637,0.3940239451272779,0.9999701875236169,1.0,4,8,2184616.11112,34734.983586
2024-09-02 10:00:00,schloemer,L34,49,56,77.00902313423637,1.1006873190666511e-10,1.3038136381982035e-05,0.00010430077160494822,4,8,2184616.11112,34734.983586
2024-09-02 10:00:00,schloemer,L35,50,51,71.88459265680125,4.022338018216942e-12,2.3753286004790652e-09,1.9018718044883087e-08,4,8,2184616.11112,34734.983586
2024-09-02 10:00:00,schloemer,L36,50,57,71.83950813422923,3.906652779051001e-12,2.1607227118636274e-09,1.730140819500292e-08,4,8,2184616.11112,34734.983586
2024-09-02 10:00:00,schloemer,L37,51,52,62.32267785629995,8.992806499463768e-15,0.0,3.597122599785507e-14,4,8,2184616.11112,34734.983586
2024-09-02 10:00:00,schloemer,L38,52,53,64.60688201288825,3.7636560534792807e-14,0.0,1.5054624213917123e-13,4,8,2184616.11112,34734.983586
2024-09-02 10:00:00,schloemer,L39,53,54,62.3670383961108,9.2148511043888e-15,0.0,3.68594044175552e-14,4,8,2184616.11112,34734.983586
2024-09-02 10:00:00,schloemer,L40,53,55,64.6418878385295,3.852473895449293e-14,0.0,1.5409895581797173e-13,4,8,2184616.11112,34734.983586
2024-09-02 10:00:00,schloemer,L41,53,58,62.80275953925523,1.2101430968414206e-14,0.0,4.8405723873656825e-14,4,8,2184616.11112,34734.983586
2024-09-02 10:00:00,schloemer,L42,54,55,58.661918722155455,9.992007221626409e-16,0.0,3.9968028886505635e-15,4,8,2184616.11112,34734.983586
2024-09-02 10:00:00,schloemer,L43,54,58,57.13636473242894,3.3306690738754696e-16,0.0,1.3322676295501878e-15,4,8,2184616.11112,34734.983586
2024-09-02 10:00:00,schloemer,L44,55,56,64.61656389488479,3.785860513971784e-14,0.0,1.5143442055887135e-13,4,8,2184616.11112,34734.983586
2024-09-02 10:00:00,schloemer,L45,55,57,62.86702612524386,1.2656542480726785e-14,0.0,5.062616992290714e-14,4,8,2184616.11112,34734.983586
2024-09-02 10:00:00,schloemer,L46,55,58,59.174775901639386,1.3322676295501878e-15,0.0,5.329070518200751e-15,4,8,2184616.11112,34734.983586
2024-09-02 10:00:00,schloemer,L47,55,58,59.174775901639386,1.3322676295501878e-15,0.0,5.329070518200751e-15,4,8,2184616.11112,34734.983586
2024-09-02 10:00:00,schloemer,L48,58,59,54.44233006154468,1.1102230246251565e-16,0.0,4.440892098500626e-16,4,8,2184616.11112,34734.983586
2024-09-02 10:00:00,schloemer,L49,58,60,56.304355603272946,2.220446049250313e-16,0.0,8.881784197001252e-16,4,8,2184616.11112,34734.983586
2024-09-02 10:00:00,schloemer,L50,59,60,53.267536025667404,0.0,0.0,0.0,4,8,2184616.11112,34734.983586
2024-09-02 10:00:00,schloemer,L51,59,61,54.9592060417753,1.1102230246251565e-16,0.0,4.440892098500626e-16,4,8,2184616.11112,34734.983586
2024-09-02 10:00:00,schloemer,L52,60,61,56.663565279698496,3.3306690738754696e-16,0.0,1.3322676295501878e-15,4,8,2184616.11112,34734.983586
2024-09-02 10:00:00,schloemer,L53,61,65,65.8495393256543,8.282263763703668e-14,1.1102230246251565e-16,3.3217872896784684e-13,4,8,2184616.11112,34734.983586
2024-09-02 10:00:00,schloemer,L54,61,66,59.492471407413326,1.5543122344752192e-15,0.0,6.217248937900877e-15,4,8,2184616.11112,34734.983586
2024-09-02 10:00:00,schloemer,L55,62,58,57.527443534235985,4.440892098500626e-16,0.0,5.773159728050814e-15,13,30,2185148.89802,34751.629934
2024-09-02 10:00:00,schloemer,L56,62,63,61.01252171083454,3.9968028886505635e-15,0.0,1.5987211554602254e-14,4,8,2184616.11112,34734.983586
2024-09-02 10:00:00,schloemer,L57,63,60,59.433470548256416,1.4432899320127035e-15,0.0,2.886579864025407e-14,20,47,2185512.78098,34763.759366
2024-09-02 10:00:00,schloemer,L58,63,64,72.02717627441983,4.411360166045597e-12,3.1968561131634488e-09,2.5592494012904865e-08,4,8,2184616.11112,34734.983586
2024-09-02 10:00:00,schloemer,L59,64,65,78.1234872137534,2.1996682253444533e-10,5.123582341870492e-05,0.002456365113963299,20,48,2185545.98792,34764.866264
2024-09-02 10:00:00,schloemer,L60,64,67,100.32363858554038,6.256689008665717e-05,0.7710858594033647,1.0,38,93,2186503.81292,34796.793764
2024-09-02 10:00:00,schloemer,L61,65,66,67.01084333418585,1.73749903353837e-13,7.549516567451064e-15,7.553957459549565e-13,4,8,2184616.11112,34734.983586
2024-09-02 10:00:00,schloemer,L62,67,68,145.70566346441862,0.8025618955230127,0.9999988043605036,1.0,28,68,2185978.45538,34779.281846
2024-09-02 10:00:00,schloemer,L63,68,69,124.66494290424036,0.128153813757522,0.9996597506925115,1.0,4,8,2184616.11112,34734.983586
2024-09-02 10:00:00,schloemer,L64,68,74,129.7462824038126,0.2686079038115541,0.9999201467721411,1.0,4,8,2184616.11112,34734.983586
2024-09-02 10:00:00,schloemer,L65,68,76,117.09280466652508,0.02599618314844121,0.996945330177038,1.0,4,8,2184616.11112,34734.983586
2024-09-02 10:00:00,schloemer,L66,69,70,77.7668105948352,1.7890355863414698e-10,3.405358893016075e-05,0.0002723969589581987,4,8,2184616.11112,34734.983586
2024-09-02 10:00:00,schloemer,L67,69,73,91.22158978571736,6.217317292112057e-07,0.21533561076095764,0.8562954674893356,4,8,2184616.11112,34734.983586
2024-09-02 10:00:00,schloemer,L68,69,74,100.4239114735472,6.827110867857478e-05,0.7774575609184983,0.999993985713037,4,8,2184616.11112,34734.983586
2024-09-02 10:00:00,schloemer,L69,70,71,62.60260284517046,1.0658141036401503e-14,0.0,4.263256414560601e-14,4,8,2184616.11112,34734.983586
2024-09-02 10:00:00,schloemer,L70,70,72,59.82043784657853,1.887379141862766e-15,0.0,7.549516567451064e-15,4,8,2184616.11112,34734.983586
2024-09-02 10:00:00,schloemer,L71,73,74,96.44439489799133,1.0007005710188643e-05,0.5567726964040816,0.9985106572252479,4,8,2184616.11112,34734.983586
2024-09-02 10:00:00,schloemer,L72,74,76,97.28193690601672,1.5215531611434407e-05,0.6100171448490481,0.9994650198306543,4,8,2184616.11112,34734.983586
2024-09-02 10:00:00,schloemer,L73,74,117,92.19721678357074,1.0664209739719155e-06,0.27320090909077765,0.9221402238531228,4,8,2184616.11112,34734.983586
2024-09-02 10:00:00,schloemer,L74,75,76,83.11173331207827,5.19055698422477e-09,0.005323728245555603,0.04180466115080028,4,8,2184616.11112,34734.983586
2024-09-02 10:00:00,schloemer,L75,75,117,80.26996532148014,8.789889927030003e-10,0.0005114653545400527,0.004084409115149845,4,8,2184616.11112,34734.983586
2024-09-02 10:00:00,schloemer,L76,76,77,77.85350280650249,1.8910806254268664e-10,3.7839829966412886e-05,0.0003026793070921574,4,8,2184616.11112,34734.983586
2024-09-02 10:00:00,schloemer,L77,76,79,76.66598870326415,8.83013662189569e-11,8.247043950859734e-06,6.597480043590842e-05,4,8,2184616.11112,34734.983586
2024-09-02 10:00:00,schloemer,L78,76,79,76.66598870326415,8.83013662189569e-11,8.247043950859734e-06,6.597480043590842e-05,4,8,2184616.11112,34734.983586
2024-09-02 10:00:00,schloemer,L79,76,81,73.6057902888924,1.2255974013442028e-11,6.75489164603249e-08,5.404402277919829e-07,4,8,2184616.11112,34734.983586
2024-09-02 10:00:00,schloemer,L80,77,78,66.30050105798526,1.1035616864774056e-13,7.771561172376096e-16,4.476419235288631e-13,4,8,2184616.11112,34734.983586
2024-09-02 10:00:00,schloemer,L81,78,79,65.3300918046019,5.950795411990839e-14,0.0,2.3803181647963356e-13,4,8,2184616.11112,34734.983586
2024-09-02 10:00:00,schloemer,L82,79,95,60.96034963316247,3.885780586188048e-15,0.0,1.554312234475219e-14,4,8,2184616.11112,34734.983586
2024-09-02 10:00:00,schloemer,L83,79,96,60.281863101885584,2.55351295663786e-15,0.0,1.021405182655144e-14,4,8,2184616.11112,34734.983586
2024-09-02 10:00:00,schloemer,L84,79,97,61.38936073100103,4.9960036108132044e-15,0.0,1.9984014443252818e-14,4,8,2184616.11112,34734.983586
2024-09-02 10:00:00,schloemer,L85,79,98,62.82216058191741,1.2212453270876722e-14,0.0,4.884981308350689e-14,4,8,2184616.11112,34734.983586
2024-09-02 10:00:00,schloemer,L86,80,67,108.26966379915558,0.0016790135509241466,0.964024658929668,1.0,30,72,2186055.70436,34781.856812
2024-09-02 10:00:00,schloemer,L87,80,79,78.15126635715045,2.2158364032520694e-10,5.245902112571699e-05,0.0036132301247786547,28,69,2185981.58126,34779.386042
2024-09-02 10:00:00,schloemer,L88,81,82,57.313875695068226,4.440892098500626e-16,0.0,1.7763568394002505e-15,4,8,2184616.11112,34734.983586
2024-09-02 10:00:00,schloemer,L89,81,95,59.424985070682126,1.5543122344752192e-15,0.0,6.217248937900877e-15,4,8,2184616.11112,34734.983586
2024-09-02 10:00:00,schloemer,L90,93,95,51.58195402982115,0.0,0.0,0.0,4,8,2184616.11112,34734.983586
2024-09-02 10:00:00,schloemer,L91,95,96,55.22197086646509,1.1102230246251565e-16,0.0,4.440892098500626e-16,4,8,2184616.11112,34734.983586
2024-09-02 10:00:00,schloemer,L92,115,67,113.71544471012903,0.010230251388465006,0.9919405092850294,1.0,13,29,2185126.88168,34750.896056
2024-09-02 11:00:00,schloemer,L0,22,23,57.34253590493753,4.440892098500626e-16,0.0,1.7763568394002505e-15,4,8,2184616.11112,34734.983586
2024-09-02 11:00:00,schloemer,L1,23,69,72.47549784631148,5.8968385729940564e-12,7.943035784663266e-09,6.356787185524126e-08,4,8,2184616.11112,34734.983586
2024-09-02 11:00:00,schloemer,L2,23,71,58.696765794176905,9.992007221626409e-16,0.0,3.9968028886505635e-15,4,8,2184616.11112,34734.983586
2024-09-02 11:00:00,schloemer,L3,29,37,56.38141738508916,2.220446049250313e-16,0.0,8.881784197001252e-16,4,8,2184616.11112,34734.983586
2024-09-02 11:00:00,schloemer,L4,32,36,53.41478617648979,0.0,0.0,0.0,4,8,2184616.11112,34734.983586
2024-09-02 11:00:00,schloemer,L5,33,36,58.89652053332583,1.1102230246251565e-15,0.0,4.440892098500626e-15,4,8,2184616.11112,34734.983586
2024-09-02 11:00:00,schloemer,L6,33,42,67.57368277111021,2.4924506902834764e-13,4.296563105299356e-14,1.340705324537339e-12,4,8,2184616.11112,34734.983586
2024-09-02 11:00:00,schloemer,L7,34,36,51.392400756344344,0.0,0.0,0.0,4,8,2184616.11112,34734.983586
2024-09-02 11:00:00,schloemer,L8,36,38,57.44142641014707,4.440892098500626e-16,0.0,1.7763568394002505e-15,4,8,2184616.11112,34734.983586
2024-09-02 11:00:00,schloemer,L9,36,39,62.337267827780934,9.103828801926284e-15,0.0,3.6415315207705135e-14,4,8,2184616.11112,34734.983586
2024-09-02 11:00:00,schloemer,L10,37,36,59.40166871535837,1.4432899320127035e-15,0.0,2.886579864025407e-14,20,48,2185542.33716,34764.744572
2024-09-02 11:00:00,schloemer,L11,37,64,72.9500021897798,8.01714250542318e-12,2.0029080727290705e-08,1.6026470317509478e-07,4,8,2184616.11112,34734.983586
2024-09-02 11:00:00,schloemer,L12,38,39,63.80621278305581,2.275957200481571e-14,0.0,9.103828801926284e-14,4,8,2184616.11112,34734.983586
2024-09-02 11:00:00,schloemer,L13,39,40,75.2653847931188,3.5823566335579926e-11,1.0814149610238744e-06,8.651430236428226e-06,4,8,2184616.11112,34734.983586
2024-09-02 11:00:00,schloemer,L14,39,41,82.20601904681496,2.959897216214813e-09,0.002719456946298271,0.021549717093796383,4,8,2184616.11112,34734.983586
2024-09-02 11:00:00,schloemer,L15,40,41,89.53772988154846,2.4008169563494164e-07,0.1313513355193383,0.6758449191800571,4,8,2184616.11112,34734.983586
2024-09-02 11:00:00,schloemer,L16,41,48,113.13934063523654,0.008682850647473428,0.9905538704923245,0.9999999999999999,4,8,2184616.11112,34734.983586
2024-09-02 11:00:00,schloemer,L17,41,48,113.13934063523654,0.008682850647473428,0.9905538704923245,0.9999999999999999,4,8,2184616.11112,34734.983586
2024-09-02 11:00:00,schloemer,L18,42,43,84.40516304744293,1.1484770356950946e-08,0.012468182775982939,0.0954996145111422,4,8,2184616.11112,34734.983586
2024-09-02 11:00:00,schloemer,L19,43,44,109.55113750838125,0.002715618036367662,0.9746261964810493,0.99999999999983,4,8,2184616.11112,34734.983586
2024-09-02 11:00:00,schloemer,L20,44,45,130.10157133729368,0.28041421814620515,0.9999277366995258,1.0,4,8,2184616.11112,34734.983586
2024-09-02 11:00:00,schloemer,L21,44,48,118.43248455074269,0.0361288378425616,0.9979268524731455,1.0,4,8,2184616.11112,34734.983586
2024-09-02 11:00:00,schloemer,L22,45,46,138.36305788690876,0.583068319523236,0.999992381461744,1.0,4,8,2184616.11112,34734.983586
2024-09-02 11:00:00,schloemer,L23,45,47,123.04723524166114,0.09604436773729508,0.999456855837201,1.0,4,8,2184616.11112,34734.983586
2024-09-02 11:00:00,schloemer,L24,46,48,133.8471717957766,0.414867799234958,0.999974413646655,1.0,4,8,2184616.11112,34734.983586
2024-09-02 11:00:00,schloemer,L25,46,68,100.08931073569028,5.850269783369555e-05,0.7624122771478554,0.9999898494323938,4,8,2184616.11112,34734.983586
2024-09-02 11:00:00,schloemer,L26,47,48,115.25508323145556,0.01598740411186461,0.9948189326214744,1.0,4,8,2184616.11112,34734.983586
2024-09-02 11:00:00,schloemer,L27,48,49,98.0467866048926,2.2157120638133243e-05,0.6558837032124715,0.9998033909822814,4,8,2184616.11112,34734.983586
2024-09-02 11:00:00,schloemer,L28,48,50,93.70860260123202,2.4160424211272513e-06,0.37181494207742083,0.9757508444721865,4,8,2184616.11112,34734.983586
2024-09-02 11:00:00,schloemer,L29,48,53,86.35405006176413,3.7257999574435985e-08,0.03628748801589876,0.25598804258880326,4,8,2184616.11112,34734.983586
2024-09-02 11:00:00,schloemer,L30,48,53,86.35405006176413,3.7257999574435985e-08,0.03628748801589876,0.25598804258880326,4,8,2184616.11112,34734.983586
2024-09-02 11:00:00,schloemer,L31,48,65,95.0464071503383,4.888545260151034e-06,0.4630962679738001,0.993095012610031,4,8,2184616.11112,34734.983586
2024-09-02 11:00:00,schloemer,L32,48,65,95.0464071503383,4.888545260151034e-06,0.4630962679738001,0.993095012610031,4,8,2184616.11112,34734.983586
2024-09-02 11:00:00,schloemer,L33,48,68,121.21057757492672,0.06694650085417764,0.9990745680935681,1.0,4,8,2184616.11112,34734.983586
2024-09-02 11:00:00,schloemer,L34,49,56,75.31149677749089,3.690547867307714e-11,1.161213779465875e-06,9.289820100732982e-06,4,8,2184616.11112,34734.983586
2024-09-02 11:00:00,schloemer,L35,50,51,68.89779791092266,5.838662886503698e-13,1.8884893648873913e-12,1.744338007370061e-11,4,8,2184616.11112,34734.983586
2024-09-02 11:00:00,schloemer,L36,50,57,69.4097516655662,8.122391648157645e-13,7.32158778049552e-12,6.182165890322722e-11,4,8,2184616.11112,34734.983586
2024-09-02 11:00:00,schloemer,L37,51,52,60.19856473627833,2.4424906541753444e-15,0.0,9.769962616701378e-15,4,8,2184616.11112,34734.983586
2024-09-02 11:00:00,schloemer,L38,52,53,63.42917248472494,1.787459069646502e-14,0.0,7.149836278586008e-14,4,8,2184616.11112,34734.983586
2024-09-02 11:00:00,schloemer,L39,53,54,62.07883976155321,7.66053886991358e-15,0.0,3.064215547965432e-14,4,8,2184616.11112,34734.983586
2024-09-02 11:00:00,schloemer,L40,53,55,64.08137631060217,2.6978419498391304e-14,0.0,1.0791367799356522e-13,4,8,2184616.11112,34734.983586
2024-09-02 11:00:00,schloemer,L41,53,58,62.98844966198539,1.3655743202889425e-14,0.0,5.46229728115577e-14,4,8,2184616.11112,34734.983586
2024-09-02 11:00:00,schloemer,L42,54,55,58.24857791635121,7.771561172376096e-16,0.0,3.1086244689504383e-15,4,8,2184616.11112,34734.983586
2024-09-02 11:00:00,schloemer,L43,54,58,57.27204236924084,4.440892098500626e-16,0.0,1.7763568394002505e-15,4,8,2184616.11112,34734.983586
2024-09-02 11:00:00,schloemer,L44,55,56,63.594116310653526,1.9872992140790302e-14,0.0,7.949196856316121e-14,4,8,2184616.11112,34734.983586
2024-09-02 11:00:00,schloemer,L45,55,57,61.60374778094884,5.773159728050814e-15,0.0,2.3092638912203256e-14,4,8,2184616.11112,34734.983586
2024-09-02 11:00:00,schloemer,L46,55,58,59.1449217084451,1.2212453270876722e-15,0.0,4.884981308350689e-15,4,8,2184616.11112,34734.983586
2024-09-02 11:00:00,schloemer,L47,55,58,59.1449217084451,1.2212453270876722e-15,0.0,4.884981308350689e-15,4,8,2184616.11112,34734.983586
2024-09-02 11:00:00,schloemer,L48,58,59,55.24764080484222,1.1102230246251565e-16,0.0,4.440892098500626e-16,4,8,2184616.11112,34734.983586
2024-09-02 11:00:00,schloemer,L49,58,60,57.29957382608581,4.440892098500626e-16,0.0,1.7763568394002505e-15,4,8,2184616.11112,34734.983586
2024-09-02 11:00:00,schloemer,L50,59,60,54.45973561033501,1.1102230246251565e-16,0.0,4.440892098500626e-16,4,8,2184616.11112,34734.983586
2024-09-02 11:00:00,schloemer,L51,59,61,56.38598185713468,2.220446049250313e-16,0.0,8.881784197001252e-16,4,8,2184616.11112,34734.983586
2024-09-02 11:00:00,schloemer,L52,60,61,58.341521836961924,7.771561172376096e-16,0.0,3.1086244689504383e-15,4,8,2184616.11112,34734.983586
2024-09-02 11:00:00,schloemer,L53,61,65,68.59064229703077,4.791722574282176e-13,8.143485885625523e-13,8.431477738213289e-12,4,8,2184616.11112,34734.983586
2024-09-02 11:00:00,schloemer,L54,61,66,61.87698815054794,6.772360450213455e-15,0.0,2.708944180085382e-14,4,8,2184616.11112,34734.983586
2024-09-02 11:00:00,schloemer,L55,62,58,58.42676158801597,7.771561172376096e-16,0.0,1.0103029524088925e-14,13,30,2185148.89802,34751.629934
2024-09-02 11:00:00,schloemer,L56,62,63,63.0043317483261,1.3766765505351941e-14,0.0,5.5067062021407764e-14,4,8,2184616.11112,34734.983586
2024-09-02 11:00:00,schloemer,L57,63,60,61.454307616886325,5.10702591327572e-15,0.0,1.021405182655144e-13,20,47,2185512.78098,34763.759366
2024-09-02 11:00:00,schloemer,L58,63,64,76.79464636673758,9.591194505276235e-11,9.809918153136366e-06,7.847703432983799e-05,4,8,2184616.11112,34734.983586
2024-09-02 11:00:00,schloemer,L59,64,65,83.8700129513591,8.097088555203413e-09,0.008795290928175548,0.3456033783944802,20,48,2185545.98792,34764.866264
2024-09-02 11:00:00,schloemer,L60,64,67,114.21323876741138,0.011573733821574117,0.9929289327630124,1.0,38,93,2186503.81292,34796.793764
2024-09-02 11:00:00,schloemer,L61,65,66,70.32851648659805,1.4700463069061698e-12,7.232425769387874e-11,5.844742467786546e-10,4,8,2184616.11112,34734.983586
2024-09-02 11:00:00,schloemer,L62,67,68,140.69608840441825,0.6604048438227423,0.9999958000660921,1.0,28,68,2185978.45538,34779.281846
2024-09-02 11:00:00,schloemer,L63,68,69,113.0210997409211,0.008377992732537698,0.9902345460572523,0.9999999999999999,4,8,2184616.11112,34734.983586
2024-09-02 11:00:00,schloemer,L64,68,74,122.57385922246169,0.08781657728818804,0.999376980210787,1.0,4,8,2184616.11112,34734.983586
2024-09-02 11:00:00,schloemer,L65,68,76,117.2034134615835,0.026733671585555174,0.9970413534487504,1.0,4,8,2184616.11112,34734.983586
2024-09-02 11:00:00,schloemer,L66,69,70,71.57114094022012,3.283817662236288e-12,1.2202029386898516e-09,9.774758780167758e-09,4,8,2184616.11112,34734.983586
2024-09-02 11:00:00,schloemer,L67,69,73,83.72561032076355,7.576011484822232e-09,0.008095286985616568,0.06295679157233891,4,8,2184616.11112,34734.983586
2024-09-02 11:00:00,schloemer,L68,69,74,92.53159223890826,1.2803837879937774e-06,0.29424937256337524,0.9384528483262972,4,8,2184616.11112,34734.983586
2024-09-02 11:00:00,schloemer,L69,70,71,58.21214919517713,7.771561172376096e-16,0.0,3.1086244689504383e-15,4,8,2184616.11112,34734.983586
2024-09-02 11:00:00,schloemer,L70,70,72,56.00807274105567,2.220446049250313e-16,0.0,8.881784197001252e-16,4,8,2184616.11112,34734.983586
2024-09-02 11:00:00,schloemer,L71,73,74,89.87919491797402,2.9176386595608506e-07,0.14654922254032277,0.718533106434271,4,8,2184616.11112,34734.983586
2024-09-02 11:00:00,schloemer,L72,74,76,95.43060338763364,5.9646662876611245e-06,0.4892360097004659,0.9953681785688537,4,8,2184616.11112,34734.983586
2024-09-02 11:00:00,schloemer,L73,74,117,87.65200407093258,8.039335586129681e-08,0.06523570359586572,0.4170694871191284,4,8,2184616.11112,34734.983586
2024-09-02 11:00:00,schloemer,L74,75,76,82.44640882075679,3.4371938628652288e-09,0.0032711782554676327,0.02587177464276702,4,8,2184616.11112,34734.983586
2024-09-02 11:00:00,schloemer,L75,75,117,77.68660927493532,1.6995083118587218e-10,3.0864626930915406e-05,0.0002468910232237276,4,8,2184616.11112,34734.983586
2024-09-02 11:00:00,schloemer,L76,76,77,78.34584899453041,2.590304637450913e-10,6.773031915563443e-05,0.000541715159111944,4,8,2184616.11112,34734.983586
2024-09-02 11:00:00,schloemer,L77,76,79,78.94720937797065,3.8001668478671036e-10,0.0001328902730711734,0.0010626293593299918,4,8,2184616.11112,34734.983586
2024-09-02 11:00:00,schloemer,L78,76,79,78.94720937797065,3.8001668478671036e-10,0.0001328902730711734,0.0010626293593299918,4,8,2184616.11112,34734.983586
2024-09-02 11:00:00,schloemer,L79,76,81,75.04431579776983,3.105971035921584e-11,7.654460772998917e-07,6.123676451030846e-06,4,8,2184616.11112,34734.983586
2024-09-02 11:00:00,schloemer,L80,77,78,66.9346403862306,1.6553425297161084e-13,5.995204332975845e-15,7.100986465502501e-13,4,8,2184616.11112,34734.983586
2024-09-02 11:00:00,schloemer,L81,78,79,67.01511413681354,1.7430501486614958e-13,7.66053886991358e-15,7.585043704239069e-13,4,8,2184616.11112,34734.983586
2024-09-02 11:00:00,schloemer,L82,79,95,63.27306288596717,1.6209256159527285e-14,0.0,6.483702463810914e-14,4,8,2184616.11112,34734.983586
2024-09-02 11:00:00,schloemer,L83,79,96,62.39223058047661,9.325873406851315e-15,0.0,3.730349362740526e-14,4,8,2184616.11112,34734.983586
2024-09-02 11:00:00,schloemer,L84,79,97,63.329360090808564,1.687538997430238e-14,0.0,6.750155989720952e-14,4,8,2184616.11112,34734.983586
2024-09-02 11:00:00,schloemer,L85,79,98,65.6299267478267,7.205347429817266e-14,1.1102230246251565e-16,2.8910207561239076e-13,4,8,2184616.11112,34734.983586
2024-09-02 11:00:00,schloemer,L86,80,67,122.6647087430369,0.08795416299553926,0.9993860282034466,1.0,30,72,2186055.70436,34781.856812
2024-09-02 11:00:00,schloemer,L87,80,79,82.7043527505959,3.903965151152988e-09,0.003892473560970222,0.23593687358643733,28,69,2185981.58126,34779.386042
2024-09-02 11:00:00,schloemer,L88,81,82,58.301483515606336,7.771561172376096e-16,0.0,3.1086244689504383e-15,4,8,2184616.11112,34734.983586
2024-09-02 11:00:00,schloemer,L89,81,95,61.26292104861051,4.6629367034256575e-15,0.0,1.865174681370263e-14,4,8,2184616.11112,34734.983586
2024-09-02 11:00:00,schloemer,L90,93,95,53.49654282238928,0.0,0.0,0.0,4,8,2184616.11112,34734.983586
2024-09-02 11:00:00,schloemer,L91,95,96,57.104020097834116,3.3306690738754696e-16,0.0,1.3322676295501878e-15,4,8,2184616.11112,34734.983586
2024-09-02 11:00:00,schloemer,L92,115,67,131.61274733066995,0.33172125181399614,0.9999524218707389,1.0,13,29,2185126.88168,34750.896056
2024-09-02 12:00:00,schloemer,L0,22,23,53.219056397887904,0.0,0.0,0.0,4,8,2184616.11112,34734.983586
2024-09-02 12:00:00,schloemer,L1,23,69,66.40122216601787,1.176836406102666e-13,9.992007221626409e-16,4.787281682183675e-13,4,8,2184616.11112,34734.983586
2024-09-02 12:00:00,schloemer,L2,23,71,54.56012411996041,1.1102230246251565e-16,0.0,4.440892098500626e-16,4,8,2184616.11112,34734.983586
2024-09-02 12:00:00,schloemer,L3,29,37,60.67669811166915,3.219646771412954e-15,0.0,1.2878587085651816e-14,4,8,2184616.11112,34734.983586
2024-09-02 12:00:00,schloemer,L4,32,36,57.950924937384386,6.661338147750939e-16,0.0,2.6645352591003757e-15,4,8,2184616.11112,34734.983586
2024-09-02 12:00:00,schloemer,L5,33,36,64.1645707959481,2.842170943040401e-14,0.0,1.1368683772161603e-13,4,8,2184616.11112,34734.983586
2024-09-02 12:00:00,schloemer,L6,33,42,74.05644283894007,1.6404100300349e-11,1.4956528915366363e-07,1.1965873031316576e-06,4,8,2184616.11112,34734.983586
2024-09-02 12:00:00,schloemer,L7,34,36,55.49959134856618,1.1102230246251565e-16,0.0,4.440892098500626e-16,4,8,2184616.11112,34734.983586
2024-09-02 12:00:00,schloemer,L8,36,38,62.681106404988206,1.1213252548714081e-14,0.0,4.4853010194856324e-14,4,8,2184616.11112,34734.983586
2024-09-02 12:00:00,schloemer,L9,36,39,68.40093866656625,4.241051954068098e-13,4.791722574282176e-13,5.52979884105298e-12,4,8,2184616.11112,34734.983586
2024-09-02 12:00:00,schloemer,L10,37,36,64.59213636211936,3.6637359812630166e-14,0.0,7.327471962526033e-13,20,48,2185542.33716,34764.744572
2024-09-02 12:00:00,schloemer,L11,37,64,79.6044114155611,5.768977517917051e-10,0.000265481330621431,0.0021218805457129397,4,8,2184616.11112,34734.983586
2024-09-02 12:00:00,schloemer,L12,38,39,70.32763000251163,1.4691581284864696e-12,7.217071384957308e-11,5.832423433105305e-10,4,8,2184616.11112,34734.983586
2024-09-02 12:00:00,schloemer,L13,39,40,84.15086831498157,9.832200942305747e-09,0.01064816658707235,0.08207735011879325,4,8,2184616.11112,34734.983586
2024-09-02 12:00:00,schloemer,L14,39,41,92.17321872514196,1.0524742221074135e-06,0.27171160076495204,0.9208546672387006,4,8,2184616.11112,34734.983586
2024-09-02 12:00:00,schloemer,L15,40,41,101.1332825919377,9.429765561586034e-05,0.807073639606859,0.9999980814693099,4,8,2184616.11112,34734.983586
2024-09-02 12:00:00,schloemer,L16,41,48,120.26475683868622,0.05479873430757709,0.9987819514969709,1.0,4,8,2184616.11112,34734.983586
2024-09-02 12:00:00,schloemer,L17,41,48,120.26475683868622,0.05479873430757709,0.9987819514969709,1.0,4,8,2184616.11112,34734.983586
2024-09-02 12:00:00,schloemer,L18,42,43,92.99840298910875,1.6497533200654502e-06,0.3244583310494593,0.9566275181708447,4,8,2184616.11112,34734.983586
2024-09-02 12:00:00,schloemer,L19,43,44,117.38443058644246,0.02797729028961793,0.9971921089233565,1.0,4,8,2184616.11112,34734.983586
2024-09-02 12:00:00,schloemer,L20,44,45,127.09933956809637,0.188271630989725,0.9998308478052385,1.0,4,8,2184616.11112,34734.983586
2024-09-02 12:00:00,schloemer,L21,44,48,118.26581263302549,0.034718928457035614,0.9978242610980695,1.0,4,8,2184616.11112,34734.983586
2024-09-02 12:00:00,schloemer,L22,45,46,131.0931906359022,0.3144253522529473,0.9999452500942323,1.0,4,8,2184616.11112,34734.983586
2024-09-02 12:00:00,schloemer,L23,45,47,113.60768495710163,0.009986364171868711,0.9917223918062229,1.0,4,8,2184616.11112,34734.983586
2024-09-02 12:00:00,schloemer,L24,46,48,127.42371616087871,0.19732469976688127,0.999845801670622,1.0,4,8,2184616.11112,34734.983586
2024-09-02 12:00:00,schloemer,L25,46,68,140.06875982253192,0.6425035644345142,0.999995117679366,1.0,4,8,2184616.11112,34734.983586
2024-09-02 12:00:00,schloemer,L26,47,48,108.98882817211657,0.002230477087491134,0.9705166729769595,0.9999999999994341,4,8,2184616.11112,34734.983586
2024-09-02 12:00:00,schloemer,L27,48,49,94.67936430779432,4.036476104363196e-06,0.43799911736425823,0.9900484903374828,4,8,2184616.11112,34734.983586
2024-09-02 12:00:00,schloemer,L28,48,50,89.49953298215041,2.3488786793368632e-07,0.12971230323424465,0.670919352157135,4,8,2184616.11112,34734.983586
2024-09-02 12:00:00,schloemer,L29,48,53,84.63400113839374,1.3203579452003567e-08,0.014315791824432544,0.10894940063773839,4,8,2184616.11112,34734.983586
2024-09-02 12:00:00,schloemer,L30,48,53,84.63400113839374,1.3203579452003567e-08,0.014315791824432544,0.10894940063773839,4,8,2184616.11112,34734.983586
2024-09-02 12:00:00,schloemer,L31,48,65,97.06970754573327,1.3692783068508518e-05,0.5967976016612594,0.9993015085943576,4,8,2184616.11112,34734.983586
2024-09-02 12:00:00,schloemer,L32,48,65,97.06970754573327,1.3692783068508518e-05,0.5967976016612594,0.9993015085943576,4,8,2184616.11112,34734.983586
2024-09-02 12:00:00,schloemer,L33,48,68,138.32011459948117,0.5815266681358403,0.9999922949248707,1.0,4,8,2184616.11112,34734.983586
2024-09-02 12:00:00,schloemer,L34,49,56,72.70417139758133,6.837641564061414e-12,1.246429792711723e-08,9.974172965332428e-08,4,8,2184616.11112,34734.983586
2024-09-02 12:00:00,schloemer,L35,50,51,65.56423894336052,6.905587213168474e-14,1.1102230246251565e-16,2.7711166694643907e-13,4,8,2184616.11112,34734.983586
2024-09-02 12:00:00,schloemer,L36,50,57,66.4823748699873,1.2401191185062999e-13,1.3322676295501878e-15,5.067057884389214e-13,4,8,2184616.11112,34734.983586
2024-09-02 12:00:00,schloemer,L37,51,52,57.85431504807899,5.551115123125783e-16,0.0,2.220446049250313e-15,4,8,2184616.11112,34734.983586
2024-09-02 12:00:00,schloemer,L38,52,53,61.768559950146184,6.328271240363392e-15,0.0,2.531308496145357e-14,4,8,2184616.11112,34734.983586
2024-09-02 12:00:00,schloemer,L39,53,54,61.27491078069912,4.6629367034256575e-15,0.0,1.865174681370263e-14,4,8,2184616.11112,34734.983586
2024-09-02 12:00:00,schloemer,L40,53,55,62.95336095725364,1.3322676295501878e-14,0.0,5.3290705182007514e-14,4,8,2184616.11112,34734.983586
2024-09-02 12:00:00,schloemer,L41,53,58,62.6161528523327,1.0769163338864018e-14,0.0,4.3076653355456074e-14,4,8,2184616.11112,34734.983586
2024-09-02 12:00:00,schloemer,L42,54,55,57.442999594979014,4.440892098500626e-16,0.0,1.7763568394002505e-15,4,8,2184616.11112,34734.983586
2024-09-02 12:00:00,schloemer,L43,54,58,57.027367969475684,3.3306690738754696e-16,0.0,1.3322676295501878e-15,4,8,2184616.11112,34734.983586
2024-09-02 12:00:00,schloemer,L44,55,56,62.06444980257439,7.66053886991358e-15,0.0,3.064215547965432e-14,4,8,2184616.11112,34734.983586
2024-09-02 12:00:00,schloemer,L45,55,57,59.92951332609677,1.9984014443252818e-15,0.0,7.993605777301127e-15,4,8,2184616.11112,34734.983586
2024-09-02 12:00:00,schloemer,L46,55,58,58.682489076901746,9.992007221626409e-16,0.0,3.9968028886505635e-15,4,8,2184616.11112,34734.983586
2024-09-02 12:00:00,schloemer,L47,55,58,58.682489076901746,9.992007221626409e-16,0.0,3.9968028886505635e-15,4,8,2184616.11112,34734.983586
2024-09-02 12:00:00,schloemer,L48,58,59,55.756620306018,2.220446049250313e-16,0.0,8.881784197001252e-16,4,8,2184616.11112,34734.983586
2024-09-02 12:00:00,schloemer,L49,58,60,57.95873935451035,6.661338147750939e-16,0.0,2.6645352591003757e-15,4,8,2184616.11112,34734.983586
2024-09-02 12:00:00,schloemer,L50,59,60,55.4213516249509,1.1102230246251565e-16,0.0,4.440892098500626e-16,4,8,2184616.11112,34734.983586
2024-09-02 12:00:00,schloemer,L51,59,61,57.5628608715305,4.440892098500626e-16,0.0,1.7763568394002505e-15,4,8,2184616.11112,34734.983586
2024-09-02 12:00:00,schloemer,L52,60,61,59.751961249991766,1.887379141862766e-15,0.0,7.549516567451064e-15,4,8,2184616.11112,34734.983586
2024-09-02 12:00:00,schloemer,L53,61,65,70.87449669028175,2.09232631220857e-12,2.5979751683280483e-10,2.086749439911273e-09,4,8,2184616.11112,34734.983586
2024-09-02 12:00:00,schloemer,L54,61,66,64.0249384433871,2.609024107869118e-14,0.0,1.0436096431476471e-13,4,8,2184616.11112,34734.983586
2024-09-02 12:00:00,schloemer,L55,62,58,58.94661883734222,1.1102230246251565e-15,0.0,1.4432899320127035e-14,13,30,2185148.89802,34751.629934
2024-09-02 12:00:00,schloemer,L56,62,63,64.61754302090047,3.785860513971784e-14,0.0,1.5143442055887135e-13,4,8,2184616.11112,34734.983586
2024-09-02 12:00:00,schloemer,L57,63,60,63.16523858493439,1.4988010832439613e-14,0.0,2.9976021664879227e-13,20,47,2185512.78098,34763.759366
2024-09-02 12:00:00,schloemer,L58,63,64,81.33517880775165,1.7180096234525877e-09,0.0013369893435729585,0.010646004025561262,4,8,2184616.11112,34734.983586
2024-09-02 12:00:00,schloemer,L59,64,65,89.24411801348064,1.9843930987306635e-07,0.1183022430377556,0.9976267384565682,20,48,2185545.98792,34764.866264
2024-09-02 12:00:00,schloemer,L60,64,67,129.1066688803836,0.24428457736522413,0.9999028465654817,1.0,38,93,2186503.81292,34796.793764
2024-09-02 12:00:00,schloemer,L61,65,66,73.2698499467291,9.861333971628028e-12,3.6561693783632165e-08,2.925329581904279e-07,4,8,2184616.11112,34734.983586
2024-09-02 12:00:00,schloemer,L62,67,68,122.52098553230113,0.08563204602990915,0.999360309473123,1.0,28,68,2185978.45538,34779.281846
2024-09-02 12:00:00,schloemer,L63,68,69,100.82925564760879,8.216834743846047e-05,0.794758364421952,0.9999968523894786,4,8,2184616.11112,34734.983586
2024-09-02 12:00:00,schloemer,L64,68,74,111.66395371769693,0.005490006764834465,0.985739948887167,0.9999999999999983,4,8,2184616.11112,34734.983586
2024-09-02 12:00:00,schloemer,L65,68,76,112.42237906672972,0.006972442171682469,0.9884511936799268,0.9999999999999997,4,8,2184616.11112,34734.983586
2024-09-02 12:00:00,schloemer,L66,69,70,65.97393932427082,8.959499808725013e-14,2.220446049250313e-16,3.601563491884008e-13,4,8,2184616.11112,34734.983586
2024-09-02 12:00:00,schloemer,L67,69,73,76.62721996851107,8.612810464825316e-11,7.823602269918517e-06,6.258744883202993e-05,4,8,2184616.11112,34734.983586
2024-09-02 12:00:00,schloemer,L68,69,74,84.53004526088311,1.2393499226881488e-08,0.013450720402924388,0.10267400594338139,4,8,2184616.11112,34734.983586
2024-09-02 12:00:00,schloemer,L69,70,71,54.314490405616965,1.1102230246251565e-16,0.0,4.440892098500626e-16,4,8,2184616.11112,34734.983586
2024-09-02 12:00:00,schloemer,L70,70,72,52.56378494224545,0.0,0.0,0.0,4,8,2184616.11112,34734.983586
2024-09-02 12:00:00,schloemer,L71,73,74,82.88182114522202,4.502684225471398e-09,0.00451689303980507,0.03556902830538122,4,8,2184616.11112,34734.983586
2024-09-02 12:00:00,schloemer,L72,74,76,91.34970382735688,6.677173713942608e-07,0.22259458475564087,0.8665927806438732,4,8,2184616.11112,34734.983586
2024-09-02 12:00:00,schloemer,L73,74,117,82.14011991594937,2.8408965180304335e-09,0.002583025495473401,0.020478360509076587,4,8,2184616.11112,34734.983586
2024-09-02 12:00:00,schloemer,L74,75,76,80.34643216946493,9.224574437638466e-10,0.000549945678736341,0.004391110084369876,4,8,2184616.11112,34734.983586
2024-09-02 12:00:00,schloemer,L75,75,117,74.24529588473837,1.85348403292096e-11,2.0671318867737654e-07,1.6537784521819532e-06,4,8,2184616.11112,34734.983586
2024-09-02 12:00:00,schloemer,L76,76,77,77.59149874760703,1.5990908597274256e-10,2.744036840540698e-05,0.00021950250462932086,4,8,2184616.11112,34734.983586
2024-09-02 12:00:00,schloemer,L77,76,79,80.08333357189953,7.812250846228608e-10,0.00042745187731307865,0.0034145064810984227,4,8,2184616.11112,34734.983586
2024-09-02 12:00:00,schloemer,L78,76,79,80.08333357189953,7.812250846228608e-10,0.00042745187731307865,0.0034145064810984227,4,8,2184616.11112,34734.983586
2024-09-02 12:00:00,schloemer,L79,76,81,75.46347071245798,4.0707215376301065e-11,1.4651663469145149e-06,1.1721433494482625e-05,4,8,2184616.11112,34734.983586
2024-09-02 12:00:00,schloemer,L80,77,78,66.88113495573995,1.5998313784848506e-13,4.9960036108132044e-15,6.799005802804459e-13,4,8,2184616.11112,34734.983586
2024-09-02 12:00:00,schloemer,L81,78,79,68.10726847933081,3.510525203864745e-13,2.0738966099997924e-13,3.063327369545732e-12,4,8,2184616.11112,34734.983586
2024-09-02 12:00:00,schloemer,L82,79,95,65.28134826725372,5.773159728050814e-14,0.0,2.3092638912203256e-13,4,8,2184616.11112,34734.983586
2024-09-02 12:00:00,schloemer,L83,79,96,64.18582681065435,2.886579864025407e-14,0.0,1.1546319456101628e-13,4,8,2184616.11112,34734.983586
2024-09-02 12:00:00,schloemer,L84,79,97,64.87764120820738,4.463096558993129e-14,0.0,1.7852386235972517e-13,4,8,2184616.11112,34734.983586
2024-09-02 12:00:00,schloemer,L85,79,98,68.16409950663267,3.6415315207705135e-13,2.4424906541753444e-13,3.410605131648481e-12,4,8,2184616.11112,34734.983586
2024-09-02 12:00:00,schloemer,L86,80,67,136.14491343628353,0.4979495430049875,0.9999861013604608,1.0,30,72,2186055.70436,34781.856812
2024-09-02 12:00:00,schloemer,L87,80,79,86.4588835066276,3.8378465183619426e-08,0.03768598663888456,0.929391102512492,28,69,2185981.58126,34779.386042
2024-09-02 12:00:00,schloemer,L88,81,82,58.930288428032405,1.1102230246251565e-15,0.0,4.440892098500626e-15,4,8,2184616.11112,34734.983586
2024-09-02 12:00:00,schloemer,L89,81,95,62.76951386655967,1.1879386363489175e-14,0.0,4.75175454539567e-14,4,8,2184616.11112,34734.983586
2024-09-02 12:00:00,schloemer,L90,93,95,55.359075251111584,1.1102230246251565e-16,0.0,4.440892098500626e-16,4,8,2184616.11112,34734.983586
2024-09-02 12:00:00,schloemer,L91,95,96,58.811680000595416,9.992007221626409e-16,0.0,3.9968028886505635e-15,4,8,2184616.11112,34734.983586
2024-09-02 12:00:00,schloemer,L92,115,67,147.19806979337625,0.8367889014384764,0.9999991729441332,1.0,13,29,2185126.88168,34750.896056
2024-09-02 13:00:00,schloemer,L0,22,23,49.69941953755802,0.0,0.0,0.0,4,8,2184616.11112,34734.983586
2024-09-02 13:00:00,schloemer,L1,23,69,61.191139943455234,4.440892098500626e-15,0.0,1.7763568394002505e-14,4,8,2184616.11112,34734.983586
2024-09-02 13:00:00,schloemer,L2,23,71,50.99020647941457,0.0,0.0,0.0,4,8,2184616.11112,34734.983586
2024-09-02 13:00:00,schloemer,L3,29,37,65.56269110748356,6.894484982922222e-14,1.1102230246251565e-16,2.76667577736589e-13,4,8,2184616.11112,34734.983586
2024-09-02 13:00:00,schloemer,L4,32,36,63.413354103627825,1.7763568394002505e-14,0.0,7.105427357601002e-14,4,8,2184616.11112,34734.983586
2024-09-02 13:00:00,schloemer,L5,33,36,70.43962009858893,1.5794032748317477e-12,9.427636449288457e-11,7.605285290424035e-10,4,8,2184616.11112,34734.983586
2024-09-02 13:00:00,schloemer,L6,33,42,81.58138684415557,2.004382548825845e-09,0.0016451067292215793,0.01308533202968376,4,8,2184616.11112,34734.983586
2024-09-02 13:00:00,schloemer,L7,34,36,60.39239909401372,2.7755575615628914e-15,0.0,1.1102230246251565e-14,4,8,2184616.11112,34734.983586
2024-09-02 13:00:00,schloemer,L8,36,38,69.02650049571565,6.343814362708144e-13,2.669531262711189e-12,2.389377584677277e-11,4,8,2184616.11112,34734.983586
2024-09-02 13:00:00,schloemer,L9,36,39,75.73648980136646,4.854272539489557e-11,2.2067142978476895e-06,1.7653772202419482e-05,4,8,2184616.11112,34734.983586
2024-09-02 13:00:00,schloemer,L10,37,36,70.6968729190019,1.8290924330699454e-12,1.6660073320906577e-10,8.033417042696556e-09,20,48,2185542.33716,34764.744572
2024-09-02 13:00:00,schloemer,L11,37,64,86.82343054960427,4.9274883950900517e-08,0.04534466022936068,0.3101212575014364,4,8,2184616.11112,34734.983586
2024-09-02 13:00:00,schloemer,L12,38,39,78.32956728662361,2.5635227274278805e-10,6.646834333989826e-05,0.0005316240828880936,4,8,2184616.11112,34734.983586
2024-09-02 13:00:00,schloemer,L13,39,40,95.05636769939764,4.913922663440928e-06,0.4637761145700494,0.993164650820526,4,8,2184616.11112,34734.983586
2024-09-02 13:00:00,schloemer,L14,39,41,103.92626529148045,0.00031702069238781494,0.895356748463932,0.9999999856405106,4,8,2184616.11112,34734.983586
2024-09-02 13:00:00,schloemer,L15,40,41,114.4524585998282,0.0127646418278754,0.9934856219990511,1.0,4,8,2184616.11112,34734.983586
2024-09-02 13:00:00,schloemer,L16,41,48,122.42664877837505,0.08536306861524445,0.9993498063751395,1.0,4,8,2184616.11112,34734.983586
2024-09-02 13:00:00,schloemer,L17,41,48,122.42664877837505,0.08536306861524445,0.9993498063751395,1.0,4,8,2184616.11112,34734.983586
2024-09-02 13:00:00,schloemer,L18,42,43,101.87158565120164,0.00013113108012230423,0.8346637748443433,0.9999994418944643,4,8,2184616.11112,34734.983586
2024-09-02 13:00:00,schloemer,L19,43,44,120.9423368036572,0.06331458448535587,0.9989995814399478,1.0,4,8,2184616.11112,34734.983586
2024-09-02 13:00:00,schloemer,L20,44,45,118.83747424819825,0.039744638324393455,0.9981565574219422,1.0,4,8,2184616.11112,34734.983586
2024-09-02 13:00:00,schloemer,L21,44,48,113.27312286211361,0.00903928875720017,0.9909030104524081,1.0,4,8,2184616.11112,34734.983586
2024-09-02 13:00:00,schloemer,L22,45,46,117.30333037555592,0.027414432079504003,0.9971255288334616,1.0,4,8,2184616.11112,34734.983586
2024-09-02 13:00:00,schloemer,L23,45,47,102.56874438224865,0.0001779514108052327,0.8578042130693189,0.9999998329737728,4,8,2184616.11112,34734.983586
2024-09-02 13:00:00,schloemer,L24,46,48,116.37777923565646,0.021619737944359674,0.9962460764286486,1.0,4,8,2184616.11112,34734.983586
2024-09-02 13:00:00,schloemer,L25,46,68,125.35553302597344,0.14377440745203585,0.9997211340056662,1.0,4,8,2184616.11112,34734.983586
2024-09-02 13:00:00,schloemer,L26,47,48,100.4625028461744,6.949194831606942e-05,0.7791483198026239,0.9999943417134557,4,8,2184616.11112,34734.983586
2024-09-02 13:00:00,schloemer,L27,48,49,89.51898791388324,2.3751942634930856e-07,0.13054557204875405,0.6734315867079217,4,8,2184616.11112,34734.983586
2024-09-02 13:00:00,schloemer,L28,48,50,84.134715865181,9.73552283234369e-09,0.010540364803192759,0.08127689482573741,4,8,2184616.11112,34734.983586
2024-09-02 13:00:00,schloemer,L29,48,53,81.49616393208362,1.9002847073679163e-09,0.0015320783012953143,0.012191111530594378,4,8,2184616.11112,34734.983586
2024-09-02 13:00:00,schloemer,L30,48,53,81.49616393208362,1.9002847073679163e-09,0.0015320783012953143,0.012191111530594378,4,8,2184616.11112,34734.983586
2024-09-02 13:00:00,schloemer,L31,48,65,96.43116942542684,9.94039507462574e-06,0.5559104914159858,0.9984873207904715,4,8,2184616.11112,34734.983586
2024-09-02 13:00:00,schloemer,L32,48,65,96.43116942542684,9.94039507462574e-06,0.5559104914159858,0.9984873207904715,4,8,2184616.11112,34734.983586
2024-09-02 13:00:00,schloemer,L33,48,68,128.2811984264493,0.2223669525394294,0.999879180435745,1.0,4,8,2184616.11112,34734.983586
2024-09-02 13:00:00,schloemer,L34,49,56,69.52249173319086,8.735234757750732e-13,9.791500943379106e-12,8.182610145013314e-11,4,8,2184616.11112,34734.983586
2024-09-02 13:00:00,schloemer,L35,50,51,62.150140155830414,8.104628079763643e-15,0.0,3.241851231905457e-14,4,8,2184616.11112,34734.983586
2024-09-02 13:00:00,schloemer,L36,50,57,63.3280280037936,1.687538997430238e-14,0.0,6.750155989720952e-14,4,8,2184616.11112,34734.983586
2024-09-02 13:00:00,schloemer,L37,51,52,55.436516117773195,1.1102230246251565e-16,0.0,4.440892098500626e-16,4,8,2184616.11112,34734.983586
2024-09-02 13:00:00,schloemer,L38,52,53,59.773159408384,1.887379141862766e-15,0.0,7.549516567451064e-15,4,8,2184616.11112,34734.983586
2024-09-02 13:00:00,schloemer,L39,53,54,60.03008510096572,2.220446049250313e-15,0.0,8.881784197001252e-15,4,8,2184616.11112,34734.983586
2024-09-02 13:00:00,schloemer,L40,53,55,61.36868387073361,4.9960036108132044e-15,0.0,1.9984014443252818e-14,4,8,2184616.11112,34734.983586
2024-09-02 13:00:00,schloemer,L41,53,58,61.721871649632895,6.217248937900877e-15,0.0,2.4868995751603507e-14,4,8,2184616.11112,34734.983586
2024-09-02 13:00:00,schloemer,L42,54,55,56.30908888466988,2.220446049250313e-16,0.0,8.881784197001252e-16,4,8,2184616.11112,34734.983586
2024-09-02 13:00:00,schloemer,L43,54,58,56.42089374535803,2.220446049250313e-16,0.0,8.881784197001252e-16,4,8,2184616.11112,34734.983586
2024-09-02 13:00:00,schloemer,L44,55,56,60.16786885818263,2.3314683517128287e-15,0.0,9.325873406851315e-15,4,8,2184616.11112,34734.983586
2024-09-02 13:00:00,schloemer,L45,55,57,57.98090361652405,6.661338147750939e-16,0.0,2.6645352591003757e-15,4,8,2184616.11112,34734.983586
2024-09-02 13:00:00,schloemer,L46,55,58,57.8261521460435,5.551115123125783e-16,0.0,2.220446049250313e-15,4,8,2184616.11112,34734.983586
2024-09-02 13:00:00,schloemer,L47,55,58,57.8261521460435,5.551115123125783e-16,0.0,2.220446049250313e-15,4,8,2184616.11112,34734.983586
2024-09-02 13:00:00,schloemer,L48,58,59,55.93000943773087,2.220446049250313e-16,0.0,8.881784197001252e-16,4,8,2184616.11112,34734.983586
2024-09-02 13:00:00,schloemer,L49,58,60,58.22700751988179,7.771561172376096e-16,0.0,3.1086244689504383e-15,4,8,2184616.11112,34734.983586
2024-09-02 13:00:00,schloemer,L50,59,60,56.08465569111668,2.220446049250313e-16,0.0,8.881784197001252e-16,4,8,2184616.11112,34734.983586
2024-09-02 13:00:00,schloemer,L51,59,61,58.401425377034705,7.771561172376096e-16,0.0,3.1086244689504383e-15,4,8,2184616.11112,34734.983586
2024-09-02 13:00:00,schloemer,L52,60,61,60.78217590243402,3.4416913763379853e-15,0.0,1.3766765505351941e-14,4,8,2184616.11112,34734.983586
2024-09-02 13:00:00,schloemer,L53,61,65,72.44071720018025,5.7654991891809004e-12,7.410993374534769e-09,5.931100743872264e-08,4,8,2184616.11112,34734.983586
2024-09-02 13:00:00,schloemer,L54,61,66,65.7549249212438,7.793765632868599e-14,1.1102230246251565e-16,3.126388037344441e-13,4,8,2184616.11112,34734.983586
2024-09-02 13:00:00,schloemer,L55,62,58,59.04102151398632,1.2212453270876722e-15,0.0,1.587618925213974e-14,13,30,2185148.89802,34751.629934
2024-09-02 13:00:00,schloemer,L56,62,63,65.69619603814772,7.51620987671231e-14,1.1102230246251565e-16,3.015365734881925e-13,4,8,2184616.11112,34734.983586
2024-09-02 13:00:00,schloemer,L57,63,60,64.41418929187145,3.275157922644212e-14,0.0,6.550315845288424e-13,20,47,2185512.78098,34763.759366
2024-09-02 13:00:00,schloemer,L58,63,64,85.09426595941096,1.7461479595581864e-08,0.018702305209407077,0.14018266128056367,4,8,2184616.11112,34734.983586
2024-09-02 13:00:00,schloemer,L59,64,65,93.41594493323434,2.021770765581188e-06,0.3508060559670254,0.9999999990138193,20,48,2185545.98792,34764.866264
2024-09-02 13:00:00,schloemer,L60,64,67,139.54804504986072,0.6204820045754649,0.9999943233035207,1.0,38,93,2186503.81292,34796.793764
2024-09-02 13:00:00,schloemer,L61,65,66,75.50171298506511,4.172373557764786e-11,1.5526467321835824e-06,1.2421273250629028e-05,4,8,2184616.11112,34734.983586
2024-09-02 13:00:00,schloemer,L62,67,68,142.50822552699572,0.7172026950277315,0.9999973537863437,1.0,28,68,2185978.45538,34779.281846
2024-09-02 13:00:00,schloemer,L63,68,69,89.89510685547744,2.944194947840373e-07,0.14728117345341962,0.7204584937251082,4,8,2184616.11112,34734.983586
2024-09-02 13:00:00,schloemer,L64,68,74,100.13690067001923,5.980657695670022e-05,0.7645943670527083,0.9999905717539452,4,8,2184616.11112,34734.983586
2024-09-02 13:00:00,schloemer,L65,68,76,104.47473372755906,0.0003977501507136383,0.9079691321343666,0.9999999948622018,4,8,2184616.11112,34734.983586
2024-09-02 13:00:00,schloemer,L66,69,70,61.064736537160684,4.107825191113079e-15,0.0,1.6431300764452317e-14,4,8,2184616.11112,34734.983586
2024-09-02 13:00:00,schloemer,L67,69,73,70.285696915543,1.4298562334147391e-12,6.525668894141745e-11,5.277729364649986e-10,4,8,2184616.11112,34734.983586
2024-09-02 13:00:00,schloemer,L68,69,74,77.1642585598833,1.2159906415121213e-10,1.596307928919405e-05,0.00012769798591827364,4,8,2184616.11112,34734.983586
2024-09-02 13:00:00,schloemer,L69,70,71,50.90628574451023,0.0,0.0,0.0,4,8,2184616.11112,34734.983586
2024-09-02 13:00:00,schloemer,L70,70,72,49.50729747681526,0.0,0.0,0.0,4,8,2184616.11112,34734.983586
2024-09-02 13:00:00,schloemer,L71,73,74,76.20065715230011,6.545985975492385e-11,4.32431859342941e-06,3.45942869898197e-05,4,8,2184616.11112,34734.983586
2024-09-02 13:00:00,schloemer,L72,74,76,85.94058332004694,2.9087969255492396e-08,0.029506562470580255,0.21306153512236758,4,8,2184616.11112,34734.983586
2024-09-02 13:00:00,schloemer,L73,74,117,76.4138554908716,7.508571542302889e-11,5.8332158098250986e-06,4.666507407924403e-05,4,8,2184616.11112,34734.983586
2024-09-02 13:00:00,schloemer,L74,75,76,77.17168645798871,1.2217993283769601e-10,1.6117216700362036e-05,0.00012893094908317249,4,8,2184616.11112,34734.983586
2024-09-02 13:00:00,schloemer,L75,75,117,70.37353751706972,1.5134560271690134e-12,8.054956701641913e-11,6.504503602400291e-10,4,8,2184616.11112,34734.983586
2024-09-02 13:00:00,schloemer,L76,76,77,75.71012829692789,4.7724824092654217e-11,2.122116695035814e-06,1.6976998362228102e-05,4,8,2184616.11112,34734.983586
2024-09-02 13:00:00,schloemer,L77,76,79,79.87519072794358,6.848503986134347e-10,0.0003485107445082569,0.002784690184595262,4,8,2184616.11112,34734.983586
2024-09-02 13:00:00,schloemer,L78,76,79,79.87519072794358,6.848503986134347e-10,0.0003485107445082569,0.002784690184595262,4,8,2184616.11112,34734.983586
2024-09-02 13:00:00,schloemer,L79,76,81,74.79484993649004,2.6438184974608703e-11,5.138654766145834e-07,4.111022171571221e-06,4,8,2184616.11112,34734.983586
2024-09-02 13:00:00,schloemer,L80,77,78,66.14340065037503,9.980904991380157e-14,4.440892098500626e-16,4.027889133340068e-13,4,8,2184616.11112,34734.983586
2024-09-02 13:00:00,schloemer,L81,78,79,68.47821223772239,4.4564352208453784e-13,5.953015858040089e-13,6.544986774770223e-12,4,8,2184616.11112,34734.983586
2024-09-02 13:00:00,schloemer,L82,79,95,66.80217597479466,1.5210055437364645e-13,3.885780586188048e-15,6.394884621840902e-13,4,8,2184616.11112,34734.983586
2024-09-02 13:00:00,schloemer,L83,79,96,65.50083002033303,6.639133687258436e-14,0.0,2.6556534749033744e-13,4,8,2184616.11112,34734.983586
2024-09-02 13:00:00,schloemer,L84,79,97,65.88366379748578,8.459899447643693e-14,2.220446049250313e-16,3.4017233474514796e-13,4,8,2184616.11112,34734.983586
2024-09-02 13:00:00,schloemer,L85,79,98,70.18643844518853,1.3410383914447266e-12,5.1342374796092827e-11,4.161031519345215e-10,4,8,2184616.11112,34734.983586
2024-09-02 13:00:00,schloemer,L86,80,67,143.25194230191585,0.7386649147677176,0.9999978040567411,1.0,30,72,2186055.70436,34781.856812
2024-09-02 13:00:00,schloemer,L87,80,79,88.77368854875483,1.4965847472403482e-07,0.09992080155644656,0.9992995644185972,28,69,2185981.58126,34779.386042
2024-09-02 13:00:00,schloemer,L88,81,82,59.146239423866476,1.2212453270876722e-15,0.0,4.884981308350689e-15,4,8,2184616.11112,34734.983586
2024-09-02 13:00:00,schloemer,L89,81,95,63.81062248815845,2.275957200481571e-14,0.0,9.103828801926284e-14,4,8,2184616.11112,34734.983586
2024-09-02 13:00:00,schloemer,L90,93,95,57.071492527531404,3.3306690738754696e-16,0.0,1.3322676295501878e-15,4,8,2184616.11112,34734.983586
2024-09-02 13:00:00,schloemer,L91,95,96,60.22622787582776,2.4424906541753444e-15,0.0,9.769962616701378e-15,4,8,2184616.11112,34734.983586
2024-09-02 13:00:00,schloemer,L92,115,67,138.4480741852496,0.5849795738662691,0.9999925180798571,1.0,13,29,2185126.88168,34750.896056
2024-09-02 14:00:00,schloemer,L0,22,23,46.70663845207991,0.0,0.0,0.0,4,8,2184616.11112,34734.983586
2024-09-02 14:00:00,schloemer,L1,23,69,56.770422136851316,3.3306690738754696e-16,0.0,1.3322676295501878e-15,4,8,2184616.11112,34734.983586
2024-09-02 14:00:00,schloemer,L2,23,71,47.930331787230244,0.0,0.0,0.0,4,8,2184616.11112,34734.983586
2024-09-02 14:00:00,schloemer,L3,29,37,70.99156308649142,2.2568613644580182e-12,3.391299463473274e-10,2.7220670162364513e-09,4,8,2184616.11112,34734.983586
2024-09-02 14:00:00,schloemer,L4,32,36,69.9940075264808,1.1842749003676545e-12,3.206623855334101e-11,2.612670080281987e-10,4,8,2184616.11112,34734.983586
2024-09-02 14:00:00,schloemer,L5,33,36,77.842455744536,1.877762390023463e-10,3.7336711969482295e-05,0.00029865541670937024,4,8,2184616.11112,34734.983586
2024-09-02 14:00:00,schloemer,L6,33,42,90.00252734267532,3.1297311042788323e-07,0.15227724208288662,0.7332955910421708,4,8,2184616.11112,34734.983586
2024-09-02 14:00:00,schloemer,L7,34,36,66.20829624830928,1.0402789740737717e-13,5.551115123125783e-16,4.205524817280093e-13,4,8,2184616.11112,34734.983586
2024-09-02 14:00:00,schloemer,L8,36,38,76.70421415802994,9.049749838396792e-11,8.68533971787322e-06,6.948096756098643e-05,4,8,2184616.11112,34734.983586
2024-09-02 14:00:00,schloemer,L9,36,39,84.54419776318852,1.2500840029794347e-08,0.013565930035735363,0.10351198456529476,4,8,2184616.11112,34734.983586
2024-09-02 14:00:00,schloemer,L10,37,36,77.7663749407615,1.750827260948995e-10,3.335675725346654e-05,0.0015998733904908358,20,48,2185542.33716,34764.744572
2024-09-02 14:00:00,schloemer,L11,37,64,94.03172813424925,2.8692050554335324e-06,0.3937375397682298,0.9817492617678116,4,8,2184616.11112,34734.983586
2024-09-02 14:00:00,schloemer,L12,38,39,88.12043158349054,1.0578001508054768e-07,0.07886822833239904,0.48170870558419965,4,8,2184616.11112,34734.983586
2024-09-02 14:00:00,schloemer,L13,39,40,108.0473789085312,0.0015900871921218362,0.9622278749255798,0.9999999999958827,4,8,2184616.11112,34734.983586
2024-09-02 14:00:00,schloemer,L14,39,41,116.66309445993743,0.02328698441654009,0.9965422263650826,1.0,4,8,2184616.11112,34734.983586
2024-09-02 14:00:00,schloemer,L15,40,41,127.50025329584767,0.19949502786165785,0.9998491295001963,1.0,4,8,2184616.11112,34734.983586
2024-09-02 14:00:00,schloemer,L16,41,48,119.06289725017771,0.041877463269106796,0.9982732642482517,1.0,4,8,2184616.11112,34734.983586
2024-09-02 14:00:00,schloemer,L17,41,48,119.06289725017771,0.041877463269106796,0.9982732642482517,1.0,4,8,2184616.11112,34734.983586
2024-09-02 14:00:00,schloemer,L18,42,43,109.61396650874147,0.002775307945730554,0.9750505361260555,0.9999999999998516,4,8,2184616.11112,34734.983586
2024-09-02 14:00:00,schloemer,L19,43,44,119.0889658902862,0.0421297936234597,0.9982862773468918,1.0,4,8,2184616.11112,34734.983586
2024-09-02 14:00:00,schloemer,L20,44,45,107.9312827329844,0.001523912544521,0.961068949913738,0.9999999999947553,4,8,2184616.11112,34734.983586
2024-09-02 14:00:00,schloemer,L21,44,48,105.21510021710364,0.0005370676374559791,0.9229132978922933,0.9999999987557647,4,8,2184616.11112,34734.983586
2024-09-02 14:00:00,schloemer,L22,45,46,103.33422882964061,0.0002471300183602976,0.8801398415442983,0.9999999574431555,4,8,2184616.11112,34734.983586
2024-09-02 14:00:00,schloemer,L23,45,47,92.0823839145683,1.001266693667624e-06,0.26610183463488757,0.9158440790770279,4,8,2184616.11112,34734.983586
2024-09-02 14:00:00,schloemer,L24,46,48,104.13066222699061,0.00034513834585792047,0.9002182331020963,0.9999999901868181,4,8,2184616.11112,34734.983586
2024-09-02 14:00:00,schloemer,L25,46,68,108.42467811879632,0.0018235049549099047,0.9657788010677548,0.9999999999981328,4,8,2184616.11112,34734.983586
2024-09-02 14:00:00,schloemer,L26,47,48,91.54094224950254,7.425561683316317e-07,0.23363236163981183,0.8810139714772507,4,8,2184616.11112,34734.983586
2024-09-02 14:00:00,schloemer,L27,48,49,83.57225637587725,6.894492199371882e-09,0.007309827580940453,0.05700418079232328,4,8,2184616.11112,34734.983586
2024-09-02 14:00:00,schloemer,L28,48,50,78.43117676817774,2.735265347553195e-10,7.470990267843813e-05,0.0005975240542820393,4,8,2184616.11112,34734.983586
2024-09-02 14:00:00,schloemer,L29,48,53,77.48924511124105,1.4976997420035332e-10,2.415225846374991e-05,0.00019320233417852162,4,8,2184616.11112,34734.983586
2024-09-02 14:00:00,schloemer,L30,48,53,77.48924511124105,1.4976997420035332e-10,2.415225846374991e-05,0.00019320233417852162,4,8,2184616.11112,34734.983586
2024-09-02 14:00:00,schloemer,L31,48,65,93.35375829501247,1.9979911941581108e-06,0.3479802638317556,0.9673350150199752,4,8,2184616.11112,34734.983586
2024-09-02 14:00:00,schloemer,L32,48,65,93.35375829501247,1.9979911941581108e-06,0.3479802638317556,0.9673350150199752,4,8,2184616.11112,34734.983586
2024-09-02 14:00:00,schloemer,L33,48,68,112.35948208648422,0.006837449522018035,0.9882466225598083,0.9999999999999997,4,8,2184616.11112,34734.983586
2024-09-02 14:00:00,schloemer,L34,49,56,66.09540948680923,9.681144774731365e-14,3.3306690738754696e-16,3.89910326248355e-13,4,8,2184616.11112,34734.983586
2024-09-02 14:00:00,schloemer,L35,50,51,58.84743886739792,1.1102230246251565e-15,0.0,4.440892098500626e-15,4,8,2184616.11112,34734.983586
2024-09-02 14:00:00,schloemer,L36,50,57,60.16611653916537,2.3314683517128287e-15,0.0,9.325873406851315e-15,4,8,2184616.11112,34734.983586
2024-09-02 14:00:00,schloemer,L37,51,52,53.06066089426648,0.0,0.0,0.0,4,8,2184616.11112,34734.983586
2024-09-02 14:00:00,schloemer,L38,52,53,57.596821599008194,5.551115123125783e-16,0.0,2.220446049250313e-15,4,8,2184616.11112,34734.983586
2024-09-02 14:00:00,schloemer,L39,53,54,58.45758260774098,8.881784197001252e-16,0.0,3.552713678800501e-15,4,8,2184616.11112,34734.983586
2024-09-02 14:00:00,schloemer,L40,53,55,59.47234242414486,1.5543122344752192e-15,0.0,6.217248937900877e-15,4,8,2184616.11112,34734.983586
2024-09-02 14:00:00,schloemer,L41,53,58,60.39868057493153,2.7755575615628914e-15,0.0,1.1102230246251565e-14,4,8,2184616.11112,34734.983586
2024-09-02 14:00:00,schloemer,L42,54,55,54.934248165888164,1.1102230246251565e-16,0.0,4.440892098500626e-16,4,8,2184616.11112,34734.983586
2024-09-02 14:00:00,schloemer,L43,54,58,55.505135945294285,1.1102230246251565e-16,0.0,4.440892098500626e-16,4,8,2184616.11112,34734.983586
2024-09-02 14:00:00,schloemer,L44,55,56,58.05750508797495,6.661338147750939e-16,0.0,2.6645352591003757e-15,4,8,2184616.11112,34734.983586
2024-09-02 14:00:00,schloemer,L45,55,57,55.89414841379546,2.220446049250313e-16,0.0,8.881784197001252e-16,4,8,2184616.11112,34734.983586
2024-09-02 14:00:00,schloemer,L46,55,58,56.65106462271079,3.3306690738754696e-16,0.0,1.3322676295501878e-15,4,8,2184616.11112,34734.983586
2024-09-02 14:00:00,schloemer,L47,55,58,56.65106462271079,3.3306690738754696e-16,0.0,1.3322676295501878e-15,4,8,2184616.11112,34734.983586
2024-09-02 14:00:00,schloemer,L48,58,59,55.75995040914368,2.220446049250313e-16,0.0,8.881784197001252e-16,4,8,2184616.11112,34734.983586
2024-09-02 14:00:00,schloemer,L49,58,60,58.088194949170415,6.661338147750939e-16,0.0,2.6645352591003757e-15,4,8,2184616.11112,34734.983586
2024-09-02 14:00:00,schloemer,L50,59,60,56.40493840206421,2.220446049250313e-16,0.0,8.881784197001252e-16,4,8,2184616.11112,34734.983586
2024-09-02 14:00:00,schloemer,L51,59,61,58.83906996563027,1.1102230246251565e-15,0.0,4.440892098500626e-15,4,8,2184616.11112,34734.983586
2024-09-02 14:00:00,schloemer,L52,60,61,61.34764227271888,4.884981308350689e-15,0.0,1.9539925233402755e-14,4,8,2184616.11112,34734.983586
2024-09-02 14:00:00,schloemer,L53,61,65,73.09610410838914,8.81239525796218e-12,2.642245788830877e-08,2.1141489314757678e-07,4,8,2184616.11112,34734.983586
2024-09-02 14:00:00,schloemer,L54,61,66,66.90188649761231,1.6209256159527285e-13,5.329070518200751e-15,6.910028105266974e-13,4,8,2184616.11112,34734.983586
2024-09-02 14:00:00,schloemer,L55,62,58,58.70865976962147,9.992007221626409e-16,0.0,1.2989609388114332e-14,13,30,2185148.89802,34751.629934
2024-09-02 14:00:00,schloemer,L56,62,63,66.1339686792001,9.9253938401489e-14,4.440892098500626e-16,4.005684672847565e-13,4,8,2184616.11112,34734.983586
2024-09-02 14:00:00,schloemer,L57,63,60,65.0840152212229,5.007105841059456e-14,0.0,1.0014211682118912e-12,20,47,2185512.78098,34763.759366
2024-09-02 14:00:00,schloemer,L58,63,64,87.46707003770398,7.210483632391629e-08,0.06034002523427906,0.3921929950423638,4,8,2184616.11112,34734.983586
2024-09-02 14:00:00,schloemer,L59,64,65,95.53486474934986,6.162167340950653e-06,0.4949181683678965,0.9999999999999942,20,48,2185545.98792,34764.866264
2024-09-02 14:00:00,schloemer,L60,64,67,139.8546424153863,0.6310178857470886,0.9999947577884799,1.0,38,93,2186503.81292,34796.793764
2024-09-02 14:00:00,schloemer,L61,65,66,76.72966921625796,9.199008221827398e-11,8.989119303359772e-06,7.191105988202384e-05,4,8,2184616.11112,34734.983586
2024-09-02 14:00:00,schloemer,L62,67,68,132.8473517556251,0.3745320366005347,0.9999659493796986,1.0,28,68,2185978.45538,34779.281846
2024-09-02 14:00:00,schloemer,L63,68,69,80.6983001550859,1.1515216558066754e-09,0.0007623421922308138,0.006082494265618799,4,8,2184616.11112,34734.983586
2024-09-02 14:00:00,schloemer,L64,68,74,89.70922659107029,2.648127690463298e-07,0.13886209471778033,0.6976004154132421,4,8,2184616.11112,34734.983586
2024-09-02 14:00:00,schloemer,L65,68,76,95.50212279244165,6.188652711625053e-06,0.49407840173242,0.9957080464698914,4,8,2184616.11112,34734.983586
2024-09-02 14:00:00,schloemer,L66,69,70,56.83063331312068,3.3306690738754696e-16,0.0,1.3322676295501878e-15,4,8,2184616.11112,34734.983586
2024-09-02 14:00:00,schloemer,L67,69,73,64.79364566350914,4.241051954068098e-14,0.0,1.6964207816272392e-13,4,8,2184616.11112,34734.983586
2024-09-02 14:00:00,schloemer,L68,69,74,70.71369065128117,1.885602785023366e-12,1.793720727505388e-10,1.4425189931444038e-09,4,8,2184616.11112,34734.983586
2024-09-02 14:00:00,schloemer,L69,70,71,47.955077163815474,0.0,0.0,0.0,4,8,2184616.11112,34734.983586
2024-09-02 14:00:00,schloemer,L70,70,72,46.828166207261724,0.0,0.0,0.0,4,8,2184616.11112,34734.983586
2024-09-02 14:00:00,schloemer,L71,73,74,70.19291606208813,1.3467005288703149e-12,5.215550213932829e-11,4.226308192301076e-10,4,8,2184616.11112,34734.983586
2024-09-02 14:00:00,schloemer,L72,74,76,80.09485325694487,7.869346285716006e-10,0.0004322552570544813,0.003452818064675456,4,8,2184616.11112,34734.983586
2024-09-02 14:00:00,schloemer,L73,74,117,70.96081336865718,2.212452443473012e-12,3.162858863703377e-10,2.539136900736594e-09,4,8,2184616.11112,34734.983586
2024-09-02 14:00:00,schloemer,L74,75,76,73.38869401764346,1.0649703341414352e-11,4.5525577530014516e-08,3.642471609888176e-07,4,8,2184616.11112,34734.983586
2024-09-02 14:00:00,schloemer,L75,75,117,66.42822936945963,1.197930643570544e-13,1.1102230246251565e-15,4.880540416252188e-13,4,8,2184616.11112,34734.983586
2024-09-02 14:00:00,schloemer,L76,76,77,72.99768814607295,8.268496998198316e-12,2.193317505394532e-08,1.7549846098585675e-07,4,8,2184616.11112,34734.983586
2024-09-02 14:00:00,schloemer,L77,76,79,78.37949697497093,2.6465341029791034e-10,7.040808503544493e-05,0.0005631269534890349,4,8,2184616.11112,34734.983586
2024-09-02 14:00:00,schloemer,L78,76,79,78.37949697497093,2.6465341029791034e-10,7.040808503544493e-05,0.0005631269534890349,4,8,2184616.11112,34734.983586
2024-09-02 14:00:00,schloemer,L79,76,81,73.15517324889467,9.155898261781203e-12,2.9523855471502713e-08,2.362274429401623e-07,4,8,2184616.11112,34734.983586
2024-09-02 14:00:00,schloemer,L80,77,78,64.81425483056728,4.296563105299356e-14,0.0,1.7186252421197423e-13,4,8,2184616.11112,34734.983586
2024-09-02 14:00:00,schloemer,L81,78,79,68.09414604261639,3.481659405224491e-13,1.9972912213006566e-13,2.9904967391303217e-12,4,8,2184616.11112,34734.983586
2024-09-02 14:00:00,schloemer,L82,79,95,67.68365709762104,2.674527266322002e-13,5.972999872483342e-14,1.5476508963274682e-12,4,8,2184616.11112,34734.983586
2024-09-02 14:00:00,schloemer,L83,79,96,66.21070927392978,1.042499420123022e-13,5.551115123125783e-16,4.214406601477094e-13,4,8,2184616.11112,34734.983586
2024-09-02 14:00:00,schloemer,L84,79,97,66.24869843652681,1.0680345496894006e-13,6.661338147750939e-16,4.32542890393961e-13,4,8,2184616.11112,34734.983586
2024-09-02 14:00:00,schloemer,L85,79,98,71.4765901684047,3.0888624991121105e-12,9.94511584195834e-10,7.968448123563121e-09,4,8,2184616.11112,34734.983586
2024-09-02 14:00:00,schloemer,L86,80,67,141.7166174662729,0.6929235695922846,0.9999967633743848,1.0,30,72,2186055.70436,34781.856812
2024-09-02 14:00:00,schloemer,L87,80,79,89.19412509679803,1.9075941803947671e-07,0.11593813189633595,0.9997970910834527,28,69,2185981.58126,34779.386042
2024-09-02 14:00:00,schloemer,L88,81,82,58.93715614148237,1.1102230246251565e-15,0.0,4.440892098500626e-15,4,8,2184616.11112,34734.983586
2024-09-02 14:00:00,schloemer,L89,81,95,64.29150288909076,3.086420008457935e-14,0.0,1.234568003383174e-13,4,8,2184616.11112,34734.983586
2024-09-02 14:00:00,schloemer,L90,93,95,58.527688876562586,8.881784197001252e-16,0.0,3.552713678800501e-15,4,8,2184616.11112,34734.983586
2024-09-02 14:00:00,schloemer,L91,95,96,61.239174980517156,4.551914400963142e-15,0.0,1.8207657603852567e-14,4,8,2184616.11112,34734.983586
2024-09-02 14:00:00,schloemer,L92,115,67,131.3717502934828,0.3231682156073602,0.999949122679864,1.0,13,29,2185126.88168,34750.896056
2024-09-02 15:00:00,schloemer,L0,22,23,44.1669568740928,0.0,0.0,0.0,4,8,2184616.11112,34734.983586
2024-09-02 15:00:00,schloemer,L1,23,69,53.03782242725873,0.0,0.0,0.0,4,8,2184616.11112,34734.983586
2024-09-02 15:00:00,schloemer,L2,23,71,45.31819561369616,0.0,0.0,0.0,4,8,2184616.11112,34734.983586
2024-09-02 15:00:00,schloemer,L3,29,37,76.7967391042367,9.604095296822379e-11,9.837476387053457e-06,7.869748555699996e-05,4,8,2184616.11112,34734.983586
2024-09-02 15:00:00,schloemer,L4,32,36,77.89714659300256,1.9446211307894146e-10,3.988910181906835e-05,0.0003190690437745447,4,8,2184616.11112,34734.983586
2024-09-02 15:00:00,schloemer,L5,33,36,86.3890589782323,3.804506243376693e-08,0.03691164412726056,0.25983424020836055,4,8,2184616.11112,34734.983586
2024-09-02 15:00:00,schloemer,L6,33,42,98.76659237381037,3.1368827242417296e-05,0.6962229006173883,0.9999274920288417,4,8,2184616.11112,34734.983586
2024-09-02 15:00:00,schloemer,L7,34,36,73.0797730603927,8.71969163540598e-12,2.5621374133422137e-08,2.050058534042165e-07,4,8,2184616.11112,34734.983586
2024-09-02 15:00:00,schloemer,L8,36,38,85.9253517308934,2.8823263442667724e-08,0.029276869638534042,0.21157030173035407,4,8,2184616.11112,34734.983586
2024-09-02 15:00:00,schloemer,L9,36,39,94.88854212304649,4.502772443015779e-06,0.45231083986247433,0.9919040961527543,4,8,2184616.11112,34734.983586
2024-09-02 15:00:00,schloemer,L10,37,36,85.70729965431755,2.473085658483143e-08,0.025888479538876075,0.7160666497680067,20,48,2185542.33716,34764.744572
2024-09-02 15:00:00,schloemer,L11,37,64,100.20476071974828,6.171339109883878e-05,0.7676816684392582,0.9999915167819515,4,8,2184616.11112,34734.983586
2024-09-02 15:00:00,schloemer,L12,38,39,99.90133521898676,5.361052677710365e-05,0.7536564895540225,0.9999864407435787,4,8,2184616.11112,34734.983586
2024-09-02 15:00:00,schloemer,L13,39,40,122.15163277628481,0.08091133889115132,0.99929580628771,1.0,4,8,2184616.11112,34734.983586
2024-09-02 15:00:00,schloemer,L14,39,41,127.75684414029583,0.2068650723088652,0.9998597621879673,1.0,4,8,2184616.11112,34734.983586
2024-09-02 15:00:00,schloemer,L15,40,41,135.64576831277006,0.48262730453596825,0.9999842956965963,1.0,4,8,2184616.11112,34734.983586
2024-09-02 15:00:00,schloemer,L16,41,48,111.62006377969301,0.005413396126325853,0.9855657050868145,0.9999999999999981,4,8,2184616.11112,34734.983586
2024-09-02 15:00:00,schloemer,L17,41,48,111.62006377969301,0.005413396126325853,0.9855657050868145,0.9999999999999981,4,8,2184616.11112,34734.983586
2024-09-02 15:00:00,schloemer,L18,42,43,114.27508925504135,0.012132271331289579,0.9931486833058545,1.0,4,8,2184616.11112,34734.983586
2024-09-02 15:00:00,schloemer,L19,43,44,112.78726470058317,0.00780227246970544,0.9895721114638831,0.9999999999999999,4,8,2184616.11112,34734.983586
2024-09-02 15:00:00,schloemer,L20,44,45,97.03663969924311,1.3469042259073305e-05,0.5947201355328694,0.9992721920093811,4,8,2184616.11112,34734.983586
2024-09-02 15:00:00,schloemer,L21,44,48,96.19735415908058,8.83056847600372e-06,0.5405728550198191,0.9980151948741364,4,8,2184616.11112,34734.983586
2024-09-02 15:00:00,schloemer,L22,45,46,91.49515345898027,7.239291373029033e-07,0.2309679889081604,0.8776640540398,4,8,2184616.11112,34734.983586
2024-09-02 15:00:00,schloemer,L23,45,47,83.0014420146439,4.848541568236442e-09,0.004922645117950708,0.03870931057489535,4,8,2184616.11112,34734.983586
2024-09-02 15:00:00,schloemer,L24,46,48,92.99950517325865,1.650736766611871e-06,0.3245306501795684,0.9566646498496779,4,8,2184616.11112,34734.983586
2024-09-02 15:00:00,schloemer,L25,46,68,94.70253556367615,4.085745985094036e-06,0.4395851125261365,0.9902709549800399,4,8,2184616.11112,34734.983586
2024-09-02 15:00:00,schloemer,L26,47,48,83.30539867585574,5.84957171589906e-09,0.006094910681575083,0.04773174853949946,4,8,2184616.11112,34734.983586
2024-09-02 15:00:00,schloemer,L27,48,49,77.61453638745552,1.6228596244616256e-10,2.823601838375378e-05,0.00022586647369127189,4,8,2184616.11112,34734.983586
2024-09-02 15:00:00,schloemer,L28,48,50,72.93786607490922,7.954414904531859e-12,1.9570263409818267e-08,1.5659391416900093e-07,4,8,2184616.11112,34734.983586
2024-09-02 15:00:00,schloemer,L29,48,53,73.14615221080027,9.102607556599196e-12,2.902875406718408e-08,2.3226641931994862e-07,4,8,2184616.11112,34734.983586
2024-09-02 15:00:00,schloemer,L30,48,53,73.14615221080027,9.102607556599196e-12,2.902875406718408e-08,2.3226641931994862e-07,4,8,2184616.11112,34734.983586
2024-09-02 15:00:00,schloemer,L31,48,65,88.63961905667267,1.4309483564733938e-07,0.09610787518106212,0.5544129379481157,4,8,2184616.11112,34734.983586
2024-09-02 15:00:00,schloemer,L32,48,65,88.63961905667267,1.4309483564733938e-07,0.09610787518106212,0.5544129379481157,4,8,2184616.11112,34734.983586
2024-09-02 15:00:00,schloemer,L33,48,68,98.40315614866469,2.6338180244556142e-05,0.6762172901172261,0.9998792232125246,4,8,2184616.11112,34734.983586
2024-09-02 15:00:00,schloemer,L34,49,56,62.67896097101574,1.1213252548714081e-14,0.0,4.4853010194856324e-14,4,8,2184616.11112,34734.983586
2024-09-02 15:00:00,schloemer,L35,50,51,55.772701369233275,2.220446049250313e-16,0.0,8.881784197001252e-16,4,8,2184616.11112,34734.983586
2024-09-02 15:00:00,schloemer,L36,50,57,57.1465453565608,3.3306690738754696e-16,0.0,1.3322676295501878e-15,4,8,2184616.11112,34734.983586
2024-09-02 15:00:00,schloemer,L37,51,52,50.80625772915167,0.0,0.0,0.0,4,8,2184616.11112,34734.983586
2024-09-02 15:00:00,schloemer,L38,52,53,55.372814372258446,1.1102230246251565e-16,0.0,4.440892098500626e-16,4,8,2184616.11112,34734.983586
2024-09-02 15:00:00,schloemer,L39,53,54,56.68248339179405,3.3306690738754696e-16,0.0,1.3322676295501878e-15,4,8,2184616.11112,34734.983586
2024-09-02 15:00:00,schloemer,L40,53,55,57.41054660676704,4.440892098500626e-16,0.0,1.7763568394002505e-15,4,8,2184616.11112,34734.983586
2024-09-02 15:00:00,schloemer,L41,53,58,58.7714105436967,9.992007221626409e-16,0.0,3.9968028886505635e-15,4,8,2184616.11112,34734.983586
2024-09-02 15:00:00,schloemer,L42,54,55,53.41186839222418,0.0,0.0,0.0,4,8,2184616.11112,34734.983586
2024-09-02 15:00:00,schloemer,L43,54,58,54.3544128473068,1.1102230246251565e-16,0.0,4.440892098500626e-16,4,8,2184616.11112,34734.983586
2024-09-02 15:00:00,schloemer,L44,55,56,55.870823022072834,2.220446049250313e-16,0.0,8.881784197001252e-16,4,8,2184616.11112,34734.983586
2024-09-02 15:00:00,schloemer,L45,55,57,53.7846139931412,0.0,0.0,0.0,4,8,2184616.11112,34734.983586
2024-09-02 15:00:00,schloemer,L46,55,58,55.25136371782082,1.1102230246251565e-16,0.0,4.440892098500626e-16,4,8,2184616.11112,34734.983586
2024-09-02 15:00:00,schloemer,L47,55,58,55.25136371782082,1.1102230246251565e-16,0.0,4.440892098500626e-16,4,8,2184616.11112,34734.983586
2024-09-02 15:00:00,schloemer,L48,58,59,55.2711414341811,1.1102230246251565e-16,0.0,4.440892098500626e-16,4,8,2184616.11112,34734.983586
2024-09-02 15:00:00,schloemer,L49,58,60,57.568016719280344,4.440892098500626e-16,0.0,1.7763568394002505e-15,4,8,2184616.11112,34734.983586
2024-09-02 15:00:00,schloemer,L50,59,60,56.369675386676526,2.220446049250313e-16,0.0,8.881784197001252e-16,4,8,2184616.11112,34734.983586
2024-09-02 15:00:00,schloemer,L51,59,61,58.852956927122165,1.1102230246251565e-15,0.0,4.440892098500626e-15,4,8,2184616.11112,34734.983586
2024-09-02 15:00:00,schloemer,L52,60,61,61.41233613703113,5.10702591327572e-15,0.0,2.042810365310288e-14,4,8,2184616.11112,34734.983586
2024-09-02 15:00:00,schloemer,L53,61,65,72.7817360944503,7.189804307472514e-12,1.4492666400300891e-08,1.1597008453545499e-07,4,8,2184616.11112,34734.983586
2024-09-02 15:00:00,schloemer,L54,61,66,67.3601893217915,2.1738166822160565e-13,2.2426505097428162e-14,1.048938713665848e-12,4,8,2184616.11112,34734.983586
2024-09-02 15:00:00,schloemer,L55,62,58,57.992446404459265,6.661338147750939e-16,0.0,8.659739592076221e-15,13,30,2185148.89802,34751.629934
2024-09-02 15:00:00,schloemer,L56,62,63,65.90484384883715,8.58202398035246e-14,2.220446049250313e-16,3.4505731605349865e-13,4,8,2184616.11112,34734.983586
2024-09-02 15:00:00,schloemer,L57,63,60,65.12409631089285,5.129230373768223e-14,0.0,1.0258460747536446e-12,20,47,2185512.78098,34763.759366
2024-09-02 15:00:00,schloemer,L58,63,64,88.03665582128146,1.0072629719193316e-07,0.07629812943258896,0.47002618819285713,4,8,2184616.11112,34734.983586
2024-09-02 15:00:00,schloemer,L59,64,65,95.16022201498936,5.077252067442473e-06,0.469478946585266,0.9999999999999389,20,48,2185545.98792,34764.866264
2024-09-02 15:00:00,schloemer,L60,64,67,137.26550247330894,0.5386085534961205,0.9999896560799415,1.0,38,93,2186503.81292,34796.793764
2024-09-02 15:00:00,schloemer,L61,65,66,76.80225491161502,9.638190245908618e-11,9.910456347572705e-06,7.928128625211972e-05,4,8,2184616.11112,34734.983586
2024-09-02 15:00:00,schloemer,L62,67,68,116.05773519661822,0.019480708343864284,0.9958411290617195,1.0,28,68,2185978.45538,34779.281846
2024-09-02 15:00:00,schloemer,L63,68,69,73.1434306314345,9.086509322742131e-12,2.8880945190934426e-08,2.3108388425008286e-07,4,8,2184616.11112,34734.983586
2024-09-02 15:00:00,schloemer,L64,68,74,80.8774100156397,1.2888906608665707e-09,0.0008961864195723424,0.00714704853465542,4,8,2184616.11112,34734.983586
2024-09-02 15:00:00,schloemer,L65,68,76,86.92298399655573,5.227405497354454e-08,0.0474633129756602,0.3222748511384873,4,8,2184616.11112,34734.983586
2024-09-02 15:00:00,schloemer,L66,69,70,53.21203141581828,0.0,0.0,0.0,4,8,2184616.11112,34734.983586
2024-09-02 15:00:00,schloemer,L67,69,73,60.112166810728866,2.3314683517128287e-15,0.0,9.325873406851315e-15,4,8,2184616.11112,34734.983586
2024-09-02 15:00:00,schloemer,L68,69,74,65.2036850896416,5.495603971894525e-14,0.0,2.19824158875781e-13,4,8,2184616.11112,34734.983586
2024-09-02 15:00:00,schloemer,L69,70,71,45.41552924507287,0.0,0.0,0.0,4,8,2184616.11112,34734.983586
2024-09-02 15:00:00,schloemer,L70,70,72,44.499569357836286,0.0,0.0,0.0,4,8,2184616.11112,34734.983586
2024-09-02 15:00:00,schloemer,L71,73,74,64.96257967194782,4.718447854656915e-14,0.0,1.887379141862766e-13,4,8,2184616.11112,34734.983586
2024-09-02 15:00:00,schloemer,L72,74,76,74.42406840497908,2.0805579481475434e-11,2.793840142567561e-07,2.2351531505648836e-06,4,8,2184616.11112,34734.983586
2024-09-02 15:00:00,schloemer,L73,74,117,66.02242983143748,9.248157795127554e-14,3.3306690738754696e-16,3.7259084706420253e-13,4,8,2184616.11112,34734.983586
2024-09-02 15:00:00,schloemer,L74,75,76,69.41448404649559,8.146816554699399e-13,7.411848912397545e-12,6.255351792106012e-11,4,8,2184616.11112,34734.983586
2024-09-02 15:00:00,schloemer,L75,75,117,62.64995752300827,1.099120794378905e-14,0.0,4.39648317751562e-14,4,8,2184616.11112,34734.983586
2024-09-02 15:00:00,schloemer,L76,76,77,69.81032329621327,1.0518252935298733e-12,2.0313195570054177e-11,1.667128657345529e-10,4,8,2184616.11112,34734.983586
2024-09-02 15:00:00,schloemer,L77,76,79,75.87953374145387,5.3230309049467905e-11,2.7235924311419524e-06,2.178874466407521e-05,4,8,2184616.11112,34734.983586
2024-09-02 15:00:00,schloemer,L78,76,79,75.87953374145387,5.3230309049467905e-11,2.7235924311419524e-06,2.178874466407521e-05,4,8,2184616.11112,34734.983586
2024-09-02 15:00:00,schloemer,L79,76,81,70.79663535444689,1.9895196601282805e-12,2.172775293018958e-10,1.7461783130556796e-09,4,8,2184616.11112,34734.983586
2024-09-02 15:00:00,schloemer,L80,77,78,63.045982981399646,1.4099832412739488e-14,0.0,5.639932965095795e-14,4,8,2184616.11112,34734.983586
2024-09-02 15:00:00,schloemer,L81,78,79,67.02607930888657,1.7552626019323725e-13,7.993605777301127e-15,7.66053886991358e-13,4,8,2184616.11112,34734.983586
2024-09-02 15:00:00,schloemer,L82,79,95,67.84747619227454,2.970956813896919e-13,9.71445146547012e-14,1.965538842796377e-12,4,8,2184616.11112,34734.983586
2024-09-02 15:00:00,schloemer,L83,79,96,66.25892769125844,1.0746958878371515e-13,6.661338147750939e-16,4.3520742565306136e-13,4,8,2184616.11112,34734.983586
2024-09-02 15:00:00,schloemer,L84,79,97,65.95431192724402,8.848477506262498e-14,2.220446049250313e-16,3.5571545708990016e-13,4,8,2184616.11112,34734.983586
2024-09-02 15:00:00,schloemer,L85,79,98,71.89634499486108,4.053091195999059e-12,2.4345417903859357e-09,1.949254657684918e-08,4,8,2184616.11112,34734.983586
2024-09-02 15:00:00,schloemer,L86,80,67,133.00606120095281,0.38020151100988886,0.9999673841046728,1.0,30,72,2186055.70436,34781.856812
2024-09-02 15:00:00,schloemer,L87,80,79,87.69134415968541,7.96102481714911e-08,0.06556131666560172,0.9907102326157895,28,69,2185981.58126,34779.386042
2024-09-02 15:00:00,schloemer,L88,81,82,58.33507018228293,7.771561172376096e-16,0.0,3.1086244689504383e-15,4,8,2184616.11112,34734.983586
2024-09-02 15:00:00,schloemer,L89,81,95,64.18203482283315,2.8754776337791554e-14,0.0,1.1501910535116622e-13,4,8,2184616.11112,34734.983586
2024-09-02 15:00:00,schloemer,L90,93,95,59.63002879177259,1.6653345369377348e-15,0.0,6.661338147750939e-15,4,8,2184616.11112,34734.983586
2024-09-02 15:00:00,schloemer,L91,95,96,61.77534448641574,6.439293542825908e-15,0.0,2.5757174171303632e-14,4,8,2184616.11112,34734.983586
2024-09-02 15:00:00,schloemer,L92,115,67,142.23561540951272,0.7107782830619986,0.9999971847017711,1.0,13,29,2185126.88168,34750.896056
2024-09-02 16:00:00,schloemer,L0,22,23,42.01358554353091,0.0,0.0,0.0,4,8,2184616.11112,34734.983586
2024-09-02 16:00:00,schloemer,L1,23,69,49.89094352348459,0.0,0.0,0.0,4,8,2184616.11112,34734.983586
2024-09-02 16:00:00,schloemer,L2,23,71,43.093167016192204,0.0,0.0,0.0,4,8,2184616.11112,34734.983586
2024-09-02 16:00:00,schloemer,L3,29,37,82.62893314482963,3.849599194971631e-09,0.0037518908334297496,0.029623938199734523,4,8,2184616.11112,34734.983586
2024-09-02 16:00:00,schloemer,L4,32,36,87.28362147777997,6.47108074902647e-08,0.05574778255395396,0.36801903947558345,4,8,2184616.11112,34734.983586
2024-09-02 16:00:00,schloemer,L5,33,36,95.82026893692054,7.286645954618365e-06,0.5154989688682148,0.9969636978500119,4,8,2184616.11112,34734.983586
2024-09-02 16:00:00,schloemer,L6,33,42,106.68132660117371,0.0009539544445854586,0.9463681409574072,0.9999999999318093,4,8,2184616.11112,34734.983586
2024-09-02 16:00:00,schloemer,L7,34,36,81.08794180162174,1.471187505153182e-09,0.001079753697107444,0.008605461506222434,4,8,2184616.11112,34734.983586
2024-09-02 16:00:00,schloemer,L8,36,38,96.75532043683276,1.1701846686529294e-05,0.5768633821538002,0.9989723989133367,4,8,2184616.11112,34734.983586
2024-09-02 16:00:00,schloemer,L9,36,39,106.39403208287385,0.0008542069037796862,0.9423498177546712,0.9999999998784035,4,8,2184616.11112,34734.983586
2024-09-02 16:00:00,schloemer,L10,37,36,94.12298679641263,2.9477744373229697e-06,0.3985960568685538,0.9999999999748838,20,48,2185542.33716,34764.744572
2024-09-02 16:00:00,schloemer,L11,37,64,104.07544689093207,0.0003373228493650515,0.8989241852650673,0.9999999891209264,4,8,2184616.11112,34734.983586
2024-09-02 16:00:00,schloemer,L12,38,39,113.3532357125888,0.009258720021552147,0.9911060805060987,1.0,4,8,2184616.11112,34734.983586
2024-09-02 16:00:00,schloemer,L13,39,40,133.80897706185337,0.4134361648084366,0.9999741450533225,1.0,4,8,2184616.11112,34734.983586
2024-09-02 16:00:00,schloemer,L14,39,41,133.20593743132582,0.3909289771605413,0.9999694980249614,1.0,4,8,2184616.11112,34734.983586
2024-09-02 16:00:00,schloemer,L15,40,41,136.22813447221083,0.5045143592756915,0.9999865705759297,1.0,4,8,2184616.11112,34734.983586
2024-09-02 16:00:00,schloemer,L16,41,48,102.40684376777641,0.00016585846572902962,0.8526748173969438,0.9999997782172547,4,8,2184616.11112,34734.983586
2024-09-02 16:00:00,schloemer,L17,41,48,102.40684376777641,0.00016585846572902962,0.8526748173969438,0.9999997782172547,4,8,2184616.11112,34734.983586
2024-09-02 16:00:00,schloemer,L18,42,43,114.53189061626549,0.01305679414423,0.9936312319931597,1.0,4,8,2184616.11112,34734.983586
2024-09-02 16:00:00,schloemer,L19,43,44,104.15846764508757,0.0003491373860050606,0.9008645591269351,0.9999999906840978,4,8,2184616.11112,34734.983586
2024-09-02 16:00:00,schloemer,L20,44,45,87.42588540590953,7.037609894844365e-08,0.059286362949062976,0.3867191606548207,4,8,2184616.11112,34734.983586
2024-09-02 16:00:00,schloemer,L21,44,48,87.6232149945881,7.904441889916569e-08,0.06445578414392839,0.41316716366586936,4,8,2184616.11112,34734.983586
2024-09-02 16:00:00,schloemer,L22,45,46,81.9419553779562,2.5107786960631984e-09,0.0022077935895943313,0.017526477700272047,4,8,2184616.11112,34734.983586
2024-09-02 16:00:00,schloemer,L23,45,47,75.42807314920701,3.978817275651636e-11,1.3883370705292108e-06,1.1106801745874861e-05,4,8,2184616.11112,34734.983586
2024-09-02 16:00:00,schloemer,L24,46,48,83.64151531578774,7.194465134752193e-09,0.00765629404760404,0.059633945870821714,4,8,2184616.11112,34734.983586
2024-09-02 16:00:00,schloemer,L25,46,68,84.0430456706761,9.204304096677163e-09,0.00994543080393362,0.07684836459853328,4,8,2184616.11112,34734.983586
2024-09-02 16:00:00,schloemer,L26,47,48,76.14705514075465,6.3239524727976e-11,4.007036477737813e-06,3.205609519796315e-05,4,8,2184616.11112,34734.983586
2024-09-02 16:00:00,schloemer,L27,48,49,72.08552885050449,4.5811132665107834e-12,3.6062360875277477e-09,2.8868212820221117e-08,4,8,2184616.11112,34734.983586
2024-09-02 16:00:00,schloemer,L28,48,50,67.93508018221168,3.143041382713818e-13,1.2567724638756772e-13,2.262634524186069e-12,4,8,2184616.11112,34734.983586
2024-09-02 16:00:00,schloemer,L29,48,53,68.8564014966035,5.685452109105427e-13,1.688205131245013e-12,1.5779821893602275e-11,4,8,2184616.11112,34734.983586
2024-09-02 16:00:00,schloemer,L30,48,53,68.8564014966035,5.685452109105427e-13,1.688205131245013e-12,1.5779821893602275e-11,4,8,2184616.11112,34734.983586
2024-09-02 16:00:00,schloemer,L31,48,65,83.20465696077068,5.497086452699307e-09,0.005682780478538096,0.044568237435385405,4,8,2184616.11112,34734.983586
2024-09-02 16:00:00,schloemer,L32,48,65,83.20465696077068,5.497086452699307e-09,0.005682780478538096,0.044568237435385405,4,8,2184616.11112,34734.983586
2024-09-02 16:00:00,schloemer,L33,48,68,87.26101617526753,6.385268935815702e-08,0.055199822939834164,0.3650791090068357,4,8,2184616.11112,34734.983586
2024-09-02 16:00:00,schloemer,L34,49,56,59.43904892886065,1.5543122344752192e-15,0.0,6.217248937900877e-15,4,8,2184616.11112,34734.983586
2024-09-02 16:00:00,schloemer,L35,50,51,52.98271168089437,0.0,0.0,0.0,4,8,2184616.11112,34734.983586
2024-09-02 16:00:00,schloemer,L36,50,57,54.35554042177612,1.1102230246251565e-16,0.0,4.440892098500626e-16,4,8,2184616.11112,34734.983586
2024-09-02 16:00:00,schloemer,L37,51,52,48.72031552949915,0.0,0.0,0.0,4,8,2184616.11112,34734.983586
2024-09-02 16:00:00,schloemer,L38,52,53,53.20115174623038,0.0,0.0,0.0,4,8,2184616.11112,34734.983586
2024-09-02 16:00:00,schloemer,L39,53,54,54.819248345288756,1.1102230246251565e-16,0.0,4.440892098500626e-16,4,8,2184616.11112,34734.983586
2024-09-02 16:00:00,schloemer,L40,53,55,55.30729377852884,1.1102230246251565e-16,0.0,4.440892098500626e-16,4,8,2184616.11112,34734.983586
2024-09-02 16:00:00,schloemer,L41,53,58,56.96853865579996,3.3306690738754696e-16,0.0,1.3322676295501878e-15,4,8,2184616.11112,34734.983586
2024-09-02 16:00:00,schloemer,L42,54,55,51.826881046026024,0.0,0.0,0.0,4,8,2184616.11112,34734.983586
2024-09-02 16:00:00,schloemer,L43,54,58,53.04991481791033,0.0,0.0,0.0,4,8,2184616.11112,34734.983586
2024-09-02 16:00:00,schloemer,L44,55,56,53.71419296038168,0.0,0.0,0.0,4,8,2184616.11112,34734.983586
2024-09-02 16:00:00,schloemer,L45,55,57,51.73768161668869,0.0,0.0,0.0,4,8,2184616.11112,34734.983586
2024-09-02 16:00:00,schloemer,L46,55,58,53.72198979698159,0.0,0.0,0.0,4,8,2184616.11112,34734.983586
2024-09-02 16:00:00,schloemer,L47,55,58,53.72198979698159,0.0,0.0,0.0,4,8,2184616.11112,34734.983586
2024-09-02 16:00:00,schloemer,L48,58,59,54.514219597168214,1.1102230246251565e-16,0.0,4.440892098500626e-16,4,8,2184616.11112,34734.983586
2024-09-02 16:00:00,schloemer,L49,58,60,56.72644763291151,3.3306690738754696e-16,0.0,1.3322676295501878e-15,4,8,2184616.11112,34734.983586
2024-09-02 16:00:00,schloemer,L50,59,60,56.000092006551256,2.220446049250313e-16,0.0,8.881784197001252e-16,4,8,2184616.11112,34734.983586
2024-09-02 16:00:00,schloemer,L51,59,61,58.46415081507178,8.881784197001252e-16,0.0,3.552713678800501e-15,4,8,2184616.11112,34734.983586
2024-09-02 16:00:00,schloemer,L52,60,61,60.99663162704309,3.9968028886505635e-15,0.0,1.5987211554602254e-14,4,8,2184616.11112,34734.983586
2024-09-02 16:00:00,schloemer,L53,61,65,71.59177020402247,3.3278935163139067e-12,1.2756008471725977e-09,1.0218118351446037e-08,4,8,2184616.11112,34734.983586
2024-09-02 16:00:00,schloemer,L54,61,66,67.11410714292367,1.8562928971732617e-13,1.0436096431476471e-14,8.260059303211165e-13,4,8,2184616.11112,34734.983586
2024-09-02 16:00:00,schloemer,L55,62,58,56.967622560613954,3.3306690738754696e-16,0.0,4.3298697960381105e-15,13,30,2185148.89802,34751.629934
2024-09-02 16:00:00,schloemer,L56,62,63,65.06877398070681,5.040412531798211e-14,0.0,2.0161650127192843e-13,4,8,2184616.11112,34734.983586
2024-09-02 16:00:00,schloemer,L57,63,60,64.56340562051923,3.597122599785507e-14,0.0,7.194245199571014e-13,20,47,2185512.78098,34763.759366
2024-09-02 16:00:00,schloemer,L58,63,64,86.78220789217794,4.808293607716507e-08,0.044488136872789186,0.30515396503486647,4,8,2184616.11112,34734.983586
2024-09-02 16:00:00,schloemer,L59,64,65,92.52275203802732,1.246877637695043e-06,0.2924330748430817,0.9999999385063439,20,48,2185545.98792,34764.866264
2024-09-02 16:00:00,schloemer,L60,64,67,129.2401077310841,0.24850658877855702,0.9999064390980751,1.0,38,93,2186503.81292,34796.793764
2024-09-02 16:00:00,schloemer,L61,65,66,75.76973051686933,4.959399557691313e-11,2.317895116843438e-06,1.8543208873955663e-05,4,8,2184616.11112,34734.983586
2024-09-02 16:00:00,schloemer,L62,67,68,101.42792829957378,0.00010457412371500663,0.8172760743580121,1.0,28,68,2185978.45538,34779.281846
2024-09-02 16:00:00,schloemer,L63,68,69,66.97354788896328,1.6964207816272392e-13,6.772360450213455e-15,7.327471962526033e-13,4,8,2184616.11112,34734.983586
2024-09-02 16:00:00,schloemer,L64,68,74,73.58322676065193,1.2078338329502003e-11,6.485793024868514e-08,5.189116375481362e-07,4,8,2184616.11112,34734.983586
2024-09-02 16:00:00,schloemer,L65,68,76,79.34096752720346,4.88096563167062e-10,0.00020226651284882546,0.0016169889865247367,4,8,2184616.11112,34734.983586
2024-09-02 16:00:00,schloemer,L66,69,70,50.13334721161275,0.0,0.0,0.0,4,8,2184616.11112,34734.983586
2024-09-02 16:00:00,schloemer,L67,69,73,56.150638929381735,2.220446049250313e-16,0.0,8.881784197001252e-16,4,8,2184616.11112,34734.983586
2024-09-02 16:00:00,schloemer,L68,69,74,60.55053268592262,2.9976021664879227e-15,0.0,1.199040866595169e-14,4,8,2184616.11112,34734.983586
2024-09-02 16:00:00,schloemer,L69,70,71,43.238625231135245,0.0,0.0,0.0,4,8,2184616.11112,34734.983586
2024-09-02 16:00:00,schloemer,L70,70,72,42.48712951998441,0.0,0.0,0.0,4,8,2184616.11112,34734.983586
2024-09-02 16:00:00,schloemer,L71,73,74,60.484330621973704,2.886579864025407e-15,0.0,1.1546319456101628e-14,4,8,2184616.11112,34734.983586
2024-09-02 16:00:00,schloemer,L72,74,76,69.2447264288031,7.301936832959655e-13,4.760525307290209e-12,4.100497719150553e-11,4,8,2184616.11112,34734.983586
2024-09-02 16:00:00,schloemer,L73,74,117,61.67658444291023,5.995204332975845e-15,0.0,2.398081733190338e-14,4,8,2184616.11112,34734.983586
2024-09-02 16:00:00,schloemer,L74,75,76,65.54248853843481,6.816769371198461e-14,0.0,2.7267077484793845e-13,4,8,2184616.11112,34734.983586
2024-09-02 16:00:00,schloemer,L75,75,117,59.171588545456096,1.3322676295501878e-15,0.0,5.329070518200751e-15,4,8,2184616.11112,34734.983586
2024-09-02 16:00:00,schloemer,L76,76,77,66.4625531388921,1.2245759961615477e-13,1.3322676295501878e-15,5.004885395010206e-13,4,8,2184616.11112,34734.983586
2024-09-02 16:00:00,schloemer,L77,76,79,72.76037554840046,7.091105480583337e-12,1.3904663198616163e-08,1.1126566457075882e-07,4,8,2184616.11112,34734.983586
2024-09-02 16:00:00,schloemer,L78,76,79,72.76037554840046,7.091105480583337e-12,1.3904663198616163e-08,1.1126566457075882e-07,4,8,2184616.11112,34734.983586
2024-09-02 16:00:00,schloemer,L79,76,81,68.01535581595088,3.3095748364075916e-13,1.588729148238599e-13,2.594813253153916e-12,4,8,2184616.11112,34734.983586
2024-09-02 16:00:00,schloemer,L80,77,78,61.00846996879491,3.9968028886505635e-15,0.0,1.5987211554602254e-14,4,8,2184616.11112,34734.983586
2024-09-02 16:00:00,schloemer,L81,78,79,65.4235983145119,6.317169010117141e-14,0.0,2.5268676040468563e-13,4,8,2184616.11112,34734.983586
2024-09-02 16:00:00,schloemer,L82,79,95,67.31169151798804,2.107203300738547e-13,1.9317880628477724e-14,9.974243653232406e-13,4,8,2184616.11112,34734.983586
2024-09-02 16:00:00,schloemer,L83,79,96,65.6742264171604,7.405187574249794e-14,1.1102230246251565e-16,2.970956813896919e-13,4,8,2184616.11112,34734.983586
2024-09-02 16:00:00,schloemer,L84,79,97,65.06580656396642,5.029310301551959e-14,0.0,2.0117241206207837e-13,4,8,2184616.11112,34734.983586
2024-09-02 16:00:00,schloemer,L85,79,98,71.43542400827151,3.0077051960120116e-12,9.093050756803223e-10,7.286471426226626e-09,4,8,2184616.11112,34734.983586
2024-09-02 16:00:00,schloemer,L86,80,67,120.01091193755244,0.05092794739366291,0.998673605464697,1.0,30,72,2186055.70436,34781.856812
2024-09-02 16:00:00,schloemer,L87,80,79,84.6702383385728,1.3061041248541017e-08,0.014399515872201896,0.6324110029635988,28,69,2185981.58126,34779.386042
2024-09-02 16:00:00,schloemer,L88,81,82,57.40698455779702,4.440892098500626e-16,0.0,1.7763568394002505e-15,4,8,2184616.11112,34734.983586
2024-09-02 16:00:00,schloemer,L89,81,95,63.523533654399316,1.8984813721090177e-14,0.0,7.593925488436071e-14,4,8,2184616.11112,34734.983586
2024-09-02 16:00:00,schloemer,L90,93,95,60.3082037837871,2.55351295663786e-15,0.0,1.021405182655144e-14,4,8,2184616.11112,34734.983586
2024-09-02 16:00:00,schloemer,L91,95,96,61.81034191753393,6.5503158452884236e-15,0.0,2.6201263381153694e-14,4,8,2184616.11112,34734.983586
2024-09-02 16:00:00,schloemer,L92,115,67,130.04168577275172,0.27741463339379013,0.9999261966124817,1.0,13,29,2185126.88168,34750.896056
2024-09-02 17:00:00,schloemer,L0,22,23,40.1876727310072,0.0,0.0,0.0,4,8,2184616.11112,34734.983586
2024-09-02 17:00:00,schloemer,L1,23,69,47.236350701394045,0.0,0.0,0.0,4,8,2184616.11112,34734.983586
2024-09-02 17:00:00,schloemer,L2,23,71,41.199471116363064,0.0,0.0,0.0,4,8,2184616.11112,34734.983586
2024-09-02 17:00:00,schloemer,L3,29,37,87.92085027517155,9.412699664146373e-08,0.07284078648122261,0.45394752012519224,4,8,2184616.11112,34734.983586
2024-09-02 17:00:00,schloemer,L4,32,36,98.11614136644536,2.291778569452063e-05,0.6598950151470345,0.9998209954104724,4,8,2184616.11112,34734.983586
2024-09-02 17:00:00,schloemer,L5,33,36,105.31906241867172,0.0005598925408553113,0.9248329688089433,0.9999999989831748,4,8,2184616.11112,34734.983586
2024-09-02 17:00:00,schloemer,L6,33,42,112.03913211878644,0.006184666325377508,0.9871495610433448,0.9999999999999992,4,8,2184616.11112,34734.983586
2024-09-02 17:00:00,schloemer,L7,34,36,90.156804677695,3.416239668929677e-07,0.15961803303575905,0.7512212943198676,4,8,2184616.11112,34734.983586
2024-09-02 17:00:00,schloemer,L8,36,38,108.77767259677957,0.0020694502272727844,0.9688195038626229,0.9999999999991139,4,8,2184616.11112,34734.983586
2024-09-02 17:00:00,schloemer,L9,36,39,117.67119727591803,0.0300431580170476,0.9974155364866663,1.0,4,8,2184616.11112,34734.983586
2024-09-02 17:00:00,schloemer,L10,37,36,102.11875137318259,0.00014343820515849703,0.8424520980958601,1.0,20,48,2185542.33716,34764.744572
2024-09-02 17:00:00,schloemer,L11,37,64,104.77376575623272,0.0004494102720591364,0.9142812897413489,0.9999999970904613,4,8,2184616.11112,34734.983586
2024-09-02 17:00:00,schloemer,L12,38,39,126.61543081743385,0.1752102041750474,0.9998057496771624,1.0,4,8,2184616.11112,34734.983586
2024-09-02 17:00:00,schloemer,L13,39,40,137.87204534687103,0.5653293354509217,0.9999913289118181,1.0,4,8,2184616.11112,34734.983586
2024-09-02 17:00:00,schloemer,L14,39,41,132.04295337845988,0.348252427911266,0.9999579568030759,1.0,4,8,2184616.11112,34734.983586
2024-09-02 17:00:00,schloemer,L15,40,41,131.59743840144333,0.332249918701647,0.9999524228511191,1.0,4,8,2184616.11112,34734.983586
2024-09-02 17:00:00,schloemer,L16,41,48,93.27624016441742,1.9164430182794234e-06,0.34281611912397436,0.9652069987693384,4,8,2184616.11112,34734.983586
2024-09-02 17:00:00,schloemer,L17,41,48,93.27624016441742,1.9164430182794234e-06,0.34281611912397436,0.9652069987693384,4,8,2184616.11112,34734.983586
2024-09-02 17:00:00,schloemer,L18,42,43,110.66945438978988,0.003969284227247516,0.9812548356443802,0.999999999999985,4,8,2184616.11112,34734.983586
2024-09-02 17:00:00,schloemer,L19,43,44,95.17748878826296,5.232824526246738e-06,0.47203525295894744,0.993962873028274,4,8,2184616.11112,34734.983586
2024-09-02 17:00:00,schloemer,L20,44,45,79.36580541430887,4.95854912685445e-10,0.00020758364676132235,0.001659465107836544,4,8,2184616.11112,34734.983586
2024-09-02 17:00:00,schloemer,L21,44,48,80.07673522243488,7.779732413837337e-10,0.00042472213278721416,0.0033927335628822775,4,8,2184616.11112,34734.983586
2024-09-02 17:00:00,schloemer,L22,45,46,74.30244525119807,1.923250447788405e-11,2.2773200036851904e-07,1.8219314806833253e-06,4,8,2184616.11112,34734.983586
2024-09-02 17:00:00,schloemer,L23,45,47,69.19090024942047,7.05324687544362e-13,4.1315839638400575e-12,3.587397046089791e-11,4,8,2184616.11112,34734.983586
2024-09-02 17:00:00,schloemer,L24,46,48,75.9795923233829,5.6774585033281255e-11,3.150292373632624e-06,2.5202288201797707e-05,4,8,2184616.11112,34734.983586
2024-09-02 17:00:00,schloemer,L25,46,68,75.73820398763375,4.859646018928743e-11,2.2123233511806006e-06,1.7698644149910514e-05,4,8,2184616.11112,34734.983586
2024-09-02 17:00:00,schloemer,L26,47,48,70.0912236452262,1.2611023336717153e-12,4.071376569214635e-11,3.307545348718577e-10,4,8,2184616.11112,34734.983586
2024-09-02 17:00:00,schloemer,L27,48,49,67.16587714866449,1.9195756095768957e-13,1.2323475573339238e-14,8.664180484174722e-13,4,8,2184616.11112,34734.983586
2024-09-02 17:00:00,schloemer,L28,48,50,63.51965004025763,1.8984813721090177e-14,0.0,7.593925488436071e-14,4,8,2184616.11112,34734.983586
2024-09-02 17:00:00,schloemer,L29,48,53,64.84797573231678,4.3853809472693683e-14,0.0,1.7541523789077473e-13,4,8,2184616.11112,34734.983586
2024-09-02 17:00:00,schloemer,L30,48,53,64.84797573231678,4.3853809472693683e-14,0.0,1.7541523789077473e-13,4,8,2184616.11112,34734.983586
2024-09-02 17:00:00,schloemer,L31,48,65,77.74052690721555,1.7591905709934963e-10,3.2976539151241546e-05,0.00026378257004888717,4,8,2184616.11112,34734.983586
2024-09-02 17:00:00,schloemer,L32,48,65,77.74052690721555,1.7591905709934963e-10,3.2976539151241546e-05,0.00026378257004888717,4,8,2184616.11112,34734.983586
2024-09-02 17:00:00,schloemer,L33,48,68,78.4885690645856,2.837268198163656e-10,7.976788613428543e-05,0.0006379660900395212,4,8,2184616.11112,34734.983586
2024-09-02 17:00:00,schloemer,L34,49,56,56.464284339822974,2.220446049250313e-16,0.0,8.881784197001252e-16,4,8,2184616.11112,34734.983586
2024-09-02 17:00:00,schloemer,L35,50,51,50.49337103563968,0.0,0.0,0.0,4,8,2184616.11112,34734.983586
2024-09-02 17:00:00,schloemer,L36,50,57,51.83126776448168,0.0,0.0,0.0,4,8,2184616.11112,34734.983586
2024-09-02 17:00:00,schloemer,L37,51,52,46.824414642872306,0.0,0.0,0.0,4,8,2184616.11112,34734.983586
2024-09-02 17:00:00,schloemer,L38,52,53,51.147356308711544,0.0,0.0,0.0,4,8,2184616.11112,34734.983586
2024-09-02 17:00:00,schloemer,L39,53,54,52.95875850458092,0.0,0.0,0.0,4,8,2184616.11112,34734.983586
2024-09-02 17:00:00,schloemer,L40,53,55,53.25407956881414,0.0,0.0,0.0,4,8,2184616.11112,34734.983586
2024-09-02 17:00:00,schloemer,L41,53,58,55.10142333401802,1.1102230246251565e-16,0.0,4.440892098500626e-16,4,8,2184616.11112,34734.983586
2024-09-02 17:00:00,schloemer,L42,54,55,50.24730633254455,0.0,0.0,0.0,4,8,2184616.11112,34734.983586
2024-09-02 17:00:00,schloemer,L43,54,58,51.66699811638838,0.0,0.0,0.0,4,8,2184616.11112,34734.983586
2024-09-02 17:00:00,schloemer,L44,55,56,51.65957974293552,0.0,0.0,0.0,4,8,2184616.11112,34734.983586
2024-09-02 17:00:00,schloemer,L45,55,57,49.80864180878427,0.0,0.0,0.0,4,8,2184616.11112,34734.983586
2024-09-02 17:00:00,schloemer,L46,55,58,52.14536765286262,0.0,0.0,0.0,4,8,2184616.11112,34734.983586
2024-09-02 17:00:00,schloemer,L47,55,58,52.14536765286262,0.0,0.0,0.0,4,8,2184616.11112,34734.983586
2024-09-02 17:00:00,schloemer,L48,58,59,53.554272891340595,0.0,0.0,0.0,4,8,2184616.11112,34734.983586
2024-09-02 17:00:00,schloemer,L49,58,60,55.642877559360414,1.1102230246251565e-16,0.0,4.440892098500626e-16,4,8,2184616.11112,34734.983586
2024-09-02 17:00:00,schloemer,L50,59,60,55.344643865134614,1.1102230246251565e-16,0.0,4.440892098500626e-16,4,8,2184616.11112,34734.983586
2024-09-02 17:00:00,schloemer,L51,59,61,57.730249504903355,5.551115123125783e-16,0.0,2.220446049250313e-15,4,8,2184616.11112,34734.983586
2024-09-02 17:00:00,schloemer,L52,60,61,60.169122527421266,2.3314683517128287e-15,0.0,9.325873406851315e-15,4,8,2184616.11112,34734.983586
2024-09-02 17:00:00,schloemer,L53,61,65,69.73187408689894,9.99866855977416e-13,1.6678658454338802e-11,1.3742873505862008e-10,4,8,2184616.11112,34734.983586
2024-09-02 17:00:00,schloemer,L54,61,66,66.23880699445144,1.0613732115416497e-13,6.661338147750939e-16,4.298783551348606e-13,4,8,2184616.11112,34734.983586
2024-09-02 17:00:00,schloemer,L55,62,58,55.7240189082292,1.1102230246251565e-16,0.0,1.4432899320127035e-15,13,30,2185148.89802,34751.629934
2024-09-02 17:00:00,schloemer,L56,62,63,63.749583556940735,2.1871393585115584e-14,0.0,8.748557434046234e-14,4,8,2184616.11112,34734.983586
2024-09-02 17:00:00,schloemer,L57,63,60,63.49816304013354,1.84297022087776e-14,0.0,3.6859404417555197e-13,20,47,2185512.78098,34763.759366
2024-09-02 17:00:00,schloemer,L58,63,64,84.07393957898093,9.380064169839386e-09,0.010142755925210856,0.07831926589089222,4,8,2184616.11112,34734.983586
2024-09-02 17:00:00,schloemer,L59,64,65,88.34864751457515,1.181933213523223e-07,0.08554866380659687,0.9863319135298407,20,48,2185545.98792,34764.866264
2024-09-02 17:00:00,schloemer,L60,64,67,116.51946727786466,0.02183681419132677,0.996343545178067,1.0,38,93,2186503.81292,34796.793764
2024-09-02 17:00:00,schloemer,L61,65,66,73.85466996322285,1.4397150138734105e-11,1.0519631998828771e-07,8.416278386436105e-07,4,8,2184616.11112,34734.983586
2024-09-02 17:00:00,schloemer,L62,67,68,89.84938914035921,2.7764409971098303e-07,0.1439077262666133,0.9999742132923417,28,68,2185978.45538,34779.281846
2024-09-02 17:00:00,schloemer,L63,68,69,61.92486494978872,6.994405055138486e-15,0.0,2.7977620220553945e-14,4,8,2184616.11112,34734.983586
2024-09-02 17:00:00,schloemer,L64,68,74,67.59987776692574,2.5346391652192324e-13,4.651834473179406e-14,1.3860024239420454e-12,4,8,2184616.11112,34734.983586
2024-09-02 17:00:00,schloemer,L65,68,76,72.8782141471089,7.653100375648592e-12,1.7457015499822148e-08,1.396867278513625e-07,4,8,2184616.11112,34734.983586
2024-09-02 17:00:00,schloemer,L66,69,70,47.51810283149623,0.0,0.0,0.0,4,8,2184616.11112,34734.983586
2024-09-02 17:00:00,schloemer,L67,69,73,52.80620026857584,0.0,0.0,0.0,4,8,2184616.11112,34734.983586
2024-09-02 17:00:00,schloemer,L68,69,74,56.63666733347628,3.3306690738754696e-16,0.0,1.3322676295501878e-15,4,8,2184616.11112,34734.983586
2024-09-02 17:00:00,schloemer,L69,70,71,41.376454448321994,0.0,0.0,0.0,4,8,2184616.11112,34734.983586
2024-09-02 17:00:00,schloemer,L70,70,72,40.75414912323111,0.0,0.0,0.0,4,8,2184616.11112,34734.983586
2024-09-02 17:00:00,schloemer,L71,73,74,56.67932057836555,3.3306690738754696e-16,0.0,1.3322676295501878e-15,4,8,2184616.11112,34734.983586
2024-09-02 17:00:00,schloemer,L72,74,76,64.66964838199362,3.9190872769268026e-14,0.0,1.567634910770721e-13,4,8,2184616.11112,34734.983586
2024-09-02 17:00:00,schloemer,L73,74,117,57.9118559967263,5.551115123125783e-16,0.0,2.220446049250313e-15,4,8,2184616.11112,34734.983586
2024-09-02 17:00:00,schloemer,L74,75,76,61.94131638547164,7.105427357601002e-15,0.0,2.842170943040401e-14,4,8,2184616.11112,34734.983586
2024-09-02 17:00:00,schloemer,L75,75,117,56.04775527552967,2.220446049250313e-16,0.0,8.881784197001252e-16,4,8,2184616.11112,34734.983586
2024-09-02 17:00:00,schloemer,L76,76,77,63.17973307819344,1.532107773982716e-14,0.0,6.128431095930864e-14,4,8,2184616.11112,34734.983586
2024-09-02 17:00:00,schloemer,L77,76,79,69.38154659690338,7.975842208907125e-13,6.805112029439897e-12,5.7631233119082026e-11,4,8,2184616.11112,34734.983586
2024-09-02 17:00:00,schloemer,L78,76,79,69.38154659690338,7.975842208907125e-13,6.805112029439897e-12,5.7631233119082026e-11,4,8,2184616.11112,34734.983586
2024-09-02 17:00:00,schloemer,L79,76,81,65.07361751370259,5.062616992290714e-14,0.0,2.0250467969162855e-13,4,8,2184616.11112,34734.983586
2024-09-02 17:00:00,schloemer,L80,77,78,58.854608973609984,1.1102230246251565e-15,0.0,4.440892098500626e-15,4,8,2184616.11112,34734.983586
2024-09-02 17:00:00,schloemer,L81,78,79,63.46850877929146,1.84297022087776e-14,0.0,7.37188088351104e-14,4,8,2184616.11112,34734.983586
2024-09-02 17:00:00,schloemer,L82,79,95,66.1808688855275,1.0225154056797692e-13,5.551115123125783e-16,4.134470543704083e-13,4,8,2184616.11112,34734.983586
2024-09-02 17:00:00,schloemer,L83,79,96,64.55813701958448,3.652633751016765e-14,0.0,1.461053500406706e-13,4,8,2184616.11112,34734.983586
2024-09-02 17:00:00,schloemer,L84,79,97,63.70904667995211,2.1316282072803006e-14,0.0,8.526512829121202e-14,4,8,2184616.11112,34734.983586
2024-09-02 17:00:00,schloemer,L85,79,98,70.21023469672002,1.361799562005217e-12,5.439071415480612e-11,4.405729114864698e-10,4,8,2184616.11112,34734.983586
2024-09-02 17:00:00,schloemer,L86,80,67,106.889732528233,0.0010049285243910466,0.9486674079125089,1.0,30,72,2186055.70436,34781.856812
2024-09-02 17:00:00,schloemer,L87,80,79,80.74126441275723,1.1453084036716632e-09,0.000774759455346441,0.05207429863995505,28,69,2185981.58126,34779.386042
2024-09-02 17:00:00,schloemer,L88,81,82,56.23846706901054,2.220446049250313e-16,0.0,8.881784197001252e-16,4,8,2184616.11112,34734.983586
2024-09-02 17:00:00,schloemer,L89,81,95,62.4137750033513,9.547918011776346e-15,0.0,3.8191672047105385e-14,4,8,2184616.11112,34734.983586
2024-09-02 17:00:00,schloemer,L90,93,95,60.533730547662024,2.9976021664879227e-15,0.0,1.199040866595169e-14,4,8,2184616.11112,34734.983586
2024-09-02 17:00:00,schloemer,L91,95,96,61.37447241370313,4.9960036108132044e-15,0.0,1.9984014443252818e-14,4,8,2184616.11112,34734.983586
2024-09-02 17:00:00,schloemer,L92,115,67,114.12318553533187,0.011524559622170583,0.9928195659341361,1.0,13,29,2185126.88168,34750.896056
2024-09-02 18:00:00,schloemer,L0,22,23,38.63801774034336,0.0,0.0,0.0,4,8,2184616.11112,34734.983586
2024-09-02 18:00:00,schloemer,L1,23,69,44.99255433300751,0.0,0.0,0.0,4,8,2184616.11112,34734.983586
2024-09-02 18:00:00,schloemer,L2,23,71,39.58723070880547,0.0,0.0,0.0,4,8,2184616.11112,34734.983586
2024-09-02 18:00:00,schloemer,L3,29,37,91.95992994770108,9.360390503809768e-07,0.25860990550060425,0.908720635475202,4,8,2184616.11112,34734.983586
2024-09-02 18:00:00,schloemer,L4,32,36,109.80220174545121,0.00296122586812253,0.976282405339844,0.9999999999999011,4,8,2184616.11112,34734.983586
2024-09-02 18:00:00,schloemer,L5,33,36,113.2928714214992,0.009092959813860046,0.990953481435945,1.0,4,8,2184616.11112,34734.983586
2024-09-02 18:00:00,schloemer,L6,33,42,113.50455660217706,0.00968573333775069,0.991477752058025,1.0,4,8,2184616.11112,34734.983586
2024-09-02 18:00:00,schloemer,L7,34,36,99.84947811391466,5.233059493647829e-05,0.7512026515889245,0.9999853217233098,4,8,2184616.11112,34734.983586
2024-09-02 18:00:00,schloemer,L8,36,38,120.44647451633443,0.05699185421684183,0.9988445816169715,1.0,4,8,2184616.11112,34734.983586
2024-09-02 18:00:00,schloemer,L9,36,39,125.96427640808886,0.1584933413305165,0.9997658905164178,1.0,4,8,2184616.11112,34734.983586
2024-09-02 18:00:00,schloemer,L10,37,36,108.2917397468741,0.001708972673774789,0.9643507037237594,1.0,20,48,2185542.33716,34764.744572
2024-09-02 18:00:00,schloemer,L11,37,64,102.38692313228138,0.0001644248364773837,0.8520336111491883,0.999999770375121,4,8,2184616.11112,34734.983586
2024-09-02 18:00:00,schloemer,L12,38,39,135.29117832943373,0.4692602349942455,0.9999827192023336,1.0,4,8,2184616.11112,34734.983586
2024-09-02 18:00:00,schloemer,L13,39,40,135.87235644498378,0.49115566307812797,0.9999852247130272,1.0,4,8,2184616.11112,34734.983586
2024-09-02 18:00:00,schloemer,L14,39,41,125.80530153046331,0.15456409338926047,0.9997549567875772,1.0,4,8,2184616.11112,34734.983586
2024-09-02 18:00:00,schloemer,L15,40,41,122.3071240626359,0.08340728758267257,0.9993268685072325,1.0,4,8,2184616.11112,34734.983586
2024-09-02 18:00:00,schloemer,L16,41,48,85.11230452211736,1.7653322803568017e-08,0.018893885567381474,0.1415246530647719,4,8,2184616.11112,34734.983586
2024-09-02 18:00:00,schloemer,L17,41,48,85.11230452211736,1.7653322803568017e-08,0.018893885567381474,0.1415246530647719,4,8,2184616.11112,34734.983586
2024-09-02 18:00:00,schloemer,L18,42,43,104.16973032954904,0.0003507694105340242,0.9011253436291199,0.9999999908784122,4,8,2184616.11112,34734.983586
2024-09-02 18:00:00,schloemer,L19,43,44,86.93789950376402,5.273853298515263e-08,0.047786897918404625,0.32411449668905423,4,8,2184616.11112,34734.983586
2024-09-02 18:00:00,schloemer,L20,44,45,72.72216115317737,6.91779966643935e-12,1.290906914697132e-08,1.0330021971149961e-07,4,8,2184616.11112,34734.983586
2024-09-02 18:00:00,schloemer,L21,44,48,73.66059126810856,1.2698397888755153e-11,7.453320804984287e-08,5.963163024480522e-07,4,8,2184616.11112,34734.983586
2024-09-02 18:00:00,schloemer,L22,45,46,68.16580772874028,3.645972412869014e-13,2.454703107446221e-13,3.4221514511045825e-12,4,8,2184616.11112,34734.983586
2024-09-02 18:00:00,schloemer,L23,45,47,64.06001256179051,2.6645352591003757e-14,0.0,1.0658141036401503e-13,4,8,2184616.11112,34734.983586
2024-09-02 18:00:00,schloemer,L24,46,48,69.73888364420573,1.0044187703783791e-12,1.6975865158030956e-11,1.3982459634576117e-10,4,8,2184616.11112,34734.983586
2024-09-02 18:00:00,schloemer,L25,46,68,69.18498398484637,7.026601522852616e-13,4.067524095319186e-12,3.5350833371694534e-11,4,8,2184616.11112,34734.983586
2024-09-02 18:00:00,schloemer,L26,47,48,65.02021952980863,4.884981308350689e-14,0.0,1.9539925233402755e-13,4,8,2184616.11112,34734.983586
2024-09-02 18:00:00,schloemer,L27,48,49,62.884940512807894,1.27675647831893e-14,0.0,5.10702591327572e-14,4,8,2184616.11112,34734.983586
2024-09-02 18:00:00,schloemer,L28,48,50,59.68719242041953,1.7763568394002505e-15,0.0,7.105427357601002e-15,4,8,2184616.11112,34734.983586
2024-09-02 18:00:00,schloemer,L29,48,53,61.22431428594996,4.551914400963142e-15,0.0,1.8207657603852567e-14,4,8,2184616.11112,34734.983586
2024-09-02 18:00:00,schloemer,L30,48,53,61.22431428594996,4.551914400963142e-15,0.0,1.8207657603852567e-14,4,8,2184616.11112,34734.983586
2024-09-02 18:00:00,schloemer,L31,48,65,72.63970274093758,6.558198428763262e-12,1.098752855366314e-08,8.79264578923511e-08,4,8,2184616.11112,34734.983586
2024-09-02 18:00:00,schloemer,L32,48,65,72.63970274093758,6.558198428763262e-12,1.098752855366314e-08,8.79264578923511e-08,4,8,2184616.11112,34734.983586
2024-09-02 18:00:00,schloemer,L33,48,68,71.53948885101936,3.2172042807587786e-12,1.1396692478626846e-09,9.130222800024512e-09,4,8,2184616.11112,34734.983586
2024-09-02 18:00:00,schloemer,L34,49,56,53.788388597546614,0.0,0.0,0.0,4,8,2184616.11112,34734.983586
2024-09-02 18:00:00,schloemer,L35,50,51,48.295576408605015,0.0,0.0,0.0,4,8,2184616.11112,34734.983586
2024-09-02 18:00:00,schloemer,L36,50,57,49.579951976483784,0.0,0.0,0.0,4,8,2184616.11112,34734.983586
2024-09-02 18:00:00,schloemer,L37,51,52,45.122150851707175,0.0,0.0,0.0,4,8,2184616.11112,34734.983586
2024-09-02 18:00:00,schloemer,L38,52,53,49.247656387072176,0.0,0.0,0.0,4,8,2184616.11112,34734.983586
2024-09-02 18:00:00,schloemer,L39,53,54,51.16461834920566,0.0,0.0,0.0,4,8,2184616.11112,34734.983586
2024-09-02 18:00:00,schloemer,L40,53,55,51.30988356522928,0.0,0.0,0.0,4,8,2184616.11112,34734.983586
2024-09-02 18:00:00,schloemer,L41,53,58,53.254363697505326,0.0,0.0,0.0,4,8,2184616.11112,34734.983586
2024-09-02 18:00:00,schloemer,L42,54,55,48.72161167780698,0.0,0.0,0.0,4,8,2184616.11112,34734.983586
2024-09-02 18:00:00,schloemer,L43,54,58,50.267348484319825,0.0,0.0,0.0,4,8,2184616.11112,34734.983586
2024-09-02 18:00:00,schloemer,L44,55,56,49.74866044932059,0.0,0.0,0.0,4,8,2184616.11112,34734.983586
2024-09-02 18:00:00,schloemer,L45,55,57,48.027499167137314,0.0,0.0,0.0,4,8,2184616.11112,34734.983586
2024-09-02 18:00:00,schloemer,L46,55,58,50.58479533619078,0.0,0.0,0.0,4,8,2184616.11112,34734.983586
2024-09-02 18:00:00,schloemer,L47,55,58,50.58479533619078,0.0,0.0,0.0,4,8,2184616.11112,34734.983586
2024-09-02 18:00:00,schloemer,L48,58,59,52.45878505215964,0.0,0.0,0.0,4,8,2184616.11112,34734.983586
2024-09-02 18:00:00,schloemer,L49,58,60,54.40015664104464,1.1102230246251565e-16,0.0,4.440892098500626e-16,4,8,2184616.11112,34734.983586
2024-09-02 18:00:00,schloemer,L50,59,60,54.467381306631246,1.1102230246251565e-16,0.0,4.440892098500626e-16,4,8,2184616.11112,34734.983586
2024-09-02 18:00:00,schloemer,L51,59,61,56.7302256356984,3.3306690738754696e-16,0.0,1.3322676295501878e-15,4,8,2184616.11112,34734.983586
2024-09-02 18:00:00,schloemer,L52,60,61,59.02692093821872,1.2212453270876722e-15,0.0,4.884981308350689e-15,4,8,2184616.11112,34734.983586
2024-09-02 18:00:00,schloemer,L53,61,65,67.4470703191454,2.298161660974074e-13,2.930988785010413e-14,1.1537437671904627e-12,4,8,2184616.11112,34734.983586
2024-09-02 18:00:00,schloemer,L54,61,66,64.87216566155742,4.451994328746878e-14,0.0,1.780797731498751e-13,4,8,2184616.11112,34734.983586
2024-09-02 18:00:00,schloemer,L55,62,58,54.349373444601106,1.1102230246251565e-16,0.0,1.4432899320127035e-15,13,30,2185148.89802,34751.629934
2024-09-02 18:00:00,schloemer,L56,62,63,62.098249739014385,7.771561172376096e-15,0.0,3.108624468950438e-14,4,8,2184616.11112,34734.983586
2024-09-02 18:00:00,schloemer,L57,63,60,62.0616914912979,7.549516567451064e-15,0.0,1.509903313490213e-13,20,47,2185512.78098,34763.759366
2024-09-02 18:00:00,schloemer,L58,63,64,80.4682219058276,9.961219626930529e-10,0.0006165814552063775,0.0049220238878857625,4,8,2184616.11112,34734.983586
2024-09-02 18:00:00,schloemer,L59,64,65,83.4543616698772,6.2718252813454e-09,0.006669133849117048,0.27471512942952203,20,48,2185545.98792,34764.866264
2024-09-02 18:00:00,schloemer,L60,64,67,103.95473528249313,0.0003086767861998352,0.894957830623334,1.0,38,93,2186503.81292,34796.793764
2024-09-02 18:00:00,schloemer,L61,65,66,71.35936453034134,2.8631541582058162e-12,7.699644255509952e-10,6.171168021040785e-09,4,8,2184616.11112,34734.983586
2024-09-02 18:00:00,schloemer,L62,67,68,80.789897355015,1.1809822009212212e-09,0.0008097506331956605,0.05359566123442039,28,68,2185978.45538,34779.281846
2024-09-02 18:00:00,schloemer,L63,68,69,57.77115176162494,5.551115123125783e-16,0.0,2.220446049250313e-15,4,8,2184616.11112,34734.983586
2024-09-02 18:00:00,schloemer,L64,68,74,62.68419536766188,1.1213252548714081e-14,0.0,4.4853010194856324e-14,4,8,2184616.11112,34734.983586
2024-09-02 18:00:00,schloemer,L65,68,76,67.45020974608423,2.3026025530725747e-13,2.9531932455029164e-14,1.1572964808692632e-12,4,8,2184616.11112,34734.983586
2024-09-02 18:00:00,schloemer,L66,69,70,45.295476605752995,0.0,0.0,0.0,4,8,2184616.11112,34734.983586
2024-09-02 18:00:00,schloemer,L67,69,73,49.98084170782012,0.0,0.0,0.0,4,8,2184616.11112,34734.983586
2024-09-02 18:00:00,schloemer,L68,69,74,53.34389010088816,0.0,0.0,0.0,4,8,2184616.11112,34734.983586
2024-09-02 18:00:00,schloemer,L69,70,71,39.78444471948503,0.0,0.0,0.0,4,8,2184616.11112,34734.983586
2024-09-02 18:00:00,schloemer,L70,70,72,39.26450916773026,0.0,0.0,0.0,4,8,2184616.11112,34734.983586
2024-09-02 18:00:00,schloemer,L71,73,74,53.453884054119236,0.0,0.0,0.0,4,8,2184616.11112,34734.983586
2024-09-02 18:00:00,schloemer,L72,74,76,60.69914959235534,3.3306690738754696e-15,0.0,1.3322676295501878e-14,4,8,2184616.11112,34734.983586
2024-09-02 18:00:00,schloemer,L73,74,117,54.675746712427234,1.1102230246251565e-16,0.0,4.440892098500626e-16,4,8,2184616.11112,34734.983586
2024-09-02 18:00:00,schloemer,L74,75,76,58.685869532350665,9.992007221626409e-16,0.0,3.9968028886505635e-15,4,8,2184616.11112,34734.983586
2024-09-02 18:00:00,schloemer,L75,75,117,53.28422287185928,0.0,0.0,0.0,4,8,2184616.11112,34734.983586
2024-09-02 18:00:00,schloemer,L76,76,77,60.096760764027955,2.220446049250313e-15,0.0,8.881784197001252e-15,4,8,2184616.11112,34734.983586
2024-09-02 18:00:00,schloemer,L77,76,79,66.00921983366752,9.170442183403793e-14,3.3306690738754696e-16,3.694822225952521e-13,4,8,2184616.11112,34734.983586
2024-09-02 18:00:00,schloemer,L78,76,79,66.00921983366752,9.170442183403793e-14,3.3306690738754696e-16,3.694822225952521e-13,4,8,2184616.11112,34734.983586
2024-09-02 18:00:00,schloemer,L79,76,81,62.16291867196388,8.104628079763643e-15,0.0,3.241851231905457e-14,4,8,2184616.11112,34734.983586
2024-09-02 18:00:00,schloemer,L80,77,78,56.70206489551491,3.3306690738754696e-16,0.0,1.3322676295501878e-15,4,8,2184616.11112,34734.983586
2024-09-02 18:00:00,schloemer,L81,78,79,61.33225178802704,4.884981308350689e-15,0.0,1.9539925233402755e-14,4,8,2184616.11112,34734.983586
2024-09-02 18:00:00,schloemer,L82,79,95,64.61025987434516,3.774758283725532e-14,0.0,1.509903313490213e-13,4,8,2184616.11112,34734.983586
2024-09-02 18:00:00,schloemer,L83,79,96,63.05253061990541,1.4210854715202004e-14,0.0,5.684341886080802e-14,4,8,2184616.11112,34734.983586
2024-09-02 18:00:00,schloemer,L84,79,97,62.034106442237174,7.549516567451064e-15,0.0,3.019806626980426e-14,4,8,2184616.11112,34734.983586
2024-09-02 18:00:00,schloemer,L85,79,98,68.41753834962628,4.2865710980777294e-13,5.021538740379583e-13,5.731859431534758e-12,4,8,2184616.11112,34734.983586
2024-09-02 18:00:00,schloemer,L86,80,67,95.54953349867748,6.134710605953941e-06,0.49515671945503703,1.0,30,72,2186055.70436,34781.856812
2024-09-02 18:00:00,schloemer,L87,80,79,76.4676054122112,7.532374723950852e-11,6.080069334446492e-06,0.0004194401788798485,28,69,2185981.58126,34779.386042
2024-09-02 18:00:00,schloemer,L88,81,82,54.91676275247592,1.1102230246251565e-16,0.0,4.440892098500626e-16,4,8,2184616.11112,34734.983586
2024-09-02 18:00:00,schloemer,L89,81,95,60.978724891342104,3.885780586188048e-15,0.0,1.554312234475219e-14,4,8,2184616.11112,34734.983586
2024-09-02 18:00:00,schloemer,L90,93,95,60.324039204715554,2.6645352591003757e-15,0.0,1.0658141036401503e-14,4,8,2184616.11112,34734.983586
2024-09-02 18:00:00,schloemer,L91,95,96,60.54157129670539,2.9976021664879227e-15,0.0,1.199040866595169e-14,4,8,2184616.11112,34734.983586
2024-09-02 18:00:00,schloemer,L92,115,67,100.56519146862615,7.207750116777767e-05,0.7830959770528051,1.0,13,29,2185126.88168,34750.896056
2024-09-02 19:00:00,schloemer,L0,22,23,37.320293731858314,0.0,0.0,0.0,4,8,2184616.11112,34734.983586
2024-09-02 19:00:00,schloemer,L1,23,69,43.089922286918316,0.0,0.0,0.0,4,8,2184616.11112,34734.983586
2024-09-02 19:00:00,schloemer,L2,23,71,38.21247156005532,0.0,0.0,0.0,4,8,2184616.11112,34734.983586
2024-09-02 19:00:00,schloemer,L3,29,37,94.12344967367135,3.012102248733939e-06,0.3999876328747686,0.9832012725967957,4,8,2184616.11112,34734.983586
2024-09-02 19:00:00,schloemer,L4,32,36,120.62448647927528,0.059204156796016316,0.99890281198015,1.0,4,8,2184616.11112,34734.983586
2024-09-02 19:00:00,schloemer,L5,33,36,117.81992374708001,0.031162107094478086,0.9975243919648664,1.0,4,8,2184616.11112,34734.983586
2024-09-02 19:00:00,schloemer,L6,33,42,111.05348989835242,0.004505522777549231,0.9831260806297002,0.9999999999999936,4,8,2184616.11112,34734.983586
2024-09-02 19:00:00,schloemer,L7,34,36,109.09155519106744,0.0023128182492977434,0.9713109314216998,0.9999999999995454,4,8,2184616.11112,34734.983586
2024-09-02 19:00:00,schloemer,L8,36,38,128.72043956664848,0.23579278166657414,0.9998933260530701,1.0,4,8,2184616.11112,34734.983586
2024-09-02 19:00:00,schloemer,L9,36,39,128.77227894016323,0.23740293338930485,0.9998948801392913,1.0,4,8,2184616.11112,34734.983586
2024-09-02 19:00:00,schloemer,L10,37,36,111.26777172474466,0.004757466532394283,0.9839880170671432,1.0,20,48,2185542.33716,34764.744572
2024-09-02 19:00:00,schloemer,L11,37,64,97.81807193818804,1.9815405320033896e-05,0.6424755616462385,0.9997330613613136,4,8,2184616.11112,34734.983586
2024-09-02 19:00:00,schloemer,L12,38,39,136.46895183617835,0.5135276201057211,0.9999874091850784,1.0,4,8,2184616.11112,34734.983586
2024-09-02 19:00:00,schloemer,L13,39,40,129.80257572852315,0.2704641801615113,0.9999214016207593,1.0,4,8,2184616.11112,34734.983586
2024-09-02 19:00:00,schloemer,L14,39,41,116.1663224192718,0.02044874275249975,0.9960106225538945,1.0,4,8,2184616.11112,34734.983586
2024-09-02 19:00:00,schloemer,L15,40,41,110.99779988971699,0.004423994137991771,0.9828661687938699,0.9999999999999927,4,8,2184616.11112,34734.983586
2024-09-02 19:00:00,schloemer,L16,41,48,78.13663887245582,2.2663493304264648e-10,5.30675354525334e-05,0.0004244623455706975,4,8,2184616.11112,34734.983586
2024-09-02 19:00:00,schloemer,L17,41,48,78.13663887245582,2.2663493304264648e-10,5.30675354525334e-05,0.0004244623455706975,4,8,2184616.11112,34734.983586
2024-09-02 19:00:00,schloemer,L18,42,43,96.68864811187548,1.1316769510272273e-05,0.5725853252015276,0.9988862806291323,4,8,2184616.11112,34734.983586
2024-09-02 19:00:00,schloemer,L19,43,44,79.80185077537621,6.537781427340406e-10,0.00032398496636165675,0.002588945187647851,4,8,2184616.11112,34734.983586
2024-09-02 19:00:00,schloemer,L20,44,45,67.25933003241138,2.0372592501871623e-13,1.6431300764452317e-14,9.463541061904834e-13,4,8,2184616.11112,34734.983586
2024-09-02 19:00:00,schloemer,L21,44,48,68.27702687518389,3.915756607852927e-13,3.3739677718358507e-13,4.2654768606098514e-12,4,8,2184616.11112,34734.983586
2024-09-02 19:00:00,schloemer,L22,45,46,63.19107765923814,1.5432100042289676e-14,0.0,6.17284001691587e-14,4,8,2184616.11112,34734.983586
2024-09-02 19:00:00,schloemer,L23,45,47,59.82141280025245,1.887379141862766e-15,0.0,7.549516567451064e-15,4,8,2184616.11112,34734.983586
2024-09-02 19:00:00,schloemer,L24,46,48,64.63688166272901,3.8413716652030416e-14,0.0,1.5365486660812167e-13,4,8,2184616.11112,34734.983586
2024-09-02 19:00:00,schloemer,L25,46,68,63.938670509463705,2.4646951146678475e-14,0.0,9.85878045867139e-14,4,8,2184616.11112,34734.983586
2024-09-02 19:00:00,schloemer,L26,47,48,60.78028396302016,3.4416913763379853e-15,0.0,1.3766765505351941e-14,4,8,2184616.11112,34734.983586
2024-09-02 19:00:00,schloemer,L27,48,49,59.199137343905704,1.3322676295501878e-15,0.0,5.329070518200751e-15,4,8,2184616.11112,34734.983586
2024-09-02 19:00:00,schloemer,L28,48,50,56.38650785330587,2.220446049250313e-16,0.0,8.881784197001252e-16,4,8,2184616.11112,34734.983586
2024-09-02 19:00:00,schloemer,L29,48,53,58.01020394137798,6.661338147750939e-16,0.0,2.6645352591003757e-15,4,8,2184616.11112,34734.983586
2024-09-02 19:00:00,schloemer,L30,48,53,58.01020394137798,6.661338147750939e-16,0.0,2.6645352591003757e-15,4,8,2184616.11112,34734.983586
2024-09-02 19:00:00,schloemer,L31,48,65,68.06680855324916,3.4205971388701073e-13,1.8451906669270102e-13,2.844391389089651e-12,4,8,2184616.11112,34734.983586
2024-09-02 19:00:00,schloemer,L32,48,65,68.06680855324916,3.4205971388701073e-13,1.8451906669270102e-13,2.844391389089651e-12,4,8,2184616.11112,34734.983586
2024-09-02 19:00:00,schloemer,L33,48,68,65.97045890631642,8.948397578478762e-14,2.220446049250313e-16,3.597122599785507e-13,4,8,2184616.11112,34734.983586
2024-09-02 19:00:00,schloemer,L34,49,56,51.410782236204604,0.0,0.0,0.0,4,8,2184616.11112,34734.983586
2024-09-02 19:00:00,schloemer,L35,50,51,46.36653492833541,0.0,0.0,0.0,4,8,2184616.11112,34734.983586
2024-09-02 19:00:00,schloemer,L36,50,57,47.58868415001727,0.0,0.0,0.0,4,8,2184616.11112,34734.983586
2024-09-02 19:00:00,schloemer,L37,51,52,43.60543343414241,0.0,0.0,0.0,4,8,2184616.11112,34734.983586
2024-09-02 19:00:00,schloemer,L38,52,53,47.51631974246316,0.0,0.0,0.0,4,8,2184616.11112,34734.983586
2024-09-02 19:00:00,schloemer,L39,53,54,49.47553989956545,0.0,0.0,0.0,4,8,2184616.11112,34734.983586
2024-09-02 19:00:00,schloemer,L40,53,55,49.506607856274776,0.0,0.0,0.0,4,8,2184616.11112,34734.983586
2024-09-02 19:00:00,schloemer,L41,53,58,51.48355472718802,0.0,0.0,0.0,4,8,2184616.11112,34734.983586
2024-09-02 19:00:00,schloemer,L42,54,55,47.28004918926812,0.0,0.0,0.0,4,8,2184616.11112,34734.983586
2024-09-02 19:00:00,schloemer,L43,54,58,48.89609186148011,0.0,0.0,0.0,4,8,2184616.11112,34734.983586
2024-09-02 19:00:00,schloemer,L44,55,56,47.99983726866483,0.0,0.0,0.0,4,8,2184616.11112,34734.983586
2024-09-02 19:00:00,schloemer,L45,55,57,46.405320147475464,0.0,0.0,0.0,4,8,2184616.11112,34734.983586
2024-09-02 19:00:00,schloemer,L46,55,58,49.08345017220757,0.0,0.0,0.0,4,8,2184616.11112,34734.983586
2024-09-02 19:00:00,schloemer,L47,55,58,49.08345017220757,0.0,0.0,0.0,4,8,2184616.11112,34734.983586
2024-09-02 19:00:00,schloemer,L48,58,59,51.28837763826121,0.0,0.0,0.0,4,8,2184616.11112,34734.983586
2024-09-02 19:00:00,schloemer,L49,58,60,53.07240697854656,0.0,0.0,0.0,4,8,2184616.11112,34734.983586
2024-09-02 19:00:00,schloemer,L50,59,60,53.43563743288294,0.0,0.0,0.0,4,8,2184616.11112,34734.983586
2024-09-02 19:00:00,schloemer,L51,59,61,55.5478662505808,1.1102230246251565e-16,0.0,4.440892098500626e-16,4,8,2184616.11112,34734.983586
2024-09-02 19:00:00,schloemer,L52,60,61,57.67354965603654,5.551115123125783e-16,0.0,2.220446049250313e-15,4,8,2184616.11112,34734.983586
2024-09-02 19:00:00,schloemer,L53,61,65,64.95989224934961,4.707345624410664e-14,0.0,1.8829382497642655e-13,4,8,2184616.11112,34734.983586
2024-09-02 19:00:00,schloemer,L54,61,66,63.17419478823796,1.532107773982716e-14,0.0,6.128431095930864e-14,4,8,2184616.11112,34734.983586
2024-09-02 19:00:00,schloemer,L55,62,58,52.91811097549068,0.0,0.0,0.0,13,30,2185148.89802,34751.629934
2024-09-02 19:00:00,schloemer,L56,62,63,60.25919632151178,2.55351295663786e-15,0.0,1.021405182655144e-14,4,8,2184616.11112,34734.983586
2024-09-02 19:00:00,schloemer,L57,63,60,60.39183457482806,2.6645352591003757e-15,0.0,5.3290705182007514e-14,20,47,2185512.78098,34763.759366
2024-09-02 19:00:00,schloemer,L58,63,64,76.48546037150562,7.86247733586265e-11,6.441449107774666e-06,5.1530745576622294e-05,4,8,2184616.11112,34734.983586
2024-09-02 19:00:00,schloemer,L59,64,65,78.46270024677845,2.731418424772869e-10,7.598798837482601e-05,0.0036409231986875845,20,48,2185545.98792,34764.866264
2024-09-02 19:00:00,schloemer,L60,64,67,93.25904138714895,1.8159181205401609e-06,0.3389991725813246,1.0,38,93,2186503.81292,34796.793764
2024-09-02 19:00:00,schloemer,L61,65,66,68.57288539018074,4.736211423050918e-13,7.751577157932843e-13,8.095746295566641e-12,4,8,2184616.11112,34734.983586
2024-09-02 19:00:00,schloemer,L62,67,68,73.64050710693444,1.2159606654904564e-11,6.899392701598117e-08,4.691916660859441e-06,28,68,2185978.45538,34779.281846
2024-09-02 19:00:00,schloemer,L63,68,69,54.329588250777434,1.1102230246251565e-16,0.0,4.440892098500626e-16,4,8,2184616.11112,34734.983586
2024-09-02 19:00:00,schloemer,L64,68,74,58.62356528477713,8.881784197001252e-16,0.0,3.552713678800501e-15,4,8,2184616.11112,34734.983586
2024-09-02 19:00:00,schloemer,L65,68,76,62.90843081553374,1.2989609388114332e-14,0.0,5.1958437552457326e-14,4,8,2184616.11112,34734.983586
2024-09-02 19:00:00,schloemer,L66,69,70,43.4025541860956,0.0,0.0,0.0,4,8,2184616.11112,34734.983586
2024-09-02 19:00:00,schloemer,L67,69,73,47.58753342957588,0.0,0.0,0.0,4,8,2184616.11112,34734.983586
2024-09-02 19:00:00,schloemer,L68,69,74,50.56581679869715,0.0,0.0,0.0,4,8,2184616.11112,34734.983586
2024-09-02 19:00:00,schloemer,L69,70,71,38.42220074192191,0.0,0.0,0.0,4,8,2184616.11112,34734.983586
2024-09-02 19:00:00,schloemer,L70,70,72,37.9841442817211,0.0,0.0,0.0,4,8,2184616.11112,34734.983586
2024-09-02 19:00:00,schloemer,L71,73,74,50.71694496260315,0.0,0.0,0.0,4,8,2184616.11112,34734.983586
2024-09-02 19:00:00,schloemer,L72,74,76,57.28150646720609,4.440892098500626e-16,0.0,1.7763568394002505e-15,4,8,2184616.11112,34734.983586
2024-09-02 19:00:00,schloemer,L73,74,117,51.90141460495034,0.0,0.0,0.0,4,8,2184616.11112,34734.983586
2024-09-02 19:00:00,schloemer,L74,75,76,55.7916872749474,2.220446049250313e-16,0.0,8.881784197001252e-16,4,8,2184616.11112,34734.983586
2024-09-02 19:00:00,schloemer,L75,75,117,50.85976146732207,0.0,0.0,0.0,4,8,2184616.11112,34734.983586
2024-09-02 19:00:00,schloemer,L76,76,77,57.27836185069786,4.440892098500626e-16,0.0,1.7763568394002505e-15,4,8,2184616.11112,34734.983586
2024-09-02 19:00:00,schloemer,L77,76,79,62.80710651108386,1.2101430968414206e-14,0.0,4.8405723873656825e-14,4,8,2184616.11112,34734.983586
2024-09-02 19:00:00,schloemer,L78,76,79,62.80710651108386,1.2101430968414206e-14,0.0,4.8405723873656825e-14,4,8,2184616.11112,34734.983586
2024-09-02 19:00:00,schloemer,L79,76,81,59.401758678913104,1.4432899320127035e-15,0.0,5.773159728050814e-15,4,8,2184616.11112,34734.983586
2024-09-02 19:00:00,schloemer,L80,77,78,54.62981634753624,1.1102230246251565e-16,0.0,4.440892098500626e-16,4,8,2184616.11112,34734.983586
2024-09-02 19:00:00,schloemer,L81,78,79,59.15103903465564,1.3322676295501878e-15,0.0,5.329070518200751e-15,4,8,2184616.11112,34734.983586
2024-09-02 19:00:00,schloemer,L82,79,95,62.76406581831503,1.176836406102666e-14,0.0,4.707345624410664e-14,4,8,2184616.11112,34734.983586
2024-09-02 19:00:00,schloemer,L83,79,96,61.30415193205143,4.773959005888173e-15,0.0,1.9095836023552692e-14,4,8,2184616.11112,34734.983586
2024-09-02 19:00:00,schloemer,L84,79,97,60.18276250590505,2.4424906541753444e-15,0.0,9.769962616701378e-15,4,8,2184616.11112,34734.983586
2024-09-02 19:00:00,schloemer,L85,79,98,66.27299875945498,1.084687895058778e-13,6.661338147750939e-16,4.3920422854171193e-13,4,8,2184616.11112,34734.983586
2024-09-02 19:00:00,schloemer,L86,80,67,86.2486778711336,3.378840929268989e-08,0.033975801179373044,0.9169889394853459,30,72,2186055.70436,34781.856812
2024-09-02 19:00:00,schloemer,L87,80,79,72.24189503291338,4.920064355928844e-12,4.7428736493770884e-09,3.2739599087339144e-07,28,69,2185981.58126,34779.386042
2024-09-02 19:00:00,schloemer,L88,81,82,53.51842741510723,0.0,0.0,0.0,4,8,2184616.11112,34734.983586
2024-09-02 19:00:00,schloemer,L89,81,95,59.34429275537134,1.4432899320127035e-15,0.0,5.773159728050814e-15,4,8,2184616.11112,34734.983586
2024-09-02 19:00:00,schloemer,L90,93,95,59.7347078503357,1.7763568394002505e-15,0.0,7.105427357601002e-15,4,8,2184616.11112,34734.983586
2024-09-02 19:00:00,schloemer,L91,95,96,59.40865351823408,1.4432899320127035e-15,0.0,5.773159728050814e-15,4,8,2184616.11112,34734.983586
2024-09-02 19:00:00,schloemer,L92,115,67,89.80711910136047,2.7675961666862037e-07,0.14278463629804228,0.9885288521418828,13,29,2185126.88168,34750.896056
2024-09-02 20:00:00,schloemer,L0,22,23,36.19615196614306,0.0,0.0,0.0,4,8,2184616.11112,34734.983586
2024-09-02 20:00:00,schloemer,L1,23,69,41.46944837795624,0.0,0.0,0.0,4,8,2184616.11112,34734.983586
2024-09-02 20:00:00,schloemer,L2,23,71,37.03668210032531,0.0,0.0,0.0,4,8,2184616.11112,34734.983586
2024-09-02 20:00:00,schloemer,L3,29,37,94.16789681455163,3.0837918070236725e-06,0.4030196628602474,0.9838684960704938,4,8,2184616.11112,34734.983586
2024-09-02 20:00:00,schloemer,L4,32,36,127.73848546996783,0.20633298234583575,0.9998590274269386,1.0,4,8,2184616.11112,34734.983586
2024-09-02 20:00:00,schloemer,L5,33,36,117.93986613241124,0.032088726365685494,0.9976088631525425,1.0,4,8,2184616.11112,34734.983586
2024-09-02 20:00:00,schloemer,L6,33,42,105.8098198298573,0.0006802040973405976,0.9333404534168304,0.9999999996112084,4,8,2184616.11112,34734.983586
2024-09-02 20:00:00,schloemer,L7,34,36,116.1313840281942,0.020260417325845825,0.9959703460633892,1.0,4,8,2184616.11112,34734.983586
2024-09-02 20:00:00,schloemer,L8,36,38,131.15171132125064,0.31647707955473314,0.999946136461709,1.0,4,8,2184616.11112,34734.983586
2024-09-02 20:00:00,schloemer,L9,36,39,126.24518465664248,0.16558277779142805,0.9997840154043685,1.0,4,8,2184616.11112,34734.983586
2024-09-02 20:00:00,schloemer,L10,37,36,110.57247680283422,0.003782887676404223,0.9806287486073137,1.0,20,48,2185542.33716,34764.744572
2024-09-02 20:00:00,schloemer,L11,37,64,92.18492448904796,1.0592549541943441e-06,0.27243768176661254,0.9214837146834555,4,8,2184616.11112,34734.983586
2024-09-02 20:00:00,schloemer,L12,38,39,133.22857802246847,0.3917702368369843,0.9999696871451016,1.0,4,8,2184616.11112,34734.983586
2024-09-02 20:00:00,schloemer,L13,39,40,119.65679221956985,0.047927093145942345,0.9985467102029756,1.0,4,8,2184616.11112,34734.983586
2024-09-02 20:00:00,schloemer,L14,39,41,105.73356019307312,0.000660068759228194,0.9320768348749516,0.9999999995481479,4,8,2184616.11112,34734.983586
2024-09-02 20:00:00,schloemer,L15,40,41,100.27548578569875,6.376174871469686e-05,0.7708690184220628,0.9999924044407527,4,8,2184616.11112,34734.983586
2024-09-02 20:00:00,schloemer,L16,41,48,72.27824049911506,5.189848550912757e-12,5.345523912403394e-09,4.2784949916274684e-08,4,8,2184616.11112,34734.983586
2024-09-02 20:00:00,schloemer,L17,41,48,72.27824049911506,5.189848550912757e-12,5.345523912403394e-09,4.2784949916274684e-08,4,8,2184616.11112,34734.983586
2024-09-02 20:00:00,schloemer,L18,42,43,89.36275082151697,2.1717152365319237e-07,0.12394453077100054,0.6530615251932693,4,8,2184616.11112,34734.983586
2024-09-02 20:00:00,schloemer,L19,43,44,73.76648770146095,1.3598788761726155e-11,9.00179064622364e-08,7.201974199233518e-07,4,8,2184616.11112,34734.983586
2024-09-02 20:00:00,schloemer,L20,44,45,62.74771828381174,1.1657341758564144e-14,0.0,4.6629367034256575e-14,4,8,2184616.11112,34734.983586
2024-09-02 20:00:00,schloemer,L21,44,48,63.77032715151662,2.220446049250313e-14,0.0,8.881784197001252e-14,4,8,2184616.11112,34734.983586
2024-09-02 20:00:00,schloemer,L22,45,46,59.114781894009184,1.2212453270876722e-15,0.0,4.884981308350689e-15,4,8,2184616.11112,34734.983586
2024-09-02 20:00:00,schloemer,L23,45,47,56.29586581073638,2.220446049250313e-16,0.0,8.881784197001252e-16,4,8,2184616.11112,34734.983586
2024-09-02 20:00:00,schloemer,L24,46,48,60.434121143485385,2.7755575615628914e-15,0.0,1.1102230246251565e-14,4,8,2184616.11112,34734.983586
2024-09-02 20:00:00,schloemer,L25,46,68,59.67870431588927,1.7763568394002505e-15,0.0,7.105427357601002e-15,4,8,2184616.11112,34734.983586
2024-09-02 20:00:00,schloemer,L26,47,48,57.22385789393142,4.440892098500626e-16,0.0,1.7763568394002505e-15,4,8,2184616.11112,34734.983586
2024-09-02 20:00:00,schloemer,L27,48,49,56.0368168936928,2.220446049250313e-16,0.0,8.881784197001252e-16,4,8,2184616.11112,34734.983586
2024-09-02 20:00:00,schloemer,L28,48,50,53.5497917509312,0.0,0.0,0.0,4,8,2184616.11112,34734.983586
2024-09-02 20:00:00,schloemer,L29,48,53,55.18740672651246,1.1102230246251565e-16,0.0,4.440892098500626e-16,4,8,2184616.11112,34734.983586
2024-09-02 20:00:00,schloemer,L30,48,53,55.18740672651246,1.1102230246251565e-16,0.0,4.440892098500626e-16,4,8,2184616.11112,34734.983586
2024-09-02 20:00:00,schloemer,L31,48,65,64.05243260353848,2.653433028854124e-14,0.0,1.0613732115416497e-13,4,8,2184616.11112,34734.983586
2024-09-02 20:00:00,schloemer,L32,48,65,64.05243260353848,2.653433028854124e-14,0.0,1.0613732115416497e-13,4,8,2184616.11112,34734.983586
2024-09-02 20:00:00,schloemer,L33,48,68,61.44944117489286,5.218048215738236e-15,0.0,2.0872192862952943e-14,4,8,2184616.11112,34734.983586
2024-09-02 20:00:00,schloemer,L34,49,56,49.311738561359654,0.0,0.0,0.0,4,8,2184616.11112,34734.983586
2024-09-02 20:00:00,schloemer,L35,50,51,44.6770802898691,0.0,0.0,0.0,4,8,2184616.11112,34734.983586
2024-09-02 20:00:00,schloemer,L36,50,57,45.83433769260213,0.0,0.0,0.0,4,8,2184616.11112,34734.983586
2024-09-02 20:00:00,schloemer,L37,51,52,42.25923178159183,0.0,0.0,0.0,4,8,2184616.11112,34734.983586
2024-09-02 20:00:00,schloemer,L38,52,53,45.952623730905124,0.0,0.0,0.0,4,8,2184616.11112,34734.983586
2024-09-02 20:00:00,schloemer,L39,53,54,47.91044416090512,0.0,0.0,0.0,4,8,2184616.11112,34734.983586
2024-09-02 20:00:00,schloemer,L40,53,55,47.856116032310645,0.0,0.0,0.0,4,8,2184616.11112,34734.983586
2024-09-02 20:00:00,schloemer,L41,53,58,49.8211001290444,0.0,0.0,0.0,4,8,2184616.11112,34734.983586
2024-09-02 20:00:00,schloemer,L42,54,55,45.93795435164157,0.0,0.0,0.0,4,8,2184616.11112,34734.983586
2024-09-02 20:00:00,schloemer,L43,54,58,47.58246486445183,0.0,0.0,0.0,4,8,2184616.11112,34734.983586
2024-09-02 20:00:00,schloemer,L44,55,56,46.41529873737317,0.0,0.0,0.0,4,8,2184616.11112,34734.983586
2024-09-02 20:00:00,schloemer,L45,55,57,44.94019290094823,0.0,0.0,0.0,4,8,2184616.11112,34734.983586
2024-09-02 20:00:00,schloemer,L46,55,58,47.66679582981364,0.0,0.0,0.0,4,8,2184616.11112,34734.983586
2024-09-02 20:00:00,schloemer,L47,55,58,47.66679582981364,0.0,0.0,0.0,4,8,2184616.11112,34734.983586
2024-09-02 20:00:00,schloemer,L48,58,59,50.09165926006602,0.0,0.0,0.0,4,8,2184616.11112,34734.983586
2024-09-02 20:00:00,schloemer,L49,58,60,51.71845305558761,0.0,0.0,0.0,4,8,2184616.11112,34734.983586
2024-09-02 20:00:00,schloemer,L50,59,60,52.31051584156508,0.0,0.0,0.0,4,8,2184616.11112,34734.983586
2024-09-02 20:00:00,schloemer,L51,59,61,54.25898633395674,1.1102230246251565e-16,0.0,4.440892098500626e-16,4,8,2184616.11112,34734.983586
2024-09-02 20:00:00,schloemer,L52,60,61,56.20200614425339,2.220446049250313e-16,0.0,8.881784197001252e-16,4,8,2184616.11112,34734.983586
2024-09-02 20:00:00,schloemer,L53,61,65,62.43889972913037,9.658940314238862e-15,0.0,3.863576125695545e-14,4,8,2184616.11112,34734.983586
2024-09-02 20:00:00,schloemer,L54,61,66,61.29284932282084,4.773959005888173e-15,0.0,1.9095836023552692e-14,4,8,2184616.11112,34734.983586
2024-09-02 20:00:00,schloemer,L55,62,58,51.486435857317375,0.0,0.0,0.0,13,30,2185148.89802,34751.629934
2024-09-02 20:00:00,schloemer,L56,62,63,58.34987355487792,7.771561172376096e-16,0.0,3.1086244689504383e-15,4,8,2184616.11112,34734.983586
2024-09-02 20:00:00,schloemer,L57,63,60,58.60778854958279,8.881784197001252e-16,0.0,1.7763568394002505e-14,20,47,2185512.78098,34763.759366
2024-09-02 20:00:00,schloemer,L58,63,64,72.49770191930534,5.982214723587731e-12,8.301578424685374e-09,6.64365543689982e-08,4,8,2184616.11112,34734.983586
2024-09-02 20:00:00,schloemer,L59,64,65,73.73815399283562,1.3080758698436057e-11,8.324237277257396e-08,3.99588769106618e-06,20,48,2185545.98792,34764.866264
2024-09-02 20:00:00,schloemer,L60,64,67,84.53209043111204,1.1853578230081041e-08,0.013173575607971277,0.7086658285662724,38,93,2186503.81292,34796.793764
2024-09-02 20:00:00,schloemer,L61,65,66,65.7185026059681,7.616129948928574e-14,1.1102230246251565e-16,3.055333763768431e-13,4,8,2184616.11112,34734.983586
2024-09-02 20:00:00,schloemer,L62,67,68,67.92102263047784,3.029798634202052e-13,1.1335377081422848e-13,1.6191492591133283e-11,28,68,2185978.45538,34779.281846
2024-09-02 20:00:00,schloemer,L63,68,69,51.45529270498094,0.0,0.0,0.0,4,8,2184616.11112,34734.983586
2024-09-02 20:00:00,schloemer,L64,68,74,55.24425026095534,1.1102230246251565e-16,0.0,4.440892098500626e-16,4,8,2184616.11112,34734.983586
2024-09-02 20:00:00,schloemer,L65,68,76,59.10025384364265,1.2212453270876722e-15,0.0,4.884981308350689e-15,4,8,2184616.11112,34734.983586
2024-09-02 20:00:00,schloemer,L66,69,70,41.784574389215344,0.0,0.0,0.0,4,8,2184616.11112,34734.983586
2024-09-02 20:00:00,schloemer,L67,69,73,45.55143341399327,0.0,0.0,0.0,4,8,2184616.11112,34734.983586
2024-09-02 20:00:00,schloemer,L68,69,74,48.21108415981505,0.0,0.0,0.0,4,8,2184616.11112,34734.983586
2024-09-02 20:00:00,schloemer,L69,70,71,37.25363034599587,0.0,0.0,0.0,4,8,2184616.11112,34734.983586
2024-09-02 20:00:00,schloemer,L70,70,72,36.88169669151498,0.0,0.0,0.0,4,8,2184616.11112,34734.983586
2024-09-02 20:00:00,schloemer,L71,73,74,48.38668141140973,0.0,0.0,0.0,4,8,2184616.11112,34734.983586
2024-09-02 20:00:00,schloemer,L72,74,76,54.34641529414596,1.1102230246251565e-16,0.0,4.440892098500626e-16,4,8,2184616.11112,34734.983586
2024-09-02 20:00:00,schloemer,L73,74,117,49.52097289746569,0.0,0.0,0.0,4,8,2184616.11112,34734.983586
2024-09-02 20:00:00,schloemer,L74,75,76,53.241255230212104,0.0,0.0,0.0,4,8,2184616.11112,34734.983586
2024-09-02 20:00:00,schloemer,L75,75,117,48.74026717165179,0.0,0.0,0.0,4,8,2184616.11112,34734.983586
2024-09-02 20:00:00,schloemer,L76,76,77,54.742703740308194,1.1102230246251565e-16,0.0,4.440892098500626e-16,4,8,2184616.11112,34734.983586
2024-09-02 20:00:00,schloemer,L77,76,79,59.85723489216859,1.9984014443252818e-15,0.0,7.993605777301127e-15,4,8,2184616.11112,34734.983586
2024-09-02 20:00:00,schloemer,L78,76,79,59.85723489216859,1.9984014443252818e-15,0.0,7.993605777301127e-15,4,8,2184616.11112,34734.983586
2024-09-02 20:00:00,schloemer,L79,76,81,56.85047399419755,3.3306690738754696e-16,0.0,1.3322676295501878e-15,4,8,2184616.11112,34734.983586
2024-09-02 20:00:00,schloemer,L80,77,78,52.683355061588074,0.0,0.0,0.0,4,8,2184616.11112,34734.983586
2024-09-02 20:00:00,schloemer,L81,78,79,57.0189816962617,3.3306690738754696e-16,0.0,1.3322676295501878e-15,4,8,2184616.11112,34734.983586
2024-09-02 20:00:00,schloemer,L82,79,95,60.78493736736571,3.4416913763379853e-15,0.0,1.3766765505351941e-14,4,8,2184616.11112,34734.983586
2024-09-02 20:00:00,schloemer,L83,79,96,59.43945090340208,1.5543122344752192e-15,0.0,6.217248937900877e-15,4,8,2184616.11112,34734.983586
2024-09-02 20:00:00,schloemer,L84,79,97,58.26929873141886,7.771561172376096e-16,0.0,3.1086244689504383e-15,4,8,2184616.11112,34734.983586
2024-09-02 20:00:00,schloemer,L85,79,98,63.964625078120875,2.5091040356528538e-14,0.0,1.0036416142611415e-13,4,8,2184616.11112,34734.983586
2024-09-02 20:00:00,schloemer,L86,80,67,78.71375376268404,3.166371609353291e-10,9.985439824189424e-05,0.007164099759636611,30,72,2186055.70436,34781.856812
2024-09-02 20:00:00,schloemer,L87,80,79,68.2836866717049,3.823608096809039e-13,3.235189893757706e-13,3.302891293799348e-11,28,69,2185981.58126,34779.386042
2024-09-02 20:00:00,schloemer,L88,81,82,52.103096458865174,0.0,0.0,0.0,4,8,2184616.11112,34734.983586
2024-09-02 20:00:00,schloemer,L89,81,95,57.61727732118469,5.551115123125783e-16,0.0,2.220446049250313e-15,4,8,2184616.11112,34734.983586
2024-09-02 20:00:00,schloemer,L90,93,95,58.843892770099224,1.1102230246251565e-15,0.0,4.440892098500626e-15,4,8,2184616.11112,34734.983586
2024-09-02 20:00:00,schloemer,L91,95,96,58.07521232274472,6.661338147750939e-16,0.0,2.6645352591003757e-15,4,8,2184616.11112,34734.983586
2024-09-02 20:00:00,schloemer,L92,115,67,81.32536660172285,1.6876611219629467e-09,0.0013151117879715013,0.03744431873171106,13,29,2185126.88168,34750.896056
2024-09-02 21:00:00,schloemer,L0,22,23,35.232376240345275,0.0,0.0,0.0,4,8,2184616.11112,34734.983586
2024-09-02 21:00:00,schloemer,L1,23,69,40.08124150948487,0.0,0.0,0.0,4,8,2184616.11112,34734.983586
2024-09-02 21:00:00,schloemer,L2,23,71,36.02623015927336,0.0,0.0,0.0,4,8,2184616.11112,34734.983586
2024-09-02 21:00:00,schloemer,L3,29,37,92.33099533649573,1.1475083776524286e-06,0.2815568976141878,0.9290198286966077,4,8,2184616.11112,34734.983586
2024-09-02 21:00:00,schloemer,L4,32,36,129.35189100515683,0.2557602763083847,0.9999107613917814,1.0,4,8,2184616.11112,34734.983586
2024-09-02 21:00:00,schloemer,L5,33,36,114.22895450562201,0.011972230191728328,0.9930583014659929,1.0,4,8,2184616.11112,34734.983586
2024-09-02 21:00:00,schloemer,L6,33,42,99.22256866301188,3.897681395303998e-05,0.7202344402289764,0.999962477973152,4,8,2184616.11112,34734.983586
2024-09-02 21:00:00,schloemer,L7,34,36,119.32898725924514,0.04450943157265541,0.9984015985502771,1.0,4,8,2184616.11112,34734.983586
2024-09-02 21:00:00,schloemer,L8,36,38,128.45693231724326,0.22769130496209444,0.9998850562941973,1.0,4,8,2184616.11112,34734.983586
2024-09-02 21:00:00,schloemer,L9,36,39,119.82164544141851,0.0497208497484698,0.9986146460091782,1.0,4,8,2184616.11112,34734.983586
2024-09-02 21:00:00,schloemer,L10,37,36,106.85463233419412,0.0010015656060066158,0.9483732535695792,1.0,20,48,2185542.33716,34764.744572
2024-09-02 21:00:00,schloemer,L11,37,64,86.35535014168526,3.72869403131304e-08,0.036310522835008574,0.25613029876868665,4,8,2184616.11112,34734.983586
2024-09-02 21:00:00,schloemer,L12,38,39,125.97225017456763,0.15869200407813877,0.9997664257058836,1.0,4,8,2184616.11112,34734.983586
2024-09-02 21:00:00,schloemer,L13,39,40,108.56047796120123,0.001914814403208731,0.9669796461562962,0.9999999999985975,4,8,2184616.11112,34734.983586
2024-09-02 21:00:00,schloemer,L14,39,41,96.16016579756273,8.665374484739807e-06,0.5381176616455405,0.9979287343955762,4,8,2184616.11112,34734.983586
2024-09-02 21:00:00,schloemer,L15,40,41,91.05734860015747,5.672560007274896e-07,0.2061945104550129,0.8423435300811466,4,8,2184616.11112,34734.983586
2024-09-02 21:00:00,schloemer,L16,41,48,67.37477244421044,2.1938006966593093e-13,2.3425705819590803e-14,1.0649259252204502e-12,4,8,2184616.11112,34734.983586
2024-09-02 21:00:00,schloemer,L17,41,48,67.37477244421044,2.1938006966593093e-13,2.3425705819590803e-14,1.0649259252204502e-12,4,8,2184616.11112,34734.983586
2024-09-02 21:00:00,schloemer,L18,42,43,82.72634858178073,4.089300786880301e-09,0.0040323214533039,0.03180697134418331,4,8,2184616.11112,34734.983586
2024-09-02 21:00:00,schloemer,L19,43,44,68.69685577583245,5.130340596792848e-13,1.0919043447188415e-12,1.0787370996467871e-11,4,8,2184616.11112,34734.983586
2024-09-02 21:00:00,schloemer,L20,44,45,58.993002238688014,1.1102230246251565e-15,0.0,4.440892098500626e-15,4,8,2184616.11112,34734.983586
2024-09-02 21:00:00,schloemer,L21,44,48,59.9847028876052,2.1094237467877974e-15,0.0,8.43769498715119e-15,4,8,2184616.11112,34734.983586
2024-09-02 21:00:00,schloemer,L22,45,46,55.73680658593913,2.220446049250313e-16,0.0,8.881784197001252e-16,4,8,2184616.11112,34734.983586
2024-09-02 21:00:00,schloemer,L23,45,47,53.33882740813922,0.0,0.0,0.0,4,8,2184616.11112,34734.983586
2024-09-02 21:00:00,schloemer,L24,46,48,56.939505821310675,3.3306690738754696e-16,0.0,1.3322676295501878e-15,4,8,2184616.11112,34734.983586
2024-09-02 21:00:00,schloemer,L25,46,68,56.1724158062297,2.220446049250313e-16,0.0,8.881784197001252e-16,4,8,2184616.11112,34734.983586
2024-09-02 21:00:00,schloemer,L26,47,48,54.222920931161894,1.1102230246251565e-16,0.0,4.440892098500626e-16,4,8,2184616.11112,34734.983586
2024-09-02 21:00:00,schloemer,L27,48,49,53.32070792995502,0.0,0.0,0.0,4,8,2184616.11112,34734.983586
2024-09-02 21:00:00,schloemer,L28,48,50,51.107604123117774,0.0,0.0,0.0,4,8,2184616.11112,34734.983586
2024-09-02 21:00:00,schloemer,L29,48,53,52.717483530162355,0.0,0.0,0.0,4,8,2184616.11112,34734.983586
2024-09-02 21:00:00,schloemer,L30,48,53,52.717483530162355,0.0,0.0,0.0,4,8,2184616.11112,34734.983586
2024-09-02 21:00:00,schloemer,L31,48,65,60.561271205595645,2.9976021664879227e-15,0.0,1.199040866595169e-14,4,8,2184616.11112,34734.983586
2024-09-02 21:00:00,schloemer,L32,48,65,60.561271205595645,2.9976021664879227e-15,0.0,1.199040866595169e-14,4,8,2184616.11112,34734.983586
2024-09-02 21:00:00,schloemer,L33,48,68,57.731213251888924,5.551115123125783e-16,0.0,2.220446049250313e-15,4,8,2184616.11112,34734.983586
2024-09-02 21:00:00,schloemer,L34,49,56,47.46228720441228,0.0,0.0,0.0,4,8,2184616.11112,34734.983586
2024-09-02 21:00:00,schloemer,L35,50,51,43.19609366386121,0.0,0.0,0.0,4,8,2184616.11112,34734.983586
2024-09-02 21:00:00,schloemer,L36,50,57,44.289285000243034,0.0,0.0,0.0,4,8,2184616.11112,34734.983586
2024-09-02 21:00:00,schloemer,L37,51,52,41.06490457328732,0.0,0.0,0.0,4,8,2184616.11112,34734.983586
2024-09-02 21:00:00,schloemer,L38,52,53,44.546461157885965,0.0,0.0,0.0,4,8,2184616.11112,34734.983586
2024-09-02 21:00:00,schloemer,L39,53,54,46.473989459046535,0.0,0.0,0.0,4,8,2184616.11112,34734.983586
2024-09-02 21:00:00,schloemer,L40,53,55,46.35673710429979,0.0,0.0,0.0,4,8,2184616.11112,34734.983586
2024-09-02 21:00:00,schloemer,L41,53,58,48.280803974664245,0.0,0.0,0.0,4,8,2184616.11112,34734.983586
2024-09-02 21:00:00,schloemer,L42,54,55,44.69953524994011,0.0,0.0,0.0,4,8,2184616.11112,34734.983586
2024-09-02 21:00:00,schloemer,L43,54,58,46.34238103975928,0.0,0.0,0.0,4,8,2184616.11112,34734.983586
2024-09-02 21:00:00,schloemer,L44,55,56,44.9868717359267,0.0,0.0,0.0,4,8,2184616.11112,34734.983586
2024-09-02 21:00:00,schloemer,L45,55,57,43.62203005183262,0.0,0.0,0.0,4,8,2184616.11112,34734.983586
2024-09-02 21:00:00,schloemer,L46,55,58,46.34638675255989,0.0,0.0,0.0,4,8,2184616.11112,34734.983586
2024-09-02 21:00:00,schloemer,L47,55,58,46.34638675255989,0.0,0.0,0.0,4,8,2184616.11112,34734.983586
2024-09-02 21:00:00,schloemer,L48,58,59,48.903759856343676,0.0,0.0,0.0,4,8,2184616.11112,34734.983586
2024-09-02 21:00:00,schloemer,L49,58,60,50.380191824019334,0.0,0.0,0.0,4,8,2184616.11112,34734.983586
2024-09-02 21:00:00,schloemer,L50,59,60,51.14153976455687,0.0,0.0,0.0,4,8,2184616.11112,34734.983586
2024-09-02 21:00:00,schloemer,L51,59,61,52.92442653243937,0.0,0.0,0.0,4,8,2184616.11112,34734.983586
2024-09-02 21:00:00,schloemer,L52,60,61,54.68584806882633,1.1102230246251565e-16,0.0,4.440892098500626e-16,4,8,2184616.11112,34734.983586
2024-09-02 21:00:00,schloemer,L53,61,65,59.99411125544565,2.1094237467877974e-15,0.0,8.43769498715119e-15,4,8,2184616.11112,34734.983586
2024-09-02 21:00:00,schloemer,L54,61,66,59.34524173885946,1.4432899320127035e-15,0.0,5.773159728050814e-15,4,8,2184616.11112,34734.983586
2024-09-02 21:00:00,schloemer,L55,62,58,50.09225914661125,0.0,0.0,0.0,13,30,2185148.89802,34751.629934
2024-09-02 21:00:00,schloemer,L56,62,63,56.45415012659282,2.220446049250313e-16,0.0,8.881784197001252e-16,4,8,2184616.11112,34734.983586
2024-09-02 21:00:00,schloemer,L57,63,60,56.79967056063048,3.3306690738754696e-16,0.0,6.661338147750939e-15,20,47,2185512.78098,34763.759366
2024-09-02 21:00:00,schloemer,L58,63,64,68.72093925651396,5.21027665456586e-13,1.166511331973652e-12,1.141620131761556e-11,4,8,2184616.11112,34734.983586
2024-09-02 21:00:00,schloemer,L59,64,65,69.44422534057783,8.146816554699399e-13,7.704614723991199e-12,3.8611513986097634e-10,20,48,2185545.98792,34764.866264
2024-09-02 21:00:00,schloemer,L60,64,67,77.45916840300563,1.4057133235212405e-10,2.2297017038375166e-05,0.0020715025154515176,38,93,2186503.81292,34796.793764
2024-09-02 21:00:00,schloemer,L61,65,66,62.942440823579595,1.3211653993039363e-14,0.0,5.284661597215745e-14,4,8,2184616.11112,34734.983586
2024-09-02 21:00:00,schloemer,L62,67,68,63.27809870606005,1.587618925213974e-14,0.0,4.445332990599127e-13,28,68,2185978.45538,34779.281846
2024-09-02 21:00:00,schloemer,L63,68,69,49.03381028859149,0.0,0.0,0.0,4,8,2184616.11112,34734.983586
2024-09-02 21:00:00,schloemer,L64,68,74,52.40761302159165,0.0,0.0,0.0,4,8,2184616.11112,34734.983586
2024-09-02 21:00:00,schloemer,L65,68,76,55.889825585209316,2.220446049250313e-16,0.0,8.881784197001252e-16,4,8,2184616.11112,34734.983586
2024-09-02 21:00:00,schloemer,L66,69,70,40.39433908731053,0.0,0.0,0.0,4,8,2184616.11112,34734.983586
2024-09-02 21:00:00,schloemer,L67,69,73,43.8091127290096,0.0,0.0,0.0,4,8,2184616.11112,34734.983586
2024-09-02 21:00:00,schloemer,L68,69,74,46.20284194200377,0.0,0.0,0.0,4,8,2184616.11112,34734.983586
2024-09-02 21:00:00,schloemer,L69,70,71,36.24674168713278,0.0,0.0,0.0,4,8,2184616.11112,34734.983586
2024-09-02 21:00:00,schloemer,L70,70,72,35.92872339004182,0.0,0.0,0.0,4,8,2184616.11112,34734.983586
2024-09-02 21:00:00,schloemer,L71,73,74,46.39222432559324,0.0,0.0,0.0,4,8,2184616.11112,34734.983586
2024-09-02 21:00:00,schloemer,L72,74,76,51.821481007487684,0.0,0.0,0.0,4,8,2184616.11112,34734.983586
2024-09-02 21:00:00,schloemer,L73,74,117,47.47139740081412,0.0,0.0,0.0,4,8,2184616.11112,34734.983586
2024-09-02 21:00:00,schloemer,L74,75,76,51.001105868726526,0.0,0.0,0.0,4,8,2184616.11112,34734.983586
2024-09-02 21:00:00,schloemer,L75,75,117,46.887096794105176,0.0,0.0,0.0,4,8,2184616.11112,34734.983586
2024-09-02 21:00:00,schloemer,L76,76,77,52.48048231146892,0.0,0.0,0.0,4,8,2184616.11112,34734.983586
2024-09-02 21:00:00,schloemer,L77,76,79,57.18689676292864,4.440892098500626e-16,0.0,1.7763568394002505e-15,4,8,2184616.11112,34734.983586
2024-09-02 21:00:00,schloemer,L78,76,79,57.18689676292864,4.440892098500626e-16,0.0,1.7763568394002505e-15,4,8,2184616.11112,34734.983586
2024-09-02 21:00:00,schloemer,L79,76,81,54.52953176679181,1.1102230246251565e-16,0.0,4.440892098500626e-16,4,8,2184616.11112,34734.983586
2024-09-02 21:00:00,schloemer,L80,77,78,50.88296240737133,0.0,0.0,0.0,4,8,2184616.11112,34734.983586
2024-09-02 21:00:00,schloemer,L81,78,79,54.99250885767924,1.1102230246251565e-16,0.0,4.440892098500626e-16,4,8,2184616.11112,34734.983586
2024-09-02 21:00:00,schloemer,L82,79,95,58.780157163543,9.992007221626409e-16,0.0,3.9968028886505635e-15,4,8,2184616.11112,34734.983586
2024-09-02 21:00:00,schloemer,L83,79,96,57.55344224472514,4.440892098500626e-16,0.0,1.7763568394002505e-15,4,8,2184616.11112,34734.983586
2024-09-02 21:00:00,schloemer,L84,79,97,56.3747021982248,2.220446049250313e-16,0.0,8.881784197001252e-16,4,8,2184616.11112,34734.983586
2024-09-02 21:00:00,schloemer,L85,79,98,61.63187073037525,5.88418203051333e-15,0.0,2.353672812205332e-14,4,8,2184616.11112,34734.983586
2024-09-02 21:00:00,schloemer,L86,80,67,72.58987045675708,6.1519678240529174e-12,9.503293485479958e-09,6.844214590628894e-07,30,72,2186055.70436,34781.856812
2024-09-02 21:00:00,schloemer,L87,80,79,64.68712796686275,3.852473895449293e-14,0.0,1.078692690725802e-12,28,69,2185981.58126,34779.386042
2024-09-02 21:00:00,schloemer,L88,81,82,50.71238410328879,0.0,0.0,0.0,4,8,2184616.11112,34734.983586
2024-09-02 21:00:00,schloemer,L89,81,95,55.877410384504195,2.220446049250313e-16,0.0,8.881784197001252e-16,4,8,2184616.11112,34734.983586
2024-09-02 21:00:00,schloemer,L90,93,95,57.73551926778206,5.551115123125783e-16,0.0,2.220446049250313e-15,4,8,2184616.11112,34734.983586
2024-09-02 21:00:00,schloemer,L91,95,96,56.628475793905835,3.3306690738754696e-16,0.0,1.3322676295501878e-15,4,8,2184616.11112,34734.983586
2024-09-02 21:00:00,schloemer,L92,115,67,74.57078893875592,2.2624013773508977e-11,3.513599639015652e-07,1.0189682940198175e-05,13,29,2185126.88168,34750.896056
2024-09-02 22:00:00,schloemer,L0,22,23,30.53013631076769,0.0,0.0,0.0,4,8,2184616.11112,34734.983586
2024-09-02 22:00:00,schloemer,L1,23,69,38.883094156279185,0.0,0.0,0.0,4,8,2184616.11112,34734.983586
2024-09-02 22:00:00,schloemer,L2,23,71,35.151782732318416,0.0,0.0,0.0,4,8,2184616.11112,34734.983586
2024-09-02 22:00:00,schloemer,L3,29,37,89.16381169753205,1.937076185010156e-07,0.11584032054323845,0.6265389535394871,4,8,2184616.11112,34734.983586
2024-09-02 22:00:00,schloemer,L4,32,36,126.28299947080905,0.1665513494072164,0.9997863440833377,1.0,4,8,2184616.11112,34734.983586
2024-09-02 22:00:00,schloemer,L5,33,36,108.09386288610442,0.0016173046690173276,0.9626829548008513,0.9999999999962637,4,8,2184616.11112,34734.983586
2024-09-02 22:00:00,schloemer,L6,33,42,92.42170660450086,1.2058536756898164e-06,0.28727305119158797,0.9334139356104778,4,8,2184616.11112,34734.983586
2024-09-02 22:00:00,schloemer,L7,34,36,118.33165070325323,0.03527052805838082,0.997865374722306,1.0,4,8,2184616.11112,34734.983586
2024-09-02 22:00:00,schloemer,L8,36,38,122.01378986007356,0.07874407812603934,0.9992670670435284,1.0,4,8,2184616.11112,34734.983586
2024-09-02 22:00:00,schloemer,L9,36,39,111.31392548262653,0.004904659623004348,0.9842926125565145,0.9999999999999963,4,8,2184616.11112,34734.983586
2024-09-02 22:00:00,schloemer,L10,37,36,101.32132563284006,0.00010064333855053231,0.8135829008982365,1.0,20,48,2185542.33716,34764.744572
2024-09-02 22:00:00,schloemer,L11,37,64,80.8274183107027,1.24899679487811e-09,0.0008568831824542489,0.006834546650953399,4,8,2184616.11112,34734.983586
2024-09-02 22:00:00,schloemer,L12,38,39,115.94657563008823,0.019288030967198777,0.9957505650268744,1.0,4,8,2184616.11112,34734.983586
2024-09-02 22:00:00,schloemer,L13,39,40,98.4836125376157,2.7380896327255932e-05,0.6807108237624314,0.9998919994405818,4,8,2184616.11112,34734.983586
2024-09-02 22:00:00,schloemer,L14,39,41,87.944408450098,9.543430712355416e-08,0.07353518230147138,0.4572106872330325,4,8,2184616.11112,34734.983586
2024-09-02 22:00:00,schloemer,L15,40,41,83.38604885838241,6.147727882321874e-09,0.006442717478924553,0.05039437813811176,4,8,2184616.11112,34734.983586
2024-09-02 22:00:00,schloemer,L16,41,48,63.25550551721811,1.609823385706477e-14,0.0,6.439293542825908e-14,4,8,2184616.11112,34734.983586
2024-09-02 22:00:00,schloemer,L17,41,48,63.25550551721811,1.609823385706477e-14,0.0,6.439293542825908e-14,4,8,2184616.11112,34734.983586
2024-09-02 22:00:00,schloemer,L18,42,43,76.92806994840072,1.0449385801081235e-10,1.1718085819012458e-05,9.374125979944026e-05,4,8,2184616.11112,34734.983586
2024-09-02 22:00:00,schloemer,L19,43,44,64.43086613837238,3.3639757646142243e-14,0.0,1.3455903058456897e-13,4,8,2184616.11112,34734.983586
2024-09-02 22:00:00,schloemer,L20,44,45,55.838557179524194,2.220446049250313e-16,0.0,8.881784197001252e-16,4,8,2184616.11112,34734.983586
2024-09-02 22:00:00,schloemer,L21,44,48,56.78344786756205,3.3306690738754696e-16,0.0,1.3322676295501878e-15,4,8,2184616.11112,34734.983586
2024-09-02 22:00:00,schloemer,L22,45,46,52.904919220063505,0.0,0.0,0.0,4,8,2184616.11112,34734.983586
2024-09-02 22:00:00,schloemer,L23,45,47,50.83514719897813,0.0,0.0,0.0,4,8,2184616.11112,34734.983586
2024-09-02 22:00:00,schloemer,L24,46,48,54.003377081774254,1.1102230246251565e-16,0.0,4.440892098500626e-16,4,8,2184616.11112,34734.983586
2024-09-02 22:00:00,schloemer,L25,46,68,53.24829052626773,0.0,0.0,0.0,4,8,2184616.11112,34734.983586
2024-09-02 22:00:00,schloemer,L26,47,48,51.67086156498017,0.0,0.0,0.0,4,8,2184616.11112,34734.983586
2024-09-02 22:00:00,schloemer,L27,48,49,50.977920422896574,0.0,0.0,0.0,4,8,2184616.11112,34734.983586
2024-09-02 22:00:00,schloemer,L28,48,50,48.99548594906637,0.0,0.0,0.0,4,8,2184616.11112,34734.983586
2024-09-02 22:00:00,schloemer,L29,48,53,50.5548865924364,0.0,0.0,0.0,4,8,2184616.11112,34734.983586
2024-09-02 22:00:00,schloemer,L30,48,53,50.5548865924364,0.0,0.0,0.0,4,8,2184616.11112,34734.983586
2024-09-02 22:00:00,schloemer,L31,48,65,57.53172176255855,4.440892098500626e-16,0.0,1.7763568394002505e-15,4,8,2184616.11112,34734.983586
2024-09-02 22:00:00,schloemer,L32,48,65,57.53172176255855,4.440892098500626e-16,0.0,1.7763568394002505e-15,4,8,2184616.11112,34734.983586
2024-09-02 22:00:00,schloemer,L33,48,68,54.633577913532704,1.1102230246251565e-16,0.0,4.440892098500626e-16,4,8,2184616.11112,34734.983586
2024-09-02 22:00:00,schloemer,L34,49,56,45.83020439972246,0.0,0.0,0.0,4,8,2184616.11112,34734.983586
2024-09-02 22:00:00,schloemer,L35,50,51,41.893026015062716,0.0,0.0,0.0,4,8,2184616.11112,34734.983586
2024-09-02 22:00:00,schloemer,L36,50,57,42.924850449822735,0.0,0.0,0.0,4,8,2184616.11112,34734.983586
2024-09-02 22:00:00,schloemer,L37,51,52,40.002423116717814,0.0,0.0,0.0,4,8,2184616.11112,34734.983586
2024-09-02 22:00:00,schloemer,L38,52,53,43.28244276832361,0.0,0.0,0.0,4,8,2184616.11112,34734.983586
2024-09-02 22:00:00,schloemer,L39,53,54,45.16138848758562,0.0,0.0,0.0,4,8,2184616.11112,34734.983586
2024-09-02 22:00:00,schloemer,L40,53,55,44.99843118207951,0.0,0.0,0.0,4,8,2184616.11112,34734.983586
2024-09-02 22:00:00,schloemer,L41,53,58,46.863792335361204,0.0,0.0,0.0,4,8,2184616.11112,34734.983586
2024-09-02 22:00:00,schloemer,L42,54,55,43.56134132573929,0.0,0.0,0.0,4,8,2184616.11112,34734.983586
2024-09-02 22:00:00,schloemer,L43,54,58,45.18160738687511,0.0,0.0,0.0,4,8,2184616.11112,34734.983586
2024-09-02 22:00:00,schloemer,L44,55,56,43.70038599393882,0.0,0.0,0.0,4,8,2184616.11112,34734.983586
2024-09-02 22:00:00,schloemer,L45,55,57,42.43611271441789,0.0,0.0,0.0,4,8,2184616.11112,34734.983586
2024-09-02 22:00:00,schloemer,L46,55,58,45.12377553467289,0.0,0.0,0.0,4,8,2184616.11112,34734.983586
2024-09-02 22:00:00,schloemer,L47,55,58,45.12377553467289,0.0,0.0,0.0,4,8,2184616.11112,34734.983586
2024-09-02 22:00:00,schloemer,L48,58,59,47.747332110592154,0.0,0.0,0.0,4,8,2184616.11112,34734.983586
2024-09-02 22:00:00,schloemer,L49,58,60,49.08413533729854,0.0,0.0,0.0,4,8,2184616.11112,34734.983586
2024-09-02 22:00:00,schloemer,L50,59,60,49.965046605206034,0.0,0.0,0.0,4,8,2184616.11112,34734.983586
2024-09-02 22:00:00,schloemer,L51,59,61,51.58817572730374,0.0,0.0,0.0,4,8,2184616.11112,34734.983586
2024-09-02 22:00:00,schloemer,L52,60,61,53.17720521628036,0.0,0.0,0.0,4,8,2184616.11112,34734.983586
2024-09-02 22:00:00,schloemer,L53,61,65,57.68684843361673,5.551115123125783e-16,0.0,2.220446049250313e-15,4,8,2184616.11112,34734.983586
2024-09-02 22:00:00,schloemer,L54,61,66,57.41307927236669,4.440892098500626e-16,0.0,1.7763568394002505e-15,4,8,2184616.11112,34734.983586
2024-09-02 22:00:00,schloemer,L55,62,58,48.757838070020284,0.0,0.0,0.0,13,30,2185148.89802,34751.629934
2024-09-02 22:00:00,schloemer,L56,62,63,54.624830315133195,1.1102230246251565e-16,0.0,4.440892098500626e-16,4,8,2184616.11112,34734.983586
2024-09-02 22:00:00,schloemer,L57,63,60,55.027964119390354,1.1102230246251565e-16,0.0,2.220446049250313e-15,20,47,2185512.78098,34763.759366
2024-09-02 22:00:00,schloemer,L58,63,64,65.25439851432965,5.67323965583455e-14,0.0,2.26929586233382e-13,4,8,2184616.11112,34734.983586
2024-09-02 22:00:00,schloemer,L59,64,65,65.62230474596936,7.038813976123492e-14,1.1102230246251565e-16,1.4130918657428992e-12,20,48,2185545.98792,34764.866264
2024-09-02 22:00:00,schloemer,L60,64,67,71.6912542670793,3.4058311726425927e-12,1.4774889089963494e-09,1.375358807953475e-07,38,93,2186503.81292,34796.793764
2024-09-02 22:00:00,schloemer,L61,65,66,60.325932435976014,2.6645352591003757e-15,0.0,1.0658141036401503e-14,4,8,2184616.11112,34734.983586
2024-09-02 22:00:00,schloemer,L62,67,68,59.45405373937084,1.5543122344752192e-15,0.0,4.3520742565306136e-14,28,68,2185978.45538,34779.281846
2024-09-02 22:00:00,schloemer,L63,68,69,46.97436946166493,0.0,0.0,0.0,4,8,2184616.11112,34734.983586
2024-09-02 22:00:00,schloemer,L64,68,74,50.00367653913407,0.0,0.0,0.0,4,8,2184616.11112,34734.983586
2024-09-02 22:00:00,schloemer,L65,68,76,53.16281683303689,0.0,0.0,0.0,4,8,2184616.11112,34734.983586
2024-09-02 22:00:00,schloemer,L66,69,70,39.19135446268846,0.0,0.0,0.0,4,8,2184616.11112,34734.983586
2024-09-02 22:00:00,schloemer,L67,69,73,42.307141107186304,0.0,0.0,0.0,4,8,2184616.11112,34734.983586
2024-09-02 22:00:00,schloemer,L68,69,74,44.476999605912,0.0,0.0,0.0,4,8,2184616.11112,34734.983586
2024-09-02 22:00:00,schloemer,L69,70,71,35.373317458397956,0.0,0.0,0.0,4,8,2184616.11112,34734.983586
2024-09-02 22:00:00,schloemer,L70,70,72,35.09967862251149,0.0,0.0,0.0,4,8,2184616.11112,34734.983586
2024-09-02 22:00:00,schloemer,L71,73,74,44.673265358906036,0.0,0.0,0.0,4,8,2184616.11112,34734.983586
2024-09-02 22:00:00,schloemer,L72,74,76,49.639462109619444,0.0,0.0,0.0,4,8,2184616.11112,34734.983586
2024-09-02 22:00:00,schloemer,L73,74,117,45.696674994355604,0.0,0.0,0.0,4,8,2184616.11112,34734.983586
2024-09-02 22:00:00,schloemer,L74,75,76,49.03189774416964,0.0,0.0,0.0,4,8,2184616.11112,34734.983586
2024-09-02 22:00:00,schloemer,L75,75,117,45.26165141130803,0.0,0.0,0.0,4,8,2184616.11112,34734.983586
2024-09-02 22:00:00,schloemer,L76,76,77,50.46803985986874,0.0,0.0,0.0,4,8,2184616.11112,34734.983586
2024-09-02 22:00:00,schloemer,L77,76,79,54.790976860436736,1.1102230246251565e-16,0.0,4.440892098500626e-16,4,8,2184616.11112,34734.983586
2024-09-02 22:00:00,schloemer,L78,76,79,54.790976860436736,1.1102230246251565e-16,0.0,4.440892098500626e-16,4,8,2184616.11112,34734.983586
2024-09-02 22:00:00,schloemer,L79,76,81,52.43495347364619,0.0,0.0,0.0,4,8,2184616.11112,34734.983586
2024-09-02 22:00:00,schloemer,L80,77,78,49.231765536472835,0.0,0.0,0.0,4,8,2184616.11112,34734.983586
2024-09-02 22:00:00,schloemer,L81,78,79,53.09922586666724,0.0,0.0,0.0,4,8,2184616.11112,34734.983586
2024-09-02 22:00:00,schloemer,L82,79,95,56.820889221256294,3.3306690738754696e-16,0.0,1.3322676295501878e-15,4,8,2184616.11112,34734.983586
2024-09-02 22:00:00,schloemer,L83,79,96,55.709352654129184,1.1102230246251565e-16,0.0,4.440892098500626e-16,4,8,2184616.11112,34734.983586
2024-09-02 22:00:00,schloemer,L84,79,97,54.54952267474358,1.1102230246251565e-16,0.0,4.440892098500626e-16,4,8,2184616.11112,34734.983586
2024-09-02 22:00:00,schloemer,L85,79,98,59.36489106048501,1.4432899320127035e-15,0.0,5.773159728050814e-15,4,8,2184616.11112,34734.983586
2024-09-02 22:00:00,schloemer,L86,80,67,67.56593404105725,2.4091839634365897e-13,3.9190872769268026e-14,1.0049294729697067e-11,30,72,2186055.70436,34781.856812
2024-09-02 22:00:00,schloemer,L87,80,79,61.47082300531135,5.218048215738236e-15,0.0,1.461053500406706e-13,28,69,2185981.58126,34779.386042
2024-09-02 22:00:00,schloemer,L88,81,82,49.37191804218332,0.0,0.0,0.0,4,8,2184616.11112,34734.983586
2024-09-02 22:00:00,schloemer,L89,81,95,54.177634191672745,1.1102230246251565e-16,0.0,4.440892098500626e-16,4,8,2184616.11112,34734.983586
2024-09-02 22:00:00,schloemer,L90,93,95,56.486386806225866,2.220446049250313e-16,0.0,8.881784197001252e-16,4,8,2184616.11112,34734.983586
2024-09-02 22:00:00,schloemer,L91,95,96,55.13634816912771,1.1102230246251565e-16,0.0,4.440892098500626e-16,4,8,2184616.11112,34734.983586
2024-09-02 22:00:00,schloemer,L92,115,67,69.11301862060945,6.639133687258436e-13,3.290479000384039e-12,1.040547648045731e-10,13,29,2185126.88168,34750.896056
2024-09-02 23:00:00,schloemer,L0,22,23,29.886097974800844,0.0,0.0,0.0,4,8,2184616.11112,34734.983586
2024-09-02 23:00:00,schloemer,L1,23,69,37.83925512310452,0.0,0.0,0.0,4,8,2184616.11112,34734.983586
2024-09-02 23:00:00,schloemer,L2,23,71,30.519164724911967,0.0,0.0,0.0,4,8,2184616.11112,34734.983586
2024-09-02 23:00:00,schloemer,L3,29,37,85.26710203011703,1.93870307585442e-08,0.020602929375811097,0.1534153845477051,4,8,2184616.11112,34734.983586
2024-09-02 23:00:00,schloemer,L4,32,36,119.85687338829929,0.05011078590389384,0.9986287474778596,1.0,4,8,2184616.11112,34734.983586
2024-09-02 23:00:00,schloemer,L5,33,36,100.98807198088136,8.830810496640584e-05,0.8012618808132612,0.9999975672583542,4,8,2184616.11112,34734.983586
2024-09-02 23:00:00,schloemer,L6,33,42,86.03248247544653,3.0736398537456466e-08,0.030921994190436508,0.22219659130338398,4,8,2184616.11112,34734.983586
2024-09-02 23:00:00,schloemer,L7,34,36,114.03050552313958,0.011304170900807597,0.992656129499519,1.0,4,8,2184616.11112,34734.983586
2024-09-02 23:00:00,schloemer,L8,36,38,113.40482506702463,0.009402441313318688,0.9912345214450652,1.0,4,8,2184616.11112,34734.983586
2024-09-02 23:00:00,schloemer,L9,36,39,102.49540164547703,0.00017237445204931756,0.8554985473290071,0.9999998100329697,4,8,2184616.11112,34734.983586
2024-09-02 23:00:00,schloemer,L10,37,36,95.1058198658157,4.936281598144632e-06,0.4657752339461485,0.9999999999999147,20,48,2185542.33716,34764.744572
2024-09-02 23:00:00,schloemer,L11,37,64,75.8140639594056,5.103140132689532e-11,2.4743579474240107e-06,1.9794896273350737e-05,4,8,2184616.11112,34734.983586
2024-09-02 23:00:00,schloemer,L12,38,39,105.73280647504775,0.0006598725143222017,0.9320642410369826,0.9999999995474769,4,8,2184616.11112,34734.983586
2024-09-02 23:00:00,schloemer,L13,39,40,89.92085367590728,2.9876643148352144e-07,0.14846996927851974,0.7235610524422051,4,8,2184616.11112,34734.983586
2024-09-02 23:00:00,schloemer,L14,39,41,81.0510421692551,1.4374896828428518e-09,0.00104536554918655,0.008332395888727251,4,8,2184616.11112,34734.983586
2024-09-02 23:00:00,schloemer,L15,40,41,77.03950363092,1.1224343676730086e-10,1.3569941053059864e-05,0.00010855482147698048,4,8,2184616.11112,34734.983586
2024-09-02 23:00:00,schloemer,L16,41,48,59.76916538225966,1.887379141862766e-15,0.0,7.549516567451064e-15,4,8,2184616.11112,34734.983586
2024-09-02 23:00:00,schloemer,L17,41,48,59.76916538225966,1.887379141862766e-15,0.0,7.549516567451064e-15,4,8,2184616.11112,34734.983586
2024-09-02 23:00:00,schloemer,L18,42,43,71.9340215413095,4.1531222905177856e-12,2.6340591929852053e-09,2.108908581099911e-08,4,8,2184616.11112,34734.983586
2024-09-02 23:00:00,schloemer,L19,43,44,60.818162323801964,3.552713678800501e-15,0.0,1.4210854715202004e-14,4,8,2184616.11112,34734.983586
2024-09-02 23:00:00,schloemer,L20,44,45,53.16022868382311,0.0,0.0,0.0,4,8,2184616.11112,34734.983586
2024-09-02 23:00:00,schloemer,L21,44,48,54.05262149085498,1.1102230246251565e-16,0.0,4.440892098500626e-16,4,8,2184616.11112,34734.983586
2024-09-02 23:00:00,schloemer,L22,45,46,50.50232827126361,0.0,0.0,0.0,4,8,2184616.11112,34734.983586
2024-09-02 23:00:00,schloemer,L23,45,47,48.69321610759178,0.0,0.0,0.0,4,8,2184616.11112,34734.983586
2024-09-02 23:00:00,schloemer,L24,46,48,51.50883467557002,0.0,0.0,0.0,4,8,2184616.11112,34734.983586
2024-09-02 23:00:00,schloemer,L25,46,68,50.777702226753476,0.0,0.0,0.0,4,8,2184616.11112,34734.983586
2024-09-02 23:00:00,schloemer,L26,47,48,49.480389832462485,0.0,0.0,0.0,4,8,2184616.11112,34734.983586
2024-09-02 23:00:00,schloemer,L27,48,49,48.94369201587963,0.0,0.0,0.0,4,8,2184616.11112,34734.983586
2024-09-02 23:00:00,schloemer,L28,48,50,47.15636199593582,0.0,0.0,0.0,4,8,2184616.11112,34734.983586
2024-09-02 23:00:00,schloemer,L29,48,53,48.653874704298026,0.0,0.0,0.0,4,8,2184616.11112,34734.983586
2024-09-02 23:00:00,schloemer,L30,48,53,48.653874704298026,0.0,0.0,0.0,4,8,2184616.11112,34734.983586
2024-09-02 23:00:00,schloemer,L31,48,65,54.896142967893496,1.1102230246251565e-16,0.0,4.440892098500626e-16,4,8,2184616.11112,34734.983586
2024-09-02 23:00:00,schloemer,L32,48,65,54.896142967893496,1.1102230246251565e-16,0.0,4.440892098500626e-16,4,8,2184616.11112,34734.983586
2024-09-02 23:00:00,schloemer,L33,48,68,52.01947297368861,0.0,0.0,0.0,4,8,2184616.11112,34734.983586
2024-09-02 23:00:00,schloemer,L34,49,56,44.38341958884057,0.0,0.0,0.0,4,8,2184616.11112,34734.983586
2024-09-02 23:00:00,schloemer,L35,50,51,40.7392504410116,0.0,0.0,0.0,4,8,2184616.11112,34734.983586
2024-09-02 23:00:00,schloemer,L36,50,57,41.71328915017309,0.0,0.0,0.0,4,8,2184616.11112,34734.983586
2024-09-02 23:00:00,schloemer,L37,51,52,39.0518029633688,0.0,0.0,0.0,4,8,2184616.11112,34734.983586
2024-09-02 23:00:00,schloemer,L38,52,53,42.14272254712323,0.0,0.0,0.0,4,8,2184616.11112,34734.983586
2024-09-02 23:00:00,schloemer,L39,53,54,43.96215569823103,0.0,0.0,0.0,4,8,2184616.11112,34734.983586
2024-09-02 23:00:00,schloemer,L40,53,55,43.76654872136593,0.0,0.0,0.0,4,8,2184616.11112,34734.983586
2024-09-02 23:00:00,schloemer,L41,53,58,45.563137757130434,0.0,0.0,0.0,4,8,2184616.11112,34734.983586
2024-09-02 23:00:00,schloemer,L42,54,55,42.515091544857995,0.0,0.0,0.0,4,8,2184616.11112,34734.983586
2024-09-02 23:00:00,schloemer,L43,54,58,44.09879306167038,0.0,0.0,0.0,4,8,2184616.11112,34734.983586
2024-09-02 23:00:00,schloemer,L44,55,56,42.53872048440857,0.0,0.0,0.0,4,8,2184616.11112,34734.983586
2024-09-02 23:00:00,schloemer,L45,55,57,41.365560557900885,0.0,0.0,0.0,4,8,2184616.11112,34734.983586
2024-09-02 23:00:00,schloemer,L46,55,58,43.9938922758943,0.0,0.0,0.0,4,8,2184616.11112,34734.983586
2024-09-02 23:00:00,schloemer,L47,55,58,43.9938922758943,0.0,0.0,0.0,4,8,2184616.11112,34734.983586
2024-09-02 23:00:00,schloemer,L48,58,59,46.63478259408258,0.0,0.0,0.0,4,8,2184616.11112,34734.983586
2024-09-02 23:00:00,schloemer,L49,58,60,47.84441499110686,0.0,0.0,0.0,4,8,2184616.11112,34734.983586
2024-09-02 23:00:00,schloemer,L50,59,60,48.80509666149529,0.0,0.0,0.0,4,8,2184616.11112,34734.983586
2024-09-02 23:00:00,schloemer,L51,59,61,50.278802865600525,0.0,0.0,0.0,4,8,2184616.11112,34734.983586
2024-09-02 23:00:00,schloemer,L52,60,61,51.70904772735158,0.0,0.0,0.0,4,8,2184616.11112,34734.983586
2024-09-02 23:00:00,schloemer,L53,61,65,55.543589180332084,1.1102230246251565e-16,0.0,4.440892098500626e-16,4,8,2184616.11112,34734.983586
2024-09-02 23:00:00,schloemer,L54,61,66,55.54668785793516,1.1102230246251565e-16,0.0,4.440892098500626e-16,4,8,2184616.11112,34734.983586
2024-09-02 23:00:00,schloemer,L55,62,58,47.49339647183433,0.0,0.0,0.0,13,30,2185148.89802,34751.629934
2024-09-02 23:00:00,schloemer,L56,62,63,52.89018351791722,0.0,0.0,0.0,4,8,2184616.11112,34734.983586
2024-09-02 23:00:00,schloemer,L57,63,60,53.32823535734476,0.0,0.0,0.0,20,47,2185512.78098,34763.759366
2024-09-02 23:00:00,schloemer,L58,63,64,62.12466072689846,7.882583474838611e-15,0.0,3.1530333899354446e-14,4,8,2184616.11112,34734.983586
2024-09-02 23:00:00,schloemer,L59,64,65,62.25105696722153,8.43769498715119e-15,0.0,1.687538997430238e-13,20,48,2185545.98792,34764.866264
2024-09-02 23:00:00,schloemer,L60,64,67,66.93514404379506,1.5942802633617248e-13,5.440092820663267e-15,6.564193633096238e-12,38,93,2186503.81292,34796.793764
2024-09-02 23:00:00,schloemer,L61,65,66,57.90407863847057,5.551115123125783e-16,0.0,2.220446049250313e-15,4,8,2184616.11112,34734.983586
2024-09-02 23:00:00,schloemer,L62,67,68,56.259324432079865,2.220446049250313e-16,0.0,6.217248937900877e-15,28,68,2185978.45538,34779.281846
2024-09-02 23:00:00,schloemer,L63,68,69,45.204509154338204,0.0,0.0,0.0,4,8,2184616.11112,34734.983586
2024-09-02 23:00:00,schloemer,L64,68,74,47.945047708240736,0.0,0.0,0.0,4,8,2184616.11112,34734.983586
2024-09-02 23:00:00,schloemer,L65,68,76,50.825263479534,0.0,0.0,0.0,4,8,2184616.11112,34734.983586
2024-09-02 23:00:00,schloemer,L66,69,70,38.14096155385604,0.0,0.0,0.0,4,8,2184616.11112,34734.983586
2024-09-02 23:00:00,schloemer,L67,69,73,41.00060885961189,0.0,0.0,0.0,4,8,2184616.11112,34734.983586
2024-09-02 23:00:00,schloemer,L68,69,74,42.980260946512985,0.0,0.0,0.0,4,8,2184616.11112,34734.983586
2024-09-02 23:00:00,schloemer,L69,70,71,34.608570468387725,0.0,0.0,0.0,4,8,2184616.11112,34734.983586
2024-09-02 23:00:00,schloemer,L70,70,72,30.50497026890602,0.0,0.0,0.0,4,8,2184616.11112,34734.983586
2024-09-02 23:00:00,schloemer,L71,73,74,43.17892329372964,0.0,0.0,0.0,4,8,2184616.11112,34734.983586
2024-09-02 23:00:00,schloemer,L72,74,76,47.740885252149404,0.0,0.0,0.0,4,8,2184616.11112,34734.983586
2024-09-02 23:00:00,schloemer,L73,74,117,44.14817056103292,0.0,0.0,0.0,4,8,2184616.11112,34734.983586
2024-09-02 23:00:00,schloemer,L74,75,76,47.29393369182392,0.0,0.0,0.0,4,8,2184616.11112,34734.983586
2024-09-02 23:00:00,schloemer,L75,75,117,43.8277141720882,0.0,0.0,0.0,4,8,2184616.11112,34734.983586
2024-09-02 23:00:00,schloemer,L76,76,77,48.67556680047683,0.0,0.0,0.0,4,8,2184616.11112,34734.983586
2024-09-02 23:00:00,schloemer,L77,76,79,52.64737059951002,0.0,0.0,0.0,4,8,2184616.11112,34734.983586
2024-09-02 23:00:00,schloemer,L78,76,79,52.64737059951002,0.0,0.0,0.0,4,8,2184616.11112,34734.983586
2024-09-02 23:00:00,schloemer,L79,76,81,50.54934310934049,0.0,0.0,0.0,4,8,2184616.11112,34734.983586
2024-09-02 23:00:00,schloemer,L80,77,78,47.72223824915352,0.0,0.0,0.0,4,8,2184616.11112,34734.983586
2024-09-02 23:00:00,schloemer,L81,78,79,51.34695687565381,0.0,0.0,0.0,4,8,2184616.11112,34734.983586
2024-09-02 23:00:00,schloemer,L82,79,95,54.94824713570114,1.1102230246251565e-16,0.0,4.440892098500626e-16,4,8,2184616.11112,34734.983586
2024-09-02 23:00:00,schloemer,L83,79,96,53.94390882277986,1.1102230246251565e-16,0.0,4.440892098500626e-16,4,8,2184616.11112,34734.983586
2024-09-02 23:00:00,schloemer,L84,79,97,52.82043648967543,0.0,0.0,0.0,4,8,2184616.11112,34734.983586
2024-09-02 23:00:00,schloemer,L85,79,98,57.21379059064686,4.440892098500626e-16,0.0,1.7763568394002505e-15,4,8,2184616.11112,34734.983586
2024-09-02 23:00:00,schloemer,L86,80,67,63.39508922565878,1.709743457922741e-14,0.0,5.129230373768223e-13,30,72,2186055.70436,34781.856812
2024-09-02 23:00:00,schloemer,L87,80,79,58.61383066039874,8.881784197001252e-16,0.0,2.4868995751603507e-14,28,69,2185981.58126,34779.386042
2024-09-02 23:00:00,schloemer,L88,81,82,48.09470391412652,0.0,0.0,0.0,4,8,2184616.11112,34734.983586
2024-09-02 23:00:00,schloemer,L89,81,95,52.54863160551442,0.0,0.0,0.0,4,8,2184616.11112,34734.983586
2024-09-02 23:00:00,schloemer,L90,93,95,55.15909923249264,1.1102230246251565e-16,0.0,4.440892098500626e-16,4,8,2184616.11112,34734.983586
2024-09-02 23:00:00,schloemer,L91,95,96,53.646487432057654,0.0,0.0,0.0,4,8,2184616.11112,34734.983586
2024-09-02 23:00:00,schloemer,L92,115,67,64.63416410717426,3.7969627442180354e-14,0.0,4.936051567483446e-13,13,29,2185126.88168,34750.896056
2024-09-03 00:00:00,schloemer,L0,22,23,29.317380747445362,0.0,0.0,0.0,4,8,2184616.11112,34734.983586
2024-09-03 00:00:00,schloemer,L1,23,69,36.91942766529354,0.0,0.0,0.0,4,8,2184616.11112,34734.983586
2024-09-03 00:00:00,schloemer,L2,23,71,29.91945421678717,0.0,0.0,0.0,4,8,2184616.11112,34734.983586
2024-09-03 00:00:00,schloemer,L3,29,37,81.11734517112673,1.49859769038585e-09,0.0011078656563981992,0.008828640976935143,4,8,2184616.11112,34734.983586
2024-09-03 00:00:00,schloemer,L4,32,36,111.63467869600557,0.005438801798150927,0.9856239510672629,0.9999999999999982,4,8,2184616.11112,34734.983586
2024-09-03 00:00:00,schloemer,L5,33,36,93.92651865294118,2.7133367558329624e-06,0.3865815106377404,0.9799529633874917,4,8,2184616.11112,34734.983586
2024-09-03 00:00:00,schloemer,L6,33,42,80.29836253203297,8.948898289062868e-10,0.0005254656040617478,0.004196005321823404,4,8,2184616.11112,34734.983586
2024-09-03 00:00:00,schloemer,L7,34,36,107.77413764004007,0.0014383157724849882,0.9594483250510979,0.9999999999927294,4,8,2184616.11112,34734.983586
2024-09-03 00:00:00,schloemer,L8,36,38,104.43270408909498,0.0003909469218322803,0.9070507761566207,0.9999999944372843,4,8,2184616.11112,34734.983586
2024-09-03 00:00:00,schloemer,L9,36,39,94.35726023478611,3.408068444343826e-06,0.41595636262208413,0.9864619393315437,4,8,2184616.11112,34734.983586
2024-09-03 00:00:00,schloemer,L10,37,36,88.95891758647215,1.6838513461348015e-07,0.10713002552812023,0.995656567912365,20,48,2185542.33716,34764.744572
2024-09-03 00:00:00,schloemer,L11,37,64,71.36271507514975,2.869371407143717e-12,7.756448816564898e-10,6.216636538880493e-09,4,8,2184616.11112,34734.983586
2024-09-03 00:00:00,schloemer,L12,38,39,96.58574109663833,1.0746108434100954e-05,0.5659494764081793,0.9987401941881491,4,8,2184616.11112,34734.983586
2024-09-03 00:00:00,schloemer,L13,39,40,82.78114749720936,4.230546912786792e-09,0.004197792613915841,0.03309307704081277,4,8,2184616.11112,34734.983586
2024-09-03 00:00:00,schloemer,L14,39,41,75.2841741479609,3.626055011807239e-11,1.1132873097841056e-06,8.906408815789746e-06,4,8,2184616.11112,34734.983586
2024-09-03 00:00:00,schloemer,L15,40,41,71.76107589782218,3.713362950463761e-12,1.8309191940346636e-09,1.4662206893056862e-08,4,8,2184616.11112,34734.983586
2024-09-03 00:00:00,schloemer,L16,41,48,56.7899579900778,3.3306690738754696e-16,0.0,1.3322676295501878e-15,4,8,2184616.11112,34734.983586
2024-09-03 00:00:00,schloemer,L17,41,48,56.7899579900778,3.3306690738754696e-16,0.0,1.3322676295501878e-15,4,8,2184616.11112,34734.983586
2024-09-03 00:00:00,schloemer,L18,42,43,67.6437922104033,2.6068036618198676e-13,5.306866057708248e-14,1.4672707493446069e-12,4,8,2184616.11112,34734.983586
2024-09-03 00:00:00,schloemer,L19,43,44,57.731055284371365,5.551115123125783e-16,0.0,2.220446049250313e-15,4,8,2184616.11112,34734.983586
2024-09-03 00:00:00,schloemer,L20,44,45,50.85994343068951,0.0,0.0,0.0,4,8,2184616.11112,34734.983586
2024-09-03 00:00:00,schloemer,L21,44,48,51.69929270834877,0.0,0.0,0.0,4,8,2184616.11112,34734.983586
2024-09-03 00:00:00,schloemer,L22,45,46,48.43850089155784,0.0,0.0,0.0,4,8,2184616.11112,34734.983586
2024-09-03 00:00:00,schloemer,L23,45,47,46.839932293842004,0.0,0.0,0.0,4,8,2184616.11112,34734.983586
2024-09-03 00:00:00,schloemer,L24,46,48,49.364217144948455,0.0,0.0,0.0,4,8,2184616.11112,34734.983586
2024-09-03 00:00:00,schloemer,L25,46,68,48.662615110136116,0.0,0.0,0.0,4,8,2184616.11112,34734.983586
2024-09-03 00:00:00,schloemer,L26,47,48,47.58048547458048,0.0,0.0,0.0,4,8,2184616.11112,34734.983586
2024-09-03 00:00:00,schloemer,L27,48,49,47.162217859111976,0.0,0.0,0.0,4,8,2184616.11112,34734.983586
2024-09-03 00:00:00,schloemer,L28,48,50,45.54096322817664,0.0,0.0,0.0,4,8,2184616.11112,34734.983586
2024-09-03 00:00:00,schloemer,L29,48,53,46.97185785715489,0.0,0.0,0.0,4,8,2184616.11112,34734.983586
2024-09-03 00:00:00,schloemer,L30,48,53,46.97185785715489,0.0,0.0,0.0,4,8,2184616.11112,34734.983586
2024-09-03 00:00:00,schloemer,L31,48,65,52.590181261864984,0.0,0.0,0.0,4,8,2184616.11112,34734.983586
2024-09-03 00:00:00,schloemer,L32,48,65,52.590181261864984,0.0,0.0,0.0,4,8,2184616.11112,34734.983586
2024-09-03 00:00:00,schloemer,L33,48,68,49.78437197610359,0.0,0.0,0.0,4,8,2184616.11112,34734.983586
2024-09-03 00:00:00,schloemer,L34,49,56,43.09183175038945,0.0,0.0,0.0,4,8,2184616.11112,34734.983586
2024-09-03 00:00:00,schloemer,L35,50,51,39.70872469231651,0.0,0.0,0.0,4,8,2184616.11112,34734.983586
2024-09-03 00:00:00,schloemer,L36,50,57,40.628854775299914,0.0,0.0,0.0,4,8,2184616.11112,34734.983586
2024-09-03 00:00:00,schloemer,L37,51,52,38.19399722714234,0.0,0.0,0.0,4,8,2184616.11112,34734.983586
2024-09-03 00:00:00,schloemer,L38,52,53,41.10886041811526,0.0,0.0,0.0,4,8,2184616.11112,34734.983586
2024-09-03 00:00:00,schloemer,L39,53,54,42.86282543026414,0.0,0.0,0.0,4,8,2184616.11112,34734.983586
2024-09-03 00:00:00,schloemer,L40,53,55,42.6444134621986,0.0,0.0,0.0,4,8,2184616.11112,34734.983586
2024-09-03 00:00:00,schloemer,L41,53,58,44.36732452435131,0.0,0.0,0.0,4,8,2184616.11112,34734.983586
2024-09-03 00:00:00,schloemer,L42,54,55,41.549822629133644,0.0,0.0,0.0,4,8,2184616.11112,34734.983586
2024-09-03 00:00:00,schloemer,L43,54,58,43.08801287479324,0.0,0.0,0.0,4,8,2184616.11112,34734.983586
2024-09-03 00:00:00,schloemer,L44,55,56,41.48383324974338,0.0,0.0,0.0,4,8,2184616.11112,34734.983586
2024-09-03 00:00:00,schloemer,L45,55,57,40.392984442893734,0.0,0.0,0.0,4,8,2184616.11112,34734.983586
2024-09-03 00:00:00,schloemer,L46,55,58,42.94770092575159,0.0,0.0,0.0,4,8,2184616.11112,34734.983586
2024-09-03 00:00:00,schloemer,L47,55,58,42.94770092575159,0.0,0.0,0.0,4,8,2184616.11112,34734.983586
2024-09-03 00:00:00,schloemer,L48,58,59,45.57083607171496,0.0,0.0,0.0,4,8,2184616.11112,34734.983586
2024-09-03 00:00:00,schloemer,L49,58,60,46.66607301850575,0.0,0.0,0.0,4,8,2184616.11112,34734.983586
2024-09-03 00:00:00,schloemer,L50,59,60,47.67564253425286,0.0,0.0,0.0,4,8,2184616.11112,34734.983586
2024-09-03 00:00:00,schloemer,L51,59,61,49.01242843804793,0.0,0.0,0.0,4,8,2184616.11112,34734.983586
2024-09-03 00:00:00,schloemer,L52,60,61,50.29924946462652,0.0,0.0,0.0,4,8,2184616.11112,34734.983586
2024-09-03 00:00:00,schloemer,L53,61,65,53.568437563022044,0.0,0.0,0.0,4,8,2184616.11112,34734.983586
2024-09-03 00:00:00,schloemer,L54,61,66,53.77233946802067,0.0,0.0,0.0,4,8,2184616.11112,34734.983586
2024-09-03 00:00:00,schloemer,L55,62,58,46.30067646896362,0.0,0.0,0.0,13,30,2185148.89802,34751.629934
2024-09-03 00:00:00,schloemer,L56,62,63,51.26107949672208,0.0,0.0,0.0,4,8,2184616.11112,34734.983586
2024-09-03 00:00:00,schloemer,L57,63,60,51.717482721400756,0.0,0.0,0.0,20,47,2185512.78098,34763.759366
2024-09-03 00:00:00,schloemer,L58,63,64,59.31886034665858,1.4432899320127035e-15,0.0,5.773159728050814e-15,4,8,2184616.11112,34734.983586
2024-09-03 00:00:00,schloemer,L59,64,65,59.28222969541004,1.3322676295501878e-15,0.0,2.6645352591003757e-14,20,48,2185545.98792,34764.866264
2024-09-03 00:00:00,schloemer,L60,64,67,62.96206415622158,1.2878587085651816e-14,0.0,4.89386309254769e-13,38,93,2186503.81292,34796.793764
2024-09-03 00:00:00,schloemer,L61,65,66,55.68289755391054,1.1102230246251565e-16,0.0,4.440892098500626e-16,4,8,2184616.11112,34734.983586
2024-09-03 00:00:00,schloemer,L62,67,68,53.55251438949441,0.0,0.0,0.0,28,68,2185978.45538,34779.281846
2024-09-03 00:00:00,schloemer,L63,68,69,43.66599189177608,0.0,0.0,0.0,4,8,2184616.11112,34734.983586
2024-09-03 00:00:00,schloemer,L64,68,74,46.161960894028255,0.0,0.0,0.0,4,8,2184616.11112,34734.983586
2024-09-03 00:00:00,schloemer,L65,68,76,48.80067590358297,0.0,0.0,0.0,4,8,2184616.11112,34734.983586
2024-09-03 00:00:00,schloemer,L66,69,70,37.21355945983588,0.0,0.0,0.0,4,8,2184616.11112,34734.983586
2024-09-03 00:00:00,schloemer,L67,69,73,39.851804287936666,0.0,0.0,0.0,4,8,2184616.11112,34734.983586
2024-09-03 00:00:00,schloemer,L68,69,74,41.66833567014719,0.0,0.0,0.0,4,8,2184616.11112,34734.983586
2024-09-03 00:00:00,schloemer,L69,70,71,30.113609513585903,0.0,0.0,0.0,4,8,2184616.11112,34734.983586
2024-09-03 00:00:00,schloemer,L70,70,72,29.930890772091328,0.0,0.0,0.0,4,8,2184616.11112,34734.983586
2024-09-03 00:00:00,schloemer,L71,73,74,41.86646486521068,0.0,0.0,0.0,4,8,2184616.11112,34734.983586
2024-09-03 00:00:00,schloemer,L72,74,76,46.07449950178947,0.0,0.0,0.0,4,8,2184616.11112,34734.983586
2024-09-03 00:00:00,schloemer,L73,74,117,42.78422636991113,0.0,0.0,0.0,4,8,2184616.11112,34734.983586
2024-09-03 00:00:00,schloemer,L74,75,76,45.74995996657744,0.0,0.0,0.0,4,8,2184616.11112,34734.983586
2024-09-03 00:00:00,schloemer,L75,75,117,42.55251414724532,0.0,0.0,0.0,4,8,2184616.11112,34734.983586
2024-09-03 00:00:00,schloemer,L76,76,77,47.071896807088216,0.0,0.0,0.0,4,8,2184616.11112,34734.983586
2024-09-03 00:00:00,schloemer,L77,76,79,50.726592031411315,0.0,0.0,0.0,4,8,2184616.11112,34734.983586
2024-09-03 00:00:00,schloemer,L78,76,79,50.726592031411315,0.0,0.0,0.0,4,8,2184616.11112,34734.983586
2024-09-03 00:00:00,schloemer,L79,76,81,48.849060768835784,0.0,0.0,0.0,4,8,2184616.11112,34734.983586
2024-09-03 00:00:00,schloemer,L80,77,78,46.340935854462465,0.0,0.0,0.0,4,8,2184616.11112,34734.983586
2024-09-03 00:00:00,schloemer,L81,78,79,49.731159508153496,0.0,0.0,0.0,4,8,2184616.11112,34734.983586
2024-09-03 00:00:00,schloemer,L82,79,95,53.18130855036682,0.0,0.0,0.0,4,8,2184616.11112,34734.983586
2024-09-03 00:00:00,schloemer,L83,79,96,52.274271171947845,0.0,0.0,0.0,4,8,2184616.11112,34734.983586
2024-09-03 00:00:00,schloemer,L84,79,97,51.1972738288325,0.0,0.0,0.0,4,8,2184616.11112,34734.983586
2024-09-03 00:00:00,schloemer,L85,79,98,55.20022081313678,1.1102230246251565e-16,0.0,4.440892098500626e-16,4,8,2184616.11112,34734.983586
2024-09-03 00:00:00,schloemer,L86,80,67,59.88730693635907,1.9984014443252818e-15,0.0,5.995204332975845e-14,30,72,2186055.70436,34781.856812
2024-09-03 00:00:00,schloemer,L87,80,79,56.077703620647604,2.220446049250313e-16,0.0,6.217248937900877e-15,28,69,2185981.58126,34779.386042
2024-09-03 00:00:00,schloemer,L88,81,82,46.884639690705654,0.0,0.0,0.0,4,8,2184616.11112,34734.983586
2024-09-03 00:00:00,schloemer,L89,81,95,51.004581611525815,0.0,0.0,0.0,4,8,2184616.11112,34734.983586
2024-09-03 00:00:00,schloemer,L90,93,95,53.80009333275814,0.0,0.0,0.0,4,8,2184616.11112,34734.983586
2024-09-03 00:00:00,schloemer,L91,95,96,52.18892628297305,0.0,0.0,0.0,4,8,2184616.11112,34734.983586
2024-09-03 00:00:00,schloemer,L92,115,67,60.901274003696294,3.6637359812630166e-15,0.0,4.7628567756419216e-14,13,29,2185126.88168,34750.896056
2024-09-03 01:00:00,schloemer,L0,22,23,28.80737265893194,0.0,0.0,0.0,4,8,2184616.11112,34734.983586
2024-09-03 01:00:00,schloemer,L1,23,69,36.09797111756486,0.0,0.0,0.0,4,8,2184616.11112,34734.983586
2024-09-03 01:00:00,schloemer,L2,23,71,29.381044563469505,0.0,0.0,0.0,4,8,2184616.11112,34734.983586
2024-09-03 01:00:00,schloemer,L3,29,37,77.0204939329721,1.1088219231680796e-10,1.3235961626278936e-05,0.00010588323128279953,4,8,2184616.11112,34734.983586
2024-09-03 01:00:00,schloemer,L4,32,36,103.16008193207699,0.00022948423867186207,0.8753296441737991,0.9999999416948534,4,8,2184616.11112,34734.983586
2024-09-03 01:00:00,schloemer,L5,33,36,87.41254150916843,6.98247307751032e-08,0.05894780758747842,0.384951214357763,4,8,2184616.11112,34734.983586
2024-09-03 01:00:00,schloemer,L6,33,42,75.25437942783991,3.556999139675554e-11,1.0631470939159726e-06,8.505287382276627e-06,4,8,2184616.11112,34734.983586
2024-09-03 01:00:00,schloemer,L7,34,36,100.8152308743764,8.164593738191339e-05,0.7941766343582761,0.9999967802988328,4,8,2184616.11112,34734.983586
2024-09-03 01:00:00,schloemer,L8,36,38,96.13486328919815,8.55467538751764e-06,0.536444835608028,0.9978679542007788,4,8,2184616.11112,34734.983586
2024-09-03 01:00:00,schloemer,L9,36,39,87.21808438719648,6.225350612787395e-08,0.054169848385984265,0.3595206556364169,4,8,2184616.11112,34734.983586
2024-09-03 01:00:00,schloemer,L10,37,36,83.25487088051976,5.546741177475667e-09,0.005813372621072621,0.24410760015549948,20,48,2185542.33716,34764.744572
2024-09-03 01:00:00,schloemer,L11,37,64,67.44141418744044,2.289279876777073e-13,2.8754776337791554e-14,1.1457501614131615e-12,4,8,2184616.11112,34734.983586
2024-09-03 01:00:00,schloemer,L12,38,39,88.76699834267156,1.5405439113269637e-07,0.10068667236811035,0.5721535140968901,4,8,2184616.11112,34734.983586
2024-09-03 01:00:00,schloemer,L13,39,40,76.82677203710473,9.79119008093221e-11,1.024097139190605e-05,8.192522624106413e-05,4,8,2184616.11112,34734.983586
2024-09-03 01:00:00,schloemer,L14,39,41,70.43107994290996,1.5707435352396715e-12,9.238321219129375e-11,7.453486716713087e-10,4,8,2184616.11112,34734.983586
2024-09-03 01:00:00,schloemer,L15,40,41,67.32626433801462,2.1271873151818e-13,2.020605904817785e-14,1.0125233984581428e-12,4,8,2184616.11112,34734.983586
2024-09-03 01:00:00,schloemer,L16,41,48,54.2159907220332,1.1102230246251565e-16,0.0,4.440892098500626e-16,4,8,2184616.11112,34734.983586
2024-09-03 01:00:00,schloemer,L17,41,48,54.2159907220332,1.1102230246251565e-16,0.0,4.440892098500626e-16,4,8,2184616.11112,34734.983586
2024-09-03 01:00:00,schloemer,L18,42,43,63.94399689000906,2.475797344914099e-14,0.0,9.903189379656396e-14,4,8,2184616.11112,34734.983586
2024-09-03 01:00:00,schloemer,L19,43,44,55.06499933018575,1.1102230246251565e-16,0.0,4.440892098500626e-16,4,8,2184616.11112,34734.983586
2024-09-03 01:00:00,schloemer,L20,44,45,48.86009195795073,0.0,0.0,0.0,4,8,2184616.11112,34734.983586
2024-09-03 01:00:00,schloemer,L21,44,48,49.64833248168323,0.0,0.0,0.0,4,8,2184616.11112,34734.983586
2024-09-03 01:00:00,schloemer,L22,45,46,46.64256737116394,0.0,0.0,0.0,4,8,2184616.11112,34734.983586
2024-09-03 01:00:00,schloemer,L23,45,47,45.21672039360723,0.0,0.0,0.0,4,8,2184616.11112,34734.983586
2024-09-03 01:00:00,schloemer,L24,46,48,47.497236411063604,0.0,0.0,0.0,4,8,2184616.11112,34734.983586
2024-09-03 01:00:00,schloemer,L25,46,68,46.8272626191469,0.0,0.0,0.0,4,8,2184616.11112,34734.983586
2024-09-03 01:00:00,schloemer,L26,47,48,45.91347035577135,0.0,0.0,0.0,4,8,2184616.11112,34734.983586
2024-09-03 01:00:00,schloemer,L27,48,49,45.58623678584558,0.0,0.0,0.0,4,8,2184616.11112,34734.983586
2024-09-03 01:00:00,schloemer,L28,48,50,44.10740060919302,0.0,0.0,0.0,4,8,2184616.11112,34734.983586
2024-09-03 01:00:00,schloemer,L29,48,53,45.4707986889579,0.0,0.0,0.0,4,8,2184616.11112,34734.983586
2024-09-03 01:00:00,schloemer,L30,48,53,45.4707986889579,0.0,0.0,0.0,4,8,2184616.11112,34734.983586
2024-09-03 01:00:00,schloemer,L31,48,65,50.55647059980036,0.0,0.0,0.0,4,8,2184616.11112,34734.983586
2024-09-03 01:00:00,schloemer,L32,48,65,50.55647059980036,0.0,0.0,0.0,4,8,2184616.11112,34734.983586
2024-09-03 01:00:00,schloemer,L33,48,68,47.84755089110403,0.0,0.0,0.0,4,8,2184616.11112,34734.983586
2024-09-03 01:00:00,schloemer,L34,49,56,41.92819111558717,0.0,0.0,0.0,4,8,2184616.11112,34734.983586
2024-09-03 01:00:00,schloemer,L35,50,51,38.778260818587704,0.0,0.0,0.0,4,8,2184616.11112,34734.983586
2024-09-03 01:00:00,schloemer,L36,50,57,39.648324486808114,0.0,0.0,0.0,4,8,2184616.11112,34734.983586
2024-09-03 01:00:00,schloemer,L37,51,52,37.411434714446806,0.0,0.0,0.0,4,8,2184616.11112,34734.983586
2024-09-03 01:00:00,schloemer,L38,52,53,40.16300578968029,0.0,0.0,0.0,4,8,2184616.11112,34734.983586
2024-09-03 01:00:00,schloemer,L39,53,54,41.84882949820245,0.0,0.0,0.0,4,8,2184616.11112,34734.983586
2024-09-03 01:00:00,schloemer,L40,53,55,41.6150223125591,0.0,0.0,0.0,4,8,2184616.11112,34734.983586
2024-09-03 01:00:00,schloemer,L41,53,58,43.26269171465565,0.0,0.0,0.0,4,8,2184616.11112,34734.983586
2024-09-03 01:00:00,schloemer,L42,54,55,40.65344320546443,0.0,0.0,0.0,4,8,2184616.11112,34734.983586
2024-09-03 01:00:00,schloemer,L43,54,58,42.1407451234369,0.0,0.0,0.0,4,8,2184616.11112,34734.983586
2024-09-03 01:00:00,schloemer,L44,55,56,40.51806347738093,0.0,0.0,0.0,4,8,2184616.11112,34734.983586
2024-09-03 01:00:00,schloemer,L45,55,57,39.501554885670714,0.0,0.0,0.0,4,8,2184616.11112,34734.983586
2024-09-03 01:00:00,schloemer,L46,55,58,41.97416213761873,0.0,0.0,0.0,4,8,2184616.11112,34734.983586
2024-09-03 01:00:00,schloemer,L47,55,58,41.97416213761873,0.0,0.0,0.0,4,8,2184616.11112,34734.983586
2024-09-03 01:00:00,schloemer,L48,58,59,44.55492120389648,0.0,0.0,0.0,4,8,2184616.11112,34734.983586
2024-09-03 01:00:00,schloemer,L49,58,60,45.54801843971352,0.0,0.0,0.0,4,8,2184616.11112,34734.983586
2024-09-03 01:00:00,schloemer,L50,59,60,46.58304970840686,0.0,0.0,0.0,4,8,2184616.11112,34734.983586
2024-09-03 01:00:00,schloemer,L51,59,61,47.79601734129787,0.0,0.0,0.0,4,8,2184616.11112,34734.983586
2024-09-03 01:00:00,schloemer,L52,60,61,48.95485519161935,0.0,0.0,0.0,4,8,2184616.11112,34734.983586
2024-09-03 01:00:00,schloemer,L53,61,65,51.752506648357134,0.0,0.0,0.0,4,8,2184616.11112,34734.983586
2024-09-03 01:00:00,schloemer,L54,61,66,52.09966395449586,0.0,0.0,0.0,4,8,2184616.11112,34734.983586
2024-09-03 01:00:00,schloemer,L55,62,58,45.175940577487616,0.0,0.0,0.0,13,30,2185148.89802,34751.629934
2024-09-03 01:00:00,schloemer,L56,62,63,49.737112579536756,0.0,0.0,0.0,4,8,2184616.11112,34734.983586
2024-09-03 01:00:00,schloemer,L57,63,60,50.20009595970937,0.0,0.0,0.0,20,47,2185512.78098,34763.759366
2024-09-03 01:00:00,schloemer,L58,63,64,56.80569748535189,3.3306690738754696e-16,0.0,1.3322676295501878e-15,4,8,2184616.11112,34734.983586
2024-09-03 01:00:00,schloemer,L59,64,65,56.65974372860573,3.3306690738754696e-16,0.0,6.661338147750939e-15,20,48,2185545.98792,34764.866264
2024-09-03 01:00:00,schloemer,L60,64,67,59.597218321207535,1.6653345369377348e-15,0.0,6.328271240363392e-14,38,93,2186503.81292,34796.793764
2024-09-03 01:00:00,schloemer,L61,65,66,53.65192391008919,0.0,0.0,0.0,4,8,2184616.11112,34734.983586
2024-09-03 01:00:00,schloemer,L62,67,68,51.22663837988315,0.0,0.0,0.0,28,68,2185978.45538,34779.281846
2024-09-03 01:00:00,schloemer,L63,68,69,42.31175055670641,0.0,0.0,0.0,4,8,2184616.11112,34734.983586
2024-09-03 01:00:00,schloemer,L64,68,74,44.5984509366596,0.0,0.0,0.0,4,8,2184616.11112,34734.983586
2024-09-03 01:00:00,schloemer,L65,68,76,47.027001963572715,0.0,0.0,0.0,4,8,2184616.11112,34734.983586
2024-09-03 01:00:00,schloemer,L66,69,70,36.383949728038154,0.0,0.0,0.0,4,8,2184616.11112,34734.983586
2024-09-03 01:00:00,schloemer,L67,69,73,38.82910575663988,0.0,0.0,0.0,4,8,2184616.11112,34734.983586
2024-09-03 01:00:00,schloemer,L68,69,74,40.50443860547399,0.0,0.0,0.0,4,8,2184616.11112,34734.983586
2024-09-03 01:00:00,schloemer,L69,70,71,29.572616287886184,0.0,0.0,0.0,4,8,2184616.11112,34734.983586
2024-09-03 01:00:00,schloemer,L70,70,72,29.413062129740027,0.0,0.0,0.0,4,8,2184616.11112,34734.983586
2024-09-03 01:00:00,schloemer,L71,73,74,40.700118144071524,0.0,0.0,0.0,4,8,2184616.11112,34734.983586
2024-09-03 01:00:00,schloemer,L72,74,76,44.59681273176369,0.0,0.0,0.0,4,8,2184616.11112,34734.983586
2024-09-03 01:00:00,schloemer,L73,74,117,41.5694883123145,0.0,0.0,0.0,4,8,2184616.11112,34734.983586
2024-09-03 01:00:00,schloemer,L74,75,76,44.36643139841328,0.0,0.0,0.0,4,8,2184616.11112,34734.983586
2024-09-03 01:00:00,schloemer,L75,75,117,41.40709869640614,0.0,0.0,0.0,4,8,2184616.11112,34734.983586
2024-09-03 01:00:00,schloemer,L76,76,77,45.62714311554255,0.0,0.0,0.0,4,8,2184616.11112,34734.983586
2024-09-03 01:00:00,schloemer,L77,76,79,48.99735051048786,0.0,0.0,0.0,4,8,2184616.11112,34734.983586
2024-09-03 01:00:00,schloemer,L78,76,79,48.99735051048786,0.0,0.0,0.0,4,8,2184616.11112,34734.983586
2024-09-03 01:00:00,schloemer,L79,76,81,47.30859479972691,0.0,0.0,0.0,4,8,2184616.11112,34734.983586
2024-09-03 01:00:00,schloemer,L80,77,78,45.071723633196676,0.0,0.0,0.0,4,8,2184616.11112,34734.983586
2024-09-03 01:00:00,schloemer,L81,78,79,48.24034747177031,0.0,0.0,0.0,4,8,2184616.11112,34734.983586
2024-09-03 01:00:00,schloemer,L82,79,95,51.52446931747742,0.0,0.0,0.0,4,8,2184616.11112,34734.983586
2024-09-03 01:00:00,schloemer,L83,79,96,50.704443722130776,0.0,0.0,0.0,4,8,2184616.11112,34734.983586
2024-09-03 01:00:00,schloemer,L84,79,97,49.67899998419496,0.0,0.0,0.0,4,8,2184616.11112,34734.983586
2024-09-03 01:00:00,schloemer,L85,79,98,53.32755723510833,0.0,0.0,0.0,4,8,2184616.11112,34734.983586
2024-09-03 01:00:00,schloemer,L86,80,67,56.89723389174179,3.3306690738754696e-16,0.0,9.992007221626409e-15,30,72,2186055.70436,34781.856812
2024-09-03 01:00:00,schloemer,L87,80,79,53.81871029114883,0.0,0.0,0.0,28,69,2185981.58126,34779.386042
2024-09-03 01:00:00,schloemer,L88,81,82,45.739588887176524,0.0,0.0,0.0,4,8,2184616.11112,34734.983586
2024-09-03 01:00:00,schloemer,L89,81,95,49.54848452604682,0.0,0.0,0.0,4,8,2184616.11112,34734.983586
2024-09-03 01:00:00,schloemer,L90,93,95,52.44093882173895,0.0,0.0,0.0,4,8,2184616.11112,34734.983586
2024-09-03 01:00:00,schloemer,L91,95,96,50.780048125113844,0.0,0.0,0.0,4,8,2184616.11112,34734.983586
2024-09-03 01:00:00,schloemer,L92,115,67,57.742360038443586,5.551115123125783e-16,0.0,7.216449660063518e-15,13,29,2185126.88168,34750.896056
2024-09-03 02:00:00,schloemer,L0,22,23,28.341829576893357,0.0,0.0,0.0,4,8,2184616.11112,34734.983586
2024-09-03 02:00:00,schloemer,L1,23,69,35.35326939448081,0.0,0.0,0.0,4,8,2184616.11112,34734.983586
2024-09-03 02:00:00,schloemer,L2,23,71,28.889321232416986,0.0,0.0,0.0,4,8,2184616.11112,34734.983586
2024-09-03 02:00:00,schloemer,L3,29,37,73.1400515061666,9.066636330601341e-12,2.8698422527284606e-08,2.2962362367096034e-07,4,8,2184616.11112,34734.983586
2024-09-03 02:00:00,schloemer,L4,32,36,95.2973576229196,5.567953480278831e-06,0.48019230270990365,0.9946699414801984,4,8,2184616.11112,34734.983586
2024-09-03 02:00:00,schloemer,L5,33,36,81.60810385912043,2.038161972528485e-09,0.0016820093311233908,0.013377132267404113,4,8,2184616.11112,34734.983586
2024-09-03 02:00:00,schloemer,L6,33,42,70.84450532338239,2.0521362387171393e-12,2.4254809272150624e-10,1.9485932867269184e-09,4,8,2184616.11112,34734.983586
2024-09-03 02:00:00,schloemer,L7,34,36,93.98448179742675,2.7981703764057286e-06,0.39052210902154005,0.9809603575882421,4,8,2184616.11112,34734.983586
2024-09-03 02:00:00,schloemer,L8,36,38,88.84370474174513,1.6104476008305113e-07,0.10351085406576765,0.5827849111289297,4,8,2184616.11112,34734.983586
2024-09-03 02:00:00,schloemer,L9,36,39,81.06947523341455,1.4542268500505884e-09,0.0010624213521497339,0.008467838955121598,4,8,2184616.11112,34734.983586
2024-09-03 02:00:00,schloemer,L10,37,36,78.12217191543404,2.1980128828147372e-10,5.116021721851549e-05,0.0024527447355150445,20,48,2185542.33716,34764.744572
2024-09-03 02:00:00,schloemer,L11,37,64,63.987552185972795,2.5424107263916085e-14,0.0,1.0169642905566434e-13,4,8,2184616.11112,34734.983586
2024-09-03 02:00:00,schloemer,L12,38,39,82.16525697877039,2.8857213285604644e-09,0.00263435252874622,0.020881537183983112,4,8,2184616.11112,34734.983586
2024-09-03 02:00:00,schloemer,L13,39,40,71.8200844362228,3.8579139882699565e-12,2.074108440552891e-09,1.6608299069353905e-08,4,8,2184616.11112,34734.983586
2024-09-03 02:00:00,schloemer,L14,39,41,66.30596592227013,1.1080025785759062e-13,7.771561172376096e-16,4.4941828036826337e-13,4,8,2184616.11112,34734.983586
2024-09-03 02:00:00,schloemer,L15,40,41,63.5543141253765,1.942890293094024e-14,0.0,7.771561172376096e-14,4,8,2184616.11112,34734.983586
2024-09-03 02:00:00,schloemer,L16,41,48,51.96562314100007,0.0,0.0,0.0,4,8,2184616.11112,34734.983586
2024-09-03 02:00:00,schloemer,L17,41,48,51.96562314100007,0.0,0.0,0.0,4,8,2184616.11112,34734.983586
2024-09-03 02:00:00,schloemer,L18,42,43,60.72949246927399,3.3306690738754696e-15,0.0,1.3322676295501878e-14,4,8,2184616.11112,34734.983586
2024-09-03 02:00:00,schloemer,L19,43,44,52.735746214218715,0.0,0.0,0.0,4,8,2184616.11112,34734.983586
2024-09-03 02:00:00,schloemer,L20,44,45,47.09905967662346,0.0,0.0,0.0,4,8,2184616.11112,34734.983586
2024-09-03 02:00:00,schloemer,L21,44,48,47.83920965259244,0.0,0.0,0.0,4,8,2184616.11112,34734.983586
2024-09-03 02:00:00,schloemer,L22,45,46,45.05860680924388,0.0,0.0,0.0,4,8,2184616.11112,34734.983586
2024-09-03 02:00:00,schloemer,L23,45,47,43.77648553928425,0.0,0.0,0.0,4,8,2184616.11112,34734.983586
2024-09-03 02:00:00,schloemer,L24,46,48,45.85057349392529,0.0,0.0,0.0,4,8,2184616.11112,34734.983586
2024-09-03 02:00:00,schloemer,L25,46,68,45.21244393315697,0.0,0.0,0.0,4,8,2184616.11112,34734.983586
2024-09-03 02:00:00,schloemer,L26,47,48,44.432527732786895,0.0,0.0,0.0,4,8,2184616.11112,34734.983586
2024-09-03 02:00:00,schloemer,L27,48,49,44.17616867717989,0.0,0.0,0.0,4,8,2184616.11112,34734.983586
2024-09-03 02:00:00,schloemer,L28,48,50,42.82043545381888,0.0,0.0,0.0,4,8,2184616.11112,34734.983586
2024-09-03 02:00:00,schloemer,L29,48,53,44.117607128871455,0.0,0.0,0.0,4,8,2184616.11112,34734.983586
2024-09-03 02:00:00,schloemer,L30,48,53,44.117607128871455,0.0,0.0,0.0,4,8,2184616.11112,34734.983586
2024-09-03 02:00:00,schloemer,L31,48,65,48.74562516546126,0.0,0.0,0.0,4,8,2184616.11112,34734.983586
2024-09-03 02:00:00,schloemer,L32,48,65,48.74562516546126,0.0,0.0,0.0,4,8,2184616.11112,34734.983586
2024-09-03 02:00:00,schloemer,L33,48,68,46.14601946728627,0.0,0.0,0.0,4,8,2184616.11112,34734.983586
2024-09-03 02:00:00,schloemer,L34,49,56,40.86844982503417,0.0,0.0,0.0,4,8,2184616.11112,34734.983586
2024-09-03 02:00:00,schloemer,L35,50,51,37.92757702745573,0.0,0.0,0.0,4,8,2184616.11112,34734.983586
2024-09-03 02:00:00,schloemer,L36,50,57,38.751208091146424,0.0,0.0,0.0,4,8,2184616.11112,34734.983586
2024-09-03 02:00:00,schloemer,L37,51,52,36.68832636890317,0.0,0.0,0.0,4,8,2184616.11112,34734.983586
2024-09-03 02:00:00,schloemer,L38,52,53,39.28861928352807,0.0,0.0,0.0,4,8,2184616.11112,34734.983586
2024-09-03 02:00:00,schloemer,L39,53,54,40.90574300345261,0.0,0.0,0.0,4,8,2184616.11112,34734.983586
2024-09-03 02:00:00,schloemer,L40,53,55,40.66212034870489,0.0,0.0,0.0,4,8,2184616.11112,34734.983586
2024-09-03 02:00:00,schloemer,L41,53,58,42.23507791104734,0.0,0.0,0.0,4,8,2184616.11112,34734.983586
2024-09-03 02:00:00,schloemer,L42,54,55,39.81381509935267,0.0,0.0,0.0,4,8,2184616.11112,34734.983586
2024-09-03 02:00:00,schloemer,L43,54,58,41.247328900166345,0.0,0.0,0.0,4,8,2184616.11112,34734.983586
2024-09-03 02:00:00,schloemer,L44,55,56,39.624933859764994,0.0,0.0,0.0,4,8,2184616.11112,34734.983586
2024-09-03 02:00:00,schloemer,L45,55,57,38.675667171158736,0.0,0.0,0.0,4,8,2184616.11112,34734.983586
2024-09-03 02:00:00,schloemer,L46,55,58,41.06161855726727,0.0,0.0,0.0,4,8,2184616.11112,34734.983586
2024-09-03 02:00:00,schloemer,L47,55,58,41.06161855726727,0.0,0.0,0.0,4,8,2184616.11112,34734.983586
2024-09-03 02:00:00,schloemer,L48,58,59,43.58315526995976,0.0,0.0,0.0,4,8,2184616.11112,34734.983586
2024-09-03 02:00:00,schloemer,L49,58,60,44.485411766991135,0.0,0.0,0.0,4,8,2184616.11112,34734.983586
2024-09-03 02:00:00,schloemer,L50,59,60,45.52844747516177,0.0,0.0,0.0,4,8,2184616.11112,34734.983586
2024-09-03 02:00:00,schloemer,L51,59,61,46.63034434195984,0.0,0.0,0.0,4,8,2184616.11112,34734.983586
2024-09-03 02:00:00,schloemer,L52,60,61,47.67577613427741,0.0,0.0,0.0,4,8,2184616.11112,34734.983586
2024-09-03 02:00:00,schloemer,L53,61,65,50.08030592804203,0.0,0.0,0.0,4,8,2184616.11112,34734.983586
2024-09-03 02:00:00,schloemer,L54,61,66,50.52776300558853,0.0,0.0,0.0,4,8,2184616.11112,34734.983586
2024-09-03 02:00:00,schloemer,L55,62,58,44.112296512544084,0.0,0.0,0.0,13,30,2185148.89802,34751.629934
2024-09-03 02:00:00,schloemer,L56,62,63,48.31125344538047,0.0,0.0,0.0,4,8,2184616.11112,34734.983586
2024-09-03 02:00:00,schloemer,L57,63,60,48.77263719828483,0.0,0.0,0.0,20,47,2185512.78098,34763.759366
2024-09-03 02:00:00,schloemer,L58,63,64,54.54745622010455,1.1102230246251565e-16,0.0,4.440892098500626e-16,4,8,2184616.11112,34734.983586
2024-09-03 02:00:00,schloemer,L59,64,65,54.328941290674436,1.1102230246251565e-16,0.0,2.220446049250313e-15,20,48,2185545.98792,34764.866264
2024-09-03 02:00:00,schloemer,L60,64,67,56.70739987041744,3.3306690738754696e-16,0.0,1.2656542480726785e-14,38,93,2186503.81292,34796.793764
2024-09-03 02:00:00,schloemer,L61,65,66,51.7925599717636,0.0,0.0,0.0,4,8,2184616.11112,34734.983586
2024-09-03 02:00:00,schloemer,L62,67,68,49.199715343883675,0.0,0.0,0.0,28,68,2185978.45538,34779.281846
2024-09-03 02:00:00,schloemer,L63,68,69,41.103615839156866,0.0,0.0,0.0,4,8,2184616.11112,34734.983586
2024-09-03 02:00:00,schloemer,L64,68,74,43.209459639343685,0.0,0.0,0.0,4,8,2184616.11112,34734.983586
2024-09-03 02:00:00,schloemer,L65,68,76,45.453964627576326,0.0,0.0,0.0,4,8,2184616.11112,34734.983586
2024-09-03 02:00:00,schloemer,L66,69,70,35.63079612088483,0.0,0.0,0.0,4,8,2184616.11112,34734.983586
2024-09-03 02:00:00,schloemer,L67,69,73,37.906080089580094,0.0,0.0,0.0,4,8,2184616.11112,34734.983586
2024-09-03 02:00:00,schloemer,L68,69,74,39.4580740178497,0.0,0.0,0.0,4,8,2184616.11112,34734.983586
2024-09-03 02:00:00,schloemer,L69,70,71,29.07773266855945,0.0,0.0,0.0,4,8,2184616.11112,34734.983586
2024-09-03 02:00:00,schloemer,L70,70,72,28.93790013774014,0.0,0.0,0.0,4,8,2184616.11112,34734.983586
2024-09-03 02:00:00,schloemer,L71,73,74,39.65005265838055,0.0,0.0,0.0,4,8,2184616.11112,34734.983586
2024-09-03 02:00:00,schloemer,L72,74,76,43.27130416683657,0.0,0.0,0.0,4,8,2184616.11112,34734.983586
2024-09-03 02:00:00,schloemer,L73,74,117,40.474184912795096,0.0,0.0,0.0,4,8,2184616.11112,34734.983586
2024-09-03 02:00:00,schloemer,L74,75,76,43.11394731667619,0.0,0.0,0.0,4,8,2184616.11112,34734.983586
2024-09-03 02:00:00,schloemer,L75,75,117,40.366346465005044,0.0,0.0,0.0,4,8,2184616.11112,34734.983586
2024-09-03 02:00:00,schloemer,L76,76,77,44.31403772168102,0.0,0.0,0.0,4,8,2184616.11112,34734.983586
2024-09-03 02:00:00,schloemer,L77,76,79,47.42958437977114,0.0,0.0,0.0,4,8,2184616.11112,34734.983586
2024-09-03 02:00:00,schloemer,L78,76,79,47.42958437977114,0.0,0.0,0.0,4,8,2184616.11112,34734.983586
2024-09-03 02:00:00,schloemer,L79,76,81,45.903080127114045,0.0,0.0,0.0,4,8,2184616.11112,34734.983586
2024-09-03 02:00:00,schloemer,L80,77,78,43.89787132503873,0.0,0.0,0.0,4,8,2184616.11112,34734.983586
2024-09-03 02:00:00,schloemer,L81,78,79,46.85977947227339,0.0,0.0,0.0,4,8,2184616.11112,34734.983586
2024-09-03 02:00:00,schloemer,L82,79,95,49.97320591093031,0.0,0.0,0.0,4,8,2184616.11112,34734.983586
2024-09-03 02:00:00,schloemer,L83,79,96,49.23035426318318,0.0,0.0,0.0,4,8,2184616.11112,34734.983586
2024-09-03 02:00:00,schloemer,L84,79,97,48.25823928695994,0.0,0.0,0.0,4,8,2184616.11112,34734.983586
2024-09-03 02:00:00,schloemer,L85,79,98,51.58853408336155,0.0,0.0,0.0,4,8,2184616.11112,34734.983586
2024-09-03 02:00:00,schloemer,L86,80,67,54.31340052148747,1.1102230246251565e-16,0.0,3.3306690738754696e-15,30,72,2186055.70436,34781.856812
2024-09-03 02:00:00,schloemer,L87,80,79,51.79408800705978,0.0,0.0,0.0,28,69,2185981.58126,34779.386042
2024-09-03 02:00:00,schloemer,L88,81,82,44.65381384466404,0.0,0.0,0.0,4,8,2184616.11112,34734.983586
2024-09-03 02:00:00,schloemer,L89,81,95,48.176424087964996,0.0,0.0,0.0,4,8,2184616.11112,34734.983586
2024-09-03 02:00:00,schloemer,L90,93,95,51.10115866582504,0.0,0.0,0.0,4,8,2184616.11112,34734.983586
2024-09-03 02:00:00,schloemer,L91,95,96,49.42657459437814,0.0,0.0,0.0,4,8,2184616.11112,34734.983586
2024-09-03 02:00:00,schloemer,L92,115,67,55.02893743421762,1.1102230246251565e-16,0.0,1.4432899320127035e-15,13,29,2185126.88168,34750.896056
2024-09-03 03:00:00,schloemer,L0,22,23,27.908668083370248,0.0,0.0,0.0,4,8,2184616.11112,34734.983586
2024-09-03 03:00:00,schloemer,L1,23,69,34.667227725283155,0.0,0.0,0.0,4,8,2184616.11112,34734.983586
2024-09-03 03:00:00,schloemer,L2,23,71,28.43188092727279,0.0,0.0,0.0,4,8,2184616.11112,34734.983586
2024-09-03 03:00:00,schloemer,L3,29,37,69.54440531280228,8.859579736508749e-13,1.0357381619030548e-11,8.640288484684788e-11,4,8,2184616.11112,34734.983586
2024-09-03 03:00:00,schloemer,L4,32,36,88.33303609483927,1.1974315194951402e-07,0.0856531123571419,0.5114739583586108,4,8,2184616.11112,34734.983586
2024-09-03 03:00:00,schloemer,L5,33,36,76.505409513761,7.963996129234374e-11,6.6211376786862175e-06,5.296819248368223e-05,4,8,2184616.11112,34734.983586
2024-09-03 03:00:00,schloemer,L6,33,42,66.98299482818159,1.7075230118734908e-13,6.8833827526759706e-15,7.380762667708041e-13,4,8,2184616.11112,34734.983586
2024-09-03 03:00:00,schloemer,L7,34,36,87.68160899905332,8.180398958224089e-08,0.06604462295029145,0.42109290490024864,4,8,2184616.11112,34734.983586
2024-09-03 03:00:00,schloemer,L8,36,38,82.55196936198875,3.6700678052170588e-09,0.0035422905375245284,0.02798947764613391,4,8,2184616.11112,34734.983586
2024-09-03 03:00:00,schloemer,L9,36,39,75.78852163034838,5.01982899692166e-11,2.383046146303691e-06,1.9064410951119548e-05,4,8,2184616.11112,34734.983586
2024-09-03 03:00:00,schloemer,L10,37,36,73.56217367200509,1.1674550215445834e-11,6.070369362731753e-08,2.914006627885435e-06,20,48,2185542.33716,34764.744572
2024-09-03 03:00:00,schloemer,L11,37,64,60.93199713193534,3.774758283725532e-15,0.0,1.509903313490213e-14,4,8,2184616.11112,34734.983586
2024-09-03 03:00:00,schloemer,L12,38,39,76.57844800694147,8.34694535711833e-11,7.319627224555703e-06,5.8555851522257285e-05,4,8,2184616.11112,34734.983586
2024-09-03 03:00:00,schloemer,L13,39,40,67.56139870237979,2.4724666758402236e-13,4.141131881851834e-14,1.3202772208842362e-12,4,8,2184616.11112,34734.983586
2024-09-03 03:00:00,schloemer,L14,39,41,62.75792774441451,1.176836406102666e-14,0.0,4.707345624410664e-14,4,8,2184616.11112,34734.983586
2024-09-03 03:00:00,schloemer,L15,40,41,60.30388158052642,2.55351295663786e-15,0.0,1.021405182655144e-14,4,8,2184616.11112,34734.983586
2024-09-03 03:00:00,schloemer,L16,41,48,49.97372733602466,0.0,0.0,0.0,4,8,2184616.11112,34734.983586
2024-09-03 03:00:00,schloemer,L17,41,48,49.97372733602466,0.0,0.0,0.0,4,8,2184616.11112,34734.983586
2024-09-03 03:00:00,schloemer,L18,42,43,57.9100238761814,5.551115123125783e-16,0.0,2.220446049250313e-15,4,8,2184616.11112,34734.983586
2024-09-03 03:00:00,schloemer,L19,43,44,50.67587861366716,0.0,0.0,0.0,4,8,2184616.11112,34734.983586
2024-09-03 03:00:00,schloemer,L20,44,45,45.52780101524353,0.0,0.0,0.0,4,8,2184616.11112,34734.983586
2024-09-03 03:00:00,schloemer,L21,44,48,46.223236261688065,0.0,0.0,0.0,4,8,2184616.11112,34734.983586
2024-09-03 03:00:00,schloemer,L22,45,46,43.642257239663046,0.0,0.0,0.0,4,8,2184616.11112,34734.983586
2024-09-03 03:00:00,schloemer,L23,45,47,42.481305806215744,0.0,0.0,0.0,4,8,2184616.11112,34734.983586
2024-09-03 03:00:00,schloemer,L24,46,48,44.37860837980846,0.0,0.0,0.0,4,8,2184616.11112,34734.983586
2024-09-03 03:00:00,schloemer,L25,46,68,43.7715486951994,0.0,0.0,0.0,4,8,2184616.11112,34734.983586
2024-09-03 03:00:00,schloemer,L26,47,48,43.09970037547392,0.0,0.0,0.0,4,8,2184616.11112,34734.983586
2024-09-03 03:00:00,schloemer,L27,48,49,42.89915850908518,0.0,0.0,0.0,4,8,2184616.11112,34734.983586
2024-09-03 03:00:00,schloemer,L28,48,50,41.6506928533453,0.0,0.0,0.0,4,8,2184616.11112,34734.983586
2024-09-03 03:00:00,schloemer,L29,48,53,42.88404028076357,0.0,0.0,0.0,4,8,2184616.11112,34734.983586
2024-09-03 03:00:00,schloemer,L30,48,53,42.88404028076357,0.0,0.0,0.0,4,8,2184616.11112,34734.983586
2024-09-03 03:00:00,schloemer,L31,48,65,47.116020694685425,0.0,0.0,0.0,4,8,2184616.11112,34734.983586
2024-09-03 03:00:00,schloemer,L32,48,65,47.116020694685425,0.0,0.0,0.0,4,8,2184616.11112,34734.983586
2024-09-03 03:00:00,schloemer,L33,48,68,44.630257857237794,0.0,0.0,0.0,4,8,2184616.11112,34734.983586
2024-09-03 03:00:00,schloemer,L34,49,56,39.89181854244411,0.0,0.0,0.0,4,8,2184616.11112,34734.983586
2024-09-03 03:00:00,schloemer,L35,50,51,37.139230598207334,0.0,0.0,0.0,4,8,2184616.11112,34734.983586
2024-09-03 03:00:00,schloemer,L36,50,57,37.919775729435386,0.0,0.0,0.0,4,8,2184616.11112,34734.983586
2024-09-03 03:00:00,schloemer,L37,51,52,36.010819367647485,0.0,0.0,0.0,4,8,2184616.11112,34734.983586
2024-09-03 03:00:00,schloemer,L38,52,53,38.47088564529892,0.0,0.0,0.0,4,8,2184616.11112,34734.983586
2024-09-03 03:00:00,schloemer,L39,53,54,40.020076082487265,0.0,0.0,0.0,4,8,2184616.11112,34734.983586
2024-09-03 03:00:00,schloemer,L40,53,55,39.770847435967525,0.0,0.0,0.0,4,8,2184616.11112,34734.983586
2024-09-03 03:00:00,schloemer,L41,53,58,41.27088118099472,0.0,0.0,0.0,4,8,2184616.11112,34734.983586
2024-09-03 03:00:00,schloemer,L42,54,55,39.0194762474595,0.0,0.0,0.0,4,8,2184616.11112,34734.983586
2024-09-03 03:00:00,schloemer,L43,54,58,40.39799076180763,0.0,0.0,0.0,4,8,2184616.11112,34734.983586
2024-09-03 03:00:00,schloemer,L44,55,56,38.789616696102776,0.0,0.0,0.0,4,8,2184616.11112,34734.983586
2024-09-03 03:00:00,schloemer,L45,55,57,37.901331850303656,0.0,0.0,0.0,4,8,2184616.11112,34734.983586
2024-09-03 03:00:00,schloemer,L46,55,58,40.198732448521405,0.0,0.0,0.0,4,8,2184616.11112,34734.983586
2024-09-03 03:00:00,schloemer,L47,55,58,40.198732448521405,0.0,0.0,0.0,4,8,2184616.11112,34734.983586
2024-09-03 03:00:00,schloemer,L48,58,59,42.649878972383206,0.0,0.0,0.0,4,8,2184616.11112,34734.983586
2024-09-03 03:00:00,schloemer,L49,58,60,43.47145796286117,0.0,0.0,0.0,4,8,2184616.11112,34734.983586
2024-09-03 03:00:00,schloemer,L50,59,60,44.509682030967916,0.0,0.0,0.0,4,8,2184616.11112,34734.983586
2024-09-03 03:00:00,schloemer,L51,59,61,45.51238376909858,0.0,0.0,0.0,4,8,2184616.11112,34734.983586
2024-09-03 03:00:00,schloemer,L52,60,61,46.45766971759494,0.0,0.0,0.0,4,8,2184616.11112,34734.983586
2024-09-03 03:00:00,schloemer,L53,61,65,48.53380578333311,0.0,0.0,0.0,4,8,2184616.11112,34734.983586
2024-09-03 03:00:00,schloemer,L54,61,66,49.049730492476755,0.0,0.0,0.0,4,8,2184616.11112,34734.983586
2024-09-03 03:00:00,schloemer,L55,62,58,43.10139095688468,0.0,0.0,0.0,13,30,2185148.89802,34751.629934
2024-09-03 03:00:00,schloemer,L56,62,63,46.973122054146614,0.0,0.0,0.0,4,8,2184616.11112,34734.983586
2024-09-03 03:00:00,schloemer,L57,63,60,47.42734209766798,0.0,0.0,0.0,20,47,2185512.78098,34763.759366
2024-09-03 03:00:00,schloemer,L58,63,64,52.50636134167686,0.0,0.0,0.0,4,8,2184616.11112,34734.983586
2024-09-03 03:00:00,schloemer,L59,64,65,52.240560656069704,0.0,0.0,0.0,20,48,2185545.98792,34764.866264
2024-09-03 03:00:00,schloemer,L60,64,67,54.19069685256244,1.1102230246251565e-16,0.0,4.218847493575595e-15,38,93,2186503.81292,34796.793764
2024-09-03 03:00:00,schloemer,L61,65,66,50.08322486397434,0.0,0.0,0.0,4,8,2184616.11112,34734.983586
2024-09-03 03:00:00,schloemer,L62,67,68,47.40828787358367,0.0,0.0,0.0,28,68,2185978.45538,34779.281846
2024-09-03 03:00:00,schloemer,L63,68,69,40.010615347099346,0.0,0.0,0.0,4,8,2184616.11112,34734.983586
2024-09-03 03:00:00,schloemer,L64,68,74,41.95865693490974,0.0,0.0,0.0,4,8,2184616.11112,34734.983586
2024-09-03 03:00:00,schloemer,L65,68,76,44.040880229198194,0.0,0.0,0.0,4,8,2184616.11112,34734.983586
2024-09-03 03:00:00,schloemer,L66,69,70,34.93618008766827,0.0,0.0,0.0,4,8,2184616.11112,34734.983586
2024-09-03 03:00:00,schloemer,L67,69,73,37.06075423148594,0.0,0.0,0.0,4,8,2184616.11112,34734.983586
2024-09-03 03:00:00,schloemer,L68,69,74,38.50406224833095,0.0,0.0,0.0,4,8,2184616.11112,34734.983586
2024-09-03 03:00:00,schloemer,L69,70,71,28.6167097299347,0.0,0.0,0.0,4,8,2184616.11112,34734.983586
2024-09-03 03:00:00,schloemer,L70,70,72,28.4937858050275,0.0,0.0,0.0,4,8,2184616.11112,34734.983586
2024-09-03 03:00:00,schloemer,L71,73,74,38.6915294133571,0.0,0.0,0.0,4,8,2184616.11112,34734.983586
2024-09-03 03:00:00,schloemer,L72,74,76,42.067579673482875,0.0,0.0,0.0,4,8,2184616.11112,34734.983586
2024-09-03 03:00:00,schloemer,L73,74,117,39.473450929889,0.0,0.0,0.0,4,8,2184616.11112,34734.983586
2024-09-03 03:00:00,schloemer,L74,75,76,41.967257011801635,0.0,0.0,0.0,4,8,2184616.11112,34734.983586
2024-09-03 03:00:00,schloemer,L75,75,117,39.40880254293242,0.0,0.0,0.0,4,8,2184616.11112,34734.983586
2024-09-03 03:00:00,schloemer,L76,76,77,43.10851807427482,0.0,0.0,0.0,4,8,2184616.11112,34734.983586
2024-09-03 03:00:00,schloemer,L77,76,79,45.99597692726996,0.0,0.0,0.0,4,8,2184616.11112,34734.983586
2024-09-03 03:00:00,schloemer,L78,76,79,45.99597692726996,0.0,0.0,0.0,4,8,2184616.11112,34734.983586
2024-09-03 03:00:00,schloemer,L79,76,81,44.60965378537569,0.0,0.0,0.0,4,8,2184616.11112,34734.983586
2024-09-03 03:00:00,schloemer,L80,77,78,42.803348975931,0.0,0.0,0.0,4,8,2184616.11112,34734.983586
2024-09-03 03:00:00,schloemer,L81,78,79,45.57383540751026,0.0,0.0,0.0,4,8,2184616.11112,34734.983586
2024-09-03 03:00:00,schloemer,L82,79,95,48.51819486412618,0.0,0.0,0.0,4,8,2184616.11112,34734.983586
2024-09-03 03:00:00,schloemer,L83,79,96,47.84353351896896,0.0,0.0,0.0,4,8,2184616.11112,34734.983586
2024-09-03 03:00:00,schloemer,L84,79,97,46.92445031222382,0.0,0.0,0.0,4,8,2184616.11112,34734.983586
2024-09-03 03:00:00,schloemer,L85,79,98,49.97047250097838,0.0,0.0,0.0,4,8,2184616.11112,34734.983586
2024-09-03 03:00:00,schloemer,L86,80,67,52.049857280782305,0.0,0.0,0.0,30,72,2186055.70436,34781.856812
2024-09-03 03:00:00,schloemer,L87,80,79,49.96493881499284,0.0,0.0,0.0,28,69,2185981.58126,34779.386042
2024-09-03 03:00:00,schloemer,L88,81,82,43.61977788678532,0.0,0.0,0.0,4,8,2184616.11112,34734.983586
2024-09-03 03:00:00,schloemer,L89,81,95,46.88069576964369,0.0,0.0,0.0,4,8,2184616.11112,34734.983586
2024-09-03 03:00:00,schloemer,L90,93,95,49.7913722641843,0.0,0.0,0.0,4,8,2184616.11112,34734.983586
2024-09-03 03:00:00,schloemer,L91,95,96,48.128943034735386,0.0,0.0,0.0,4,8,2184616.11112,34734.983586
2024-09-03 03:00:00,schloemer,L92,115,67,52.663876687795245,0.0,0.0,0.0,13,29,2185126.88168,34750.896056
2024-09-03 04:00:00,schloemer,L0,22,23,27.497791459097883,0.0,0.0,0.0,4,8,2184616.11112,34734.983586
2024-09-03 04:00:00,schloemer,L1,23,69,30.197065558119622,0.0,0.0,0.0,4,8,2184616.11112,34734.983586
2024-09-03 04:00:00,schloemer,L2,23,71,27.998355758656615,0.0,0.0,0.0,4,8,2184616.11112,34734.983586
2024-09-03 04:00:00,schloemer,L3,29,37,66.24688973234313,1.0669243266647754e-13,6.661338147750939e-16,4.3209880118411093e-13,4,8,2184616.11112,34734.983586
2024-09-03 04:00:00,schloemer,L4,32,36,82.2685033233582,3.0772693282443697e-09,0.002854518164015496,0.022609303561506255,4,8,2184616.11112,34734.983586
2024-09-03 04:00:00,schloemer,L5,33,36,72.02985828787672,4.4190207049155106e-12,3.2146537654043073e-09,2.5734905872987213e-08,4,8,2184616.11112,34734.983586
2024-09-03 04:00:00,schloemer,L6,33,42,63.58207716137994,1.9761969838327786e-14,0.0,7.904787935331115e-14,4,8,2184616.11112,34734.983586
2024-09-03 04:00:00,schloemer,L7,34,36,82.0303833843773,2.6531274954777473e-09,0.002368948866839249,0.018795209906352417,4,8,2184616.11112,34734.983586
2024-09-03 04:00:00,schloemer,L8,36,38,77.1354894713998,1.1937517641058548e-10,1.537887931635229e-05,0.00012302488989845983,4,8,2184616.11112,34734.983586
2024-09-03 04:00:00,schloemer,L9,36,39,71.23069411099115,2.634448215133034e-12,5.796634283683488e-10,4.647845219807323e-09,4,8,2184616.11112,34734.983586
2024-09-03 04:00:00,schloemer,L10,37,36,69.52208642594213,8.566480858007708e-13,9.418132940197665e-12,4.692033428455034e-10,20,48,2185542.33716,34764.744572
2024-09-03 04:00:00,schloemer,L11,37,64,58.2097662032486,7.771561172376096e-16,0.0,3.1086244689504383e-15,4,8,2184616.11112,34734.983586
2024-09-03 04:00:00,schloemer,L12,38,39,71.81005371662609,3.8329339702158904e-12,2.030692614063412e-09,1.6260872537365856e-08,4,8,2184616.11112,34734.983586
2024-09-03 04:00:00,schloemer,L13,39,40,63.892302021235956,2.398081733190338e-14,0.0,9.592326932761353e-14,4,8,2184616.11112,34734.983586
2024-09-03 04:00:00,schloemer,L14,39,41,59.66779145337031,1.7763568394002505e-15,0.0,7.105427357601002e-15,4,8,2184616.11112,34734.983586
2024-09-03 04:00:00,schloemer,L15,40,41,57.465480208003314,4.440892098500626e-16,0.0,1.7763568394002505e-15,4,8,2184616.11112,34734.983586
2024-09-03 04:00:00,schloemer,L16,41,48,48.1884592803356,0.0,0.0,0.0,4,8,2184616.11112,34734.983586
2024-09-03 04:00:00,schloemer,L17,41,48,48.1884592803356,0.0,0.0,0.0,4,8,2184616.11112,34734.983586
2024-09-03 04:00:00,schloemer,L18,42,43,55.41089166696112,1.1102230246251565e-16,0.0,4.440892098500626e-16,4,8,2184616.11112,34734.983586
2024-09-03 04:00:00,schloemer,L19,43,44,48.831638387992925,0.0,0.0,0.0,4,8,2184616.11112,34734.983586
2024-09-03 04:00:00,schloemer,L20,44,45,44.10724113484622,0.0,0.0,0.0,4,8,2184616.11112,34734.983586
2024-09-03 04:00:00,schloemer,L21,44,48,44.761328478139525,0.0,0.0,0.0,4,8,2184616.11112,34734.983586
2024-09-03 04:00:00,schloemer,L22,45,46,42.358246941367454,0.0,0.0,0.0,4,8,2184616.11112,34734.983586
2024-09-03 04:00:00,schloemer,L23,45,47,41.30067854128938,0.0,0.0,0.0,4,8,2184616.11112,34734.983586
2024-09-03 04:00:00,schloemer,L24,46,48,43.04498562358006,0.0,0.0,0.0,4,8,2184616.11112,34734.983586
2024-09-03 04:00:00,schloemer,L25,46,68,42.46773158063413,0.0,0.0,0.0,4,8,2184616.11112,34734.983586
2024-09-03 04:00:00,schloemer,L26,47,48,41.88430255011084,0.0,0.0,0.0,4,8,2184616.11112,34734.983586
2024-09-03 04:00:00,schloemer,L27,48,49,41.728170746209585,0.0,0.0,0.0,4,8,2184616.11112,34734.983586
2024-09-03 04:00:00,schloemer,L28,48,50,40.57391801778922,0.0,0.0,0.0,4,8,2184616.11112,34734.983586
2024-09-03 04:00:00,schloemer,L29,48,53,41.746376441170696,0.0,0.0,0.0,4,8,2184616.11112,34734.983586
2024-09-03 04:00:00,schloemer,L30,48,53,41.746376441170696,0.0,0.0,0.0,4,8,2184616.11112,34734.983586
2024-09-03 04:00:00,schloemer,L31,48,65,45.633094145292716,0.0,0.0,0.0,4,8,2184616.11112,34734.983586
2024-09-03 04:00:00,schloemer,L32,48,65,45.633094145292716,0.0,0.0,0.0,4,8,2184616.11112,34734.983586
2024-09-03 04:00:00,schloemer,L33,48,68,43.261173400302454,0.0,0.0,0.0,4,8,2184616.11112,34734.983586
2024-09-03 04:00:00,schloemer,L34,49,56,38.980663222339196,0.0,0.0,0.0,4,8,2184616.11112,34734.983586
2024-09-03 04:00:00,schloemer,L35,50,51,36.3984851704221,0.0,0.0,0.0,4,8,2184616.11112,34734.983586
2024-09-03 04:00:00,schloemer,L36,50,57,37.138980643428106,0.0,0.0,0.0,4,8,2184616.11112,34734.983586
2024-09-03 04:00:00,schloemer,L37,51,52,35.36704809274621,0.0,0.0,0.0,4,8,2184616.11112,34734.983586
2024-09-03 04:00:00,schloemer,L38,52,53,37.69692020977974,0.0,0.0,0.0,4,8,2184616.11112,34734.983586
2024-09-03 04:00:00,schloemer,L39,53,54,39.179746393892366,0.0,0.0,0.0,4,8,2184616.11112,34734.983586
2024-09-03 04:00:00,schloemer,L40,53,55,38.92809503143709,0.0,0.0,0.0,4,8,2184616.11112,34734.983586
2024-09-03 04:00:00,schloemer,L41,53,58,40.35770530185351,0.0,0.0,0.0,4,8,2184616.11112,34734.983586
2024-09-03 04:00:00,schloemer,L42,54,55,38.26009834911657,0.0,0.0,0.0,4,8,2184616.11112,34734.983586
2024-09-03 04:00:00,schloemer,L43,54,58,39.58353441892616,0.0,0.0,0.0,4,8,2184616.11112,34734.983586
2024-09-03 04:00:00,schloemer,L44,55,56,37.99917453377683,0.0,0.0,0.0,4,8,2184616.11112,34734.983586
2024-09-03 04:00:00,schloemer,L45,55,57,37.16637776523576,0.0,0.0,0.0,4,8,2184616.11112,34734.983586
2024-09-03 04:00:00,schloemer,L46,55,58,39.375089268810356,0.0,0.0,0.0,4,8,2184616.11112,34734.983586
2024-09-03 04:00:00,schloemer,L47,55,58,39.375089268810356,0.0,0.0,0.0,4,8,2184616.11112,34734.983586
2024-09-03 04:00:00,schloemer,L48,58,59,41.74877752138349,0.0,0.0,0.0,4,8,2184616.11112,34734.983586
2024-09-03 04:00:00,schloemer,L49,58,60,42.49868202579347,0.0,0.0,0.0,4,8,2184616.11112,34734.983586
2024-09-03 04:00:00,schloemer,L50,59,60,43.52281964863364,0.0,0.0,0.0,4,8,2184616.11112,34734.983586
2024-09-03 04:00:00,schloemer,L51,59,61,44.43709840501902,0.0,0.0,0.0,4,8,2184616.11112,34734.983586
2024-09-03 04:00:00,schloemer,L52,60,61,45.29403047847043,0.0,0.0,0.0,4,8,2184616.11112,34734.983586
2024-09-03 04:00:00,schloemer,L53,61,65,47.094880547277135,0.0,0.0,0.0,4,8,2184616.11112,34734.983586
2024-09-03 04:00:00,schloemer,L54,61,66,47.65576306641618,0.0,0.0,0.0,4,8,2184616.11112,34734.983586
2024-09-03 04:00:00,schloemer,L55,62,58,42.13458203252042,0.0,0.0,0.0,13,30,2185148.89802,34751.629934
2024-09-03 04:00:00,schloemer,L56,62,63,45.71116195626402,0.0,0.0,0.0,4,8,2184616.11112,34734.983586
2024-09-03 04:00:00,schloemer,L57,63,60,46.15452526449187,0.0,0.0,0.0,20,47,2185512.78098,34763.759366
2024-09-03 04:00:00,schloemer,L58,63,64,50.64765348197868,0.0,0.0,0.0,4,8,2184616.11112,34734.983586
2024-09-03 04:00:00,schloemer,L59,64,65,50.352052958086006,0.0,0.0,0.0,20,48,2185545.98792,34764.866264
2024-09-03 04:00:00,schloemer,L60,64,67,51.96870595729963,0.0,0.0,0.0,38,93,2186503.81292,34796.793764
2024-09-03 04:00:00,schloemer,L61,65,66,48.502342173213535,0.0,0.0,0.0,4,8,2184616.11112,34734.983586
2024-09-03 04:00:00,schloemer,L62,67,68,45.802892301591385,0.0,0.0,0.0,28,68,2185978.45538,34779.281846
2024-09-03 04:00:00,schloemer,L63,68,69,39.00768373126942,0.0,0.0,0.0,4,8,2184616.11112,34734.983586
2024-09-03 04:00:00,schloemer,L64,68,74,40.816789316150455,0.0,0.0,0.0,4,8,2184616.11112,34734.983586
2024-09-03 04:00:00,schloemer,L65,68,76,42.754915835663056,0.0,0.0,0.0,4,8,2184616.11112,34734.983586
2024-09-03 04:00:00,schloemer,L66,69,70,30.428140453295804,0.0,0.0,0.0,4,8,2184616.11112,34734.983586
2024-09-03 04:00:00,schloemer,L67,69,73,36.27502176052965,0.0,0.0,0.0,4,8,2184616.11112,34734.983586
2024-09-03 04:00:00,schloemer,L68,69,74,37.62175703768941,0.0,0.0,0.0,4,8,2184616.11112,34734.983586
2024-09-03 04:00:00,schloemer,L69,70,71,28.17928933792589,0.0,0.0,0.0,4,8,2184616.11112,34734.983586
2024-09-03 04:00:00,schloemer,L70,70,72,28.070954746446404,0.0,0.0,0.0,4,8,2184616.11112,34734.983586
2024-09-03 04:00:00,schloemer,L71,73,74,37.80419678682602,0.0,0.0,0.0,4,8,2184616.11112,34734.983586
2024-09-03 04:00:00,schloemer,L72,74,76,40.96057679765607,0.0,0.0,0.0,4,8,2184616.11112,34734.983586
2024-09-03 04:00:00,schloemer,L73,74,117,38.54672318663491,0.0,0.0,0.0,4,8,2184616.11112,34734.983586
2024-09-03 04:00:00,schloemer,L74,75,76,40.90505188018915,0.0,0.0,0.0,4,8,2184616.11112,34734.983586
2024-09-03 04:00:00,schloemer,L75,75,117,38.51643070945209,0.0,0.0,0.0,4,8,2184616.11112,34734.983586
2024-09-03 04:00:00,schloemer,L76,76,77,41.98988797840297,0.0,0.0,0.0,4,8,2184616.11112,34734.983586
2024-09-03 04:00:00,schloemer,L77,76,79,44.67259861800239,0.0,0.0,0.0,4,8,2184616.11112,34734.983586
2024-09-03 04:00:00,schloemer,L78,76,79,44.67259861800239,0.0,0.0,0.0,4,8,2184616.11112,34734.983586
2024-09-03 04:00:00,schloemer,L79,76,81,43.408104403628386,0.0,0.0,0.0,4,8,2184616.11112,34734.983586
2024-09-03 04:00:00,schloemer,L80,77,78,41.77358068300086,0.0,0.0,0.0,4,8,2184616.11112,34734.983586
2024-09-03 04:00:00,schloemer,L81,78,79,44.36746834514927,0.0,0.0,0.0,4,8,2184616.11112,34734.983586
2024-09-03 04:00:00,schloemer,L82,79,95,47.14807504660295,0.0,0.0,0.0,4,8,2184616.11112,34734.983586
2024-09-03 04:00:00,schloemer,L83,79,96,46.533616146781526,0.0,0.0,0.0,4,8,2184616.11112,34734.983586
2024-09-03 04:00:00,schloemer,L84,79,97,45.666031479704124,0.0,0.0,0.0,4,8,2184616.11112,34734.983586
2024-09-03 04:00:00,schloemer,L85,79,98,48.45863827950188,0.0,0.0,0.0,4,8,2184616.11112,34734.983586
2024-09-03 04:00:00,schloemer,L86,80,67,50.03997353677457,0.0,0.0,0.0,30,72,2186055.70436,34781.856812
2024-09-03 04:00:00,schloemer,L87,80,79,48.29733026644363,0.0,0.0,0.0,28,69,2185981.58126,34779.386042
2024-09-03 04:00:00,schloemer,L88,81,82,42.62941020020495,0.0,0.0,0.0,4,8,2184616.11112,34734.983586
2024-09-03 04:00:00,schloemer,L89,81,95,45.651965233619904,0.0,0.0,0.0,4,8,2184616.11112,34734.983586
2024-09-03 04:00:00,schloemer,L90,93,95,48.516124507723795,0.0,0.0,0.0,4,8,2184616.11112,34734.983586
2024-09-03 04:00:00,schloemer,L91,95,96,46.88390151873851,0.0,0.0,0.0,4,8,2184616.11112,34734.983586
2024-09-03 04:00:00,schloemer,L92,115,67,50.573007001982255,0.0,0.0,0.0,13,29,2185126.88168,34750.896056
2024-09-03 05:00:00,schloemer,L0,22,23,27.10093373044634,0.0,0.0,0.0,4,8,2184616.11112,34734.983586
2024-09-03 05:00:00,schloemer,L1,23,69,29.65488576514236,0.0,0.0,0.0,4,8,2184616.11112,34734.983586
2024-09-03 05:00:00,schloemer,L2,23,71,27.580253541368695,0.0,0.0,0.0,4,8,2184616.11112,34734.983586
2024-09-03 05:00:00,schloemer,L3,29,37,63.23270575900893,1.587618925213974e-14,0.0,6.350475700855895e-14,4,8,2184616.11112,34734.983586
2024-09-03 05:00:00,schloemer,L4,32,36,77.00134254971142,1.0952727613755542e-10,1.2907213512769466e-05,0.00010325348159401226,4,8,2184616.11112,34734.983586
2024-09-03 05:00:00,schloemer,L5,33,36,68.0898978613683,3.4716673980028645e-13,1.9728663147589032e-13,2.9669600110082683e-12,4,8,2184616.11112,34734.983586
2024-09-03 05:00:00,schloemer,L6,33,42,60.56278113476946,2.9976021664879227e-15,0.0,1.199040866595169e-14,4,8,2184616.11112,34734.983586
2024-09-03 05:00:00,schloemer,L7,34,36,77.01857232534445,1.107455238624766e-10,1.3202628715069942e-05,0.00010561659212149355,4,8,2184616.11112,34734.983586
2024-09-03 05:00:00,schloemer,L8,36,38,72.4487523118993,5.795586233148242e-12,7.530793433296878e-09,6.026952825699539e-08,4,8,2184616.11112,34734.983586
2024-09-03 05:00:00,schloemer,L9,36,39,67.26349091308,2.042810365310288e-13,1.6653345369377348e-14,9.50350909079134e-13,4,8,2184616.11112,34734.983586
2024-09-03 05:00:00,schloemer,L10,37,36,65.93254646335396,8.570921750106208e-14,2.220446049250313e-16,1.7248424910576432e-12,20,48,2185542.33716,34764.744572
2024-09-03 05:00:00,schloemer,L11,37,64,55.76399832038398,2.220446049250313e-16,0.0,8.881784197001252e-16,4,8,2184616.11112,34734.983586
2024-09-03 05:00:00,schloemer,L12,38,39,67.69474500823813,2.69340105774063e-13,6.17284001691587e-14,1.5711876244495215e-12,4,8,2184616.11112,34734.983586
2024-09-03 05:00:00,schloemer,L13,39,40,60.68970640844436,3.219646771412954e-15,0.0,1.2878587085651816e-14,4,8,2184616.11112,34734.983586
2024-09-03 05:00:00,schloemer,L14,39,41,56.942449390785924,3.3306690738754696e-16,0.0,1.3322676295501878e-15,4,8,2184616.11112,34734.983586
2024-09-03 05:00:00,schloemer,L15,40,41,54.954446723288775,1.1102230246251565e-16,0.0,4.440892098500626e-16,4,8,2184616.11112,34734.983586
2024-09-03 05:00:00,schloemer,L16,41,48,46.56863721880833,0.0,0.0,0.0,4,8,2184616.11112,34734.983586
2024-09-03 05:00:00,schloemer,L17,41,48,46.56863721880833,0.0,0.0,0.0,4,8,2184616.11112,34734.983586
2024-09-03 05:00:00,schloemer,L18,42,43,53.171449215035295,0.0,0.0,0.0,4,8,2184616.11112,34734.983586
2024-09-03 05:00:00,schloemer,L19,43,44,47.16028002478919,0.0,0.0,0.0,4,8,2184616.11112,34734.983586
2024-09-03 05:00:00,schloemer,L20,44,45,42.806298392707326,0.0,0.0,0.0,4,8,2184616.11112,34734.983586
2024-09-03 05:00:00,schloemer,L21,44,48,43.42222194739972,0.0,0.0,0.0,4,8,2184616.11112,34734.983586
2024-09-03 05:00:00,schloemer,L22,45,46,41.17856410065043,0.0,0.0,0.0,4,8,2184616.11112,34734.983586
2024-09-03 05:00:00,schloemer,L23,45,47,40.210171150130435,0.0,0.0,0.0,4,8,2184616.11112,34734.983586
2024-09-03 05:00:00,schloemer,L24,46,48,41.82078128906067,0.0,0.0,0.0,4,8,2184616.11112,34734.983586
2024-09-03 05:00:00,schloemer,L25,46,68,41.271858669946404,0.0,0.0,0.0,4,8,2184616.11112,34734.983586
2024-09-03 05:00:00,schloemer,L26,47,48,40.7616599727443,0.0,0.0,0.0,4,8,2184616.11112,34734.983586
2024-09-03 05:00:00,schloemer,L27,48,49,40.64117983276992,0.0,0.0,0.0,4,8,2184616.11112,34734.983586
2024-09-03 05:00:00,schloemer,L28,48,50,39.570306505171786,0.0,0.0,0.0,4,8,2184616.11112,34734.983586
2024-09-03 05:00:00,schloemer,L29,48,53,40.68499877897587,0.0,0.0,0.0,4,8,2184616.11112,34734.983586
2024-09-03 05:00:00,schloemer,L30,48,53,40.68499877897587,0.0,0.0,0.0,4,8,2184616.11112,34734.983586
2024-09-03 05:00:00,schloemer,L31,48,65,44.26850084018842,0.0,0.0,0.0,4,8,2184616.11112,34734.983586
2024-09-03 05:00:00,schloemer,L32,48,65,44.26850084018842,0.0,0.0,0.0,4,8,2184616.11112,34734.983586
2024-09-03 05:00:00,schloemer,L33,48,68,42.00788489690326,0.0,0.0,0.0,4,8,2184616.11112,34734.983586
2024-09-03 05:00:00,schloemer,L34,49,56,38.12031569295821,0.0,0.0,0.0,4,8,2184616.11112,34734.983586
2024-09-03 05:00:00,schloemer,L35,50,51,35.693139852871234,0.0,0.0,0.0,4,8,2184616.11112,34734.983586
2024-09-03 05:00:00,schloemer,L36,50,57,36.39631934398149,0.0,0.0,0.0,4,8,2184616.11112,34734.983586
2024-09-03 05:00:00,schloemer,L37,51,52,34.747112016308314,0.0,0.0,0.0,4,8,2184616.11112,34734.983586
2024-09-03 05:00:00,schloemer,L38,52,53,36.955835533306924,0.0,0.0,0.0,4,8,2184616.11112,34734.983586
2024-09-03 05:00:00,schloemer,L39,53,54,38.374328649833814,0.0,0.0,0.0,4,8,2184616.11112,34734.983586
2024-09-03 05:00:00,schloemer,L40,53,55,38.1226668457702,0.0,0.0,0.0,4,8,2184616.11112,34734.983586
2024-09-03 05:00:00,schloemer,L41,53,58,39.484717996936745,0.0,0.0,0.0,4,8,2184616.11112,34734.983586
2024-09-03 05:00:00,schloemer,L42,54,55,37.52674973122092,0.0,0.0,0.0,4,8,2184616.11112,34734.983586
2024-09-03 05:00:00,schloemer,L43,54,58,38.79577444171361,0.0,0.0,0.0,4,8,2184616.11112,34734.983586
2024-09-03 05:00:00,schloemer,L44,55,56,37.24264816848857,0.0,0.0,0.0,4,8,2184616.11112,34734.983586
2024-09-03 05:00:00,schloemer,L45,55,57,36.46052504230515,0.0,0.0,0.0,4,8,2184616.11112,34734.983586
2024-09-03 05:00:00,schloemer,L46,55,58,38.58155650222272,0.0,0.0,0.0,4,8,2184616.11112,34734.983586
2024-09-03 05:00:00,schloemer,L47,55,58,38.58155650222272,0.0,0.0,0.0,4,8,2184616.11112,34734.983586
2024-09-03 05:00:00,schloemer,L48,58,59,40.873655628349134,0.0,0.0,0.0,4,8,2184616.11112,34734.983586
2024-09-03 05:00:00,schloemer,L49,58,60,41.55978874504517,0.0,0.0,0.0,4,8,2184616.11112,34734.983586
2024-09-03 05:00:00,schloemer,L50,59,60,42.563235034480876,0.0,0.0,0.0,4,8,2184616.11112,34734.983586
2024-09-03 05:00:00,schloemer,L51,59,61,43.398701906619664,0.0,0.0,0.0,4,8,2184616.11112,34734.983586
2024-09-03 05:00:00,schloemer,L52,60,61,44.17762384539399,0.0,0.0,0.0,4,8,2184616.11112,34734.983586
2024-09-03 05:00:00,schloemer,L53,61,65,45.74668381619339,0.0,0.0,0.0,4,8,2184616.11112,34734.983586
2024-09-03 05:00:00,schloemer,L54,61,66,46.33518137764781,0.0,0.0,0.0,4,8,2184616.11112,34734.983586
2024-09-03 05:00:00,schloemer,L55,62,58,41.20370769546148,0.0,0.0,0.0,13,30,2185148.89802,34751.629934
2024-09-03 05:00:00,schloemer,L56,62,63,44.514008137536116,0.0,0.0,0.0,4,8,2184616.11112,34734.983586
2024-09-03 05:00:00,schloemer,L57,63,60,44.944144619090586,0.0,0.0,0.0,20,47,2185512.78098,34763.759366
2024-09-03 05:00:00,schloemer,L58,63,64,48.94085722425989,0.0,0.0,0.0,4,8,2184616.11112,34734.983586
2024-09-03 05:00:00,schloemer,L59,64,65,48.62763340605905,0.0,0.0,0.0,20,48,2185545.98792,34764.866264
2024-09-03 05:00:00,schloemer,L60,64,67,49.98081270886827,0.0,0.0,0.0,38,93,2186503.81292,34796.793764
2024-09-03 05:00:00,schloemer,L61,65,66,47.02995381610247,0.0,0.0,0.0,4,8,2184616.11112,34734.983586
2024-09-03 05:00:00,schloemer,L62,67,68,44.344832185514484,0.0,0.0,0.0,28,68,2185978.45538,34779.281846
2024-09-03 05:00:00,schloemer,L63,68,69,38.07466466224153,0.0,0.0,0.0,4,8,2184616.11112,34734.983586
2024-09-03 05:00:00,schloemer,L64,68,74,39.76040943571924,0.0,0.0,0.0,4,8,2184616.11112,34734.983586
2024-09-03 05:00:00,schloemer,L65,68,76,41.56970375580309,0.0,0.0,0.0,4,8,2184616.11112,34734.983586
2024-09-03 05:00:00,schloemer,L66,69,70,29.87839141007518,0.0,0.0,0.0,4,8,2184616.11112,34734.983586
2024-09-03 05:00:00,schloemer,L67,69,73,35.534148888747715,0.0,0.0,0.0,4,8,2184616.11112,34734.983586
2024-09-03 05:00:00,schloemer,L68,69,74,36.79440582194994,0.0,0.0,0.0,4,8,2184616.11112,34734.983586
2024-09-03 05:00:00,schloemer,L69,70,71,27.757059174890152,0.0,0.0,0.0,4,8,2184616.11112,34734.983586
2024-09-03 05:00:00,schloemer,L70,70,72,27.661384672539533,0.0,0.0,0.0,4,8,2184616.11112,34734.983586
2024-09-03 05:00:00,schloemer,L71,73,74,36.971501335047684,0.0,0.0,0.0,4,8,2184616.11112,34734.983586
2024-09-03 05:00:00,schloemer,L72,74,76,39.929852170343764,0.0,0.0,0.0,4,8,2184616.11112,34734.983586
2024-09-03 05:00:00,schloemer,L73,74,117,37.67720786253294,0.0,0.0,0.0,4,8,2184616.11112,34734.983586
2024-09-03 05:00:00,schloemer,L74,75,76,39.90965837392332,0.0,0.0,0.0,4,8,2184616.11112,34734.983586
2024-09-03 05:00:00,schloemer,L75,75,117,37.67432986012312,0.0,0.0,0.0,4,8,2184616.11112,34734.983586
2024-09-03 05:00:00,schloemer,L76,76,77,40.94074221166966,0.0,0.0,0.0,4,8,2184616.11112,34734.983586
2024-09-03 05:00:00,schloemer,L77,76,79,43.439059771676256,0.0,0.0,0.0,4,8,2184616.11112,34734.983586
2024-09-03 05:00:00,schloemer,L78,76,79,43.439059771676256,0.0,0.0,0.0,4,8,2184616.11112,34734.983586
2024-09-03 05:00:00,schloemer,L79,76,81,42.28110160253289,0.0,0.0,0.0,4,8,2184616.11112,34734.983586
2024-09-03 05:00:00,schloemer,L80,77,78,40.795837328844115,0.0,0.0,0.0,4,8,2184616.11112,34734.983586
2024-09-03 05:00:00,schloemer,L81,78,79,43.227032036607426,0.0,0.0,0.0,4,8,2184616.11112,34734.983586
2024-09-03 05:00:00,schloemer,L82,79,95,45.851199837678706,0.0,0.0,0.0,4,8,2184616.11112,34734.983586
2024-09-03 05:00:00,schloemer,L83,79,96,45.28994972179347,0.0,0.0,0.0,4,8,2184616.11112,34734.983586
2024-09-03 05:00:00,schloemer,L84,79,97,44.47164287329334,0.0,0.0,0.0,4,8,2184616.11112,34734.983586
2024-09-03 05:00:00,schloemer,L85,79,98,47.03827821643019,0.0,0.0,0.0,4,8,2184616.11112,34734.983586
2024-09-03 05:00:00,schloemer,L86,80,67,48.23189107247005,0.0,0.0,0.0,30,72,2186055.70436,34781.856812
2024-09-03 05:00:00,schloemer,L87,80,79,46.762477399664235,0.0,0.0,0.0,28,69,2185981.58126,34779.386042
2024-09-03 05:00:00,schloemer,L88,81,82,41.67494652663631,0.0,0.0,0.0,4,8,2184616.11112,34734.983586
2024-09-03 05:00:00,schloemer,L89,81,95,44.48067847824326,0.0,0.0,0.0,4,8,2184616.11112,34734.983586
2024-09-03 05:00:00,schloemer,L90,93,95,47.27615574231481,0.0,0.0,0.0,4,8,2184616.11112,34734.983586
2024-09-03 05:00:00,schloemer,L91,95,96,45.68637056553547,0.0,0.0,0.0,4,8,2184616.11112,34734.983586
2024-09-03 05:00:00,schloemer,L92,115,67,48.69926228106968,0.0,0.0,0.0,13,29,2185126.88168,34750.896056
2024-09-03 06:00:00,schloemer,L0,22,23,26.711510328385344,0.0,0.0,0.0,4,8,2184616.11112,34734.983586
2024-09-03 06:00:00,schloemer,L1,23,69,29.131965489088135,0.0,0.0,0.0,4,8,2184616.11112,34734.983586
2024-09-03 06:00:00,schloemer,L2,23,71,27.17080375752837,0.0,0.0,0.0,4,8,2184616.11112,34734.983586
2024-09-03 06:00:00,schloemer,L3,29,37,60.47493411350887,2.886579864025407e-15,0.0,1.1546319456101628e-14,4,8,2184616.11112,34734.983586
2024-09-03 06:00:00,schloemer,L4,32,36,72.40678699753511,5.640266032003183e-12,6.924900430860248e-09,5.542176317874237e-08,4,8,2184616.11112,34734.983586
2024-09-03 06:00:00,schloemer,L5,33,36,64.59799180991182,3.7414515929867775e-14,0.0,1.496580637194711e-13,4,8,2184616.11112,34734.983586
2024-09-03 06:00:00,schloemer,L6,33,42,57.85807230666395,5.551115123125783e-16,0.0,2.220446049250313e-15,4,8,2184616.11112,34734.983586
2024-09-03 06:00:00,schloemer,L7,34,36,72.5802562972389,6.310618694271852e-12,9.775104281573022e-09,7.8226074062826e-08,4,8,2184616.11112,34734.983586
2024-09-03 06:00:00,schloemer,L8,36,38,68.35887536712082,4.127809205556332e-13,4.255484853388225e-13,5.055511564933113e-12,4,8,2184616.11112,34734.983586
2024-09-03 06:00:00,schloemer,L9,36,39,63.77559993121775,2.2315482794965646e-14,0.0,8.926193117986259e-14,4,8,2184616.11112,34734.983586
2024-09-03 06:00:00,schloemer,L10,37,36,62.72476457956395,1.1324274851176597e-14,0.0,2.2648549702353193e-13,20,48,2185542.33716,34764.744572
2024-09-03 06:00:00,schloemer,L11,37,64,53.5468072193541,0.0,0.0,0.0,4,8,2184616.11112,34734.983586
2024-09-03 06:00:00,schloemer,L12,38,39,64.10050186778548,2.731148640577885e-14,0.0,1.092459456231154e-13,4,8,2184616.11112,34734.983586
2024-09-03 06:00:00,schloemer,L13,39,40,57.85860361652047,5.551115123125783e-16,0.0,2.220446049250313e-15,4,8,2184616.11112,34734.983586
2024-09-03 06:00:00,schloemer,L14,39,41,54.50942642837261,1.1102230246251565e-16,0.0,4.440892098500626e-16,4,8,2184616.11112,34734.983586
2024-09-03 06:00:00,schloemer,L15,40,41,52.705254308757915,0.0,0.0,0.0,4,8,2184616.11112,34734.983586
2024-09-03 06:00:00,schloemer,L16,41,48,45.08165797663049,0.0,0.0,0.0,4,8,2184616.11112,34734.983586
2024-09-03 06:00:00,schloemer,L17,41,48,45.08165797663049,0.0,0.0,0.0,4,8,2184616.11112,34734.983586
2024-09-03 06:00:00,schloemer,L18,42,43,51.14301907852917,0.0,0.0,0.0,4,8,2184616.11112,34734.983586
2024-09-03 06:00:00,schloemer,L19,43,44,45.62793653323971,0.0,0.0,0.0,4,8,2184616.11112,34734.983586
2024-09-03 06:00:00,schloemer,L20,44,45,41.60036046574336,0.0,0.0,0.0,4,8,2184616.11112,34734.983586
2024-09-03 06:00:00,schloemer,L21,44,48,42.18105092284881,0.0,0.0,0.0,4,8,2184616.11112,34734.983586
2024-09-03 06:00:00,schloemer,L22,45,46,40.081069141964385,0.0,0.0,0.0,4,8,2184616.11112,34734.983586
2024-09-03 06:00:00,schloemer,L23,45,47,39.19036302213214,0.0,0.0,0.0,4,8,2184616.11112,34734.983586
2024-09-03 06:00:00,schloemer,L24,46,48,40.68309797909436,0.0,0.0,0.0,4,8,2184616.11112,34734.983586
2024-09-03 06:00:00,schloemer,L25,46,68,40.16097657108427,0.0,0.0,0.0,4,8,2184616.11112,34734.983586
2024-09-03 06:00:00,schloemer,L26,47,48,39.71209870685851,0.0,0.0,0.0,4,8,2184616.11112,34734.983586
2024-09-03 06:00:00,schloemer,L27,48,49,39.62046040853167,0.0,0.0,0.0,4,8,2184616.11112,34734.983586
2024-09-03 06:00:00,schloemer,L28,48,50,38.623909460032344,0.0,0.0,0.0,4,8,2184616.11112,34734.983586
2024-09-03 06:00:00,schloemer,L29,48,53,39.68395369290954,0.0,0.0,0.0,4,8,2184616.11112,34734.983586
2024-09-03 06:00:00,schloemer,L30,48,53,39.68395369290954,0.0,0.0,0.0,4,8,2184616.11112,34734.983586
2024-09-03 06:00:00,schloemer,L31,48,65,42.99927616807002,0.0,0.0,0.0,4,8,2184616.11112,34734.983586
2024-09-03 06:00:00,schloemer,L32,48,65,42.99927616807002,0.0,0.0,0.0,4,8,2184616.11112,34734.983586
2024-09-03 06:00:00,schloemer,L33,48,68,40.84607145910117,0.0,0.0,0.0,4,8,2184616.11112,34734.983586
2024-09-03 06:00:00,schloemer,L34,49,56,37.29883759423223,0.0,0.0,0.0,4,8,2184616.11112,34734.983586
2024-09-03 06:00:00,schloemer,L35,50,51,35.013333848382814,0.0,0.0,0.0,4,8,2184616.11112,34734.983586
2024-09-03 06:00:00,schloemer,L36,50,57,35.681652297275534,0.0,0.0,0.0,4,8,2184616.11112,34734.983586
2024-09-03 06:00:00,schloemer,L37,51,52,30.301911748528543,0.0,0.0,0.0,4,8,2184616.11112,34734.983586
2024-09-03 06:00:00,schloemer,L38,52,53,36.23871130500556,0.0,0.0,0.0,4,8,2184616.11112,34734.983586
2024-09-03 06:00:00,schloemer,L39,53,54,37.59514811562003,0.0,0.0,0.0,4,8,2184616.11112,34734.983586
2024-09-03 06:00:00,schloemer,L40,53,55,37.34530560067349,0.0,0.0,0.0,4,8,2184616.11112,34734.983586
2024-09-03 06:00:00,schloemer,L41,53,58,38.64280985692271,0.0,0.0,0.0,4,8,2184616.11112,34734.983586
2024-09-03 06:00:00,schloemer,L42,54,55,36.81201510924269,0.0,0.0,0.0,4,8,2184616.11112,34734.983586
2024-09-03 06:00:00,schloemer,L43,54,58,38.0277785281982,0.0,0.0,0.0,4,8,2184616.11112,34734.983586
2024-09-03 06:00:00,schloemer,L44,55,56,36.51103946858756,0.0,0.0,0.0,4,8,2184616.11112,34734.983586
2024-09-03 06:00:00,schloemer,L45,55,57,35.77536583172718,0.0,0.0,0.0,4,8,2184616.11112,34734.983586
2024-09-03 06:00:00,schloemer,L46,55,58,37.81046448906107,0.0,0.0,0.0,4,8,2184616.11112,34734.983586
2024-09-03 06:00:00,schloemer,L47,55,58,37.81046448906107,0.0,0.0,0.0,4,8,2184616.11112,34734.983586
2024-09-03 06:00:00,schloemer,L48,58,59,40.01893798924556,0.0,0.0,0.0,4,8,2184616.11112,34734.983586
2024-09-03 06:00:00,schloemer,L49,58,60,40.64820384296942,0.0,0.0,0.0,4,8,2184616.11112,34734.983586
2024-09-03 06:00:00,schloemer,L50,59,60,41.626352962107525,0.0,0.0,0.0,4,8,2184616.11112,34734.983586
2024-09-03 06:00:00,schloemer,L51,59,61,42.3914985161369,0.0,0.0,0.0,4,8,2184616.11112,34734.983586
2024-09-03 06:00:00,schloemer,L52,60,61,43.10141328776562,0.0,0.0,0.0,4,8,2184616.11112,34734.983586
2024-09-03 06:00:00,schloemer,L53,61,65,44.47434473143471,0.0,0.0,0.0,4,8,2184616.11112,34734.983586
2024-09-03 06:00:00,schloemer,L54,61,66,45.077667778944765,0.0,0.0,0.0,4,8,2184616.11112,34734.983586
2024-09-03 06:00:00,schloemer,L55,62,58,40.30155219740849,0.0,0.0,0.0,13,30,2185148.89802,34751.629934
2024-09-03 06:00:00,schloemer,L56,62,63,43.37128991017224,0.0,0.0,0.0,4,8,2184616.11112,34734.983586
2024-09-03 06:00:00,schloemer,L57,63,60,43.786757881632425,0.0,0.0,0.0,20,47,2185512.78098,34763.759366
2024-09-03 06:00:00,schloemer,L58,63,64,47.36009361565125,0.0,0.0,0.0,4,8,2184616.11112,34734.983586
2024-09-03 06:00:00,schloemer,L59,64,65,47.037775556106055,0.0,0.0,0.0,20,48,2185545.98792,34764.866264
2024-09-03 06:00:00,schloemer,L60,64,67,48.18000558395193,0.0,0.0,0.0,38,93,2186503.81292,34796.793764
2024-09-03 06:00:00,schloemer,L61,65,66,45.648492750182875,0.0,0.0,0.0,4,8,2184616.11112,34734.983586
2024-09-03 06:00:00,schloemer,L62,67,68,43.00382925047655,0.0,0.0,0.0,28,68,2185978.45538,34779.281846
2024-09-03 06:00:00,schloemer,L63,68,69,37.195518308384926,0.0,0.0,0.0,4,8,2184616.11112,34734.983586
2024-09-03 06:00:00,schloemer,L64,68,74,38.77087818056559,0.0,0.0,0.0,4,8,2184616.11112,34734.983586
2024-09-03 06:00:00,schloemer,L65,68,76,40.46423126097283,0.0,0.0,0.0,4,8,2184616.11112,34734.983586
2024-09-03 06:00:00,schloemer,L66,69,70,29.347992205047163,0.0,0.0,0.0,4,8,2184616.11112,34734.983586
2024-09-03 06:00:00,schloemer,L67,69,73,34.8263508986258,0.0,0.0,0.0,4,8,2184616.11112,34734.983586
2024-09-03 06:00:00,schloemer,L68,69,74,36.00861374438757,0.0,0.0,0.0,4,8,2184616.11112,34734.983586
2024-09-03 06:00:00,schloemer,L69,70,71,27.34330869695903,0.0,0.0,0.0,4,8,2184616.11112,34734.983586
2024-09-03 06:00:00,schloemer,L70,70,72,27.258675638985004,0.0,0.0,0.0,4,8,2184616.11112,34734.983586
2024-09-03 06:00:00,schloemer,L71,73,74,36.1801845262514,0.0,0.0,0.0,4,8,2184616.11112,34734.983586
2024-09-03 06:00:00,schloemer,L72,74,76,38.95895190562946,0.0,0.0,0.0,4,8,2184616.11112,34734.983586
2024-09-03 06:00:00,schloemer,L73,74,117,36.85140802145913,0.0,0.0,0.0,4,8,2184616.11112,34734.983586
2024-09-03 06:00:00,schloemer,L74,75,76,38.966689638006635,0.0,0.0,0.0,4,8,2184616.11112,34734.983586
2024-09-03 06:00:00,schloemer,L75,75,117,36.87043660261093,0.0,0.0,0.0,4,8,2184616.11112,34734.983586
2024-09-03 06:00:00,schloemer,L76,76,77,39.946762408243295,0.0,0.0,0.0,4,8,2184616.11112,34734.983586
2024-09-03 06:00:00,schloemer,L77,76,79,42.278395840001544,0.0,0.0,0.0,4,8,2184616.11112,34734.983586
2024-09-03 06:00:00,schloemer,L78,76,79,42.278395840001544,0.0,0.0,0.0,4,8,2184616.11112,34734.983586
2024-09-03 06:00:00,schloemer,L79,76,81,41.214178899038195,0.0,0.0,0.0,4,8,2184616.11112,34734.983586
2024-09-03 06:00:00,schloemer,L80,77,78,39.85939089689558,0.0,0.0,0.0,4,8,2184616.11112,34734.983586
2024-09-03 06:00:00,schloemer,L81,78,79,42.140696487710485,0.0,0.0,0.0,4,8,2184616.11112,34734.983586
2024-09-03 06:00:00,schloemer,L82,79,95,44.61667974540873,0.0,0.0,0.0,4,8,2184616.11112,34734.983586
2024-09-03 06:00:00,schloemer,L83,79,96,44.10256652179375,0.0,0.0,0.0,4,8,2184616.11112,34734.983586
2024-09-03 06:00:00,schloemer,L84,79,97,43.330979139309854,0.0,0.0,0.0,4,8,2184616.11112,34734.983586
2024-09-03 06:00:00,schloemer,L85,79,98,45.6957718791958,0.0,0.0,0.0,4,8,2184616.11112,34734.983586
2024-09-03 06:00:00,schloemer,L86,80,67,46.58517695866081,0.0,0.0,0.0,30,72,2186055.70436,34781.856812
2024-09-03 06:00:00,schloemer,L87,80,79,45.33647829933991,0.0,0.0,0.0,28,69,2185981.58126,34779.386042
2024-09-03 06:00:00,schloemer,L88,81,82,40.74944912076404,0.0,0.0,0.0,4,8,2184616.11112,34734.983586
2024-09-03 06:00:00,schloemer,L89,81,95,43.3579267488401,0.0,0.0,0.0,4,8,2184616.11112,34734.983586
2024-09-03 06:00:00,schloemer,L90,93,95,46.07008686751062,0.0,0.0,0.0,4,8,2184616.11112,34734.983586
2024-09-03 06:00:00,schloemer,L91,95,96,44.530702118720285,0.0,0.0,0.0,4,8,2184616.11112,34734.983586
2024-09-03 06:00:00,schloemer,L92,115,67,46.99853415867145,0.0,0.0,0.0,13,29,2185126.88168,34750.896056
2024-09-03 07:00:00,schloemer,L0,22,23,26.324467635849985,0.0,0.0,0.0,4,8,2184616.11112,34734.983586
2024-09-03 07:00:00,schloemer,L1,23,69,28.621581119390203,0.0,0.0,0.0,4,8,2184616.11112,34734.983586
2024-09-03 07:00:00,schloemer,L2,23,71,26.764802049967386,0.0,0.0,0.0,4,8,2184616.11112,34734.983586
2024-09-03 07:00:00,schloemer,L3,29,37,57.94329745974757,6.661338147750939e-16,0.0,2.6645352591003757e-15,4,8,2184616.11112,34734.983586
2024-09-03 07:00:00,schloemer,L4,32,36,68.36847056316556,4.1533443351227106e-13,4.3720582709738665e-13,5.1589843508281774e-12,4,8,2184616.11112,34734.983586
2024-09-03 07:00:00,schloemer,L5,33,36,61.47794742178075,5.329070518200751e-15,0.0,2.1316282072803006e-14,4,8,2184616.11112,34734.983586
2024-09-03 07:00:00,schloemer,L6,33,42,55.41275754942101,1.1102230246251565e-16,0.0,4.440892098500626e-16,4,8,2184616.11112,34734.983586
2024-09-03 07:00:00,schloemer,L7,34,36,68.635913668186,4.932720898409571e-13,9.230394226733551e-13,9.35740374075067e-12,4,8,2184616.11112,34734.983586
2024-09-03 07:00:00,schloemer,L8,36,38,64.75459936209339,4.1300296516055823e-14,0.0,1.652011860642233e-13,4,8,2184616.11112,34734.983586
2024-09-03 07:00:00,schloemer,L9,36,39,60.67698576231209,3.219646771412954e-15,0.0,1.2878587085651816e-14,4,8,2184616.11112,34734.983586
2024-09-03 07:00:00,schloemer,L10,37,36,59.83732279620772,1.887379141862766e-15,0.0,3.774758283725532e-14,20,48,2185542.33716,34764.744572
2024-09-03 07:00:00,schloemer,L11,37,64,51.5187893445703,0.0,0.0,0.0,4,8,2184616.11112,34734.983586
2024-09-03 07:00:00,schloemer,L12,38,39,60.924048797214205,3.774758283725532e-15,0.0,1.509903313490213e-14,4,8,2184616.11112,34734.983586
2024-09-03 07:00:00,schloemer,L13,39,40,55.32573602764153,1.1102230246251565e-16,0.0,4.440892098500626e-16,4,8,2184616.11112,34734.983586
2024-09-03 07:00:00,schloemer,L14,39,41,52.31236812964008,0.0,0.0,0.0,4,8,2184616.11112,34734.983586
2024-09-03 07:00:00,schloemer,L15,40,41,50.667127458941295,0.0,0.0,0.0,4,8,2184616.11112,34734.983586
2024-09-03 07:00:00,schloemer,L16,41,48,43.70184482454363,0.0,0.0,0.0,4,8,2184616.11112,34734.983586
2024-09-03 07:00:00,schloemer,L17,41,48,43.70184482454363,0.0,0.0,0.0,4,8,2184616.11112,34734.983586
2024-09-03 07:00:00,schloemer,L18,42,43,49.28684377000606,0.0,0.0,0.0,4,8,2184616.11112,34734.983586
2024-09-03 07:00:00,schloemer,L19,43,44,44.20791408169689,0.0,0.0,0.0,4,8,2184616.11112,34734.983586
2024-09-03 07:00:00,schloemer,L20,44,45,40.47008852643193,0.0,0.0,0.0,4,8,2184616.11112,34734.983586
2024-09-03 07:00:00,schloemer,L21,44,48,41.01820637981864,0.0,0.0,0.0,4,8,2184616.11112,34734.983586
2024-09-03 07:00:00,schloemer,L22,45,46,39.04841540655762,0.0,0.0,0.0,4,8,2184616.11112,34734.983586
2024-09-03 07:00:00,schloemer,L23,45,47,38.22599589634886,0.0,0.0,0.0,4,8,2184616.11112,34734.983586
2024-09-03 07:00:00,schloemer,L24,46,48,39.613963902989205,0.0,0.0,0.0,4,8,2184616.11112,34734.983586
2024-09-03 07:00:00,schloemer,L25,46,68,39.11713918592542,0.0,0.0,0.0,4,8,2184616.11112,34734.983586
2024-09-03 07:00:00,schloemer,L26,47,48,38.7201191025178,0.0,0.0,0.0,4,8,2184616.11112,34734.983586
2024-09-03 07:00:00,schloemer,L27,48,49,38.65196544181098,0.0,0.0,0.0,4,8,2184616.11112,34734.983586
2024-09-03 07:00:00,schloemer,L28,48,50,37.72210423973551,0.0,0.0,0.0,4,8,2184616.11112,34734.983586
2024-09-03 07:00:00,schloemer,L29,48,53,38.73051315213452,0.0,0.0,0.0,4,8,2184616.11112,34734.983586
2024-09-03 07:00:00,schloemer,L30,48,53,38.73051315213452,0.0,0.0,0.0,4,8,2184616.11112,34734.983586
2024-09-03 07:00:00,schloemer,L31,48,65,41.80705803306575,0.0,0.0,0.0,4,8,2184616.11112,34734.983586
2024-09-03 07:00:00,schloemer,L32,48,65,41.80705803306575,0.0,0.0,0.0,4,8,2184616.11112,34734.983586
2024-09-03 07:00:00,schloemer,L33,48,68,39.75670977226572,0.0,0.0,0.0,4,8,2184616.11112,34734.983586
2024-09-03 07:00:00,schloemer,L34,49,56,36.506758936606936,0.0,0.0,0.0,4,8,2184616.11112,34734.983586
2024-09-03 07:00:00,schloemer,L35,50,51,30.486808712526248,0.0,0.0,0.0,4,8,2184616.11112,34734.983586
2024-09-03 07:00:00,schloemer,L36,50,57,34.98699821776009,0.0,0.0,0.0,4,8,2184616.11112,34734.983586
2024-09-03 07:00:00,schloemer,L37,51,52,29.774264961112454,0.0,0.0,0.0,4,8,2184616.11112,34734.983586
2024-09-03 07:00:00,schloemer,L38,52,53,35.538496079099126,0.0,0.0,0.0,4,8,2184616.11112,34734.983586
2024-09-03 07:00:00,schloemer,L39,53,54,36.8352644909996,0.0,0.0,0.0,4,8,2184616.11112,34734.983586
2024-09-03 07:00:00,schloemer,L40,53,55,36.588627497001504,0.0,0.0,0.0,4,8,2184616.11112,34734.983586
2024-09-03 07:00:00,schloemer,L41,53,58,37.82461556875962,0.0,0.0,0.0,4,8,2184616.11112,34734.983586
2024-09-03 07:00:00,schloemer,L42,54,55,36.11001008333345,0.0,0.0,0.0,4,8,2184616.11112,34734.983586
2024-09-03 07:00:00,schloemer,L43,54,58,37.27396805262753,0.0,0.0,0.0,4,8,2184616.11112,34734.983586
2024-09-03 07:00:00,schloemer,L44,55,56,35.7972205329454,0.0,0.0,0.0,4,8,2184616.11112,34734.983586
2024-09-03 07:00:00,schloemer,L45,55,57,35.104278347594565,0.0,0.0,0.0,4,8,2184616.11112,34734.983586
2024-09-03 07:00:00,schloemer,L46,55,58,37.05565828878177,0.0,0.0,0.0,4,8,2184616.11112,34734.983586
2024-09-03 07:00:00,schloemer,L47,55,58,37.05565828878177,0.0,0.0,0.0,4,8,2184616.11112,34734.983586
2024-09-03 07:00:00,schloemer,L48,58,59,39.179959298822496,0.0,0.0,0.0,4,8,2184616.11112,34734.983586
2024-09-03 07:00:00,schloemer,L49,58,60,39.75837826613668,0.0,0.0,0.0,4,8,2184616.11112,34734.983586
2024-09-03 07:00:00,schloemer,L50,59,60,40.708116229215584,0.0,0.0,0.0,4,8,2184616.11112,34734.983586
2024-09-03 07:00:00,schloemer,L51,59,61,41.41040044666248,0.0,0.0,0.0,4,8,2184616.11112,34734.983586
2024-09-03 07:00:00,schloemer,L52,60,61,42.05911449976444,0.0,0.0,0.0,4,8,2184616.11112,34734.983586
2024-09-03 07:00:00,schloemer,L53,61,65,43.2652424392621,0.0,0.0,0.0,4,8,2184616.11112,34734.983586
2024-09-03 07:00:00,schloemer,L54,61,66,43.873964150450725,0.0,0.0,0.0,4,8,2184616.11112,34734.983586
2024-09-03 07:00:00,schloemer,L55,62,58,39.42209214292047,0.0,0.0,0.0,13,30,2185148.89802,34751.629934
2024-09-03 07:00:00,schloemer,L56,62,63,42.27404936904464,0.0,0.0,0.0,4,8,2184616.11112,34734.983586
2024-09-03 07:00:00,schloemer,L57,63,60,42.674055504600915,0.0,0.0,0.0,20,47,2185512.78098,34763.759366
2024-09-03 07:00:00,schloemer,L58,63,64,45.88390939183362,0.0,0.0,0.0,4,8,2184616.11112,34734.983586
2024-09-03 07:00:00,schloemer,L59,64,65,45.558496640158836,0.0,0.0,0.0,20,48,2185545.98792,34764.866264
2024-09-03 07:00:00,schloemer,L60,64,67,46.52978737558368,0.0,0.0,0.0,38,93,2186503.81292,34796.793764
2024-09-03 07:00:00,schloemer,L61,65,66,44.34305400879625,0.0,0.0,0.0,4,8,2184616.11112,34734.983586
2024-09-03 07:00:00,schloemer,L62,67,68,41.756271141202646,0.0,0.0,0.0,28,68,2185978.45538,34779.281846
2024-09-03 07:00:00,schloemer,L63,68,69,36.35767310176608,0.0,0.0,0.0,4,8,2184616.11112,34734.983586
2024-09-03 07:00:00,schloemer,L64,68,74,37.83356079487439,0.0,0.0,0.0,4,8,2184616.11112,34734.983586
2024-09-03 07:00:00,schloemer,L65,68,76,39.42193696677239,0.0,0.0,0.0,4,8,2184616.11112,34734.983586
2024-09-03 07:00:00,schloemer,L66,69,70,28.830245037768677,0.0,0.0,0.0,4,8,2184616.11112,34734.983586
2024-09-03 07:00:00,schloemer,L67,69,73,30.301395174295063,0.0,0.0,0.0,4,8,2184616.11112,34734.983586
2024-09-03 07:00:00,schloemer,L68,69,74,35.2538814889948,0.0,0.0,0.0,4,8,2184616.11112,34734.983586
2024-09-03 07:00:00,schloemer,L69,70,71,26.932880343891835,0.0,0.0,0.0,4,8,2184616.11112,34734.983586
2024-09-03 07:00:00,schloemer,L70,70,72,26.857919526445137,0.0,0.0,0.0,4,8,2184616.11112,34734.983586
2024-09-03 07:00:00,schloemer,L71,73,74,35.419841888012925,0.0,0.0,0.0,4,8,2184616.11112,34734.983586
2024-09-03 07:00:00,schloemer,L72,74,76,38.03485419705574,0.0,0.0,0.0,4,8,2184616.11112,34734.983586
2024-09-03 07:00:00,schloemer,L73,74,117,36.05869838225038,0.0,0.0,0.0,4,8,2184616.11112,34734.983586
2024-09-03 07:00:00,schloemer,L74,75,76,38.064684319116786,0.0,0.0,0.0,4,8,2184616.11112,34734.983586
2024-09-03 07:00:00,schloemer,L75,75,117,36.095223828780995,0.0,0.0,0.0,4,8,2184616.11112,34734.983586
2024-09-03 07:00:00,schloemer,L76,76,77,38.99644472044363,0.0,0.0,0.0,4,8,2184616.11112,34734.983586
2024-09-03 07:00:00,schloemer,L77,76,79,41.17681148838205,0.0,0.0,0.0,4,8,2184616.11112,34734.983586
2024-09-03 07:00:00,schloemer,L78,76,79,41.17681148838205,0.0,0.0,0.0,4,8,2184616.11112,34734.983586
2024-09-03 07:00:00,schloemer,L79,76,81,40.19557402131854,0.0,0.0,0.0,4,8,2184616.11112,34734.983586
2024-09-03 07:00:00,schloemer,L80,77,78,38.95551197396116,0.0,0.0,0.0,4,8,2184616.11112,34734.983586
2024-09-03 07:00:00,schloemer,L81,78,79,41.098595943153896,0.0,0.0,0.0,4,8,2184616.11112,34734.983586
2024-09-03 07:00:00,schloemer,L82,79,95,43.43494394801652,0.0,0.0,0.0,4,8,2184616.11112,34734.983586
2024-09-03 07:00:00,schloemer,L83,79,96,42.96271606543373,0.0,0.0,0.0,4,8,2184616.11112,34734.983586
2024-09-03 07:00:00,schloemer,L84,79,97,42.235168660958166,0.0,0.0,0.0,4,8,2184616.11112,34734.983586
2024-09-03 07:00:00,schloemer,L85,79,98,44.419210684336086,0.0,0.0,0.0,4,8,2184616.11112,34734.983586
2024-09-03 07:00:00,schloemer,L86,80,67,45.06832876393233,0.0,0.0,0.0,30,72,2186055.70436,34781.856812
2024-09-03 07:00:00,schloemer,L87,80,79,43.99985083382266,0.0,0.0,0.0,28,69,2185981.58126,34779.386042
2024-09-03 07:00:00,schloemer,L88,81,82,39.8470907902721,0.0,0.0,0.0,4,8,2184616.11112,34734.983586
2024-09-03 07:00:00,schloemer,L89,81,95,42.2759279145166,0.0,0.0,0.0,4,8,2184616.11112,34734.983586
2024-09-03 07:00:00,schloemer,L90,93,95,44.895592478970144,0.0,0.0,0.0,4,8,2184616.11112,34734.983586
2024-09-03 07:00:00,schloemer,L91,95,96,43.41147730946997,0.0,0.0,0.0,4,8,2184616.11112,34734.983586
2024-09-03 07:00:00,schloemer,L92,115,67,45.436675138057666,0.0,0.0,0.0,13,29,2185126.88168,34750.896056
2024-09-03 08:00:00,schloemer,L0,22,23,25.93612724423904,0.0,0.0,0.0,4,8,2184616.11112,34734.983586
2024-09-03 08:00:00,schloemer,L1,23,69,28.118710544751146,0.0,0.0,0.0,4,8,2184616.11112,34734.983586
2024-09-03 08:00:00,schloemer,L2,23,71,26.358449420107693,0.0,0.0,0.0,4,8,2184616.11112,34734.983586
2024-09-03 08:00:00,schloemer,L3,29,37,55.60858127124827,1.1102230246251565e-16,0.0,4.440892098500626e-16,4,8,2184616.11112,34734.983586
2024-09-03 08:00:00,schloemer,L4,32,36,64.78752757101138,4.218847493575595e-14,0.0,1.687538997430238e-13,4,8,2184616.11112,34734.983586
2024-09-03 08:00:00,schloemer,L5,33,36,58.66633155896189,9.992007221626409e-16,0.0,3.9968028886505635e-15,4,8,2184616.11112,34734.983586
2024-09-03 08:00:00,schloemer,L6,33,42,53.18219031160051,0.0,0.0,0.0,4,8,2184616.11112,34734.983586
2024-09-03 08:00:00,schloemer,L7,34,36,65.10954018488088,5.1736392947532295e-14,0.0,2.0694557179012918e-13,4,8,2184616.11112,34734.983586
2024-09-03 08:00:00,schloemer,L8,36,38,61.54617254622757,5.551115123125783e-15,0.0,2.220446049250313e-14,4,8,2184616.11112,34734.983586
2024-09-03 08:00:00,schloemer,L9,36,39,57.89610569700296,5.551115123125783e-16,0.0,2.220446049250313e-15,4,8,2184616.11112,34734.983586
2024-09-03 08:00:00,schloemer,L10,37,36,57.21810925463338,4.440892098500626e-16,0.0,8.881784197001252e-15,20,48,2185542.33716,34764.744572
2024-09-03 08:00:00,schloemer,L11,37,64,49.64802891510875,0.0,0.0,0.0,4,8,2184616.11112,34734.983586
2024-09-03 08:00:00,schloemer,L12,38,39,58.08521610760238,6.661338147750939e-16,0.0,2.6645352591003757e-15,4,8,2184616.11112,34734.983586
2024-09-03 08:00:00,schloemer,L13,39,40,53.03456778286823,0.0,0.0,0.0,4,8,2184616.11112,34734.983586
2024-09-03 08:00:00,schloemer,L14,39,41,50.30747787647457,0.0,0.0,0.0,4,8,2184616.11112,34734.983586
2024-09-03 08:00:00,schloemer,L15,40,41,48.800705956896024,0.0,0.0,0.0,4,8,2184616.11112,34734.983586
2024-09-03 08:00:00,schloemer,L16,41,48,42.40912767975483,0.0,0.0,0.0,4,8,2184616.11112,34734.983586
2024-09-03 08:00:00,schloemer,L17,41,48,42.40912767975483,0.0,0.0,0.0,4,8,2184616.11112,34734.983586
2024-09-03 08:00:00,schloemer,L18,42,43,47.57227477465715,0.0,0.0,0.0,4,8,2184616.11112,34734.983586
2024-09-03 08:00:00,schloemer,L19,43,44,42.879324396574475,0.0,0.0,0.0,4,8,2184616.11112,34734.983586
2024-09-03 08:00:00,schloemer,L20,44,45,39.40045874277726,0.0,0.0,0.0,4,8,2184616.11112,34734.983586
2024-09-03 08:00:00,schloemer,L21,44,48,39.918404508501595,0.0,0.0,0.0,4,8,2184616.11112,34734.983586
2024-09-03 08:00:00,schloemer,L22,45,46,38.067186733388944,0.0,0.0,0.0,4,8,2184616.11112,34734.983586
2024-09-03 08:00:00,schloemer,L23,45,47,37.30527410922151,0.0,0.0,0.0,4,8,2184616.11112,34734.983586
2024-09-03 08:00:00,schloemer,L24,46,48,38.5994490624915,0.0,0.0,0.0,4,8,2184616.11112,34734.983586
2024-09-03 08:00:00,schloemer,L25,46,68,38.126482445866515,0.0,0.0,0.0,4,8,2184616.11112,34734.983586
2024-09-03 08:00:00,schloemer,L26,47,48,37.77370665775369,0.0,0.0,0.0,4,8,2184616.11112,34734.983586
2024-09-03 08:00:00,schloemer,L27,48,49,37.72477727225035,0.0,0.0,0.0,4,8,2184616.11112,34734.983586
2024-09-03 08:00:00,schloemer,L28,48,50,36.85511899081311,0.0,0.0,0.0,4,8,2184616.11112,34734.983586
2024-09-03 08:00:00,schloemer,L29,48,53,37.814753343797044,0.0,0.0,0.0,4,8,2184616.11112,34734.983586
2024-09-03 08:00:00,schloemer,L30,48,53,37.814753343797044,0.0,0.0,0.0,4,8,2184616.11112,34734.983586
2024-09-03 08:00:00,schloemer,L31,48,65,40.67738559413598,0.0,0.0,0.0,4,8,2184616.11112,34734.983586
2024-09-03 08:00:00,schloemer,L32,48,65,40.67738559413598,0.0,0.0,0.0,4,8,2184616.11112,34734.983586
2024-09-03 08:00:00,schloemer,L33,48,68,38.72508181629163,0.0,0.0,0.0,4,8,2184616.11112,34734.983586
2024-09-03 08:00:00,schloemer,L34,49,56,35.73680342123107,0.0,0.0,0.0,4,8,2184616.11112,34734.983586
2024-09-03 08:00:00,schloemer,L35,50,51,29.909911109476084,0.0,0.0,0.0,4,8,2184616.11112,34734.983586
2024-09-03 08:00:00,schloemer,L36,50,57,30.446850470194306,0.0,0.0,0.0,4,8,2184616.11112,34734.983586
2024-09-03 08:00:00,schloemer,L37,51,52,29.251018810408702,0.0,0.0,0.0,4,8,2184616.11112,34734.983586
2024-09-03 08:00:00,schloemer,L38,52,53,34.84986079344163,0.0,0.0,0.0,4,8,2184616.11112,34734.983586
2024-09-03 08:00:00,schloemer,L39,53,54,36.089379060134156,0.0,0.0,0.0,4,8,2184616.11112,34734.983586
2024-09-03 08:00:00,schloemer,L40,53,55,35.8469931129859,0.0,0.0,0.0,4,8,2184616.11112,34734.983586
2024-09-03 08:00:00,schloemer,L41,53,58,37.024440623466866,0.0,0.0,0.0,4,8,2184616.11112,34734.983586
2024-09-03 08:00:00,schloemer,L42,54,55,35.416318702904256,0.0,0.0,0.0,4,8,2184616.11112,34734.983586
2024-09-03 08:00:00,schloemer,L43,54,58,36.5301150070712,0.0,0.0,0.0,4,8,2184616.11112,34734.983586
2024-09-03 08:00:00,schloemer,L44,55,56,35.09579113392035,0.0,0.0,0.0,4,8,2184616.11112,34734.983586
2024-09-03 08:00:00,schloemer,L45,55,57,30.567534661517268,0.0,0.0,0.0,4,8,2184616.11112,34734.983586
2024-09-03 08:00:00,schloemer,L46,55,58,36.31245688910874,0.0,0.0,0.0,4,8,2184616.11112,34734.983586
2024-09-03 08:00:00,schloemer,L47,55,58,36.31245688910874,0.0,0.0,0.0,4,8,2184616.11112,34734.983586
2024-09-03 08:00:00,schloemer,L48,58,59,38.35309710777097,0.0,0.0,0.0,4,8,2184616.11112,34734.983586
2024-09-03 08:00:00,schloemer,L49,58,60,38.88592048257393,0.0,0.0,0.0,4,8,2184616.11112,34734.983586
2024-09-03 08:00:00,schloemer,L50,59,60,39.80524592034304,0.0,0.0,0.0,4,8,2184616.11112,34734.983586
2024-09-03 08:00:00,schloemer,L51,59,61,40.45120803056236,0.0,0.0,0.0,4,8,2184616.11112,34734.983586
2024-09-03 08:00:00,schloemer,L52,60,61,41.045483591857234,0.0,0.0,0.0,4,8,2184616.11112,34734.983586
2024-09-03 08:00:00,schloemer,L53,61,65,42.1090238989869,0.0,0.0,0.0,4,8,2184616.11112,34734.983586
2024-09-03 08:00:00,schloemer,L54,61,66,42.71620844517509,0.0,0.0,0.0,4,8,2184616.11112,34734.983586
2024-09-03 08:00:00,schloemer,L55,62,58,38.56058471132356,0.0,0.0,0.0,13,30,2185148.89802,34751.629934
2024-09-03 08:00:00,schloemer,L56,62,63,41.2149038350703,0.0,0.0,0.0,4,8,2184616.11112,34734.983586
2024-09-03 08:00:00,schloemer,L57,63,60,41.59910601765414,0.0,0.0,0.0,20,47,2185512.78098,34763.759366
2024-09-03 08:00:00,schloemer,L58,63,64,44.49487840143138,0.0,0.0,0.0,4,8,2184616.11112,34734.983586
2024-09-03 08:00:00,schloemer,L59,64,65,44.17059827707112,0.0,0.0,0.0,20,48,2185545.98792,34764.866264
2024-09-03 08:00:00,schloemer,L60,64,67,45.0018628179008,0.0,0.0,0.0,38,93,2186503.81292,34796.793764
2024-09-03 08:00:00,schloemer,L61,65,66,43.101373945834084,0.0,0.0,0.0,4,8,2184616.11112,34734.983586
2024-09-03 08:00:00,schloemer,L62,67,68,40.58387049882346,0.0,0.0,0.0,28,68,2185978.45538,34779.281846
2024-09-03 08:00:00,schloemer,L63,68,69,35.5514795426556,0.0,0.0,0.0,4,8,2184616.11112,34734.983586
2024-09-03 08:00:00,schloemer,L64,68,74,36.93716197829391,0.0,0.0,0.0,4,8,2184616.11112,34734.983586
2024-09-03 08:00:00,schloemer,L65,68,76,38.429961241755684,0.0,0.0,0.0,4,8,2184616.11112,34734.983586
2024-09-03 08:00:00,schloemer,L66,69,70,28.320145795156687,0.0,0.0,0.0,4,8,2184616.11112,34734.983586
2024-09-03 08:00:00,schloemer,L67,69,73,29.70939012295028,0.0,0.0,0.0,4,8,2184616.11112,34734.983586
2024-09-03 08:00:00,schloemer,L68,69,74,30.638448709970067,0.0,0.0,0.0,4,8,2184616.11112,34734.983586
2024-09-03 08:00:00,schloemer,L69,70,71,26.5220131782266,0.0,0.0,0.0,4,8,2184616.11112,34734.983586
2024-09-03 08:00:00,schloemer,L70,70,72,26.455557485002686,0.0,0.0,0.0,4,8,2184616.11112,34734.983586
2024-09-03 08:00:00,schloemer,L71,73,74,34.682527379868795,0.0,0.0,0.0,4,8,2184616.11112,34734.983586
2024-09-03 08:00:00,schloemer,L72,74,76,37.14747143389061,0.0,0.0,0.0,4,8,2184616.11112,34734.983586
2024-09-03 08:00:00,schloemer,L73,74,117,35.2909364260249,0.0,0.0,0.0,4,8,2184616.11112,34734.983586
2024-09-03 08:00:00,schloemer,L74,75,76,37.19474655094521,0.0,0.0,0.0,4,8,2184616.11112,34734.983586
2024-09-03 08:00:00,schloemer,L75,75,117,35.34139996722049,0.0,0.0,0.0,4,8,2184616.11112,34734.983586
2024-09-03 08:00:00,schloemer,L76,76,77,38.08079369741353,0.0,0.0,0.0,4,8,2184616.11112,34734.983586
2024-09-03 08:00:00,schloemer,L77,76,79,40.12335481591224,0.0,0.0,0.0,4,8,2184616.11112,34734.983586
2024-09-03 08:00:00,schloemer,L78,76,79,40.12335481591224,0.0,0.0,0.0,4,8,2184616.11112,34734.983586
2024-09-03 08:00:00,schloemer,L79,76,81,39.21598895771151,0.0,0.0,0.0,4,8,2184616.11112,34734.983586
2024-09-03 08:00:00,schloemer,L80,77,78,38.077364979183464,0.0,0.0,0.0,4,8,2184616.11112,34734.983586
2024-09-03 08:00:00,schloemer,L81,78,79,40.092805615266855,0.0,0.0,0.0,4,8,2184616.11112,34734.983586
2024-09-03 08:00:00,schloemer,L82,79,95,42.29798382230137,0.0,0.0,0.0,4,8,2184616.11112,34734.983586
2024-09-03 08:00:00,schloemer,L83,79,96,41.86310246247829,0.0,0.0,0.0,4,8,2184616.11112,34734.983586
2024-09-03 08:00:00,schloemer,L84,79,97,41.17692365924801,0.0,0.0,0.0,4,8,2184616.11112,34734.983586
2024-09-03 08:00:00,schloemer,L85,79,98,43.1986153010596,0.0,0.0,0.0,4,8,2184616.11112,34734.983586
2024-09-03 08:00:00,schloemer,L86,80,67,43.6568832690366,0.0,0.0,0.0,30,72,2186055.70436,34781.856812
2024-09-03 08:00:00,schloemer,L87,80,79,42.736997292004624,0.0,0.0,0.0,28,69,2185981.58126,34779.386042
2024-09-03 08:00:00,schloemer,L88,81,82,38.963269175629584,0.0,0.0,0.0,4,8,2184616.11112,34734.983586
2024-09-03 08:00:00,schloemer,L89,81,95,41.22824479712731,0.0,0.0,0.0,4,8,2184616.11112,34734.983586
2024-09-03 08:00:00,schloemer,L90,93,95,43.75016528687559,0.0,0.0,0.0,4,8,2184616.11112,34734.983586
2024-09-03 08:00:00,schloemer,L91,95,96,42.323967004573056,0.0,0.0,0.0,4,8,2184616.11112,34734.983586
2024-09-03 08:00:00,schloemer,L92,115,67,43.987284441121204,0.0,0.0,0.0,13,29,2185126.88168,34750.896056
2024-09-03 09:00:00,schloemer,L0,22,23,25.54402384602211,0.0,0.0,0.0,4,8,2184616.11112,34734.983586
2024-09-03 09:00:00,schloemer,L1,23,69,27.619806801178573,0.0,0.0,0.0,4,8,2184616.11112,34734.983586
2024-09-03 09:00:00,schloemer,L2,23,71,25.949185272632377,0.0,0.0,0.0,4,8,2184616.11112,34734.983586
2024-09-03 09:00:00,schloemer,L3,29,37,53.44460915689652,0.0,0.0,0.0,4,8,2184616.11112,34734.983586
2024-09-03 09:00:00,schloemer,L4,32,36,61.58331969984982,5.662137425588298e-15,0.0,2.2648549702353193e-14,4,8,2184616.11112,34734.983586
2024-09-03 09:00:00,schloemer,L5,33,36,56.111557131974465,2.220446049250313e-16,0.0,8.881784197001252e-16,4,8,2184616.11112,34734.983586
2024-09-03 09:00:00,schloemer,L6,33,42,51.1306605142993,0.0,0.0,0.0,4,8,2184616.11112,34734.983586
2024-09-03 09:00:00,schloemer,L7,34,36,61.93475505815483,7.105427357601002e-15,0.0,2.842170943040401e-14,4,8,2184616.11112,34734.983586
2024-09-03 09:00:00,schloemer,L8,36,38,58.66241532109088,9.992007221626409e-16,0.0,3.9968028886505635e-15,4,8,2184616.11112,34734.983586
2024-09-03 09:00:00,schloemer,L9,36,39,55.37659606927596,1.1102230246251565e-16,0.0,4.440892098500626e-16,4,8,2184616.11112,34734.983586
2024-09-03 09:00:00,schloemer,L10,37,36,54.824129885680335,1.1102230246251565e-16,0.0,2.220446049250313e-15,20,48,2185542.33716,34764.744572
2024-09-03 09:00:00,schloemer,L11,37,64,47.90898364276046,0.0,0.0,0.0,4,8,2184616.11112,34734.983586
2024-09-03 09:00:00,schloemer,L12,38,39,55.5219024260627,1.1102230246251565e-16,0.0,4.440892098500626e-16,4,8,2184616.11112,34734.983586
2024-09-03 09:00:00,schloemer,L13,39,40,50.94141606606025,0.0,0.0,0.0,4,8,2184616.11112,34734.983586
2024-09-03 09:00:00,schloemer,L14,39,41,48.460748792530346,0.0,0.0,0.0,4,8,2184616.11112,34734.983586
2024-09-03 09:00:00,schloemer,L15,40,41,47.07550319142538,0.0,0.0,0.0,4,8,2184616.11112,34734.983586
2024-09-03 09:00:00,schloemer,L16,41,48,41.18797585194901,0.0,0.0,0.0,4,8,2184616.11112,34734.983586
2024-09-03 09:00:00,schloemer,L17,41,48,41.18797585194901,0.0,0.0,0.0,4,8,2184616.11112,34734.983586
2024-09-03 09:00:00,schloemer,L18,42,43,45.97523882951765,0.0,0.0,0.0,4,8,2184616.11112,34734.983586
2024-09-03 09:00:00,schloemer,L19,43,44,41.625977347017326,0.0,0.0,0.0,4,8,2184616.11112,34734.983586
2024-09-03 09:00:00,schloemer,L20,44,45,38.37997738665622,0.0,0.0,0.0,4,8,2184616.11112,34734.983586
2024-09-03 09:00:00,schloemer,L21,44,48,38.869914036177676,0.0,0.0,0.0,4,8,2184616.11112,34734.983586
2024-09-03 09:00:00,schloemer,L22,45,46,37.12719039770313,0.0,0.0,0.0,4,8,2184616.11112,34734.983586
2024-09-03 09:00:00,schloemer,L23,45,47,36.4192744757402,0.0,0.0,0.0,4,8,2184616.11112,34734.983586
2024-09-03 09:00:00,schloemer,L24,46,48,37.62893883172557,0.0,0.0,0.0,4,8,2184616.11112,34734.983586
2024-09-03 09:00:00,schloemer,L25,46,68,37.1784744130067,0.0,0.0,0.0,4,8,2184616.11112,34734.983586
2024-09-03 09:00:00,schloemer,L26,47,48,36.863745419098706,0.0,0.0,0.0,4,8,2184616.11112,34734.983586
2024-09-03 09:00:00,schloemer,L27,48,49,36.83061845621026,0.0,0.0,0.0,4,8,2184616.11112,34734.983586
2024-09-03 09:00:00,schloemer,L28,48,50,36.01560166489863,0.0,0.0,0.0,4,8,2184616.11112,34734.983586
2024-09-03 09:00:00,schloemer,L29,48,53,36.92915468820401,0.0,0.0,0.0,4,8,2184616.11112,34734.983586
2024-09-03 09:00:00,schloemer,L30,48,53,36.92915468820401,0.0,0.0,0.0,4,8,2184616.11112,34734.983586
2024-09-03 09:00:00,schloemer,L31,48,65,39.599073467559954,0.0,0.0,0.0,4,8,2184616.11112,34734.983586
2024-09-03 09:00:00,schloemer,L32,48,65,39.599073467559954,0.0,0.0,0.0,4,8,2184616.11112,34734.983586
2024-09-03 09:00:00,schloemer,L33,48,68,37.73997441411062,0.0,0.0,0.0,4,8,2184616.11112,34734.983586
2024-09-03 09:00:00,schloemer,L34,49,56,34.98360855024776,0.0,0.0,0.0,4,8,2184616.11112,34734.983586
2024-09-03 09:00:00,schloemer,L35,50,51,29.339946517156225,0.0,0.0,0.0,4,8,2184616.11112,34734.983586
2024-09-03 09:00:00,schloemer,L36,50,57,29.85127697624728,0.0,0.0,0.0,4,8,2184616.11112,34734.983586
2024-09-03 09:00:00,schloemer,L37,51,52,28.729352307579656,0.0,0.0,0.0,4,8,2184616.11112,34734.983586
2024-09-03 09:00:00,schloemer,L38,52,53,30.325004530316455,0.0,0.0,0.0,4,8,2184616.11112,34734.983586
2024-09-03 09:00:00,schloemer,L39,53,54,35.35368936326772,0.0,0.0,0.0,4,8,2184616.11112,34734.983586
2024-09-03 09:00:00,schloemer,L40,53,55,35.116335632349596,0.0,0.0,0.0,4,8,2184616.11112,34734.983586
2024-09-03 09:00:00,schloemer,L41,53,58,36.23812455869363,0.0,0.0,0.0,4,8,2184616.11112,34734.983586
2024-09-03 09:00:00,schloemer,L42,54,55,34.72787613970093,0.0,0.0,0.0,4,8,2184616.11112,34734.983586
2024-09-03 09:00:00,schloemer,L43,54,58,35.79326495353022,0.0,0.0,0.0,4,8,2184616.11112,34734.983586
2024-09-03 09:00:00,schloemer,L44,55,56,30.532574526427627,0.0,0.0,0.0,4,8,2184616.11112,34734.983586
2024-09-03 09:00:00,schloemer,L45,55,57,29.98500575458925,0.0,0.0,0.0,4,8,2184616.11112,34734.983586
2024-09-03 09:00:00,schloemer,L46,55,58,35.57754733332655,0.0,0.0,0.0,4,8,2184616.11112,34734.983586
2024-09-03 09:00:00,schloemer,L47,55,58,35.57754733332655,0.0,0.0,0.0,4,8,2184616.11112,34734.983586
2024-09-03 09:00:00,schloemer,L48,58,59,37.535790550174696,0.0,0.0,0.0,4,8,2184616.11112,34734.983586
2024-09-03 09:00:00,schloemer,L49,58,60,38.02760700246896,0.0,0.0,0.0,4,8,2184616.11112,34734.983586
2024-09-03 09:00:00,schloemer,L50,59,60,38.91534924722449,0.0,0.0,0.0,4,8,2184616.11112,34734.983586
2024-09-03 09:00:00,schloemer,L51,59,61,39.510720480797794,0.0,0.0,0.0,4,8,2184616.11112,34734.983586
2024-09-03 09:00:00,schloemer,L52,60,61,40.056420760099506,0.0,0.0,0.0,4,8,2184616.11112,34734.983586
2024-09-03 09:00:00,schloemer,L53,61,65,40.99746993664341,0.0,0.0,0.0,4,8,2184616.11112,34734.983586
2024-09-03 09:00:00,schloemer,L54,61,66,41.59803560528567,0.0,0.0,0.0,4,8,2184616.11112,34734.983586
2024-09-03 09:00:00,schloemer,L55,62,58,37.713545468492725,0.0,0.0,0.0,13,30,2185148.89802,34751.629934
2024-09-03 09:00:00,schloemer,L56,62,63,40.18804168258331,0.0,0.0,0.0,4,8,2184616.11112,34734.983586
2024-09-03 09:00:00,schloemer,L57,63,60,40.55641081186137,0.0,0.0,0.0,20,47,2185512.78098,34763.759366
2024-09-03 09:00:00,schloemer,L58,63,64,43.17911105949176,0.0,0.0,0.0,4,8,2184616.11112,34734.983586
2024-09-03 09:00:00,schloemer,L59,64,65,42.858936022857634,0.0,0.0,0.0,20,48,2185545.98792,34764.866264
2024-09-03 09:00:00,schloemer,L60,64,67,43.57437667691357,0.0,0.0,0.0,38,93,2186503.81292,34796.793764
2024-09-03 09:00:00,schloemer,L61,65,66,41.9136457667477,0.0,0.0,0.0,4,8,2184616.11112,34734.983586
2024-09-03 09:00:00,schloemer,L62,67,68,39.47261255722788,0.0,0.0,0.0,28,68,2185978.45538,34779.281846
2024-09-03 09:00:00,schloemer,L63,68,69,34.769737904806675,0.0,0.0,0.0,4,8,2184616.11112,34734.983586
2024-09-03 09:00:00,schloemer,L64,68,74,36.07316241121349,0.0,0.0,0.0,4,8,2184616.11112,34734.983586
2024-09-03 09:00:00,schloemer,L65,68,76,37.47851246124222,0.0,0.0,0.0,4,8,2184616.11112,34734.983586
2024-09-03 09:00:00,schloemer,L66,69,70,27.81416111362936,0.0,0.0,0.0,4,8,2184616.11112,34734.983586
2024-09-03 09:00:00,schloemer,L67,69,73,29.12787736887252,0.0,0.0,0.0,4,8,2184616.11112,34734.983586
2024-09-03 09:00:00,schloemer,L68,69,74,30.004296790975257,0.0,0.0,0.0,4,8,2184616.11112,34734.983586
2024-09-03 09:00:00,schloemer,L69,70,71,26.10817879530966,0.0,0.0,0.0,4,8,2184616.11112,34734.983586
2024-09-03 09:00:00,schloemer,L70,70,72,26.049226319406696,0.0,0.0,0.0,4,8,2184616.11112,34734.983586
2024-09-03 09:00:00,schloemer,L71,73,74,30.141622648264722,0.0,0.0,0.0,4,8,2184616.11112,34734.983586
2024-09-03 09:00:00,schloemer,L72,74,76,36.289201237413614,0.0,0.0,0.0,4,8,2184616.11112,34734.983586
2024-09-03 09:00:00,schloemer,L73,74,117,30.65611583151027,0.0,0.0,0.0,4,8,2184616.11112,34734.983586
2024-09-03 09:00:00,schloemer,L74,75,76,36.35019460870385,0.0,0.0,0.0,4,8,2184616.11112,34734.983586
2024-09-03 09:00:00,schloemer,L75,75,117,34.60361212924717,0.0,0.0,0.0,4,8,2184616.11112,34734.983586
2024-09-03 09:00:00,schloemer,L76,76,77,37.19300286012884,0.0,0.0,0.0,4,8,2184616.11112,34734.983586
2024-09-03 09:00:00,schloemer,L77,76,79,39.109562491480034,0.0,0.0,0.0,4,8,2184616.11112,34734.983586
2024-09-03 09:00:00,schloemer,L78,76,79,39.109562491480034,0.0,0.0,0.0,4,8,2184616.11112,34734.983586
2024-09-03 09:00:00,schloemer,L79,76,81,38.268307923826754,0.0,0.0,0.0,4,8,2184616.11112,34734.983586
2024-09-03 09:00:00,schloemer,L80,77,78,37.219838395168715,0.0,0.0,0.0,4,8,2184616.11112,34734.983586
2024-09-03 09:00:00,schloemer,L81,78,79,39.11721147367216,0.0,0.0,0.0,4,8,2184616.11112,34734.983586
2024-09-03 09:00:00,schloemer,L82,79,95,41.19939135986758,0.0,0.0,0.0,4,8,2184616.11112,34734.983586
2024-09-03 09:00:00,schloemer,L83,79,96,40.79792820133553,0.0,0.0,0.0,4,8,2184616.11112,34734.983586
2024-09-03 09:00:00,schloemer,L84,79,97,40.15052812395666,0.0,0.0,0.0,4,8,2184616.11112,34734.983586
2024-09-03 09:00:00,schloemer,L85,79,98,42.0259304343202,0.0,0.0,0.0,4,8,2184616.11112,34734.983586
2024-09-03 09:00:00,schloemer,L86,80,67,42.33195518270652,0.0,0.0,0.0,30,72,2186055.70436,34781.856812
2024-09-03 09:00:00,schloemer,L87,80,79,41.53566036414069,0.0,0.0,0.0,28,69,2185981.58126,34779.386042
2024-09-03 09:00:00,schloemer,L88,81,82,38.09460188935032,0.0,0.0,0.0,4,8,2184616.11112,34734.983586
2024-09-03 09:00:00,schloemer,L89,81,95,40.209827484339705,0.0,0.0,0.0,4,8,2184616.11112,34734.983586
2024-09-03 09:00:00,schloemer,L90,93,95,42.63157273997259,0.0,0.0,0.0,4,8,2184616.11112,34734.983586
2024-09-03 09:00:00,schloemer,L91,95,96,41.26435422928956,0.0,0.0,0.0,4,8,2184616.11112,34734.983586
2024-09-03 09:00:00,schloemer,L92,115,67,42.63003439785114,0.0,0.0,0.0,13,29,2185126.88168,34750.896056
2024-09-03 10:00:00,schloemer,L0,22,23,25.14673817323459,0.0,0.0,0.0,4,8,2184616.11112,34734.983586
2024-09-03 10:00:00,schloemer,L1,23,69,27.122578507712966,0.0,0.0,0.0,4,8,2184616.11112,34734.983586
2024-09-03 10:00:00,schloemer,L2,23,71,25.53551584852759,0.0,0.0,0.0,4,8,2184616.11112,34734.983586
2024-09-03 10:00:00,schloemer,L3,29,37,51.428902094472214,0.0,0.0,0.0,4,8,2184616.11112,34734.983586
2024-09-03 10:00:00,schloemer,L4,32,36,58.691325120875234,9.992007221626409e-16,0.0,3.9968028886505635e-15,4,8,2184616.11112,34734.983586
2024-09-03 10:00:00,schloemer,L5,33,36,53.7722159739092,0.0,0.0,0.0,4,8,2184616.11112,34734.983586
2024-09-03 10:00:00,schloemer,L6,33,42,49.229829022889234,0.0,0.0,0.0,4,8,2184616.11112,34734.983586
2024-09-03 10:00:00,schloemer,L7,34,36,59.056027844834375,1.2212453270876722e-15,0.0,4.884981308350689e-15,4,8,2184616.11112,34734.983586
2024-09-03 10:00:00,schloemer,L8,36,38,56.047306484149594,2.220446049250313e-16,0.0,8.881784197001252e-16,4,8,2184616.11112,34734.983586
2024-09-03 10:00:00,schloemer,L9,36,39,53.074230465482756,0.0,0.0,0.0,4,8,2184616.11112,34734.983586
2024-09-03 10:00:00,schloemer,L10,37,36,52.62049730656178,0.0,0.0,0.0,20,48,2185542.33716,34764.744572
2024-09-03 10:00:00,schloemer,L11,37,64,46.28141539542349,0.0,0.0,0.0,4,8,2184616.11112,34734.983586
2024-09-03 10:00:00,schloemer,L12,38,39,53.18598645039063,0.0,0.0,0.0,4,8,2184616.11112,34734.983586
2024-09-03 10:00:00,schloemer,L13,39,40,49.012498914336255,0.0,0.0,0.0,4,8,2184616.11112,34734.983586
2024-09-03 10:00:00,schloemer,L14,39,41,46.74581615136721,0.0,0.0,0.0,4,8,2184616.11112,34734.983586
2024-09-03 10:00:00,schloemer,L15,40,41,45.46795320671124,0.0,0.0,0.0,4,8,2184616.11112,34734.983586
2024-09-03 10:00:00,schloemer,L16,41,48,40.02652350117302,0.0,0.0,0.0,4,8,2184616.11112,34734.983586
2024-09-03 10:00:00,schloemer,L17,41,48,40.02652350117302,0.0,0.0,0.0,4,8,2184616.11112,34734.983586
2024-09-03 10:00:00,schloemer,L18,42,43,44.47696092325323,0.0,0.0,0.0,4,8,2184616.11112,34734.983586
2024-09-03 10:00:00,schloemer,L19,43,44,40.43547372407114,0.0,0.0,0.0,4,8,2184616.11112,34734.983586
2024-09-03 10:00:00,schloemer,L20,44,45,37.400025865799115,0.0,0.0,0.0,4,8,2184616.11112,34734.983586
2024-09-03 10:00:00,schloemer,L21,44,48,37.86390546188518,0.0,0.0,0.0,4,8,2184616.11112,34734.983586
2024-09-03 10:00:00,schloemer,L22,45,46,36.220864637670104,0.0,0.0,0.0,4,8,2184616.11112,34734.983586
2024-09-03 10:00:00,schloemer,L23,45,47,35.56143904929625,0.0,0.0,0.0,4,8,2184616.11112,34734.983586
2024-09-03 10:00:00,schloemer,L24,46,48,36.69452472521598,0.0,0.0,0.0,4,8,2184616.11112,34734.983586
2024-09-03 10:00:00,schloemer,L25,46,68,36.26529311710404,0.0,0.0,0.0,4,8,2184616.11112,34734.983586
2024-09-03 10:00:00,schloemer,L26,47,48,35.98351048964724,0.0,0.0,0.0,4,8,2184616.11112,34734.983586
2024-09-03 10:00:00,schloemer,L27,48,49,35.96341282001543,0.0,0.0,0.0,4,8,2184616.11112,34734.983586
2024-09-03 10:00:00,schloemer,L28,48,50,35.19822702019854,0.0,0.0,0.0,4,8,2184616.11112,34734.983586
2024-09-03 10:00:00,schloemer,L29,48,53,36.06822575407083,0.0,0.0,0.0,4,8,2184616.11112,34734.983586
2024-09-03 10:00:00,schloemer,L30,48,53,36.06822575407083,0.0,0.0,0.0,4,8,2184616.11112,34734.983586
2024-09-03 10:00:00,schloemer,L31,48,65,38.563655417548205,0.0,0.0,0.0,4,8,2184616.11112,34734.983586
2024-09-03 10:00:00,schloemer,L32,48,65,38.563655417548205,0.0,0.0,0.0,4,8,2184616.11112,34734.983586
2024-09-03 10:00:00,schloemer,L33,48,68,36.793018631933286,0.0,0.0,0.0,4,8,2184616.11112,34734.983586
2024-09-03 10:00:00,schloemer,L34,49,56,30.391059174956695,0.0,0.0,0.0,4,8,2184616.11112,34734.983586
2024-09-03 10:00:00,schloemer,L35,50,51,28.774490886752233,0.0,0.0,0.0,4,8,2184616.11112,34734.983586
2024-09-03 10:00:00,schloemer,L36,50,57,29.261677633851345,0.0,0.0,0.0,4,8,2184616.11112,34734.983586
2024-09-03 10:00:00,schloemer,L37,51,52,28.207556884599825,0.0,0.0,0.0,4,8,2184616.11112,34734.983586
2024-09-03 10:00:00,schloemer,L38,52,53,29.725505663237662,0.0,0.0,0.0,4,8,2184616.11112,34734.983586
2024-09-03 10:00:00,schloemer,L39,53,54,34.62571014214975,0.0,0.0,0.0,4,8,2184616.11112,34734.983586
2024-09-03 10:00:00,schloemer,L40,53,55,30.52464177700859,0.0,0.0,0.0,4,8,2184616.11112,34734.983586
2024-09-03 10:00:00,schloemer,L41,53,58,35.46286391657345,0.0,0.0,0.0,4,8,2184616.11112,34734.983586
2024-09-03 10:00:00,schloemer,L42,54,55,30.212997711738137,0.0,0.0,0.0,4,8,2184616.11112,34734.983586
2024-09-03 10:00:00,schloemer,L43,54,58,35.06160950316894,0.0,0.0,0.0,4,8,2184616.11112,34734.983586
2024-09-03 10:00:00,schloemer,L44,55,56,29.922993755425807,0.0,0.0,0.0,4,8,2184616.11112,34734.983586
2024-09-03 10:00:00,schloemer,L45,55,57,29.405513726167822,0.0,0.0,0.0,4,8,2184616.11112,34734.983586
2024-09-03 10:00:00,schloemer,L46,55,58,34.84883538248646,0.0,0.0,0.0,4,8,2184616.11112,34734.983586
2024-09-03 10:00:00,schloemer,L47,55,58,34.84883538248646,0.0,0.0,0.0,4,8,2184616.11112,34734.983586
2024-09-03 10:00:00,schloemer,L48,58,59,36.726479301463435,0.0,0.0,0.0,4,8,2184616.11112,34734.983586
2024-09-03 10:00:00,schloemer,L49,58,60,37.18130978246634,0.0,0.0,0.0,4,8,2184616.11112,34734.983586
2024-09-03 10:00:00,schloemer,L50,59,60,38.03691961859523,0.0,0.0,0.0,4,8,2184616.11112,34734.983586
2024-09-03 10:00:00,schloemer,L51,59,61,38.58672983924361,0.0,0.0,0.0,4,8,2184616.11112,34734.983586
2024-09-03 10:00:00,schloemer,L52,60,61,39.08895011044971,0.0,0.0,0.0,4,8,2184616.11112,34734.983586
2024-09-03 10:00:00,schloemer,L53,61,65,39.92427635111047,0.0,0.0,0.0,4,8,2184616.11112,34734.983586
2024-09-03 10:00:00,schloemer,L54,61,66,40.514529661980035,0.0,0.0,0.0,4,8,2184616.11112,34734.983586
2024-09-03 10:00:00,schloemer,L55,62,58,36.87865181693333,0.0,0.0,0.0,13,30,2185148.89802,34751.629934
2024-09-03 10:00:00,schloemer,L56,62,63,39.189113511308285,0.0,0.0,0.0,4,8,2184616.11112,34734.983586
2024-09-03 10:00:00,schloemer,L57,63,60,39.5418367523194,0.0,0.0,0.0,20,47,2185512.78098,34763.759366
2024-09-03 10:00:00,schloemer,L58,63,64,41.92574314250256,0.0,0.0,0.0,4,8,2184616.11112,34734.983586
2024-09-03 10:00:00,schloemer,L59,64,65,41.611747705300814,0.0,0.0,0.0,20,48,2185545.98792,34764.866264
2024-09-03 10:00:00,schloemer,L60,64,67,42.23054659661235,0.0,0.0,0.0,38,93,2186503.81292,34796.793764
2024-09-03 10:00:00,schloemer,L61,65,66,40.77224948294599,0.0,0.0,0.0,4,8,2184616.11112,34734.983586
2024-09-03 10:00:00,schloemer,L62,67,68,38.41191000043907,0.0,0.0,0.0,28,68,2185978.45538,34779.281846
2024-09-03 10:00:00,schloemer,L63,68,69,30.18146277163715,0.0,0.0,0.0,4,8,2184616.11112,34734.983586
2024-09-03 10:00:00,schloemer,L64,68,74,35.23533199322203,0.0,0.0,0.0,4,8,2184616.11112,34734.983586
2024-09-03 10:00:00,schloemer,L65,68,76,36.56032266720146,0.0,0.0,0.0,4,8,2184616.11112,34734.983586
2024-09-03 10:00:00,schloemer,L66,69,70,27.310010783009464,0.0,0.0,0.0,4,8,2184616.11112,34734.983586
2024-09-03 10:00:00,schloemer,L67,69,73,28.553797821864094,0.0,0.0,0.0,4,8,2184616.11112,34734.983586
2024-09-03 10:00:00,schloemer,L68,69,74,29.38170498721293,0.0,0.0,0.0,4,8,2184616.11112,34734.983586
2024-09-03 10:00:00,schloemer,L69,70,71,25.689911539210343,0.0,0.0,0.0,4,8,2184616.11112,34734.983586
2024-09-03 10:00:00,schloemer,L70,70,72,25.6375966827206,0.0,0.0,0.0,4,8,2184616.11112,34734.983586
2024-09-03 10:00:00,schloemer,L71,73,74,29.514121601733986,0.0,0.0,0.0,4,8,2184616.11112,34734.983586
2024-09-03 10:00:00,schloemer,L72,74,76,35.4545190765104,0.0,0.0,0.0,4,8,2184616.11112,34734.983586
2024-09-03 10:00:00,schloemer,L73,74,117,30.00456784246522,0.0,0.0,0.0,4,8,2184616.11112,34734.983586
2024-09-03 10:00:00,schloemer,L74,75,76,35.52622319144279,0.0,0.0,0.0,4,8,2184616.11112,34734.983586
2024-09-03 10:00:00,schloemer,L75,75,117,30.066863857517102,0.0,0.0,0.0,4,8,2184616.11112,34734.983586
2024-09-03 10:00:00,schloemer,L76,76,77,36.32813518094567,0.0,0.0,0.0,4,8,2184616.11112,34734.983586
2024-09-03 10:00:00,schloemer,L77,76,79,38.12909988940651,0.0,0.0,0.0,4,8,2184616.11112,34734.983586
2024-09-03 10:00:00,schloemer,L78,76,79,38.12909988940651,0.0,0.0,0.0,4,8,2184616.11112,34734.983586
2024-09-03 10:00:00,schloemer,L79,76,81,37.3472976260133,0.0,0.0,0.0,4,8,2184616.11112,34734.983586
2024-09-03 10:00:00,schloemer,L80,77,78,36.37933640360236,0.0,0.0,0.0,4,8,2184616.11112,34734.983586
2024-09-03 10:00:00,schloemer,L81,78,79,38.1673166571346,0.0,0.0,0.0,4,8,2184616.11112,34734.983586
2024-09-03 10:00:00,schloemer,L82,79,95,40.13426978513769,0.0,0.0,0.0,4,8,2184616.11112,34734.983586
2024-09-03 10:00:00,schloemer,L83,79,96,39.76281526394977,0.0,0.0,0.0,4,8,2184616.11112,34734.983586
2024-09-03 10:00:00,schloemer,L84,79,97,39.151723958634925,0.0,0.0,0.0,4,8,2184616.11112,34734.983586
2024-09-03 10:00:00,schloemer,L85,79,98,40.89488780426003,0.0,0.0,0.0,4,8,2184616.11112,34734.983586
2024-09-03 10:00:00,schloemer,L86,80,67,41.079086605554764,0.0,0.0,0.0,30,72,2186055.70436,34781.856812
2024-09-03 10:00:00,schloemer,L87,80,79,40.386401603482255,0.0,0.0,0.0,28,69,2185981.58126,34779.386042
2024-09-03 10:00:00,schloemer,L88,81,82,37.238841153052775,0.0,0.0,0.0,4,8,2184616.11112,34734.983586
2024-09-03 10:00:00,schloemer,L89,81,95,39.21694181400791,0.0,0.0,0.0,4,8,2184616.11112,34734.983586
2024-09-03 10:00:00,schloemer,L90,93,95,41.53809204680817,0.0,0.0,0.0,4,8,2184616.11112,34734.983586
2024-09-03 10:00:00,schloemer,L91,95,96,40.22979413167144,0.0,0.0,0.0,4,8,2184616.11112,34734.983586
2024-09-03 10:00:00,schloemer,L92,115,67,41.34937736898688,0.0,0.0,0.0,13,29,2185126.88168,34750.896056
2024-09-03 11:00:00,schloemer,L0,22,23,24.7437281465624,0.0,0.0,0.0,4,8,2184616.11112,34734.983586
2024-09-03 11:00:00,schloemer,L1,23,69,26.625778051444318,0.0,0.0,0.0,4,8,2184616.11112,34734.983586
2024-09-03 11:00:00,schloemer,L2,23,71,25.116841290148965,0.0,0.0,0.0,4,8,2184616.11112,34734.983586
2024-09-03 11:00:00,schloemer,L3,29,37,49.54266368020435,0.0,0.0,0.0,4,8,2184616.11112,34734.983586
2024-09-03 11:00:00,schloemer,L4,32,36,56.060369556299726,2.220446049250313e-16,0.0,8.881784197001252e-16,4,8,2184616.11112,34734.983586
2024-09-03 11:00:00,schloemer,L5,33,36,51.61531524559643,0.0,0.0,0.0,4,8,2184616.11112,34734.983586
2024-09-03 11:00:00,schloemer,L6,33,42,47.45733516314133,0.0,0.0,0.0,4,8,2184616.11112,34734.983586
2024-09-03 11:00:00,schloemer,L7,34,36,56.4279307230207,2.220446049250313e-16,0.0,8.881784197001252e-16,4,8,2184616.11112,34734.983586
2024-09-03 11:00:00,schloemer,L8,36,38,53.65687971266394,0.0,0.0,0.0,4,8,2184616.11112,34734.983586
2024-09-03 11:00:00,schloemer,L9,36,39,50.954361254501954,0.0,0.0,0.0,4,8,2184616.11112,34734.983586
2024-09-03 11:00:00,schloemer,L10,37,36,50.57919003846072,0.0,0.0,0.0,20,48,2185542.33716,34764.744572
2024-09-03 11:00:00,schloemer,L11,37,64,44.74942833403501,0.0,0.0,0.0,4,8,2184616.11112,34734.983586
2024-09-03 11:00:00,schloemer,L12,38,39,51.040124229997986,0.0,0.0,0.0,4,8,2184616.11112,34734.983586
2024-09-03 11:00:00,schloemer,L13,39,40,47.22167683403416,0.0,0.0,0.0,4,8,2184616.11112,34734.983586
2024-09-03 11:00:00,schloemer,L14,39,41,45.14228248121298,0.0,0.0,0.0,4,8,2184616.11112,34734.983586
2024-09-03 11:00:00,schloemer,L15,40,41,43.95989339996376,0.0,0.0,0.0,4,8,2184616.11112,34734.983586
2024-09-03 11:00:00,schloemer,L16,41,48,38.91584468338125,0.0,0.0,0.0,4,8,2184616.11112,34734.983586
2024-09-03 11:00:00,schloemer,L17,41,48,38.91584468338125,0.0,0.0,0.0,4,8,2184616.11112,34734.983586
2024-09-03 11:00:00,schloemer,L18,42,43,43.06290723615816,0.0,0.0,0.0,4,8,2184616.11112,34734.983586
2024-09-03 11:00:00,schloemer,L19,43,44,39.29845412393126,0.0,0.0,0.0,4,8,2184616.11112,34734.983586
2024-09-03 11:00:00,schloemer,L20,44,45,36.45430637637579,0.0,0.0,0.0,4,8,2184616.11112,34734.983586
2024-09-03 11:00:00,schloemer,L21,44,48,36.893896696747234,0.0,0.0,0.0,4,8,2184616.11112,34734.983586
2024-09-03 11:00:00,schloemer,L22,45,46,35.342774280252854,0.0,0.0,0.0,4,8,2184616.11112,34734.983586
2024-09-03 11:00:00,schloemer,L23,45,47,34.727133640606176,0.0,0.0,0.0,4,8,2184616.11112,34734.983586
2024-09-03 11:00:00,schloemer,L24,46,48,35.79048586864666,0.0,0.0,0.0,4,8,2184616.11112,34734.983586
2024-09-03 11:00:00,schloemer,L25,46,68,35.38130129470711,0.0,0.0,0.0,4,8,2184616.11112,34734.983586
2024-09-03 11:00:00,schloemer,L26,47,48,35.12822441617941,0.0,0.0,0.0,4,8,2184616.11112,34734.983586
2024-09-03 11:00:00,schloemer,L27,48,49,35.118890605607795,0.0,0.0,0.0,4,8,2184616.11112,34734.983586
2024-09-03 11:00:00,schloemer,L28,48,50,30.52941253548488,0.0,0.0,0.0,4,8,2184616.11112,34734.983586
2024-09-03 11:00:00,schloemer,L29,48,53,35.22815310745854,0.0,0.0,0.0,4,8,2184616.11112,34734.983586
2024-09-03 11:00:00,schloemer,L30,48,53,35.22815310745854,0.0,0.0,0.0,4,8,2184616.11112,34734.983586
2024-09-03 11:00:00,schloemer,L31,48,65,37.56489114317488,0.0,0.0,0.0,4,8,2184616.11112,34734.983586
2024-09-03 11:00:00,schloemer,L32,48,65,37.56489114317488,0.0,0.0,0.0,4,8,2184616.11112,34734.983586
2024-09-03 11:00:00,schloemer,L33,48,68,35.87813507101313,0.0,0.0,0.0,4,8,2184616.11112,34734.983586
2024-09-03 11:00:00,schloemer,L34,49,56,29.743634920874143,0.0,0.0,0.0,4,8,2184616.11112,34734.983586
2024-09-03 11:00:00,schloemer,L35,50,51,28.212181835984985,0.0,0.0,0.0,4,8,2184616.11112,34734.983586
2024-09-03 11:00:00,schloemer,L36,50,57,28.676572878602077,0.0,0.0,0.0,4,8,2184616.11112,34734.983586
2024-09-03 11:00:00,schloemer,L37,51,52,27.68486004302886,0.0,0.0,0.0,4,8,2184616.11112,34734.983586
2024-09-03 11:00:00,schloemer,L38,52,53,29.129590802491368,0.0,0.0,0.0,4,8,2184616.11112,34734.983586
2024-09-03 11:00:00,schloemer,L39,53,54,30.089867133346807,0.0,0.0,0.0,4,8,2184616.11112,34734.983586
2024-09-03 11:00:00,schloemer,L40,53,55,29.88953038697608,0.0,0.0,0.0,4,8,2184616.11112,34734.983586
2024-09-03 11:00:00,schloemer,L41,53,58,34.697012845203986,0.0,0.0,0.0,4,8,2184616.11112,34734.983586
2024-09-03 11:00:00,schloemer,L42,54,55,29.60725331936077,0.0,0.0,0.0,4,8,2184616.11112,34734.983586
2024-09-03 11:00:00,schloemer,L43,54,58,30.471715524035528,0.0,0.0,0.0,4,8,2184616.11112,34734.983586
2024-09-03 11:00:00,schloemer,L44,55,56,29.317564247120863,0.0,0.0,0.0,4,8,2184616.11112,34734.983586
2024-09-03 11:00:00,schloemer,L45,55,57,28.82808074337716,0.0,0.0,0.0,4,8,2184616.11112,34734.983586
2024-09-03 11:00:00,schloemer,L46,55,58,30.286177238323006,0.0,0.0,0.0,4,8,2184616.11112,34734.983586
2024-09-03 11:00:00,schloemer,L47,55,58,30.286177238323006,0.0,0.0,0.0,4,8,2184616.11112,34734.983586
2024-09-03 11:00:00,schloemer,L48,58,59,35.92449014044401,0.0,0.0,0.0,4,8,2184616.11112,34734.983586
2024-09-03 11:00:00,schloemer,L49,58,60,36.34587034772589,0.0,0.0,0.0,4,8,2184616.11112,34734.983586
2024-09-03 11:00:00,schloemer,L50,59,60,37.16926436165516,0.0,0.0,0.0,4,8,2184616.11112,34734.983586
2024-09-03 11:00:00,schloemer,L51,59,61,37.67793833591716,0.0,0.0,0.0,4,8,2184616.11112,34734.983586
2024-09-03 11:00:00,schloemer,L52,60,61,38.14112047190675,0.0,0.0,0.0,4,8,2184616.11112,34734.983586
2024-09-03 11:00:00,schloemer,L53,61,65,38.884793164826796,0.0,0.0,0.0,4,8,2184616.11112,34734.983586
2024-09-03 11:00:00,schloemer,L54,61,66,39.46208672325494,0.0,0.0,0.0,4,8,2184616.11112,34734.983586
2024-09-03 11:00:00,schloemer,L55,62,58,36.054599728720255,0.0,0.0,0.0,13,30,2185148.89802,34751.629934
2024-09-03 11:00:00,schloemer,L56,62,63,38.21506186494163,0.0,0.0,0.0,4,8,2184616.11112,34734.983586
2024-09-03 11:00:00,schloemer,L57,63,60,38.552474805236685,0.0,0.0,0.0,20,47,2185512.78098,34763.759366
2024-09-03 11:00:00,schloemer,L58,63,64,40.72644099968391,0.0,0.0,0.0,4,8,2184616.11112,34734.983586
2024-09-03 11:00:00,schloemer,L59,64,65,40.42005053362705,0.0,0.0,0.0,20,48,2185545.98792,34764.866264
2024-09-03 11:00:00,schloemer,L60,64,67,40.95758427416885,0.0,0.0,0.0,38,93,2186503.81292,34796.793764
2024-09-03 11:00:00,schloemer,L61,65,66,39.67144441181177,0.0,0.0,0.0,4,8,2184616.11112,34734.983586
2024-09-03 11:00:00,schloemer,L62,67,68,37.39391143453569,0.0,0.0,0.0,28,68,2185978.45538,34779.281846
2024-09-03 11:00:00,schloemer,L63,68,69,29.518789951779876,0.0,0.0,0.0,4,8,2184616.11112,34734.983586
2024-09-03 11:00:00,schloemer,L64,68,74,30.54713247730302,0.0,0.0,0.0,4,8,2184616.11112,34734.983586
2024-09-03 11:00:00,schloemer,L65,68,76,35.67017509073946,0.0,0.0,0.0,4,8,2184616.11112,34734.983586
2024-09-03 11:00:00,schloemer,L66,69,70,26.806456968591306,0.0,0.0,0.0,4,8,2184616.11112,34734.983586
2024-09-03 11:00:00,schloemer,L67,69,73,27.98527885749378,0.0,0.0,0.0,4,8,2184616.11112,34734.983586
2024-09-03 11:00:00,schloemer,L68,69,74,28.768311942418478,0.0,0.0,0.0,4,8,2184616.11112,34734.983586
2024-09-03 11:00:00,schloemer,L69,70,71,25.266636619457778,0.0,0.0,0.0,4,8,2184616.11112,34734.983586
2024-09-03 11:00:00,schloemer,L70,70,72,25.220207288918026,0.0,0.0,0.0,4,8,2184616.11112,34734.983586
2024-09-03 11:00:00,schloemer,L71,73,74,28.895903046282505,0.0,0.0,0.0,4,8,2184616.11112,34734.983586
2024-09-03 11:00:00,schloemer,L72,74,76,34.63960822359809,0.0,0.0,0.0,4,8,2184616.11112,34734.983586
2024-09-03 11:00:00,schloemer,L73,74,117,29.363615529057245,0.0,0.0,0.0,4,8,2184616.11112,34734.983586
2024-09-03 11:00:00,schloemer,L74,75,76,34.71958349807793,0.0,0.0,0.0,4,8,2184616.11112,34734.983586
2024-09-03 11:00:00,schloemer,L75,75,117,29.431895842965822,0.0,0.0,0.0,4,8,2184616.11112,34734.983586
2024-09-03 11:00:00,schloemer,L76,76,77,35.48281287965229,0.0,0.0,0.0,4,8,2184616.11112,34734.983586
2024-09-03 11:00:00,schloemer,L77,76,79,37.17741122566079,0.0,0.0,0.0,4,8,2184616.11112,34734.983586
2024-09-03 11:00:00,schloemer,L78,76,79,37.17741122566079,0.0,0.0,0.0,4,8,2184616.11112,34734.983586
2024-09-03 11:00:00,schloemer,L79,76,81,36.44930625441415,0.0,0.0,0.0,4,8,2184616.11112,34734.983586
2024-09-03 11:00:00,schloemer,L80,77,78,35.553551366387204,0.0,0.0,0.0,4,8,2184616.11112,34734.983586
2024-09-03 11:00:00,schloemer,L81,78,79,37.240014674683636,0.0,0.0,0.0,4,8,2184616.11112,34734.983586
2024-09-03 11:00:00,schloemer,L82,79,95,39.09906935013619,0.0,0.0,0.0,4,8,2184616.11112,34734.983586
2024-09-03 11:00:00,schloemer,L83,79,96,38.75465303520904,0.0,0.0,0.0,4,8,2184616.11112,34734.983586
2024-09-03 11:00:00,schloemer,L84,79,97,38.17753757064703,0.0,0.0,0.0,4,8,2184616.11112,34734.983586
2024-09-03 11:00:00,schloemer,L85,79,98,39.80079675286562,0.0,0.0,0.0,4,8,2184616.11112,34734.983586
2024-09-03 11:00:00,schloemer,L86,80,67,39.8873258954974,0.0,0.0,0.0,30,72,2186055.70436,34781.856812
2024-09-03 11:00:00,schloemer,L87,80,79,39.282117398626596,0.0,0.0,0.0,28,69,2185981.58126,34779.386042
2024-09-03 11:00:00,schloemer,L88,81,82,36.394737563802984,0.0,0.0,0.0,4,8,2184616.11112,34734.983586
2024-09-03 11:00:00,schloemer,L89,81,95,38.24702848259184,0.0,0.0,0.0,4,8,2184616.11112,34734.983586
2024-09-03 11:00:00,schloemer,L90,93,95,40.46859244275355,0.0,0.0,0.0,4,8,2184616.11112,34734.983586
2024-09-03 11:00:00,schloemer,L91,95,96,39.21836796215949,0.0,0.0,0.0,4,8,2184616.11112,34734.983586
2024-09-03 11:00:00,schloemer,L92,115,67,40.13352709090149,0.0,0.0,0.0,13,29,2185126.88168,34750.896056
2024-09-03 12:00:00,schloemer,L0,22,23,24.33516240570756,0.0,0.0,0.0,4,8,2184616.11112,34734.983586
2024-09-03 12:00:00,schloemer,L1,23,69,26.128999998123668,0.0,0.0,0.0,4,8,2184616.11112,34734.983586
2024-09-03 12:00:00,schloemer,L2,23,71,24.69328555233117,0.0,0.0,0.0,4,8,2184616.11112,34734.983586
2024-09-03 12:00:00,schloemer,L3,29,37,47.770446445665996,0.0,0.0,0.0,4,8,2184616.11112,34734.983586
2024-09-03 12:00:00,schloemer,L4,32,36,53.64999411616386,0.0,0.0,0.0,4,8,2184616.11112,34734.983586
2024-09-03 12:00:00,schloemer,L5,33,36,49.61466742103371,0.0,0.0,0.0,4,8,2184616.11112,34734.983586
2024-09-03 12:00:00,schloemer,L6,33,42,45.79560762640404,0.0,0.0,0.0,4,8,2184616.11112,34734.983586
2024-09-03 12:00:00,schloemer,L7,34,36,54.01372744175038,1.1102230246251565e-16,0.0,4.440892098500626e-16,4,8,2184616.11112,34734.983586
2024-09-03 12:00:00,schloemer,L8,36,38,51.45663079696248,0.0,0.0,0.0,4,8,2184616.11112,34734.983586
2024-09-03 12:00:00,schloemer,L9,36,39,48.98984427127081,0.0,0.0,0.0,4,8,2184616.11112,34734.983586
2024-09-03 12:00:00,schloemer,L10,37,36,48.67783832953477,0.0,0.0,0.0,20,48,2185542.33716,34764.744572
2024-09-03 12:00:00,schloemer,L11,37,64,43.300631540271816,0.0,0.0,0.0,4,8,2184616.11112,34734.983586
2024-09-03 12:00:00,schloemer,L12,38,39,49.05527017985456,0.0,0.0,0.0,4,8,2184616.11112,34734.983586
2024-09-03 12:00:00,schloemer,L13,39,40,45.548713472240365,0.0,0.0,0.0,4,8,2184616.11112,34734.983586
2024-09-03 12:00:00,schloemer,L14,39,41,43.634401668017844,0.0,0.0,0.0,4,8,2184616.11112,34734.983586
2024-09-03 12:00:00,schloemer,L15,40,41,42.53737276151595,0.0,0.0,0.0,4,8,2184616.11112,34734.983586
2024-09-03 12:00:00,schloemer,L16,41,48,37.84934759326589,0.0,0.0,0.0,4,8,2184616.11112,34734.983586
2024-09-03 12:00:00,schloemer,L17,41,48,37.84934759326589,0.0,0.0,0.0,4,8,2184616.11112,34734.983586
2024-09-03 12:00:00,schloemer,L18,42,43,41.72191150113442,0.0,0.0,0.0,4,8,2184616.11112,34734.983586
2024-09-03 12:00:00,schloemer,L19,43,44,38.207972417982425,0.0,0.0,0.0,4,8,2184616.11112,34734.983586
2024-09-03 12:00:00,schloemer,L20,44,45,35.53836886164407,0.0,0.0,0.0,4,8,2184616.11112,34734.983586
2024-09-03 12:00:00,schloemer,L21,44,48,35.95527793280096,0.0,0.0,0.0,4,8,2184616.11112,34734.983586
2024-09-03 12:00:00,schloemer,L22,45,46,30.60914510408435,0.0,0.0,0.0,4,8,2184616.11112,34734.983586
2024-09-03 12:00:00,schloemer,L23,45,47,30.09801964515909,0.0,0.0,0.0,4,8,2184616.11112,34734.983586
2024-09-03 12:00:00,schloemer,L24,46,48,34.91284406359837,0.0,0.0,0.0,4,8,2184616.11112,34734.983586
2024-09-03 12:00:00,schloemer,L25,46,68,30.638806027177747,0.0,0.0,0.0,4,8,2184616.11112,34734.983586
2024-09-03 12:00:00,schloemer,L26,47,48,30.43651785556131,0.0,0.0,0.0,4,8,2184616.11112,34734.983586
2024-09-03 12:00:00,schloemer,L27,48,49,30.436132975190038,0.0,0.0,0.0,4,8,2184616.11112,34734.983586
2024-09-03 12:00:00,schloemer,L28,48,50,29.83475081976426,0.0,0.0,0.0,4,8,2184616.11112,34734.983586
2024-09-03 12:00:00,schloemer,L29,48,53,30.535750329214924,0.0,0.0,0.0,4,8,2184616.11112,34734.983586
2024-09-03 12:00:00,schloemer,L30,48,53,30.535750329214924,0.0,0.0,0.0,4,8,2184616.11112,34734.983586
2024-09-03 12:00:00,schloemer,L31,48,65,36.598330943167674,0.0,0.0,0.0,4,8,2184616.11112,34734.983586
2024-09-03 12:00:00,schloemer,L32,48,65,36.598330943167674,0.0,0.0,0.0,4,8,2184616.11112,34734.983586
2024-09-03 12:00:00,schloemer,L33,48,68,34.991063104671696,0.0,0.0,0.0,4,8,2184616.11112,34734.983586
2024-09-03 12:00:00,schloemer,L34,49,56,29.104562334068724,0.0,0.0,0.0,4,8,2184616.11112,34734.983586
2024-09-03 12:00:00,schloemer,L35,50,51,27.652516524121157,0.0,0.0,0.0,4,8,2184616.11112,34734.983586
2024-09-03 12:00:00,schloemer,L36,50,57,28.095360816824286,0.0,0.0,0.0,4,8,2184616.11112,34734.983586
2024-09-03 12:00:00,schloemer,L37,51,52,27.161248800999328,0.0,0.0,0.0,4,8,2184616.11112,34734.983586
2024-09-03 12:00:00,schloemer,L38,52,53,28.5369133794854,0.0,0.0,0.0,4,8,2184616.11112,34734.983586
2024-09-03 12:00:00,schloemer,L39,53,54,29.454647894605053,0.0,0.0,0.0,4,8,2184616.11112,34734.983586
2024-09-03 12:00:00,schloemer,L40,53,55,29.259897855461823,0.0,0.0,0.0,4,8,2184616.11112,34734.983586
2024-09-03 12:00:00,schloemer,L41,53,58,30.121639526323026,0.0,0.0,0.0,4,8,2184616.11112,34734.983586
2024-09-03 12:00:00,schloemer,L42,54,55,29.003744749934587,0.0,0.0,0.0,4,8,2184616.11112,34734.983586
2024-09-03 12:00:00,schloemer,L43,54,58,29.830125826122053,0.0,0.0,0.0,4,8,2184616.11112,34734.983586
2024-09-03 12:00:00,schloemer,L44,55,56,28.715901046746893,0.0,0.0,0.0,4,8,2184616.11112,34734.983586
2024-09-03 12:00:00,schloemer,L45,55,57,28.252516993582056,0.0,0.0,0.0,4,8,2184616.11112,34734.983586
2024-09-03 12:00:00,schloemer,L46,55,58,29.648407877732136,0.0,0.0,0.0,4,8,2184616.11112,34734.983586
2024-09-03 12:00:00,schloemer,L47,55,58,29.648407877732136,0.0,0.0,0.0,4,8,2184616.11112,34734.983586
2024-09-03 12:00:00,schloemer,L48,58,59,35.129892856663446,0.0,0.0,0.0,4,8,2184616.11112,34734.983586
2024-09-03 12:00:00,schloemer,L49,58,60,35.520943700344894,0.0,0.0,0.0,4,8,2184616.11112,34734.983586
2024-09-03 12:00:00,schloemer,L50,59,60,36.31238786543173,0.0,0.0,0.0,4,8,2184616.11112,34734.983586
2024-09-03 12:00:00,schloemer,L51,59,61,36.7838297252508,0.0,0.0,0.0,4,8,2184616.11112,34734.983586
2024-09-03 12:00:00,schloemer,L52,60,61,37.211860246032195,0.0,0.0,0.0,4,8,2184616.11112,34734.983586
2024-09-03 12:00:00,schloemer,L53,61,65,37.87575028480281,0.0,0.0,0.0,4,8,2184616.11112,34734.983586
2024-09-03 12:00:00,schloemer,L54,61,66,38.43822998263716,0.0,0.0,0.0,4,8,2184616.11112,34734.983586
2024-09-03 12:00:00,schloemer,L55,62,58,35.24093509743506,0.0,0.0,0.0,13,30,2185148.89802,34751.629934
2024-09-03 12:00:00,schloemer,L56,62,63,37.2639198988929,0.0,0.0,0.0,4,8,2184616.11112,34734.983586
2024-09-03 12:00:00,schloemer,L57,63,60,37.58645877693205,0.0,0.0,0.0,20,47,2185512.78098,34763.759366
2024-09-03 12:00:00,schloemer,L58,63,64,39.574942225569494,0.0,0.0,0.0,4,8,2184616.11112,34734.983586
2024-09-03 12:00:00,schloemer,L59,64,65,39.277108353467874,0.0,0.0,0.0,20,48,2185545.98792,34764.866264
2024-09-03 12:00:00,schloemer,L60,64,67,39.74583238362183,0.0,0.0,0.0,38,93,2186503.81292,34796.793764
2024-09-03 12:00:00,schloemer,L61,65,66,38.607054287905775,0.0,0.0,0.0,4,8,2184616.11112,34734.983586
2024-09-03 12:00:00,schloemer,L62,67,68,36.41292810262696,0.0,0.0,0.0,28,68,2185978.45538,34779.281846
2024-09-03 12:00:00,schloemer,L63,68,69,28.86819659520846,0.0,0.0,0.0,4,8,2184616.11112,34734.983586
2024-09-03 12:00:00,schloemer,L64,68,74,29.839704422670493,0.0,0.0,0.0,4,8,2184616.11112,34734.983586
2024-09-03 12:00:00,schloemer,L65,68,76,34.80449232543246,0.0,0.0,0.0,4,8,2184616.11112,34734.983586
2024-09-03 12:00:00,schloemer,L66,69,70,26.30310307729301,0.0,0.0,0.0,4,8,2184616.11112,34734.983586
2024-09-03 12:00:00,schloemer,L67,69,73,27.42140308867743,0.0,0.0,0.0,4,8,2184616.11112,34734.983586
2024-09-03 12:00:00,schloemer,L68,69,74,28.16279943985128,0.0,0.0,0.0,4,8,2184616.11112,34734.983586
2024-09-03 12:00:00,schloemer,L69,70,71,24.838500593817137,0.0,0.0,0.0,4,8,2184616.11112,34734.983586
2024-09-03 12:00:00,schloemer,L70,70,72,24.797300068213413,0.0,0.0,0.0,4,8,2184616.11112,34734.983586
2024-09-03 12:00:00,schloemer,L71,73,74,28.28566773730852,0.0,0.0,0.0,4,8,2184616.11112,34734.983586
2024-09-03 12:00:00,schloemer,L72,74,76,30.034797348489427,0.0,0.0,0.0,4,8,2184616.11112,34734.983586
2024-09-03 12:00:00,schloemer,L73,74,117,28.731866714622022,0.0,0.0,0.0,4,8,2184616.11112,34734.983586
2024-09-03 12:00:00,schloemer,L74,75,76,30.111352945826905,0.0,0.0,0.0,4,8,2184616.11112,34734.983586
2024-09-03 12:00:00,schloemer,L75,75,117,28.80471340386715,0.0,0.0,0.0,4,8,2184616.11112,34734.983586
2024-09-03 12:00:00,schloemer,L76,76,77,34.654923787656415,0.0,0.0,0.0,4,8,2184616.11112,34734.983586
2024-09-03 12:00:00,schloemer,L77,76,79,36.25138960774362,0.0,0.0,0.0,4,8,2184616.11112,34734.983586
2024-09-03 12:00:00,schloemer,L78,76,79,36.25138960774362,0.0,0.0,0.0,4,8,2184616.11112,34734.983586
2024-09-03 12:00:00,schloemer,L79,76,81,35.57197285673367,0.0,0.0,0.0,4,8,2184616.11112,34734.983586
2024-09-03 12:00:00,schloemer,L80,77,78,34.741231889614824,0.0,0.0,0.0,4,8,2184616.11112,34734.983586
2024-09-03 12:00:00,schloemer,L81,78,79,36.333350744003056,0.0,0.0,0.0,4,8,2184616.11112,34734.983586
2024-09-03 12:00:00,schloemer,L82,79,95,38.0913847994402,0.0,0.0,0.0,4,8,2184616.11112,34734.983586
2024-09-03 12:00:00,schloemer,L83,79,96,37.77140768953859,0.0,0.0,0.0,4,8,2184616.11112,34734.983586
2024-09-03 12:00:00,schloemer,L84,79,97,37.226076714408656,0.0,0.0,0.0,4,8,2184616.11112,34734.983586
2024-09-03 12:00:00,schloemer,L85,79,98,38.74030164795467,0.0,0.0,0.0,4,8,2184616.11112,34734.983586
2024-09-03 12:00:00,schloemer,L86,80,67,38.74848057799086,0.0,0.0,0.0,30,72,2186055.70436,34781.856812
2024-09-03 12:00:00,schloemer,L87,80,79,38.21759957695986,0.0,0.0,0.0,28,69,2185981.58126,34779.386042
2024-09-03 12:00:00,schloemer,L88,81,82,35.56187579026017,0.0,0.0,0.0,4,8,2184616.11112,34734.983586
2024-09-03 12:00:00,schloemer,L89,81,95,37.298524682462634,0.0,0.0,0.0,4,8,2184616.11112,34734.983586
2024-09-03 12:00:00,schloemer,L90,93,95,39.422517638609676,0.0,0.0,0.0,4,8,2184616.11112,34734.983586
2024-09-03 12:00:00,schloemer,L91,95,96,38.22897269659371,0.0,0.0,0.0,4,8,2184616.11112,34734.983586
2024-09-03 12:00:00,schloemer,L92,115,67,38.97364369997149,0.0,0.0,0.0,13,29,2185126.88168,34750.896056
2024-09-03 13:00:00,schloemer,L0,22,23,23.921760703235076,0.0,0.0,0.0,4,8,2184616.11112,34734.983586
2024-09-03 13:00:00,schloemer,L1,23,69,25.632492884396587,0.0,0.0,0.0,4,8,2184616.11112,34734.983586
2024-09-03 13:00:00,schloemer,L2,23,71,24.265533659317207,0.0,0.0,0.0,4,8,2184616.11112,34734.983586
2024-09-03 13:00:00,schloemer,L3,29,37,46.099691504410444,0.0,0.0,0.0,4,8,2184616.11112,34734.983586
2024-09-03 13:00:00,schloemer,L4,32,36,51.42820164979357,0.0,0.0,0.0,4,8,2184616.11112,34734.983586
2024-09-03 13:00:00,schloemer,L5,33,36,47.74950923392011,0.0,0.0,0.0,4,8,2184616.11112,34734.983586
2024-09-03 13:00:00,schloemer,L6,33,42,44.230870459982334,0.0,0.0,0.0,4,8,2184616.11112,34734.983586
2024-09-03 13:00:00,schloemer,L7,34,36,51.78386305822453,0.0,0.0,0.0,4,8,2184616.11112,34734.983586
2024-09-03 13:00:00,schloemer,L8,36,38,49.419427745515826,0.0,0.0,0.0,4,8,2184616.11112,34734.983586
2024-09-03 13:00:00,schloemer,L9,36,39,47.159381889869735,0.0,0.0,0.0,4,8,2184616.11112,34734.983586
2024-09-03 13:00:00,schloemer,L10,37,36,46.898636346218986,0.0,0.0,0.0,20,48,2185542.33716,34764.744572
2024-09-03 13:00:00,schloemer,L11,37,64,41.92542397957452,0.0,0.0,0.0,4,8,2184616.11112,34734.983586
2024-09-03 13:00:00,schloemer,L12,38,39,47.208762458177695,0.0,0.0,0.0,4,8,2184616.11112,34734.983586
2024-09-03 13:00:00,schloemer,L13,39,40,43.97792590360505,0.0,0.0,0.0,4,8,2184616.11112,34734.983586
2024-09-03 13:00:00,schloemer,L14,39,41,42.2100380258283,0.0,0.0,0.0,4,8,2184616.11112,34734.983586
2024-09-03 13:00:00,schloemer,L15,40,41,41.18970748984518,0.0,0.0,0.0,4,8,2184616.11112,34734.983586
2024-09-03 13:00:00,schloemer,L16,41,48,36.82226673460173,0.0,0.0,0.0,4,8,2184616.11112,34734.983586
2024-09-03 13:00:00,schloemer,L17,41,48,36.82226673460173,0.0,0.0,0.0,4,8,2184616.11112,34734.983586
2024-09-03 13:00:00,schloemer,L18,42,43,40.44545370121519,0.0,0.0,0.0,4,8,2184616.11112,34734.983586
2024-09-03 13:00:00,schloemer,L19,43,44,37.15897149840346,0.0,0.0,0.0,4,8,2184616.11112,34734.983586
2024-09-03 13:00:00,schloemer,L20,44,45,34.649206616217654,0.0,0.0,0.0,4,8,2184616.11112,34734.983586
2024-09-03 13:00:00,schloemer,L21,44,48,35.04490427966304,0.0,0.0,0.0,4,8,2184616.11112,34734.983586
2024-09-03 13:00:00,schloemer,L22,45,46,29.871167590009925,0.0,0.0,0.0,4,8,2184616.11112,34734.983586
2024-09-03 13:00:00,schloemer,L23,45,47,29.392159669737033,0.0,0.0,0.0,4,8,2184616.11112,34734.983586
2024-09-03 13:00:00,schloemer,L24,46,48,30.227346069065376,0.0,0.0,0.0,4,8,2184616.11112,34734.983586
2024-09-03 13:00:00,schloemer,L25,46,68,29.896890304071828,0.0,0.0,0.0,4,8,2184616.11112,34734.983586
2024-09-03 13:00:00,schloemer,L26,47,48,29.71424541168079,0.0,0.0,0.0,4,8,2184616.11112,34734.983586
2024-09-03 13:00:00,schloemer,L27,48,49,29.720390414513457,0.0,0.0,0.0,4,8,2184616.11112,34734.983586
2024-09-03 13:00:00,schloemer,L28,48,50,29.15331987082012,0.0,0.0,0.0,4,8,2184616.11112,34734.983586
2024-09-03 13:00:00,schloemer,L29,48,53,29.82160709290756,0.0,0.0,0.0,4,8,2184616.11112,34734.983586
2024-09-03 13:00:00,schloemer,L30,48,53,29.82160709290756,0.0,0.0,0.0,4,8,2184616.11112,34734.983586
2024-09-03 13:00:00,schloemer,L31,48,65,35.66093437020248,0.0,0.0,0.0,4,8,2184616.11112,34734.983586
2024-09-03 13:00:00,schloemer,L32,48,65,35.66093437020248,0.0,0.0,0.0,4,8,2184616.11112,34734.983586
2024-09-03 13:00:00,schloemer,L33,48,68,30.289451923479195,0.0,0.0,0.0,4,8,2184616.11112,34734.983586
2024-09-03 13:00:00,schloemer,L34,49,56,28.473490280125883,0.0,0.0,0.0,4,8,2184616.11112,34734.983586
2024-09-03 13:00:00,schloemer,L35,50,51,27.09566095648841,0.0,0.0,0.0,4,8,2184616.11112,34734.983586
2024-09-03 13:00:00,schloemer,L36,50,57,27.51812323753559,0.0,0.0,0.0,4,8,2184616.11112,34734.983586
2024-09-03 13:00:00,schloemer,L37,51,52,26.637299186294083,0.0,0.0,0.0,4,8,2184616.11112,34734.983586
2024-09-03 13:00:00,schloemer,L38,52,53,27.947763522148755,0.0,0.0,0.0,4,8,2184616.11112,34734.983586
2024-09-03 13:00:00,schloemer,L39,53,54,28.824895411375593,0.0,0.0,0.0,4,8,2184616.11112,34734.983586
2024-09-03 13:00:00,schloemer,L40,53,55,28.63588603991656,0.0,0.0,0.0,4,8,2184616.11112,34734.983586
2024-09-03 13:00:00,schloemer,L41,53,58,29.457457697002976,0.0,0.0,0.0,4,8,2184616.11112,34734.983586
2024-09-03 13:00:00,schloemer,L42,54,55,28.403035716040787,0.0,0.0,0.0,4,8,2184616.11112,34734.983586
2024-09-03 13:00:00,schloemer,L43,54,58,29.19296384403682,0.0,0.0,0.0,4,8,2184616.11112,34734.983586
2024-09-03 13:00:00,schloemer,L44,55,56,28.118260719650554,0.0,0.0,0.0,4,8,2184616.11112,34734.983586
2024-09-03 13:00:00,schloemer,L45,55,57,27.679245409798515,0.0,0.0,0.0,4,8,2184616.11112,34734.983586
2024-09-03 13:00:00,schloemer,L46,55,58,29.01545377565331,0.0,0.0,0.0,4,8,2184616.11112,34734.983586
2024-09-03 13:00:00,schloemer,L47,55,58,29.01545377565331,0.0,0.0,0.0,4,8,2184616.11112,34734.983586
2024-09-03 13:00:00,schloemer,L48,58,59,30.47971655082396,0.0,0.0,0.0,4,8,2184616.11112,34734.983586
2024-09-03 13:00:00,schloemer,L49,58,60,34.70682975258708,0.0,0.0,0.0,4,8,2184616.11112,34734.983586
2024-09-03 13:00:00,schloemer,L50,59,60,35.466851625039034,0.0,0.0,0.0,4,8,2184616.11112,34734.983586
2024-09-03 13:00:00,schloemer,L51,59,61,35.90451762499776,0.0,0.0,0.0,4,8,2184616.11112,34734.983586
2024-09-03 13:00:00,schloemer,L52,60,61,36.3008105442595,0.0,0.0,0.0,4,8,2184616.11112,34734.983586
2024-09-03 13:00:00,schloemer,L53,61,65,36.89498833714559,0.0,0.0,0.0,4,8,2184616.11112,34734.983586
2024-09-03 13:00:00,schloemer,L54,61,66,37.44140511473479,0.0,0.0,0.0,4,8,2184616.11112,34734.983586
2024-09-03 13:00:00,schloemer,L55,62,58,30.563615059557584,0.0,0.0,0.0,13,30,2185148.89802,34751.629934
2024-09-03 13:00:00,schloemer,L56,62,63,36.33460049274504,0.0,0.0,0.0,4,8,2184616.11112,34734.983586
2024-09-03 13:00:00,schloemer,L57,63,60,36.64276832855414,0.0,0.0,0.0,20,47,2185512.78098,34763.759366
2024-09-03 13:00:00,schloemer,L58,63,64,38.466641273978176,0.0,0.0,0.0,4,8,2184616.11112,34734.983586
2024-09-03 13:00:00,schloemer,L59,64,65,38.17796696822627,0.0,0.0,0.0,20,48,2185545.98792,34764.866264
2024-09-03 13:00:00,schloemer,L60,64,67,38.5880675331183,0.0,0.0,0.0,38,93,2186503.81292,34796.793764
2024-09-03 13:00:00,schloemer,L61,65,66,37.576163972244636,0.0,0.0,0.0,4,8,2184616.11112,34734.983586
2024-09-03 13:00:00,schloemer,L62,67,68,35.464955406645586,0.0,0.0,0.0,28,68,2185978.45538,34779.281846
2024-09-03 13:00:00,schloemer,L63,68,69,28.228676436783672,0.0,0.0,0.0,4,8,2184616.11112,34734.983586
2024-09-03 13:00:00,schloemer,L64,68,74,29.147551067478314,0.0,0.0,0.0,4,8,2184616.11112,34734.983586
2024-09-03 13:00:00,schloemer,L65,68,76,30.140368094724455,0.0,0.0,0.0,4,8,2184616.11112,34734.983586
2024-09-03 13:00:00,schloemer,L66,69,70,25.800205661516575,0.0,0.0,0.0,4,8,2184616.11112,34734.983586
2024-09-03 13:00:00,schloemer,L67,69,73,26.861996168241394,0.0,0.0,0.0,4,8,2184616.11112,34734.983586
2024-09-03 13:00:00,schloemer,L68,69,74,27.56466165223525,0.0,0.0,0.0,4,8,2184616.11112,34734.983586
2024-09-03 13:00:00,schloemer,L69,70,71,24.40620889618405,0.0,0.0,0.0,4,8,2184616.11112,34734.983586
2024-09-03 13:00:00,schloemer,L70,70,72,24.36966128810683,0.0,0.0,0.0,4,8,2184616.11112,34734.983586
2024-09-03 13:00:00,schloemer,L71,73,74,27.68292470313138,0.0,0.0,0.0,4,8,2184616.11112,34734.983586
2024-09-03 13:00:00,schloemer,L72,74,76,29.341105163903617,0.0,0.0,0.0,4,8,2184616.11112,34734.983586
2024-09-03 13:00:00,schloemer,L73,74,117,28.108751342119433,0.0,0.0,0.0,4,8,2184616.11112,34734.983586
2024-09-03 13:00:00,schloemer,L74,75,76,29.421798795235908,0.0,0.0,0.0,4,8,2184616.11112,34734.983586
2024-09-03 13:00:00,schloemer,L75,75,117,28.184994448901808,0.0,0.0,0.0,4,8,2184616.11112,34734.983586
2024-09-03 13:00:00,schloemer,L76,76,77,30.035973137866335,0.0,0.0,0.0,4,8,2184616.11112,34734.983586
2024-09-03 13:00:00,schloemer,L77,76,79,35.34907379935001,0.0,0.0,0.0,4,8,2184616.11112,34734.983586
2024-09-03 13:00:00,schloemer,L78,76,79,35.34907379935001,0.0,0.0,0.0,4,8,2184616.11112,34734.983586
2024-09-03 13:00:00,schloemer,L79,76,81,34.71395557039443,0.0,0.0,0.0,4,8,2184616.11112,34734.983586
2024-09-03 13:00:00,schloemer,L80,77,78,30.123487490913877,0.0,0.0,0.0,4,8,2184616.11112,34734.983586
2024-09-03 13:00:00,schloemer,L81,78,79,35.446286539170465,0.0,0.0,0.0,4,8,2184616.11112,34734.983586
2024-09-03 13:00:00,schloemer,L82,79,95,37.10973971396808,0.0,0.0,0.0,4,8,2184616.11112,34734.983586
2024-09-03 13:00:00,schloemer,L83,79,96,36.81191741249485,0.0,0.0,0.0,4,8,2184616.11112,34734.983586
2024-09-03 13:00:00,schloemer,L84,79,97,36.296318711208144,0.0,0.0,0.0,4,8,2184616.11112,34734.983586
2024-09-03 13:00:00,schloemer,L85,79,98,37.711132030831095,0.0,0.0,0.0,4,8,2184616.11112,34734.983586
2024-09-03 13:00:00,schloemer,L86,80,67,37.656506465969784,0.0,0.0,0.0,30,72,2186055.70436,34781.856812
2024-09-03 13:00:00,schloemer,L87,80,79,37.18914380956777,0.0,0.0,0.0,28,69,2185981.58126,34779.386042
2024-09-03 13:00:00,schloemer,L88,81,82,34.74049965373861,0.0,0.0,0.0,4,8,2184616.11112,34734.983586
2024-09-03 13:00:00,schloemer,L89,81,95,36.370671170344956,0.0,0.0,0.0,4,8,2184616.11112,34734.983586
2024-09-03 13:00:00,schloemer,L90,93,95,38.399808104936646,0.0,0.0,0.0,4,8,2184616.11112,34734.983586
2024-09-03 13:00:00,schloemer,L91,95,96,37.26117666803448,0.0,0.0,0.0,4,8,2184616.11112,34734.983586
2024-09-03 13:00:00,schloemer,L92,115,67,37.86317484133791,0.0,0.0,0.0,13,29,2185126.88168,34750.896056
2024-09-03 14:00:00,schloemer,L0,22,23,23.50464537410537,0.0,0.0,0.0,4,8,2184616.11112,34734.983586
2024-09-03 14:00:00,schloemer,L1,23,69,25.136987542617398,0.0,0.0,0.0,4,8,2184616.11112,34734.983586
2024-09-03 14:00:00,schloemer,L2,23,71,23.83468051758565,0.0,0.0,0.0,4,8,2184616.11112,34734.983586
2024-09-03 14:00:00,schloemer,L3,29,37,44.52024319721001,0.0,0.0,0.0,4,8,2184616.11112,34734.983586
2024-09-03 14:00:00,schloemer,L4,32,36,49.36961274442598,0.0,0.0,0.0,4,8,2184616.11112,34734.983586
2024-09-03 14:00:00,schloemer,L5,33,36,46.00335376298686,0.0,0.0,0.0,4,8,2184616.11112,34734.983586
2024-09-03 14:00:00,schloemer,L6,33,42,42.75232291094608,0.0,0.0,0.0,4,8,2184616.11112,34734.983586
2024-09-03 14:00:00,schloemer,L7,34,36,49.71457805193981,0.0,0.0,0.0,4,8,2184616.11112,34734.983586
2024-09-03 14:00:00,schloemer,L8,36,38,47.52385354053841,0.0,0.0,0.0,4,8,2184616.11112,34734.983586
2024-09-03 14:00:00,schloemer,L9,36,39,45.44620956212569,0.0,0.0,0.0,4,8,2184616.11112,34734.983586
2024-09-03 14:00:00,schloemer,L10,37,36,45.227409788815535,0.0,0.0,0.0,20,48,2185542.33716,34764.744572
2024-09-03 14:00:00,schloemer,L11,37,64,40.616392401465326,0.0,0.0,0.0,4,8,2184616.11112,34734.983586
2024-09-03 14:00:00,schloemer,L12,38,39,45.48284191023033,0.0,0.0,0.0,4,8,2184616.11112,34734.983586
2024-09-03 14:00:00,schloemer,L13,39,40,42.49713068625718,0.0,0.0,0.0,4,8,2184616.11112,34734.983586
2024-09-03 14:00:00,schloemer,L14,39,41,40.859839066782655,0.0,0.0,0.0,4,8,2184616.11112,34734.983586
2024-09-03 14:00:00,schloemer,L15,40,41,39.908728442260156,0.0,0.0,0.0,4,8,2184616.11112,34734.983586
2024-09-03 14:00:00,schloemer,L16,41,48,35.8312379387863,0.0,0.0,0.0,4,8,2184616.11112,34734.983586
2024-09-03 14:00:00,schloemer,L17,41,48,35.8312379387863,0.0,0.0,0.0,4,8,2184616.11112,34734.983586
2024-09-03 14:00:00,schloemer,L18,42,43,39.22706609467344,0.0,0.0,0.0,4,8,2184616.11112,34734.983586
2024-09-03 14:00:00,schloemer,L19,43,44,36.147845338428034,0.0,0.0,0.0,4,8,2184616.11112,34734.983586
2024-09-03 14:00:00,schloemer,L20,44,45,29.984109453278908,0.0,0.0,0.0,4,8,2184616.11112,34734.983586
2024-09-03 14:00:00,schloemer,L21,44,48,30.317664166922874,0.0,0.0,0.0,4,8,2184616.11112,34734.983586
2024-09-03 14:00:00,schloemer,L22,45,46,29.151520248946472,0.0,0.0,0.0,4,8,2184616.11112,34734.983586
2024-09-03 14:00:00,schloemer,L23,45,47,28.701874003615682,0.0,0.0,0.0,4,8,2184616.11112,34734.983586
2024-09-03 14:00:00,schloemer,L24,46,48,29.489241040878003,0.0,0.0,0.0,4,8,2184616.11112,34734.983586
2024-09-03 14:00:00,schloemer,L25,46,68,29.173808085265044,0.0,0.0,0.0,4,8,2184616.11112,34734.983586
2024-09-03 14:00:00,schloemer,L26,47,48,29.008524516262053,0.0,0.0,0.0,4,8,2184616.11112,34734.983586
2024-09-03 14:00:00,schloemer,L27,48,49,29.02006055030055,0.0,0.0,0.0,4,8,2184616.11112,34734.983586
2024-09-03 14:00:00,schloemer,L28,48,50,28.48470113865646,0.0,0.0,0.0,4,8,2184616.11112,34734.983586
2024-09-03 14:00:00,schloemer,L29,48,53,29.122033644308985,0.0,0.0,0.0,4,8,2184616.11112,34734.983586
2024-09-03 14:00:00,schloemer,L30,48,53,29.122033644308985,0.0,0.0,0.0,4,8,2184616.11112,34734.983586
2024-09-03 14:00:00,schloemer,L31,48,65,34.75073991031147,0.0,0.0,0.0,4,8,2184616.11112,34734.983586
2024-09-03 14:00:00,schloemer,L32,48,65,34.75073991031147,0.0,0.0,0.0,4,8,2184616.11112,34734.983586
2024-09-03 14:00:00,schloemer,L33,48,68,29.54492826274443,0.0,0.0,0.0,4,8,2184616.11112,34734.983586
2024-09-03 14:00:00,schloemer,L34,49,56,27.8506395356344,0.0,0.0,0.0,4,8,2184616.11112,34734.983586
2024-09-03 14:00:00,schloemer,L35,50,51,26.542274949253166,0.0,0.0,0.0,4,8,2184616.11112,34734.983586
2024-09-03 14:00:00,schloemer,L36,50,57,26.94544759660569,0.0,0.0,0.0,4,8,2184616.11112,34734.983586
2024-09-03 14:00:00,schloemer,L37,51,52,26.114017135618862,0.0,0.0,0.0,4,8,2184616.11112,34734.983586
2024-09-03 14:00:00,schloemer,L38,52,53,27.362899649279598,0.0,0.0,0.0,4,8,2184616.11112,34734.983586
2024-09-03 14:00:00,schloemer,L39,53,54,28.201312903865897,0.0,0.0,0.0,4,8,2184616.11112,34734.983586
2024-09-03 14:00:00,schloemer,L40,53,55,28.018122611093382,0.0,0.0,0.0,4,8,2184616.11112,34734.983586
2024-09-03 14:00:00,schloemer,L41,53,58,28.801588031359312,0.0,0.0,0.0,4,8,2184616.11112,34734.983586
2024-09-03 14:00:00,schloemer,L42,54,55,27.806109531239937,0.0,0.0,0.0,4,8,2184616.11112,34734.983586
2024-09-03 14:00:00,schloemer,L43,54,58,28.561194198185035,0.0,0.0,0.0,4,8,2184616.11112,34734.983586
2024-09-03 14:00:00,schloemer,L44,55,56,27.525372112782893,0.0,0.0,0.0,4,8,2184616.11112,34734.983586
2024-09-03 14:00:00,schloemer,L45,55,57,27.109137830662622,0.0,0.0,0.0,4,8,2184616.11112,34734.983586
2024-09-03 14:00:00,schloemer,L46,55,58,28.388170056762917,0.0,0.0,0.0,4,8,2184616.11112,34734.983586
2024-09-03 14:00:00,schloemer,L47,55,58,28.388170056762917,0.0,0.0,0.0,4,8,2184616.11112,34734.983586
2024-09-03 14:00:00,schloemer,L48,58,59,29.78975555150012,0.0,0.0,0.0,4,8,2184616.11112,34734.983586
2024-09-03 14:00:00,schloemer,L49,58,60,30.090071280881514,0.0,0.0,0.0,4,8,2184616.11112,34734.983586
2024-09-03 14:00:00,schloemer,L50,59,60,34.63362744562791,0.0,0.0,0.0,4,8,2184616.11112,34734.983586
2024-09-03 14:00:00,schloemer,L51,59,61,35.040587905844994,0.0,0.0,0.0,4,8,2184616.11112,34734.983586
2024-09-03 14:00:00,schloemer,L52,60,61,35.408154169853596,0.0,0.0,0.0,4,8,2184616.11112,34734.983586
2024-09-03 14:00:00,schloemer,L53,61,65,35.941207068649284,0.0,0.0,0.0,4,8,2184616.11112,34734.983586
2024-09-03 14:00:00,schloemer,L54,61,66,36.47077546770002,0.0,0.0,0.0,4,8,2184616.11112,34734.983586
2024-09-03 14:00:00,schloemer,L55,62,58,29.860948475089042,0.0,0.0,0.0,13,30,2185148.89802,34751.629934
2024-09-03 14:00:00,schloemer,L56,62,63,35.4266908787712,0.0,0.0,0.0,4,8,2184616.11112,34734.983586
2024-09-03 14:00:00,schloemer,L57,63,60,35.72103323366011,0.0,0.0,0.0,20,47,2185512.78098,34763.759366
2024-09-03 14:00:00,schloemer,L58,63,64,37.39822423678541,0.0,0.0,0.0,4,8,2184616.11112,34734.983586
2024-09-03 14:00:00,schloemer,L59,64,65,37.11905415214324,0.0,0.0,0.0,20,48,2185545.98792,34764.866264
2024-09-03 14:00:00,schloemer,L60,64,67,37.47893475397445,0.0,0.0,0.0,38,93,2186503.81292,34796.793764
2024-09-03 14:00:00,schloemer,L61,65,66,36.57683966952014,0.0,0.0,0.0,4,8,2184616.11112,34734.983586
2024-09-03 14:00:00,schloemer,L62,67,68,30.660705147628548,0.0,0.0,0.0,28,68,2185978.45538,34779.281846
2024-09-03 14:00:00,schloemer,L63,68,69,27.59991526570725,0.0,0.0,0.0,4,8,2184616.11112,34734.983586
2024-09-03 14:00:00,schloemer,L64,68,74,28.46992929519066,0.0,0.0,0.0,4,8,2184616.11112,34734.983586
2024-09-03 14:00:00,schloemer,L65,68,76,29.41024869906678,0.0,0.0,0.0,4,8,2184616.11112,34734.983586
2024-09-03 14:00:00,schloemer,L66,69,70,25.298502671904515,0.0,0.0,0.0,4,8,2184616.11112,34734.983586
2024-09-03 14:00:00,schloemer,L67,69,73,26.30743578640309,0.0,0.0,0.0,4,8,2184616.11112,34734.983586
2024-09-03 14:00:00,schloemer,L68,69,74,26.973999410300188,0.0,0.0,0.0,4,8,2184616.11112,34734.983586
2024-09-03 14:00:00,schloemer,L69,70,71,23.970874746370054,0.0,0.0,0.0,4,8,2184616.11112,34734.983586
2024-09-03 14:00:00,schloemer,L70,70,72,23.938473236274127,0.0,0.0,0.0,4,8,2184616.11112,34734.983586
2024-09-03 14:00:00,schloemer,L71,73,74,27.087786409927638,0.0,0.0,0.0,4,8,2184616.11112,34734.983586
2024-09-03 14:00:00,schloemer,L72,74,76,28.661078551370757,0.0,0.0,0.0,4,8,2184616.11112,34734.983586
2024-09-03 14:00:00,schloemer,L73,74,117,27.49431387501392,0.0,0.0,0.0,4,8,2184616.11112,34734.983586
2024-09-03 14:00:00,schloemer,L74,75,76,28.744733327480336,0.0,0.0,0.0,4,8,2184616.11112,34734.983586
2024-09-03 14:00:00,schloemer,L75,75,117,27.572987368814438,0.0,0.0,0.0,4,8,2184616.11112,34734.983586
2024-09-03 14:00:00,schloemer,L76,76,77,29.329854424985054,0.0,0.0,0.0,4,8,2184616.11112,34734.983586
2024-09-03 14:00:00,schloemer,L77,76,79,30.591571465171867,0.0,0.0,0.0,4,8,2184616.11112,34734.983586
2024-09-03 14:00:00,schloemer,L78,76,79,30.591571465171867,0.0,0.0,0.0,4,8,2184616.11112,34734.983586
2024-09-03 14:00:00,schloemer,L79,76,81,30.063782748891178,0.0,0.0,0.0,4,8,2184616.11112,34734.983586
2024-09-03 14:00:00,schloemer,L80,77,78,29.425887904349167,0.0,0.0,0.0,4,8,2184616.11112,34734.983586
2024-09-03 14:00:00,schloemer,L81,78,79,34.57847916268383,0.0,0.0,0.0,4,8,2184616.11112,34734.983586
2024-09-03 14:00:00,schloemer,L82,79,95,36.15337500336345,0.0,0.0,0.0,4,8,2184616.11112,34734.983586
2024-09-03 14:00:00,schloemer,L83,79,96,35.875690402548216,0.0,0.0,0.0,4,8,2184616.11112,34734.983586
2024-09-03 14:00:00,schloemer,L84,79,97,35.38790486980026,0.0,0.0,0.0,4,8,2184616.11112,34734.983586
2024-09-03 14:00:00,schloemer,L85,79,98,36.71186258247821,0.0,0.0,0.0,4,8,2184616.11112,34734.983586
2024-09-03 14:00:00,schloemer,L86,80,67,36.60700674424239,0.0,0.0,0.0,30,72,2186055.70436,34781.856812
2024-09-03 14:00:00,schloemer,L87,80,79,36.19420682746708,0.0,0.0,0.0,28,69,2185981.58126,34779.386042
2024-09-03 14:00:00,schloemer,L88,81,82,30.114063983158097,0.0,0.0,0.0,4,8,2184616.11112,34734.983586
2024-09-03 14:00:00,schloemer,L89,81,95,35.46332101995106,0.0,0.0,0.0,4,8,2184616.11112,34734.983586
2024-09-03 14:00:00,schloemer,L90,93,95,37.40079220169525,0.0,0.0,0.0,4,8,2184616.11112,34734.983586
2024-09-03 14:00:00,schloemer,L91,95,96,36.31506301179327,0.0,0.0,0.0,4,8,2184616.11112,34734.983586
2024-09-03 14:00:00,schloemer,L92,115,67,36.79732030436012,0.0,0.0,0.0,13,29,2185126.88168,34750.896056
2024-09-03 15:00:00,schloemer,L0,22,23,23.085207391126133,0.0,0.0,0.0,4,8,2184616.11112,34734.983586
2024-09-03 15:00:00,schloemer,L1,23,69,24.643544598020146,0.0,0.0,0.0,4,8,2184616.11112,34734.983586
2024-09-03 15:00:00,schloemer,L2,23,71,23.402094777162286,0.0,0.0,0.0,4,8,2184616.11112,34734.983586
2024-09-03 15:00:00,schloemer,L3,29,37,43.023890403110215,0.0,0.0,0.0,4,8,2184616.11112,34734.983586
2024-09-03 15:00:00,schloemer,L4,32,36,47.453990313747326,0.0,0.0,0.0,4,8,2184616.11112,34734.983586
2024-09-03 15:00:00,schloemer,L5,33,36,44.3630537072712,0.0,0.0,0.0,4,8,2184616.11112,34734.983586
2024-09-03 15:00:00,schloemer,L6,33,42,41.35146948578656,0.0,0.0,0.0,4,8,2184616.11112,34734.983586
2024-09-03 15:00:00,schloemer,L7,34,36,47.78671925522959,0.0,0.0,0.0,4,8,2184616.11112,34734.983586
2024-09-03 15:00:00,schloemer,L8,36,38,45.75290249539549,0.0,0.0,0.0,4,8,2184616.11112,34734.983586
2024-09-03 15:00:00,schloemer,L9,36,39,43.83705867526413,0.0,0.0,0.0,4,8,2184616.11112,34734.983586
2024-09-03 15:00:00,schloemer,L10,37,36,43.652837455532804,0.0,0.0,0.0,20,48,2185542.33716,34764.744572
2024-09-03 15:00:00,schloemer,L11,37,64,39.367810656389715,0.0,0.0,0.0,4,8,2184616.11112,34734.983586
2024-09-03 15:00:00,schloemer,L12,38,39,43.86350395333431,0.0,0.0,0.0,4,8,2184616.11112,34734.983586
2024-09-03 15:00:00,schloemer,L13,39,40,41.09681780990211,0.0,0.0,0.0,4,8,2184616.11112,34734.983586
2024-09-03 15:00:00,schloemer,L14,39,41,39.57657715658685,0.0,0.0,0.0,4,8,2184616.11112,34734.983586
2024-09-03 15:00:00,schloemer,L15,40,41,38.688180464762155,0.0,0.0,0.0,4,8,2184616.11112,34734.983586
2024-09-03 15:00:00,schloemer,L16,41,48,34.87394512498823,0.0,0.0,0.0,4,8,2184616.11112,34734.983586
2024-09-03 15:00:00,schloemer,L17,41,48,34.87394512498823,0.0,0.0,0.0,4,8,2184616.11112,34734.983586
2024-09-03 15:00:00,schloemer,L18,42,43,38.06184669342838,0.0,0.0,0.0,4,8,2184616.11112,34734.983586
2024-09-03 15:00:00,schloemer,L19,43,44,35.17207554365018,0.0,0.0,0.0,4,8,2184616.11112,34734.983586
2024-09-03 15:00:00,schloemer,L20,44,45,29.23814312694369,0.0,0.0,0.0,4,8,2184616.11112,34734.983586
2024-09-03 15:00:00,schloemer,L21,44,48,29.55517633527133,0.0,0.0,0.0,4,8,2184616.11112,34734.983586
2024-09-03 15:00:00,schloemer,L22,45,46,28.449593237235852,0.0,0.0,0.0,4,8,2184616.11112,34734.983586
2024-09-03 15:00:00,schloemer,L23,45,47,28.02686989453304,0.0,0.0,0.0,4,8,2184616.11112,34734.983586
2024-09-03 15:00:00,schloemer,L24,46,48,28.770099895227325,0.0,0.0,0.0,4,8,2184616.11112,34734.983586
2024-09-03 15:00:00,schloemer,L25,46,68,28.46887605607376,0.0,0.0,0.0,4,8,2184616.11112,34734.983586
2024-09-03 15:00:00,schloemer,L26,47,48,28.318992820440336,0.0,0.0,0.0,4,8,2184616.11112,34734.983586
2024-09-03 15:00:00,schloemer,L27,48,49,28.334968510185842,0.0,0.0,0.0,4,8,2184616.11112,34734.983586
2024-09-03 15:00:00,schloemer,L28,48,50,27.828979914582522,0.0,0.0,0.0,4,8,2184616.11112,34734.983586
2024-09-03 15:00:00,schloemer,L29,48,53,28.43702093446217,0.0,0.0,0.0,4,8,2184616.11112,34734.983586
2024-09-03 15:00:00,schloemer,L30,48,53,28.43702093446217,0.0,0.0,0.0,4,8,2184616.11112,34734.983586
2024-09-03 15:00:00,schloemer,L31,48,65,30.056592513815296,0.0,0.0,0.0,4,8,2184616.11112,34734.983586
2024-09-03 15:00:00,schloemer,L32,48,65,30.056592513815296,0.0,0.0,0.0,4,8,2184616.11112,34734.983586
2024-09-03 15:00:00,schloemer,L33,48,68,28.82013253043138,0.0,0.0,0.0,4,8,2184616.11112,34734.983586
2024-09-03 15:00:00,schloemer,L34,49,56,27.236630809074157,0.0,0.0,0.0,4,8,2184616.11112,34734.983586
2024-09-03 15:00:00,schloemer,L35,50,51,25.99335608690671,0.0,0.0,0.0,4,8,2184616.11112,34734.983586
2024-09-03 15:00:00,schloemer,L36,50,57,26.378268385713017,0.0,0.0,0.0,4,8,2184616.11112,34734.983586
2024-09-03 15:00:00,schloemer,L37,51,52,25.59269501940365,0.0,0.0,0.0,4,8,2184616.11112,34734.983586
2024-09-03 15:00:00,schloemer,L38,52,53,26.783396912376283,0.0,0.0,0.0,4,8,2184616.11112,34734.983586
2024-09-03 15:00:00,schloemer,L39,53,54,27.584920147391884,0.0,0.0,0.0,4,8,2184616.11112,34734.983586
2024-09-03 15:00:00,schloemer,L40,53,55,27.407566217274248,0.0,0.0,0.0,4,8,2184616.11112,34734.983586
2024-09-03 15:00:00,schloemer,L41,53,58,28.154900617686504,0.0,0.0,0.0,4,8,2184616.11112,34734.983586
2024-09-03 15:00:00,schloemer,L42,54,55,27.21422666180604,0.0,0.0,0.0,4,8,2184616.11112,34734.983586
2024-09-03 15:00:00,schloemer,L43,54,58,27.936051436173283,0.0,0.0,0.0,4,8,2184616.11112,34734.983586
2024-09-03 15:00:00,schloemer,L44,55,56,26.938284017227137,0.0,0.0,0.0,4,8,2184616.11112,34734.983586
2024-09-03 15:00:00,schloemer,L45,55,57,26.543367181866564,0.0,0.0,0.0,4,8,2184616.11112,34734.983586
2024-09-03 15:00:00,schloemer,L46,55,58,27.76770162046778,0.0,0.0,0.0,4,8,2184616.11112,34734.983586
2024-09-03 15:00:00,schloemer,L47,55,58,27.76770162046778,0.0,0.0,0.0,4,8,2184616.11112,34734.983586
2024-09-03 15:00:00,schloemer,L48,58,59,29.10910462890768,0.0,0.0,0.0,4,8,2184616.11112,34734.983586
2024-09-03 15:00:00,schloemer,L49,58,60,29.389091087624383,0.0,0.0,0.0,4,8,2184616.11112,34734.983586
2024-09-03 15:00:00,schloemer,L50,59,60,30.00988566713818,0.0,0.0,0.0,4,8,2184616.11112,34734.983586
2024-09-03 15:00:00,schloemer,L51,59,61,30.346240772834804,0.0,0.0,0.0,4,8,2184616.11112,34734.983586
2024-09-03 15:00:00,schloemer,L52,60,61,30.649326840211106,0.0,0.0,0.0,4,8,2184616.11112,34734.983586
2024-09-03 15:00:00,schloemer,L53,61,65,35.01373919058871,0.0,0.0,0.0,4,8,2184616.11112,34734.983586
2024-09-03 15:00:00,schloemer,L54,61,66,35.52602999199329,0.0,0.0,0.0,4,8,2184616.11112,34734.983586
2024-09-03 15:00:00,schloemer,L55,62,58,29.169264389953995,0.0,0.0,0.0,13,30,2185148.89802,34751.629934
2024-09-03 15:00:00,schloemer,L56,62,63,30.654483437061604,0.0,0.0,0.0,4,8,2184616.11112,34734.983586
2024-09-03 15:00:00,schloemer,L57,63,60,34.8213504522673,0.0,0.0,0.0,20,47,2185512.78098,34763.759366
2024-09-03 15:00:00,schloemer,L58,63,64,36.367353899564435,0.0,0.0,0.0,4,8,2184616.11112,34734.983586
2024-09-03 15:00:00,schloemer,L59,64,65,36.09784043950828,0.0,0.0,0.0,20,48,2185545.98792,34764.866264
2024-09-03 15:00:00,schloemer,L60,64,67,36.41448897540956,0.0,0.0,0.0,38,93,2186503.81292,34796.793764
2024-09-03 15:00:00,schloemer,L61,65,66,35.60787978001652,0.0,0.0,0.0,4,8,2184616.11112,34734.983586
2024-09-03 15:00:00,schloemer,L62,67,68,29.87157717684464,0.0,0.0,0.0,28,68,2185978.45538,34779.281846
2024-09-03 15:00:00,schloemer,L63,68,69,26.982093240997646,0.0,0.0,0.0,4,8,2184616.11112,34734.983586
2024-09-03 15:00:00,schloemer,L64,68,74,27.80665864018211,0.0,0.0,0.0,4,8,2184616.11112,34734.983586
2024-09-03 15:00:00,schloemer,L65,68,76,28.698082787382127,0.0,0.0,0.0,4,8,2184616.11112,34734.983586
2024-09-03 15:00:00,schloemer,L66,69,70,24.79906080470037,0.0,0.0,0.0,4,8,2184616.11112,34734.983586
2024-09-03 15:00:00,schloemer,L67,69,73,25.758483704126924,0.0,0.0,0.0,4,8,2184616.11112,34734.983586
2024-09-03 15:00:00,schloemer,L68,69,74,26.39134057349691,0.0,0.0,0.0,4,8,2184616.11112,34734.983586
2024-09-03 15:00:00,schloemer,L69,70,71,23.533883022010965,0.0,0.0,0.0,4,8,2184616.11112,34734.983586
2024-09-03 15:00:00,schloemer,L70,70,72,23.505180241970237,0.0,0.0,0.0,4,8,2184616.11112,34734.983586
2024-09-03 15:00:00,schloemer,L71,73,74,26.50078971065732,0.0,0.0,0.0,4,8,2184616.11112,34734.983586
2024-09-03 15:00:00,schloemer,L72,74,76,27.994735846480367,0.0,0.0,0.0,4,8,2184616.11112,34734.983586
2024-09-03 15:00:00,schloemer,L73,74,117,26.88903179496993,0.0,0.0,0.0,4,8,2184616.11112,34734.983586
2024-09-03 15:00:00,schloemer,L74,75,76,28.080389497453503,0.0,0.0,0.0,4,8,2184616.11112,34734.983586
2024-09-03 15:00:00,schloemer,L75,75,117,26.969338446704818,0.0,0.0,0.0,4,8,2184616.11112,34734.983586
2024-09-03 15:00:00,schloemer,L76,76,77,28.638036401278757,0.0,0.0,0.0,4,8,2184616.11112,34734.983586
2024-09-03 15:00:00,schloemer,L77,76,79,29.83051290501809,0.0,0.0,0.0,4,8,2184616.11112,34734.983586
2024-09-03 15:00:00,schloemer,L78,76,79,29.83051290501809,0.0,0.0,0.0,4,8,2184616.11112,34734.983586
2024-09-03 15:00:00,schloemer,L79,76,81,29.335553944323596,0.0,0.0,0.0,4,8,2184616.11112,34734.983586
2024-09-03 15:00:00,schloemer,L80,77,78,28.740607200913736,0.0,0.0,0.0,4,8,2184616.11112,34734.983586
2024-09-03 15:00:00,schloemer,L81,78,79,29.93544748849791,0.0,0.0,0.0,4,8,2184616.11112,34734.983586
2024-09-03 15:00:00,schloemer,L82,79,95,35.22205303178468,0.0,0.0,0.0,4,8,2184616.11112,34734.983586
2024-09-03 15:00:00,schloemer,L83,79,96,34.96271709017237,0.0,0.0,0.0,4,8,2184616.11112,34734.983586
2024-09-03 15:00:00,schloemer,L84,79,97,30.619594163202386,0.0,0.0,0.0,4,8,2184616.11112,34734.983586
2024-09-03 15:00:00,schloemer,L85,79,98,35.741693800094055,0.0,0.0,0.0,4,8,2184616.11112,34734.983586
2024-09-03 15:00:00,schloemer,L86,80,67,35.59682226599808,0.0,0.0,0.0,30,72,2186055.70436,34781.856812
2024-09-03 15:00:00,schloemer,L87,80,79,35.231112040879694,0.0,0.0,0.0,28,69,2185981.58126,34779.386042
2024-09-03 15:00:00,schloemer,L88,81,82,29.40771427833701,0.0,0.0,0.0,4,8,2184616.11112,34734.983586
2024-09-03 15:00:00,schloemer,L89,81,95,34.576761232901234,0.0,0.0,0.0,4,8,2184616.11112,34734.983586
2024-09-03 15:00:00,schloemer,L90,93,95,36.426066770586814,0.0,0.0,0.0,4,8,2184616.11112,34734.983586
2024-09-03 15:00:00,schloemer,L91,95,96,35.39107614381961,0.0,0.0,0.0,4,8,2184616.11112,34734.983586
2024-09-03 15:00:00,schloemer,L92,115,67,35.7725972749606,0.0,0.0,0.0,13,29,2185126.88168,34750.896056
2024-09-03 16:00:00,schloemer,L0,22,23,22.66498954535069,0.0,0.0,0.0,4,8,2184616.11112,34734.983586
2024-09-03 16:00:00,schloemer,L1,23,69,24.153422945770007,0.0,0.0,0.0,4,8,2184616.11112,34734.983586
2024-09-03 16:00:00,schloemer,L2,23,71,22.969300250628844,0.0,0.0,0.0,4,8,2184616.11112,34734.983586
2024-09-03 16:00:00,schloemer,L3,29,37,41.60395864806424,0.0,0.0,0.0,4,8,2184616.11112,34734.983586
2024-09-03 16:00:00,schloemer,L4,32,36,45.66507369276775,0.0,0.0,0.0,4,8,2184616.11112,34734.983586
2024-09-03 16:00:00,schloemer,L5,33,36,42.818046737288135,0.0,0.0,0.0,4,8,2184616.11112,34734.983586
2024-09-03 16:00:00,schloemer,L6,33,42,40.02157802885557,0.0,0.0,0.0,4,8,2184616.11112,34734.983586
2024-09-03 16:00:00,schloemer,L7,34,36,45.98475559248255,0.0,0.0,0.0,4,8,2184616.11112,34734.983586
2024-09-03 16:00:00,schloemer,L8,36,38,44.0929597415103,0.0,0.0,0.0,4,8,2184616.11112,34734.983586
2024-09-03 16:00:00,schloemer,L9,36,39,42.32134042613736,0.0,0.0,0.0,4,8,2184616.11112,34734.983586
2024-09-03 16:00:00,schloemer,L10,37,36,42.16581319701874,0.0,0.0,0.0,20,48,2185542.33716,34764.744572
2024-09-03 16:00:00,schloemer,L11,37,64,38.17522878788865,0.0,0.0,0.0,4,8,2184616.11112,34734.983586
2024-09-03 16:00:00,schloemer,L12,38,39,42.33960770249064,0.0,0.0,0.0,4,8,2184616.11112,34734.983586
2024-09-03 16:00:00,schloemer,L13,39,40,39.769502939118595,0.0,0.0,0.0,4,8,2184616.11112,34734.983586
2024-09-03 16:00:00,schloemer,L14,39,41,38.35462674789269,0.0,0.0,0.0,4,8,2184616.11112,34734.983586
2024-09-03 16:00:00,schloemer,L15,40,41,37.523244178649044,0.0,0.0,0.0,4,8,2184616.11112,34734.983586
2024-09-03 16:00:00,schloemer,L16,41,48,30.129586701822173,0.0,0.0,0.0,4,8,2184616.11112,34734.983586
2024-09-03 16:00:00,schloemer,L17,41,48,30.129586701822173,0.0,0.0,0.0,4,8,2184616.11112,34734.983586
2024-09-03 16:00:00,schloemer,L18,42,43,36.94606417640946,0.0,0.0,0.0,4,8,2184616.11112,34734.983586
2024-09-03 16:00:00,schloemer,L19,43,44,30.379065631925073,0.0,0.0,0.0,4,8,2184616.11112,34734.983586
2024-09-03 16:00:00,schloemer,L20,44,45,28.512801146392228,0.0,0.0,0.0,4,8,2184616.11112,34734.983586
2024-09-03 16:00:00,schloemer,L21,44,48,28.814336803565006,0.0,0.0,0.0,4,8,2184616.11112,34734.983586
2024-09-03 16:00:00,schloemer,L22,45,46,27.765226606526735,0.0,0.0,0.0,4,8,2184616.11112,34734.983586
2024-09-03 16:00:00,schloemer,L23,45,47,27.3672532734695,0.0,0.0,0.0,4,8,2184616.11112,34734.983586
2024-09-03 16:00:00,schloemer,L24,46,48,28.069656219276183,0.0,0.0,0.0,4,8,2184616.11112,34734.983586
2024-09-03 16:00:00,schloemer,L25,46,68,27.781873809471584,0.0,0.0,0.0,4,8,2184616.11112,34734.983586
2024-09-03 16:00:00,schloemer,L26,47,48,27.64569512706848,0.0,0.0,0.0,4,8,2184616.11112,34734.983586
2024-09-03 16:00:00,schloemer,L27,48,49,27.665313056267088,0.0,0.0,0.0,4,8,2184616.11112,34734.983586
2024-09-03 16:00:00,schloemer,L28,48,50,27.18657658469198,0.0,0.0,0.0,4,8,2184616.11112,34734.983586
2024-09-03 16:00:00,schloemer,L29,48,53,27.76690296065815,0.0,0.0,0.0,4,8,2184616.11112,34734.983586
2024-09-03 16:00:00,schloemer,L30,48,53,27.76690296065815,0.0,0.0,0.0,4,8,2184616.11112,34734.983586
2024-09-03 16:00:00,schloemer,L31,48,65,29.294476232231013,0.0,0.0,0.0,4,8,2184616.11112,34734.983586
2024-09-03 16:00:00,schloemer,L32,48,65,29.294476232231013,0.0,0.0,0.0,4,8,2184616.11112,34734.983586
2024-09-03 16:00:00,schloemer,L33,48,68,28.114690749259104,0.0,0.0,0.0,4,8,2184616.11112,34734.983586
2024-09-03 16:00:00,schloemer,L34,49,56,26.632337017887025,0.0,0.0,0.0,4,8,2184616.11112,34734.983586
2024-09-03 16:00:00,schloemer,L35,50,51,25.45010490633965,0.0,0.0,0.0,4,8,2184616.11112,34734.983586
2024-09-03 16:00:00,schloemer,L36,50,57,25.81773014684253,0.0,0.0,0.0,4,8,2184616.11112,34734.983586
2024-09-03 16:00:00,schloemer,L37,51,52,25.07478672569126,0.0,0.0,0.0,4,8,2184616.11112,34734.983586
2024-09-03 16:00:00,schloemer,L38,52,53,26.21051550079216,0.0,0.0,0.0,4,8,2184616.11112,34734.983586
2024-09-03 16:00:00,schloemer,L39,53,54,26.97692154384616,0.0,0.0,0.0,4,8,2184616.11112,34734.983586
2024-09-03 16:00:00,schloemer,L40,53,55,26.805371896361628,0.0,0.0,0.0,4,8,2184616.11112,34734.983586
2024-09-03 16:00:00,schloemer,L41,53,58,27.518465741297952,0.0,0.0,0.0,4,8,2184616.11112,34734.983586
2024-09-03 16:00:00,schloemer,L42,54,55,26.628799957977964,0.0,0.0,0.0,4,8,2184616.11112,34734.983586
2024-09-03 16:00:00,schloemer,L43,54,58,27.31891661647965,0.0,0.0,0.0,4,8,2184616.11112,34734.983586
2024-09-03 16:00:00,schloemer,L44,55,56,26.358232788494433,0.0,0.0,0.0,4,8,2184616.11112,34734.983586
2024-09-03 16:00:00,schloemer,L45,55,57,25.983278810515525,0.0,0.0,0.0,4,8,2184616.11112,34734.983586
2024-09-03 16:00:00,schloemer,L46,55,58,27.15535611651761,0.0,0.0,0.0,4,8,2184616.11112,34734.983586
2024-09-03 16:00:00,schloemer,L47,55,58,27.15535611651761,0.0,0.0,0.0,4,8,2184616.11112,34734.983586
2024-09-03 16:00:00,schloemer,L48,58,59,28.439100599853667,0.0,0.0,0.0,4,8,2184616.11112,34734.983586
2024-09-03 16:00:00,schloemer,L49,58,60,28.700504853032697,0.0,0.0,0.0,4,8,2184616.11112,34734.983586
2024-09-03 16:00:00,schloemer,L50,59,60,29.295679808448646,0.0,0.0,0.0,4,8,2184616.11112,34734.983586
2024-09-03 16:00:00,schloemer,L51,59,61,29.609384571613454,0.0,0.0,0.0,4,8,2184616.11112,34734.983586
2024-09-03 16:00:00,schloemer,L52,60,61,29.891444094588504,0.0,0.0,0.0,4,8,2184616.11112,34734.983586
2024-09-03 16:00:00,schloemer,L53,61,65,30.274714318410886,0.0,0.0,0.0,4,8,2184616.11112,34734.983586
2024-09-03 16:00:00,schloemer,L54,61,66,34.60721203080414,0.0,0.0,0.0,4,8,2184616.11112,34734.983586
2024-09-03 16:00:00,schloemer,L55,62,58,28.489668383198598,0.0,0.0,0.0,13,30,2185148.89802,34751.629934
2024-09-03 16:00:00,schloemer,L56,62,63,29.88718931790396,0.0,0.0,0.0,4,8,2184616.11112,34734.983586
2024-09-03 16:00:00,schloemer,L57,63,60,30.125407771175393,0.0,0.0,0.0,20,47,2185512.78098,34763.759366
2024-09-03 16:00:00,schloemer,L58,63,64,35.37240414556092,0.0,0.0,0.0,4,8,2184616.11112,34734.983586
2024-09-03 16:00:00,schloemer,L59,64,65,35.112556411043805,0.0,0.0,0.0,20,48,2185545.98792,34764.866264
2024-09-03 16:00:00,schloemer,L60,64,67,35.39182534151247,0.0,0.0,0.0,38,93,2186503.81292,34796.793764
2024-09-03 16:00:00,schloemer,L61,65,66,34.668600085806624,0.0,0.0,0.0,4,8,2184616.11112,34734.983586
2024-09-03 16:00:00,schloemer,L62,67,68,29.106799899525022,0.0,0.0,0.0,28,68,2185978.45538,34779.281846
2024-09-03 16:00:00,schloemer,L63,68,69,26.37571789164078,0.0,0.0,0.0,4,8,2184616.11112,34734.983586
2024-09-03 16:00:00,schloemer,L64,68,74,27.157939810625347,0.0,0.0,0.0,4,8,2184616.11112,34734.983586
2024-09-03 16:00:00,schloemer,L65,68,76,28.003758287175373,0.0,0.0,0.0,4,8,2184616.11112,34734.983586
2024-09-03 16:00:00,schloemer,L66,69,70,24.303143818629657,0.0,0.0,0.0,4,8,2184616.11112,34734.983586
2024-09-03 16:00:00,schloemer,L67,69,73,25.216141971472638,0.0,0.0,0.0,4,8,2184616.11112,34734.983586
2024-09-03 16:00:00,schloemer,L68,69,74,25.817487055655935,0.0,0.0,0.0,4,8,2184616.11112,34734.983586
2024-09-03 16:00:00,schloemer,L69,70,71,23.096771660248326,0.0,0.0,0.0,4,8,2184616.11112,34734.983586
2024-09-03 16:00:00,schloemer,L70,70,72,23.0713717527852,0.0,0.0,0.0,4,8,2184616.11112,34734.983586
2024-09-03 16:00:00,schloemer,L71,73,74,25.922743256092172,0.0,0.0,0.0,4,8,2184616.11112,34734.983586
2024-09-03 16:00:00,schloemer,L72,74,76,27.342439224282955,0.0,0.0,0.0,4,8,2184616.11112,34734.983586
2024-09-03 16:00:00,schloemer,L73,74,117,26.293660935788903,0.0,0.0,0.0,4,8,2184616.11112,34734.983586
2024-09-03 16:00:00,schloemer,L74,75,76,27.429305886367636,0.0,0.0,0.0,4,8,2184616.11112,34734.983586
2024-09-03 16:00:00,schloemer,L75,75,117,26.374943965850623,0.0,0.0,0.0,4,8,2184616.11112,34734.983586
2024-09-03 16:00:00,schloemer,L76,76,77,27.96097825144075,0.0,0.0,0.0,4,8,2184616.11112,34734.983586
2024-09-03 16:00:00,schloemer,L77,76,79,29.08911119162727,0.0,0.0,0.0,4,8,2184616.11112,34734.983586
2024-09-03 16:00:00,schloemer,L78,76,79,29.08911119162727,0.0,0.0,0.0,4,8,2184616.11112,34734.983586
2024-09-03 16:00:00,schloemer,L79,76,81,28.624261986197723,0.0,0.0,0.0,4,8,2184616.11112,34734.983586
2024-09-03 16:00:00,schloemer,L80,77,78,28.068447149491767,0.0,0.0,0.0,4,8,2184616.11112,34734.983586
2024-09-03 16:00:00,schloemer,L81,78,79,29.20014310605922,0.0,0.0,0.0,4,8,2184616.11112,34734.983586
2024-09-03 16:00:00,schloemer,L82,79,95,30.455347501048283,0.0,0.0,0.0,4,8,2184616.11112,34734.983586
2024-09-03 16:00:00,schloemer,L83,79,96,30.24005711718825,0.0,0.0,0.0,4,8,2184616.11112,34734.983586
2024-09-03 16:00:00,schloemer,L84,79,97,29.85184487415919,0.0,0.0,0.0,4,8,2184616.11112,34734.983586
2024-09-03 16:00:00,schloemer,L85,79,98,34.80025979734868,0.0,0.0,0.0,4,8,2184616.11112,34734.983586
2024-09-03 16:00:00,schloemer,L86,80,67,34.623699028600186,0.0,0.0,0.0,30,72,2186055.70436,34781.856812
2024-09-03 16:00:00,schloemer,L87,80,79,30.440186798938484,0.0,0.0,0.0,28,69,2185981.58126,34779.386042
2024-09-03 16:00:00,schloemer,L88,81,82,28.714245543343445,0.0,0.0,0.0,4,8,2184616.11112,34734.983586
2024-09-03 16:00:00,schloemer,L89,81,95,29.919004527505418,0.0,0.0,0.0,4,8,2184616.11112,34734.983586
2024-09-03 16:00:00,schloemer,L90,93,95,35.47638123616461,0.0,0.0,0.0,4,8,2184616.11112,34734.983586
2024-09-03 16:00:00,schloemer,L91,95,96,30.60976971456956,0.0,0.0,0.0,4,8,2184616.11112,34734.983586
2024-09-03 16:00:00,schloemer,L92,115,67,34.78648938683673,0.0,0.0,0.0,13,29,2185126.88168,34750.896056
2024-09-03 17:00:00,schloemer,L0,22,23,22.24558820556069,0.0,0.0,0.0,4,8,2184616.11112,34734.983586
2024-09-03 17:00:00,schloemer,L1,23,69,23.667970034411475,0.0,0.0,0.0,4,8,2184616.11112,34734.983586
2024-09-03 17:00:00,schloemer,L2,23,71,22.53787630501762,0.0,0.0,0.0,4,8,2184616.11112,34734.983586
2024-09-03 17:00:00,schloemer,L3,29,37,40.254961982499495,0.0,0.0,0.0,4,8,2184616.11112,34734.983586
2024-09-03 17:00:00,schloemer,L4,32,36,43.98966487707094,0.0,0.0,0.0,4,8,2184616.11112,34734.983586
2024-09-03 17:00:00,schloemer,L5,33,36,41.35975410633852,0.0,0.0,0.0,4,8,2184616.11112,34734.983586
2024-09-03 17:00:00,schloemer,L6,33,42,38.757246118375164,0.0,0.0,0.0,4,8,2184616.11112,34734.983586
2024-09-03 17:00:00,schloemer,L7,34,36,44.29598126511759,0.0,0.0,0.0,4,8,2184616.11112,34734.983586
2024-09-03 17:00:00,schloemer,L8,36,38,42.533005770838805,0.0,0.0,0.0,4,8,2184616.11112,34734.983586
2024-09-03 17:00:00,schloemer,L9,36,39,40.890506506482886,0.0,0.0,0.0,4,8,2184616.11112,34734.983586
2024-09-03 17:00:00,schloemer,L10,37,36,40.75893086064027,0.0,0.0,0.0,20,48,2185542.33716,34764.744572
2024-09-03 17:00:00,schloemer,L11,37,64,37.035140797385814,0.0,0.0,0.0,4,8,2184616.11112,34734.983586
2024-09-03 17:00:00,schloemer,L12,38,39,40.90218548406937,0.0,0.0,0.0,4,8,2184616.11112,34734.983586
2024-09-03 17:00:00,schloemer,L13,39,40,38.509221004954505,0.0,0.0,0.0,4,8,2184616.11112,34734.983586
2024-09-03 17:00:00,schloemer,L14,39,41,37.189551792351075,0.0,0.0,0.0,4,8,2184616.11112,34734.983586
2024-09-03 17:00:00,schloemer,L15,40,41,36.41015785039889,0.0,0.0,0.0,4,8,2184616.11112,34734.983586
2024-09-03 17:00:00,schloemer,L16,41,48,29.336186409046388,0.0,0.0,0.0,4,8,2184616.11112,34734.983586
2024-09-03 17:00:00,schloemer,L17,41,48,29.336186409046388,0.0,0.0,0.0,4,8,2184616.11112,34734.983586
2024-09-03 17:00:00,schloemer,L18,42,43,35.87684094200548,0.0,0.0,0.0,4,8,2184616.11112,34734.983586
2024-09-03 17:00:00,schloemer,L19,43,44,29.57171080867042,0.0,0.0,0.0,4,8,2184616.11112,34734.983586
2024-09-03 17:00:00,schloemer,L20,44,45,27.807943055520752,0.0,0.0,0.0,4,8,2184616.11112,34734.983586
2024-09-03 17:00:00,schloemer,L21,44,48,28.09493274056531,0.0,0.0,0.0,4,8,2184616.11112,34734.983586
2024-09-03 17:00:00,schloemer,L22,45,46,27.098547484508977,0.0,0.0,0.0,4,8,2184616.11112,34734.983586
2024-09-03 17:00:00,schloemer,L23,45,47,26.723376621655795,0.0,0.0,0.0,4,8,2184616.11112,34734.983586
2024-09-03 17:00:00,schloemer,L24,46,48,27.387944852806296,0.0,0.0,0.0,4,8,2184616.11112,34734.983586
2024-09-03 17:00:00,schloemer,L25,46,68,27.11287820834564,0.0,0.0,0.0,4,8,2184616.11112,34734.983586
2024-09-03 17:00:00,schloemer,L26,47,48,26.988929520935585,0.0,0.0,0.0,4,8,2184616.11112,34734.983586
2024-09-03 17:00:00,schloemer,L27,48,49,27.011519612408623,0.0,0.0,0.0,4,8,2184616.11112,34734.983586
2024-09-03 17:00:00,schloemer,L28,48,50,26.558107456909624,0.0,0.0,0.0,4,8,2184616.11112,34734.983586
2024-09-03 17:00:00,schloemer,L29,48,53,27.112215993715658,0.0,0.0,0.0,4,8,2184616.11112,34734.983586
2024-09-03 17:00:00,schloemer,L30,48,53,27.112215993715658,0.0,0.0,0.0,4,8,2184616.11112,34734.983586
2024-09-03 17:00:00,schloemer,L31,48,65,28.554723674177758,0.0,0.0,0.0,4,8,2184616.11112,34734.983586
2024-09-03 17:00:00,schloemer,L32,48,65,28.554723674177758,0.0,0.0,0.0,4,8,2184616.11112,34734.983586
2024-09-03 17:00:00,schloemer,L33,48,68,27.428548510059652,0.0,0.0,0.0,4,8,2184616.11112,34734.983586
2024-09-03 17:00:00,schloemer,L34,49,56,26.038760462403744,0.0,0.0,0.0,4,8,2184616.11112,34734.983586
2024-09-03 17:00:00,schloemer,L35,50,51,24.91381237543785,0.0,0.0,0.0,4,8,2184616.11112,34734.983586
2024-09-03 17:00:00,schloemer,L36,50,57,25.265073192585202,0.0,0.0,0.0,4,8,2184616.11112,34734.983586
2024-09-03 17:00:00,schloemer,L37,51,52,24.561802925926912,0.0,0.0,0.0,4,8,2184616.11112,34734.983586
2024-09-03 17:00:00,schloemer,L38,52,53,25.645590407313662,0.0,0.0,0.0,4,8,2184616.11112,34734.983586
2024-09-03 17:00:00,schloemer,L39,53,54,26.37859548796091,0.0,0.0,0.0,4,8,2184616.11112,34734.983586
2024-09-03 17:00:00,schloemer,L40,53,55,26.212778410375794,0.0,0.0,0.0,4,8,2184616.11112,34734.983586
2024-09-03 17:00:00,schloemer,L41,53,58,26.89344040833485,0.0,0.0,0.0,4,8,2184616.11112,34734.983586
2024-09-03 17:00:00,schloemer,L42,54,55,26.051289781820213,0.0,0.0,0.0,4,8,2184616.11112,34734.983586
2024-09-03 17:00:00,schloemer,L43,54,58,26.71121328972849,0.0,0.0,0.0,4,8,2184616.11112,34734.983586
2024-09-03 17:00:00,schloemer,L44,55,56,25.78653153963442,0.0,0.0,0.0,4,8,2184616.11112,34734.983586
2024-09-03 17:00:00,schloemer,L45,55,57,25.430282677376677,0.0,0.0,0.0,4,8,2184616.11112,34734.983586
2024-09-03 17:00:00,schloemer,L46,55,58,26.552497120894,0.0,0.0,0.0,4,8,2184616.11112,34734.983586
2024-09-03 17:00:00,schloemer,L47,55,58,26.552497120894,0.0,0.0,0.0,4,8,2184616.11112,34734.983586
2024-09-03 17:00:00,schloemer,L48,58,59,27.781109115362163,0.0,0.0,0.0,4,8,2184616.11112,34734.983586
2024-09-03 17:00:00,schloemer,L49,58,60,28.025501365523407,0.0,0.0,0.0,4,8,2184616.11112,34734.983586
2024-09-03 17:00:00,schloemer,L50,59,60,28.595978241412862,0.0,0.0,0.0,4,8,2184616.11112,34734.983586
2024-09-03 17:00:00,schloemer,L51,59,61,28.88898065943875,0.0,0.0,0.0,4,8,2184616.11112,34734.983586
2024-09-03 17:00:00,schloemer,L52,60,61,29.15188831583712,0.0,0.0,0.0,4,8,2184616.11112,34734.983586
2024-09-03 17:00:00,schloemer,L53,61,65,29.49792074485917,0.0,0.0,0.0,4,8,2184616.11112,34734.983586
2024-09-03 17:00:00,schloemer,L54,61,66,29.92168393452839,0.0,0.0,0.0,4,8,2184616.11112,34734.983586
2024-09-03 17:00:00,schloemer,L55,62,58,27.823329734261122,0.0,0.0,0.0,13,30,2185148.89802,34751.629934
2024-09-03 17:00:00,schloemer,L56,62,63,29.139807295783598,0.0,0.0,0.0,4,8,2184616.11112,34734.983586
2024-09-03 17:00:00,schloemer,L57,63,60,29.367298486283936,0.0,0.0,0.0,20,47,2185512.78098,34763.759366
2024-09-03 17:00:00,schloemer,L58,63,64,30.54086416607615,0.0,0.0,0.0,4,8,2184616.11112,34734.983586
2024-09-03 17:00:00,schloemer,L59,64,65,30.318741128766014,0.0,0.0,0.0,20,48,2185545.98792,34764.866264
2024-09-03 17:00:00,schloemer,L60,64,67,30.537796053873414,0.0,0.0,0.0,38,93,2186503.81292,34796.793764
2024-09-03 17:00:00,schloemer,L61,65,66,29.960805788962013,0.0,0.0,0.0,4,8,2184616.11112,34734.983586
2024-09-03 17:00:00,schloemer,L62,67,68,28.365818090973256,0.0,0.0,0.0,28,68,2185978.45538,34779.281846
2024-09-03 17:00:00,schloemer,L63,68,69,25.78148669473458,0.0,0.0,0.0,4,8,2184616.11112,34734.983586
2024-09-03 17:00:00,schloemer,L64,68,74,26.52420595555923,0.0,0.0,0.0,4,8,2184616.11112,34734.983586
2024-09-03 17:00:00,schloemer,L65,68,76,27.32743737510242,0.0,0.0,0.0,4,8,2184616.11112,34734.983586
2024-09-03 17:00:00,schloemer,L66,69,70,23.81210268775995,0.0,0.0,0.0,4,8,2184616.11112,34734.983586
2024-09-03 17:00:00,schloemer,L67,69,73,24.681533605357885,0.0,0.0,0.0,4,8,2184616.11112,34734.983586
2024-09-03 17:00:00,schloemer,L68,69,74,25.253388303075617,0.0,0.0,0.0,4,8,2184616.11112,34734.983586
2024-09-03 17:00:00,schloemer,L69,70,71,22.6611320409803,0.0,0.0,0.0,4,8,2184616.11112,34734.983586
2024-09-03 17:00:00,schloemer,L70,70,72,22.63868403200293,0.0,0.0,0.0,4,8,2184616.11112,34734.983586
2024-09-03 17:00:00,schloemer,L71,73,74,25.354601247018202,0.0,0.0,0.0,4,8,2184616.11112,34734.983586
2024-09-03 17:00:00,schloemer,L72,74,76,26.70475333322219,0.0,0.0,0.0,4,8,2184616.11112,34734.983586
2024-09-03 17:00:00,schloemer,L73,74,117,25.709107545268303,0.0,0.0,0.0,4,8,2184616.11112,34734.983586
2024-09-03 17:00:00,schloemer,L74,75,76,26.79219279386057,0.0,0.0,0.0,4,8,2184616.11112,34734.983586
2024-09-03 17:00:00,schloemer,L75,75,117,25.79082748362512,0.0,0.0,0.0,4,8,2184616.11112,34734.983586
2024-09-03 17:00:00,schloemer,L76,76,77,27.2993156446805,0.0,0.0,0.0,4,8,2184616.11112,34734.983586
2024-09-03 17:00:00,schloemer,L77,76,79,28.367586225420588,0.0,0.0,0.0,4,8,2184616.11112,34734.983586
2024-09-03 17:00:00,schloemer,L78,76,79,28.367586225420588,0.0,0.0,0.0,4,8,2184616.11112,34734.983586
2024-09-03 17:00:00,schloemer,L79,76,81,27.930408542402812,0.0,0.0,0.0,4,8,2184616.11112,34734.983586
2024-09-03 17:00:00,schloemer,L80,77,78,27.41032746758957,0.0,0.0,0.0,4,8,2184616.11112,34734.983586
2024-09-03 17:00:00,schloemer,L81,78,79,28.483066624380523,0.0,0.0,0.0,4,8,2184616.11112,34734.983586
2024-09-03 17:00:00,schloemer,L82,79,95,29.67372396565195,0.0,0.0,0.0,4,8,2184616.11112,34734.983586
2024-09-03 17:00:00,schloemer,L83,79,96,29.47203943123451,0.0,0.0,0.0,4,8,2184616.11112,34734.983586
2024-09-03 17:00:00,schloemer,L84,79,97,29.1040423701277,0.0,0.0,0.0,4,8,2184616.11112,34734.983586
2024-09-03 17:00:00,schloemer,L85,79,98,30.075126350036356,0.0,0.0,0.0,4,8,2184616.11112,34734.983586
2024-09-03 17:00:00,schloemer,L86,80,67,29.896344255029494,0.0,0.0,0.0,30,72,2186055.70436,34781.856812
2024-09-03 17:00:00,schloemer,L87,80,79,29.63951389033563,0.0,0.0,0.0,28,69,2185981.58126,34779.386042
2024-09-03 17:00:00,schloemer,L88,81,82,28.03481560357192,0.0,0.0,0.0,4,8,2184616.11112,34734.983586
2024-09-03 17:00:00,schloemer,L89,81,95,29.17070892336988,0.0,0.0,0.0,4,8,2184616.11112,34734.983586
2024-09-03 17:00:00,schloemer,L90,93,95,30.66537405861512,0.0,0.0,0.0,4,8,2184616.11112,34734.983586
2024-09-03 17:00:00,schloemer,L91,95,96,29.83086629132258,0.0,0.0,0.0,4,8,2184616.11112,34734.983586
2024-09-03 17:00:00,schloemer,L92,115,67,30.030485306545124,0.0,0.0,0.0,13,29,2185126.88168,34750.896056
2024-09-03 18:00:00,schloemer,L0,22,23,21.82857404491947,0.0,0.0,0.0,4,8,2184616.11112,34734.983586
2024-09-03 18:00:00,schloemer,L1,23,69,23.188533797244983,0.0,0.0,0.0,4,8,2184616.11112,34734.983586
2024-09-03 18:00:00,schloemer,L2,23,71,22.109377569484813,0.0,0.0,0.0,4,8,2184616.11112,34734.983586
2024-09-03 18:00:00,schloemer,L3,29,37,38.972315285977125,0.0,0.0,0.0,4,8,2184616.11112,34734.983586
2024-09-03 18:00:00,schloemer,L4,32,36,42.41691727960924,0.0,0.0,0.0,4,8,2184616.11112,34734.983586
2024-09-03 18:00:00,schloemer,L5,33,36,39.98110654955799,0.0,0.0,0.0,4,8,2184616.11112,34734.983586
2024-09-03 18:00:00,schloemer,L6,33,42,37.55405857764173,0.0,0.0,0.0,4,8,2184616.11112,34734.983586
2024-09-03 18:00:00,schloemer,L7,34,36,42.709880900124574,0.0,0.0,0.0,4,8,2184616.11112,34734.983586
2024-09-03 18:00:00,schloemer,L8,36,38,41.063999526194806,0.0,0.0,0.0,4,8,2184616.11112,34734.983586
2024-09-03 18:00:00,schloemer,L9,36,39,39.53755146155688,0.0,0.0,0.0,4,8,2184616.11112,34734.983586
2024-09-03 18:00:00,schloemer,L10,37,36,39.42607450407942,0.0,0.0,0.0,20,48,2185542.33716,34764.744572
2024-09-03 18:00:00,schloemer,L11,37,64,35.9447206623743,0.0,0.0,0.0,4,8,2184616.11112,34734.983586
2024-09-03 18:00:00,schloemer,L12,38,39,39.54390962193816,0.0,0.0,0.0,4,8,2184616.11112,34734.983586
2024-09-03 18:00:00,schloemer,L13,39,40,37.31113292009433,0.0,0.0,0.0,4,8,2184616.11112,34734.983586
2024-09-03 18:00:00,schloemer,L14,39,41,36.0777833500477,0.0,0.0,0.0,4,8,2184616.11112,34734.983586
2024-09-03 18:00:00,schloemer,L15,40,41,35.34592169324586,0.0,0.0,0.0,4,8,2184616.11112,34734.983586
2024-09-03 18:00:00,schloemer,L16,41,48,28.56980666636133,0.0,0.0,0.0,4,8,2184616.11112,34734.983586
2024-09-03 18:00:00,schloemer,L17,41,48,28.56980666636133,0.0,0.0,0.0,4,8,2184616.11112,34734.983586
2024-09-03 18:00:00,schloemer,L18,42,43,34.851902883273006,0.0,0.0,0.0,4,8,2184616.11112,34734.983586
2024-09-03 18:00:00,schloemer,L19,43,44,28.792422580581245,0.0,0.0,0.0,4,8,2184616.11112,34734.983586
2024-09-03 18:00:00,schloemer,L20,44,45,27.123620683969765,0.0,0.0,0.0,4,8,2184616.11112,34734.983586
2024-09-03 18:00:00,schloemer,L21,44,48,27.396951009284226,0.0,0.0,0.0,4,8,2184616.11112,34734.983586
2024-09-03 18:00:00,schloemer,L22,45,46,26.44984079164187,0.0,0.0,0.0,4,8,2184616.11112,34734.983586
2024-09-03 18:00:00,schloemer,L23,45,47,26.095717916588537,0.0,0.0,0.0,4,8,2184616.11112,34734.983586
2024-09-03 18:00:00,schloemer,L24,46,48,26.72516973050509,0.0,0.0,0.0,4,8,2184616.11112,34734.983586
2024-09-03 18:00:00,schloemer,L25,46,68,26.462131985131105,0.0,0.0,0.0,4,8,2184616.11112,34734.983586
2024-09-03 18:00:00,schloemer,L26,47,48,26.349124907222716,0.0,0.0,0.0,4,8,2184616.11112,34734.983586
2024-09-03 18:00:00,schloemer,L27,48,49,26.374123055313408,0.0,0.0,0.0,4,8,2184616.11112,34734.983586
2024-09-03 18:00:00,schloemer,L28,48,50,25.94427365482656,0.0,0.0,0.0,4,8,2184616.11112,34734.983586
2024-09-03 18:00:00,schloemer,L29,48,53,26.473586092548018,0.0,0.0,0.0,4,8,2184616.11112,34734.983586
2024-09-03 18:00:00,schloemer,L30,48,53,26.473586092548018,0.0,0.0,0.0,4,8,2184616.11112,34734.983586
2024-09-03 18:00:00,schloemer,L31,48,65,27.837315496396627,0.0,0.0,0.0,4,8,2184616.11112,34734.983586
2024-09-03 18:00:00,schloemer,L32,48,65,27.837315496396627,0.0,0.0,0.0,4,8,2184616.11112,34734.983586
2024-09-03 18:00:00,schloemer,L33,48,68,26.761835042149976,0.0,0.0,0.0,4,8,2184616.11112,34734.983586
2024-09-03 18:00:00,schloemer,L34,49,56,25.45693445116794,0.0,0.0,0.0,4,8,2184616.11112,34734.983586
2024-09-03 18:00:00,schloemer,L35,50,51,24.38576962046568,0.0,0.0,0.0,4,8,2184616.11112,34734.983586
2024-09-03 18:00:00,schloemer,L36,50,57,24.721541956986663,0.0,0.0,0.0,4,8,2184616.11112,34734.983586
2024-09-03 18:00:00,schloemer,L37,51,52,24.055226919119107,0.0,0.0,0.0,4,8,2184616.11112,34734.983586
2024-09-03 18:00:00,schloemer,L38,52,53,25.089942956744874,0.0,0.0,0.0,4,8,2184616.11112,34734.983586
2024-09-03 18:00:00,schloemer,L39,53,54,25.791205529168767,0.0,0.0,0.0,4,8,2184616.11112,34734.983586
2024-09-03 18:00:00,schloemer,L40,53,55,25.631017818549164,0.0,0.0,0.0,4,8,2184616.11112,34734.983586
2024-09-03 18:00:00,schloemer,L41,53,58,26.28097717515768,0.0,0.0,0.0,4,8,2184616.11112,34734.983586
2024-09-03 18:00:00,schloemer,L42,54,55,25.48311977986482,0.0,0.0,0.0,4,8,2184616.11112,34734.983586
2024-09-03 18:00:00,schloemer,L43,54,58,26.114323884429112,0.0,0.0,0.0,4,8,2184616.11112,34734.983586
2024-09-03 18:00:00,schloemer,L44,55,56,25.224481212638214,0.0,0.0,0.0,4,8,2184616.11112,34734.983586
2024-09-03 18:00:00,schloemer,L45,55,57,24.88576680788225,0.0,0.0,0.0,4,8,2184616.11112,34734.983586
2024-09-03 18:00:00,schloemer,L46,55,58,25.960458303116816,0.0,0.0,0.0,4,8,2184616.11112,34734.983586
2024-09-03 18:00:00,schloemer,L47,55,58,25.960458303116816,0.0,0.0,0.0,4,8,2184616.11112,34734.983586
2024-09-03 18:00:00,schloemer,L48,58,59,27.136443772562618,0.0,0.0,0.0,4,8,2184616.11112,34734.983586
2024-09-03 18:00:00,schloemer,L49,58,60,27.36523911071797,0.0,0.0,0.0,4,8,2184616.11112,34734.983586
2024-09-03 18:00:00,schloemer,L50,59,60,27.91197945758881,0.0,0.0,0.0,4,8,2184616.11112,34734.983586
2024-09-03 18:00:00,schloemer,L51,59,61,28.18603132827196,0.0,0.0,0.0,4,8,2184616.11112,34734.983586
2024-09-03 18:00:00,schloemer,L52,60,61,28.431463848282466,0.0,0.0,0.0,4,8,2184616.11112,34734.983586
2024-09-03 18:00:00,schloemer,L53,61,65,28.744473867094815,0.0,0.0,0.0,4,8,2184616.11112,34734.983586
2024-09-03 18:00:00,schloemer,L54,61,66,29.153004515619966,0.0,0.0,0.0,4,8,2184616.11112,34734.983586
2024-09-03 18:00:00,schloemer,L55,62,58,27.17139461357866,0.0,0.0,0.0,13,30,2185148.89802,34751.629934
2024-09-03 18:00:00,schloemer,L56,62,63,28.412893017957636,0.0,0.0,0.0,4,8,2184616.11112,34734.983586
2024-09-03 18:00:00,schloemer,L57,63,60,28.630172196277847,0.0,0.0,0.0,20,47,2185512.78098,34763.759366
2024-09-03 18:00:00,schloemer,L58,63,64,29.718868508890324,0.0,0.0,0.0,4,8,2184616.11112,34734.983586
2024-09-03 18:00:00,schloemer,L59,64,65,29.505080972317092,0.0,0.0,0.0,20,48,2185545.98792,34764.866264
2024-09-03 18:00:00,schloemer,L60,64,67,29.69905136482692,0.0,0.0,0.0,38,93,2186503.81292,34796.793764
2024-09-03 18:00:00,schloemer,L61,65,66,29.179127331825523,0.0,0.0,0.0,4,8,2184616.11112,34734.983586
2024-09-03 18:00:00,schloemer,L62,67,68,27.648331183175905,0.0,0.0,0.0,28,68,2185978.45538,34779.281846
2024-09-03 18:00:00,schloemer,L63,68,69,25.20017752599599,0.0,0.0,0.0,4,8,2184616.11112,34734.983586
2024-09-03 18:00:00,schloemer,L64,68,74,25.90600432405943,0.0,0.0,0.0,4,8,2184616.11112,34734.983586
2024-09-03 18:00:00,schloemer,L65,68,76,26.669429597163546,0.0,0.0,0.0,4,8,2184616.11112,34734.983586
2024-09-03 18:00:00,schloemer,L66,69,70,23.327287452398494,0.0,0.0,0.0,4,8,2184616.11112,34734.983586
2024-09-03 18:00:00,schloemer,L67,69,73,24.155807098845894,0.0,0.0,0.0,4,8,2184616.11112,34734.983586
2024-09-03 18:00:00,schloemer,L68,69,74,24.70004021022765,0.0,0.0,0.0,4,8,2184616.11112,34734.983586
2024-09-03 18:00:00,schloemer,L69,70,71,22.228528715055166,0.0,0.0,0.0,4,8,2184616.11112,34734.983586
2024-09-03 18:00:00,schloemer,L70,70,72,22.20872092619911,0.0,0.0,0.0,4,8,2184616.11112,34734.983586
2024-09-03 18:00:00,schloemer,L71,73,74,24.797362564323954,0.0,0.0,0.0,4,8,2184616.11112,34734.983586
2024-09-03 18:00:00,schloemer,L72,74,76,26.08233259126439,0.0,0.0,0.0,4,8,2184616.11112,34734.983586
2024-09-03 18:00:00,schloemer,L73,74,117,25.13632609368541,0.0,0.0,0.0,4,8,2184616.11112,34734.983586
2024-09-03 18:00:00,schloemer,L74,75,76,26.169825289894934,0.0,0.0,0.0,4,8,2184616.11112,34734.983586
2024-09-03 18:00:00,schloemer,L75,75,117,25.218041704973896,0.0,0.0,0.0,4,8,2184616.11112,34734.983586
2024-09-03 18:00:00,schloemer,L76,76,77,26.65375280577979,0.0,0.0,0.0,4,8,2184616.11112,34734.983586
2024-09-03 18:00:00,schloemer,L77,76,79,27.666275067925394,0.0,0.0,0.0,4,8,2184616.11112,34734.983586
2024-09-03 18:00:00,schloemer,L78,76,79,27.666275067925394,0.0,0.0,0.0,4,8,2184616.11112,34734.983586
2024-09-03 18:00:00,schloemer,L79,76,81,27.254574051516606,0.0,0.0,0.0,4,8,2184616.11112,34734.983586
2024-09-03 18:00:00,schloemer,L80,77,78,26.76718869598497,0.0,0.0,0.0,4,8,2184616.11112,34734.983586
2024-09-03 18:00:00,schloemer,L81,78,79,27.78485137102517,0.0,0.0,0.0,4,8,2184616.11112,34734.983586
2024-09-03 18:00:00,schloemer,L82,79,95,28.915052489889124,0.0,0.0,0.0,4,8,2184616.11112,34734.983586
2024-09-03 18:00:00,schloemer,L83,79,96,28.725839355073287,0.0,0.0,0.0,4,8,2184616.11112,34734.983586
2024-09-03 18:00:00,schloemer,L84,79,97,28.376758855002024,0.0,0.0,0.0,4,8,2184616.11112,34734.983586
2024-09-03 18:00:00,schloemer,L85,79,98,29.290481550589927,0.0,0.0,0.0,4,8,2184616.11112,34734.983586
2024-09-03 18:00:00,schloemer,L86,80,67,29.094560868137158,0.0,0.0,0.0,30,72,2186055.70436,34781.856812
2024-09-03 18:00:00,schloemer,L87,80,79,28.865249230716326,0.0,0.0,0.0,28,69,2185981.58126,34779.386042
2024-09-03 18:00:00,schloemer,L88,81,82,27.37055302438506,0.0,0.0,0.0,4,8,2184616.11112,34734.983586
2024-09-03 18:00:00,schloemer,L89,81,95,28.442642492736002,0.0,0.0,0.0,4,8,2184616.11112,34734.983586
2024-09-03 18:00:00,schloemer,L90,93,95,29.86906738262347,0.0,0.0,0.0,4,8,2184616.11112,34734.983586
2024-09-03 18:00:00,schloemer,L91,95,96,29.07354944146031,0.0,0.0,0.0,4,8,2184616.11112,34734.983586
2024-09-03 18:00:00,schloemer,L92,115,67,29.21939753024692,0.0,0.0,0.0,13,29,2185126.88168,34750.896056
2024-09-03 19:00:00,schloemer,L0,22,23,21.415431175868612,0.0,0.0,0.0,4,8,2184616.11112,34734.983586
2024-09-03 19:00:00,schloemer,L1,23,69,22.71639519305283,0.0,0.0,0.0,4,8,2184616.11112,34734.983586
2024-09-03 19:00:00,schloemer,L2,23,71,21.685272351159554,0.0,0.0,0.0,4,8,2184616.11112,34734.983586
2024-09-03 19:00:00,schloemer,L3,29,37,37.752103186296765,0.0,0.0,0.0,4,8,2184616.11112,34734.983586
2024-09-03 19:00:00,schloemer,L4,32,36,40.93778593546492,0.0,0.0,0.0,4,8,2184616.11112,34734.983586
2024-09-03 19:00:00,schloemer,L5,33,36,38.676174897549124,0.0,0.0,0.0,4,8,2184616.11112,34734.983586
2024-09-03 19:00:00,schloemer,L6,33,42,36.408321095006556,0.0,0.0,0.0,4,8,2184616.11112,34734.983586
2024-09-03 19:00:00,schloemer,L7,34,36,41.21763036468423,0.0,0.0,0.0,4,8,2184616.11112,34734.983586
2024-09-03 19:00:00,schloemer,L8,36,38,39.67840305175126,0.0,0.0,0.0,4,8,2184616.11112,34734.983586
2024-09-03 19:00:00,schloemer,L9,36,39,38.25662862497041,0.0,0.0,0.0,4,8,2184616.11112,34734.983586
2024-09-03 19:00:00,schloemer,L10,37,36,38.162097241746054,0.0,0.0,0.0,20,48,2185542.33716,34764.744572
2024-09-03 19:00:00,schloemer,L11,37,64,34.90161686969035,0.0,0.0,0.0,4,8,2184616.11112,34734.983586
2024-09-03 19:00:00,schloemer,L12,38,39,38.25868328148524,0.0,0.0,0.0,4,8,2184616.11112,34734.983586
2024-09-03 19:00:00,schloemer,L13,39,40,36.171223264364485,0.0,0.0,0.0,4,8,2184616.11112,34734.983586
2024-09-03 19:00:00,schloemer,L14,39,41,35.016371178997595,0.0,0.0,0.0,4,8,2184616.11112,34734.983586
2024-09-03 19:00:00,schloemer,L15,40,41,30.466162276368035,0.0,0.0,0.0,4,8,2184616.11112,34734.983586
2024-09-03 19:00:00,schloemer,L16,41,48,27.830001569966573,0.0,0.0,0.0,4,8,2184616.11112,34734.983586
2024-09-03 19:00:00,schloemer,L17,41,48,27.830001569966573,0.0,0.0,0.0,4,8,2184616.11112,34734.983586
2024-09-03 19:00:00,schloemer,L18,42,43,30.059079895229548,0.0,0.0,0.0,4,8,2184616.11112,34734.983586
2024-09-03 19:00:00,schloemer,L19,43,44,28.040658344950906,0.0,0.0,0.0,4,8,2184616.11112,34734.983586
2024-09-03 19:00:00,schloemer,L20,44,45,26.459972085729554,0.0,0.0,0.0,4,8,2184616.11112,34734.983586
2024-09-03 19:00:00,schloemer,L21,44,48,26.72047071892939,0.0,0.0,0.0,4,8,2184616.11112,34734.983586
2024-09-03 19:00:00,schloemer,L22,45,46,25.819449973866003,0.0,0.0,0.0,4,8,2184616.11112,34734.983586
2024-09-03 19:00:00,schloemer,L23,45,47,25.484787709284024,0.0,0.0,0.0,4,8,2184616.11112,34734.983586
2024-09-03 19:00:00,schloemer,L24,46,48,26.081602368764276,0.0,0.0,0.0,4,8,2184616.11112,34734.983586
2024-09-03 19:00:00,schloemer,L25,46,68,25.829942872587942,0.0,0.0,0.0,4,8,2184616.11112,34734.983586
2024-09-03 19:00:00,schloemer,L26,47,48,25.726746979830715,0.0,0.0,0.0,4,8,2184616.11112,34734.983586
2024-09-03 19:00:00,schloemer,L27,48,49,25.75367772566871,0.0,0.0,0.0,4,8,2184616.11112,34734.983586
2024-09-03 19:00:00,schloemer,L28,48,50,25.345775880962414,0.0,0.0,0.0,4,8,2184616.11112,34734.983586
2024-09-03 19:00:00,schloemer,L29,48,53,25.85164276269988,0.0,0.0,0.0,4,8,2184616.11112,34734.983586
2024-09-03 19:00:00,schloemer,L30,48,53,25.85164276269988,0.0,0.0,0.0,4,8,2184616.11112,34734.983586
2024-09-03 19:00:00,schloemer,L31,48,65,27.14231695881113,0.0,0.0,0.0,4,8,2184616.11112,34734.983586
2024-09-03 19:00:00,schloemer,L32,48,65,27.14231695881113,0.0,0.0,0.0,4,8,2184616.11112,34734.983586
2024-09-03 19:00:00,schloemer,L33,48,68,26.11475882413968,0.0,0.0,0.0,4,8,2184616.11112,34734.983586
2024-09-03 19:00:00,schloemer,L34,49,56,24.887847996090972,0.0,0.0,0.0,4,8,2184616.11112,34734.983586
2024-09-03 19:00:00,schloemer,L35,50,51,23.867198887864845,0.0,0.0,0.0,4,8,2184616.11112,34734.983586
2024-09-03 19:00:00,schloemer,L36,50,57,24.188314920090267,0.0,0.0,0.0,4,8,2184616.11112,34734.983586
2024-09-03 19:00:00,schloemer,L37,51,52,23.556450393687758,0.0,0.0,0.0,4,8,2184616.11112,34734.983586
2024-09-03 19:00:00,schloemer,L38,52,53,24.544813302812173,0.0,0.0,0.0,4,8,2184616.11112,34734.983586
2024-09-03 19:00:00,schloemer,L39,53,54,25.215932637136696,0.0,0.0,0.0,4,8,2184616.11112,34734.983586
2024-09-03 19:00:00,schloemer,L40,53,55,25.061246467741547,0.0,0.0,0.0,4,8,2184616.11112,34734.983586
2024-09-03 19:00:00,schloemer,L41,53,58,25.68215455976801,0.0,0.0,0.0,4,8,2184616.11112,34734.983586
2024-09-03 19:00:00,schloemer,L42,54,55,24.92561282184427,0.0,0.0,0.0,4,8,2184616.11112,34734.983586
2024-09-03 19:00:00,schloemer,L43,54,58,25.529526172733366,0.0,0.0,0.0,4,8,2184616.11112,34734.983586
2024-09-03 19:00:00,schloemer,L44,55,56,24.67330272679319,0.0,0.0,0.0,4,8,2184616.11112,34734.983586
2024-09-03 19:00:00,schloemer,L45,55,57,24.35103129522554,0.0,0.0,0.0,4,8,2184616.11112,34734.983586
2024-09-03 19:00:00,schloemer,L46,55,58,25.380478104249484,0.0,0.0,0.0,4,8,2184616.11112,34734.983586
2024-09-03 19:00:00,schloemer,L47,55,58,25.380478104249484,0.0,0.0,0.0,4,8,2184616.11112,34734.983586
2024-09-03 19:00:00,schloemer,L48,58,59,26.506304699148075,0.0,0.0,0.0,4,8,2184616.11112,34734.983586
2024-09-03 19:00:00,schloemer,L49,58,60,26.72078144059297,0.0,0.0,0.0,4,8,2184616.11112,34734.983586
2024-09-03 19:00:00,schloemer,L50,59,60,27.24476858444199,0.0,0.0,0.0,4,8,2184616.11112,34734.983586
2024-09-03 19:00:00,schloemer,L51,59,61,27.501448985371816,0.0,0.0,0.0,4,8,2184616.11112,34734.983586
2024-09-03 19:00:00,schloemer,L52,60,61,27.730910164945122,0.0,0.0,0.0,4,8,2184616.11112,34734.983586
2024-09-03 19:00:00,schloemer,L53,61,65,28.01456756237261,0.0,0.0,0.0,4,8,2184616.11112,34734.983586
2024-09-03 19:00:00,schloemer,L54,61,66,28.40816335859587,0.0,0.0,0.0,4,8,2184616.11112,34734.983586
2024-09-03 19:00:00,schloemer,L55,62,58,26.534919890442414,0.0,0.0,0.0,13,30,2185148.89802,34751.629934
2024-09-03 19:00:00,schloemer,L56,62,63,27.70697778394197,0.0,0.0,0.0,4,8,2184616.11112,34734.983586
2024-09-03 19:00:00,schloemer,L57,63,60,27.91455124918624,0.0,0.0,0.0,20,47,2185512.78098,34763.759366
2024-09-03 19:00:00,schloemer,L58,63,64,28.92645806730724,0.0,0.0,0.0,4,8,2184616.11112,34734.983586
2024-09-03 19:00:00,schloemer,L59,64,65,28.72079889072205,0.0,0.0,0.0,20,48,2185545.98792,34764.866264
2024-09-03 19:00:00,schloemer,L60,64,67,28.89284771855069,0.0,0.0,0.0,38,93,2186503.81292,34796.793764
2024-09-03 19:00:00,schloemer,L61,65,66,28.423283616858622,0.0,0.0,0.0,4,8,2184616.11112,34734.983586
2024-09-03 19:00:00,schloemer,L62,67,68,26.954174769397458,0.0,0.0,0.0,28,68,2185978.45538,34779.281846
2024-09-03 19:00:00,schloemer,L63,68,69,24.63256468939913,0.0,0.0,0.0,4,8,2184616.11112,34734.983586
2024-09-03 19:00:00,schloemer,L64,68,74,25.303905505377077,0.0,0.0,0.0,4,8,2184616.11112,34734.983586
2024-09-03 19:00:00,schloemer,L65,68,76,26.030094484339283,0.0,0.0,0.0,4,8,2184616.11112,34734.983586
2024-09-03 19:00:00,schloemer,L66,69,70,22.849979736539463,0.0,0.0,0.0,4,8,2184616.11112,34734.983586
2024-09-03 19:00:00,schloemer,L67,69,73,23.64006332070521,0.0,0.0,0.0,4,8,2184616.11112,34734.983586
2024-09-03 19:00:00,schloemer,L68,69,74,24.158407714327268,0.0,0.0,0.0,4,8,2184616.11112,34734.983586
2024-09-03 19:00:00,schloemer,L69,70,71,21.80043787865922,0.0,0.0,0.0,4,8,2184616.11112,34734.983586
2024-09-03 19:00:00,schloemer,L70,70,72,21.782993169827108,0.0,0.0,0.0,4,8,2184616.11112,34734.983586
2024-09-03 19:00:00,schloemer,L71,73,74,24.251993549177996,0.0,0.0,0.0,4,8,2184616.11112,34734.983586
2024-09-03 19:00:00,schloemer,L72,74,76,25.475834815351185,0.0,0.0,0.0,4,8,2184616.11112,34734.983586
2024-09-03 19:00:00,schloemer,L73,74,117,24.576241064773413,0.0,0.0,0.0,4,8,2184616.11112,34734.983586
2024-09-03 19:00:00,schloemer,L74,75,76,25.562961345023595,0.0,0.0,0.0,4,8,2184616.11112,34734.983586
2024-09-03 19:00:00,schloemer,L75,75,117,24.65759348980844,0.0,0.0,0.0,4,8,2184616.11112,34734.983586
2024-09-03 19:00:00,schloemer,L76,76,77,26.024979862351774,0.0,0.0,0.0,4,8,2184616.11112,34734.983586
2024-09-03 19:00:00,schloemer,L77,76,79,26.98554059506175,0.0,0.0,0.0,4,8,2184616.11112,34734.983586
2024-09-03 19:00:00,schloemer,L78,76,79,26.98554059506175,0.0,0.0,0.0,4,8,2184616.11112,34734.983586
2024-09-03 19:00:00,schloemer,L79,76,81,26.59733332518904,0.0,0.0,0.0,4,8,2184616.11112,34734.983586
2024-09-03 19:00:00,schloemer,L80,77,78,26.13991805719109,0.0,0.0,0.0,4,8,2184616.11112,34734.983586
2024-09-03 19:00:00,schloemer,L81,78,79,27.10610505012985,0.0,0.0,0.0,4,8,2184616.11112,34734.983586
2024-09-03 19:00:00,schloemer,L82,79,95,28.179676442897275,0.0,0.0,0.0,4,8,2184616.11112,34734.983586
2024-09-03 19:00:00,schloemer,L83,79,96,28.001913731520187,0.0,0.0,0.0,4,8,2184616.11112,34734.983586
2024-09-03 19:00:00,schloemer,L84,79,97,27.670536560461585,0.0,0.0,0.0,4,8,2184616.11112,34734.983586
2024-09-03 19:00:00,schloemer,L85,79,98,28.53137154226299,0.0,0.0,0.0,4,8,2184616.11112,34734.983586
2024-09-03 19:00:00,schloemer,L86,80,67,28.322367107156232,0.0,0.0,0.0,30,72,2186055.70436,34781.856812
2024-09-03 19:00:00,schloemer,L87,80,79,28.117162980786443,0.0,0.0,0.0,28,69,2185981.58126,34779.386042
2024-09-03 19:00:00,schloemer,L88,81,82,26.72249188443093,0.0,0.0,0.0,4,8,2184616.11112,34734.983586
2024-09-03 19:00:00,schloemer,L89,81,95,27.73541392194283,0.0,0.0,0.0,4,8,2184616.11112,34734.983586
2024-09-03 19:00:00,schloemer,L90,93,95,29.096952579750592,0.0,0.0,0.0,4,8,2184616.11112,34734.983586
2024-09-03 19:00:00,schloemer,L91,95,96,28.338431942189032,0.0,0.0,0.0,4,8,2184616.11112,34734.983586
2024-09-03 19:00:00,schloemer,L92,115,67,28.438799096796618,0.0,0.0,0.0,13,29,2185126.88168,34750.896056
2024-09-03 20:00:00,schloemer,L0,22,23,21.007513370759824,0.0,0.0,0.0,4,8,2184616.11112,34734.983586
2024-09-03 20:00:00,schloemer,L1,23,69,22.252719612506308,0.0,0.0,0.0,4,8,2184616.11112,34734.983586
2024-09-03 20:00:00,schloemer,L2,23,71,21.266898387052358,0.0,0.0,0.0,4,8,2184616.11112,34734.983586
2024-09-03 20:00:00,schloemer,L3,29,37,36.59089951680566,0.0,0.0,0.0,4,8,2184616.11112,34734.983586
2024-09-03 20:00:00,schloemer,L4,32,36,39.544605740582604,0.0,0.0,0.0,4,8,2184616.11112,34734.983586
2024-09-03 20:00:00,schloemer,L5,33,36,37.439886068451415,0.0,0.0,0.0,4,8,2184616.11112,34734.983586
2024-09-03 20:00:00,schloemer,L6,33,42,35.31685682425524,0.0,0.0,0.0,4,8,2184616.11112,34734.983586
2024-09-03 20:00:00,schloemer,L7,34,36,39.811708995764526,0.0,0.0,0.0,4,8,2184616.11112,34734.983586
2024-09-03 20:00:00,schloemer,L8,36,38,38.369818205354704,0.0,0.0,0.0,4,8,2184616.11112,34734.983586
2024-09-03 20:00:00,schloemer,L9,36,39,37.042756929848075,0.0,0.0,0.0,4,8,2184616.11112,34734.983586
2024-09-03 20:00:00,schloemer,L10,37,36,36.96257366162523,0.0,0.0,0.0,20,48,2185542.33716,34764.744572
2024-09-03 20:00:00,schloemer,L11,37,64,30.08961930296804,0.0,0.0,0.0,4,8,2184616.11112,34734.983586
2024-09-03 20:00:00,schloemer,L12,38,39,37.041329336702105,0.0,0.0,0.0,4,8,2184616.11112,34734.983586
2024-09-03 20:00:00,schloemer,L13,39,40,35.086071116010736,0.0,0.0,0.0,4,8,2184616.11112,34734.983586
2024-09-03 20:00:00,schloemer,L14,39,41,30.177481267500877,0.0,0.0,0.0,4,8,2184616.11112,34734.983586
2024-09-03 20:00:00,schloemer,L15,40,41,29.602118894411685,0.0,0.0,0.0,4,8,2184616.11112,34734.983586
2024-09-03 20:00:00,schloemer,L16,41,48,27.11640365253689,0.0,0.0,0.0,4,8,2184616.11112,34734.983586
2024-09-03 20:00:00,schloemer,L17,41,48,27.11640365253689,0.0,0.0,0.0,4,8,2184616.11112,34734.983586
2024-09-03 20:00:00,schloemer,L18,42,43,29.2233243008483,0.0,0.0,0.0,4,8,2184616.11112,34734.983586
2024-09-03 20:00:00,schloemer,L19,43,44,27.315965794917183,0.0,0.0,0.0,4,8,2184616.11112,34734.983586
2024-09-03 20:00:00,schloemer,L20,44,45,25.817143297444062,0.0,0.0,0.0,4,8,2184616.11112,34734.983586
2024-09-03 20:00:00,schloemer,L21,44,48,26.065583892957942,0.0,0.0,0.0,4,8,2184616.11112,34734.983586
2024-09-03 20:00:00,schloemer,L22,45,46,25.207704018445042,0.0,0.0,0.0,4,8,2184616.11112,34734.983586
2024-09-03 20:00:00,schloemer,L23,45,47,24.891061035949704,0.0,0.0,0.0,4,8,2184616.11112,34734.983586
2024-09-03 20:00:00,schloemer,L24,46,48,25.45750714517615,0.0,0.0,0.0,4,8,2184616.11112,34734.983586
2024-09-03 20:00:00,schloemer,L25,46,68,25.216609397638162,0.0,0.0,0.0,4,8,2184616.11112,34734.983586
2024-09-03 20:00:00,schloemer,L26,47,48,25.122229283946886,0.0,0.0,0.0,4,8,2184616.11112,34734.983586
2024-09-03 20:00:00,schloemer,L27,48,49,25.15069163733213,0.0,0.0,0.0,4,8,2184616.11112,34734.983586
2024-09-03 20:00:00,schloemer,L28,48,50,24.763252308035295,0.0,0.0,0.0,4,8,2184616.11112,34734.983586
2024-09-03 20:00:00,schloemer,L29,48,53,25.24695602256572,0.0,0.0,0.0,4,8,2184616.11112,34734.983586
2024-09-03 20:00:00,schloemer,L30,48,53,25.24695602256572,0.0,0.0,0.0,4,8,2184616.11112,34734.983586
2024-09-03 20:00:00,schloemer,L31,48,65,26.469800266748077,0.0,0.0,0.0,4,8,2184616.11112,34734.983586
2024-09-03 20:00:00,schloemer,L32,48,65,26.469800266748077,0.0,0.0,0.0,4,8,2184616.11112,34734.983586
2024-09-03 20:00:00,schloemer,L33,48,68,25.48753065262798,0.0,0.0,0.0,4,8,2184616.11112,34734.983586
2024-09-03 20:00:00,schloemer,L34,49,56,24.332391467160583,0.0,0.0,0.0,4,8,2184616.11112,34734.983586
2024-09-03 20:00:00,schloemer,L35,50,51,23.359203962082365,0.0,0.0,0.0,4,8,2184616.11112,34734.983586
2024-09-03 20:00:00,schloemer,L36,50,57,23.66645427875036,0.0,0.0,0.0,4,8,2184616.11112,34734.983586
2024-09-03 20:00:00,schloemer,L37,51,52,23.066727611981257,0.0,0.0,0.0,4,8,2184616.11112,34734.983586
2024-09-03 20:00:00,schloemer,L38,52,53,24.011312244497947,0.0,0.0,0.0,4,8,2184616.11112,34734.983586
2024-09-03 20:00:00,schloemer,L39,53,54,24.6538269611295,0.0,0.0,0.0,4,8,2184616.11112,34734.983586
2024-09-03 20:00:00,schloemer,L40,53,55,24.504495701116593,0.0,0.0,0.0,4,8,2184616.11112,34734.983586
2024-09-03 20:00:00,schloemer,L41,53,58,25.097927371058795,0.0,0.0,0.0,4,8,2184616.11112,34734.983586
2024-09-03 20:00:00,schloemer,L42,54,55,24.37994567716357,0.0,0.0,0.0,4,8,2184616.11112,34734.983586
2024-09-03 20:00:00,schloemer,L43,54,58,24.95794847029619,0.0,0.0,0.0,4,8,2184616.11112,34734.983586
2024-09-03 20:00:00,schloemer,L44,55,56,24.134088542802875,0.0,0.0,0.0,4,8,2184616.11112,34734.983586
2024-09-03 20:00:00,schloemer,L45,55,57,23.82724128434433,0.0,0.0,0.0,4,8,2184616.11112,34734.983586
2024-09-03 20:00:00,schloemer,L46,55,58,24.813653467901542,0.0,0.0,0.0,4,8,2184616.11112,34734.983586
2024-09-03 20:00:00,schloemer,L47,55,58,24.813653467901542,0.0,0.0,0.0,4,8,2184616.11112,34734.983586
2024-09-03 20:00:00,schloemer,L48,58,59,25.891735521559134,0.0,0.0,0.0,4,8,2184616.11112,34734.983586
2024-09-03 20:00:00,schloemer,L49,58,60,26.09305075899491,0.0,0.0,0.0,4,8,2184616.11112,34734.983586
2024-09-03 20:00:00,schloemer,L50,59,60,26.59527510142258,0.0,0.0,0.0,4,8,2184616.11112,34734.983586
2024-09-03 20:00:00,schloemer,L51,59,61,26.836010345378664,0.0,0.0,0.0,4,8,2184616.11112,34734.983586
2024-09-03 20:00:00,schloemer,L52,60,61,27.050852137443123,0.0,0.0,0.0,4,8,2184616.11112,34734.983586
2024-09-03 20:00:00,schloemer,L53,61,65,27.308361613066335,0.0,0.0,0.0,4,8,2184616.11112,34734.983586
2024-09-03 20:00:00,schloemer,L54,61,66,27.687399484290136,0.0,0.0,0.0,4,8,2184616.11112,34734.983586
2024-09-03 20:00:00,schloemer,L55,62,58,25.91482622818664,0.0,0.0,0.0,13,30,2185148.89802,34751.629934
2024-09-03 20:00:00,schloemer,L56,62,63,27.02251164983475,0.0,0.0,0.0,4,8,2184616.11112,34734.983586
2024-09-03 20:00:00,schloemer,L57,63,60,27.220873093768233,0.0,0.0,0.0,20,47,2185512.78098,34763.759366
2024-09-03 20:00:00,schloemer,L58,63,64,28.163139940574144,0.0,0.0,0.0,4,8,2184616.11112,34734.983586
2024-09-03 20:00:00,schloemer,L59,64,65,27.965365889867073,0.0,0.0,0.0,20,48,2185545.98792,34764.866264
2024-09-03 20:00:00,schloemer,L60,64,67,28.118200923829928,0.0,0.0,0.0,38,93,2186503.81292,34796.793764
2024-09-03 20:00:00,schloemer,L61,65,66,27.693209414702544,0.0,0.0,0.0,4,8,2184616.11112,34734.983586
2024-09-03 20:00:00,schloemer,L62,67,68,26.28323280466583,0.0,0.0,0.0,28,68,2185978.45538,34779.281846
2024-09-03 20:00:00,schloemer,L63,68,69,24.07935775550812,0.0,0.0,0.0,4,8,2184616.11112,34734.983586
2024-09-03 20:00:00,schloemer,L64,68,74,24.718437060760536,0.0,0.0,0.0,4,8,2184616.11112,34734.983586
2024-09-03 20:00:00,schloemer,L65,68,76,25.40977009281774,0.0,0.0,0.0,4,8,2184616.11112,34734.983586
2024-09-03 20:00:00,schloemer,L66,69,70,22.38134418636865,0.0,0.0,0.0,4,8,2184616.11112,34734.983586
2024-09-03 20:00:00,schloemer,L67,69,73,23.135302715110562,0.0,0.0,0.0,4,8,2184616.11112,34734.983586
2024-09-03 20:00:00,schloemer,L68,69,74,23.629368716190925,0.0,0.0,0.0,4,8,2184616.11112,34734.983586
2024-09-03 20:00:00,schloemer,L69,70,71,21.378203222601055,0.0,0.0,0.0,4,8,2184616.11112,34734.983586
2024-09-03 20:00:00,schloemer,L70,70,72,21.362874905097943,0.0,0.0,0.0,4,8,2184616.11112,34734.983586
2024-09-03 20:00:00,schloemer,L71,73,74,23.719372097804328,0.0,0.0,0.0,4,8,2184616.11112,34734.983586
2024-09-03 20:00:00,schloemer,L72,74,76,24.885858331995244,0.0,0.0,0.0,4,8,2184616.11112,34734.983586
2024-09-03 20:00:00,schloemer,L73,74,117,24.029690347617244,0.0,0.0,0.0,4,8,2184616.11112,34734.983586
2024-09-03 20:00:00,schloemer,L74,75,76,24.97228250806007,0.0,0.0,0.0,4,8,2184616.11112,34734.983586
2024-09-03 20:00:00,schloemer,L75,75,117,24.11038982761801,0.0,0.0,0.0,4,8,2184616.11112,34734.983586
2024-09-03 20:00:00,schloemer,L76,76,77,25.413612952370315,0.0,0.0,0.0,4,8,2184616.11112,34734.983586
2024-09-03 20:00:00,schloemer,L77,76,79,26.325704759485056,0.0,0.0,0.0,4,8,2184616.11112,34734.983586
2024-09-03 20:00:00,schloemer,L78,76,79,26.325704759485056,0.0,0.0,0.0,4,8,2184616.11112,34734.983586
2024-09-03 20:00:00,schloemer,L79,76,81,25.959194295667814,0.0,0.0,0.0,4,8,2184616.11112,34734.983586
2024-09-03 20:00:00,schloemer,L80,77,78,25.529296342617645,0.0,0.0,0.0,4,8,2184616.11112,34734.983586
2024-09-03 20:00:00,schloemer,L81,78,79,26.447352389940875,0.0,0.0,0.0,4,8,2184616.11112,34734.983586
2024-09-03 20:00:00,schloemer,L82,79,95,27.467872426576264,0.0,0.0,0.0,4,8,2184616.11112,34734.983586
2024-09-03 20:00:00,schloemer,L83,79,96,27.300638817642433,0.0,0.0,0.0,4,8,2184616.11112,34734.983586
2024-09-03 20:00:00,schloemer,L84,79,97,26.98583182912223,0.0,0.0,0.0,4,8,2184616.11112,34734.983586
2024-09-03 20:00:00,schloemer,L85,79,98,27.79783987830685,0.0,0.0,0.0,4,8,2184616.11112,34734.983586
2024-09-03 20:00:00,schloemer,L86,80,67,27.57907777230937,0.0,0.0,0.0,30,72,2186055.70436,34781.856812
2024-09-03 20:00:00,schloemer,L87,80,79,27.39505710104186,0.0,0.0,0.0,28,69,2185981.58126,34779.386042
2024-09-03 20:00:00,schloemer,L88,81,82,26.09152584618875,0.0,0.0,0.0,4,8,2184616.11112,34734.983586
2024-09-03 20:00:00,schloemer,L89,81,95,27.049533722739802,0.0,0.0,0.0,4,8,2184616.11112,34734.983586
2024-09-03 20:00:00,schloemer,L90,93,95,28.349480452353596,0.0,0.0,0.0,4,8,2184616.11112,34734.983586
2024-09-03 20:00:00,schloemer,L91,95,96,27.626011549591915,0.0,0.0,0.0,4,8,2184616.11112,34734.983586
2024-09-03 20:00:00,schloemer,L92,115,67,27.68789443659679,0.0,0.0,0.0,13,29,2185126.88168,34750.896056
2024-09-03 21:00:00,schloemer,L0,22,23,20.60601549598849,0.0,0.0,0.0,4,8,2184616.11112,34734.983586
2024-09-03 21:00:00,schloemer,L1,23,69,21.798524910417836,0.0,0.0,0.0,4,8,2184616.11112,34734.983586
2024-09-03 21:00:00,schloemer,L2,23,71,20.855434011484444,0.0,0.0,0.0,4,8,2184616.11112,34734.983586
2024-09-03 21:00:00,schloemer,L3,29,37,35.4856302775424,0.0,0.0,0.0,4,8,2184616.11112,34734.983586
2024-09-03 21:00:00,schloemer,L4,32,36,38.23077068622678,0.0,0.0,0.0,4,8,2184616.11112,34734.983586
2024-09-03 21:00:00,schloemer,L5,33,36,36.26780798179405,0.0,0.0,0.0,4,8,2184616.11112,34734.983586
2024-09-03 21:00:00,schloemer,L6,33,42,30.420708342150782,0.0,0.0,0.0,4,8,2184616.11112,34734.983586
2024-09-03 21:00:00,schloemer,L7,34,36,38.48560196722411,0.0,0.0,0.0,4,8,2184616.11112,34734.983586
2024-09-03 21:00:00,schloemer,L8,36,38,37.132711764612154,0.0,0.0,0.0,4,8,2184616.11112,34734.983586
2024-09-03 21:00:00,schloemer,L9,36,39,35.891600074071825,0.0,0.0,0.0,4,8,2184616.11112,34734.983586
2024-09-03 21:00:00,schloemer,L10,37,36,35.82361244372224,0.0,0.0,0.0,20,48,2185542.33716,34764.744572
2024-09-03 21:00:00,schloemer,L11,37,64,29.242618926005292,0.0,0.0,0.0,4,8,2184616.11112,34734.983586
2024-09-03 21:00:00,schloemer,L12,38,39,35.887356532032996,0.0,0.0,0.0,4,8,2184616.11112,34734.983586
2024-09-03 21:00:00,schloemer,L13,39,40,30.22175297563946,0.0,0.0,0.0,4,8,2184616.11112,34734.983586
2024-09-03 21:00:00,schloemer,L14,39,41,29.318411218666213,0.0,0.0,0.0,4,8,2184616.11112,34734.983586
2024-09-03 21:00:00,schloemer,L15,40,41,28.77571833053957,0.0,0.0,0.0,4,8,2184616.11112,34734.983586
2024-09-03 21:00:00,schloemer,L16,41,48,26.428656747568816,0.0,0.0,0.0,4,8,2184616.11112,34734.983586
2024-09-03 21:00:00,schloemer,L17,41,48,26.428656747568816,0.0,0.0,0.0,4,8,2184616.11112,34734.983586
2024-09-03 21:00:00,schloemer,L18,42,43,28.422516229728952,0.0,0.0,0.0,4,8,2184616.11112,34734.983586
2024-09-03 21:00:00,schloemer,L19,43,44,26.61791369191018,0.0,0.0,0.0,4,8,2184616.11112,34734.983586
2024-09-03 21:00:00,schloemer,L20,44,45,25.195233749912717,0.0,0.0,0.0,4,8,2184616.11112,34734.983586
2024-09-03 21:00:00,schloemer,L21,44,48,25.432340043378655,0.0,0.0,0.0,4,8,2184616.11112,34734.983586
2024-09-03 21:00:00,schloemer,L22,45,46,24.61486690734394,0.0,0.0,0.0,4,8,2184616.11112,34734.983586
2024-09-03 21:00:00,schloemer,L23,45,47,24.314930653713525,0.0,0.0,0.0,4,8,2184616.11112,34734.983586
2024-09-03 21:00:00,schloemer,L24,46,48,24.85308942372913,0.0,0.0,0.0,4,8,2184616.11112,34734.983586
2024-09-03 21:00:00,schloemer,L25,46,68,24.622369393880987,0.0,0.0,0.0,4,8,2184616.11112,34734.983586
2024-09-03 21:00:00,schloemer,L26,47,48,24.535925820786048,0.0,0.0,0.0,4,8,2184616.11112,34734.983586
2024-09-03 21:00:00,schloemer,L27,48,49,24.565581559799433,0.0,0.0,0.0,4,8,2184616.11112,34734.983586
2024-09-03 21:00:00,schloemer,L28,48,50,24.197236501550087,0.0,0.0,0.0,4,8,2184616.11112,34734.983586
2024-09-03 21:00:00,schloemer,L29,48,53,24.659993756791135,0.0,0.0,0.0,4,8,2184616.11112,34734.983586
2024-09-03 21:00:00,schloemer,L30,48,53,24.659993756791135,0.0,0.0,0.0,4,8,2184616.11112,34734.983586
2024-09-03 21:00:00,schloemer,L31,48,65,25.819790452595804,0.0,0.0,0.0,4,8,2184616.11112,34734.983586
2024-09-03 21:00:00,schloemer,L32,48,65,25.819790452595804,0.0,0.0,0.0,4,8,2184616.11112,34734.983586
2024-09-03 21:00:00,schloemer,L33,48,68,24.880310053233085,0.0,0.0,0.0,4,8,2184616.11112,34734.983586
2024-09-03 21:00:00,schloemer,L34,49,56,23.79132060051286,0.0,0.0,0.0,4,8,2184616.11112,34734.983586
2024-09-03 21:00:00,schloemer,L35,50,51,22.86273772828875,0.0,0.0,0.0,4,8,2184616.11112,34734.983586
2024-09-03 21:00:00,schloemer,L36,50,57,23.156873001670405,0.0,0.0,0.0,4,8,2184616.11112,34734.983586
2024-09-03 21:00:00,schloemer,L37,51,52,22.587145933196357,0.0,0.0,0.0,4,8,2184616.11112,34734.983586
2024-09-03 21:00:00,schloemer,L38,52,53,23.49039011853302,0.0,0.0,0.0,4,8,2184616.11112,34734.983586
2024-09-03 21:00:00,schloemer,L39,53,54,24.10577683839698,0.0,0.0,0.0,4,8,2184616.11112,34734.983586
2024-09-03 21:00:00,schloemer,L40,53,55,23.96163997985249,0.0,0.0,0.0,4,8,2184616.11112,34734.983586
2024-09-03 21:00:00,schloemer,L41,53,58,24.529094646171238,0.0,0.0,0.0,4,8,2184616.11112,34734.983586
2024-09-03 21:00:00,schloemer,L42,54,55,23.847120336979604,0.0,0.0,0.0,4,8,2184616.11112,34734.983586
2024-09-03 21:00:00,schloemer,L43,54,58,24.4005415128812,0.0,0.0,0.0,4,8,2184616.11112,34734.983586
2024-09-03 21:00:00,schloemer,L44,55,56,23.607771384267583,0.0,0.0,0.0,4,8,2184616.11112,34734.983586
2024-09-03 21:00:00,schloemer,L45,55,57,23.31539676108239,0.0,0.0,0.0,4,8,2184616.11112,34734.983586
2024-09-03 21:00:00,schloemer,L46,55,58,24.26091048792802,0.0,0.0,0.0,4,8,2184616.11112,34734.983586
2024-09-03 21:00:00,schloemer,L47,55,58,24.26091048792802,0.0,0.0,0.0,4,8,2184616.11112,34734.983586
2024-09-03 21:00:00,schloemer,L48,58,59,25.29359680613949,0.0,0.0,0.0,4,8,2184616.11112,34734.983586
2024-09-03 21:00:00,schloemer,L49,58,60,25.482799698678654,0.0,0.0,0.0,4,8,2184616.11112,34734.983586
2024-09-03 21:00:00,schloemer,L50,59,60,25.964246890988356,0.0,0.0,0.0,4,8,2184616.11112,34734.983586
2024-09-03 21:00:00,schloemer,L51,59,61,26.190327590616842,0.0,0.0,0.0,4,8,2184616.11112,34734.983586
2024-09-03 21:00:00,schloemer,L52,60,61,26.39176800076054,0.0,0.0,0.0,4,8,2184616.11112,34734.983586
2024-09-03 21:00:00,schloemer,L53,61,65,26.62593594831305,0.0,0.0,0.0,4,8,2184616.11112,34734.983586
2024-09-03 21:00:00,schloemer,L54,61,66,26.990849851847965,0.0,0.0,0.0,4,8,2184616.11112,34734.983586
2024-09-03 21:00:00,schloemer,L55,62,58,25.31186836558884,0.0,0.0,0.0,13,30,2185148.89802,34751.629934
2024-09-03 21:00:00,schloemer,L56,62,63,26.35982565139436,0.0,0.0,0.0,4,8,2184616.11112,34734.983586
2024-09-03 21:00:00,schloemer,L57,63,60,26.549453414198286,0.0,0.0,0.0,20,47,2185512.78098,34763.759366
2024-09-03 21:00:00,schloemer,L58,63,64,27.428427882620927,0.0,0.0,0.0,4,8,2184616.11112,34734.983586
2024-09-03 21:00:00,schloemer,L59,64,65,27.238271104232574,0.0,0.0,0.0,20,48,2185545.98792,34764.866264
2024-09-03 21:00:00,schloemer,L60,64,67,27.374219986936414,0.0,0.0,0.0,38,93,2186503.81292,34796.793764
2024-09-03 21:00:00,schloemer,L61,65,66,26.988786722638817,0.0,0.0,0.0,4,8,2184616.11112,34734.983586
2024-09-03 21:00:00,schloemer,L62,67,68,25.635375645951527,0.0,0.0,0.0,28,68,2185978.45538,34779.281846
2024-09-03 21:00:00,schloemer,L63,68,69,23.541160124742852,0.0,0.0,0.0,4,8,2184616.11112,34734.983586
2024-09-03 21:00:00,schloemer,L64,68,74,24.15003812266436,0.0,0.0,0.0,4,8,2184616.11112,34734.983586
2024-09-03 21:00:00,schloemer,L65,68,76,24.80872372582373,0.0,0.0,0.0,4,8,2184616.11112,34734.983586
2024-09-03 21:00:00,schloemer,L66,69,70,21.92239658268789,0.0,0.0,0.0,4,8,2184616.11112,34734.983586
2024-09-03 21:00:00,schloemer,L67,69,73,22.642390264391437,0.0,0.0,0.0,4,8,2184616.11112,34734.983586
2024-09-03 21:00:00,schloemer,L68,69,74,23.113676572791082,0.0,0.0,0.0,4,8,2184616.11112,34734.983586
2024-09-03 21:00:00,schloemer,L69,70,71,20.963007231584534,0.0,0.0,0.0,4,8,2184616.11112,34734.983586
2024-09-03 21:00:00,schloemer,L70,70,72,20.94957552968784,0.0,0.0,0.0,4,8,2184616.11112,34734.983586
2024-09-03 21:00:00,schloemer,L71,73,74,23.200250324254267,0.0,0.0,0.0,4,8,2184616.11112,34734.983586
2024-09-03 21:00:00,schloemer,L72,74,76,24.312899380634047,0.0,0.0,0.0,4,8,2184616.11112,34734.983586
2024-09-03 21:00:00,schloemer,L73,74,117,23.49738743311331,0.0,0.0,0.0,4,8,2184616.11112,34734.983586
2024-09-03 21:00:00,schloemer,L74,75,76,24.398354173979588,0.0,0.0,0.0,4,8,2184616.11112,34734.983586
2024-09-03 21:00:00,schloemer,L75,75,117,23.577202137661804,0.0,0.0,0.0,4,8,2184616.11112,34734.983586
2024-09-03 21:00:00,schloemer,L76,76,77,24.82015412024882,0.0,0.0,0.0,4,8,2184616.11112,34734.983586
2024-09-03 21:00:00,schloemer,L77,76,79,25.68700314089069,0.0,0.0,0.0,4,8,2184616.11112,34734.983586
2024-09-03 21:00:00,schloemer,L78,76,79,25.68700314089069,0.0,0.0,0.0,4,8,2184616.11112,34734.983586
2024-09-03 21:00:00,schloemer,L79,76,81,25.34055689707597,0.0,0.0,0.0,4,8,2184616.11112,34734.983586
2024-09-03 21:00:00,schloemer,L80,77,78,24.935963268767622,0.0,0.0,0.0,4,8,2184616.11112,34734.983586
2024-09-03 21:00:00,schloemer,L81,78,79,25.808997164299353,0.0,0.0,0.0,4,8,2184616.11112,34734.983586
2024-09-03 21:00:00,schloemer,L82,79,95,26.779810812190608,0.0,0.0,0.0,4,8,2184616.11112,34734.983586
2024-09-03 21:00:00,schloemer,L83,79,96,26.62227298260003,0.0,0.0,0.0,4,8,2184616.11112,34734.983586
2024-09-03 21:00:00,schloemer,L84,79,97,26.322978264165677,0.0,0.0,0.0,4,8,2184616.11112,34734.983586
2024-09-03 21:00:00,schloemer,L85,79,98,27.08985311503262,0.0,0.0,0.0,4,8,2184616.11112,34734.983586
2024-09-03 21:00:00,schloemer,L86,80,67,26.864061296032645,0.0,0.0,0.0,30,72,2186055.70436,34781.856812
2024-09-03 21:00:00,schloemer,L87,80,79,26.698707606379788,0.0,0.0,0.0,28,69,2185981.58126,34779.386042
2024-09-03 21:00:00,schloemer,L88,81,82,25.47837939473384,0.0,0.0,0.0,4,8,2184616.11112,34734.983586
2024-09-03 21:00:00,schloemer,L89,81,95,26.38537959488493,0.0,0.0,0.0,4,8,2184616.11112,34734.983586
2024-09-03 21:00:00,schloemer,L90,93,95,27.626942558247414,0.0,0.0,0.0,4,8,2184616.11112,34734.983586
2024-09-03 21:00:00,schloemer,L91,95,96,26.93664027107851,0.0,0.0,0.0,4,8,2184616.11112,34734.983586
2024-09-03 21:00:00,schloemer,L92,115,67,26.965958460303238,0.0,0.0,0.0,13,29,2185126.88168,34750.896056
2024-09-03 22:00:00,schloemer,L0,22,23,20.211957953312428,0.0,0.0,0.0,4,8,2184616.11112,34734.983586
2024-09-03 22:00:00,schloemer,L1,23,69,21.354663540313016,0.0,0.0,0.0,4,8,2184616.11112,34734.983586
2024-09-03 22:00:00,schloemer,L2,23,71,20.45188248754045,0.0,0.0,0.0,4,8,2184616.11112,34734.983586
2024-09-03 22:00:00,schloemer,L3,29,37,30.559707198990857,0.0,0.0,0.0,4,8,2184616.11112,34734.983586
2024-09-03 22:00:00,schloemer,L4,32,36,36.990492237706654,0.0,0.0,0.0,4,8,2184616.11112,34734.983586
2024-09-03 22:00:00,schloemer,L5,33,36,35.15598945594816,0.0,0.0,0.0,4,8,2184616.11112,34734.983586
2024-09-03 22:00:00,schloemer,L6,33,42,29.541110072381255,0.0,0.0,0.0,4,8,2184616.11112,34734.983586
2024-09-03 22:00:00,schloemer,L7,34,36,37.2335746122204,0.0,0.0,0.0,4,8,2184616.11112,34734.983586
2024-09-03 22:00:00,schloemer,L8,36,38,35.96220983259957,0.0,0.0,0.0,4,8,2184616.11112,34734.983586
2024-09-03 22:00:00,schloemer,L9,36,39,34.79930282458651,0.0,0.0,0.0,4,8,2184616.11112,34734.983586
2024-09-03 22:00:00,schloemer,L10,37,36,34.74171748430496,0.0,0.0,0.0,20,48,2185542.33716,34764.744572
2024-09-03 22:00:00,schloemer,L11,37,64,28.432668511937372,0.0,0.0,0.0,4,8,2184616.11112,34734.983586
2024-09-03 22:00:00,schloemer,L12,38,39,34.79278624409733,0.0,0.0,0.0,4,8,2184616.11112,34734.983586
2024-09-03 22:00:00,schloemer,L13,39,40,29.34816123275639,0.0,0.0,0.0,4,8,2184616.11112,34734.983586
2024-09-03 22:00:00,schloemer,L14,39,41,28.498012744217466,0.0,0.0,0.0,4,8,2184616.11112,34734.983586
2024-09-03 22:00:00,schloemer,L15,40,41,27.985433278543308,0.0,0.0,0.0,4,8,2184616.11112,34734.983586
2024-09-03 22:00:00,schloemer,L16,41,48,25.766371240514783,0.0,0.0,0.0,4,8,2184616.11112,34734.983586
2024-09-03 22:00:00,schloemer,L17,41,48,25.766371240514783,0.0,0.0,0.0,4,8,2184616.11112,34734.983586
2024-09-03 22:00:00,schloemer,L18,42,43,27.655448042452925,0.0,0.0,0.0,4,8,2184616.11112,34734.983586
2024-09-03 22:00:00,schloemer,L19,43,44,25.94604548610873,0.0,0.0,0.0,4,8,2184616.11112,34734.983586
2024-09-03 22:00:00,schloemer,L20,44,45,24.59426124643167,0.0,0.0,0.0,4,8,2184616.11112,34734.983586
2024-09-03 22:00:00,schloemer,L21,44,48,24.82071052030304,0.0,0.0,0.0,4,8,2184616.11112,34734.983586
2024-09-03 22:00:00,schloemer,L22,45,46,24.041105685193976,0.0,0.0,0.0,4,8,2184616.11112,34734.983586
2024-09-03 22:00:00,schloemer,L23,45,47,23.756678036737103,0.0,0.0,0.0,4,8,2184616.11112,34734.983586
2024-09-03 22:00:00,schloemer,L24,46,48,24.268462616924616,0.0,0.0,0.0,4,8,2184616.11112,34734.983586
2024-09-03 22:00:00,schloemer,L25,46,68,24.047367337410908,0.0,0.0,0.0,4,8,2184616.11112,34734.983586
2024-09-03 22:00:00,schloemer,L26,47,48,23.968081589745772,0.0,0.0,0.0,4,8,2184616.11112,34734.983586
2024-09-03 22:00:00,schloemer,L27,48,49,23.99864553457724,0.0,0.0,0.0,4,8,2184616.11112,34734.983586
2024-09-03 22:00:00,schloemer,L28,48,50,23.648132119607276,0.0,0.0,0.0,4,8,2184616.11112,34734.983586
2024-09-03 22:00:00,schloemer,L29,48,53,24.091096063677067,0.0,0.0,0.0,4,8,2184616.11112,34734.983586
2024-09-03 22:00:00,schloemer,L30,48,53,24.091096063677067,0.0,0.0,0.0,4,8,2184616.11112,34734.983586
2024-09-03 22:00:00,schloemer,L31,48,65,25.19223079025932,0.0,0.0,0.0,4,8,2184616.11112,34734.983586
2024-09-03 22:00:00,schloemer,L32,48,65,25.19223079025932,0.0,0.0,0.0,4,8,2184616.11112,34734.983586
2024-09-03 22:00:00,schloemer,L33,48,68,24.29317100128178,0.0,0.0,0.0,4,8,2184616.11112,34734.983586
2024-09-03 22:00:00,schloemer,L34,49,56,23.26523598783181,0.0,0.0,0.0,4,8,2184616.11112,34734.983586
2024-09-03 22:00:00,schloemer,L35,50,51,22.37858426557756,0.0,0.0,0.0,4,8,2184616.11112,34734.983586
2024-09-03 22:00:00,schloemer,L36,50,57,22.660316604878993,0.0,0.0,0.0,4,8,2184616.11112,34734.983586
2024-09-03 22:00:00,schloemer,L37,51,52,22.118610241347703,0.0,0.0,0.0,4,8,2184616.11112,34734.983586
2024-09-03 22:00:00,schloemer,L38,52,53,22.98282018113942,0.0,0.0,0.0,4,8,2184616.11112,34734.983586
2024-09-03 22:00:00,schloemer,L39,53,54,23.572492439376354,0.0,0.0,0.0,4,8,2184616.11112,34734.983586
2024-09-03 22:00:00,schloemer,L40,53,55,23.433379765557902,0.0,0.0,0.0,4,8,2184616.11112,34734.983586
2024-09-03 22:00:00,schloemer,L41,53,58,23.976282516543137,0.0,0.0,0.0,4,8,2184616.11112,34734.983586
2024-09-03 22:00:00,schloemer,L42,54,55,23.327949496594236,0.0,0.0,0.0,4,8,2184616.11112,34734.983586
2024-09-03 22:00:00,schloemer,L43,54,58,23.8580645293017,0.0,0.0,0.0,4,8,2184616.11112,34734.983586
2024-09-03 22:00:00,schloemer,L44,55,56,23.09510751364289,0.0,0.0,0.0,4,8,2184616.11112,34734.983586
2024-09-03 22:00:00,schloemer,L45,55,57,22.81631661745568,0.0,0.0,0.0,4,8,2184616.11112,34734.983586
2024-09-03 22:00:00,schloemer,L46,55,58,23.72298943731559,0.0,0.0,0.0,4,8,2184616.11112,34734.983586
2024-09-03 22:00:00,schloemer,L47,55,58,23.72298943731559,0.0,0.0,0.0,4,8,2184616.11112,34734.983586
2024-09-03 22:00:00,schloemer,L48,58,59,24.712553566920942,0.0,0.0,0.0,4,8,2184616.11112,34734.983586
2024-09-03 22:00:00,schloemer,L49,58,60,24.89059678474644,0.0,0.0,0.0,4,8,2184616.11112,34734.983586
2024-09-03 22:00:00,schloemer,L50,59,60,25.352238286574817,0.0,0.0,0.0,4,8,2184616.11112,34734.983586
2024-09-03 22:00:00,schloemer,L51,59,61,25.564834047957973,0.0,0.0,0.0,4,8,2184616.11112,34734.983586
2024-09-03 22:00:00,schloemer,L52,60,61,25.753972423735735,0.0,0.0,0.0,4,8,2184616.11112,34734.983586
2024-09-03 22:00:00,schloemer,L53,61,65,25.96726269076264,0.0,0.0,0.0,4,8,2184616.11112,34734.983586
2024-09-03 22:00:00,schloemer,L54,61,66,26.318525853498763,0.0,0.0,0.0,4,8,2184616.11112,34734.983586
2024-09-03 22:00:00,schloemer,L55,62,58,24.726620028933283,0.0,0.0,0.0,13,30,2185148.89802,34751.629934
2024-09-03 22:00:00,schloemer,L56,62,63,25.719110238300516,0.0,0.0,0.0,4,8,2184616.11112,34734.983586
2024-09-03 22:00:00,schloemer,L57,63,60,25.900465291868308,0.0,0.0,0.0,20,47,2185512.78098,34763.759366
2024-09-03 22:00:00,schloemer,L58,63,64,26.721799840410803,0.0,0.0,0.0,4,8,2184616.11112,34734.983586
2024-09-03 22:00:00,schloemer,L59,64,65,26.538976835312535,0.0,0.0,0.0,20,48,2185545.98792,34764.866264
2024-09-03 22:00:00,schloemer,L60,64,67,26.660047853465667,0.0,0.0,0.0,38,93,2186503.81292,34796.793764
2024-09-03 22:00:00,schloemer,L61,65,66,26.309812527553923,0.0,0.0,0.0,4,8,2184616.11112,34734.983586
2024-09-03 22:00:00,schloemer,L62,67,68,25.0104193222639,0.0,0.0,0.0,28,68,2185978.45538,34779.281846
2024-09-03 22:00:00,schloemer,L63,68,69,23.01844409884908,0.0,0.0,0.0,4,8,2184616.11112,34734.983586
2024-09-03 22:00:00,schloemer,L64,68,74,23.599031467534992,0.0,0.0,0.0,4,8,2184616.11112,34734.983586
2024-09-03 22:00:00,schloemer,L65,68,76,24.227121078293983,0.0,0.0,0.0,4,8,2184616.11112,34734.983586
2024-09-03 22:00:00,schloemer,L66,69,70,21.47398609353742,0.0,0.0,0.0,4,8,2184616.11112,34734.983586
2024-09-03 22:00:00,schloemer,L67,69,73,22.162035438332023,0.0,0.0,0.0,4,8,2184616.11112,34734.983586
2024-09-03 22:00:00,schloemer,L68,69,74,22.61193820517657,0.0,0.0,0.0,4,8,2184616.11112,34734.983586
2024-09-03 22:00:00,schloemer,L69,70,71,20.55585567464003,0.0,0.0,0.0,4,8,2184616.11112,34734.983586
2024-09-03 22:00:00,schloemer,L70,70,72,20.544124641594408,0.0,0.0,0.0,4,8,2184616.11112,34734.983586
2024-09-03 22:00:00,schloemer,L71,73,74,22.69523283714839,0.0,0.0,0.0,4,8,2184616.11112,34734.983586
2024-09-03 22:00:00,schloemer,L72,74,76,23.75732648134969,0.0,0.0,0.0,4,8,2184616.11112,34734.983586
2024-09-03 22:00:00,schloemer,L73,74,117,22.97989941180414,0.0,0.0,0.0,4,8,2184616.11112,34734.983586
2024-09-03 22:00:00,schloemer,L74,75,76,23.84160228061803,0.0,0.0,0.0,4,8,2184616.11112,34734.983586
2024-09-03 22:00:00,schloemer,L75,75,117,23.058646003067615,0.0,0.0,0.0,4,8,2184616.11112,34734.983586
2024-09-03 22:00:00,schloemer,L76,76,77,24.244967809681025,0.0,0.0,0.0,4,8,2184616.11112,34734.983586
2024-09-03 22:00:00,schloemer,L77,76,79,25.069557288663567,0.0,0.0,0.0,4,8,2184616.11112,34734.983586
2024-09-03 22:00:00,schloemer,L78,76,79,25.069557288663567,0.0,0.0,0.0,4,8,2184616.11112,34734.983586
2024-09-03 22:00:00,schloemer,L79,76,81,24.741688833365185,0.0,0.0,0.0,4,8,2184616.11112,34734.983586
2024-09-03 22:00:00,schloemer,L80,77,78,24.360398414035703,0.0,0.0,0.0,4,8,2184616.11112,34734.983586
2024-09-03 22:00:00,schloemer,L81,78,79,25.19130054195235,0.0,0.0,0.0,4,8,2184616.11112,34734.983586
2024-09-03 22:00:00,schloemer,L82,79,95,26.115532895869,0.0,0.0,0.0,4,8,2184616.11112,34734.983586
2024-09-03 22:00:00,schloemer,L83,79,96,25.966935611129358,0.0,0.0,0.0,4,8,2184616.11112,34734.983586
2024-09-03 22:00:00,schloemer,L84,79,97,25.682166006740943,0.0,0.0,0.0,4,8,2184616.11112,34734.983586
2024-09-03 22:00:00,schloemer,L85,79,98,26.407273367745642,0.0,0.0,0.0,4,8,2184616.11112,34734.983586
2024-09-03 22:00:00,schloemer,L86,80,67,26.176687522993177,0.0,0.0,0.0,30,72,2186055.70436,34781.856812
2024-09-03 22:00:00,schloemer,L87,80,79,26.027827210856902,0.0,0.0,0.0,28,69,2185981.58126,34779.386042
2024-09-03 22:00:00,schloemer,L88,81,82,24.883593659621557,0.0,0.0,0.0,4,8,2184616.11112,34734.983586
2024-09-03 22:00:00,schloemer,L89,81,95,25.74317749030588,0.0,0.0,0.0,4,8,2184616.11112,34734.983586
2024-09-03 22:00:00,schloemer,L90,93,95,26.929459255673514,0.0,0.0,0.0,4,8,2184616.11112,34734.983586
2024-09-03 22:00:00,schloemer,L91,95,96,26.27050855233964,0.0,0.0,0.0,4,8,2184616.11112,34734.983586
2024-09-03 22:00:00,schloemer,L92,115,67,26.27228118455225,0.0,0.0,0.0,13,29,2185126.88168,34750.896056
2024-09-03 23:00:00,schloemer,L0,22,23,19.82618178414063,0.0,0.0,0.0,4,8,2184616.11112,34734.983586
2024-09-03 23:00:00,schloemer,L1,23,69,20.92181617770856,0.0,0.0,0.0,4,8,2184616.11112,34734.983586
2024-09-03 23:00:00,schloemer,L2,23,71,20.057067117622903,0.0,0.0,0.0,4,8,2184616.11112,34734.983586
2024-09-03 23:00:00,schloemer,L3,29,37,29.67070913191342,0.0,0.0,0.0,4,8,2184616.11112,34734.983586
2024-09-03 23:00:00,schloemer,L4,32,36,35.818619214801664,0.0,0.0,0.0,4,8,2184616.11112,34734.983586
2024-09-03 23:00:00,schloemer,L5,33,36,30.264498479719137,0.0,0.0,0.0,4,8,2184616.11112,34734.983586
2024-09-03 23:00:00,schloemer,L6,33,42,28.70280443898348,0.0,0.0,0.0,4,8,2184616.11112,34734.983586
2024-09-03 23:00:00,schloemer,L7,34,36,36.05050342483923,0.0,0.0,0.0,4,8,2184616.11112,34734.983586
2024-09-03 23:00:00,schloemer,L8,36,38,34.853946096501716,0.0,0.0,0.0,4,8,2184616.11112,34734.983586
2024-09-03 23:00:00,schloemer,L9,36,39,29.964105092940255,0.0,0.0,0.0,4,8,2184616.11112,34734.983586
2024-09-03 23:00:00,schloemer,L10,37,36,29.920897595799808,0.0,0.0,0.0,20,48,2185542.33716,34764.744572
2024-09-03 23:00:00,schloemer,L11,37,64,27.658312350702136,0.0,0.0,0.0,4,8,2184616.11112,34734.983586
2024-09-03 23:00:00,schloemer,L12,38,39,29.95669835223284,0.0,0.0,0.0,4,8,2184616.11112,34734.983586
2024-09-03 23:00:00,schloemer,L13,39,40,28.515906723249977,0.0,0.0,0.0,4,8,2184616.11112,34734.983586
2024-09-03 23:00:00,schloemer,L14,39,41,27.71458872197311,0.0,0.0,0.0,4,8,2184616.11112,34734.983586
2024-09-03 23:00:00,schloemer,L15,40,41,27.22981189301891,0.0,0.0,0.0,4,8,2184616.11112,34734.983586
2024-09-03 23:00:00,schloemer,L16,41,48,25.129097187915423,0.0,0.0,0.0,4,8,2184616.11112,34734.983586
2024-09-03 23:00:00,schloemer,L17,41,48,25.129097187915423,0.0,0.0,0.0,4,8,2184616.11112,34734.983586
2024-09-03 23:00:00,schloemer,L18,42,43,26.920941410692485,0.0,0.0,0.0,4,8,2184616.11112,34734.983586
2024-09-03 23:00:00,schloemer,L19,43,44,25.299851162702932,0.0,0.0,0.0,4,8,2184616.11112,34734.983586
2024-09-03 23:00:00,schloemer,L20,44,45,24.01414262976905,0.0,0.0,0.0,4,8,2184616.11112,34734.983586
2024-09-03 23:00:00,schloemer,L21,44,48,24.230568716090037,0.0,0.0,0.0,4,8,2184616.11112,34734.983586
2024-09-03 23:00:00,schloemer,L22,45,46,23.486473478877254,0.0,0.0,0.0,4,8,2184616.11112,34734.983586
2024-09-03 23:00:00,schloemer,L23,45,47,23.216458670833322,0.0,0.0,0.0,4,8,2184616.11112,34734.983586
2024-09-03 23:00:00,schloemer,L24,46,48,23.703630449945788,0.0,0.0,0.0,4,8,2184616.11112,34734.983586
2024-09-03 23:00:00,schloemer,L25,46,68,23.491636789799045,0.0,0.0,0.0,4,8,2184616.11112,34734.983586
2024-09-03 23:00:00,schloemer,L26,47,48,23.41881756789057,0.0,0.0,0.0,4,8,2184616.11112,34734.983586
2024-09-03 23:00:00,schloemer,L27,48,49,23.450049446119827,0.0,0.0,0.0,4,8,2184616.11112,34734.983586
2024-09-03 23:00:00,schloemer,L28,48,50,23.11620116049562,0.0,0.0,0.0,4,8,2184616.11112,34734.983586
2024-09-03 23:00:00,schloemer,L29,48,53,23.54046332208267,0.0,0.0,0.0,4,8,2184616.11112,34734.983586
2024-09-03 23:00:00,schloemer,L30,48,53,23.54046332208267,0.0,0.0,0.0,4,8,2184616.11112,34734.983586
2024-09-03 23:00:00,schloemer,L31,48,65,24.586963895947488,0.0,0.0,0.0,4,8,2184616.11112,34734.983586
2024-09-03 23:00:00,schloemer,L32,48,65,24.586963895947488,0.0,0.0,0.0,4,8,2184616.11112,34734.983586
2024-09-03 23:00:00,schloemer,L33,48,68,23.72608312580751,0.0,0.0,0.0,4,8,2184616.11112,34734.983586
2024-09-03 23:00:00,schloemer,L34,49,56,22.754575115219858,0.0,0.0,0.0,4,8,2184616.11112,34734.983586
2024-09-03 23:00:00,schloemer,L35,50,51,21.907352759330028,0.0,0.0,0.0,4,8,2184616.11112,34734.983586
2024-09-03 23:00:00,schloemer,L36,50,57,22.17735689083273,0.0,0.0,0.0,4,8,2184616.11112,34734.983586
2024-09-03 23:00:00,schloemer,L37,51,52,21.661838710641554,0.0,0.0,0.0,4,8,2184616.11112,34734.983586
2024-09-03 23:00:00,schloemer,L38,52,53,22.489193770514518,0.0,0.0,0.0,4,8,2184616.11112,34734.983586
2024-09-03 23:00:00,schloemer,L39,53,54,23.05450130417963,0.0,0.0,0.0,4,8,2184616.11112,34734.983586
2024-09-03 23:00:00,schloemer,L40,53,55,22.92023639170236,0.0,0.0,0.0,4,8,2184616.11112,34734.983586
2024-09-03 23:00:00,schloemer,L41,53,58,23.439939193067254,0.0,0.0,0.0,4,8,2184616.11112,34734.983586
2024-09-03 23:00:00,schloemer,L42,54,55,22.823053556794992,0.0,0.0,0.0,4,8,2184616.11112,34734.983586
2024-09-03 23:00:00,schloemer,L43,54,58,23.331082857213584,0.0,0.0,0.0,4,8,2184616.11112,34734.983586
2024-09-03 23:00:00,schloemer,L44,55,56,22.596671838732423,0.0,0.0,0.0,4,8,2184616.11112,34734.983586
2024-09-03 23:00:00,schloemer,L45,55,57,22.330634333173954,0.0,0.0,0.0,4,8,2184616.11112,34734.983586
2024-09-03 23:00:00,schloemer,L46,55,58,23.20044148662059,0.0,0.0,0.0,4,8,2184616.11112,34734.983586
2024-09-03 23:00:00,schloemer,L47,55,58,23.20044148662059,0.0,0.0,0.0,4,8,2184616.11112,34734.983586
2024-09-03 23:00:00,schloemer,L48,58,59,24.149074215598326,0.0,0.0,0.0,4,8,2184616.11112,34734.983586
2024-09-03 23:00:00,schloemer,L49,58,60,24.31682387656276,0.0,0.0,0.0,4,8,2184616.11112,34734.983586
2024-09-03 23:00:00,schloemer,L50,59,60,24.759609521199224,0.0,0.0,0.0,4,8,2184616.11112,34734.983586
2024-09-03 23:00:00,schloemer,L51,59,61,24.9597816874449,0.0,0.0,0.0,4,8,2184616.11112,34734.983586
2024-09-03 23:00:00,schloemer,L52,60,61,25.137611874910867,0.0,0.0,0.0,4,8,2184616.11112,34734.983586
2024-09-03 23:00:00,schloemer,L53,61,65,25.332192608380964,0.0,0.0,0.0,4,8,2184616.11112,34734.983586
2024-09-03 23:00:00,schloemer,L54,61,66,25.670303336214612,0.0,0.0,0.0,4,8,2184616.11112,34734.983586
2024-09-03 23:00:00,schloemer,L55,62,58,24.159470734010092,0.0,0.0,0.0,13,30,2185148.89802,34751.629934
2024-09-03 23:00:00,schloemer,L56,62,63,25.10040686728461,0.0,0.0,0.0,4,8,2184616.11112,34734.983586
2024-09-03 23:00:00,schloemer,L57,63,60,25.273931391767405,0.0,0.0,0.0,20,47,2185512.78098,34763.759366
2024-09-03 23:00:00,schloemer,L58,63,64,26.042672861438724,0.0,0.0,0.0,4,8,2184616.11112,34734.983586
2024-09-03 23:00:00,schloemer,L59,64,65,25.86689150517149,0.0,0.0,0.0,20,48,2185545.98792,34764.866264
2024-09-03 23:00:00,schloemer,L60,64,67,25.9748231981998,0.0,0.0,0.0,38,93,2186503.81292,34796.793764
2024-09-03 23:00:00,schloemer,L61,65,66,25.655981832081586,0.0,0.0,0.0,4,8,2184616.11112,34734.983586
2024-09-03 23:00:00,schloemer,L62,67,68,24.408101757502855,0.0,0.0,0.0,28,68,2185978.45538,34779.281846
2024-09-03 23:00:00,schloemer,L63,68,69,22.51153928060008,0.0,0.0,0.0,4,8,2184616.11112,34734.983586
2024-09-03 23:00:00,schloemer,L64,68,74,23.065609657568533,0.0,0.0,0.0,4,8,2184616.11112,34734.983586
2024-09-03 23:00:00,schloemer,L65,68,76,23.665010181369052,0.0,0.0,0.0,4,8,2184616.11112,34734.983586
2024-09-03 23:00:00,schloemer,L66,69,70,21.036789042197544,0.0,0.0,0.0,4,8,2184616.11112,34734.983586
2024-09-03 23:00:00,schloemer,L67,69,73,21.69478430385197,0.0,0.0,0.0,4,8,2184616.11112,34734.983586
2024-09-03 23:00:00,schloemer,L68,69,74,22.124604847906948,0.0,0.0,0.0,4,8,2184616.11112,34734.983586
2024-09-03 23:00:00,schloemer,L69,70,71,20.15757289317674,0.0,0.0,0.0,4,8,2184616.11112,34734.983586
2024-09-03 23:00:00,schloemer,L70,70,72,20.14736770868708,0.0,0.0,0.0,4,8,2184616.11112,34734.983586
2024-09-03 23:00:00,schloemer,L71,73,74,22.204767655572695,0.0,0.0,0.0,4,8,2184616.11112,34734.983586
2024-09-03 23:00:00,schloemer,L72,74,76,23.21936847883231,0.0,0.0,0.0,4,8,2184616.11112,34734.983586
2024-09-03 23:00:00,schloemer,L73,74,117,22.47763775258728,0.0,0.0,0.0,4,8,2184616.11112,34734.983586
2024-09-03 23:00:00,schloemer,L74,75,76,23.302303267165676,0.0,0.0,0.0,4,8,2184616.11112,34734.983586
2024-09-03 23:00:00,schloemer,L75,75,117,22.55517339894764,0.0,0.0,0.0,4,8,2184616.11112,34734.983586
2024-09-03 23:00:00,schloemer,L76,76,77,23.688270749357535,0.0,0.0,0.0,4,8,2184616.11112,34734.983586
2024-09-03 23:00:00,schloemer,L77,76,79,24.47336139431685,0.0,0.0,0.0,4,8,2184616.11112,34734.983586
2024-09-03 23:00:00,schloemer,L78,76,79,24.47336139431685,0.0,0.0,0.0,4,8,2184616.11112,34734.983586
2024-09-03 23:00:00,schloemer,L79,76,81,24.162714969114433,0.0,0.0,0.0,4,8,2184616.11112,34734.983586
2024-09-03 23:00:00,schloemer,L80,77,78,23.80291475630054,0.0,0.0,0.0,4,8,2184616.11112,34734.983586
2024-09-03 23:00:00,schloemer,L81,78,79,24.594372632979336,0.0,0.0,0.0,4,8,2184616.11112,34734.983586
2024-09-03 23:00:00,schloemer,L82,79,95,25.474941516059125,0.0,0.0,0.0,4,8,2184616.11112,34734.983586
2024-09-03 23:00:00,schloemer,L83,79,96,25.334599138165228,0.0,0.0,0.0,4,8,2184616.11112,34734.983586
2024-09-03 23:00:00,schloemer,L84,79,97,25.06343407031732,0.0,0.0,0.0,4,8,2184616.11112,34734.983586
2024-09-03 23:00:00,schloemer,L85,79,98,25.74984521410222,0.0,0.0,0.0,4,8,2184616.11112,34734.983586
2024-09-03 23:00:00,schloemer,L86,80,67,25.516295007953257,0.0,0.0,0.0,30,72,2186055.70436,34781.856812
2024-09-03 23:00:00,schloemer,L87,80,79,25.382044330430194,0.0,0.0,0.0,28,69,2185981.58126,34779.386042
2024-09-03 23:00:00,schloemer,L88,81,82,24.307524053682844,0.0,0.0,0.0,4,8,2184616.11112,34734.983586
2024-09-03 23:00:00,schloemer,L89,81,95,25.122995402582593,0.0,0.0,0.0,4,8,2184616.11112,34734.983586
2024-09-03 23:00:00,schloemer,L90,93,95,26.256979077758785,0.0,0.0,0.0,4,8,2184616.11112,34734.983586
2024-09-03 23:00:00,schloemer,L91,95,96,25.627641597708294,0.0,0.0,0.0,4,8,2184616.11112,34734.983586
2024-09-03 23:00:00,schloemer,L92,115,67,25.60613256526894,0.0,0.0,0.0,13,29,2185126.88168,34750.896056
