timestamp,line_id,from_bus,to_bus,flow_mw,limit_mw,loading,overload_flag,selected_strategy
2024-09-02 00:00:00,L0,0,1,0.02687719870654634,0.45718064999999997,0.05878901197272094,0,Robust_UC
2024-09-02 00:00:00,L1,0,2,0.10322771389800846,0.46512495,0.22193544744913912,0,Robust_UC
2024-09-02 00:00:00,L2,1,11,0.16420135597652197,0.4639608,0.3539121321812575,0,Robust_UC
2024-09-02 00:00:00,L3,2,4,0.10770103038292429,0.47935529999999993,0.22467891850350732,0,Robust_UC
2024-09-02 00:00:00,L4,2,11,0.08785084078505982,0.47404710000000005,0.18532091175130028,0,Robust_UC
2024-09-02 00:00:00,L5,3,4,-0.030835265722022,0.48887865,0.06307345539025278,0,Robust_UC
2024-09-02 00:00:00,L6,3,10,-0.0010598216734232571,0.48115889999999994,0.002202643811479445,0,Robust_UC
2024-09-02 00:00:00,L7,4,5,0.00246552775254312,0.4736699999999999,0.0052051591879222255,0,Robust_UC
2024-09-02 00:00:00,L8,4,10,0.0297754440485987,0.4689422999999999,0.06349489915624738,0,Robust_UC
2024-09-02 00:00:00,L9,5,6,0.004789685022518739,0.47463750000000005,0.010091248631890102,0,Robust_UC
2024-09-02 00:00:00,L10,6,11,-0.027105402372926517,0.46125135000000006,0.058764928000593415,0,Robust_UC
2024-09-02 00:00:00,L11,7,4,-0.0469489501297361,0.46494315,0.10097782950396429,0,Robust_UC
2024-09-02 00:00:00,L12,7,8,-0.00464831453995124,0.47818215000000003,0.00972080312899852,0,Robust_UC
2024-09-02 00:00:00,L13,7,29,0.01970217727424208,0.4767741,0.04132392525987062,0,Robust_UC
2024-09-02 00:00:00,L14,8,9,-0.00232415726997562,0.4640742,0.0050081587599043855,0,Robust_UC
2024-09-02 00:00:00,L15,10,11,-0.04962563364646319,0.46967895,0.10565862840236548,0,Robust_UC
2024-09-02 00:00:00,L16,10,12,0.04644616862619339,0.4599243,0.10098655066973715,0,Robust_UC
2024-09-02 00:00:00,L17,11,13,0.071258985449425,0.4556205,0.15639986666408776,0,Robust_UC
2024-09-02 00:00:00,L18,11,15,0.07449124516729741,0.45897435,0.16229936415247914,0,Robust_UC
2024-09-02 00:00:00,L19,11,116,-0.0023241572699756203,0.45655065,0.00509068877675592,0,Robust_UC
2024-09-02 00:00:00,L20,12,14,0.014551081230748136,0.45675720000000003,0.03185736586253733,0,Robust_UC
2024-09-02 00:00:00,L21,13,14,0.03936389805397973,0.45888344999999997,0.08578190835598828,0,Robust_UC
2024-09-02 00:00:00,L22,14,16,0.006464519435744839,0.46249155,0.013977594694962188,0,Robust_UC
2024-09-02 00:00:00,L23,14,18,0.030404650969892193,0.4453065,0.0682780309065603,0,Robust_UC
2024-09-02 00:00:00,L24,14,32,-0.014849278516354397,0.44008605,0.03374176144950379,0,Robust_UC
2024-09-02 00:00:00,L25,15,16,0.042596157771852154,0.4610817,0.09238310210934886,0,Robust_UC
2024-09-02 00:00:00,L26,16,17,0.010807987132085868,0.45485459999999994,0.023761411079685397,0,Robust_UC
2024-09-02 00:00:00,L27,16,30,0.02643168931714518,0.4581693,0.05768978697862379,0,Robust_UC
2024-09-02 00:00:00,L28,16,112,0.010511999300222884,0.45823545,0.022940170386692875,0,Robust_UC
2024-09-02 00:00:00,L29,17,18,0.013132144402061487,0.450027,0.029180792268156102,0,Robust_UC
2024-09-02 00:00:00,L30,18,19,0.03598433944326791,0.44684235000000005,0.08053027973572315,0,Robust_UC
2024-09-02 00:00:00,L31,18,33,-0.024342631466759468,0.43447274999999996,0.05602798211570109,0,Robust_UC
2024-09-02 00:00:00,L32,19,20,0.004089252047822657,0.44889165,0.00910966387506352,0,Robust_UC
2024-09-02 00:00:00,L33,20,21,-0.0278058353476226,0.4478571,0.06208640065686711,0,Robust_UC
2024-09-02 00:00:00,L34,21,22,-0.036566587291768086,0.44536679999999995,0.08210443008272753,0,Robust_UC
2024-09-02 00:00:00,L35,22,23,-0.06115862061834927,0.44873865,0.1362900668760074,0,Robust_UC
2024-09-02 00:00:00,L36,22,24,0.0032093351119849875,0.46183050000000003,0.006949162326838499,0,Robust_UC
2024-09-02 00:00:00,L37,22,31,0.023706855484571816,0.45421199999999995,0.05219337112311392,0,Robust_UC
2024-09-02 00:00:00,L38,23,69,-0.04180169024130462,0.45931230000000006,0.09100929855635177,0,Robust_UC
2024-09-02 00:00:00,L39,23,71,-0.017032773107069035,0.4599009,0.037035746412040146,0,Robust_UC
2024-09-02 00:00:00,L40,24,26,0.02341393173451779,0.47735999999999995,0.049048792807352505,0,Robust_UC
2024-09-02 00:00:00,L41,25,24,0.017880439352557183,0.46950525,0.03808357702615079,0,Robust_UC
2024-09-02 00:00:00,L42,25,29,-0.015556282082581563,0.49041270000000003,0.0317207977741636,0,Robust_UC
2024-09-02 00:00:00,L43,26,27,-0.002268449908377236,0.4620879,0.00490913072681028,0,Robust_UC
2024-09-02 00:00:00,L44,26,31,-0.002916411361930959,0.46563795,0.006263259603155109,0,Robust_UC
2024-09-02 00:00:00,L45,26,114,-0.0032962943906192734,0.46550745000000004,0.007081077629626063,0,Robust_UC
2024-09-02 00:00:00,L46,27,28,5.570736159838264e-05,0.4483323000000001,0.00012425462452377985,0,Robust_UC
2024-09-02 00:00:00,L47,28,30,0.002379864631574001,0.45279359999999996,0.0052559590762192784,0,Robust_UC
2024-09-02 00:00:00,L48,29,16,0.030586085937301832,0.43184340000000004,0.07082679956970936,0,Robust_UC
2024-09-02 00:00:00,L49,29,37,-0.024116033475665693,0.45085634999999996,0.05348939518244712,0,Robust_UC
2024-09-02 00:00:00,L50,30,31,-0.003083533446726072,0.46224135,0.006670829960855021,0,Robust_UC
2024-09-02 00:00:00,L51,31,112,-0.012836156570198504,0.4596003,0.027928956030269136,0,Robust_UC
2024-09-02 00:00:00,L52,31,113,-0.0013520201493319671,0.4587453,0.0029472130817077952,0,Robust_UC
2024-09-02 00:00:00,L53,32,36,-0.012525121246378779,0.44337555,0.02824946311626516,0,Robust_UC
2024-09-02 00:00:00,L54,33,35,0.009343199418349674,0.4240296,0.022034309440543003,0,Robust_UC
2024-09-02 00:00:00,L55,33,36,-0.03343641926586588,0.439407,0.07609441648828053,0,Robust_UC
2024-09-02 00:00:00,L56,33,42,-0.03214449901468856,0.42826275,0.07505789148061222,0,Robust_UC
2024-09-02 00:00:00,L57,34,35,0.02255188797709558,0.41669639999999997,0.05412066909408284,0,Robust_UC
2024-09-02 00:00:00,L58,34,36,-0.020227730707119963,0.43463609999999997,0.046539463029232876,0,Robust_UC
2024-09-02 00:00:00,L59,36,38,-0.01510869033495682,0.4179312,0.03615114242477427,0,Robust_UC
2024-09-02 00:00:00,L60,36,39,-0.027893223399937994,0.42110369999999997,0.06623837168834659,0,Robust_UC
2024-09-02 00:00:00,L61,37,36,0.020863200214494115,0.42873479999999997,0.0486622504506145,0,Robust_UC
2024-09-02 00:00:00,L62,37,64,-0.04265507642018421,0.4476339,0.0952900940259087,0,Robust_UC
2024-09-02 00:00:00,L63,38,39,-0.012784533064981202,0.41823045000000003,0.03056815462619042,0,Robust_UC
2024-09-02 00:00:00,L64,39,40,-0.013559252154973056,0.40557600000000005,0.03343208709335132,0,Robust_UC
2024-09-02 00:00:00,L65,39,41,-0.024794347039970493,0.40464315,0.06127459970586551,0,Robust_UC
2024-09-02 00:00:00,L66,40,41,-0.011235094884997437,0.39123045,0.028717332418776293,0,Robust_UC
2024-09-02 00:00:00,L67,41,48,-0.016852642327496142,0.4087377,0.04123094671104756,0,Robust_UC
2024-09-02 00:00:00,L68,41,48,-0.016852642327496142,0.4087377,0.04123094671104756,0,Robust_UC
2024-09-02 00:00:00,L69,42,43,-0.029820341744712948,0.40999949999999996,0.072732629539092,0,Robust_UC
2024-09-02 00:00:00,L70,43,44,-0.02749618447473733,0.40325445000000004,0.06818569385839965,0,Robust_UC
2024-09-02 00:00:00,L71,44,45,-0.011656420405630086,0.40862249999999994,0.02852613452668438,0,Robust_UC
2024-09-02 00:00:00,L72,44,48,-0.013515606799131663,0.4070493,0.03320385712278995,0,Robust_UC
2024-09-02 00:00:00,L73,45,46,-0.007240591303915772,0.41366655,0.017503448862171166,0,Robust_UC
2024-09-02 00:00:00,L74,45,47,-0.002091671831738598,0.4011075,0.005214741264470492,0,Robust_UC
2024-09-02 00:00:00,L75,46,48,0.005381404910414195,0.4187385,0.012851469139843112,0,Robust_UC
2024-09-02 00:00:00,L76,46,68,-0.010297838944354376,0.4384908,0.02348473204991844,0,Robust_UC
2024-09-02 00:00:00,L77,47,48,0.00023248543823702061,0.40457519999999997,0.000574640853510103,0,Robust_UC
2024-09-02 00:00:00,L78,48,49,-0.004738241787168446,0.39897134999999995,0.01187614546049095,0,Robust_UC
2024-09-02 00:00:00,L79,48,50,-0.006098373051005912,0.40236885000000006,0.015156175859552526,0,Robust_UC
2024-09-02 00:00:00,L80,48,53,-0.0052464919283477796,0.3954167999999999,0.013268257515481843,0,Robust_UC
2024-09-02 00:00:00,L81,48,53,-0.0052464919283477796,0.3954167999999999,0.013268257515481843,0,Robust_UC
2024-09-02 00:00:00,L82,48,65,-0.0011370006429295143,0.39777435,0.0028584061363673007,0,Robust_UC
2024-09-02 00:00:00,L83,48,65,-0.0011370006429295143,0.39777435,0.0028584061363673007,0,Robust_UC
2024-09-02 00:00:00,L84,48,68,-0.01567924385476857,0.4296312,0.03649465833665844,0,Robust_UC
2024-09-02 00:00:00,L85,49,56,-0.002414084517192827,0.3910211999999999,0.006173794457161984,0,Robust_UC
2024-09-02 00:00:00,L86,50,51,-0.002040196895756241,0.3955477499999999,0.005157902922608564,0,Robust_UC
2024-09-02 00:00:00,L87,50,57,-0.001734018885274094,0.39069719999999997,0.004438268012348422,0,Robust_UC
2024-09-02 00:00:00,L88,51,52,0.0002839603742193775,0.39259799999999995,0.0007232853305910308,0,Robust_UC
2024-09-02 00:00:00,L89,52,53,0.002608117644194996,0.3896531999999999,0.006693433145666445,0,Robust_UC
2024-09-02 00:00:00,L90,53,54,-0.001971216553125127,0.39000644999999995,0.005054317827628561,0,Robust_UC
2024-09-02 00:00:00,L91,53,55,-0.001995761623230702,0.3958191,0.005042105404288732,0,Robust_UC
2024-09-02 00:00:00,L92,53,58,-0.001593730766169088,0.39852405,0.0039990830319251445,0,Robust_UC
2024-09-02 00:00:00,L93,54,55,-2.454507010557494e-05,0.4016862,6.110508677065565e-05,0,Robust_UC
2024-09-02 00:00:00,L94,54,58,0.00037748578695603885,0.4043151,0.0009336425648115513,0,Robust_UC
2024-09-02 00:00:00,L95,55,56,8.992724721720857e-05,0.3986478,0.0002255806935776607,0,Robust_UC
2024-09-02 00:00:00,L96,55,57,-0.0005901383847015246,0.39793725,0.0014829935742419805,0,Robust_UC
2024-09-02 00:00:00,L97,55,58,0.0004020308570616138,0.4030442999999999,0.000997485529659181,0,Robust_UC
2024-09-02 00:00:00,L98,55,58,0.0004020308570616138,0.4030442999999999,0.000997485529659181,0,Robust_UC
2024-09-02 00:00:00,L99,58,59,0.00010790958002399043,0.40467014999999995,0.0002666605877008483,0,Robust_UC
2024-09-02 00:00:00,L100,58,60,0.0009091320628277777,0.4054855499999999,0.002242082517682265,0,Robust_UC
2024-09-02 00:00:00,L101,59,60,0.0008012224828037873,0.40244399999999997,0.0019908918577585637,0,Robust_UC
2024-09-02 00:00:00,L102,59,61,0.0016308443671958495,0.39771765000000003,0.004100507903523641,0,Robust_UC
2024-09-02 00:00:00,L103,60,61,0.0008296218843920622,0.40714334999999996,0.002037665319578626,0,Robust_UC
2024-09-02 00:00:00,L104,61,65,0.003964468104367513,0.3972222,0.009980479702210786,0,Robust_UC
2024-09-02 00:00:00,L105,61,66,0.0008201554171959474,0.39332924999999996,0.002085162537990621,0,Robust_UC
2024-09-02 00:00:00,L106,62,58,-0.000894932362033694,0.39946275,0.0022403399616952873,0,Robust_UC
2024-09-02 00:00:00,L107,62,63,0.003219089632009314,0.41746949999999994,0.0077109576436346,0,Robust_UC
2024-09-02 00:00:00,L108,63,60,-0.0032048899312152345,0.41296904999999995,0.0077606056221773394,0,Robust_UC
2024-09-02 00:00:00,L109,63,64,0.008748136833200169,0.43310475000000004,0.020198662871280373,0,Robust_UC
2024-09-02 00:00:00,L110,64,65,-0.007158936775655822,0.40997745,0.017461781802037703,0,Robust_UC
2024-09-02 00:00:00,L111,64,67,-0.024423845541352907,0.4259655,0.05733761429353529,0,Robust_UC
2024-09-02 00:00:00,L112,65,66,-0.003144312687171566,0.3897558,0.008067391651828057,0,Robust_UC
2024-09-02 00:00:00,L113,67,68,0.002722665553858028,0.42175935,0.006455495423771941,0,Robust_UC
2024-09-02 00:00:00,L114,68,69,0.01573936534684431,0.4676526,0.033656105722162794,0,Robust_UC
2024-09-02 00:00:00,L115,68,74,-0.006018228177584156,0.46387259999999997,0.012973881573484091,0,Robust_UC
2024-09-02 00:00:00,L116,68,76,-0.03065139714454998,0.46089945,0.06650343614979358,0,Robust_UC
2024-09-02 00:00:00,L117,69,70,0.010060301297142178,0.48076784999999994,0.02092548679605381,0,Robust_UC
2024-09-02 00:00:00,L118,69,73,-0.012040875397202042,0.46896209999999994,0.02567558315949635,0,Robust_UC
2024-09-02 00:00:00,L119,69,74,-0.021757593524428465,0.4695489,0.046337226057666124,0,Robust_UC
2024-09-02 00:00:00,L120,70,71,0.014708615837093417,0.4724307,0.03113391199406266,0,Robust_UC
2024-09-02 00:00:00,L121,70,72,-0.0023241572699756186,0.47952539999999994,0.0048467865726729365,0,Robust_UC
2024-09-02 00:00:00,L122,73,74,-0.009716718127226423,0.46119104999999994,0.02106874824918312,0,Robust_UC
2024-09-02 00:00:00,L123,74,76,-0.024633168966965824,0.4539825,0.05426017295152528,0,Robust_UC
2024-09-02 00:00:00,L124,74,117,-0.010535213592297562,0.45529604999999995,0.02313925981193459,0,Robust_UC
2024-09-02 00:00:00,L125,75,76,-0.005886899052346321,0.45588735,0.012913056377515894,0,Robust_UC
2024-09-02 00:00:00,L126,75,117,0.008211056322321941,0.45673109999999995,0.01797787871752535,0,Robust_UC
2024-09-02 00:00:00,L127,76,77,-0.007238658686592878,0.45733409999999997,0.015827944355325523,0,Robust_UC
2024-09-02 00:00:00,L128,76,79,-0.014743504249851769,0.46158479999999996,0.031941052326358604,0,Robust_UC
2024-09-02 00:00:00,L129,76,79,-0.014743504249851769,0.46158479999999996,0.031941052326358604,0,Robust_UC
2024-09-02 00:00:00,L130,76,81,-0.02212164070759018,0.4439799,0.04982577073329261,0,Robust_UC
2024-09-02 00:00:00,L131,77,78,-0.004914501416617258,0.46037205,0.010675064693039592,0,Robust_UC
2024-09-02 00:00:00,L132,78,79,-0.0025903441466416377,0.4680846,0.005533923027251137,0,Robust_UC
2024-09-02 00:00:00,L133,79,95,-0.012043678590217322,0.45877815,0.026251639469354243,0,Robust_UC
2024-09-02 00:00:00,L134,79,96,-0.007183917930096472,0.4622265,0.01554198629913359,0,Robust_UC
2024-09-02 00:00:00,L135,79,97,-0.01534981907066991,0.45446895,0.0337752866739739,0,Robust_UC
2024-09-02 00:00:00,L136,79,98,-0.01534981907066991,0.45136889999999996,0.03400725896416415,0,Robust_UC
2024-09-02 00:00:00,L137,80,67,0.022498196555259694,0.42432525,0.05302111188353673,0,Robust_UC
2024-09-02 00:00:00,L138,80,79,-0.020174039285284075,0.4447107,0.04536441170694583,0,Robust_UC
2024-09-02 00:00:00,L139,81,82,-0.01513194130513565,0.41420925,0.03653211825939583,0,Robust_UC
2024-09-02 00:00:00,L140,81,95,-0.0046655421324789115,0.43829415000000005,0.010644773909208944,0,Robust_UC
2024-09-02 00:00:00,L141,82,83,-0.00504398043504522,0.39458204999999996,0.012783096532255385,0,Robust_UC
2024-09-02 00:00:00,L142,82,84,-0.007763803600114819,0.3999167999999999,0.019413547018066808,0,Robust_UC
2024-09-02 00:00:00,L143,83,84,-0.0027198231650696,0.39645810000000004,0.006860304191211126,0,Robust_UC
2024-09-02 00:00:00,L144,84,85,-0.004648314539951241,0.3914244,0.0118753826791361,0,Robust_UC
2024-09-02 00:00:00,L145,84,87,-0.0019451040750777197,0.39516345,0.004922277288240397,0,Robust_UC
2024-09-02 00:00:00,L146,84,88,-0.0015660508801798173,0.4019147999999999,0.0038964747756982765,0,Robust_UC
2024-09-02 00:00:00,L147,86,85,0.00232415726997562,0.39086639999999995,0.005946167974468054,0,Robust_UC
2024-09-02 00:00:00,L148,87,88,0.0003790531948979006,0.4042053,0.000937773935418216,0,Robust_UC
2024-09-02 00:00:00,L149,88,89,-0.0010673153362633359,0.40541309999999997,0.0026326611948734166,0,Robust_UC
2024-09-02 00:00:00,L150,88,89,-0.0010673153362633359,0.40541309999999997,0.0026326611948734166,0,Robust_UC
2024-09-02 00:00:00,L151,88,91,0.0016358951286101764,0.4205952,0.0038894764576727844,0,Robust_UC
2024-09-02 00:00:00,L152,88,91,0.0016358951286101764,0.4205952,0.0038894764576727844,0,Robust_UC
2024-09-02 00:00:00,L153,89,90,0.00018952659744894858,0.4110435,0.0004610864724754158,0,Robust_UC
2024-09-02 00:00:00,L154,90,91,0.002513683867424569,0.4120173,0.006100918256161984,0,Robust_UC
2024-09-02 00:00:00,L155,91,92,0.0018905188012315523,0.42888149999999997,0.004408021332772695,0,Robust_UC
2024-09-02 00:00:00,L156,91,93,0.006105194872438727,0.43883415,0.013912305759336932,0,Robust_UC
2024-09-02 00:00:00,L157,91,99,0.0018285562431943209,0.44392455,0.004119069880668508,0,Robust_UC
2024-09-02 00:00:00,L158,91,101,-0.0017146385222441799,0.42955829999999995,0.003991631688281149,0,Robust_UC
2024-09-02 00:00:00,L159,92,93,0.004214676071207173,0.42974144999999997,0.009807469284629567,0,Robust_UC
2024-09-02 00:00:00,L160,93,94,0.004865503190963424,0.43766505,0.011116956199640397,0,Robust_UC
2024-09-02 00:00:00,L161,93,95,0.01205516365190247,0.44072775,0.027352858203057263,0,Robust_UC
2024-09-02 00:00:00,L162,93,99,-0.004276638629244406,0.43965765,0.009727201674403722,0,Robust_UC
2024-09-02 00:00:00,L163,94,95,0.007189660460939044,0.44839035,0.016034378217414904,0,Robust_UC
2024-09-02 00:00:00,L164,95,96,0.0048597606601208515,0.448173,0.010843492714020818,0,Robust_UC
2024-09-02 00:00:00,L165,97,99,-0.01302566180069429,0.44912655,0.02900220839915674,0,Robust_UC
2024-09-02 00:00:00,L166,98,99,-0.01302566180069429,0.45188685000000006,0.02882505167099748,0,Robust_UC
2024-09-02 00:00:00,L167,99,100,-0.0029336760177070607,0.43812359999999995,0.006696000894969047,0,Robust_UC
2024-09-02 00:00:00,L168,99,102,-0.008847826296734695,0.43870275000000003,0.02016815781696079,0,Robust_UC
2024-09-02 00:00:00,L169,99,103,-0.007036586493236463,0.43720425000000007,0.016094506156416506,0,Robust_UC
2024-09-02 00:00:00,L170,99,105,-0.007357159909784794,0.43469955,0.016924701002761087,0,Robust_UC
2024-09-02 00:00:00,L171,100,101,-0.0006095187477314403,0.4286331,0.0014220057847409366,0,Robust_UC
2024-09-02 00:00:00,L172,102,103,0.0018112398034982324,0.43662375000000003,0.004148285116185806,0,Robust_UC
2024-09-02 00:00:00,L173,102,104,-0.001089949616264338,0.44366490000000003,0.002456695619293611,0,Robust_UC
2024-09-02 00:00:00,L174,102,109,-0.007244959213992944,0.44718525,0.016201248171743017,0,Robust_UC
2024-09-02 00:00:00,L175,103,104,-0.0029011894197625704,0.44274915,0.006552670783811941,0,Robust_UC
2024-09-02 00:00:00,L176,104,105,0.002580616003214256,0.43414425,0.0059441441484351255,0,Robust_UC
2024-09-02 00:00:00,L177,104,106,0.00012822936661931704,0.43364069999999993,0.00029570417771975063,0,Robust_UC
2024-09-02 00:00:00,L178,104,107,-0.004375827135885158,0.43805879999999997,0.009989131906230757,0,Robust_UC
2024-09-02 00:00:00,L179,105,106,-0.0024523866365949373,0.42798780000000003,0.005730038652024514,0,Robust_UC
2024-09-02 00:00:00,L180,107,108,-0.0020516698659095375,0.434223,0.004724922138876884,0,Robust_UC
2024-09-02 00:00:00,L181,108,109,0.00027248740406608275,0.44085509999999994,0.000618088356165286,0,Robust_UC
2024-09-02 00:00:00,L182,109,110,-0.00232415726997562,0.45429659999999994,0.005115946872540142,0,Robust_UC
2024-09-02 00:00:00,L183,109,111,-0.0023241572699756203,0.44702910000000007,0.005199118513706647,0,Robust_UC
2024-09-02 00:00:00,L184,113,114,0.000972137120643653,0.45772335,0.002123853023105885,0,Robust_UC
2024-09-02 00:00:00,L185,115,67,0.0023241572699756203,0.41683365,0.00557574291321159,0,Robust_UC
2024-09-02 01:00:00,L0,0,1,0.02562569357521674,0.45718064999999997,0.05605157080733129,0,Robust_UC
2024-09-02 01:00:00,L1,0,2,0.12378103061687695,0.46512495,0.266124254604869,0,Robust_UC
2024-09-02 01:00:00,L2,1,11,0.17737855494251742,0.4639608,0.3823136673238718,0,Robust_UC
2024-09-02 01:00:00,L3,2,4,0.11396453690811348,0.47935529999999993,0.23774544040321136,0,Robust_UC
2024-09-02 01:00:00,L4,2,11,0.07922321790085718,0.47404710000000005,0.16712098418249405,0,Robust_UC
2024-09-02 01:00:00,L5,3,4,-0.024928333284701534,0.48887865,0.05099084053824304,0,Robust_UC
2024-09-02 01:00:00,L6,3,10,-0.005664942523204777,0.48115889999999994,0.011773537854552369,0,Robust_UC
2024-09-02 01:00:00,L7,4,5,0.008230790413751896,0.4736699999999999,0.017376634394730292,0,Robust_UC
2024-09-02 01:00:00,L8,4,10,0.01926339076149626,0.4689422999999999,0.04107838162924578,0,Robust_UC
2024-09-02 01:00:00,L9,5,6,-0.022362485394154415,0.47463750000000005,0.04711487270633781,0,Robust_UC
2024-09-02 01:00:00,L10,6,11,-0.020609624026853735,0.46125135000000006,0.04468198093480644,0,Robust_UC
2024-09-02 01:00:00,L11,7,4,-0.0632948838154644,0.46494315,0.13613467327234394,0,Robust_UC
2024-09-02 01:00:00,L12,7,8,-0.003505722734601364,0.47818215000000003,0.007331354243568823,0,Robust_UC
2024-09-02 01:00:00,L13,7,29,0.036207330742159455,0.4767741,0.07594231889307632,0,Robust_UC
2024-09-02 01:00:00,L14,8,9,-0.001752861367300682,0.4640742,0.0037771144513111953,0,Robust_UC
2024-09-02 01:00:00,L15,10,11,-0.05400470976875247,0.46967895,0.11498218042080122,0,Robust_UC
2024-09-02 01:00:00,L16,10,12,0.037009882199137686,0.4599243,0.08046950813239849,0,Robust_UC
2024-09-02 01:00:00,L17,11,13,0.06401223708351422,0.4556205,0.14049463771606902,0,Robust_UC
2024-09-02 01:00:00,L18,11,15,0.08913478752364863,0.45897435,0.19420428946334067,0,Robust_UC
2024-09-02 01:00:00,L19,11,116,-0.0017528613673006826,0.45655065,0.0038393579492235585,0,Robust_UC
2024-09-02 01:00:00,L20,12,14,0.038762743566438364,0.45675720000000003,0.08486509586808563,0,Robust_UC
2024-09-02 01:00:00,L21,13,14,0.06576509845081491,0.45888344999999997,0.1433154724817705,0,Robust_UC
2024-09-02 01:00:00,L22,14,16,0.017898963705061898,0.46249155,0.03870116914581877,0,Robust_UC
2024-09-02 01:00:00,L23,14,18,0.05503496735675821,0.4453065,0.12358896031555391,0,Robust_UC
2024-09-02 01:00:00,L24,14,32,0.03334677232273385,0.44008605,0.07577330006877939,0,Robust_UC
2024-09-02 01:00:00,L25,15,16,0.05854151171574232,0.4610817,0.12696559355043222,0,Robust_UC
2024-09-02 01:00:00,L26,16,17,0.033864639729801436,0.45485459999999994,0.07445157140282069,0,Robust_UC
2024-09-02 01:00:00,L27,16,30,0.04142756163116387,0.4581693,0.09041976760809568,0,Robust_UC
2024-09-02 01:00:00,L28,16,112,0.016333901101651054,0.45823545,0.03564521492532072,0,Robust_UC
2024-09-02 01:00:00,L29,17,18,0.0032713639218951256,0.450027,0.007269261448524479,0,Robust_UC
2024-09-02 01:00:00,L30,18,19,0.0323188204018955,0.44684235000000005,0.07232712029621968,0,Robust_UC
2024-09-02 01:00:00,L31,18,33,0.005479337231515502,0.43447274999999996,0.012611463507240678,0,Robust_UC
2024-09-02 01:00:00,L32,19,20,0.0017255445939891832,0.44889165,0.0038440113421338608,0,Robust_UC
2024-09-02 01:00:00,L33,20,21,0.003478405961289864,0.4478571,0.007766776414373835,0,Robust_UC
2024-09-02 01:00:00,L34,21,22,-0.027114869846616447,0.44536679999999995,0.06088210851508565,0,Robust_UC
2024-09-02 01:00:00,L35,22,23,-0.026527260863878438,0.44873865,0.05911516840343135,0,Robust_UC
2024-09-02 01:00:00,L36,22,24,-0.01805764359899239,0.46183050000000003,0.03910015384213989,0,Robust_UC
2024-09-02 01:00:00,L37,22,31,-0.013123241191651931,0.45421199999999995,0.028892326032011334,0,Robust_UC
2024-09-02 01:00:00,L38,23,69,-0.0410875411365379,0.45931230000000006,0.08945447604285339,0,Robust_UC
2024-09-02 01:00:00,L39,23,71,-0.01603299553524685,0.4599009,0.034861848574870916,0,Robust_UC
2024-09-02 01:00:00,L40,24,26,0.0060311618708455235,0.47735999999999995,0.012634409818261949,0,Robust_UC
2024-09-02 01:00:00,L41,25,24,0.02233594410253723,0.46950525,0.04757336388152684,0,Robust_UC
2024-09-02 01:00:00,L42,25,29,-0.020583082735236548,0.49041270000000003,0.04197094148507277,0,Robust_UC
2024-09-02 01:00:00,L43,26,27,0.010999230556786983,0.4620879,0.02380332953272956,0,Robust_UC
2024-09-02 01:00:00,L44,26,31,-0.0010967594635050723,0.46563795,0.002355391057591144,0,Robust_UC
2024-09-02 01:00:00,L45,26,114,-0.002118447855135707,0.46550745000000004,0.004550835556199384,0,Robust_UC
2024-09-02 01:00:00,L46,27,28,0.012752091924087664,0.4483323000000001,0.02844339326898299,0,Robust_UC
2024-09-02 01:00:00,L47,28,30,-0.017841183883818647,0.45279359999999996,0.039402464795921695,0,Robust_UC
2024-09-02 01:00:00,L48,29,16,0.013432765674511477,0.43184340000000004,0.031105640782078586,0,Robust_UC
2024-09-02 01:00:00,L49,29,37,0.003944343699712111,0.45085634999999996,0.008748559712449677,0,Robust_UC
2024-09-02 01:00:00,L50,30,31,-0.007006898060561078,0.46224135,0.015158527164566905,0,Robust_UC
2024-09-02 01:00:00,L51,31,112,-0.018086762468951738,0.4596003,0.03935324339203377,0,Robust_UC
2024-09-02 01:00:00,L52,31,113,-0.0013872748794656585,0.4587453,0.003024063417032629,0,Robust_UC
2024-09-02 01:00:00,L53,32,36,0.002753496514827541,0.44337555,0.006210303014741208,0,Robust_UC
2024-09-02 01:00:00,L54,33,35,0.022455263891002143,0.4240296,0.052956831058497196,0,Robust_UC
2024-09-02 01:00:00,L55,33,36,-0.024414035750712507,0.439407,0.05556132640288504,0,Robust_UC
2024-09-02 01:00:00,L56,33,42,-0.023155166716680435,0.42826275,0.054067664574330675,0,Robust_UC
2024-09-02 01:00:00,L57,34,35,0.008138011916904168,0.41669639999999997,0.01952983495154786,0,Robust_UC
2024-09-02 01:00:00,L58,34,36,-0.03873128772481048,0.43463609999999997,0.08911198983427857,0,Robust_UC
2024-09-02 01:00:00,L59,36,38,-0.010900699951132239,0.4179312,0.026082522556660614,0,Robust_UC
2024-09-02 01:00:00,L60,36,39,-0.02004853853496369,0.42110369999999997,0.047609504582751684,0,Robust_UC
2024-09-02 01:00:00,L61,37,36,0.027689727107298834,0.42873479999999997,0.06458474354612417,0,Robust_UC
2024-09-02 01:00:00,L62,37,64,-0.021992522040286042,0.4476339,0.04913059989488295,0,Robust_UC
2024-09-02 01:00:00,L63,38,39,-0.009147838583831558,0.41823045000000003,0.021872722523746314,0,Robust_UC
2024-09-02 01:00:00,L64,39,40,-0.009732125706265051,0.40557600000000005,0.023995812637495933,0,Robust_UC
2024-09-02 01:00:00,L65,39,41,-0.017711390045229425,0.40464315,0.0437703938525326,0,Robust_UC
2024-09-02 01:00:00,L66,40,41,-0.00797926433896437,0.39123045,0.02039530496402918,0,Robust_UC
2024-09-02 01:00:00,L67,41,48,-0.01196889650844657,0.4087377,0.02928258516023007,0,Robust_UC
2024-09-02 01:00:00,L68,41,48,-0.01196889650844657,0.4087377,0.02928258516023007,0,Robust_UC
2024-09-02 01:00:00,L69,42,43,-0.021402305349379754,0.40999949999999996,0.05220080841410723,0,Robust_UC
2024-09-02 01:00:00,L70,43,44,-0.019649443982079073,0.40325445000000004,0.048727159693040145,0,Robust_UC
2024-09-02 01:00:00,L71,44,45,-0.007960637823566152,0.40862249999999994,0.01948164338372496,0,Robust_UC
2024-09-02 01:00:00,L72,44,48,-0.009935944791211737,0.4070493,0.02440968401422564,0,Robust_UC
2024-09-02 01:00:00,L73,45,46,-0.0043436922887925,0.41366655,0.010500467801403086,0,Robust_UC
2024-09-02 01:00:00,L74,45,47,-0.001864084167473131,0.4011075,0.004647343087509286,0,Robust_UC
2024-09-02 01:00:00,L75,46,48,0.0023683853211469152,0.4187385,0.005656000872016581,0,Robust_UC
2024-09-02 01:00:00,L76,46,68,-0.0049592162426386754,0.4384908,0.011309738408738964,0,Robust_UC
2024-09-02 01:00:00,L77,47,48,-0.00011122280017245023,0.40457519999999997,0.00027491255067648796,0,Robust_UC
2024-09-02 01:00:00,L78,48,49,-0.0038417219303017564,0.39897134999999995,0.009629067175629922,0,Robust_UC
2024-09-02 01:00:00,L79,48,50,-0.004918373041967239,0.40236885000000006,0.012223543253826031,0,Robust_UC
2024-09-02 01:00:00,L80,48,53,-0.004504718942559938,0.3954167999999999,0.011392330681346718,0,Robust_UC
2024-09-02 01:00:00,L81,48,53,-0.004504718942559938,0.3954167999999999,0.011392330681346718,0,Robust_UC
2024-09-02 01:00:00,L82,48,65,-0.0023832897493274996,0.39777435,0.005991562174201276,0,Robust_UC
2024-09-02 01:00:00,L83,48,65,-0.0023832897493274996,0.39777435,0.005991562174201276,0,Robust_UC
2024-09-02 01:00:00,L84,48,68,-0.007327601563785591,0.4296312,0.017055561988481262,0,Robust_UC
2024-09-02 01:00:00,L85,49,56,-0.0020888605630010756,0.3910211999999999,0.005342064734600262,0,Robust_UC
2024-09-02 01:00:00,L86,50,51,-0.0016149766674982437,0.3955477499999999,0.004082886750078199,0,Robust_UC
2024-09-02 01:00:00,L87,50,57,-0.0015505350071683376,0.39069719999999997,0.003968636087405637,0,Robust_UC
2024-09-02 01:00:00,L88,51,52,0.00013788469980243715,0.39259799999999995,0.00035121090734654064,0,Robust_UC
2024-09-02 01:00:00,L89,52,53,0.001890746067103118,0.3896531999999999,0.004852381725860633,0,Robust_UC
2024-09-02 01:00:00,L90,53,54,-0.0017796729545042078,0.39000644999999995,0.004563188517790431,0,Robust_UC
2024-09-02 01:00:00,L91,53,55,-0.001761862746443299,0.3958191,0.004451181730349291,0,Robust_UC
2024-09-02 01:00:00,L92,53,58,-0.0018242947497686957,0.39852405,0.004577627748610644,0,Robust_UC
2024-09-02 01:00:00,L93,54,55,1.7810208060908828e-05,0.4016862,4.433861073870307e-05,0,Robust_UC
2024-09-02 01:00:00,L94,54,58,-4.462179526448784e-05,0.4043151,0.00011036390989227917,0,Robust_UC
2024-09-02 01:00:00,L95,55,56,0.00033599919570039455,0.3986478,0.0008428472343266275,0,Robust_UC
2024-09-02 01:00:00,L96,55,57,-0.00020232636013234329,0.39793725,0.000508437850772561,0,Robust_UC
2024-09-02 01:00:00,L97,55,58,-6.243200332539667e-05,0.4030442999999999,0.00015490109480619546,0,Robust_UC
2024-09-02 01:00:00,L98,55,58,-6.243200332539667e-05,0.4030442999999999,0.00015490109480619546,0,Robust_UC
2024-09-02 01:00:00,L99,58,59,-0.0002469642254019355,0.40467014999999995,0.0006102852543038708,0,Robust_UC
2024-09-02 01:00:00,L100,58,60,0.00011101350681852473,0.4054855499999999,0.00027377919341028245,0,Robust_UC
2024-09-02 01:00:00,L101,59,60,0.00035797773222046025,0.40244399999999997,0.0008895094279463982,0,Robust_UC
2024-09-02 01:00:00,L102,59,61,0.001147919409678344,0.39771765000000003,0.002886267204078934,0,Robust_UC
2024-09-02 01:00:00,L103,60,61,0.0007899416774578838,0.40714334999999996,0.0019402052801743756,0,Robust_UC
2024-09-02 01:00:00,L104,61,65,0.003044768758724725,0.3972222,0.007665152548686164,0,Robust_UC
2024-09-02 01:00:00,L105,61,66,0.0006459536957120239,0.39332924999999996,0.0016422722076022162,0,Robust_UC
2024-09-02 01:00:00,L106,62,58,0.00010496846580005715,0.39946275,0.0002627741029671907,0,Robust_UC
2024-09-02 01:00:00,L107,62,63,0.0016478929015006248,0.41746949999999994,0.003947337234218608,0,Robust_UC
2024-09-02 01:00:00,L108,63,60,-0.0014319109288820353,0.41296904999999995,0.003467356521952518,0,Robust_UC
2024-09-02 01:00:00,L109,63,64,0.004832665197683342,0.43310475000000004,0.011158190247701835,0,Robust_UC
2024-09-02 01:00:00,L110,64,65,-0.002429865690382782,0.40997745,0.00592682765938171,0,Robust_UC
2024-09-02 01:00:00,L111,64,67,-0.012977129784919782,0.4259655,0.03046521322717399,0,Robust_UC
2024-09-02 01:00:00,L112,65,66,-0.0023988150630127048,0.3897558,0.0061546616189231945,0,Robust_UC
2024-09-02 01:00:00,L113,67,68,0.005602952280078909,0.42175935,0.013284713854189384,0,Robust_UC
2024-09-02 01:00:00,L114,68,69,0.018784224281764073,0.4676526,0.04016704767976073,0,Robust_UC
2024-09-02 01:00:00,L115,68,74,-0.0015147332096809296,0.46387259999999997,0.0032654078074042955,0,Robust_UC
2024-09-02 01:00:00,L116,68,76,-0.022200495231128603,0.46089945,0.04816776247211535,0,Robust_UC
2024-09-02 01:00:00,L117,69,70,0.010774411433344809,0.48076784999999994,0.022410840145290104,0,Robust_UC
2024-09-02 01:00:00,L118,69,73,-0.01102590942937284,0.46896209999999994,0.023511301722192138,0,Robust_UC
2024-09-02 01:00:00,L119,69,74,-0.020298957491445002,0.4695489,0.04323076359340849,0,Robust_UC
2024-09-02 01:00:00,L120,70,71,0.01428013416794617,0.4724307,0.030226939460001587,0,Robust_UC
2024-09-02 01:00:00,L121,70,72,-0.0017528613673006808,0.47952539999999994,0.0036554088006614063,0,Robust_UC
2024-09-02 01:00:00,L122,73,74,-0.009273048062072159,0.46119104999999994,0.02010673897958809,0,Robust_UC
2024-09-02 01:00:00,L123,74,76,-0.020685762021447673,0.4539825,0.04556510883447638,0,Robust_UC
2024-09-02 01:00:00,L124,74,117,-0.008648115374449906,0.45529604999999995,0.01899448803575148,0,Robust_UC
2024-09-02 01:00:00,L125,75,76,-0.005142392639848542,0.45588735,0.01127996343800402,0,Robust_UC
2024-09-02 01:00:00,L126,75,117,0.006895254007149225,0.45673109999999995,0.015096966261218528,0,Robust_UC
2024-09-02 01:00:00,L127,76,77,-0.00568563281478192,0.45733409999999997,0.012432120882265111,0,Robust_UC
2024-09-02 01:00:00,L128,76,79,-0.011798314342443716,0.46158479999999996,0.025560448139634834,0,Robust_UC
2024-09-02 01:00:00,L129,76,79,-0.011798314342443716,0.46158479999999996,0.025560448139634834,0,Robust_UC
2024-09-02 01:00:00,L130,76,81,-0.016993527025454425,0.4439799,0.03827544225640491,0,Robust_UC
2024-09-02 01:00:00,L131,77,78,-0.003932771447481238,0.46037205,0.008542593859642952,0,Robust_UC
2024-09-02 01:00:00,L132,78,79,-0.0021799100801805547,0.4680846,0.004657085663960221,0,Robust_UC
2024-09-02 01:00:00,L133,79,95,-0.00894162075006999,0.45877815,0.01949007543203614,0,Robust_UC
2024-09-02 01:00:00,L134,79,96,-0.005347241058685335,0.4622265,0.011568443303630008,0,Robust_UC
2024-09-02 01:00:00,L135,79,97,-0.011528156776055452,0.45446895,0.025366214294849962,0,Robust_UC
2024-09-02 01:00:00,L136,79,98,-0.011528156776055452,0.45136889999999996,0.025540432174337782,0,Robust_UC
2024-09-02 01:00:00,L137,80,67,0.015074359330397328,0.42432525,0.03552548270553621,0,Robust_UC
2024-09-02 01:00:00,L138,80,79,-0.013321497963096646,0.4447107,0.029955424870812968,0,Robust_UC
2024-09-02 01:00:00,L139,81,82,-0.011494257591095496,0.41420925,0.027749881469560367,0,Robust_UC
2024-09-02 01:00:00,L140,81,95,-0.0037464080670592814,0.43829415000000005,0.008547702649143916,0,Robust_UC
2024-09-02 01:00:00,L141,82,83,-0.003831419197031836,0.39458204999999996,0.009710069672535375,0,Robust_UC
2024-09-02 01:00:00,L142,82,84,-0.005909977026762991,0.3999167999999999,0.0147780163943175,0,Robust_UC
2024-09-02 01:00:00,L143,83,84,-0.0020785578297311536,0.39645810000000004,0.005242818420738922,0,Robust_UC
2024-09-02 01:00:00,L144,84,85,-0.003505722734601365,0.3914244,0.008956321411238964,0,Robust_UC
2024-09-02 01:00:00,L145,84,87,-0.0014942707072975719,0.39516345,0.003781399082576012,0,Robust_UC
2024-09-02 01:00:00,L146,84,88,-0.001235680047294463,0.4019147999999999,0.003074482570172741,0,Robust_UC
2024-09-02 01:00:00,L147,86,85,0.001752861367300682,0.39086639999999995,0.0044845537178449775,0,Robust_UC
2024-09-02 01:00:00,L148,87,88,0.0002585906600031107,0.4042053,0.0006397507900146552,0,Robust_UC
2024-09-02 01:00:00,L149,88,89,-0.00081178301864957,0.40541309999999997,0.002002360107874092,0,Robust_UC
2024-09-02 01:00:00,L150,88,89,-0.00081178301864957,0.40541309999999997,0.002002360107874092,0,Robust_UC
2024-09-02 01:00:00,L151,88,91,0.0011996690086542028,0.4205952,0.0028523126480145345,0,Robust_UC
2024-09-02 01:00:00,L152,88,91,0.0011996690086542028,0.4205952,0.0028523126480145345,0,Robust_UC
2024-09-02 01:00:00,L153,89,90,0.00012929533000154256,0.4110435,0.0003145538854197732,0,Robust_UC
2024-09-02 01:00:00,L154,90,91,0.0018821566973022251,0.4120173,0.004568149680370765,0,Robust_UC
2024-09-02 01:00:00,L155,91,92,0.0014194492918818153,0.42888149999999997,0.0033096538131903927,0,Robust_UC
2024-09-02 01:00:00,L156,91,93,0.0045917599510643115,0.43883415,0.010463542892148006,0,Robust_UC
2024-09-02 01:00:00,L157,91,99,0.00133200615469925,0.44392455,0.003000523748234357,0,Robust_UC
2024-09-02 01:00:00,L158,91,101,-0.0013088593157342659,0.42955829999999995,0.0030469887690082256,0,Robust_UC
2024-09-02 01:00:00,L159,92,93,0.003172310659182498,0.42974144999999997,0.0073819052343740595,0,Robust_UC
2024-09-02 01:00:00,L160,93,94,0.0036746081355372457,0.43766505,0.008395936882639465,0,Robust_UC
2024-09-02 01:00:00,L161,93,95,0.009102077638375172,0.44072775,0.020652381517558566,0,Robust_UC
2024-09-02 01:00:00,L162,93,99,-0.0032597537963650614,0.43965765,0.007414300186440658,0,Robust_UC
2024-09-02 01:00:00,L163,94,95,0.005427469502837928,0.44839035,0.012104340565843865,0,Robust_UC
2024-09-02 01:00:00,L164,95,96,0.0035943796913846526,0.448173,0.008020071917283399,0,Robust_UC
2024-09-02 01:00:00,L165,97,99,-0.00977529540875477,0.44912655,0.021765124793345594,0,Robust_UC
2024-09-02 01:00:00,L166,98,99,-0.00977529540875477,0.45188685000000006,0.02163217497644547,0,Robust_UC
2024-09-02 01:00:00,L167,99,100,-0.0021968634188670993,0.43812359999999995,0.005014254924562611,0,Robust_UC
2024-09-02 01:00:00,L168,99,102,-0.006672961894827273,0.43870275000000003,0.01521066803166215,0,Robust_UC
2024-09-02 01:00:00,L169,99,103,-0.005306938898241242,0.43720425000000007,0.0121383515787901,0,Robust_UC
2024-09-02 01:00:00,L170,99,105,-0.0055487128799379,0.43469955,0.012764478085928316,0,Robust_UC
2024-09-02 01:00:00,L171,100,101,-0.0004440020515664167,0.4286331,0.0010358557273491401,0,Robust_UC
2024-09-02 01:00:00,L172,102,103,0.0013660229965860304,0.43662375000000003,0.003128604425631978,0,Robust_UC
2024-09-02 01:00:00,L173,102,104,-0.0008220315377685528,0.44366490000000003,0.0018528207612739992,0,Robust_UC
2024-09-02 01:00:00,L174,102,109,-0.005464091986344184,0.44718525,0.012218855577960553,0,Robust_UC
2024-09-02 01:00:00,L175,103,104,-0.002188054534354583,0.44274915,0.004941973427514391,0,Robust_UC
2024-09-02 01:00:00,L176,104,105,0.0019462805526579141,0.43414425,0.004483027363964659,0,Robust_UC
2024-09-02 01:00:00,L177,104,106,9.670959267861663e-05,0.43364069999999993,0.00022301779486707924,0,Robust_UC
2024-09-02 01:00:00,L178,104,107,-0.003300214850159227,0.43805879999999997,0.007533725723942145,0,Robust_UC
2024-09-02 01:00:00,L179,105,106,-0.0018495709599792992,0.42798780000000003,0.004321550660975147,0,Robust_UC
2024-09-02 01:00:00,L180,107,108,-0.0015473534828585444,0.434223,0.003563499590898097,0,Robust_UC
2024-09-02 01:00:00,L181,108,109,0.0002055078844421382,0.44085509999999994,0.00046615743912713773,0,Robust_UC
2024-09-02 01:00:00,L182,109,110,-0.001752861367300682,0.45429659999999994,0.0038584074089497524,0,Robust_UC
2024-09-02 01:00:00,L183,109,111,-0.0017528613673006826,0.44702910000000007,0.00392113481493863,0,Robust_UC
2024-09-02 01:00:00,L184,113,114,0.0003655864878350241,0.45772335,0.0007987062225141543,0,Robust_UC
2024-09-02 01:00:00,L185,115,67,0.0017528613673006826,0.41683365,0.004205182012778197,0,Robust_UC
2024-09-02 02:00:00,L0,0,1,0.035912504257715985,0.45718064999999997,0.07855210901361637,0,Robust_UC
2024-09-02 02:00:00,L1,0,2,0.11445641266538818,0.46512495,0.2460766997457096,0,Robust_UC
2024-09-02 02:00:00,L2,1,11,0.15628142118082017,0.4639608,0.336841865047263,0,Robust_UC
2024-09-02 02:00:00,L3,2,4,0.10708781681534456,0.47935529999999993,0.2233996720498231,0,Robust_UC
2024-09-02 02:00:00,L4,2,11,0.07773751277314782,0.47404710000000005,0.16398689660404592,0,Robust_UC
2024-09-02 02:00:00,L5,3,4,-0.02215519889772858,0.48887865,0.045318401402328734,0,Robust_UC
2024-09-02 02:00:00,L6,3,10,-0.0074758841791672335,0.48115889999999994,0.015537245968363537,0,Robust_UC
2024-09-02 02:00:00,L7,4,5,0.009661456058333469,0.4736699999999999,0.020397019144833894,0,Robust_UC
2024-09-02 02:00:00,L8,4,10,0.014679314718561348,0.4689422999999999,0.0313030296447161,0,Robust_UC
2024-09-02 02:00:00,L9,5,6,-0.019969627018562346,0.47463750000000005,0.04207342870835605,0,Robust_UC
2024-09-02 02:00:00,L10,6,11,-0.019042133081967186,0.46125135000000006,0.04128363652912275,0,Robust_UC
2024-09-02 02:00:00,L11,7,4,-0.06151934107731634,0.46494315,0.13231583490866858,0,Robust_UC
2024-09-02 02:00:00,L12,7,8,-0.0018549878731903184,0.47818215000000003,0.003879249514416877,0,Robust_UC
2024-09-02 02:00:00,L13,7,29,0.03374324587361084,0.4767741,0.07077407492061931,0,Robust_UC
2024-09-02 02:00:00,L14,8,9,-0.0009274939365951592,0.4640742,0.001998589744043429,0,Robust_UC
2024-09-02 02:00:00,L15,10,11,-0.04402961876075709,0.46967895,0.09374407509801555,0,Robust_UC
2024-09-02 02:00:00,L16,10,12,0.05216054323674636,0.4599243,0.11341114882763612,0,Robust_UC
2024-09-02 02:00:00,L17,11,13,0.07417535261712535,0.4556205,0.16280073573758283,0,Robust_UC
2024-09-02 02:00:00,L18,11,15,0.06806824035381771,0.45897435,0.14830510758132281,0,Robust_UC
2024-09-02 02:00:00,L19,11,116,-0.0009274939365951588,0.45655065,0.0020315247313636695,0,Robust_UC
2024-09-02 02:00:00,L20,12,14,0.02252946015985055,0.45675720000000003,0.04932480573891457,0,Robust_UC
2024-09-02 02:00:00,L21,13,14,0.04454426954022954,0.45888344999999997,0.0970709872849621,0,Robust_UC
2024-09-02 02:00:00,L22,14,16,0.018344352486877206,0.46249155,0.0396641895119537,0,Robust_UC
2024-09-02 02:00:00,L23,14,18,0.04363632490339753,0.4453065,0.0979916639514526,0,Robust_UC
2024-09-02 02:00:00,L24,14,32,0.006020546246400516,0.44008605,0.0136803842030451,0,Robust_UC
2024-09-02 02:00:00,L25,15,16,0.06899573429041288,0.4610817,0.14963884771486893,0,Robust_UC
2024-09-02 02:00:00,L26,16,17,0.012182239239962676,0.45485459999999994,0.026782710870600576,0,Robust_UC
2024-09-02 02:00:00,L27,16,30,0.037999986791022844,0.4581693,0.08293874511239152,0,Robust_UC
2024-09-02 02:00:00,L28,16,112,0.019977861320515468,0.45823545,0.04359737187621662,0,Robust_UC
2024-09-02 02:00:00,L29,17,18,0.013109733176557836,0.450027,0.02913099253279878,0,Robust_UC
2024-09-02 02:00:00,L30,18,19,0.041663593362888496,0.44684235000000005,0.09324002830727322,0,Robust_UC
2024-09-02 02:00:00,L31,18,33,-0.014548618359828902,0.43447274999999996,0.033485686639332164,0,Robust_UC
2024-09-02 02:00:00,L32,19,20,0.012032510285992726,0.44889165,0.026804932294892826,0,Robust_UC
2024-09-02 02:00:00,L33,20,21,-0.01759857279090304,0.4478571,0.03929506262355345,0,Robust_UC
2024-09-02 02:00:00,L34,21,22,-0.01667107885430788,0.44536679999999995,0.037432244285626776,0,Robust_UC
2024-09-02 02:00:00,L35,22,23,-0.035484982497695106,0.44873865,0.07907716996896769,0,Robust_UC
2024-09-02 02:00:00,L36,22,24,-0.006981971590941882,0.46183050000000003,0.015118039174419796,0,Robust_UC
2024-09-02 02:00:00,L37,22,31,-0.0038352078425660714,0.45421199999999995,0.008443651516397787,0,Robust_UC
2024-09-02 02:00:00,L38,23,69,-0.02499062248422973,0.45931230000000006,0.054408781311168296,0,Robust_UC
2024-09-02 02:00:00,L39,23,71,-0.009566866076870116,0.4599009,0.02080201642760455,0,Robust_UC
2024-09-02 02:00:00,L40,24,26,0.019503037554129403,0.47735999999999995,0.04085603643817958,0,Robust_UC
2024-09-02 02:00:00,L41,25,24,0.025557515208476128,0.46950525,0.05443499344996915,0,Robust_UC
2024-09-02 02:00:00,L42,25,29,-0.024630021271880968,0.49041270000000003,0.050223049427310845,0,Robust_UC
2024-09-02 02:00:00,L43,26,27,0.023217915212776864,0.4620879,0.05024566800553935,0,Robust_UC
2024-09-02 02:00:00,L44,26,31,-0.0163562738057536,0.46563795,0.03512659096139737,0,Robust_UC
2024-09-02 02:00:00,L45,26,114,-0.006379585205179692,0.46550745000000004,0.01370458239750984,0,Robust_UC
2024-09-02 02:00:00,L46,27,28,-0.006413167864118951,0.4483323000000001,0.01430449660691177,0,Robust_UC
2024-09-02 02:00:00,L47,28,30,-0.036044250941014766,0.45279359999999996,0.07960415284362404,0,Robust_UC
2024-09-02 02:00:00,L48,29,16,0.012451083651106296,0.43184340000000004,0.028832404642762387,0,Robust_UC
2024-09-02 02:00:00,L49,29,37,-0.002410365112781254,0.45085634999999996,0.005346193111799921,0,Robust_UC
2024-09-02 02:00:00,L50,30,31,0.002883229786603242,0.46224135,0.006237498628375073,0,Robust_UC
2024-09-02 02:00:00,L51,31,112,-0.020905355257110625,0.4596003,0.045485947805322634,0,Robust_UC
2024-09-02 02:00:00,L52,31,113,0.004524597331989374,0.4587453,0.009862983516102234,0,Robust_UC
2024-09-02 02:00:00,L53,32,36,0.006948040182995677,0.44337555,0.015670778830712873,0,Robust_UC
2024-09-02 02:00:00,L54,33,35,0.01407185070100801,0.4240296,0.03318601036580467,0,Robust_UC
2024-09-02 02:00:00,L55,33,36,-0.01611912011417249,0.439407,0.03668380365850451,0,Robust_UC
2024-09-02 02:00:00,L56,33,42,-0.011573855010068683,0.42826275,0.02702512653754893,0,Robust_UC
2024-09-02 02:00:00,L57,34,35,0.015559232375887804,0.41669639999999997,0.03733949315589913,0,Robust_UC
2024-09-02 02:00:00,L58,34,36,-0.014631738439292644,0.43463609999999997,0.033664342283792455,0,Robust_UC
2024-09-02 02:00:00,L59,36,38,-0.004772378554687004,0.4179312,0.011419053075451184,0,Robust_UC
2024-09-02 02:00:00,L60,36,39,-0.008617263172778847,0.42110369999999997,0.020463518066402283,0,Robust_UC
2024-09-02 02:00:00,L61,37,36,0.009485682706408531,0.42873479999999997,0.022124825664743174,0,Robust_UC
2024-09-02 02:00:00,L62,37,64,-0.010968553882594656,0.4476339,0.02450340307692214,0,Robust_UC
2024-09-02 02:00:00,L63,38,39,-0.003844884618091843,0.41823045000000003,0.009193220192580055,0,Robust_UC
2024-09-02 02:00:00,L64,39,40,-0.004154049263623564,0.40557600000000005,0.010242344871549508,0,Robust_UC
2024-09-02 02:00:00,L65,39,41,-0.007380604590651966,0.40464315,0.018239786317035062,0,Robust_UC
2024-09-02 02:00:00,L66,40,41,-0.003226555327028403,0.39123045,0.008247198874802313,0,Robust_UC
2024-09-02 02:00:00,L67,41,48,-0.004839832990542604,0.4087377,0.011840926321556844,0,Robust_UC
2024-09-02 02:00:00,L68,41,48,-0.004839832990542604,0.4087377,0.011840926321556844,0,Robust_UC
2024-09-02 02:00:00,L69,42,43,-0.010646361073473522,0.40999949999999996,0.025966765992332975,0,Robust_UC
2024-09-02 02:00:00,L70,43,44,-0.009718867136878362,0.40325445000000004,0.024101078455249187,0,Robust_UC
2024-09-02 02:00:00,L71,44,45,-0.0037736355525579968,0.40862249999999994,0.009235016555764789,0,Robust_UC
2024-09-02 02:00:00,L72,44,48,-0.00501773764772534,0.4070493,0.012327100544640023,0,Robust_UC
2024-09-02 02:00:00,L73,45,46,-0.0017603436000816486,0.41366655,0.00425546518102962,0,Robust_UC
2024-09-02 02:00:00,L74,45,47,-0.001085798015881264,0.4011075,0.002707000033360792,0,Robust_UC
2024-09-02 02:00:00,L75,46,48,0.0005162415049143054,0.4187385,0.0012328493914801372,0,Robust_UC
2024-09-02 02:00:00,L76,46,68,-0.0013490911684007623,0.4384908,0.0030766692674071205,0,Robust_UC
2024-09-02 02:00:00,L77,47,48,-0.00015830407928610346,0.40457519999999997,0.0003912846839996705,0,Robust_UC
2024-09-02 02:00:00,L78,48,49,-0.0020113685986325757,0.39897134999999995,0.005041386050984804,0,Robust_UC
2024-09-02 02:00:00,L79,48,50,-0.0025769993632047683,0.40236885000000006,0.006404569745408394,0,Robust_UC
2024-09-02 02:00:00,L80,48,53,-0.0023398559939944996,0.3954167999999999,0.005917442035832823,0,Robust_UC
2024-09-02 02:00:00,L81,48,53,-0.0023398559939944996,0.3954167999999999,0.005917442035832823,0,Robust_UC
2024-09-02 02:00:00,L82,48,65,-0.0011392798217234046,0.39777435,0.0028641359648338425,0,Robust_UC
2024-09-02 02:00:00,L83,48,65,-0.0011392798217234046,0.39777435,0.0028641359648338425,0,Robust_UC
2024-09-02 02:00:00,L84,48,68,-0.0018653326733150677,0.4296312,0.004341706731994948,0,Robust_UC
2024-09-02 02:00:00,L85,49,56,-0.0010838746620374154,0.3910211999999999,0.002771907666483085,0,Robust_UC
2024-09-02 02:00:00,L86,50,51,-0.0008484461468584101,0.3955477499999999,0.0021449904514901433,0,Robust_UC
2024-09-02 02:00:00,L87,50,57,-0.0008010592797513226,0.39069719999999997,0.00205033278905332,0,Robust_UC
2024-09-02 02:00:00,L88,51,52,7.904778973675045e-05,0.39259799999999995,0.00020134537042152648,0,Robust_UC
2024-09-02 02:00:00,L89,52,53,0.001006541726331911,0.3896531999999999,0.002583173258507594,0,Robust_UC
2024-09-02 02:00:00,L90,53,54,-0.0009182925654142582,0.39000644999999995,0.0023545573808183384,0,Robust_UC
2024-09-02 02:00:00,L91,53,55,-0.0009117679921177291,0.3958191,0.002303496703715736,0,Robust_UC
2024-09-02 02:00:00,L92,53,58,-0.0009156157675300203,0.39852405,0.0022975169692519694,0,Robust_UC
2024-09-02 02:00:00,L93,54,55,6.5245732965291126e-06,0.4016862,1.6242961039062612e-05,0,Robust_UC
2024-09-02 02:00:00,L94,54,58,2.6767978842379136e-06,0.4043151,6.620573617552038e-06,0,Robust_UC
2024-09-02 02:00:00,L95,55,56,0.00015638072544225481,0.3986478,0.0003922779090772728,0,Robust_UC
2024-09-02 02:00:00,L96,55,57,-0.00012643465684383792,0.39793725,0.0003177251107903015,0,Robust_UC
2024-09-02 02:00:00,L97,55,58,-3.847775412291199e-06,0.4030442999999999,9.54678037201171e-06,0,Robust_UC
2024-09-02 02:00:00,L98,55,58,-3.847775412291199e-06,0.4030442999999999,9.54678037201171e-06,0,Robust_UC
2024-09-02 02:00:00,L99,58,59,-0.00010446634701083424,0.40467014999999995,0.00025815184789595736,0,Robust_UC
2024-09-02 02:00:00,L100,58,60,0.00010461143926032701,0.4054855499999999,0.00025799054802403445,0,Robust_UC
2024-09-02 02:00:00,L101,59,60,0.00020907778627116125,0.40244399999999997,0.0005195201972725677,0,Robust_UC
2024-09-02 02:00:00,L102,59,61,0.0006139498033132518,0.39771765000000003,0.0015436825680561366,0,Robust_UC
2024-09-02 02:00:00,L103,60,61,0.0004048720170420905,0.40714334999999996,0.0009944212942249715,0,Robust_UC
2024-09-02 02:00:00,L104,61,65,0.0016067084834986978,0.3972222,0.0040448607441847355,0,Robust_UC
2024-09-02 02:00:00,L105,61,66,0.0003396072734517565,0.39332924999999996,0.0008634172857771359,0,Robust_UC
2024-09-02 02:00:00,L106,62,58,-6.714323874875707e-06,0.39946275,1.680838544989666e-05,0,Robust_UC
2024-09-02 02:00:00,L107,62,63,0.0009342082604700349,0.41746949999999994,0.002237788055103511,0,Robust_UC
2024-09-02 02:00:00,L108,63,60,-0.000836311145084597,0.41296904999999995,0.002025118214269561,0,Robust_UC
2024-09-02 02:00:00,L109,63,64,0.002698013342149791,0.43310475000000004,0.0062294706815147856,0,Robust_UC
2024-09-02 02:00:00,L110,64,65,-0.0015227439866936088,0.40997745,0.0037142140054132458,0,Robust_UC
2024-09-02 02:00:00,L111,64,67,-0.005820302617156237,0.4259655,0.013663788774340262,0,Robust_UC
2024-09-02 02:00:00,L112,65,66,-0.001267101210046917,0.3897558,0.0032510130960127265,0,Robust_UC
2024-09-02 02:00:00,L113,67,68,0.003571505778870982,0.42175935,0.008468112867849835,0,Robust_UC
2024-09-02 02:00:00,L114,68,69,0.012321618923035349,0.4676526,0.02634780373943254,0,Robust_UC
2024-09-02 02:00:00,L115,68,74,0.000280187640777807,0.46387259999999997,0.0006040185188299698,0,Robust_UC
2024-09-02 02:00:00,L116,68,76,-0.011317230690062685,0.46089945,0.02455466303998125,0,Robust_UC
2024-09-02 02:00:00,L117,69,70,0.006784384267084637,0.48076784999999994,0.014111559803935803,0,Robust_UC
2024-09-02 02:00:00,L118,69,73,-0.006484462609426363,0.46896209999999994,0.013827263673176072,0,Robust_UC
2024-09-02 02:00:00,L119,69,74,-0.012041431282257542,0.4695489,0.025644679994474572,0,Robust_UC
2024-09-02 02:00:00,L120,70,71,0.008639372140274956,0.4724307,0.018287067585309246,0,Robust_UC
2024-09-02 02:00:00,L121,70,72,-0.0009274939365951605,0.47952539999999994,0.0019341914663856402,0,Robust_UC
2024-09-02 02:00:00,L122,73,74,-0.005556968672831203,0.46119104999999994,0.012049168501494562,0,Robust_UC
2024-09-02 02:00:00,L123,74,76,-0.011597418330840492,0.4539825,0.02554595899806819,0,Robust_UC
2024-09-02 02:00:00,L124,74,117,-0.004793300046875323,0.45529604999999995,0.010527875317335443,0,Robust_UC
2024-09-02 02:00:00,L125,75,76,-0.0029383121736850054,0.45588735,0.006445259281015376,0,Robust_UC
2024-09-02 02:00:00,L126,75,117,0.003865806110280164,0.45673109999999995,0.008464074616946744,0,Robust_UC
2024-09-02 02:00:00,L127,76,77,-0.0030609680025574593,0.45733409999999997,0.006693067502636387,0,Robust_UC
2024-09-02 02:00:00,L128,76,79,-0.00640042219788689,0.46158479999999996,0.013866189263352889,0,Robust_UC
2024-09-02 02:00:00,L129,76,79,-0.00640042219788689,0.46158479999999996,0.013866189263352889,0,Robust_UC
2024-09-02 02:00:00,L130,76,81,-0.009063654859661874,0.4439799,0.020414561244015493,0,Robust_UC
2024-09-02 02:00:00,L131,77,78,-0.0021334740659623005,0.46037205,0.004634238907340923,0,Robust_UC
2024-09-02 02:00:00,L132,78,79,-0.001205980129367142,0.4680846,0.002576414881769539,0,Robust_UC
2024-09-02 02:00:00,L133,79,95,-0.004698420898157307,0.45877815,0.010241161001580627,0,Robust_UC
2024-09-02 02:00:00,L134,79,96,-0.0028129574173762495,0.4622265,0.006085668860128637,0,Robust_UC
2024-09-02 02:00:00,L135,79,97,-0.006088639429627169,0.45446895,0.013397261638286112,0,Robust_UC
2024-09-02 02:00:00,L136,79,98,-0.006088639429627169,0.45136889999999996,0.01348927546764336,0,Robust_UC
2024-09-02 02:00:00,L137,80,67,0.0075368205228369,0.42432525,0.017761894968156857,0,Robust_UC
2024-09-02 02:00:00,L138,80,79,-0.006609326586241741,0.4447107,0.014862081317678529,0,Robust_UC
2024-09-02 02:00:00,L139,81,82,-0.006100972686684352,0.41420925,0.01472920434945466,0,Robust_UC
2024-09-02 02:00:00,L140,81,95,-0.0020351882363823237,0.43829415000000005,0.0046434300717504975,0,Robust_UC
2024-09-02 02:00:00,L141,82,83,-0.0020336575622281142,0.39458204999999996,0.005153953562327821,0,Robust_UC
2024-09-02 02:00:00,L142,82,84,-0.003139821187861047,0.3999167999999999,0.00785118601634402,0,Robust_UC
2024-09-02 02:00:00,L143,83,84,-0.0011061636256329554,0.39645810000000004,0.0027901148334034676,0,Robust_UC
2024-09-02 02:00:00,L144,84,85,-0.0018549878731903176,0.3914244,0.004739070617954112,0,Robust_UC
2024-09-02 02:00:00,L145,84,87,-0.0007969989801012382,0.39516345,0.0020168843553249626,0,Robust_UC
2024-09-02 02:00:00,L146,84,88,-0.000666504023607295,0.4019147999999999,0.001658321673168779,0,Robust_UC
2024-09-02 02:00:00,L147,86,85,0.0009274939365951592,0.39086639999999995,0.002372918052293979,0,Robust_UC
2024-09-02 02:00:00,L148,87,88,0.00013049495649392062,0.4042053,0.00032284325933856046,0,Robust_UC
2024-09-02 02:00:00,L149,88,89,-0.00043112322917411333,0.40541309999999997,0.0010634171149726374,0,Robust_UC
2024-09-02 02:00:00,L150,88,89,-0.00043112322917411333,0.40541309999999997,0.0010634171149726374,0,Robust_UC
2024-09-02 02:00:00,L151,88,91,0.0006268656639148995,0.4205952,0.0014904251496804992,0,Robust_UC
2024-09-02 02:00:00,L152,88,91,0.0006268656639148995,0.4205952,0.0014904251496804992,0,Robust_UC
2024-09-02 02:00:00,L153,89,90,6.524747824693212e-05,0.4110435,0.00015873618788992436,0,Robust_UC
2024-09-02 02:00:00,L154,90,91,0.000992741414842091,0.4120173,0.0024094653667263268,0,Robust_UC
2024-09-02 02:00:00,L155,91,92,0.0007495977938207551,0.42888149999999997,0.001747796987794426,0,Robust_UC
2024-09-02 02:00:00,L156,91,93,0.0024266895242366915,0.43883415,0.00552985569659219,0,Robust_UC
2024-09-02 02:00:00,L157,91,99,0.0006938799733536283,0.44392455,0.0015630583470853962,0,Robust_UC
2024-09-02 02:00:00,L158,91,101,-0.0006962006121439494,0.42955829999999995,0.0016207360261551213,0,Robust_UC
2024-09-02 02:00:00,L159,92,93,0.0016770917304159139,0.42974144999999997,0.0039025598541074266,0,Robust_UC
2024-09-02 02:00:00,L160,93,94,0.0019455302685118022,0.43766505,0.004445249325966975,0,Robust_UC
2024-09-02 02:00:00,L161,93,95,0.004818554473618786,0.44072775,0.010933176941136078,0,Robust_UC
2024-09-02 02:00:00,L162,93,99,-0.0017328095508830632,0.43965765,0.003941270101596238,0,Robust_UC
2024-09-02 02:00:00,L163,94,95,0.002873024205106961,0.44839035,0.006407417566205341,0,Robust_UC
2024-09-02 02:00:00,L164,95,96,0.0018854634807810577,0.448173,0.004206999263188674,0,Robust_UC
2024-09-02 02:00:00,L165,97,99,-0.00516114549303201,0.44912655,0.011491517241703946,0,Robust_UC
2024-09-02 02:00:00,L166,98,99,-0.00516114549303201,0.45188685000000006,0.011421322601071506,0,Robust_UC
2024-09-02 02:00:00,L167,99,100,-0.0011587872610463682,0.43812359999999995,0.0026448866508135336,0,Robust_UC
2024-09-02 02:00:00,L168,99,102,-0.0035308734689692423,0.43870275000000003,0.008048441613300218,0,Robust_UC
2024-09-02 02:00:00,L169,99,103,-0.0028080678494157296,0.43720425000000007,0.006422782599701922,0,Robust_UC
2024-09-02 02:00:00,L170,99,105,-0.0029359980475667903,0.43469955,0.00675408577617987,0,Robust_UC
2024-09-02 02:00:00,L171,100,101,-0.00023129332445120943,0.4286331,0.0005396067743046663,0,Robust_UC
2024-09-02 02:00:00,L172,102,103,0.0007228056195535126,0.43662375000000003,0.001655442745735917,0,Robust_UC
2024-09-02 02:00:00,L173,102,104,-0.0004349626737135681,0.44366490000000003,0.0009803855876666559,0,Robust_UC
2024-09-02 02:00:00,L174,102,109,-0.0028912224782138684,0.44718525,0.006465379791068396,0,Robust_UC
2024-09-02 02:00:00,L175,103,104,-0.0011577682932670808,0.44274915,0.0026149531699091477,0,Robust_UC
2024-09-02 02:00:00,L176,104,105,0.0010298380951160313,0.43414425,0.0023721104105744375,0,Robust_UC
2024-09-02 02:00:00,L177,104,106,5.117207926042498e-05,0.43364069999999993,0.00011800571131912893,0,Robust_UC
2024-09-02 02:00:00,L178,104,107,-0.0017462472047619255,0.43805879999999997,0.003986330613063647,0,Robust_UC
2024-09-02 02:00:00,L179,105,106,-0.0009786660158555838,0.42798780000000003,0.002286668021508052,0,Robust_UC
2024-09-02 02:00:00,L180,107,108,-0.0008187532681667668,0.434223,0.001885559420313449,0,Robust_UC
2024-09-02 02:00:00,L181,108,109,0.00010874066842839203,0.44085509999999994,0.00024665852437318303,0,Robust_UC
2024-09-02 02:00:00,L182,109,110,-0.0009274939365951592,0.45429659999999994,0.0020416043980852143,0,Robust_UC
2024-09-02 02:00:00,L183,109,111,-0.0009274939365951588,0.44702910000000007,0.0020747954363489057,0,Robust_UC
2024-09-02 02:00:00,L184,113,114,0.005452091268584533,0.45772335,0.011911324315406967,0,Robust_UC
2024-09-02 02:00:00,L185,115,67,0.0009274939365951588,0.41683365,0.0022250937192694466,0,Robust_UC
2024-09-02 03:00:00,L0,0,1,0.049187508511439076,0.45718064999999997,0.10758878030257642,0,Robust_UC
2024-09-02 03:00:00,L1,0,2,0.13265418562707595,0.46512495,0.2852011822351735,0,Robust_UC
2024-09-02 03:00:00,L2,1,11,0.17195684702896555,0.4639608,0.3706279647525514,0,Robust_UC
2024-09-02 03:00:00,L3,2,4,0.11693335423127371,0.47935529999999993,0.243938794942444,0,Robust_UC
2024-09-02 03:00:00,L4,2,11,0.0884901699133287,0.47404710000000005,0.18666957336798112,0,Robust_UC
2024-09-02 03:00:00,L5,3,4,-0.024984072564321773,0.48887865,0.05110485508893009,0,Robust_UC
2024-09-02 03:00:00,L6,3,10,-0.0022465889181517568,0.48115889999999994,0.004669120571503004,0,Robust_UC
2024-09-02 03:00:00,L7,4,5,0.017749600043158467,0.4736699999999999,0.037472502043951424,0,Robust_UC
2024-09-02 03:00:00,L8,4,10,0.022737483646170016,0.4689422999999999,0.04848674057804131,0,Robust_UC
2024-09-02 03:00:00,L9,5,6,-0.009481061439315062,0.47463750000000005,0.019975373710073605,0,Robust_UC
2024-09-02 03:00:00,L10,6,11,-0.03671172292178859,0.46125135000000006,0.07959157826158901,0,Robust_UC
2024-09-02 03:00:00,L11,7,4,-0.053303892116138604,0.46494315,0.11464604245946758,0,Robust_UC
2024-09-02 03:00:00,L12,7,8,-0.0036833882770301403,0.47818215000000003,0.007702897895770764,0,Robust_UC
2024-09-02 03:00:00,L13,7,29,0.029756618910695212,0.4767741,0.06241240644299934,0,Robust_UC
2024-09-02 03:00:00,L14,8,9,-0.0018416941385150701,0.4640742,0.003968533778682525,0,Robust_UC
2024-09-02 03:00:00,L15,10,11,-0.05118066796411516,0.46967895,0.10896947364601961,0,Robust_UC
2024-09-02 03:00:00,L16,10,12,0.04444090120966008,0.4599243,0.09662655617383138,0,Robust_UC
2024-09-02 03:00:00,L17,11,13,0.07003123519171767,0.4556205,0.153705189278616,0,Robust_UC
2024-09-02 03:00:00,L18,11,15,0.07713442352071431,0.45897435,0.16805824447643822,0,Robust_UC
2024-09-02 03:00:00,L19,11,116,-0.0018416941385150706,0.45655065,0.004033931697425183,0,Robust_UC
2024-09-02 03:00:00,L20,12,14,0.01721023972718655,0.45675720000000003,0.03767918650693749,0,Robust_UC
2024-09-02 03:00:00,L21,13,14,0.04280057370924413,0.45888344999999997,0.09327112082434905,0,Robust_UC
2024-09-02 03:00:00,L22,14,16,0.014206376658031823,0.46249155,0.030717051280248955,0,Robust_UC
2024-09-02 03:00:00,L23,14,18,0.025844603404869486,0.4453065,0.05803778612005324,0,Robust_UC
2024-09-02 03:00:00,L24,14,32,0.021801527512044436,0.44008605,0.04953923786505943,0,Robust_UC
2024-09-02 03:00:00,L25,15,16,0.049903762038240776,0.4610817,0.10823192947853011,0,Robust_UC
2024-09-02 03:00:00,L26,16,17,0.019434444114674064,0.45485459999999994,0.042726717757002056,0,Robust_UC
2024-09-02 03:00:00,L27,16,30,0.04169113685285808,0.4581693,0.09099504670622427,0,Robust_UC
2024-09-02 03:00:00,L28,16,112,0.020360742081457654,0.45823545,0.044432926525998055,0,Robust_UC
2024-09-02 03:00:00,L29,17,18,-0.007796217367799466,0.450027,0.017323888050715767,0,Robust_UC
2024-09-02 03:00:00,L30,18,19,0.011361557252155208,0.44684235000000005,0.025426321502774313,0,Robust_UC
2024-09-02 03:00:00,L31,18,33,0.008528522923429881,0.43447274999999996,0.019629592243540894,0,Robust_UC
2024-09-02 03:00:00,L32,19,20,0.013203251390670277,0.44889165,0.029413002872007706,0,Robust_UC
2024-09-02 03:00:00,L33,20,21,0.015044945529185345,0.4478571,0.03359318302464189,0,Robust_UC
2024-09-02 03:00:00,L34,21,22,-0.012185715953288184,0.44536679999999995,0.027361078448793635,0,Robust_UC
2024-09-02 03:00:00,L35,22,23,-0.032649215684986244,0.44873865,0.07275775261387947,0,Robust_UC
2024-09-02 03:00:00,L36,22,24,-0.010268075086606456,0.46183050000000003,0.02223342781952785,0,Robust_UC
2024-09-02 03:00:00,L37,22,31,0.003500913335830965,0.45421199999999995,0.007707663680904435,0,Robust_UC
2024-09-02 03:00:00,L38,23,69,-0.04306821373707975,0.45931230000000006,0.09376673286798491,0,Robust_UC
2024-09-02 03:00:00,L39,23,71,-0.016811663430380017,0.4599009,0.03655496962580421,0,Robust_UC
2024-09-02 03:00:00,L40,24,26,0.014658806167751559,0.47735999999999995,0.030708073922724066,0,Robust_UC
2024-09-02 03:00:00,L41,25,24,0.023085187115842946,0.46950525,0.04916917780119168,0,Robust_UC
2024-09-02 03:00:00,L42,25,29,-0.021243492977327878,0.49041270000000003,0.043317583287153606,0,Robust_UC
2024-09-02 03:00:00,L43,26,27,0.019528618105199614,0.4620879,0.04226169545923971,0,Robust_UC
2024-09-02 03:00:00,L44,26,31,-0.000889817745313437,0.46563795,0.001910964828604363,0,Robust_UC
2024-09-02 03:00:00,L45,26,114,-0.0021383000536195494,0.46550745000000004,0.0045934819166042334,0,Robust_UC
2024-09-02 03:00:00,L46,27,28,-0.007702043377273916,0.4483323000000001,0.017179318503872942,0,Robust_UC
2024-09-02 03:00:00,L47,28,30,-0.013588433921811749,0.45279359999999996,0.030010216402819628,0,Robust_UC
2024-09-02 03:00:00,L48,29,16,0.015534490214177629,0.43184340000000004,0.03597250812256857,0,Robust_UC
2024-09-02 03:00:00,L49,29,37,-0.005179670142295373,0.45085634999999996,0.011488515449090101,0,Robust_UC
2024-09-02 03:00:00,L50,30,31,0.0008720414485726691,0.46224135,0.0018865500643174158,0,Robust_UC
2024-09-02 03:00:00,L51,31,112,-0.022202436219972727,0.4596003,0.04830814126964827,0,Robust_UC
2024-09-02 03:00:00,L52,31,113,-0.0015450882234105915,0.4587453,0.0033680742307563506,0,Robust_UC
2024-09-02 03:00:00,L53,32,36,-0.005429133970429096,0.44337555,0.012245000813484406,0,Robust_UC
2024-09-02 03:00:00,L54,33,35,0.02123041722024617,0.4240296,0.05006824339679628,0,Robust_UC
2024-09-02 03:00:00,L55,33,36,-0.018000732786682072,0.439407,0.04096596728473163,0,Robust_UC
2024-09-02 03:00:00,L56,33,42,-0.021931822992607757,0.42826275,0.051211138471902486,0,Robust_UC
2024-09-02 03:00:00,L57,34,35,0.00600024426222736,0.41669639999999997,0.014399558676838484,0,Robust_UC
2024-09-02 03:00:00,L58,34,36,-0.03323090574470089,0.43463609999999997,0.07645684687650403,0,Robust_UC
2024-09-02 03:00:00,L59,36,38,-0.011260198420575327,0.4179312,0.02694270832274625,0,Robust_UC
2024-09-02 03:00:00,L60,36,39,-0.020678702702628227,0.42110369999999997,0.04910596297925719,0,Robust_UC
2024-09-02 03:00:00,L61,37,36,0.0228801772400934,0.42873479999999997,0.053366736826806226,0,Robust_UC
2024-09-02 03:00:00,L62,37,64,-0.026218153243873703,0.4476339,0.05857052659298973,0,Robust_UC
2024-09-02 03:00:00,L63,38,39,-0.009418504282060258,0.41823045000000003,0.022519891323217276,0,Robust_UC
2024-09-02 03:00:00,L64,39,40,-0.01003240232822947,0.40557600000000005,0.02473618342364802,0,Robust_UC
2024-09-02 03:00:00,L65,39,41,-0.018223110517943897,0.40464315,0.04503501546472218,0,Robust_UC
2024-09-02 03:00:00,L66,40,41,-0.008190708189714402,0.39123045,0.020935763537103007,0,Robust_UC
2024-09-02 03:00:00,L67,41,48,-0.012286062284571575,0.4087377,0.0300585492470393,0,Robust_UC
2024-09-02 03:00:00,L68,41,48,-0.012286062284571575,0.4087377,0.0300585492470393,0,Robust_UC
2024-09-02 03:00:00,L69,42,43,-0.020090128854092688,0.40999949999999996,0.049000374034828556,0,Robust_UC
2024-09-02 03:00:00,L70,43,44,-0.01824843471557762,0.40325445000000004,0.0452529035093788,0,Robust_UC
2024-09-02 03:00:00,L71,44,45,-0.007488518847514798,0.40862249999999994,0.018326251852295944,0,Robust_UC
2024-09-02 03:00:00,L72,44,48,-0.008918221729547753,0.4070493,0.02190943880642407,0,Robust_UC
2024-09-02 03:00:00,L73,45,46,-0.004011126198725718,0.41366655,0.009696520539854425,0,Robust_UC
2024-09-02 03:00:00,L74,45,47,-0.0016356985102740117,0.4011075,0.004077955436570026,0,Robust_UC
2024-09-02 03:00:00,L75,46,48,0.0025814233166927547,0.4187385,0.006164762296021872,0,Robust_UC
2024-09-02 03:00:00,L76,46,68,-0.004750855376903451,0.4384908,0.01083456112854238,0,Robust_UC
2024-09-02 03:00:00,L77,47,48,0.00020599562824105707,0.40457519999999997,0.0005091652386034959,0,Robust_UC
2024-09-02 03:00:00,L78,48,49,-0.003914673761358889,0.39897134999999995,0.00981191697438648,0,Robust_UC
2024-09-02 03:00:00,L79,48,50,-0.005022803964843003,0.40236885000000006,0.01248308353105118,0,Robust_UC
2024-09-02 03:00:00,L80,48,53,-0.004484307464976467,0.3954167999999999,0.011340710523620817,0,Robust_UC
2024-09-02 03:00:00,L81,48,53,-0.004484307464976467,0.3954167999999999,0.011340710523620817,0,Robust_UC
2024-09-02 03:00:00,L82,48,65,-0.0018114309327441624,0.39777435,0.004553915889106883,0,Robust_UC
2024-09-02 03:00:00,L83,48,65,-0.0018114309327441624,0.39777435,0.004553915889106883,0,Robust_UC
2024-09-02 03:00:00,L84,48,68,-0.007332278693596206,0.4296312,0.017066448371524708,0,Robust_UC
2024-09-02 03:00:00,L85,49,56,-0.0020729796228438195,0.3910211999999999,0.0053014507214540285,0,Robust_UC
2024-09-02 03:00:00,L86,50,51,-0.0016621953052262176,0.3955477499999999,0.0042022620662769995,0,Robust_UC
2024-09-02 03:00:00,L87,50,57,-0.0015189145211017586,0.39069719999999997,0.0038877026021731376,0,Robust_UC
2024-09-02 03:00:00,L88,51,52,0.00017949883328885127,0.39259799999999995,0.00045720771193141915,0,Robust_UC
2024-09-02 03:00:00,L89,52,53,0.00202119297180392,0.3896531999999999,0.005187158662636212,0,Robust_UC
2024-09-02 03:00:00,L90,53,54,-0.0017368554895372257,0.39000644999999995,0.004453401961780955,0,Robust_UC
2024-09-02 03:00:00,L91,53,55,-0.0017346314035550092,0.3958191,0.004382384285030736,0,Robust_UC
2024-09-02 03:00:00,L92,53,58,-0.0016342409265416857,0.39852405,0.00410073351041596,0,Robust_UC
2024-09-02 03:00:00,L93,54,55,2.2240859822164616e-06,0.4016862,5.5368742620893166e-06,0,Robust_UC
2024-09-02 03:00:00,L94,54,58,0.00010261456299553995,0.4043151,0.00025379849279816643,0,Robust_UC
2024-09-02 03:00:00,L95,55,56,0.00023128548432875076,0.3986478,0.0005801749923836297,0,Robust_UC
2024-09-02 03:00:00,L96,55,57,-0.0003227796174133102,0.39793725,0.0008111319496058993,0,Robust_UC
2024-09-02 03:00:00,L97,55,58,0.00010039047701332349,0.4030442999999999,0.0002490805030943832,0,Robust_UC
2024-09-02 03:00:00,L98,55,58,0.00010039047701332349,0.4030442999999999,0.0002490805030943832,0,Robust_UC
2024-09-02 03:00:00,L99,58,59,-0.00011042259733262672,0.40467014999999995,0.0002728706264413788,0,Robust_UC
2024-09-02 03:00:00,L100,58,60,0.0003775066288344564,0.4054855499999999,0.0009309989686055557,0,Robust_UC
2024-09-02 03:00:00,L101,59,60,0.0004879292261670831,0.40244399999999997,0.0012124152084938106,0,Robust_UC
2024-09-02 03:00:00,L102,59,61,0.0012433423150154388,0.39771765000000003,0.0031261934566279336,0,Robust_UC
2024-09-02 03:00:00,L103,60,61,0.0007554130888483557,0.40714334999999996,0.0018553983230927282,0,Robust_UC
2024-09-02 03:00:00,L104,61,65,0.003174197741091178,0.3972222,0.007990987767277805,0,Robust_UC
2024-09-02 03:00:00,L105,61,66,0.0006662518012880668,0.39332924999999996,0.0016938780965007482,0,Robust_UC
2024-09-02 03:00:00,L106,62,58,-0.00024376469749385612,0.39946275,0.0006102313607310222,0,Robust_UC
2024-09-02 03:00:00,L107,62,63,0.0020854588360089263,0.41746949999999994,0.004995475923412193,0,Robust_UC
2024-09-02 03:00:00,L108,63,60,-0.0019517169046682952,0.41296904999999995,0.004726060959455183,0,Robust_UC
2024-09-02 03:00:00,L109,63,64,0.005878869879192291,0.43310475000000004,0.01357378296865202,0,Robust_UC
2024-09-02 03:00:00,L110,64,65,-0.0039009759539209493,0.40997745,0.009515098827803698,0,Robust_UC
2024-09-02 03:00:00,L111,64,67,-0.014596613272245394,0.4259655,0.03426712555886661,0,Robust_UC
2024-09-02 03:00:00,L112,65,66,-0.0025079459398031356,0.3897558,0.006434659701800809,0,Robust_UC
2024-09-02 03:00:00,L113,67,68,0.005174789557472377,0.42175935,0.012269531327455757,0,Robust_UC
2024-09-02 03:00:00,L114,68,69,0.01969897285865352,0.4676526,0.042123090641757406,0,Robust_UC
2024-09-02 03:00:00,L115,68,74,-0.001563214265005497,0.46387259999999997,0.0033699215366579036,0,Robust_UC
2024-09-02 03:00:00,L116,68,76,-0.023202408968160226,0.46089945,0.050341585281041726,0,Robust_UC
2024-09-02 03:00:00,L117,69,70,0.011286581014834809,0.48076784999999994,0.02347615593437625,0,Robust_UC
2024-09-02 03:00:00,L118,69,73,-0.01155194063108703,0.46896209999999994,0.024632994075826236,0,Robust_UC
2024-09-02 03:00:00,L119,69,74,-0.021262187123659015,0.4695489,0.04528215724423807,0,Robust_UC
2024-09-02 03:00:00,L120,70,71,0.014969969291864949,0.4724307,0.031687122136357666,0,Robust_UC
2024-09-02 03:00:00,L121,70,72,-0.0018416941385150688,0.47952539999999994,0.003840660241386732,0,Robust_UC
2024-09-02 03:00:00,L122,73,74,-0.009710246492571961,0.46119104999999994,0.02105471581153182,0,Robust_UC
2024-09-02 03:00:00,L123,74,76,-0.02163919470315473,0.4539825,0.047665261773647064,0,Robust_UC
2024-09-02 03:00:00,L124,74,117,-0.009054759039566648,0.45529604999999995,0.01988762924599642,0,Robust_UC
2024-09-02 03:00:00,L125,75,76,-0.005371370762536506,0.45588735,0.011782232524189376,0,Robust_UC
2024-09-02 03:00:00,L126,75,117,0.007213064901051576,0.45673109999999995,0.015792804346039885,0,Robust_UC
2024-09-02 03:00:00,L127,76,77,-0.005943932657239184,0.45733409999999997,0.012996915509338106,0,Robust_UC
2024-09-02 03:00:00,L128,76,79,-0.012306715556172354,0.46158479999999996,0.0266618735196054,0,Robust_UC
2024-09-02 03:00:00,L129,76,79,-0.012306715556172354,0.46158479999999996,0.0266618735196054,0,Robust_UC
2024-09-02 03:00:00,L130,76,81,-0.017813916525753426,0.4439799,0.04012325000693371,0,Robust_UC
2024-09-02 03:00:00,L131,77,78,-0.004102238518724113,0.46037205,0.008910702808139881,0,Robust_UC
2024-09-02 03:00:00,L132,78,79,-0.0022605443802090433,0.4680846,0.00482935003674345,0,Robust_UC
2024-09-02 03:00:00,L133,79,95,-0.009413446864238173,0.45877815,0.02051851611555209,0,Robust_UC
2024-09-02 03:00:00,L134,79,96,-0.0056275705013766105,0.4622265,0.012174919658168908,0,Robust_UC
2024-09-02 03:00:00,L135,79,97,-0.01211879220129918,0.45446895,0.026665830968868567,0,Robust_UC
2024-09-02 03:00:00,L136,79,98,-0.01211879220129918,0.45136889999999996,0.026848974755015645,0,Robust_UC
2024-09-02 03:00:00,L137,80,67,0.01608801455268763,0.42432525,0.03791434648936784,0,Robust_UC
2024-09-02 03:00:00,L138,80,79,-0.01424632041417256,0.4447107,0.032035029546562656,0,Robust_UC
2024-09-02 03:00:00,L139,81,82,-0.012065976492581166,0.41420925,0.02913014736532602,0,Robust_UC
2024-09-02 03:00:00,L140,81,95,-0.003906245894657101,0.43829415000000005,0.008912384284976427,0,Robust_UC
2024-09-02 03:00:00,L141,82,83,-0.004021992164193735,0.39458204999999996,0.010193043916198762,0,Robust_UC
2024-09-02 03:00:00,L142,82,84,-0.006202290189872395,0.3999167999999999,0.015508951336558994,0,Robust_UC
2024-09-02 03:00:00,L143,83,84,-0.0021802980256786647,0.39645810000000004,0.0054994412415301,0,Robust_UC
2024-09-02 03:00:00,L144,84,85,-0.003683388277030141,0.3914244,0.009410216320265525,0,Robust_UC
2024-09-02 03:00:00,L145,84,87,-0.0015663999795069352,0.39516345,0.0039639293044610655,0,Robust_UC
2024-09-02 03:00:00,L146,84,88,-0.0012911058204987946,0.4019147999999999,0.0032123868553703295,0,Robust_UC
2024-09-02 03:00:00,L147,86,85,0.0018416941385150701,0.39086639999999995,0.004711825162037643,0,Robust_UC
2024-09-02 03:00:00,L148,87,88,0.00027529415900813536,0.4042053,0.0006810750848841798,0,Robust_UC
2024-09-02 03:00:00,L149,88,89,-0.0008520235295055078,0.40541309999999997,0.0021016181507344184,0,Robust_UC
2024-09-02 03:00:00,L150,88,89,-0.0008520235295055078,0.40541309999999997,0.0021016181507344184,0,Robust_UC
2024-09-02 03:00:00,L151,88,91,0.0012649647680176845,0.4205952,0.003007558735852631,0,Robust_UC
2024-09-02 03:00:00,L152,88,91,0.0012649647680176845,0.4205952,0.003007558735852631,0,Robust_UC
2024-09-02 03:00:00,L153,89,90,0.00013764707950405467,0.4110435,0.0003348722933316174,0,Robust_UC
2024-09-02 03:00:00,L154,90,91,0.0019793412180191252,0.4120173,0.004804024534938522,0,Robust_UC
2024-09-02 03:00:00,L155,91,92,0.0014922245462197729,0.42888149999999997,0.0034793399720430304,0,Robust_UC
2024-09-02 03:00:00,L156,91,93,0.0048261432309546215,0.43883415,0.010997647359383087,0,Robust_UC
2024-09-02 03:00:00,L157,91,99,0.0014057184404324685,0.44392455,0.003166570626545589,0,Robust_UC
2024-09-02 03:00:00,L158,91,101,-0.001373121325037581,0.42955829999999995,0.0031965889729929117,0,Robust_UC
2024-09-02 03:00:00,L159,92,93,0.0033339186847348434,0.42974144999999997,0.007757963968183296,0,Robust_UC
2024-09-02 03:00:00,L160,93,94,0.0038601622354039414,0.43766505,0.008819900596138398,0,Robust_UC
2024-09-02 03:00:00,L161,93,95,0.009562018609322959,0.44072775,0.021695975824810122,0,Robust_UC
2024-09-02 03:00:00,L162,93,99,-0.003420424790522153,0.43965765,0.007779745878462829,0,Robust_UC
2024-09-02 03:00:00,L163,94,95,0.005701856373919012,0.44839035,0.012716278068693968,0,Robust_UC
2024-09-02 03:00:00,L164,95,96,0.00378587636286154,0.448173,0.008447354844806671,0,Robust_UC
2024-09-02 03:00:00,L165,97,99,-0.01027709806278411,0.44912655,0.022882410453766558,0,Robust_UC
2024-09-02 03:00:00,L166,98,99,-0.01027709806278411,0.45188685000000006,0.022742635823069665,0,Robust_UC
2024-09-02 03:00:00,L167,99,100,-0.00231026695199256,0.43812359999999995,0.0052730940583720215,0,Robust_UC
2024-09-02 03:00:00,L168,99,102,-0.007011139065243477,0.43870275000000003,0.015981525224638953,0,Robust_UC
2024-09-02 03:00:00,L169,99,103,-0.00557588777109036,0.43720425000000007,0.012753507705129489,0,Robust_UC
2024-09-02 03:00:00,L170,99,105,-0.005829914548816539,0.43469955,0.013411365502486809,0,Robust_UC
2024-09-02 03:00:00,L171,100,101,-0.0004685728134774895,0.4286331,0.0010931792562858295,0,Robust_UC
2024-09-02 03:00:00,L172,102,103,0.001435251294153117,0.43662375000000003,0.0032871580947053773,0,Robust_UC
2024-09-02 03:00:00,L173,102,104,-0.0008636910442690604,0.44366490000000003,0.0019467193466714639,0,Robust_UC
2024-09-02 03:00:00,L174,102,109,-0.005741005176612475,0.44718525,0.01283809154396858,0,Robust_UC
2024-09-02 03:00:00,L175,103,104,-0.0022989423384221774,0.44274915,0.005192426317299937,0,Robust_UC
2024-09-02 03:00:00,L176,104,105,0.002044915560695998,0.43414425,0.004710221454495823,0,Robust_UC
2024-09-02 03:00:00,L177,104,106,0.00010161071109046106,0.43364069999999993,0.0002343200513477196,0,Robust_UC
2024-09-02 03:00:00,L178,104,107,-0.0034674655159628778,0.43805879999999997,0.007915525303824231,0,Robust_UC
2024-09-02 03:00:00,L179,105,106,-0.0019433048496055316,0.42798780000000003,0.004540561318816872,0,Robust_UC
2024-09-02 03:00:00,L180,107,108,-0.0016257713774478072,0.434223,0.003744093190475417,0,Robust_UC
2024-09-02 03:00:00,L181,108,109,0.00021592276106726337,0.44085509999999994,0.0004897817016685605,0,Robust_UC
2024-09-02 03:00:00,L182,109,110,-0.0018416941385150701,0.45429659999999994,0.004053946559395493,0,Robust_UC
2024-09-02 03:00:00,L183,109,111,-0.0018416941385150706,0.44702910000000007,0.004119852910056796,0,Robust_UC
2024-09-02 03:00:00,L184,113,114,0.00029660591510447903,0.45772335,0.0006480025873805194,0,Robust_UC
2024-09-02 03:00:00,L185,115,67,0.0018416941385150706,0.41683365,0.0044182952564292026,0,Robust_UC
2024-09-02 04:00:00,L0,0,1,0.03676414306252926,0.45718064999999997,0.08041491489749023,0,Robust_UC
2024-09-02 04:00:00,L1,0,2,0.11675609700670585,0.46512495,0.25102092890675043,0,Robust_UC
2024-09-02 04:00:00,L2,1,11,0.1602843831317644,0.4639608,0.34546966711792115,0,Robust_UC
2024-09-02 04:00:00,L3,2,4,0.10998390788835315,0.47935529999999993,0.2294413097932852,0,Robust_UC
2024-09-02 04:00:00,L4,2,11,0.08029242918758786,0.47404710000000005,0.16937648007463363,0,Robust_UC
2024-09-02 04:00:00,L5,3,4,-0.02096293450487147,0.48887865,0.0428796277048946,0,Robust_UC
2024-09-02 04:00:00,L6,3,10,-0.005516825425893383,0.48115889999999994,0.011465703795343665,0,Robust_UC
2024-09-02 04:00:00,L7,4,5,0.016582600363843097,0.4736699999999999,0.03500876214208858,0,Robust_UC
2024-09-02 04:00:00,L8,4,10,0.015446109078978087,0.4689422999999999,0.032938186806730996,0,Robust_UC
2024-09-02 04:00:00,L9,5,6,-0.009897159566921755,0.47463750000000005,0.020852038802078966,0,Robust_UC
2024-09-02 04:00:00,L10,6,11,-0.03637691949768661,0.46125135000000006,0.07886571930399033,0,Robust_UC
2024-09-02 04:00:00,L11,7,4,-0.058535856016935034,0.46494315,0.1258989534891202,0,Robust_UC
2024-09-02 04:00:00,L12,7,8,-0.003087184152549058,0.47818215000000003,0.00645608405196442,0,Robust_UC
2024-09-02 04:00:00,L13,7,29,0.03514328023871924,0.4767741,0.07371054811643342,0,Robust_UC
2024-09-02 04:00:00,L14,8,9,-0.001543592076274529,0.4640742,0.003326175159650179,0,Robust_UC
2024-09-02 04:00:00,L15,10,11,-0.04513758777974328,0.46967895,0.09610306738197076,0,Robust_UC
2024-09-02 04:00:00,L16,10,12,0.05661046350910252,0.4599243,0.12308648077325446,0,Robust_UC
2024-09-02 04:00:00,L17,11,13,0.07917925739897416,0.4556205,0.17378335127364586,0,Robust_UC
2024-09-02 04:00:00,L18,11,15,0.08297023179549728,0.45897435,0.18077313426229003,0,Robust_UC
2024-09-02 04:00:00,L19,11,116,-0.0015435920762745282,0.45655065,0.0033809875777737436,0,Robust_UC
2024-09-02 04:00:00,L20,12,14,0.030130703578337664,0.45675720000000003,0.06596656512111393,0,Robust_UC
2024-09-02 04:00:00,L21,13,14,0.052699497468209316,0.45888344999999997,0.11484288105881639,0,Robust_UC
2024-09-02 04:00:00,L22,14,16,0.007581948793045877,0.46249155,0.016393702313146862,0,Robust_UC
2024-09-02 04:00:00,L23,14,18,0.03436921715025287,0.4453065,0.07718103632049582,0,Robust_UC
2024-09-02 04:00:00,L24,14,32,0.01439927517248338,0.44008605,0.032719226552360335,0,Robust_UC
2024-09-02 04:00:00,L25,15,16,0.05649047186473244,0.4610817,0.1225172715914174,0,Robust_UC
2024-09-02 04:00:00,L26,16,17,0.012621838140466229,0.45485459999999994,0.0277491711427481,0,Robust_UC
2024-09-02 04:00:00,L27,16,30,0.04468990700332106,0.4581693,0.09754016038028096,0,Robust_UC
2024-09-02 04:00:00,L28,16,112,0.024394356294075086,0.45823545,0.05323541924588132,0,Robust_UC
2024-09-02 04:00:00,L29,17,18,0.014165430216740757,0.450027,0.031476845204267204,0,Robust_UC
2024-09-02 04:00:00,L30,18,19,0.0443775185855131,0.44684235000000005,0.09931359143893388,0,Robust_UC
2024-09-02 04:00:00,L31,18,33,-0.022322631149284313,0.43447274999999996,0.051378667935524876,0,Robust_UC
2024-09-02 04:00:00,L32,19,20,0.01789775865474824,0.44889165,0.03987099928178268,0,Robust_UC
2024-09-02 04:00:00,L33,20,21,-0.008582001276016611,0.4478571,0.01916236512945002,0,Robust_UC
2024-09-02 04:00:00,L34,21,22,-0.035061761206781464,0.44536679999999995,0.07872558351179627,0,Robust_UC
2024-09-02 04:00:00,L35,22,23,-0.030636479608718466,0.44873865,0.06827243342805098,0,Robust_UC
2024-09-02 04:00:00,L36,22,24,-0.007795211071543573,0.46183050000000003,0.016878943836631778,0,Robust_UC
2024-09-02 04:00:00,L37,22,31,0.004913521549754718,0.45421199999999995,0.010817683261901311,0,Robust_UC
2024-09-02 04:00:00,L38,23,69,-0.041293587578337954,0.45931230000000006,0.08990307374380775,0,Robust_UC
2024-09-02 04:00:00,L39,23,71,-0.015822651961145368,0.4599009,0.034404481402722564,0,Robust_UC
2024-09-02 04:00:00,L40,24,26,0.02137700741633658,0.47735999999999995,0.04478173164139555,0,Robust_UC
2024-09-02 04:00:00,L41,25,24,0.027628626411605548,0.46950525,0.05884625658947488,0,Robust_UC
2024-09-02 04:00:00,L42,25,29,-0.02608503433533102,0.49041270000000003,0.05318996497303397,0,Robust_UC
2024-09-02 04:00:00,L43,26,27,0.012368418443037755,0.4620879,0.026766375927692015,0,Robust_UC
2024-09-02 04:00:00,L44,26,31,-0.008668274795038271,0.46563795,0.018615911342789546,0,Robust_UC
2024-09-02 04:00:00,L45,26,114,-0.004433017007953952,0.46550745000000004,0.009522977576307214,0,Robust_UC
2024-09-02 04:00:00,L46,27,28,-0.014111341487727098,0.4483323000000001,0.03147518367007484,0,Robust_UC
2024-09-02 04:00:00,L47,28,30,-0.01256774941145257,0.45279359999999996,0.027756022636920157,0,Robust_UC
2024-09-02 04:00:00,L48,29,16,0.01609008870380929,0.43184340000000004,0.03725908212053094,0,Robust_UC
2024-09-02 04:00:00,L49,29,37,-0.005488250724146548,0.45085634999999996,0.012172947601040884,0,Robust_UC
2024-09-02 04:00:00,L50,30,31,0.0056423976611036375,0.46224135,0.012206605188184998,0,Robust_UC
2024-09-02 04:00:00,L51,31,112,-0.025937948370349614,0.4596003,0.05643588215749557,0,Robust_UC
2024-09-02 04:00:00,L52,31,113,0.0013458328554048955,0.4587453,0.002933725654311653,0,Robust_UC
2024-09-02 04:00:00,L53,32,36,-0.012080484758281473,0.44337555,0.027246619165809827,0,Robust_UC
2024-09-02 04:00:00,L54,33,35,0.004554926730483044,0.4240296,0.010742001809503497,0,Robust_UC
2024-09-02 04:00:00,L55,33,36,-0.009727795586766664,0.439407,0.022138462943846283,0,Robust_UC
2024-09-02 04:00:00,L56,33,42,-0.015606170216726174,0.42826275,0.036440643545874986,0,Robust_UC
2024-09-02 04:00:00,L57,34,35,-0.006098518806757572,0.41669639999999997,0.014635400754020367,0,Robust_UC
2024-09-02 04:00:00,L58,34,36,-0.02038124112400728,0.43463609999999997,0.04689265600351025,0,Robust_UC
2024-09-02 04:00:00,L59,36,38,-0.008624780139980946,0.4179312,0.020636841996914672,0,Robust_UC
2024-09-02 04:00:00,L60,36,39,-0.015705968203687415,0.42110369999999997,0.03729715080557928,0,Robust_UC
2024-09-02 04:00:00,L61,37,36,0.016315181049112448,0.42873479999999997,0.038054249501352465,0,Robust_UC
2024-09-02 04:00:00,L62,37,64,-0.02025983969698436,0.4476339,0.04525984224381657,0,Robust_UC
2024-09-02 04:00:00,L63,38,39,-0.007081188063706417,0.41823045000000003,0.01693130680395561,0,Robust_UC
2024-09-02 04:00:00,L64,39,40,-0.007595718755797929,0.40557600000000005,0.018728225427041858,0,Robust_UC
2024-09-02 04:00:00,L65,39,41,-0.013647845435321326,0.40464315,0.03372810199634252,0,Robust_UC
2024-09-02 04:00:00,L66,40,41,-0.006052126679523401,0.39123045,0.015469467367694414,0,Robust_UC
2024-09-02 04:00:00,L67,41,48,-0.009078190019285115,0.4087377,0.022210307537780624,0,Robust_UC
2024-09-02 04:00:00,L68,41,48,-0.009078190019285115,0.4087377,0.022210307537780624,0,Robust_UC
2024-09-02 04:00:00,L69,42,43,-0.014062578140451646,0.40999949999999996,0.03429901290233683,0,Robust_UC
2024-09-02 04:00:00,L70,43,44,-0.012518986064177118,0.40325445000000004,0.031044880135053975,0,Robust_UC
2024-09-02 04:00:00,L71,44,45,-0.00500332916419699,0.40862249999999994,0.012244379994241607,0,Robust_UC
2024-09-02 04:00:00,L72,44,48,-0.005972064823705603,0.4070493,0.014671600770976888,0,Robust_UC
2024-09-02 04:00:00,L73,45,46,-0.0022035732200307856,0.41366655,0.005326931123705278,0,Robust_UC
2024-09-02 04:00:00,L74,45,47,-0.0012561638678915722,0.4011075,0.0031317386682910993,0,Robust_UC
2024-09-02 04:00:00,L75,46,48,0.0012348375605221729,0.4187385,0.0029489468021740846,0,Robust_UC
2024-09-02 04:00:00,L76,46,68,-0.0018948187042783782,0.4384908,0.004321227957983105,0,Robust_UC
2024-09-02 04:00:00,L77,47,48,0.000287428208382956,0.40457519999999997,0.0007104444572553039,0,Robust_UC
2024-09-02 04:00:00,L78,48,49,-0.003274729589317023,0.39897134999999995,0.008207931695639357,0,Robust_UC
2024-09-02 04:00:00,L79,48,50,-0.004202299314406799,0.40236885000000006,0.01044389821529872,0,Robust_UC
2024-09-02 04:00:00,L80,48,53,-0.00374558684848747,0.3954167999999999,0.009472503061294995,0,Robust_UC
2024-09-02 04:00:00,L81,48,53,-0.00374558684848747,0.3954167999999999,0.009472503061294995,0,Robust_UC
2024-09-02 04:00:00,L82,48,65,-0.0014823640757984369,0.39777435,0.0037266457120687566,0,Robust_UC
2024-09-02 04:00:00,L83,48,65,-0.0014823640757984369,0.39777435,0.0037266457120687566,0,Robust_UC
2024-09-02 04:00:00,L84,48,68,-0.003129656264800551,0.4296312,0.0072845181281074355,0,Robust_UC
2024-09-02 04:00:00,L85,49,56,-0.0017311375130424946,0.3910211999999999,0.004427221626455279,0,Robust_UC
2024-09-02 04:00:00,L86,50,51,-0.0013913545876347553,0.3955477499999999,0.003517538875229996,0,Robust_UC
2024-09-02 04:00:00,L87,50,57,-0.001267352650497603,0.39069719999999997,0.0032438232229399216,0,Robust_UC
2024-09-02 04:00:00,L88,51,52,0.0001522374886397729,0.39259799999999995,0.0003877693942398406,0,Robust_UC
2024-09-02 04:00:00,L89,52,53,0.0016958295649143011,0.3896531999999999,0.004352151002261245,0,Robust_UC
2024-09-02 04:00:00,L90,53,54,-0.001448836033015155,0.39000644999999995,0.0037149027484421225,0,Robust_UC
2024-09-02 04:00:00,L91,53,55,-0.0014478256906400033,0.3958191,0.003657796429328457,0,Robust_UC
2024-09-02 04:00:00,L92,53,58,-0.0013550903321309926,0.39852405,0.003400272410488131,0,Robust_UC
2024-09-02 04:00:00,L93,54,55,1.0103423751517404e-06,0.4016862,2.515252889324404e-06,0,Robust_UC
2024-09-02 04:00:00,L94,54,58,9.374570088416245e-05,0.4043151,0.00023186297242957894,0,Robust_UC
2024-09-02 04:00:00,L95,55,56,0.0001875454367679663,0.3986478,0.00047045396153689125,0,Robust_UC
2024-09-02 04:00:00,L96,55,57,-0.0002762394257769252,0.39793725,0.0006941783554490693,0,Robust_UC
2024-09-02 04:00:00,L97,55,58,9.273535850901071e-05,0.4030442999999999,0.00023008725966106142,0,Robust_UC
2024-09-02 04:00:00,L98,55,58,9.273535850901071e-05,0.4030442999999999,0.00023008725966106142,0,Robust_UC
2024-09-02 04:00:00,L99,58,59,-8.483143073656496e-05,0.40467014999999995,0.0002096310556549945,0,Robust_UC
2024-09-02 04:00:00,L100,58,60,0.00032990936269894355,0.4054855499999999,0.0008136155843258622,0,Robust_UC
2024-09-02 04:00:00,L101,59,60,0.0004147407934355085,0.40244399999999997,0.0010305552907622143,0,Robust_UC
2024-09-02 04:00:00,L102,59,61,0.0010440198521024513,0.39771765000000003,0.0026250277102423066,0,Robust_UC
2024-09-02 04:00:00,L103,60,61,0.0006292790586669428,0.40714334999999996,0.0015455958169694848,0,Robust_UC
2024-09-02 04:00:00,L104,61,65,0.0026591246834541393,0.3972222,0.006694300276908338,0,Robust_UC
2024-09-02 04:00:00,L105,61,66,0.0005577663035898038,0.39332924999999996,0.0014180646458146803,0,Robust_UC
2024-09-02 04:00:00,L106,62,58,-0.00022264023008326307,0.39946275,0.0005573491648051366,0,Robust_UC
2024-09-02 04:00:00,L107,62,63,0.0017662323063577922,0.41746949999999994,0.004230805618992028,0,Robust_UC
2024-09-02 04:00:00,L108,63,60,-0.001658963173742125,0.41296904999999995,0.0040171610287553635,0,Robust_UC
2024-09-02 04:00:00,L109,63,64,0.004968787556374446,0.43310475000000004,0.011472484558006917,0,Robust_UC
2024-09-02 04:00:00,L110,64,65,-0.003339346987995484,0.40997745,0.008145196737029034,0,Robust_UC
2024-09-02 04:00:00,L111,64,67,-0.010408113076339888,0.4259655,0.02443416914360409,0,Robust_UC
2024-09-02 04:00:00,L112,65,66,-0.002101358379864332,0.3897558,0.0053914743022793555,0,Robust_UC
2024-09-02 04:00:00,L113,67,68,0.005421473899342289,0.42175935,0.012854424921088979,0,Robust_UC
2024-09-02 04:00:00,L114,68,69,0.020313534229552233,0.4676526,0.04343723146102948,0,Robust_UC
2024-09-02 04:00:00,L115,68,74,0.00040917358508840707,0.46387259999999997,0.000882081815326896,0,Robust_UC
2024-09-02 04:00:00,L116,68,76,-0.018782116808102434,0.46089945,0.04075100720580689,0,Robust_UC
2024-09-02 04:00:00,L117,69,70,0.011191875732321784,0.48076784999999994,0.023279168381000904,0,Robust_UC
2024-09-02 04:00:00,L118,69,73,-0.010723976360369179,0.46896209999999994,0.022867469163007373,0,Robust_UC
2024-09-02 04:00:00,L119,69,74,-0.019904360644463825,0.4695489,0.04239038925331062,0,Robust_UC
2024-09-02 04:00:00,L120,70,71,0.01427905988487084,0.4724307,0.030224665511514898,0,Robust_UC
2024-09-02 04:00:00,L121,70,72,-0.0015435920762745282,0.47952539999999994,0.0032189996114377435,0,Robust_UC
2024-09-02 04:00:00,L122,73,74,-0.00918038428409465,0.46119104999999994,0.019905816221053405,0,Robust_UC
2024-09-02 04:00:00,L123,74,76,-0.01919129039319084,0.4539825,0.04227319421605644,0,Robust_UC
2024-09-02 04:00:00,L124,74,117,-0.007940688874004807,0.45529604999999995,0.017440715494906684,0,Robust_UC
2024-09-02 04:00:00,L125,75,76,-0.004853504721455752,0.45588735,0.010646280756541613,0,Robust_UC
2024-09-02 04:00:00,L126,75,117,0.00639709679773028,0.45673109999999995,0.014006264950493365,0,Robust_UC
2024-09-02 04:00:00,L127,76,77,-0.005070448963351725,0.45733409999999997,0.011086968943168081,0,Robust_UC
2024-09-02 04:00:00,L128,76,79,-0.01058057066123158,0.46158479999999996,0.022922268370257386,0,Robust_UC
2024-09-02 04:00:00,L129,76,79,-0.01058057066123158,0.46158479999999996,0.022922268370257386,0,Robust_UC
2024-09-02 04:00:00,L130,76,81,-0.015051729560659532,0.4439799,0.033901826548137726,0,Robust_UC
2024-09-02 04:00:00,L131,77,78,-0.003526856887077197,0.46037205,0.0076608840329841854,0,Robust_UC
2024-09-02 04:00:00,L132,78,79,-0.0019832648108026687,0.4680846,0.004236979406719786,0,Robust_UC
2024-09-02 04:00:00,L133,79,95,-0.007834295278071002,0.45877815,0.017076435043977142,0,Robust_UC
2024-09-02 04:00:00,L134,79,96,-0.004688943677172763,0.4622265,0.01014425541844261,0,Robust_UC
2024-09-02 04:00:00,L135,79,97,-0.0101381929243031,0.45446895,0.022307779055759695,0,Robust_UC
2024-09-02 04:00:00,L136,79,98,-0.0101381929243031,0.45136889999999996,0.022460991274106615,0,Robust_UC
2024-09-02 04:00:00,L137,80,67,0.012742402823133117,0.42432525,0.030029801014983478,0,Robust_UC
2024-09-02 04:00:00,L138,80,79,-0.011198810746858589,0.4447107,0.02518223813112342,0,Robust_UC
2024-09-02 04:00:00,L139,81,82,-0.010145001105741952,0.41420925,0.024492454250459046,0,Robust_UC
2024-09-02 04:00:00,L140,81,95,-0.00336313637864305,0.43829415000000005,0.007673240399496662,0,Robust_UC
2024-09-02 04:00:00,L141,82,83,-0.0033816670352473273,0.39458204999999996,0.008570250560681428,0,Robust_UC
2024-09-02 04:00:00,L142,82,84,-0.005219741994220123,0.3999167999999999,0.013052069816072053,0,Robust_UC
2024-09-02 04:00:00,L143,83,84,-0.001838074958972799,0.39645810000000004,0.004636240144854649,0,Robust_UC
2024-09-02 04:00:00,L144,84,85,-0.0030871841525490565,0.3914244,0.007887050864864471,0,Robust_UC
2024-09-02 04:00:00,L145,84,87,-0.0013235442668812665,0.39516345,0.0033493590231618497,0,Robust_UC
2024-09-02 04:00:00,L146,84,88,-0.0011034964574880013,0.4019147999999999,0.0027455979662555385,0,Robust_UC
2024-09-02 04:00:00,L147,86,85,0.001543592076274529,0.39086639999999995,0.003949155200535347,0,Robust_UC
2024-09-02 04:00:00,L148,87,88,0.00022004780939326174,0.4042053,0.0005443961506523089,0,Robust_UC
2024-09-02 04:00:00,L149,88,89,-0.0007167840857889518,0.40541309999999997,0.0017680338543301928,0,Robust_UC
2024-09-02 04:00:00,L150,88,89,-0.0007167840857889518,0.40541309999999997,0.0017680338543301928,0,Robust_UC
2024-09-02 04:00:00,L151,88,91,0.0010468557998788153,0.4205952,0.0024889865597106558,0,Robust_UC
2024-09-02 04:00:00,L152,88,91,0.0010468557998788153,0.4205952,0.0024889865597106558,0,Robust_UC
2024-09-02 04:00:00,L153,89,90,0.00011002390469662458,0.4110435,0.0002676697349468477,0,Robust_UC
2024-09-02 04:00:00,L154,90,91,0.0016536159809711528,0.4120173,0.004013462495315495,0,Robust_UC
2024-09-02 04:00:00,L155,91,92,0.0012481959369265959,0.42888149999999997,0.0029103515468179345,0,Robust_UC
2024-09-02 04:00:00,L156,91,93,0.0040399839501277235,0.43883415,0.009206174929931327,0,Robust_UC
2024-09-02 04:00:00,L157,91,99,0.001159748884667522,0.44392455,0.0026124909844871657,0,Robust_UC
2024-09-02 04:00:00,L158,91,101,-0.0011570091147186875,0.42955829999999995,0.0026934856449489807,0,Robust_UC
2024-09-02 04:00:00,L159,92,93,0.002791788013201124,0.42974144999999997,0.006496436434514577,0,Robust_UC
2024-09-02 04:00:00,L160,93,94,0.0032373356762629667,0.43766505,0.007396833894465566,0,Robust_UC
2024-09-02 04:00:00,L161,93,95,0.008018263428800465,0.44072775,0.018193234777706794,0,Robust_UC
2024-09-02 04:00:00,L162,93,99,-0.0028802350654602016,0.43965765,0.006551085976691641,0,Robust_UC
2024-09-02 04:00:00,L163,94,95,0.004780927752537495,0.44839035,0.010662423382968645,0,Robust_UC
2024-09-02 04:00:00,L164,95,96,0.0031453516008982385,0.448173,0.007018163969936249,0,Robust_UC
2024-09-02 04:00:00,L165,97,99,-0.008594600848028572,0.44912655,0.019136256469426204,0,Robust_UC
2024-09-02 04:00:00,L166,98,99,-0.008594600848028572,0.45188685000000006,0.01901936479901677,0,Robust_UC
2024-09-02 04:00:00,L167,99,100,-0.001930175037830369,0.43812359999999995,0.004405549114063633,0,Robust_UC
2024-09-02 04:00:00,L168,99,102,-0.005876295352438082,0.43870275000000003,0.013394708267586838,0,Robust_UC
2024-09-02 04:00:00,L169,99,103,-0.004673358079203438,0.43720425000000007,0.01068918721445054,0,Robust_UC
2024-09-02 04:00:00,L170,99,105,-0.0048862673311034,0.43469955,0.011240562202338144,0,Robust_UC
2024-09-02 04:00:00,L171,100,101,-0.00038658296155584065,0.4286331,0.000901897127300343,0,Robust_UC
2024-09-02 04:00:00,L172,102,103,0.0012029372732346444,0.43662375000000003,0.002755088959853064,0,Robust_UC
2024-09-02 04:00:00,L173,102,104,-0.0007238914564597076,0.44366490000000003,0.0016316175935029065,0,Robust_UC
2024-09-02 04:00:00,L174,102,109,-0.004811749092938508,0.44718525,0.010760080062878881,0,Robust_UC
2024-09-02 04:00:00,L175,103,104,-0.001926828729694352,0.44274915,0.004351964830862695,0,Robust_UC
2024-09-02 04:00:00,L176,104,105,0.0017139194777944233,0.43414425,0.003947811073841064,0,Robust_UC
2024-09-02 04:00:00,L177,104,106,8.516370075994581e-05,0.43364069999999993,0.00019639231455890978,0,Robust_UC
2024-09-02 04:00:00,L178,104,107,-0.002906211288434133,0.43805879999999997,0.0066342949586542565,0,Robust_UC
2024-09-02 04:00:00,L179,105,106,-0.001628755777034474,0.42798780000000003,0.0038056126296928884,0,Robust_UC
2024-09-02 04:00:00,L180,107,108,-0.0013626192121596048,0.434223,0.0031380631890977786,0,Robust_UC
2024-09-02 04:00:00,L181,108,109,0.00018097286411492344,0.44085509999999994,0.0004105041863299834,0,Robust_UC
2024-09-02 04:00:00,L182,109,110,-0.001543592076274529,0.45429659999999994,0.003397762774968004,0,Robust_UC
2024-09-02 04:00:00,L183,109,111,-0.0015435920762745282,0.44702910000000007,0.003453001328715576,0,Robust_UC
2024-09-02 04:00:00,L184,113,114,0.0028894249316794235,0.45772335,0.006312601119605158,0,Robust_UC
2024-09-02 04:00:00,L185,115,67,0.0015435920762745282,0.41683365,0.0037031369139092496,0,Robust_UC
2024-09-02 05:00:00,L0,0,1,0.04129692169466061,0.45718064999999997,0.09032954849392819,0,Robust_UC
2024-09-02 05:00:00,L1,0,2,0.11236242512089413,0.46512495,0.24157471045338277,0,Robust_UC
2024-09-02 05:00:00,L2,1,11,0.16495626851021533,0.4639608,0.35553923631094553,0,Robust_UC
2024-09-02 05:00:00,L3,2,4,0.11938241912738123,0.47935529999999993,0.2490478756099729,0,Robust_UC
2024-09-02 05:00:00,L4,2,11,0.09389076508398175,0.47404710000000005,0.19806210202315708,0,Robust_UC
2024-09-02 05:00:00,L5,3,4,-0.009076859699805408,0.48887865,0.018566692777042742,0,Robust_UC
2024-09-02 05:00:00,L6,3,10,0.00998761879027426,0.48115889999999994,0.020757422943385773,0,Robust_UC
2024-09-02 05:00:00,L7,4,5,0.017843435169978772,0.4736699999999999,0.03767060436586395,0,Robust_UC
2024-09-02 05:00:00,L8,4,10,0.019064478490079865,0.4689422999999999,0.04065420946261378,0,Robust_UC
2024-09-02 05:00:00,L9,5,6,-0.008497218014466495,0.47463750000000005,0.0179025424970983,0,Robust_UC
2024-09-02 05:00:00,L10,6,11,-0.03483787119891176,0.46125135000000006,0.07552903899123928,0,Robust_UC
2024-09-02 05:00:00,L11,7,4,-0.07430840485798591,0.46494315,0.15982256079691873,0,Robust_UC
2024-09-02 05:00:00,L12,7,8,-0.0018215181809377022,0.47818215000000003,0.0038092559099868156,0,Robust_UC
2024-09-02 05:00:00,L13,7,29,0.049789269854478346,0.4767741,0.10442947688324167,0,Robust_UC
2024-09-02 05:00:00,L14,8,9,-0.0009107590904688511,0.4640742,0.001962529031928194,0,Robust_UC
2024-09-02 05:00:00,L15,10,11,-0.04455613253347922,0.46967895,0.09486508291137855,0,Robust_UC
2024-09-02 05:00:00,L16,10,12,0.047267576629388075,0.4599243,0.10277251414936779,0,Robust_UC
2024-09-02 05:00:00,L17,11,13,0.08317134903358474,0.4556205,0.18254523015005852,0,Robust_UC
2024-09-02 05:00:00,L18,11,15,0.09810319900915924,0.45897435,0.21374440425518168,0,Robust_UC
2024-09-02 05:00:00,L19,11,116,-0.0009107590904688517,0.45655065,0.0019948697706790074,0,Robust_UC
2024-09-02 05:00:00,L20,12,14,0.04817833571985693,0.45675720000000003,0.10547909418802139,0,Robust_UC
2024-09-02 05:00:00,L21,13,14,0.056830695849139475,0.45888344999999997,0.12384559924560251,0,Robust_UC
2024-09-02 05:00:00,L22,14,16,0.02986369995114917,0.46249155,0.06457134179240501,0,Robust_UC
2024-09-02 05:00:00,L23,14,18,0.05062679569690416,0.4453065,0.11368977478861,0,Robust_UC
2024-09-02 05:00:00,L24,14,32,0.025429295011411918,0.44008605,0.057782551870053406,0,Robust_UC
2024-09-02 05:00:00,L25,15,16,0.07176254582471397,0.4610817,0.15563954462888893,0,Robust_UC
2024-09-02 05:00:00,L26,16,17,0.02355187446510013,0.45485459999999994,0.051778907952343745,0,Robust_UC
2024-09-02 05:00:00,L27,16,30,0.04941564313987956,0.4581693,0.10785454883135898,0,Robust_UC
2024-09-02 05:00:00,L28,16,112,0.022594491064446873,0.45823545,0.04930760172406319,0,Robust_UC
2024-09-02 05:00:00,L29,17,18,-0.0027887787193451377,0.450027,0.0061969142281355066,0,Robust_UC
2024-09-02 05:00:00,L30,18,19,0.022940906142312114,0.44684235000000005,0.05134004451975537,0,Robust_UC
2024-09-02 05:00:00,L31,18,33,-0.001443542349199023,0.43447274999999996,0.0033225152767325985,0,Robust_UC
2024-09-02 05:00:00,L32,19,20,0.023851665232780966,0.44889165,0.05313457096557926,0,Robust_UC
2024-09-02 05:00:00,L33,20,21,-0.002488987951664301,0.4478571,0.005557549387213692,0,Robust_UC
2024-09-02 05:00:00,L34,21,22,-0.028829641136109568,0.44536679999999995,0.06473235350302171,0,Robust_UC
2024-09-02 05:00:00,L35,22,23,-0.03126416742795996,0.44873865,0.06967121603623838,0,Robust_UC
2024-09-02 05:00:00,L36,22,24,-0.0065174178039693964,0.46183050000000003,0.014112142450464826,0,Robust_UC
2024-09-02 05:00:00,L37,22,31,0.009862703186288346,0.45421199999999995,0.02171387630949501,0,Robust_UC
2024-09-02 05:00:00,L38,23,69,-0.021854297162649472,0.45931230000000006,0.047580474467262185,0,Robust_UC
2024-09-02 05:00:00,L39,23,71,-0.008499111174841638,0.4599009,0.01848030994251509,0,Robust_UC
2024-09-02 05:00:00,L40,24,26,0.019846738985291046,0.47735999999999995,0.041576041112139785,0,Robust_UC
2024-09-02 05:00:00,L41,25,24,0.02545339769879159,0.46950525,0.05421323339577479,0,Robust_UC
2024-09-02 05:00:00,L42,25,29,-0.024542638608322738,0.49041270000000003,0.05004486753365632,0,Robust_UC
2024-09-02 05:00:00,L43,26,27,0.026290414492939732,0.4620879,0.056894834279235036,0,Robust_UC
2024-09-02 05:00:00,L44,26,31,-0.0034666179950332277,0.46563795,0.00744487856935464,0,Robust_UC
2024-09-02 05:00:00,L45,26,114,-0.002066298422146594,0.46550745000000004,0.004438808491994261,0,Robust_UC
2024-09-02 05:00:00,L46,27,28,-5.023869150553445e-05,0.4483323000000001,0.00011205681925111004,0,Robust_UC
2024-09-02 05:00:00,L47,28,30,-0.0263908918759508,0.45279359999999996,0.05828459562138423,0,Robust_UC
2024-09-02 05:00:00,L48,29,16,0.020276416078009535,0.43184340000000004,0.04695316885243478,0,Robust_UC
2024-09-02 05:00:00,L49,29,37,0.005880974258617111,0.45085634999999996,0.013044008936809055,0,Robust_UC
2024-09-02 05:00:00,L50,30,31,-0.0033159019205166174,0.46224135,0.00717352941383677,0,Robust_UC
2024-09-02 05:00:00,L51,31,112,-0.023505250154915724,0.4596003,0.05114280855542462,0,Robust_UC
2024-09-02 05:00:00,L52,31,113,0.00024478024120889075,0.4587453,0.0005335863739833209,0,Robust_UC
2024-09-02 05:00:00,L53,32,36,0.006647314649921632,0.44337555,0.014992515148662644,0,Robust_UC
2024-09-02 05:00:00,L54,33,35,0.0024708304390460983,0.4240296,0.005827023488563295,0,Robust_UC
2024-09-02 05:00:00,L55,33,36,-0.01710664368636927,0.439407,0.03893120429662994,0,Robust_UC
2024-09-02 05:00:00,L56,33,42,-0.013148382286317817,0.42826275,0.030701671547006634,0,Robust_UC
2024-09-02 05:00:00,L57,34,35,-0.00338158952951495,0.41669639999999997,0.008115235767611504,0,Robust_UC
2024-09-02 05:00:00,L58,34,36,-0.022959063654930317,0.43463609999999997,0.05282364639046393,0,Robust_UC
2024-09-02 05:00:00,L59,36,38,-0.00560334705393388,0.4179312,0.013407343251554035,0,Robust_UC
2024-09-02 05:00:00,L60,36,39,-0.010295935017398894,0.42110369999999997,0.02444988020147744,0,Robust_UC
2024-09-02 05:00:00,L61,37,36,0.01660835152957635,0.42873479999999997,0.03873805328976409,0,Robust_UC
2024-09-02 05:00:00,L62,37,64,-0.0098166181804904,0.4476339,0.021930015087084333,0,Robust_UC
2024-09-02 05:00:00,L63,38,39,-0.004692587963465028,0.41823045000000003,0.011220101174998205,0,Robust_UC
2024-09-02 05:00:00,L64,39,40,-0.004996174326954553,0.40557600000000005,0.012318712958741524,0,Robust_UC
2024-09-02 05:00:00,L65,39,41,-0.00908158956344024,0.40464315,0.022443453110327555,0,Robust_UC
2024-09-02 05:00:00,L66,40,41,-0.004085415236485701,0.39123045,0.01044247766625962,0,Robust_UC
2024-09-02 05:00:00,L67,41,48,-0.00612812285472869,0.4087377,0.014992800651196821,0,Robust_UC
2024-09-02 05:00:00,L68,41,48,-0.00612812285472869,0.4087377,0.014992800651196821,0,Robust_UC
2024-09-02 05:00:00,L69,42,43,-0.012237623195849076,0.40999949999999996,0.029847897853165863,0,Robust_UC
2024-09-02 05:00:00,L70,43,44,-0.011326864105380224,0.40325445000000004,0.028088627677587248,0,Robust_UC
2024-09-02 05:00:00,L71,44,45,-0.004516683480521311,0.40862249999999994,0.011053438027816167,0,Robust_UC
2024-09-02 05:00:00,L72,44,48,-0.0058994215343899925,0.4070493,0.014493137647921253,0,Robust_UC
2024-09-02 05:00:00,L73,45,46,-0.00245917581788363,0.41366655,0.0059448263773893,0,Robust_UC
2024-09-02 05:00:00,L74,45,47,-0.0011467485721687737,0.4011075,0.0028589556968363185,0,Robust_UC
2024-09-02 05:00:00,L75,46,48,0.001076437764014948,0.4187385,0.002570668242865053,0,Robust_UC
2024-09-02 05:00:00,L76,46,68,-0.0026248544914297955,0.4384908,0.005986110749483901,0,Robust_UC
2024-09-02 05:00:00,L77,47,48,-0.00023598948169992195,0.40457519999999997,0.000583301897150201,0,Robust_UC
2024-09-02 05:00:00,L78,48,49,-0.0020523881452254125,0.39897134999999995,0.005144199314626007,0,Robust_UC
2024-09-02 05:00:00,L79,48,50,-0.002622472578995616,0.40236885000000006,0.00651758350328465,0,Robust_UC
2024-09-02 05:00:00,L80,48,53,-0.0024555752595549762,0.3954167999999999,0.0062100933990538,0,Robust_UC
2024-09-02 05:00:00,L81,48,53,-0.0024555752595549762,0.3954167999999999,0.0062100933990538,0,Robust_UC
2024-09-02 05:00:00,L82,48,65,-0.0015585781861439663,0.39777435,0.003918247081904518,0,Robust_UC
2024-09-02 05:00:00,L83,48,65,-0.0015585781861439663,0.39777435,0.003918247081904518,0,Robust_UC
2024-09-02 05:00:00,L84,48,68,-0.0037012922554447436,0.4296312,0.008615045311990246,0,Robust_UC
2024-09-02 05:00:00,L85,49,56,-0.001141629054756561,0.3910211999999999,0.0029196091024132737,0,Robust_UC
2024-09-02 05:00:00,L86,50,51,-0.0008551266506553005,0.3955477499999999,0.002161879698861391,0,Robust_UC
2024-09-02 05:00:00,L87,50,57,-0.000856586837871473,0.39069719999999997,0.0021924570687260445,0,Robust_UC
2024-09-02 05:00:00,L88,51,52,5.563243981355126e-05,0.39259799999999995,0.00014170331946049462,0,Robust_UC
2024-09-02 05:00:00,L89,52,53,0.000966391530282403,0.3896531999999999,0.002480132410775539,0,Robust_UC
2024-09-02 05:00:00,L90,53,54,-0.0009861897472069336,0.39000644999999995,0.002528649839526843,0,Robust_UC
2024-09-02 05:00:00,L91,53,55,-0.0009693119047147203,0.3958191,0.002448876026231984,0,Robust_UC
2024-09-02 05:00:00,L92,53,58,-0.0010784982464371318,0.39852405,0.0027062312712046654,0,Robust_UC
2024-09-02 05:00:00,L93,54,55,1.6877842492213357e-05,0.4016862,4.201748153711369e-05,0,Robust_UC
2024-09-02 05:00:00,L94,54,58,-9.230849923019813e-05,0.4043151,0.00022830831504981668,0,Robust_UC
2024-09-02 05:00:00,L95,55,56,0.00023086996428770915,0.3986478,0.0005791326687058329,0,Robust_UC
2024-09-02 05:00:00,L96,55,57,-5.417225259737868e-05,0.39793725,0.00013613265055578154,0,Robust_UC
2024-09-02 05:00:00,L97,55,58,-0.00010918634172241148,0.4030442999999999,0.00027090407114655017,0,Robust_UC
2024-09-02 05:00:00,L98,55,58,-0.00010918634172241148,0.4030442999999999,0.00027090407114655017,0,Robust_UC
2024-09-02 05:00:00,L99,58,59,-0.00019723885997718904,0.40467014999999995,0.000487406496320989,0,Robust_UC
2024-09-02 05:00:00,L100,58,60,-6.293704382459575e-05,0.4054855499999999,0.00015521402384029655,0,Robust_UC
2024-09-02 05:00:00,L101,59,60,0.0001343018161525933,0.40244399999999997,0.00033371553844160505,0,Robust_UC
2024-09-02 05:00:00,L102,59,61,0.000579218414339,0.39771765000000003,0.0014563558201125847,0,Robust_UC
2024-09-02 05:00:00,L103,60,61,0.0004449165981864067,0.40714334999999996,0.0010927762867461957,0,Robust_UC
2024-09-02 05:00:00,L104,61,65,0.0015935157654863308,0.3972222,0.004011648305372486,0,Robust_UC
2024-09-02 05:00:00,L105,61,66,0.0003413783375087326,0.39332924999999996,0.000867920037751407,0,Robust_UC
2024-09-02 05:00:00,L106,62,58,0.00021824443484142007,0.39946275,0.0005463448965927864,0,Robust_UC
2024-09-02 05:00:00,L107,62,63,0.000692514655627431,0.41746949999999994,0.0016588389226696349,0,Robust_UC
2024-09-02 05:00:00,L108,63,60,-0.0005372072646107617,0.41296904999999995,0.0013008414664749375,0,Robust_UC
2024-09-02 05:00:00,L109,63,64,0.002140481010707044,0.43310475000000004,0.004942178562361747,0,Robust_UC
2024-09-02 05:00:00,L110,64,65,-0.0006392559116450425,0.40997745,0.0015592465186683865,0,Robust_UC
2024-09-02 05:00:00,L111,64,67,-0.006126122167669436,0.4259655,0.014381733186536084,0,Robust_UC
2024-09-02 05:00:00,L112,65,66,-0.0012521374279775843,0.3897558,0.003212620384295973,0,Robust_UC
2024-09-02 05:00:00,L113,67,68,0.003344152186723593,0.42175935,0.007929052875113718,0,Robust_UC
2024-09-02 05:00:00,L114,68,69,0.010112603423290678,0.4676526,0.02162417876708197,0,Robust_UC
2024-09-02 05:00:00,L115,68,74,-0.0006489892481030823,0.46387259999999997,0.0013990678649764663,0,Robust_UC
2024-09-02 05:00:00,L116,68,76,-0.011534849644869394,0.46089945,0.025026824494733927,0,Robust_UC
2024-09-02 05:00:00,L117,69,70,0.0057668339034350835,0.48076784999999994,0.011995048968925615,0,Robust_UC
2024-09-02 05:00:00,L118,69,73,-0.005836175880931313,0.46896209999999994,0.012444877487821113,0,Robust_UC
2024-09-02 05:00:00,L119,69,74,-0.01076159267139376,0.4695489,0.02291900305036123,0,Robust_UC
2024-09-02 05:00:00,L120,70,71,0.007588352084372786,0.4724307,0.016062360224203858,0,Robust_UC
2024-09-02 05:00:00,L121,70,72,-0.0009107590904688517,0.47952539999999994,0.0018992926974647263,0,Robust_UC
2024-09-02 05:00:00,L122,73,74,-0.004925416790462461,0.46119104999999994,0.010679775313207969,0,Robust_UC
2024-09-02 05:00:00,L123,74,76,-0.010885860396766311,0.4539825,0.023978590357043084,0,Robust_UC
2024-09-02 05:00:00,L124,74,117,-0.004539379222724288,0.45529604999999995,0.009970170447831227,0,Robust_UC
2024-09-02 05:00:00,L125,75,76,-0.0027178610417865853,0.45588735,0.0059616943567014635,0,Robust_UC
2024-09-02 05:00:00,L126,75,117,0.003628620132255437,0.45673109999999995,0.007944762535889143,0,Robust_UC
2024-09-02 05:00:00,L127,76,77,-0.0029761110232341863,0.45733409999999997,0.006507520482802806,0,Robust_UC
2024-09-02 05:00:00,L128,76,79,-0.0061960557982960185,0.46158479999999996,0.013423439849613807,0,Robust_UC
2024-09-02 05:00:00,L129,76,79,-0.0061960557982960185,0.46158479999999996,0.013423439849613807,0,Robust_UC
2024-09-02 05:00:00,L130,76,81,-0.008859589373127141,0.4439799,0.01995493348488781,0,Robust_UC
2024-09-02 05:00:00,L131,77,78,-0.0020653519327653346,0.46037205,0.004486266993761534,0,Robust_UC
2024-09-02 05:00:00,L132,78,79,-0.001154592842296483,0.4680846,0.002466632831536186,0,Robust_UC
2024-09-02 05:00:00,L133,79,95,-0.004632189788922547,0.45877815,0.010096796869952388,0,Robust_UC
2024-09-02 05:00:00,L134,79,96,-0.0027714744396957064,0.4622265,0.005995922863997859,0,Robust_UC
2024-09-02 05:00:00,L135,79,97,-0.005985139101394102,0.45446895,0.013169522585413375,0,Robust_UC
2024-09-02 05:00:00,L136,79,98,-0.005985139101394102,0.45136889999999996,0.013259972278537804,0,Robust_UC
2024-09-02 05:00:00,L137,80,67,0.007648756173455326,0.42432525,0.01802569178585372,0,Robust_UC
2024-09-02 05:00:00,L138,80,79,-0.006737997082986475,0.4447107,0.015151416601818833,0,Robust_UC
2024-09-02 05:00:00,L139,81,82,-0.005980174068566814,0.41420925,0.014437567651052734,0,Robust_UC
2024-09-02 05:00:00,L140,81,95,-0.0019686562140914243,0.43829415000000005,0.0044916324210383,0,Robust_UC
2024-09-02 05:00:00,L141,82,83,-0.0019933913561889366,0.39458204999999996,0.005051905823361546,0,Robust_UC
2024-09-02 05:00:00,L142,82,84,-0.0030760236219090076,0.3999167999999999,0.007691658919827845,0,Robust_UC
2024-09-02 05:00:00,L143,83,84,-0.0010826322657200849,0.39645810000000004,0.0027307608691059275,0,Robust_UC
2024-09-02 05:00:00,L144,84,85,-0.0018215181809377035,0.3914244,0.004653563193652985,0,Robust_UC
2024-09-02 05:00:00,L145,84,87,-0.0007790459022304491,0.39516345,0.0019714523249314913,0,Robust_UC
2024-09-02 05:00:00,L146,84,88,-0.0006473327139920326,0.4019147999999999,0.0016106217387168444,0,Robust_UC
2024-09-02 05:00:00,L147,86,85,0.0009107590904688511,0.39086639999999995,0.0023301033050393974,0,Robust_UC
2024-09-02 05:00:00,L148,87,88,0.0001317131882384026,0.4042053,0.0003258571528834546,0,Robust_UC
2024-09-02 05:00:00,L149,88,89,-0.00042245124817482933,0.40541309999999997,0.0010420266344990563,0,Robust_UC
2024-09-02 05:00:00,L150,88,89,-0.00042245124817482933,0.40541309999999997,0.0010420266344990563,0,Robust_UC
2024-09-02 05:00:00,L151,88,91,0.0006200210305323806,0.4205952,0.0014741514656667041,0,Robust_UC
2024-09-02 05:00:00,L152,88,91,0.0006200210305323806,0.4205952,0.0014741514656667041,0,Robust_UC
2024-09-02 05:00:00,L153,89,90,6.585659411919307e-05,0.4110435,0.00016021806480139708,0,Robust_UC
2024-09-02 05:00:00,L154,90,91,0.0009766156845880448,0.4120173,0.0023703268881866,0,Robust_UC
2024-09-02 05:00:00,L155,91,92,0.0007369061291749995,0.42888149999999997,0.0017182045137759487,0,Robust_UC
2024-09-02 05:00:00,L156,91,93,0.0023845713488188647,0.43883415,0.005433878263163577,0,Robust_UC
2024-09-02 05:00:00,L157,91,99,0.000687523836447268,0.44392455,0.0015487402903202087,0,Robust_UC
2024-09-02 05:00:00,L158,91,101,-0.0006815844783197624,0.42955829999999995,0.0015867100654783355,0,Robust_UC
2024-09-02 05:00:00,L159,92,93,0.0016476652196438513,0.42974144999999997,0.0038340849355905774,0,Robust_UC
2024-09-02 05:00:00,L160,93,94,0.0019097613602781643,0.43766505,0.0043635226534039315,0,Robust_UC
2024-09-02 05:00:00,L161,93,95,0.004730281811025194,0.44072775,0.010732888525910145,0,Robust_UC
2024-09-02 05:00:00,L162,93,99,-0.0016970475123715967,0.43965765,0.0038599294527721663,0,Robust_UC
2024-09-02 05:00:00,L163,94,95,0.002820520450747016,0.44839035,0.006290323711799365,0,Robust_UC
2024-09-02 05:00:00,L164,95,96,0.0018607153492268547,0.448173,0.004151779221922907,0,Robust_UC
2024-09-02 05:00:00,L165,97,99,-0.00507438001092525,0.44912655,0.011298330082969377,0,Robust_UC
2024-09-02 05:00:00,L166,98,99,-0.00507438001092525,0.45188685000000006,0.011229315504368514,0,Robust_UC
2024-09-02 05:00:00,L167,99,100,-0.0011399337026179411,0.43812359999999995,0.0026018541402881316,0,Robust_UC
2024-09-02 05:00:00,L168,99,102,-0.0034671656409570595,0.43870275000000003,0.00790322294755859,0,Robust_UC
2024-09-02 05:00:00,L169,99,103,-0.00275740166010896,0.43720425000000007,0.0063068958275427555,0,Robust_UC
2024-09-02 05:00:00,L170,99,105,-0.002883023603621826,0.43469955,0.006632221274721416,0,Robust_UC
2024-09-02 05:00:00,L171,100,101,-0.00022917461214908932,0.4286331,0.0005346638235569985,0,Robust_UC
2024-09-02 05:00:00,L172,102,103,0.0007097639808480993,0.43662375000000003,0.0016255734619294055,0,Robust_UC
2024-09-02 05:00:00,L173,102,104,-0.0004271146079438126,0.44366490000000003,0.0009626964133151228,0,Robust_UC
2024-09-02 05:00:00,L174,102,109,-0.0028390559233925083,0.44718525,0.006348724434431834,0,Robust_UC
2024-09-02 05:00:00,L175,103,104,-0.001136878588791912,0.44274915,0.00256777136396967,0,Robust_UC
2024-09-02 05:00:00,L176,104,105,0.0010112566452790683,0.43414425,0.002329310235662613,0,Robust_UC
2024-09-02 05:00:00,L177,104,106,5.0248777405101364e-05,0.43364069999999993,0.00011587652497817057,0,Robust_UC
2024-09-02 05:00:00,L178,104,107,-0.0017147395289517503,0.43805879999999997,0.003914404935939537,0,Robust_UC
2024-09-02 05:00:00,L179,105,106,-0.0009610078678739531,0.42798780000000003,0.0022454094903498487,0,Robust_UC
2024-09-02 05:00:00,L180,107,108,-0.0008039804384828986,0.434223,0.0018515381232290747,0,Robust_UC
2024-09-02 05:00:00,L181,108,109,0.00010677865198595315,0.44085509999999994,0.00024220804519660354,0,Robust_UC
2024-09-02 05:00:00,L182,109,110,-0.0009107590904688511,0.45429659999999994,0.0020047675691802474,0,Robust_UC
2024-09-02 05:00:00,L183,109,111,-0.0009107590904688517,0.44702910000000007,0.0020373597389271784,0,Robust_UC
2024-09-02 05:00:00,L184,113,114,0.0011555393316777425,0.45772335,0.0025245365605179254,0,Robust_UC
2024-09-02 05:00:00,L185,115,67,0.0009107590904688517,0.41683365,0.002184946178094911,0,Robust_UC
2024-09-02 06:00:00,L0,0,1,0.041899440792089016,0.45718064999999997,0.09164745006615879,0,Robust_UC
2024-09-02 06:00:00,L1,0,2,0.11287960974466613,0.46512495,0.24268663666540816,0,Robust_UC
2024-09-02 06:00:00,L2,1,11,0.16667849132884419,0.4639608,0.35925123702011935,0,Robust_UC
2024-09-02 06:00:00,L3,2,4,0.1195676353170401,0.47935529999999993,0.24943426163649407,0,Robust_UC
2024-09-02 06:00:00,L4,2,11,0.09569832237626699,0.47404710000000005,0.20187513514219785,0,Robust_UC
2024-09-02 06:00:00,L5,3,4,-0.02536615211419264,0.48887865,0.051886397808929965,0,Robust_UC
2024-09-02 06:00:00,L6,3,10,0.0001452026509477962,0.48115889999999994,0.00030177692015630637,0,Robust_UC
2024-09-02 06:00:00,L7,4,5,0.01726451181632073,0.4736699999999999,0.03644839617522903,0,Robust_UC
2024-09-02 06:00:00,L8,4,10,0.025511354765140437,0.4689422999999999,0.05440190566118783,0,Robust_UC
2024-09-02 06:00:00,L9,5,6,-0.007956437646924115,0.47463750000000005,0.016763188005423327,0,Robust_UC
2024-09-02 06:00:00,L10,6,11,-0.03317738711016896,0.46125135000000006,0.07192908402364341,0,Robust_UC
2024-09-02 06:00:00,L11,7,4,-0.053811964570027244,0.46494315,0.11573880499159357,0,Robust_UC
2024-09-02 06:00:00,L12,7,8,-0.004772695897281924,0.47818215000000003,0.00998091605318585,0,Robust_UC
2024-09-02 06:00:00,L13,7,29,0.03336371100406432,0.4767741,0.06997802733844881,0,Robust_UC
2024-09-02 06:00:00,L14,8,9,-0.002386347948640962,0.4640742,0.0051421689648788104,0,Robust_UC
2024-09-02 06:00:00,L15,10,11,-0.04938066770591376,0.46967895,0.10513706800339628,0,Robust_UC
2024-09-02 06:00:00,L16,10,12,0.049816275658757146,0.4599243,0.10831407616157082,0,Robust_UC
2024-09-02 06:00:00,L17,11,13,0.07450660951171417,0.4556205,0.16352778137005286,0,Robust_UC
2024-09-02 06:00:00,L18,11,15,0.08247754786271044,0.45897435,0.17969968880115075,0,Robust_UC
2024-09-02 06:00:00,L19,11,116,-0.0023863479486409614,0.45655065,0.005226907351114189,0,Robust_UC
2024-09-02 06:00:00,L20,12,14,0.0245953261955123,0.45675720000000003,0.05384770332139767,0,Robust_UC
2024-09-02 06:00:00,L21,13,14,0.04928566004846932,0.45888344999999997,0.10740343773232468,0,Robust_UC
2024-09-02 06:00:00,L22,14,16,0.015941876701992846,0.46249155,0.03446955236694129,0,Robust_UC
2024-09-02 06:00:00,L23,14,18,0.0386312047018795,0.4453065,0.08675194433918998,0,Robust_UC
2024-09-02 06:00:00,L24,14,32,-0.00591304462313557,0.44008605,0.013436110104229775,0,Robust_UC
2024-09-02 06:00:00,L25,15,16,0.05725659839946559,0.4610817,0.12417885680447867,0,Robust_UC
2024-09-02 06:00:00,L26,16,17,0.0239551387315657,0.45485459999999994,0.05266548635886216,0,Robust_UC
2024-09-02 06:00:00,L27,16,30,0.03409225084019761,0.4581693,0.07440972330576844,0,Robust_UC
2024-09-02 06:00:00,L28,16,112,0.01861929381376201,0.45823545,0.04063259141945917,0,Robust_UC
2024-09-02 06:00:00,L29,17,18,-0.001265810731679142,0.450027,0.0028127439724264145,0,Robust_UC
2024-09-02 06:00:00,L30,18,19,0.03220869663760315,0.44684235000000005,0.07208067148873232,0,Robust_UC
2024-09-02 06:00:00,L31,18,33,-0.020064252130647643,0.43447274999999996,0.046180691724964675,0,Robust_UC
2024-09-02 06:00:00,L32,19,20,0.006987747174358308,0.44889165,0.015566667756814609,0,Robust_UC
2024-09-02 06:00:00,L33,20,21,-0.018233202288886537,0.4478571,0.04071209832084059,0,Robust_UC
2024-09-02 06:00:00,L34,21,22,-0.015846854340245575,0.44536679999999995,0.035581579812966696,0,Robust_UC
2024-09-02 06:00:00,L35,22,23,-0.0495408126122941,0.44873865,0.11040014630407721,0,Robust_UC
2024-09-02 06:00:00,L36,22,24,-0.003346211584645431,0.46183050000000003,0.0072455404843236445,0,Robust_UC
2024-09-02 06:00:00,L37,22,31,0.011819220393449126,0.45421199999999995,0.026021374145661337,0,Robust_UC
2024-09-02 06:00:00,L38,23,69,-0.053684973608013276,0.45931230000000006,0.11688120176188024,0,Robust_UC
2024-09-02 06:00:00,L39,23,71,-0.021076788467525677,0.4599009,0.045828978520210936,0,Robust_UC
2024-09-02 06:00:00,L40,24,26,0.026807641011006744,0.47735999999999995,0.05615812177603224,0,Robust_UC
2024-09-02 06:00:00,L41,25,24,0.027767504647011214,0.46950525,0.05914205357024488,0,Robust_UC
2024-09-02 06:00:00,L42,25,29,-0.025381156698370252,0.49041270000000003,0.05175468885363338,0,Robust_UC
2024-09-02 06:00:00,L43,26,27,0.019495984873618494,0.4620879,0.04219107419523103,0,Robust_UC
2024-09-02 06:00:00,L44,26,31,-0.011642209032911688,0.46563795,0.02500270657258861,0,Robust_UC
2024-09-02 06:00:00,L45,26,114,-0.006267084292944857,0.46550745000000004,0.013462908688023911,0,Robust_UC
2024-09-02 06:00:00,L46,27,28,-0.00572496458962635,0.4483323000000001,0.012769467177864164,0,Robust_UC
2024-09-02 06:00:00,L47,28,30,-0.030945914052871195,0.45279359999999996,0.06834441576221748,0,Robust_UC
2024-09-02 06:00:00,L48,29,16,0.028689157747311858,0.43184340000000004,0.06643416976457636,0,Robust_UC
2024-09-02 06:00:00,L49,29,37,-0.018320255492976827,0.45085634999999996,0.04063435170199295,0,Robust_UC
2024-09-02 06:00:00,L50,30,31,0.005532684735967376,0.46224135,0.011969255316443187,0,Robust_UC
2024-09-02 06:00:00,L51,31,112,-0.021005641762402973,0.4596003,0.045704151547340095,0,Robust_UC
2024-09-02 06:00:00,L52,31,113,0.0014943883956629344,0.4587453,0.0032575557627793337,0,Robust_UC
2024-09-02 06:00:00,L53,32,36,-0.0035266966744946088,0.44337555,0.007954197461936294,0,Robust_UC
2024-09-02 06:00:00,L54,33,35,0.011751601660691058,0.4240296,0.02771410689416743,0,Robust_UC
2024-09-02 06:00:00,L55,33,36,-0.028006693868862034,0.439407,0.06373747771169333,0,Robust_UC
2024-09-02 06:00:00,L56,33,42,-0.029030109385721495,0.42826275,0.0677857445825524,0,Robust_UC
2024-09-02 06:00:00,L57,34,35,0.007268673033154115,0.41669639999999997,0.017443570506378542,0,Robust_UC
2024-09-02 06:00:00,L58,34,36,-0.03248962249639896,0.43463609999999997,0.07475132069425196,0,Robust_UC
2024-09-02 06:00:00,L59,36,38,-0.01413173926636372,0.4179312,0.033813554160023754,0,Robust_UC
2024-09-02 06:00:00,L60,36,39,-0.025877130584086305,0.42110369999999997,0.061450731931555834,0,Robust_UC
2024-09-02 06:00:00,L61,37,36,0.021627795240665215,0.42873479999999997,0.05044562568903951,0,Robust_UC
2024-09-02 06:00:00,L62,37,64,-0.037561702785001094,0.4476339,0.08391165813179273,0,Robust_UC
2024-09-02 06:00:00,L63,38,39,-0.011745391317722759,0.41823045000000003,0.028083539392511372,0,Robust_UC
2024-09-02 06:00:00,L64,39,40,-0.012540840633936352,0.40557600000000005,0.030921061980828134,0,Robust_UC
2024-09-02 06:00:00,L65,39,41,-0.022695333319231736,0.40464315,0.05608727917235652,0,Robust_UC
2024-09-02 06:00:00,L66,40,41,-0.010154492685295391,0.39123045,0.025955271848843543,0,Robust_UC
2024-09-02 06:00:00,L67,41,48,-0.015231739027943059,0.4087377,0.037265314718811254,0,Robust_UC
2024-09-02 06:00:00,L68,41,48,-0.015231739027943059,0.4087377,0.037265314718811254,0,Robust_UC
2024-09-02 06:00:00,L69,42,43,-0.026643761437080533,0.40999949999999996,0.06498486324271258,0,Robust_UC
2024-09-02 06:00:00,L70,43,44,-0.024257413488439572,0.40325445000000004,0.06015411234380568,0,Robust_UC
2024-09-02 06:00:00,L71,44,45,-0.00999145305091692,0.40862249999999994,0.024451548925761363,0,Robust_UC
2024-09-02 06:00:00,L72,44,48,-0.011879612488881697,0.4070493,0.029184701924021724,0,Robust_UC
2024-09-02 06:00:00,L73,45,46,-0.005467851408973046,0.41366655,0.013218016803565687,0,Robust_UC
2024-09-02 06:00:00,L74,45,47,-0.002137253693302872,0.4011075,0.0053283812775948396,0,Robust_UC
2024-09-02 06:00:00,L75,46,48,0.0035796919710082697,0.4187385,0.008548752911442989,0,Robust_UC
2024-09-02 06:00:00,L76,46,68,-0.006661195431340361,0.4384908,0.01519118629476459,0,Robust_UC
2024-09-02 06:00:00,L77,47,48,0.00024909425533808927,0.40457519999999997,0.0006156933379457991,0,Robust_UC
2024-09-02 06:00:00,L78,48,49,-0.004958597551785677,0.39897134999999995,0.01242845520558225,0,Robust_UC
2024-09-02 06:00:00,L79,48,50,-0.0063728657545631395,0.40236885000000006,0.015838367593721876,0,Robust_UC
2024-09-02 06:00:00,L80,48,53,-0.00557802882113867,0.3954167999999999,0.01410670669819459,0,Robust_UC
2024-09-02 06:00:00,L81,48,53,-0.00557802882113867,0.3954167999999999,0.01410670669819459,0,Robust_UC
2024-09-02 06:00:00,L82,48,65,-0.0016997740094030211,0.39777435,0.004273211707600103,0,Robust_UC
2024-09-02 06:00:00,L83,48,65,-0.0016997740094030211,0.39777435,0.004273211707600103,0,Robust_UC
2024-09-02 06:00:00,L84,48,68,-0.01024088740234863,0.4296312,0.023836461137712137,0,Robust_UC
2024-09-02 06:00:00,L85,49,56,-0.0025722496031447156,0.3910211999999999,0.0065782868119291646,0,Robust_UC
2024-09-02 06:00:00,L86,50,51,-0.002121402304166145,0.3955477499999999,0.00536320154561907,0,Robust_UC
2024-09-02 06:00:00,L87,50,57,-0.0018651155017559776,0.39069719999999997,0.004773813331029702,0,Robust_UC
2024-09-02 06:00:00,L88,51,52,0.00026494564447481633,0.39259799999999995,0.0006748522521123805,0,Robust_UC
2024-09-02 06:00:00,L89,52,53,0.0026512935931157777,0.3896531999999999,0.006804239239189562,0,Robust_UC
2024-09-02 06:00:00,L90,53,54,-0.002126191012290446,0.39000644999999995,0.00545168166395824,0,Robust_UC
2024-09-02 06:00:00,L91,53,55,-0.0021387199882954566,0.3958191,0.005403276366136593,0,Robust_UC
2024-09-02 06:00:00,L92,53,58,-0.0018535050999348712,0.39852405,0.004650924078320671,0,Robust_UC
2024-09-02 06:00:00,L93,54,55,-1.2528976005010684e-05,0.4016862,3.119095454364796e-05,0,Robust_UC
2024-09-02 06:00:00,L94,54,58,0.0002726859123555747,0.4043151,0.0006744391004827045,0,Robust_UC
2024-09-02 06:00:00,L95,55,56,0.00018590165450375432,0.3986478,0.00046633056674025123,0,Robust_UC
2024-09-02 06:00:00,L96,55,57,-0.0005212324468849838,0.39793725,0.001309835776582825,0,Robust_UC
2024-09-02 06:00:00,L97,55,58,0.0002852148883605854,0.4030442999999999,0.0007076514625329906,0,Robust_UC
2024-09-02 06:00:00,L98,55,58,0.0002852148883605854,0.4030442999999999,0.0007076514625329906,0,Robust_UC
2024-09-02 06:00:00,L99,58,59,-3.765330799265776e-06,0.40467014999999995,9.30469123869348e-06,0,Robust_UC
2024-09-02 06:00:00,L100,58,60,0.0007329620518012336,0.4054855499999999,0.0018076157135592965,0,Robust_UC
2024-09-02 06:00:00,L101,59,60,0.0007367273826004994,0.40244399999999997,0.001830633287116964,0,Robust_UC
2024-09-02 06:00:00,L102,59,61,0.0016458552352410782,0.39771765000000003,0.004138250427762203,0,Robust_UC
2024-09-02 06:00:00,L103,60,61,0.0009091278526405788,0.40714334999999996,0.0022329428999407186,0,Robust_UC
2024-09-02 06:00:00,L104,61,65,0.004089670007228707,0.3972222,0.010295673321452595,0,Robust_UC
2024-09-02 06:00:00,L105,61,66,0.0008516610292938695,0.39332924999999996,0.0021652623833439025,0,Robust_UC
2024-09-02 06:00:00,L106,62,58,-0.0006467618167811363,0.39946275,0.001619079167659904,0,Robust_UC
2024-09-02 06:00:00,L107,62,63,0.003033109765422098,0.41746949999999994,0.007265464340322104,0,Robust_UC
2024-09-02 06:00:00,L108,63,60,-0.002946909530402022,0.41296904999999995,0.007135908926836096,0,Robust_UC
2024-09-02 06:00:00,L109,63,64,0.008366367244465081,0.43310475000000004,0.019317191151713483,0,Robust_UC
2024-09-02 06:00:00,L110,64,65,-0.006314478914997812,0.40997745,0.015402015196196307,0,Robust_UC
2024-09-02 06:00:00,L111,64,67,-0.020494508676897196,0.4259655,0.048113071779045946,0,Robust_UC
2024-09-02 06:00:00,L112,65,66,-0.003238008977934831,0.3897558,0.008307789076993418,0,Robust_UC
2024-09-02 06:00:00,L113,67,68,0.005638916368953734,0.42175935,0.013369985440639868,0,Robust_UC
2024-09-02 06:00:00,L114,68,69,0.024006637295641398,0.4676526,0.05133433941272089,0,Robust_UC
2024-09-02 06:00:00,L115,68,74,-0.0026710687117008636,0.46387259999999997,0.005758194624344839,0,Robust_UC
2024-09-02 06:00:00,L116,68,76,-0.03021238710003471,0.46089945,0.06555092894997967,0,Robust_UC
2024-09-02 06:00:00,L117,69,70,0.013917744621602793,0.48076784999999994,0.028948991954438705,0,Robust_UC
2024-09-02 06:00:00,L118,69,73,-0.014532026977991615,0.46896209999999994,0.030987636267390515,0,Robust_UC
2024-09-02 06:00:00,L119,69,74,-0.02667770600734226,0.4695489,0.05681560750614528,0,Robust_UC
2024-09-02 06:00:00,L120,70,71,0.018690440518884716,0.4724307,0.03956229033990534,0,Robust_UC
2024-09-02 06:00:00,L121,70,72,-0.0023863479486409614,0.47952539999999994,0.00497647871966941,0,Robust_UC
2024-09-02 06:00:00,L122,73,74,-0.012145679029350653,0.46119104999999994,0.026335461257001095,0,Robust_UC
2024-09-02 06:00:00,L123,74,76,-0.027541318388333846,0.4539825,0.06066603533910194,0,Robust_UC
2024-09-02 06:00:00,L124,74,117,-0.01156678741141891,0.45529604999999995,0.02540498080626641,0,Robust_UC
2024-09-02 06:00:00,L125,75,76,-0.006794091514136987,0.45588735,0.014903005126457198,0,Robust_UC
2024-09-02 06:00:00,L126,75,117,0.009180439462777948,0.45673109999999995,0.020100316056379672,0,Robust_UC
2024-09-02 06:00:00,L127,76,77,-0.007640227821112988,0.45733409999999997,0.016706009504021214,0,Robust_UC
2024-09-02 06:00:00,L128,76,79,-0.015761639617416084,0.46158479999999996,0.03414679083326853,0,Robust_UC
2024-09-02 06:00:00,L129,76,79,-0.015761639617416084,0.46158479999999996,0.03414679083326853,0,Robust_UC
2024-09-02 06:00:00,L130,76,81,-0.022997941997919102,0.4439799,0.051799511639871766,0,Robust_UC
2024-09-02 06:00:00,L131,77,78,-0.005253879872472026,0.46037205,0.011412247708070086,0,Robust_UC
2024-09-02 06:00:00,L132,78,79,-0.0028675319238310646,0.4680846,0.006126097555508266,0,Robust_UC
2024-09-02 06:00:00,L133,79,95,-0.0122358470709652,0.45877815,0.026670509637316424,0,Robust_UC
2024-09-02 06:00:00,L134,79,96,-0.007311097509803084,0.4622265,0.015817131881887093,0,Robust_UC
2024-09-02 06:00:00,L135,79,97,-0.01571594991459111,0.45446895,0.034580910125083596,0,Robust_UC
2024-09-02 06:00:00,L136,79,98,-0.01571594991459111,0.45136889999999996,0.03481841552351328,0,Robust_UC
2024-09-02 06:00:00,L137,80,67,0.021360729148569006,0.42432525,0.050340462059632336,0,Robust_UC
2024-09-02 06:00:00,L138,80,79,-0.018974381199928045,0.4447107,0.042666797088372385,0,Robust_UC
2024-09-02 06:00:00,L139,81,82,-0.015612049358815912,0.41420925,0.037691213701325874,0,Robust_UC
2024-09-02 06:00:00,L140,81,95,-0.004999544690462182,0.43829415000000005,0.011406825052221622,0,Robust_UC
2024-09-02 06:00:00,L141,82,83,-0.005204016452938644,0.39458204999999996,0.013188680156481128,0,Robust_UC
2024-09-02 06:00:00,L142,82,84,-0.00802168495723632,0.3999167999999999,0.020058384537074515,0,Robust_UC
2024-09-02 06:00:00,L143,83,84,-0.0028176685042976823,0.39645810000000004,0.007107102879970625,0,Robust_UC
2024-09-02 06:00:00,L144,84,85,-0.004772695897281923,0.3914244,0.012193148657267975,0,Robust_UC
2024-09-02 06:00:00,L145,84,87,-0.0020222191880840193,0.39516345,0.005117424670940643,0,Robust_UC
2024-09-02 06:00:00,L146,84,88,-0.0016580904275270703,0.4019147999999999,0.004125477408463363,0,Robust_UC
2024-09-02 06:00:00,L147,86,85,0.002386347948640962,0.39086639999999995,0.006105277784534465,0,Robust_UC
2024-09-02 06:00:00,L148,87,88,0.0003641287605569421,0.4042053,0.0009008510293084779,0,Robust_UC
2024-09-02 06:00:00,L149,88,89,-0.0011021417841812445,0.40541309999999997,0.0027185648026204494,0,Robust_UC
2024-09-02 06:00:00,L150,88,89,-0.0011021417841812445,0.40541309999999997,0.0027185648026204494,0,Robust_UC
2024-09-02 06:00:00,L151,88,91,0.001648334925016648,0.4205952,0.003919053106209124,0,Robust_UC
2024-09-02 06:00:00,L152,88,91,0.001648334925016648,0.4205952,0.003919053106209124,0,Robust_UC
2024-09-02 06:00:00,L153,89,90,0.00018206438027847235,0.4110435,0.00044293214776166596,0,Robust_UC
2024-09-02 06:00:00,L154,90,91,0.0025684123289194337,0.4120173,0.0062337487501603304,0,Robust_UC
2024-09-02 06:00:00,L155,91,92,0.001935258789853643,0.42888149999999997,0.004512339165605519,0,Robust_UC
2024-09-02 06:00:00,L156,91,93,0.006256865528348254,0.43883415,0.014257927575482115,0,Robust_UC
2024-09-02 06:00:00,L157,91,99,0.001834240318524416,0.44392455,0.004131874027972582,0,Robust_UC
2024-09-02 06:00:00,L158,91,101,-0.0017749345091328229,0.42955829999999995,0.0041319991003149585,0,Robust_UC
2024-09-02 06:00:00,L159,92,93,0.004321606738494604,0.42974144999999997,0.010056294868681167,0,Robust_UC
2024-09-02 06:00:00,L160,93,94,0.0050003658255556305,0.43766505,0.011425097401667394,0,Robust_UC
2024-09-02 06:00:00,L161,93,95,0.012387079599752215,0.44072775,0.028105967005145956,0,Robust_UC
2024-09-02 06:00:00,L162,93,99,-0.004422625209823838,0.43965765,0.010059247711995544,0,Robust_UC
2024-09-02 06:00:00,L163,94,95,0.007386713774196585,0.44839035,0.016473846446955393,0,Robust_UC
2024-09-02 06:00:00,L164,95,96,0.004924749561162123,0.448173,0.010988501228682055,0,Robust_UC
2024-09-02 06:00:00,L165,97,99,-0.01332960196595015,0.44912655,0.029678944533450873,0,Robust_UC
2024-09-02 06:00:00,L166,98,99,-0.01332960196595015,0.45188685000000006,0.029497654038727058,0,Robust_UC
2024-09-02 06:00:00,L167,99,100,-0.0029977613881491,0.43812359999999995,0.006842273249259114,0,Robust_UC
2024-09-02 06:00:00,L168,99,102,-0.00908457977689528,0.43870275000000003,0.020707825006556897,0,Robust_UC
2024-09-02 06:00:00,L169,99,103,-0.007224874134161313,0.43720425000000007,0.016525169035207943,0,Robust_UC
2024-09-02 06:00:00,L170,99,105,-0.007554025575353185,0.43469955,0.01737757854903044,0,Robust_UC
2024-09-02 06:00:00,L171,100,101,-0.0006114134395081386,0.4286331,0.0014264260961370893,0,Robust_UC
2024-09-02 06:00:00,L172,102,103,0.0018597056427339664,0.43662375000000003,0.004259286497204896,0,Robust_UC
2024-09-02 06:00:00,L173,102,104,-0.0011191149000523981,0.44366490000000003,0.00252243280920442,0,Robust_UC
2024-09-02 06:00:00,L174,102,109,-0.007438822570935984,0.44718525,0.016634767293724432,0,Robust_UC
2024-09-02 06:00:00,L175,103,104,-0.0029788205427863645,0.44274915,0.006728009625284125,0,Robust_UC
2024-09-02 06:00:00,L176,104,105,0.002649669101594504,0.43414425,0.00610319980419988,0,Robust_UC
2024-09-02 06:00:00,L177,104,106,0.00013166057647676782,0.43364069999999993,0.00030361674187124926,0,Robust_UC
2024-09-02 06:00:00,L178,104,107,-0.004492917172268823,0.43805879999999997,0.010256424873256339,0,Robust_UC
2024-09-02 06:00:00,L179,105,106,-0.002518008525117729,0.42798780000000003,0.005883365191993157,0,Robust_UC
2024-09-02 06:00:00,L180,107,108,-0.002106569223627862,0.434223,0.004851353391294016,0,Robust_UC
2024-09-02 06:00:00,L181,108,109,0.00027977872501309953,0.44085509999999994,0.0006346273980114999,0,Robust_UC
2024-09-02 06:00:00,L182,109,110,-0.002386347948640962,0.45429659999999994,0.0052528413125719235,0,Robust_UC
2024-09-02 06:00:00,L183,109,111,-0.0023863479486409614,0.44702910000000007,0.0053382384919481995,0,Robust_UC
2024-09-02 06:00:00,L184,113,114,0.003880736344303896,0.45772335,0.008478344712595273,0,Robust_UC
2024-09-02 06:00:00,L185,115,67,0.0023863479486409614,0.41683365,0.005724940749483544,0,Robust_UC
2024-09-02 07:00:00,L0,0,1,0.0339407146930161,0.45718064999999997,0.07423917589910269,0,Robust_UC
2024-09-02 07:00:00,L1,0,2,0.1190875134929846,0.46512495,0.25603338090761335,0,Robust_UC
2024-09-02 07:00:00,L2,1,11,0.18631331229027362,0.4639608,0.40157123681628626,0,Robust_UC
2024-09-02 07:00:00,L3,2,4,0.12029359759993702,0.47935529999999993,0.25094871716227407,0,Robust_UC
2024-09-02 07:00:00,L4,2,11,0.10116651349030514,0.47404710000000005,0.21341025710378805,0,Robust_UC
2024-09-02 07:00:00,L5,3,4,-0.025583325072444017,0.48887865,0.05233062452705598,0,Robust_UC
2024-09-02 07:00:00,L6,3,10,-0.0013884467415552493,0.48115889999999994,0.0028856303843808138,0,Robust_UC
2024-09-02 07:00:00,L7,4,5,0.020596077110788653,0.4736699999999999,0.0434819116912379,0,Robust_UC
2024-09-02 07:00:00,L8,4,10,0.024194878330888743,0.4689422999999999,0.05159457428107626,0,Robust_UC
2024-09-02 07:00:00,L9,5,6,-0.0063756947032106125,0.47463750000000005,0.013432766486446207,0,Robust_UC
2024-09-02 07:00:00,L10,6,11,-0.03334746651720988,0.46125135000000006,0.07229781878624285,0,Robust_UC
2024-09-02 07:00:00,L11,7,4,-0.052291914683073065,0.46494315,0.11246948080227241,0,Robust_UC
2024-09-02 07:00:00,L12,7,8,-0.004745195194515046,0.47818215000000003,0.009923405117725633,0,Robust_UC
2024-09-02 07:00:00,L13,7,29,0.059409707474845634,0.4767741,0.12460766529651178,0,Robust_UC
2024-09-02 07:00:00,L14,8,9,-0.002372597597257523,0.4640742,0.0051125393250853485,0,Robust_UC
2024-09-02 07:00:00,L15,10,11,-0.04332196244051956,0.46967895,0.09223739416152152,0,Robust_UC
2024-09-02 07:00:00,L16,10,12,0.06850099162711057,0.4599243,0.1489397094850404,0,Robust_UC
2024-09-02 07:00:00,L17,11,13,0.09016197284737099,0.4556205,0.1978883146113289,0,Robust_UC
2024-09-02 07:00:00,L18,11,15,0.09604924975873663,0.45897435,0.20926931920865868,0,Robust_UC
2024-09-02 07:00:00,L19,11,116,-0.0023725975972575235,0.45655065,0.005196789441122301,0,Robust_UC
2024-09-02 07:00:00,L20,12,14,0.04152921981311131,0.45675720000000003,0.09092187230570488,0,Robust_UC
2024-09-02 07:00:00,L21,13,14,0.06319020103337172,0.45888344999999997,0.13770424937611442,0,Robust_UC
2024-09-02 07:00:00,L22,14,16,0.011774553822730861,0.46249155,0.025458959893928573,0,Robust_UC
2024-09-02 07:00:00,L23,14,18,0.04945251364430026,0.4453065,0.11105275499975918,0,Robust_UC
2024-09-02 07:00:00,L24,14,32,0.01652058156545264,0.44008605,0.037539434766115945,0,Robust_UC
2024-09-02 07:00:00,L25,15,16,0.06907747794473737,0.4610817,0.1498161344176908,0,Robust_UC
2024-09-02 07:00:00,L26,16,17,0.032324865817784335,0.45485459999999994,0.07106637113878664,0,Robust_UC
2024-09-02 07:00:00,L27,16,30,0.034881926809980715,0.4581693,0.07613326953591329,0,Robust_UC
2024-09-02 07:00:00,L28,16,112,0.020971488761627105,0.45823545,0.04576574937977214,0,Robust_UC
2024-09-02 07:00:00,L29,17,18,0.005353094003785068,0.450027,0.011895050749810718,0,Robust_UC
2024-09-02 07:00:00,L30,18,19,0.04237734094884498,0.44684235000000005,0.09483734240688013,0,Robust_UC
2024-09-02 07:00:00,L31,18,33,-0.014543505114758937,0.43447274999999996,0.03347391778830534,0,Robust_UC
2024-09-02 07:00:00,L32,19,20,0.015405569134845712,0.44889165,0.03431912608498223,0,Robust_UC
2024-09-02 07:00:00,L33,20,21,-0.011566202679153554,0.4478571,0.025825654386529884,0,Robust_UC
2024-09-02 07:00:00,L34,21,22,-0.03853797449315282,0.44536679999999995,0.08653086510524095,0,Robust_UC
2024-09-02 07:00:00,L35,22,23,-0.04883891310967311,0.44873865,0.10883598528825879,0,Robust_UC
2024-09-02 07:00:00,L36,22,24,-0.015629715585037045,0.46183050000000003,0.0338429696285478,0,Robust_UC
2024-09-02 07:00:00,L37,22,31,-0.0010411176124419663,0.45421199999999995,0.002292140261468139,0,Robust_UC
2024-09-02 07:00:00,L38,23,69,-0.054485416095496786,0.45931230000000006,0.11862389945903208,0,Robust_UC
2024-09-02 07:00:00,L39,23,71,-0.02132526882817559,0.4599009,0.04636926961477046,0,Robust_UC
2024-09-02 07:00:00,L40,24,26,0.01994168010276917,0.47735999999999995,0.041774928990215295,0,Robust_UC
2024-09-02 07:00:00,L41,25,24,0.033198798090548695,0.46950525,0.07071017436024134,0,Robust_UC
2024-09-02 07:00:00,L42,25,29,-0.030826200493291173,0.49041270000000003,0.06285767169832912,0,Robust_UC
2024-09-02 07:00:00,L43,26,27,0.0024799487262596918,0.4620879,0.005366833293535043,0,Robust_UC
2024-09-02 07:00:00,L44,26,31,-0.005353082130174047,0.46563795,0.011496232491733217,0,Robust_UC
2024-09-02 07:00:00,L45,26,114,-0.004156958307315539,0.46550745000000004,0.008929950116406384,0,Robust_UC
2024-09-02 07:00:00,L46,27,28,0.004852546323517214,0.4483323000000001,0.010823548344647962,0,Robust_UC
2024-09-02 07:00:00,L47,28,30,-0.02211922549048205,0.45279359999999996,0.04885057008421067,0,Robust_UC
2024-09-02 07:00:00,L48,29,16,0.0342980214359232,0.43184340000000004,0.07942235874375571,0,Robust_UC
2024-09-02 07:00:00,L49,29,37,-0.0033419168571083846,0.45085634999999996,0.007412376152866395,0,Robust_UC
2024-09-02 07:00:00,L50,30,31,0.009433648310531118,0.46224135,0.020408490738725815,0,Robust_UC
2024-09-02 07:00:00,L51,31,112,-0.02334408635888463,0.4596003,0.05079214778337749,0,Robust_UC
2024-09-02 07:00:00,L52,31,113,-0.0005882368871995079,0.4587453,0.0012822733817643643,0,Robust_UC
2024-09-02 07:00:00,L53,32,36,-0.010451190248546627,0.44337555,0.023571868698097194,0,Robust_UC
2024-09-02 07:00:00,L54,33,35,0.01735856607645439,0.4240296,0.040937156454300336,0,Robust_UC
2024-09-02 07:00:00,L55,33,36,-0.028839617212634616,0.439407,0.065633040012186,0,Robust_UC
2024-09-02 07:00:00,L56,33,42,-0.03003422579257814,0.42826275,0.07013037158281485,0,Robust_UC
2024-09-02 07:00:00,L57,34,35,0.009613205737544876,0.41669639999999997,0.023070047491518707,0,Robust_UC
2024-09-02 07:00:00,L58,34,36,-0.03658497755154414,0.43463609999999997,0.08417381241812207,0,Robust_UC
2024-09-02 07:00:00,L59,36,38,-0.014647003075172745,0.4179312,0.035046445623520675,0,Robust_UC
2024-09-02 07:00:00,L60,36,39,-0.026921408553087944,0.42110369999999997,0.0639305913319877,0,Robust_UC
2024-09-02 07:00:00,L61,37,36,0.031934775787207326,0.42873479999999997,0.07448608274207581,0,Robust_UC
2024-09-02 07:00:00,L62,37,64,-0.03290409504705821,0.4476339,0.07350670949420546,0,Robust_UC
2024-09-02 07:00:00,L63,38,39,-0.012274405477915223,0.41823045000000003,0.029348426155759874,0,Robust_UC
2024-09-02 07:00:00,L64,39,40,-0.013065271343667691,0.40557600000000005,0.03221411361537095,0,Robust_UC
2024-09-02 07:00:00,L65,39,41,-0.023757945090077837,0.40464315,0.05871332577872092,0,Robust_UC
2024-09-02 07:00:00,L66,40,41,-0.01069267374641017,0.39123045,0.027330883233680225,0,Robust_UC
2024-09-02 07:00:00,L67,41,48,-0.016039010619615213,0.4087377,0.039240350522144675,0,Robust_UC
2024-09-02 07:00:00,L68,41,48,-0.016039010619615213,0.4087377,0.039240350522144675,0,Robust_UC
2024-09-02 07:00:00,L69,42,43,-0.027661628195320555,0.40999949999999996,0.06746746811964541,0,Robust_UC
2024-09-02 07:00:00,L70,43,44,-0.025289030598063034,0.40325445000000004,0.06271234104933754,0,Robust_UC
2024-09-02 07:00:00,L71,44,45,-0.010343336111351575,0.40862249999999994,0.025312693528505105,0,Robust_UC
2024-09-02 07:00:00,L72,44,48,-0.012573096889453905,0.4070493,0.030888388432197045,0,Robust_UC
2024-09-02 07:00:00,L73,45,46,-0.005669559326414164,0.41366655,0.013705626733450322,0,Robust_UC
2024-09-02 07:00:00,L74,45,47,-0.002301179187679938,0.4011075,0.005737063474704257,0,Robust_UC
2024-09-02 07:00:00,L75,46,48,0.0034397985483118343,0.4187385,0.008214669891380501,0,Robust_UC
2024-09-02 07:00:00,L76,46,68,-0.006736760277468445,0.4384908,0.015363515671180434,0,Robust_UC
2024-09-02 07:00:00,L77,47,48,7.141840957758383e-05,0.40457519999999997,0.00017652690915702157,0,Robust_UC
2024-09-02 07:00:00,L78,48,49,-0.00509162068616658,0.39897134999999995,0.012761870460539537,0,Robust_UC
2024-09-02 07:00:00,L79,48,50,-0.006528380790447874,0.40236885000000006,0.016224866289842946,0,Robust_UC
2024-09-02 07:00:00,L80,48,53,-0.0058760084679415625,0.3954167999999999,0.0148602903769935,0,Robust_UC
2024-09-02 07:00:00,L81,48,53,-0.0058760084679415625,0.3954167999999999,0.0148602903769935,0,Robust_UC
2024-09-02 07:00:00,L82,48,65,-0.002609363167629719,0.39777435,0.006559908067550658,0,Robust_UC
2024-09-02 07:00:00,L83,48,65,-0.002609363167629719,0.39777435,0.006559908067550658,0,Robust_UC
2024-09-02 07:00:00,L84,48,68,-0.01017655882578028,0.4296312,0.023686731377470443,0,Robust_UC
2024-09-02 07:00:00,L85,49,56,-0.002719023088909058,0.3910211999999999,0.006953646218949405,0,Robust_UC
2024-09-02 07:00:00,L86,50,51,-0.0021551401564220904,0.3955477499999999,0.005448495551857117,0,Robust_UC
2024-09-02 07:00:00,L87,50,57,-0.0020006430367684146,0.39069719999999997,0.005120699704959274,0,Robust_UC
2024-09-02 07:00:00,L88,51,52,0.00021745744083543142,0.39259799999999995,0.0005538933994453141,0,Robust_UC
2024-09-02 07:00:00,L89,52,53,0.0025900550380929532,0.3896531999999999,0.006647077550224029,0,Robust_UC
2024-09-02 07:00:00,L90,53,54,-0.0022904904744475707,0.39000644999999995,0.005872955368937029,0,Robust_UC
2024-09-02 07:00:00,L91,53,55,-0.0022810607987855946,0.3958191,0.005762887134010447,0,Robust_UC
2024-09-02 07:00:00,L92,53,58,-0.002217813027299731,0.39852405,0.005565066969734275,0,Robust_UC
2024-09-02 07:00:00,L93,54,55,9.429675661976056e-06,0.4016862,2.3475229325717576e-05,0,Robust_UC
2024-09-02 07:00:00,L94,54,58,7.267744714783975e-05,0.4043151,0.00017975447156893162,0,Robust_UC
2024-09-02 07:00:00,L95,55,56,0.00034642549165153635,0.3986478,0.0008690013883220636,0,Robust_UC
2024-09-02 07:00:00,L96,55,57,-0.00037195456048910724,0.39793725,0.0009347065661460625,0,Robust_UC
2024-09-02 07:00:00,L97,55,58,6.324777148586369e-05,0.4030442999999999,0.00015692511092667408,0,Robust_UC
2024-09-02 07:00:00,L98,55,58,6.324777148586369e-05,0.4030442999999999,0.00015692511092667408,0,Robust_UC
2024-09-02 07:00:00,L99,58,59,-0.0002015964562738226,0.40467014999999995,0.0004981747635050982,0,Robust_UC
2024-09-02 07:00:00,L100,58,60,0.0003824742578375506,0.4054855499999999,0.0009432500315672179,0,Robust_UC
2024-09-02 07:00:00,L101,59,60,0.0005840707141113732,0.40244399999999997,0.0014513092855437607,0,Robust_UC
2024-09-02 07:00:00,L102,59,61,0.0015869304268723572,0.39771765000000003,0.003990093039301517,0,Robust_UC
2024-09-02 07:00:00,L103,60,61,0.001002859712760984,0.40714334999999996,0.0024631612250598815,0,Robust_UC
2024-09-02 07:00:00,L104,61,65,0.00409912435701304,0.3972222,0.01031947448308035,0,Robust_UC
2024-09-02 07:00:00,L105,61,66,0.0008632633798777468,0.39332924999999996,0.002194760191055577,0,Robust_UC
2024-09-02 07:00:00,L106,62,58,-0.0001730797585128242,0.39946275,0.0004332813472916416,0,Robust_UC
2024-09-02 07:00:00,L107,62,63,0.0025456773557703473,0.41746949999999994,0.0060978762658597755,0,Robust_UC
2024-09-02 07:00:00,L108,63,60,-0.0023362828564456434,0.41296904999999995,0.00565728317036263,0,Robust_UC
2024-09-02 07:00:00,L109,63,64,0.007254557809473514,0.43310475000000004,0.016750122942483344,0,Robust_UC
2024-09-02 07:00:00,L110,64,65,-0.004488856596145174,0.40997745,0.010949032919115854,0,Robust_UC
2024-09-02 07:00:00,L111,64,67,-0.01878808304418177,0.4259655,0.04410705337446758,0,Robust_UC
2024-09-02 07:00:00,L112,65,66,-0.0032358609771352687,0.3897558,0.008302277931810813,0,Robust_UC
2024-09-02 07:00:00,L113,67,68,0.00673203078988599,0.42175935,0.015961781973265064,0,Robust_UC
2024-09-02 07:00:00,L114,68,69,0.024632449122169275,0.4676526,0.05267253752501168,0,Robust_UC
2024-09-02 07:00:00,L115,68,74,-0.0023685819537269115,0.46387259999999997,0.005106104464300999,0,Robust_UC
2024-09-02 07:00:00,L116,68,76,-0.03007255788454749,0.46089945,0.06524754560793572,0,Robust_UC
2024-09-02 07:00:00,L117,69,70,0.014207476036403021,0.48076784999999994,0.029551635028014087,0,Robust_UC
2024-09-02 07:00:00,L118,69,73,-0.014686814336576866,0.46896209999999994,0.03131769995182312,0,Robust_UC
2024-09-02 07:00:00,L119,69,74,-0.027001031075896187,0.4695489,0.057504194080523215,0,Robust_UC
2024-09-02 07:00:00,L120,70,71,0.018952671230918067,0.4724307,0.04011735738367144,0,Robust_UC
2024-09-02 07:00:00,L121,70,72,-0.002372597597257522,0.47952539999999994,0.004947803801962362,0,Robust_UC
2024-09-02 07:00:00,L122,73,74,-0.012314216739319345,0.46119104999999994,0.026700901371176537,0,Robust_UC
2024-09-02 07:00:00,L123,74,76,-0.02770397593082058,0.4539825,0.06102432567515395,0,Robust_UC
2024-09-02 07:00:00,L124,74,117,-0.011607256240864384,0.45529604999999995,0.025493865454937256,0,Robust_UC
2024-09-02 07:00:00,L125,75,76,-0.006862061046349337,0.45588735,0.015052097949963596,0,Robust_UC
2024-09-02 07:00:00,L126,75,117,0.00923465864360686,0.45673109999999995,0.020219027440011993,0,Robust_UC
2024-09-02 07:00:00,L127,76,77,-0.007651501792986364,0.45733409999999997,0.01673066100469299,0,Robust_UC
2024-09-02 07:00:00,L128,76,79,-0.015836712587186497,0.46158479999999996,0.03430943260520385,0,Robust_UC
2024-09-02 07:00:00,L129,76,79,-0.015836712587186497,0.46158479999999996,0.03430943260520385,0,Robust_UC
2024-09-02 07:00:00,L130,76,81,-0.022941070297100574,0.4439799,0.05167141642470881,0,Robust_UC
2024-09-02 07:00:00,L131,77,78,-0.00527890419572884,0.46037205,0.011466604446835641,0,Robust_UC
2024-09-02 07:00:00,L132,78,79,-0.0029063065984713163,0.4680846,0.0062089344500359895,0,Robust_UC
2024-09-02 07:00:00,L133,79,95,-0.012130734280565214,0.45877815,0.026441394997920486,0,Robust_UC
2024-09-02 07:00:00,L134,79,96,-0.007251665938911382,0.4622265,0.015688555154045436,0,Robust_UC
2024-09-02 07:00:00,L135,79,97,-0.015613527499202721,0.45446895,0.03435554287966806,0,Robust_UC
2024-09-02 07:00:00,L136,79,98,-0.015613527499202721,0.45136889999999996,0.03459150043169284,0,Robust_UC
2024-09-02 07:00:00,L137,80,67,0.020774918639552713,0.42432525,0.04895989253421217,0,Robust_UC
2024-09-02 07:00:00,L138,80,79,-0.01840232104229519,0.4447107,0.041380432362646526,0,Robust_UC
2024-09-02 07:00:00,L139,81,82,-0.015542096129191923,0.41420925,0.037522329907388415,0,Robust_UC
2024-09-02 07:00:00,L140,81,95,-0.0050263765706511365,0.43829415000000005,0.011468043939557797,0,Robust_UC
2024-09-02 07:00:00,L141,82,83,-0.005180698709730631,0.39458204999999996,0.013129585366923385,0,Robust_UC
2024-09-02 07:00:00,L142,82,84,-0.00798879982220374,0.3999167999999999,0.019976154595665253,0,Robust_UC
2024-09-02 07:00:00,L143,83,84,-0.0028081011124731076,0.39645810000000004,0.007082970716131433,0,Robust_UC
2024-09-02 07:00:00,L144,84,85,-0.004745195194515047,0.3914244,0.012122890638690504,0,Robust_UC
2024-09-02 07:00:00,L145,84,87,-0.0020172352467206205,0.39516345,0.005104812316828949,0,Robust_UC
2024-09-02 07:00:00,L146,84,88,-0.0016618728961837193,0.4019147999999999,0.004134888529070638,0,Robust_UC
2024-09-02 07:00:00,L147,86,85,0.002372597597257523,0.39086639999999995,0.006070098625150495,0,Robust_UC
2024-09-02 07:00:00,L148,87,88,0.000355362350536903,0.4042053,0.0008791630157667478,0,Robust_UC
2024-09-02 07:00:00,L149,88,89,-0.0010974582109945286,0.40541309999999997,0.002707012208028129,0,Robust_UC
2024-09-02 07:00:00,L150,88,89,-0.0010974582109945286,0.40541309999999997,0.002707012208028129,0,Robust_UC
2024-09-02 07:00:00,L151,88,91,0.001630501736799933,0.4205952,0.0038766532209590907,0,Robust_UC
2024-09-02 07:00:00,L152,88,91,0.001630501736799933,0.4205952,0.0038766532209590907,0,Robust_UC
2024-09-02 07:00:00,L153,89,90,0.00017768117526846625,0.4110435,0.0004322685440068174,0,Robust_UC
2024-09-02 07:00:00,L154,90,91,0.00255027877252599,0.4120173,0.006189737111829989,0,Robust_UC
2024-09-02 07:00:00,L155,91,92,0.0019225522057740741,0.42888149999999997,0.0044827119047430915,0,Robust_UC
2024-09-02 07:00:00,L156,91,93,0.00621770200880567,0.43883415,0.01416868310911006,0,Robust_UC
2024-09-02 07:00:00,L157,91,99,0.0018121674195455961,0.44392455,0.0040821518421218115,0,Robust_UC
2024-09-02 07:00:00,L158,91,101,-0.0017685417907423247,0.42955829999999995,0.004117117026355503,0,Robust_UC
2024-09-02 07:00:00,L159,92,93,0.004295149803031598,0.42974144999999997,0.009994730094180112,0,Robust_UC
2024-09-02 07:00:00,L160,93,94,0.004972795467032555,0.43766505,0.011362103204339839,0,Robust_UC
2024-09-02 07:00:00,L161,93,95,0.012318188531322632,0.44072775,0.027949654931695662,0,Robust_UC
2024-09-02 07:00:00,L162,93,99,-0.004405534589260074,0.43965765,0.010020375147026497,0,Robust_UC
2024-09-02 07:00:00,L163,94,95,0.007345393064290079,0.44839035,0.01638169301433467,0,Robust_UC
2024-09-02 07:00:00,L164,95,96,0.004879068341653858,0.448173,0.010886573581304225,0,Robust_UC
2024-09-02 07:00:00,L165,97,99,-0.013240929901945198,0.44912655,0.029481512286337108,0,Robust_UC
2024-09-02 07:00:00,L166,98,99,-0.013240929901945198,0.45188685000000006,0.029301427784289798,0,Robust_UC
2024-09-02 07:00:00,L167,99,100,-0.0029766534037727224,0.43812359999999995,0.00679409509958542,0,Robust_UC
2024-09-02 07:00:00,L168,99,102,-0.009032233611628498,0.43870275000000003,0.020588504657489605,0,Robust_UC
2024-09-02 07:00:00,L169,99,103,-0.007183243759972646,0.43720425000000007,0.016429949525816927,0,Robust_UC
2024-09-02 07:00:00,L170,99,105,-0.007510498600973659,0.43469955,0.01727744737939954,0,Robust_UC
2024-09-02 07:00:00,L171,100,101,-0.0006040558065151987,0.4286331,0.001409260755912688,0,Robust_UC
2024-09-02 07:00:00,L172,102,103,0.0018489898516558523,0.43662375000000003,0.004234744105550493,0,Robust_UC
2024-09-02 07:00:00,L173,102,104,-0.0011126664594034164,0.44366490000000003,0.002507898324621615,0,Robust_UC
2024-09-02 07:00:00,L174,102,109,-0.00739595940662343,0.44718525,0.016538916269316643,0,Robust_UC
2024-09-02 07:00:00,L175,103,104,-0.0029616563110592686,0.44274915,0.0066892422290573995,0,Robust_UC
2024-09-02 07:00:00,L176,104,105,0.0026344014700582508,0.43414425,0.006068032618325017,0,Robust_UC
2024-09-02 07:00:00,L177,104,106,0.00013090193640036447,0.43364069999999993,0.0003018672749129971,0,Robust_UC
2024-09-02 07:00:00,L178,104,107,-0.0044670285796641895,0.43805879999999997,0.010197326431210125,0,Robust_UC
2024-09-02 07:00:00,L179,105,106,-0.002503499533657888,0.42798780000000003,0.005849464712914452,0,Robust_UC
2024-09-02 07:00:00,L180,107,108,-0.002094430982406666,0.434223,0.004823399456976405,0,Robust_UC
2024-09-02 07:00:00,L181,108,109,0.00027816661485085756,0.44085509999999994,0.0006309706178988461,0,Robust_UC
2024-09-02 07:00:00,L182,109,110,-0.002372597597257523,0.45429659999999994,0.0052225739687629695,0,Robust_UC
2024-09-02 07:00:00,L183,109,111,-0.0023725975972575235,0.44702910000000007,0.005307479081915524,0,Robust_UC
2024-09-02 07:00:00,L184,113,114,0.0017843607100580157,0.45772335,0.003898338832961036,0,Robust_UC
2024-09-02 07:00:00,L185,115,67,0.0023725975972575235,0.41683365,0.0056919531262831675,0,Robust_UC
2024-09-02 08:00:00,L0,0,1,0.03703583712559956,0.45718064999999997,0.08100919653007967,0,Robust_UC
2024-09-02 08:00:00,L1,0,2,0.11538716976247217,0.46512495,0.2480777901991114,0,Robust_UC
2024-09-02 08:00:00,L2,1,11,0.15945884401367127,0.4639608,0.3436903376614388,0,Robust_UC
2024-09-02 08:00:00,L3,2,4,0.10670266527374528,0.47935529999999993,0.22259619383314483,0,Robust_UC
2024-09-02 08:00:00,L4,2,11,0.08110751137679861,0.47404710000000005,0.1710958918993463,0,Robust_UC
2024-09-02 08:00:00,L5,3,4,-0.00733028456121255,0.48887865,0.01499407789890712,0,Robust_UC
2024-09-02 08:00:00,L6,3,10,0.008821011252807423,0.48115889999999994,0.018332844415446588,0,Robust_UC
2024-09-02 08:00:00,L7,4,5,0.01603436430241733,0.4736699999999999,0.03385134017864195,0,Robust_UC
2024-09-02 08:00:00,L8,4,10,0.016151295814019972,0.4689422999999999,0.034441968263515525,0,Robust_UC
2024-09-02 08:00:00,L9,5,6,-0.007026262543718468,0.47463750000000005,0.014803429024715636,0,Robust_UC
2024-09-02 08:00:00,L10,6,11,-0.034603255655646745,0.46125135000000006,0.07502038889565688,0,Robust_UC
2024-09-02 08:00:00,L11,7,4,-0.0686774472876903,0.46494315,0.1477114939486479,0,Robust_UC
2024-09-02 08:00:00,L12,7,8,-0.0029814533831897462,0.47818215000000003,0.00623497423145081,0,Robust_UC
2024-09-02 08:00:00,L13,7,29,0.04408190755895178,0.4767741,0.09245868758171172,0,Robust_UC
2024-09-02 08:00:00,L14,8,9,-0.0014907266915948731,0.4640742,0.003212259357652016,0,Robust_UC
2024-09-02 08:00:00,L15,10,11,-0.04174644971096675,0.46967895,0.0888829480456102,0,Robust_UC
2024-09-02 08:00:00,L16,10,12,0.03914176366586587,0.4599243,0.08510479586720221,0,Robust_UC
2024-09-02 08:00:00,L17,11,13,0.07454884842311077,0.4556205,0.16362048771534812,0,Robust_UC
2024-09-02 08:00:00,L18,11,15,0.09264925498393538,0.45897435,0.2018615092192742,0,Robust_UC
2024-09-02 08:00:00,L19,11,116,-0.001490726691594873,0.45655065,0.0032651945443399827,0,Robust_UC
2024-09-02 08:00:00,L20,12,14,0.04063249035746075,0.45675720000000003,0.0889586203730576,0,Robust_UC
2024-09-02 08:00:00,L21,13,14,0.04697185531118249,0.45888344999999997,0.10236118846993172,0,Robust_UC
2024-09-02 08:00:00,L22,14,16,0.036200813121649245,0.46249155,0.07827345844837434,0,Robust_UC
2024-09-02 08:00:00,L23,14,18,0.04240937762835504,0.4453065,0.09523637680643565,0,Robust_UC
2024-09-02 08:00:00,L24,14,32,0.010484881610233771,0.44008605,0.02382461704985598,0,Robust_UC
2024-09-02 08:00:00,L25,15,16,0.0650722618720071,0.4610817,0.1411295696012379,0,Robust_UC
2024-09-02 08:00:00,L26,16,17,0.016892778809317006,0.45485459999999994,0.037138854502772996,0,Robust_UC
2024-09-02 08:00:00,L27,16,30,0.04718128510310787,0.4581693,0.10297784051246531,0,Robust_UC
2024-09-02 08:00:00,L28,16,112,0.028989026081656762,0.45823545,0.06326229470386187,0,Robust_UC
2024-09-02 08:00:00,L29,17,18,-0.010684214302611269,0.450027,0.023741273973808836,0,Robust_UC
2024-09-02 08:00:00,L30,18,19,0.03960523469898743,0.44684235000000005,0.08863357445637689,0,Robust_UC
2024-09-02 08:00:00,L31,18,33,-0.006389344681648812,0.43447274999999996,0.01470597334734759,0,Robust_UC
2024-09-02 08:00:00,L32,19,20,0.012028241587059145,0.44889165,0.026795422875562833,0,Robust_UC
2024-09-02 08:00:00,L33,20,21,0.013518968278654018,0.4478571,0.0301858969717216,0,Robust_UC
2024-09-02 08:00:00,L34,21,22,-0.01405802483327426,0.44536679999999995,0.0315650489288251,0,Robust_UC
2024-09-02 08:00:00,L35,22,23,-0.03409272834008365,0.44873865,0.07597457526799542,0,Robust_UC
2024-09-02 08:00:00,L36,22,24,-0.00970808422189505,0.46183050000000003,0.021020881517992095,0,Robust_UC
2024-09-02 08:00:00,L37,22,31,0.0021657946167763197,0.45421199999999995,0.004768246142277879,0,Robust_UC
2024-09-02 08:00:00,L38,23,69,-0.04476156439741408,0.45931230000000006,0.09745344158520046,0,Robust_UC
2024-09-02 08:00:00,L39,23,71,-0.01690815705459785,0.4599009,0.03676478357532645,0,Robust_UC
2024-09-02 08:00:00,L40,24,26,0.026008959879792674,0.47735999999999995,0.0544850005861251,0,Robust_UC
2024-09-02 08:00:00,L41,25,24,0.034226317410092855,0.46950525,0.07289868943977273,0,Robust_UC
2024-09-02 08:00:00,L42,25,29,-0.03273559071849798,0.49041270000000003,0.06675110721744762,0,Robust_UC
2024-09-02 08:00:00,L43,26,27,0.01876946818095434,0.4620879,0.04061882637687405,0,Robust_UC
2024-09-02 08:00:00,L44,26,31,-0.014135081041121305,0.46563795,0.030356376753916437,0,Robust_UC
2024-09-02 08:00:00,L45,26,114,-0.006202420371968641,0.46550745000000004,0.01332399808417382,0,Robust_UC
2024-09-02 08:00:00,L46,27,28,-0.008807524930973937,0.4483323000000001,0.019645082299388057,0,Robust_UC
2024-09-02 08:00:00,L47,28,30,-0.036384518042902214,0.45279359999999996,0.08035563674685821,0,Robust_UC
2024-09-02 08:00:00,L48,29,16,0.019367008112353583,0.43184340000000004,0.04484729444134976,0,Robust_UC
2024-09-02 08:00:00,L49,29,37,-0.006529964580305081,0.45085634999999996,0.01448347035658937,0,Robust_UC
2024-09-02 08:00:00,L50,30,31,0.012287493751800526,0.46224135,0.02658242009677526,0,Robust_UC
2024-09-02 08:00:00,L51,31,112,-0.030479752773251635,0.4596003,0.06631795665331731,0,Robust_UC
2024-09-02 08:00:00,L52,31,113,0.003220966988778895,0.4587453,0.0070212533812965385,0,Robust_UC
2024-09-02 08:00:00,L53,32,36,0.011975608301828644,0.44337555,0.027010078254943566,0,Robust_UC
2024-09-02 08:00:00,L54,33,35,0.023057145433713788,0.4240296,0.05437626390637302,0,Robust_UC
2024-09-02 08:00:00,L55,33,36,-0.013559543034643462,0.439407,0.030858732415831935,0,Robust_UC
2024-09-02 08:00:00,L56,33,42,-0.014396220389124047,0.42826275,0.03361539239432812,0,Robust_UC
2024-09-02 08:00:00,L57,34,35,0.0045198476782144885,0.41669639999999997,0.010846860395756932,0,Robust_UC
2024-09-02 08:00:00,L58,34,36,-0.032096840790142765,0.43463609999999997,0.07384761824924982,0,Robust_UC
2024-09-02 08:00:00,L59,36,38,-0.00717470867996171,0.4179312,0.01716720043864088,0,Robust_UC
2024-09-02 08:00:00,L60,36,39,-0.012858690668328565,0.42110369999999997,0.030535686740174844,0,Robust_UC
2024-09-02 08:00:00,L61,37,36,0.01215664948307238,0.42873479999999997,0.02835470664632864,0,Robust_UC
2024-09-02 08:00:00,L62,37,64,-0.017195887371782625,0.4476339,0.0384150694837514,0,Robust_UC
2024-09-02 08:00:00,L63,38,39,-0.0056839819883668374,0.41823045000000003,0.013590550349375176,0,Robust_UC
2024-09-02 08:00:00,L64,39,40,-0.006180890885565154,0.40557600000000005,0.015239784616360812,0,Robust_UC
2024-09-02 08:00:00,L65,39,41,-0.010871055079535452,0.40464315,0.02686578304744675,0,Robust_UC
2024-09-02 08:00:00,L66,40,41,-0.004690164193970281,0.39123045,0.011988239141330336,0,Robust_UC
2024-09-02 08:00:00,L67,41,48,-0.007035246290955366,0.4087377,0.017212129663976106,0,Robust_UC
2024-09-02 08:00:00,L68,41,48,-0.007035246290955366,0.4087377,0.017212129663976106,0,Robust_UC
2024-09-02 08:00:00,L69,42,43,-0.012905493697529174,0.40999949999999996,0.031476852282817845,0,Robust_UC
2024-09-02 08:00:00,L70,43,44,-0.011414767005934301,0.40325445000000004,0.02830661138627063,0,Robust_UC
2024-09-02 08:00:00,L71,44,45,-0.00431598633346425,0.40862249999999994,0.010562282628744748,0,Robust_UC
2024-09-02 08:00:00,L72,44,48,-0.005608053980875327,0.4070493,0.013777333558552556,0,Robust_UC
2024-09-02 08:00:00,L73,45,46,-0.0014338624723664872,0.41366655,0.0034662277439799936,0,Robust_UC
2024-09-02 08:00:00,L74,45,47,-0.0013913971695029663,0.4011075,0.0034688884388922327,0,Robust_UC
2024-09-02 08:00:00,L75,46,48,0.00014179482495541018,0.4187385,0.00033862380687567584,0,Robust_UC
2024-09-02 08:00:00,L76,46,68,-8.493060572706268e-05,0.4384908,0.00019368845532691375,0,Robust_UC
2024-09-02 08:00:00,L77,47,48,9.93295220919066e-05,0.40457519999999997,0.00024551559782187986,0,Robust_UC
2024-09-02 08:00:00,L78,48,49,-0.0031853017633952673,0.39897134999999995,0.007983785711418296,0,Robust_UC
2024-09-02 08:00:00,L79,48,50,-0.004085413043272257,0.40236885000000006,0.010153402887107827,0,Robust_UC
2024-09-02 08:00:00,L80,48,53,-0.0036637337279346593,0.3954167999999999,0.00926549840050969,0,Robust_UC
2024-09-02 08:00:00,L81,48,53,-0.0036637337279346593,0.3954167999999999,0.00926549840050969,0,Robust_UC
2024-09-02 08:00:00,L82,48,65,-0.0015608939154627688,0.39777435,0.003924068797957357,0,Robust_UC
2024-09-02 08:00:00,L83,48,65,-0.0015608939154627688,0.39777435,0.003924068797957357,0,Robust_UC
2024-09-02 08:00:00,L84,48,68,-0.00022672543068247286,0.4296312,0.0005277210562977569,0,Robust_UC
2024-09-02 08:00:00,L85,49,56,-0.0016945750718003947,0.3910211999999999,0.004333716616389073,0,Robust_UC
2024-09-02 08:00:00,L86,50,51,-0.0013501669198156749,0.3955477499999999,0.0034134106939444735,0,Robust_UC
2024-09-02 08:00:00,L87,50,57,-0.0012445194318618895,0.39069719999999997,0.0031853809852281758,0,Robust_UC
2024-09-02 08:00:00,L88,51,52,0.000140559771779198,0.39259799999999995,0.0003580246760788339,0,Robust_UC
2024-09-02 08:00:00,L89,52,53,0.001631286463374071,0.3896531999999999,0.004186508575764478,0,Robust_UC
2024-09-02 08:00:00,L90,53,54,-0.0014240452481237842,0.39000644999999995,0.0036513376846044067,0,Robust_UC
2024-09-02 08:00:00,L91,53,55,-0.001419991487466521,0.3958191,0.003587475913786174,0,Robust_UC
2024-09-02 08:00:00,L92,53,58,-0.0013614175653099414,0.39852405,0.0034161490763479426,0,Robust_UC
2024-09-02 08:00:00,L93,54,55,4.053760657263261e-06,0.4016862,1.0091859409816073e-05,0,Robust_UC
2024-09-02 08:00:00,L94,54,58,6.262768281384279e-05,0.4043151,0.00015489820393510605,0,Robust_UC
2024-09-02 08:00:00,L95,55,56,0.00020384838020552168,0.3986478,0.0005113495677275071,0,Robust_UC
2024-09-02 08:00:00,L96,55,57,-0.0002462072597329834,0.39793725,0.0006187087530332569,0,Robust_UC
2024-09-02 08:00:00,L97,55,58,5.857392215657953e-05,0.4030442999999999,0.0001453287446481182,0,Robust_UC
2024-09-02 08:00:00,L98,55,58,5.857392215657953e-05,0.4030442999999999,0.0001453287446481182,0,Robust_UC
2024-09-02 08:00:00,L99,58,59,-0.00010975129993456845,0.40467014999999995,0.0002712117509397925,0,Robust_UC
2024-09-02 08:00:00,L100,58,60,0.0002699133426496414,0.4054855499999999,0.000665654651934308,0,Robust_UC
2024-09-02 08:00:00,L101,59,60,0.00037966464258420984,0.40244399999999997,0.0009433974480529214,0,Robust_UC
2024-09-02 08:00:00,L102,59,61,0.001001310749076112,0.39771765000000003,0.002517642224518102,0,Robust_UC
2024-09-02 08:00:00,L103,60,61,0.0006216461064919021,0.40714334999999996,0.0015268482378304894,0,Robust_UC
2024-09-02 08:00:00,L104,61,65,0.0025726979286402885,0.3972222,0.006476722420449533,0,Robust_UC
2024-09-02 08:00:00,L105,61,66,0.0005409856185227165,0.39332924999999996,0.0013754014442676626,0,Robust_UC
2024-09-02 08:00:00,L106,62,58,-0.00014892261069583083,0.39946275,0.00037280725348191,0,Robust_UC
2024-09-02 08:00:00,L107,62,63,0.001639649302290704,0.41746949999999994,0.003927590643845129,0,Robust_UC
2024-09-02 08:00:00,L108,63,60,-0.0015186585703368973,0.41296904999999995,0.0036774149790084693,0,Robust_UC
2024-09-02 08:00:00,L109,63,64,0.004649034564222474,0.43310475000000004,0.010734203594447933,0,Robust_UC
2024-09-02 08:00:00,L110,64,65,-0.002973349099427147,0.40997745,0.007252469860054856,0,Robust_UC
2024-09-02 08:00:00,L111,64,67,-0.008082777016538133,0.4259655,0.01897519169167018,0,Robust_UC
2024-09-02 08:00:00,L112,65,66,-0.0020317123101175893,0.3897558,0.005212782747857991,0,Robust_UC
2024-09-02 08:00:00,L113,67,68,0.006443596401891356,0.42175935,0.015277898170820295,0,Robust_UC
2024-09-02 08:00:00,L114,68,69,0.02318073217972272,0.4676526,0.04956827392753236,0,Robust_UC
2024-09-02 08:00:00,L115,68,74,0.001993586072981113,0.46387259999999997,0.004297701724527625,0,Robust_UC
2024-09-02 08:00:00,L116,68,76,-0.017551651195626905,0.46089945,0.03808130210532233,0,Robust_UC
2024-09-02 08:00:00,L117,69,70,0.012435976979813232,0.48076784999999994,0.02586690640776673,0,Robust_UC
2024-09-02 08:00:00,L118,69,73,-0.01133893639916823,0.46896209999999994,0.024178790565737043,0,Robust_UC
2024-09-02 08:00:00,L119,69,74,-0.021187146106741606,0.4695489,0.04512234211759756,0,Robust_UC
2024-09-02 08:00:00,L120,70,71,0.015417430363002978,0.4724307,0.03263426860913776,0,Robust_UC
2024-09-02 08:00:00,L121,70,72,-0.001490726691594873,0.47952539999999994,0.0031087543883908404,0,Robust_UC
2024-09-02 08:00:00,L122,73,74,-0.009848209707573358,0.46119104999999994,0.02135386128497801,0,Robust_UC
2024-09-02 08:00:00,L123,74,76,-0.019545237268608018,0.4539825,0.043052842936915005,0,Robust_UC
2024-09-02 08:00:00,L124,74,117,-0.00800580578113088,0.45529604999999995,0.01758373651853751,0,Robust_UC
2024-09-02 08:00:00,L125,75,76,-0.005024352397941133,0.45588735,0.011021039293898225,0,Robust_UC
2024-09-02 08:00:00,L126,75,117,0.006515079089536006,0.45673109999999995,0.014264583886527559,0,Robust_UC
2024-09-02 08:00:00,L127,76,77,-0.004987746219977869,0.45733409999999997,0.010906132343898846,0,Robust_UC
2024-09-02 08:00:00,L128,76,79,-0.010491058585148982,0.46158479999999996,0.022728345008650595,0,Robust_UC
2024-09-02 08:00:00,L129,76,79,-0.010491058585148982,0.46158479999999996,0.022728345008650595,0,Robust_UC
2024-09-02 08:00:00,L130,76,81,-0.014660650780305423,0.4439799,0.03302097860805281,0,Robust_UC
2024-09-02 08:00:00,L131,77,78,-0.0034970195283829954,0.46037205,0.007596072629480864,0,Robust_UC
2024-09-02 08:00:00,L132,78,79,-0.0020062928367881225,0.4680846,0.004286175697273789,0,Robust_UC
2024-09-02 08:00:00,L133,79,95,-0.007509060960582792,0.45877815,0.016367520904347323,0,Robust_UC
2024-09-02 08:00:00,L134,79,96,-0.004499893826088824,0.4622265,0.009735257121971206,0,Robust_UC
2024-09-02 08:00:00,L135,79,97,-0.009771460936231723,0.45446895,0.021500832864889283,0,Robust_UC
2024-09-02 08:00:00,L136,79,98,-0.009771460936231723,0.45136889999999996,0.02164850289027827,0,Robust_UC
2024-09-02 08:00:00,L137,80,67,0.011544920035239744,0.42432525,0.027207713977048843,0,Robust_UC
2024-09-02 08:00:00,L138,80,79,-0.01005419334364487,0.4447107,0.02260839090142169,0,Robust_UC
2024-09-02 08:00:00,L139,81,82,-0.009830455323284231,0.41420925,0.023733065650475532,0,Robust_UC
2024-09-02 08:00:00,L140,81,95,-0.0033394687654263195,0.43829415000000005,0.007619241017536554,0,Robust_UC
2024-09-02 08:00:00,L141,82,83,-0.0032768184410947414,0.39458204999999996,0.008304529922470476,0,Robust_UC
2024-09-02 08:00:00,L142,82,84,-0.005062910190594627,0.3999167999999999,0.012659908737503972,0,Robust_UC
2024-09-02 08:00:00,L143,83,84,-0.0017860917494998685,0.39645810000000004,0.004505121094763529,0,Robust_UC
2024-09-02 08:00:00,L144,84,85,-0.002981453383189746,0.3914244,0.0076169328820322535,0,Robust_UC
2024-09-02 08:00:00,L145,84,87,-0.0012891828523015174,0.39516345,0.003262404081909694,0,Robust_UC
2024-09-02 08:00:00,L146,84,88,-0.0010876390130081792,0.4019147999999999,0.002706143224902839,0,Robust_UC
2024-09-02 08:00:00,L147,86,85,0.0014907266915948731,0.39086639999999995,0.0038139033992046216,0,Robust_UC
2024-09-02 08:00:00,L148,87,88,0.0002015438392933555,0.4042053,0.0004986175077203479,0,Robust_UC
2024-09-02 08:00:00,L149,88,89,-0.0006949773859740938,0.40541309999999997,0.0017142450156990335,0,Robust_UC
2024-09-02 08:00:00,L150,88,89,-0.0006949773859740938,0.40541309999999997,0.0017142450156990335,0,Robust_UC
2024-09-02 08:00:00,L151,88,91,0.0009972931449141464,0.4205952,0.0023711472335256,0,Robust_UC
2024-09-02 08:00:00,L152,88,91,0.0009972931449141464,0.4205952,0.0023711472335256,0,Robust_UC
2024-09-02 08:00:00,L153,89,90,0.00010077191964668534,0.4110435,0.00024516120470627887,0,Robust_UC
2024-09-02 08:00:00,L154,90,91,0.0015914986112415582,0.4120173,0.003862698511061449,0,Robust_UC
2024-09-02 08:00:00,L155,91,92,0.001202889021438936,0.42888149999999997,0.002804711841007216,0,Robust_UC
2024-09-02 08:00:00,L156,91,93,0.0038965047344727277,0.43883415,0.008879219482970338,0,Robust_UC
2024-09-02 08:00:00,L157,91,99,0.0011011083962607637,0.44392455,0.002480395365069951,0,Robust_UC
2024-09-02 08:00:00,L158,91,101,-0.0011236905595079516,0.42955829999999995,0.0026159209576626773,0,Robust_UC
2024-09-02 08:00:00,L159,92,93,0.002693615713033809,0.42974144999999997,0.006267991400489316,0,Robust_UC
2024-09-02 08:00:00,L160,93,94,0.00312850559523949,0.43766505,0.007148173232565611,0,Robust_UC
2024-09-02 08:00:00,L161,93,95,0.007747737882073835,0.44072775,0.0175794192266628,0,Robust_UC
2024-09-02 08:00:00,L162,93,99,-0.002795396338211964,0.43965765,0.006358120547230246,0,Robust_UC
2024-09-02 08:00:00,L163,94,95,0.004619232286834363,0.44839035,0.01030181021253995,0,Robust_UC
2024-09-02 08:00:00,L164,95,96,0.003009167134493951,0.448173,0.006714298127049044,0,Robust_UC
2024-09-02 08:00:00,L165,97,99,-0.00828073424463685,0.44912655,0.018437418684415004,0,Robust_UC
2024-09-02 08:00:00,L166,98,99,-0.00828073424463685,0.45188685000000006,0.01832479578601778,0,Robust_UC
2024-09-02 08:00:00,L167,99,100,-0.0018577628236817942,0.43812359999999995,0.0042402710643338875,0,Robust_UC
2024-09-02 08:00:00,L168,99,102,-0.005675042301795552,0.43870275000000003,0.012935962452470497,0,Robust_UC
2024-09-02 08:00:00,L169,99,103,-0.004513303569725069,0.43720425000000007,0.010323100861268088,0,Robust_UC
2024-09-02 08:00:00,L170,99,105,-0.0047189210444277705,0.43469955,0.010855592200239845,0,Robust_UC
2024-09-02 08:00:00,L171,100,101,-0.00036703613208692126,0.4286331,0.000856294420769001,0,Robust_UC
2024-09-02 08:00:00,L172,102,103,0.001161738732070483,0.43662375000000003,0.002660731882016228,0,Robust_UC
2024-09-02 08:00:00,L173,102,104,-0.0006990994139892126,0.44366490000000003,0.00157573748563209,0,Robust_UC
2024-09-02 08:00:00,L174,102,109,-0.004646954928281918,0.44718525,0.01039156575106607,0,Robust_UC
2024-09-02 08:00:00,L175,103,104,-0.0018608381460596957,0.44274915,0.0042029174896432795,0,Robust_UC
2024-09-02 08:00:00,L176,104,105,0.0016552206713569828,0.43414425,0.0038126053065472656,0,Robust_UC
2024-09-02 08:00:00,L177,104,106,8.224698988106363e-05,0.43364069999999993,0.00018966621417469264,0,Robust_UC
2024-09-02 08:00:00,L178,104,107,-0.002806678529692446,0.43805879999999997,0.006407081719834064,0,Robust_UC
2024-09-02 08:00:00,L179,105,106,-0.0015729736814759365,0.42798780000000003,0.003675276915547444,0,Robust_UC
2024-09-02 08:00:00,L180,107,108,-0.0013159518380975732,0.434223,0.0030305898998845594,0,Robust_UC
2024-09-02 08:00:00,L181,108,109,0.00017477485349729968,0.44085509999999994,0.0003964451210778773,0,Robust_UC
2024-09-02 08:00:00,L182,109,110,-0.0014907266915948731,0.45429659999999994,0.0032813952197636373,0,Robust_UC
2024-09-02 08:00:00,L183,109,111,-0.001490726691594873,0.44702910000000007,0.0033347419476603933,0,Robust_UC
2024-09-02 08:00:00,L184,113,114,0.004711693680373768,0.45772335,0.010293758621607939,0,Robust_UC
2024-09-02 08:00:00,L185,115,67,0.001490726691594873,0.41683365,0.0035763108175044717,0,Robust_UC
2024-09-02 09:00:00,L0,0,1,0.03700927763995379,0.45718064999999997,0.0809511024579754,0,Robust_UC
2024-09-02 09:00:00,L1,0,2,0.11353013799134085,0.46512495,0.24408524632217826,0,Robust_UC
2024-09-02 09:00:00,L2,1,11,0.15754869327124843,0.4639608,0.3395732856552718,0,Robust_UC
2024-09-02 09:00:00,L3,2,4,0.10304172070277419,0.47935529999999993,0.2149589682283146,0,Robust_UC
2024-09-02 09:00:00,L4,2,11,0.0810278329198613,0.47404710000000005,0.17092781059068032,0,Robust_UC
2024-09-02 09:00:00,L5,3,4,-0.03031722853487936,0.48887865,0.06201381167878646,0,Robust_UC
2024-09-02 09:00:00,L6,3,10,0.0008566441661739949,0.48115889999999994,0.0017803768488414014,0,Robust_UC
2024-09-02 09:00:00,L7,4,5,-0.00841462279128613,0.4736699999999999,0.01776473661259132,0,Robust_UC
2024-09-02 09:00:00,L8,4,10,0.031173872701053124,0.4689422999999999,0.0664769902417699,0,Robust_UC
2024-09-02 09:00:00,L9,5,6,-0.007337962594304311,0.47463750000000005,0.015460140832328483,0,Robust_UC
2024-09-02 09:00:00,L10,6,11,-0.006261302397322491,0.46125135000000006,0.013574599613253142,0,Robust_UC
2024-09-02 09:00:00,L11,7,4,-0.051041902455109645,0.46494315,0.10978095376845458,0,Robust_UC
2024-09-02 09:00:00,L12,7,8,-0.0021533203939636397,0.47818215000000003,0.004503138383487631,0,Robust_UC
2024-09-02 09:00:00,L13,7,29,0.054271883046055104,0.4767741,0.11383144144376783,0,Robust_UC
2024-09-02 09:00:00,L14,8,9,-0.0010766601969818199,0.4640742,0.0023200173527893166,0,Robust_UC
2024-09-02 09:00:00,L15,10,11,-0.05318776048396626,0.46967895,0.11324280230988903,0,Robust_UC
2024-09-02 09:00:00,L16,10,12,0.055757692982488005,0.4599243,0.12123232667308077,0,Robust_UC
2024-09-02 09:00:00,L17,11,13,0.08235157322447113,0.4556205,0.18074597877942528,0,Robust_UC
2024-09-02 09:00:00,L18,11,15,0.09155370941782713,0.45897435,0.1994745663190702,0,Robust_UC
2024-09-02 09:00:00,L19,11,116,-0.0010766601969818199,0.45655065,0.002358249182170302,0,Robust_UC
2024-09-02 09:00:00,L20,12,14,0.026297108613782642,0.45675720000000003,0.0575734955328184,0,Robust_UC
2024-09-02 09:00:00,L21,13,14,0.052890988855765764,0.45888344999999997,0.1152601795853953,0,Robust_UC
2024-09-02 09:00:00,L22,14,16,0.018404272386711995,0.46249155,0.03979374841921327,0,Robust_UC
2024-09-02 09:00:00,L23,14,18,0.0528466199279784,0.4453065,0.11867471040278639,0,Robust_UC
2024-09-02 09:00:00,L24,14,32,0.009013865351839834,0.44008605,0.02048205198015214,0,Robust_UC
2024-09-02 09:00:00,L25,15,16,0.06209312504912177,0.4610817,0.13466837883421046,0,Robust_UC
2024-09-02 09:00:00,L26,16,17,0.031951465954985894,0.45485459999999994,0.07024544976567434,0,Robust_UC
2024-09-02 09:00:00,L27,16,30,0.03249927852895129,0.4581693,0.07093290303158961,0,Robust_UC
2024-09-02 09:00:00,L28,16,112,0.01290522976606135,0.45823545,0.028162879511092715,0,Robust_UC
2024-09-02 09:00:00,L29,17,18,0.0024908815862805245,0.450027,0.005534960316337741,0,Robust_UC
2024-09-02 09:00:00,L30,18,19,0.03587937011275778,0.44684235000000005,0.0802953661683092,0,Robust_UC
2024-09-02 09:00:00,L31,18,33,-0.0100024529672042,0.43447274999999996,0.02302204906338591,0,Robust_UC
2024-09-02 09:00:00,L32,19,20,0.006418785744052417,0.44889165,0.014299187218234996,0,Robust_UC
2024-09-02 09:00:00,L33,20,21,-0.02304179862465295,0.4478571,0.051448997067709654,0,Robust_UC
2024-09-02 09:00:00,L34,21,22,-0.02196513842767113,0.44536679999999995,0.04931920930718485,0,Robust_UC
2024-09-02 09:00:00,L35,22,23,-0.03408713739130864,0.44873865,0.0759621160140956,0,Robust_UC
2024-09-02 09:00:00,L36,22,24,-0.01249213878841962,0.46183050000000003,0.027049185336221013,0,Robust_UC
2024-09-02 09:00:00,L37,22,31,-0.004846446616648237,0.45421199999999995,0.010670010076017889,0,Robust_UC
2024-09-02 09:00:00,L38,23,69,-0.0236811976987633,0.45931230000000006,0.051557943688342975,0,Robust_UC
2024-09-02 09:00:00,L39,23,71,-0.009329279495563525,0.4599009,0.02028541256510593,0,Robust_UC
2024-09-02 09:00:00,L40,24,26,0.01190314587715532,0.47735999999999995,0.024935365085376488,0,Robust_UC
2024-09-02 09:00:00,L41,25,24,0.02331862446859312,0.46950525,0.04966637640067522,0,Robust_UC
2024-09-02 09:00:00,L42,25,29,-0.0222419642716113,0.49041270000000003,0.04535356501088022,0,Robust_UC
2024-09-02 09:00:00,L43,26,27,0.01973307121163072,0.4620879,0.04270415046927375,0,Robust_UC
2024-09-02 09:00:00,L44,26,31,-0.0042574537053837735,0.46563795,0.009143270443020749,0,Robust_UC
2024-09-02 09:00:00,L45,26,114,-0.0024958114321097444,0.46550745000000004,0.005361485475924702,0,Robust_UC
2024-09-02 09:00:00,L46,27,28,-0.009727513157074645,0.4483323000000001,0.021697105377137992,0,Robust_UC
2024-09-02 09:00:00,L47,28,30,-0.008650852960092825,0.45279359999999996,0.01910551067880117,0,Robust_UC
2024-09-02 09:00:00,L48,29,16,0.026319161182870678,0.43184340000000004,0.0609460771725831,0,Robust_UC
2024-09-02 09:00:00,L49,29,37,0.0067874177885549475,0.45085634999999996,0.01505450192407171,0,Robust_UC
2024-09-02 09:00:00,L50,30,31,-0.005612158799847,0.46224135,0.01214118728202702,0,Robust_UC
2024-09-02 09:00:00,L51,31,112,-0.01398188996304317,0.4596003,0.030421846902717795,0,Robust_UC
2024-09-02 09:00:00,L52,31,113,0.00034249103814610465,0.4587453,0.0007465821189799757,0,Robust_UC
2024-09-02 09:00:00,L53,32,36,0.010090525548821654,0.44337555,0.022758416761640678,0,Robust_UC
2024-09-02 09:00:00,L54,33,35,0.0011891626382096523,0.4240296,0.002804433082524551,0,Robust_UC
2024-09-02 09:00:00,L55,33,36,-0.02373977606011274,0.439407,0.05402684995940606,0,Robust_UC
2024-09-02 09:00:00,L56,33,42,-0.016912423914006422,0.42826275,0.039490765690003204,0,Robust_UC
2024-09-02 09:00:00,L57,34,35,-0.002265822835191472,0.41669639999999997,0.005437586778267036,0,Robust_UC
2024-09-02 09:00:00,L58,34,36,-0.027194761533513894,0.43463609999999997,0.06256903541494574,0,Robust_UC
2024-09-02 09:00:00,L59,36,38,-0.006870716712179668,0.4179312,0.016439827206438926,0,Robust_UC
2024-09-02 09:00:00,L60,36,39,-0.012664773227377524,0.42110369999999997,0.03007518867057574,0,Robust_UC
2024-09-02 09:00:00,L61,37,36,0.020231861908265925,0.42873479999999997,0.04718968907647787,0,Robust_UC
2024-09-02 09:00:00,L62,37,64,-0.012367783922729192,0.4476339,0.027629238810396604,0,Robust_UC
2024-09-02 09:00:00,L63,38,39,-0.0057940565151978485,0.41823045000000003,0.013853741436564095,0,Robust_UC
2024-09-02 09:00:00,L64,39,40,-0.006152943247525126,0.40557600000000005,0.015170876105896616,0,Robust_UC
2024-09-02 09:00:00,L65,39,41,-0.01122922629806844,0.40464315,0.02775093634494601,0,Robust_UC
2024-09-02 09:00:00,L66,40,41,-0.0050762830505433065,0.39123045,0.012975173712944139,0,Robust_UC
2024-09-02 09:00:00,L67,41,48,-0.00761442457581496,0.4087377,0.0186291222361308,0,Robust_UC
2024-09-02 09:00:00,L68,41,48,-0.00761442457581496,0.4087377,0.0186291222361308,0,Robust_UC
2024-09-02 09:00:00,L69,42,43,-0.015835763717024602,0.40999949999999996,0.038623861046232014,0,Robust_UC
2024-09-02 09:00:00,L70,43,44,-0.014759103520042782,0.40325445000000004,0.036599976813753154,0,Robust_UC
2024-09-02 09:00:00,L71,44,45,-0.005941534312761121,0.40862249999999994,0.014540399299502895,0,Robust_UC
2024-09-02 09:00:00,L72,44,48,-0.007740909010299835,0.4070493,0.01901712890870918,0,Robust_UC
2024-09-02 09:00:00,L73,45,46,-0.003426856668518885,0.41366655,0.008284103871871885,0,Robust_UC
2024-09-02 09:00:00,L74,45,47,-0.0014380174472602633,0.4011075,0.0035851173245582874,0,Robust_UC
2024-09-02 09:00:00,L75,46,48,0.0016274819709801713,0.4187385,0.003886630847128151,0,Robust_UC
2024-09-02 09:00:00,L76,46,68,-0.003977678442517285,0.4384908,0.009071292812796266,0,Robust_UC
2024-09-02 09:00:00,L77,47,48,-0.00036135725027844345,0.40457519999999997,0.0008931769675413705,0,Robust_UC
2024-09-02 09:00:00,L78,48,49,-0.0024265097279827,0.39897134999999995,0.006081914723908622,0,Robust_UC
2024-09-02 09:00:00,L79,48,50,-0.0031004892189193667,0.40236885000000006,0.00770558958259161,0,Robust_UC
2024-09-02 09:00:00,L80,48,53,-0.0029034163371889354,0.3954167999999999,0.007342673192410986,0,Robust_UC
2024-09-02 09:00:00,L81,48,53,-0.0029034163371889354,0.3954167999999999,0.007342673192410986,0,Robust_UC
2024-09-02 09:00:00,L82,48,65,-0.0018439906047346133,0.39777435,0.004635770518472629,0,Robust_UC
2024-09-02 09:00:00,L83,48,65,-0.0018439906047346133,0.39777435,0.004635770518472629,0,Robust_UC
2024-09-02 09:00:00,L84,48,68,-0.005605160413497456,0.4296312,0.013046446378888351,0,Robust_UC
2024-09-02 09:00:00,L85,49,56,-0.00134984953100088,0.3910211999999999,0.0034521134173821784,0,Robust_UC
2024-09-02 09:00:00,L86,50,51,-0.0010109692364050026,0.3955477499999999,0.002555871538657476,0,Robust_UC
2024-09-02 09:00:00,L87,50,57,-0.0010128597855325536,0.39069719999999997,0.0025924418847448963,0,Robust_UC
2024-09-02 09:00:00,L88,51,52,6.569096057681728e-05,0.39259799999999995,0.00016732372701037013,0,Robust_UC
2024-09-02 09:00:00,L89,52,53,0.0011423511575586371,0.3896531999999999,0.002931712501164208,0,Robust_UC
2024-09-02 09:00:00,L90,53,54,-0.0011661203792048824,0.39000644999999995,0.0029900028043251146,0,Robust_UC
2024-09-02 09:00:00,L91,53,55,-0.0011461322558137255,0.3958191,0.0028955961342283015,0,Robust_UC
2024-09-02 09:00:00,L92,53,58,-0.0012755686848190395,0.39852405,0.003200732013084378,0,Robust_UC
2024-09-02 09:00:00,L93,54,55,1.9988123391156964e-05,0.4016862,4.9760542909258434e-05,0,Robust_UC
2024-09-02 09:00:00,L94,54,58,-0.00010944830561415708,0.4043151,0.000270700514559454,0,Robust_UC
2024-09-02 09:00:00,L95,55,56,0.00027318933401906015,0.3986478,0.0006852899577498236,0,Robust_UC
2024-09-02 09:00:00,L96,55,57,-6.380041144926629e-05,0.39793725,0.0001603278191455218,0,Robust_UC
2024-09-02 09:00:00,L97,55,58,-0.00012943642900531405,0.4030442999999999,0.00032114690371582994,0,Robust_UC
2024-09-02 09:00:00,L98,55,58,-0.00012943642900531405,0.4030442999999999,0.00032114690371582994,0,Robust_UC
2024-09-02 09:00:00,L99,58,59,-0.000233491504169403,0.40467014999999995,0.0005769921605767143,0,Robust_UC
2024-09-02 09:00:00,L100,58,60,-7.496887346897241e-05,0.4054855499999999,0.00018488667097747979,0,Robust_UC
2024-09-02 09:00:00,L101,59,60,0.0001585226307004306,0.40244399999999997,0.0003938998486756682,0,Robust_UC
2024-09-02 09:00:00,L102,59,61,0.0006846460621119932,0.39771765000000003,0.0017214374622599553,0,Robust_UC
2024-09-02 09:00:00,L103,60,61,0.0005261234314115626,0.40714334999999996,0.001292231425151762,0,Robust_UC
2024-09-02 09:00:00,L104,61,65,0.0018838398593307715,0.3972222,0.004742534176918539,0,Robust_UC
2024-09-02 09:00:00,L105,61,66,0.0004035898311744793,0.39332924999999996,0.001026086494138128,0,Robust_UC
2024-09-02 09:00:00,L106,62,58,0.0002587692738244884,0.39946275,0.0006477932518726426,0,Robust_UC
2024-09-02 09:00:00,L107,62,63,0.0008178909231573314,0.41746949999999994,0.001959163299731673,0,Robust_UC
2024-09-02 09:00:00,L108,63,60,-0.0006340905228017947,0.41296904999999995,0.0015354432076732985,0,Robust_UC
2024-09-02 09:00:00,L109,63,64,0.002528641642940946,0.43310475000000004,0.0058384066278214354,0,Robust_UC
2024-09-02 09:00:00,L110,64,65,-0.0007527688750004202,0.40997745,0.001836122633087308,0,Robust_UC
2024-09-02 09:00:00,L111,64,67,-0.008009713207806055,0.4259655,0.01880366651244304,0,Robust_UC
2024-09-02 09:00:00,L112,65,66,-0.0014802500281562991,0.3897558,0.003797890956738294,0,Robust_UC
2024-09-02 09:00:00,L113,67,68,0.003495774524043649,0.42175935,0.008288552521819965,0,Robust_UC
2024-09-02 09:00:00,L114,68,69,0.010378697256489546,0.4676526,0.02219317770603552,0,Robust_UC
2024-09-02 09:00:00,L115,68,74,-0.0014791754444565125,0.46387259999999997,0.003188753645842657,0,Robust_UC
2024-09-02 09:00:00,L116,68,76,-0.013909925947022284,0.46089945,0.030179957791275913,0,Robust_UC
2024-09-02 09:00:00,L117,69,70,0.006099298904618066,0.48076784999999994,0.012686578157458047,0,Robust_UC
2024-09-02 09:00:00,L118,69,73,-0.006467266448963939,0.46896209999999994,0.01379059512264198,0,Robust_UC
2024-09-02 09:00:00,L119,69,74,-0.011857872700946058,0.4695489,0.025253754616283968,0,Robust_UC
2024-09-02 09:00:00,L120,70,71,0.008252619298581705,0.4724307,0.01746842298475037,0,Robust_UC
2024-09-02 09:00:00,L121,70,72,-0.0010766601969818199,0.47952539999999994,0.002245262079926986,0,Robust_UC
2024-09-02 09:00:00,L122,73,74,-0.005390606251982119,0.46119104999999994,0.011688445064105471,0,Robust_UC
2024-09-02 09:00:00,L123,74,76,-0.012430750502565771,0.4539825,0.02738156317163276,0,Robust_UC
2024-09-02 09:00:00,L124,74,117,-0.005220243697837077,0.45529604999999995,0.011465602870565377,0,Robust_UC
2024-09-02 09:00:00,L125,75,76,-0.003066923303873437,0.45588735,0.0067273709258952605,0,Robust_UC
2024-09-02 09:00:00,L126,75,117,0.004143583500855257,0.45673109999999995,0.009072260463224985,0,Robust_UC
2024-09-02 09:00:00,L127,76,77,-0.003481167882252098,0.45733409999999997,0.007611870364033861,0,Robust_UC
2024-09-02 09:00:00,L128,76,79,-0.007213523055810855,0.46158479999999996,0.015627730930071474,0,Robust_UC
2024-09-02 09:00:00,L129,76,79,-0.007213523055810855,0.46158479999999996,0.015627730930071474,0,Robust_UC
2024-09-02 09:00:00,L130,76,81,-0.010422725562603263,0.4439799,0.023475669872900246,0,Robust_UC
2024-09-02 09:00:00,L131,77,78,-0.002404507685270278,0.46037205,0.0052229662623312564,0,Robust_UC
2024-09-02 09:00:00,L132,78,79,-0.0013278474882884583,0.4680846,0.002836768157483622,0,Robust_UC
2024-09-02 09:00:00,L133,79,95,-0.005499171417904181,0.45877815,0.011986559119923607,0,Robust_UC
2024-09-02 09:00:00,L134,79,96,-0.0032879158074429968,0.4622265,0.007113213559679068,0,Robust_UC
2024-09-02 09:00:00,L135,79,97,-0.007083326659243015,0.45446895,0.015585941920219226,0,Robust_UC
2024-09-02 09:00:00,L136,79,98,-0.007083326659243015,0.45136889999999996,0.015692987840418372,0,Robust_UC
2024-09-02 09:00:00,L137,80,67,0.009352167337886064,0.42432525,0.022040091505009577,0,Robust_UC
2024-09-02 09:00:00,L138,80,79,-0.008275507140904245,0.4447107,0.018608743034301274,0,Robust_UC
2024-09-02 09:00:00,L139,81,82,-0.0070560964545096985,0.41420925,0.017035101110150726,0,Robust_UC
2024-09-02 09:00:00,L140,81,95,-0.0022899689111117727,0.43829415000000005,0.005224730722761808,0,Robust_UC
2024-09-02 09:00:00,L141,82,83,-0.0023520321515032236,0.39458204999999996,0.005960818926008479,0,Robust_UC
2024-09-02 09:00:00,L142,82,84,-0.0036274041060246343,0.3999167999999999,0.009070396907618372,0,Robust_UC
2024-09-02 09:00:00,L143,83,84,-0.0012753719545214037,0.39645810000000004,0.003216914863188326,0,Robust_UC
2024-09-02 09:00:00,L144,84,85,-0.0021533203939636397,0.3914244,0.005501242114604096,0,Robust_UC
2024-09-02 09:00:00,L145,84,87,-0.0009164852221941397,0.39516345,0.0023192560501082266,0,Robust_UC
2024-09-02 09:00:00,L146,84,88,-0.0007563102474064665,0.4019147999999999,0.001881767597029188,0,Robust_UC
2024-09-02 09:00:00,L147,86,85,0.0010766601969818199,0.39086639999999995,0.002754547837782475,0,Robust_UC
2024-09-02 09:00:00,L148,87,88,0.00016017497478768017,0.4042053,0.0003962713373319948,0,Robust_UC
2024-09-02 09:00:00,L149,88,89,-0.0004982863547939795,0.40541309999999997,0.001229083013829547,0,Robust_UC
2024-09-02 09:00:00,L150,88,89,-0.0004982863547939795,0.40541309999999997,0.001229083013829547,0,Robust_UC
2024-09-02 09:00:00,L151,88,91,0.0007385488169755483,0.4205952,0.0017559611164738645,0,Robust_UC
2024-09-02 09:00:00,L152,88,91,0.0007385488169755483,0.4205952,0.0017559611164738645,0,Robust_UC
2024-09-02 09:00:00,L153,89,90,8.00874873938609e-05,0.4110435,0.00019483944495865012,0,Robust_UC
2024-09-02 09:00:00,L154,90,91,0.0011567476843756808,0.4120173,0.002807522121948959,0,Robust_UC
2024-09-02 09:00:00,L155,91,92,0.0008721812267678333,0.42888149999999997,0.0020336182063526486,0,Robust_UC
2024-09-02 09:00:00,L156,91,93,0.0028210226505174796,0.43883415,0.006428448311320984,0,Robust_UC
2024-09-02 09:00:00,L157,91,99,0.0008204713762534621,0.44392455,0.001848222578033727,0,Robust_UC
2024-09-02 09:00:00,L158,91,101,-0.0008031697382306659,0.42955829999999995,0.0018697572325588074,0,Robust_UC
2024-09-02 09:00:00,L159,92,93,0.0019488414237496532,0.42974144999999997,0.004534916107696042,0,Robust_UC
2024-09-02 09:00:00,L160,93,94,0.0022568051161771033,0.43766505,0.005156466380345205,0,Robust_UC
2024-09-02 09:00:00,L161,93,95,0.0055902704293360195,0.44072775,0.012684180720038662,0,Robust_UC
2024-09-02 09:00:00,L162,93,99,-0.0020005512742640175,0.43965765,0.004550247844576382,0,Robust_UC
2024-09-02 09:00:00,L163,94,95,0.003333465313158923,0.44839035,0.007434293162551163,0,Robust_UC
2024-09-02 09:00:00,L164,95,96,0.002211255610461177,0.448173,0.00493393312506817,0,Robust_UC
2024-09-02 09:00:00,L165,97,99,-0.006006666462261195,0.44912655,0.013374106835281048,0,Robust_UC
2024-09-02 09:00:00,L166,98,99,-0.006006666462261195,0.45188685000000006,0.013292412607849054,0,Robust_UC
2024-09-02 09:00:00,L167,99,100,-0.0013501506557329738,0.43812359999999995,0.0030816661228314887,0,Robust_UC
2024-09-02 09:00:00,L168,99,102,-0.00409873399126881,0.43870275000000003,0.009342850007821491,0,Robust_UC
2024-09-02 09:00:00,L169,99,103,-0.0032596815618967656,0.43720425000000007,0.007455740793683422,0,Robust_UC
2024-09-02 09:00:00,L170,99,105,-0.0034081864166528807,0.43469955,0.007840326535081255,0,Robust_UC
2024-09-02 09:00:00,L171,100,101,-0.000273490458751154,0.4286331,0.0006380525879852816,0,Robust_UC
2024-09-02 09:00:00,L172,102,103,0.0008390524293720447,0.43662375000000003,0.001921682980763288,0,Robust_UC
2024-09-02 09:00:00,L173,102,104,-0.0005049165061708494,0.44366490000000003,0.001138058264629114,0,Robust_UC
2024-09-02 09:00:00,L174,102,109,-0.003356209717488172,0.44718525,0.007505188772411818,0,Robust_UC
2024-09-02 09:00:00,L175,103,104,-0.001343968935542894,0.44274915,0.003035508787634926,0,Robust_UC
2024-09-02 09:00:00,L176,104,105,0.0011954640807868011,0.43414425,0.0027536103053001416,0,Robust_UC
2024-09-02 09:00:00,L177,104,106,5.940194190249409e-05,0.43364069999999993,0.00013698424041491979,0,Robust_UC
2024-09-02 09:00:00,L178,104,107,-0.0020270912674209274,0.43805879999999997,0.00462744103627396,0,Robust_UC
2024-09-02 09:00:00,L179,105,106,-0.001136062138884314,0.42798780000000003,0.0026544264553436192,0,Robust_UC
2024-09-02 09:00:00,L180,107,108,-0.0009504310704391075,0.434223,0.002188808677658962,0,Robust_UC
2024-09-02 09:00:00,L181,108,109,0.00012622912654271234,0.44085509999999994,0.00028632792621138413,0,Robust_UC
2024-09-02 09:00:00,L182,109,110,-0.0010766601969818199,0.45429659999999994,0.0023699499335496236,0,Robust_UC
2024-09-02 09:00:00,L183,109,111,-0.0010766601969818199,0.44702910000000007,0.002408478993832437,0,Robust_UC
2024-09-02 09:00:00,L184,113,114,0.0014191512351279245,0.45772335,0.0031004562802573314,0,Robust_UC
2024-09-02 09:00:00,L185,115,67,0.0010766601969818199,0.41683365,0.0025829493299828836,0,Robust_UC
2024-09-02 10:00:00,L0,0,1,0.036630657367923966,0.45718064999999997,0.08012293907872953,0,Robust_UC
2024-09-02 10:00:00,L1,0,2,0.11243251123789282,0.46512495,0.24172539279583435,0,Robust_UC
2024-09-02 10:00:00,L2,1,11,0.15569382597374076,0.4639608,0.3355753890711042,0,Robust_UC
2024-09-02 10:00:00,L3,2,4,0.10160370773993765,0.47935529999999993,0.21195907866239858,0,Robust_UC
2024-09-02 10:00:00,L4,2,11,0.07989197210377197,0.47404710000000005,0.1685317178478087,0,Robust_UC
2024-09-02 10:00:00,L5,3,4,-0.028738632864322457,0.48887865,0.05878479836319802,0,Robust_UC
2024-09-02 10:00:00,L6,3,10,-0.002198198529860751,0.48115889999999994,0.0045685500774499885,0,Robust_UC
2024-09-02 10:00:00,L7,4,5,-0.005952928992752973,0.4736699999999999,0.01256767157040339,0,Robust_UC
2024-09-02 10:00:00,L8,4,10,0.02654043433446185,0.4689422999999999,0.056596375149910456,0,Robust_UC
2024-09-02 10:00:00,L9,5,6,-0.0046053422530292105,0.47463750000000005,0.009702862190680698,0,Robust_UC
2024-09-02 10:00:00,L10,6,11,-0.01115346439038327,0.46125135000000006,0.024180881834564318,0,Robust_UC
2024-09-02 10:00:00,L11,7,4,-0.053625156273630084,0.46494315,0.11533701759802265,0,Robust_UC
2024-09-02 10:00:00,L12,7,8,-0.0026951734794475285,0.47818215000000003,0.00563629043754044,0,Robust_UC
2024-09-02 10:00:00,L13,7,29,0.05766791649280137,0.4767741,0.12095438173508455,0,Robust_UC
2024-09-02 10:00:00,L14,8,9,-0.0013475867397237642,0.4640742,0.00290381740619014,0,Robust_UC
2024-09-02 10:00:00,L15,10,11,-0.04825216997062742,0.46967895,0.10273436774338604,0,Robust_UC
2024-09-02 10:00:00,L16,10,12,0.04165757438104532,0.4599243,0.09057484977646392,0,Robust_UC
2024-09-02 10:00:00,L17,11,13,0.08192586843331252,0.4556205,0.1798116380481399,0,Robust_UC
2024-09-02 10:00:00,L18,11,15,0.09694946876263705,0.45897435,0.21123069026109423,0,Robust_UC
2024-09-02 10:00:00,L19,11,116,-0.0013475867397237645,0.45655065,0.002951669742938192,0,Robust_UC
2024-09-02 10:00:00,L20,12,14,0.04300516112076908,0.45675720000000003,0.0941532199618727,0,Robust_UC
2024-09-02 10:00:00,L21,13,14,0.05098903703912931,0.45888344999999997,0.11111544127191625,0,Robust_UC
2024-09-02 10:00:00,L22,14,16,0.030047200658649124,0.46249155,0.06496810732790496,0,Robust_UC
2024-09-02 10:00:00,L23,14,18,0.039797266530130035,0.4453065,0.08937050442814115,0,Robust_UC
2024-09-02 10:00:00,L24,14,32,0.025497317710843004,0.44008605,0.057937118685863834,0,Robust_UC
2024-09-02 10:00:00,L25,15,16,0.06601263736845384,0.4610817,0.14316906823336045,0,Robust_UC
2024-09-02 10:00:00,L26,16,17,0.020343448632832058,0.45485459999999994,0.04472516851062309,0,Robust_UC
2024-09-02 10:00:00,L27,16,30,0.05092968313242316,0.4581693,0.11115909148086342,0,Robust_UC
2024-09-02 10:00:00,L28,16,112,0.023807172596158138,0.45823545,0.051954017516886,0,Robust_UC
2024-09-02 10:00:00,L29,17,18,-0.01059338276135115,0.450027,0.023539438214487465,0,Robust_UC
2024-09-02 10:00:00,L30,18,19,0.02795317955370764,0.44684235000000005,0.06255714023907456,0,Robust_UC
2024-09-02 10:00:00,L31,18,33,0.0025982909547950066,0.43447274999999996,0.005980331228586848,0,Robust_UC
2024-09-02 10:00:00,L32,19,20,-0.0029836518404755667,0.44889165,0.006646708265737549,0,Robust_UC
2024-09-02 10:00:00,L33,20,21,-0.001636065100751804,0.4478571,0.00365309626832265,0,Robust_UC
2024-09-02 10:00:00,L34,21,22,-0.0002884783610280413,0.44536679999999995,0.0006477320739400452,0,Robust_UC
2024-09-02 10:00:00,L35,22,23,-0.0434293162608851,0.44873865,0.09678086846516364,0,Robust_UC
2024-09-02 10:00:00,L36,22,24,-0.003962875303433041,0.46183050000000003,0.008580800322700734,0,Robust_UC
2024-09-02 10:00:00,L37,22,31,0.016166881809106887,0.45421199999999995,0.035593251189107486,0,Robust_UC
2024-09-02 10:00:00,L38,23,69,-0.03021371040114724,0.45931230000000006,0.0657803207123938,0,Robust_UC
2024-09-02 10:00:00,L39,23,71,-0.011868019120014098,0.4599009,0.025805600989287254,0,Robust_UC
2024-09-02 10:00:00,L40,24,26,0.0274532410801496,0.47735999999999995,0.05751056033213843,0,Robust_UC
2024-09-02 10:00:00,L41,25,24,0.030068529643858876,0.46950525,0.06404301047508815,0,Robust_UC
2024-09-02 10:00:00,L42,25,29,-0.028720942904135113,0.49041270000000003,0.058564843251683964,0,Robust_UC
2024-09-02 10:00:00,L43,26,27,0.007628641715836378,0.4620879,0.0165090704946751,0,Robust_UC
2024-09-02 10:00:00,L44,26,31,-0.007323483967609671,0.46563795,0.015727850291432796,0,Robust_UC
2024-09-02 10:00:00,L45,26,114,-0.0037887480622603212,0.46550745000000004,0.00813896332327296,0,Robust_UC
2024-09-02 10:00:00,L46,27,28,0.008976228455560141,0.4483323000000001,0.020021373556088063,0,Robust_UC
2024-09-02 10:00:00,L47,28,30,-0.021960602938623067,0.45279359999999996,0.0485002503096843,0,Robust_UC
2024-09-02 10:00:00,L48,29,16,0.029957297728493603,0.43184340000000004,0.06937074348824968,0,Robust_UC
2024-09-02 10:00:00,L49,29,37,0.00033726259989641516,0.45085634999999996,0.000748048907143961,0,Robust_UC
2024-09-02 10:00:00,L50,30,31,-0.001967751200383119,0.46224135,0.004256977876131418,0,Robust_UC
2024-09-02 10:00:00,L51,31,112,-0.0251547593358819,0.4596003,0.05473181661518041,0,Robust_UC
2024-09-02 10:00:00,L52,31,113,0.0010935745828127923,0.4587453,0.0023838382274713053,0,Robust_UC
2024-09-02 10:00:00,L53,32,36,-0.005439513683340204,0.44337555,0.012268411470457052,0,Robust_UC
2024-09-02 10:00:00,L54,33,35,0.012729440863740022,0.4240296,0.030020170440318367,0,Robust_UC
2024-09-02 10:00:00,L55,33,36,-0.02233775345742256,0.439407,0.05083613473937047,0,Robust_UC
2024-09-02 10:00:00,L56,33,42,-0.01873022784570558,0.42826275,0.04373536537022092,0,Robust_UC
2024-09-02 10:00:00,L57,34,35,0.018207390530443186,0.41669639999999997,0.04369461922503575,0,Robust_UC
2024-09-02 10:00:00,L58,34,36,-0.016859803790719424,0.43463609999999997,0.03879061999387401,0,Robust_UC
2024-09-02 10:00:00,L59,36,38,-0.008335477478010358,0.4179312,0.019944616429714648,0,Robust_UC
2024-09-02 10:00:00,L60,36,39,-0.015323368216296929,0.42110369999999997,0.03638858603307672,0,Robust_UC
2024-09-02 10:00:00,L61,37,36,0.01963063849745104,0.42873479999999997,0.04578736901565033,0,Robust_UC
2024-09-02 10:00:00,L62,37,64,-0.017945789157830863,0.4476339,0.0400903263980473,0,Robust_UC
2024-09-02 10:00:00,L63,38,39,-0.006987890738286595,0.41823045000000003,0.016708230446364186,0,Robust_UC
2024-09-02 10:00:00,L64,39,40,-0.0074370863181945045,0.40557600000000005,0.018337096667935242,0,Robust_UC
2024-09-02 10:00:00,L65,39,41,-0.013526585896665222,0.40464315,0.03342843168521504,0,Robust_UC
2024-09-02 10:00:00,L66,40,41,-0.006089499578470742,0.39123045,0.01556499392741731,0,Robust_UC
2024-09-02 10:00:00,L67,41,48,-0.009134249367706126,0.4087377,0.022347459917952582,0,Robust_UC
2024-09-02 10:00:00,L68,41,48,-0.009134249367706126,0.4087377,0.022347459917952582,0,Robust_UC
2024-09-02 10:00:00,L69,42,43,-0.017382641105981818,0.40999949999999996,0.042396737327684106,0,Robust_UC
2024-09-02 10:00:00,L70,43,44,-0.016035054366258055,0.40325445000000004,0.03976411014499171,0,Robust_UC
2024-09-02 10:00:00,L71,44,45,-0.0065134340063883744,0.40862249999999994,0.015939978846951343,0,Robust_UC
2024-09-02 10:00:00,L72,44,48,-0.008174033620145404,0.4070493,0.02008118824954472,0,Robust_UC
2024-09-02 10:00:00,L73,45,46,-0.0036617540899240852,0.41366655,0.008851946307778778,0,Robust_UC
2024-09-02 10:00:00,L74,45,47,-0.0015040931767404085,0.4011075,0.003749850543159648,0,Robust_UC
2024-09-02 10:00:00,L75,46,48,0.0020011544761670552,0.4187385,0.004779007605383921,0,Robust_UC
2024-09-02 10:00:00,L76,46,68,-0.004315321826367513,0.4384908,0.009841305282499685,0,Robust_UC
2024-09-02 10:00:00,L77,47,48,-0.0001565064370166458,0.40457519999999997,0.00038684140060153417,0,Robust_UC
2024-09-02 10:00:00,L78,48,49,-0.0029312956888456593,0.39897134999999995,0.007347133293770743,0,Robust_UC
2024-09-02 10:00:00,L79,48,50,-0.0037548091673078043,0.40236885000000006,0.00933175907456008,0,Robust_UC
2024-09-02 10:00:00,L80,48,53,-0.0034178596012162665,0.3954167999999999,0.008643688384550851,0,Robust_UC
2024-09-02 10:00:00,L81,48,53,-0.0034178596012162665,0.3954167999999999,0.008643688384550851,0,Robust_UC
2024-09-02 10:00:00,L82,48,65,-0.0017059986077814226,0.39777435,0.0042888602741263295,0,Robust_UC
2024-09-02 10:00:00,L83,48,65,-0.0017059986077814226,0.39777435,0.0042888602741263295,0,Robust_UC
2024-09-02 10:00:00,L84,48,68,-0.006316476302534568,0.4296312,0.014702089379296868,0,Robust_UC
2024-09-02 10:00:00,L85,49,56,-0.0015837089491218964,0.3910211999999999,0.004050186918565788,0,Robust_UC
2024-09-02 10:00:00,L86,50,51,-0.001235270217693256,0.3955477499999999,0.0031229357712014697,0,Robust_UC
2024-09-02 10:00:00,L87,50,57,-0.0011719522098908274,0.39069719999999997,0.0029996432272635367,0,Robust_UC
2024-09-02 10:00:00,L88,51,52,0.00011231652203050682,0.39259799999999995,0.00028608531380828946,0,Robust_UC
2024-09-02 10:00:00,L89,52,53,0.0014599032617542695,0.3896531999999999,0.0037466733540344847,0,Robust_UC
2024-09-02 10:00:00,L90,53,54,-0.0013439539851695104,0.39000644999999995,0.003445978868220027,0,Robust_UC
2024-09-02 10:00:00,L91,53,55,-0.0013332672461494055,0.3958191,0.0033683752152167635,0,Robust_UC
2024-09-02 10:00:00,L92,53,58,-0.0013510079696354427,0.39852405,0.003390028706261122,0,Robust_UC
2024-09-02 10:00:00,L93,54,55,1.0686739020104863e-05,0.4016862,2.6604695456565008e-05,0,Robust_UC
2024-09-02 10:00:00,L94,54,58,-7.053984465932306e-06,0.4043151,1.744674998765148e-05,0,Robust_UC
2024-09-02 10:00:00,L95,55,56,0.00023612220939813375,0.3986478,0.0005923078200811186,0,Robust_UC
2024-09-02 10:00:00,L96,55,57,-0.00017563452983293537,0.39793725,0.00044136237518084916,0,Robust_UC
2024-09-02 10:00:00,L97,55,58,-1.774072348603717e-05,0.4030442999999999,4.4016807795165875e-05,0,Robust_UC
2024-09-02 10:00:00,L98,55,58,-1.774072348603717e-05,0.4030442999999999,4.4016807795165875e-05,0,Robust_UC
2024-09-02 10:00:00,L99,58,59,-0.00016269358959094006,0.40467014999999995,0.00040204000614065574,0,Robust_UC
2024-09-02 10:00:00,L100,58,60,0.00013289803397765356,0.4054855499999999,0.00032775035751003603,0,Robust_UC
2024-09-02 10:00:00,L101,59,60,0.0002955916235685936,0.40244399999999997,0.0007344913169747682,0,Robust_UC
2024-09-02 10:00:00,L102,59,61,0.000889301526564229,0.39771765000000003,0.002236012222651494,0,Robust_UC
2024-09-02 10:00:00,L103,60,61,0.0005937099029956369,0.40714334999999996,0.001458233084233445,0,Robust_UC
2024-09-02 10:00:00,L104,61,65,0.0023362610260970196,0.3972222,0.00588149661850979,0,Robust_UC
2024-09-02 10:00:00,L105,61,66,0.0004943371431866163,0.39332924999999996,0.0012568023943976105,0,Robust_UC
2024-09-02 10:00:00,L106,62,58,1.6161105735868408e-05,0.39946275,4.0457103286522736e-05,0,Robust_UC
2024-09-02 10:00:00,L107,62,63,0.0013314256339878958,0.41746949999999994,0.0031892764237576544,0,Robust_UC
2024-09-02 10:00:00,L108,63,60,-0.0011823664942743745,0.41296904999999995,0.002863087425738986,0,Robust_UC
2024-09-02 10:00:00,L109,63,64,0.0038613788679860346,0.43310475000000004,0.008915577277751016,0,Robust_UC
2024-09-02 10:00:00,L110,64,65,-0.002113774433167769,0.40997745,0.005155830968673445,0,Robust_UC
2024-09-02 10:00:00,L111,64,67,-0.010623049116953295,0.4259655,0.024938754704203262,0,Robust_UC
2024-09-02 10:00:00,L112,65,66,-0.001841923882910379,0.3897558,0.004725840854479598,0,Robust_UC
2024-09-02 10:00:00,L113,67,68,0.0038987969890323542,0.42175935,0.009244126986236001,0,Robust_UC
2024-09-02 10:00:00,L114,68,69,0.013442099875249984,0.4676526,0.0287437723542005,0,Robust_UC
2024-09-02 10:00:00,L115,68,74,-0.001608226336186236,0.46387259999999997,0.003466956953668391,0,Robust_UC
2024-09-02 10:00:00,L116,68,76,-0.01721928793920957,0.46089945,0.03736018330941721,0,Robust_UC
2024-09-02 10:00:00,L117,69,70,0.007825258900842808,0.48076784999999994,0.01627658526010591,0,Robust_UC
2024-09-02 10:00:00,L118,69,73,-0.008198956475579996,0.46896209999999994,0.017483196351218994,0,Robust_UC
2024-09-02 10:00:00,L119,69,74,-0.015050326211436205,0.4695489,0.03205273446798875,0,Robust_UC
2024-09-02 10:00:00,L120,70,71,0.010520432380290335,0.4724307,0.022268731435722396,0,Robust_UC
2024-09-02 10:00:00,L121,70,72,-0.0013475867397237627,0.47952539999999994,0.002810251010110753,0,Robust_UC
2024-09-02 10:00:00,L122,73,74,-0.006851369735856233,0.46119104999999994,0.014855816772368488,0,Robust_UC
2024-09-02 10:00:00,L123,74,76,-0.015611061603023335,0.4539825,0.03438692373169304,0,Robust_UC
2024-09-02 10:00:00,L124,74,117,-0.006551273940731543,0.45529604999999995,0.01438904190082814,0,Robust_UC
2024-09-02 10:00:00,L125,75,76,-0.003856100461284014,0.45588735,0.008458450231804006,0,Robust_UC
2024-09-02 10:00:00,L126,75,117,0.005203687201007778,0.45673109999999995,0.011393327936301642,0,Robust_UC
2024-09-02 10:00:00,L127,76,77,-0.0043426759274488545,0.45733409999999997,0.009495631153349062,0,Robust_UC
2024-09-02 10:00:00,L128,76,79,-0.008985267563175248,0.46158479999999996,0.019466125321230786,0,Robust_UC
2024-09-02 10:00:00,L129,76,79,-0.008985267563175248,0.46158479999999996,0.019466125321230786,0,Robust_UC
2024-09-02 10:00:00,L130,76,81,-0.01302565220999391,0.4439799,0.029338382683526686,0,Robust_UC
2024-09-02 10:00:00,L131,77,78,-0.00299508918772509,0.46037205,0.006505801531011907,0,Robust_UC
2024-09-02 10:00:00,L132,78,79,-0.0016475024480013256,0.4680846,0.00351966812837108,0,Robust_UC
2024-09-02 10:00:00,L133,79,95,-0.006892023408140824,0.45877815,0.015022562447973653,0,Robust_UC
2024-09-02 10:00:00,L134,79,96,-0.004119805073932307,0.4622265,0.00891295733570513,0,Robust_UC
2024-09-02 10:00:00,L135,79,97,-0.008868854119684714,0.45446895,0.01951476359316674,0,Robust_UC
2024-09-02 10:00:00,L136,79,98,-0.008868854119684714,0.45136889999999996,0.019648793081855475,0,Robust_UC
2024-09-02 10:00:00,L137,80,67,0.01182667262653812,0.42432525,0.027871715450678743,0,Robust_UC
2024-09-02 10:00:00,L138,80,79,-0.010479085886814355,0.4447107,0.023563826745824544,0,Robust_UC
2024-09-02 10:00:00,L139,81,82,-0.008826426708948069,0.41420925,0.02130910091686284,0,Robust_UC
2024-09-02 10:00:00,L140,81,95,-0.0028516387613221617,0.43829415000000005,0.006506221361435377,0,Robust_UC
2024-09-02 10:00:00,L141,82,83,-0.0029421422363160293,0.39458204999999996,0.007456350932121797,0,Robust_UC
2024-09-02 10:00:00,L142,82,84,-0.004536697732908268,0.3999167999999999,0.011344103905883097,0,Robust_UC
2024-09-02 10:00:00,L143,83,84,-0.0015945554965922648,0.39645810000000004,0.004022002568726089,0,Robust_UC
2024-09-02 10:00:00,L144,84,85,-0.002695173479447529,0.3914244,0.0068855530709059755,0,Robust_UC
2024-09-02 10:00:00,L145,84,87,-0.0011453599166843503,0.39516345,0.002898445989082113,0,Robust_UC
2024-09-02 10:00:00,L146,84,88,-0.00094313309364491,0.4019147999999999,0.002346599562008939,0,Robust_UC
2024-09-02 10:00:00,L147,86,85,0.0013475867397237642,0.39086639999999995,0.003447691435548731,0,Robust_UC
2024-09-02 10:00:00,L148,87,88,0.0002022268230394142,0.4042053,0.0005003072028976715,0,Robust_UC
2024-09-02 10:00:00,L149,88,89,-0.0006232366641020115,0.40541309999999997,0.0015372879270601062,0,Robust_UC
2024-09-02 10:00:00,L150,88,89,-0.0006232366641020115,0.40541309999999997,0.0015372879270601062,0,Robust_UC
2024-09-02 10:00:00,L151,88,91,0.0009265768986612133,0.4205952,0.0022030134881739338,0,Robust_UC
2024-09-02 10:00:00,L152,88,91,0.0009265768986612133,0.4205952,0.0022030134881739338,0,Robust_UC
2024-09-02 10:00:00,L153,89,90,0.00010111341151974136,0.4110435,0.00024599199724540435,0,Robust_UC
2024-09-02 10:00:00,L154,90,91,0.0014487001512435058,0.4120173,0.0035161148603311218,0,Robust_UC
2024-09-02 10:00:00,L155,91,92,0.0010920607698683988,0.42888149999999997,0.002546299548636159,0,Robust_UC
2024-09-02 10:00:00,L156,91,93,0.003531708279460588,0.43883415,0.00804793400755294,0,Robust_UC
2024-09-02 10:00:00,L157,91,99,0.0010299437840130543,0.44392455,0.0023200874653430507,0,Robust_UC
2024-09-02 10:00:00,L158,91,101,-0.0010042721450527464,0.42955829999999995,0.0023379181476710993,0,Robust_UC
2024-09-02 10:00:00,L159,92,93,0.0024396475095921633,0.42974144999999997,0.005677012328208423,0,Robust_UC
2024-09-02 10:00:00,L160,93,94,0.002824373428166745,0.43766505,0.006453276148430735,0,Robust_UC
2024-09-02 10:00:00,L161,93,95,0.00699633359605728,0.44072775,0.01587450210715636,0,Robust_UC
2024-09-02 10:00:00,L162,93,99,-0.0025017644954475338,0.43965765,0.005690255805733242,0,Robust_UC
2024-09-02 10:00:00,L163,94,95,0.004171960167890509,0.44839035,0.009304304091045915,0,Robust_UC
2024-09-02 10:00:00,L164,95,96,0.0027722183342085427,0.448173,0.00618559871792487,0,Robust_UC
2024-09-02 10:00:00,L165,97,99,-0.00752126737996095,0.44912655,0.016746432336188874,0,Robust_UC
2024-09-02 10:00:00,L166,98,99,-0.00752126737996095,0.45188685000000006,0.016644138637716386,0,Robust_UC
2024-09-02 10:00:00,L167,99,100,-0.0016909013343947826,0.43812359999999995,0.003859416234128412,0,Robust_UC
2024-09-02 10:00:00,L168,99,102,-0.005130123312603652,0.43870275000000003,0.011693848084160975,0,Robust_UC
2024-09-02 10:00:00,L169,99,103,-0.004079935025784409,0.43720425000000007,0.009331874120126711,0,Robust_UC
2024-09-02 10:00:00,L170,99,105,-0.004265809058849657,0.43469955,0.009813235506799252,0,Robust_UC
2024-09-02 10:00:00,L171,100,101,-0.0003433145946710181,0.4286331,0.0008009521305541222,0,Robust_UC
2024-09-02 10:00:00,L172,102,103,0.0010501882868192425,0.43662375000000003,0.0024052477374839148,0,Robust_UC
2024-09-02 10:00:00,L173,102,104,-0.0006319717124220192,0.44366490000000003,0.001424434775935665,0,Robust_UC
2024-09-02 10:00:00,L174,102,109,-0.004200753147276798,0.44718525,0.009393764993985821,0,Robust_UC
2024-09-02 10:00:00,L175,103,104,-0.0016821599992412617,0.44274915,0.0037993522951794752,0,Robust_UC
2024-09-02 10:00:00,L176,104,105,0.0014962859661760142,0.43414425,0.0034465179860749375,0,Robust_UC
2024-09-02 10:00:00,L177,104,106,7.434961322611185e-05,0.43364069999999993,0.00017145441658523257,0,Robust_UC
2024-09-02 10:00:00,L178,104,107,-0.002537180551342024,0.43805879999999997,0.0057918721216010825,0,Robust_UC
2024-09-02 10:00:00,L179,105,106,-0.0014219363529498763,0.42798780000000003,0.003322375901719339,0,Robust_UC
2024-09-02 10:00:00,L180,107,108,-0.0011895938116182597,0.434223,0.0027395918954506316,0,Robust_UC
2024-09-02 10:00:00,L181,108,109,0.0001579929281055048,0.44085509999999994,0.00035837836083898046,0,Robust_UC
2024-09-02 10:00:00,L182,109,110,-0.0013475867397237642,0.45429659999999994,0.00296631482543291,0,Robust_UC
2024-09-02 10:00:00,L183,109,111,-0.0013475867397237645,0.44702910000000007,0.003014539187099373,0,Robust_UC
2024-09-02 10:00:00,L184,113,114,0.0024411613225365568,0.45772335,0.005333268059268895,0,Robust_UC
2024-09-02 10:00:00,L185,115,67,0.0013475867397237645,0.41683365,0.0032329125533021733,0,Robust_UC
2024-09-02 11:00:00,L0,0,1,0.034621648898403815,0.45718064999999997,0.07572859634020779,0,Robust_UC
2024-09-02 11:00:00,L1,0,2,0.11218660002661499,0.46512495,0.24119669354786277,0,Robust_UC
2024-09-02 11:00:00,L2,1,11,0.15142989782342262,0.4639608,0.32638511232721085,0,Robust_UC
2024-09-02 11:00:00,L3,2,4,0.10512990225642235,0.47935529999999993,0.21931519742542196,0,Robust_UC
2024-09-02 11:00:00,L4,2,11,0.07386494669521146,0.47404710000000005,0.15581773772102275,0,Robust_UC
2024-09-02 11:00:00,L5,3,4,-0.011665379943399785,0.48887865,0.023861504165501573,0,Robust_UC
2024-09-02 11:00:00,L6,3,10,0.012039920088901437,0.48115889999999994,0.025022752543705288,0,Robust_UC
2024-09-02 11:00:00,L7,4,5,0.003237678462543775,0.4736699999999999,0.006835304035602372,0,Robust_UC
2024-09-02 11:00:00,L8,4,10,0.023705300032300286,0.4689422999999999,0.05055056887020064,0,Robust_UC
2024-09-02 11:00:00,L9,5,6,-0.0006554414743867171,0.47463750000000005,0.001380930656315013,0,Robust_UC
2024-09-02 11:00:00,L10,6,11,-0.03384719254936791,0.46125135000000006,0.07338123248716324,0,Robust_UC
2024-09-02 11:00:00,L11,7,4,-0.06689608396368016,0.46494315,0.143880136665483,0,Robust_UC
2024-09-02 11:00:00,L12,7,8,-0.0007490802910033033,0.47818215000000003,0.0015665166317966976,0,Robust_UC
2024-09-02 11:00:00,L13,7,29,0.034453413179702276,0.4767741,0.07226360068573834,0,Robust_UC
2024-09-02 11:00:00,L14,8,9,-0.00037454014550165166,0.4640742,0.0008070695278937112,0,Robust_UC
2024-09-02 11:00:00,L15,10,11,-0.054970255593512124,0.46967895,0.11703793749647952,0,Robust_UC
2024-09-02 11:00:00,L16,10,12,0.057523724639732654,0.4599243,0.12507215783060963,0,Robust_UC
2024-09-02 11:00:00,L17,11,13,0.06822570682624729,0.4556205,0.14974239926923238,0,Robust_UC
2024-09-02 11:00:00,L18,11,15,0.06900076984051007,0.45897435,0.15033687577641336,0,Robust_UC
2024-09-02 11:00:00,L19,11,116,-0.000374540145501652,0.45655065,0.0008203693182818861,0,Robust_UC
2024-09-02 11:00:00,L20,12,14,0.02433197356475146,0.45675720000000003,0.053271133032498356,0,Robust_UC
2024-09-02 11:00:00,L21,13,14,0.06860024697174895,0.45888344999999997,0.14949383546464565,0,Robust_UC
2024-09-02 11:00:00,L22,14,16,0.0015501260285255558,0.46249155,0.003351685081652964,0,Robust_UC
2024-09-02 11:00:00,L23,14,18,0.033648796343056564,0.4453065,0.07556322744684069,0,Robust_UC
2024-09-02 11:00:00,L24,14,32,0.024541547089937076,0.44008605,0.05576533746056499,0,Robust_UC
2024-09-02 11:00:00,L25,15,16,0.06937530998601173,0.4610817,0.150462076430298,0,Robust_UC
2024-09-02 11:00:00,L26,16,17,0.03264521069475611,0.45485459999999994,0.07177065087339143,0,Robust_UC
2024-09-02 11:00:00,L27,16,30,0.028336748552896494,0.4581693,0.06184776796022015,0,Robust_UC
2024-09-02 11:00:00,L28,16,112,0.01607964403431498,0.45823545,0.03509035373477757,0,Robust_UC
2024-09-02 11:00:00,L29,17,18,-0.0005465403802250857,0.450027,0.001214461310599332,0,Robust_UC
2024-09-02 11:00:00,L30,18,19,0.045742734166667416,0.44684235000000005,0.10236884253846443,0,Robust_UC
2024-09-02 11:00:00,L31,18,33,-0.012265938058334258,0.43447274999999996,0.02823177761628148,0,Robust_UC
2024-09-02 11:00:00,L32,19,20,0.012550983091686223,0.44889165,0.02795993886650871,0,Robust_UC
2024-09-02 11:00:00,L33,20,21,-0.020640767983294978,0.4478571,0.046087843607469835,0,Robust_UC
2024-09-02 11:00:00,L34,21,22,-0.020266227837793326,0.44536679999999995,0.04550457698641508,0,Robust_UC
2024-09-02 11:00:00,L35,22,23,-0.01978629627631512,0.44873865,0.04409314035311003,0,Robust_UC
2024-09-02 11:00:00,L36,22,24,-0.01672011909879468,0.46183050000000003,0.03620401662253723,0,Robust_UC
2024-09-02 11:00:00,L37,22,31,-0.01695156353766472,0.45421199999999995,0.03732081833519309,0,Robust_UC
2024-09-02 11:00:00,L38,23,69,-0.014184276952608432,0.45931230000000006,0.03088155260072162,0,Robust_UC
2024-09-02 11:00:00,L39,23,71,-0.005227479178205034,0.4599009,0.011366533916774318,0,Robust_UC
2024-09-02 11:00:00,L40,24,26,0.0031051410069228777,0.47735999999999995,0.0065048202759403345,0,Robust_UC
2024-09-02 11:00:00,L41,25,24,0.019450719960215905,0.46950525,0.04142812026109592,0,Robust_UC
2024-09-02 11:00:00,L42,25,29,-0.019076179814714253,0.49041270000000003,0.03889821738856733,0,Robust_UC
2024-09-02 11:00:00,L43,26,27,0.00830300189231662,0.4620879,0.017968446895745636,0,Robust_UC
2024-09-02 11:00:00,L44,26,31,-0.00333658544579283,0.46563795,0.007165621800784987,0,Robust_UC
2024-09-02 11:00:00,L45,26,114,-0.001486735294099262,0.46550745000000004,0.0031937948449573938,0,Robust_UC
2024-09-02 11:00:00,L46,27,28,0.008677542037818273,0.4483323000000001,0.019355156962409963,0,Robust_UC
2024-09-02 11:00:00,L47,28,30,-0.02451420903716292,0.45279359999999996,0.05413991946256069,0,Robust_UC
2024-09-02 11:00:00,L48,29,16,0.005761627121928993,0.43184340000000004,0.013341936271178377,0,Robust_UC
2024-09-02 11:00:00,L49,29,37,0.009990146388560682,0.45085634999999996,0.02215815833260568,0,Robust_UC
2024-09-02 11:00:00,L50,30,31,0.004197079661235226,0.46224135,0.00907984467688844,0,Robust_UC
2024-09-02 11:00:00,L51,31,112,-0.01645418417981663,0.4596003,0.03580107362814304,0,Robust_UC
2024-09-02 11:00:00,L52,31,113,0.000737655003095958,0.4587453,0.0016079837833672802,0,Robust_UC
2024-09-02 11:00:00,L53,32,36,-0.008650203985044116,0.44337555,0.019509880472759755,0,Robust_UC
2024-09-02 11:00:00,L54,33,35,-0.0022050452054447845,0.4240296,0.005200215280831302,0,Robust_UC
2024-09-02 11:00:00,L55,33,36,-0.005491515179829376,0.439407,0.01249755961973609,0,Robust_UC
2024-09-02 11:00:00,L56,33,42,-0.004194837527558665,0.42826275,0.0097950090862646,0,Robust_UC
2024-09-02 11:00:00,L57,34,35,0.0018305050599431323,0.41669639999999997,0.004392898666614668,0,Robust_UC
2024-09-02 11:00:00,L58,34,36,-0.0014559649144414803,0.43463609999999997,0.003349848101530178,0,Robust_UC
2024-09-02 11:00:00,L59,36,38,-0.0018283287565267273,0.4179312,0.0043747122888330115,0,Robust_UC
2024-09-02 11:00:00,L60,36,39,-0.0032821173675517956,0.42110369999999997,0.007794083423042343,0,Robust_UC
2024-09-02 11:00:00,L61,37,36,0.010112697809734283,0.42873479999999997,0.023587303409320363,0,Robust_UC
2024-09-02 11:00:00,L62,37,64,0.00025198872432802277,0.4476339,0.0005629348544156794,0,Robust_UC
2024-09-02 11:00:00,L63,38,39,-0.0014537886110250753,0.41823045000000003,0.003476046784793109,0,Robust_UC
2024-09-02 11:00:00,L64,39,40,-0.0015786353261922695,0.40557600000000005,0.0038923292457943006,0,Robust_UC
2024-09-02 11:00:00,L65,39,41,-0.00278273050688288,0.40464315,0.00687699892333005,0,Robust_UC
2024-09-02 11:00:00,L66,40,41,-0.0012040951806906175,0.39123045,0.003077713354598594,0,Robust_UC
2024-09-02 11:00:00,L67,41,48,-0.0018061427710358013,0.4087377,0.004418830881114714,0,Robust_UC
2024-09-02 11:00:00,L68,41,48,-0.0018061427710358013,0.4087377,0.004418830881114714,0,Robust_UC
2024-09-02 11:00:00,L69,42,43,-0.0038202973820570135,0.40999949999999996,0.009317809856004736,0,Robust_UC
2024-09-02 11:00:00,L70,43,44,-0.0034457572365553615,0.40325445000000004,0.008544870953204263,0,Robust_UC
2024-09-02 11:00:00,L71,44,45,-0.0011696034119248466,0.40862249999999994,0.002862307905034223,0,Robust_UC
2024-09-02 11:00:00,L72,44,48,-0.001901613679128833,0.4070493,0.004671703597399216,0,Robust_UC
2024-09-02 11:00:00,L73,45,46,-0.00024178806007030262,0.41366655,0.0005844999071602541,0,Robust_UC
2024-09-02 11:00:00,L74,45,47,-0.0005532752063528226,0.4011075,0.0013793688882726516,0,Robust_UC
2024-09-02 11:00:00,L75,46,48,-0.0004902222071336837,0.4187385,0.0011707120485307267,0,Robust_UC
2024-09-02 11:00:00,L76,46,68,0.0006229742925650261,0.4384908,0.0014207237473740067,0,Robust_UC
2024-09-02 11:00:00,L77,47,48,-0.00017873506085117064,0.40457519999999997,0.0004417845207792535,0,Robust_UC
2024-09-02 11:00:00,L78,48,49,-0.0009401738071243884,0.39897134999999995,0.0023564945380774548,0,Robust_UC
2024-09-02 11:00:00,L79,48,50,-0.0011928467926832775,0.40236885000000006,0.002964560483952168,0,Robust_UC
2024-09-02 11:00:00,L80,48,53,-0.0012062547911934618,0.3954167999999999,0.003050590645600951,0,Robust_UC
2024-09-02 11:00:00,L81,48,53,-0.0012062547911934618,0.3954167999999999,0.003050590645600951,0,Robust_UC
2024-09-02 11:00:00,L82,48,65,-0.0011879913305941625,0.39777435,0.002986596120625079,0,Robust_UC
2024-09-02 11:00:00,L83,48,65,-0.0011879913305941625,0.39777435,0.002986596120625079,0,Robust_UC
2024-09-02 11:00:00,L84,48,68,0.0011131964996987098,0.4296312,0.00259105134752483,0,Robust_UC
2024-09-02 11:00:00,L85,49,56,-0.0005656336616227364,0.3910211999999999,0.001446554973548075,0,Robust_UC
2024-09-02 11:00:00,L86,50,51,-0.000379009478338387,0.3955477499999999,0.000958188937589424,0,Robust_UC
2024-09-02 11:00:00,L87,50,57,-0.0004392971688432848,0.39069719999999997,0.0011243929284450588,0,Robust_UC
2024-09-02 11:00:00,L88,51,52,-4.4693328367350076e-06,0.39259799999999995,1.1383992880083464e-05,0,Robust_UC
2024-09-02 11:00:00,L89,52,53,0.000370070812664917,0.3896531999999999,0.0009497440612958319,0,Robust_UC
2024-09-02 11:00:00,L90,53,54,-0.0005106096924305525,0.39000644999999995,0.0013092339689011621,0,Robust_UC
2024-09-02 11:00:00,L91,53,55,-0.0004906461936747264,0.3958191,0.0012395717985178745,0,Robust_UC
2024-09-02 11:00:00,L92,53,58,-0.0006666427381153417,0.39852405,0.001672779191407248,0,Robust_UC
2024-09-02 11:00:00,L93,54,55,1.9963498755826148e-05,0.4016862,4.969923974442276e-05,0,Robust_UC
2024-09-02 11:00:00,L94,54,58,-0.00015603304568478915,0.4043151,0.00038591941207436766,0,Robust_UC
2024-09-02 11:00:00,L95,55,56,0.00019109351612108436,0.3986478,0.00047935424733582964,0,Robust_UC
2024-09-02 11:00:00,L96,55,57,6.47570233416328e-05,0.39793725,0.00016273174562480089,0,Robust_UC
2024-09-02 11:00:00,L97,55,58,-0.0001759965444406153,0.4030442999999999,0.0004366679901951605,0,Robust_UC
2024-09-02 11:00:00,L98,55,58,-0.0001759965444406153,0.4030442999999999,0.0004366679901951605,0,Robust_UC
2024-09-02 11:00:00,L99,58,59,-0.0001988368329723933,0.40467014999999995,0.0004913553247562078,0,Robust_UC
2024-09-02 11:00:00,L100,58,60,-0.0002319129964002964,0.4054855499999999,0.0005719389911682338,0,Robust_UC
2024-09-02 11:00:00,L101,59,60,-3.3076163427903094e-05,0.40244399999999997,8.218823843293252e-05,0,Robust_UC
2024-09-02 11:00:00,L102,59,61,0.00020877947595721036,0.39771765000000003,0.0005249439544792904,0,Robust_UC
2024-09-02 11:00:00,L103,60,61,0.00024185563938511345,0.40714334999999996,0.0005940306758912149,0,Robust_UC
2024-09-02 11:00:00,L104,61,65,0.0006749635557298239,0.3972222,0.0016992090465483144,0,Robust_UC
2024-09-02 11:00:00,L105,61,66,0.0001502117051140825,0.39332924999999996,0.00038189813016469666,0,Robust_UC
2024-09-02 11:00:00,L106,62,58,0.0003693788978067846,0.39946275,0.0009246892177225152,0,Robust_UC
2024-09-02 11:00:00,L107,62,63,5.161247694867086e-06,0.41746949999999994,1.2363173105740866e-05,0,Robust_UC
2024-09-02 11:00:00,L108,63,60,0.00013230465371160123,0.41296904999999995,0.00032037425979404815,0,Robust_UC
2024-09-02 11:00:00,L109,63,64,0.0002473967394849175,0.43310475000000004,0.0005712168695561928,0,Robust_UC
2024-09-02 11:00:00,L110,64,65,0.0008017271093416212,0.40997745,0.001955539528678031,0,Robust_UC
2024-09-02 11:00:00,L111,64,67,7.219849997284339e-05,0.4259655,0.0001694937734930256,0,Robust_UC
2024-09-02 11:00:00,L112,65,66,-0.0005247518506157345,0.3897558,0.0013463605945459554,0,Robust_UC
2024-09-02 11:00:00,L113,67,68,0.003030716439661671,0.42175935,0.007185890341640727,0,Robust_UC
2024-09-02 11:00:00,L114,68,69,0.00793139559227718,0.4676526,0.016960016029585166,0,Robust_UC
2024-09-02 11:00:00,L115,68,74,0.0014014423364245299,0.46387259999999997,0.0030211793850823047,0,Robust_UC
2024-09-02 11:00:00,L116,68,76,-0.004191410551275532,0.46089945,0.009093980370936724,0,Robust_UC
2024-09-02 11:00:00,L117,69,70,0.004103858741700078,0.48076784999999994,0.008536050698273769,0,Robust_UC
2024-09-02 11:00:00,L118,69,73,-0.0034522467006771543,0.46896209999999994,0.0073614620470975264,0,Robust_UC
2024-09-02 11:00:00,L119,69,74,-0.00652995325585265,0.4695489,0.01390686519732588,0,Robust_UC
2024-09-02 11:00:00,L120,70,71,0.004852939032703382,0.4724307,0.010272277040216443,0,Robust_UC
2024-09-02 11:00:00,L121,70,72,-0.000374540145501652,0.47952539999999994,0.0007810642470693983,0,Robust_UC
2024-09-02 11:00:00,L122,73,74,-0.0030777065551755023,0.46119104999999994,0.006673387428432323,0,Robust_UC
2024-09-02 11:00:00,L123,74,76,-0.005592852887700062,0.4539825,0.01231953409591793,0,Robust_UC
2024-09-02 11:00:00,L124,74,117,-0.0022388244414016725,0.45529604999999995,0.004917293794667607,0,Robust_UC
2024-09-02 11:00:00,L125,75,76,-0.0014897441503983685,0.45588735,0.0032677900590976443,0,Robust_UC
2024-09-02 11:00:00,L126,75,117,0.0018642842959000205,0.45673109999999995,0.004081798449678642,0,Robust_UC
2024-09-02 11:00:00,L127,76,77,-0.0013357538255868487,0.45733409999999997,0.0029207396203056995,0,Robust_UC
2024-09-02 11:00:00,L128,76,79,-0.002883641040255569,0.46158479999999996,0.006247261695479507,0,Robust_UC
2024-09-02 11:00:00,L129,76,79,-0.002883641040255569,0.46158479999999996,0.006247261695479507,0,Robust_UC
2024-09-02 11:00:00,L130,76,81,-0.0037964315377747326,0.4439799,0.008550908583417251,0,Robust_UC
2024-09-02 11:00:00,L131,77,78,-0.0009612136800851966,0.46037205,0.0020879062490548606,0,Robust_UC
2024-09-02 11:00:00,L132,78,79,-0.0005866735345835447,0.4680846,0.0012533493615973364,0,Robust_UC
2024-09-02 11:00:00,L133,79,95,-0.001834931003428797,0.45877815,0.003999604173452456,0,Robust_UC
2024-09-02 11:00:00,L134,79,96,-0.001104735574465228,0.4622265,0.002390030806250243,0,Robust_UC
2024-09-02 11:00:00,L135,79,97,-0.0024373231974409507,0.45446895,0.005363013683203112,0,Robust_UC
2024-09-02 11:00:00,L136,79,98,-0.0024373231974409507,0.45136889999999996,0.005399847436190112,0,Robust_UC
2024-09-02 11:00:00,L137,80,67,0.002209437648685524,0.42432525,0.005206943609143043,0,Robust_UC
2024-09-02 11:00:00,L138,80,79,-0.0018348975031838722,0.4447107,0.0041260475702155856,0,Robust_UC
2024-09-02 11:00:00,L139,81,82,-0.002499750886363489,0.41420925,0.006034995322686514,0,Robust_UC
2024-09-02 11:00:00,L140,81,95,-0.0009221405059095917,0.43829415000000005,0.0021039306728360204,0,Robust_UC
2024-09-02 11:00:00,L141,82,83,-0.0008332502954545087,0.39458204999999996,0.002111728841832792,0,Robust_UC
2024-09-02 11:00:00,L142,82,84,-0.0012919604454073585,0.3999167999999999,0.0032305730727175226,0,Robust_UC
2024-09-02 11:00:00,L143,83,84,-0.00045871014995285675,0.39645810000000004,0.001157020502173765,0,Robust_UC
2024-09-02 11:00:00,L144,84,85,-0.000749080291003304,0.3914244,0.0019137291671221927,0,Robust_UC
2024-09-02 11:00:00,L145,84,87,-0.0003338634347855099,0.39516345,0.0008448742786953345,0,Robust_UC
2024-09-02 11:00:00,L146,84,88,-0.00029318672406936086,0.4019147999999999,0.0007294748142376467,0,Robust_UC
2024-09-02 11:00:00,L147,86,85,0.00037454014550165166,0.39086639999999995,0.0009582306013043119,0,Robust_UC
2024-09-02 11:00:00,L148,87,88,4.0676710716142095e-05,0.4042053,0.00010063378861222774,0,Robust_UC
2024-09-02 11:00:00,L149,88,89,-0.00017710089507179118,0.40541309999999997,0.0004368405832761477,0,Robust_UC
2024-09-02 11:00:00,L150,88,89,-0.00017710089507179118,0.40541309999999997,0.0004368405832761477,0,Robust_UC
2024-09-02 11:00:00,L151,88,91,0.00023811596114597933,0.4205952,0.0005661404627204003,0,Robust_UC
2024-09-02 11:00:00,L152,88,91,0.00023811596114597933,0.4205952,0.0005661404627204003,0,Robust_UC
2024-09-02 11:00:00,L153,89,90,2.0338355358069638e-05,0.4110435,4.9479812618541927e-05,0,Robust_UC
2024-09-02 11:00:00,L154,90,91,0.0003948785008597216,0.4120173,0.0009584027196424074,0,Robust_UC
2024-09-02 11:00:00,L155,91,92,0.00029989848162503135,0.42888149999999997,0.0006992572111994371,0,Robust_UC
2024-09-02 11:00:00,L156,91,93,0.0009743371087517216,0.43883415,0.002220285519601703,0,Robust_UC
2024-09-02 11:00:00,L157,91,99,0.00025946634283319225,0.44392455,0.0005844829776438186,0,Robust_UC
2024-09-02 11:00:00,L158,91,101,-0.00028805136455725455,0.42955829999999995,0.0006705757159325163,0,Robust_UC
2024-09-02 11:00:00,L159,92,93,0.0006744386271266833,0.42974144999999997,0.001569405574274214,0,Robust_UC
2024-09-02 11:00:00,L160,93,94,0.0007878821672656286,0.43766505,0.001800194388986803,0,Robust_UC
2024-09-02 11:00:00,L161,93,95,0.0019503044800329161,0.44072775,0.004425191016524183,0,Robust_UC
2024-09-02 11:00:00,L162,93,99,-0.0007148707659185294,0.43965765,0.0016259714027915342,0,Robust_UC
2024-09-02 11:00:00,L163,94,95,0.0011624223127672806,0.44839035,0.002592433830851357,0,Robust_UC
2024-09-02 11:00:00,L164,95,96,0.0007301954289635759,0.448173,0.0016292713504909397,0,Robust_UC
2024-09-02 11:00:00,L165,97,99,-0.0020627830519392987,0.44912655,0.004592877112117506,0,Robust_UC
2024-09-02 11:00:00,L166,98,99,-0.0020627830519392987,0.45188685000000006,0.0045648220388340545,0,Robust_UC
2024-09-02 11:00:00,L167,99,100,-0.0004610289264460494,0.43812359999999995,0.0010522805127275716,0,Robust_UC
2024-09-02 11:00:00,L168,99,102,-0.0014258355883923768,0.43870275000000003,0.0032501177355108365,0,Robust_UC
2024-09-02 11:00:00,L169,99,103,-0.0011339525784496707,0.43720425000000007,0.0025936449118453687,0,Robust_UC
2024-09-02 11:00:00,L170,99,105,-0.0011856132881740145,0.43469955,0.002727431597695499,0,Robust_UC
2024-09-02 11:00:00,L171,100,101,-8.648878094439742e-05,0.4286331,0.00020177811966550746,0,Robust_UC
2024-09-02 11:00:00,L172,102,103,0.0002918830099427061,0.43662375000000003,0.0006685000757350147,0,Robust_UC
2024-09-02 11:00:00,L173,102,104,-0.00017564641306266893,0.44366490000000003,0.00039589882603439876,0,Robust_UC
2024-09-02 11:00:00,L174,102,109,-0.0011675320397706301,0.44718525,0.002610846488721688,0,Robust_UC
2024-09-02 11:00:00,L175,103,104,-0.00046752942300537503,0.44274915,0.0010559691035101368,0,Robust_UC
2024-09-02 11:00:00,L176,104,105,0.00041586871328103125,0.43414425,0.0009579044598218939,0,Robust_UC
2024-09-02 11:00:00,L177,104,106,2.0664283889686164e-05,0.43364069999999993,4.765300833082819e-05,0,Robust_UC
2024-09-02 11:00:00,L178,104,107,-0.0007051686877376298,0.43805879999999997,0.0016097580684091492,0,Robust_UC
2024-09-02 11:00:00,L179,105,106,-0.00039520442939133815,0.42798780000000003,0.0009234011562744035,0,Robust_UC
2024-09-02 11:00:00,L180,107,108,-0.0003306285422359778,0.434223,0.000761425678133074,0,Robust_UC
2024-09-02 11:00:00,L181,108,109,4.391160326567417e-05,0.44085509999999994,9.960552405013387e-05,0,Robust_UC
2024-09-02 11:00:00,L182,109,110,-0.00037454014550165166,0.45429659999999994,0.0008244396843420174,0,Robust_UC
2024-09-02 11:00:00,L183,109,111,-0.000374540145501652,0.44702910000000007,0.0008378428730962972,0,Robust_UC
2024-09-02 11:00:00,L184,113,114,0.00111219514859761,0.45772335,0.002429841406599882,0,Robust_UC
2024-09-02 11:00:00,L185,115,67,0.000374540145501652,0.41683365,0.0008985362518156871,0,Robust_UC
2024-09-02 12:00:00,L0,0,1,0.029193719339631358,0.45718064999999997,0.06385598196168486,0,Robust_UC
2024-09-02 12:00:00,L1,0,2,0.11808270419276409,0.46512495,0.2538730811855268,0,Robust_UC
2024-09-02 12:00:00,L2,1,11,0.1794872501506232,0.4639608,0.3868586530384101,0,Robust_UC
2024-09-02 12:00:00,L3,2,4,0.12777796970626543,0.47935529999999993,0.2665621298153279,0,Robust_UC
2024-09-02 12:00:00,L4,2,11,0.09059826529749049,0.47404710000000005,0.19111659009725085,0,Robust_UC
2024-09-02 12:00:00,L5,3,4,-0.010698905680208745,0.48887865,0.021884583587785528,0,Robust_UC
2024-09-02 12:00:00,L6,3,10,0.010992436491200595,0.48115889999999994,0.022845751146244195,0,Robust_UC
2024-09-02 12:00:00,L7,4,5,0.020330341664679348,0.4736699999999999,0.04292089780792398,0,Robust_UC
2024-09-02 12:00:00,L8,4,10,0.021691342171409347,0.4689422999999999,0.046255887283807307,0,Robust_UC
2024-09-02 12:00:00,L9,5,6,-0.01239323480292516,0.47463750000000005,0.026110947413394765,0,Robust_UC
2024-09-02 12:00:00,L10,6,11,-0.04511681127052967,0.46125135000000006,0.09781393869205947,0,Robust_UC
2024-09-02 12:00:00,L11,7,4,-0.07535091100095989,0.46494315,0.16206478362130916,0,Robust_UC
2024-09-02 12:00:00,L12,7,8,-0.0005870616219837008,0.47818215000000003,0.0012276945552729243,0,Robust_UC
2024-09-02 12:00:00,L13,7,29,0.043214396155339084,0.4767741,0.09063914368531992,0,Robust_UC
2024-09-02 12:00:00,L14,8,9,-0.0002935308109918504,0.4640742,0.0006325083596369943,0,Robust_UC
2024-09-02 12:00:00,L15,10,11,-0.05887104658018423,0.46967895,0.12534316596514328,0,Robust_UC
2024-09-02 12:00:00,L16,10,12,0.05883124877518966,0.4599243,0.12791506944771053,0,Robust_UC
2024-09-02 12:00:00,L17,11,13,0.07175821842598362,0.4556205,0.15749558772264116,0,Robust_UC
2024-09-02 12:00:00,L18,11,15,0.09492650079339987,0.45897435,0.20682310633132303,0,Robust_UC
2024-09-02 12:00:00,L19,11,116,-0.00029353081099185024,0.45655065,0.0006429315367130684,0,Robust_UC
2024-09-02 12:00:00,L20,12,14,0.02610767230758515,0.45675720000000003,0.05715875372645499,0,Robust_UC
2024-09-02 12:00:00,L21,13,14,0.07205174923697547,0.45888344999999997,0.15701535811974798,0,Robust_UC
2024-09-02 12:00:00,L22,14,16,0.013319457456236437,0.46249155,0.028799353104367934,0,Robust_UC
2024-09-02 12:00:00,L23,14,18,0.03464247521963071,0.4453065,0.07779467674428896,0,Robust_UC
2024-09-02 12:00:00,L24,14,32,0.01747391240108898,0.44008605,0.039705672109099976,0,Robust_UC
2024-09-02 12:00:00,L25,15,16,0.06220292432579536,0.4610817,0.13490651293641748,0,Robust_UC
2024-09-02 12:00:00,L26,16,17,0.01051474347620119,0.45485459999999994,0.023116713508451254,0,Robust_UC
2024-09-02 12:00:00,L27,16,30,0.037943996647695426,0.4581693,0.08281654106395916,0,Robust_UC
2024-09-02 12:00:00,L28,16,112,0.02874158602324878,0.45823545,0.06272231016445537,0,Robust_UC
2024-09-02 12:00:00,L29,17,18,0.01080827428719304,0.450027,0.024016946288096135,0,Robust_UC
2024-09-02 12:00:00,L30,18,19,0.03646365229908374,0.44684235000000005,0.08160294631671268,0,Robust_UC
2024-09-02 12:00:00,L31,18,33,0.009280628018731849,0.43447274999999996,0.021360667656905637,0,Robust_UC
2024-09-02 12:00:00,L32,19,20,0.003740075831479242,0.44889165,0.008331800851005454,0,Robust_UC
2024-09-02 12:00:00,L33,20,21,0.004033606642471092,0.4478571,0.009006459074716226,0,Robust_UC
2024-09-02 12:00:00,L34,21,22,0.0043271374534629425,0.44536679999999995,0.009715895871589313,0,Robust_UC
2024-09-02 12:00:00,L35,22,23,0.0016910650901129486,0.44873865,0.0037684854872941046,0,Robust_UC
2024-09-02 12:00:00,L36,22,24,-0.017976716971852436,0.46183050000000003,0.03892492369354652,0,Robust_UC
2024-09-02 12:00:00,L37,22,31,-0.01211078713240189,0.45421199999999995,0.026663291882208947,0,Robust_UC
2024-09-02 12:00:00,L38,23,69,-0.0229808527221268,0.45931230000000006,0.050033175079628386,0,Robust_UC
2024-09-02 12:00:00,L39,23,71,-0.008051658655364741,0.4599009,0.017507377470591473,0,Robust_UC
2024-09-02 12:00:00,L40,24,26,0.009111172530715608,0.47735999999999995,0.01908658566012152,0,Robust_UC
2024-09-02 12:00:00,L41,25,24,0.026794358691576193,0.46950525,0.05706934840787445,0,Robust_UC
2024-09-02 12:00:00,L42,25,29,-0.026500827880584343,0.49041270000000003,0.05403780913623228,0,Robust_UC
2024-09-02 12:00:00,L43,26,27,0.014025224407719375,0.4620879,0.030351853852306834,0,Robust_UC
2024-09-02 12:00:00,L44,26,31,-0.00324524269126505,0.46563795,0.00696945489787731,0,Robust_UC
2024-09-02 12:00:00,L45,26,114,-0.001375278374746867,0.46550745000000004,0.0029543638340199857,0,Robust_UC
2024-09-02 12:00:00,L46,27,28,-0.018698352059885133,0.4483323000000001,0.04170645759827059,0,Robust_UC
2024-09-02 12:00:00,L47,28,30,-0.018404821248893283,0.45279359999999996,0.04064726455694887,0,Robust_UC
2024-09-02 12:00:00,L48,29,16,0.0013844135541217564,0.43184340000000004,0.003205823115790947,0,Robust_UC
2024-09-02 12:00:00,L49,29,37,0.015622685531624722,0.45085634999999996,0.034651137843849204,0,Robust_UC
2024-09-02 12:00:00,L50,30,31,0.01983270620979399,0.46224135,0.042905521563127116,0,Robust_UC
2024-09-02 12:00:00,L51,31,112,-0.02903511683424063,0.4596003,0.06317471253661198,0,Robust_UC
2024-09-02 12:00:00,L52,31,113,0.0007882167527631665,0.4587453,0.0017182012606192726,0,Robust_UC
2024-09-02 12:00:00,L53,32,36,0.01776744321208083,0.44337555,0.040073123590330655,0,Robust_UC
2024-09-02 12:00:00,L54,33,35,0.019623002765238456,0.4240296,0.046277436210204324,0,Robust_UC
2024-09-02 12:00:00,L55,33,36,-0.008681747625192804,0.439407,0.019757872826770634,0,Robust_UC
2024-09-02 12:00:00,L56,33,42,-0.0013670963103219747,0.42826275,0.00319219056600644,0,Robust_UC
2024-09-02 12:00:00,L57,34,35,0.013100573702366052,0.41669639999999997,0.031439133389119876,0,Robust_UC
2024-09-02 12:00:00,L58,34,36,-0.01520417668806523,0.43463609999999997,0.03498139406290741,0,Robust_UC
2024-09-02 12:00:00,L59,36,38,0.000521715026084689,0.4179312,0.0012483275383237454,0,Robust_UC
2024-09-02 12:00:00,L60,36,39,0.0013369608631612073,0.42110369999999997,0.0031748969746910496,0,Robust_UC
2024-09-02 12:00:00,L61,37,36,0.007683626179430262,0.42873479999999997,0.01792162936022516,0,Robust_UC
2024-09-02 12:00:00,L62,37,64,0.00823259016318631,0.4476339,0.018391346507014572,0,Robust_UC
2024-09-02 12:00:00,L63,38,39,0.0008152458370765392,0.41823045000000003,0.001949274226868319,0,Robust_UC
2024-09-02 12:00:00,L64,39,40,0.0007174022334125937,0.40557600000000005,0.001768847844578066,0,Robust_UC
2024-09-02 12:00:00,L65,39,41,0.001728335277817017,0.40464315,0.004271257965980684,0,Robust_UC
2024-09-02 12:00:00,L66,40,41,0.001010933044404444,0.39123045,0.002583983543214604,0,Robust_UC
2024-09-02 12:00:00,L67,41,48,0.001516399566606652,0.4087377,0.0037099576736049846,0,Robust_UC
2024-09-02 12:00:00,L68,41,48,0.001516399566606652,0.4087377,0.0037099576736049846,0,Robust_UC
2024-09-02 12:00:00,L69,42,43,-0.0010735654993301244,0.40999949999999996,0.0026184556306291214,0,Robust_UC
2024-09-02 12:00:00,L70,43,44,-0.0007800346883382742,0.40325445000000004,0.0019343486186904424,0,Robust_UC
2024-09-02 12:00:00,L71,44,45,0.00039285154226748054,0.40862249999999994,0.0009614045782292473,0,Robust_UC
2024-09-02 12:00:00,L72,44,48,-0.0008793554196175335,0.4070493,0.002160316746933439,0,Robust_UC
2024-09-02 12:00:00,L73,45,46,0.0014692512396978774,0.41366655,0.0035517767624621264,0,Robust_UC
2024-09-02 12:00:00,L74,45,47,-0.0007828688864384217,0.4011075,0.0019517682577324575,0,Robust_UC
2024-09-02 12:00:00,L75,46,48,-0.0027414582015828914,0.4187385,0.0065469456512427,0,Robust_UC
2024-09-02 12:00:00,L76,46,68,0.00450424025227264,0.4384908,0.010272143115140932,0,Robust_UC
2024-09-02 12:00:00,L77,47,48,-0.0004893380754465715,0.40457519999999997,0.0012095108040398213,0,Robust_UC
2024-09-02 12:00:00,L78,48,49,-0.0008843835328745803,0.39897134999999995,0.0022166592485264426,0,Robust_UC
2024-09-02 12:00:00,L79,48,50,-0.001110385627973276,0.40236885000000006,0.002759621247950173,0,Robust_UC
2024-09-02 12:00:00,L80,48,53,-0.0012468026229421336,0.3954167999999999,0.003153135180250647,0,Robust_UC
2024-09-02 12:00:00,L81,48,53,-0.0012468026229421336,0.3954167999999999,0.003153135180250647,0,Robust_UC
2024-09-02 12:00:00,L82,48,65,-0.001770572899782774,0.39777435,0.004451199278643216,0,Robust_UC
2024-09-02 12:00:00,L83,48,65,-0.001770572899782774,0.39777435,0.004451199278643216,0,Robust_UC
2024-09-02 12:00:00,L84,48,68,0.007245698453855531,0.4296312,0.016864926136313033,0,Robust_UC
2024-09-02 12:00:00,L85,49,56,-0.00059085272188273,0.3910211999999999,0.001511050351957209,0,Robust_UC
2024-09-02 12:00:00,L86,50,51,-0.0003390031426481338,0.3955477499999999,0.0008570473290472108,0,Robust_UC
2024-09-02 12:00:00,L87,50,57,-0.0004778516743333752,0.39069719999999997,0.001223074223038648,0,Robust_UC
2024-09-02 12:00:00,L88,51,52,-4.547233165628356e-05,0.39259799999999995,0.00011582415513141576,0,Robust_UC
2024-09-02 12:00:00,L89,52,53,0.0002480584793355667,0.3896531999999999,0.0006366134792055261,0,Robust_UC
2024-09-02 12:00:00,L90,53,54,-0.000561386691637189,0.39000644999999995,0.0014394292495346912,0,Robust_UC
2024-09-02 12:00:00,L91,53,55,-0.0005257555427060634,0.3958191,0.001328272290816849,0,Robust_UC
2024-09-02 12:00:00,L92,53,58,-0.0008648737212137436,0.39852405,0.0021701920403893907,0,Robust_UC
2024-09-02 12:00:00,L93,54,55,3.563114893112562e-05,0.4016862,8.870394086509724e-05,0,Robust_UC
2024-09-02 12:00:00,L94,54,58,-0.0003034870295765546,0.4043151,0.0007506200722568972,0,Robust_UC
2024-09-02 12:00:00,L95,55,56,0.0002973219108908798,0.3986478,0.0007458260421627306,0,Robust_UC
2024-09-02 12:00:00,L96,55,57,0.00018432086334152498,0.39793725,0.00046319077528310046,0,Robust_UC
2024-09-02 12:00:00,L97,55,58,-0.0003391181785076802,0.4030442999999999,0.0008413918234488871,0,Robust_UC
2024-09-02 12:00:00,L98,55,58,-0.0003391181785076802,0.4030442999999999,0.0008413918234488871,0,Robust_UC
2024-09-02 12:00:00,L99,58,59,-0.0003364991346198609,0.40467014999999995,0.0008315393033557355,0,Robust_UC
2024-09-02 12:00:00,L100,58,60,-0.0004979428645530137,0.4054855499999999,0.0012280162993552146,0,Robust_UC
2024-09-02 12:00:00,L101,59,60,-0.0001614437299331528,0.40244399999999997,0.000401158247937981,0,Robust_UC
2024-09-02 12:00:00,L102,59,61,0.00011847540630510744,0.39771765000000003,0.0002978882287600448,0,Robust_UC
2024-09-02 12:00:00,L103,60,61,0.00027991913623826026,0.40714334999999996,0.0006875198532366064,0,Robust_UC
2024-09-02 12:00:00,L104,61,65,0.0005591271726878566,0.3972222,0.0014075929610375668,0,Robust_UC
2024-09-02 12:00:00,L105,61,66,0.0001327981808480136,0.39332924999999996,0.00033762599869705494,0,Robust_UC
2024-09-02 12:00:00,L106,62,58,0.0007186242976386689,0.39946275,0.00179897699507318,0,Robust_UC
2024-09-02 12:00:00,L107,62,63,-0.00042509348664681847,0.41746949999999994,0.0010182623799985832,0,Robust_UC
2024-09-02 12:00:00,L108,63,60,0.0006457749197324826,0.41296904999999995,0.0015637368459754614,0,Robust_UC
2024-09-02 12:00:00,L109,63,64,-0.0007773375953874506,0.43310475000000004,0.0017948027478051224,0,Robust_UC
2024-09-02 12:00:00,L110,64,65,0.0022621588240460677,0.40997745,0.005517764023475115,0,Robust_UC
2024-09-02 12:00:00,L111,64,67,0.0054866245547448515,0.4259655,0.012880443497759447,0,Robust_UC
2024-09-02 12:00:00,L112,65,66,-0.00042632899183986384,0.3897558,0.001093836170853298,0,Robust_UC
2024-09-02 12:00:00,L113,67,68,0.005791805622939492,0.42175935,0.013732488972537283,0,Robust_UC
2024-09-02 12:00:00,L114,68,69,0.014848410039503657,0.4676526,0.031750940846909985,0,Robust_UC
2024-09-02 12:00:00,L115,68,74,0.0049396015804871185,0.46387259999999997,0.010648616841104904,0,Robust_UC
2024-09-02 12:00:00,L116,68,76,-0.0019527364799306612,0.46089945,0.004236794988431124,0,Robust_UC
2024-09-02 12:00:00,L117,69,70,0.00717106622238919,0.48076784999999994,0.014915860580921104,0,Robust_UC
2024-09-02 12:00:00,L118,69,73,-0.005101169635004184,0.46896209999999994,0.010877573336958752,0,Robust_UC
2024-09-02 12:00:00,L119,69,74,-0.009908808459016538,0.4695489,0.021102825411829392,0,Robust_UC
2024-09-02 12:00:00,L120,70,71,0.00775812784437289,0.4724307,0.016421726709066303,0,Robust_UC
2024-09-02 12:00:00,L121,70,72,-0.00029353081099185024,0.47952539999999994,0.0006121277642265671,0,Robust_UC
2024-09-02 12:00:00,L122,73,74,-0.0048076388240123336,0.46119104999999994,0.010424397489960689,0,Robust_UC
2024-09-02 12:00:00,L123,74,76,-0.00689233806041778,0.4539825,0.015181946573750705,0,Robust_UC
2024-09-02 12:00:00,L124,74,117,-0.002590976831131131,0.45529604999999995,0.005690751833079007,0,Robust_UC
2024-09-02 12:00:00,L125,75,76,-0.0020039152091474444,0.45588735,0.00439563679305303,0,Robust_UC
2024-09-02 12:00:00,L126,75,117,0.0022974460201393154,0.45673109999999995,0.005030193959069824,0,Robust_UC
2024-09-02 12:00:00,L127,76,77,-0.0012874565524715284,0.45733409999999997,0.0028151335150200445,0,Robust_UC
2024-09-02 12:00:00,L128,76,79,-0.0029817772244390417,0.46158479999999996,0.006459868748795545,0,Robust_UC
2024-09-02 12:00:00,L129,76,79,-0.0029817772244390417,0.46158479999999996,0.006459868748795545,0,Robust_UC
2024-09-02 12:00:00,L130,76,81,-0.0033044479371548453,0.4439799,0.007442787245897495,0,Robust_UC
2024-09-02 12:00:00,L131,77,78,-0.000993925741479678,0.46037205,0.002158961955834804,0,Robust_UC
2024-09-02 12:00:00,L132,78,79,-0.000700394930487828,0.4680846,0.0014962998793120474,0,Robust_UC
2024-09-02 12:00:00,L133,79,95,-0.0012874627823858953,0.45877815,0.002806286180773638,0,Robust_UC
2024-09-02 12:00:00,L134,79,96,-0.0007904967966888624,0.4622265,0.0017101935884006269,0,Robust_UC
2024-09-02 12:00:00,L135,79,97,-0.001858523812258324,0.45446895,0.004089440680729286,0,Robust_UC
2024-09-02 12:00:00,L136,79,98,-0.001858523812258324,0.45136889999999996,0.004117527397785545,0,Robust_UC
2024-09-02 12:00:00,L137,80,67,-0.00028188055378905956,0.42432525,0.0006643030406252269,0,Robust_UC
2024-09-02 12:00:00,L138,80,79,0.00057541136478091,0.4447107,0.0012939004273585276,0,Robust_UC
2024-09-02 12:00:00,L139,81,82,-0.0020461250564929112,0.41420925,0.004939834290260083,0,Robust_UC
2024-09-02 12:00:00,L140,81,95,-0.000964792069670084,0.43829415000000005,0.002201243319515179,0,Robust_UC
2024-09-02 12:00:00,L141,82,83,-0.0006820416854976322,0.39458204999999996,0.0017285167571551524,0,Robust_UC
2024-09-02 12:00:00,L142,82,84,-0.001070552560003435,0.3999167999999999,0.0026769382031548443,0,Robust_UC
2024-09-02 12:00:00,L143,83,84,-0.0003885108745057819,0.39645810000000004,0.0009799544378227658,0,Robust_UC
2024-09-02 12:00:00,L144,84,85,-0.0005870616219837005,0.3914244,0.0014998084482819682,0,Robust_UC
2024-09-02 12:00:00,L145,84,87,-0.00029066727084171157,0.39516345,0.0007355621347108685,0,Robust_UC
2024-09-02 12:00:00,L146,84,88,-0.0002878037306915937,0.4019147999999999,0.0007160814448524756,0,Robust_UC
2024-09-02 12:00:00,L147,86,85,0.0002935308109918504,0.39086639999999995,0.0007509747857371482,0,Robust_UC
2024-09-02 12:00:00,L148,87,88,2.863540150138677e-06,0.4042053,7.084370615968364e-06,0,Robust_UC
2024-09-02 12:00:00,L149,88,89,-0.00014604952045839116,0.40541309999999997,0.00036024864627805855,0,Robust_UC
2024-09-02 12:00:00,L150,88,89,-0.00014604952045839116,0.40541309999999997,0.00036024864627805855,0,Robust_UC
2024-09-02 12:00:00,L151,88,91,0.00015034483068360194,0.4205952,0.0003574573145000274,0,Robust_UC
2024-09-02 12:00:00,L152,88,91,0.00015034483068360194,0.4205952,0.0003574573145000274,0,Robust_UC
2024-09-02 12:00:00,L153,89,90,1.431770075067929e-06,0.4110435,3.483256820915375e-06,0,Robust_UC
2024-09-02 12:00:00,L154,90,91,0.0002949625810669182,0.4120173,0.0007158985340346587,0,Robust_UC
2024-09-02 12:00:00,L155,91,92,0.00022826527749946618,0.42888149999999997,0.0005322339095984933,0,Robust_UC
2024-09-02 12:00:00,L156,91,93,0.0007500613659907618,0.43883415,0.0017092137564744263,0,Robust_UC
2024-09-02 12:00:00,L157,91,99,0.00015329041569539514,0.44392455,0.00034530736291875537,0,Robust_UC
2024-09-02 12:00:00,L158,91,101,-0.00024243400576005186,0.42955829999999995,0.000564379749524225,0,Robust_UC
2024-09-02 12:00:00,L159,92,93,0.0005217960884913164,0.42974144999999997,0.0012142093542322166,0,Robust_UC
2024-09-02 12:00:00,L160,93,94,0.0006228761349258635,0.43766505,0.0014231799750193978,0,Robust_UC
2024-09-02 12:00:00,L161,93,95,0.0015392830808435565,0.44072775,0.0034925939672361375,0,Robust_UC
2024-09-02 12:00:00,L162,93,99,-0.0005967709502953666,0.43965765,0.0013573537280549232,0,Robust_UC
2024-09-02 12:00:00,L163,94,95,0.0009164069459177138,0.44839035,0.0020437704467050053,0,Robust_UC
2024-09-02 12:00:00,L164,95,96,0.0004969659856970121,0.448173,0.0011088708728482352,0,Robust_UC
2024-09-02 12:00:00,L165,97,99,-0.0015649930012664737,0.44912655,0.003484525689399733,0,Robust_UC
2024-09-02 12:00:00,L166,98,99,-0.0015649930012664737,0.45188685000000006,0.0034632408561268676,0,Robust_UC
2024-09-02 12:00:00,L167,99,100,-0.0003446276162236486,0.43812359999999995,0.0007865990698142001,0,Robust_UC
2024-09-02 12:00:00,L168,99,102,-0.0011174414321895032,0.43870275000000003,0.0025471493675147993,0,Robust_UC
2024-09-02 12:00:00,L169,99,103,-0.0008886898346579519,0.43720425000000007,0.0020326651322761656,0,Robust_UC
2024-09-02 12:00:00,L170,99,105,-0.0009291768430706338,0.43469955,0.0021375150792556233,0,Robust_UC
2024-09-02 12:00:00,L171,100,101,-5.109680523179838e-05,0.4286331,0.00011920872473870633,0,Robust_UC
2024-09-02 12:00:00,L172,102,103,0.00022875159753155128,0.43662375000000003,0.0005239101114667979,0,Robust_UC
2024-09-02 12:00:00,L173,102,104,-0.00013765582860303383,0.44366490000000003,0.00031026981986412224,0,Robust_UC
2024-09-02 12:00:00,L174,102,109,-0.0009150063901263161,0.44718525,0.002046146177957158,0,Robust_UC
2024-09-02 12:00:00,L175,103,104,-0.0003664074261345851,0.44274915,0.0008275734151823558,0,Robust_UC
2024-09-02 12:00:00,L176,104,105,0.0003259204177218922,0.43414425,0.0007507191854363893,0,Robust_UC
2024-09-02 12:00:00,L177,104,106,1.6194803365031374e-05,0.43364069999999993,3.7346133250479896e-05,0,Robust_UC
2024-09-02 12:00:00,L178,104,107,-0.0005526476648329351,0.43805879999999997,0.001261583296198901,0,Robust_UC
2024-09-02 12:00:00,L179,105,106,-0.0003097256143568816,0.42798780000000003,0.0007236786056912874,0,Robust_UC
2024-09-02 12:00:00,L180,107,108,-0.00025911685384108485,0.434223,0.0005967368238004086,0,Robust_UC
2024-09-02 12:00:00,L181,108,109,3.4413957150765395e-05,0.44085509999999994,7.806183290329498e-05,0,Robust_UC
2024-09-02 12:00:00,L182,109,110,-0.0002935308109918504,0.45429659999999994,0.0006461215227933699,0,Robust_UC
2024-09-02 12:00:00,L183,109,111,-0.00029353081099185024,0.44702910000000007,0.0006566257341901236,0,Robust_UC
2024-09-02 12:00:00,L184,113,114,0.0010817475637550167,0.45772335,0.002363321783245309,0,Robust_UC
2024-09-02 12:00:00,L185,115,67,0.00029353081099185024,0.41683365,0.000704191734500922,0,Robust_UC
2024-09-02 13:00:00,L0,0,1,0.02699263709141239,0.45718064999999997,0.05904151256491803,0,Robust_UC
2024-09-02 13:00:00,L1,0,2,0.1211557069888996,0.46512495,0.26047991402933685,0,Robust_UC
2024-09-02 13:00:00,L2,1,11,0.17721613917028312,0.4639608,0.38196360375765176,0,Robust_UC
2024-09-02 13:00:00,L3,2,4,0.10625098179641568,0.47935529999999993,0.22165392099850714,0,Robust_UC
2024-09-02 13:00:00,L4,2,11,0.08305306927279593,0.47404710000000005,0.1752000366056367,0,Robust_UC
2024-09-02 13:00:00,L5,3,4,-0.009253425841553871,0.48887865,0.01892785835821194,0,Robust_UC
2024-09-02 13:00:00,L6,3,10,0.0094769279204246,0.48115889999999994,0.01969604619269144,0,Robust_UC
2024-09-02 13:00:00,L7,4,5,0.002735579746108663,0.4736699999999999,0.005775286055922189,0,Robust_UC
2024-09-02 13:00:00,L8,4,10,0.01873035376197847,0.4689422999999999,0.039941702341585464,0,Robust_UC
2024-09-02 13:00:00,L9,5,6,0.0029590818249793926,0.47463750000000005,0.006234403781790087,0,Robust_UC
2024-09-02 13:00:00,L10,6,11,-0.028892574094708606,0.46125135000000006,0.06263954369934874,0,Robust_UC
2024-09-02 13:00:00,L11,7,4,-0.0757551245256454,0.46494315,0.16293416630752683,0,Robust_UC
2024-09-02 13:00:00,L12,7,8,-0.00044700415774146467,0.47818215000000003,0.000934798920749059,0,Robust_UC
2024-09-02 13:00:00,L13,7,29,0.044350472763698856,0.4767741,0.09302198412979829,0,Robust_UC
2024-09-02 13:00:00,L14,8,9,-0.00022350207887073234,0.4640742,0.0004816084989657523,0,Robust_UC
2024-09-02 13:00:00,L15,10,11,-0.04192826628559823,0.46967895,0.08927005624927034,0,Robust_UC
2024-09-02 13:00:00,L16,10,12,0.06303801671995296,0.4599243,0.13706172237464503,0,Robust_UC
2024-09-02 13:00:00,L17,11,13,0.08400214986275209,0.4556205,0.18436867933456044,0,Robust_UC
2024-09-02 13:00:00,L18,11,15,0.07381806435920285,0.45897435,0.1608326573352146,0,Robust_UC
2024-09-02 13:00:00,L19,11,116,-0.00022350207887073155,0.45655065,0.000489544980104029,0,Robust_UC
2024-09-02 13:00:00,L20,12,14,0.031186360800264955,0.45675720000000003,0.06827776508014533,0,Robust_UC
2024-09-02 13:00:00,L21,13,14,0.05215049394306409,0.45888344999999997,0.11364649115818863,0,Robust_UC
2024-09-02 13:00:00,L22,14,16,0.011706986991460437,0.46249155,0.02531286677877777,0,Robust_UC
2024-09-02 13:00:00,L23,14,18,0.023807960368454534,0.4453065,0.05346421031009997,0,Robust_UC
2024-09-02 13:00:00,L24,14,32,0.015970251463725937,0.44008605,0.03628892909403954,0,Robust_UC
2024-09-02 13:00:00,L25,15,16,0.07404156643807358,0.4610817,0.16058231423644354,0,Robust_UC
2024-09-02 13:00:00,L26,16,17,0.005938735649061777,0.45485459999999994,0.013056338550960632,0,Robust_UC
2024-09-02 13:00:00,L27,16,30,0.032485910026759865,0.4581693,0.07090372494787378,0,Robust_UC
2024-09-02 13:00:00,L28,16,112,0.020028372818336096,0.45823545,0.043707602321767326,0,Robust_UC
2024-09-02 13:00:00,L29,17,18,0.006162237727932507,0.450027,0.01369304003522568,0,Robust_UC
2024-09-02 13:00:00,L30,18,19,0.02069463388481882,0.44684235000000005,0.046313053999511945,0,Robust_UC
2024-09-02 13:00:00,L31,18,33,0.009499066290439007,0.43447274999999996,0.021863433990829132,0,Robust_UC
2024-09-02 13:00:00,L32,19,20,0.020918135963689577,0.44889165,0.04659952120670897,0,Robust_UC
2024-09-02 13:00:00,L33,20,21,0.02114163804256028,0.4478571,0.04720621386277069,0,Robust_UC
2024-09-02 13:00:00,L34,21,22,-0.01071001787712772,0.44536679999999995,0.0240476341683478,0,Robust_UC
2024-09-02 13:00:00,L35,22,23,0.0033354559506039005,0.44873865,0.0074329589185239565,0,Robust_UC
2024-09-02 13:00:00,L36,22,24,-0.02203201407202729,0.46183050000000003,0.04770584461621155,0,Robust_UC
2024-09-02 13:00:00,L37,22,31,-0.023865115675392318,0.45421199999999995,0.05254179914971934,0,Robust_UC
2024-09-02 13:00:00,L38,23,69,-0.02116364789794234,0.45931230000000006,0.04607681505141999,0,Robust_UC
2024-09-02 13:00:00,L39,23,71,-0.007352552071141757,0.4599009,0.01598725306069581,0,Robust_UC
2024-09-02 13:00:00,L40,24,26,0.0016379741978892453,0.47735999999999995,0.0034313184973379534,0,Robust_UC
2024-09-02 13:00:00,L41,25,24,0.0234464861910458,0.46950525,0.04993870929248565,0,Robust_UC
2024-09-02 13:00:00,L42,25,29,-0.023222984112175066,0.49041270000000003,0.04735396149442105,0,Robust_UC
2024-09-02 13:00:00,L43,26,27,0.006713079423969735,0.4620879,0.014527710905154052,0,Robust_UC
2024-09-02 13:00:00,L44,26,31,-0.0034710758012542722,0.46563795,0.007454452115112765,0,Robust_UC
2024-09-02 13:00:00,L45,26,114,-0.001380527345955489,0.46550745000000004,0.0029656396389692342,0,Robust_UC
2024-09-02 13:00:00,L46,27,28,0.006936581502840464,0.4483323000000001,0.015471964662908434,0,Robust_UC
2024-09-02 13:00:00,L47,28,30,-0.024915074416847535,0.45279359999999996,0.05502523537622338,0,Robust_UC
2024-09-02 13:00:00,L48,29,16,0.004556120984312947,0.43184340000000004,0.01055040087289269,0,Robust_UC
2024-09-02 13:00:00,L49,29,37,0.01679486974608141,0.45085634999999996,0.03725104403227638,0,Robust_UC
2024-09-02 13:00:00,L50,30,31,0.00779433768878306,0.46224135,0.01686205201845975,0,Robust_UC
2024-09-02 13:00:00,L51,31,112,-0.020251874897206826,0.4596003,0.04406410286765876,0,Robust_UC
2024-09-02 13:00:00,L52,31,113,0.0009335231882140259,0.4587453,0.002034948779233326,0,Robust_UC
2024-09-02 13:00:00,L53,32,36,0.016193753542596667,0.44337555,0.03652378563183438,0,Robust_UC
2024-09-02 13:00:00,L54,33,35,0.010087210036458395,0.4240296,0.02378892897207741,0,Robust_UC
2024-09-02 13:00:00,L55,33,36,-0.0011430216525713521,0.439407,0.0026012823022194733,0,Robust_UC
2024-09-02 13:00:00,L56,33,42,0.0007783799854227693,0.42826275,0.0018175290412784423,0,Robust_UC
2024-09-02 13:00:00,L57,34,35,-0.010310712115329124,0.41669639999999997,0.024743943348992516,0,Robust_UC
2024-09-02 13:00:00,L58,34,36,-0.021540943804358875,0.43463609999999997,0.04956087127681957,0,Robust_UC
2024-09-02 13:00:00,L59,36,38,0.0005760191129200419,0.4179312,0.001378263008169866,0,Robust_UC
2024-09-02 13:00:00,L60,36,39,0.0013755403047108206,0.42110369999999997,0.0032665120366095588,0,Robust_UC
2024-09-02 13:00:00,L61,37,36,0.008218269253093491,0.42873479999999997,0.019168654499456286,0,Robust_UC
2024-09-02 13:00:00,L62,37,64,0.008800102571858481,0.4476339,0.019659151310610037,0,Robust_UC
2024-09-02 13:00:00,L63,38,39,0.0007995211917907752,0.41823045000000003,0.001911676186635323,0,Robust_UC
2024-09-02 13:00:00,L64,39,40,0.0007250204988338803,0.40557600000000005,0.0017876316617203192,0,Robust_UC
2024-09-02 13:00:00,L65,39,41,0.0016735430765384973,0.40464315,0.004135849270001228,0,Robust_UC
2024-09-02 13:00:00,L66,40,41,0.0009485225777046136,0.39123045,0.0024244600022943347,0,Robust_UC
2024-09-02 13:00:00,L67,41,48,0.0014227838665568648,0.4087377,0.0034809215459128554,0,Robust_UC
2024-09-02 13:00:00,L68,41,48,0.0014227838665568648,0.4087377,0.0034809215459128554,0,Robust_UC
2024-09-02 13:00:00,L69,42,43,0.0010018820642935025,0.40999949999999996,0.0024436177709814344,0,Robust_UC
2024-09-02 13:00:00,L70,43,44,0.0012253841431642358,0.40325445000000004,0.00303873681533889,0,Robust_UC
2024-09-02 13:00:00,L71,44,45,0.0011256868196807823,0.40862249999999994,0.002754833176540162,0,Robust_UC
2024-09-02 13:00:00,L72,44,48,0.00032319940235431277,0.4070493,0.0007940055476187104,0,Robust_UC
2024-09-02 13:00:00,L73,45,46,0.001862183646650084,0.41366655,0.0045016539206519934,0,Robust_UC
2024-09-02 13:00:00,L74,45,47,-0.0005129947480986032,0.4011075,0.0012789457890929566,0,Robust_UC
2024-09-02 13:00:00,L75,46,48,-0.0026646710639765536,0.4187385,0.006363568346298593,0,Robust_UC
2024-09-02 13:00:00,L76,46,68,0.0047503567894973675,0.4384908,0.010833424075253955,0,Robust_UC
2024-09-02 13:00:00,L77,47,48,-0.00028949266922786987,0.40457519999999997,0.0007155472436962767,0,Robust_UC
2024-09-02 13:00:00,L78,48,49,-0.0007222782395788659,0.39897134999999995,0.0018103511432058115,0,Robust_UC
2024-09-02 13:00:00,L79,48,50,-0.0009036316370172881,0.40236885000000006,0.0022457793067661375,0,Robust_UC
2024-09-02 13:00:00,L80,48,53,-0.0010492156888783355,0.3954167999999999,0.0026534423648118537,0,Robust_UC
2024-09-02 13:00:00,L81,48,53,-0.0010492156888783355,0.3954167999999999,0.0026534423648118537,0,Robust_UC
2024-09-02 13:00:00,L82,48,65,-0.0016262905589938814,0.39777435,0.004088475184470496,0,Robust_UC
2024-09-02 13:00:00,L83,48,65,-0.0016262905589938814,0.39777435,0.004088475184470496,0,Robust_UC
2024-09-02 13:00:00,L84,48,68,0.007415027853473921,0.4296312,0.01725905347068351,0,Robust_UC
2024-09-02 13:00:00,L85,49,56,-0.0004987761607081326,0.3910211999999999,0.0012755731932389668,0,Robust_UC
2024-09-02 13:00:00,L86,50,51,-0.0002720300961577526,0.3955477499999999,0.0006877301063089163,0,Robust_UC
2024-09-02 13:00:00,L87,50,57,-0.0004080994619889179,0.39069719999999997,0.0010445415579863843,0,Robust_UC
2024-09-02 13:00:00,L88,51,52,-4.8528017287019276e-05,0.39259799999999995,0.00012360739811975426,0,Robust_UC
2024-09-02 13:00:00,L89,52,53,0.000174974061583714,0.3896531999999999,0.00044905074970182215,0,Robust_UC
2024-09-02 13:00:00,L90,53,54,-0.00048086432904320686,0.39000644999999995,0.0012329650677397948,0,Robust_UC
2024-09-02 13:00:00,L91,53,55,-0.0004471127932460517,0.3958191,0.0011295887268857206,0,Robust_UC
2024-09-02 13:00:00,L92,53,58,-0.0007719781150128946,0.39852405,0.0019370929182640159,0,Robust_UC
2024-09-02 13:00:00,L93,54,55,3.3751535797155174e-05,0.4016862,8.402463364973746e-05,0,Robust_UC
2024-09-02 13:00:00,L94,54,58,-0.00029111378596968773,0.4043151,0.0007200171004488522,0,Robust_UC
2024-09-02 13:00:00,L95,55,56,0.00027527408183739926,0.3986478,0.0006905195057827969,0,Robust_UC
2024-09-02 13:00:00,L96,55,57,0.00018459738311818463,0.39793725,0.0004638856581488278,0,Robust_UC
2024-09-02 13:00:00,L97,55,58,-0.0003248653217668429,0.4030442999999999,0.0008060288205709471,0,Robust_UC
2024-09-02 13:00:00,L98,55,58,-0.0003248653217668429,0.4030442999999999,0.0008060288205709471,0,Robust_UC
2024-09-02 13:00:00,L99,58,59,-0.00031607327869476176,0.40467014999999995,0.0007810639818498147,0,Robust_UC
2024-09-02 13:00:00,L100,58,60,-0.00048389791568725915,0.4054855499999999,0.0011933789396126676,0,Robust_UC
2024-09-02 13:00:00,L101,59,60,-0.0001678246369924974,0.40244399999999997,0.0004170136391460611,0,Robust_UC
2024-09-02 13:00:00,L102,59,61,7.525343716840993e-05,0.39771765000000003,0.0001892132199021339,0,Robust_UC
2024-09-02 13:00:00,L103,60,61,0.00024307807416090732,0.40714334999999996,0.0005970331436357915,0,Robust_UC
2024-09-02 13:00:00,L104,61,65,0.0004357230864237005,0.3972222,0.0010969253139016411,0,Robust_UC
2024-09-02 13:00:00,L105,61,66,0.00010611050377648187,0.39332924999999996,0.0002697752678614211,0,Robust_UC
2024-09-02 13:00:00,L106,62,58,0.0006893492712640296,0.39946275,0.0017256909968802589,0,Robust_UC
2024-09-02 13:00:00,L107,62,63,-0.0004658471923932973,0.41746949999999994,0.001115883178036473,0,Robust_UC
2024-09-02 13:00:00,L108,63,60,0.0006712985479700599,0.41296904999999995,0.0016255420302564078,0,Robust_UC
2024-09-02 13:00:00,L109,63,64,-0.0009136436614926248,0.43310475000000004,0.0021095212220429926,0,Robust_UC
2024-09-02 13:00:00,L110,64,65,0.002263743370047311,0.40997745,0.00552162898239235,0,Robust_UC
2024-09-02 13:00:00,L111,64,67,0.005846217619189368,0.4259655,0.013724627039488804,0,Robust_UC
2024-09-02 13:00:00,L112,65,66,-0.00032961258264721516,0.3897558,0.0008456900003725799,0,Robust_UC
2024-09-02 13:00:00,L113,67,68,0.005458844163325768,0.42175935,0.012943030577332235,0,Robust_UC
2024-09-02 13:00:00,L114,68,69,0.013973258327454774,0.4676526,0.029879569422803967,0,Robust_UC
2024-09-02 13:00:00,L115,68,74,0.004948470136314165,0.46387259999999997,0.01066773535732476,0,Robust_UC
2024-09-02 13:00:00,L116,68,76,-0.0010739975786009937,0.46089945,0.002330221002869484,0,Robust_UC
2024-09-02 13:00:00,L117,69,70,0.006682045834529558,0.48076784999999994,0.013898695252874248,0,Robust_UC
2024-09-02 13:00:00,L118,69,73,-0.004624145135005673,0.46896209999999994,0.009860381329334873,0,Robust_UC
2024-09-02 13:00:00,L119,69,74,-0.00902478819114061,0.4695489,0.019220124232301704,0,Robust_UC
2024-09-02 13:00:00,L120,70,71,0.007129049992271023,0.4724307,0.01509014971353687,0,Robust_UC
2024-09-02 13:00:00,L121,70,72,-0.00022350207887073328,0.47952539999999994,0.00046609017764383975,0,Robust_UC
2024-09-02 13:00:00,L122,73,74,-0.00440064305613494,0.46119104999999994,0.00954190905511922,0,Robust_UC
2024-09-02 13:00:00,L123,74,76,-0.006022467714915158,0.4539825,0.013265858738861429,0,Robust_UC
2024-09-02 13:00:00,L124,74,117,-0.0022309913171757864,0.45529604999999995,0.004900089331273106,0,Robust_UC
2024-09-02 13:00:00,L125,75,76,-0.001783987159434323,0.45588735,0.003913219262246086,0,Robust_UC
2024-09-02 13:00:00,L126,75,117,0.002007489238305055,0.45673109999999995,0.004395341675452044,0,Robust_UC
2024-09-02 13:00:00,L127,76,77,-0.0010543651717520252,0.45733409999999997,0.00230545933870233,0,Robust_UC
2024-09-02 13:00:00,L128,76,79,-0.0024925892786438753,0.46158479999999996,0.005400067936907531,0,Robust_UC
2024-09-02 13:00:00,L129,76,79,-0.0024925892786438753,0.46158479999999996,0.005400067936907531,0,Robust_UC
2024-09-02 13:00:00,L130,76,81,-0.0026174066450400193,0.4439799,0.005895326894393236,0,Robust_UC
2024-09-02 13:00:00,L131,77,78,-0.0008308630928812935,0.46037205,0.0018047644136547681,0,Robust_UC
2024-09-02 13:00:00,L132,78,79,-0.000607361014010562,0.4680846,0.0012975453881853023,0,Robust_UC
2024-09-02 13:00:00,L133,79,95,-0.0009339554401491812,0.45877815,0.002035745251052565,0,Robust_UC
2024-09-02 13:00:00,L134,79,96,-0.0005787287595099572,0.4622265,0.001252045824958018,0,Robust_UC
2024-09-02 13:00:00,L135,79,97,-0.001399236800146227,0.45446895,0.0030788391597406754,0,Robust_UC
2024-09-02 13:00:00,L136,79,98,-0.001399236800146227,0.45136889999999996,0.003099984957196269,0,Robust_UC
2024-09-02 13:00:00,L137,80,67,-0.0008343776136050643,0.42432525,0.001966363334741603,0,Robust_UC
2024-09-02 13:00:00,L138,80,79,0.0010578796924757966,0.4447107,0.002378804225928894,0,Robust_UC
2024-09-02 13:00:00,L139,81,82,-0.0015847664924162656,0.41420925,0.003826004591679847,0,Robust_UC
2024-09-02 13:00:00,L140,81,95,-0.0008091380737530222,0.43829415000000005,0.001846107400139888,0,Robust_UC
2024-09-02 13:00:00,L141,82,83,-0.0005282554974720983,0.39458204999999996,0.0013387722464113568,0,Robust_UC
2024-09-02 13:00:00,L142,82,84,-0.0008330089160734633,0.3999167999999999,0.0020829555449370057,0,Robust_UC
2024-09-02 13:00:00,L143,83,84,-0.00030475341860136673,0.39645810000000004,0.0007686901052125476,0,Robust_UC
2024-09-02 13:00:00,L144,84,85,-0.0004470041577414631,0.3914244,0.0011419935950376704,0,Robust_UC
2024-09-02 13:00:00,L145,84,87,-0.00023025272564439377,0.39516345,0.0005826771824276606,0,Robust_UC
2024-09-02 13:00:00,L146,84,88,-0.00023700337241805425,0.4019147999999999,0.0005896856060489793,0,Robust_UC
2024-09-02 13:00:00,L147,86,85,0.00022350207887073234,0.39086639999999995,0.0005718119512721798,0,Robust_UC
2024-09-02 13:00:00,L148,87,88,-6.750646773662217e-06,0.4042053,1.6701034780252058e-05,0,Robust_UC
2024-09-02 13:00:00,L149,88,89,-0.00011343870112880023,0.40541309999999997,0.0002798101519876892,0,Robust_UC
2024-09-02 13:00:00,L150,88,89,-0.00011343870112880023,0.40541309999999997,0.0002798101519876892,0,Robust_UC
2024-09-02 13:00:00,L151,88,91,0.00010331273096819693,0.4205952,0.0002456345934718155,0,Robust_UC
2024-09-02 13:00:00,L152,88,91,0.00010331273096819693,0.4205952,0.0002456345934718155,0,Robust_UC
2024-09-02 13:00:00,L153,89,90,-3.37532338686892e-06,0.4110435,8.211596550897703e-06,0,Robust_UC
2024-09-02 13:00:00,L154,90,91,0.00022012675548386263,0.4120173,0.0005342658074888181,0,Robust_UC
2024-09-02 13:00:00,L155,91,92,0.00017172392324618473,0.42888149999999997,0.0004003994652280053,0,Robust_UC
2024-09-02 13:00:00,L156,91,93,0.0005669499253631027,0.43883415,0.0012919457735071501,0,Robust_UC
2024-09-02 13:00:00,L157,91,99,0.00010131189491402459,0.44392455,0.000228218725263166,0,Robust_UC
2024-09-02 13:00:00,L158,91,101,-0.00018973144723272335,0.42955829999999995,0.0004416896314952438,0,Robust_UC
2024-09-02 13:00:00,L159,92,93,0.0003952260021169163,0.42974144999999997,0.0009196832237544605,0,Robust_UC
2024-09-02 13:00:00,L160,93,94,0.000475937985976364,0.43766505,0.0010874480061324613,0,Robust_UC
2024-09-02 13:00:00,L161,93,95,0.0011753780508234613,0.44072775,0.0026669027553256207,0,Robust_UC
2024-09-02 13:00:00,L162,93,99,-0.00046563803044907814,0.43965765,0.0010590922970385665,0,Robust_UC
2024-09-02 13:00:00,L163,94,95,0.0006994400648470955,0.44839035,0.001559890985270079,0,Robust_UC
2024-09-02 13:00:00,L164,95,96,0.0003552266806392257,0.448173,0.0007926106227711747,0,Robust_UC
2024-09-02 13:00:00,L165,97,99,-0.0011757347212754954,0.44912655,0.0026178250234271286,0,Robust_UC
2024-09-02 13:00:00,L166,98,99,-0.0011757347212754954,0.45188685000000006,0.002601834333695471,0,Robust_UC
2024-09-02 13:00:00,L167,99,100,-0.00025727271050873975,0.43812359999999995,0.0005872149103785776,0,Robust_UC
2024-09-02 13:00:00,L168,99,102,-0.0008508492933560485,0.43870275000000003,0.0019394665142993713,0,Robust_UC
2024-09-02 13:00:00,L169,99,103,-0.0006766718112016235,0.43720425000000007,0.0015477246874924554,0,Robust_UC
2024-09-02 13:00:00,L170,99,105,-0.0007074996841493153,0.43469955,0.0016275601945051825,0,Robust_UC
2024-09-02 13:00:00,L171,100,101,-3.37706316380082e-05,0.4286331,7.878680306772435e-05,0,Robust_UC
2024-09-02 13:00:00,L172,102,103,0.00017417748215442508,0.43662375000000003,0.00039891893685220986,0,Robust_UC
2024-09-02 13:00:00,L173,102,104,-0.00010481476802209899,0.44366490000000003,0.00023624760043469516,0,Robust_UC
2024-09-02 13:00:00,L174,102,109,-0.0006967099286177142,0.44718525,0.0015579895102034655,0,Robust_UC
2024-09-02 13:00:00,L175,103,104,-0.00027899225017652407,0.44274915,0.0006301361621507892,0,Robust_UC
2024-09-02 13:00:00,L176,104,105,0.0002481643772288544,0.43414425,0.0005716173304814113,0,Robust_UC
2024-09-02 13:00:00,L177,104,106,1.2331149179060572e-05,0.43364069999999993,2.8436327999333487e-05,0,Robust_UC
2024-09-02 13:00:00,L178,104,107,-0.00042080046573594355,0.43805879999999997,0.0009606026993087311,0,Robust_UC
2024-09-02 13:00:00,L179,105,106,-0.00023583322804979212,0.42798780000000003,0.0005510279219402798,0,Robust_UC
2024-09-02 13:00:00,L180,107,108,-0.000197298386865212,0.434223,0.00045437111084675844,0,Robust_UC
2024-09-02 13:00:00,L181,108,109,2.6203692005519544e-05,0.44085509999999994,5.9438332471416455e-05,0,Robust_UC
2024-09-02 13:00:00,L182,109,110,-0.00022350207887073234,0.45429659999999994,0.0004919739193970027,0,Robust_UC
2024-09-02 13:00:00,L183,109,111,-0.00022350207887073155,0.44702910000000007,0.0004999721021981153,0,Robust_UC
2024-09-02 13:00:00,L184,113,114,0.0011570252670847574,0.45772335,0.002527782921899784,0,Robust_UC
2024-09-02 13:00:00,L185,115,67,0.00022350207887073155,0.41683365,0.0005361901057429781,0,Robust_UC
2024-09-02 14:00:00,L0,0,1,0.049627911753223675,0.45718064999999997,0.1085520827559602,0,Robust_UC
2024-09-02 14:00:00,L1,0,2,0.13055269829832028,0.46512495,0.2806830687072802,0,Robust_UC
2024-09-02 14:00:00,L2,1,11,0.16754169136903296,0.4639608,0.36111173911466865,0,Robust_UC
2024-09-02 14:00:00,L3,2,4,0.11184957309019322,0.47935529999999993,0.23333333977989446,0,Robust_UC
2024-09-02 14:00:00,L4,2,11,0.08661690482393636,0.47404710000000005,0.1827179299777097,0,Robust_UC
2024-09-02 14:00:00,L5,3,4,-0.00703062652089579,0.48887865,0.014381128161141399,0,Robust_UC
2024-09-02 14:00:00,L6,3,10,0.0072112365724397165,0.48115889999999994,0.014987224745171954,0,Robust_UC
2024-09-02 14:00:00,L7,4,5,0.012919720816860231,0.4736699999999999,0.027275784442460434,0,Robust_UC
2024-09-02 14:00:00,L8,4,10,0.014241863093335638,0.4689422999999999,0.030370182202236053,0,Robust_UC
2024-09-02 14:00:00,L9,5,6,-0.019166499567330467,0.47463750000000005,0.04038134274542249,0,Robust_UC
2024-09-02 14:00:00,L10,6,11,-0.01898588951578654,0.46125135000000006,0.041161699615158934,0,Robust_UC
2024-09-02 14:00:00,L11,7,4,-0.07783797271064549,0.46494315,0.1674139574067184,0,Robust_UC
2024-09-02 14:00:00,L12,7,8,-0.00036122010308785015,0.47818215000000003,0.0007554027332217443,0,Robust_UC
2024-09-02 14:00:00,L13,7,29,0.07837980286527726,0.4767741,0.16439610051233333,0,Robust_UC
2024-09-02 14:00:00,L14,8,9,-0.00018061005154392507,0.4640742,0.0003891835649211378,0,Robust_UC
2024-09-02 14:00:00,L15,10,11,-0.03947453135959522,0.46967895,0.0840457750120486,0,Robust_UC
2024-09-02 14:00:00,L16,10,12,0.06110824107691446,0.4599243,0.13286586744147777,0,Robust_UC
2024-09-02 14:00:00,L17,11,13,0.08084550675671057,0.4556205,0.1774404504553912,0,Robust_UC
2024-09-02 14:00:00,L18,11,15,0.11521388866396501,0.45897435,0.2510246785337024,0,Robust_UC
2024-09-02 14:00:00,L19,11,116,-0.00018061005154392483,0.45655065,0.0003955969650769851,0,Robust_UC
2024-09-02 14:00:00,L20,12,14,0.06128885112845839,0.45675720000000003,0.13418256160703845,0,Robust_UC
2024-09-02 14:00:00,L21,13,14,0.0810261168082545,0.45888344999999997,0.1765723231209461,0,Robust_UC
2024-09-02 14:00:00,L22,14,16,0.036469933378774404,0.46249155,0.07885535071673073,0,Robust_UC
2024-09-02 14:00:00,L23,14,18,0.07201622561366855,0.4453065,0.16172282599438487,0,Robust_UC
2024-09-02 14:00:00,L24,14,32,0.03400941899581509,0.44008605,0.07727902076381446,0,Robust_UC
2024-09-02 14:00:00,L25,15,16,0.0831276682797743,0.4610817,0.18028837032520334,0,Robust_UC
2024-09-02 14:00:00,L26,16,17,0.03381625630954242,0.45485459999999994,0.07434520022341738,0,Robust_UC
2024-09-02 14:00:00,L27,16,30,0.046614387420949144,0.4581693,0.10174053002012388,0,Robust_UC
2024-09-02 14:00:00,L28,16,112,0.023971850645425126,0.45823545,0.05231339182820781,0,Robust_UC
2024-09-02 14:00:00,L29,17,18,0.0017300359253517236,0.450027,0.0038442936209421292,0,Robust_UC
2024-09-02 14:00:00,L30,18,19,0.03149846531957009,0.44684235000000005,0.07049122653564525,0,Robust_UC
2024-09-02 14:00:00,L31,18,33,0.01016157583525942,0.43447274999999996,0.023388292672577096,0,Robust_UC
2024-09-02 14:00:00,L32,19,20,-0.000587755064620602,0.44889165,0.0013093472881943828,0,Robust_UC
2024-09-02 14:00:00,L33,20,21,-0.0004071450130766754,0.4478571,0.000909095809973037,0,Robust_UC
2024-09-02 14:00:00,L34,21,22,-0.00022653496153274885,0.44536679999999995,0.0005086480661170722,0,Robust_UC
2024-09-02 14:00:00,L35,22,23,0.006619735385939408,0.44873865,0.014751872578703456,0,Robust_UC
2024-09-02 14:00:00,L36,22,24,-0.021233479558822647,0.46183050000000003,0.045976780569543685,0,Robust_UC
2024-09-02 14:00:00,L37,22,31,-0.017699011172840208,0.45421199999999995,0.03896641033887306,0,Robust_UC
2024-09-02 14:00:00,L38,23,69,-0.018919253697144423,0.45931230000000006,0.04119039202116821,0,Robust_UC
2024-09-02 14:00:00,L39,23,71,-0.006547231301106703,0.4599009,0.014236178492163644,0,Robust_UC
2024-09-02 14:00:00,L40,24,26,0.009777913547479075,0.47735999999999995,0.020483311436817236,0,Robust_UC
2024-09-02 14:00:00,L41,25,24,0.0308307830547578,0.46950525,0.06566653526186939,0,Robust_UC
2024-09-02 14:00:00,L42,25,29,-0.030650173003213873,0.49041270000000003,0.06249873423590757,0,Robust_UC
2024-09-02 14:00:00,L43,26,27,0.018463727199229285,0.4620879,0.039957175245725514,0,Robust_UC
2024-09-02 14:00:00,L44,26,31,-0.006243445161496608,0.46563795,0.013408368371814642,0,Robust_UC
2024-09-02 14:00:00,L45,26,114,-0.0022617584387094607,0.46550745000000004,0.004858694396210975,0,Robust_UC
2024-09-02 14:00:00,L46,27,28,-0.013198853166857392,0.4483323000000001,0.02943988904403584,0,Robust_UC
2024-09-02 14:00:00,L47,28,30,-0.013018243115313466,0.45279359999999996,0.028750943289201674,0,Robust_UC
2024-09-02 14:00:00,L48,29,16,0.016891113101559427,0.43184340000000004,0.039113977663105245,0,Robust_UC
2024-09-02 14:00:00,L49,29,37,0.031019126812047892,0.45085634999999996,0.06880046562956892,0,Robust_UC
2024-09-02 14:00:00,L50,30,31,0.0015099239214449445,0.46224135,0.0032665271539314786,0,Robust_UC
2024-09-02 14:00:00,L51,31,112,-0.024152460696969053,0.4596003,0.05255101160066487,0,Robust_UC
2024-09-02 14:00:00,L52,31,113,0.001900538335621611,0.4587453,0.004142905301965189,0,Robust_UC
2024-09-02 14:00:00,L53,32,36,0.034190029047359016,0.44337555,0.07711302314112498,0,Robust_UC
2024-09-02 14:00:00,L54,33,35,0.027426769248939397,0.4240296,0.06468126104625573,0,Robust_UC
2024-09-02 14:00:00,L55,33,36,-0.013978353405753902,0.439407,0.031811858722673746,0,Robust_UC
2024-09-02 14:00:00,L56,33,42,-0.003106229956382156,0.42826275,0.007253093939134692,0,Robust_UC
2024-09-02 14:00:00,L57,34,35,0.004659451135251302,0.41669639999999997,0.011181884785304845,0,Robust_UC
2024-09-02 14:00:00,L58,34,36,-0.036745671519442,0.43463609999999997,0.0845435331290751,0,Robust_UC
2024-09-02 14:00:00,L59,36,38,0.00035583502535827677,0.4179312,0.0008514201030176182,0,Robust_UC
2024-09-02 14:00:00,L60,36,39,0.0008922801022604454,0.42110369999999997,0.0021189082457846974,0,Robust_UC
2024-09-02 14:00:00,L61,37,36,0.017601500953911702,0.42873479999999997,0.041054518909852206,0,Robust_UC
2024-09-02 14:00:00,L62,37,64,0.013598235909680116,0.4476339,0.03037802970168282,0,Robust_UC
2024-09-02 14:00:00,L63,38,39,0.0005364450769022033,0.41823045000000003,0.0012826542804384598,0,Robust_UC
2024-09-02 14:00:00,L64,39,40,0.0004762417263875565,0.40557600000000005,0.001174235473468737,0,Robust_UC
2024-09-02 14:00:00,L65,39,41,0.0011330935043190604,0.40464315,0.0028002290519907737,0,Robust_UC
2024-09-02 14:00:00,L66,40,41,0.0006568517779314831,0.39123045,0.0016789382777631012,0,Robust_UC
2024-09-02 14:00:00,L67,41,48,0.0009852776668972663,0.4087377,0.002410537777399213,0,Robust_UC
2024-09-02 14:00:00,L68,41,48,0.0009852776668972663,0.4087377,0.002410537777399213,0,Robust_UC
2024-09-02 14:00:00,L69,42,43,-0.0029256199048382295,0.40999949999999996,0.007135667006516422,0,Robust_UC
2024-09-02 14:00:00,L70,43,44,-0.002745009853294303,0.40325445000000004,0.006807140884110027,0,Robust_UC
2024-09-02 14:00:00,L71,44,45,-0.0003735573839879769,0.40862249999999994,0.0009141870161040494,0,Robust_UC
2024-09-02 14:00:00,L72,44,48,-0.002190842417762462,0.4070493,0.005382253249821243,0,Robust_UC
2024-09-02 14:00:00,L73,45,46,0.0008060002102165398,0.41366655,0.0019484297442385412,0,Robust_UC
2024-09-02 14:00:00,L74,45,47,-0.0009989475426592162,0.4011075,0.0024904733585365923,0,Robust_UC
2024-09-02 14:00:00,L75,46,48,-0.002623285243991025,0.4187385,0.006264733823116395,0,Robust_UC
2024-09-02 14:00:00,L76,46,68,0.003609895505751415,0.4384908,0.008232545599021495,0,Robust_UC
2024-09-02 14:00:00,L77,47,48,-0.0008183374911152896,0.40457519999999997,0.002022707993755647,0,Robust_UC
2024-09-02 14:00:00,L78,48,49,-0.0008145736883620792,0.39897134999999995,0.0020416846682401613,0,Robust_UC
2024-09-02 14:00:00,L79,48,50,-0.0010049074905251199,0.40236885000000006,0.00249747834735497,0,Robust_UC
2024-09-02 14:00:00,L80,48,53,-0.00131957944562755,0.3954167999999999,0.0033371860923146167,0,Robust_UC
2024-09-02 14:00:00,L81,48,53,-0.00131957944562755,0.3954167999999999,0.0033371860923146167,0,Robust_UC
2024-09-02 14:00:00,L82,48,65,-0.0026279202235669485,0.39777435,0.006606560286169655,0,Robust_UC
2024-09-02 14:00:00,L83,48,65,-0.0026279202235669485,0.39777435,0.006606560286169655,0,Robust_UC
2024-09-02 14:00:00,L84,48,68,0.00623318074974244,0.4296312,0.014508212508175477,0,Robust_UC
2024-09-02 14:00:00,L85,49,56,-0.0006339636368181527,0.3910211999999999,0.001621302468557083,0,Robust_UC
2024-09-02 14:00:00,L86,50,51,-0.0002855007032447389,0.3955477499999999,0.000721785683889591,0,Robust_UC
2024-09-02 14:00:00,L87,50,57,-0.0005387967357366394,0.39069719999999997,0.0013790647481902595,0,Robust_UC
2024-09-02 14:00:00,L88,51,52,-0.00010489065170081237,0.39259799999999995,0.0002671706216048283,0,Robust_UC
2024-09-02 14:00:00,L89,52,53,7.57193998431142e-05,0.3896531999999999,0.00019432510715455234,0,Robust_UC
2024-09-02 14:00:00,L90,53,54,-0.0006408598728530612,0.39000644999999995,0.001643203267158944,0,Robust_UC
2024-09-02 14:00:00,L91,53,55,-0.0005823114648269012,0.3958191,0.0014711555476400742,0,Robust_UC
2024-09-02 14:00:00,L92,53,58,-0.0011596581021883767,0.39852405,0.0029098823576353215,0,Robust_UC
2024-09-02 14:00:00,L93,54,55,5.8548408026160015e-05,0.4016862,0.00014575658318896696,0,Robust_UC
2024-09-02 14:00:00,L94,54,58,-0.0005187982293353155,0.4043151,0.0012831532370057798,0,Robust_UC
2024-09-02 14:00:00,L95,55,56,0.00045335358527422615,0.3986478,0.0011372283636689481,0,Robust_UC
2024-09-02 14:00:00,L96,55,57,0.0003581866841927128,0.39793725,0.0009001084572824304,0,Robust_UC
2024-09-02 14:00:00,L97,55,58,-0.0005773466373614755,0.4030442999999999,0.001432464464480643,0,Robust_UC
2024-09-02 14:00:00,L98,55,58,-0.0005773466373614755,0.4030442999999999,0.001432464464480643,0,Robust_UC
2024-09-02 14:00:00,L99,58,59,-0.0005381327071270481,0.40467014999999995,0.0013298057865821042,0,Robust_UC
2024-09-02 14:00:00,L100,58,60,-0.000885819210302452,0.4054855499999999,0.002184588847376811,0,Robust_UC
2024-09-02 14:00:00,L101,59,60,-0.00034768650317540395,0.40244399999999997,0.0008639375992073531,0,Robust_UC
2024-09-02 14:00:00,L102,59,61,-9.836152407738386e-06,0.39771765000000003,2.4731495843190225e-05,0,Robust_UC
2024-09-02 14:00:00,L103,60,61,0.00033785035076766556,0.40714334999999996,0.0008298068745754183,0,Robust_UC
2024-09-02 14:00:00,L104,61,65,0.0003992861837837647,0.3972222,0.0010051960433826827,0,Robust_UC
2024-09-02 14:00:00,L105,61,66,0.00010933806611990865,0.39332924999999996,0.0002779810200230689,0,Robust_UC
2024-09-02 14:00:00,L106,62,58,0.00122858763727412,0.39946275,0.003075600008446645,0,Robust_UC
2024-09-02 14:00:00,L107,62,63,-0.0010479775857301949,0.41746949999999994,0.0025103093417128556,0,Robust_UC
2024-09-02 14:00:00,L108,63,60,0.0013907460127018602,0.41296904999999995,0.0033676761314240388,0,Robust_UC
2024-09-02 14:00:00,L109,63,64,-0.00225811354688813,0.43310475000000004,0.005213781531807559,0,Robust_UC
2024-09-02 14:00:00,L110,64,65,0.0043859960941413645,0.40997745,0.010698139846816853,0,Robust_UC
2024-09-02 14:00:00,L111,64,67,0.007134736320194244,0.4259655,0.01674956380315834,0,Robust_UC
2024-09-02 14:00:00,L112,65,66,-0.0002899481176638352,0.3897558,0.0007439225219068843,0,Robust_UC
2024-09-02 14:00:00,L113,67,68,0.006112360747256496,0.42175935,0.014492531694333502,0,Robust_UC
2024-09-02 14:00:00,L114,68,69,0.012550457516410485,0.4676526,0.02683713832962863,0,Robust_UC
2024-09-02 14:00:00,L115,68,74,0.0044816026831484,0.46387259999999997,0.009661279159727048,0,Robust_UC
2024-09-02 14:00:00,L116,68,76,-0.0008960131452653841,0.46089945,0.0019440534052826146,0,Robust_UC
2024-09-02 14:00:00,L117,69,70,0.006005401146474925,0.48076784999999994,0.012491270259596031,0,Robust_UC
2024-09-02 14:00:00,L118,69,73,-0.004124732442403016,0.46896209999999994,0.008795449445494671,0,Robust_UC
2024-09-02 14:00:00,L119,69,74,-0.008068854833262085,0.4695489,0.01718426948345973,0,Robust_UC
2024-09-02 14:00:00,L120,70,71,0.006366621249562776,0.4724307,0.013476307211963101,0,Robust_UC
2024-09-02 14:00:00,L121,70,72,-0.00018061005154392656,0.47952539999999994,0.0003766433468256876,0,Robust_UC
2024-09-02 14:00:00,L122,73,74,-0.0039441223908590894,0.46119104999999994,0.008552035844709238,0,Robust_UC
2024-09-02 14:00:00,L123,74,76,-0.005377615828413784,0.4539825,0.01184542538184574,0,Robust_UC
2024-09-02 14:00:00,L124,74,117,-0.001973148661015187,0.45529604999999995,0.004333770655412423,0,Robust_UC
2024-09-02 14:00:00,L125,75,76,-0.0016119285579273372,0.45588735,0.0035358045313767473,0,Robust_UC
2024-09-02 14:00:00,L126,75,117,0.001792538609471262,0.45673109999999995,0.003924713271049995,0,Robust_UC
2024-09-02 14:00:00,L127,76,77,-0.0009367921176759454,0.45733409999999997,0.002048375832189083,0,Robust_UC
2024-09-02 14:00:00,L128,76,79,-0.0022685461983960598,0.46158479999999996,0.0049146899949826335,0,Robust_UC
2024-09-02 14:00:00,L129,76,79,-0.0022685461983960598,0.46158479999999996,0.0049146899949826335,0,Robust_UC
2024-09-02 14:00:00,L130,76,81,-0.002231062965592223,0.4439799,0.005025144078802268,0,Robust_UC
2024-09-02 14:00:00,L131,77,78,-0.0007561820661320205,0.46037205,0.001642545558819265,0,Robust_UC
2024-09-02 14:00:00,L132,78,79,-0.0005755720145880957,0.4680846,0.0012296324523133118,0,Robust_UC
2024-09-02 14:00:00,L133,79,95,-0.0007016673931098394,0.45877815,0.0015294263536958755,0,Robust_UC
2024-09-02 14:00:00,L134,79,96,-0.00044113872232689165,0.4622265,0.0009543778262970463,0,Robust_UC
2024-09-02 14:00:00,L135,79,97,-0.0011125212584153412,0.45446895,0.0024479587844567626,0,Robust_UC
2024-09-02 14:00:00,L136,79,98,-0.0011125212584153412,0.45136889999999996,0.0024647716278532734,0,Robust_UC
2024-09-02 14:00:00,L137,80,67,-0.0013835956760255986,0.42432525,0.003260696072236094,0,Robust_UC
2024-09-02 14:00:00,L138,80,79,0.0015642057275695237,0.4447107,0.003517355727149186,0,Robust_UC
2024-09-02 14:00:00,L139,81,82,-0.0013113022881344276,0.41420925,0.003165796727461851,0,Robust_UC
2024-09-02 14:00:00,L140,81,95,-0.000739150625913676,0.43829415000000005,0.0016864259445709597,0,Robust_UC
2024-09-02 14:00:00,L141,82,83,-0.00043710076271146446,0.39458204999999996,0.001107756327768748,0,Robust_UC
2024-09-02 14:00:00,L142,82,84,-0.000693591473878985,0.3999167999999999,0.001734339427298341,0,Robust_UC
2024-09-02 14:00:00,L143,83,84,-0.00025649071116753963,0.39645810000000004,0.0006469554063028088,0,Robust_UC
2024-09-02 14:00:00,L144,84,85,-0.00036122010308784966,0.3914244,0.0009228349154724377,0,Robust_UC
2024-09-02 14:00:00,L145,84,87,-0.00019628736065290496,0.39516345,0.0004967244836355816,0,Robust_UC
2024-09-02 14:00:00,L146,84,88,-0.000211964669761866,0.4019147999999999,0.0005273870724886619,0,Robust_UC
2024-09-02 14:00:00,L147,86,85,0.00018061005154392507,0.39086639999999995,0.000462076176268733,0,Robust_UC
2024-09-02 14:00:00,L148,87,88,-1.567730910898013e-05,0.4042053,3.8785510998940714e-05,0,Robust_UC
2024-09-02 14:00:00,L149,88,89,-9.42243530492104e-05,0.40541309999999997,0.0002324156596054997,0,Robust_UC
2024-09-02 14:00:00,L150,88,89,-9.42243530492104e-05,0.40541309999999997,0.0002324156596054997,0,Robust_UC
2024-09-02 14:00:00,L151,88,91,7.070838938572077e-05,0.4205952,0.00016811506499770032,0,Robust_UC
2024-09-02 14:00:00,L152,88,91,7.070838938572077e-05,0.4205952,0.00016811506499770032,0,Robust_UC
2024-09-02 14:00:00,L153,89,90,-7.838654554495974e-06,0.4110435,1.9070133828891527e-05,0,Robust_UC
2024-09-02 14:00:00,L154,90,91,0.00017277139698942886,0.4120173,0.00041933044313777326,0,Robust_UC
2024-09-02 14:00:00,L155,91,92,0.000136384144968563,0.42888149999999997,0.00031799959888352146,0,Robust_UC
2024-09-02 14:00:00,L156,91,93,0.0004533783414810699,0.43883415,0.0010331427977541628,0,Robust_UC
2024-09-02 14:00:00,L157,91,99,6.423434429897457e-05,0.44392455,0.00014469653525351226,0,Robust_UC
2024-09-02 14:00:00,L158,91,101,-0.00015919860344426663,0.42955829999999995,0.0003706100043795374,0,Robust_UC
2024-09-02 14:00:00,L159,92,93,0.00031699419651248784,0.42974144999999997,0.000737639332934926,0,Robust_UC
2024-09-02 14:00:00,L160,93,94,0.0003865055117254299,0.43766505,0.0008831080108531169,0,Robust_UC
2024-09-02 14:00:00,L161,93,95,0.0009536210749948038,0.44072775,0.0021637418451522596,0,Robust_UC
2024-09-02 14:00:00,L162,93,99,-0.00038914399718209536,0.43965765,0.0008851068488904841,0,Robust_UC
2024-09-02 14:00:00,L163,94,95,0.0005671155632693547,0.44839035,0.0012647809286470031,0,Robust_UC
2024-09-02 14:00:00,L164,95,96,0.0002605286707829668,0.448173,0.0005813127314295302,0,Robust_UC
2024-09-02 14:00:00,L165,97,99,-0.0009319112068714164,0.44912655,0.0020749412540216478,0,Robust_UC
2024-09-02 14:00:00,L166,98,99,-0.0009319112068714164,0.45188685000000006,0.0020622667087378537,0,Robust_UC
2024-09-02 14:00:00,L167,99,100,-0.00020202149964358303,0.43812359999999995,0.00046110618018199213,0,Robust_UC
2024-09-02 14:00:00,L168,99,102,-0.0006875637824290126,0.43870275000000003,0.0015672657224715654,0,Robust_UC
2024-09-02 14:00:00,L169,99,103,-0.0005468125008809555,0.43720425000000007,0.0012507026198417682,0,Robust_UC
2024-09-02 14:00:00,L170,99,105,-0.0005717242321283678,0.43469955,0.0013152169863722375,0,Robust_UC
2024-09-02 14:00:00,L171,100,101,-2.1411448099658188e-05,0.4286331,4.9952857349696485e-05,0,Robust_UC
2024-09-02 14:00:00,L172,102,103,0.00014075128154805716,0.43662375000000003,0.00032236286172718996,0,Robust_UC
2024-09-02 14:00:00,L173,102,104,-8.469988624104641e-05,0.44366490000000003,0.0001909095946987161,0,Robust_UC
2024-09-02 14:00:00,L174,102,109,-0.0005630051261920344,0.44718525,0.0012589975322129573,0,Robust_UC
2024-09-02 14:00:00,L175,103,104,-0.00022545116778910357,0.44274915,0.0005092074548061889,0,Robust_UC
2024-09-02 14:00:00,L176,104,105,0.00020053943654169126,0.43414425,0.00046191890493008087,0,Robust_UC
2024-09-02 14:00:00,L177,104,106,9.964692498873676e-06,0.43364069999999993,2.2979144943898665e-05,0,Robust_UC
2024-09-02 14:00:00,L178,104,107,-0.0003400451315275898,0.43805879999999997,0.0007762545382665291,0,Robust_UC
2024-09-02 14:00:00,L179,105,106,-0.0001905747440427985,0.42798780000000003,0.00044528078614109677,0,Robust_UC
2024-09-02 14:00:00,L180,107,108,-0.00015943507998366496,0.434223,0.000367173272681698,0,Robust_UC
2024-09-02 14:00:00,L181,108,109,2.1174971560259867e-05,0.44085509999999994,4.8031590334919276e-05,0,Robust_UC
2024-09-02 14:00:00,L182,109,110,-0.00018061005154392507,0.45429659999999994,0.00039755976941919683,0,Robust_UC
2024-09-02 14:00:00,L183,109,111,-0.00018061005154392483,0.44702910000000007,0.0004040230301426122,0,Robust_UC
2024-09-02 14:00:00,L184,113,114,0.002081148387165536,0.45772335,0.004546738520474291,0,Robust_UC
2024-09-02 14:00:00,L185,115,67,0.00018061005154392483,0.41683365,0.0004332904782133708,0,Robust_UC
2024-09-02 15:00:00,L0,0,1,0.03184146962959239,0.45718064999999997,0.06964745692888007,0,Robust_UC
2024-09-02 15:00:00,L1,0,2,0.11570627147376017,0.46512495,0.24876384608858368,0,Robust_UC
2024-09-02 15:00:00,L2,1,11,0.18203140790220623,0.4639608,0.3923422149073935,0,Robust_UC
2024-09-02 15:00:00,L3,2,4,0.11772960368833546,0.47935529999999993,0.24559987902154307,0,Robust_UC
2024-09-02 15:00:00,L4,2,11,0.09816660605803855,0.47404710000000005,0.20708196729404849,0,Robust_UC
2024-09-02 15:00:00,L5,3,4,-0.00993543652614089,0.48887865,0.020322909429857264,0,Robust_UC
2024-09-02 15:00:00,L6,3,10,0.010125374798754732,0.48115889999999994,0.021043723391076696,0,Robust_UC
2024-09-02 15:00:00,L7,4,5,0.022879230219062487,0.4736699999999999,0.04830204619051764,0,Robust_UC
2024-09-02 15:00:00,L8,4,10,0.020060811324895622,0.4689422999999999,0.042778847898548765,0,Robust_UC
2024-09-02 15:00:00,L9,5,6,-0.004994984476356212,0.47463750000000005,0.010523788104303204,0,Robust_UC
2024-09-02 15:00:00,L10,6,11,-0.03744724337300363,0.46125135000000006,0.0811861978788867,0,Robust_UC
2024-09-02 15:00:00,L11,7,4,-0.0650440638908503,0.46494315,0.13989681080547223,0,Robust_UC
2024-09-02 15:00:00,L12,7,8,-0.0003798765452276782,0.47818215000000003,0.000794418079444576,0,Robust_UC
2024-09-02 15:00:00,L13,7,29,0.06561387870869181,0.4767741,0.13762047625634827,0,Robust_UC
2024-09-02 15:00:00,L14,8,9,-0.0001899382726138391,0.4640742,0.0004092842752599457,0,Robust_UC
2024-09-02 15:00:00,L15,10,11,-0.03962380895519209,0.46967895,0.0843636040218368,0,Robust_UC
2024-09-02 15:00:00,L16,10,12,0.06999993335145628,0.4599243,0.15219881478638175,0,Robust_UC
2024-09-02 15:00:00,L17,11,13,0.07349073924442182,0.4556205,0.16129814010656196,0,Robust_UC
2024-09-02 15:00:00,L18,11,15,0.09737390176359366,0.45897435,0.2121554325717628,0,Robust_UC
2024-09-02 15:00:00,L19,11,116,-0.00018993827261383836,0.45655065,0.000416028917303783,0,Robust_UC
2024-09-02 15:00:00,L20,12,14,0.03754767445480886,0.45675720000000003,0.0822048879685068,0,Robust_UC
2024-09-02 15:00:00,L21,13,14,0.07368067751703566,0.45888344999999997,0.1605651228368242,0,Robust_UC
2024-09-02 15:00:00,L22,14,16,0.015124127869080746,0.46249155,0.03270141447790937,0,Robust_UC
2024-09-02 15:00:00,L23,14,18,0.03674031522899801,0.4453065,0.08250567918725195,0,Robust_UC
2024-09-02 15:00:00,L24,14,32,0.026911649977118347,0.44008605,0.061150881690338395,0,Robust_UC
2024-09-02 15:00:00,L25,15,16,0.06492164286694624,0.4610817,0.14080290514012211,0,Robust_UC
2024-09-02 15:00:00,L26,16,17,0.0107131245436509,0.45485459999999994,0.023552855228134224,0,Robust_UC
2024-09-02 15:00:00,L27,16,30,0.029501450428550888,0.4581693,0.06438984547535352,0,Robust_UC
2024-09-02 15:00:00,L28,16,112,0.01945354126787872,0.45823545,0.042453156489483126,0,Robust_UC
2024-09-02 15:00:00,L29,17,18,0.010903062816264741,0.450027,0.024227574826098747,0,Robust_UC
2024-09-02 15:00:00,L30,18,19,0.013444081117629125,0.44684235000000005,0.03008685528045657,0,Robust_UC
2024-09-02 15:00:00,L31,18,33,0.03438923520024748,0.43447274999999996,0.07915165036299165,0,Robust_UC
2024-09-02 15:00:00,L32,19,20,0.013634019390243092,0.44889165,0.030372628651575705,0,Robust_UC
2024-09-02 15:00:00,L33,20,21,0.013823957662856934,0.4478571,0.03086689406700694,0,Robust_UC
2024-09-02 15:00:00,L34,21,22,-0.018628301233790445,0.44536679999999995,0.0418268744634545,0,Robust_UC
2024-09-02 15:00:00,L35,22,23,-0.007869198267337943,0.44873865,0.017536261401459273,0,Robust_UC
2024-09-02 15:00:00,L36,22,24,-0.005776241205355415,0.46183050000000003,0.012507275299824101,0,Robust_UC
2024-09-02 15:00:00,L37,22,31,-0.004792923488483092,0.45421199999999995,0.01055217274859117,0,Robust_UC
2024-09-02 15:00:00,L38,23,69,-0.005569506723429152,0.45931230000000006,0.012125751310010969,0,Robust_UC
2024-09-02 15:00:00,L39,23,71,-0.002109753271294949,0.4599009,0.00458740844232953,0,Robust_UC
2024-09-02 15:00:00,L40,24,26,0.019602819949665357,0.47735999999999995,0.04106506609197536,0,Robust_UC
2024-09-02 15:00:00,L41,25,24,0.025189122882406934,0.46950525,0.053650354032051685,0,Robust_UC
2024-09-02 15:00:00,L42,25,29,-0.024999184609793095,0.49041270000000003,0.05097580998573873,0,Robust_UC
2024-09-02 15:00:00,L43,26,27,0.012166502302689192,0.4620879,0.02632941114166632,0,Robust_UC
2024-09-02 15:00:00,L44,26,31,-0.018619502232793017,0.46563795,0.03998708059081743,0,Robust_UC
2024-09-02 15:00:00,L45,26,114,-0.006396439016878177,0.46550745000000004,0.013740787643416182,0,Robust_UC
2024-09-02 15:00:00,L46,27,28,-0.02028575659395823,0.4483323000000001,0.045247145017118386,0,Robust_UC
2024-09-02 15:00:00,L47,28,30,-0.020095818321344387,0.45279359999999996,0.04438185151323779,0,Robust_UC
2024-09-02 15:00:00,L48,29,16,0.012074604400701017,0.43184340000000004,0.02796060887048642,0,Robust_UC
2024-09-02 15:00:00,L49,29,37,0.028730027970811256,0.45085634999999996,0.06372324127365903,0,Robust_UC
2024-09-02 15:00:00,L50,30,31,0.009595570379820343,0.46224135,0.02075878841176875,0,Robust_UC
2024-09-02 15:00:00,L51,31,112,-0.01964347954049256,0.4596003,0.04274035404348639,0,Robust_UC
2024-09-02 15:00:00,L52,31,113,0.0060165624716505,0.4587453,0.013115256922851308,0,Robust_UC
2024-09-02 15:00:00,L53,32,36,0.02710158824973219,0.44337555,0.06112558134911181,0,Robust_UC
2024-09-02 15:00:00,L54,33,35,0.02674682149584908,0.4240296,0.06307772263032836,0,Robust_UC
2024-09-02 15:00:00,L55,33,36,-0.017116312202395022,0.439407,0.03895320785147943,0,Robust_UC
2024-09-02 15:00:00,L56,33,42,-0.007693532989854004,0.42826275,0.017964515918916606,0,Robust_UC
2024-09-02 15:00:00,L57,34,35,0.0057054374007983405,0.41669639999999997,0.01369207269560846,0,Robust_UC
2024-09-02 15:00:00,L58,34,36,-0.03815769629744576,0.43463609999999997,0.08779228485035127,0,Robust_UC
2024-09-02 15:00:00,L59,36,38,-0.0019795778208168864,0.4179312,0.004736611721778337,0,Robust_UC
2024-09-02 15:00:00,L60,36,39,-0.0037692173690198616,0.42110369999999997,0.008950805630584252,0,Robust_UC
2024-09-02 15:00:00,L61,37,36,0.022233686787657914,0.42873479999999997,0.05185883391704596,0,Robust_UC
2024-09-02 15:00:00,L62,37,64,0.006686279455765942,0.4476339,0.014936937206422352,0,Robust_UC
2024-09-02 15:00:00,L63,38,39,-0.001789639548203048,0.41823045000000003,0.004279075204120236,0,Robust_UC
2024-09-02 15:00:00,L64,39,40,-0.001852952305740941,0.40557600000000005,0.004568693181403586,0,Robust_UC
2024-09-02 15:00:00,L65,39,41,-0.0035159663388680262,0.40464315,0.0086890543899434,0,Robust_UC
2024-09-02 15:00:00,L66,40,41,-0.0016630140331271026,0.39123045,0.004250727501213422,0,Robust_UC
2024-09-02 15:00:00,L67,41,48,-0.002494521049690668,0.4087377,0.006102987440822483,0,Robust_UC
2024-09-02 15:00:00,L68,41,48,-0.002494521049690668,0.4087377,0.006102987440822483,0,Robust_UC
2024-09-02 15:00:00,L69,42,43,-0.007503594717240165,0.40999949999999996,0.018301472848723393,0,Robust_UC
2024-09-02 15:00:00,L70,43,44,-0.007313656444626327,0.40325445000000004,0.01813657963260251,0,Robust_UC
2024-09-02 15:00:00,L71,44,45,-0.002738485363759424,0.40862249999999994,0.006701748836051428,0,Robust_UC
2024-09-02 15:00:00,L72,44,48,-0.004385232808253037,0.4070493,0.010773222821542836,0,Robust_UC
2024-09-02 15:00:00,L73,45,46,-0.0016302042325920252,0.41366655,0.003940865493214342,0,Robust_UC
2024-09-02 15:00:00,L74,45,47,-0.0009183428585537341,0.4011075,0.002289518043301943,0,Robust_UC
2024-09-02 15:00:00,L75,46,48,-1.6543211901587362e-05,0.4187385,3.950726265100382e-05,0,Robust_UC
2024-09-02 15:00:00,L76,46,68,-0.0014237227480763948,0.4384908,0.0032468702834275993,0,Robust_UC
2024-09-02 15:00:00,L77,47,48,-0.0007284045859398958,0.40457519999999997,0.0018004182805567317,0,Robust_UC
2024-09-02 15:00:00,L78,48,49,-0.0007606845027154155,0.39897134999999995,0.001906614353926455,0,Robust_UC
2024-09-02 15:00:00,L79,48,50,-0.0009426530494832108,0.40236885000000006,0.002342758514937751,0,Robust_UC
2024-09-02 15:00:00,L80,48,53,-0.001191696692096622,0.3954167999999999,0.003013773547549377,0,Robust_UC
2024-09-02 15:00:00,L81,48,53,-0.001191696692096622,0.3954167999999999,0.003013773547549377,0,Robust_UC
2024-09-02 15:00:00,L82,48,65,-0.0022176869801480703,0.39777435,0.005575238775823706,0,Robust_UC
2024-09-02 15:00:00,L83,48,65,-0.0022176869801480703,0.39777435,0.005575238775823706,0,Robust_UC
2024-09-02 15:00:00,L84,48,68,-0.0014071795361748074,0.4296312,0.0032753197071693292,0,Robust_UC
2024-09-02 15:00:00,L85,49,56,-0.0005707462301015771,0.3910211999999999,0.0014596298873349508,0,Robust_UC
2024-09-02 15:00:00,L86,50,51,-0.00027295282015164096,0.3955477499999999,0.0006900628815399431,0,Robust_UC
2024-09-02 15:00:00,L87,50,57,-0.00047976195671768987,0.39069719999999997,0.0012279636422213671,0,Robust_UC
2024-09-02 15:00:00,L88,51,52,-8.30145475378026e-05,0.39259799999999995,0.0002114492369747238,0,Robust_UC
2024-09-02 15:00:00,L89,52,53,0.00010692372507603576,0.3896531999999999,0.00027440740914237526,0,Robust_UC
2024-09-02 15:00:00,L90,53,54,-0.0005691174147792744,0.39000644999999995,0.0014592512887396463,0,Robust_UC
2024-09-02 15:00:00,L91,53,55,-0.0005205419982081128,0.3958191,0.001315100757411941,0,Robust_UC
2024-09-02 15:00:00,L92,53,58,-0.0009968719735159448,0.39852405,0.0025014098233618392,0,Robust_UC
2024-09-02 15:00:00,L93,54,55,4.85754165711616e-05,0.4016862,0.00012092876621392918,0,Robust_UC
2024-09-02 15:00:00,L94,54,58,-0.00042775455873667045,0.4043151,0.0010579732459575972,0,Robust_UC
2024-09-02 15:00:00,L95,55,56,0.00038080795748773877,0.3986478,0.0009552491133470165,0,Robust_UC
2024-09-02 15:00:00,L96,55,57,0.0002898236841038515,0.39793725,0.0007283150398809146,0,Robust_UC
2024-09-02 15:00:00,L97,55,58,-0.00047632997530783205,0.4030442999999999,0.0011818303231377596,0,Robust_UC
2024-09-02 15:00:00,L98,55,58,-0.00047632997530783205,0.4030442999999999,0.0011818303231377596,0,Robust_UC
2024-09-02 15:00:00,L99,58,59,-0.0004484346697326558,0.40467014999999995,0.0011081486235954292,0,Robust_UC
2024-09-02 15:00:00,L100,58,60,-0.000725946783908582,0.4054855499999999,0.0017903148063071106,0,Robust_UC
2024-09-02 15:00:00,L101,59,60,-0.00027751211417592625,0.40244399999999997,0.0006895670308811319,0,Robust_UC
2024-09-02 15:00:00,L102,59,61,1.901571705686944e-05,0.39771765000000003,4.7812102522655054e-05,0,Robust_UC
2024-09-02 15:00:00,L103,60,61,0.0002965278312327957,0.40714334999999996,0.0007283130898068106,0,Robust_UC
2024-09-02 15:00:00,L104,61,65,0.00040030063814028294,0.3972222,0.0010077499146328754,0,Robust_UC
2024-09-02 15:00:00,L105,61,66,0.00010518118276321362,0.39332924999999996,0.0002674125627911314,0,Robust_UC
2024-09-02 15:00:00,L106,62,58,0.0010129667566129623,0.39946275,0.0025358228185555784,0,Robust_UC
2024-09-02 15:00:00,L107,62,63,-0.0008230284839991233,0.41746949999999994,0.001971469733714974,0,Robust_UC
2024-09-02 15:00:00,L108,63,60,0.0011100484567035053,0.41296904999999995,0.002687970095346141,0,Robust_UC
2024-09-02 15:00:00,L109,63,64,-0.0017431386680887896,0.43310475000000004,0.004024750751610988,0,Robust_UC
2024-09-02 15:00:00,L110,64,65,0.0035500155941653455,0.40997745,0.008659050867713201,0,Robust_UC
2024-09-02 15:00:00,L111,64,67,0.0015830634661262012,0.4259655,0.003716412399892013,0,Robust_UC
2024-09-02 15:00:00,L112,65,66,-0.000295119455377052,0.3897558,0.0007571906700992056,0,Robust_UC
2024-09-02 15:00:00,L113,67,68,0.0027774595720122504,0.42175935,0.006585413155659147,0,Robust_UC
2024-09-02 15:00:00,L114,68,69,0.00274901324207244,0.4676526,0.005878323443668313,0,Robust_UC
2024-09-02 15:00:00,L115,68,74,3.199689147953544e-05,0.46387259999999997,6.897775699520826e-05,0,Robust_UC
2024-09-02 15:00:00,L116,68,76,-0.002644514573177048,0.46089945,0.005737725599752936,0,Robust_UC
2024-09-02 15:00:00,L117,69,70,0.001539938453453433,0.48076784999999994,0.003203081182432297,0,Robust_UC
2024-09-02 15:00:00,L118,69,73,-0.0014534773116033801,0.46896209999999994,0.0030993492045591326,0,Robust_UC
2024-09-02 15:00:00,L119,69,74,-0.0027170163505929046,0.4695489,0.005786439603187026,0,Robust_UC
2024-09-02 15:00:00,L120,70,71,0.0019198149986811106,0.4724307,0.0040636965351343824,0,Robust_UC
2024-09-02 15:00:00,L121,70,72,-0.00018993827261383836,0.47952539999999994,0.0003960963749028485,0,Robust_UC
2024-09-02 15:00:00,L122,73,74,-0.0012635390389895418,0.46119104999999994,0.0027397301812113264,0,Robust_UC
2024-09-02 15:00:00,L123,74,76,-0.0026765114646565835,0.4539825,0.005895626956229774,0,Robust_UC
2024-09-02 15:00:00,L124,74,117,-0.0010821087608326994,0.45529604999999995,0.002376714581276731,0,Robust_UC
2024-09-02 15:00:00,L125,75,76,-0.0007022322156050228,0.45588735,0.0015403634595367096,0,Robust_UC
2024-09-02 15:00:00,L126,75,117,0.0008921704882188611,0.45673109999999995,0.0019533823911243647,0,Robust_UC
2024-09-02 15:00:00,L127,76,77,-0.0007139535551265615,0.45733409999999997,0.0015611203169117753,0,Robust_UC
2024-09-02 15:00:00,L128,76,79,-0.0015720458475381727,0.46158479999999996,0.0034057573982899194,0,Robust_UC
2024-09-02 15:00:00,L129,76,79,-0.0015720458475381727,0.46158479999999996,0.0034057573982899194,0,Robust_UC
2024-09-02 15:00:00,L130,76,81,-0.0019752747306215936,0.4439799,0.004449018369123453,0,Robust_UC
2024-09-02 15:00:00,L131,77,78,-0.0005240152825127231,0.46037205,0.0011382430417153325,0,Robust_UC
2024-09-02 15:00:00,L132,78,79,-0.0003340770098988847,0.4680846,0.0007137107477983354,0,Robust_UC
2024-09-02 15:00:00,L133,79,95,-0.0009076553780322238,0.45877815,0.001978418933055604,0,Robust_UC
2024-09-02 15:00:00,L134,79,96,-0.0005487968253230398,0.4622265,0.0011872898358770859,0,Robust_UC
2024-09-02 15:00:00,L135,79,97,-0.001228179758525589,0.45446895,0.0027024503181693467,0,Robust_UC
2024-09-02 15:00:00,L136,79,98,-0.001228179758525589,0.45136889999999996,0.002721011036705429,0,Robust_UC
2024-09-02 15:00:00,L137,80,67,0.0008145195606583717,0.42432525,0.001919564203776164,0,Robust_UC
2024-09-02 15:00:00,L138,80,79,-0.0006245812880445326,0.4447107,0.001404466517321334,0,Robust_UC
2024-09-02 15:00:00,L139,81,82,-0.0012809099630589414,0.41420925,0.003092422400173201,0,Robust_UC
2024-09-02 15:00:00,L140,81,95,-0.0005044264949488139,0.43829415000000005,0.001150885757769785,0,Robust_UC
2024-09-02 15:00:00,L141,82,83,-0.0004269699876863105,0.39458204999999996,0.001082081629628896,0,Robust_UC
2024-09-02 15:00:00,L142,82,84,-0.0006640017027587652,0.3999167999999999,0.0016603496096157136,0,Robust_UC
2024-09-02 15:00:00,L143,83,84,-0.00023703171507247212,0.39645810000000004,0.0005978733063404987,0,Robust_UC
2024-09-02 15:00:00,L144,84,85,-0.0003798765452276767,0.3914244,0.0009704978668362951,0,Robust_UC
2024-09-02 15:00:00,L145,84,87,-0.00017371895753444735,0.39516345,0.00043961291848840613,0,Robust_UC
2024-09-02 15:00:00,L146,84,88,-0.000157499642455039,0.4019147999999999,0.0003918732090857043,0,Robust_UC
2024-09-02 15:00:00,L147,86,85,0.0001899382726138391,0.39086639999999995,0.0004859416737121408,0,Robust_UC
2024-09-02 15:00:00,L148,87,88,1.6219315079391006e-05,0.4042053,4.012642852379968e-05,0,Robust_UC
2024-09-02 15:00:00,L149,88,89,-9.091430753709329e-05,0.40541309999999997,0.00022425103564017366,0,Robust_UC
2024-09-02 15:00:00,L150,88,89,-9.091430753709329e-05,0.40541309999999997,0.00022425103564017366,0,Robust_UC
2024-09-02 15:00:00,L151,88,91,0.00011524328015605212,0.4205952,0.00027400046447522965,0,Robust_UC
2024-09-02 15:00:00,L152,88,91,0.00011524328015605212,0.4205952,0.00027400046447522965,0,Robust_UC
2024-09-02 15:00:00,L153,89,90,8.109657539651782e-06,0.4110435,1.972943870819459e-05,0,Robust_UC
2024-09-02 15:00:00,L154,90,91,0.00019804793015349014,0.4120173,0.0004806786757582513,0,Robust_UC
2024-09-02 15:00:00,L155,91,92,0.00015105729135398913,0.42888149999999997,0.00035221218764154935,0,Robust_UC
2024-09-02 15:00:00,L156,91,93,0.000492052855321834,0.43883415,0.0011212729349387098,0,Robust_UC
2024-09-02 15:00:00,L157,91,99,0.00012397566676292104,0.44392455,0.000279271932049987,0,Robust_UC
2024-09-02 15:00:00,L158,91,101,-0.00014861305035953135,0.42955829999999995,0.000345967125671955,0,Robust_UC
2024-09-02 15:00:00,L159,92,93,0.0003409955639678275,0.42974144999999997,0.0007934900484182466,0,Robust_UC
2024-09-02 15:00:00,L160,93,94,0.00040037520261616485,0.43766505,0.0009147982061079925,0,Robust_UC
2024-09-02 15:00:00,L161,93,95,0.0009906886778461854,0.44072775,0.0022478472885952504,0,Robust_UC
2024-09-02 15:00:00,L162,93,99,-0.0003680771885589129,0.43965765,0.0008371904561626823,0,Robust_UC
2024-09-02 15:00:00,L163,94,95,0.0005903134752300032,0.44839035,0.0013165169036978678,0,Robust_UC
2024-09-02 15:00:00,L164,95,96,0.0003588585527092014,0.448173,0.0008007143507288512,0,Robust_UC
2024-09-02 15:00:00,L165,97,99,-0.0010382414859117506,0.44912655,0.0023116902928846015,0,Robust_UC
2024-09-02 15:00:00,L166,98,99,-0.0010382414859117506,0.45188685000000006,0.002297569592723821,0,Robust_UC
2024-09-02 15:00:00,L167,99,100,-0.00023126349486814538,0.43812359999999995,0.0005278498918299434,0,Robust_UC
2024-09-02 15:00:00,L168,99,102,-0.0007230753550538371,0.43870275000000003,0.0016482124970810808,0,Robust_UC
2024-09-02 15:00:00,L169,99,103,-0.0005750544943272651,0.43720425000000007,0.0013152994151526775,0,Robust_UC
2024-09-02 15:00:00,L170,99,105,-0.0006012528767565418,0.43469955,0.0013831458458066998,0,Robust_UC
2024-09-02 15:00:00,L171,100,101,-4.1325222254307015e-05,0.4286331,9.641164495767362e-05,0,Robust_UC
2024-09-02 15:00:00,L172,102,103,0.00014802086072657206,0.43662375000000003,0.00033901238933194095,0,Robust_UC
2024-09-02 15:00:00,L173,102,104,-8.907450025996688e-05,0.44366490000000003,0.0002007697707435654,0,Robust_UC
2024-09-02 15:00:00,L174,102,109,-0.0005920834429065103,0.44718525,0.0013240227465161482,0,Robust_UC
2024-09-02 15:00:00,L175,103,104,-0.00023709536098653894,0.44274915,0.000535507207606246,0,Robust_UC
2024-09-02 15:00:00,L176,104,105,0.0002108969785573067,0.43414425,0.00048577627955986223,0,Robust_UC
2024-09-02 15:00:00,L177,104,106,1.0479352971725503e-05,0.43364069999999993,2.416598112613854e-05,0,Robust_UC
2024-09-02 15:00:00,L178,104,107,-0.00035760792016268153,0.43805879999999997,0.0008163468469590876,0,Robust_UC
2024-09-02 15:00:00,L179,105,106,-0.00020041762558556386,0.42798780000000003,0.0004682788284749328,0,Robust_UC
2024-09-02 15:00:00,L180,107,108,-0.00016766964754884317,0.434223,0.00038613718653512864,0,Robust_UC
2024-09-02 15:00:00,L181,108,109,2.226862506499519e-05,0.44085509999999994,5.051234536017661e-05,0,Robust_UC
2024-09-02 15:00:00,L182,109,110,-0.0001899382726138391,0.45429659999999994,0.00041809309735938837,0,Robust_UC
2024-09-02 15:00:00,L183,109,111,-0.00018993827261383836,0.44702910000000007,0.00042489017518957566,0,Robust_UC
2024-09-02 15:00:00,L184,113,114,0.006206500744264339,0.45772335,0.013559502140898731,0,Robust_UC
2024-09-02 15:00:00,L185,115,67,0.00018993827261383836,0.41683365,0.00045566924026848205,0,Robust_UC
2024-09-02 16:00:00,L0,0,1,0.03279079930161853,0.45718064999999997,0.07172394391936433,0,Robust_UC
2024-09-02 16:00:00,L1,0,2,0.11407985025487434,0.46512495,0.24526710565596266,0,Robust_UC
2024-09-02 16:00:00,L2,1,11,0.1733877782015771,0.4639608,0.3737121287004788,0,Robust_UC
2024-09-02 16:00:00,L3,2,4,0.12207809009179955,0.47935529999999993,0.25467140989533144,0,Robust_UC
2024-09-02 16:00:00,L4,2,11,0.0920987272483213,0.47404710000000005,0.19428180712068757,0,Robust_UC
2024-09-02 16:00:00,L5,3,4,-0.010245811246839412,0.48887865,0.02095778010931631,0,Robust_UC
2024-09-02 16:00:00,L6,3,10,0.010342778332085892,0.48115889999999994,0.021495556524229093,0,Robust_UC
2024-09-02 16:00:00,L7,4,5,0.000985351143178638,0.4736699999999999,0.002080248154155083,0,Robust_UC
2024-09-02 16:00:00,L8,4,10,0.020588589578925304,0.4689422999999999,0.04390431312962236,0,Robust_UC
2024-09-02 16:00:00,L9,5,6,0.0010823182284251179,0.47463750000000005,0.002280304924126555,0,Robust_UC
2024-09-02 16:00:00,L10,6,11,-0.032047032215082,0.46125135000000006,0.06947845727732177,0,Robust_UC
2024-09-02 16:00:00,L11,7,4,-0.09035530520810264,0.46494315,0.1943362434914949,0,Robust_UC
2024-09-02 16:00:00,L12,7,8,-0.0001939341704929618,0.47818215000000003,0.00040556547435524685,0,Robust_UC
2024-09-02 16:00:00,L13,7,29,0.057419888935088495,0.4767741,0.1204341614510698,0,Robust_UC
2024-09-02 16:00:00,L14,8,9,-9.69670852464809e-05,0.4640742,0.00020894737360206816,0,Robust_UC
2024-09-02 16:00:00,L15,10,11,-0.050567952422403535,0.46967895,0.10766493244460612,0,Robust_UC
2024-09-02 16:00:00,L16,10,12,0.04836996988990762,0.4599243,0.10516941568407587,0,Robust_UC
2024-09-02 16:00:00,L17,11,13,0.07365394610110938,0.4556205,0.16165634799380052,0,Robust_UC
2024-09-02 16:00:00,L18,11,15,0.10941150888179646,0.45897435,0.23838262177787597,0,Robust_UC
2024-09-02 16:00:00,L19,11,116,-9.696708524648164e-05,0.45655065,0.00021239064109640767,0,Robust_UC
2024-09-02 16:00:00,L20,12,14,0.0484669369751541,0.45675720000000003,0.10611094247699673,0,Robust_UC
2024-09-02 16:00:00,L21,13,14,0.07375091318635586,0.45888344999999997,0.16071818058889653,0,Robust_UC
2024-09-02 16:00:00,L22,14,16,0.03828880803262165,0.46249155,0.08278812452383541,0,Robust_UC
2024-09-02 16:00:00,L23,14,18,0.04390371138898361,0.4453065,0.09859211888661766,0,Robust_UC
2024-09-02 16:00:00,L24,14,32,0.040122297825151185,0.44008605,0.09116921071492992,0,Robust_UC
2024-09-02 16:00:00,L25,15,16,0.07628215843828934,0.4610817,0.16544173936699144,0,Robust_UC
2024-09-02 16:00:00,L26,16,17,0.01937212689993508,0.45485459999999994,0.04258971306420795,0,Robust_UC
2024-09-02 16:00:00,L27,16,30,0.04084268969479524,0.4581693,0.08914322652084118,0,Robust_UC
2024-09-02 16:00:00,L28,16,112,0.029165909766090153,0.45823545,0.06364830518042669,0,Robust_UC
2024-09-02 16:00:00,L29,17,18,-0.013757223543572034,0.450027,0.030569773688183227,0,Robust_UC
2024-09-02 16:00:00,L30,18,19,0.026612271096837593,0.44684235000000005,0.059556286678819924,0,Robust_UC
2024-09-02 16:00:00,L31,18,33,0.0036311838338212174,0.43447274999999996,0.008357679126760465,0,Robust_UC
2024-09-02 16:00:00,L32,19,20,0.026709238182084073,0.44889165,0.05950041214195914,0,Robust_UC
2024-09-02 16:00:00,L33,20,21,0.02680620526733056,0.4478571,0.05985437155586137,0,Robust_UC
2024-09-02 16:00:00,L34,21,22,-0.006323145176176553,0.44536679999999995,0.01419761234150492,0,Robust_UC
2024-09-02 16:00:00,L35,22,23,-0.0003513047545841523,0.44873865,0.0007828716215644725,0,Robust_UC
2024-09-02 16:00:00,L36,22,24,-0.01811050475608747,0.46183050000000003,0.03921461392456208,0,Robust_UC
2024-09-02 16:00:00,L37,22,31,-0.02099068610901207,0.45421199999999995,0.046213411598575276,0,Robust_UC
2024-09-02 16:00:00,L38,23,69,-0.025013524313321968,0.45931230000000006,0.05445864243853684,0,Robust_UC
2024-09-02 16:00:00,L39,23,71,-0.008467130884769296,0.4599009,0.018410772592028623,0,Robust_UC
2024-09-02 16:00:00,L40,24,26,0.016658985023661924,0.47735999999999995,0.034898158671991635,0,Robust_UC
2024-09-02 16:00:00,L41,25,24,0.03467252269450291,0.46950525,0.07384906280494821,0,Robust_UC
2024-09-02 16:00:00,L42,25,29,-0.03457555560925643,0.49041270000000003,0.07050297761305209,0,Robust_UC
2024-09-02 16:00:00,L43,26,27,0.009678823500850042,0.4620879,0.020945849265583544,0,Robust_UC
2024-09-02 16:00:00,L44,26,31,-0.01953916637658648,0.46563795,0.04196214328446914,0,Robust_UC
2024-09-02 16:00:00,L45,26,114,-0.006610022544108642,0.46550745000000004,0.0141996063523981,0,Robust_UC
2024-09-02 16:00:00,L46,27,28,-0.023450526942657073,0.4483323000000001,0.05230612860741256,0,Robust_UC
2024-09-02 16:00:00,L47,28,30,-0.023353559857410593,0.45279359999999996,0.05157661207537075,0,Robust_UC
2024-09-02 16:00:00,L48,29,16,0.00793911033341672,0.43184340000000004,0.01838423450124911,0,Robust_UC
2024-09-02 16:00:00,L49,29,37,0.015002190077661823,0.45085634999999996,0.03327487807959636,0,Robust_UC
2024-09-02 16:00:00,L50,30,31,0.017586096922631134,0.46224135,0.03804526990636198,0,Robust_UC
2024-09-02 16:00:00,L51,31,112,-0.029262876851336633,0.4596003,0.06367027360803862,0,Robust_UC
2024-09-02 16:00:00,L52,31,113,0.006416088373615679,0.4587453,0.013986166994224634,0,Robust_UC
2024-09-02 16:00:00,L53,32,36,0.006992947381644069,0.44337555,0.01577206361885329,0,Robust_UC
2024-09-02 16:00:00,L54,33,35,-0.0002368504239165098,0.4240296,0.0005585704958250787,0,Robust_UC
2024-09-02 16:00:00,L55,33,36,-0.00041965001601008967,0.439407,0.000955037166021683,0,Robust_UC
2024-09-02 16:00:00,L56,33,42,0.004384651358994297,0.42826275,0.010238227254166505,0,Robust_UC
2024-09-02 16:00:00,L57,34,35,0.0001398833386700299,0.41669639999999997,0.0003356960575374059,0,Robust_UC
2024-09-02 16:00:00,L58,34,36,-4.291625342354999e-05,0.43463609999999997,9.874065551285315e-05,0,Robust_UC
2024-09-02 16:00:00,L59,36,38,0.0027645795140463503,0.4179312,0.0066149153593853495,0,Robust_UC
2024-09-02 16:00:00,L60,36,39,0.005626126113338792,0.42110369999999997,0.013360429066139273,0,Robust_UC
2024-09-02 16:00:00,L61,37,36,0.0017633574299282424,0.42873479999999997,0.004112932819841642,0,Robust_UC
2024-09-02 16:00:00,L62,37,64,0.013335799732980063,0.4476339,0.029791755568512716,0,Robust_UC
2024-09-02 16:00:00,L63,38,39,0.00286154659929283,0.41823045000000003,0.006842033140563606,0,Robust_UC
2024-09-02 16:00:00,L64,39,40,0.0028292242375438648,0.40557600000000005,0.00697581769518873,0,Robust_UC
2024-09-02 16:00:00,L65,39,41,0.005755415560334209,0.40464315,0.01422343504476527,0,Robust_UC
2024-09-02 16:00:00,L66,40,41,0.0029261913227903447,0.39123045,0.007479456987027325,0,Robust_UC
2024-09-02 16:00:00,L67,41,48,0.004389286984185614,0.4087377,0.010738639925276319,0,Robust_UC
2024-09-02 16:00:00,L68,41,48,0.004389286984185614,0.4087377,0.010738639925276319,0,Robust_UC
2024-09-02 16:00:00,L69,42,43,0.004481618444240777,0.40999949999999996,0.010930790023501924,0,Robust_UC
2024-09-02 16:00:00,L70,43,44,0.004578585529487257,0.40325445000000004,0.01135408556430625,0,Robust_UC
2024-09-02 16:00:00,L71,44,45,0.0027692293056074866,0.40862249999999994,0.006776986841418392,0,Robust_UC
2024-09-02 16:00:00,L72,44,48,0.0019063233091262501,0.4070493,0.004683273768377074,0,Robust_UC
2024-09-02 16:00:00,L73,45,46,0.0033461329317178248,0.41366655,0.008088961826180591,0,Robust_UC
2024-09-02 16:00:00,L74,45,47,-0.0004799365408638582,0.4011075,0.0011965284639750145,0,Robust_UC
2024-09-02 16:00:00,L75,46,48,-0.004209038928199016,0.4187385,0.01005171229346959,0,Robust_UC
2024-09-02 16:00:00,L76,46,68,0.0076521389451634225,0.4384908,0.01745108208692958,0,Robust_UC
2024-09-02 16:00:00,L77,47,48,-0.0003829694556173783,0.40457519999999997,0.0009465964686351964,0,Robust_UC
2024-09-02 16:00:00,L78,48,49,-0.0004631488182323766,0.39897134999999995,0.0011608573353258992,0,Robust_UC
2024-09-02 16:00:00,L79,48,50,-0.0005702314462983082,0.40236885000000006,0.0014171858639114537,0,Robust_UC
2024-09-02 16:00:00,L80,48,53,-0.0007612020168555889,0.3954167999999999,0.001925062407200678,0,Robust_UC
2024-09-02 16:00:00,L81,48,53,-0.0007612020168555889,0.3954167999999999,0.001925062407200678,0,Robust_UC
2024-09-02 16:00:00,L82,48,65,-0.0015577687980967661,0.39777435,0.003916212289949732,0,Robust_UC
2024-09-02 16:00:00,L83,48,65,-0.0015577687980967661,0.39777435,0.003916212289949732,0,Robust_UC
2024-09-02 16:00:00,L84,48,68,0.011861177873362438,0.4296312,0.027607813104268124,0,Robust_UC
2024-09-02 16:00:00,L85,49,56,-0.0003661817329858967,0.3910211999999999,0.0009364753956713774,0,Robust_UC
2024-09-02 16:00:00,L86,50,51,-0.00016062394209890676,0.3955477499999999,0.0004060797769647452,0,Robust_UC
2024-09-02 16:00:00,L87,50,57,-0.0003126404189529308,0.39069719999999997,0.0008002115678150006,0,Robust_UC
2024-09-02 16:00:00,L88,51,52,-6.365685685242686e-05,0.39259799999999995,0.0001621425907733276,0,Robust_UC
2024-09-02 16:00:00,L89,52,53,3.331022839405303e-05,0.3896531999999999,8.54868595819386e-05,0,Robust_UC
2024-09-02 16:00:00,L90,53,54,-0.0003722734513293413,0.39000644999999995,0.0009545315246179681,0,Robust_UC
2024-09-02 16:00:00,L91,53,55,-0.0003373431821021011,0.3958191,0.0008522660531088599,0,Robust_UC
2024-09-02 16:00:00,L92,53,58,-0.0006825100866392764,0.39852405,0.001712594476140841,0,Robust_UC
2024-09-02 16:00:00,L93,54,55,3.4930269227240185e-05,0.4016862,8.695909699471923e-05,0,Robust_UC
2024-09-02 16:00:00,L94,54,58,-0.00031023663530993506,0.4043151,0.0007673139967068632,0,Robust_UC
2024-09-02 16:00:00,L95,55,56,0.0002692146477394168,0.3986478,0.0006753195370435176,0,Robust_UC
2024-09-02 16:00:00,L96,55,57,0.00021567333370645092,0.39793725,0.0005419782483455643,0,Robust_UC
2024-09-02 16:00:00,L97,55,58,-0.00034516690453717525,0.4030442999999999,0.0008563994194612734,0,Robust_UC
2024-09-02 16:00:00,L98,55,58,-0.00034516690453717525,0.4030442999999999,0.0008563994194612734,0,Robust_UC
2024-09-02 16:00:00,L99,58,59,-0.00032052369400581426,0.40467014999999995,0.0007920616185943399,0,Robust_UC
2024-09-02 16:00:00,L100,58,60,-0.0005309010277601001,0.4054855499999999,0.0013092970335443525,0,Robust_UC
2024-09-02 16:00:00,L101,59,60,-0.0002103773337542858,0.40244399999999997,0.0005227493359431022,0,Robust_UC
2024-09-02 16:00:00,L102,59,61,-1.3179275005215096e-05,0.39771765000000003,3.313726460270268e-05,0,Robust_UC
2024-09-02 16:00:00,L103,60,61,0.0001971980587490707,0.40714334999999996,0.00048434552289524247,0,Robust_UC
2024-09-02 16:00:00,L104,61,65,0.00021964627440912432,0.3972222,0.000552955686789722,0,Robust_UC
2024-09-02 16:00:00,L105,61,66,6.133959458132221e-05,0.39332924999999996,0.00015594974078668753,0,Robust_UC
2024-09-02 16:00:00,L106,62,58,0.0007346887240116059,0.39946275,0.0018391920748845943,0,Robust_UC
2024-09-02 16:00:00,L107,62,63,-0.000637721638765125,0.41746949999999994,0.0015275885753692788,0,Robust_UC
2024-09-02 16:00:00,L108,63,60,0.000841509335016648,0.41296904999999995,0.0020377055738599495,0,Robust_UC
2024-09-02 16:00:00,L109,63,64,-0.0013822638885352921,0.43310475000000004,0.003191523271299361,0,Robust_UC
2024-09-02 16:00:00,L110,64,65,0.0026406175567101516,0.40997745,0.006440884874790434,0,Robust_UC
2024-09-02 16:00:00,L111,64,67,0.0094098853729811,0.4259655,0.02209072183775705,0,Robust_UC
2024-09-02 16:00:00,L112,65,66,-0.0001583066798278021,0.3897558,0.00040616888787236037,0,Robust_UC
2024-09-02 16:00:00,L113,67,68,0.006649678855188278,0.42175935,0.015766523860557633,0,Robust_UC
2024-09-02 16:00:00,L114,68,69,0.01759619995313732,0.4676526,0.037626648399126446,0,Robust_UC
2024-09-02 16:00:00,L115,68,74,0.007297464378907437,0.46387259999999997,0.01573161333285785,0,Robust_UC
2024-09-02 16:00:00,L116,68,76,0.0013662984269164902,0.46089945,0.0029644175685531633,0,Robust_UC
2024-09-02 16:00:00,L117,69,70,0.008176229629029854,0.48076784999999994,0.017006606471355885,0,Robust_UC
2024-09-02 16:00:00,L118,69,73,-0.00519785132973817,0.46896209999999994,0.01108373433532938,0,Robust_UC
2024-09-02 16:00:00,L119,69,74,-0.01029873557422986,0.4695489,0.02193325460719823,0,Robust_UC
2024-09-02 16:00:00,L120,70,71,0.008370163799522816,0.4724307,0.01771723090714218,0,Robust_UC
2024-09-02 16:00:00,L121,70,72,-9.69670852464799e-05,0.47952539999999994,0.00020221470071549893,0,Robust_UC
2024-09-02 16:00:00,L122,73,74,-0.00510088424449169,0.46119104999999994,0.011060241183109887,0,Robust_UC
2024-09-02 16:00:00,L123,74,76,-0.0059311659519909465,0.4539825,0.013064745782031128,0,Robust_UC
2024-09-02 16:00:00,L124,74,117,-0.0020740224025768694,0.45529604999999995,0.0045553270285935265,0,Robust_UC
2024-09-02 16:00:00,L125,75,76,-0.0018800882320837986,0.45588735,0.004124019304514149,0,Robust_UC
2024-09-02 16:00:00,L126,75,117,0.0019770553173302785,0.45673109999999995,0.004328707454627633,0,Robust_UC
2024-09-02 16:00:00,L127,76,77,-0.0007672100253420464,0.45733409999999997,0.0016775701294568818,0,Robust_UC
2024-09-02 16:00:00,L128,76,79,-0.002010728820286689,0.46158479999999996,0.0043561417539890596,0,Robust_UC
2024-09-02 16:00:00,L129,76,79,-0.002010728820286689,0.46158479999999996,0.0043561417539890596,0,Robust_UC
2024-09-02 16:00:00,L130,76,81,-0.0015593210059957618,0.4439799,0.0035121432434120597,0,Robust_UC
2024-09-02 16:00:00,L131,77,78,-0.0006702429400955648,0.46037205,0.0014558723538832664,0,Robust_UC
2024-09-02 16:00:00,L132,78,79,-0.0005732758548490832,0.4680846,0.0012247270148368118,0,Robust_UC
2024-09-02 16:00:00,L133,79,95,-0.00021132580427479786,0.45877815,0.0004606274389370938,0,Robust_UC
2024-09-02 16:00:00,L134,79,96,-0.0001541464447606406,0.4622265,0.00033348681817386197,0,Robust_UC
2024-09-02 16:00:00,L135,79,97,-0.0005405931938044246,0.45446895,0.0011895052319953311,0,Robust_UC
2024-09-02 16:00:00,L136,79,98,-0.0005405931938044246,0.45136889999999996,0.0011976748814648609,0,Robust_UC
2024-09-02 16:00:00,L137,80,67,-0.002954140688285785,0.42432525,0.0069619724215935425,0,Robust_UC
2024-09-02 16:00:00,L138,80,79,0.003051107773532266,0.4447107,0.006860882307379305,0,Robust_UC
2024-09-02 16:00:00,L139,81,82,-0.000799620302183619,0.41420925,0.0019304742764282038,0,Robust_UC
2024-09-02 16:00:00,L140,81,95,-0.0006627336185657251,0.43829415000000005,0.001512074981073156,0,Robust_UC
2024-09-02 16:00:00,L141,82,83,-0.000266540100727854,0.39458204999999996,0.0006754998123403081,0,Robust_UC
2024-09-02 16:00:00,L142,82,84,-0.00043611311620922466,0.3999167999999999,0.0010905096165232987,0,Robust_UC
2024-09-02 16:00:00,L143,83,84,-0.00016957301548137238,0.39645810000000004,0.0004277198914119105,0,Robust_UC
2024-09-02 16:00:00,L144,84,85,-0.00019393417049296327,0.3914244,0.000495457540441943,0,Robust_UC
2024-09-02 16:00:00,L145,84,87,-0.00013725065373254748,0.39516345,0.0003473262867113532,0,Robust_UC
2024-09-02 16:00:00,L146,84,88,-0.0001775342222186116,0.4019147999999999,0.00044172103694268443,0,Robust_UC
2024-09-02 16:00:00,L147,86,85,9.69670852464809e-05,0.39086639999999995,0.00024808242726026314,0,Robust_UC
2024-09-02 16:00:00,L148,87,88,-4.0283568486065846e-05,0.4042053,9.966115854014246e-05,0,Robust_UC
2024-09-02 16:00:00,L149,88,89,-5.855443474475086e-05,0.40541309999999997,0.00014443153105992595,0,Robust_UC
2024-09-02 16:00:00,L150,88,89,-5.855443474475086e-05,0.40541309999999997,0.00014443153105992595,0,Robust_UC
2024-09-02 16:00:00,L151,88,91,-1.8709179843146018e-06,0.4205952,4.44826280545903e-06,0,Robust_UC
2024-09-02 16:00:00,L152,88,91,-1.8709179843146018e-06,0.4205952,4.44826280545903e-06,0,Robust_UC
2024-09-02 16:00:00,L153,89,90,-2.014178424302009e-05,0.4110435,4.9001588014456104e-05,0,Robust_UC
2024-09-02 16:00:00,L154,90,91,7.682530100346155e-05,0.4120173,0.00018646134762657189,0,Robust_UC
2024-09-02 16:00:00,L155,91,92,6.578954256355844e-05,0.42888149999999997,0.00015339794923203366,0,Robust_UC
2024-09-02 16:00:00,L156,91,93,0.00022854617037360025,0.43883415,0.0005208030650613683,0,Robust_UC
2024-09-02 16:00:00,L157,91,99,-2.0488558057529804e-05,0.44392455,4.61532439634839e-05,0,Robust_UC
2024-09-02 16:00:00,L158,91,101,-0.00010379660459899157,0.42955829999999995,0.00024163566295655695,0,Robust_UC
2024-09-02 16:00:00,L159,92,93,0.00016275662781004008,0.42974144999999997,0.0003787315089341279,0,Robust_UC
2024-09-02 16:00:00,L160,93,94,0.00021344584220497724,0.43766505,0.0004876922253786937,0,Robust_UC
2024-09-02 16:00:00,L161,93,95,0.0005238587696564379,0.44072775,0.001188622158818994,0,Robust_UC
2024-09-02 16:00:00,L162,93,99,-0.00024903472843113006,0.43965765,0.0005664287393410078,0,Robust_UC
2024-09-02 16:00:00,L163,94,95,0.0003104129274514589,0.44839035,0.0006922828010269598,0,Robust_UC
2024-09-02 16:00:00,L164,95,96,5.717935951415898e-05,0.448173,0.00012758323128381,0,Robust_UC
2024-09-02 16:00:00,L165,97,99,-0.00044362610855794293,0.44912655,0.0009877530254177645,0,Robust_UC
2024-09-02 16:00:00,L166,98,99,-0.00044362610855794293,0.45188685000000006,0.000981719447153514,0,Robust_UC
2024-09-02 16:00:00,L167,99,100,-9.01375658939717e-05,0.43812359999999995,0.0002057354725789063,0,Robust_UC
2024-09-02 16:00:00,L168,99,102,-0.00036914366245532904,0.43870275000000003,0.0008414436938344449,0,Robust_UC
2024-09-02 16:00:00,L169,99,103,-0.0002935762098150163,0.43720425000000007,0.0006714852607563085,0,Robust_UC
2024-09-02 16:00:00,L170,99,105,-0.00030695098019388744,0.43469955,0.000706122148490578,0,Robust_UC
2024-09-02 16:00:00,L171,100,101,6.8295193525099345e-06,0.4286331,1.593325236084179e-05,0,Robust_UC
2024-09-02 16:00:00,L172,102,103,7.556745264031273e-05,0.43662375000000003,0.00017307224501716346,0,Robust_UC
2024-09-02 16:00:00,L173,102,104,-4.5474219287966466e-05,0.44366490000000003,0.00010249677017038415,0,Robust_UC
2024-09-02 16:00:00,L174,102,109,-0.0003022698105614313,0.44718525,0.0006759386866213305,0,Robust_UC
2024-09-02 16:00:00,L175,103,104,-0.00012104167192827919,0.44274915,0.0002733865709923536,0,Robust_UC
2024-09-02 16:00:00,L176,104,105,0.00010766690154939695,0.43414425,0.0002479979904130872,0,Robust_UC
2024-09-02 16:00:00,L177,104,106,5.349908151456792e-06,0.43364069999999993,1.2337191023482789e-05,0,Robust_UC
2024-09-02 16:00:00,L178,104,107,-0.00018256561567097686,0.43805879999999997,0.00041676052546136926,0,Robust_UC
2024-09-02 16:00:00,L179,105,106,-0.00010231699339793843,0.42798780000000003,0.00023906521026519545,0,Robust_UC
2024-09-02 16:00:00,L180,107,108,-8.559853042449522e-05,0.434223,0.0001971303464452487,0,Robust_UC
2024-09-02 16:00:00,L181,108,109,1.1368554821986412e-05,0.44085509999999994,2.5787508916164095e-05,0,Robust_UC
2024-09-02 16:00:00,L182,109,110,-9.69670852464809e-05,0.45429659999999994,0.00021344444410651746,0,Robust_UC
2024-09-02 16:00:00,L183,109,111,-9.696708524648164e-05,0.44702910000000007,0.00021691448106282482,0,Robust_UC
2024-09-02 16:00:00,L184,113,114,0.00651305545886216,0.45772335,0.014229240126950397,0,Robust_UC
2024-09-02 16:00:00,L185,115,67,9.696708524648164e-05,0.41683365,0.00023262777668377213,0,Robust_UC
2024-09-02 17:00:00,L0,0,1,0.044426439622933966,0.45718064999999997,0.097174803051997,0,Robust_UC
2024-09-02 17:00:00,L1,0,2,0.1357089954539648,0.46512495,0.29176890092428887,0,Robust_UC
2024-09-02 17:00:00,L2,1,11,0.19456187469983272,0.4639608,0.4193498129579756,0,Robust_UC
2024-09-02 17:00:00,L3,2,4,0.1325651116620618,0.47935529999999993,0.276548755509873,0,Robust_UC
2024-09-02 17:00:00,L4,2,11,0.10327931886880179,0.47404710000000005,0.2178672095426842,0,Robust_UC
2024-09-02 17:00:00,L5,3,4,-0.014793190236032074,0.48887865,0.030259431938850414,0,Robust_UC
2024-09-02 17:00:00,L6,3,10,0.014928625312930856,0.48115889999999994,0.03102639338673951,0,Robust_UC
2024-09-02 17:00:00,L7,4,5,0.02499362668678294,0.4736699999999999,0.05276590598261014,0,Robust_UC
2024-09-02 17:00:00,L8,4,10,0.02972181554896293,0.4689422999999999,0.06338053860563002,0,Robust_UC
2024-09-02 17:00:00,L9,5,6,-0.00976193093108562,0.47463750000000005,0.02056712950638249,0,Robust_UC
2024-09-02 17:00:00,L10,6,11,-0.04451748854895418,0.46125135000000006,0.0965145978411861,0,Robust_UC
2024-09-02 17:00:00,L11,7,4,-0.06319191426718265,0.46494315,0.1359132063074435,0,Robust_UC
2024-09-02 17:00:00,L12,7,8,-0.000270870153797563,0.47818215000000003,0.000566458103460288,0,Robust_UC
2024-09-02 17:00:00,L13,7,29,0.063598219497879,0.4767741,0.1333927734285042,0,Robust_UC
2024-09-02 17:00:00,L14,8,9,-0.0001354350768987815,0.4640742,0.0002918392724671647,0,Robust_UC
2024-09-02 17:00:00,L15,10,11,-0.05900760834222333,0.46967895,0.12563392151643868,0,Robust_UC
2024-09-02 17:00:00,L16,10,12,0.06890249158624856,0.4599243,0.1498126791436081,0,Robust_UC
2024-09-02 17:00:00,L17,11,13,0.09460551277840051,0.4556205,0.20764103629753383,0,Robust_UC
2024-09-02 17:00:00,L18,11,15,0.09998145405285405,0.45897435,0.21783669186056706,0,Robust_UC
2024-09-02 17:00:00,L19,11,116,-0.0001354350768987822,0.45655065,0.0002966485249747913,0,Robust_UC
2024-09-02 17:00:00,L20,12,14,0.03414693396838,0.45675720000000003,0.0747594870280753,0,Robust_UC
2024-09-02 17:00:00,L21,13,14,0.06745152111845193,0.45888344999999997,0.14699052911682026,0,Robust_UC
2024-09-02 17:00:00,L22,14,16,0.0031503165909879255,0.46249155,0.00681161978200018,0,Robust_UC
2024-09-02 17:00:00,L23,14,18,0.031946504959624644,0.4453065,0.07174048651799299,0,Robust_UC
2024-09-02 17:00:00,L24,14,32,0.031746075918350804,0.44008605,0.07213606502262637,0,Robust_UC
2024-09-02 17:00:00,L25,15,16,0.06522589643498548,0.4610817,0.14146277424366546,0,Robust_UC
2024-09-02 17:00:00,L26,16,17,0.014330376645869267,0.45485459999999994,0.03150540116747037,0,Robust_UC
2024-09-02 17:00:00,L27,16,30,0.03864308379037355,0.4581693,0.08434236818218407,0,Robust_UC
2024-09-02 17:00:00,L28,16,112,0.024669611596142275,0.45823545,0.05383610455311189,0,Robust_UC
2024-09-02 17:00:00,L29,17,18,0.014465811722768049,0.450027,0.032144319613641066,0,Robust_UC
2024-09-02 17:00:00,L30,18,19,0.04762313753838812,0.44684235000000005,0.10657704565914157,0,Robust_UC
2024-09-02 17:00:00,L31,18,33,-0.0010753857790966196,0.43447274999999996,0.0024751512703538245,0,Robust_UC
2024-09-02 17:00:00,L32,19,20,0.012867579920519547,0.44889165,0.02866522449352655,0,Robust_UC
2024-09-02 17:00:00,L33,20,21,0.013003014997418329,0.4478571,0.02903384806764999,0,Robust_UC
2024-09-02 17:00:00,L34,21,22,-0.021752542620450233,0.44536679999999995,0.04884185938523086,0,Robust_UC
2024-09-02 17:00:00,L35,22,23,0.003541297732991135,0.44873865,0.00789167087121008,0,Robust_UC
2024-09-02 17:00:00,L36,22,24,-0.028986678035980207,0.46183050000000003,0.0627647546794337,0,Robust_UC
2024-09-02 17:00:00,L37,22,31,-0.031062719935329164,0.45421199999999995,0.06838815340706358,0,Robust_UC
2024-09-02 17:00:00,L38,23,69,-0.023275259836759266,0.45931230000000006,0.05067414880193555,0,Robust_UC
2024-09-02 17:00:00,L39,23,71,-0.00793900004811816,0.4599009,0.017262414681332782,0,Robust_UC
2024-09-02 17:00:00,L40,24,26,0.0015575366283904393,0.47735999999999995,0.0032628134497872455,0,Robust_UC
2024-09-02 17:00:00,L41,25,24,0.030408779587471863,0.46950525,0.06476770938657632,0,Robust_UC
2024-09-02 17:00:00,L42,25,29,-0.03027334451057308,0.49041270000000003,0.061730343668859065,0,Robust_UC
2024-09-02 17:00:00,L43,26,27,0.006673178152507224,0.4620879,0.014441360945627929,0,Robust_UC
2024-09-02 17:00:00,L44,26,31,-0.0036335785277394894,0.46563795,0.007803441553119734,0,Robust_UC
2024-09-02 17:00:00,L45,26,114,-0.001346627919478612,0.46550745000000004,0.002892817117059269,0,Robust_UC
2024-09-02 17:00:00,L46,27,28,0.006808613229406006,0.4483323000000001,0.015186532911873636,0,Robust_UC
2024-09-02 17:00:00,L47,28,30,-0.027946944388462555,0.45279359999999996,0.06172115592725374,0,Robust_UC
2024-09-02 17:00:00,L48,29,16,0.009131423929512786,0.43184340000000004,0.021145220534834582,0,Robust_UC
2024-09-02 17:00:00,L49,29,37,0.02432888613469275,0.45085634999999996,0.05396150267084572,0,Robust_UC
2024-09-02 17:00:00,L50,30,31,0.01083157447880978,0.46224135,0.023432725087900032,0,Robust_UC
2024-09-02 17:00:00,L51,31,112,-0.024805046673041058,0.4596003,0.05397091053474303,0,Robust_UC
2024-09-02 17:00:00,L52,31,113,0.0010757577656810475,0.4587453,0.0023450000810494353,0,Robust_UC
2024-09-02 17:00:00,L53,32,36,-0.0030094816995177576,0.44337555,0.006787658226796127,0,Robust_UC
2024-09-02 17:00:00,L54,33,35,-0.0008469433974637742,0.4240296,0.0019973685739480785,0,Robust_UC
2024-09-02 17:00:00,L55,33,36,-0.002134524961694976,0.439407,0.0048577400034477735,0,Robust_UC
2024-09-02 17:00:00,L56,33,42,0.002041517656960913,0.42826275,0.004766974613040506,0,Robust_UC
2024-09-02 17:00:00,L57,34,35,0.000711508320564992,0.41669639999999997,0.0017074981222899744,0,Robust_UC
2024-09-02 17:00:00,L58,34,36,-0.0005760732436662098,0.43463609999999997,0.0013254150855536617,0,Robust_UC
2024-09-02 17:00:00,L59,36,38,0.0015562451725954496,0.4179312,0.003723687469601335,0,Robust_UC
2024-09-02 17:00:00,L60,36,39,0.003247925422089737,0.42110369999999997,0.007712887400632522,0,Robust_UC
2024-09-02 17:00:00,L61,37,36,0.010388815422665176,0.42873479999999997,0.024231332335665726,0,Robust_UC
2024-09-02 17:00:00,L62,37,64,0.014075505788927078,0.4476339,0.031444235543659854,0,Robust_UC
2024-09-02 17:00:00,L63,38,39,0.0016916802494942318,0.41823045000000003,0.004044851945845243,0,Robust_UC
2024-09-02 17:00:00,L64,39,40,0.001646535223861323,0.40557600000000005,0.004059745211406303,0,Robust_UC
2024-09-02 17:00:00,L65,39,41,0.003428505524621428,0.40464315,0.008472911316110079,0,Robust_UC
2024-09-02 17:00:00,L66,40,41,0.001781970300760105,0.39123045,0.004554784272952438,0,Robust_UC
2024-09-02 17:00:00,L67,41,48,0.002672955451140213,0.4087377,0.006539537339325962,0,Robust_UC
2024-09-02 17:00:00,L68,41,48,0.002672955451140213,0.4087377,0.006539537339325962,0,Robust_UC
2024-09-02 17:00:00,L69,42,43,0.002176952733859695,0.40999949999999996,0.005309647289471561,0,Robust_UC
2024-09-02 17:00:00,L70,43,44,0.0023123878107584772,0.40325445000000004,0.0057343144279213215,0,Robust_UC
2024-09-02 17:00:00,L71,44,45,0.0017638196530799788,0.40862249999999994,0.004316501546243731,0,Robust_UC
2024-09-02 17:00:00,L72,44,48,0.0006840032345773461,0.4070493,0.0016803940814474957,0,Robust_UC
2024-09-02 17:00:00,L73,45,46,0.0025068804776794407,0.41366655,0.006060147908211192,0,Robust_UC
2024-09-02 17:00:00,L74,45,47,-0.0006076257477007074,0.4011075,0.0015148700727378756,0,Robust_UC
2024-09-02 17:00:00,L75,46,48,-0.0035866968961820733,0.4187385,0.008565481550375887,0,Robust_UC
2024-09-02 17:00:00,L76,46,68,0.006229012450760352,0.4384908,0.014205571589552966,0,Robust_UC
2024-09-02 17:00:00,L77,47,48,-0.00047219067080192523,0.40457519999999997,0.0011671270774924545,0,Robust_UC
2024-09-02 17:00:00,L78,48,49,-0.0006348795654726087,0.39897134999999995,0.0015912911177020826,0,Robust_UC
2024-09-02 17:00:00,L79,48,50,-0.000782166631537573,0.40236885000000006,0.001943904533210195,0,Robust_UC
2024-09-02 17:00:00,L80,48,53,-0.0010386531981337321,0.3954167999999999,0.002626730068458731,0,Robust_UC
2024-09-02 17:00:00,L81,48,53,-0.0010386531981337321,0.3954167999999999,0.002626730068458731,0,Robust_UC
2024-09-02 17:00:00,L82,48,65,-0.002107447553446107,0.39777435,0.00529809816406238,0,Robust_UC
2024-09-02 17:00:00,L83,48,65,-0.002107447553446107,0.39777435,0.00529809816406238,0,Robust_UC
2024-09-02 17:00:00,L84,48,68,0.009815709346942425,0.4296312,0.02284682617775996,0,Robust_UC
2024-09-02 17:00:00,L85,49,56,-0.0004994444885738265,0.3910211999999999,0.0012772823789958872,0,Robust_UC
2024-09-02 17:00:00,L86,50,51,-0.0002209305990975019,0.3955477499999999,0.000558543435267934,0,Robust_UC
2024-09-02 17:00:00,L87,50,57,-0.00042580095554134445,0.39069719999999997,0.0010898490072141405,0,Robust_UC
2024-09-02 17:00:00,L88,51,52,-8.54955221987197e-05,0.39259799999999995,0.0002177686136931918,0,Robust_UC
2024-09-02 17:00:00,L89,52,53,4.9939554700062505e-05,0.3896531999999999,0.00012816410772467033,0,Robust_UC
2024-09-02 17:00:00,L90,53,54,-0.0005068417103919476,0.39000644999999995,0.0012995726362780608,0,Robust_UC
2024-09-02 17:00:00,L91,53,55,-0.0004596802675877476,0.3958191,0.0011613392774319068,0,Robust_UC
2024-09-02 17:00:00,L92,53,58,-0.0009254097866893685,0.39852405,0.0023220926985193704,0,Robust_UC
2024-09-02 17:00:00,L93,54,55,4.716144280419998e-05,0.4016862,0.00011740867075891575,0,Robust_UC
2024-09-02 17:00:00,L94,54,58,-0.0004185680762974209,0.4043151,0.0010352521493691947,0,Robust_UC
2024-09-02 17:00:00,L95,55,56,0.00036400941167504436,0.3986478,0.0009131102985518655,0,Robust_UC
2024-09-02 17:00:00,L96,55,57,0.00029036587864256225,0.39793725,0.0007296775525351352,0,Robust_UC
2024-09-02 17:00:00,L97,55,58,-0.00046572951910162086,0.4030442999999999,0.0011555293527327416,0,Robust_UC
2024-09-02 17:00:00,L98,55,58,-0.00046572951910162086,0.4030442999999999,0.0011555293527327416,0,Robust_UC
2024-09-02 17:00:00,L99,58,59,-0.0004329795519056878,0.40467014999999995,0.0010699567336649068,0,Robust_UC
2024-09-02 17:00:00,L100,58,60,-0.0007157896679280129,0.4054855499999999,0.0017652655388780514,0,Robust_UC
2024-09-02 17:00:00,L101,59,60,-0.0002828101160223251,0.40244399999999997,0.0007027315999799354,0,Robust_UC
2024-09-02 17:00:00,L102,59,61,-1.4734358984636042e-05,0.39771765000000003,3.70472846368172e-05,0,Robust_UC
2024-09-02 17:00:00,L103,60,61,0.00026807575703768904,0.40714334999999996,0.000658430886904303,0,Robust_UC
2024-09-02 17:00:00,L104,61,65,0.00030432934226731767,0.3972222,0.0007661438415761195,0,Robust_UC
2024-09-02 17:00:00,L105,61,66,8.444713268426773e-05,0.39332924999999996,0.0002146983289045189,0,Robust_UC
2024-09-02 17:00:00,L106,62,58,0.000991232604457906,0.39946275,0.0024814143608081255,0,Robust_UC
2024-09-02 17:00:00,L107,62,63,-0.0008557975275591244,0.41746949999999994,0.002049964195130721,0,Robust_UC
2024-09-02 17:00:00,L108,63,60,0.001131240464089019,0.41296904999999995,0.002739286307506626,0,Robust_UC
2024-09-02 17:00:00,L109,63,64,-0.001851602914749362,0.43310475000000004,0.0042751849633359176,0,Robust_UC
2024-09-02 17:00:00,L110,64,65,0.003555248478143369,0.40997745,0.008671814701377768,0,Robust_UC
2024-09-02 17:00:00,L111,64,67,0.008804089472932928,0.4259655,0.020668550558514548,0,Robust_UC
2024-09-02 17:00:00,L112,65,66,-0.00021988220958304994,0.3897558,0.0005641537844543941,0,Robust_UC
2024-09-02 17:00:00,L113,67,68,0.006674315905598883,0.42175935,0.015824938808348607,0,Robust_UC
2024-09-02 17:00:00,L114,68,69,0.016052042728105398,0.4676526,0.034324716099312605,0,Robust_UC
2024-09-02 17:00:00,L115,68,74,0.006350203187620362,0.46387259999999997,0.01368954145517619,0,Robust_UC
2024-09-02 17:00:00,L116,68,76,0.00045222686447510263,0.46089945,0.0009811833459013731,0,Robust_UC
2024-09-02 17:00:00,L117,69,70,0.007532694817421815,0.48076784999999994,0.015668050218877606,0,Robust_UC
2024-09-02 17:00:00,L118,69,73,-0.004918637308691909,0.46896209999999994,0.010488347157887407,0,Robust_UC
2024-09-02 17:00:00,L119,69,74,-0.009701839540485035,0.4695489,0.02066204295332187,0,Robust_UC
2024-09-02 17:00:00,L120,70,71,0.007803564971219378,0.4724307,0.01651790404649693,0,Robust_UC
2024-09-02 17:00:00,L121,70,72,-0.0001354350768987822,0.47952539999999994,0.00028243566847299895,0,Robust_UC
2024-09-02 17:00:00,L122,73,74,-0.004783202231793127,0.46119104999999994,0.010371411656390833,0,Robust_UC
2024-09-02 17:00:00,L123,74,76,-0.00589797632314526,0.4539825,0.012991638054650256,0,Robust_UC
2024-09-02 17:00:00,L124,74,117,-0.002101427184613869,0.45529604999999995,0.0046155181548662,0,Robust_UC
2024-09-02 17:00:00,L125,75,76,-0.0018305570308163044,0.45588735,0.004015371408784,0,Robust_UC
2024-09-02 17:00:00,L126,75,117,0.0019659921077150866,0.45673109999999995,0.004304484865854519,0,Robust_UC
2024-09-02 17:00:00,L127,76,77,-0.0008653751605361415,0.45733409999999997,0.001892216566698485,0,Robust_UC
2024-09-02 17:00:00,L128,76,79,-0.002189820250912078,0.46158479999999996,0.004744134232565886,0,Robust_UC
2024-09-02 17:00:00,L129,76,79,-0.002189820250912078,0.46158479999999996,0.004744134232565886,0,Robust_UC
2024-09-02 17:00:00,L130,76,81,-0.0018958557502275816,0.4439799,0.004270138693728211,0,Robust_UC
2024-09-02 17:00:00,L131,77,78,-0.0007299400836373593,0.46037205,0.0015855438739979097,0,Robust_UC
2024-09-02 17:00:00,L132,78,79,-0.0005945050067385771,0.4680846,0.0012700802520283236,0,Robust_UC
2024-09-02 17:00:00,L133,79,95,-0.00042421175667278765,0.45877815,0.0009246555370450569,0,Robust_UC
2024-09-02 17:00:00,L134,79,96,-0.00027982341678578493,0.4622265,0.0006053815970866771,0,Robust_UC
2024-09-02 17:00:00,L135,79,97,-0.0007992982300873974,0.45446895,0.001758752121761888,0,Robust_UC
2024-09-02 17:00:00,L136,79,98,-0.0007992982300873974,0.45136889999999996,0.0017708314199037583,0,Robust_UC
2024-09-02 17:00:00,L137,80,67,-0.0024006437211316085,0.42432525,0.00565755566309478,0,Robust_UC
2024-09-02 17:00:00,L138,80,79,0.00253607879803039,0.4447107,0.005702760914073778,0,Robust_UC
2024-09-02 17:00:00,L139,81,82,-0.0010422444159715349,0.41420925,0.0025162268007571896,0,Robust_UC
2024-09-02 17:00:00,L140,81,95,-0.0007181762573572646,0.43829415000000005,0.0016385713963037482,0,Robust_UC
2024-09-02 17:00:00,L141,82,83,-0.00034741480532382574,0.39458204999999996,0.0008804627714915713,0,Robust_UC
2024-09-02 17:00:00,L142,82,84,-0.0005593945337488693,0.3999167999999999,0.0013987772800464233,0,Robust_UC
2024-09-02 17:00:00,L143,83,84,-0.00021197972842504353,0.39645810000000004,0.0005346838125518019,0,Robust_UC
2024-09-02 17:00:00,L144,84,85,-0.0002708701537975644,0.3914244,0.0006920114172687354,0,Robust_UC
2024-09-02 17:00:00,L145,84,87,-0.00016683470279213464,0.39516345,0.00042219163435316357,0,Robust_UC
2024-09-02 17:00:00,L146,84,88,-0.00019823432868548707,0.4019147999999999,0.0004932247548124307,0,Robust_UC
2024-09-02 17:00:00,L147,86,85,0.0001354350768987815,0.39086639999999995,0.00034649966561152743,0,Robust_UC
2024-09-02 17:00:00,L148,87,88,-3.1399625893352434e-05,0.4042053,7.768237055118386e-05,0,Robust_UC
2024-09-02 17:00:00,L149,88,89,-7.55674449227084e-05,0.40541309999999997,0.0001863961596769034,0,Robust_UC
2024-09-02 17:00:00,L150,88,89,-7.55674449227084e-05,0.40541309999999997,0.0001863961596769034,0,Robust_UC
2024-09-02 17:00:00,L151,88,91,2.8468006082804642e-05,0.4205952,6.768504748224574e-05,0,Robust_UC
2024-09-02 17:00:00,L152,88,91,2.8468006082804642e-05,0.4205952,6.768504748224574e-05,0,Robust_UC
2024-09-02 17:00:00,L153,89,90,-1.5699812946634584e-05,0.4110435,3.8195015726156925e-05,0,Robust_UC
2024-09-02 17:00:00,L154,90,91,0.00011973526395214762,0.4120173,0.00029060737001127777,0,Robust_UC
2024-09-02 17:00:00,L155,91,92,9.768905617732471e-05,0.42888149999999997,0.00022777633490212264,0,Robust_UC
2024-09-02 17:00:00,L156,91,93,0.0003308131892534316,0.43883415,0.0007538455912180755,0,Robust_UC
2024-09-02 17:00:00,L157,91,99,1.4279388362681278e-05,0.44392455,3.216625068985547e-05,0,Robust_UC
2024-09-02 17:00:00,L158,91,101,-0.00013067528077788845,0.42955829999999995,0.00030420848759734936,0,Robust_UC
2024-09-02 17:00:00,L159,92,93,0.0002331241330761069,0.42974144999999997,0.0005424753257478582,0,Robust_UC
2024-09-02 17:00:00,L160,93,94,0.0002934903744068462,0.43766505,0.0006705821595917842,0,Robust_UC
2024-09-02 17:00:00,L161,93,95,0.0007224158257124746,0.44072775,0.0016391430440050002,0,Robust_UC
2024-09-02 17:00:00,L162,93,99,-0.00031653380089075034,0.43965765,0.0007199551762393998,0,Robust_UC
2024-09-02 17:00:00,L163,94,95,0.0004289254513056284,0.44839035,0.000956589389815433,0,Robust_UC
2024-09-02 17:00:00,L164,95,96,0.00014438833988700273,0.448173,0.0003221709917531907,0,Robust_UC
2024-09-02 17:00:00,L165,97,99,-0.0006638631531886152,0.44912655,0.0014781204833885131,0,Robust_UC
2024-09-02 17:00:00,L166,98,99,-0.0006638631531886152,0.45188685000000006,0.0014690915506583454,0,Robust_UC
2024-09-02 17:00:00,L167,99,100,-0.00014019487301967595,0.43812359999999995,0.0003199893204102129,0,Robust_UC
2024-09-02 17:00:00,L168,99,102,-0.0005155873272282285,0.43870275000000003,0.0011752543772023962,0,Robust_UC
2024-09-02 17:00:00,L169,99,103,-0.0004100413707484596,0.43720425000000007,0.0009378714199334968,0,Robust_UC
2024-09-02 17:00:00,L170,99,105,-0.00042872207101041226,0.43469955,0.0009862491714344131,0,Robust_UC
2024-09-02 17:00:00,L171,100,101,-4.7597961208937596e-06,0.4286331,1.110459299781972e-05,0,Robust_UC
2024-09-02 17:00:00,L172,102,103,0.00010554595647976894,0.43662375000000003,0.0002417320552987989,0,Robust_UC
2024-09-02 17:00:00,L173,102,104,-6.351438089036154e-05,0.44366490000000003,0.00014315845335153071,0,Robust_UC
2024-09-02 17:00:00,L174,102,109,-0.000422183825918937,0.44718525,0.0009440915726065137,0,Robust_UC
2024-09-02 17:00:00,L175,103,104,-0.0001690603373701305,0.44274915,0.0003818422629837471,0,Robust_UC
2024-09-02 17:00:00,L176,104,105,0.0001503796371081778,0.43414425,0.0003463817316667854,0,Robust_UC
2024-09-02 17:00:00,L177,104,106,7.472280104697804e-06,0.43364069999999993,1.72315008824075e-05,0,Robust_UC
2024-09-02 17:00:00,L178,104,107,-0.000254991558574974,0.43805879999999997,0.0005820943639871498,0,Robust_UC
2024-09-02 17:00:00,L179,105,106,-0.00014290735700348,0.42798780000000003,0.0003339052117922053,0,Robust_UC
2024-09-02 17:00:00,L180,107,108,-0.00011955648167619182,0.434223,0.00027533429062069907,0,Robust_UC
2024-09-02 17:00:00,L181,108,109,1.5878595222590386e-05,0.44085509999999994,3.6017719251950104e-05,0,Robust_UC
2024-09-02 17:00:00,L182,109,110,-0.0001354350768987815,0.45429659999999994,0.0002981203841252202,0,Robust_UC
2024-09-02 17:00:00,L183,109,111,-0.0001354350768987822,0.44702910000000007,0.0003029670258575609,0,Robust_UC
2024-09-02 17:00:00,L184,113,114,0.0012111928425798297,0.45772335,0.0026461242201863415,0,Robust_UC
2024-09-02 17:00:00,L185,115,67,0.0001354350768987822,0.41683365,0.00032491397203364506,0,Robust_UC
2024-09-02 18:00:00,L0,0,1,0.025927950614889263,0.45718064999999997,0.05671270342454184,0,Robust_UC
2024-09-02 18:00:00,L1,0,2,0.11789449960473738,0.46512495,0.25346844886462744,0,Robust_UC
2024-09-02 18:00:00,L2,1,11,0.17627838953116182,0.4639608,0.3799424208492653,0,Robust_UC
2024-09-02 18:00:00,L3,2,4,0.10091717021928807,0.47935529999999993,0.2105268685238029,0,Robust_UC
2024-09-02 18:00:00,L4,2,11,0.08431184054131369,0.47404710000000005,0.17785540833666882,0,Robust_UC
2024-09-02 18:00:00,L5,3,4,-0.011266455317619849,0.48887865,0.023045504886784987,0,Robust_UC
2024-09-02 18:00:00,L6,3,10,0.011616894233892408,0.48115889999999994,0.024143571352192403,0,Robust_UC
2024-09-02 18:00:00,L7,4,5,-0.0058855488089306724,0.4736699999999999,0.012425420248127754,0,Robust_UC
2024-09-02 18:00:00,L8,4,10,0.02288334955151232,0.4689422999999999,0.04879779356972558,0,Robust_UC
2024-09-02 18:00:00,L9,5,6,-0.005535109892658113,0.47463750000000005,0.01166176269818148,0,Robust_UC
2024-09-02 18:00:00,L10,6,11,-0.005184670976385554,0.46125135000000006,0.011240446182727818,0,Robust_UC
2024-09-02 18:00:00,L11,7,4,-0.07300335307535913,0.46494315,0.15701565465661582,0,Robust_UC
2024-09-02 18:00:00,L12,7,8,-0.0007008778325451164,0.47818215000000003,0.001465713081396109,0,Robust_UC
2024-09-02 18:00:00,L13,7,29,0.07405466982417681,0.4767741,0.1553244394445437,0,Robust_UC
2024-09-02 18:00:00,L14,8,9,-0.0003504389162725582,0.4640742,0.0007551355284835016,0,Robust_UC
2024-09-02 18:00:00,L15,10,11,-0.03948867922948676,0.46967895,0.08407589743906292,0,Robust_UC
2024-09-02 18:00:00,L16,10,12,0.07433936193116406,0.4599243,0.16163390786519446,0,Robust_UC
2024-09-02 18:00:00,L17,11,13,0.07581970719758443,0.4556205,0.16640978006385673,0,Robust_UC
2024-09-02 18:00:00,L18,11,15,0.10427006180491805,0.45897435,0.2271805860282128,0,Robust_UC
2024-09-02 18:00:00,L19,11,116,-0.00035043891627255935,0.45655065,0.0007675794925985964,0,Robust_UC
2024-09-02 18:00:00,L20,12,14,0.03816181215079069,0.45675720000000003,0.08354944848333137,0,Robust_UC
2024-09-02 18:00:00,L21,13,14,0.076170146113857,0.45888344999999997,0.16599017923583212,0,Robust_UC
2024-09-02 18:00:00,L22,14,16,0.020372720518021324,0.46249155,0.04404993024850146,0,Robust_UC
2024-09-02 18:00:00,L23,14,18,0.06340901625106035,0.4453065,0.1423940954175615,0,Robust_UC
2024-09-02 18:00:00,L24,14,32,0.03090066041183854,0.44008605,0.07021504183520141,0,Robust_UC
2024-09-02 18:00:00,L25,15,16,0.0680925120245447,0.4610817,0.14767992749342404,0,Robust_UC
2024-09-02 18:00:00,L26,16,17,0.02134292840838323,0.45485459999999994,0.04692252954764717,0,Robust_UC
2024-09-02 18:00:00,L27,16,30,0.047835385937520236,0.4581693,0.1044054805451178,0,Robust_UC
2024-09-02 18:00:00,L28,16,112,0.028336578364887656,0.45823545,0.06183846833519244,0,Robust_UC
2024-09-02 18:00:00,L29,17,18,0.02169336732465579,0.450027,0.048204590668239435,0,Robust_UC
2024-09-02 18:00:00,L30,18,19,0.06764984705898934,0.44684235000000005,0.15139533452679527,0,Robust_UC
2024-09-02 18:00:00,L31,18,33,0.017802975432999357,0.43447274999999996,0.04097604609955252,0,Robust_UC
2024-09-02 18:00:00,L32,19,20,0.03147229727861598,0.44889165,0.07011112209063364,0,Robust_UC
2024-09-02 18:00:00,L33,20,21,-0.004705252501757386,0.4478571,0.010506146942311254,0,Robust_UC
2024-09-02 18:00:00,L34,21,22,-0.040882802282130745,0.44536679999999995,0.09179580130833899,0,Robust_UC
2024-09-02 18:00:00,L35,22,23,-0.00013945646246446168,0.44873865,0.00031077435042526795,0,Robust_UC
2024-09-02 18:00:00,L36,22,24,-0.03737410595933113,0.46183050000000003,0.0809260236370944,0,Robust_UC
2024-09-02 18:00:00,L37,22,31,-0.03954678964070829,0.45421199999999995,0.08706680942094946,0,Robust_UC
2024-09-02 18:00:00,L38,23,69,-0.026887315765855846,0.45931230000000006,0.058538201058094555,0,Robust_UC
2024-09-02 18:00:00,L39,23,71,-0.00942969047698203,0.4599009,0.0205037443435793,0,Robust_UC
2024-09-02 18:00:00,L40,24,26,-0.0029006972952334707,0.47735999999999995,0.0060765403369228066,0,Robust_UC
2024-09-02 18:00:00,L41,25,24,0.0341229697478251,0.46950525,0.07267856908485071,0,Robust_UC
2024-09-02 18:00:00,L42,25,29,-0.033772530831552544,0.49041270000000003,0.068865530667441,0,Robust_UC
2024-09-02 18:00:00,L43,26,27,-0.003170504281163338,0.4620879,0.006861257957984483,0,Robust_UC
2024-09-02 18:00:00,L44,26,31,0.0007280136138562154,0.46563795,0.0015634756871861827,0,Robust_UC
2024-09-02 18:00:00,L45,26,114,-0.00010776771165382087,0.46550745000000004,0.0002315058795596523,0,Robust_UC
2024-09-02 18:00:00,L46,27,28,-0.0028200653648907787,0.4483323000000001,0.006290123118255763,0,Robust_UC
2024-09-02 18:00:00,L47,28,30,-0.0024696264486182193,0.45279359999999996,0.0054541991066530526,0,Robust_UC
2024-09-02 18:00:00,L48,29,16,0.008699221251952551,0.43184340000000004,0.020144388572229076,0,Robust_UC
2024-09-02 18:00:00,L49,29,37,0.03193335665694419,0.45085634999999996,0.0708282286740426,0,Robust_UC
2024-09-02 18:00:00,L50,30,31,0.009188209708528572,0.46224135,0.019877515736159417,0,Robust_UC
2024-09-02 18:00:00,L51,31,112,-0.028687017281160215,0.4596003,0.06241731626624311,0,Robust_UC
2024-09-02 18:00:00,L52,31,113,-0.0005931101208912978,0.4587453,0.001292896343333213,0,Robust_UC
2024-09-02 18:00:00,L53,32,36,0.0312510993281111,0.44337555,0.07048448956671403,0,Robust_UC
2024-09-02 18:00:00,L54,33,35,0.0054721466679060506,0.4240296,0.012905105369780907,0,Robust_UC
2024-09-02 18:00:00,L55,33,36,-0.01906023194411005,0.439407,0.04337716955831394,0,Robust_UC
2024-09-02 18:00:00,L56,33,42,-0.004786489071169987,0.42826275,0.011176524391089317,0,Robust_UC
2024-09-02 18:00:00,L57,34,35,-0.00582258558417861,0.41669639999999997,0.013973208273886241,0,Robust_UC
2024-09-02 18:00:00,L58,34,36,-0.03035496419619475,0.43463609999999997,0.06983995161974524,0,Robust_UC
2024-09-02 18:00:00,L59,36,38,0.0001269356682476533,0.4179312,0.00030372383839170967,0,Robust_UC
2024-09-02 18:00:00,L60,36,39,0.000604310252767859,0.42110369999999997,0.0014350627951448991,0,Robust_UC
2024-09-02 18:00:00,L61,37,36,0.018544903816936686,0.42873479999999997,0.04325495345126332,0,Robust_UC
2024-09-02 18:00:00,L62,37,64,0.013738891756280014,0.4476339,0.030692250422231237,0,Robust_UC
2024-09-02 18:00:00,L63,38,39,0.00047737458452021264,0.41823045000000003,0.001141415180363392,0,Robust_UC
2024-09-02 18:00:00,L64,39,40,0.00036056161242940116,0.40557600000000005,0.0008890112147400269,0,Robust_UC
2024-09-02 18:00:00,L65,39,41,0.0010715621411313547,0.40464315,0.002648165775526794,0,Robust_UC
2024-09-02 18:00:00,L66,40,41,0.0007110005287019605,0.39123045,0.0018173445566467552,0,Robust_UC
2024-09-02 18:00:00,L67,41,48,0.0010665007930529824,0.4087377,0.002609254769141634,0,Robust_UC
2024-09-02 18:00:00,L68,41,48,0.0010665007930529824,0.4087377,0.002609254769141634,0,Robust_UC
2024-09-02 18:00:00,L69,42,43,-0.004436050154897428,0.40999949999999996,0.010819647718832408,0,Robust_UC
2024-09-02 18:00:00,L70,43,44,-0.004085611238624868,0.40325445000000004,0.010131596163724586,0,Robust_UC
2024-09-02 18:00:00,L71,44,45,-0.0007254640298868797,0.40862249999999994,0.001775389338293608,0,Robust_UC
2024-09-02 18:00:00,L72,44,48,-0.0030097082924655516,0.4070493,0.007393965036828589,0,Robust_UC
2024-09-02 18:00:00,L73,45,46,0.0009423164758113334,0.41366655,0.0022779615025951055,0,Robust_UC
2024-09-02 18:00:00,L74,45,47,-0.0013173415894256121,0.4011075,0.0032842606768150985,0,Robust_UC
2024-09-02 18:00:00,L75,46,48,-0.0032265607383900052,0.4187385,0.007705431285611438,0,Robust_UC
2024-09-02 18:00:00,L76,46,68,0.004519316130473849,0.4384908,0.010306524402504794,0,Robust_UC
2024-09-02 18:00:00,L77,47,48,-0.0009669026731530528,0.40457519999999997,0.002389920769125376,0,Robust_UC
2024-09-02 18:00:00,L78,48,49,-0.0012189406291982737,0.39897134999999995,0.003055208423357401,0,Robust_UC
2024-09-02 18:00:00,L79,48,50,-0.0015196847318724171,0.40236885000000006,0.0037768448821831435,0,Robust_UC
2024-09-02 18:00:00,L80,48,53,-0.0018217164450882728,0.3954167999999999,0.004607079024179735,0,Robust_UC
2024-09-02 18:00:00,L81,48,53,-0.0018217164450882728,0.3954167999999999,0.004607079024179735,0,Robust_UC
2024-09-02 18:00:00,L82,48,65,-0.0030417749096242064,0.39777435,0.007646986060373693,0,Robust_UC
2024-09-02 18:00:00,L83,48,65,-0.0030417749096242064,0.39777435,0.007646986060373693,0,Robust_UC
2024-09-02 18:00:00,L84,48,68,0.007745876868863855,0.4296312,0.018029130260706985,0,Robust_UC
2024-09-02 18:00:00,L85,49,56,-0.0008685017129257145,0.3910211999999999,0.0022211115738116367,0,Robust_UC
2024-09-02 18:00:00,L86,50,51,-0.00045111615401117094,0.3955477499999999,0.001140484692457917,0,Robust_UC
2024-09-02 18:00:00,L87,50,57,-0.0007181296615886498,0.39069719999999997,0.0018380721991062385,0,Robust_UC
2024-09-02 18:00:00,L88,51,52,-0.00010067723773861159,0.39259799999999995,0.0002564384885776586,0,Robust_UC
2024-09-02 18:00:00,L89,52,53,0.00024976167853394776,0.3896531999999999,0.0006409845435221571,0,Robust_UC
2024-09-02 18:00:00,L90,53,54,-0.0008484178029106726,0.39000644999999995,0.0021753942861987867,0,Robust_UC
2024-09-02 18:00:00,L91,53,55,-0.0007837886936888916,0.3958191,0.0019801689551840517,0,Robust_UC
2024-09-02 18:00:00,L92,53,58,-0.0014110257987706154,0.39852405,0.0035406289752666505,0,Robust_UC
2024-09-02 18:00:00,L93,54,55,6.4629109221781e-05,0.4016862,0.0001608945221961347,0,Robust_UC
2024-09-02 18:00:00,L94,54,58,-0.0005626079958599428,0.4043151,0.0013915087412266888,0,Robust_UC
2024-09-02 18:00:00,L95,55,56,0.0005180627966531551,0.3986478,0.0012995501208163073,0,Robust_UC
2024-09-02 18:00:00,L96,55,57,0.00036769074531609047,0.39793725,0.0009239917733665056,0,Robust_UC
2024-09-02 18:00:00,L97,55,58,-0.0006272371050817238,0.4030442999999999,0.0015562485440973211,0,Robust_UC
2024-09-02 18:00:00,L98,55,58,-0.0006272371050817238,0.4030442999999999,0.0015562485440973211,0,Robust_UC
2024-09-02 18:00:00,L99,58,59,-0.0006014304649314406,0.40467014999999995,0.0014862239404894101,0,Robust_UC
2024-09-02 18:00:00,L100,58,60,-0.0009439657415193925,0.4054855499999999,0.0023279886090130527,0,Robust_UC
2024-09-02 18:00:00,L101,59,60,-0.0003425352765879519,0.40244399999999997,0.0008511377398792179,0,Robust_UC
2024-09-02 18:00:00,L102,59,61,9.154372792924415e-05,0.39771765000000003,0.0002301726562279651,0,Robust_UC
2024-09-02 18:00:00,L103,60,61,0.00043407900451719605,0.40714334999999996,0.001066157667851375,0,Robust_UC
2024-09-02 18:00:00,L104,61,65,0.0007008540712368783,0.3972222,0.001764387970352307,0,Robust_UC
2024-09-02 18:00:00,L105,61,66,0.00017520757748216292,0.39332924999999996,0.00044544761794899045,0,Robust_UC
2024-09-02 18:00:00,L106,62,58,0.0013322728820719188,0.39946275,0.0033351617442976067,0,Robust_UC
2024-09-02 18:00:00,L107,62,63,-0.0009818339657993605,0.41746949999999994,0.0023518699349278464,0,Robust_UC
2024-09-02 18:00:00,L108,63,60,0.0013701411063519115,0.41296904999999995,0.003317781577946124,0,Robust_UC
2024-09-02 18:00:00,L109,63,64,-0.002001536155878714,0.43310475000000004,0.004621367361772675,0,Robust_UC
2024-09-02 18:00:00,L110,64,65,0.004506610337984662,0.40997745,0.010992337110210968,0,Robust_UC
2024-09-02 18:00:00,L111,64,67,0.007581184178689419,0.4259655,0.017797648351074016,0,Robust_UC
2024-09-02 18:00:00,L112,65,66,-0.0005256464937547223,0.3897558,0.0013486559885823952,0,Robust_UC
2024-09-02 18:00:00,L113,67,68,0.0077130779377832534,0.42175935,0.01828786472139445,0,Robust_UC
2024-09-02 18:00:00,L114,68,69,0.017276323780691494,0.4676526,0.036942644562847494,0,Robust_UC
2024-09-02 18:00:00,L115,68,74,0.005633852221411495,0.46387259999999997,0.012145257601788714,0,Robust_UC
2024-09-02 18:00:00,L116,68,76,-0.0025814661487087998,0.46089945,0.0056009312849229905,0,Robust_UC
2024-09-02 18:00:00,L117,69,70,0.008378373728164353,0.48076784999999994,0.017427067405119446,0,Robust_UC
2024-09-02 18:00:00,L118,69,73,-0.005996455237776276,0.46896209999999994,0.012786652136230788,0,Robust_UC
2024-09-02 18:00:00,L119,69,74,-0.011642471559279999,0.4695489,0.02479501402150021,0,Robust_UC
2024-09-02 18:00:00,L120,70,71,0.00907925156070947,0.4724307,0.019218165882762213,0,Robust_UC
2024-09-02 18:00:00,L121,70,72,-0.00035043891627255935,0.47952539999999994,0.0007308036576843675,0,Robust_UC
2024-09-02 18:00:00,L122,73,74,-0.005646016321503716,0.46119104999999994,0.012242250411198823,0,Robust_UC
2024-09-02 18:00:00,L123,74,76,-0.008215318370120295,0.4539825,0.018096112449533394,0,Robust_UC
2024-09-02 18:00:00,L124,74,117,-0.0030888783729793243,0.45529604999999995,0.0067843293895901895,0,Robust_UC
2024-09-02 18:00:00,L125,75,76,-0.0023880005404342056,0.45588735,0.005238137317111794,0,Robust_UC
2024-09-02 18:00:00,L126,75,117,0.002738439456706765,0.45673109999999995,0.005995736784087541,0,Robust_UC
2024-09-02 18:00:00,L127,76,77,-0.001564840491572355,0.45733409999999997,0.0034216571464326735,0,Robust_UC
2024-09-02 18:00:00,L128,76,79,-0.003643204725899407,0.46158479999999996,0.007892817800541541,0,Robust_UC
2024-09-02 18:00:00,L129,76,79,-0.003643204725899407,0.46158479999999996,0.007892817800541541,0,Robust_UC
2024-09-02 18:00:00,L130,76,81,-0.003983096199619709,0.4439799,0.00897134352167679,0,Robust_UC
2024-09-02 18:00:00,L131,77,78,-0.0012144015752997956,0.46037205,0.0026378699039174853,0,Robust_UC
2024-09-02 18:00:00,L132,78,79,-0.0008639626590272361,0.4680846,0.0018457404046773513,0,Robust_UC
2024-09-02 18:00:00,L133,79,95,-0.0015196829376914467,0.45877815,0.003312457094330771,0,Robust_UC
2024-09-02 18:00:00,L134,79,96,-0.0009350609269819996,0.4622265,0.0020229496296339557,0,Robust_UC
2024-09-02 18:00:00,L135,79,97,-0.0022128831700779714,0.45446895,0.0048691625029124025,0,Robust_UC
2024-09-02 18:00:00,L136,79,98,-0.0022128831700779714,0.45136889999999996,0.004902604433043507,0,Robust_UC
2024-09-02 18:00:00,L137,80,67,-0.0005689840734512833,0.42432525,0.0013409149548637119,0,Robust_UC
2024-09-02 18:00:00,L138,80,79,0.0009194229897238415,0.4447107,0.0020674631613852366,0,Robust_UC
2024-09-02 18:00:00,L139,81,82,-0.0024528658193759653,0.41420925,0.005921803579654403,0,Robust_UC
2024-09-02 18:00:00,L140,81,95,-0.0011797914639711843,0.43829415000000005,0.0026917800841539503,0,Robust_UC
2024-09-02 18:00:00,L141,82,83,-0.0008176219397919779,0.39458204999999996,0.0020721214758552195,0,Robust_UC
2024-09-02 18:00:00,L142,82,84,-0.0012848049633114034,0.3999167999999999,0.0032126806458528468,0,Robust_UC
2024-09-02 18:00:00,L143,83,84,-0.00046718302351941854,0.39645810000000004,0.001178391924693728,0,Robust_UC
2024-09-02 18:00:00,L144,84,85,-0.0007008778325451187,0.3914244,0.0017905828878964079,0,Robust_UC
2024-09-02 18:00:00,L145,84,87,-0.00035037005142853767,0.39516345,0.0008866458965993379,0,Robust_UC
2024-09-02 18:00:00,L146,84,88,-0.0003503011865845229,0.4019147999999999,0.000871580709604431,0,Robust_UC
2024-09-02 18:00:00,L147,86,85,0.0003504389162725582,0.39086639999999995,0.000896569560014773,0,Robust_UC
2024-09-02 18:00:00,L148,87,88,6.886484402168769e-08,0.4042053,1.7037095758439507e-07,0,Robust_UC
2024-09-02 18:00:00,L149,88,89,-0.0001752022419252805,0.40541309999999997,0.00043215732773627813,0,Robust_UC
2024-09-02 18:00:00,L150,88,89,-0.0001752022419252805,0.40541309999999997,0.00043215732773627813,0,Robust_UC
2024-09-02 18:00:00,L151,88,91,0.00017530553919126168,0.4205952,0.00041680347086999966,0,Robust_UC
2024-09-02 18:00:00,L152,88,91,0.00017530553919126168,0.4205952,0.00041680347086999966,0,Robust_UC
2024-09-02 18:00:00,L153,89,90,3.443242199837552e-08,0.4110435,8.376831648809802e-08,0,Robust_UC
2024-09-02 18:00:00,L154,90,91,0.00035047334869455773,0.4120173,0.000850627749598276,0,Robust_UC
2024-09-02 18:00:00,L155,91,92,0.0002717386789307455,0.42888149999999997,0.000633598508983823,0,Robust_UC
2024-09-02 18:00:00,L156,91,93,0.0008939162741340434,0.43883415,0.0020370253184125334,0,Robust_UC
2024-09-02 18:00:00,L157,91,99,0.00017723047991752283,0.44392455,0.00039923559063701896,0,Robust_UC
2024-09-02 18:00:00,L158,91,101,-0.00029136208963338506,0.42955829999999995,0.0006782829935619568,0,Robust_UC
2024-09-02 18:00:00,L159,92,93,0.0006221775952033048,0.42974144999999997,0.0014477951689400798,0,Robust_UC
2024-09-02 18:00:00,L160,93,94,0.0007442598878514353,0.43766505,0.0017005239231495304,0,Robust_UC
2024-09-02 18:00:00,L161,93,95,0.001838958691975423,0.44072775,0.004172550269356589,0,Robust_UC
2024-09-02 18:00:00,L162,93,99,-0.0007166857942165206,0.43965765,0.0016300996791856585,0,Robust_UC
2024-09-02 18:00:00,L163,94,95,0.0010946988041239947,0.44839035,0.002441396885825029,0,Robust_UC
2024-09-02 18:00:00,L164,95,96,0.0005846220107094402,0.448173,0.0013044561156282065,0,Robust_UC
2024-09-02 18:00:00,L165,97,99,-0.001862444253805412,0.44912655,0.004146813974380744,0,Robust_UC
2024-09-02 18:00:00,L166,98,99,-0.001862444253805412,0.45188685000000006,0.004121483627605919,0,Robust_UC
2024-09-02 18:00:00,L167,99,100,-0.00040951574291173365,0.43812359999999995,0.0009347036838730753,0,Robust_UC
2024-09-02 18:00:00,L168,99,102,-0.0013340847019479574,0.43870275000000003,0.003040976383093011,0,Robust_UC
2024-09-02 18:00:00,L169,99,103,-0.0010609840292666317,0.43720425000000007,0.0024267468334688686,0,Robust_UC
2024-09-02 18:00:00,L170,99,105,-0.001109320431511085,0.43469955,0.002551924499372233,0,Robust_UC
2024-09-02 18:00:00,L171,100,101,-5.9076826639174275e-05,0.4286331,0.000137826095649576,0,Robust_UC
2024-09-02 18:00:00,L172,102,103,0.00027310067268132565,0.43662375000000003,0.0006254828618033847,0,Robust_UC
2024-09-02 18:00:00,L173,102,104,-0.00016434376763124758,0.44366490000000003,0.0003704231901853123,0,Robust_UC
2024-09-02 18:00:00,L174,102,109,-0.00109240269072549,0.44718525,0.0024428415085817117,0,Robust_UC
2024-09-02 18:00:00,L175,103,104,-0.00043744444031257324,0.44274915,0.000988018701588864,0,Robust_UC
2024-09-02 18:00:00,L176,104,105,0.0003891080380681866,0.43414425,0.0008962644053633938,0,Robust_UC
2024-09-02 18:00:00,L177,104,106,1.93345608978171e-05,0.43364069999999993,4.458659184393232e-05,0,Robust_UC
2024-09-02 18:00:00,L178,104,107,-0.0006597918906373068,0.43805879999999997,0.00150617198110689,0,Robust_UC
2024-09-02 18:00:00,L179,105,106,-0.00036977347717037645,0.42798780000000003,0.0008639813498664598,0,Robust_UC
2024-09-02 18:00:00,L180,107,108,-0.00030935297436474746,0.434223,0.0007124288081578992,0,Robust_UC
2024-09-02 18:00:00,L181,108,109,4.1085941907811896e-05,0.44085509999999994,9.319602270181723e-05,0,Robust_UC
2024-09-02 18:00:00,L182,109,110,-0.0003504389162725582,0.45429659999999994,0.0007713879352664278,0,Robust_UC
2024-09-02 18:00:00,L183,109,111,-0.00035043891627255935,0.44702910000000007,0.0007839286441812386,0,Robust_UC
2024-09-02 18:00:00,L184,113,114,-0.00024267120461873848,0.45772335,0.0005301700352816575,0,Robust_UC
2024-09-02 18:00:00,L185,115,67,0.00035043891627255935,0.41683365,0.0008407164735202145,0,Robust_UC
2024-09-02 19:00:00,L0,0,1,0.07505076216472506,0.6095742,0.12311997811706116,0,SCUC
2024-09-02 19:00:00,L1,0,2,0.06637148076999803,0.6201666,0.10702201758365902,0,SCUC
2024-09-02 19:00:00,L2,1,11,0.07505953501800787,0.6186144,0.1213349301568277,0,SCUC
2024-09-02 19:00:00,L3,2,4,0.0826414372105459,0.6391403999999999,0.1293009129301573,0,SCUC
2024-09-02 19:00:00,L4,2,11,0.08373881641273495,0.6320628,0.13248496259032322,0,SCUC
2024-09-02 19:00:00,L5,3,4,-0.013284913628754605,0.6518382,0.020380692062469803,0,SCUC
2024-09-02 19:00:00,L6,3,10,0.013293686482037407,0.6415451999999999,0.020721356004280617,0,SCUC
2024-09-02 19:00:00,L7,4,5,0.00035702021411353316,0.6315599999999999,0.0005652989646487004,0,SCUC
2024-09-02 19:00:00,L8,4,10,0.026578600110792012,0.6252563999999999,0.04250832156342904,0,SCUC
2024-09-02 19:00:00,L9,5,6,0.00036579306739633585,0.63285,0.0005780091133702075,0,SCUC
2024-09-02 19:00:00,L10,6,11,0.00037456592067913855,0.6150018,0.0006090484949460937,0,SCUC
2024-09-02 19:00:00,L11,7,4,-0.04242967611016878,0.6199242,0.06844332921697327,0,SCUC
2024-09-02 19:00:00,L12,7,8,-1.754570656560339e-05,0.6375762,2.7519387589441687e-05,0,SCUC
2024-09-02 19:00:00,L13,7,29,0.04245599467001719,0.6356988,0.06678633760204863,0,SCUC
2024-09-02 19:00:00,L14,8,9,-8.772853282801696e-06,0.6187656,1.4177991282646766e-05,0,SCUC
2024-09-02 19:00:00,L15,10,11,-0.025481220908602997,0.6262386,0.04068931699292091,0,SCUC
2024-09-02 19:00:00,L16,10,12,0.06536228035471522,0.6132324,0.10658647578750768,0,SCUC
2024-09-02 19:00:00,L17,11,13,0.06399097360422654,0.607494,0.10533597632935722,0,SCUC
2024-09-02 19:00:00,L18,11,15,0.06971826854515803,0.6119658,0.11392510585584689,0,SCUC
2024-09-02 19:00:00,L19,11,116,-8.77285328280096e-06,0.6087342,1.4411632010820092e-05,0,SCUC
2024-09-02 19:00:00,L20,12,14,0.03714721879841766,0.6090096,0.06099611368756364,0,SCUC
2024-09-02 19:00:00,L21,13,14,0.06399974645750935,0.6118446,0.1046013096422022,0,SCUC
2024-09-02 19:00:00,L22,14,16,0.011454589881862985,0.6166554,0.018575349995902064,0,SCUC
2024-09-02 19:00:00,L23,14,18,0.051308292295758604,0.593742,0.08641513030198067,0,SCUC
2024-09-02 19:00:00,L24,14,32,0.03839285593158823,0.5867814,0.06542957212275001,0,SCUC
2024-09-02 19:00:00,L25,15,16,0.06972704139844084,0.6147756,0.11341868707613126,0,SCUC
2024-09-02 19:00:00,L26,16,17,0.03403438198509659,0.6064727999999999,0.05611856291839732,0,SCUC
2024-09-02 19:00:00,L27,16,30,0.02580751977718722,0.6108924,0.042245606226542054,0,SCUC
2024-09-02 19:00:00,L28,16,112,0.022896006397552772,0.6109806,0.037474195412346596,0,SCUC
2024-09-02 19:00:00,L29,17,18,0.005819320428799027,0.600036,0.00969828548420266,0,SCUC
2024-09-02 19:00:00,L30,18,19,0.013035131580364425,0.5957898,0.02187874243628277,0,SCUC
2024-09-02 19:00:00,L31,18,33,0.01587741958789563,0.579297,0.027408081843848027,0,SCUC
2024-09-02 19:00:00,L32,19,20,0.01304390443364769,0.5985222,0.021793518157969226,0,SCUC
2024-09-02 19:00:00,L33,20,21,0.013052677286930492,0.5971428,0.02185855257223313,0,SCUC
2024-09-02 19:00:00,L34,21,22,-0.01516238426936702,0.5938224,0.02553353371204424,0,SCUC
2024-09-02 19:00:00,L35,22,23,-0.007362715992290607,0.5983182,0.012305686158787426,0,SCUC
2024-09-02 19:00:00,L36,22,24,-0.017992484036290664,0.615774,0.02921929804813237,0,SCUC
2024-09-02 19:00:00,L37,22,31,-0.018022245797083312,0.6056159999999999,0.02975853642751069,0,SCUC
2024-09-02 19:00:00,L38,23,69,-0.005506684500973051,0.6124164000000001,0.008991732587456917,0,SCUC
2024-09-02 19:00:00,L39,23,71,-0.0018472586380347538,0.6132012,0.0030124837297036498,0,SCUC
2024-09-02 19:00:00,L40,24,26,-0.0025276287943387277,0.6364799999999999,0.003971261931779047,0,SCUC
2024-09-02 19:00:00,L41,25,24,0.015456082388669135,0.626007,0.024689951372219694,0,SCUC
2024-09-02 19:00:00,L42,25,29,-0.015447309535386311,0.6538836,0.023623943979305048,0,SCUC
2024-09-02 19:00:00,L43,26,27,-0.005840572465834498,0.6161172,0.009479645213336843,0,SCUC
2024-09-02 19:00:00,L44,26,31,0.002497867033546032,0.6208506,0.004023298090629262,0,SCUC
2024-09-02 19:00:00,L45,26,114,0.0008238494912325414,0.6206766,0.0013273409876134227,0,SCUC
2024-09-02 19:00:00,L46,27,28,-0.0058317996125516955,0.5977764000000001,0.00975582109389346,0,SCUC
2024-09-02 19:00:00,L47,28,30,-0.005823026759268893,0.6037248,0.00964516739956499,0,SCUC
2024-09-02 19:00:00,L48,29,16,0.0015475040262499418,0.5757912000000001,0.002687613194244618,0,SCUC
2024-09-02 19:00:00,L49,29,37,0.02546995396166372,0.6011418,0.042369294502002226,0,SCUC
2024-09-02 19:00:00,L50,30,31,0.019993265871201128,0.6163218,0.03243965388081539,0,SCUC
2024-09-02 19:00:00,L51,31,112,-0.022904779250835575,0.6128004,0.037377226338030416,0,SCUC
2024-09-02 19:00:00,L52,31,113,-0.0008413951977981433,0.6116604,0.001375592073310849,0,SCUC
2024-09-02 19:00:00,L53,32,36,0.0217436372927017,0.5911674,0.036780846326610196,0,SCUC
2024-09-02 19:00:00,L54,33,35,0.025865322003176133,0.5653728,0.04574914464080361,0,SCUC
2024-09-02 19:00:00,L55,33,36,-0.0070492186593643005,0.585876,0.01203192938328981,0,SCUC
2024-09-02 19:00:00,L56,33,42,-0.002929910902633403,0.571017,0.005131039710960275,0,SCUC
2024-09-02 19:00:00,L57,34,35,0.002349739553121434,0.5555952,0.004229229397808754,0,SCUC
2024-09-02 19:00:00,L58,34,36,-0.030564801109419,0.5795148,0.05274205440382023,0,SCUC
2024-09-02 19:00:00,L59,36,38,-0.0007029692574083358,0.5572416,0.0012615161133130329,0,SCUC
2024-09-02 19:00:00,L60,36,39,-0.0013971656615338688,0.5614716,0.0024883995228500762,0,SCUC
2024-09-02 19:00:00,L61,37,36,0.013761474703857218,0.5716464,0.02407340395016433,0,SCUC
2024-09-02 19:00:00,L62,37,64,0.011717252111089305,0.5968452,0.019631978461231332,0,SCUC
2024-09-02 19:00:00,L63,38,39,-0.0006941964041255331,0.5576406,0.0012448813879863357,0,SCUC
2024-09-02 19:00:00,L64,39,40,-0.000697120688553134,0.540768,0.0012891308075794682,0,SCUC
2024-09-02 19:00:00,L65,39,41,-0.0013854685238234652,0.5395242,0.0025679450964821693,0,SCUC
2024-09-02 19:00:00,L66,40,41,-0.0006883478352703313,0.5216406,0.0013195825541001433,0,SCUC
2024-09-02 19:00:00,L67,41,48,-0.001032521752905476,0.5449836,0.0018945923380180175,0,SCUC
2024-09-02 19:00:00,L68,41,48,-0.0010325217529055177,0.5449836,0.0018945923380180938,0,SCUC
2024-09-02 19:00:00,L69,42,43,-0.0029211380493506,0.546666,0.005343551728753206,0,SCUC
2024-09-02 19:00:00,L70,43,44,-0.0029123651960677975,0.5376726000000001,0.005416614490059187,0,SCUC
2024-09-02 19:00:00,L71,44,45,-0.0008026318932093934,0.5448299999999999,0.001473178593707016,0,SCUC
2024-09-02 19:00:00,L72,44,48,-0.0021009604495756014,0.5427324,0.003871079835247723,0,SCUC
2024-09-02 19:00:00,L73,45,46,-0.00014030833510170204,0.5515554,0.0002543866583514585,0,SCUC
2024-09-02 19:00:00,L74,45,47,-0.0006535507048248887,0.53481,0.0012220240923409972,0,SCUC
2024-09-02 19:00:00,L75,46,48,-0.001158020221265453,0.558318,0.00207412302892877,0,SCUC
2024-09-02 19:00:00,L76,46,68,0.0010264847394465537,0.5846544,0.0017557119889058453,0,SCUC
2024-09-02 19:00:00,L77,47,48,-0.000644777851542086,0.5394336,0.0011952867814353538,0,SCUC
2024-09-02 19:00:00,L78,48,49,-0.0005550560790373853,0.5319617999999999,0.0010434134162215884,0,SCUC
2024-09-02 19:00:00,L79,48,50,-0.0006620464215385748,0.5364918000000001,0.0012340289665910545,0,SCUC
2024-09-02 19:00:00,L80,48,53,-0.0011171844029455203,0.5272223999999999,0.002119000260507749,0,SCUC
2024-09-02 19:00:00,L81,48,53,-0.0011171844029455203,0.5272223999999999,0.002119000260507749,0,SCUC
2024-09-02 19:00:00,L82,48,65,-0.002346531414578066,0.5303658,0.004424364117328203,0,SCUC
2024-09-02 19:00:00,L83,48,65,-0.002346531414578066,0.5303658,0.004424364117328203,0,SCUC
2024-09-02 19:00:00,L84,48,68,0.002184504960711986,0.5728416,0.003813453772756703,0,SCUC
2024-09-02 19:00:00,L85,49,56,-0.0005462832257545826,0.5213615999999999,0.0010478010381941875,0,SCUC
2024-09-02 19:00:00,L86,50,51,-0.00016048551375178445,0.5273969999999999,0.0003042973580657161,0,SCUC
2024-09-02 19:00:00,L87,50,57,-0.0004927880545039878,0.5209296,0.0009459782176017408,0,SCUC
2024-09-02 19:00:00,L88,51,52,-0.00015171266046898175,0.5234639999999999,0.00028982443963478246,0,SCUC
2024-09-02 19:00:00,L89,52,53,-0.00014293980718617906,0.5195375999999999,0.0002751288976701187,0,SCUC
2024-09-02 19:00:00,L90,53,54,-0.000594327153269305,0.5200085999999999,0.001142917931105957,0,SCUC
2024-09-02 19:00:00,L91,53,55,-0.0005216652743182276,0.5277588,0.0009884539572210403,0,SCUC
2024-09-02 19:00:00,L92,53,58,-0.0012525433322068847,0.5313654,0.002357216582424984,0,SCUC
2024-09-02 19:00:00,L93,54,55,7.266187895107741e-05,0.5355816,0.00013566910990048465,0,SCUC
2024-09-02 19:00:00,L94,54,58,-0.0006582161789375797,0.5390868,0.0012209836689334255,0,SCUC
2024-09-02 19:00:00,L95,55,56,0.0005375103724717799,0.5315304,0.001011250480634372,0,SCUC
2024-09-02 19:00:00,L96,55,57,0.0004840152012211851,0.530583,0.0009122327726692809,0,SCUC
2024-09-02 19:00:00,L97,55,58,-0.0007308780578886571,0.5373923999999999,0.0013600453930659557,0,SCUC
2024-09-02 19:00:00,L98,55,58,-0.0007308780578886571,0.5373923999999999,0.0013600453930659557,0,SCUC
2024-09-02 19:00:00,L99,58,59,-0.00045004733138074383,0.5395601999999999,0.0008341003124039614,0,SCUC
2024-09-02 19:00:00,L100,58,60,-0.0009480844139032337,0.5406473999999999,0.0017536094946599835,0,SCUC
2024-09-02 19:00:00,L101,59,60,-0.0004980370825224899,0.536592,0.0009281485421372103,0,SCUC
2024-09-02 19:00:00,L102,59,61,5.676260442454874e-05,0.5302902,0.00010704064382964032,0,SCUC
2024-09-02 19:00:00,L103,60,61,0.0005547996869470443,0.5428578,0.0010219981861678037,0,SCUC
2024-09-02 19:00:00,L104,61,65,0.0004164810475305314,0.5296296,0.0007863628610080165,0,SCUC
2024-09-02 19:00:00,L105,61,66,0.00020385409712386435,0.524439,0.00038870888153601154,0,SCUC
2024-09-02 19:00:00,L106,62,58,0.001965611028354997,0.532617,0.0036904774506915797,0,SCUC
2024-09-02 19:00:00,L107,62,63,-0.0019568381750721953,0.556626,0.003515534982326006,0,SCUC
2024-09-02 19:00:00,L108,63,60,0.0019921483300899654,0.5506253999999999,0.0036179739076511283,0,SCUC
2024-09-02 19:00:00,L109,63,64,-0.003940213651879358,0.577473,0.006823199789218471,0,SCUC
2024-09-02 19:00:00,L110,64,65,0.004055181977936131,0.5466366,0.007418423826608264,0,SCUC
2024-09-02 19:00:00,L111,64,67,0.003730629334556571,0.567954,0.006568541351159726,0,SCUC
2024-09-02 19:00:00,L112,65,66,-0.00021262695040666704,0.5196744,0.0004091541750116362,0,SCUC
2024-09-02 19:00:00,L113,67,68,0.002616048909872548,0.5623458,0.0046520288937386,0,SCUC
2024-09-02 19:00:00,L114,68,69,0.0039023785873315204,0.6235368,0.006258457539846117,0,SCUC
2024-09-02 19:00:00,L115,68,74,0.0016276541127290736,0.6184968,0.002631628995863962,0,SCUC
2024-09-02 19:00:00,L116,68,76,0.0003057787632533785,0.6145326,0.0004975794014074737,0,SCUC
2024-09-02 19:00:00,L117,69,70,0.0018209400781863457,0.6410237999999999,0.0028406746803883815,0,SCUC
2024-09-02 19:00:00,L118,69,73,-0.001141748663942599,0.6252827999999999,0.001825971646657479,0,SCUC
2024-09-02 19:00:00,L119,69,74,-0.002274724474602474,0.6260652,0.0036333667397620475,0,SCUC
2024-09-02 19:00:00,L120,70,71,0.001838485784751951,0.6299076,0.002918659474424425,0,SCUC
2024-09-02 19:00:00,L121,70,72,-8.772853282768e-06,0.6393671999999999,1.3721150041428464e-05,0,SCUC
2024-09-02 19:00:00,L122,73,74,-0.0011329758106597963,0.6149214,0.0018424725674855297,0,SCUC
2024-09-02 19:00:00,L123,74,76,-0.001321875349475695,0.60531,0.0021837989616488988,0,SCUC
2024-09-02 19:00:00,L124,74,117,-0.0004493979697746993,0.6070614,0.0007402842114071152,0,SCUC
2024-09-02 19:00:00,L125,75,76,-0.0004318522632090974,0.6078498,0.0007104588390242086,0,SCUC
2024-09-02 19:00:00,L126,75,117,0.00044062511649189837,0.6089747999999999,0.0007235522988667157,0,SCUC
2024-09-02 19:00:00,L127,76,77,-0.00017276496982981428,0.6097788,0.0002833240018016604,0,SCUC
2024-09-02 19:00:00,L128,76,79,-0.0004919763496410521,0.6154464,0.0007993813102831573,0,SCUC
2024-09-02 19:00:00,L129,76,79,-0.0004919763496410521,0.6154464,0.0007993813102831573,0,SCUC
2024-09-02 19:00:00,L130,76,81,-0.00028245832703580753,0.5919732,0.00047714715300592583,0,SCUC
2024-09-02 19:00:00,L131,77,78,-0.00016399211654701332,0.6138294,0.00026716236880640343,0,SCUC
2024-09-02 19:00:00,L132,78,79,-0.00015521926326421236,0.6241128,0.000248703861327972,0,SCUC
2024-09-02 19:00:00,L133,79,95,4.5565978729755676e-05,0.6117042,7.449021721569947e-05,0,SCUC
2024-09-02 19:00:00,L134,79,96,1.8396562723566046e-05,0.616302,2.9849915664018687e-05,0,SCUC
2024-09-02 19:00:00,L135,79,97,-2.6731333092366513e-05,0.6059586,4.411412445069104e-05,0,SCUC
2024-09-02 19:00:00,L136,79,98,-2.6731333092366513e-05,0.6018252,4.441710498723968e-05,0,SCUC
2024-09-02 19:00:00,L137,80,67,-0.001132126131249626,0.565767,0.002001046599129369,0,SCUC
2024-09-02 19:00:00,L138,80,79,0.0011408989845324276,0.5929476,0.0019241143475956855,0,SCUC
2024-09-02 19:00:00,L139,81,82,-0.00010973342987723352,0.552279,0.00019869201957205238,0,SCUC
2024-09-02 19:00:00,L140,81,95,-0.00016395204387511012,0.5843922,0.00028055138976035293,0,SCUC
2024-09-02 19:00:00,L141,82,83,-3.6577809959077834e-05,0.5261094,6.952510249594065e-05,0,SCUC
2024-09-02 19:00:00,L142,82,84,-6.438276663535471e-05,0.5332223999999999,0.00012074280194409448,0,SCUC
2024-09-02 19:00:00,L143,83,84,-2.7804956676276877e-05,0.5286108,5.260005409703486e-05,0,SCUC
2024-09-02 19:00:00,L144,84,85,-1.754570656560192e-05,0.5218992,3.36189566215122e-05,0,SCUC
2024-09-02 19:00:00,L145,84,87,-2.4880672249121216e-05,0.5268846,4.722224230717925e-05,0,SCUC
2024-09-02 19:00:00,L146,84,88,-4.09884912141075e-05,0.5358863999999999,7.648727643416125e-05,0,SCUC
2024-09-02 19:00:00,L147,86,85,8.772853282801696e-06,0.5211551999999999,1.6833475484465467e-05,0,SCUC
2024-09-02 19:00:00,L148,87,88,-1.6107818966320256e-05,0.5389404,2.9887941164403814e-05,0,SCUC
2024-09-02 19:00:00,L149,88,89,-8.413381382910146e-06,0.5405508,1.5564460144930218e-05,0,SCUC
2024-09-02 19:00:00,L150,88,89,-8.413381382910146e-06,0.5405508,1.5564460144930218e-05,0,SCUC
2024-09-02 19:00:00,L151,88,91,-1.574834706596917e-05,0.5607936,2.8082251769580058e-05,0,SCUC
2024-09-02 19:00:00,L152,88,91,-1.574834706596917e-05,0.5607936,2.8082251769580058e-05,0,SCUC
2024-09-02 19:00:00,L153,89,90,-8.053909482952024e-06,0.548058,1.4695359766579492e-05,0,SCUC
2024-09-02 19:00:00,L154,90,91,7.189437998489367e-07,0.5493564,1.308701964424073e-06,0,SCUC
2024-09-02 19:00:00,L155,91,92,3.0449457455647953e-06,0.571842,5.32480256008617e-06,0,SCUC
2024-09-02 19:00:00,L156,91,93,1.4862744773908e-05,0.5851122,2.5401529439837352e-05,0,SCUC
2024-09-02 19:00:00,L157,91,99,-2.335480071452567e-05,0.5918994,3.945738197154056e-05,0,SCUC
2024-09-02 19:00:00,L158,91,101,-1.6557786854309517e-05,0.5727443999999999,2.890955695823393e-05,0,SCUC
2024-09-02 19:00:00,L159,92,93,1.1817799028365756e-05,0.5729886,2.0624841451236127e-05,0,SCUC
2024-09-02 19:00:00,L160,93,94,2.1632696430237832e-05,0.5835534,3.707063728912869e-05,0,SCUC
2024-09-02 19:00:00,L161,93,95,5.2038246143276624e-05,0.587637,8.855508782339544e-05,0,SCUC
2024-09-02 19:00:00,L162,93,99,-3.821754548843367e-05,0.5862102,6.519426903256489e-05,0,SCUC
2024-09-02 19:00:00,L163,94,95,3.0405549713008462e-05,0.5978538,5.085783466293676e-05,0,SCUC
2024-09-02 19:00:00,L164,95,96,-2.7169416006238935e-05,0.597564,4.546695585115391e-05,0,SCUC
2024-09-02 19:00:00,L165,97,99,-1.7958479809565553e-05,0.5988354,2.9989008347812357e-05,0,SCUC
2024-09-02 19:00:00,L166,98,99,-1.7958479809565553e-05,0.6025158,2.980582386315106e-05,0,SCUC
2024-09-02 19:00:00,L167,99,100,-9.879197112924037e-07,0.5841647999999999,1.6911661080784118e-06,0,SCUC
2024-09-02 19:00:00,L168,99,102,-3.3397344911075855e-05,0.584937,5.7095627240328194e-05,0,SCUC
2024-09-02 19:00:00,L169,99,103,-2.6560569594134825e-05,0.5829390000000001,4.556320574560086e-05,0,SCUC
2024-09-02 19:00:00,L170,99,105,-2.777061832279718e-05,0.5795994,4.7913469756520074e-05,0,SCUC
2024-09-02 19:00:00,L171,100,101,7.784933571508557e-06,0.5715108,1.3621673591310185e-05,0,SCUC
2024-09-02 19:00:00,L172,102,103,6.836775316941023e-06,0.582165,1.1743707225513425e-05,0,SCUC
2024-09-02 19:00:00,L173,102,104,-4.114165677451817e-06,0.5915532,6.954853219375395e-06,0,SCUC
2024-09-02 19:00:00,L174,102,109,-2.73471012677641e-05,0.596247,4.586539012819201e-05,0,SCUC
2024-09-02 19:00:00,L175,103,104,-1.0950940994392844e-05,0.5903322,1.8550472080623155e-05,0,SCUC
2024-09-02 19:00:00,L176,104,105,9.740892265730493e-06,0.578859,1.6827746075867342e-05,0,SCUC
2024-09-02 19:00:00,L177,104,106,4.840194914647666e-07,0.5781875999999999,8.371322585693063e-07,0,SCUC
2024-09-02 19:00:00,L178,104,107,-1.6517165146238967e-05,0.5840784,2.8279020669552182e-05,0,SCUC
2024-09-02 19:00:00,L179,105,106,-9.256872774265727e-06,0.5706504,1.6221617954295183e-05,0,SCUC
2024-09-02 19:00:00,L180,107,108,-7.744311863438007e-06,0.578964,1.3376154412775244e-05,0,SCUC
2024-09-02 19:00:00,L181,108,109,1.0285414193629542e-06,0.5878068,1.749795033611306e-06,0,SCUC
2024-09-02 19:00:00,L182,109,110,-8.772853282801696e-06,0.6057288,1.4483137144546696e-05,0,SCUC
2024-09-02 19:00:00,L183,109,111,-8.772853282823512e-06,0.5960388000000001,1.4718594297591885e-05,0,SCUC
2024-09-02 19:00:00,L184,113,114,-0.0008326223445153423,0.6102978,0.0013642886219077676,0,SCUC
2024-09-02 19:00:00,L185,115,67,8.772853282795756e-06,0.5557782,1.5784809988581338e-05,0,SCUC
2024-09-02 20:00:00,L0,0,1,-0.021542052649576537,0.6095742,0.03533950854477853,0,SCUC
2024-09-02 20:00:00,L1,0,2,0.03330522596041206,0.6201666,0.05370367569039039,0,SCUC
2024-09-02 20:00:00,L2,1,11,0.11345794735042347,0.6186144,0.18340657338468594,0,SCUC
2024-09-02 20:00:00,L3,2,4,0.0746945572199772,0.6391403999999999,0.11686721293158311,0,SCUC
2024-09-02 20:00:00,L4,2,11,0.05861066874043487,0.6320628,0.09272918567654174,0,SCUC
2024-09-02 20:00:00,L5,3,4,-0.004128038159803178,0.6518382,0.006332918444796849,0,SCUC
2024-09-02 20:00:00,L6,3,10,0.004128038159803178,0.6415451999999999,0.006434524270157705,0,SCUC
2024-09-02 20:00:00,L7,4,5,0.022061902392272417,0.6315599999999999,0.034932393426234117,0,SCUC
2024-09-02 20:00:00,L8,4,10,0.008256076319606294,0.6252563999999999,0.013204305177214172,0,SCUC
2024-09-02 20:00:00,L9,5,6,-0.005361296159847442,0.63285,0.008471669684518356,0,SCUC
2024-09-02 20:00:00,L10,6,11,-0.0327844947119673,0.6150018,0.05330796545956012,0,SCUC
2024-09-02 20:00:00,L11,7,4,-0.040248540348295316,0.6199242,0.06492493815904479,0,SCUC
2024-09-02 20:00:00,L12,7,8,0.0,0.6375762,0.0,0,SCUC
2024-09-02 20:00:00,L13,7,29,0.012825341796175458,0.6356988,0.02017518641874966,0,SCUC
2024-09-02 20:00:00,L14,8,9,0.0,0.6187656,0.0,0,SCUC
2024-09-02 20:00:00,L15,10,11,-0.024339964799148656,0.6262386,0.038866918773688905,0,SCUC
2024-09-02 20:00:00,L16,10,12,0.03672407927855813,0.6132324,0.05988607137939569,0,SCUC
2024-09-02 20:00:00,L17,11,13,0.06260566095419237,0.607494,0.10305560376595056,0,SCUC
2024-09-02 20:00:00,L18,11,15,0.052338495625550124,0.6119658,0.08552519703805364,0,SCUC
2024-09-02 20:00:00,L19,11,116,0.0,0.6087342,0.0,0,SCUC
2024-09-02 20:00:00,L20,12,14,0.03672407927855813,0.6090096,0.06030131426262923,0,SCUC
2024-09-02 20:00:00,L21,13,14,0.03518246240207251,0.6118446,0.05750228473385646,0,SCUC
2024-09-02 20:00:00,L22,14,16,0.006888867894835317,0.6166554,0.011171341230183532,0,SCUC
2024-09-02 20:00:00,L23,14,18,0.02149372750169249,0.593742,0.03620044986154338,0,SCUC
2024-09-02 20:00:00,L24,14,32,0.016100747731982973,0.5867814,0.027439090148363553,0,SCUC
2024-09-02 20:00:00,L25,15,16,0.052338495625550124,0.6147756,0.08513430855998534,0,SCUC
2024-09-02 20:00:00,L26,16,17,0.007302429803428569,0.6064727999999999,0.012040819973176985,0,SCUC
2024-09-02 20:00:00,L27,16,30,0.026631938446369477,0.6108924,0.04359513794306408,0,SCUC
2024-09-02 20:00:00,L28,16,112,0.01879452793182845,0.6109806,0.03076125155500592,0,SCUC
2024-09-02 20:00:00,L29,17,18,0.007302429803428569,0.600036,0.012169986139879222,0,SCUC
2024-09-02 20:00:00,L30,18,19,0.010302578028866475,0.5957898,0.017292303474927693,0,SCUC
2024-09-02 20:00:00,L31,18,33,0.018493579276254585,0.579297,0.03192417581353708,0,SCUC
2024-09-02 20:00:00,L32,19,20,0.010302578028866475,0.5985222,0.017213359886845424,0,SCUC
2024-09-02 20:00:00,L33,20,21,0.010302578028866475,0.5971428,0.0172531227519891,0,SCUC
2024-09-02 20:00:00,L34,21,22,0.010302578028866475,0.5938224,0.017349594809603807,0,SCUC
2024-09-02 20:00:00,L35,22,23,0.0109559257670645,0.5983182,0.01831120257927053,0,SCUC
2024-09-02 20:00:00,L36,22,24,-0.009804816773411312,0.615774,0.01592275213537972,0,SCUC
2024-09-02 20:00:00,L37,22,31,-0.018226115858664016,0.6056159999999999,0.030095168982761385,0,SCUC
2024-09-02 20:00:00,L38,23,69,-0.01235045458879152,0.6124164000000001,0.020166760048867922,0,SCUC
2024-09-02 20:00:00,L39,23,71,-0.00411681819626384,0.6132012,0.006713649934579123,0,SCUC
2024-09-02 20:00:00,L40,24,26,0.000222848032585949,0.6364799999999999,0.00035012574249929145,0,SCUC
2024-09-02 20:00:00,L41,25,24,0.01002766480599726,0.626007,0.016018454755293888,0,SCUC
2024-09-02 20:00:00,L42,25,29,-0.010027664805998177,0.6538836,0.015335550250836962,0,SCUC
2024-09-02 20:00:00,L43,26,27,0.011748377523037801,0.6161172,0.019068413482106653,0,SCUC
2024-09-02 20:00:00,L44,26,31,-0.00864414711783889,0.6208506,0.013923071215263204,0,SCUC
2024-09-02 20:00:00,L45,26,114,-0.002881382372612963,0.6206766,0.004642324799441389,0,SCUC
2024-09-02 20:00:00,L46,27,28,-0.015674821029082058,0.5977764000000001,0.02622188000242575,0,SCUC
2024-09-02 20:00:00,L47,28,30,-0.015674821029082058,0.6037248,0.025963520181847853,0,SCUC
2024-09-02 20:00:00,L48,29,16,-0.006498467338759266,0.5757912000000001,0.011286152582323706,0,SCUC
2024-09-02 20:00:00,L49,29,37,0.009296144328937463,0.6011418,0.015464145612461925,0,SCUC
2024-09-02 20:00:00,L50,30,31,0.01095711741728742,0.6163218,0.017778240875606574,0,SCUC
2024-09-02 20:00:00,L51,31,112,-0.01879452793182845,0.6128004,0.030669901540254296,0,SCUC
2024-09-02 20:00:00,L52,31,113,0.002881382372612963,0.6116604,0.004710755138983925,0,SCUC
2024-09-02 20:00:00,L53,32,36,0.016100747731982973,0.5911674,0.027235513548248724,0,SCUC
2024-09-02 20:00:00,L54,33,35,-0.002595270437993697,0.5653728,0.004590370173439007,0,SCUC
2024-09-02 20:00:00,L55,33,36,-0.007785811313981091,0.585876,0.013289179474805405,0,SCUC
2024-09-02 20:00:00,L56,33,42,0.0014514624761094996,0.571017,0.002541890129557438,0,SCUC
2024-09-02 20:00:00,L57,34,35,0.002595270437993697,0.5555952,0.004671153454878115,0,SCUC
2024-09-02 20:00:00,L58,34,36,-0.002595270437993697,0.5795148,0.004478350575332498,0,SCUC
2024-09-02 20:00:00,L59,36,38,0.002238630503815104,0.5572416,0.004017342753690866,0,SCUC
2024-09-02 20:00:00,L60,36,39,0.004477261007630208,0.5614716,0.007974154004637472,0,SCUC
2024-09-02 20:00:00,L61,37,36,0.0009962255314371268,0.5716464,0.0017427303512050926,0,SCUC
2024-09-02 20:00:00,L62,37,64,0.008299918797500336,0.5968452,0.013906317412790347,0,SCUC
2024-09-02 20:00:00,L63,38,39,0.002238630503815104,0.5576406,0.004014468286231497,0,SCUC
2024-09-02 20:00:00,L64,39,40,0.002238630503815092,0.540768,0.004139724436015245,0,SCUC
2024-09-02 20:00:00,L65,39,41,0.004477261007630208,0.5395242,0.008298536020497705,0,SCUC
2024-09-02 20:00:00,L66,40,41,0.002238630503815104,0.5216406,0.0042915189189934675,0,SCUC
2024-09-02 20:00:00,L67,41,48,0.0033579457557226574,0.5449836,0.006161553771017435,0,SCUC
2024-09-02 20:00:00,L68,41,48,0.003357945755722654,0.5449836,0.006161553771017429,0,SCUC
2024-09-02 20:00:00,L69,42,43,0.0014514624761095083,0.546666,0.002655117523514373,0,SCUC
2024-09-02 20:00:00,L70,43,44,0.0014514624761095083,0.5376726000000001,0.002699528441861289,0,SCUC
2024-09-02 20:00:00,L71,44,45,0.0012791934474360538,0.5448299999999999,0.002347876305335708,0,SCUC
2024-09-02 20:00:00,L72,44,48,0.0001722690286734544,0.5427324,0.000317410622018244,0,SCUC
2024-09-02 20:00:00,L73,45,46,0.0018326556568173534,0.5515554,0.0033227045856451653,0,SCUC
2024-09-02 20:00:00,L74,45,47,-0.0005534622093812996,0.53481,0.0010348763287546972,0,SCUC
2024-09-02 20:00:00,L75,46,48,-0.002939580075579953,0.558318,0.005265064131158145,0,SCUC
2024-09-02 20:00:00,L76,46,68,0.0047722357323973065,0.5846544,0.008162490066605684,0,SCUC
2024-09-02 20:00:00,L77,47,48,-0.0005534622093812996,0.5394336,0.001026006183858958,0,SCUC
2024-09-02 20:00:00,L78,48,49,-0.00028809512282344075,0.5319617999999999,0.0005415710730045668,0,SCUC
2024-09-02 20:00:00,L79,48,50,-0.0003427226404694205,0.5364918000000001,0.0006388217685143006,0,SCUC
2024-09-02 20:00:00,L80,48,53,-0.0005885464698763294,0.5272223999999999,0.0011163153725568746,0,SCUC
2024-09-02 20:00:00,L81,48,53,-0.0005885464698763294,0.5272223999999999,0.0011163153725568746,0,SCUC
2024-09-02 20:00:00,L82,48,65,-0.0012543934248872035,0.5303658,0.002365147648825025,0,SCUC
2024-09-02 20:00:00,L83,48,65,-0.0012543934248872035,0.5303658,0.002365147648825025,0,SCUC
2024-09-02 20:00:00,L84,48,68,0.007711815807977259,0.5728416,0.013462387871232221,0,SCUC
2024-09-02 20:00:00,L85,49,56,-0.00028809512282344075,0.5213615999999999,0.000552582167201115,0,SCUC
2024-09-02 20:00:00,L86,50,51,-8.194127646896963e-05,0.5273969999999999,0.00015536925024027374,0,SCUC
2024-09-02 20:00:00,L87,50,57,-0.00026078136400045084,0.5209296,0.000500607690560204,0,SCUC
2024-09-02 20:00:00,L88,51,52,-8.194127646896963e-05,0.5234639999999999,0.00015653660322194007,0,SCUC
2024-09-02 20:00:00,L89,52,53,-8.194127646896963e-05,0.5195375999999999,0.00015771962697015509,0,SCUC
2024-09-02 20:00:00,L90,53,54,-0.00031475855405540664,0.5200085999999999,0.0006052949009985732,0,SCUC
2024-09-02 20:00:00,L91,53,55,-0.0002757388985939928,0.5277588,0.0005224714369404978,0,SCUC
2024-09-02 20:00:00,L92,53,58,-0.0006685367635722288,0.5313654,0.001258148843662438,0,SCUC
2024-09-02 20:00:00,L93,54,55,3.9019655461413824e-05,0.5355816,7.285473485536812e-05,0,SCUC
2024-09-02 20:00:00,L94,54,58,-0.00035377820951682046,0.5390868,0.0006562546319383455,0,SCUC
2024-09-02 20:00:00,L95,55,56,0.00028809512282344075,0.5315304,0.0005420106222023064,0,SCUC
2024-09-02 20:00:00,L96,55,57,0.00026078136400045084,0.530583,0.000491499659809023,0,SCUC
2024-09-02 20:00:00,L97,55,58,-0.00039279786497833273,0.5373923999999999,0.0007309330481382558,0,SCUC
2024-09-02 20:00:00,L98,55,58,-0.0003927978649781378,0.5373923999999999,0.0007309330481378931,0,SCUC
2024-09-02 20:00:00,L99,58,59,-0.00024094135652014467,0.5395601999999999,0.0004465513885570965,0,SCUC
2024-09-02 20:00:00,L100,58,60,-0.0005095505777296459,0.5406473999999999,0.0009424822494839447,0,SCUC
2024-09-02 20:00:00,L101,59,60,-0.00026860922120950124,0.536592,0.000500583723218947,0,SCUC
2024-09-02 20:00:00,L102,59,61,2.7667864689356566e-05,0.5302902,5.217495003557781e-05,0,SCUC
2024-09-02 20:00:00,L103,60,61,0.0002962770858988578,0.5428578,0.0005457729186148893,0,SCUC
2024-09-02 20:00:00,L104,61,65,0.0002159633003921426,0.5296296,0.00040776289767819354,0,SCUC
2024-09-02 20:00:00,L105,61,66,0.00010798165019607195,0.524439,0.00020589935187137484,0,SCUC
2024-09-02 20:00:00,L106,62,58,0.0010574187687957298,0.532617,0.001985326733460873,0,SCUC
2024-09-02 20:00:00,L107,62,63,-0.0010574187687957298,0.556626,0.0018996934544842138,0,SCUC
2024-09-02 20:00:00,L108,63,60,0.001074436884838005,0.5506253999999999,0.001951302800121471,0,SCUC
2024-09-02 20:00:00,L109,63,64,-0.0021318556536337346,0.577473,0.0036916975402031516,0,SCUC
2024-09-02 20:00:00,L110,64,65,0.0021848418991861924,0.5466366,0.003996881839207606,0,SCUC
2024-09-02 20:00:00,L111,64,67,0.00398322124468041,0.567954,0.0070132814359620856,0,SCUC
2024-09-02 20:00:00,L112,65,66,-0.00010798165019607195,0.5196744,0.0002077871263161548,0,SCUC
2024-09-02 20:00:00,L113,67,68,0.00250579486408485,0.5623458,0.004455967954388297,0,SCUC
2024-09-02 20:00:00,L114,68,69,0.009083731752503012,0.6235368,0.014568076419071036,0,SCUC
2024-09-02 20:00:00,L115,68,74,0.0041613710641347015,0.6184968,0.006728201446045803,0,SCUC
2024-09-02 20:00:00,L116,68,76,0.0017447435878217288,0.6145326,0.0028391391893965085,0,SCUC
2024-09-02 20:00:00,L117,69,70,0.00411681819626384,0.6410237999999999,0.006422254830887465,0,SCUC
2024-09-02 20:00:00,L118,69,73,-0.0024611803441841155,0.6252827999999999,0.003936107540754545,0,SCUC
2024-09-02 20:00:00,L119,69,74,-0.004922360688368231,0.6260652,0.00786237709485886,0,SCUC
2024-09-02 20:00:00,L120,70,71,0.00411681819626384,0.6299076,0.006535590610851242,0,SCUC
2024-09-02 20:00:00,L121,70,72,0.0,0.6393671999999999,0.0,0,SCUC
2024-09-02 20:00:00,L122,73,74,-0.0024611803441841155,0.6149214,0.0040024307890148495,0,SCUC
2024-09-02 20:00:00,L123,74,76,-0.002416627476312966,0.60531,0.003992379898420588,0,SCUC
2024-09-02 20:00:00,L124,74,117,-0.0008055424921046793,0.6070614,0.0013269538997285602,0,SCUC
2024-09-02 20:00:00,L125,75,76,-0.0008055424921043228,0.6078498,0.001325232799458555,0,SCUC
2024-09-02 20:00:00,L126,75,117,0.0008055424921040166,0.6089747999999999,0.0013227846080067955,0,SCUC
2024-09-02 20:00:00,L127,76,77,-0.000176557711965036,0.6097788,0.00028954386732539083,0,SCUC
2024-09-02 20:00:00,L128,76,79,-0.000529673135895108,0.6154464,0.000860632438332742,0,SCUC
2024-09-02 20:00:00,L129,76,79,-0.000529673135895108,0.6154464,0.000860632438332742,0,SCUC
2024-09-02 20:00:00,L130,76,81,-0.00024152239684030745,0.5919732,0.0004079954917558894,0,SCUC
2024-09-02 20:00:00,L131,77,78,-0.000176557711965036,0.6138294,0.0002876331957463035,0,SCUC
2024-09-02 20:00:00,L132,78,79,-0.000176557711965036,0.6241128,0.00028289391271102914,0,SCUC
2024-09-02 20:00:00,L133,79,95,0.00011050089382784076,0.6117042,0.0001806443274835137,0,SCUC
2024-09-02 20:00:00,L134,79,96,5.525044691392038e-05,0.616302,8.964833298272662e-05,0,SCUC
2024-09-02 20:00:00,L135,79,97,3.788552804925849e-05,0.6059586,6.25216442992285e-05,0,SCUC
2024-09-02 20:00:00,L136,79,98,3.788552804925849e-05,0.6018252,6.295104965571148e-05,0,SCUC
2024-09-02 20:00:00,L137,80,67,-0.0014774263805955598,0.565767,0.0026113689568242047,0,SCUC
2024-09-02 20:00:00,L138,80,79,0.0014774263805955598,0.5929476,0.002491664323450436,0,SCUC
2024-09-02 20:00:00,L139,81,82,-6.387255161335112e-05,0.552279,0.00011565268933519313,0,SCUC
2024-09-02 20:00:00,L140,81,95,-0.0001776498452269598,0.5843922,0.0003039907877397402,0,SCUC
2024-09-02 20:00:00,L141,82,83,-2.1290850537783708e-05,0.5261094,4.046848533362778e-05,0,SCUC
2024-09-02 20:00:00,L142,82,84,-4.2581701075567416e-05,0.5332223999999999,7.985729983505462e-05,0,SCUC
2024-09-02 20:00:00,L143,83,84,-2.1290850537783708e-05,0.5286108,4.027698741263649e-05,0,SCUC
2024-09-02 20:00:00,L144,84,85,0.0,0.5218992,0.0,0,SCUC
2024-09-02 20:00:00,L145,84,87,-2.1290850537783708e-05,0.5268846,4.040894445915426e-05,0,SCUC
2024-09-02 20:00:00,L146,84,88,-4.2581701075567416e-05,0.5358863999999999,7.946031299836575e-05,0,SCUC
2024-09-02 20:00:00,L147,86,85,0.0,0.5211551999999999,0.0,0,SCUC
2024-09-02 20:00:00,L148,87,88,-2.1290850537783708e-05,0.5389404,3.950501862132382e-05,0,SCUC
2024-09-02 20:00:00,L149,88,89,-5.322712634445914e-06,0.5405508,9.846831480863435e-06,0,SCUC
2024-09-02 20:00:00,L150,88,89,-5.322712634445914e-06,0.5405508,9.846831480863435e-06,0,SCUC
2024-09-02 20:00:00,L151,88,91,-2.6613563172229646e-05,0.5607936,4.745696664910164e-05,0,SCUC
2024-09-02 20:00:00,L152,88,91,-2.6613563172229646e-05,0.5607936,4.745696664910164e-05,0,SCUC
2024-09-02 20:00:00,L153,89,90,-1.0645425268891829e-05,0.548058,1.9423902705355687e-05,0,SCUC
2024-09-02 20:00:00,L154,90,91,-1.0645425268891829e-05,0.5493564,1.9377994447487696e-05,0,SCUC
2024-09-02 20:00:00,L155,91,92,-4.966332306861193e-06,0.571842,8.684798085592162e-06,0,SCUC
2024-09-02 20:00:00,L156,91,93,-9.932664613722386e-06,0.5851122,1.697565802545629e-05,0,SCUC
2024-09-02 20:00:00,L157,91,99,-3.67301660195718e-05,0.5918994,6.205474447105674e-05,0,SCUC
2024-09-02 20:00:00,L158,91,101,-1.22433886731906e-05,0.5727443999999999,2.137670603709194e-05,0,SCUC
2024-09-02 20:00:00,L159,92,93,-4.966332306861193e-06,0.5729886,8.667419049630645e-06,0,SCUC
2024-09-02 20:00:00,L160,93,94,3.9661681617390865e-06,0.5835534,6.796581361258604e-06,0,SCUC
2024-09-02 20:00:00,L161,93,95,7.932336323526745e-06,0.587637,1.3498701279066407e-05,0,SCUC
2024-09-02 20:00:00,L162,93,99,-2.679750140584941e-05,0.5862102,4.571312714423838e-05,0,SCUC
2024-09-02 20:00:00,L163,94,95,3.966168161756434e-06,0.5978538,6.634010123806914e-06,0,SCUC
2024-09-02 20:00:00,L164,95,96,-5.525044691392038e-05,0.597564,9.245946361213256e-05,0,SCUC
2024-09-02 20:00:00,L165,97,99,3.788552804925849e-05,0.5988354,6.326534478298792e-05,0,SCUC
2024-09-02 20:00:00,L166,98,99,3.788552804925849e-05,0.6025158,6.287889553976591e-05,0,SCUC
2024-09-02 20:00:00,L167,99,100,1.2243388673199851e-05,0.5841647999999999,2.095879223328734e-05,0,SCUC
2024-09-02 20:00:00,L168,99,102,-0.0,0.584937,0.0,0,SCUC
2024-09-02 20:00:00,L169,99,103,-0.0,0.5829390000000001,0.0,0,SCUC
2024-09-02 20:00:00,L170,99,105,-0.0,0.5795994,0.0,0,SCUC
2024-09-02 20:00:00,L171,100,101,1.22433886731906e-05,0.5715108,2.1422847430338324e-05,0,SCUC
2024-09-02 20:00:00,L172,102,103,-0.0,0.582165,0.0,0,SCUC
2024-09-02 20:00:00,L173,102,104,-0.0,0.5915532,0.0,0,SCUC
2024-09-02 20:00:00,L174,102,109,-0.0,0.596247,0.0,0,SCUC
2024-09-02 20:00:00,L175,103,104,-0.0,0.5903322,0.0,0,SCUC
2024-09-02 20:00:00,L176,104,105,-0.0,0.578859,0.0,0,SCUC
2024-09-02 20:00:00,L177,104,106,-0.0,0.5781875999999999,0.0,0,SCUC
2024-09-02 20:00:00,L178,104,107,-0.0,0.5840784,0.0,0,SCUC
2024-09-02 20:00:00,L179,105,106,-0.0,0.5706504,0.0,0,SCUC
2024-09-02 20:00:00,L180,107,108,-0.0,0.578964,0.0,0,SCUC
2024-09-02 20:00:00,L181,108,109,-0.0,0.5878068,0.0,0,SCUC
2024-09-02 20:00:00,L182,109,110,0.0,0.6057288,0.0,0,SCUC
2024-09-02 20:00:00,L183,109,111,0.0,0.5960388000000001,0.0,0,SCUC
2024-09-02 20:00:00,L184,113,114,0.002881382372612963,0.6102978,0.0047212727501442136,0,SCUC
2024-09-02 20:00:00,L185,115,67,0.0,0.5557782,0.0,0,SCUC
2024-09-02 21:00:00,L0,0,1,-0.04492244262115442,0.6095742,0.07369478993886949,0,SCUC
2024-09-02 21:00:00,L1,0,2,0.01999677977139093,0.6201666,0.03224420626875251,0,SCUC
2024-09-02 21:00:00,L2,1,11,0.10507755737884557,0.6186144,0.1698595399312489,0,SCUC
2024-09-02 21:00:00,L3,2,4,0.05316173127802089,0.6391403999999999,0.08317692212543737,0,SCUC
2024-09-02 21:00:00,L4,2,11,0.040158334986300226,0.6320628,0.06353535595877534,0,SCUC
2024-09-02 21:00:00,L5,3,4,-0.0026351841699295865,0.6518382,0.004042696745802235,0,SCUC
2024-09-02 21:00:00,L6,3,10,0.0026351841699295865,0.6415451999999999,0.004107558079975638,0,SCUC
2024-09-02 21:00:00,L7,4,5,0.022342248076496284,0.6315599999999999,0.035376287409741414,0,SCUC
2024-09-02 21:00:00,L8,4,10,0.005270368339859173,0.6252563999999999,0.00842913137691861,0,SCUC
2024-09-02 21:00:00,L9,5,6,-0.004334465430573531,0.63285,0.006849119744921436,0,SCUC
2024-09-02 21:00:00,L10,6,11,-0.031011178937643345,0.6150018,0.050424533615419244,0,SCUC
2024-09-02 21:00:00,L11,7,4,-0.02291393069173584,0.6199242,0.0369624716888546,0,SCUC
2024-09-02 21:00:00,L12,7,8,0.0,0.6375762,0.0,0,SCUC
2024-09-02 21:00:00,L13,7,29,0.011253301598057975,0.6356988,0.017702253957468498,0,SCUC
2024-09-02 21:00:00,L14,8,9,0.0,0.6187656,0.0,0,SCUC
2024-09-02 21:00:00,L15,10,11,-0.018273764631579925,0.6262386,0.029180195266756036,0,SCUC
2024-09-02 21:00:00,L16,10,12,0.026179317141368685,0.6132324,0.042690694655678145,0,SCUC
2024-09-02 21:00:00,L17,11,13,0.03531619945715862,0.607494,0.05813423582316636,0,SCUC
2024-09-02 21:00:00,L18,11,15,0.03395803583169408,0.6119658,0.05549008756975321,0,SCUC
2024-09-02 21:00:00,L19,11,116,0.0,0.6087342,0.0,0,SCUC
2024-09-02 21:00:00,L20,12,14,0.026179317141368685,0.6090096,0.042986706845620636,0,SCUC
2024-09-02 21:00:00,L21,13,14,0.03531619945715862,0.6118446,0.05772086483587274,0,SCUC
2024-09-02 21:00:00,L22,14,16,-0.0027163272509291223,0.6166554,0.004404935480868444,0,SCUC
2024-09-02 21:00:00,L23,14,18,0.013891160423015535,0.593742,0.023395953836877863,0,SCUC
2024-09-02 21:00:00,L24,14,32,0.023643969919371077,0.5867814,0.04029434116243473,0,SCUC
2024-09-02 21:00:00,L25,15,16,0.03395803583169408,0.6147756,0.05523647300200932,0,SCUC
2024-09-02 21:00:00,L26,16,17,0.008303743836972306,0.6064727999999999,0.013691865219631132,0,SCUC
2024-09-02 21:00:00,L27,16,30,0.010465498954606812,0.6108924,0.01713149313137111,0,SCUC
2024-09-02 21:00:00,L28,16,112,0.009014422372307828,0.6109806,0.014754023895861551,0,SCUC
2024-09-02 21:00:00,L29,17,18,0.008303743836972306,0.600036,0.013838742737056287,0,SCUC
2024-09-02 21:00:00,L30,18,19,0.017457100160520312,0.5957898,0.02930077044038067,0,SCUC
2024-09-02 21:00:00,L31,18,33,0.004737804099467529,0.579297,0.008178540713084185,0,SCUC
2024-09-02 21:00:00,L32,19,20,0.01745710016052032,0.5985222,0.02916700526817605,0,SCUC
2024-09-02 21:00:00,L33,20,21,-0.009219613346549495,0.5971428,0.015439545359249908,0,SCUC
2024-09-02 21:00:00,L34,21,22,-0.009219613346549495,0.5938224,0.015525876670448094,0,SCUC
2024-09-02 21:00:00,L35,22,23,0.015318201294560657,0.5983182,0.025602098172110854,0,SCUC
2024-09-02 21:00:00,L36,22,24,-0.009484198083840087,0.615774,0.015402076222510346,0,SCUC
2024-09-02 21:00:00,L37,22,31,-0.0150536165572699,0.6056159999999999,0.024856702196226488,0,SCUC
2024-09-02 21:00:00,L38,23,69,-0.008518884159381908,0.6124164000000001,0.01391028091243459,0,SCUC
2024-09-02 21:00:00,L39,23,71,-0.0028396280531272494,0.6132012,0.004630825988480207,0,SCUC
2024-09-02 21:00:00,L40,24,26,-0.0044263047696447375,0.6364799999999999,0.006954350128275418,0,SCUC
2024-09-02 21:00:00,L41,25,24,0.005057893314195344,0.626007,0.008079611432772069,0,SCUC
2024-09-02 21:00:00,L42,25,29,-0.005057893314195344,0.6538836,0.007735158542277775,0,SCUC
2024-09-02 21:00:00,L43,26,27,-0.0029021531645979717,0.6161172,0.004710391407021216,0,SCUC
2024-09-02 21:00:00,L44,26,31,-0.0011431137037850748,0.6208506,0.0018412057647767027,0,SCUC
2024-09-02 21:00:00,L45,26,114,-0.0003810379012616916,0.6206766,0.0006139073089942356,0,SCUC
2024-09-02 21:00:00,L46,27,28,-0.0029021531645979717,0.5977764000000001,0.004854914253219048,0,SCUC
2024-09-02 21:00:00,L47,28,30,-0.0029021531645979717,0.6037248,0.004807079590896336,0,SCUC
2024-09-02 21:00:00,L48,29,16,-0.003458043416877987,0.5757912000000001,0.006005724673940808,0,SCUC
2024-09-02 21:00:00,L49,29,37,0.009653451700740619,0.6011418,0.016058526791416967,0,SCUC
2024-09-02 21:00:00,L50,30,31,0.00756334579000884,0.6163218,0.01227174795700694,0,SCUC
2024-09-02 21:00:00,L51,31,112,-0.009014422372307828,0.6128004,0.01471020967399471,0,SCUC
2024-09-02 21:00:00,L52,31,113,0.0003810379012616916,0.6116604,0.0006229566296292707,0,SCUC
2024-09-02 21:00:00,L53,32,36,-0.0030327435876987365,0.5911674,0.00513009274141087,0,SCUC
2024-09-02 21:00:00,L54,33,35,0.0006607539363964256,0.5653728,0.0011687048552679322,0,SCUC
2024-09-02 21:00:00,L55,33,36,0.0019822618091892767,0.585876,0.003383415277617238,0,SCUC
2024-09-02 21:00:00,L56,33,42,0.002094788353881827,0.571017,0.0036685218721716284,0,SCUC
2024-09-02 21:00:00,L57,34,35,-0.0006607539363964256,0.5555952,0.0011892722190480149,0,SCUC
2024-09-02 21:00:00,L58,34,36,0.0006607539363964256,0.5795148,0.0011401847483384817,0,SCUC
2024-09-02 21:00:00,L59,36,38,0.0009361932871144678,0.5572416,0.0016800491691834705,0,SCUC
2024-09-02 21:00:00,L60,36,39,0.0018723865742289356,0.5614716,0.003334784117716614,0,SCUC
2024-09-02 21:00:00,L61,37,36,0.0031983077034564425,0.5716464,0.005594905702994792,0,SCUC
2024-09-02 21:00:00,L62,37,64,0.006455143997284176,0.5968452,0.010815440917149333,0,SCUC
2024-09-02 21:00:00,L63,38,39,0.0009361932871144678,0.5576406,0.0016788470694466431,0,SCUC
2024-09-02 21:00:00,L64,39,40,0.0009361932871144729,0.540768,0.0017312290799649257,0,SCUC
2024-09-02 21:00:00,L65,39,41,0.0018723865742289356,0.5395242,0.0034704403884551157,0,SCUC
2024-09-02 21:00:00,L66,40,41,0.0009361932871144678,0.5216406,0.0017947093978391785,0,SCUC
2024-09-02 21:00:00,L67,41,48,0.001404289930671702,0.5449836,0.002576756310963673,0,SCUC
2024-09-02 21:00:00,L68,41,48,0.0014042899306717016,0.5449836,0.0025767563109636723,0,SCUC
2024-09-02 21:00:00,L69,42,43,0.002094788353881827,0.546666,0.00383193458872845,0,SCUC
2024-09-02 21:00:00,L70,43,44,0.002094788353881827,0.5376726000000001,0.0038960295798629624,0,SCUC
2024-09-02 21:00:00,L71,44,45,0.0012478285272084916,0.5448299999999999,0.002290308035916693,0,SCUC
2024-09-02 21:00:00,L72,44,48,0.0008469598266733352,0.5427324,0.0015605477518448045,0,SCUC
2024-09-02 21:00:00,L73,45,46,0.0014482628774760697,0.5515554,0.002625779527271548,0,SCUC
2024-09-02 21:00:00,L74,45,47,-0.00020043435026757817,0.53481,0.0003747767436427482,0,SCUC
2024-09-02 21:00:00,L75,46,48,-0.0018491315780111983,0.558318,0.003311968408704714,0,SCUC
2024-09-02 21:00:00,L76,46,68,0.003297394455487268,0.5846544,0.005639903600293213,0,SCUC
2024-09-02 21:00:00,L77,47,48,-0.00020043435026757817,0.5394336,0.00037156445254351634,0,SCUC
2024-09-02 21:00:00,L78,48,49,-0.0002362954155788466,0.5319617999999999,0.00044419621028962344,0,SCUC
2024-09-02 21:00:00,L79,48,50,-0.0002811008668398613,0.5364918000000001,0.0005239611618292418,0,SCUC
2024-09-02 21:00:00,L80,48,53,-0.0004827253975143997,0.5272223999999999,0.0009156010774853265,0,SCUC
2024-09-02 21:00:00,L81,48,53,-0.0004827253975143997,0.5272223999999999,0.0009156010774853265,0,SCUC
2024-09-02 21:00:00,L82,48,65,-0.0010288525981564428,0.5303658,0.0019398924254852836,0,SCUC
2024-09-02 21:00:00,L83,48,65,-0.0010288525981564428,0.5303658,0.0019398924254852836,0,SCUC
2024-09-02 21:00:00,L84,48,68,0.005146526033498466,0.5728416,0.00898420441793764,0,SCUC
2024-09-02 21:00:00,L85,49,56,-0.0002362954155788466,0.5213615999999999,0.00045322750194653127,0,SCUC
2024-09-02 21:00:00,L86,50,51,-6.720817689151649e-05,0.5273969999999999,0.00012743374894342687,0,SCUC
2024-09-02 21:00:00,L87,50,57,-0.0002138926899483448,0.5209296,0.0004105980730377863,0,SCUC
2024-09-02 21:00:00,L88,51,52,-6.720817689151649e-05,0.5234639999999999,0.0001283912110317357,0,SCUC
2024-09-02 21:00:00,L89,52,53,-6.720817689151649e-05,0.5195375999999999,0.00012936152627166252,0,SCUC
2024-09-02 21:00:00,L90,53,54,-0.000258164742980016,0.5200085999999999,0.0004964624488518383,0,SCUC
2024-09-02 21:00:00,L91,53,55,-0.00022616084922214008,0.5277588,0.00042853070232488796,0,SCUC
2024-09-02 21:00:00,L92,53,58,-0.000548333379717908,0.5313654,0.0010319327899744846,0,SCUC
2024-09-02 21:00:00,L93,54,55,3.2003893757875934e-05,0.5355816,5.9755401899310835e-05,0,SCUC
2024-09-02 21:00:00,L94,54,58,-0.00029016863673789195,0.5390868,0.0005382595840556511,0,SCUC
2024-09-02 21:00:00,L95,55,56,0.0002362954155788466,0.5315304,0.0004445567282301193,0,SCUC
2024-09-02 21:00:00,L96,55,57,0.0002138926899483448,0.530583,0.0004031276726701473,0,SCUC
2024-09-02 21:00:00,L97,55,58,-0.0003221725304957679,0.5373923999999999,0.0005995107681012385,0,SCUC
2024-09-02 21:00:00,L98,55,58,-0.0003221725304957679,0.5373923999999999,0.0005995107681012385,0,SCUC
2024-09-02 21:00:00,L99,58,59,-0.00019761992987278143,0.5395601999999999,0.000366261132442277,0,SCUC
2024-09-02 21:00:00,L100,58,60,-0.0004179330227567198,0.5406473999999999,0.0007730232731290669,0,SCUC
2024-09-02 21:00:00,L101,59,60,-0.00022031309288393598,0.536592,0.0004105784150414766,0,SCUC
2024-09-02 21:00:00,L102,59,61,2.269316301115455e-05,0.5302902,4.279385704498131e-05,0,SCUC
2024-09-02 21:00:00,L103,60,61,0.00024300625589509053,0.5428578,0.0004476425610815402,0,SCUC
2024-09-02 21:00:00,L104,61,65,0.00017713294593749672,0.5296296,0.0003344468397111806,0,SCUC
2024-09-02 21:00:00,L105,61,66,8.856647296874836e-05,0.524439,0.00016887850249266046,0,SCUC
2024-09-02 21:00:00,L106,62,58,0.000867294124817899,0.532617,0.001628363579866769,0,SCUC
2024-09-02 21:00:00,L107,62,63,-0.000867294124817899,0.556626,0.0015581272251348284,0,SCUC
2024-09-02 21:00:00,L108,63,60,0.0008812523715357463,0.5506253999999999,0.0016004571738531248,0,SCUC
2024-09-02 21:00:00,L109,63,64,-0.0017485464963536454,0.577473,0.0030279277063233177,0,SCUC
2024-09-02 21:00:00,L110,64,65,0.0017920057774066405,0.5466366,0.0032782396520954515,0,SCUC
2024-09-02 21:00:00,L111,64,67,0.00291459172352389,0.567954,0.005131739055493737,0,SCUC
2024-09-02 21:00:00,L112,65,66,-8.856647296874836e-05,0.5196744,0.00017042685375448234,0,SCUC
2024-09-02 21:00:00,L113,67,68,0.0018512826603202125,0.5623458,0.0032920716404749753,0,SCUC
2024-09-02 21:00:00,L114,68,69,0.006258635741834863,0.6235368,0.010037315747578752,0,SCUC
2024-09-02 21:00:00,L115,68,74,0.002858718094718668,0.6184968,0.004622041851661428,0,SCUC
2024-09-02 21:00:00,L116,68,76,0.0011778493127519486,0.6145326,0.0019166587952403967,0,SCUC
2024-09-02 21:00:00,L117,69,70,0.0028396280531272494,0.6410237999999999,0.004429832485357408,0,SCUC
2024-09-02 21:00:00,L118,69,73,-0.0016999588235580975,0.6252827999999999,0.0027187039585258024,0,SCUC
2024-09-02 21:00:00,L119,69,74,-0.003399917647116195,0.6260652,0.005430612733491967,0,SCUC
2024-09-02 21:00:00,L120,70,71,0.0028396280531272494,0.6299076,0.0045080072904776025,0,SCUC
2024-09-02 21:00:00,L121,70,72,0.0,0.6393671999999999,0.0,0,SCUC
2024-09-02 21:00:00,L122,73,74,-0.0016999588235580975,0.6149214,0.0027645140070878937,0,SCUC
2024-09-02 21:00:00,L123,74,76,-0.001680868781966719,0.60531,0.0027768726470184186,0,SCUC
2024-09-02 21:00:00,L124,74,117,-0.0005602895939889064,0.6070614,0.0009229537473291934,0,SCUC
2024-09-02 21:00:00,L125,75,76,-0.0005602895939889064,0.6078498,0.0009217566477588813,0,SCUC
2024-09-02 21:00:00,L126,75,117,0.0005602895939889064,0.6089747999999999,0.0009200538248691185,0,SCUC
2024-09-02 21:00:00,L127,76,77,-0.0001270692183222353,0.6097788,0.0002083857594298708,0,SCUC
2024-09-02 21:00:00,L128,76,79,-0.00038120765496670587,0.6154464,0.0006194002515356429,0,SCUC
2024-09-02 21:00:00,L129,76,79,-0.00038120765496670587,0.6154464,0.0006194002515356429,0,SCUC
2024-09-02 21:00:00,L130,76,81,-0.0001738245349480308,0.5919732,0.000293635818222904,0,SCUC
2024-09-02 21:00:00,L131,77,78,-0.0001270692183222353,0.6138294,0.00020701064224397739,0,SCUC
2024-09-02 21:00:00,L132,78,79,-0.0001270692183222353,0.6241128,0.00020359976325150724,0,SCUC
2024-09-02 21:00:00,L133,79,95,7.952788947213616e-05,0.6117042,0.00013001037016279463,0,SCUC
2024-09-02 21:00:00,L134,79,96,3.9763944736093316e-05,0.616302,6.452022666824595e-05,0,SCUC
2024-09-02 21:00:00,L135,79,97,2.7266350369897503e-05,0.6059586,4.499705156407963e-05,0,SCUC
2024-09-02 21:00:00,L136,79,98,2.7266350369902754e-05,0.6018252,4.5306096138717284e-05,0,SCUC
2024-09-02 21:00:00,L137,80,67,-0.0010633090632036774,0.565767,0.001879411600895205,0,SCUC
2024-09-02 21:00:00,L138,80,79,0.0010633090632036774,0.5929476,0.0017932597470732277,0,SCUC
2024-09-02 21:00:00,L139,81,82,-4.596930440150656e-05,0.552279,8.323565516977208e-05,0,SCUC
2024-09-02 21:00:00,L140,81,95,-0.00012785523054652316,0.5843922,0.0002187832598493326,0,SCUC
2024-09-02 21:00:00,L141,82,83,-1.5323101467168854e-05,0.5261094,2.9125313988248176e-05,0,SCUC
2024-09-02 21:00:00,L142,82,84,-3.064620293433771e-05,0.5332223999999999,5.747358500756479e-05,0,SCUC
2024-09-02 21:00:00,L143,83,84,-1.5323101467168854e-05,0.5286108,2.8987492247923902e-05,0,SCUC
2024-09-02 21:00:00,L144,84,85,0.0,0.5218992,0.0,0,SCUC
2024-09-02 21:00:00,L145,84,87,-1.5323101467161064e-05,0.5268846,2.9082462207399996e-05,0,SCUC
2024-09-02 21:00:00,L146,84,88,-3.064620293434549e-05,0.5358863999999999,5.718787215787805e-05,0,SCUC
2024-09-02 21:00:00,L147,86,85,0.0,0.5211551999999999,0.0,0,SCUC
2024-09-02 21:00:00,L148,87,88,-1.5323101467161064e-05,0.5389404,2.8431903541024324e-05,0,SCUC
2024-09-02 21:00:00,L149,88,89,-3.830775366781003e-06,0.5405508,7.086799921082353e-06,0,SCUC
2024-09-02 21:00:00,L150,88,89,-3.830775366781003e-06,0.5405508,7.086799921082353e-06,0,SCUC
2024-09-02 21:00:00,L151,88,91,-1.9153876833961068e-05,0.5607936,3.415494904713796e-05,0,SCUC
2024-09-02 21:00:00,L152,88,91,-1.9153876833961068e-05,0.5607936,3.415494904713796e-05,0,SCUC
2024-09-02 21:00:00,L153,89,90,-7.661550733584427e-06,0.548058,1.3979452418511228e-05,0,SCUC
2024-09-02 21:00:00,L154,90,91,-7.661550733584427e-06,0.5493564,1.3946412080726514e-05,0,SCUC
2024-09-02 21:00:00,L155,91,92,-3.5742871672877586e-06,0.571842,6.250480320241883e-06,0,SCUC
2024-09-02 21:00:00,L156,91,93,-7.148574334575517e-06,0.5851122,1.2217441944597151e-05,0,SCUC
2024-09-02 21:00:00,L157,91,99,-2.6434832174732476e-05,0.5918994,4.466102208370625e-05,0,SCUC
2024-09-02 21:00:00,L158,91,101,-8.811610724910825e-06,0.5727443999999999,1.538489197783658e-05,0,SCUC
2024-09-02 21:00:00,L159,92,93,-3.5742871672877586e-06,0.5729886,6.2379725657504514e-06,0,SCUC
2024-09-02 21:00:00,L160,93,94,2.854465446097895e-06,0.5835534,4.8915239738092435e-06,0,SCUC
2024-09-02 21:00:00,L161,93,95,5.70893089219579e-06,0.587637,9.715063708030282e-06,0,SCUC
2024-09-02 21:00:00,L162,93,99,-1.928625784015696e-05,0.5862102,3.289990150317575e-05,0,SCUC
2024-09-02 21:00:00,L163,94,95,2.8544654460949115e-06,0.5978538,4.774520871314879e-06,0,SCUC
2024-09-02 21:00:00,L164,95,96,-3.9763944736093316e-05,0.597564,6.654340746111432e-05,0,SCUC
2024-09-02 21:00:00,L165,97,99,2.7266350369897503e-05,0.5988354,4.553229546866719e-05,0,SCUC
2024-09-02 21:00:00,L166,98,99,2.7266350369902754e-05,0.6025158,4.525416656277355e-05,0,SCUC
2024-09-02 21:00:00,L167,99,100,8.811610724910825e-06,0.5841647999999999,1.5084117914860371e-05,0,SCUC
2024-09-02 21:00:00,L168,99,102,-0.0,0.584937,0.0,0,SCUC
2024-09-02 21:00:00,L169,99,103,-0.0,0.5829390000000001,0.0,0,SCUC
2024-09-02 21:00:00,L170,99,105,-0.0,0.5795994,0.0,0,SCUC
2024-09-02 21:00:00,L171,100,101,8.811610724910825e-06,0.5715108,1.541810010398898e-05,0,SCUC
2024-09-02 21:00:00,L172,102,103,-0.0,0.582165,0.0,0,SCUC
2024-09-02 21:00:00,L173,102,104,-0.0,0.5915532,0.0,0,SCUC
2024-09-02 21:00:00,L174,102,109,-0.0,0.596247,0.0,0,SCUC
2024-09-02 21:00:00,L175,103,104,-0.0,0.5903322,0.0,0,SCUC
2024-09-02 21:00:00,L176,104,105,-0.0,0.578859,0.0,0,SCUC
2024-09-02 21:00:00,L177,104,106,-0.0,0.5781875999999999,0.0,0,SCUC
2024-09-02 21:00:00,L178,104,107,-0.0,0.5840784,0.0,0,SCUC
2024-09-02 21:00:00,L179,105,106,-0.0,0.5706504,0.0,0,SCUC
2024-09-02 21:00:00,L180,107,108,-0.0,0.578964,0.0,0,SCUC
2024-09-02 21:00:00,L181,108,109,-0.0,0.5878068,0.0,0,SCUC
2024-09-02 21:00:00,L182,109,110,0.0,0.6057288,0.0,0,SCUC
2024-09-02 21:00:00,L183,109,111,0.0,0.5960388000000001,0.0,0,SCUC
2024-09-02 21:00:00,L184,113,114,0.0003810379012616916,0.6102978,0.0006243474927513939,0,SCUC
2024-09-02 21:00:00,L185,115,67,0.0,0.5557782,0.0,0,SCUC
2024-09-02 22:00:00,L0,0,1,-0.02849711782103001,0.6095742,0.04674921907953127,0,SCUC
2024-09-02 22:00:00,L1,0,2,0.03571761475584684,0.6201666,0.05759358010548591,0,SCUC
2024-09-02 22:00:00,L2,1,11,0.1215626950988582,0.6186144,0.1965080268077468,0,SCUC
2024-09-02 22:00:00,L3,2,4,0.07842946515375371,0.6391403999999999,0.12271085532029224,0,SCUC
2024-09-02 22:00:00,L4,2,11,0.05734796252198138,0.6320628,0.09073143131027704,0,SCUC
2024-09-02 22:00:00,L5,3,4,-0.023014182864717812,0.6518382,0.03530658814521427,0,SCUC
2024-09-02 22:00:00,L6,3,10,-0.002793112730166548,0.6415451999999999,0.004353727110991631,0,SCUC
2024-09-02 22:00:00,L7,4,5,-0.0052378059924746145,0.6315599999999999,0.008293441624666881,0,SCUC
2024-09-02 22:00:00,L8,4,10,0.020221070134551267,0.6252563999999999,0.03234044487117808,0,SCUC
2024-09-02 22:00:00,L9,5,6,-0.005177993072586387,0.63285,0.008182022710889447,0,SCUC
2024-09-02 22:00:00,L10,6,11,-0.010665703566711385,0.6150018,0.017342556666844526,0,SCUC
2024-09-02 22:00:00,L11,7,4,-0.04049183106684747,0.6199242,0.06531739052427292,0,SCUC
2024-09-02 22:00:00,L12,7,8,-0.00011962583977645764,0.6375762,0.00018762594930058185,0,SCUC
2024-09-02 22:00:00,L13,7,29,0.014804161311739563,0.6356988,0.023288012045546667,0,SCUC
2024-09-02 22:00:00,L14,8,9,-5.981291988822882e-05,0.6187656,9.666490814652401e-05,0,SCUC
2024-09-02 22:00:00,L15,10,11,-0.04130257276632365,0.6262386,0.06595341259118115,0,SCUC
2024-09-02 22:00:00,L16,10,12,0.03292323457582401,0.6132324,0.05368802198941871,0,SCUC
2024-09-02 22:00:00,L17,11,13,0.0535745209589858,0.607494,0.08818938287289389,0,SCUC
2024-09-02 22:00:00,L18,11,15,0.07348748616859485,0.6119658,0.1200843023721176,0,SCUC
2024-09-02 22:00:00,L19,11,116,-5.981291988822919e-05,0.6087342,9.825786014360487e-05,0,SCUC
2024-09-02 22:00:00,L20,12,14,0.03298304749571224,0.6090096,0.054158501763703286,0,SCUC
2024-09-02 22:00:00,L21,13,14,0.05363433387887403,0.6118446,0.08766005923542355,0,SCUC
2024-09-02 22:00:00,L22,14,16,0.013958821904444155,0.6166554,0.022636340984679863,0,SCUC
2024-09-02 22:00:00,L23,14,18,0.031055352605304495,0.593742,0.05230445649003186,0,SCUC
2024-09-02 22:00:00,L24,14,32,0.01579591126995327,0.5867814,0.026919584141476317,0,SCUC
2024-09-02 22:00:00,L25,15,16,0.04768019057371049,0.6147756,0.07755706403069754,0,SCUC
2024-09-02 22:00:00,L26,16,17,0.008518358890486057,0.6064727999999999,0.014045739381034166,0,SCUC
2024-09-02 22:00:00,L27,16,30,0.030596949272368584,0.6108924,0.050085660375490976,0,SCUC
2024-09-02 22:00:00,L28,16,112,0.02022167967976947,0.6109806,0.03309708962898244,0,SCUC
2024-09-02 22:00:00,L29,17,18,0.008578171810374284,0.600036,0.014296095251575379,0,SCUC
2024-09-02 22:00:00,L30,18,19,0.032475569002960156,0.5957898,0.054508434019783746,0,SCUC
2024-09-02 22:00:00,L31,18,33,0.0072177683326068495,0.579297,0.012459529969267665,0,SCUC
2024-09-02 22:00:00,L32,19,20,0.006668273408075794,0.5985222,0.011141229862611268,0,SCUC
2024-09-02 22:00:00,L33,20,21,0.006728086327964011,0.5971428,0.011267131292488181,0,SCUC
2024-09-02 22:00:00,L34,21,22,-0.01907920926692035,0.5938224,0.032129487312907615,0,SCUC
2024-09-02 22:00:00,L35,22,23,-0.009214694226848046,0.5983182,0.015400992693934508,0,SCUC
2024-09-02 22:00:00,L36,22,24,-0.006418624226671308,0.615774,0.010423668791912791,0,SCUC
2024-09-02 22:00:00,L37,22,31,-0.003386077893512774,0.6056159999999999,0.0055911301773942145,0,SCUC
2024-09-02 22:00:00,L38,23,69,-0.006806348060331639,0.6124164000000001,0.011113921933396359,0,SCUC
2024-09-02 22:00:00,L39,23,71,-0.0023485332466281796,0.6132012,0.0038299553990243,0,SCUC
2024-09-02 22:00:00,L40,24,26,0.003823162611814075,0.6364799999999999,0.006006728588194563,0,SCUC
2024-09-02 22:00:00,L41,25,24,0.010181973918597154,0.626007,0.016264952178804956,0,SCUC
2024-09-02 22:00:00,L42,25,29,-0.010122160998703666,0.6538836,0.015480065563203705,0,SCUC
2024-09-02 22:00:00,L43,26,27,0.004996943489797921,0.6161172,0.008110378171227683,0,SCUC
2024-09-02 22:00:00,L44,26,31,-0.0007906162786555424,0.6208506,0.0012734404680538962,0,SCUC
2024-09-02 22:00:00,L45,26,114,-0.00032335167944007667,0.6206766,0.0005209664412031591,0,SCUC
2024-09-02 22:00:00,L46,27,28,0.005056756409686149,0.5977764000000001,0.008459277431638566,0,SCUC
2024-09-02 22:00:00,L47,28,30,-0.020750539185198213,0.6037248,0.03437085769078596,0,SCUC
2024-09-02 22:00:00,L48,29,16,-0.0023618375554191277,0.5757912000000001,0.004101899361121058,0,SCUC
2024-09-02 22:00:00,L49,29,37,0.007103650788337992,0.6011418,0.011816930362084274,0,SCUC
2024-09-02 22:00:00,L50,30,31,0.009906223007058599,0.6163218,0.016073134208555658,0,SCUC
2024-09-02 22:00:00,L51,31,112,-0.020281492599657697,0.6128004,0.03309640887907008,0,SCUC
2024-09-02 22:00:00,L52,31,113,0.0002037258396636183,0.6116604,0.0003330701802235657,0,SCUC
2024-09-02 22:00:00,L53,32,36,0.0158557241898415,0.5911674,0.026821039505631566,0,SCUC
2024-09-02 22:00:00,L54,33,35,0.014977764263920463,0.5653728,0.026491837357440016,0,SCUC
2024-09-02 22:00:00,L55,33,36,-0.006621485478119103,0.585876,0.011301854792002238,0,SCUC
2024-09-02 22:00:00,L56,33,42,-0.0010786975333063054,0.571017,0.0018890812940881012,0,SCUC
2024-09-02 22:00:00,L57,34,35,0.010829531330963899,0.5555952,0.019491765463351553,0,SCUC
2024-09-02 22:00:00,L58,34,36,-0.010769718411075671,0.5795148,0.01858402651852148,0,SCUC
2024-09-02 22:00:00,L59,36,38,0.0004321023416761643,0.5572416,0.0007754308753620769,0,SCUC
2024-09-02 22:00:00,L60,36,39,0.000924017603240556,0.5614716,0.0016457067521145434,0,SCUC
2024-09-02 22:00:00,L61,37,36,0.002831786724381933,0.5716464,0.004953738402589316,0,SCUC
2024-09-02 22:00:00,L62,37,64,0.004331676983844288,0.5968452,0.007257622217359355,0,SCUC
2024-09-02 22:00:00,L63,38,39,0.0004919152615643918,0.5576406,0.0008821367410557835,0,SCUC
2024-09-02 22:00:00,L64,39,40,0.0004719776216016158,0.540768,0.0008727913293715897,0,SCUC
2024-09-02 22:00:00,L65,39,41,0.001003768163091526,0.5395242,0.0018604692117453227,0,SCUC
2024-09-02 22:00:00,L66,40,41,0.0005317905414898767,0.5216406,0.001019457729114407,0,SCUC
2024-09-02 22:00:00,L67,41,48,0.0007976858122348326,0.5449836,0.001463687737089396,0,SCUC
2024-09-02 22:00:00,L68,41,48,0.0007976858122347974,0.5449836,0.0014636877370893316,0,SCUC
2024-09-02 22:00:00,L69,42,43,-0.0010188846134180517,0.546666,0.001863815590173985,0,SCUC
2024-09-02 22:00:00,L70,43,44,-0.0009590716935298242,0.5376726000000001,0.0017837466397391723,0,SCUC
2024-09-02 22:00:00,L71,44,45,-5.9898714343510086e-05,0.5448299999999999,0.00010994019114863369,0,SCUC
2024-09-02 22:00:00,L72,44,48,-0.0008393600592980867,0.5427324,0.0015465449626705292,0,SCUC
2024-09-02 22:00:00,L73,45,46,0.0004195513379661127,0.5515554,0.000760669441303834,0,SCUC
2024-09-02 22:00:00,L74,45,47,-0.00041963713242139535,0.53481,0.000784647131544652,0,SCUC
2024-09-02 22:00:00,L75,46,48,-0.0011990126829205436,0.558318,0.0021475443795839354,0,SCUC
2024-09-02 22:00:00,L76,46,68,0.0016783769407748839,0.5846544,0.0028707163424663935,0,SCUC
2024-09-02 22:00:00,L77,47,48,-0.0003598242125331679,0.5394336,0.0006670407859895415,0,SCUC
2024-09-02 22:00:00,L78,48,49,-0.00031997834942008396,0.5319617999999999,0.0006015062536822832,0,SCUC
2024-09-02 22:00:00,L79,48,50,-0.00039253301827212386,0.5364918000000001,0.0007316663894436482,0,SCUC
2024-09-02 22:00:00,L80,48,53,-0.0005395902684415972,0.5272223999999999,0.0010234585412941433,0,SCUC
2024-09-02 22:00:00,L81,48,53,-0.0005395902684415972,0.5272223999999999,0.0010234585412941433,0,SCUC
2024-09-02 22:00:00,L82,48,65,-0.0009143550647571011,0.5303658,0.001724008344348563,0,SCUC
2024-09-02 22:00:00,L83,48,65,-0.0009143550647571011,0.5303658,0.001724008344348563,0,SCUC
2024-09-02 22:00:00,L84,48,68,0.0028773896236955364,0.5728416,0.005023010940014721,0,SCUC
2024-09-02 22:00:00,L85,49,56,-0.0002601654295318565,0.5213615999999999,0.0004990114913178427,0,SCUC
2024-09-02 22:00:00,L86,50,51,-0.00010883200327807367,0.5273969999999999,0.00020635688727481136,0,SCUC
2024-09-02 22:00:00,L87,50,57,-0.00022388809510582273,0.5209296,0.0004297857044518544,0,SCUC
2024-09-02 22:00:00,L88,51,52,-4.9019083389846216e-05,0.5234639999999999,9.364365723305944e-05,0,SCUC
2024-09-02 22:00:00,L89,52,53,1.079383649838124e-05,0.5195375999999999,2.077585240872122e-05,0,SCUC
2024-09-02 22:00:00,L90,53,54,-0.0002670966750962033,0.5200085999999999,0.0005136389573099432,0,SCUC
2024-09-02 22:00:00,L91,53,55,-0.00024090602015395857,0.5277588,0.0004564699255681925,0,SCUC
2024-09-02 22:00:00,L92,53,58,-0.0005005710852464377,0.5313654,0.0009420468198464517,0,SCUC
2024-09-02 22:00:00,L93,54,55,2.6190654942244743e-05,0.5355816,4.8901334441371296e-05,0,SCUC
2024-09-02 22:00:00,L94,54,58,-0.0002334744101502206,0.5390868,0.000433092426210808,0,SCUC
2024-09-02 22:00:00,L95,55,56,0.00020035250964362908,0.5315304,0.0003769351849746112,0,SCUC
2024-09-02 22:00:00,L96,55,57,0.00016407517521759528,0.530583,0.00030923564308995064,0,SCUC
2024-09-02 22:00:00,L97,55,58,-0.0002596650650924792,0.5373923999999999,0.00048319452432241187,0,SCUC
2024-09-02 22:00:00,L98,55,58,-0.0002596650650924792,0.5373923999999999,0.00048319452432241187,0,SCUC
2024-09-02 22:00:00,L99,58,59,-0.00017106159085045203,0.5395601999999999,0.0003170389343959248,0,SCUC
2024-09-02 22:00:00,L100,58,60,-0.0003366066548966553,0.5406473999999999,0.0006225992299170501,0,SCUC
2024-09-02 22:00:00,L101,59,60,-0.00016554506404618794,0.536592,0.00030851198684696745,0,SCUC
2024-09-02 22:00:00,L102,59,61,5.429639308394949e-05,0.5302902,0.00010238996135314113,0,SCUC
2024-09-02 22:00:00,L103,60,61,0.00021984145713013743,0.5428578,0.0004049706150121403,0,SCUC
2024-09-02 22:00:00,L104,61,65,0.00024257148669744335,0.5296296,0.00045800213337291443,0,SCUC
2024-09-02 22:00:00,L105,61,66,9.137928340483478e-05,0.524439,0.00017424196790252972,0,SCUC
2024-09-02 22:00:00,L106,62,58,0.0006858944599462104,0.532617,0.0012877817642812947,0,SCUC
2024-09-02 22:00:00,L107,62,63,-0.0006260815400579815,0.556626,0.001124779546873451,0,SCUC
2024-09-02 22:00:00,L108,63,60,0.0006621802561847517,0.5506253999999999,0.0012025966404469388,0,SCUC
2024-09-02 22:00:00,L109,63,64,-0.0012284488763545044,0.577473,0.0021272836588974798,0,SCUC
2024-09-02 22:00:00,L110,64,65,0.0013751335196354692,0.5466366,0.0025156265051324207,0,SCUC
2024-09-02 22:00:00,L111,64,67,0.001787907507742543,0.567954,0.0031479794274581092,0,SCUC
2024-09-02 22:00:00,L112,65,66,-0.00015119220329306223,0.5196744,0.0002909364080529313,0,SCUC
2024-09-02 22:00:00,L113,67,68,0.0015011613694360124,0.5623458,0.002669463112262975,0,SCUC
2024-09-02 22:00:00,L114,68,69,0.004572533128149908,0.6235368,0.007333220955282685,0,SCUC
2024-09-02 22:00:00,L115,68,74,0.0016970731019412752,0.6184968,0.0027438672309077028,0,SCUC
2024-09-02 22:00:00,L116,68,76,-0.0001528653762968733,0.6145326,0.0002487506379594399,0,SCUC
2024-09-02 22:00:00,L117,69,70,0.002169094486963497,0.6410237999999999,0.003383797117928379,0,SCUC
2024-09-02 22:00:00,L118,69,73,-0.0014676364730483956,0.6252827999999999,0.002347156315587756,0,SCUC
2024-09-02 22:00:00,L119,69,74,-0.00287546002620855,0.6260652,0.004592908256533904,0,SCUC
2024-09-02 22:00:00,L120,70,71,0.0022887203267399395,0.6299076,0.0036334223094624347,0,SCUC
2024-09-02 22:00:00,L121,70,72,-5.981291988821358e-05,0.6393671999999999,9.35501850708225e-05,0,SCUC
2024-09-02 22:00:00,L122,73,74,-0.0014078235531601682,0.6149214,0.0022894365900425133,0,SCUC
2024-09-02 22:00:00,L123,74,76,-0.0018499384782382315,0.60531,0.003056183572447558,0,SCUC
2024-09-02 22:00:00,L124,74,117,-0.0006764590793009731,0.6070614,0.0011143173973851297,0,SCUC
2024-09-02 22:00:00,L125,75,76,-0.0005568332395245144,0.6078498,0.0009160704495164997,0,SCUC
2024-09-02 22:00:00,L126,75,117,0.000616646159412787,0.6089747999999999,0.00101259717054431,0,SCUC
2024-09-02 22:00:00,L127,76,77,-0.00030404440448082,0.6097788,0.0004986142589424559,0,SCUC
2024-09-02 22:00:00,L128,76,79,-0.0007326944537777724,0.6154464,0.0011905089602892672,0,SCUC
2024-09-02 22:00:00,L129,76,79,-0.0007326944537777724,0.6154464,0.0011905089602892672,0,SCUC
2024-09-02 22:00:00,L130,76,81,-0.0007303908621350756,0.5919732,0.0012338242037563114,0,SCUC
2024-09-02 22:00:00,L131,77,78,-0.0002442314845925908,0.6138294,0.000397881699039816,0,SCUC
2024-09-02 22:00:00,L132,78,79,-0.0001844185647043616,0.6241128,0.0002954891562941212,0,SCUC
2024-09-02 22:00:00,L133,79,95,-0.00023624924605080327,0.6117042,0.00038621485033256804,0,SCUC
2024-09-02 22:00:00,L134,79,96,-0.00014803108296950325,0.616302,0.0002401924429411283,0,SCUC
2024-09-02 22:00:00,L135,79,97,-0.0003697646626898577,0.6059586,0.0006102143986236975,0,SCUC
2024-09-02 22:00:00,L136,79,98,-0.0003697646626898577,0.6018252,0.000614405416539317,0,SCUC
2024-09-02 22:00:00,L137,80,67,-0.0004063719780829893,0.565767,0.000718267375232188,0,SCUC
2024-09-02 22:00:00,L138,80,79,0.00046618489797121813,0.5929476,0.0007862160129684614,0,SCUC
2024-09-02 22:00:00,L139,81,82,-0.00043202510455295695,0.552279,0.0007822587941112318,0,SCUC
2024-09-02 22:00:00,L140,81,95,-0.00023855283769388946,0.5843922,0.0004082067448776514,0,SCUC
2024-09-02 22:00:00,L141,82,83,-0.00014400836818431896,0.5261094,0.00027372323738051246,0,SCUC
2024-09-02 22:00:00,L142,82,84,-0.00022820381648040877,0.5332223999999999,0.00042797117390493876,0,SCUC
2024-09-02 22:00:00,L143,83,84,-8.419544829608979e-05,0.5286108,0.00015927682199472614,0,SCUC
2024-09-02 22:00:00,L144,84,85,-0.00011962583977645838,0.5218992,0.00022921253716514297,0,SCUC
2024-09-02 22:00:00,L145,84,87,-6.425780833334643e-05,0.5268846,0.00012195803091103143,0,SCUC
2024-09-02 22:00:00,L146,84,88,-6.870269677846368e-05,0.5358863999999999,0.00012820384465525472,0,SCUC
2024-09-02 22:00:00,L147,86,85,5.981291988822882e-05,0.5211551999999999,0.00011476988023573174,0,SCUC
2024-09-02 22:00:00,L148,87,88,-4.4448884451172394e-06,0.5389404,8.247458244208894e-06,0,SCUC
2024-09-02 22:00:00,L149,88,89,-3.101768205535094e-05,0.5405508,5.73816226992004e-05,0,SCUC
2024-09-02 22:00:00,L150,88,89,-3.101768205535094e-05,0.5405508,5.73816226992004e-05,0,SCUC
2024-09-02 22:00:00,L151,88,91,2.4350349387747272e-05,0.5607936,4.3421232674101973e-05,0,SCUC
2024-09-02 22:00:00,L152,88,91,2.4350349387747272e-05,0.5607936,4.3421232674101973e-05,0,SCUC
2024-09-02 22:00:00,L153,89,90,-2.22244422254832e-06,0.548058,4.055125958472132e-06,0,SCUC
2024-09-02 22:00:00,L154,90,91,5.759047566568087e-05,0.5493564,0.00010483262899218226,0,SCUC
2024-09-02 22:00:00,L155,91,92,4.534079975772147e-05,0.571842,7.928903395994256e-05,0,SCUC
2024-09-02 22:00:00,L156,91,93,0.00015049451940366,0.5851122,0.00025720625788294964,0,SCUC
2024-09-02 22:00:00,L157,91,99,2.2561271292048657e-05,0.5918994,3.811673283001919e-05,0,SCUC
2024-09-02 22:00:00,L158,91,101,-5.2292496124212974e-05,0.5727443999999999,9.130162795867228e-05,0,SCUC
2024-09-02 22:00:00,L159,92,93,0.00010515371964595066,0.5729886,0.0001835179960752285,0,SCUC
2024-09-02 22:00:00,L160,93,94,0.00012786049572042728,0.5835534,0.00021910676164413966,0,SCUC
2024-09-02 22:00:00,L161,93,95,0.00031553391132908376,0.587637,0.0005369537849541192,0,SCUC
2024-09-02 22:00:00,L162,93,99,-0.00012793324811161133,0.5862102,0.0002182378404736242,0,SCUC
2024-09-02 22:00:00,L163,94,95,0.00018767341560863016,0.5978538,0.00031391188884076704,0,SCUC
2024-09-02 22:00:00,L164,95,96,8.821816308127406e-05,0.597564,0.0001476296481737087,0,SCUC
2024-09-02 22:00:00,L165,97,99,-0.0003099517428016285,0.5988354,0.0005175908819044908,0,SCUC
2024-09-02 22:00:00,L166,98,99,-0.0003099517428016285,0.6025158,0.0005144292362152636,0,SCUC
2024-09-02 22:00:00,L167,99,100,-6.733334365222055e-05,0.5841647999999999,0.00011526429468571292,0,SCUC
2024-09-02 22:00:00,L168,99,102,-0.00022770159847105268,0.584937,0.00038927542362861755,0,SCUC
2024-09-02 22:00:00,L169,99,103,-0.00018108877124781158,0.5829390000000001,0.0003106478915423596,0,SCUC
2024-09-02 22:00:00,L170,99,105,-0.00018933882916342926,0.5795994,0.000326671886070671,0,SCUC
2024-09-02 22:00:00,L171,100,101,-7.520423764016219e-06,0.5715108,1.315884802879704e-05,0,SCUC
2024-09-02 22:00:00,L172,102,103,4.66128272232411e-05,0.582165,8.006806871461029e-05,0,SCUC
2024-09-02 22:00:00,L173,102,104,-2.8050196913100257e-05,0.5915532,4.7417877061776114e-05,0,SCUC
2024-09-02 22:00:00,L174,102,109,-0.00018645130889296437,0.596247,0.00031270817109849505,0,SCUC
2024-09-02 22:00:00,L175,103,104,-7.466302413634135e-05,0.5903322,0.00012647628595618087,0,SCUC
2024-09-02 22:00:00,L176,104,105,6.641296622072366e-05,0.578859,0.00011473081738510355,0,SCUC
2024-09-02 22:00:00,L177,104,106,3.3000231662472397e-06,0.5781875999999999,5.70753016191845e-06,0,SCUC
2024-09-02 22:00:00,L178,104,107,-0.00011261329054818332,0.5840784,0.00019280509354255065,0,SCUC
2024-09-02 22:00:00,L179,105,106,-6.311294305447643e-05,0.5706504,0.00011059826305996881,0,SCUC
2024-09-02 22:00:00,L180,107,108,-5.280037065995413e-05,0.578964,9.119802036042677e-05,0,SCUC
2024-09-02 22:00:00,L181,108,109,7.012549228275064e-06,0.5878068,1.1930023994746342e-05,0,SCUC
2024-09-02 22:00:00,L182,109,110,-5.981291988822882e-05,0.6057288,9.874537893563724e-05,0,SCUC
2024-09-02 22:00:00,L183,109,111,-5.981291988821358e-05,0.5960388000000001,0.00010035071523567521,0,SCUC
2024-09-02 22:00:00,L184,113,114,0.0002635387595518475,0.6102978,0.0004318199402846405,0,SCUC
2024-09-02 22:00:00,L185,115,67,5.9812919888241334e-05,0.5557782,0.00010762012595715581,0,SCUC
2024-09-02 23:00:00,L0,0,1,0.07405589325272516,0.6095742,0.12148790623475397,0,SCUC
2024-09-02 23:00:00,L1,0,2,0.07208465501477195,0.6201666,0.11623433931264912,0,SCUC
2024-09-02 23:00:00,L2,1,11,0.06603575750529365,0.6186144,0.10674785052739422,0,SCUC
2024-09-02 23:00:00,L3,2,4,0.06569087846520866,0.6391403999999999,0.10278004404855125,0,SCUC
2024-09-02 23:00:00,L4,2,11,0.06800699574324684,0.6320628,0.10759531448971026,0,SCUC
2024-09-02 23:00:00,L5,3,4,-0.0067660288621933205,0.6518382,0.010379920756705146,0,SCUC
2024-09-02 23:00:00,L6,3,10,0.007871955311816534,0.6415451999999999,0.012270305056941483,0,SCUC
2024-09-02 23:00:00,L7,4,5,0.007708133375407784,0.6315599999999999,0.012204910658382077,0,SCUC
2024-09-02 23:00:00,L8,4,10,0.014637984174009855,0.6252563999999999,0.023411170479838123,0,SCUC
2024-09-02 23:00:00,L9,5,6,0.008814059825030997,0.63285,0.013927565497402223,0,SCUC
2024-09-02 23:00:00,L10,6,11,-0.014206075922400488,0.6150018,0.023099242835387616,0,SCUC
2024-09-02 23:00:00,L11,7,4,-0.03768465850322092,0.6199242,0.060789139225764885,0,SCUC
2024-09-02 23:00:00,L12,7,8,-0.002211852899246427,0.6375762,0.003469158508812636,0,SCUC
2024-09-02 23:00:00,L13,7,29,0.016876375655035858,0.6356988,0.02654775446333367,0,SCUC
2024-09-02 23:00:00,L14,8,9,-0.0011059264496232136,0.6187656,0.0017873108162819872,0,SCUC
2024-09-02 23:00:00,L15,10,11,-0.012321866895971631,0.6262386,0.019675993935812375,0,SCUC
2024-09-02 23:00:00,L16,10,12,0.03593773283142123,0.6132324,0.05860377375921629,0,SCUC
2024-09-02 23:00:00,L17,11,13,0.042098666279407095,0.607494,0.06929890053137495,0,SCUC
2024-09-02 23:00:00,L18,11,15,0.06762799705000762,0.6119658,0.11050943868106293,0,SCUC
2024-09-02 23:00:00,L19,11,116,-0.0011059264496232138,0.6087342,0.0018167641141621643,0,SCUC
2024-09-02 23:00:00,L20,12,14,0.037043659281044444,0.6090096,0.06082606789949525,0,SCUC
2024-09-02 23:00:00,L21,13,14,0.04320459272903031,0.6118446,0.07061367008719259,0,SCUC
2024-09-02 23:00:00,L22,14,16,0.02693259934414634,0.6166554,0.04367528338217154,0,SCUC
2024-09-02 23:00:00,L23,14,18,0.04553401838464429,0.593742,0.07668990636445508,0,SCUC
2024-09-02 23:00:00,L24,14,32,0.008887560730907344,0.5867814,0.015146289113641544,0,SCUC
2024-09-02 23:00:00,L25,15,16,0.04460786130257613,0.6147756,0.07255958320820821,0,SCUC
2024-09-02 23:00:00,L26,16,17,0.008747746295437368,0.6064727999999999,0.014423971356072967,0,SCUC
2024-09-02 23:00:00,L27,16,30,0.045814269954483476,0.6108924,0.07499564563985978,0,SCUC
2024-09-02 23:00:00,L28,16,112,0.024327276363263876,0.6109806,0.039816773827620514,0,SCUC
2024-09-02 23:00:00,L29,17,18,0.009853672745060582,0.600036,0.016421802600278285,0,SCUC
2024-09-02 23:00:00,L30,18,19,0.04163186244283164,0.5957898,0.06987676264822197,0,SCUC
2024-09-02 23:00:00,L31,18,33,-0.009264307060558252,0.579297,0.015992327011115633,0,SCUC
2024-09-02 23:00:00,L32,19,20,0.018611726695400156,0.5985222,0.03109613427104317,0,SCUC
2024-09-02 23:00:00,L33,20,21,-0.004408409052031329,0.5971428,0.007382503903641356,0,SCUC
2024-09-02 23:00:00,L34,21,22,-0.027428544799462815,0.5938224,0.046189811633011515,0,SCUC
2024-09-02 23:00:00,L35,22,23,-0.024727822712346595,0.5983182,0.04132888271215315,0,SCUC
2024-09-02 23:00:00,L36,22,24,-0.0043472204864086934,0.615774,0.007059766223336311,0,SCUC
2024-09-02 23:00:00,L37,22,31,0.0027524248489153814,0.6056159999999999,0.004544835091733676,0,SCUC
2024-09-02 23:00:00,L38,23,69,-0.03470504239521035,0.6124164000000001,0.05666902845059398,0,SCUC
2024-09-02 23:00:00,L39,23,71,-0.013042916064567735,0.6132012,0.021270206360600296,0,SCUC
2024-09-02 23:00:00,L40,24,26,0.014762866024570352,0.6364799999999999,0.023194548178372226,0,SCUC
2024-09-02 23:00:00,L41,25,24,0.018004160061355832,0.626007,0.02876031747465417,0,SCUC
2024-09-02 23:00:00,L42,25,29,-0.01689823361173262,0.6538836,0.025842877251750343,0,SCUC
2024-09-02 23:00:00,L43,26,27,0.0030662843124237694,0.6161172,0.004976787391138843,0,SCUC
2024-09-02 23:00:00,L44,26,31,-0.007663220689246264,0.6208506,0.012343099433658055,0,SCUC
2024-09-02 23:00:00,L45,26,114,-0.003660333346038658,0.6206766,0.005897327764634043,0,SCUC
2024-09-02 23:00:00,L46,27,28,0.004172210762046984,0.5977764000000001,0.006979550818745911,0,SCUC
2024-09-02 23:00:00,L47,28,30,-0.0188479249853845,0.6037248,0.031219398284424466,0,SCUC
2024-09-02 23:00:00,L48,29,16,0.0062429055168389085,0.5757912000000001,0.010842307970040021,0,SCUC
2024-09-02 23:00:00,L49,29,37,-0.005158837023912455,0.6011418,0.008581730673049945,0,SCUC
2024-09-02 23:00:00,L50,30,31,0.003946209221667487,0.6163218,0.006402838941714356,0,SCUC
2024-09-02 23:00:00,L51,31,112,-0.02543320281288709,0.6128004,0.041503241206903733,0,SCUC
2024-09-02 23:00:00,L52,31,113,0.0014484804467922077,0.6116604,0.002368112185768782,0,SCUC
2024-09-02 23:00:00,L53,32,36,0.009993487180530558,0.5911674,0.01690466554909922,0,SCUC
2024-09-02 23:00:00,L54,33,35,-0.002476692634270017,0.5653728,0.00438063634166698,0,SCUC
2024-09-02 23:00:00,L55,33,36,-0.01738866341264802,0.585876,0.02967976741264025,0,SCUC
2024-09-02 23:00:00,L56,33,42,-0.012419086761071698,0.571017,0.021749066597092026,0,SCUC
2024-09-02 23:00:00,L57,34,35,0.0013707661846468033,0.5555952,0.0024672030727529745,0,SCUC
2024-09-02 23:00:00,L58,34,36,-0.013541204593731204,0.5795148,0.023366451717421546,0,SCUC
2024-09-02 23:00:00,L59,36,38,-0.005140647857905567,0.5572416,0.009225168863748806,0,SCUC
2024-09-02 23:00:00,L60,36,39,-0.00917536926618792,0.5614716,0.0163416444681938,0,SCUC
2024-09-02 23:00:00,L61,37,36,0.0055144372521316876,0.5716464,0.00964658791191843,0,SCUC
2024-09-02 23:00:00,L62,37,64,-0.009567347826420929,0.5968452,0.01602986473950185,0,SCUC
2024-09-02 23:00:00,L63,38,39,-0.004034721408282353,0.5576406,0.007235343711132857,0,SCUC
2024-09-02 23:00:00,L64,39,40,-0.004403363558156792,0.540768,0.008142796093993713,0,SCUC
2024-09-02 23:00:00,L65,39,41,-0.007700800666690302,0.5395242,0.014273318354747204,0,SCUC
2024-09-02 23:00:00,L66,40,41,-0.003297437108533544,0.5216406,0.0063212815653795815,0,SCUC
2024-09-02 23:00:00,L67,41,48,-0.004946155662800316,0.5449836,0.009075788083898884,0,SCUC
2024-09-02 23:00:00,L68,41,48,-0.004946155662800316,0.5449836,0.009075788083898884,0,SCUC
2024-09-02 23:00:00,L69,42,43,-0.011313160311448484,0.546666,0.020694830685370015,0,SCUC
2024-09-02 23:00:00,L70,43,44,-0.01020723386182527,0.5376726000000001,0.01898410642801078,0,SCUC
2024-09-02 23:00:00,L71,44,45,-0.003829799338220946,0.5448299999999999,0.007029347389499379,0,SCUC
2024-09-02 23:00:00,L72,44,48,-0.005271508073981111,0.5427324,0.009712904691116858,0,SCUC
2024-09-02 23:00:00,L73,45,46,-0.0014500552959060367,0.5515554,0.0026290292795719825,0,SCUC
2024-09-02 23:00:00,L74,45,47,-0.0012738175926916956,0.53481,0.002381813340610115,0,SCUC
2024-09-02 23:00:00,L75,46,48,8.346560145831633e-06,0.558318,1.4949473500463236e-05,0,SCUC
2024-09-02 23:00:00,L76,46,68,-0.0003524754064286545,0.5846544,0.0006028782241759481,0,SCUC
2024-09-02 23:00:00,L77,47,48,-0.00016789114306848185,0.5394336,0.0003112359761581071,0,SCUC
2024-09-02 23:00:00,L78,48,49,-0.0023735289981675484,0.5319617999999999,0.004461841053563524,0,SCUC
2024-09-02 23:00:00,L79,48,50,-0.003043276093907768,0.5364918000000001,0.005672549131054319,0,SCUC
2024-09-02 23:00:00,L80,48,53,-0.0027393586758691158,0.5272223999999999,0.005195831352896077,0,SCUC
2024-09-02 23:00:00,L81,48,53,-0.002739358675869121,0.5272223999999999,0.005195831352896086,0,SCUC
2024-09-02 23:00:00,L82,48,65,-0.001480546561246559,0.5303658,0.002791557376524955,0,SCUC
2024-09-02 23:00:00,L83,48,65,-0.001480546561246559,0.5303658,0.002791557376524955,0,SCUC
2024-09-02 23:00:00,L84,48,68,-0.0003608219665745293,0.5728416,0.0006298808720849346,0,SCUC
2024-09-02 23:00:00,L85,49,56,-0.0012676025485443346,0.5213615999999999,0.0024313308623886663,0,SCUC
2024-09-02 23:00:00,L86,50,51,-0.0010046206436103227,0.5273969999999999,0.001904866056519705,0,SCUC
2024-09-02 23:00:00,L87,50,57,-0.0009327290006742317,0.5209296,0.001790508737983466,0,SCUC
2024-09-02 23:00:00,L88,51,52,0.00010130580601289108,0.5234639999999999,0.0001935296524935642,0,SCUC
2024-09-02 23:00:00,L89,52,53,0.0012072322556361049,0.5195375999999999,0.002323666767595079,0,SCUC
2024-09-02 23:00:00,L90,53,54,-0.001067871274025533,0.5200085999999999,0.0020535646410954223,0,SCUC
2024-09-02 23:00:00,L91,53,55,-0.0010634489697638949,0.5277588,0.002015028398889597,0,SCUC
2024-09-02 23:00:00,L92,53,58,-0.00103423840268949,0.5313654,0.0019463788998860109,0,SCUC
2024-09-02 23:00:00,L93,54,55,4.422304261637931e-06,0.5355816,8.257013052050203e-06,0,SCUC
2024-09-02 23:00:00,L94,54,58,3.363287133604294e-05,0.5390868,6.23886011233125e-05,0,SCUC
2024-09-02 23:00:00,L95,55,56,0.00016167609892112078,0.5315304,0.00030417093532396415,0,SCUC
2024-09-02 23:00:00,L96,55,57,-0.0001731974489489821,0.530583,0.00032642856810146965,0,SCUC
2024-09-02 23:00:00,L97,55,58,2.9210567074405042e-05,0.5373923999999999,5.43561224059087e-05,0,SCUC
2024-09-02 23:00:00,L98,55,58,2.9210567074405042e-05,0.5373923999999999,5.43561224059087e-05,0,SCUC
2024-09-02 23:00:00,L99,58,59,-0.00019995830199513064,0.5395601999999999,0.00037059498086614,0,SCUC
2024-09-02 23:00:00,L100,58,60,4.2322800709833316e-05,0.5406473999999999,7.82817058027715e-05,0,SCUC
2024-09-02 23:00:00,L101,59,60,0.00024228110270496395,0.536592,0.0004515182908149282,0,SCUC
2024-09-02 23:00:00,L102,59,61,0.0006636870449231192,0.5302902,0.0012515544223203052,0,SCUC
2024-09-02 23:00:00,L103,60,61,0.0004214059422181551,0.5428578,0.0007762731643869815,0,SCUC
2024-09-02 23:00:00,L104,61,65,0.0018293217743840632,0.5296296,0.0034539643826252595,0,SCUC
2024-09-02 23:00:00,L105,61,66,0.0003616976623804246,0.524439,0.0006896849059288585,0,SCUC
2024-09-02 23:00:00,L106,62,58,-0.0003213775537038734,0.532617,0.000603393345882451,0,SCUC
2024-09-02 23:00:00,L107,62,63,0.001427304003327087,0.556626,0.0025642064929182018,0,SCUC
2024-09-02 23:00:00,L108,63,60,-0.0009691244108198558,0.5506253999999999,0.0017600430543521165,0,SCUC
2024-09-02 23:00:00,L109,63,64,0.003502354863770156,0.577473,0.00606496730370105,0,SCUC
2024-09-02 23:00:00,L110,64,65,-0.0014417792135177979,0.5466366,0.0026375460653710304,0,SCUC
2024-09-02 23:00:00,L111,64,67,-0.003517287299509758,0.567954,0.006192908755831913,0,SCUC
2024-09-02 23:00:00,L112,65,66,-0.0014676241120036384,0.5196744,0.002824122396646128,0,SCUC
2024-09-02 23:00:00,L113,67,68,0.003984443998253443,0.5623458,0.007085398340760158,0,SCUC
2024-09-02 23:00:00,L114,68,69,0.01780988821464005,0.6235368,0.02856268982783382,0,SCUC
2024-09-02 23:00:00,L115,68,74,0.0011689540667509102,0.6184968,0.0018899921014157394,0,SCUC
2024-09-02 23:00:00,L116,68,76,-0.0146017692065175,0.6145326,0.023760772343920405,0,SCUC
2024-09-02 23:00:00,L117,69,70,0.009725136715698093,0.6410237999999999,0.015171256848338695,0,SCUC
2024-09-02 23:00:00,L118,69,73,-0.00887343029875613,0.6252827999999999,0.014191067303876153,0,SCUC
2024-09-02 23:00:00,L119,69,74,-0.01664093414788904,0.6260652,0.02658019348126847,0,SCUC
2024-09-02 23:00:00,L120,70,71,0.011936989614944493,0.6299076,0.01895038195275703,0,SCUC
2024-09-02 23:00:00,L121,70,72,-0.0011059264496231863,0.6393671999999999,0.0017297203385209414,0,SCUC
2024-09-02 23:00:00,L122,73,74,-0.007767503849132917,0.6149214,0.012631701952693333,0,SCUC
2024-09-02 23:00:00,L123,74,76,-0.015770723273268467,0.60531,0.026053961231878652,0,SCUC
2024-09-02 23:00:00,L124,74,117,-0.006362834207379369,0.6070614,0.010481368453634787,0,SCUC
2024-09-02 23:00:00,L125,75,76,-0.004150981308132942,0.6078498,0.006828958910791682,0,SCUC
2024-09-02 23:00:00,L126,75,117,0.0052569077577561555,0.6089747999999999,0.008632389645279502,0,SCUC
2024-09-02 23:00:00,L127,76,77,-0.004091632079975095,0.6097788,0.0067100267834419546,0,SCUC
2024-09-02 23:00:00,L128,76,79,-0.008957116891055642,0.6154464,0.014553853741049817,0,SCUC
2024-09-02 23:00:00,L129,76,79,-0.008957116891055642,0.6154464,0.014553853741049817,0,SCUC
2024-09-02 23:00:00,L130,76,81,-0.01141168147620931,0.5919732,0.01927736167145626,0,SCUC
2024-09-02 23:00:00,L131,77,78,-0.002985705630351881,0.6138294,0.004864064234055718,0,SCUC
2024-09-02 23:00:00,L132,78,79,-0.0018797791807286524,0.6241128,0.0030119221729287596,0,SCUC
2024-09-02 23:00:00,L133,79,95,-0.00532580881485956,0.6117042,0.00870651013162826,0,SCUC
2024-09-02 23:00:00,L134,79,96,-0.0032158676322413867,0.616302,0.005218006159709666,0,SCUC
2024-09-02 23:00:00,L135,79,97,-0.0071651810075046216,0.6059586,0.011824538850516556,0,SCUC
2024-09-02 23:00:00,L136,79,98,-0.0071651810075046216,0.6018252,0.011905751051143458,0,SCUC
2024-09-02 23:00:00,L137,80,67,0.005289878398516774,0.565767,0.009349923905983866,0,SCUC
2024-09-02 23:00:00,L138,80,79,-0.00418395194889356,0.5929476,0.007056191725699809,0,SCUC
2024-09-02 23:00:00,L139,81,82,-0.007434510796880204,0.552279,0.013461512744247391,0,SCUC
2024-09-02 23:00:00,L140,81,95,-0.0028712442297058913,0.5843922,0.00491321449825287,0,SCUC
2024-09-02 23:00:00,L141,82,83,-0.002478170265626735,0.5261094,0.004710370629429421,0,SCUC
2024-09-02 23:00:00,L142,82,84,-0.003850414081630256,0.5332223999999999,0.007221028376959139,0,SCUC
2024-09-02 23:00:00,L143,83,84,-0.001372243816003521,0.5286108,0.0025959435864789764,0,SCUC
2024-09-02 23:00:00,L144,84,85,-0.0022118528992464276,0.5218992,0.004238084479237423,0,SCUC
2024-09-02 23:00:00,L145,84,87,-0.0010036016661290358,0.5268846,0.0019047845887487237,0,SCUC
2024-09-02 23:00:00,L146,84,88,-0.0009012768826350996,0.5358863999999999,0.0016818431716779895,0,SCUC
2024-09-02 23:00:00,L147,86,85,0.0011059264496232136,0.5211551999999999,0.0021220673795890625,0,SCUC
2024-09-02 23:00:00,L148,87,88,0.00010232478349431195,0.5389404,0.00018986289299208588,0,SCUC
2024-09-02 23:00:00,L149,88,89,-0.0005273820289381226,0.5405508,0.000975638235921809,0,SCUC
2024-09-02 23:00:00,L150,88,89,-0.0005273820289381226,0.5405508,0.000975638235921809,0,SCUC
2024-09-02 23:00:00,L151,88,91,0.000680869204179128,0.5607936,0.00121411728696463,0,SCUC
2024-09-02 23:00:00,L152,88,91,0.000680869204179128,0.5607936,0.00121411728696463,0,SCUC
2024-09-02 23:00:00,L153,89,90,5.1162391747008526e-05,0.548058,9.335214839854272e-05,0,SCUC
2024-09-02 23:00:00,L154,90,91,0.0011570888413702223,0.5493564,0.0021062626036034574,0,SCUC
2024-09-02 23:00:00,L155,91,92,0.0008813794212355827,0.571842,0.0015412988574389128,0,SCUC
2024-09-02 23:00:00,L156,91,93,0.0028686852920943792,0.5851122,0.004902795211062732,0,SCUC
2024-09-02 23:00:00,L157,91,99,0.0007354615767337092,0.5918994,0.001242544893158718,0,SCUC
2024-09-02 23:00:00,L158,91,101,-0.0008607725907119775,0.5727443999999999,0.0015028913258898343,0,SCUC
2024-09-02 23:00:00,L159,92,93,0.0019873058708587965,0.5729886,0.003468316596279222,0,SCUC
2024-09-02 23:00:00,L160,93,94,0.002329738292771291,0.5835534,0.003992330937959219,0,SCUC
2024-09-02 23:00:00,L161,93,95,0.005765403035165775,0.587637,0.009811164094782622,0,SCUC
2024-09-02 23:00:00,L162,93,99,-0.002133223715360677,0.5862102,0.0036390081840279765,0,SCUC
2024-09-02 23:00:00,L163,94,95,0.003435664742394512,0.5978538,0.0057466637201177145,0,SCUC
2024-09-02 23:00:00,L164,95,96,0.002109941182618173,0.597564,0.0035309041083769655,0,SCUC
2024-09-02 23:00:00,L165,97,99,-0.006059254557881408,0.5988354,0.010118397405833736,0,SCUC
2024-09-02 23:00:00,L166,98,99,-0.006059254557881408,0.6025158,0.010056590313285407,0,SCUC
2024-09-02 23:00:00,L167,99,100,-0.0013510803085344525,0.5841647999999999,0.0023128410142727747,0,SCUC
2024-09-02 23:00:00,L168,99,102,-0.0042101475875311305,0.584937,0.007197608610040278,0,SCUC
2024-09-02 23:00:00,L169,99,103,-0.0033482876647213163,0.5829390000000001,0.005743804522808245,0,SCUC
2024-09-02 23:00:00,L170,99,105,-0.00350082924397969,0.5795994,0.006040084313371771,0,SCUC
2024-09-02 23:00:00,L171,100,101,-0.00024515385891123637,0.5715108,0.00042895752610665693,0,SCUC
2024-09-02 23:00:00,L172,102,103,0.0008618599228098149,0.582165,0.0014804392617381924,0,SCUC
2024-09-02 23:00:00,L173,102,104,-0.0005186413694784728,0.5915532,0.0008767450999816632,0,SCUC
2024-09-02 23:00:00,L174,102,109,-0.0034474396912392595,0.596247,0.005781898594440324,0,SCUC
2024-09-02 23:00:00,L175,103,104,-0.0013805012922882877,0.5903322,0.0023385159953807156,0,SCUC
2024-09-02 23:00:00,L176,104,105,0.0012279597130299131,0.578859,0.0021213451169108766,0,SCUC
2024-09-02 23:00:00,L177,104,106,6.101663170334968e-05,0.5781875999999999,0.00010553085487020075,0,SCUC
2024-09-02 23:00:00,L178,104,107,-0.0020821925568768095,0.5840784,0.0035649196355777056,0,SCUC
2024-09-02 23:00:00,L179,105,106,-0.0011669430813265635,0.5706504,0.002044935185056496,0,SCUC
2024-09-02 23:00:00,L180,107,108,-0.0009762661072535956,0.578964,0.0016862293808485424,0,SCUC
2024-09-02 23:00:00,L181,108,109,0.0001296603423696182,0.5878068,0.0002205832637009613,0,SCUC
2024-09-02 23:00:00,L182,109,110,-0.0011059264496232136,0.6057288,0.0018257782189376064,0,SCUC
2024-09-02 23:00:00,L183,109,111,-0.0011059264496232346,0.5960388000000001,0.001855460499590353,0,SCUC
2024-09-02 23:00:00,L184,113,114,0.0025544068964154214,0.6102978,0.004185508937465318,0,SCUC
2024-09-02 23:00:00,L185,115,67,0.0011059264496232207,0.5557782,0.0019898701489609,0,SCUC
