timestamp,line_id,from_bus,to_bus,flow_mw,limit_mw,loading,overload_flag,selected_strategy
2024-09-01 00:00:00,L0,22,23,-0.03363167586989619,8557.522313524194,3.930071653654369e-06,0,Stochastic_UC
2024-09-01 00:00:00,L1,23,69,0.664547751413786,8369.11500037696,7.940478191348231e-05,0,Stochastic_UC
2024-09-01 00:00:00,L2,23,71,0.23181118010675072,8529.657600924333,2.7177079192678268e-05,0,Stochastic_UC
2024-09-01 00:00:00,L3,29,37,0.005680395175079792,9183.584403244553,6.185379178388031e-07,0,Stochastic_UC
2024-09-01 00:00:00,L4,32,36,-0.03363167586989619,9313.067654905435,3.6112349996922346e-06,0,Stochastic_UC
2024-09-01 00:00:00,L5,33,36,-0.019992010599060778,9273.203999289743,2.1558903050760033e-06,0,Stochastic_UC
2024-09-01 00:00:00,L6,33,42,-0.013639665270835415,9195.177953152428,1.483349788370247e-06,0,Stochastic_UC
2024-09-01 00:00:00,L7,34,36,-0.03363167586989619,9316.885972896613,3.6097550155419716e-06,0,Stochastic_UC
2024-09-01 00:00:00,L8,36,38,0.0032776512389008933,9178.102934041248,3.571164174618488e-07,0,Stochastic_UC
2024-09-01 00:00:00,L9,36,39,-0.02707637339209438,9126.773929756948,2.966697060810779e-06,0,Stochastic_UC
2024-09-01 00:00:00,L10,37,36,0.05777624501057997,9455.450895,6.110363815768087e-06,0,Stochastic_UC
2024-09-01 00:00:00,L11,37,64,-0.04641545466042038,9061.519498969434,5.122259535577803e-06,0,Stochastic_UC
2024-09-01 00:00:00,L12,38,39,-0.030354024630995298,9163.404835204066,3.3125268583988435e-06,0,Stochastic_UC
2024-09-01 00:00:00,L13,39,40,-0.019143466007696487,9060.431520884833,2.112864708879446e-06,0,Stochastic_UC
2024-09-01 00:00:00,L14,39,41,-0.07191860788528914,8928.082798281388,8.055324923636811e-06,0,Stochastic_UC
2024-09-01 00:00:00,L15,40,41,-0.052775141877592684,8867.02435940614,5.951843565379271e-06,0,Stochastic_UC
2024-09-01 00:00:00,L16,41,48,-0.07916271281638894,8724.748703005307,9.073351624341998e-06,0,Stochastic_UC
2024-09-01 00:00:00,L17,41,48,-0.07916271281638894,8724.748703005307,9.073351624341998e-06,0,Stochastic_UC
2024-09-01 00:00:00,L18,42,43,-0.0472713411407316,9065.968428461876,5.214152411156324e-06,0,Stochastic_UC
2024-09-01 00:00:00,L19,43,44,-0.0809030170106278,8884.508236523636,9.10607710149232e-06,0,Stochastic_UC
2024-09-01 00:00:00,L20,44,45,-0.05819901160988581,8735.399800559642,6.662432508945639e-06,0,Stochastic_UC
2024-09-01 00:00:00,L21,44,48,-0.056335681270638406,8713.45313435627,6.465368023672782e-06,0,Stochastic_UC
2024-09-01 00:00:00,L22,45,46,-0.10957819058435408,8604.80778142401,1.2734530900377648e-05,0,Stochastic_UC
2024-09-01 00:00:00,L23,45,47,0.017747503104571787,8622.454508764358,2.0582889810009673e-06,0,Stochastic_UC
2024-09-01 00:00:00,L24,46,48,0.11144152092360152,8616.654268912062,1.2933270553243645e-05,0,Stochastic_UC
2024-09-01 00:00:00,L25,46,68,-0.2546513873778519,8637.907955443714,2.9480678503568396e-05,0,Stochastic_UC
2024-09-01 00:00:00,L26,47,48,-0.015884172765324407,8612.558759052197,1.8443035582926394e-06,0,Stochastic_UC
2024-09-01 00:00:00,L27,48,49,0.03889519300240926,8763.579818910137,4.438276800820692e-06,0,Stochastic_UC
2024-09-01 00:00:00,L28,48,50,0.05011143998957418,8801.693700854736,5.693386033725286e-06,0,Stochastic_UC
2024-09-01 00:00:00,L29,48,53,0.04257541950755559,8726.162381535616,4.8790542332382355e-06,0,Stochastic_UC
2024-09-01 00:00:00,L30,48,53,0.04257541950755559,8726.162381535616,4.8790542332382355e-06,0,Stochastic_UC
2024-09-01 00:00:00,L31,48,65,0.026747650120563866,8768.22278271066,3.0505212724869816e-06,0,Stochastic_UC
2024-09-01 00:00:00,L32,48,65,0.026747650120563866,8768.22278271066,3.0505212724869816e-06,0,Stochastic_UC
2024-09-01 00:00:00,L33,48,68,-0.3660929083014534,8714.302034454127,4.201058293068285e-05,0,Stochastic_UC
2024-09-01 00:00:00,L34,49,56,0.019558815694322516,8887.98699447567,2.200590044346296e-06,0,Stochastic_UC
2024-09-01 00:00:00,L35,50,51,0.016824370480747218,8961.78932951385,1.8773450102581121e-06,0,Stochastic_UC
2024-09-01 00:00:00,L36,50,57,0.013950692200740026,8904.057193062856,1.5667792668278232e-06,0,Stochastic_UC
2024-09-01 00:00:00,L37,51,52,-0.002512006827339525,8980.239913273395,2.7972602643127727e-07,0,Stochastic_UC
2024-09-01 00:00:00,L38,52,53,-0.021848384135426266,8817.309997756947,2.477896789495245e-06,0,Stochastic_UC
2024-09-01 00:00:00,L39,53,54,0.015825613719921028,8771.109043043374,1.8042887897366628e-06,0,Stochastic_UC
2024-09-01 00:00:00,L40,53,55,0.016101027575411948,8793.374479895738,1.831040815130036e-06,0,Stochastic_UC
2024-09-01 00:00:00,L41,53,58,0.012039436276264283,8814.378693745572,1.3658859795537397e-06,0,Stochastic_UC
2024-09-01 00:00:00,L42,54,55,0.00027541385549092096,8823.401289071366,3.121402353444443e-08,0,Stochastic_UC
2024-09-01 00:00:00,L43,54,58,-0.0037861774436567424,8842.59682597801,4.281748357601935e-07,0,Stochastic_UC
2024-09-01 00:00:00,L44,55,56,-0.0002224383862357755,8880.454305444073,2.504808634614694e-08,0,Stochastic_UC
2024-09-01 00:00:00,L45,55,57,0.005385685107346716,8874.17590961829,6.068941118813559e-07,0,Stochastic_UC
2024-09-01 00:00:00,L46,55,58,-0.004061591299147663,8870.745660243276,4.5786357254619743e-07,0,Stochastic_UC
2024-09-01 00:00:00,L47,55,58,-0.004061591299147663,8870.745660243276,4.5786357254619743e-07,0,Stochastic_UC
2024-09-01 00:00:00,L48,58,59,0.002534292084065637,8923.758605129855,2.839937963593939e-07,0,Stochastic_UC
2024-09-01 00:00:00,L49,58,60,-0.006845622943760529,8975.808308272744,7.626748153089583e-07,0,Stochastic_UC
2024-09-01 00:00:00,L50,59,60,-0.009379915027826166,9013.527191804465,1.040648663750062e-06,0,Stochastic_UC
2024-09-01 00:00:00,L51,59,61,-0.007422170196193974,8991.095439830888,8.255023257025482e-07,0,Stochastic_UC
2024-09-01 00:00:00,L52,60,61,0.001957744831632191,8998.593479878899,2.1756120398257372e-07,0,Stochastic_UC
2024-09-01 00:00:00,L53,61,65,-0.022979327551127672,8869.924479332287,2.590701601199824e-06,0,Stochastic_UC
2024-09-01 00:00:00,L54,61,66,-0.0018214751215204915,8974.786163256958,2.0295470982669924e-07,0,Stochastic_UC
2024-09-01 00:00:00,L55,62,58,0.01489497021408023,9151.63623,1.6275745494836204e-06,0,Stochastic_UC
2024-09-01 00:00:00,L56,62,63,-0.009214575039000437,9055.053998632286,1.0176167961441474e-06,0,Stochastic_UC
2024-09-01 00:00:00,L57,63,60,0.012502887628139059,9286.462845,1.3463562862226752e-06,0,Stochastic_UC
2024-09-01 00:00:00,L58,63,64,-0.016037067492059427,9024.718813502743,1.7770157523428697e-06,0,Stochastic_UC
2024-09-01 00:00:00,L59,64,65,0.009978257047694145,9114.030585,1.0948237395775805e-06,0,Stochastic_UC
2024-09-01 00:00:00,L60,64,67,-0.06675038402509323,9280.0422,7.19289660397161e-06,0,Stochastic_UC
2024-09-01 00:00:00,L61,65,66,0.021157852429607233,8873.787841002126,2.384309024365615e-06,0,Stochastic_UC
2024-09-01 00:00:00,L62,67,68,-0.04816520523013043,9057.648105,5.317628226641118e-06,0,Stochastic_UC
2024-09-01 00:00:00,L63,68,69,-0.4516479608528359,8420.516767526793,5.3636608455503415e-05,0,Stochastic_UC
2024-09-01 00:00:00,L64,68,74,-0.17982741568774036,8644.20367576129,2.080323676222299e-05,0,Stochastic_UC
2024-09-01 00:00:00,L65,68,76,-0.031753729193779334,8772.21088072141,3.6198091479497093e-06,0,Stochastic_UC
2024-09-01 00:00:00,L66,69,70,-0.21311411922746648,8288.746682949235,2.57112597813929e-05,0,Stochastic_UC
2024-09-01 00:00:00,L67,69,73,0.14200463659613882,8248.720177110687,1.7215353842428364e-05,0,Stochastic_UC
2024-09-01 00:00:00,L68,69,74,0.27182054516509563,8303.48289566836,3.273572651144919e-05,0,Stochastic_UC
2024-09-01 00:00:00,L69,70,71,-0.2196224520795687,8396.647082734396,2.6155970343348992e-05,0,Stochastic_UC
2024-09-01 00:00:00,L70,70,72,0.012188728027182018,8300.53773206355,1.4684263141289097e-06,0,Stochastic_UC
2024-09-01 00:00:00,L71,73,74,0.1298159085689568,8383.76805553548,1.5484196092858788e-05,0,Stochastic_UC
2024-09-01 00:00:00,L72,74,76,0.14807368649396102,8777.463666633046,1.6869757838685615e-05,0,Stochastic_UC
2024-09-01 00:00:00,L73,74,117,0.06154662352516902,8669.909756683744,7.09887706474937e-06,0,Stochastic_UC
2024-09-01 00:00:00,L74,75,76,0.03716916747080499,8849.57513127223,4.200107566685124e-06,0,Stochastic_UC
2024-09-01 00:00:00,L75,75,117,-0.049357895497987,8849.727586800007,5.577335009905591e-06,0,Stochastic_UC
2024-09-01 00:00:00,L76,76,77,0.025266611555262875,8947.739166669726,2.823798401430928e-06,0,Stochastic_UC
2024-09-01 00:00:00,L77,76,79,0.039233650584242566,8937.334076898851,4.389860583331375e-06,0,Stochastic_UC
2024-09-01 00:00:00,L78,76,79,0.039233650584242566,8937.334076898851,4.389860583331375e-06,0,Stochastic_UC
2024-09-01 00:00:00,L79,76,81,0.037566484020057266,9010.679045353694,4.169106882064367e-06,0,Stochastic_UC
2024-09-01 00:00:00,L80,77,78,0.013077883528080859,9077.704039202454,1.4406598267142726e-06,0,Stochastic_UC
2024-09-01 00:00:00,L81,78,79,0.0008891555008988403,9054.024923819781,9.820555039114213e-08,0,Stochastic_UC
2024-09-01 00:00:00,L82,79,95,0.011521861401507905,9128.405896883849,1.2621986282885499e-06,0,Stochastic_UC
2024-09-01 00:00:00,L83,79,96,0.011855294714344971,9101.393549280201,1.3025801653508948e-06,0,Stochastic_UC
2024-09-01 00:00:00,L84,79,97,0.012188728027182018,9012.071934493852,1.3524889854162686e-06,0,Stochastic_UC
2024-09-01 00:00:00,L85,79,98,0.012188728027182018,9002.539999109344,1.3539210076698239e-06,0,Stochastic_UC
2024-09-01 00:00:00,L86,80,67,0.025093511647064953,9251.58069,2.7123485691681248e-06,0,Stochastic_UC
2024-09-01 00:00:00,L87,80,79,-0.01941311647198516,9325.39905,2.081746461239657e-06,0,Stochastic_UC
2024-09-01 00:00:00,L88,81,82,0.012188728027182018,9213.04296908937,1.3229861260906253e-06,0,Stochastic_UC
2024-09-01 00:00:00,L89,81,95,0.01318902796569323,9184.277382916272,1.4360441672010273e-06,0,Stochastic_UC
2024-09-01 00:00:00,L90,93,95,-0.012188728027182018,9263.426056121772,1.31579050270791e-06,0,Stochastic_UC
2024-09-01 00:00:00,L91,95,96,0.00033343331283704664,9190.618146912511,3.6279748272324855e-08,0,Stochastic_UC
2024-09-01 00:00:00,L92,115,67,-0.012188728027182018,9110.738835,1.337841886144025e-06,0,Stochastic_UC
2024-09-01 01:00:00,L0,22,23,-0.02935160807529922,8557.522313524194,3.429918964851816e-06,0,Stochastic_UC
2024-09-01 01:00:00,L1,23,69,0.551152426215201,8369.11500037696,6.5855520708029e-05,0,Stochastic_UC
2024-09-01 01:00:00,L2,23,71,0.19140055939243544,8529.657600924333,2.243941883103185e-05,0,Stochastic_UC
2024-09-01 01:00:00,L3,29,37,0.0064390465360802465,9183.584403244553,7.01147422765052e-07,0,Stochastic_UC
2024-09-01 01:00:00,L4,32,36,-0.02935160807529922,9313.067654905435,3.151658418355735e-06,0,Stochastic_UC
2024-09-01 01:00:00,L5,33,36,-0.018487865684068946,9273.203999289743,1.99368693770621e-06,0,Stochastic_UC
2024-09-01 01:00:00,L6,33,42,-0.010863742391230278,9195.177953152428,1.181460809848254e-06,0,Stochastic_UC
2024-09-01 01:00:00,L7,34,36,-0.02935160807529922,9316.885972896613,3.1503667814208344e-06,0,Stochastic_UC
2024-09-01 01:00:00,L8,36,38,0.0035509423727653876,9178.102934041248,3.868928468425727e-07,0,Stochastic_UC
2024-09-01 01:00:00,L9,36,39,-0.022249723329768434,9126.773929756948,2.4378519179954047e-06,0,Stochastic_UC
2024-09-01 01:00:00,L10,37,36,0.05205325434158386,9455.450895,5.5051054592340365e-06,0,Stochastic_UC
2024-09-01 01:00:00,L11,37,64,-0.039175161269423366,9061.519498969434,4.323244161630812e-06,0,Stochastic_UC
2024-09-01 01:00:00,L12,38,39,-0.025800665702533834,9163.404835204066,2.8156199760390984e-06,0,Stochastic_UC
2024-09-01 01:00:00,L13,39,40,-0.016016796344100696,9060.431520884833,1.767774118393923e-06,0,Stochastic_UC
2024-09-01 01:00:00,L14,39,41,-0.061385200763500604,8928.082798281388,6.875518759225324e-06,0,Stochastic_UC
2024-09-01 01:00:00,L15,40,41,-0.04536840441939992,8867.02435940614,5.116530933094045e-06,0,Stochastic_UC
2024-09-01 01:00:00,L16,41,48,-0.06805260662909987,8724.748703005307,7.799950341911696e-06,0,Stochastic_UC
2024-09-01 01:00:00,L17,41,48,-0.06805260662909987,8724.748703005307,7.799950341911696e-06,0,Stochastic_UC
2024-09-01 01:00:00,L18,42,43,-0.0402153504665295,9065.968428461876,4.435858207963382e-06,0,Stochastic_UC
2024-09-01 01:00:00,L19,43,44,-0.06956695854182872,8884.508236523636,7.830141712947429e-06,0,Stochastic_UC
2024-09-01 01:00:00,L20,44,45,-0.04938922161027953,8735.399800559642,5.653916562252292e-06,0,Stochastic_UC
2024-09-01 01:00:00,L21,44,48,-0.04952934500684937,8713.45313435627,5.684238411928807e-06,0,Stochastic_UC
2024-09-01 01:00:00,L22,45,46,-0.09334657202494329,8604.80778142401,1.0848187942845059e-05,0,Stochastic_UC
2024-09-01 01:00:00,L23,45,47,0.014605742339364682,8622.454508764358,1.6939193270916728e-06,0,Stochastic_UC
2024-09-01 01:00:00,L24,46,48,0.09320644862837345,8616.654268912062,1.0817011535980042e-05,0,Stochastic_UC
2024-09-01 01:00:00,L25,46,68,-0.21590462872861602,8637.907955443714,2.4995013820742362e-05,0,Stochastic_UC
2024-09-01 01:00:00,L26,47,48,-0.01474586573593454,8612.558759052197,1.7121352838883047e-06,0,Stochastic_UC
2024-09-01 01:00:00,L27,48,49,0.032307381024893604,8763.579818910137,3.6865506667926305e-06,0,Stochastic_UC
2024-09-01 01:00:00,L28,48,50,0.04167862384465272,8801.693700854736,4.735295871589498e-06,0,Stochastic_UC
2024-09-01 01:00:00,L29,48,53,0.03483874279281164,8726.162381535616,3.992447225888177e-06,0,Stochastic_UC
2024-09-01 01:00:00,L30,48,53,0.03483874279281164,8726.162381535616,3.992447225888177e-06,0,Stochastic_UC
2024-09-01 01:00:00,L31,48,65,0.02096839347447571,8768.22278271066,2.3914074715142466e-06,0,Stochastic_UC
2024-09-01 01:00:00,L32,48,65,0.02096839347447571,8768.22278271066,2.3914074715142466e-06,0,Stochastic_UC
2024-09-01 01:00:00,L33,48,68,-0.30911107735698945,8714.302034454127,3.5471696543778615e-05,0,Stochastic_UC
2024-09-01 01:00:00,L34,49,56,0.015970556444641466,8887.98699447567,1.7968699160527539e-06,0,Stochastic_UC
2024-09-01 01:00:00,L35,50,51,0.014056864229638442,8961.78932951385,1.5685332150517073e-06,0,Stochastic_UC
2024-09-01 01:00:00,L36,50,57,0.011284935034761898,8904.057193062856,1.2673924695310787e-06,0,Stochastic_UC
2024-09-01 01:00:00,L37,51,52,-0.0022799603506136945,8980.239913273395,2.5388635188284455e-07,0,Stochastic_UC
2024-09-01 01:00:00,L38,52,53,-0.018616784930865833,8817.309997756947,2.1113905415145654e-06,0,Stochastic_UC
2024-09-01 01:00:00,L39,53,54,0.012765175163689283,8771.109043043374,1.4553661459509183e-06,0,Stochastic_UC
2024-09-01 01:00:00,L40,53,55,0.013072926541112768,8793.374479895738,1.4866791549707515e-06,0,Stochastic_UC
2024-09-01 01:00:00,L41,53,58,0.008885774369703042,8814.378693745572,1.0080999102078664e-06,0,Stochastic_UC
2024-09-01 01:00:00,L42,54,55,0.0003077513774234856,8823.401289071366,3.487899590429661e-08,0,Stochastic_UC
2024-09-01 01:00:00,L43,54,58,-0.0038794007939862425,8842.59682597801,4.3871736666645693e-07,0,Stochastic_UC
2024-09-01 01:00:00,L44,55,56,0.00036626813561067373,8880.454305444073,4.124430158782944e-08,0,Stochastic_UC
2024-09-01 01:00:00,L45,55,57,0.00505188954549024,8874.17590961829,5.692798516665352e-07,0,Stochastic_UC
2024-09-01 01:00:00,L46,55,58,-0.004187152171409728,8870.745660243276,4.720180615904275e-07,0,Stochastic_UC
2024-09-01 01:00:00,L47,55,58,-0.004187152171409728,8870.745660243276,4.720180615904275e-07,0,Stochastic_UC
2024-09-01 01:00:00,L48,58,59,0.0017454856037550002,8923.758605129855,1.955998230108557e-07,0,Stochastic_UC
2024-09-01 01:00:00,L49,58,60,-0.00688173869633992,8975.808308272744,7.666984922123637e-07,0,Stochastic_UC
2024-09-01 01:00:00,L50,59,60,-0.00862722430009492,9013.527191804465,9.571418731547411e-07,0,Stochastic_UC
2024-09-01 01:00:00,L51,59,61,-0.005964114676402158,8991.095439830888,6.63335709904814e-07,0,Stochastic_UC
2024-09-01 01:00:00,L52,60,61,0.002663109623692761,8998.593479878899,2.959473199503397e-07,0,Stochastic_UC
2024-09-01 01:00:00,L53,61,65,-0.018537494615391815,8869.924479332287,2.0899269952732773e-06,0,Stochastic_UC
2024-09-01 01:00:00,L54,61,66,-0.0011003350175698549,8974.786163256958,1.2260292307293728e-07,0,Stochastic_UC
2024-09-01 01:00:00,L55,62,58,0.014568502254769397,9151.63623,1.5919013702721657e-06,0,Stochastic_UC
2024-09-01 01:00:00,L56,62,63,-0.00812945571868915,9055.053998632286,8.977810314457604e-07,0,Stochastic_UC
2024-09-01 01:00:00,L57,63,60,0.011733026084047166,9286.462845,1.2634548029624046e-06,0,Stochastic_UC
2024-09-01 01:00:00,L58,63,64,-0.01342343526665581,9024.718813502743,1.4874075906466723e-06,0,Stochastic_UC
2024-09-01 01:00:00,L59,64,65,0.010374691844513673,9114.030585,1.1383209380039261e-06,0,Stochastic_UC
2024-09-01 01:00:00,L60,64,67,-0.05653424184450937,9280.0422,6.092024219944751e-06,0,Stochastic_UC
2024-09-01 01:00:00,L61,65,66,0.017437159597821994,8873.787841002126,1.9650187620276483e-06,0,Stochastic_UC
2024-09-01 01:00:00,L62,67,68,-0.038341470908842254,9057.648105,4.233049293190912e-06,0,Stochastic_UC
2024-09-01 01:00:00,L63,68,69,-0.3765015113272128,8420.516767526793,4.471239969251861e-05,0,Stochastic_UC
2024-09-01 01:00:00,L64,68,74,-0.15110984072591038,8644.20367576129,1.74810597244057e-05,0,Stochastic_UC
2024-09-01 01:00:00,L65,68,76,-0.029306778405244,8772.21088072141,3.3408656955170995e-06,0,Stochastic_UC
2024-09-01 01:00:00,L66,69,70,-0.17818074026305852,8288.746682949235,2.1496704758705413e-05,0,Stochastic_UC
2024-09-01 01:00:00,L67,69,73,0.11761055171701551,8248.720177110687,1.4258036300391444e-05,0,Stochastic_UC
2024-09-01 01:00:00,L68,69,74,0.22539167060130244,8303.48289566836,2.7144232538719566e-05,0,Stochastic_UC
2024-09-01 01:00:00,L69,70,71,-0.1815711265597069,8396.647082734396,2.162424176824848e-05,0,Stochastic_UC
2024-09-01 01:00:00,L70,70,72,0.009829432832728599,8300.53773206355,1.1841922957303344e-06,0,Stochastic_UC
2024-09-01 01:00:00,L71,73,74,0.10778111888428693,8383.76805553548,1.2855928046950582e-05,0,Stochastic_UC
2024-09-01 01:00:00,L72,74,76,0.12180306232066637,8777.463666633046,1.3876794817584122e-05,0,Stochastic_UC
2024-09-01 01:00:00,L73,74,117,0.050430453606284065,8669.909756683744,5.816721860040883e-06,0,Stochastic_UC
2024-09-01 01:00:00,L74,75,76,0.030771587940826864,8849.57513127223,3.4771825182982643e-06,0,Stochastic_UC
2024-09-01 01:00:00,L75,75,117,-0.040601020773555464,8849.727586800007,4.587827181721927e-06,0,Stochastic_UC
2024-09-01 01:00:00,L76,76,77,0.020312979864042607,8947.739166669726,2.2701801522901265e-06,0,Stochastic_UC
2024-09-01 01:00:00,L77,76,79,0.031450641093942,8937.334076898851,3.519018179619733e-06,0,Stochastic_UC
2024-09-01 01:00:00,L78,76,79,0.031450641093942,8937.334076898851,3.519018179619733e-06,0,Stochastic_UC
2024-09-01 01:00:00,L79,76,81,0.03022417697159436,9010.679045353694,3.3542618507957274e-06,0,Stochastic_UC
2024-09-01 01:00:00,L80,77,78,0.010483547031314006,9077.704039202454,1.154867683066154e-06,0,Stochastic_UC
2024-09-01 01:00:00,L81,78,79,0.0006541141985854093,9054.024923819781,7.224568124001216e-08,0,Stochastic_UC
2024-09-01 01:00:00,L82,79,95,0.009338847183789504,9128.405896883849,1.023053454160873e-06,0,Stochastic_UC
2024-09-01 01:00:00,L83,79,96,0.009584140008259034,9101.393549280201,1.0530409388809488e-06,0,Stochastic_UC
2024-09-01 01:00:00,L84,79,97,0.009829432832728599,9012.071934493852,1.0906962243728087e-06,0,Stochastic_UC
2024-09-01 01:00:00,L85,79,98,0.009829432832728599,9002.539999109344,1.091851059112324e-06,0,Stochastic_UC
2024-09-01 01:00:00,L86,80,67,0.02158315723231541,9251.58069,2.3329156341515307e-06,0,Stochastic_UC
2024-09-01 01:00:00,L87,80,79,-0.015144110696235162,9325.39905,1.623963823428571e-06,0,Stochastic_UC
2024-09-01 01:00:00,L88,81,82,0.009829432832728599,9213.04296908937,1.066904047414874e-06,0,Stochastic_UC
2024-09-01 01:00:00,L89,81,95,0.010565311306137165,9184.277382916272,1.150369361207422e-06,0,Stochastic_UC
2024-09-01 01:00:00,L90,93,95,-0.009829432832728599,9263.426056121772,1.0611012354584272e-06,0,Stochastic_UC
2024-09-01 01:00:00,L91,95,96,0.00024529282446956546,9190.618146912511,2.6689480571224573e-08,0,Stochastic_UC
2024-09-01 01:00:00,L92,115,67,-0.009829432832728599,9110.738835,1.0788842717088596e-06,0,Stochastic_UC
2024-09-01 02:00:00,L0,22,23,-0.0252703914225509,8557.522313524194,2.953003275564226e-06,0,Stochastic_UC
2024-09-01 02:00:00,L1,23,69,0.40096046456586854,8369.11500037696,4.790954175534792e-05,0,Stochastic_UC
2024-09-01 02:00:00,L2,23,71,0.1369456238612393,8529.657600924333,1.605523108528986e-05,0,Stochastic_UC
2024-09-01 02:00:00,L3,29,37,0.009324668763514522,9183.584403244553,1.0153626682213673e-06,0,Stochastic_UC
2024-09-01 02:00:00,L4,32,36,-0.0252703914225509,9313.067654905435,2.7134336782403085e-06,0,Stochastic_UC
2024-09-01 02:00:00,L5,33,36,-0.018571547419746877,9273.203999289743,2.0027109746716794e-06,0,Stochastic_UC
2024-09-01 02:00:00,L6,33,42,-0.006698844002804023,9195.177953152428,7.285170593688647e-07,0,Stochastic_UC
2024-09-01 02:00:00,L7,34,36,-0.0252703914225509,9316.885972896613,2.7123216379446957e-06,0,Stochastic_UC
2024-09-01 02:00:00,L8,36,38,0.0048191444798154955,9178.102934041248,5.250697790652865e-07,0,Stochastic_UC
2024-09-01 02:00:00,L9,36,39,-0.015632102462919906,9126.773929756948,1.7127741503438553e-06,0,Stochastic_UC
2024-09-01 02:00:00,L10,37,36,0.048974703518229676,9455.450895,5.179520687281796e-06,0,Stochastic_UC
2024-09-01 02:00:00,L11,37,64,-0.03032536599120063,9061.519498969434,3.346609362221152e-06,0,Stochastic_UC
2024-09-01 02:00:00,L12,38,39,-0.020451246942735403,9163.404835204066,2.2318392901474333e-06,0,Stochastic_UC
2024-09-01 02:00:00,L13,39,40,-0.01202778313521841,9060.431520884833,1.327506654345729e-06,0,Stochastic_UC
2024-09-01 02:00:00,L14,39,41,-0.04932595769298773,8928.082798281388,5.524809615619015e-06,0,Stochastic_UC
2024-09-01 02:00:00,L15,40,41,-0.037298174557769306,8867.02435940614,4.2063913491117685e-06,0,Stochastic_UC
2024-09-01 02:00:00,L16,41,48,-0.05594726183665403,8724.748703005307,6.412478312112595e-06,0,Stochastic_UC
2024-09-01 02:00:00,L17,41,48,-0.05594726183665403,8724.748703005307,6.412478312112595e-06,0,Stochastic_UC
2024-09-01 02:00:00,L18,42,43,-0.031969235425354924,9065.968428461876,3.5262901782218974e-06,0,Stochastic_UC
2024-09-01 02:00:00,L19,43,44,-0.057239626847905824,8884.508236523636,6.442633100681638e-06,0,Stochastic_UC
2024-09-01 02:00:00,L20,44,45,-0.03894085513421295,8735.399800559642,4.457821739506206e-06,0,Stochastic_UC
2024-09-01 02:00:00,L21,44,48,-0.043569163136243774,8713.45313435627,5.000217762629025e-06,0,Stochastic_UC
2024-09-01 02:00:00,L22,45,46,-0.07453228826702377,8604.80778142401,8.661702871262676e-06,0,Stochastic_UC
2024-09-01 02:00:00,L23,45,47,0.010321041710260034,8622.454508764358,1.1969957858019587e-06,0,Stochastic_UC
2024-09-01 02:00:00,L24,46,48,0.06990398026499295,8616.654268912062,8.112659285541814e-06,0,Stochastic_UC
2024-09-01 02:00:00,L25,46,68,-0.16970665995456774,8637.907955443714,1.964673168896371e-05,0,Stochastic_UC
2024-09-01 02:00:00,L26,47,48,-0.014949349712290866,8612.558759052197,1.7357617092107974e-06,0,Stochastic_UC
2024-09-01 02:00:00,L27,48,49,0.023635256788553466,8763.579818910137,2.6969865371172954e-06,0,Stochastic_UC
2024-09-01 02:00:00,L28,48,50,0.030637771663201103,8801.693700854736,3.480895007767182e-06,0,Stochastic_UC
2024-09-01 02:00:00,L29,48,53,0.024077979988988252,8726.162381535616,2.7592862631042454e-06,0,Stochastic_UC
2024-09-01 02:00:00,L30,48,53,0.024077979988988252,8726.162381535616,2.7592862631042454e-06,0,Stochastic_UC
2024-09-01 02:00:00,L31,48,65,0.011991112998132972,8768.22278271066,1.367564818468945e-06,0,Stochastic_UC
2024-09-01 02:00:00,L32,48,65,0.011991112998132972,8768.22278271066,1.367564818468945e-06,0,Stochastic_UC
2024-09-01 02:00:00,L33,48,68,-0.2396106402195607,8714.302034454127,2.7496251480864598e-05,0,Stochastic_UC
2024-09-01 02:00:00,L34,49,56,0.010944887251844542,8887.98699447567,1.2314247600325405e-06,0,Stochastic_UC
2024-09-01 02:00:00,L35,50,51,0.010503772311971306,8961.78932951385,1.1720619538978946e-06,0,Stochastic_UC
2024-09-01 02:00:00,L36,50,57,0.0074436298145207245,8904.057193062856,8.359818061725896e-07,0,Stochastic_UC
2024-09-01 02:00:00,L37,51,52,-0.0021865972247376163,8980.239913273395,2.434898450213651e-07,0,Stochastic_UC
2024-09-01 02:00:00,L38,52,53,-0.014876966761446538,8817.309997756947,1.687245516515935e-06,0,Stochastic_UC
2024-09-01 02:00:00,L39,53,54,0.008319748304132419,8771.109043043374,9.485400607043026e-07,0,Stochastic_UC
2024-09-01 02:00:00,L40,53,55,0.008756681766545371,8793.374479895738,9.9582723180569e-07,0,Stochastic_UC
2024-09-01 02:00:00,L41,53,58,0.0035121936091429924,8814.378693745572,3.984618463959511e-07,0,Stochastic_UC
2024-09-01 02:00:00,L42,54,55,0.000436933462412951,8823.401289071366,4.951984479660188e-08,0,Stochastic_UC
2024-09-01 02:00:00,L43,54,58,-0.0048075546949894275,8842.59682597801,5.436813177850277e-07,0,Stochastic_UC
2024-09-01 02:00:00,L44,55,56,0.0017454822848643808,8880.454305444073,1.9655326459979986e-07,0,Stochastic_UC
2024-09-01 02:00:00,L45,55,57,0.005246739722188198,8874.17590961829,5.912368399753616e-07,0,Stochastic_UC
2024-09-01 02:00:00,L46,55,58,-0.005244488157402379,8870.745660243276,5.912116476190966e-07,0,Stochastic_UC
2024-09-01 02:00:00,L47,55,58,-0.005244488157402379,8870.745660243276,5.912116476190966e-07,0,Stochastic_UC
2024-09-01 02:00:00,L48,58,59,0.0003128195587716598,8923.758605129855,3.505468632822882e-08,0,Stochastic_UC
2024-09-01 02:00:00,L49,58,60,-0.008240326883381017,8975.808308272744,9.180595886596804e-07,0,Stochastic_UC
2024-09-01 02:00:00,L50,59,60,-0.008553146442152678,9013.527191804465,9.489233526614989e-07,0,Stochastic_UC
2024-09-01 02:00:00,L51,59,61,-0.0038244035357840782,8991.095439830888,4.2535457012744277e-07,0,Stochastic_UC
2024-09-01 02:00:00,L52,60,61,0.004728742906368599,8998.593479878899,5.254980033204298e-07,0,Stochastic_UC
2024-09-01 02:00:00,L53,61,65,-0.012087476622985854,8869.924479332287,1.3627485387446927e-06,0,Stochastic_UC
2024-09-01 02:00:00,L54,61,66,0.0003014464568615388,8974.786163256958,3.35881492191613e-08,0,Stochastic_UC
2024-09-01 02:00:00,L55,62,58,0.016547199612750457,9151.63623,1.808113783905335e-06,0,Stochastic_UC
2024-09-01 02:00:00,L56,62,63,-0.007222530849235935,9055.053998632286,7.976242715202865e-07,0,Stochastic_UC
2024-09-01 02:00:00,L57,63,60,0.012197547468387571,9286.462845,1.313476150389699e-06,0,Stochastic_UC
2024-09-01 02:00:00,L58,63,64,-0.010095409554108942,9024.718813502743,1.1186397895305323e-06,0,Stochastic_UC
2024-09-01 02:00:00,L59,64,65,0.013184543243275998,9114.030585,1.4466204738192677e-06,0,Stochastic_UC
2024-09-01 02:00:00,L60,64,67,-0.04428065002506719,9280.0422,4.771600071502605e-06,0,Stochastic_UC
2024-09-01 02:00:00,L61,65,66,0.012388923079847384,8873.787841002126,1.3961256795664263e-06,0,Stochastic_UC
2024-09-01 02:00:00,L62,67,68,-0.02358290742222,9057.648105,2.603645797323675e-06,0,Stochastic_UC
2024-09-01 02:00:00,L63,68,69,-0.27906069688311946,8420.516767526793,3.3140566616920705e-05,0,Stochastic_UC
2024-09-01 02:00:00,L64,68,74,-0.1152148267302894,8644.20367576129,1.3328564556311488e-05,0,Stochastic_UC
2024-09-01 02:00:00,L65,68,76,-0.029300015219424935,8772.21088072141,3.3400947170361867e-06,0,Stochastic_UC
2024-09-01 02:00:00,L66,69,70,-0.1334695754371779,8288.746682949235,1.6102503857638442e-05,0,Stochastic_UC
2024-09-01 02:00:00,L67,69,73,0.085123114373309,8248.720177110687,1.0319554130289994e-05,0,Stochastic_UC
2024-09-01 02:00:00,L68,69,74,0.1638458701528301,8303.48289566836,1.9732186145442996e-05,0,Stochastic_UC
2024-09-01 02:00:00,L69,70,71,-0.13054526526745136,8396.647082734396,1.5547308822337554e-05,0,Stochastic_UC
2024-09-01 02:00:00,L70,70,72,0.006400358593787939,8300.53773206355,7.710775856200802e-07,0,Stochastic_UC
2024-09-01 02:00:00,L71,73,74,0.07872275577952106,8383.76805553548,9.389901445036215e-06,0,Stochastic_UC
2024-09-01 02:00:00,L72,74,76,0.08591481151086447,8777.463666633046,9.788113602505016e-06,0,Stochastic_UC
2024-09-01 02:00:00,L73,74,117,0.03503862909740943,8669.909756683744,4.041406436831445e-06,0,Stochastic_UC
2024-09-01 02:00:00,L74,75,76,0.022237911909833555,8849.57513127223,2.512879045599627e-06,0,Stochastic_UC
2024-09-01 02:00:00,L75,75,117,-0.028638270503621492,8849.727586800007,3.236062378500497e-06,0,Stochastic_UC
2024-09-01 02:00:00,L76,76,77,0.013052828581522723,8947.739166669726,1.458785100726274e-06,0,Stochastic_UC
2024-09-01 02:00:00,L77,76,79,0.01995740996320433,8937.334076898851,2.233038374921005e-06,0,Stochastic_UC
2024-09-01 02:00:00,L78,76,79,0.01995740996320433,8937.334076898851,2.233038374921005e-06,0,Stochastic_UC
2024-09-01 02:00:00,L79,76,81,0.019484701099554004,9010.679045353694,2.1624009690591723e-06,0,Stochastic_UC
2024-09-01 02:00:00,L80,77,78,0.006652469987734783,9077.704039202454,7.328361840180961e-07,0,Stochastic_UC
2024-09-01 02:00:00,L81,78,79,0.0002521113939468436,9054.024923819781,2.784522862131474e-08,0,Stochastic_UC
2024-09-01 02:00:00,L82,79,95,0.006211275048327766,9128.405896883849,6.804337053469654e-07,0,Stochastic_UC
2024-09-01 02:00:00,L83,79,96,0.006305816821057848,9101.393549280201,6.928408036543541e-07,0,Stochastic_UC
2024-09-01 02:00:00,L84,79,97,0.006400358593787939,9012.071934493852,7.101983473179417e-07,0,Stochastic_UC
2024-09-01 02:00:00,L85,79,98,0.006400358593787939,9002.539999109344,7.109503089595994e-07,0,Stochastic_UC
2024-09-01 02:00:00,L86,80,67,0.01777343243312059,9251.58069,1.9211238629018094e-06,0,Stochastic_UC
2024-09-01 02:00:00,L87,80,79,-0.00844876366960607,9325.39905,9.059948667404287e-07,0,Stochastic_UC
2024-09-01 02:00:00,L88,81,82,0.006400358593787939,9213.04296908937,6.9470625669084e-07,0,Stochastic_UC
2024-09-01 02:00:00,L89,81,95,0.0066839839119781225,9184.277382916272,7.277637241674603e-07,0,Stochastic_UC
2024-09-01 02:00:00,L90,93,95,-0.006400358593787939,9263.426056121772,6.909278009034504e-07,0,Stochastic_UC
2024-09-01 02:00:00,L91,95,96,9.454177273009179e-05,9190.618146912511,1.0286769749198215e-08,0,Stochastic_UC
2024-09-01 02:00:00,L92,115,67,-0.006400358593787939,9110.738835,7.025070863847168e-07,0,Stochastic_UC
2024-09-01 03:00:00,L0,22,23,-0.019770029933461247,8557.522313524194,2.3102516369974233e-06,0,SCUC
2024-09-01 03:00:00,L1,23,69,0.12777075524317782,8369.11500037696,1.5266937452457376e-05,0,SCUC
2024-09-01 03:00:00,L2,23,71,0.03954169108245246,8529.657600924333,4.635788789243715e-06,0,SCUC
2024-09-01 03:00:00,L3,29,37,0.013694929343308395,9183.584403244553,1.4912401021185135e-06,0,SCUC
2024-09-01 03:00:00,L4,32,36,-0.019770029933461247,9313.067654905435,2.122826834941745e-06,0,SCUC
2024-09-01 03:00:00,L5,33,36,0.031068466431152006,9273.203999289743,3.3503486425545707e-06,0,SCUC
2024-09-01 03:00:00,L6,33,42,0.031041431028050293,9195.177953152428,3.37583798662735e-06,0,SCUC
2024-09-01 03:00:00,L7,34,36,-0.019770029933461247,9316.885972896613,2.121956841692972e-06,0,SCUC
2024-09-01 03:00:00,L8,36,38,0.017962365758406956,9178.102934041248,1.957089159654682e-06,0,SCUC
2024-09-01 03:00:00,L9,36,39,0.016154701583352693,9126.773929756948,1.7700341552979503e-06,0,SCUC
2024-09-01 03:00:00,L10,37,36,0.028893731434221713,9455.450895,3.055775103173619e-06,0,SCUC
2024-09-01 03:00:00,L11,37,64,-0.0015038727476049227,9061.519498969434,1.659625350666583e-07,0,SCUC
2024-09-01 03:00:00,L12,38,39,-0.001807664175054291,9163.404835204066,1.972699239598787e-07,0,SCUC
2024-09-01 03:00:00,L13,39,40,0.0047823458027661525,9060.431520884833,5.278275975865566e-07,0,SCUC
2024-09-01 03:00:00,L14,39,41,-0.01020533832792897,8928.082798281388,1.1430604485313967e-06,0,SCUC
2024-09-01 03:00:00,L15,40,41,-0.014987684130695095,8867.02435940614,1.6902721277399175e-06,0,SCUC
2024-09-01 03:00:00,L16,41,48,-0.022481526196042656,8724.748703005307,2.5767534356947976e-06,0,SCUC
2024-09-01 03:00:00,L17,41,48,-0.022481526196042656,8724.748703005307,2.5767534356947976e-06,0,SCUC
2024-09-01 03:00:00,L18,42,43,0.011271401094589045,9065.968428461876,1.2432649841580511e-06,0,SCUC
2024-09-01 03:00:00,L19,43,44,-0.008498628838872202,8884.508236523636,9.565671630462214e-07,0,SCUC
2024-09-01 03:00:00,L20,44,45,-0.008990758979099067,8735.399800559642,1.0292326836057424e-06,0,SCUC
2024-09-01 03:00:00,L21,44,48,-0.019277899793234243,8713.45313435627,2.2124293888978897e-06,0,SCUC
2024-09-01 03:00:00,L22,45,46,-0.033502233472223475,8604.80778142401,3.89343194214609e-06,0,SCUC
2024-09-01 03:00:00,L23,45,47,0.0047414445596630495,8622.454508764358,5.498949927591468e-07,0,SCUC
2024-09-01 03:00:00,L24,46,48,0.0232150926580883,8616.654268912062,2.694211921887802e-06,0,SCUC
2024-09-01 03:00:00,L25,46,68,-0.076487356063773,8637.907955443714,8.854847314686855e-06,0,SCUC
2024-09-01 03:00:00,L26,47,48,-0.015028585373798198,8612.558759052197,1.7449617232512302e-06,0,SCUC
2024-09-01 03:00:00,L27,48,49,0.010995117500676412,8763.579818910137,1.2546376854982301e-06,0,SCUC
2024-09-01 03:00:00,L28,48,50,0.014589866501454662,8801.693700854736,1.657620339598711e-06,0,SCUC
2024-09-01 03:00:00,L29,48,53,0.007963375506503723,8726.162381535616,9.125862158322959e-07,0,SCUC
2024-09-01 03:00:00,L30,48,53,0.007963375506503723,8726.162381535616,9.125862158322959e-07,0,SCUC
2024-09-01 03:00:00,L31,48,65,-0.0027323425135624135,8768.22278271066,3.116187374880684e-07,0,SCUC
2024-09-01 03:00:00,L32,48,65,-0.0027323425135624135,8768.22278271066,3.116187374880684e-07,0,SCUC
2024-09-01 03:00:00,L33,48,68,-0.09970244872186129,8714.302034454127,1.1441243180195412e-05,0,SCUC
2024-09-01 03:00:00,L34,49,56,0.003394163667858675,8887.98699447567,3.818821595900532e-07,0,SCUC
2024-09-01 03:00:00,L35,50,51,0.005392123501167417,8961.78932951385,6.016793413575951e-07,0,SCUC
2024-09-01 03:00:00,L36,50,57,0.0015967891674695655,8904.057193062856,1.7933276177893633e-07,0,SCUC
2024-09-01 03:00:00,L37,51,52,-0.0022088303316503202,8980.239913273395,2.4596562597236644e-07,0,SCUC
2024-09-01 03:00:00,L38,52,53,-0.009809784164468057,8817.309997756947,1.1125597452016077e-06,0,SCUC
2024-09-01 03:00:00,L39,53,54,0.0015292417121348656,8771.109043043374,1.7434986894248593e-07,0,SCUC
2024-09-01 03:00:00,L40,53,55,0.0022191154970723215,8793.374479895738,2.5236221909414614e-07,0,SCUC
2024-09-01 03:00:00,L41,53,58,-0.00523234419348545,8814.378693745572,5.936146352774892e-07,0,SCUC
2024-09-01 03:00:00,L42,54,55,0.0006898737849374559,8823.401289071366,7.818683094374629e-08,0,SCUC
2024-09-01 03:00:00,L43,54,58,-0.006761585905620315,8842.59682597801,7.646606578008797e-07,0,SCUC
2024-09-01 03:00:00,L44,55,56,0.004206790164959062,8880.454305444073,4.737133957640131e-07,0,SCUC
2024-09-01 03:00:00,L45,55,57,0.006004164665348172,8874.17590961829,6.765884208854309e-07,0,SCUC
2024-09-01 03:00:00,L46,55,58,-0.007451459690557771,8870.745660243276,8.400037579651921e-07,0,SCUC
2024-09-01 03:00:00,L47,55,58,-0.007451459690557771,8870.745660243276,8.400037579651921e-07,0,SCUC
2024-09-01 03:00:00,L48,58,59,-0.0021239923154063867,8923.758605129855,2.3801543826896012e-07,0,SCUC
2024-09-01 03:00:00,L49,58,60,-0.011108363426794998,8975.808308272744,1.2375892003572245e-06,0,SCUC
2024-09-01 03:00:00,L50,59,60,-0.008984371111388612,9013.527191804465,9.967652973363897e-07,0,SCUC
2024-09-01 03:00:00,L51,59,61,-0.0007405750368353337,8991.095439830888,8.236760935208837e-08,0,SCUC
2024-09-01 03:00:00,L52,60,61,0.008243796074553278,8998.593479878899,9.161205129431207e-07,0,SCUC
2024-09-01 03:00:00,L53,61,65,-0.002598806474338966,8869.924479332287,2.929908231343363e-07,0,SCUC
2024-09-01 03:00:00,L54,61,66,0.0025010736792393917,8974.786163256958,2.7867780175965215e-07,0,SCUC
2024-09-01 03:00:00,L55,62,58,0.021265447570838043,9151.63623,2.3236771038962116e-06,0,SCUC
2024-09-01 03:00:00,L56,62,63,-0.00757051822752965,9055.053998632286,8.3605445408422e-07,0,SCUC
2024-09-01 03:00:00,L57,63,60,0.014641601269428303,9286.462845,1.57666072796615e-06,0,SCUC
2024-09-01 03:00:00,L58,63,64,-0.00851719015364949,9024.718813502743,9.437623852508412e-07,0,SCUC
2024-09-01 03:00:00,L59,64,65,0.020764325487860003,9114.030585,2.278281304216185e-06,0,SCUC
2024-09-01 03:00:00,L60,64,67,-0.017090459045806094,9280.0422,1.8416359190485249e-06,0,SCUC
2024-09-01 03:00:00,L61,65,66,0.0050998801535783456,8873.787841002126,5.747128785312959e-07,0,SCUC
2024-09-01 03:00:00,L62,67,68,0.003264091698757937,9057.648105,3.60368570396999e-07,0,SCUC
2024-09-01 03:00:00,L63,68,69,-0.09635983662043339,8420.516767526793,1.1443458790087468e-05,0,SCUC
2024-09-01 03:00:00,L64,68,74,-0.04346644741392053,8644.20367576129,5.0283923244199205e-06,0,SCUC
2024-09-01 03:00:00,L65,68,76,-0.01940449970921393,8772.21088072141,2.2120420921319825e-06,0,SCUC
2024-09-01 03:00:00,L66,69,70,-0.05020378886076888,8288.746682949235,6.056861282061255e-06,0,SCUC
2024-09-01 03:00:00,L67,69,73,0.027204902494504427,8248.720177110687,3.2980755693465165e-06,0,SCUC
2024-09-01 03:00:00,L68,69,74,0.05289338920651286,8303.48289566836,6.370024466974637e-06,0,SCUC
2024-09-01 03:00:00,L69,70,71,-0.038025275299956474,8396.647082734396,4.528626120079042e-06,0,SCUC
2024-09-01 03:00:00,L70,70,72,0.0015164157824959865,8300.53773206355,1.8268886082383951e-07,0,SCUC
2024-09-01 03:00:00,L71,73,74,0.025688486712008442,8383.76805553548,3.064074118205992e-06,0,SCUC
2024-09-01 03:00:00,L72,74,76,0.0240619477047066,8777.463666633046,2.741332646716217e-06,0,SCUC
2024-09-01 03:00:00,L73,74,117,0.009537065017398186,8669.909756683744,1.1000189488761334e-06,0,SCUC
2024-09-01 03:00:00,L74,75,76,0.006504233452406213,8849.57513127223,7.349769176400171e-07,0,SCUC
2024-09-01 03:00:00,L75,75,117,-0.0080206492349022,8849.727586800007,9.063159465908944e-07,0,SCUC
2024-09-01 03:00:00,L76,76,77,0.0021669475105854734,8947.739166669726,2.4217821621995196e-07,0,SCUC
2024-09-01 03:00:00,L77,76,79,0.001951595184268462,8937.334076898851,2.1836435423320805e-07,0,SCUC
2024-09-01 03:00:00,L78,76,79,0.001951595184268462,8937.334076898851,2.1836435423320805e-07,0,SCUC
2024-09-01 03:00:00,L79,76,81,0.0035751277862806526,9010.679045353694,3.9676563423087933e-07,0,SCUC
2024-09-01 03:00:00,L80,77,78,0.0006505317280894868,9077.704039202454,7.166258398380666e-08,0,SCUC
2024-09-01 03:00:00,L81,78,79,-0.0008658840544064997,9054.024923819781,9.563526295675293e-08,0,SCUC
2024-09-01 03:00:00,L82,79,95,0.0021658288233008804,9128.405896883849,2.372625459216517e-07,0,SCUC
2024-09-01 03:00:00,L83,79,96,0.0018411223028984378,9101.393549280201,2.0229015402196798e-07,0,SCUC
2024-09-01 03:00:00,L84,79,97,0.0015164157824959865,9012.071934493852,1.6826494434558167e-07,0,SCUC
2024-09-01 03:00:00,L85,79,98,0.0015164157824959865,9002.539999109344,1.6844310412905818e-07,0,SCUC
2024-09-01 03:00:00,L86,80,67,0.008176037183751608,9251.58069,8.837448926526747e-07,0,SCUC
2024-09-01 03:00:00,L87,80,79,0.005518892159556788,9325.39905,5.918129755055134e-07,0,SCUC
2024-09-01 03:00:00,L88,81,82,0.0015164157824959865,9213.04296908937,1.6459445457746204e-07,0,SCUC
2024-09-01 03:00:00,L89,81,95,0.0005422962212886795,9184.277382916272,5.904615014104515e-08,0,SCUC
2024-09-01 03:00:00,L90,93,95,-0.0015164157824959865,9263.426056121772,1.6369923755086888e-07,0,SCUC
2024-09-01 03:00:00,L91,95,96,-0.0003247065204024513,9190.618146912511,3.5330215575492374e-08,0,SCUC
2024-09-01 03:00:00,L92,115,67,-0.0015164157824959865,9110.738835,1.6644267934346803e-07,0,SCUC
2024-09-01 04:00:00,L0,22,23,-0.024884314308256286,8557.522313524194,2.9078877502813458e-06,0,Stochastic_UC
2024-09-01 04:00:00,L1,23,69,0.44001509009740236,8369.11500037696,5.25760597240668e-05,0,Stochastic_UC
2024-09-01 04:00:00,L2,23,71,0.1519543965056234,8529.657600924333,1.7814829576413077e-05,0,Stochastic_UC
2024-09-01 04:00:00,L3,29,37,0.0068598490003344255,9183.584403244553,7.469685799273371e-07,0,Stochastic_UC
2024-09-01 04:00:00,L4,32,36,-0.024884314308256286,9313.067654905435,2.671978260047222e-06,0,Stochastic_UC
2024-09-01 04:00:00,L5,33,36,-0.01665744567542912,9273.203999289743,1.7962988495351717e-06,0,Stochastic_UC
2024-09-01 04:00:00,L6,33,42,-0.008226868632827164,9195.177953152428,8.946937921964529e-07,0,Stochastic_UC
2024-09-01 04:00:00,L7,34,36,-0.024884314308256286,9316.885972896613,2.6708832093304852e-06,0,Stochastic_UC
2024-09-01 04:00:00,L8,36,38,0.0036632834047003217,9178.102934041248,3.991329614656355e-07,0,Stochastic_UC
2024-09-01 04:00:00,L9,36,39,-0.017557747498855636,9126.773929756948,1.923762726455876e-06,0,Stochastic_UC
2024-09-01 04:00:00,L10,37,36,0.045671761197451914,9455.450895,4.830204471962615e-06,0,Stochastic_UC
2024-09-01 04:00:00,L11,37,64,-0.031952063196783065,9061.519498969434,3.526126407432768e-06,0,Stochastic_UC
2024-09-01 04:00:00,L12,38,39,-0.021221030903555965,9163.404835204066,2.3158456147248654e-06,0,Stochastic_UC
2024-09-01 04:00:00,L13,39,40,-0.012926259467470527,9060.431520884833,1.426671504295875e-06,0,Stochastic_UC
2024-09-01 04:00:00,L14,39,41,-0.05073683324319733,8928.082798281388,5.682836325505843e-06,0,Stochastic_UC
2024-09-01 04:00:00,L15,40,41,-0.03781057377572681,8867.02435940614,4.26417840339159e-06,0,Stochastic_UC
2024-09-01 04:00:00,L16,41,48,-0.056715860663590245,8724.748703005307,6.500572405489917e-06,0,Stochastic_UC
2024-09-01 04:00:00,L17,41,48,-0.056715860663590245,8724.748703005307,6.500572405489917e-06,0,Stochastic_UC
2024-09-01 04:00:00,L18,42,43,-0.03311118294108345,9065.968428461876,3.6522499722295044e-06,0,Stochastic_UC
2024-09-01 04:00:00,L19,43,44,-0.05799549724933972,8884.508236523636,6.52771044895023e-06,0,Stochastic_UC
2024-09-01 04:00:00,L20,44,45,-0.04054547329977504,8735.399800559642,4.641513179188141e-06,0,Stochastic_UC
2024-09-01 04:00:00,L21,44,48,-0.04233433825782197,8713.45313435627,4.858503007367071e-06,0,Stochastic_UC
2024-09-01 04:00:00,L22,45,46,-0.07697751228313578,8604.80778142401,8.94587238186938e-06,0,Stochastic_UC
2024-09-01 04:00:00,L23,45,47,0.01154772467510467,8622.454508764358,1.3392618845790256e-06,0,Stochastic_UC
2024-09-01 04:00:00,L24,46,48,0.07518864732508884,8616.654268912062,8.725967757156184e-06,0,Stochastic_UC
2024-09-01 04:00:00,L25,46,68,-0.177050473916481,8637.907955443714,2.0496916015978342e-05,0,Stochastic_UC
2024-09-01 04:00:00,L26,47,48,-0.013336589633151614,8612.558759052197,1.5485049224348387e-06,0,Stochastic_UC
2024-09-01 04:00:00,L27,48,49,0.025841581565347913,8763.579818910137,2.9487472128212607e-06,0,Stochastic_UC
2024-09-01 04:00:00,L28,48,50,0.03339169281758471,8801.693700854736,3.793780373695807e-06,0,Stochastic_UC
2024-09-01 04:00:00,L29,48,53,0.027344246864525336,8726.162381535616,3.133593631306382e-06,0,Stochastic_UC
2024-09-01 04:00:00,L30,48,53,0.027344246864525336,8726.162381535616,3.133593631306382e-06,0,Stochastic_UC
2024-09-01 04:00:00,L31,48,65,0.015531184520238217,8768.22278271066,1.7713035931138619e-06,0,Stochastic_UC
2024-09-01 04:00:00,L32,48,65,0.015531184520238217,8768.22278271066,1.7713035931138619e-06,0,Stochastic_UC
2024-09-01 04:00:00,L33,48,68,-0.2522391212415698,8714.302034454127,2.89454187202005e-05,0,Stochastic_UC
2024-09-01 04:00:00,L34,49,56,0.012500599369306437,8887.98699447567,1.4064601328823036e-06,0,Stochastic_UC
2024-09-01 04:00:00,L35,50,51,0.011325166878355006,8961.78932951385,1.2637171508883665e-06,0,Stochastic_UC
2024-09-01 04:00:00,L36,50,57,0.00872554374318803,8904.057193062856,9.79951448423545e-07,0,Stochastic_UC
2024-09-01 04:00:00,L37,51,52,-0.0020158153176864724,8980.239913273395,2.2447232336264898e-07,0,Stochastic_UC
2024-09-01 04:00:00,L38,52,53,-0.015356797513727951,8817.309997756947,1.7416646933854653e-06,0,Stochastic_UC
2024-09-01 04:00:00,L39,53,54,0.009832924053830738,8771.109043043374,1.1210582385393466e-06,0,Stochastic_UC
2024-09-01 04:00:00,L40,53,55,0.010157551243393976,8793.374479895738,1.1551368893269757e-06,0,Stochastic_UC
2024-09-01 04:00:00,L41,53,58,0.006000238722056628,8814.378693745572,6.807330307142605e-07,0,Stochastic_UC
2024-09-01 04:00:00,L42,54,55,0.0003246271895632387,8823.401289071366,3.679161571913553e-08,0,Stochastic_UC
2024-09-01 04:00:00,L43,54,58,-0.0038326853317741105,8842.59682597801,4.334343640449996e-07,0,Stochastic_UC
2024-09-01 04:00:00,L44,55,56,0.0008403828267350422,8880.454305444073,9.463286424657958e-08,0,Stochastic_UC
2024-09-01 04:00:00,L45,55,57,0.004615438452853449,8874.17590961829,5.200976969423153e-07,0,Stochastic_UC
2024-09-01 04:00:00,L46,55,58,-0.00415731252133735,8870.745660243276,4.6865423500636557e-07,0,Stochastic_UC
2024-09-01 04:00:00,L47,55,58,-0.00415731252133735,8870.745660243276,4.6865423500636557e-07,0,Stochastic_UC
2024-09-01 04:00:00,L48,58,59,0.0010389484246694503,8923.758605129855,1.1642498084520204e-07,0,Stochastic_UC
2024-09-01 04:00:00,L49,58,60,-0.0066922109658512086,8975.808308272744,7.455830980351028e-07,0,Stochastic_UC
2024-09-01 04:00:00,L50,59,60,-0.007731159390520658,9013.527191804465,8.57728525803994e-07,0,Stochastic_UC
2024-09-01 04:00:00,L51,59,61,-0.004570874380850945,8991.095439830888,5.083779180678921e-07,0,Stochastic_UC
2024-09-01 04:00:00,L52,60,61,0.003160285009669713,8998.593479878899,3.5119766402785025e-07,0,Stochastic_UC
2024-09-01 04:00:00,L53,61,65,-0.014281375110162252,8869.924479332287,1.6100898202052481e-06,0,Stochastic_UC
2024-09-01 04:00:00,L54,61,66,-0.0004701964570603973,8974.786163256958,5.239082564277638e-08,0,Stochastic_UC
2024-09-01 04:00:00,L55,62,58,0.01383479130725182,9151.63623,1.5117287181826523e-06,0,Stochastic_UC
2024-09-01 04:00:00,L56,62,63,-0.006974942306917394,9055.053998632286,7.702816910833353e-07,0,Stochastic_UC
2024-09-01 04:00:00,L57,63,60,0.010723806365706873,9286.462845,1.154778363376618e-06,0,Stochastic_UC
2024-09-01 04:00:00,L58,63,64,-0.010838899672289643,9024.718813502743,1.2010235328409934e-06,0,Stochastic_UC
2024-09-01 04:00:00,L59,64,65,0.010371166918829047,9114.030585,1.1379341798455294e-06,0,Stochastic_UC
2024-09-01 04:00:00,L60,64,67,-0.04630228078756569,9280.0422,4.989447223372075e-06,0,Stochastic_UC
2024-09-01 04:00:00,L61,65,66,0.013811178653101875,8873.787841002126,1.5564017193746842e-06,0,Stochastic_UC
2024-09-01 04:00:00,L62,67,68,-0.02901314301337586,9057.648105,3.2031651789784185e-06,0,Stochastic_UC
2024-09-01 04:00:00,L63,68,69,-0.30249267972928817,8420.516767526793,3.592329165542816e-05,0,Stochastic_UC
2024-09-01 04:00:00,L64,68,74,-0.12259664680641977,8644.20367576129,1.4182526396293266e-05,0,Stochastic_UC
2024-09-01 04:00:00,L65,68,76,-0.026353562635384013,8772.21088072141,3.0042098843406676e-06,0,Stochastic_UC
2024-09-01 04:00:00,L66,69,70,-0.14367561322608965,8288.746682949235,1.7333816404552992e-05,0,Stochastic_UC
2024-09-01 04:00:00,L67,69,73,0.09373267453140127,8248.720177110687,1.1363299095961503e-05,0,Stochastic_UC
2024-09-01 04:00:00,L68,69,74,0.1798960329228685,8303.48289566836,2.166512958275786e-05,0,Stochastic_UC
2024-09-01 04:00:00,L69,70,71,-0.1443850803656893,8396.647082734396,1.719556377004115e-05,0,Stochastic_UC
2024-09-01 04:00:00,L70,70,72,0.0075693161399340795,8300.53773206355,9.119067202953746e-07,0,Stochastic_UC
2024-09-01 04:00:00,L71,73,74,0.0861633583914672,8383.76805553548,1.0277402454446107e-05,0,Stochastic_UC
2024-09-01 04:00:00,L72,74,76,0.09624308417103578,8777.463666633046,1.096479436729514e-05,0,Stochastic_UC
2024-09-01 04:00:00,L73,74,117,0.03965034419694601,8669.909756683744,4.57332836323689e-06,0,Stochastic_UC
2024-09-01 04:00:00,L74,75,76,0.02451171191707785,8849.57513127223,2.7698179351525554e-06,0,Stochastic_UC
2024-09-01 04:00:00,L75,75,117,-0.03208102805701193,8849.727586800007,3.6250865060369817e-06,0,Stochastic_UC
2024-09-01 04:00:00,L76,76,77,0.015577947944301476,8947.739166669726,1.7409926299963278e-06,0,Stochastic_UC
2024-09-01 04:00:00,L77,76,79,0.024025895413102183,8937.334076898851,2.6882619812997842e-06,0,Stochastic_UC
2024-09-01 04:00:00,L78,76,79,0.024025895413102183,8937.334076898851,2.6882619812997842e-06,0,Stochastic_UC
2024-09-01 04:00:00,L79,76,81,0.02320217854228972,9010.679045353694,2.5749644866391944e-06,0,Stochastic_UC
2024-09-01 04:00:00,L80,77,78,0.008008631804367394,9077.704039202454,8.82230988120099e-07,0,Stochastic_UC
2024-09-01 04:00:00,L81,78,79,0.0004393156644333158,9054.024923819781,4.8521587705987225e-08,0,Stochastic_UC
2024-09-01 04:00:00,L82,79,95,0.007239829391609081,9128.405896883849,7.93109933255765e-07,0,Stochastic_UC
2024-09-01 04:00:00,L83,79,96,0.007404572765771569,9101.393549280201,8.135647278275503e-07,0,Stochastic_UC
2024-09-01 04:00:00,L84,79,97,0.0075693161399340795,9012.071934493852,8.39908535457024e-07,0,Stochastic_UC
2024-09-01 04:00:00,L85,79,98,0.0075693161399340795,9002.539999109344,8.407978349091414e-07,0,Stochastic_UC
2024-09-01 04:00:00,L86,80,67,0.017998604913789452,9251.58069,1.9454626746372193e-06,0,Stochastic_UC
2024-09-01 04:00:00,L87,80,79,-0.011138755913455027,9325.39905,1.1944535406723455e-06,0,Stochastic_UC
2024-09-01 04:00:00,L88,81,82,0.0075693161399340795,9213.04296908937,8.215869789525404e-07,0,Stochastic_UC
2024-09-01 04:00:00,L89,81,95,0.008063546262421561,9184.277382916272,8.779728579866948e-07,0,Stochastic_UC
2024-09-01 04:00:00,L90,93,95,-0.0075693161399340795,9263.426056121772,8.171184283305059e-07,0,Stochastic_UC
2024-09-01 04:00:00,L91,95,96,0.00016474337416251075,9190.618146912511,1.792516798425082e-08,0,Stochastic_UC
2024-09-01 04:00:00,L92,115,67,-0.0075693161399340795,9110.738835,8.308125473705425e-07,0,Stochastic_UC
2024-09-01 05:00:00,L0,22,23,-0.0228713767915498,8557.522313524194,2.6726634127969704e-06,0,Stochastic_UC
2024-09-01 05:00:00,L1,23,69,0.38417340044070225,8369.11500037696,4.5903706714915305e-05,0,Stochastic_UC
2024-09-01 05:00:00,L2,23,71,0.1319985404128849,8529.657600924333,1.5475244914705676e-05,0,Stochastic_UC
2024-09-01 05:00:00,L3,29,37,0.007345731830888661,9183.584403244553,7.998763345925606e-07,0,Stochastic_UC
2024-09-01 05:00:00,L4,32,36,-0.0228713767915498,9313.067654905435,2.455837070989477e-06,0,Stochastic_UC
2024-09-01 05:00:00,L5,33,36,-0.016040660606070664,9273.203999289743,1.729786232169513e-06,0,Stochastic_UC
2024-09-01 05:00:00,L6,33,42,-0.006830716185479137,9195.177953152428,7.428585091316617e-07,0,Stochastic_UC
2024-09-01 05:00:00,L7,34,36,-0.0228713767915498,9316.885972896613,2.4548306009200957e-06,0,Stochastic_UC
2024-09-01 05:00:00,L8,36,38,0.003851968209247811,9178.102934041248,4.196911101270178e-07,0,Stochastic_UC
2024-09-01 05:00:00,L9,36,39,-0.015167440373054212,9126.773929756948,1.6618621749359065e-06,0,Stochastic_UC
2024-09-01 05:00:00,L10,37,36,0.04312221019447525,9455.450895,4.560566246214454e-06,0,Stochastic_UC
2024-09-01 05:00:00,L11,37,64,-0.028430746532697924,9061.519498969434,3.1375252832520363e-06,0,Stochastic_UC
2024-09-01 05:00:00,L12,38,39,-0.01901940858230199,9163.404835204066,2.075583140148193e-06,0,Stochastic_UC
2024-09-01 05:00:00,L13,39,40,-0.011395616318452007,9060.431520884833,1.2577343907058328e-06,0,Stochastic_UC
2024-09-01 05:00:00,L14,39,41,-0.04566260942845384,8928.082798281388,5.114492154714747e-06,0,Stochastic_UC
2024-09-01 05:00:00,L15,40,41,-0.03426699311000181,8867.02435940614,3.8645425704341705e-06,0,Stochastic_UC
2024-09-01 05:00:00,L16,41,48,-0.05140048966500267,8724.748703005307,5.891343282735166e-06,0,Stochastic_UC
2024-09-01 05:00:00,L17,41,48,-0.05140048966500267,8724.748703005307,5.891343282735166e-06,0,Stochastic_UC
2024-09-01 05:00:00,L18,42,43,-0.029702092977028936,9065.968428461876,3.2762184438875403e-06,0,Stochastic_UC
2024-09-01 05:00:00,L19,43,44,-0.05257346976857874,8884.508236523636,5.917431597671621e-06,0,Stochastic_UC
2024-09-01 05:00:00,L20,44,45,-0.036279925418634895,8735.399800559642,4.1532072082505695e-06,0,Stochastic_UC
2024-09-01 05:00:00,L21,44,48,-0.03916492114149459,8713.45313435627,4.494764651578975e-06,0,Stochastic_UC
2024-09-01 05:00:00,L22,45,46,-0.06914449274452963,8604.80778142401,8.03556505861737e-06,0,Stochastic_UC
2024-09-01 05:00:00,L23,45,47,0.009993190534345048,8622.454508764358,1.1589728335693038e-06,0,Stochastic_UC
2024-09-01 05:00:00,L24,46,48,0.06625949702166994,8616.654268912062,7.689701240622698e-06,0,Stochastic_UC
2024-09-01 05:00:00,L25,46,68,-0.1582753665577494,8637.907955443714,1.8323344885609987e-05,0,Stochastic_UC
2024-09-01 05:00:00,L26,47,48,-0.012878186257204754,8612.558759052197,1.4952799298662763e-06,0,Stochastic_UC
2024-09-01 05:00:00,L27,48,49,0.022600593606147103,8763.579818910137,2.5789225491367496e-06,0,Stochastic_UC
2024-09-01 05:00:00,L28,48,50,0.029246606122297715,8801.693700854736,3.3228384350000237e-06,0,Stochastic_UC
2024-09-01 05:00:00,L29,48,53,0.023503650567531356,8726.162381535616,2.6934693098611836e-06,0,Stochastic_UC
2024-09-01 05:00:00,L30,48,53,0.023503650567531356,8726.162381535616,2.6934693098611836e-06,0,Stochastic_UC
2024-09-01 05:00:00,L31,48,65,0.01260621785819658,8768.22278271066,1.4377164187768754e-06,0,Stochastic_UC
2024-09-01 05:00:00,L32,48,65,0.01260621785819658,8768.22278271066,1.4377164187768754e-06,0,Stochastic_UC
2024-09-01 05:00:00,L33,48,68,-0.22453486357941932,8714.302034454127,2.5766247565400617e-05,0,Stochastic_UC
2024-09-01 05:00:00,L34,49,56,0.010717256313665838,8887.98699447567,1.2058136809074036e-06,0,Stochastic_UC
2024-09-01 05:00:00,L35,50,51,0.009969018774225815,8961.78932951385,1.1123915557125249e-06,0,Stochastic_UC
2024-09-01 05:00:00,L36,50,57,0.007394250055590523,8904.057193062856,8.304360467665659e-07,0,Stochastic_UC
2024-09-01 05:00:00,L37,51,52,-0.0019143185182554493,8980.239913273395,2.131700864055935e-07,0,Stochastic_UC
2024-09-01 05:00:00,L38,52,53,-0.013797655810736713,8817.309997756947,1.564837327285388e-06,0,Stochastic_UC
2024-09-01 05:00:00,L39,53,54,0.008302411331081488,8771.109043043374,9.465634608278386e-07,0,Stochastic_UC
2024-09-01 05:00:00,L40,53,55,0.008648118373466147,8793.374479895738,9.834811872550533e-07,0,Stochastic_UC
2024-09-01 05:00:00,L41,53,58,0.00437577832729702,8814.378693745572,4.96436388693164e-07,0,Stochastic_UC
2024-09-01 05:00:00,L42,54,55,0.0003457070423846612,8823.401289071366,3.918070039643927e-08,0,Stochastic_UC
2024-09-01 05:00:00,L43,54,58,-0.003926633003784466,8842.59682597801,4.440588077304059e-07,0,Stochastic_UC
2024-09-01 05:00:00,L44,55,56,0.0011660809788154253,8880.454305444073,1.313087077201187e-07,0,Stochastic_UC
2024-09-01 05:00:00,L45,55,57,0.004489087236890741,8874.17590961829,5.058596181336947e-07,0,Stochastic_UC
2024-09-01 05:00:00,L46,55,58,-0.004272340046169128,8870.745660243276,4.816212987952989e-07,0,Stochastic_UC
2024-09-01 05:00:00,L47,55,58,-0.004272340046169128,8870.745660243276,4.816212987952989e-07,0,Stochastic_UC
2024-09-01 05:00:00,L48,58,59,0.0006273421877343959,8923.758605129855,7.03002193911617e-08,0,Stochastic_UC
2024-09-01 05:00:00,L49,58,60,-0.006788248694217847,8975.808308272744,7.562827169516658e-07,0,Stochastic_UC
2024-09-01 05:00:00,L50,59,60,-0.007415590881952242,9013.527191804465,8.227179797820831e-07,0,Stochastic_UC
2024-09-01 05:00:00,L51,59,61,-0.0038404042227941915,8991.095439830888,4.2713418498273945e-07,0,Stochastic_UC
2024-09-01 05:00:00,L52,60,61,0.0035751866591580504,8998.593479878899,3.9730505296769607e-07,0,Stochastic_UC
2024-09-01 05:00:00,L53,61,65,-0.012060149001572002,8869.924479332287,1.359667608182372e-06,0,Stochastic_UC
2024-09-01 05:00:00,L54,61,66,-8.84058545453743e-05,8974.786163256958,9.850469185250396e-09,0,Stochastic_UC
2024-09-01 05:00:00,L55,62,58,0.013817965554823428,9151.63623,1.5098901669109971e-06,0,Stochastic_UC
2024-09-01 05:00:00,L56,62,63,-0.006472233723934765,9055.053998632286,7.147647849380423e-07,0,Stochastic_UC
2024-09-01 05:00:00,L57,63,60,0.010433294404439391,9286.462845,1.1234949817364386e-06,0,Stochastic_UC
2024-09-01 05:00:00,L58,63,64,-0.009559796297485323,9024.718813502743,1.059290211145637e-06,0,Stochastic_UC
2024-09-01 05:00:00,L59,64,65,0.010702793724686988,9114.030585,1.1743205846052125e-06,0,Stochastic_UC
2024-09-01 05:00:00,L60,64,67,-0.04134760472398057,9280.0422,4.45554059269047e-06,0,Stochastic_UC
2024-09-01 05:00:00,L61,65,66,0.011971743147026637,8873.787841002126,1.349113068909551e-06,0,Stochastic_UC
2024-09-01 05:00:00,L62,67,68,-0.024071132040364103,9057.648105,2.6575477167275202e-06,0,Stochastic_UC
2024-09-01 05:00:00,L63,68,69,-0.26561151077963707,8420.516767526793,3.154337413161525e-05,0,Stochastic_UC
2024-09-01 05:00:00,L64,68,74,-0.10858247710995428,8644.20367576129,1.2561304798315212e-05,0,Stochastic_UC
2024-09-01 05:00:00,L65,68,76,-0.02534164245705252,8772.21088072141,2.8888546800380236e-06,0,Stochastic_UC
2024-09-01 05:00:00,L66,69,70,-0.12656563715787955,8288.746682949235,1.5269574761916357e-05,0,Stochastic_UC
2024-09-01 05:00:00,L67,69,73,0.08170917560631488,8248.720177110687,9.905679166211635e-06,0,Stochastic_UC
2024-09-01 05:00:00,L68,69,74,0.15702903366968274,8303.48289566836,1.8911225041674907e-05,0,Stochastic_UC
2024-09-01 05:00:00,L69,70,71,-0.1256092228699379,8396.647082734396,1.495945007957067e-05,0,Stochastic_UC
2024-09-01 05:00:00,L70,70,72,0.006389317542946999,8300.53773206355,7.697474247079395e-07,0,Stochastic_UC
2024-09-01 05:00:00,L71,73,74,0.07531985806336788,8383.76805553548,8.984010240316354e-06,0,Stochastic_UC
2024-09-01 05:00:00,L72,74,76,0.08324083465290175,8777.463666633046,9.483472426019414e-06,0,Stochastic_UC
2024-09-01 05:00:00,L73,74,117,0.034136262427247585,8669.909756683744,3.9373261527816365e-06,0,Stochastic_UC
2024-09-01 05:00:00,L74,75,76,0.021357627341353592,8849.57513127223,2.413407087294052e-06,0,Stochastic_UC
2024-09-01 05:00:00,L75,75,117,-0.027746944884300587,8849.727586800007,3.1353445190434012e-06,0,Stochastic_UC
2024-09-01 05:00:00,L76,76,77,0.01309679004242802,8947.739166669726,1.4636982368924526e-06,0,Stochastic_UC
2024-09-01 05:00:00,L77,76,79,0.020122417498443047,8937.334076898851,2.251501099243376e-06,0,Stochastic_UC
2024-09-01 05:00:00,L78,76,79,0.020122417498443047,8937.334076898851,2.251501099243376e-06,0,Stochastic_UC
2024-09-01 05:00:00,L79,76,81,0.01952587695494178,9010.679045353694,2.166970641908524e-06,0,Stochastic_UC
2024-09-01 05:00:00,L80,77,78,0.006707472499481021,9077.704039202454,7.388952614575793e-07,0,Stochastic_UC
2024-09-01 05:00:00,L81,78,79,0.0003181549565340212,9054.024923819781,3.513961571908238e-08,0,Stochastic_UC
2024-09-01 05:00:00,L82,79,95,0.006150701325546496,9128.405896883849,6.737979659346822e-07,0,Stochastic_UC
2024-09-01 05:00:00,L83,79,96,0.006270009434246748,9101.393549280201,6.889065284670194e-07,0,Stochastic_UC
2024-09-01 05:00:00,L84,79,97,0.006389317542946999,9012.071934493852,7.089732072035269e-07,0,Stochastic_UC
2024-09-01 05:00:00,L85,79,98,0.006389317542946999,9002.539999109344,7.097238716605668e-07,0,Stochastic_UC
2024-09-01 05:00:00,L86,80,67,0.016320058395674783,9251.58069,1.7640291905268765e-06,0,Stochastic_UC
2024-09-01 05:00:00,L87,80,79,-0.008974326564786124,9325.39905,9.623530871621118e-07,0,Stochastic_UC
2024-09-01 05:00:00,L88,81,82,0.006389317542946999,9213.04296908937,6.9350784147906e-07,0,Stochastic_UC
2024-09-01 05:00:00,L89,81,95,0.006747241869047779,9184.277382916272,7.346513598988596e-07,0,Stochastic_UC
2024-09-01 05:00:00,L90,93,95,-0.006389317542946999,9263.426056121772,6.897359037830925e-07,0,Stochastic_UC
2024-09-01 05:00:00,L91,95,96,0.00011930810870025102,9190.618146912511,1.2981510796456197e-08,0,Stochastic_UC
2024-09-01 05:00:00,L92,115,67,-0.006389317542946999,9110.738835,7.012952142148633e-07,0,Stochastic_UC
2024-09-01 06:00:00,L0,22,23,-0.024104263133411977,8557.522313524194,2.8167338921591734e-06,0,Stochastic_UC
2024-09-01 06:00:00,L1,23,69,0.39167681231561313,8369.11500037696,4.6800266491495374e-05,0,Stochastic_UC
2024-09-01 06:00:00,L2,23,71,0.1341155924033713,8529.657600924333,1.5723443856508095e-05,0,Stochastic_UC
2024-09-01 06:00:00,L3,29,37,0.008420494246954202,9183.584403244553,9.169071548990446e-07,0,Stochastic_UC
2024-09-01 06:00:00,L4,32,36,-0.024104263133411977,9313.067654905435,2.5882194811196967e-06,0,Stochastic_UC
2024-09-01 06:00:00,L5,33,36,-0.017381866998931468,9273.203999289743,1.87441870148255e-06,0,Stochastic_UC
2024-09-01 06:00:00,L6,33,42,-0.006722396134480505,9195.177953152428,7.310784161796273e-07,0,Stochastic_UC
2024-09-01 06:00:00,L7,34,36,-0.024104263133411977,9316.885972896613,2.587158757071058e-06,0,Stochastic_UC
2024-09-01 06:00:00,L8,36,38,0.0043759297127785625,9178.102934041248,4.767793240309388e-07,0,Stochastic_UC
2024-09-01 06:00:00,L9,36,39,-0.01535240370785488,9126.773929756948,1.6821281896552603e-06,0,Stochastic_UC
2024-09-01 06:00:00,L10,37,36,0.04619342502372462,9455.450895,4.885375170014526e-06,0,Stochastic_UC
2024-09-01 06:00:00,L11,37,64,-0.029352436529816214,9061.519498969434,3.239240011915713e-06,0,Stochastic_UC
2024-09-01 06:00:00,L12,38,39,-0.019728333420633414,9163.404835204066,2.152947924426616e-06,0,Stochastic_UC
2024-09-01 06:00:00,L13,39,40,-0.01169357904282942,9060.431520884833,1.2906205422859856e-06,0,Stochastic_UC
2024-09-01 06:00:00,L14,39,41,-0.04749142121907085,8928.082798281388,5.319330285356753e-06,0,Stochastic_UC
2024-09-01 06:00:00,L15,40,41,-0.03579784217624139,8867.02435940614,4.037187756033064e-06,0,Stochastic_UC
2024-09-01 06:00:00,L16,41,48,-0.05369676326436201,8724.748703005307,6.154534083699826e-06,0,Stochastic_UC
2024-09-01 06:00:00,L17,41,48,-0.05369676326436201,8724.748703005307,6.154534083699826e-06,0,Stochastic_UC
2024-09-01 06:00:00,L18,42,43,-0.030826659267892482,9065.968428461876,3.4002610433888865e-06,0,Stochastic_UC
2024-09-01 06:00:00,L19,43,44,-0.054930922401304455,8884.508236523636,6.182775786676296e-06,0,Stochastic_UC
2024-09-01 06:00:00,L20,44,45,-0.037592708148175,8735.399800559642,4.303490281665939e-06,0,Stochastic_UC
2024-09-01 06:00:00,L21,44,48,-0.041442477386541776,8713.45313435627,4.7561485380736425e-06,0,Stochastic_UC
2024-09-01 06:00:00,L22,45,46,-0.07182421822910964,8604.80778142401,8.34698694654902e-06,0,Stochastic_UC
2024-09-01 06:00:00,L23,45,47,0.010127246947522608,8622.454508764358,1.1745201945952504e-06,0,Stochastic_UC
2024-09-01 06:00:00,L24,46,48,0.06797444899074287,8616.654268912062,7.888728834808562e-06,0,Stochastic_UC
2024-09-01 06:00:00,L25,46,68,-0.1639029303532645,8637.907955443714,1.8974841037750455e-05,0,Stochastic_UC
2024-09-01 06:00:00,L26,47,48,-0.013977016185889368,8612.558759052197,1.6228645373477282e-06,0,Stochastic_UC
2024-09-01 06:00:00,L27,48,49,0.02306846643094087,8763.579818910137,2.6323108715417313e-06,0,Stochastic_UC
2024-09-01 06:00:00,L28,48,50,0.029881410222741413,8801.693700854736,3.3949613833800665e-06,0,Stochastic_UC
2024-09-01 06:00:00,L29,48,53,0.0237084213914611,8726.162381535616,2.716935618987293e-06,0,Stochastic_UC
2024-09-01 06:00:00,L30,48,53,0.0237084213914611,8726.162381535616,2.716935618987293e-06,0,Stochastic_UC
2024-09-01 06:00:00,L31,48,65,0.012197505082763255,8768.22278271066,1.3911034636134607e-06,0,Stochastic_UC
2024-09-01 06:00:00,L32,48,65,0.012197505082763255,8768.22278271066,1.3911034636134607e-06,0,Stochastic_UC
2024-09-01 06:00:00,L33,48,68,-0.23187737934400737,8714.302034454127,2.660882976367165e-05,0,Stochastic_UC
2024-09-01 06:00:00,L34,49,56,0.010791387799480235,8887.98699447567,1.2141543193287326e-06,0,Stochastic_UC
2024-09-01 06:00:00,L35,50,51,0.010219415687700534,8961.78932951385,1.1403320600323583e-06,0,Stochastic_UC
2024-09-01 06:00:00,L36,50,57,0.007384915903579967,8904.057193062856,8.293877435259007e-07,0,Stochastic_UC
2024-09-01 06:00:00,L37,51,52,-0.0020576629437601022,8980.239913273395,2.2913229085547467e-07,0,Stochastic_UC
2024-09-01 06:00:00,L38,52,53,-0.014334741575220737,8817.309997756947,1.6257499825760216e-06,0,Stochastic_UC
2024-09-01 06:00:00,L39,53,54,0.008270525301925308,8771.109043043374,9.429281133478676e-07,0,Stochastic_UC
2024-09-01 06:00:00,L40,53,55,0.008665742006979633,8793.374479895738,9.854853818397124e-07,0,Stochastic_UC
2024-09-01 06:00:00,L41,53,58,0.0038687552673355996,8814.378693745572,4.389141199572871e-07,0,Stochastic_UC
2024-09-01 06:00:00,L42,54,55,0.00039521670505432427,8823.401289071366,4.479187697649412e-08,0,Stochastic_UC
2024-09-01 06:00:00,L43,54,58,-0.00440177003458971,8842.59682597801,4.977915561702503e-07,0,Stochastic_UC
2024-09-01 06:00:00,L44,55,56,0.0014856908319804006,8880.454305444073,1.6729896702127197e-07,0,Stochastic_UC
2024-09-01 06:00:00,L45,55,57,0.004892162727880668,8874.17590961829,5.512807924596457e-07,0,Stochastic_UC
2024-09-01 06:00:00,L46,55,58,-0.004796986739644034,8870.745660243276,5.407647703330138e-07,0,Stochastic_UC
2024-09-01 06:00:00,L47,55,58,-0.004796986739644034,8870.745660243276,5.407647703330138e-07,0,Stochastic_UC
2024-09-01 06:00:00,L48,58,59,0.0004475261953973038,8923.758605129855,5.014996653316482e-08,0,Stochastic_UC
2024-09-01 06:00:00,L49,58,60,-0.007569863763772555,8975.808308272744,8.433629043520938e-07,0,Stochastic_UC
2024-09-01 06:00:00,L50,59,60,-0.008017389959169858,9013.527191804465,8.894841928761979e-07,0,Stochastic_UC
2024-09-01 06:00:00,L51,59,61,-0.0038121624768929032,8991.095439830888,4.2399310544573707e-07,0,Stochastic_UC
2024-09-01 06:00:00,L52,60,61,0.004205227482276955,8998.593479878899,4.673205308896284e-07,0,Stochastic_UC
2024-09-01 06:00:00,L53,61,65,-0.012015035294537846,8869.924479332287,1.3545814648742441e-06,0,Stochastic_UC
2024-09-01 06:00:00,L54,61,66,0.00013102166846138346,8974.786163256958,1.4598862421679758e-08,0,Stochastic_UC
2024-09-01 06:00:00,L55,62,58,0.015281729309628263,9151.63623,1.6698357458235928e-06,0,Stochastic_UC
2024-09-01 06:00:00,L56,62,63,-0.006861235062674059,9055.053998632286,7.577243673765402e-07,0,Stochastic_UC
2024-09-01 06:00:00,L57,63,60,0.011371986958265107,9286.462845,1.224576800454006e-06,0,Stochastic_UC
2024-09-01 06:00:00,L58,63,64,-0.009812727773984859,9024.718813502743,1.0873167327167136e-06,0,Stochastic_UC
2024-09-01 06:00:00,L59,64,65,0.012043160723470928,9114.030585,1.3213869112192503e-06,0,Stochastic_UC
2024-09-01 06:00:00,L60,64,67,-0.042787830780315506,9280.0422,4.610736660261686e-06,0,Stochastic_UC
2024-09-01 06:00:00,L61,65,66,0.01214605696299925,8873.787841002126,1.368756745217337e-06,0,Stochastic_UC
2024-09-01 06:00:00,L62,67,68,-0.023676209579372123,9057.648105,2.6139467226931007e-06,0,Stochastic_UC
2024-09-01 06:00:00,L63,68,69,-0.27183441384811635,8420.516767526793,3.228239089748376e-05,0,Stochastic_UC
2024-09-01 06:00:00,L64,68,74,-0.1117635586573664,8644.20367576129,1.292930648669884e-05,0,Stochastic_UC
2024-09-01 06:00:00,L65,68,76,-0.027438052524206853,8772.21088072141,3.127837770579268e-06,0,Stochastic_UC
2024-09-01 06:00:00,L66,69,70,-0.12980911388935557,8288.746682949235,1.5660885638643733e-05,0,Stochastic_UC
2024-09-01 06:00:00,L67,69,73,0.08321717078561744,8248.720177110687,1.0088494820873687e-05,0,Stochastic_UC
2024-09-01 06:00:00,L68,69,74,0.16007085519074993,8303.48289566836,1.927755584036349e-05,0,Stochastic_UC
2024-09-01 06:00:00,L69,70,71,-0.1277521060228863,8396.647082734396,1.5214657084442259e-05,0,Stochastic_UC
2024-09-01 06:00:00,L70,70,72,0.006363486380484966,8300.53773206355,7.666354380757662e-07,0,Stochastic_UC
2024-09-01 06:00:00,L71,73,74,0.07685368440513249,8383.76805553548,9.166962145903947e-06,0,Stochastic_UC
2024-09-01 06:00:00,L72,74,76,0.08432550613315955,8777.463666633046,9.607047016750117e-06,0,Stochastic_UC
2024-09-01 06:00:00,L73,74,117,0.03447198842487148,8669.909756683744,3.976049277594451e-06,0,Stochastic_UC
2024-09-01 06:00:00,L74,75,76,0.021745015663901548,8849.57513127223,2.4571818806374095e-06,0,Stochastic_UC
2024-09-01 06:00:00,L75,75,117,-0.028108502044386516,8849.727586800007,3.1761996930066334e-06,0,Stochastic_UC
2024-09-01 06:00:00,L76,76,77,0.013006435247989593,8947.739166669726,1.4536001782929128e-06,0,Stochastic_UC
2024-09-01 06:00:00,L77,76,79,0.019928846602513893,8937.334076898851,2.229842415091746e-06,0,Stochastic_UC
2024-09-01 06:00:00,L78,76,79,0.019928846602513893,8937.334076898851,2.229842415091746e-06,0,Stochastic_UC
2024-09-01 06:00:00,L79,76,81,0.019404854439352023,9010.679045353694,2.1535396324384704e-06,0,Stochastic_UC
2024-09-01 06:00:00,L80,77,78,0.006642948867504627,9077.704039202454,7.317873372844905e-07,0,Stochastic_UC
2024-09-01 06:00:00,L81,78,79,0.0002794624870196611,9054.024923819781,3.086610533669255e-08,0,Stochastic_UC
2024-09-01 06:00:00,L82,79,95,0.006153889515220223,9128.405896883849,6.741472262228137e-07,0,Stochastic_UC
2024-09-01 06:00:00,L83,79,96,0.006258687947852597,9101.393549280201,6.876625995749383e-07,0,Stochastic_UC
2024-09-01 06:00:00,L84,79,97,0.006363486380484966,9012.071934493852,7.061069226632134e-07,0,Stochastic_UC
2024-09-01 06:00:00,L85,79,98,0.006363486380484966,9002.539999109344,7.068545522835256e-07,0,Stochastic_UC
2024-09-01 06:00:00,L86,80,67,0.01705461333447413,9251.58069,1.8434269673406617e-06,0,Stochastic_UC
2024-09-01 06:00:00,L87,80,79,-0.008634119087519924,9325.39905,9.258712727708874e-07,0,Stochastic_UC
2024-09-01 06:00:00,L88,81,82,0.006363486380484966,9213.04296908937,6.907040813589021e-07,0,Stochastic_UC
2024-09-01 06:00:00,L89,81,95,0.006677881678382092,9184.277382916272,7.270993024234719e-07,0,Stochastic_UC
2024-09-01 06:00:00,L90,93,95,-0.006363486380484966,9263.426056121772,6.869473931062073e-07,0,Stochastic_UC
2024-09-01 06:00:00,L91,95,96,0.0001047984326323683,9190.618146912511,1.1402762138210932e-08,0,Stochastic_UC
2024-09-01 06:00:00,L92,115,67,-0.006363486380484966,9110.738835,6.984599707807304e-07,0,Stochastic_UC
2024-09-01 07:00:00,L0,22,23,-0.027557619446502805,8557.522313524194,3.220280174198449e-06,0,Stochastic_UC
2024-09-01 07:00:00,L1,23,69,0.4958622296369688,8369.11500037696,5.924906392308318e-05,0,Stochastic_UC
2024-09-01 07:00:00,L2,23,71,0.17152504373859037,8529.657600924333,2.0109253121720002e-05,0,Stochastic_UC
2024-09-01 07:00:00,L3,29,37,0.007155943942438487,9183.584403244553,7.792103418693793e-07,0,Stochastic_UC
2024-09-01 07:00:00,L4,32,36,-0.027557619446502805,9313.067654905435,2.9590270862026316e-06,0,Stochastic_UC
2024-09-01 07:00:00,L5,33,36,-0.018137450557029512,9273.203999289743,1.9558990138056604e-06,0,Stochastic_UC
2024-09-01 07:00:00,L6,33,42,-0.009420168889473297,9195.177953152428,1.0244683612940557e-06,0,Stochastic_UC
2024-09-01 07:00:00,L7,34,36,-0.027557619446502805,9316.885972896613,2.957814394924398e-06,0,Stochastic_UC
2024-09-01 07:00:00,L8,36,38,0.0038513865265711444,9178.102934041248,4.1962773290398526e-07,0,Stochastic_UC
2024-09-01 07:00:00,L9,36,39,-0.01985484639336051,9126.773929756948,2.1754506626515353e-06,0,Stochastic_UC
2024-09-01 07:00:00,L10,37,36,0.05009328564080691,9455.450895,5.2978209285922065e-06,0,Stochastic_UC
2024-09-01 07:00:00,L11,37,64,-0.03578139775592993,9061.519498969434,3.948719390826157e-06,0,Stochastic_UC
2024-09-01 07:00:00,L12,38,39,-0.02370623291993166,9163.404835204066,2.5870550680961732e-06,0,Stochastic_UC
2024-09-01 07:00:00,L13,39,40,-0.014520359771097405,9060.431520884833,1.602612385251973e-06,0,Stochastic_UC
2024-09-01 07:00:00,L14,39,41,-0.056598338988697636,8928.082798281388,6.339360898354632e-06,0,Stochastic_UC
2024-09-01 07:00:00,L15,40,41,-0.04207797921760021,8867.02435940614,4.745445316496045e-06,0,Stochastic_UC
2024-09-01 07:00:00,L16,41,48,-0.0631169688264002,8724.748703005307,7.234244902051914e-06,0,Stochastic_UC
2024-09-01 07:00:00,L17,41,48,-0.0631169688264002,8724.748703005307,7.234244902051914e-06,0,Stochastic_UC
2024-09-01 07:00:00,L18,42,43,-0.0369777883359761,9065.968428461876,4.078746647725721e-06,0,Stochastic_UC
2024-09-01 07:00:00,L19,43,44,-0.0645354077824789,8884.508236523636,7.263813152558972e-06,0,Stochastic_UC
2024-09-01 07:00:00,L20,44,45,-0.04531878747142283,8735.399800559642,5.187946574410874e-06,0,Stochastic_UC
2024-09-01 07:00:00,L21,44,48,-0.04677423975755956,8713.45313435627,5.368048583762209e-06,0,Stochastic_UC
2024-09-01 07:00:00,L22,45,46,-0.08592749049810877,8604.80778142401,9.985986053472147e-06,0,Stochastic_UC
2024-09-01 07:00:00,L23,45,47,0.013051083580183042,8622.454508764358,1.5136158233038135e-06,0,Stochastic_UC
2024-09-01 07:00:00,L24,46,48,0.08447203821197205,8616.654268912062,9.803345425699375e-06,0,Stochastic_UC
2024-09-01 07:00:00,L25,46,68,-0.1979571481565836,8637.907955443714,2.291725602746538e-05,0,Stochastic_UC
2024-09-01 07:00:00,L26,47,48,-0.014506535866319762,8612.558759052197,1.6843468093698313e-06,0,Stochastic_UC
2024-09-01 07:00:00,L27,48,49,0.029105099416122646,8763.579818910137,3.321142731343575e-06,0,Stochastic_UC
2024-09-01 07:00:00,L28,48,50,0.037590573081586476,8801.693700854736,4.270834041627243e-06,0,Stochastic_UC
2024-09-01 07:00:00,L29,48,53,0.03097168811550969,8726.162381535616,3.5492908292705115e-06,0,Stochastic_UC
2024-09-01 07:00:00,L30,48,53,0.03097168811550969,8726.162381535616,3.5492908292705115e-06,0,Stochastic_UC
2024-09-01 07:00:00,L31,48,65,0.017906478544114608,8768.22278271066,2.042201594081634e-06,0,Stochastic_UC
2024-09-01 07:00:00,L32,48,65,0.017906478544114608,8768.22278271066,2.042201594081634e-06,0,Stochastic_UC
2024-09-01 07:00:00,L33,48,68,-0.28242918636855563,8714.302034454127,3.240984593509643e-05,0,Stochastic_UC
2024-09-01 07:00:00,L34,49,56,0.014170593929234861,8887.98699447567,1.5943535851304234e-06,0,Stochastic_UC
2024-09-01 07:00:00,L35,50,51,0.012728210498195511,8961.78932951385,1.4202755755792776e-06,0,Stochastic_UC
2024-09-01 07:00:00,L36,50,57,0.009927857096502958,8904.057193062856,1.1149812811442568e-06,0,Stochastic_UC
2024-09-01 07:00:00,L37,51,52,-0.0022062949886922758,8980.239913273395,2.456833013371084e-07,0,Stochastic_UC
2024-09-01 07:00:00,L38,52,53,-0.017140800475580063,8817.309997756947,1.9439943111834044e-06,0,Stochastic_UC
2024-09-01 07:00:00,L39,53,54,0.011200643938859795,8771.109043043374,1.2769928960971425e-06,0,Stochastic_UC
2024-09-01 07:00:00,L40,53,55,0.01154009367219494,8793.374479895738,1.3123623585665568e-06,0,Stochastic_UC
2024-09-01 07:00:00,L41,53,58,0.007127332657496506,8814.378693745572,8.086029549143215e-07,0,Stochastic_UC
2024-09-01 07:00:00,L42,54,55,0.0003394497333351435,8823.401289071366,3.847152840657772e-08,0,Stochastic_UC
2024-09-01 07:00:00,L43,54,58,-0.00407331128136329,8842.59682597801,4.6064650029011963e-07,0,Stochastic_UC
2024-09-01 07:00:00,L44,55,56,0.0007639115576529236,8880.454305444073,8.602167539836507e-08,0,Stochastic_UC
2024-09-01 07:00:00,L45,55,57,0.0050066483903848285,8874.17590961829,5.641817833426498e-07,0,Stochastic_UC
2024-09-01 07:00:00,L46,55,58,-0.004412761014698434,8870.745660243276,4.97450967901769e-07,0,Stochastic_UC
2024-09-01 07:00:00,L47,55,58,-0.004412761014698434,8870.745660243276,4.97450967901769e-07,0,Stochastic_UC
2024-09-01 07:00:00,L48,58,59,0.0012893104311384647,8923.758605129855,1.44480648590976e-07,0,Stochastic_UC
2024-09-01 07:00:00,L49,58,60,-0.007141169998953071,8975.808308272744,7.956018838293661e-07,0,Stochastic_UC
2024-09-01 07:00:00,L50,59,60,-0.008430480430091536,9013.527191804465,9.353142505363423e-07,0,Stochastic_UC
2024-09-01 07:00:00,L51,59,61,-0.00521471462565859,8991.095439830888,5.799865723321331e-07,0,Stochastic_UC
2024-09-01 07:00:00,L52,60,61,0.0032157658044329462,8998.593479878899,3.5736316032316456e-07,0,Stochastic_UC
2024-09-01 07:00:00,L53,61,65,-0.016267138034371464,8869.924479332287,1.8339657876766982e-06,0,Stochastic_UC
2024-09-01 07:00:00,L54,61,66,-0.000666316273741852,8974.786163256958,7.424313645151465e-08,0,Stochastic_UC
2024-09-01 07:00:00,L55,62,58,0.014854146572337038,9151.63623,1.6231137469869732e-06,0,Stochastic_UC
2024-09-01 07:00:00,L56,62,63,-0.007698202629898551,9055.053998632286,8.501553531388461e-07,0,Stochastic_UC
2024-09-01 07:00:00,L57,63,60,0.011631472291038766,9286.462845,1.2525191222082327e-06,0,Stochastic_UC
2024-09-01 07:00:00,L58,63,64,-0.012173730978498581,9024.718813502743,1.348931886972955e-06,0,Stochastic_UC
2024-09-01 07:00:00,L59,64,65,0.010989508193659667,9114.030585,1.205779165558908e-06,0,Stochastic_UC
2024-09-01 07:00:00,L60,64,67,-0.05178869298564924,9280.0422,5.580652745916311e-06,0,Stochastic_UC
2024-09-01 07:00:00,L61,65,66,0.015600821760629636,8873.787841002126,1.7580791923539857e-06,0,Stochastic_UC
2024-09-01 07:00:00,L62,67,68,-0.033229223609802766,9057.648105,3.668637070528229e-06,0,Stochastic_UC
2024-09-01 07:00:00,L63,68,69,-0.34024669543079533,8420.516767526793,4.040686632712803e-05,0,Stochastic_UC
2024-09-01 07:00:00,L64,68,74,-0.13750256068918115,8644.20367576129,1.5906908935376444e-05,0,Stochastic_UC
2024-09-01 07:00:00,L65,68,76,-0.028710358072526636,8772.21088072141,3.272875956005922e-06,0,Stochastic_UC
2024-09-01 07:00:00,L66,69,70,-0.1614350906668683,8288.746682949235,1.9476417465979037e-05,0,Stochastic_UC
2024-09-01 07:00:00,L67,69,73,0.10568354162434722,8248.720177110687,1.2812113801315228e-05,0,Stochastic_UC
2024-09-01 07:00:00,L68,69,74,0.20274413474161418,8303.48289566836,2.4416758279514105e-05,0,Stochastic_UC
2024-09-01 07:00:00,L69,70,71,-0.16290209523151009,8396.647082734396,1.9400850556941648e-05,0,Stochastic_UC
2024-09-01 07:00:00,L70,70,72,0.00862294850708028,8300.53773206355,1.0388421552222227e-06,0,Stochastic_UC
2024-09-01 07:00:00,L71,73,74,0.09706059311726695,8383.76805553548,1.1577204005922083e-05,0,Stochastic_UC
2024-09-01 07:00:00,L72,74,76,0.10879220261665454,8777.463666633046,1.2394491933953652e-05,0,Stochastic_UC
2024-09-01 07:00:00,L73,74,117,0.044887016045965136,8669.909756683744,5.177333710003286e-06,0,Stochastic_UC
2024-09-01 07:00:00,L74,75,76,0.02764111903180457,8849.57513127223,3.1234402354670827e-06,0,Stochastic_UC
2024-09-01 07:00:00,L75,75,117,-0.03626406753888485,8849.727586800007,4.097760883959328e-06,0,Stochastic_UC
2024-09-01 07:00:00,L76,76,77,0.017768676274587555,8947.739166669726,1.9858285924086575e-06,0,Stochastic_UC
2024-09-01 07:00:00,L77,76,79,0.027437183302521796,8937.334076898851,3.069951628354277e-06,0,Stochastic_UC
2024-09-01 07:00:00,L78,76,79,0.027437183302521796,8937.334076898851,3.069951628354277e-06,0,Stochastic_UC
2024-09-01 07:00:00,L79,76,81,0.026456972189221186,9010.679045353694,2.9361796215417945e-06,0,Stochastic_UC
2024-09-01 07:00:00,L80,77,78,0.009145727767507272,9077.704039202454,1.0074934948320693e-06,0,Stochastic_UC
2024-09-01 07:00:00,L81,78,79,0.0005227792604269926,9054.024923819781,5.773998468367795e-08,0,Stochastic_UC
2024-09-01 07:00:00,L82,79,95,0.008230864061760018,9128.405896883849,9.016759502959631e-07,0,Stochastic_UC
2024-09-01 07:00:00,L83,79,96,0.00842690628442017,9101.393549280201,9.258918690629113e-07,0,Stochastic_UC
2024-09-01 07:00:00,L84,79,97,0.00862294850708028,9012.071934493852,9.568219794247098e-07,0,Stochastic_UC
2024-09-01 07:00:00,L85,79,98,0.00862294850708028,9002.539999109344,9.578350674291236e-07,0,Stochastic_UC
2024-09-01 07:00:00,L86,80,67,0.020026473940488267,9251.58069,2.1646543019545633e-06,0,Stochastic_UC
2024-09-01 07:00:00,L87,80,79,-0.012870529998049777,9325.39905,1.380158632251751e-06,0,Stochastic_UC
2024-09-01 07:00:00,L88,81,82,0.00862294850708028,9213.04296908937,9.359501020467491e-07,0,Stochastic_UC
2024-09-01 07:00:00,L89,81,95,0.009211075175060628,9184.277382916272,1.0029177899389453e-06,0,Stochastic_UC
2024-09-01 07:00:00,L90,93,95,-0.00862294850708028,9263.426056121772,9.308595388832159e-07,0,Stochastic_UC
2024-09-01 07:00:00,L91,95,96,0.00019604222266011068,9190.618146912511,2.1330689571296023e-08,0,Stochastic_UC
2024-09-01 07:00:00,L92,115,67,-0.00862294850708028,9110.738835,9.464598495518482e-07,0,Stochastic_UC
2024-09-01 08:00:00,L0,22,23,-0.023784655477252996,8557.522313524194,2.7793857387510452e-06,0,Stochastic_UC
2024-09-01 08:00:00,L1,23,69,0.3692650309736408,8369.11500037696,4.4122351163415534e-05,0,Stochastic_UC
2024-09-01 08:00:00,L2,23,71,0.12582006189939082,8529.657600924333,1.4750892449159518e-05,0,Stochastic_UC
2024-09-01 08:00:00,L3,29,37,0.009193901040998133,9183.584403244553,1.0011233781169294e-06,0,Stochastic_UC
2024-09-01 08:00:00,L4,32,36,-0.023784655477252996,9313.067654905435,2.553901287802306e-06,0,Stochastic_UC
2024-09-01 08:00:00,L5,33,36,-0.01777273208328825,9273.203999289743,1.916568651422907e-06,0,Stochastic_UC
2024-09-01 08:00:00,L6,33,42,-0.006011923393964743,9195.177953152428,6.538126205489744e-07,0,Stochastic_UC
2024-09-01 08:00:00,L7,34,36,-0.023784655477252996,9316.885972896613,2.552854628300057e-06,0,Stochastic_UC
2024-09-01 08:00:00,L8,36,38,0.0047303502853103105,9178.102934041248,5.153952095879874e-07,0,Stochastic_UC
2024-09-01 08:00:00,L9,36,39,-0.014323954906632387,9126.773929756948,1.5694433780079227e-06,0,Stochastic_UC
2024-09-01 08:00:00,L10,37,36,0.04655453737547385,9455.450895,4.923566088222369e-06,0,Stochastic_UC
2024-09-01 08:00:00,L11,37,64,-0.028166735293477588,9061.519498969434,3.1083898563238747e-06,0,Stochastic_UC
2024-09-01 08:00:00,L12,38,39,-0.019054305191942688,9163.404835204066,2.0793913981339835e-06,0,Stochastic_UC
2024-09-01 08:00:00,L13,39,40,-0.01112608669952494,9060.431520884833,1.227986401517262e-06,0,Stochastic_UC
2024-09-01 08:00:00,L14,39,41,-0.04603682887630289,8928.082798281388,5.15640702673196e-06,0,Stochastic_UC
2024-09-01 08:00:00,L15,40,41,-0.034910742176777934,8867.02435940614,3.9371429198505154e-06,0,Stochastic_UC
2024-09-01 08:00:00,L16,41,48,-0.052366113265166894,8724.748703005307,6.0020196624263784e-06,0,Stochastic_UC
2024-09-01 08:00:00,L17,41,48,-0.052366113265166894,8724.748703005307,6.0020196624263784e-06,0,Stochastic_UC
2024-09-01 08:00:00,L18,42,43,-0.029796578871217737,9065.968428461876,3.286640484834889e-06,0,Stochastic_UC
2024-09-01 08:00:00,L19,43,44,-0.05358123434847074,8884.508236523636,6.030861013578868e-06,0,Stochastic_UC
2024-09-01 08:00:00,L20,44,45,-0.03625599730798764,8735.399800559642,4.150467996400676e-06,0,Stochastic_UC
2024-09-01 08:00:00,L21,44,48,-0.0411098925177372,8713.45313435627,4.71797941457274e-06,0,Stochastic_UC
2024-09-01 08:00:00,L22,45,46,-0.0695060329189923,8604.80778142401,8.077581124942891e-06,0,Stochastic_UC
2024-09-01 08:00:00,L23,45,47,0.009465380133751722,8622.454508764358,1.0977593589076712e-06,0,Stochastic_UC
2024-09-01 08:00:00,L24,46,48,0.06465213770924272,8616.654268912062,7.503160239642027e-06,0,Stochastic_UC
2024-09-01 08:00:00,L25,46,68,-0.15794282610548782,8637.907955443714,1.82848470856824e-05,0,Stochastic_UC
2024-09-01 08:00:00,L26,47,48,-0.014319275343501275,8612.558759052197,1.6626040813307724e-06,0,Stochastic_UC
2024-09-01 08:00:00,L27,48,49,0.021784141786642543,8763.579818910137,2.4857583586602943e-06,0,Stochastic_UC
2024-09-01 08:00:00,L28,48,50,0.02825728802477397,8801.693700854736,3.210437557265813e-06,0,Stochastic_UC
2024-09-01 08:00:00,L29,48,53,0.022009086775425547,8726.162381535616,2.5221954179991346e-06,0,Stochastic_UC
2024-09-01 08:00:00,L30,48,53,0.022009086775425547,8726.162381535616,2.5221954179991346e-06,0,Stochastic_UC
2024-09-01 08:00:00,L31,48,65,0.01061682533157493,8768.22278271066,1.210829787823067e-06,0,Stochastic_UC
2024-09-01 08:00:00,L32,48,65,0.01061682533157493,8768.22278271066,1.210829787823067e-06,0,Stochastic_UC
2024-09-01 08:00:00,L33,48,68,-0.22259496381473054,8714.302034454127,2.5543636533901034e-05,0,Stochastic_UC
2024-09-01 08:00:00,L34,49,56,0.009991688679662682,8887.98699447567,1.124179039176477e-06,0,Stochastic_UC
2024-09-01 08:00:00,L35,50,51,0.009709719357197052,8961.78932951385,1.0834576667875963e-06,0,Stochastic_UC
2024-09-01 08:00:00,L36,50,57,0.006755115560596962,8904.057193062856,7.586559041714004e-07,0,Stochastic_UC
2024-09-01 08:00:00,L37,51,52,-0.002082733749782806,8980.239913273395,2.3192406549232456e-07,0,Stochastic_UC
2024-09-01 08:00:00,L38,52,53,-0.013875186856762664,8817.309997756947,1.573630377098276e-06,0,Stochastic_UC
2024-09-01 08:00:00,L39,53,54,0.00753574667352197,8771.109043043374,8.591555111834796e-07,0,Stochastic_UC
2024-09-01 08:00:00,L40,53,55,0.007965979263562479,8793.374479895738,9.059069736851388e-07,0,Stochastic_UC
2024-09-01 08:00:00,L41,53,58,0.002848807650023747,8814.378693745572,3.232000517569297e-07,0,Stochastic_UC
2024-09-01 08:00:00,L42,54,55,0.0004302325900405098,8823.401289071366,4.8760401566841847e-08,0,Stochastic_UC
2024-09-01 08:00:00,L43,54,58,-0.004686939023498223,8842.59682597801,5.300410180105478e-07,0,Stochastic_UC
2024-09-01 08:00:00,L44,55,56,0.0018007644273171737,8880.454305444073,2.0277841261040363e-07,0,Stochastic_UC
2024-09-01 08:00:00,L45,55,57,0.005037337546382895,8874.17590961829,5.676400375299264e-07,0,Stochastic_UC
2024-09-01 08:00:00,L46,55,58,-0.005117171613538732,8870.745660243276,5.768592415486295e-07,0,Stochastic_UC
2024-09-01 08:00:00,L47,55,58,-0.005117171613538732,8870.745660243276,5.768592415486295e-07,0,Stochastic_UC
2024-09-01 08:00:00,L48,58,59,0.0001630412032000243,8923.758605129855,1.8270463199923346e-08,0,Stochastic_UC
2024-09-01 08:00:00,L49,58,60,-0.00801150454748554,8975.808308272744,8.925663597451794e-07,0,Stochastic_UC
2024-09-01 08:00:00,L50,59,60,-0.008174545750685564,9013.527191804465,9.069197414879112e-07,0,Stochastic_UC
2024-09-01 08:00:00,L51,59,61,-0.0034548661530935205,8991.095439830888,3.8425419641174477e-07,0,Stochastic_UC
2024-09-01 08:00:00,L52,60,61,0.0047196795975920445,8998.593479878899,5.244908116079894e-07,0,Stochastic_UC
2024-09-01 08:00:00,L53,61,65,-0.01094924414398087,8869.924479332287,1.234423604112254e-06,0,Stochastic_UC
2024-09-01 08:00:00,L54,61,66,0.0004216044814994973,8974.786163256958,4.697654894838148e-08,0,Stochastic_UC
2024-09-01 08:00:00,L55,62,58,0.01601646436324685,9151.63623,1.7501203020661204e-06,0,Stochastic_UC
2024-09-01 08:00:00,L56,62,63,-0.006822563322248719,9055.053998632286,7.534536318921155e-07,0,Stochastic_UC
2024-09-01 08:00:00,L57,63,60,0.011711828854764978,9286.462845,1.2611722084335738e-06,0,Stochastic_UC
2024-09-01 08:00:00,L58,63,64,-0.00934049113601539,9024.718813502743,1.0349897131465404e-06,0,Stochastic_UC
2024-09-01 08:00:00,L59,64,65,0.01287889521329102,9114.030585,1.4130844847599356e-06,0,Stochastic_UC
2024-09-01 08:00:00,L60,64,67,-0.04119222060178378,9280.0422,4.438796690146924e-06,0,Stochastic_UC
2024-09-01 08:00:00,L61,65,66,0.011370848625480361,8873.787841002126,1.2813973952521542e-06,0,Stochastic_UC
2024-09-01 08:00:00,L62,67,68,-0.02115549018666284,9057.648105,2.3356493806581638e-06,0,Stochastic_UC
2024-09-01 08:00:00,L63,68,69,-0.25767525339952685,8420.516767526793,3.0600883593419784e-05,0,Stochastic_UC
2024-09-01 08:00:00,L64,68,74,-0.10679758087415936,8644.20367576129,1.2354820048216155e-05,0,Stochastic_UC
2024-09-01 08:00:00,L65,68,76,-0.028026544792196618,8772.21088072141,3.194923739668667e-06,0,Stochastic_UC
2024-09-01 08:00:00,L66,69,70,-0.12342125909670237,8288.746682949235,1.489021969396073e-05,0,Stochastic_UC
2024-09-01 08:00:00,L67,69,73,0.0783370122236054,8248.720177110687,9.496868670728121e-06,0,Stochastic_UC
2024-09-01 08:00:00,L68,69,74,0.1508776725253675,8303.48289566836,1.817040805901764e-05,0,Stochastic_UC
2024-09-01 08:00:00,L69,70,71,-0.12002370997754755,8396.647082734396,1.4294242546450032e-05,0,Stochastic_UC
2024-09-01 08:00:00,L70,70,72,0.005796351921843287,8300.53773206355,6.983104118005483e-07,0,Stochastic_UC
2024-09-01 08:00:00,L71,73,74,0.07254066030176211,8383.76805553548,8.652512786761354e-06,0,Stochastic_UC
2024-09-01 08:00:00,L72,74,76,0.07877103608196273,8777.463666633046,8.974236644397136e-06,0,Stochastic_UC
2024-09-01 08:00:00,L73,74,117,0.03205336394916421,8669.909756683744,3.6970816131567988e-06,0,Stochastic_UC
2024-09-01 08:00:00,L74,75,76,0.020460660105477625,8849.57513127223,2.3120499913238396e-06,0,Stochastic_UC
2024-09-01 08:00:00,L75,75,117,-0.026257012027320913,8849.727586800007,2.9669853416149326e-06,0,Stochastic_UC
2024-09-01 08:00:00,L76,76,77,0.011795648869301902,8947.739166669726,1.3182826018488137e-06,0,Stochastic_UC
2024-09-01 08:00:00,L77,76,79,0.01799789084237583,8937.334076898851,2.013787409927602e-06,0,Stochastic_UC
2024-09-01 08:00:00,L78,76,79,0.01799789084237583,8937.334076898851,2.013787409927602e-06,0,Stochastic_UC
2024-09-01 08:00:00,L79,76,81,0.0176173689193471,9010.679045353694,1.955165513128713e-06,0,Stochastic_UC
2024-09-01 08:00:00,L80,77,78,0.005999296947458613,9077.704039202454,6.608826330480034e-07,0,Stochastic_UC
2024-09-01 08:00:00,L81,78,79,0.00020294502561532535,9054.024923819781,2.2414895841672296e-08,0,Stochastic_UC
2024-09-01 08:00:00,L82,79,95,0.005644143152631778,9128.405896883849,6.183054540287818e-07,0,Stochastic_UC
2024-09-01 08:00:00,L83,79,96,0.00572024753723753,9101.393549280201,6.285023833179838e-07,0,Stochastic_UC
2024-09-01 08:00:00,L84,79,97,0.005796351921843287,9012.071934493852,6.431763931729901e-07,0,Stochastic_UC
2024-09-01 08:00:00,L85,79,98,0.005796351921843287,9002.539999109344,6.4385739162689e-07,0,Stochastic_UC
2024-09-01 08:00:00,L86,80,67,0.01663918129596608,9251.58069,1.798523069030929e-06,0,Stochastic_UC
2024-09-01 08:00:00,L87,80,79,-0.007445280254967949,9325.39905,7.983873092238287e-07,0,Stochastic_UC
2024-09-01 08:00:00,L88,81,82,0.005796351921843287,9213.04296908937,6.291463028329072e-07,0,Stochastic_UC
2024-09-01 08:00:00,L89,81,95,0.006024665075660522,9184.277382916272,6.559759493835669e-07,0,Stochastic_UC
2024-09-01 08:00:00,L90,93,95,-0.005796351921843287,9263.426056121772,6.257244227704225e-07,0,Stochastic_UC
2024-09-01 08:00:00,L91,95,96,7.610438460575741e-05,9190.618146912511,8.2806600589019e-09,0,Stochastic_UC
2024-09-01 08:00:00,L92,115,67,-0.005796351921843287,9110.738835,6.362109623399481e-07,0,Stochastic_UC
2024-09-01 09:00:00,L0,22,23,-0.03176869969213836,8557.522313524194,3.7123712364654345e-06,0,SCUC
2024-09-01 09:00:00,L1,23,69,0.6168135615029108,8369.11500037696,7.3701169296291e-05,0,SCUC
2024-09-01 09:00:00,L2,23,71,0.2176100754391085,8529.657600924333,2.5512170080019014e-05,0,SCUC
2024-09-01 09:00:00,L3,29,37,0.002770592497362528,9183.584403244553,3.0168966448260443e-07,0,SCUC
2024-09-01 09:00:00,L4,32,36,-0.03176869969213836,9313.067654905435,3.4111960601300858e-06,0,SCUC
2024-09-01 09:00:00,L5,33,36,0.033027924469498704,9273.203999289743,3.5616518812730093e-06,0,SCUC
2024-09-01 09:00:00,L6,33,42,0.017083303231026484,9195.177953152428,1.85785455355649e-06,0,SCUC
2024-09-01 09:00:00,L7,34,36,-0.03176869969213836,9316.885972896613,3.40979805747923e-06,0,SCUC
2024-09-01 09:00:00,L8,36,38,0.013096509985297877,9178.102934041248,1.4269299526728341e-06,0,SCUC
2024-09-01 09:00:00,L9,36,39,-0.0055756797215427145,9126.773929756948,6.10914630345314e-07,0,SCUC
2024-09-01 09:00:00,L10,37,36,0.035259712681170244,9455.450895,3.729035566121487e-06,0,SCUC
2024-09-01 09:00:00,L11,37,64,-0.029718527686445187,9061.519498969434,3.2796406485496253e-06,0,SCUC
2024-09-01 09:00:00,L12,38,39,-0.01867218970684048,9163.404835204066,2.037691234060233e-06,0,SCUC
2024-09-01 09:00:00,L13,39,40,-0.008082623142794287,9060.431520884833,8.920792706355499e-07,0,SCUC
2024-09-01 09:00:00,L14,39,41,-0.04793394597772682,8928.082798281388,5.368895770876349e-06,0,SCUC
2024-09-01 09:00:00,L15,40,41,-0.039851322834932645,8867.02435940614,4.494328787160527e-06,0,SCUC
2024-09-01 09:00:00,L16,41,48,-0.05977698425239919,8724.748703005307,6.851427621268742e-06,0,SCUC
2024-09-01 09:00:00,L17,41,48,-0.05977698425239919,8724.748703005307,6.851427621268742e-06,0,SCUC
2024-09-01 09:00:00,L18,42,43,-0.014685396461111874,9065.968428461876,1.6198375912062805e-06,0,SCUC
2024-09-01 09:00:00,L19,43,44,-0.04645409615325023,8884.508236523636,5.228662624486121e-06,0,SCUC
2024-09-01 09:00:00,L20,44,45,-0.0420202997465533,8735.399800559642,4.810346487388159e-06,0,SCUC
2024-09-01 09:00:00,L21,44,48,-0.03620249609883519,8713.45313435627,4.154781754215489e-06,0,SCUC
2024-09-01 09:00:00,L22,45,46,-0.09258225110861962,8604.80778142401,1.0759363074731948e-05,0,SCUC
2024-09-01 09:00:00,L23,45,47,0.01879325166992829,8622.454508764358,2.179570985364521e-06,0,SCUC
2024-09-01 09:00:00,L24,46,48,0.09840005475633773,8616.654268912062,1.1419751992528501e-05,0,SCUC
2024-09-01 09:00:00,L25,46,68,-0.22275100555709626,8637.907955443714,2.5787610461479377e-05,0,SCUC
2024-09-01 09:00:00,L26,47,48,-0.012975448022210068,8612.558759052197,1.506572945998455e-06,0,SCUC
2024-09-01 09:00:00,L27,48,49,0.03918916580552314,8763.579818910137,4.47182163172182e-06,0,SCUC
2024-09-01 09:00:00,L28,48,50,0.05043584334617357,8801.693700854736,5.730242957815691e-06,0,SCUC
2024-09-01 09:00:00,L29,48,53,0.04341902104577633,8726.162381535616,4.975729209171045e-06,0,SCUC
2024-09-01 09:00:00,L30,48,53,0.04341902104577633,8726.162381535616,4.975729209171045e-06,0,SCUC
2024-09-01 09:00:00,L31,48,65,0.02757359706145035,8768.22278271066,3.1447190319822243e-06,0,SCUC
2024-09-01 09:00:00,L32,48,65,0.02757359706145035,8768.22278271066,3.1447190319822243e-06,0,SCUC
2024-09-01 09:00:00,L33,48,68,-0.321151060313434,8714.302034454127,3.6853331344688836e-05,0,SCUC
2024-09-01 09:00:00,L34,49,56,0.01998020872774874,8887.98699447567,2.2480015711282478e-06,0,SCUC
2024-09-01 09:00:00,L35,50,51,0.016870016310975306,8961.78932951385,1.8824383937945633e-06,0,SCUC
2024-09-01 09:00:00,L36,50,57,0.014356869957423496,8904.057193062856,1.6123964217805028e-06,0,SCUC
2024-09-01 09:00:00,L37,51,52,-0.0023389407667990907,8980.239913273395,2.604541514912068e-07,0,SCUC
2024-09-01 09:00:00,L38,52,53,-0.021547897844573487,8817.309997756947,2.443817655277528e-06,0,SCUC
2024-09-01 09:00:00,L39,53,54,0.01632253606174494,8771.109043043374,1.8609432378099127e-06,0,SCUC
2024-09-01 09:00:00,L40,53,55,0.01652160513746992,8793.374479895738,1.878869730300149e-06,0,SCUC
2024-09-01 09:00:00,L41,53,58,0.013237045969990868,8814.378693745572,1.5017559864297063e-06,0,SCUC
2024-09-01 09:00:00,L42,54,55,0.000199069075724978,8823.401289071366,2.256148952122854e-08,0,SCUC
2024-09-01 09:00:00,L43,54,58,-0.003085490091754073,8842.59682597801,3.4893483808844937e-07,0,SCUC
2024-09-01 09:00:00,L44,55,56,-0.0007712516499743435,8880.454305444073,8.68482200850395e-08,0,SCUC
2024-09-01 09:00:00,L45,55,57,0.004852087120350901,8874.17590961829,5.467648117153006e-07,0,SCUC
2024-09-01 09:00:00,L46,55,58,-0.003284559167479051,8870.745660243276,3.702686666127426e-07,0,SCUC
2024-09-01 09:00:00,L47,55,58,-0.003284559167479051,8870.745660243276,3.702686666127426e-07,0,SCUC
2024-09-01 09:00:00,L48,58,59,0.0028561561240711963,8923.758605129855,3.2006201091424915e-07,0,SCUC
2024-09-01 09:00:00,L49,58,60,-0.005619466061937084,8975.808308272744,6.260679672445527e-07,0,SCUC
2024-09-01 09:00:00,L50,59,60,-0.00847562218600828,9013.527191804465,9.403224737275687e-07,0,SCUC
2024-09-01 09:00:00,L51,59,61,-0.00787717876769456,8991.095439830888,8.761089035712338e-07,0,SCUC
2024-09-01 09:00:00,L52,60,61,0.000598443418313721,8998.593479878899,6.65041064086134e-08,0,SCUC
2024-09-01 09:00:00,L53,61,65,-0.024061447310693485,8869.924479332287,2.712700358019823e-06,0,SCUC
2024-09-01 09:00:00,L54,61,66,-0.0024262451164595855,8974.786163256958,2.7034015878759375e-07,0,SCUC
2024-09-01 09:00:00,L55,62,58,0.012863209596631134,9151.63623,1.4055639093765786e-06,0,SCUC
2024-09-01 09:00:00,L56,62,63,-0.010092617099268605,9055.053998632286,1.1145838667326598e-06,0,SCUC
2024-09-01 09:00:00,L57,63,60,0.011922939168895863,9286.462845,1.283905332730146e-06,0,SCUC
2024-09-01 09:00:00,L58,63,64,-0.01924496377080165,9024.718813502743,2.1324723981435767e-06,0,SCUC
2024-09-01 09:00:00,L59,64,65,0.009758412459801247,9114.030585,1.0707021848118195e-06,0,SCUC
2024-09-01 09:00:00,L60,64,67,-0.055951311419686296,9280.0422,6.029208727055821e-06,0,SCUC
2024-09-01 09:00:00,L61,65,66,0.021635202194233982,8873.787841002126,2.4381022604875235e-06,0,SCUC
2024-09-01 09:00:00,L62,67,68,-0.04621125692159367,9057.648105,5.101904643003755e-06,0,SCUC
2024-09-01 09:00:00,L63,68,69,-0.4119397847396096,8420.516767526793,4.8920962467319126e-05,0,SCUC
2024-09-01 09:00:00,L64,68,74,-0.15860468840447717,8644.20367576129,1.834809710109115e-05,0,SCUC
2024-09-01 09:00:00,L65,68,76,-0.016798257150671847,8772.21088072141,1.914939959730014e-06,0,SCUC
2024-09-01 09:00:00,L66,69,70,-0.19452249639528618,8288.746682949235,2.3468264121937523e-05,0,SCUC
2024-09-01 09:00:00,L67,69,73,0.13313209105286244,8248.720177110687,1.6139726914520597e-05,0,SCUC
2024-09-01 09:00:00,L68,69,74,0.2533350963351324,8303.48289566836,3.0509498185067447e-05,0,SCUC
2024-09-01 09:00:00,L69,70,71,-0.20468098966851608,8396.647082734396,2.4376514536307155e-05,0,SCUC
2024-09-01 09:00:00,L70,70,72,0.01292908577059242,8300.53773206355,1.5576202636426293e-06,0,SCUC
2024-09-01 09:00:00,L71,73,74,0.12020300528227001,8383.76805553548,1.4337587166775753e-05,0,SCUC
2024-09-01 09:00:00,L72,74,76,0.14180643125380532,8777.463666633046,1.6155741184423603e-05,0,SCUC
2024-09-01 09:00:00,L73,74,117,0.06019789618852753,8669.909756683744,6.9433128922847435e-06,0,SCUC
2024-09-01 09:00:00,L74,75,76,0.03433972464734268,8849.57513127223,3.880381163836274e-06,0,SCUC
2024-09-01 09:00:00,L75,75,117,-0.047268810417935105,8849.727586800007,5.341272932337474e-06,0,SCUC
2024-09-01 09:00:00,L76,76,77,0.026374955480060837,8947.739166669726,2.947667001549105e-06,0,SCUC
2024-09-01 09:00:00,L77,76,79,0.04033760912840523,8937.334076898851,4.513382713606908e-06,0,SCUC
2024-09-01 09:00:00,L78,76,79,0.04033760912840523,8937.334076898851,4.513382713606908e-06,0,SCUC
2024-09-01 09:00:00,L79,76,81,0.03936863924301268,9010.679045353694,4.36910903660617e-06,0,SCUC
2024-09-01 09:00:00,L80,77,78,0.013445869709468417,9077.704039202454,1.481197189443702e-06,0,SCUC
2024-09-01 09:00:00,L81,78,79,0.0005167839388759976,9054.024923819781,5.707781271028055e-08,0,SCUC
2024-09-01 09:00:00,L82,79,95,0.01254149781643532,9128.405896883849,1.3738979136232969e-06,0,SCUC
2024-09-01 09:00:00,L83,79,96,0.012735291793513893,9101.393549280201,1.3992683345201663e-06,0,SCUC
2024-09-01 09:00:00,L84,79,97,0.01292908577059242,9012.071934493852,1.4346407645844608e-06,0,SCUC
2024-09-01 09:00:00,L85,79,98,0.01292908577059242,9002.539999109344,1.4361597695618731e-06,0,SCUC
2024-09-01 09:00:00,L86,80,67,0.01989854777132261,9251.58069,2.150826808745329e-06,0,SCUC
2024-09-01 09:00:00,L87,80,79,-0.01712795527396008,9325.39905,1.8366994465464811e-06,0,SCUC
2024-09-01 09:00:00,L88,81,82,0.01292908577059242,9213.04296908937,1.40334586672077e-06,0,SCUC
2024-09-01 09:00:00,L89,81,95,0.013510467701827844,9184.277382916272,1.471043081403306e-06,0,SCUC
2024-09-01 09:00:00,L90,93,95,-0.01292908577059242,9263.426056121772,1.3957131726709451e-06,0,SCUC
2024-09-01 09:00:00,L91,95,96,0.00019379397707852686,9190.618146912511,2.1086065592185422e-08,0,SCUC
2024-09-01 09:00:00,L92,115,67,-0.01292908577059242,9110.738835,1.4191039831944013e-06,0,SCUC
2024-09-01 10:00:00,L0,22,23,-0.03633195844291249,8557.522313524194,4.245616559537794e-06,0,SCUC
2024-09-01 10:00:00,L1,23,69,0.7689575447811499,8369.11500037696,9.188038935377452e-05,0,SCUC
2024-09-01 10:00:00,L2,23,71,0.27252116736581516,8529.657600924333,3.19498366893746e-05,0,SCUC
2024-09-01 10:00:00,L3,29,37,0.0003556498677392084,9183.584403244553,3.872669451522192e-08,0,SCUC
2024-09-01 10:00:00,L4,32,36,-0.03633195844291249,9313.067654905435,3.901180555021041e-06,0,SCUC
2024-09-01 10:00:00,L5,33,36,0.0325517866226559,9273.203999289743,3.510306321865573e-06,0,SCUC
2024-09-01 10:00:00,L6,33,42,0.012996182327095152,9195.177953152428,1.4133693108831686e-06,0,SCUC
2024-09-01 10:00:00,L7,34,36,-0.03633195844291249,9316.885972896613,3.8995817431494135e-06,0,SCUC
2024-09-01 10:00:00,L8,36,38,0.0120566853898273,9178.102934041248,1.3136358871188396e-06,0,SCUC
2024-09-01 10:00:00,L9,36,39,-0.012218587663257896,9126.773929756948,1.338763045660679e-06,0,SCUC
2024-09-01 10:00:00,L10,37,36,0.03959457812199912,9455.450895,4.187487044423927e-06,0,SCUC
2024-09-01 10:00:00,L11,37,64,-0.0388832783865207,9061.519498969434,4.291032910202631e-06,0,SCUC
2024-09-01 10:00:00,L12,38,39,-0.02427527305308519,9163.404835204066,2.64915427067286e-06,0,SCUC
2024-09-01 10:00:00,L13,39,40,-0.012164620238780725,9060.431520884833,1.3426093680792744e-06,0,SCUC
2024-09-01 10:00:00,L14,39,41,-0.06066119892047395,8928.082798281388,6.7944261148822375e-06,0,SCUC
2024-09-01 10:00:00,L15,40,41,-0.048496578681693214,8867.02435940614,5.4693183097267624e-06,0,SCUC
2024-09-01 10:00:00,L16,41,48,-0.07274486802254021,8724.748703005307,8.33776083401493e-06,0,SCUC
2024-09-01 10:00:00,L17,41,48,-0.07274486802254021,8724.748703005307,8.33776083401493e-06,0,SCUC
2024-09-01 10:00:00,L18,42,43,-0.023335776115817337,9065.968428461876,2.5739970638499636e-06,0,SCUC
2024-09-01 10:00:00,L19,43,44,-0.059667734558729826,8884.508236523636,6.715929905207319e-06,0,SCUC
2024-09-01 10:00:00,L20,44,45,-0.05293415336548013,8735.399800559642,6.059728755870893e-06,0,SCUC
2024-09-01 10:00:00,L21,44,48,-0.04306553963616233,8713.45313435627,4.942419379793211e-06,0,SCUC
2024-09-01 10:00:00,L22,45,46,-0.11236639789450797,8604.80778142401,1.3058559906135691e-05,0,SCUC
2024-09-01 10:00:00,L23,45,47,0.023100286086115147,8622.454508764358,2.6790847156844594e-06,0,SCUC
2024-09-01 10:00:00,L24,46,48,0.12223501162382577,8616.654268912062,1.4185901837194074e-05,0,SCUC
2024-09-01 10:00:00,L25,46,68,-0.27093336796124623,8637.907955443714,3.136562340774895e-05,0,SCUC
2024-09-01 10:00:00,L26,47,48,-0.013231672356797342,8612.558759052197,1.5363230286110086e-06,0,SCUC
2024-09-01 10:00:00,L27,48,49,0.04798843535468421,8763.579818910137,5.475894137591387e-06,0,SCUC
2024-09-01 10:00:00,L28,48,50,0.06165488557325971,8801.693700854736,7.004888793991136e-06,0,SCUC
2024-09-01 10:00:00,L29,48,53,0.054180881657912794,8726.162381535616,6.209015978496853e-06,0,SCUC
2024-09-01 10:00:00,L30,48,53,0.054180881657912794,8726.162381535616,6.209015978496853e-06,0,SCUC
2024-09-01 10:00:00,L31,48,65,0.03631017448038554,8768.22278271066,4.14110993529756e-06,0,SCUC
2024-09-01 10:00:00,L32,48,65,0.03631017448038554,8768.22278271066,4.14110993529756e-06,0,SCUC
2024-09-01 10:00:00,L33,48,68,-0.393168379585072,8714.302034454127,4.511759840668645e-05,0,SCUC
2024-09-01 10:00:00,L34,49,56,0.024997425388372345,8887.98699447567,2.812495720786889e-06,0,SCUC
2024-09-01 10:00:00,L35,50,51,0.020499675327862923,8961.78932951385,2.287453383929855e-06,0,SCUC
2024-09-01 10:00:00,L36,50,57,0.0181642002790846,8904.057193062856,2.0399914202299057e-06,0,SCUC
2024-09-01 10:00:00,L37,51,52,-0.002491334638448941,8980.239913273395,2.7742406244253916e-07,0,SCUC
2024-09-01 10:00:00,L38,52,53,-0.025482344604760804,8817.309997756947,2.890036146085746e-06,0,SCUC
2024-09-01 10:00:00,L39,53,54,0.02071985467776627,8771.109043043374,2.362284470080759e-06,0,SCUC
2024-09-01 10:00:00,L40,53,55,0.02081139450720415,8793.374479895738,2.366713092315717e-06,0,SCUC
2024-09-01 10:00:00,L41,53,58,0.01835715955978312,8814.378693745572,2.082637948470359e-06,0,SCUC
2024-09-01 10:00:00,L42,54,55,9.153982943788108e-05,8823.401289071366,1.0374664649023953e-08,0,SCUC
2024-09-01 10:00:00,L43,54,58,-0.002362695117983149,8842.59682597801,2.6719471264843405e-07,0,SCUC
2024-09-01 10:00:00,L44,55,56,-0.0020064154220604813,8880.454305444073,2.2593612365422214e-07,0,SCUC
2024-09-01 10:00:00,L45,55,57,0.0048268096872272626,8874.17590961829,5.43916385745263e-07,0,SCUC
2024-09-01 10:00:00,L46,55,58,-0.00245423494742103,8870.745660243276,2.766661384984094e-07,0,SCUC
2024-09-01 10:00:00,L47,55,58,-0.00245423494742103,8870.745660243276,2.766661384984094e-07,0,SCUC
2024-09-01 10:00:00,L48,58,59,0.004202634833700314,8923.758605129855,4.709489599241752e-07,0,SCUC
2024-09-01 10:00:00,L49,58,60,-0.004597381956764401,8975.808308272744,5.121969853709026e-07,0,SCUC
2024-09-01 10:00:00,L50,59,60,-0.008800016790464715,9013.527191804465,9.763122253035544e-07,0,SCUC
2024-09-01 10:00:00,L51,59,61,-0.009988358342147619,8991.095439830888,1.1109167296677576e-06,0,SCUC
2024-09-01 10:00:00,L52,60,61,-0.0011883415516829032,8998.593479878899,1.320585883049465e-07,0,SCUC
2024-09-01 10:00:00,L53,61,65,-0.030442143228863072,8869.924479332287,3.432063407055604e-06,0,SCUC
2024-09-01 10:00:00,L54,61,66,-0.0037255666312755523,8974.786163256958,4.1511480758484616e-07,0,SCUC
2024-09-01 10:00:00,L55,62,58,0.011510268296287467,9151.63623,1.2577279086504367e-06,0,SCUC
2024-09-01 10:00:00,L56,62,63,-0.01115461842854826,9055.053998632286,1.2318665830411504e-06,0,SCUC
2024-09-01 10:00:00,L57,63,60,0.01185340732780571,9286.462845,1.2764178918981837e-06,0,SCUC
2024-09-01 10:00:00,L58,63,64,-0.022652375888614795,9024.718813502743,2.510036750920418e-06,0,SCUC
2024-09-01 10:00:00,L59,64,65,0.00752938083199195,9114.030585,8.261307400464412e-07,0,SCUC
2024-09-01 10:00:00,L60,64,67,-0.06870938523938906,9280.0422,7.4039949128021274e-06,0,SCUC
2024-09-01 10:00:00,L61,65,66,0.026716576597587416,8873.787841002126,3.0107296992318317e-06,0,SCUC
2024-09-01 10:00:00,L62,67,68,-0.06068959026743276,9057.648105,6.7003696283951356e-06,0,SCUC
2024-09-01 10:00:00,L63,68,69,-0.5112118854926104,8420.516767526793,6.0710274631132824e-05,0,SCUC
2024-09-01 10:00:00,L64,68,74,-0.19554481784324174,8644.20367576129,2.2621495880708785e-05,0,SCUC
2024-09-01 10:00:00,L65,68,76,-0.017678984610154824,8772.21088072141,2.015339673263867e-06,0,SCUC
2024-09-01 10:00:00,L66,69,70,-0.24023574577753118,8288.746682949235,2.898336201680764e-05,0,SCUC
2024-09-01 10:00:00,L67,69,73,0.1659938016886901,8248.720177110687,2.0123582583066048e-05,0,SCUC
2024-09-01 10:00:00,L68,69,74,0.3156670676493687,8303.48289566836,3.801622422971947e-05,0,SCUC
2024-09-01 10:00:00,L69,70,71,-0.2562006316378036,8396.647082734396,3.0512254369320355e-05,0,SCUC
2024-09-01 10:00:00,L70,70,72,0.016320535728011558,8300.53773206355,1.9662022214498387e-06,0,SCUC
2024-09-01 10:00:00,L71,73,74,0.14967326596067854,8383.76805553548,1.7852744132377927e-05,0,SCUC
2024-09-01 10:00:00,L72,74,76,0.1778658332330869,8777.463666633046,2.026392133176606e-05,0,SCUC
2024-09-01 10:00:00,L73,74,117,0.0756091468057072,8669.909756683744,8.720868951077505e-06,0,SCUC
2024-09-01 10:00:00,L74,75,76,0.04296807534968408,8849.57513127223,4.855382853109573e-06,0,SCUC
2024-09-01 10:00:00,L75,75,117,-0.05928861107769564,8849.727586800007,6.699484305723578e-06,0,SCUC
2024-09-01 10:00:00,L76,76,77,0.03354057856205108,8947.739166669726,3.7484975743358203e-06,0,SCUC
2024-09-01 10:00:00,L77,76,79,0.05166012850211854,8937.334076898851,5.7802615475289466e-06,0,SCUC
2024-09-01 10:00:00,L78,76,79,0.05166012850211854,8937.334076898851,5.7802615475289466e-06,0,SCUC
2024-09-01 10:00:00,L79,76,81,0.049973552678316144,9010.679045353694,5.546036256178132e-06,0,SCUC
2024-09-01 10:00:00,L80,77,78,0.017220042834039526,9077.704039202454,1.8969601520025365e-06,0,SCUC
2024-09-01 10:00:00,L81,78,79,0.0008995071060279672,9054.024923819781,9.934886568088619e-08,0,SCUC
2024-09-01 10:00:00,L82,79,95,0.015645905398490534,9128.405896883849,1.7139800284112646e-06,0,SCUC
2024-09-01 10:00:00,L83,79,96,0.015983220563251015,9101.393549280201,1.756128935278826e-06,0,SCUC
2024-09-01 10:00:00,L84,79,97,0.016320535728011558,9012.071934493852,1.8109637657844743e-06,0,SCUC
2024-09-01 10:00:00,L85,79,98,0.016320535728011558,9002.539999109344,1.8128812234798414e-06,0,SCUC
2024-09-01 10:00:00,L86,80,67,0.023984680832228652,9251.58069,2.592495448713278e-06,0,SCUC
2024-09-01 10:00:00,L87,80,79,-0.023629030964489442,9325.39905,2.533835907482098e-06,0,SCUC
2024-09-01 10:00:00,L88,81,82,0.016320535728011558,9213.04296908937,1.7714598512965257e-06,0,SCUC
2024-09-01 10:00:00,L89,81,95,0.017332481222293028,9184.277382916272,1.8871905213286868e-06,0,SCUC
2024-09-01 10:00:00,L90,93,95,-0.016320535728011558,9263.426056121772,1.7618250125962916e-06,0,SCUC
2024-09-01 10:00:00,L91,95,96,0.00033731516476054324,9190.618146912511,3.670211941879672e-08,0,SCUC
2024-09-01 10:00:00,L92,115,67,-0.016320535728011558,9110.738835,1.7913515054689368e-06,0,SCUC
2024-09-01 11:00:00,L0,22,23,-0.03713335605258622,8557.522313524194,4.339264882067694e-06,0,SCUC
2024-09-01 11:00:00,L1,23,69,0.7718562596923453,8369.11500037696,9.222674794856798e-05,0,SCUC
2024-09-01 11:00:00,L2,23,71,0.27314836600036074,8529.657600924333,3.202336820305196e-05,0,SCUC
2024-09-01 11:00:00,L3,29,37,0.0011559696342305034,9183.584403244553,1.2587346982101023e-07,0,SCUC
2024-09-01 11:00:00,L4,32,36,-0.03713335605258622,9313.067654905435,3.987231428843655e-06,0,SCUC
2024-09-01 11:00:00,L5,33,36,0.0316085786780258,9273.203999289743,3.408593047284065e-06,0,SCUC
2024-09-01 11:00:00,L6,33,42,0.013137992662051526,9195.177953152428,1.4287915610754833e-06,0,SCUC
2024-09-01 11:00:00,L7,34,36,-0.03713335605258622,9316.885972896613,3.985597350939939e-06,0,SCUC
2024-09-01 11:00:00,L8,36,38,0.012444664932008631,9178.102934041248,1.3559081894638405e-06,0,SCUC
2024-09-01 11:00:00,L9,36,39,-0.012244026188569013,9126.773929756948,1.341550287407533e-06,0,SCUC
2024-09-01 11:00:00,L10,37,36,0.04170280253635597,9455.450895,4.4104509662683804e-06,0,SCUC
2024-09-01 11:00:00,L11,37,64,-0.03939086326789496,9061.519498969434,4.347048336912466e-06,0,SCUC
2024-09-01 11:00:00,L12,38,39,-0.02468869112057759,9163.404835204066,2.6942704774679727e-06,0,SCUC
2024-09-01 11:00:00,L13,39,40,-0.012310905769715441,9060.431520884833,1.3587549049223618e-06,0,SCUC
2024-09-01 11:00:00,L14,39,41,-0.06175516759201716,8928.082798281388,6.916957311809958e-06,0,SCUC
2024-09-01 11:00:00,L15,40,41,-0.04944426182230166,8867.02435940614,5.576195555372664e-06,0,SCUC
2024-09-01 11:00:00,L16,41,48,-0.07416639273345216,8724.748703005307,8.500690995020288e-06,0,SCUC
2024-09-01 11:00:00,L17,41,48,-0.07416639273345216,8724.748703005307,8.500690995020288e-06,0,SCUC
2024-09-01 11:00:00,L18,42,43,-0.023995363390534694,9065.968428461876,2.646751263241022e-06,0,SCUC
2024-09-01 11:00:00,L19,43,44,-0.06112871944312091,8884.508236523636,6.88037174548668e-06,0,SCUC
2024-09-01 11:00:00,L20,44,45,-0.053691157831301295,8735.399800559642,6.146388151331267e-06,0,SCUC
2024-09-01 11:00:00,L21,44,48,-0.04457091766440602,8713.45313435627,5.115184184404157e-06,0,SCUC
2024-09-01 11:00:00,L22,45,46,-0.11395131199362862,8604.80778142401,1.3242749273217445e-05,0,SCUC
2024-09-01 11:00:00,L23,45,47,0.023126798109740776,8622.454508764358,2.682159480949812e-06,0,SCUC
2024-09-01 11:00:00,L24,46,48,0.1230715521605239,8616.654268912062,1.4282985985007255e-05,0,SCUC
2024-09-01 11:00:00,L25,46,68,-0.2741562202067387,8637.907955443714,3.173872905579668e-05,0,SCUC
2024-09-01 11:00:00,L26,47,48,-0.014006557942845443,8612.558759052197,1.626294616350095e-06,0,SCUC
2024-09-01 11:00:00,L27,48,49,0.04818012314321265,8763.579818910137,5.4977673666244375e-06,0,SCUC
2024-09-01 11:00:00,L28,48,50,0.06192641491449802,8801.693700854736,7.0357384634373635e-06,0,SCUC
2024-09-01 11:00:00,L29,48,53,0.05415483320405001,8726.162381535616,6.2060308800396095e-06,0,SCUC
2024-09-01 11:00:00,L30,48,53,0.05415483320405001,8726.162381535616,6.2060308800396095e-06,0,SCUC
2024-09-01 11:00:00,L31,48,65,0.035881447047035,8768.22278271066,4.092214344483432e-06,0,SCUC
2024-09-01 11:00:00,L32,48,65,0.035881447047035,8768.22278271066,4.092214344483432e-06,0,SCUC
2024-09-01 11:00:00,L33,48,68,-0.3972277723672626,8714.302034454127,4.558342949288713e-05,0,SCUC
2024-09-01 11:00:00,L34,49,56,0.024970158249468886,8887.98699447567,2.8094278563851514e-06,0,SCUC
2024-09-01 11:00:00,L35,50,51,0.020619437656927777,8961.78932951385,2.3008170465491538e-06,0,SCUC
2024-09-01 11:00:00,L36,50,57,0.018097012363826152,8904.057193062856,2.032445656113431e-06,0,SCUC
2024-09-01 11:00:00,L37,51,52,-0.002590527236815989,8980.239913273395,2.8846971370854095e-07,0,SCUC
2024-09-01 11:00:00,L38,52,53,-0.025800492130559755,8817.309997756947,2.9261182987921705e-06,0,SCUC
2024-09-01 11:00:00,L39,53,54,0.02062729356938453,8771.109043043374,2.3517315162949257e-06,0,SCUC
2024-09-01 11:00:00,L40,53,55,0.020755641544356607,8793.374479895738,2.3603727547155145e-06,0,SCUC
2024-09-01 11:00:00,L41,53,58,0.017916274270053156,8814.378693745572,2.032619075325868e-06,0,SCUC
2024-09-01 11:00:00,L42,54,55,0.00012834797497207617,8823.401289071366,1.4546315050982383e-08,0,SCUC
2024-09-01 11:00:00,L43,54,58,-0.002711019299331374,8842.59682597801,3.0658632895789973e-07,0,SCUC
2024-09-01 11:00:00,L44,55,56,-0.0017601933557251186,8880.454305444073,1.9820983197290365e-07,0,SCUC
2024-09-01 11:00:00,L45,55,57,0.005112952529917614,8874.17590961829,5.761608268747447e-07,0,SCUC
2024-09-01 11:00:00,L46,55,58,-0.0028393672743034504,8870.745660243276,3.2008214225201695e-07,0,SCUC
2024-09-01 11:00:00,L47,55,58,-0.0028393672743034504,8870.745660243276,3.2008214225201695e-07,0,SCUC
2024-09-01 11:00:00,L48,58,59,0.00405374189203811,8923.758605129855,4.542639566368146e-07,0,SCUC
2024-09-01 11:00:00,L49,58,60,-0.00516773018972283,8975.808308272744,5.757398121971792e-07,0,SCUC
2024-09-01 11:00:00,L50,59,60,-0.00922147208176094,9013.527191804465,1.0230703126014363e-06,0,SCUC
2024-09-01 11:00:00,L51,59,61,-0.009934750919944557,8991.095439830888,1.104954450370223e-06,0,SCUC
2024-09-01 11:00:00,L52,60,61,-0.0007132788381836175,8998.593479878899,7.926559187038824e-08,0,SCUC
2024-09-01 11:00:00,L53,61,65,-0.030308651399161723,8869.924479332287,3.4170134672266464e-06,0,SCUC
2024-09-01 11:00:00,L54,61,66,-0.00354934325270901,8974.786163256958,3.954794229237602e-07,0,SCUC
2024-09-01 11:00:00,L55,62,58,0.012569456173944019,9151.63623,1.3734654501170027e-06,0,SCUC
2024-09-01 11:00:00,L56,62,63,-0.011413486539713516,9055.053998632286,1.2604548290311087e-06,0,SCUC
2024-09-01 11:00:00,L57,63,60,0.01251995379906834,9286.462845,1.348194033405228e-06,0,SCUC
2024-09-01 11:00:00,L58,63,64,-0.02277747070455116,9024.718813502743,2.523898104223659e-06,0,SCUC
2024-09-01 11:00:00,L59,64,65,0.00851503034528811,9114.030585,9.342771308341083e-07,0,SCUC
2024-09-01 11:00:00,L60,64,67,-0.0695273946835039,9280.0422,7.492142081369403e-06,0,SCUC
2024-09-01 11:00:00,L61,65,66,0.026759308146452776,8873.787841002126,3.0155451793437085e-06,0,SCUC
2024-09-01 11:00:00,L62,67,68,-0.06017929305050951,9057.648105,6.644030807212454e-06,0,SCUC
2024-09-01 11:00:00,L63,68,69,-0.5140439864058167,8420.516767526793,6.104660801676637e-05,0,SCUC
2024-09-01 11:00:00,L64,68,74,-0.19721220885848956,8644.20367576129,2.2814387103288747e-05,0,SCUC
2024-09-01 11:00:00,L65,68,76,-0.019151120725968918,8772.21088072141,2.183157813505957e-06,0,SCUC
2024-09-01 11:00:00,L66,69,70,-0.2418077970059462,8288.746682949235,2.9173022925573122e-05,0,SCUC
2024-09-01 11:00:00,L67,69,73,0.1665400234308249,8248.720177110687,2.0189801551634107e-05,0,SCUC
2024-09-01 11:00:00,L68,69,74,0.31683177754732716,8303.48289566836,3.815649186350554e-05,0,SCUC
2024-09-01 11:00:00,L69,70,71,-0.2569000966860382,8396.647082734396,3.059555726883996e-05,0,SCUC
2024-09-01 11:00:00,L70,70,72,0.016248269314322546,8300.53773206355,1.957495988670502e-06,0,SCUC
2024-09-01 11:00:00,L71,73,74,0.15029175411650236,8383.76805553548,1.7926516230046524e-05,0,SCUC
2024-09-01 11:00:00,L72,74,76,0.17806108813252064,8777.463666633046,2.0286166356849556e-05,0,SCUC
2024-09-01 11:00:00,L73,74,117,0.07560196535849609,8669.909756683744,8.720040632512186e-06,0,SCUC
2024-09-01 11:00:00,L74,75,76,0.043105426729851,8849.57513127223,4.870903528184871e-06,0,SCUC
2024-09-01 11:00:00,L75,75,117,-0.059353696044173544,8849.727586800007,6.706838765602658e-06,0,SCUC
2024-09-01 11:00:00,L76,76,77,0.03336252784274148,8947.739166669726,3.728598612598889e-06,0,SCUC
2024-09-01 11:00:00,L77,76,79,0.051342775585256684,8937.334076898851,5.744752869646786e-06,0,SCUC
2024-09-01 11:00:00,L78,76,79,0.051342775585256684,8937.334076898851,5.744752869646786e-06,0,SCUC
2024-09-01 11:00:00,L79,76,81,0.049719045808826016,9010.679045353694,5.51779122955926e-06,0,SCUC
2024-09-01 11:00:00,L80,77,78,0.017114258528418927,9077.704039202454,1.8853069514615445e-06,0,SCUC
2024-09-01 11:00:00,L81,78,79,0.0008659892140963817,9054.024923819781,9.5646877646437e-08,0,SCUC
2024-09-01 11:00:00,L82,79,95,0.015598777403750264,9128.405896883849,1.7088172436630142e-06,0,SCUC
2024-09-01 11:00:00,L83,79,96,0.01592352335903646,9101.393549280201,1.7495698073945827e-06,0,SCUC
2024-09-01 11:00:00,L84,79,97,0.016248269314322546,9012.071934493852,1.8029449201500526e-06,0,SCUC
2024-09-01 11:00:00,L85,79,98,0.016248269314322546,9002.539999109344,1.8048538874506586e-06,0,SCUC
2024-09-01 11:00:00,L86,80,67,0.024440401313086398,9251.58069,2.641754110138599e-06,0,SCUC
2024-09-01 11:00:00,L87,80,79,-0.023284431678855893,9325.39905,2.4968831418378705e-06,0,SCUC
2024-09-01 11:00:00,L88,81,82,0.016248269314322546,9213.04296908937,1.7636159267721886e-06,0,SCUC
2024-09-01 11:00:00,L89,81,95,0.017222507180180924,9184.277382916272,1.8752163574911849e-06,0,SCUC
2024-09-01 11:00:00,L90,93,95,-0.016248269314322546,9263.426056121772,1.7540237505954735e-06,0,SCUC
2024-09-01 11:00:00,L91,95,96,0.00032474595528608763,9190.618146912511,3.533450635147784e-08,0,SCUC
2024-09-01 11:00:00,L92,115,67,-0.016248269314322546,9110.738835,1.7834195018194204e-06,0,SCUC
2024-09-01 12:00:00,L0,22,23,-0.03562975377810078,8557.522313524194,4.1635595529551805e-06,0,SCUC
2024-09-01 12:00:00,L1,23,69,0.7197510182802513,8369.11500037696,8.600085173257058e-05,0,SCUC
2024-09-01 12:00:00,L2,23,71,0.25430807408946504,8529.657600924333,2.9814570055180932e-05,0,SCUC
2024-09-01 12:00:00,L3,29,37,0.0020531400966183567,9183.584403244553,2.2356631207015248e-07,0,SCUC
2024-09-01 12:00:00,L4,32,36,-0.03562975377810078,9313.067654905435,3.825780623351711e-06,0,SCUC
2024-09-01 12:00:00,L5,33,36,0.031694251281401464,9273.203999289743,3.4178317746303225e-06,0,SCUC
2024-09-01 12:00:00,L6,33,42,0.014555922333161303,9195.177953152428,1.5829951750059416e-06,0,SCUC
2024-09-01 12:00:00,L7,34,36,-0.03562975377810078,9316.885972896613,3.824212712460998e-06,0,SCUC
2024-09-01 12:00:00,L8,36,38,0.012834561900867444,9178.102934041248,1.398389404989622e-06,0,SCUC
2024-09-01 12:00:00,L9,36,39,-0.009960629976365931,9126.773929756948,1.091363723154167e-06,0,SCUC
2024-09-01 12:00:00,L10,37,36,0.040386048102682946,9455.450895,4.271192199204261e-06,0,SCUC
2024-09-01 12:00:00,L11,37,64,-0.03627976790944623,9061.519498969434,4.003717909956749e-06,0,SCUC
2024-09-01 12:00:00,L12,38,39,-0.022795191877233334,9163.404835204066,2.4876333947026464e-06,0,SCUC
2024-09-01 12:00:00,L13,39,40,-0.010918607284533047,9060.431520884833,1.2050868945220774e-06,0,SCUC
2024-09-01 12:00:00,L14,39,41,-0.057466968347166913,8928.082798281388,6.436652710952571e-06,0,SCUC
2024-09-01 12:00:00,L15,40,41,-0.046548361062633825,8867.02435940614,5.249603381686363e-06,0,SCUC
2024-09-01 12:00:00,L16,41,48,-0.06982254159395085,8724.748703005307,8.002814060409549e-06,0,SCUC
2024-09-01 12:00:00,L17,41,48,-0.06982254159395085,8724.748703005307,8.002814060409549e-06,0,SCUC
2024-09-01 12:00:00,L18,42,43,-0.021073831444939475,9065.968428461876,2.324498657945894e-06,0,SCUC
2024-09-01 12:00:00,L19,43,44,-0.056703585223040254,8884.508236523636,6.382298683672272e-06,0,SCUC
2024-09-01 12:00:00,L20,44,45,-0.04999894469987587,8735.399800559642,5.723715667446913e-06,0,SCUC
2024-09-01 12:00:00,L21,44,48,-0.04233439430126462,8713.45313435627,4.858509439196311e-06,0,SCUC
2024-09-01 12:00:00,L22,45,46,-0.10727585056633249,8604.80778142401,1.2466966525146412e-05,0,SCUC
2024-09-01 12:00:00,L23,45,47,0.021647152088356034,8622.454508764358,2.5105556737182693e-06,0,SCUC
2024-09-01 12:00:00,L24,46,48,0.11494040096494373,8616.654268912062,1.3339330716753488e-05,0,SCUC
2024-09-01 12:00:00,L25,46,68,-0.25784600530937674,8637.907955443714,2.985051549974888e-05,0,SCUC
2024-09-01 12:00:00,L26,47,48,-0.013982601689744745,8612.558759052197,1.623513067478162e-06,0,SCUC
2024-09-01 12:00:00,L27,48,49,0.045168600572303895,8763.579818910137,5.154126681751521e-06,0,SCUC
2024-09-01 12:00:00,L28,48,50,0.05808898020335462,8801.693700854736,6.599750250081252e-06,0,SCUC
2024-09-01 12:00:00,L29,48,53,0.050450038708472755,8726.162381535616,5.781469161658511e-06,0,SCUC
2024-09-01 12:00:00,L30,48,53,0.050450038708472755,8726.162381535616,5.781469161658511e-06,0,SCUC
2024-09-01 12:00:00,L31,48,65,0.032840093294775,8768.22278271066,3.745353432343175e-06,0,SCUC
2024-09-01 12:00:00,L32,48,65,0.032840093294775,8768.22278271066,3.745353432343175e-06,0,SCUC
2024-09-01 12:00:00,L33,48,68,-0.37278640627432047,8714.302034454127,4.2778687816926485e-05,0,SCUC
2024-09-01 12:00:00,L34,49,56,0.023241717294100992,8887.98699447567,2.6149585174401002e-06,0,SCUC
2024-09-01 12:00:00,L35,50,51,0.01938056944657561,8961.78932951385,2.1625781118006877e-06,0,SCUC
2024-09-01 12:00:00,L36,50,57,0.016781527478575635,8904.057193062856,1.8847057150138378e-06,0,SCUC
2024-09-01 12:00:00,L37,51,52,-0.0025463138316272962,8980.239913273395,2.8354630346386113e-07,0,SCUC
2024-09-01 12:00:00,L38,52,53,-0.024473197109830203,8817.309997756947,2.775585424132302e-06,0,SCUC
2024-09-01 12:00:00,L39,53,54,0.019106720076778716,8771.109043043374,2.1783699168502325e-06,0,SCUC
2024-09-01 12:00:00,L40,53,55,0.01927511317383024,8793.374479895738,2.1920041296886496e-06,0,SCUC
2024-09-01 12:00:00,L41,53,58,0.016118163778302996,8814.378693745572,1.8286216576716836e-06,0,SCUC
2024-09-01 12:00:00,L42,54,55,0.0001683930970515224,8823.401289071366,1.9084828121791708e-08,0,SCUC
2024-09-01 12:00:00,L43,54,58,-0.0029885562984757197,8842.59682597801,3.379726970810047e-07,0,SCUC
2024-09-01 12:00:00,L44,55,56,-0.0013148340158980847,8880.454305444073,1.480593188900301e-07,0,SCUC
2024-09-01 12:00:00,L45,55,57,0.005145355799627271,8874.17590961829,5.798122385708479e-07,0,SCUC
2024-09-01 12:00:00,L46,55,58,-0.003156949395527242,8870.745660243276,3.5588320491207323e-07,0,SCUC
2024-09-01 12:00:00,L47,55,58,-0.003156949395527242,8870.745660243276,3.5588320491207323e-07,0,SCUC
2024-09-01 12:00:00,L48,58,59,0.0035781480379235564,8923.758605129855,4.009687169111281e-07,0,SCUC
2024-09-01 12:00:00,L49,58,60,-0.005566632498387181,8975.808308272744,6.201817493424604e-07,0,SCUC
2024-09-01 12:00:00,L50,59,60,-0.009144780536310737,9013.527191804465,1.014561818222018e-06,0,SCUC
2024-09-01 12:00:00,L51,59,61,-0.009203954703969286,8991.095439830888,1.0236744527474842e-06,0,SCUC
2024-09-01 12:00:00,L52,60,61,-5.917416765854888e-05,8998.593479878899,6.575935204858842e-09,0,SCUC
2024-09-01 12:00:00,L53,61,65,-0.028102302525955025,8869.924479332287,3.168268522627886e-06,0,SCUC
2024-09-01 12:00:00,L54,61,66,-0.003087709623876063,8974.786163256958,3.4404269558167726e-07,0,SCUC
2024-09-01 12:00:00,L55,62,58,0.013122690128964328,9151.63623,1.433917367251422e-06,0,SCUC
2024-09-01 12:00:00,L56,62,63,-0.011069550032345972,9055.053998632286,1.2224720066846608e-06,0,SCUC
2024-09-01 12:00:00,L57,63,60,0.012599098770420092,9286.462845,1.356716650969392e-06,0,SCUC
2024-09-01 12:00:00,L58,63,64,-0.021615508706147146,9024.718813502743,2.3951448408349434e-06,0,SCUC
2024-09-01 12:00:00,L59,64,65,0.00936359211668758,9114.030585,1.0273821257631406e-06,0,SCUC
2024-09-01 12:00:00,L60,64,67,-0.06520572863566222,9280.0422,7.026447426678967e-06,0,SCUC
2024-09-01 12:00:00,L61,65,66,0.02501459290207897,8873.787841002126,2.8189306923134693e-06,0,SCUC
2024-09-01 12:00:00,L62,67,68,-0.055155720481402715,9057.648105,6.089408623741484e-06,0,SCUC
2024-09-01 12:00:00,L63,68,69,-0.48012388708390713,8420.516767526793,5.701833988805479e-05,0,SCUC
2024-09-01 12:00:00,L64,68,74,-0.1846410355615482,8644.20367576129,2.136009775883572e-05,0,SCUC
2024-09-01 12:00:00,L65,68,76,-0.01897006932303169,8772.21088072141,2.1625186148593395e-06,0,SCUC
2024-09-01 12:00:00,L66,69,70,-0.2262103181295754,8288.746682949235,2.7291257265095603e-05,0,SCUC
2024-09-01 12:00:00,L67,69,73,0.1552791497753064,8248.720177110687,1.8824635390856074e-05,0,SCUC
2024-09-01 12:00:00,L68,69,74,0.29548285152235887,8303.48289566836,3.5585410993801416e-05,0,SCUC
2024-09-01 12:00:00,L69,70,71,-0.23923262606121104,8396.647082734396,2.8491447086436807e-05,0,SCUC
2024-09-01 12:00:00,L70,70,72,0.015075448028253974,8300.53773206355,1.8162013733182742e-06,0,SCUC
2024-09-01 12:00:00,L71,73,74,0.14020370174705243,8383.76805553548,1.6723232419876086e-05,0,SCUC
2024-09-01 12:00:00,L72,74,76,0.16567096623851651,8777.463666633046,1.8874582969600188e-05,0,SCUC
2024-09-01 12:00:00,L73,74,117,0.0702991034410928,8669.909756683744,8.108400826998035e-06,0,SCUC
2024-09-01 12:00:00,L74,75,76,0.04014820738458486,8849.57513127223,4.536738407102838e-06,0,SCUC
2024-09-01 12:00:00,L75,75,117,-0.055223655412838836,8849.727586800007,6.240153142703377e-06,0,SCUC
2024-09-01 12:00:00,L76,76,77,0.030882431805556814,8947.739166669726,3.4514228935722318e-06,0,SCUC
2024-09-01 12:00:00,L77,76,79,0.0474209513319086,8937.334076898851,5.305939212285003e-06,0,SCUC
2024-09-01 12:00:00,L78,76,79,0.0474209513319086,8937.334076898851,5.305939212285003e-06,0,SCUC
2024-09-01 12:00:00,L79,76,81,0.04604932180244198,9010.679045353694,5.110527360996955e-06,0,SCUC
2024-09-01 12:00:00,L80,77,78,0.01580698377730284,9077.704039202454,1.7412975471594695e-06,0,SCUC
2024-09-01 12:00:00,L81,78,79,0.0007315357490488653,9054.024923819781,8.079674566880245e-08,0,SCUC
2024-09-01 12:00:00,L82,79,95,0.014526796216467464,9128.405896883849,1.5913836852310057e-06,0,SCUC
2024-09-01 12:00:00,L83,79,96,0.014801122122360705,9101.393549280201,1.6262478973377957e-06,0,SCUC
2024-09-01 12:00:00,L84,79,97,0.015075448028253974,9012.071934493852,1.672806002641019e-06,0,SCUC
2024-09-01 12:00:00,L85,79,98,0.015075448028253974,9002.539999109344,1.6745771781903158e-06,0,SCUC
2024-09-01 12:00:00,L86,80,67,0.023072316085895012,9251.58069,2.493878274318441e-06,0,SCUC
2024-09-01 12:00:00,L87,80,79,-0.021019175989276655,9325.39905,2.2539706747752156e-06,0,SCUC
2024-09-01 12:00:00,L88,81,82,0.015075448028253974,9213.04296908937,1.6363158273366927e-06,0,SCUC
2024-09-01 12:00:00,L89,81,95,0.01589842574593403,9184.277382916272,1.7310480817474857e-06,0,SCUC
2024-09-01 12:00:00,L90,93,95,-0.015075448028253974,9263.426056121772,1.6274160269559559e-06,0,SCUC
2024-09-01 12:00:00,L91,95,96,0.000274325905893269,9190.618146912511,2.9848471724986834e-08,0,SCUC
2024-09-01 12:00:00,L92,115,67,-0.015075448028253974,9110.738835,1.654689954489731e-06,0,SCUC
2024-09-01 13:00:00,L0,22,23,-0.03388733391938485,8557.522313524194,3.959946895590299e-06,0,SCUC
2024-09-01 13:00:00,L1,23,69,0.11482308212132784,8369.11500037696,1.3719859521126906e-05,0,SCUC
2024-09-01 13:00:00,L2,23,71,0.0513275886958545,8529.657600924333,6.017543856659884e-06,0,SCUC
2024-09-01 13:00:00,L3,29,37,0.0026742581090407162,9183.584403244553,2.9119981824263554e-07,0,SCUC
2024-09-01 13:00:00,L4,32,36,-0.03388733391938485,9313.067654905435,3.6386865397177172e-06,0,SCUC
2024-09-01 13:00:00,L5,33,36,0.48290307522145515,9273.203999289743,5.207510535284696e-05,0,SCUC
2024-09-01 13:00:00,L6,33,42,0.30200886478579547,9195.177953152428,3.2844265366529016e-05,0,SCUC
2024-09-01 13:00:00,L7,34,36,-0.03388733391938485,9316.885972896613,3.637195305165821e-06,0,SCUC
2024-09-01 13:00:00,L8,36,38,0.11397931168760579,9178.102934041248,1.2418613356891073e-05,0,SCUC
2024-09-01 13:00:00,L9,36,39,0.19407128945582675,9126.773929756948,2.1263952733953056e-05,0,SCUC
2024-09-01 13:00:00,L10,37,36,-0.1097520643482936,9455.450895,1.16072798184939e-05,0,SCUC
2024-09-01 13:00:00,L11,37,64,0.11510058056637502,9061.519498969434,1.2702128001762333e-05,0,SCUC
2024-09-01 13:00:00,L12,38,39,0.08009197776822094,9163.404835204066,8.740416821978958e-06,0,SCUC
2024-09-01 13:00:00,L13,39,40,0.0913877557413492,9060.431520884833,1.0086468346534599e-05,0,SCUC
2024-09-01 13:00:00,L14,39,41,0.14888817756331355,8928.082798281388,1.667638852901026e-05,0,SCUC
2024-09-01 13:00:00,L15,40,41,0.057500421821964354,8867.02435940614,6.484748376829247e-06,0,SCUC
2024-09-01 13:00:00,L16,41,48,0.08625063273294654,8724.748703005307,9.88574406770442e-06,0,SCUC
2024-09-01 13:00:00,L17,41,48,0.08625063273294654,8724.748703005307,9.88574406770442e-06,0,SCUC
2024-09-01 13:00:00,L18,42,43,0.2681215308664106,9065.968428461876,2.957450524807308e-05,0,SCUC
2024-09-01 13:00:00,L19,43,44,0.23423419694702574,8884.508236523636,2.636434012004223e-05,0,SCUC
2024-09-01 13:00:00,L20,44,45,0.09259828065333067,8735.399800559642,1.060034832606039e-05,0,SCUC
2024-09-01 13:00:00,L21,44,48,0.10774858237431019,8713.45313435627,1.2365772870168815e-05,0,SCUC
2024-09-01 13:00:00,L22,45,46,0.034192128913763636,8604.80778142401,3.973607520620894e-06,0,SCUC
2024-09-01 13:00:00,L23,45,47,0.024518817820182184,8622.454508764358,2.843600716624234e-06,0,SCUC
2024-09-01 13:00:00,L24,46,48,-0.01904182719278412,8616.654268912062,2.209886412813954e-06,0,SCUC
2024-09-01 13:00:00,L25,46,68,0.019346622187162876,8637.907955443714,2.239734700457233e-06,0,SCUC
2024-09-01 13:00:00,L26,47,48,-0.009368516099202667,8612.558759052197,1.0877738383329953e-06,0,SCUC
2024-09-01 13:00:00,L27,48,49,0.03835716330360014,8763.579818910137,4.376882974333466e-06,0,SCUC
2024-09-01 13:00:00,L28,48,50,0.049720856661384955,8801.693700854736,5.6490101054705575e-06,0,SCUC
2024-09-01 13:00:00,L29,48,53,0.03908084813518069,8726.162381535616,4.478583646102549e-06,0,SCUC
2024-09-01 13:00:00,L30,48,53,0.03908084813518069,8726.162381535616,4.478583646102549e-06,0,SCUC
2024-09-01 13:00:00,L31,48,65,0.01330956469375559,8768.22278271066,1.5179318572971971e-06,0,SCUC
2024-09-01 13:00:00,L32,48,65,0.01330956469375559,8768.22278271066,1.5179318572971971e-06,0,SCUC
2024-09-01 13:00:00,L33,48,68,0.038388449379946996,8714.302034454127,4.405223645929285e-06,0,SCUC
2024-09-01 13:00:00,L34,49,56,0.017764953758188224,8887.98699447567,1.998760098234846e-06,0,SCUC
2024-09-01 13:00:00,L35,50,51,0.017045540036677163,8961.78932951385,1.9020241840032e-06,0,SCUC
2024-09-01 13:00:00,L36,50,57,0.012083107079295823,8904.057193062856,1.35703385740938e-06,0,SCUC
2024-09-01 13:00:00,L37,51,52,-0.0035466695087347545,8980.239913273395,3.9494150969090925e-07,0,SCUC
2024-09-01 13:00:00,L38,52,53,-0.024138879054146672,8817.309997756947,2.7376693186796664e-06,0,SCUC
2024-09-01 13:00:00,L39,53,54,0.013505704304053692,8771.109043043374,1.53979436782461e-06,0,SCUC
2024-09-01 13:00:00,L40,53,55,0.014214013139383988,8793.374479895738,1.616445787891945e-06,0,SCUC
2024-09-01 13:00:00,L41,53,58,0.005710890227365109,8814.378693745572,6.479061571767267e-07,0,SCUC
2024-09-01 13:00:00,L42,54,55,0.0007083088353302958,8823.401289071366,8.027616699328915e-08,0,SCUC
2024-09-01 13:00:00,L43,54,58,-0.007794814076688583,8842.59682597801,8.815073479081142e-07,0,SCUC
2024-09-01 13:00:00,L44,55,56,0.0028272557872236945,8880.454305444073,3.1836837283093433e-07,0,SCUC
2024-09-01 13:00:00,L45,55,57,0.008509102466116095,8874.17590961829,9.588611441535083e-07,0,SCUC
2024-09-01 13:00:00,L46,55,58,-0.008503122912018879,8870.745660243276,9.585578527099475e-07,0,SCUC
2024-09-01 13:00:00,L47,55,58,-0.008503122912018879,8870.745660243276,9.585578527099475e-07,0,SCUC
2024-09-01 13:00:00,L48,58,59,-3.1881487259299846e-05,8923.758605129855,3.572652362085709e-09,0,SCUC
2024-09-01 13:00:00,L49,58,60,-0.01245348030063062,8975.808308272744,1.387449450001356e-06,0,SCUC
2024-09-01 13:00:00,L50,59,60,-0.01242159881337132,9013.527191804465,1.3781063227573818e-06,0,SCUC
2024-09-01 13:00:00,L51,59,61,-0.008202492219299931,8991.095439830888,9.122906406890739e-07,0,SCUC
2024-09-01 13:00:00,L52,60,61,0.0042191065940713895,8998.593479878899,4.688628954630996e-07,0,SCUC
2024-09-01 13:00:00,L53,61,65,-0.023247799962230975,8869.924479332287,2.6209693235157094e-06,0,SCUC
2024-09-01 13:00:00,L54,61,66,-0.0013277952084095324,8974.786163256958,1.4794728077706914e-07,0,SCUC
2024-09-01 13:00:00,L55,62,58,0.027197017430883035,9151.63623,2.971820202132645e-06,0,SCUC
2024-09-01 13:00:00,L56,62,63,-0.02452275932184232,9055.053998632286,2.708184769030239e-06,0,SCUC
2024-09-01 13:00:00,L57,63,60,0.026419927599032514,9286.462845,2.844993625668516e-06,0,SCUC
2024-09-01 13:00:00,L58,63,64,-0.0482684288118341,9024.718813502743,5.348469000454076e-06,0,SCUC
2024-09-01 13:00:00,L59,64,65,0.03914088487395314,9114.030585,4.294574668025776e-06,0,SCUC
2024-09-01 13:00:00,L60,64,67,0.03036552498962856,9280.0422,3.2721322096604865e-06,0,SCUC
2024-09-01 13:00:00,L61,65,66,0.02192000475382145,8873.787841002126,2.4701970732879276e-06,0,SCUC
2024-09-01 13:00:00,L62,67,68,0.0014315663351736826,9057.648105,1.580505577803834e-07,0,SCUC
2024-09-01 13:00:00,L63,68,69,-0.03506227948188538,8420.516767526793,4.163910654165658e-06,0,SCUC
2024-09-01 13:00:00,L64,68,74,0.02157530964468031,8644.20367576129,2.495927959816401e-06,0,SCUC
2024-09-01 13:00:00,L65,68,76,0.07532786584852925,8772.21088072141,8.58710157254387e-06,0,SCUC
2024-09-01 13:00:00,L66,69,70,-0.026112552088044305,8288.746682949235,3.1503619409385963e-06,0,SCUC
2024-09-01 13:00:00,L67,69,73,0.03529111824249557,8248.720177110687,4.278375006637349e-06,0,SCUC
2024-09-01 13:00:00,L68,69,74,0.05663758912656569,8303.48289566836,6.820943673661515e-06,0,SCUC
2024-09-01 13:00:00,L69,70,71,-0.037382941337429046,8396.647082734396,4.452127256163679e-06,0,SCUC
2024-09-01 13:00:00,L70,70,72,0.013944647358425453,8300.53773206355,1.6799691548367615e-06,0,SCUC
2024-09-01 13:00:00,L71,73,74,0.021346470884070115,8383.76805553548,2.546166680980142e-06,0,SCUC
2024-09-01 13:00:00,L72,74,76,0.053752556203848945,8777.463666633046,6.123928078242667e-06,0,SCUC
2024-09-01 13:00:00,L73,74,117,0.031862166093041766,8669.909756683744,3.6750285743722782e-06,0,SCUC
2024-09-01 13:00:00,L74,75,76,0.0039728713761908625,8849.57513127223,4.489335722063886e-07,0,SCUC
2024-09-01 13:00:00,L75,75,117,-0.017917518734616316,8849.727586800007,2.0246407088667408e-06,0,SCUC
2024-09-01 13:00:00,L76,76,77,0.0236699131940772,8947.739166669726,2.6453512728944405e-06,0,SCUC
2024-09-01 13:00:00,L77,76,79,0.02917579750695523,8937.334076898851,3.2644855004769932e-06,0,SCUC
2024-09-01 13:00:00,L78,76,79,0.02917579750695523,8937.334076898851,3.2644855004769932e-06,0,SCUC
2024-09-01 13:00:00,L79,76,81,0.037087137862155936,9010.679045353694,4.1159093199840146e-06,0,SCUC
2024-09-01 13:00:00,L80,77,78,0.009725265835651746,9077.704039202454,1.0713354162740676e-06,0,SCUC
2024-09-01 13:00:00,L81,78,79,-0.0042193815227737075,9054.024923819781,4.6602274218101034e-07,0,SCUC
2024-09-01 13:00:00,L82,79,95,0.017109183500505748,9128.405896883849,1.8742794408765594e-06,0,SCUC
2024-09-01 13:00:00,L83,79,96,0.015526915429465597,9101.393549280201,1.705993191635315e-06,0,SCUC
2024-09-01 13:00:00,L84,79,97,0.013944647358425453,9012.071934493852,1.5473297882867635e-06,0,SCUC
2024-09-01 13:00:00,L85,79,98,0.013944647358425453,9002.539999109344,1.548968108978694e-06,0,SCUC
2024-09-01 13:00:00,L86,80,67,-0.017663569405070145,9251.58069,1.9092488080618083e-06,0,SCUC
2024-09-01 13:00:00,L87,80,79,0.02033782751411086,9325.39905,2.1809069408253217e-06,0,SCUC
2024-09-01 13:00:00,L88,81,82,0.013944647358425453,9213.04296908937,1.5135767200056553e-06,0,SCUC
2024-09-01 13:00:00,L89,81,95,0.009197843145305029,9184.277382916272,1.0014770636625142e-06,0,SCUC
2024-09-01 13:00:00,L90,93,95,-0.013944647358425453,9263.426056121772,1.5053444885232366e-06,0,SCUC
2024-09-01 13:00:00,L91,95,96,-0.0015822680710401438,9190.618146912511,1.721612241687671e-07,0,SCUC
2024-09-01 13:00:00,L92,115,67,-0.013944647358425453,9110.738835,1.5305726144684789e-06,0,SCUC
2024-09-01 14:00:00,L0,22,23,-0.033821669892014544,8557.522313524194,3.952273643337538e-06,0,SCUC
2024-09-01 14:00:00,L1,23,69,0.10793934982760159,8369.11500037696,1.289734336578477e-05,0,SCUC
2024-09-01 14:00:00,L2,23,71,0.04876057243250471,8529.657600924333,5.716592003320353e-06,0,SCUC
2024-09-01 14:00:00,L3,29,37,0.002950310559006212,9183.584403244553,3.212591543192949e-07,0,SCUC
2024-09-01 14:00:00,L4,32,36,-0.033821669892014544,9313.067654905435,3.6316357987799854e-06,0,SCUC
2024-09-01 14:00:00,L5,33,36,0.48274052510217264,9273.203999289743,5.2057576339218564e-05,0,SCUC
2024-09-01 14:00:00,L6,33,42,0.3022370789324482,9195.177953152428,3.286908426049882e-05,0,SCUC
2024-09-01 14:00:00,L7,34,36,-0.033821669892014544,9316.885972896613,3.6301474538170627e-06,0,SCUC
2024-09-01 14:00:00,L8,36,38,0.11410672288041811,9178.102934041248,1.2432495440555635e-05,0,SCUC
2024-09-01 14:00:00,L9,36,39,0.1943917758688217,9126.773929756948,2.1299067706172324e-05,0,SCUC
2024-09-01 14:00:00,L10,37,36,-0.10954899712790991,9455.450895,1.1585803611527286e-05,0,SCUC
2024-09-01 14:00:00,L11,37,64,0.11544961824592234,9061.519498969434,1.2740646671791902e-05,0,SCUC
2024-09-01 14:00:00,L12,38,39,0.08028505298840356,9163.404835204066,8.761487070828038e-06,0,SCUC
2024-09-01 14:00:00,L13,39,40,0.0915589429524084,9060.431520884833,1.010536228228861e-05,0,SCUC
2024-09-01 14:00:00,L14,39,41,0.1492962160128023,8928.082798281388,1.6722091336511918e-05,0,SCUC
2024-09-01 14:00:00,L15,40,41,0.05773727306039387,8867.02435940614,6.5114598449418005e-06,0,SCUC
2024-09-01 14:00:00,L16,41,48,0.08660590959059081,8724.748703005307,9.926464651154793e-06,0,SCUC
2024-09-01 14:00:00,L17,41,48,0.08660590959059081,8724.748703005307,9.926464651154793e-06,0,SCUC
2024-09-01 14:00:00,L18,42,43,0.2684154090404337,9065.968428461876,2.960692077834346e-05,0,SCUC
2024-09-01 14:00:00,L19,43,44,0.23459373914841913,8884.508236523636,2.6404808561493536e-05,0,SCUC
2024-09-01 14:00:00,L20,44,45,0.09298386980331833,8735.399800559642,1.0644489310879763e-05,0,SCUC
2024-09-01 14:00:00,L21,44,48,0.10778819945308626,8713.45313435627,1.2370319526719921e-05,0,SCUC
2024-09-01 14:00:00,L22,45,46,0.03484920014041255,8604.80778142401,4.0499684624733545e-06,0,SCUC
2024-09-01 14:00:00,L23,45,47,0.02431299977089124,8622.454508764358,2.8197307096463206e-06,0,SCUC
2024-09-01 14:00:00,L24,46,48,-0.020044870490644615,8616.654268912062,2.326293926282304e-06,0,SCUC
2024-09-01 14:00:00,L25,46,68,0.02107240073904265,8637.907955443714,2.439525964821444e-06,0,SCUC
2024-09-01 14:00:00,L26,47,48,-0.009508670121123303,8612.558759052197,1.104047053511159e-06,0,SCUC
2024-09-01 14:00:00,L27,48,49,0.03796377930653522,8763.579818910137,4.331994469271177e-06,0,SCUC
2024-09-01 14:00:00,L28,48,50,0.04922463943703992,8801.693700854736,5.5926326352687885e-06,0,SCUC
2024-09-01 14:00:00,L29,48,53,0.03854838811301725,8726.162381535616,4.417564838649446e-06,0,SCUC
2024-09-01 14:00:00,L30,48,53,0.03854838811301725,8726.162381535616,4.417564838649446e-06,0,SCUC
2024-09-01 14:00:00,L31,48,65,0.012796985593052548,8768.22278271066,1.459473134999019e-06,0,SCUC
2024-09-01 14:00:00,L32,48,65,0.012796985593052548,8768.22278271066,1.459473134999019e-06,0,SCUC
2024-09-01 14:00:00,L33,48,68,0.041117271229687266,8714.302034454127,4.71836655042711e-06,0,SCUC
2024-09-01 14:00:00,L34,49,56,0.017513738669437312,8887.98699447567,1.970495532939346e-06,0,SCUC
2024-09-01 14:00:00,L35,50,51,0.016891290195757015,8961.78932951385,1.8848122372313473e-06,0,SCUC
2024-09-01 14:00:00,L36,50,57,0.011883308604184954,8904.057193062856,1.3345948197012067e-06,0,SCUC
2024-09-01 14:00:00,L37,51,52,-0.0035587504413408903,8980.239913273395,3.9628678918486564e-07,0,SCUC
2024-09-01 14:00:00,L38,52,53,-0.024008791078438795,8817.309997756947,2.7229156153686827e-06,0,SCUC
2024-09-01 14:00:00,L39,53,54,0.013271996286898902,8771.109043043374,1.5131491607010991e-06,0,SCUC
2024-09-01 14:00:00,L40,53,55,0.013992827895294671,8793.374479895738,1.5912921628990584e-06,0,SCUC
2024-09-01 14:00:00,L41,53,58,0.005373120328304143,8814.378693745572,6.095858273160823e-07,0,SCUC
2024-09-01 14:00:00,L42,54,55,0.0007208316083957694,8823.401289071366,8.169543521596247e-08,0,SCUC
2024-09-01 14:00:00,L43,54,58,-0.007898875958594759,8842.59682597801,8.932755969817868e-07,0,SCUC
2024-09-01 14:00:00,L44,55,56,0.002936301967660593,8880.454305444073,3.306477198875425e-07,0,SCUC
2024-09-01 14:00:00,L45,55,57,0.00856673203291295,8874.17590961829,9.653552194776626e-07,0,SCUC
2024-09-01 14:00:00,L46,55,58,-0.008619707566990528,8870.745660243276,9.717004519273001e-07,0,SCUC
2024-09-01 14:00:00,L47,55,58,-0.008619707566990528,8870.745660243276,9.717004519273001e-07,0,SCUC
2024-09-01 14:00:00,L48,58,59,-0.00012720112489963964,8923.758605129855,1.425420952405835e-08,0,SCUC
2024-09-01 14:00:00,L49,58,60,-0.012615962133251765,8975.808308272744,1.4055516450394774e-06,0,SCUC
2024-09-01 14:00:00,L50,59,60,-0.012488761008352126,9013.527191804465,1.385557589453717e-06,0,SCUC
2024-09-01 14:00:00,L51,59,61,-0.00808848075364546,8991.095439830888,8.996101540434316e-07,0,SCUC
2024-09-01 14:00:00,L52,60,61,0.004400280254706665,8998.593479878899,4.889964486723189e-07,0,SCUC
2024-09-01 14:00:00,L53,61,65,-0.022908840969723746,8869.924479332287,2.582754906550037e-06,0,SCUC
2024-09-01 14:00:00,L54,61,66,-0.0012294001663129203,8974.786163256958,1.3698378367454828e-07,0,SCUC
2024-09-01 14:00:00,L55,62,58,0.027472048143218283,9151.63623,3.001872829381275e-06,0,SCUC
2024-09-01 14:00:00,L56,62,63,-0.024521737584212073,9055.053998632286,2.7080719328582627e-06,0,SCUC
2024-09-01 14:00:00,L57,63,60,0.026554692837304283,9286.462845,2.859505635302446e-06,0,SCUC
2024-09-01 14:00:00,L58,63,64,-0.04812611986251012,9024.718813502743,5.332700204520947e-06,0,SCUC
2024-09-01 14:00:00,L59,64,65,0.03944435122412743,9114.030585,4.327871281126211e-06,0,SCUC
2024-09-01 14:00:00,L60,64,67,0.030829457718291077,9280.0422,3.322124733257256e-06,0,SCUC
2024-09-01 14:00:00,L61,65,66,0.021679440803410825,8873.787841002126,2.443087573407947e-06,0,SCUC
2024-09-01 14:00:00,L62,67,68,0.002241564216147171,9057.648105,2.474775118399426e-07,0,SCUC
2024-09-01 14:00:00,L63,68,69,-0.030756119068461853,8420.516767526793,3.6525215634117543e-06,0,SCUC
2024-09-01 14:00:00,L64,68,74,0.023056762742812847,8644.20367576129,2.667309055600457e-06,0,SCUC
2024-09-01 14:00:00,L65,68,76,0.07508090306953227,8772.21088072141,8.558948717767003e-06,0,SCUC
2024-09-01 14:00:00,L66,69,70,-0.024182430972231755,8288.746682949235,2.917501511052013e-06,0,SCUC
2024-09-01 14:00:00,L67,69,73,0.03378855391045714,8248.720177110687,4.0962177386277145e-06,0,SCUC
2024-09-01 14:00:00,L68,69,74,0.05381288181127469,8303.48289566836,6.480760240904093e-06,0,SCUC
2024-09-01 14:00:00,L69,70,71,-0.03499634642286512,8396.647082734396,4.167895360854972e-06,0,SCUC
2024-09-01 14:00:00,L70,70,72,0.013764226009639587,8300.53773206355,1.658233051151704e-06,0,SCUC
2024-09-01 14:00:00,L71,73,74,0.020024327900817554,8383.76805553548,2.3884639661036735e-06,0,SCUC
2024-09-01 14:00:00,L72,74,76,0.052024140326719426,8777.463666633046,5.9270128937685946e-06,0,SCUC
2024-09-01 14:00:00,L73,74,117,0.031105606118546063,8669.909756683744,3.5877658466475217e-06,0,SCUC
2024-09-01 14:00:00,L74,75,76,0.003577154099266887,8849.57513127223,4.042176088913129e-07,0,SCUC
2024-09-01 14:00:00,L75,75,117,-0.017341380108906474,8849.727586800007,1.9595382952546886e-06,0,SCUC
2024-09-01 14:00:00,L76,76,77,0.023283711758336843,8947.739166669726,2.602189371485987e-06,0,SCUC
2024-09-01 14:00:00,L77,76,79,0.028558457246091767,8937.334076898851,3.1954111819440023e-06,0,SCUC
2024-09-01 14:00:00,L78,76,79,0.028558457246091767,8937.334076898851,3.1954111819440023e-06,0,SCUC
2024-09-01 14:00:00,L79,76,81,0.03651734523535864,9010.679045353694,4.052674060584657e-06,0,SCUC
2024-09-01 14:00:00,L80,77,78,0.009519485748697258,9077.704039202454,1.0486666791059667e-06,0,SCUC
2024-09-01 14:00:00,L81,78,79,-0.00424474026094233,9054.024923819781,4.688235670497278e-07,0,SCUC
2024-09-01 14:00:00,L82,79,95,0.016947781205346346,9128.405896883849,1.8565981176551084e-06,0,SCUC
2024-09-01 14:00:00,L83,79,96,0.015356003607492967,9101.393549280201,1.68721454844763e-06,0,SCUC
2024-09-01 14:00:00,L84,79,97,0.013764226009639587,9012.071934493852,1.527309825053303e-06,0,SCUC
2024-09-01 14:00:00,L85,79,98,0.013764226009639587,9002.539999109344,1.5289269485057924e-06,0,SCUC
2024-09-01 14:00:00,L86,80,67,-0.01777397805151054,9251.58069,1.921182838595611e-06,0,SCUC
2024-09-01 14:00:00,L87,80,79,0.020724288610516752,9325.39905,2.2223487165963963e-06,0,SCUC
2024-09-01 14:00:00,L88,81,82,0.013764226009639587,9213.04296908937,1.4939934672854413e-06,0,SCUC
2024-09-01 14:00:00,L89,81,95,0.008988893216079472,9184.277382916272,9.787262341182948e-07,0,SCUC
2024-09-01 14:00:00,L90,93,95,-0.013764226009639587,9263.426056121772,1.4858677476616162e-06,0,SCUC
2024-09-01 14:00:00,L91,95,96,-0.0015917775978533805,9190.618146912511,1.7319592353949783e-07,0,SCUC
2024-09-01 14:00:00,L92,115,67,-0.013764226009639587,9110.738835,1.5107694621607037e-06,0,SCUC
2024-09-01 15:00:00,L0,22,23,-0.0344549503657989,8557.522313524194,4.026276427155411e-06,0,SCUC
2024-09-01 15:00:00,L1,23,69,0.6799222616699344,8369.11500037696,8.124183520471514e-05,0,SCUC
2024-09-01 15:00:00,L2,23,71,0.23992166541099863,8529.657600924333,2.8127936270853246e-05,0,SCUC
2024-09-01 15:00:00,L3,29,37,0.0027087646652864034,9183.584403244553,2.94957235252218e-07,0,SCUC
2024-09-01 15:00:00,L4,32,36,-0.0344549503657989,9313.067654905435,3.699634926162121e-06,0,SCUC
2024-09-01 15:00:00,L5,33,36,0.03179303220939772,9273.203999289743,3.4284840721537912e-06,0,SCUC
2024-09-01 15:00:00,L6,33,42,0.015631944817466922,9195.177953152428,1.70001547518803e-06,0,SCUC
2024-09-01 15:00:00,L7,34,36,-0.0344549503657989,9316.885972896613,3.6981187132729164e-06,0,SCUC
2024-09-01 15:00:00,L8,36,38,0.013118061389720465,9178.102934041248,1.4292780854599108e-06,0,SCUC
2024-09-01 15:00:00,L9,36,39,-0.008218827586357946,9126.773929756948,9.005183704135881e-07,0,SCUC
2024-09-01 15:00:00,L10,37,36,0.03930733766027632,9455.450895,4.157108751002225e-06,0,SCUC
2024-09-01 15:00:00,L11,37,64,-0.03388980832970351,9061.519498969434,3.739969696424291e-06,0,SCUC
2024-09-01 15:00:00,L12,38,39,-0.02133688897607844,9163.404835204066,2.3284891762182274e-06,0,SCUC
2024-09-01 15:00:00,L13,39,40,-0.009851905520812082,9060.431520884833,1.0873550004878747e-06,0,SCUC
2024-09-01 15:00:00,L14,39,41,-0.05415876140742304,8928.082798281388,6.06611325533947e-06,0,SCUC
2024-09-01 15:00:00,L15,40,41,-0.044306855886610985,8867.02435940614,4.996812243964377e-06,0,SCUC
2024-09-01 15:00:00,L16,41,48,-0.0664602838299162,8724.748703005307,7.617443904948625e-06,0,SCUC
2024-09-01 15:00:00,L17,41,48,-0.0664602838299162,8724.748703005307,7.617443904948625e-06,0,SCUC
2024-09-01 15:00:00,L18,42,43,-0.01882300554833198,9065.968428461876,2.076226681888575e-06,0,SCUC
2024-09-01 15:00:00,L19,43,44,-0.053277955914130884,8884.508236523636,5.9967253668704666e-06,0,SCUC
2024-09-01 15:00:00,L20,44,45,-0.04715708231062288,8735.399800559642,5.398388555450171e-06,0,SCUC
2024-09-01 15:00:00,L21,44,48,-0.0405758239693057,8713.45313435627,4.656687003837698e-06,0,SCUC
2024-09-01 15:00:00,L22,45,46,-0.10213013702997964,8604.80778142401,1.1868962052872043e-05,0,SCUC
2024-09-01 15:00:00,L23,45,47,0.020518104353558025,8622.454508764358,2.3796129434724467e-06,0,SCUC
2024-09-01 15:00:00,L24,46,48,0.10871139537129682,8616.654268912062,1.2616427673501482e-05,0,SCUC
2024-09-01 15:00:00,L25,46,68,-0.24529648276707494,8637.907955443714,2.8397672680974348e-05,0,SCUC
2024-09-01 15:00:00,L26,47,48,-0.013936846012240878,8612.558759052197,1.61820039806319e-06,0,SCUC
2024-09-01 15:00:00,L27,48,49,0.04286576421787625,8763.579818910137,4.891353203103153e-06,0,SCUC
2024-09-01 15:00:00,L28,48,50,0.0551536218826556,8801.693700854736,6.266250991817588e-06,0,SCUC
2024-09-01 15:00:00,L29,48,53,0.047626364856131254,8726.162381535616,5.457882030353651e-06,0,SCUC
2024-09-01 15:00:00,L30,48,53,0.047626364856131254,8726.162381535616,5.457882030353651e-06,0,SCUC
2024-09-01 15:00:00,L31,48,65,0.030536523941410376,8768.22278271066,3.4826355007337227e-06,0,SCUC
2024-09-01 15:00:00,L32,48,65,0.030536523941410376,8768.22278271066,3.4826355007337227e-06,0,SCUC
2024-09-01 15:00:00,L33,48,68,-0.35400787813837176,8714.302034454127,4.06237787878725e-05,0,SCUC
2024-09-01 15:00:00,L34,49,56,0.021924892045199287,8887.98699447567,2.466800644378385e-06,0,SCUC
2024-09-01 15:00:00,L35,50,51,0.018431786497168822,8961.78932951385,2.0567083000341733e-06,0,SCUC
2024-09-01 15:00:00,L36,50,57,0.01578096321280968,8904.057193062856,1.7723339900719212e-06,0,SCUC
2024-09-01 15:00:00,L37,51,52,-0.002509085675508147,8980.239913273395,2.7940073981760227e-07,0,SCUC
2024-09-01 15:00:00,L38,52,53,-0.023449957848185116,8817.309997756947,2.6595365087708834e-06,0,SCUC
2024-09-01 15:00:00,L39,53,54,0.017950692966018922,8771.109043043374,2.0465704938711425e-06,0,SCUC
2024-09-01 15:00:00,L40,53,55,0.0181483112794667,8793.374479895738,2.0638619816498347e-06,0,SCUC
2024-09-01 15:00:00,L41,53,58,0.014762895445913582,8814.378693745572,1.6748651219613365e-06,0,SCUC
2024-09-01 15:00:00,L42,54,55,0.00019761831344777825,8823.401289071366,2.2397067408976128e-08,0,SCUC
2024-09-01 15:00:00,L43,54,58,-0.00318779752010534,8842.59682597801,3.6050467784985357e-07,0,SCUC
2024-09-01 15:00:00,L44,55,56,-0.0009840198725223164,8880.454305444073,1.1080737974397018e-07,0,SCUC
2024-09-01 15:00:00,L45,55,57,0.005159908959867288,8874.17590961829,5.814521835514565e-07,0,SCUC
2024-09-01 15:00:00,L46,55,58,-0.003385415833553118,8870.745660243276,3.8163824814928523e-07,0,SCUC
2024-09-01 15:00:00,L47,55,58,-0.003385415833553118,8870.745660243276,3.8163824814928523e-07,0,SCUC
2024-09-01 15:00:00,L48,58,59,0.0032208295927331765,8923.758605129855,3.609274673657881e-07,0,SCUC
2024-09-01 15:00:00,L49,58,60,-0.005850527820326246,8975.808308272744,6.518106915155466e-07,0,SCUC
2024-09-01 15:00:00,L50,59,60,-0.009071357413059422,9013.527191804465,1.0064159368496206e-06,0,SCUC
2024-09-01 15:00:00,L51,59,61,-0.008648685166884551,8991.095439830888,9.61916734702932e-07,0,SCUC
2024-09-01 15:00:00,L52,60,61,0.0004226722461748711,8998.593479878899,4.6970923524879506e-08,0,SCUC
2024-09-01 15:00:00,L53,61,65,-0.026424880786483085,8869.924479332287,2.9791551042013274e-06,0,SCUC
2024-09-01 15:00:00,L54,61,66,-0.002742004306903037,8974.786163256958,3.055230795502275e-07,0,SCUC
2024-09-01 15:00:00,L55,62,58,0.013506907686385707,9151.63623,1.4759008495233543e-06,0,SCUC
2024-09-01 15:00:00,L56,62,63,-0.010798143021099304,9055.053998632286,1.1924990201858876e-06,0,SCUC
2024-09-01 15:00:00,L57,63,60,0.01263579281427274,9286.462845,1.3606679986961968e-06,0,SCUC
2024-09-01 15:00:00,L58,63,64,-0.0207251711700851,9024.718813502743,2.2964894085205395e-06,0,SCUC
2024-09-01 15:00:00,L59,64,65,0.009975581555919266,9114.030585,1.094530182105952e-06,0,SCUC
2024-09-01 15:00:00,L60,64,67,-0.06188179639042248,9280.0422,6.668266701462035e-06,0,SCUC
2024-09-01 15:00:00,L61,65,66,0.023682876479580006,8873.787841002126,2.6688576404938563e-06,0,SCUC
2024-09-01 15:00:00,L62,67,68,-0.051343767868683055,9057.648105,5.668554052165074e-06,0,SCUC
2024-09-01 15:00:00,L63,68,69,-0.45416215369036583,8420.516767526793,5.393518785471865e-05,0,SCUC
2024-09-01 15:00:00,L64,68,74,-0.17499740549740084,8644.20367576129,2.0244479660758217e-05,0,SCUC
2024-09-01 15:00:00,L65,68,76,-0.018779804921083,8772.21088072141,2.140829167975791e-06,0,SCUC
2024-09-01 15:00:00,L66,69,70,-0.21426276392405305,8288.746682949235,2.5849838596806508e-05,0,SCUC
2024-09-01 15:00:00,L67,69,73,0.1466742906345405,8248.720177110687,1.7781460333876508e-05,0,SCUC
2024-09-01 15:00:00,L68,69,74,0.279164748192965,8303.48289566836,3.362019910206543e-05,0,SCUC
2024-09-01 15:00:00,L69,70,71,-0.22573783233488262,8396.647082734396,2.6884282513082632e-05,0,SCUC
2024-09-01 15:00:00,L70,70,72,0.014183833076116007,8300.53773206355,1.7087848443030742e-06,0,SCUC
2024-09-01 15:00:00,L71,73,74,0.13249045755842448,8383.76805553548,1.580321123876347e-05,0,SCUC
2024-09-01 15:00:00,L72,74,76,0.15621760057631784,8777.463666633046,1.7797578720851767e-05,0,SCUC
2024-09-01 15:00:00,L73,74,117,0.06625636660155529,8669.909756683744,7.642105680566907e-06,0,SCUC
2024-09-01 15:00:00,L74,75,76,0.03788870044932327,8849.57513127223,4.281414631470147e-06,0,SCUC
2024-09-01 15:00:00,L75,75,117,-0.05207253352543928,8849.727586800007,5.884083212132895e-06,0,SCUC
2024-09-01 15:00:00,L76,76,77,0.028997881437298586,8947.739166669726,3.2408054031475927e-06,0,SCUC
2024-09-01 15:00:00,L77,76,79,0.04444214508354771,8937.334076898851,4.972640017835006e-06,0,SCUC
2024-09-01 15:00:00,L78,76,79,0.04444214508354771,8937.334076898851,4.972640017835006e-06,0,SCUC
2024-09-01 15:00:00,L79,76,81,0.04326049142404792,9010.679045353694,4.801024562777536e-06,0,SCUC
2024-09-01 15:00:00,L80,77,78,0.014814048361182578,9077.704039202454,1.6319157682611678e-06,0,SCUC
2024-09-01 15:00:00,L81,78,79,0.000630215285066571,9054.024923819781,6.960609125435132e-08,0,SCUC
2024-09-01 15:00:00,L82,79,95,0.013711171612316164,9128.405896883849,1.5020335168264952e-06,0,SCUC
2024-09-01 15:00:00,L83,79,96,0.013947502344216127,9101.393549280201,1.532457888860238e-06,0,SCUC
2024-09-01 15:00:00,L84,79,97,0.014183833076116007,9012.071934493852,1.57387037955469e-06,0,SCUC
2024-09-01 15:00:00,L85,79,98,0.014183833076116007,9002.539999109344,1.5755368015603673e-06,0,SCUC
2024-09-01 15:00:00,L86,80,67,0.022013096932569132,9251.58069,2.37938766035549e-06,0,SCUC
2024-09-01 15:00:00,L87,80,79,-0.019304332267282728,9325.39905,2.0700810939862917e-06,0,SCUC
2024-09-01 15:00:00,L88,81,82,0.014183833076116007,9213.04296908937,1.5395383613974348e-06,0,SCUC
2024-09-01 15:00:00,L89,81,95,0.014892825271815902,9184.277382916272,1.6215565635591681e-06,0,SCUC
2024-09-01 15:00:00,L90,93,95,-0.014183833076116007,9263.426056121772,1.5311649264736738e-06,0,SCUC
2024-09-01 15:00:00,L91,95,96,0.00023633073189988085,9190.618146912511,2.5714345664472375e-08,0,SCUC
2024-09-01 15:00:00,L92,115,67,-0.014183833076116007,9110.738835,1.5568257781275767e-06,0,SCUC
2024-09-01 16:00:00,L0,22,23,-0.03562261457880235,8557.522313524194,4.162725292869508e-06,0,SCUC
2024-09-01 16:00:00,L1,23,69,0.7162299453525193,8369.11500037696,8.558012947847639e-05,0,SCUC
2024-09-01 16:00:00,L2,23,71,0.2529795183061269,8529.657600924333,2.9658812831913945e-05,0,SCUC
2024-09-01 16:00:00,L3,29,37,0.0022256728778467898,9183.584403244553,2.423533971180644e-07,0,SCUC
2024-09-01 16:00:00,L4,32,36,-0.03562261457880235,9313.067654905435,3.8250140446514415e-06,0,SCUC
2024-09-01 16:00:00,L5,33,36,0.03157652518545906,9273.203999289743,3.405136475793866e-06,0,SCUC
2024-09-01 16:00:00,L6,33,42,0.014680787628402137,9195.177953152428,1.596574607168864e-06,0,SCUC
2024-09-01 16:00:00,L7,34,36,-0.03562261457880235,9316.885972896613,3.823446447925916e-06,0,SCUC
2024-09-01 16:00:00,L8,36,38,0.01291482949116797,9178.102934041248,1.4071349584964166e-06,0,SCUC
2024-09-01 16:00:00,L9,36,39,-0.009792955596466424,9126.773929756948,1.0729920201636042e-06,0,SCUC
2024-09-01 16:00:00,L10,37,36,0.04056490498900005,9455.450895,4.290107942969762e-06,0,SCUC
2024-09-01 16:00:00,L11,37,64,-0.03611355923330647,9061.519498969434,3.985375657737498e-06,0,SCUC
2024-09-01 16:00:00,L12,38,39,-0.02270778508763438,9163.404835204066,2.4780947143571973e-06,0,SCUC
2024-09-01 16:00:00,L13,39,40,-0.010833580228033365,9060.431520884833,1.195702456672325e-06,0,SCUC
2024-09-01 16:00:00,L14,39,41,-0.057289775034869095,8928.082798281388,6.416805973830921e-06,0,SCUC
2024-09-01 16:00:00,L15,40,41,-0.046456194806835716,8867.02435940614,5.239209110501088e-06,0,SCUC
2024-09-01 16:00:00,L16,41,48,-0.06968429221025407,8724.748703005307,7.986968402453904e-06,0,SCUC
2024-09-01 16:00:00,L17,41,48,-0.06968429221025407,8724.748703005307,7.986968402453904e-06,0,SCUC
2024-09-01 16:00:00,L18,42,43,-0.020941826950400214,9065.968428461876,2.3099382173728996e-06,0,SCUC
2024-09-01 16:00:00,L19,43,44,-0.056564441529202564,8884.508236523636,6.366637299819232e-06,0,SCUC
2024-09-01 16:00:00,L20,44,45,-0.04982203930307261,8735.399800559642,5.703464116190848e-06,0,SCUC
2024-09-01 16:00:00,L21,44,48,-0.042365016804931654,8713.45313435627,4.862023832766214e-06,0,SCUC
2024-09-01 16:00:00,L22,45,46,-0.10698447242034637,8604.80778142401,1.243310427587977e-05,0,SCUC
2024-09-01 16:00:00,L23,45,47,0.02153981853847166,8622.454508764358,2.4981075303531436e-06,0,SCUC
2024-09-01 16:00:00,L24,46,48,0.11444149491848732,8616.654268912062,1.3281430512000419e-05,0,SCUC
2024-09-01 16:00:00,L25,46,68,-0.257048581917636,8637.907955443714,2.975819877261379e-05,0,SCUC
2024-09-01 16:00:00,L26,47,48,-0.014082796040330692,8612.558759052197,1.63514658469285e-06,0,SCUC
2024-09-01 16:00:00,L27,48,49,0.044968272091987234,8763.579818910137,5.131267475302075e-06,0,SCUC
2024-09-01 16:00:00,L28,48,50,0.05783730085056238,8801.693700854736,6.5711558270819824e-06,0,SCUC
2024-09-01 16:00:00,L29,48,53,0.05016912738954238,8726.162381535616,5.749277310688057e-06,0,SCUC
2024-09-01 16:00:00,L30,48,53,0.05016912738954238,8726.162381535616,5.749277310688057e-06,0,SCUC
2024-09-01 16:00:00,L31,48,65,0.032555872904499905,8768.22278271066,3.712938609257758e-06,0,SCUC
2024-09-01 16:00:00,L32,48,65,0.032555872904499905,8768.22278271066,3.712938609257758e-06,0,SCUC
2024-09-01 16:00:00,L33,48,68,-0.37149007683612334,8714.302034454127,4.262992897966427e-05,0,SCUC
2024-09-01 16:00:00,L34,49,56,0.023108671133784574,8887.98699447567,2.599989305581542e-06,0,SCUC
2024-09-01 16:00:00,L35,50,51,0.01930354313786263,8961.78932951385,2.1539831419926707e-06,0,SCUC
2024-09-01 16:00:00,L36,50,57,0.016674156754497065,8904.057193062856,1.8726470858125088e-06,0,SCUC
2024-09-01 16:00:00,L37,51,52,-0.0025560578203400255,8980.239913273395,2.846313511693603e-07,0,SCUC
2024-09-01 16:00:00,L38,52,53,-0.02441565877854268,8817.309997756947,2.7690598135660227e-06,0,SCUC
2024-09-01 16:00:00,L39,53,54,0.018980649000135186,8771.109043043374,2.1639964692024093e-06,0,SCUC
2024-09-01 16:00:00,L40,53,55,0.019156886011811425,8793.374479895738,2.178559102152393e-06,0,SCUC
2024-09-01 16:00:00,L41,53,58,0.015925460030391747,8814.378693745572,1.8067592264548371e-06,0,SCUC
2024-09-01 16:00:00,L42,54,55,0.00017623701167623906,8823.401289071366,1.997381802123469e-08,0,SCUC
2024-09-01 16:00:00,L43,54,58,-0.0030551889697434387,8842.59682597801,3.455081159832851e-07,0,SCUC
2024-09-01 16:00:00,L44,55,56,-0.0012490701755819196,8880.454305444073,1.4065385988374375e-07,0,SCUC
2024-09-01 16:00:00,L45,55,57,0.0051854442037055914,8874.17590961829,5.843296613137158e-07,0,SCUC
2024-09-01 16:00:00,L46,55,58,-0.0032314259814196777,8870.745660243276,3.6427895750660686e-07,0,SCUC
2024-09-01 16:00:00,L47,55,58,-0.0032314259814196777,8870.745660243276,3.6427895750660686e-07,0,SCUC
2024-09-01 16:00:00,L48,58,59,0.003522929915696027,8923.758605129855,3.9478095179209106e-07,0,SCUC
2024-09-01 16:00:00,L49,58,60,-0.005671577515276693,8975.808308272744,6.318737344300639e-07,0,SCUC
2024-09-01 16:00:00,L50,59,60,-0.00919450743097272,9013.527191804465,1.0200787366939783e-06,0,SCUC
2024-09-01 16:00:00,L51,59,61,-0.009142163611533194,8991.095439830888,1.016801976212272e-06,0,SCUC
2024-09-01 16:00:00,L52,60,61,5.2343819439526484e-05,8998.593479878899,5.8168890012165455e-09,0,SCUC
2024-09-01 16:00:00,L53,61,65,-0.027919480819597053,8869.924479332287,3.1476571062867478e-06,0,SCUC
2024-09-01 16:00:00,L54,61,66,-0.0030299399306971744,8974.786163256958,3.376058076015046e-07,0,SCUC
2024-09-01 16:00:00,L55,62,58,0.013303534260814402,9151.63623,1.4536782195520463e-06,0,SCUC
2024-09-01 16:00:00,L56,62,63,-0.011077861382967612,9055.053998632286,1.2233898753823954e-06,0,SCUC
2024-09-01 16:00:00,L57,63,60,0.012692755887840579,9286.462845,1.3668019890559934e-06,0,SCUC
2024-09-01 16:00:00,L58,63,64,-0.021544944392960952,9024.718813502743,2.3873258367590916e-06,0,SCUC
2024-09-01 16:00:00,L59,64,65,0.009556876857700236,9114.030585,1.0485895091716148e-06,0,SCUC
2024-09-01 16:00:00,L60,64,67,-0.06498970760612285,9280.0422,7.003169404350646e-06,0,SCUC
2024-09-01 16:00:00,L61,65,66,0.02488954088889983,8873.787841002126,2.8048383998877565e-06,0,SCUC
2024-09-01 16:00:00,L62,67,68,-0.054712299207986814,9057.648105,6.040453169933213e-06,0,SCUC
2024-09-01 16:00:00,L63,68,69,-0.4779560831613524,8420.516767526793,5.676089679015435e-05,0,SCUC
2024-09-01 16:00:00,L64,68,74,-0.18391893392303205,8644.20367576129,2.1276561823589195e-05,0,SCUC
2024-09-01 16:00:00,L65,68,76,-0.01915026799951325,8772.21088072141,2.1830606058045844e-06,0,SCUC
2024-09-01 16:00:00,L66,69,70,-0.22524900288816815,8288.746682949235,2.7175278905739446e-05,0,SCUC
2024-09-01 16:00:00,L67,69,73,0.15450762169311158,8248.720177110687,1.87311023256497e-05,0,SCUC
2024-09-01 16:00:00,L68,69,74,0.29403714923832036,8303.48289566836,3.541130305593926e-05,0,SCUC
2024-09-01 16:00:00,L69,70,71,-0.23800142415822415,8396.647082734396,2.8344816902881926e-05,0,SCUC
2024-09-01 16:00:00,L70,70,72,0.014978094147902816,8300.53773206355,1.804472750005703e-06,0,SCUC
2024-09-01 16:00:00,L71,73,74,0.13952952754520875,8383.76805553548,1.664281819594028e-05,0,SCUC
2024-09-01 16:00:00,L72,74,76,0.1647686659235188,8777.463666633046,1.8771785584242986e-05,0,SCUC
2024-09-01 16:00:00,L73,74,117,0.06990098278907575,8669.909756683744,8.062481012006866e-06,0,SCUC
2024-09-01 16:00:00,L74,75,76,0.03994479449327011,8849.57513127223,4.513752796121815e-06,0,SCUC
2024-09-01 16:00:00,L75,75,117,-0.05492288864117293,8849.727586800007,6.2061671506244204e-06,0,SCUC
2024-09-01 16:00:00,L76,76,77,0.030673242159490778,8947.739166669726,3.428043843046791e-06,0,SCUC
2024-09-01 16:00:00,L77,76,79,0.04708544403476389,8937.334076898851,5.268399237359826e-06,0,SCUC
2024-09-01 16:00:00,L78,76,79,0.04708544403476389,8937.334076898851,5.268399237359826e-06,0,SCUC
2024-09-01 16:00:00,L79,76,81,0.04574096804035414,9010.679045353694,5.076306437075928e-06,0,SCUC
2024-09-01 16:00:00,L80,77,78,0.015695148011587962,9077.704039202454,1.7289777176924685e-06,0,SCUC
2024-09-01 16:00:00,L81,78,79,0.0007170538636851465,9054.024923819781,7.919724870633891e-08,0,SCUC
2024-09-01 16:00:00,L82,79,95,0.014440303750138828,9128.405896883849,1.581908595351604e-06,0,SCUC
2024-09-01 16:00:00,L83,79,96,0.014709198949020858,9101.393549280201,1.6161479963894275e-06,0,SCUC
2024-09-01 16:00:00,L84,79,97,0.014978094147902816,9012.071934493852,1.6620033946437907e-06,0,SCUC
2024-09-01 16:00:00,L85,79,98,0.014978094147902816,9002.539999109344,1.6637631323365024e-06,0,SCUC
2024-09-01 16:00:00,L86,80,67,0.02302982966819187,9251.58069,2.489285932844398e-06,0,SCUC
2024-09-01 16:00:00,L87,80,79,-0.020804156790345082,9325.39905,2.2309133023476438e-06,0,SCUC
2024-09-01 16:00:00,L88,81,82,0.014978094147902816,9213.04296908937,1.6257488647513896e-06,0,SCUC
2024-09-01 16:00:00,L89,81,95,0.015784779744548505,9184.277382916272,1.7186741086359026e-06,0,SCUC
2024-09-01 16:00:00,L90,93,95,-0.014978094147902816,9263.426056121772,1.6169065372961532e-06,0,SCUC
2024-09-01 16:00:00,L91,95,96,0.0002688951988819577,9190.618146912511,2.9257574907765057e-08,0,SCUC
2024-09-01 16:00:00,L92,115,67,-0.014978094147902816,9110.738835,1.6440043358901546e-06,0,SCUC
2024-09-01 17:00:00,L0,22,23,-0.03808400133449974,8557.522313524194,4.4503537284749225e-06,0,SCUC
2024-09-01 17:00:00,L1,23,69,0.7826877077706691,8369.11500037696,9.35209646104057e-05,0,SCUC
2024-09-01 17:00:00,L2,23,71,0.27669061511935183,8529.657600924333,3.2438654406170736e-05,0,SCUC
2024-09-01 17:00:00,L3,29,37,0.0017253278122843334,9183.584403244553,1.8787085047911973e-07,0,SCUC
2024-09-01 17:00:00,L4,32,36,-0.03808400133449974,9313.067654905435,4.089307921481694e-06,0,SCUC
2024-09-01 17:00:00,L5,33,36,0.030756490983022244,9273.203999289743,3.316705961108799e-06,0,SCUC
2024-09-01 17:00:00,L6,33,42,0.013039435075141562,9195.177953152428,1.4180731619958685e-06,0,SCUC
2024-09-01 17:00:00,L7,34,36,-0.03808400133449974,9316.885972896613,4.08763200980332e-06,0,SCUC
2024-09-01 17:00:00,L8,36,38,0.012727813008284072,9178.102934041248,1.3867585817845952e-06,0,SCUC
2024-09-01 17:00:00,L9,36,39,-0.012628375317931484,9126.773929756948,1.383662553178611e-06,0,SCUC
2024-09-01 17:00:00,L10,37,36,0.04378562156404502,9455.450895,4.630728037221225e-06,0,SCUC
2024-09-01 17:00:00,L11,37,64,-0.04033496593947636,9061.519498969434,4.451236455879575e-06,0,SCUC
2024-09-01 17:00:00,L12,38,39,-0.025356188326215667,9163.404835204066,2.767114274903799e-06,0,SCUC
2024-09-01 17:00:00,L13,39,40,-0.012661521214715865,9060.431520884833,1.3974523382832602e-06,0,SCUC
2024-09-01 17:00:00,L14,39,41,-0.06340704376393158,8928.082798281388,7.101977568592568e-06,0,SCUC
2024-09-01 17:00:00,L15,40,41,-0.050745522549215605,8867.02435940614,5.7229483637749065e-06,0,SCUC
2024-09-01 17:00:00,L16,41,48,-0.07611828382382302,8724.748703005307,8.724409884447845e-06,0,SCUC
2024-09-01 17:00:00,L17,41,48,-0.07611828382382302,8724.748703005307,8.724409884447845e-06,0,SCUC
2024-09-01 17:00:00,L18,42,43,-0.025044566259358178,9065.968428461876,2.762481080425207e-06,0,SCUC
2024-09-01 17:00:00,L19,43,44,-0.06312856759385792,8884.508236523636,7.10546559395831e-06,0,SCUC
2024-09-01 17:00:00,L20,44,45,-0.054949055783769296,8735.399800559642,6.290388194968355e-06,0,SCUC
2024-09-01 17:00:00,L21,44,48,-0.0462635131445881,8713.45313435627,5.309435011726374e-06,0,SCUC
2024-09-01 17:00:00,L22,45,46,-0.11641782910510945,8604.80778142401,1.3529393341758467e-05,0,SCUC
2024-09-01 17:00:00,L23,45,47,0.023384771986840525,8622.454508764358,2.712078325617247e-06,0,SCUC
2024-09-01 17:00:00,L24,46,48,0.12510337174429065,8616.654268912062,1.4518787436516957e-05,0,SCUC
2024-09-01 17:00:00,L25,46,68,-0.27960520218389995,8637.907955443714,3.236955101005555e-05,0,SCUC
2024-09-01 17:00:00,L26,47,48,-0.014699229347659215,8612.558759052197,1.7067203555748918e-06,0,SCUC
2024-09-01 17:00:00,L27,48,49,0.048827617824654536,8763.579818910137,5.571652091225761e-06,0,SCUC
2024-09-01 17:00:00,L28,48,50,0.06277572952219401,8801.693700854736,7.13223291513744e-06,0,SCUC
2024-09-01 17:00:00,L29,48,53,0.05471858722684053,8726.162381535616,6.270635914663239e-06,0,SCUC
2024-09-01 17:00:00,L30,48,53,0.05471858722684053,8726.162381535616,6.270635914663239e-06,0,SCUC
2024-09-01 17:00:00,L31,48,65,0.035982116043645096,8768.22278271066,4.1036954620490805e-06,0,SCUC
2024-09-01 17:00:00,L32,48,65,0.035982116043645096,8768.22278271066,4.1036954620490805e-06,0,SCUC
2024-09-01 17:00:00,L33,48,68,-0.4047085739281906,8714.302034454127,4.644188052331399e-05,0,SCUC
2024-09-01 17:00:00,L34,49,56,0.025219736179894463,8887.98699447567,2.8375082226796456e-06,0,SCUC
2024-09-01 17:00:00,L35,50,51,0.020922167546308896,8961.78932951385,2.3345971186140192e-06,0,SCUC
2024-09-01 17:00:00,L36,50,57,0.01824568033112478,8904.057193062856,2.049142310691802e-06,0,SCUC
2024-09-01 17:00:00,L37,51,52,-0.00268571409845118,8980.239913273395,2.9906930375896916e-07,0,SCUC
2024-09-01 17:00:00,L38,52,53,-0.026293595743211256,8817.309997756947,2.9820427942195675e-06,0,SCUC
2024-09-01 17:00:00,L39,53,54,0.020785894677617378,8771.109043043374,2.369813734570235e-06,0,SCUC
2024-09-01 17:00:00,L40,53,55,0.02094062131284291,8793.374479895738,2.381409021157848e-06,0,SCUC
2024-09-01 17:00:00,L41,53,58,0.01780918107524876,8814.378693745572,2.0204692462198885e-06,0,SCUC
2024-09-01 17:00:00,L42,54,55,0.00015472663522553276,8823.401289071366,1.7535939957437574e-08,0,SCUC
2024-09-01 17:00:00,L43,54,58,-0.002976713602368619,8842.59682597801,3.366334190001237e-07,0,SCUC
2024-09-01 17:00:00,L44,55,56,-0.0016118545351343865,8880.454305444073,1.8150586441802367e-07,0,SCUC
2024-09-01 17:00:00,L45,55,57,0.005362201313635295,8874.17590961829,6.04247804894589e-07,0,SCUC
2024-09-01 17:00:00,L46,55,58,-0.003131440237594152,8870.745660243276,3.530075551177818e-07,0,SCUC
2024-09-01 17:00:00,L47,55,58,-0.003131440237594152,8870.745660243276,3.530075551177818e-07,0,SCUC
2024-09-01 17:00:00,L48,58,59,0.003996718770743035,8923.758605129855,4.478739225919342e-07,0,SCUC
2024-09-01 17:00:00,L49,58,60,-0.005611578114237625,8975.808308272744,6.25189166424777e-07,0,SCUC
2024-09-01 17:00:00,L50,59,60,-0.00960829688498066,9013.527191804465,1.0659863425848416e-06,0,SCUC
2024-09-01 17:00:00,L51,59,61,-0.01000286598903588,8991.095439830888,1.1125302868794844e-06,0,SCUC
2024-09-01 17:00:00,L52,60,61,-0.00039456910405522017,8998.593479878899,4.3847864106483694e-08,0,SCUC
2024-09-01 17:00:00,L53,61,65,-0.03053950504015135,8869.924479332287,3.443040029406238e-06,0,SCUC
2024-09-01 17:00:00,L54,61,66,-0.003465811697695609,8974.786163256958,3.861720641194489e-07,0,SCUC
2024-09-01 17:00:00,L55,62,58,0.013423435303581028,9151.63623,1.466779815786125e-06,0,SCUC
2024-09-01 17:00:00,L56,62,63,-0.011698107491296694,9055.053998632286,1.291887104490335e-06,0,SCUC
2024-09-01 17:00:00,L57,63,60,0.013099978082876884,9286.462845,1.4106531519619604e-06,0,SCUC
2024-09-01 17:00:00,L58,63,64,-0.02307275776188855,9024.718813502743,2.5566179111716145e-06,0,SCUC
2024-09-01 17:00:00,L59,64,65,0.009256847940077084,9114.030585,1.0156700544007538e-06,0,SCUC
2024-09-01 17:00:00,L60,64,67,-0.07093924382915845,9280.0422,7.644280306091545e-06,0,SCUC
2024-09-01 17:00:00,L61,65,66,0.027073693342455685,8873.787841002126,3.050973702273935e-06,0,SCUC
2024-09-01 17:00:00,L62,67,68,-0.060521468045451166,9057.648105,6.6818082733907625e-06,0,SCUC
2024-09-01 17:00:00,L63,68,69,-0.5219353356859061,8420.516767526793,6.198376537871378e-05,0,SCUC
2024-09-01 17:00:00,L64,68,74,-0.20068604320805083,8644.20367576129,2.3216255740338804e-05,0,SCUC
2024-09-01 17:00:00,L65,68,76,-0.020488537451295308,8772.21088072141,2.3356184352935174e-06,0,SCUC
2024-09-01 17:00:00,L66,69,70,-0.24567629933185567,8288.746682949235,2.9639740328563294e-05,0,SCUC
2024-09-01 17:00:00,L67,69,73,0.16880955713887277,8248.720177110687,2.0464939228669823e-05,0,SCUC
2024-09-01 17:00:00,L68,69,74,0.3212492924778553,8303.48289566836,3.868849933386867e-05,0,SCUC
2024-09-01 17:00:00,L69,70,71,-0.26032079331946156,8396.647082734396,3.1002945670391e-05,0,SCUC
2024-09-01 17:00:00,L70,70,72,0.016369821799890244,8300.53773206355,1.972139917713576e-06,0,SCUC
2024-09-01 17:00:00,L71,73,74,0.15243973533898253,8383.76805553548,1.8182723368442003e-05,0,SCUC
2024-09-01 17:00:00,L72,74,76,0.18019750575675553,8777.463666633046,2.0529564416400213e-05,0,SCUC
2024-09-01 17:00:00,L73,74,117,0.07643565705214209,8669.909756683744,8.816199844896524e-06,0,SCUC
2024-09-01 17:00:00,L74,75,76,0.0436960134523616,8849.57513127223,4.9376396950346916e-06,0,SCUC
2024-09-01 17:00:00,L75,75,117,-0.06006583525225184,8849.727586800007,6.78730894969516e-06,0,SCUC
2024-09-01 17:00:00,L76,76,77,0.03359713531167439,8947.739166669726,3.7548183609132812e-06,0,SCUC
2024-09-01 17:00:00,L77,76,79,0.051681940535352355,8937.334076898851,5.782702100052343e-06,0,SCUC
2024-09-01 17:00:00,L78,76,79,0.051681940535352355,8937.334076898851,5.782702100052343e-06,0,SCUC
2024-09-01 17:00:00,L79,76,81,0.050074143575551455,9010.679045353694,5.5571997763444815e-06,0,SCUC
2024-09-01 17:00:00,L80,77,78,0.017227313511784147,9077.704039202454,1.8977610899614326e-06,0,SCUC
2024-09-01 17:00:00,L81,78,79,0.0008574917118939022,9054.024923819781,9.470834453282431e-08,0,SCUC
2024-09-01 17:00:00,L82,79,95,0.01572670301597001,9128.405896883849,1.722831258121269e-06,0,SCUC
2024-09-01 17:00:00,L83,79,96,0.01604826240793014,9101.393549280201,1.763275296363747e-06,0,SCUC
2024-09-01 17:00:00,L84,79,97,0.016369821799890244,9012.071934493852,1.8164326604223482e-06,0,SCUC
2024-09-01 17:00:00,L85,79,98,0.016369821799890244,9002.539999109344,1.8183559086113225e-06,0,SCUC
2024-09-01 17:00:00,L86,80,67,0.02506226977131322,9251.58069,2.7089716461537145e-06,0,SCUC
2024-09-01 17:00:00,L87,80,79,-0.023336941959028887,9325.39905,2.502514030113155e-06,0,SCUC
2024-09-01 17:00:00,L88,81,82,0.016369821799890244,9213.04296908937,1.776809448822994e-06,0,SCUC
2024-09-01 17:00:00,L89,81,95,0.017334499975770967,9184.277382916272,1.887410326697555e-06,0,SCUC
2024-09-01 17:00:00,L90,93,95,-0.016369821799890244,9263.426056121772,1.7671455140587192e-06,0,SCUC
2024-09-01 17:00:00,L91,95,96,0.0003215593919601023,9190.618146912511,3.4987787199942223e-08,0,SCUC
2024-09-01 17:00:00,L92,115,67,-0.016369821799890244,9110.738835,1.7967611734191746e-06,0,SCUC
2024-09-01 18:00:00,L0,22,23,-0.04046096979823619,8557.522313524194,4.728117358723355e-06,0,SCUC
2024-09-01 18:00:00,L1,23,69,0.2931678836442272,8369.11500037696,3.502973535804232e-05,0,SCUC
2024-09-01 18:00:00,L2,23,71,0.11497682991341993,8529.657600924333,1.347965361481336e-05,0,SCUC
2024-09-01 18:00:00,L3,29,37,0.0012939958592132499,9183.584403244553,1.4090313785933978e-07,0,SCUC
2024-09-01 18:00:00,L4,32,36,-0.04046096979823619,9313.067654905435,4.344537299363904e-06,0,SCUC
2024-09-01 18:00:00,L5,33,36,0.48074388782382294,9273.203999289743,5.1842263780743345e-05,0,SCUC
2024-09-01 18:00:00,L6,33,42,0.29759441630457634,9195.177953152428,3.2364182381326354e-05,0,SCUC
2024-09-01 18:00:00,L7,34,36,-0.04046096979823619,9316.885972896613,4.342756787615477e-06,0,SCUC
2024-09-01 18:00:00,L8,36,38,0.11345934700398974,9178.102934041248,1.2361960616411609e-05,0,SCUC
2024-09-01 18:00:00,L9,36,39,0.18645772420974327,9126.773929756948,2.0429751590736374e-05,0,SCUC
2024-09-01 18:00:00,L10,37,36,-0.10119887287283066,9455.450895,1.0702701964889287e-05,0,SCUC
2024-09-01 18:00:00,L11,37,64,0.10378686459125716,9061.519498969434,1.145358287901503e-05,0,SCUC
2024-09-01 18:00:00,L12,38,39,0.07299837720575354,9163.404835204066,7.966294027009218e-06,0,SCUC
2024-09-01 18:00:00,L13,39,40,0.086485367138499,9060.431520884833,9.545391622810138e-06,0,SCUC
2024-09-01 18:00:00,L14,39,41,0.13250976447876184,8928.082798281388,1.4841905868555488e-05,0,SCUC
2024-09-01 18:00:00,L15,40,41,0.04602439734026281,8867.02435940614,5.190512112605187e-06,0,SCUC
2024-09-01 18:00:00,L16,41,48,0.06903659601039419,8724.748703005307,7.912731742819597e-06,0,SCUC
2024-09-01 18:00:00,L17,41,48,0.06903659601039419,8724.748703005307,7.912731742819597e-06,0,SCUC
2024-09-01 18:00:00,L18,42,43,0.2571334465063402,9065.968428461876,2.8362490839819216e-05,0,SCUC
2024-09-01 18:00:00,L19,43,44,0.21667247670810397,8884.508236523636,2.4387672445096905e-05,0,SCUC
2024-09-01 18:00:00,L20,44,45,0.07886387390616639,8735.399800559642,9.028078360089929e-06,0,SCUC
2024-09-01 18:00:00,L21,44,48,0.09734763300370147,8713.45313435627,1.1172107257898656e-05,0,SCUC
2024-09-01 18:00:00,L22,45,46,0.008930539660044645,8604.80778142401,1.037854637418377e-06,0,SCUC
2024-09-01 18:00:00,L23,45,47,0.029472364447885625,8622.454508764358,3.4180945133347146e-06,0,SCUC
2024-09-01 18:00:00,L24,46,48,0.009553219437490434,8616.654268912062,1.1086924390081888e-06,0,SCUC
2024-09-01 18:00:00,L25,46,68,-0.041083649575682,8637.907955443714,4.756203676584744e-06,0,SCUC
2024-09-01 18:00:00,L26,47,48,-0.010988605350350567,8612.558759052197,1.27588161169885e-06,0,SCUC
2024-09-01 18:00:00,L27,48,49,0.04871296444721677,8763.579818910137,5.5585691525400914e-06,0,SCUC
2024-09-01 18:00:00,L28,48,50,0.06297096773112787,8801.693700854736,7.154414805983619e-06,0,SCUC
2024-09-01 18:00:00,L29,48,53,0.05129994474032762,8726.162381535616,5.878866619406174e-06,0,SCUC
2024-09-01 18:00:00,L30,48,53,0.05129994474032762,8726.162381535616,5.878866619406174e-06,0,SCUC
2024-09-01 18:00:00,L31,48,65,0.02253057027150046,8768.22278271066,2.5695709187415546e-06,0,SCUC
2024-09-01 18:00:00,L32,48,65,0.02253057027150046,8768.22278271066,2.5695709187415546e-06,0,SCUC
2024-09-01 18:00:00,L33,48,68,-0.050636869013172436,8714.302034454127,5.810777364953289e-06,0,SCUC
2024-09-01 18:00:00,L34,49,56,0.02343561852441674,8887.98699447567,2.6367746193804235e-06,0,SCUC
2024-09-01 18:00:00,L35,50,51,0.02138700492586661,8961.78932951385,2.38646593213621e-06,0,SCUC
2024-09-01 18:00:00,L36,50,57,0.016306616882461173,8904.057193062856,1.831369288055073e-06,0,SCUC
2024-09-01 18:00:00,L37,51,52,-0.003890340996933417,8980.239913273395,4.332112543210825e-07,0,SCUC
2024-09-01 18:00:00,L38,52,53,-0.029167686919733444,8817.309997756947,3.3080028860450033e-06,0,SCUC
2024-09-01 18:00:00,L39,53,54,0.01835805064023055,8771.109043043374,2.093013614371932e-06,0,SCUC
2024-09-01 18:00:00,L40,53,55,0.019006910832922608,8793.374479895738,2.161503627120401e-06,0,SCUC
2024-09-01 18:00:00,L41,53,58,0.010789895164968755,8814.378693745572,1.2241243018779024e-06,0,SCUC
2024-09-01 18:00:00,L42,54,55,0.0006488601926920579,8823.401289071366,7.353855632699533e-08,0,SCUC
2024-09-01 18:00:00,L43,54,58,-0.007568155475261795,8842.59682597801,8.558747644162485e-07,0,SCUC
2024-09-01 18:00:00,L44,55,56,0.001841727398383286,8880.454305444073,2.073911238138159e-07,0,SCUC
2024-09-01 18:00:00,L45,55,57,0.008970729040338854,8874.17590961829,1.01088023628379e-06,0,SCUC
2024-09-01 18:00:00,L46,55,58,-0.008217015667953853,8870.745660243276,9.263049559385638e-07,0,SCUC
2024-09-01 18:00:00,L47,55,58,-0.008217015667953853,8870.745660243276,9.263049559385638e-07,0,SCUC
2024-09-01 18:00:00,L48,58,59,0.0012473127649428317,8923.758605129855,1.397743731241015e-07,0,SCUC
2024-09-01 18:00:00,L49,58,60,-0.01226630086585534,8975.808308272744,1.3665956808090301e-06,0,SCUC
2024-09-01 18:00:00,L50,59,60,-0.013513613630798171,9013.527191804465,1.49925920710434e-06,0,SCUC
2024-09-01 18:00:00,L51,59,61,-0.010516419527058951,8991.095439830888,1.1696483034170477e-06,0,SCUC
2024-09-01 18:00:00,L52,60,61,0.0029971941037392202,8998.593479878899,3.3307361983192464e-07,0,SCUC
2024-09-01 18:00:00,L53,61,65,-0.030290162871679793,8869.924479332287,3.4149290608120247e-06,0,SCUC
2024-09-01 18:00:00,L54,61,66,-0.002506408474439902,8974.786163256958,2.792722220726788e-07,0,SCUC
2024-09-01 18:00:00,L55,62,58,0.027470649468088387,9151.63623,3.0017199960414497e-06,0,SCUC
2024-09-01 18:00:00,L56,62,63,-0.02617665360887514,9055.053998632286,2.8908335182572047e-06,0,SCUC
2024-09-01 18:00:00,L57,63,60,0.027483112741179067,9286.462845,2.959481257815668e-06,0,SCUC
2024-09-01 18:00:00,L58,63,64,-0.052365770490840846,9024.718813502743,5.8024822238773156e-06,0,SCUC
2024-09-01 18:00:00,L59,64,65,0.038290122648719005,9114.030585,4.201228237234296e-06,0,SCUC
2024-09-01 18:00:00,L60,64,67,0.014424967310910383,9280.0422,1.5544075123829053e-06,0,SCUC
2024-09-01 18:00:00,L61,65,66,0.02778375439723993,8873.787841002126,3.1309915106221746e-06,0,SCUC
2024-09-01 18:00:00,L62,67,68,-0.014192685559811208,9057.648105,1.5669283455576691e-06,0,SCUC
2024-09-01 18:00:00,L63,68,69,-0.15304244130724146,8420.516767526793,1.8174946447163462e-05,0,SCUC
2024-09-01 18:00:00,L64,68,74,-0.023377841866020155,8644.20367576129,2.704452919309688e-06,0,SCUC
2024-09-01 18:00:00,L65,68,76,0.07180107488381005,8772.21088072141,8.185060284130476e-06,0,SCUC
2024-09-01 18:00:00,L66,69,70,-0.08089975780246927,8288.746682949235,9.760191847687662e-06,0,SCUC
2024-09-01 18:00:00,L67,69,73,0.07367506671315162,8248.720177110687,8.93169669127485e-06,0,SCUC
2024-09-01 18:00:00,L68,69,74,0.12966459944122127,8303.48289566836,1.561568814802555e-05,0,SCUC
2024-09-01 18:00:00,L69,70,71,-0.09729129592833798,8396.647082734396,1.1586922133287366e-05,0,SCUC
2024-09-01 18:00:00,L70,70,72,0.01768553398508195,8300.53773206355,2.130649188758672e-06,0,SCUC
2024-09-01 18:00:00,L71,73,74,0.05598953272806967,8383.76805553548,6.67832558787238e-06,0,SCUC
2024-09-01 18:00:00,L72,74,76,0.0951789167498302,8777.463666633046,1.0843555765619016e-05,0,SCUC
2024-09-01 18:00:00,L73,74,117,0.049411839568358686,8669.909756683744,5.6992334355344895e-06,0,SCUC
2024-09-01 18:00:00,L74,75,76,0.014040771598194786,8849.57513127223,1.586604033517738e-06,0,SCUC
2024-09-01 18:00:00,L75,75,117,-0.031726305583276736,8849.727586800007,3.585003636789765e-06,0,SCUC
2024-09-01 18:00:00,L76,76,77,0.03153037325149954,8947.739166669726,3.5238368781412387e-06,0,SCUC
2024-09-01 18:00:00,L77,76,79,0.04153451779925277,8937.334076898851,4.647305051134975e-06,0,SCUC
2024-09-01 18:00:00,L78,76,79,0.04153451779925277,8937.334076898851,4.647305051134975e-06,0,SCUC
2024-09-01 18:00:00,L79,76,81,0.048735820396748425,9010.679045353694,5.40867343642417e-06,0,SCUC
2024-09-01 18:00:00,L80,77,78,0.013844839266417585,9077.704039202454,1.525147681244955e-06,0,SCUC
2024-09-01 18:00:00,L81,78,79,-0.003840694718664365,9054.024923819781,4.241974979061603e-07,0,SCUC
2024-09-01 18:00:00,L82,79,95,0.020566055024080154,9128.405896883849,2.2529733292316415e-06,0,SCUC
2024-09-01 18:00:00,L83,79,96,0.01912579450458103,9101.393549280201,2.101413855034719e-06,0,SCUC
2024-09-01 18:00:00,L84,79,97,0.01768553398508195,9012.071934493852,1.962427077106462e-06,0,SCUC
2024-09-01 18:00:00,L85,79,98,0.01768553398508195,9002.539999109344,1.964504904930347e-06,0,SCUC
2024-09-01 18:00:00,L86,80,67,-0.012226114744852917,9251.58069,1.3215163067288685e-06,0,SCUC
2024-09-01 18:00:00,L87,80,79,0.013520110604066167,9325.39905,1.4498157699821078e-06,0,SCUC
2024-09-01 18:00:00,L88,81,82,0.01768553398508195,9213.04296908937,1.9196191795065524e-06,0,SCUC
2024-09-01 18:00:00,L89,81,95,0.013364752426584525,9184.277382916272,1.4551773503100395e-06,0,SCUC
2024-09-01 18:00:00,L90,93,95,-0.01768553398508195,9263.426056121772,1.9091785132126567e-06,0,SCUC
2024-09-01 18:00:00,L91,95,96,-0.0014402605194990814,9190.618146912511,1.567098639587068e-07,0,SCUC
2024-09-01 18:00:00,L92,115,67,-0.01768553398508195,9110.738835,1.941174509046494e-06,0,SCUC
2024-09-01 19:00:00,L0,22,23,-0.04267498443328898,8557.522313524194,4.986838814997421e-06,0,SCUC
2024-09-01 19:00:00,L1,23,69,0.9032578061659127,8369.11500037696,0.00010792751756012773,0,SCUC
2024-09-01 19:00:00,L2,23,71,0.31963458517129933,8529.657600924333,3.747331957811079e-05,0,SCUC
2024-09-01 19:00:00,L3,29,37,0.0009661835748792267,9183.584403244553,1.0520767626830704e-07,0,SCUC
2024-09-01 19:00:00,L4,32,36,-0.04267498443328898,9313.067654905435,4.5822693461064845e-06,0,SCUC
2024-09-01 19:00:00,L5,33,36,0.029104737832850835,9273.203999289743,3.1385848769292727e-06,0,SCUC
2024-09-01 19:00:00,L6,33,42,0.010100205126523737,9195.177953152428,1.0984241064155844e-06,0,SCUC
2024-09-01 19:00:00,L7,34,36,-0.04267498443328898,9316.885972896613,4.580391405179059e-06,0,SCUC
2024-09-01 19:00:00,L8,36,38,0.01246012143497021,9178.102934041248,1.357592252398486e-06,0,SCUC
2024-09-01 19:00:00,L9,36,39,-0.017754741563348553,9126.773929756948,1.9453469210474212e-06,0,SCUC
2024-09-01 19:00:00,L10,37,36,0.049984427330469094,9455.450895,5.28630817139568e-06,0,SCUC
2024-09-01 19:00:00,L11,37,64,-0.04805206018071064,9061.519498969434,5.302870030371352e-06,0,SCUC
2024-09-01 19:00:00,L12,38,39,-0.03021486299831877,9163.404835204066,3.297340185412194e-06,0,SCUC
2024-09-01 19:00:00,L13,39,40,-0.015989868187222374,9060.431520884833,1.7648020572049773e-06,0,SCUC
2024-09-01 19:00:00,L14,39,41,-0.07465472080773372,8928.082798281388,8.361786342539787e-06,0,SCUC
2024-09-01 19:00:00,L15,40,41,-0.058664852620511354,8867.02435940614,6.61606986094266e-06,0,SCUC
2024-09-01 19:00:00,L16,41,48,-0.08799727893076659,8724.748703005307,1.0085938509662203e-05,0,SCUC
2024-09-01 19:00:00,L17,41,48,-0.08799727893076659,8724.748703005307,1.0085938509662203e-05,0,SCUC
2024-09-01 19:00:00,L18,42,43,-0.03257477930676524,9065.968428461876,3.5930832501577387e-06,0,SCUC
2024-09-01 19:00:00,L19,43,44,-0.07524976374005422,8884.508236523636,8.469772522772541e-06,0,SCUC
2024-09-01 19:00:00,L20,44,45,-0.06434708262465194,8735.399800559642,7.366243571419533e-06,0,SCUC
2024-09-01 19:00:00,L21,44,48,-0.05357766554870236,8713.45313435627,6.148844174928882e-06,0,SCUC
2024-09-01 19:00:00,L22,45,46,-0.13374426781256177,8604.80778142401,1.5542969838476558e-05,0,SCUC
2024-09-01 19:00:00,L23,45,47,0.02672220075461928,8622.454508764358,3.0991408220776693e-06,0,SCUC
2024-09-01 19:00:00,L24,46,48,0.14451368488851135,8616.654268912062,1.6771438237913385e-05,0,SCUC
2024-09-01 19:00:00,L25,46,68,-0.320932937134363,8637.907955443714,3.71540121508365e-05,0,SCUC
2024-09-01 19:00:00,L26,47,48,-0.015952783678669702,8612.558759052197,1.852269938002175e-06,0,SCUC
2024-09-01 19:00:00,L27,48,49,0.055833604740086945,8763.579818910137,6.371095590366925e-06,0,SCUC
2024-09-01 19:00:00,L28,48,50,0.07174535203587795,8801.693700854736,8.15131206268979e-06,0,SCUC
2024-09-01 19:00:00,L29,48,53,0.0629318084850714,8726.162381535616,7.211853932289163e-06,0,SCUC
2024-09-01 19:00:00,L30,48,53,0.0629318084850714,8726.162381535616,7.211853932289163e-06,0,SCUC
2024-09-01 19:00:00,L31,48,65,0.042093628641211245,8768.22278271066,4.800702455258347e-06,0,SCUC
2024-09-01 19:00:00,L32,48,65,0.042093628641211245,8768.22278271066,4.800702455258347e-06,0,SCUC
2024-09-01 19:00:00,L33,48,68,-0.46544662202287435,8714.302034454127,5.341180741528319e-05,0,SCUC
2024-09-01 19:00:00,L34,49,56,0.029028135946131864,8887.98699447567,3.265996672156958e-06,0,SCUC
2024-09-01 19:00:00,L35,50,51,0.023867620943686208,8961.78932951385,2.6632651210716374e-06,0,SCUC
2024-09-01 19:00:00,L36,50,57,0.021072262298236236,8904.057193062856,2.3665910765548114e-06,0,SCUC
2024-09-01 19:00:00,L37,51,52,-0.002937847850268873,8980.239913273395,3.2714580886937524e-07,0,SCUC
2024-09-01 19:00:00,L38,52,53,-0.029743316644223954,8817.309997756947,3.373286938055985e-06,0,SCUC
2024-09-01 19:00:00,L39,53,54,0.024030075081479252,8771.109043043374,2.7396849091208386e-06,0,SCUC
2024-09-01 19:00:00,L40,53,55,0.024152599353324034,8793.374479895738,2.746681539441319e-06,0,SCUC
2024-09-01 19:00:00,L41,53,58,0.021132157097159654,8814.378693745572,2.3974641697836764e-06,0,SCUC
2024-09-01 19:00:00,L42,54,55,0.00012252427184478165,8823.401289071366,1.3886285779219833e-08,0,SCUC
2024-09-01 19:00:00,L43,54,58,-0.002897917984319598,8842.59682597801,3.277225052041296e-07,0,SCUC
2024-09-01 19:00:00,L44,55,56,-0.0022226671521767827,8880.454305444073,2.5028755013290244e-07,0,SCUC
2024-09-01 19:00:00,L45,55,57,0.0057332064957188456,8874.17590961829,6.460550877186129e-07,0,SCUC
2024-09-01 19:00:00,L46,55,58,-0.0030204422561643796,8870.745660243276,3.404947421389089e-07,0,SCUC
2024-09-01 19:00:00,L47,55,58,-0.0030204422561643796,8870.745660243276,3.404947421389089e-07,0,SCUC
2024-09-01 19:00:00,L48,58,59,0.004825636622720619,8923.758605129855,5.407627924792345e-07,0,SCUC
2024-09-01 19:00:00,L49,58,60,-0.005606286809421324,8975.808308272744,6.245996590918915e-07,0,SCUC
2024-09-01 19:00:00,L50,59,60,-0.010431923432141943,9013.527191804465,1.157363062223538e-06,0,SCUC
2024-09-01 19:00:00,L51,59,61,-0.011547908739092616,8991.095439830888,1.2843717227085535e-06,0,SCUC
2024-09-01 19:00:00,L52,60,61,-0.001115985306950673,8998.593479878899,1.240177489344359e-07,0,SCUC
2024-09-01 19:00:00,L53,61,65,-0.03524806482464782,8869.924479332287,3.973885562022421e-06,0,SCUC
2024-09-01 19:00:00,L54,61,66,-0.004221298015346417,8974.786163256958,4.70350818232142e-07,0,SCUC
2024-09-01 19:00:00,L55,62,58,0.013831464006747639,9151.63623,1.5113651437987323e-06,0,SCUC
2024-09-01 19:00:00,L56,62,63,-0.012865280431868412,9055.053998632286,1.4207845070622042e-06,0,SCUC
2024-09-01 19:00:00,L57,63,60,0.013956041359732163,9286.462845,1.502837150449199e-06,0,SCUC
2024-09-01 19:00:00,L58,63,64,-0.025855138216720697,9024.718813502743,2.8649245202007132e-06,0,SCUC
2024-09-01 19:00:00,L59,64,65,0.008893043145482116,9114.030585,9.75753050480038e-07,0,SCUC
2024-09-01 19:00:00,L60,64,67,-0.08183405796802795,9280.0422,8.818285111680629e-06,0,SCUC
2024-09-01 19:00:00,L61,65,66,0.031026766809301498,8873.787841002126,3.4964512748366106e-06,0,SCUC
2024-09-01 19:00:00,L62,67,68,-0.0709226416103732,9057.648105,7.830138772030955e-06,0,SCUC
2024-09-01 19:00:00,L63,68,69,-0.6018892748809981,8420.516767526793,7.147889987015372e-05,0,SCUC
2024-09-01 19:00:00,L64,68,74,-0.2312747338002752,8644.20367576129,2.6754891772018197e-05,0,SCUC
2024-09-01 19:00:00,L65,68,76,-0.02317200851145862,8772.21088072141,2.6415243348040668e-06,0,SCUC
2024-09-01 19:00:00,L66,69,70,-0.2828593467976023,8288.746682949235,3.412570773570288e-05,0,SCUC
2024-09-01 19:00:00,L67,69,73,0.1947426260275055,8248.720177110687,2.3608829230005328e-05,0,SCUC
2024-09-01 19:00:00,L68,69,74,0.3706145410807229,8303.48289566836,4.463362491829299e-05,0,SCUC
2024-09-01 19:00:00,L69,70,71,-0.30076387419701117,8396.647082734396,3.581952072458265e-05,0,SCUC
2024-09-01 19:00:00,L70,70,72,0.01887071097428814,8300.53773206355,2.2734323466049466e-06,0,SCUC
2024-09-01 19:00:00,L71,73,74,0.17587191505321736,8383.76805553548,2.0977669454619025e-05,0,SCUC
2024-09-01 19:00:00,L72,74,76,0.20810272528881657,8777.463666633046,2.3708753825994797e-05,0,SCUC
2024-09-01 19:00:00,L73,74,117,0.08823828607056032,8669.909756683744,1.0177532240463783e-05,0,SCUC
2024-09-01 19:00:00,L74,75,76,0.05049686412198405,8849.57513127223,5.706134291525534e-06,0,SCUC
2024-09-01 19:00:00,L75,75,117,-0.06936757509627219,8849.727586800007,7.83838535321006e-06,0,SCUC
2024-09-01 19:00:00,L76,76,77,0.038846535697239046,8947.739166669726,4.341491741505179e-06,0,SCUC
2024-09-01 19:00:00,L77,76,79,0.05992747416885269,8937.334076898851,6.705296417614369e-06,0,SCUC
2024-09-01 19:00:00,L78,76,79,0.05992747416885269,8937.334076898851,6.705296417614369e-06,0,SCUC
2024-09-01 19:00:00,L79,76,81,0.05785538589011003,9010.679045353694,6.420757592064367e-06,0,SCUC
2024-09-01 19:00:00,L80,77,78,0.01997582472295091,9077.704039202454,2.2005371222375675e-06,0,SCUC
2024-09-01 19:00:00,L81,78,79,0.001105113748662771,9054.024923819781,1.2205773210932768e-07,0,SCUC
2024-09-01 19:00:00,L82,79,95,0.01804187566279114,9128.405896883849,1.9764541439760113e-06,0,SCUC
2024-09-01 19:00:00,L83,79,96,0.018456293318539683,9101.393549280201,2.0278535609526882e-06,0,SCUC
2024-09-01 19:00:00,L84,79,97,0.01887071097428814,9012.071934493852,2.0939370115389544e-06,0,SCUC
2024-09-01 19:00:00,L85,79,98,0.01887071097428814,9002.539999109344,2.0961540827538776e-06,0,SCUC
2024-09-01 19:00:00,L86,80,67,0.02881594375705259,9251.58069,3.1147049053141416e-06,0,SCUC
2024-09-01 19:00:00,L87,80,79,-0.027849760182173364,9325.39905,2.986441656046168e-06,0,SCUC
2024-09-01 19:00:00,L88,81,82,0.01887071097428814,9213.04296908937,2.0482603888423355e-06,0,SCUC
2024-09-01 19:00:00,L89,81,95,0.020113963941533752,9184.277382916272,2.1900431686599374e-06,0,SCUC
2024-09-01 19:00:00,L90,93,95,-0.01887071097428814,9263.426056121772,2.0371200525552155e-06,0,SCUC
2024-09-01 19:00:00,L91,95,96,0.0004144176557484558,9190.618146912511,4.50913800490857e-08,0,SCUC
2024-09-01 19:00:00,L92,115,67,-0.01887071097428814,9110.738835,2.0712602255476835e-06,0,SCUC
2024-09-01 20:00:00,L0,22,23,-0.04166103617001723,8557.522313524194,4.8683526193296254e-06,0,SCUC
2024-09-01 20:00:00,L1,23,69,0.8855970371724207,8369.11500037696,0.00010581728619245067,0,SCUC
2024-09-01 20:00:00,L2,23,71,0.31354453011787725,8529.657600924333,3.6759333702199186e-05,0,SCUC
2024-09-01 20:00:00,L3,29,37,0.00067287784679089,9183.584403244553,7.326963168685669e-08,0,SCUC
2024-09-01 20:00:00,L4,32,36,-0.04166103617001723,9313.067654905435,4.473395632219345e-06,0,SCUC
2024-09-01 20:00:00,L5,33,36,0.029793151865323608,9273.203999289743,3.2128217892764505e-06,0,SCUC
2024-09-01 20:00:00,L6,33,42,0.010425739357322716,9195.177953152428,1.1338268177559748e-06,0,SCUC
2024-09-01 20:00:00,L7,34,36,-0.04166103617001723,9316.885972896613,4.471562310756159e-06,0,SCUC
2024-09-01 20:00:00,L8,36,38,0.01230442881794843,9178.102934041248,1.3406287667914198e-06,0,SCUC
2024-09-01 20:00:00,L9,36,39,-0.017052178534120443,9126.773929756948,1.8683686771865242e-06,0,SCUC
2024-09-01 20:00:00,L10,37,36,0.04810829291174726,9455.450895,5.08788987917929e-06,0,SCUC
2024-09-01 20:00:00,L11,37,64,-0.04676253721816548,9061.519498969434,5.160562444685329e-06,0,SCUC
2024-09-01 20:00:00,L12,38,39,-0.029356607352068798,9163.404835204066,3.203678968682718e-06,0,SCUC
2024-09-01 20:00:00,L13,39,40,-0.015469595295396411,9060.431520884833,1.7073795281977547e-06,0,SCUC
2024-09-01 20:00:00,L14,39,41,-0.07260022676081013,8928.082798281388,8.1316704158238e-06,0,SCUC
2024-09-01 20:00:00,L15,40,41,-0.05713063146541364,8867.02435940614,6.4430443799119e-06,0,SCUC
2024-09-01 20:00:00,L16,41,48,-0.08569594719812046,8724.748703005307,9.822167963256275e-06,0,SCUC
2024-09-01 20:00:00,L17,41,48,-0.08569594719812046,8724.748703005307,9.822167963256275e-06,0,SCUC
2024-09-01 20:00:00,L18,42,43,-0.03123529681269451,9065.968428461876,3.4453348320333676e-06,0,SCUC
2024-09-01 20:00:00,L19,43,44,-0.07289633298271174,8884.508236523636,8.204881017841781e-06,0,SCUC
2024-09-01 20:00:00,L20,44,45,-0.06270805896308329,8735.399800559642,7.178613503078111e-06,0,SCUC
2024-09-01 20:00:00,L21,44,48,-0.05184931018964334,8713.45313435627,5.95048936284591e-06,0,SCUC
2024-09-01 20:00:00,L22,45,46,-0.13062898760482922,8604.80778142401,1.5180930349987601e-05,0,SCUC
2024-09-01 20:00:00,L23,45,47,0.02625989247172863,8622.454508764358,3.0455240378521644e-06,0,SCUC
2024-09-01 20:00:00,L24,46,48,0.14148773637826917,8616.654268912062,1.642026382429446e-05,0,SCUC
2024-09-01 20:00:00,L25,46,68,-0.3137777601531153,8637.907955443714,3.632566609550045e-05,0,SCUC
2024-09-01 20:00:00,L26,47,48,-0.0154011436982886,8612.558759052197,1.7882192887335934e-06,0,SCUC
2024-09-01 20:00:00,L27,48,49,0.05479589748400759,8763.579818910137,6.252684247340165e-06,0,SCUC
2024-09-01 20:00:00,L28,48,50,0.07040389144129922,8801.693700854736,7.998902692383203e-06,0,SCUC
2024-09-01 20:00:00,L29,48,53,0.06183920739376014,8726.162381535616,7.086644127160717e-06,0,SCUC
2024-09-01 20:00:00,L30,48,53,0.06183920739376014,8726.162381535616,7.086644127160717e-06,0,SCUC
2024-09-01 20:00:00,L31,48,65,0.04148289764709956,8768.22278271066,4.731049686476521e-06,0,SCUC
2024-09-01 20:00:00,L32,48,65,0.04148289764709956,8768.22278271066,4.731049686476521e-06,0,SCUC
2024-09-01 20:00:00,L33,48,68,-0.4552654965313845,8714.302034454127,5.224348372725444e-05,0,SCUC
2024-09-01 20:00:00,L34,49,56,0.02852901186555695,8887.98699447567,3.209839515211843e-06,0,SCUC
2024-09-01 20:00:00,L35,50,51,0.02341199093593763,8961.78932951385,2.612423710835843e-06,0,SCUC
2024-09-01 20:00:00,L36,50,57,0.020725014886911083,8904.057193062856,2.3275922916418287e-06,0,SCUC
2024-09-01 20:00:00,L37,51,52,-0.002854894682513008,8980.239913273395,3.1790850913607363e-07,0,SCUC
2024-09-01 20:00:00,L38,52,53,-0.029121780300963646,8817.309997756947,3.3027964660845534e-06,0,SCUC
2024-09-01 20:00:00,L39,53,54,0.0236391586216389,8771.109043043374,2.695116262451191e-06,0,SCUC
2024-09-01 20:00:00,L40,53,55,0.02374782820291066,8793.374479895738,2.7006501607778946e-06,0,SCUC
2024-09-01 20:00:00,L41,53,58,0.020902762043556455,8814.378693745572,2.3714390735660645e-06,0,SCUC
2024-09-01 20:00:00,L42,54,55,0.00010866958127175863,8823.401289071366,1.2316064713769326e-08,0,SCUC
2024-09-01 20:00:00,L43,54,58,-0.002736396578082445,8842.59682597801,3.094562187934871e-07,0,SCUC
2024-09-01 20:00:00,L44,55,56,-0.002262126247106311,8880.454305444073,2.5473091457939683e-07,0,SCUC
2024-09-01 20:00:00,L45,55,57,0.0055418707315395555,8874.17590961829,6.244941263259149e-07,0,SCUC
2024-09-01 20:00:00,L46,55,58,-0.0028450661593542037,8870.745660243276,3.2072457810453997e-07,0,SCUC
2024-09-01 20:00:00,L47,55,58,-0.0028450661593542037,8870.745660243276,3.2072457810453997e-07,0,SCUC
2024-09-01 20:00:00,L48,58,59,0.004787643528381125,8923.758605129855,5.365052709548789e-07,0,SCUC
2024-09-01 20:00:00,L49,58,60,-0.0053251570860686215,8975.808308272744,5.932788338584033e-07,0,SCUC
2024-09-01 20:00:00,L50,59,60,-0.010112800614449746,9013.527191804465,1.12195818565287e-06,0,SCUC
2024-09-01 20:00:00,L51,59,61,-0.011366441475620492,8991.095439830888,1.2641887244647336e-06,0,SCUC
2024-09-01 20:00:00,L52,60,61,-0.0012536408611707461,8998.593479878899,1.3931520120049e-07,0,SCUC
2024-09-01 20:00:00,L53,61,65,-0.03468027384297767,8869.924479332287,3.90987250497857e-06,0,SCUC
2024-09-01 20:00:00,L54,61,66,-0.004206694112263546,8974.786163256958,4.6872360363145774e-07,0,SCUC
2024-09-01 20:00:00,L55,62,58,0.01325313891400176,9151.63623,1.448171516100762e-06,0,SCUC
2024-09-01 20:00:00,L56,62,63,-0.012580261067210871,9055.053998632286,1.3893082326302027e-06,0,SCUC
2024-09-01 20:00:00,L57,63,60,0.013511438992551361,9286.462845,1.4549607550334587e-06,0,SCUC
2024-09-01 20:00:00,L58,63,64,-0.025418822212970982,9024.718813502743,2.816577750316105e-06,0,SCUC
2024-09-01 20:00:00,L59,64,65,0.008454943897943656,9114.030585,9.276843893698274e-07,0,SCUC
2024-09-01 20:00:00,L60,64,67,-0.07996342548228602,9280.0422,8.616709251848663e-06,0,SCUC
2024-09-01 20:00:00,L61,65,66,0.030473579730714184,8873.787841002126,3.434111822001006e-06,0,SCUC
2024-09-01 20:00:00,L62,67,68,-0.06977484439254533,9057.648105,7.703417441667693e-06,0,SCUC
2024-09-01 20:00:00,L63,68,69,-0.5897282279358337,8420.516767526793,7.003468364436781e-05,0,SCUC
2024-09-01 20:00:00,L64,68,74,-0.2263336406012204,8644.20367576129,2.6183284093116575e-05,0,SCUC
2024-09-01 20:00:00,L65,68,76,-0.022083354693197332,8772.21088072141,2.517421775818189e-06,0,SCUC
2024-09-01 20:00:00,L66,69,70,-0.27707778727933347,8288.746682949235,3.342818858842793e-05,0,SCUC
2024-09-01 20:00:00,L67,69,73,0.19098219883864037,8248.720177110687,2.3152949153081406e-05,0,SCUC
2024-09-01 20:00:00,L68,69,74,0.3633945873346133,8303.48289566836,4.376411584158061e-05,0,SCUC
2024-09-01 20:00:00,L69,70,71,-0.29497471977520995,8396.647082734396,3.5130060471607963e-05,0,SCUC
2024-09-01 20:00:00,L70,70,72,0.018569810342667345,8300.53773206355,2.237181607034368e-06,0,SCUC
2024-09-01 20:00:00,L71,73,74,0.172412388495973,8383.76805553548,2.056502366881867e-05,0,SCUC
2024-09-01 20:00:00,L72,74,76,0.20425028590802308,8777.463666633046,2.326985262091909e-05,0,SCUC
2024-09-01 20:00:00,L73,74,117,0.08665323897867504,8669.909756683744,9.994710603749127e-06,0,SCUC
2024-09-01 20:00:00,L74,75,76,0.04951361829334035,8849.57513127223,5.5950277339723755e-06,0,SCUC
2024-09-01 20:00:00,L75,75,117,-0.06808342863600769,8849.727586800007,7.69327959174234e-06,0,SCUC
2024-09-01 20:00:00,L76,76,77,0.03822796842640031,8947.739166669726,4.272360616947716e-06,0,SCUC
2024-09-01 20:00:00,L77,76,79,0.05897447425119884,8937.334076898851,6.598665076606634e-06,0,SCUC
2024-09-01 20:00:00,L78,76,79,0.05897447425119884,8937.334076898851,6.598665076606634e-06,0,SCUC
2024-09-01 20:00:00,L79,76,81,0.05693382223670071,9010.679045353694,6.318482985592336e-06,0,SCUC
2024-09-01 20:00:00,L80,77,78,0.01965815808373297,9077.704039202454,2.165542960955587e-06,0,SCUC
2024-09-01 20:00:00,L81,78,79,0.0010883477410656244,9054.024923819781,1.2020595814822033e-07,0,SCUC
2024-09-01 20:00:00,L82,79,95,0.01775354953686792,9128.405896883849,1.9448685496038713e-06,0,SCUC
2024-09-01 20:00:00,L83,79,96,0.01816167993976768,9101.393549280201,1.9954834214595663e-06,0,SCUC
2024-09-01 20:00:00,L84,79,97,0.018569810342667345,9012.071934493852,2.060548393049449e-06,0,SCUC
2024-09-01 20:00:00,L85,79,98,0.018569810342667345,9002.539999109344,2.0627301122243864e-06,0,SCUC
2024-09-01 20:00:00,L86,80,67,0.02808551358561719,9251.58069,3.035752973108122e-06,0,SCUC
2024-09-01 20:00:00,L87,80,79,-0.0274126357388263,9325.39905,2.9395670460693367e-06,0,SCUC
2024-09-01 20:00:00,L88,81,82,0.018569810342667345,9213.04296908937,2.0156001013965542e-06,0,SCUC
2024-09-01 20:00:00,L89,81,95,0.01979420155136602,9184.277382916272,2.1552268867864693e-06,0,SCUC
2024-09-01 20:00:00,L90,93,95,-0.018569810342667345,9263.426056121772,2.0046374019896677e-06,0,SCUC
2024-09-01 20:00:00,L91,95,96,0.0004081304028996646,9190.618146912511,4.4407285383385406e-08,0,SCUC
2024-09-01 20:00:00,L92,115,67,-0.018569810342667345,9110.738835,2.0382331969970628e-06,0,SCUC
2024-09-01 21:00:00,L0,22,23,-0.04079796785053503,8557.522313524194,4.767497688677769e-06,0,SCUC
2024-09-01 21:00:00,L1,23,69,0.8704064010149031,8369.11500037696,0.00010400220345588494,0,SCUC
2024-09-01 21:00:00,L2,23,71,0.30830094855402723,8529.657600924333,3.614458668547464e-05,0,SCUC
2024-09-01 21:00:00,L3,29,37,0.00043133195307108334,9183.584403244553,4.696771261977993e-08,0,SCUC
2024-09-01 21:00:00,L4,32,36,-0.04079796785053503,9313.067654905435,4.380722803945881e-06,0,SCUC
2024-09-01 21:00:00,L5,33,36,0.030373430130965273,9273.203999289743,3.275397600795976e-06,0,SCUC
2024-09-01 21:00:00,L6,33,42,0.010708529411163237,9195.177953152428,1.1645809864388735e-06,0,SCUC
2024-09-01 21:00:00,L7,34,36,-0.04079796785053503,9316.885972896613,4.378927462375175e-06,0,SCUC
2024-09-01 21:00:00,L8,36,38,0.012175685429395074,9178.102934041248,1.326601533769675e-06,0,SCUC
2024-09-01 21:00:00,L9,36,39,-0.016446596991744666,9126.773929756948,1.8020164757365312e-06,0,SCUC
2024-09-01 21:00:00,L10,37,36,0.04652026205468372,9455.450895,4.9199411610591125e-06,0,SCUC
2024-09-01 21:00:00,L11,37,64,-0.045657598148541555,9061.519498969434,5.0386249407435685e-06,0,SCUC
2024-09-01 21:00:00,L12,38,39,-0.028622282421139955,9163.404835204066,3.1235422788676286e-06,0,SCUC
2024-09-01 21:00:00,L13,39,40,-0.015022959804295015,9060.431520884833,1.6580843605148608e-06,0,SCUC
2024-09-01 21:00:00,L14,39,41,-0.07084388745912484,8928.082798281388,7.934949648177763e-06,0,SCUC
2024-09-01 21:00:00,L15,40,41,-0.055820927654830044,8867.02435940614,6.29533938244065e-06,0,SCUC
2024-09-01 21:00:00,L16,41,48,-0.08373139148224462,8724.748703005307,9.59699749901137e-06,0,SCUC
2024-09-01 21:00:00,L17,41,48,-0.08373139148224462,8724.748703005307,9.59699749901137e-06,0,SCUC
2024-09-01 21:00:00,L18,42,43,-0.030089438439371792,9065.968428461876,3.318943660217085e-06,0,SCUC
2024-09-01 21:00:00,L19,43,44,-0.07088740628990682,8884.508236523636,7.978765329801068e-06,0,SCUC
2024-09-01 21:00:00,L20,44,45,-0.06130524365640899,8735.399800559642,7.018023794684407e-06,0,SCUC
2024-09-01 21:00:00,L21,44,48,-0.05038013048403478,8713.45313435627,5.781878861021354e-06,0,SCUC
2024-09-01 21:00:00,L22,45,46,-0.1279647520183984,8604.80778142401,1.4871308606642869e-05,0,SCUC
2024-09-01 21:00:00,L23,45,47,0.025861540511454624,8622.454508764358,2.9993246685346344e-06,0,SCUC
2024-09-01 21:00:00,L24,46,48,0.13888986519077262,8616.654268912062,1.6118769635666125e-05,0,SCUC
2024-09-01 21:00:00,L25,46,68,-0.3076525850597056,8637.907955443714,3.561656209427645e-05,0,SCUC
2024-09-01 21:00:00,L26,47,48,-0.014936427339080405,8612.558759052197,1.734261298755324e-06,0,SCUC
2024-09-01 21:00:00,L27,48,49,0.05390363467621086,8763.579818910137,6.150869369603626e-06,0,SCUC
2024-09-01 21:00:00,L28,48,50,0.06925078792662509,8801.693700854736,7.867893416911352e-06,0,SCUC
2024-09-01 21:00:00,L29,48,53,0.06089649196945346,8726.162381535616,6.978610906703869e-06,0,SCUC
2024-09-01 21:00:00,L30,48,53,0.06089649196945346,8726.162381535616,6.978610906703869e-06,0,SCUC
2024-09-01 21:00:00,L31,48,65,0.04095003645861217,8768.22278271066,4.670277828633437e-06,0,SCUC
2024-09-01 21:00:00,L32,48,65,0.04095003645861217,8768.22278271066,4.670277828633437e-06,0,SCUC
2024-09-01 21:00:00,L33,48,68,-0.44654245025047823,8714.302034454127,5.124248029101623e-05,0,SCUC
2024-09-01 21:00:00,L34,49,56,0.0280981394815326,8887.98699447567,3.1613614532736155e-06,0,SCUC
2024-09-01 21:00:00,L35,50,51,0.02302072987562107,8961.78932951385,2.5687649005324115e-06,0,SCUC
2024-09-01 21:00:00,L36,50,57,0.02042456285632546,8904.057193062856,2.2938490188762735e-06,0,SCUC
2024-09-01 21:00:00,L37,51,52,-0.002784765319057185,8980.239913273395,3.100992118196214e-07,0,SCUC
2024-09-01 21:00:00,L38,52,53,-0.02859026051373544,8817.309997756947,3.2425150665008456e-06,0,SCUC
2024-09-01 21:00:00,L39,53,54,0.023300680856292333,8771.109043043374,2.6565261863632617e-06,0,SCUC
2024-09-01 21:00:00,L40,53,55,0.02339792647514427,8793.374479895738,2.6608586417693084e-06,0,SCUC
2024-09-01 21:00:00,L41,53,58,0.020698620899055165,8814.378693745572,2.3482790583688342e-06,0,SCUC
2024-09-01 21:00:00,L42,54,55,9.724561885193772e-05,8823.401289071366,1.1021330172570277e-08,0,SCUC
2024-09-01 21:00:00,L43,54,58,-0.0026020599572371683,8842.59682597801,2.9426423124853655e-07,0,SCUC
2024-09-01 21:00:00,L44,55,56,-0.002292644286854347,8880.454305444073,2.5816745495203604e-07,0,SCUC
2024-09-01 21:00:00,L45,55,57,0.005380932338352795,8874.17590961829,6.063585388836684e-07,0,SCUC
2024-09-01 21:00:00,L46,55,58,-0.002699305576089106,8870.745660243276,3.042929737222427e-07,0,SCUC
2024-09-01 21:00:00,L47,55,58,-0.002699305576089106,8870.745660243276,3.042929737222427e-07,0,SCUC
2024-09-01 21:00:00,L48,58,59,0.004752750074700662,8923.758605129855,5.325950964169433e-07,0,SCUC
2024-09-01 21:00:00,L49,58,60,-0.0050908301441976445,8975.808308272744,5.671723336053838e-07,0,SCUC
2024-09-01 21:00:00,L50,59,60,-0.009843580218898307,9013.527191804465,1.0920897013378477e-06,0,SCUC
2024-09-01 21:00:00,L51,59,61,-0.011209164901079038,8991.095439830888,1.246696242531474e-06,0,SCUC
2024-09-01 21:00:00,L52,60,61,-0.0013655846821807316,8998.593479878899,1.5175534768119222e-07,0,SCUC
2024-09-01 21:00:00,L53,61,65,-0.034188661583518076,8869.924479332287,3.854447877564313e-06,0,SCUC
2024-09-01 21:00:00,L54,61,66,-0.004191583194419899,8974.786163256958,4.670398957894245e-07,0,SCUC
2024-09-01 21:00:00,L55,62,58,0.012769465335550673,9151.63623,1.3953204667042009e-06,0,SCUC
2024-09-01 21:00:00,L56,62,63,-0.012338133382479589,9055.053998632286,1.3625687250836045e-06,0,SCUC
2024-09-01 21:00:00,L57,63,60,0.013137493727839122,9286.462845,1.4146929726760914e-06,0,SCUC
2024-09-01 21:00:00,L58,63,64,-0.025044295157246932,9024.718813502743,2.7750776145818276e-06,0,SCUC
2024-09-01 21:00:00,L59,64,65,0.008091162250070894,9114.030585,8.877699251292225e-07,0,SCUC
2024-09-01 21:00:00,L60,64,67,-0.07836172360278522,9280.0422,8.44411285142488e-06,0,SCUC
2024-09-01 21:00:00,L61,65,66,0.029997078389098153,8873.787841002126,3.3804141958965918e-06,0,SCUC
2024-09-01 21:00:00,L62,67,68,-0.06877761147682071,9057.648105,7.593319002849549e-06,0,SCUC
2024-09-01 21:00:00,L63,68,69,-0.5792800262321711,8420.516767526793,6.8793880734984e-05,0,SCUC
2024-09-01 21:00:00,L64,68,74,-0.22209586006136717,8644.20367576129,2.56930387566102e-05,0,SCUC
2024-09-01 21:00:00,L65,68,76,-0.021165428540393938,8772.21088072141,2.4127815471136202e-06,0,SCUC
2024-09-01 21:00:00,L66,69,70,-0.27211376277359856,8288.746682949235,3.2829301362697364e-05,0,SCUC
2024-09-01 21:00:00,L67,69,73,0.18774671251877686,8248.720177110687,2.2760708144731814e-05,0,SCUC
2024-09-01 21:00:00,L68,69,74,0.35718416617080395,8303.48289566836,4.301618617858954e-05,0,SCUC
2024-09-01 21:00:00,L69,70,71,-0.28999168968727734,8396.647082734396,3.453660572248805e-05,0,SCUC
2024-09-01 21:00:00,L70,70,72,0.01830925886674987,8300.53773206355,2.205791896592958e-06,0,SCUC
2024-09-01 21:00:00,L71,73,74,0.169437453652027,8383.76805553548,2.0210179066219986e-05,0,SCUC
2024-09-01 21:00:00,L72,74,76,0.20093043152097323,8777.463666633046,2.2891627826931043e-05,0,SCUC
2024-09-01 21:00:00,L73,74,117,0.08528606937374095,8669.909756683744,9.837019273239011e-06,0,SCUC
2024-09-01 21:00:00,L74,75,76,0.0486675516402412,8849.57513127223,5.499422392410908e-06,0,SCUC
2024-09-01 21:00:00,L75,75,117,-0.06697681050699107,8849.727586800007,7.5682341462003544e-06,0,SCUC
2024-09-01 21:00:00,L76,76,77,0.03769192674517008,8947.739166669726,4.212452558471114e-06,0,SCUC
2024-09-01 21:00:00,L77,76,79,0.058148003635260626,8937.334076898851,6.5061911230957695e-06,0,SCUC
2024-09-01 21:00:00,L78,76,79,0.058148003635260626,8937.334076898851,6.5061911230957695e-06,0,SCUC
2024-09-01 21:00:00,L79,76,81,0.05613536173837882,9010.679045353694,6.22987029677022e-06,0,SCUC
2024-09-01 21:00:00,L80,77,78,0.01938266787842021,9077.704039202454,2.1351949562042703e-06,0,SCUC
2024-09-01 21:00:00,L81,78,79,0.001073409011670338,9054.024923819781,1.1855600362291472e-07,0,SCUC
2024-09-01 21:00:00,L82,79,95,0.01750420210799719,9128.405896883849,1.9175529994752506e-06,0,SCUC
2024-09-01 21:00:00,L83,79,96,0.017906730487373495,9101.393549280201,1.9674712878215973e-06,0,SCUC
2024-09-01 21:00:00,L84,79,97,0.01830925886674987,9012.071934493852,2.0316370086517937e-06,0,SCUC
2024-09-01 21:00:00,L85,79,98,0.01830925886674987,9002.539999109344,2.0337881163050958e-06,0,SCUC
2024-09-01 21:00:00,L86,80,67,0.027462039039643386,9251.58069,2.9683618356511773e-06,0,SCUC
2024-09-01 21:00:00,L87,80,79,-0.027030707086572302,9325.39905,2.898611302491372e-06,0,SCUC
2024-09-01 21:00:00,L88,81,82,0.01830925886674987,9213.04296908937,1.987319382768447e-06,0,SCUC
2024-09-01 21:00:00,L89,81,95,0.019516844004879075,9184.277382916272,2.125027717606011e-06,0,SCUC
2024-09-01 21:00:00,L90,93,95,-0.01830925886674987,9263.426056121772,1.9765105000919315e-06,0,SCUC
2024-09-01 21:00:00,L91,95,96,0.00040252837937637675,9190.618146912511,4.3797748197339895e-08,0,SCUC
2024-09-01 21:00:00,L92,115,67,-0.01830925886674987,9110.738835,2.0096349152730236e-06,0,SCUC
2024-09-01 22:00:00,L0,22,23,-0.03967940320357564,8557.522313524194,4.636786414318411e-06,0,SCUC
2024-09-01 22:00:00,L1,23,69,0.29489131492202303,8369.11500037696,3.523566289969018e-05,0,SCUC
2024-09-01 22:00:00,L2,23,71,0.11608750533926743,8529.657600924333,1.3609866980673103e-05,0,SCUC
2024-09-01 22:00:00,L3,29,37,0.00027958055172627337,9183.584403244553,3.044351088312509e-08,0,SCUC
2024-09-01 22:00:00,L4,32,36,-0.03967940320357564,9313.067654905435,4.260615800710463e-06,0,SCUC
2024-09-01 22:00:00,L5,33,36,0.481827960607552,9273.203999289743,5.195916758053165e-05,0,SCUC
2024-09-01 22:00:00,L6,33,42,0.2972919101155077,9195.177953152428,3.233128403062451e-05,0,SCUC
2024-09-01 22:00:00,L7,34,36,-0.03967940320357564,9316.885972896613,4.258869682317186e-06,0,SCUC
2024-09-01 22:00:00,L8,36,38,0.11297196929939102,9178.102934041248,1.2308858389502488e-05,0,SCUC
2024-09-01 22:00:00,L9,36,39,0.18626453539520638,9126.773929756948,2.0408584328785575e-05,0,SCUC
2024-09-01 22:00:00,L10,37,36,-0.10351223005752963,9455.450895,1.0947360544410044e-05,0,SCUC
2024-09-01 22:00:00,L11,37,64,0.10407139116098217,9061.519498969434,1.1484982311500649e-05,0,SCUC
2024-09-01 22:00:00,L12,38,39,0.07329256609581537,9163.404835204066,7.998398784504119e-06,0,SCUC
2024-09-01 22:00:00,L13,39,40,0.0865190338303406,9060.431520884833,9.549107416231676e-06,0,SCUC
2024-09-01 22:00:00,L14,39,41,0.1333586644571056,8928.082798281388,1.4936987869643915e-05,0,SCUC
2024-09-01 22:00:00,L15,40,41,0.046839630626764966,8867.02435940614,5.282452007372404e-06,0,SCUC
2024-09-01 22:00:00,L16,41,48,0.07025944594014744,8724.748703005307,8.052890499407281e-06,0,SCUC
2024-09-01 22:00:00,L17,41,48,0.07025944594014744,8724.748703005307,8.052890499407281e-06,0,SCUC
2024-09-01 22:00:00,L18,42,43,0.2576125069119321,9065.968428461876,2.8415332453969114e-05,0,SCUC
2024-09-01 22:00:00,L19,43,44,0.21793310370835645,8884.508236523636,2.452956290956517e-05,0,SCUC
2024-09-01 22:00:00,L20,44,45,0.07938061484056586,8735.399800559642,9.087233172256208e-06,0,SCUC
2024-09-01 22:00:00,L21,44,48,0.09887308566421527,8713.45313435627,1.1347175928951591e-05,0,SCUC
2024-09-01 22:00:00,L22,45,46,0.010115274623377857,8604.80778142401,1.1755375460233557e-06,0,SCUC
2024-09-01 22:00:00,L23,45,47,0.029585937013612514,8622.454508764358,3.4312662344045618e-06,0,SCUC
2024-09-01 22:00:00,L24,46,48,0.009377196200271554,8616.654268912062,1.0882641809250075e-06,0,SCUC
2024-09-01 22:00:00,L25,46,68,-0.038941324780469466,8637.907955443714,4.508189364987176e-06,0,SCUC
2024-09-01 22:00:00,L26,47,48,-0.010093466189963124,8612.558759052197,1.171947440051358e-06,0,SCUC
2024-09-01 22:00:00,L27,48,49,0.04878460171287993,8763.579818910137,5.566743582070429e-06,0,SCUC
2024-09-01 22:00:00,L28,48,50,0.063030666149961,8801.693700854736,7.161197411793604e-06,0,SCUC
2024-09-01 22:00:00,L29,48,53,0.05169136514824613,8726.162381535616,5.9237225813748335e-06,0,SCUC
2024-09-01 22:00:00,L30,48,53,0.05169136514824613,8726.162381535616,5.9237225813748335e-06,0,SCUC
2024-09-01 22:00:00,L31,48,65,0.023323683360016723,8768.22278271066,2.6600240365706473e-06,0,SCUC
2024-09-01 22:00:00,L32,48,65,0.023323683360016723,8768.22278271066,2.6600240365706473e-06,0,SCUC
2024-09-01 22:00:00,L33,48,68,-0.04831852098074102,8714.302034454127,5.544737925045737e-06,0,SCUC
2024-09-01 22:00:00,L34,49,56,0.02363573805668682,8887.98699447567,2.6592903512772482e-06,0,SCUC
2024-09-01 22:00:00,L35,50,51,0.02136909665562149,8961.78932951385,2.3844676403234193e-06,0,SCUC
2024-09-01 22:00:00,L36,50,57,0.016512705838146288,8904.057193062856,1.8545147992772692e-06,0,SCUC
2024-09-01 22:00:00,L37,51,52,-0.0037797670005716294,8980.239913273395,4.208982206572099e-07,0,SCUC
2024-09-01 22:00:00,L38,52,53,-0.028928630656764747,8817.309997756947,3.280890732448327e-06,0,SCUC
2024-09-01 22:00:00,L39,53,54,0.018613524909931956,8771.109043043374,2.122140406485414e-06,0,SCUC
2024-09-01 22:00:00,L40,53,55,0.01921584902181428,8793.374479895738,2.185264492686785e-06,0,SCUC
2024-09-01 22:00:00,L41,53,58,0.01147586205178841,8814.378693745572,1.3019479251477305e-06,0,SCUC
2024-09-01 22:00:00,L42,54,55,0.0006023241118823242,8823.401289071366,6.826439058465591e-08,0,SCUC
2024-09-01 22:00:00,L43,54,58,-0.007137662858143545,8842.59682597801,8.07190805892488e-07,0,SCUC
2024-09-01 22:00:00,L44,55,56,0.0015131255995063004,8880.454305444073,1.7038830981639014e-07,0,SCUC
2024-09-01 22:00:00,L45,55,57,0.00863615781804683,8874.17590961829,9.731785695938837e-07,0,SCUC
2024-09-01 22:00:00,L46,55,58,-0.0077399869700258694,8870.745660243276,8.725294655571946e-07,0,SCUC
2024-09-01 22:00:00,L47,55,58,-0.0077399869700258694,8870.745660243276,8.725294655571946e-07,0,SCUC
2024-09-01 22:00:00,L48,58,59,0.0014661357806020625,8923.758605129855,1.6429576879850257e-07,0,SCUC
2024-09-01 22:00:00,L49,58,60,-0.011566825023382021,8975.808308272744,1.2886666722506998e-06,0,SCUC
2024-09-01 22:00:00,L50,59,60,-0.013032960803984084,9013.527191804465,1.4459334871518756e-06,0,SCUC
2024-09-01 22:00:00,L51,59,61,-0.01064976707160692,8991.095439830888,1.1844793710483879e-06,0,SCUC
2024-09-01 22:00:00,L52,60,61,0.0023831937323771646,8998.593479878899,2.6484069290451345e-07,0,SCUC
2024-09-01 22:00:00,L53,61,65,-0.030659912549012958,8869.924479332287,3.45661483594965e-06,0,SCUC
2024-09-01 22:00:00,L54,61,66,-0.002755524446409894,8974.786163256958,3.0702953767200527e-07,0,SCUC
2024-09-01 22:00:00,L55,62,58,0.02618994915981829,9151.63623,2.8617777741170433e-06,0,SCUC
2024-09-01 22:00:00,L56,62,63,-0.025910368608092017,9055.053998632286,2.861426183875395e-06,0,SCUC
2024-09-01 22:00:00,L57,63,60,0.026703399008017076,9286.462845,2.87551885510366e-06,0,SCUC
2024-09-01 22:00:00,L58,63,64,-0.0523341870643827,9024.718813502743,5.798982566202564e-06,0,SCUC
2024-09-01 22:00:00,L59,64,65,0.03706579758777584,9114.030585,4.066894141081691e-06,0,SCUC
2024-09-01 22:00:00,L60,64,67,0.01495098706054988,9280.0422,1.6110904172989516e-06,0,SCUC
2024-09-01 22:00:00,L61,65,66,0.02790438810260301,8873.787841002126,3.144585897542908e-06,0,SCUC
2024-09-01 22:00:00,L62,67,68,-0.015273557326467901,9057.648105,1.6862608427055802e-06,0,SCUC
2024-09-01 22:00:00,L63,68,69,-0.1530698091714105,8420.516767526793,1.817819658785252e-05,0,SCUC
2024-09-01 22:00:00,L64,68,74,-0.02267246713617732,8644.20367576129,2.622852027394018e-06,0,SCUC
2024-09-01 22:00:00,L65,68,76,0.07348845377163604,8772.21088072141,8.377415314210104e-06,0,SCUC
2024-09-01 22:00:00,L66,69,70,-0.08059989812598999,8288.746682949235,9.724015126652608e-06,0,SCUC
2024-09-01 22:00:00,L67,69,73,0.07414046795886751,8248.720177110687,8.988117716079078e-06,0,SCUC
2024-09-01 22:00:00,L68,69,74,0.13039734203523318,8303.48289566836,1.5703933358284746e-05,0,SCUC
2024-09-01 22:00:00,L69,70,71,-0.09820391145676557,8396.647082734396,1.1695610222644387e-05,0,SCUC
2024-09-01 22:00:00,L70,70,72,0.017883593882501863,8300.53773206355,2.1545102811135492e-06,0,SCUC
2024-09-01 22:00:00,L71,73,74,0.05625687407636565,8383.76805553548,6.710213558355947e-06,0,SCUC
2024-09-01 22:00:00,L72,74,76,0.09616092090781336,8777.463666633046,1.0955433660564477e-05,0,SCUC
2024-09-01 22:00:00,L73,74,117,0.049937234185106316,8669.909756683744,5.759833214712421e-06,0,SCUC
2024-09-01 22:00:00,L74,75,76,0.014170046420102594,8849.57513127223,1.6012120593257774e-06,0,SCUC
2024-09-01 22:00:00,L75,75,117,-0.03205364030260446,8849.727586800007,3.621991749261833e-06,0,SCUC
2024-09-01 22:00:00,L76,76,77,0.031978424012330385,8947.739166669726,3.5739110647581035e-06,0,SCUC
2024-09-01 22:00:00,L77,76,79,0.04228449038948562,8937.334076898851,4.7312196260831544e-06,0,SCUC
2024-09-01 22:00:00,L78,76,79,0.04228449038948562,8937.334076898851,4.7312196260831544e-06,0,SCUC
2024-09-01 22:00:00,L79,76,81,0.04938842242574811,9010.679045353694,5.48109883585466e-06,0,SCUC
2024-09-01 22:00:00,L80,77,78,0.014094830129828522,9077.704039202454,1.5526866781467422e-06,0,SCUC
2024-09-01 22:00:00,L81,78,79,-0.003788763752673341,9054.024923819781,4.1846182052201686e-07,0,SCUC
2024-09-01 22:00:00,L82,79,95,0.020725166697006858,9128.405896883849,2.2704037190197447e-06,0,SCUC
2024-09-01 22:00:00,L83,79,96,0.01930438028975438,9101.393549280201,2.1210356617620495e-06,0,SCUC
2024-09-01 22:00:00,L84,79,97,0.017883593882501863,9012.071934493852,1.984404253815609e-06,0,SCUC
2024-09-01 22:00:00,L85,79,98,0.017883593882501863,9002.539999109344,1.9865053511865713e-06,0,SCUC
2024-09-01 22:00:00,L86,80,67,-0.012620531056242274,9251.58069,1.3641486227195487e-06,0,SCUC
2024-09-01 22:00:00,L87,80,79,0.012900111607968548,9325.39905,1.3833307871118445e-06,0,SCUC
2024-09-01 22:00:00,L88,81,82,0.017883593882501863,9213.04296908937,1.9411169515330612e-06,0,SCUC
2024-09-01 22:00:00,L89,81,95,0.013621234660744386,9184.277382916272,1.4831035793933363e-06,0,SCUC
2024-09-01 22:00:00,L90,93,95,-0.017883593882501863,9263.426056121772,1.9305593604521104e-06,0,SCUC
2024-09-01 22:00:00,L91,95,96,-0.0014207864072525167,9190.618146912511,1.545909518316583e-07,0,SCUC
2024-09-01 22:00:00,L92,115,67,-0.017883593882501863,9110.738835,1.9629136787238245e-06,0,SCUC
2024-09-01 23:00:00,L0,22,23,-0.035181994763856465,8557.522313524194,4.1112361119123595e-06,0,SCUC
2024-09-01 23:00:00,L1,23,69,0.709762003644954,8369.11500037696,8.480729487084179e-05,0,SCUC
2024-09-01 23:00:00,L2,23,71,0.25078977301857064,8529.657600924333,2.9402091473331043e-05,0,SCUC
2024-09-01 23:00:00,L3,29,37,0.0020361879979141164,9183.584403244553,2.2172039897566934e-07,0,SCUC
2024-09-01 23:00:00,L4,32,36,-0.035181994763856465,9313.067654905435,3.777702049155113e-06,0,SCUC
2024-09-01 23:00:00,L5,33,36,0.03191922580332296,9273.203999289743,3.442092485592653e-06,0,SCUC
2024-09-01 23:00:00,L6,33,42,0.014778706825484128,9195.177953152428,1.607223579660845e-06,0,SCUC
2024-09-01 23:00:00,L7,34,36,-0.035181994763856465,9316.885972896613,3.776153842196097e-06,0,SCUC
2024-09-01 23:00:00,L8,36,38,0.012818267228424877,9178.102934041248,1.396614019317913e-06,0,SCUC
2024-09-01 23:00:00,L9,36,39,-0.009545460307006648,9126.773929756948,1.0458745204463338e-06,0,SCUC
2024-09-01 23:00:00,L10,37,36,0.039681382647893906,9455.450895,4.196667413171935e-06,0,SCUC
2024-09-01 23:00:00,L11,37,64,-0.03560900665206567,9061.519498969434,3.9296948658682996e-06,0,SCUC
2024-09-01 23:00:00,L12,38,39,-0.022363727535431588,9163.404835204066,2.4405478026589397e-06,0,SCUC
2024-09-01 23:00:00,L13,39,40,-0.010636395947479178,9060.431520884833,1.173939223861651e-06,0,SCUC
2024-09-01 23:00:00,L14,39,41,-0.05645478665881476,8928.082798281388,6.32328215747305e-06,0,SCUC
2024-09-01 23:00:00,L15,40,41,-0.045818390711335644,8867.02435940614,5.1672792195198484e-06,0,SCUC
2024-09-01 23:00:00,L16,41,48,-0.06872758606700358,8724.748703005307,7.877314110299799e-06,0,SCUC
2024-09-01 23:00:00,L17,41,48,-0.06872758606700358,8724.748703005307,7.877314110299799e-06,0,SCUC
2024-09-01 23:00:00,L18,42,43,-0.020403287938372337,9065.968428461876,2.2505359575616724e-06,0,SCUC
2024-09-01 23:00:00,L19,43,44,-0.0555852827022288,8884.508236523636,6.256427617875497e-06,0,SCUC
2024-09-01 23:00:00,L20,44,45,-0.049168534051701185,8735.399800559642,5.62865297230599e-06,0,SCUC
2024-09-01 23:00:00,L21,44,48,-0.0415987434143843,8713.45313435627,4.7740824186411964e-06,0,SCUC
2024-09-01 23:00:00,L22,45,46,-0.1057264215161442,8604.80778142401,1.2286901021122813e-05,0,SCUC
2024-09-01 23:00:00,L23,45,47,0.021375892700586645,8622.454508764358,2.479096025251158e-06,0,SCUC
2024-09-01 23:00:00,L24,46,48,0.11329621215346108,8616.654268912062,1.3148515493098212e-05,0,SCUC
2024-09-01 23:00:00,L25,46,68,-0.25420462843346225,8637.907955443714,2.9428957769023162e-05,0,SCUC
2024-09-01 23:00:00,L26,47,48,-0.01380610206326982,8612.558759052197,1.6030197818690025e-06,0,SCUC
2024-09-01 23:00:00,L27,48,49,0.04458589918756854,8763.579818910137,5.087635430827099e-06,0,SCUC
2024-09-01 23:00:00,L28,48,50,0.05734041210539775,8801.693700854736,6.5147020623802675e-06,0,SCUC
2024-09-01 23:00:00,L29,48,53,0.0497913898659923,8726.162381535616,5.70598937871588e-06,0,SCUC
2024-09-01 23:00:00,L30,48,53,0.0497913898659923,8726.162381535616,5.70598937871588e-06,0,SCUC
2024-09-01 23:00:00,L31,48,65,0.032389916990278156,8768.22278271066,3.6940116364453216e-06,0,SCUC
2024-09-01 23:00:00,L32,48,65,0.032389916990278156,8768.22278271066,3.6940116364453216e-06,0,SCUC
2024-09-01 23:00:00,L33,48,68,-0.36750084058692334,8714.302034454127,4.217214862807357e-05,0,SCUC
2024-09-01 23:00:00,L34,49,56,0.022937789064355937,8887.98699447567,2.580763122022222e-06,0,SCUC
2024-09-01 23:00:00,L35,50,51,0.019131769376744146,8961.78932951385,2.1348157910538595e-06,0,SCUC
2024-09-01 23:00:00,L36,50,57,0.016560532605441273,8904.057193062856,1.859886144750235e-06,0,SCUC
2024-09-01 23:00:00,L37,51,52,-0.0025163407464684623,8980.239913273395,2.8020863259445244e-07,0,SCUC
2024-09-01 23:00:00,L38,52,53,-0.02416445086968107,8817.309997756947,2.7405695020168638e-06,0,SCUC
2024-09-01 23:00:00,L39,53,54,0.01885458221557612,8771.109043043374,2.149623510898003e-06,0,SCUC
2024-09-01 23:00:00,L40,53,55,0.019021977327075446,8793.374479895738,2.16321701874125e-06,0,SCUC
2024-09-01 23:00:00,L41,53,58,0.015893659196439813,8814.378693745572,1.803151390320624e-06,0,SCUC
2024-09-01 23:00:00,L42,54,55,0.0001673951114993244,8823.401289071366,1.897172145016904e-08,0,SCUC
2024-09-01 23:00:00,L43,54,58,-0.002960923019136308,8842.59682597801,3.3484767850521376e-07,0,SCUC
2024-09-01 23:00:00,L44,55,56,-0.0012896789411433278,8880.454305444073,1.452266851204564e-07,0,SCUC
2024-09-01 23:00:00,L45,55,57,0.005087577517771336,8874.17590961829,5.733014050642331e-07,0,SCUC
2024-09-01 23:00:00,L46,55,58,-0.0031283181306356322,8870.745660243276,3.526555997040997e-07,0,SCUC
2024-09-01 23:00:00,L47,55,58,-0.0031283181306356322,8870.745660243276,3.526555997040997e-07,0,SCUC
2024-09-01 23:00:00,L48,58,59,0.0035259410474797193,8923.758605129855,3.9511838043812833e-07,0,SCUC
2024-09-01 23:00:00,L49,58,60,-0.0055114250126167,8975.808308272744,6.14031051391436e-07,0,SCUC
2024-09-01 23:00:00,L50,59,60,-0.009037366060096419,9013.527191804465,1.0026447879708654e-06,0,SCUC
2024-09-01 23:00:00,L51,59,61,-0.009084803015636522,8991.095439830888,1.0104222646097722e-06,0,SCUC
2024-09-01 23:00:00,L52,60,61,-4.74369555401033e-05,8998.593479878899,5.271596682989806e-09,0,SCUC
2024-09-01 23:00:00,L53,61,65,-0.02773627010399715,8869.924479332287,3.127001832836923e-06,0,SCUC
2024-09-01 23:00:00,L54,61,66,-0.0030440799903922976,8974.786163256958,3.3918133925628796e-07,0,SCUC
2024-09-01 23:00:00,L55,62,58,0.012986526242039298,9151.63623,1.4190387287759685e-06,0,SCUC
2024-09-01 23:00:00,L56,62,63,-0.010950338244125182,9055.053998632286,1.2093067855563498e-06,0,SCUC
2024-09-01 23:00:00,L57,63,60,0.012465166119258186,9286.462845,1.3422942973351428e-06,0,SCUC
2024-09-01 23:00:00,L58,63,64,-0.021379316365468748,9024.718813502743,2.368973128944595e-06,0,SCUC
2024-09-01 23:00:00,L59,64,65,0.00929673636025885,9114.030585,1.020046649345192e-06,0,SCUC
2024-09-01 23:00:00,L60,64,67,-0.06424887137987874,9280.0422,6.923338277478818e-06,0,SCUC
2024-09-01 23:00:00,L61,65,66,0.024692190113604906,8873.787841002126,2.7825986552791407e-06,0,SCUC
2024-09-01 23:00:00,L62,67,68,-0.05436816977407549,9057.648105,6.0024599260003475e-06,0,SCUC
2024-09-01 23:00:00,L63,68,69,-0.4734110964721634,8420.516767526793,5.622114527434282e-05,0,SCUC
2024-09-01 23:00:00,L64,68,74,-0.18201590921939148,8644.20367576129,2.1056411445946344e-05,0,SCUC
2024-09-01 23:00:00,L65,68,76,-0.01861044510498666,8772.21088072141,2.121522767525645e-06,0,SCUC
2024-09-01 23:00:00,L66,69,70,-0.22306362541070343,8288.746682949235,2.691162294410169e-05,0,SCUC
2024-09-01 23:00:00,L67,69,73,0.1531381775278313,8248.720177110687,1.8565083338961274e-05,0,SCUC
2024-09-01 23:00:00,L68,69,74,0.2913951872527719,8303.48289566836,3.5093127897545586e-05,0,SCUC
2024-09-01 23:00:00,L69,70,71,-0.23590860521567997,8396.647082734396,2.809557230299306e-05,0,SCUC
2024-09-01 23:00:00,L70,70,72,0.01488116780289069,8300.53773206355,1.7927956336379625e-06,0,SCUC
2024-09-01 23:00:00,L71,73,74,0.1382570097249406,8383.76805553548,1.6491034676663652e-05,0,SCUC
2024-09-01 23:00:00,L72,74,76,0.16340546411440482,8777.463666633046,1.8616478554685448e-05,0,SCUC
2024-09-01 23:00:00,L73,74,117,0.06934965584102563,8669.909756683744,7.998890160023072e-06,0,SCUC
2024-09-01 23:00:00,L74,75,76,0.03958732023524425,8849.57513127223,4.473358285343255e-06,0,SCUC
2024-09-01 23:00:00,L75,75,117,-0.05446848803813494,8849.727586800007,6.154820869218453e-06,0,SCUC
2024-09-01 23:00:00,L76,76,77,0.03047720645008593,8947.739166669726,3.4061348774686393e-06,0,SCUC
2024-09-01 23:00:00,L77,76,79,0.04678811594158572,8937.334076898851,5.235131140786519e-06,0,SCUC
2024-09-01 23:00:00,L78,76,79,0.04678811594158572,8937.334076898851,5.235131140786519e-06,0,SCUC
2024-09-01 23:00:00,L79,76,81,0.04544773310851473,9010.679045353694,5.043763392277255e-06,0,SCUC
2024-09-01 23:00:00,L80,77,78,0.01559603864719524,9077.704039202454,1.7180598287676133e-06,0,SCUC
2024-09-01 23:00:00,L81,78,79,0.0007148708443045493,9054.024923819781,7.895613832736768e-08,0,SCUC
2024-09-01 23:00:00,L82,79,95,0.014345014669662426,9128.405896883849,1.5714698526452864e-06,0,SCUC
2024-09-01 23:00:00,L83,79,96,0.014613091236276595,9101.393549280201,1.6055883263538577e-06,0,SCUC
2024-09-01 23:00:00,L84,79,97,0.01488116780289069,9012.071934493852,1.65124822694022e-06,0,SCUC
2024-09-01 23:00:00,L85,79,98,0.01488116780289069,9002.539999109344,1.6529965770063719e-06,0,SCUC
2024-09-01 23:00:00,L86,80,67,0.02272568141077974,9251.58069,2.456410658055855e-06,0,SCUC
2024-09-01 23:00:00,L87,80,79,-0.020689493412865623,9325.39905,2.218617487780925e-06,0,SCUC
2024-09-01 23:00:00,L88,81,82,0.01488116780289069,9213.04296908937,1.6152283076089425e-06,0,SCUC
2024-09-01 23:00:00,L89,81,95,0.015685397502733345,9184.277382916272,1.7078531983267233e-06,0,SCUC
2024-09-01 23:00:00,L90,93,95,-0.01488116780289069,9263.426056121772,1.6064432006834459e-06,0,SCUC
2024-09-01 23:00:00,L91,95,96,0.00026807656661409496,9190.618146912511,2.9168502306251553e-08,0,SCUC
2024-09-01 23:00:00,L92,115,67,-0.01488116780289069,9110.738835,1.6333656438183578e-06,0,SCUC
